auxiliary_sequence_id	same_orientation	sigma_candidates	source	status	tju_sequence_id
dbtbs_bsub_core_0ba2ad2fd14630a8	True	"[""SigF""]"	dbtbs_bsub	exact_source_mapping_candidate_not_independent_validation	tjupan_bacillus_subtilis_main_0ba2ad2fd14630a8
dbtbs_bsub_core_c2d54a415a7d048a	True	"[""SigW"", ""SigX""]"	dbtbs_bsub	exact_source_mapping_candidate_not_independent_validation	tjupan_bacillus_subtilis_main_c2d54a415a7d048a
dbtbs_bsub_core_89ecb38b4ff0148f	True	"[""SigA""]"	dbtbs_bsub	exact_source_mapping_candidate_not_independent_validation	tjupan_bacillus_subtilis_main_0dc2e54e8f0778d4
dbtbs_bsub_core_c9a32e1db5125d7c	True	"[""SigA""]"	dbtbs_bsub	exact_source_mapping_candidate_not_independent_validation	tjupan_bacillus_subtilis_main_c9a32e1db5125d7c
dbtbs_bsub_core_2c8e4076a462c87c	True	"[""SigA""]"	dbtbs_bsub	exact_source_mapping_candidate_not_independent_validation	tjupan_bacillus_subtilis_main_2c8e4076a462c87c
dbtbs_bsub_core_90a64d4511c49526	True	"[""SigG""]"	dbtbs_bsub	exact_source_mapping_candidate_not_independent_validation	tjupan_bacillus_subtilis_main_90a64d4511c49526
dbtbs_bsub_core_6f408d5e786e413f	True	"[""SigE""]"	dbtbs_bsub	exact_source_mapping_candidate_not_independent_validation	tjupan_bacillus_subtilis_main_6f408d5e786e413f
dbtbs_bsub_core_f5fed123a3ffd242	True	"[""SigB""]"	dbtbs_bsub	exact_source_mapping_candidate_not_independent_validation	tjupan_bacillus_subtilis_main_f5fed123a3ffd242
dbtbs_bsub_core_f452c4bef1ed8b92	True	"[""SigG""]"	dbtbs_bsub	exact_source_mapping_candidate_not_independent_validation	tjupan_bacillus_subtilis_main_f452c4bef1ed8b92
dbtbs_bsub_core_89a40bf9e0650967	True	"[""SigH""]"	dbtbs_bsub	exact_source_mapping_candidate_not_independent_validation	tjupan_bacillus_subtilis_main_89a40bf9e0650967
dbtbs_bsub_core_c190339743385950	True	"[""SigA""]"	dbtbs_bsub	exact_source_mapping_candidate_not_independent_validation	tjupan_bacillus_subtilis_main_9ab6c96db0706f0e
dbtbs_bsub_core_150dcd3daf63d162	True	"[""SigE""]"	dbtbs_bsub	exact_source_mapping_candidate_not_independent_validation	tjupan_bacillus_subtilis_main_150dcd3daf63d162
dbtbs_bsub_core_e445a9d379a1812a	True	"[""SigA""]"	dbtbs_bsub	exact_source_mapping_candidate_not_independent_validation	tjupan_bacillus_subtilis_main_e445a9d379a1812a
dbtbs_bsub_core_0cc8abc9b551141c	True	"[""SigA""]"	dbtbs_bsub	exact_source_mapping_candidate_not_independent_validation	tjupan_bacillus_subtilis_main_0cc8abc9b551141c
dbtbs_bsub_core_5d3712ff0aeb1916	True	"[""SigA""]"	dbtbs_bsub	exact_source_mapping_candidate_not_independent_validation	tjupan_bacillus_subtilis_main_682dcc155b9eb236
dbtbs_bsub_core_cd5426fc6bacf792	True	"[""SigA""]"	dbtbs_bsub	exact_source_mapping_candidate_not_independent_validation	tjupan_bacillus_subtilis_main_cd5426fc6bacf792
dbtbs_bsub_core_003aab288e2535c0	True	"[""SigH""]"	dbtbs_bsub	exact_source_mapping_candidate_not_independent_validation	tjupan_bacillus_subtilis_main_003aab288e2535c0
dbtbs_bsub_core_fde7c2aaac5c57ce	True	"[""SigA""]"	dbtbs_bsub	exact_source_mapping_candidate_not_independent_validation	tjupan_bacillus_subtilis_main_fde7c2aaac5c57ce
dbtbs_bsub_core_dc5af08cd1bffe94	True	"[""SigH""]"	dbtbs_bsub	exact_source_mapping_candidate_not_independent_validation	tjupan_bacillus_subtilis_main_0a71b8cbf4011c3b
dbtbs_bsub_core_94e9d8c40cf791b3	True	"[""SigW""]"	dbtbs_bsub	exact_source_mapping_candidate_not_independent_validation	tjupan_bacillus_subtilis_main_79d6d17268b5d0ce
dbtbs_bsub_core_e365baa66d245063	True	"[""SigB""]"	dbtbs_bsub	exact_source_mapping_candidate_not_independent_validation	tjupan_bacillus_subtilis_main_10eb69ed5f79bca3
dbtbs_bsub_core_b24feeda89db5dfd	True	"[""SigA""]"	dbtbs_bsub	exact_source_mapping_candidate_not_independent_validation	tjupan_bacillus_subtilis_main_b24feeda89db5dfd
dbtbs_bsub_core_66bdec0f6e49230b	True	"[""SigA""]"	dbtbs_bsub	exact_source_mapping_candidate_not_independent_validation	tjupan_bacillus_subtilis_main_66bdec0f6e49230b
dbtbs_bsub_core_eba4a3762545b3d4	True	"[""SigA""]"	dbtbs_bsub	exact_source_mapping_candidate_not_independent_validation	tjupan_bacillus_subtilis_main_eba4a3762545b3d4
dbtbs_bsub_core_514b8f929bc7e41e	True	"[""SigF"", ""SigG""]"	dbtbs_bsub	exact_source_mapping_candidate_not_independent_validation	tjupan_bacillus_subtilis_main_5eebd9bba725e769
dbtbs_bsub_core_392493dcd47df6e8	True	"[""SigA""]"	dbtbs_bsub	exact_source_mapping_candidate_not_independent_validation	tjupan_bacillus_subtilis_main_392493dcd47df6e8
dbtbs_bsub_core_b15e4e0770f6de99	True	"[""SigA""]"	dbtbs_bsub	exact_source_mapping_candidate_not_independent_validation	tjupan_bacillus_subtilis_main_1e426ad9e4de8b98
dbtbs_bsub_core_f2d1e33176b05430	True	"[""SigH""]"	dbtbs_bsub	exact_source_mapping_candidate_not_independent_validation	tjupan_bacillus_subtilis_main_f2d1e33176b05430
dbtbs_bsub_core_adbf75412ef7d5a0	True	"[""SigG""]"	dbtbs_bsub	exact_source_mapping_candidate_not_independent_validation	tjupan_bacillus_subtilis_main_adbf75412ef7d5a0
dbtbs_bsub_core_ab3313558a015086	True	"[""SigA""]"	dbtbs_bsub	exact_source_mapping_candidate_not_independent_validation	tjupan_bacillus_subtilis_main_ab3313558a015086
dbtbs_bsub_core_24d902b4a53f2d5d	True	"[""SigE""]"	dbtbs_bsub	exact_source_mapping_candidate_not_independent_validation	tjupan_bacillus_subtilis_main_75e25364ef268041
dbtbs_bsub_core_406595c5fb599c06	True	"[""SigE""]"	dbtbs_bsub	exact_source_mapping_candidate_not_independent_validation	tjupan_bacillus_subtilis_main_406595c5fb599c06
dbtbs_bsub_core_39acf3daf47ccd69	True	"[""SigA""]"	dbtbs_bsub	exact_source_mapping_candidate_not_independent_validation	tjupan_bacillus_subtilis_main_edce5d598636e106
dbtbs_bsub_core_b928ebfb52e4cb48	True	"[""SigA""]"	dbtbs_bsub	exact_source_mapping_candidate_not_independent_validation	tjupan_bacillus_subtilis_main_6361ce51efe0f541
dbtbs_bsub_core_92b4b76a8a2e8dbc	True	"[""SigA""]"	dbtbs_bsub	exact_source_mapping_candidate_not_independent_validation	tjupan_bacillus_subtilis_main_297733e5bcb8adb4
dbtbs_bsub_core_49fc6b8175a85db6	True	"[""SigX""]"	dbtbs_bsub	exact_source_mapping_candidate_not_independent_validation	tjupan_bacillus_subtilis_main_af51a9f7939c4cfb
dbtbs_bsub_core_0bfdb592513badc4	True	"[""SigA""]"	dbtbs_bsub	exact_source_mapping_candidate_not_independent_validation	tjupan_bacillus_subtilis_main_b7c0eae7293a1bfc
dbtbs_bsub_core_a26ee3e07cf1eedf	True	"[""SigF""]"	dbtbs_bsub	exact_source_mapping_candidate_not_independent_validation	tjupan_bacillus_subtilis_main_a26ee3e07cf1eedf
dbtbs_bsub_core_66a79c370c059251	True	"[""SigA""]"	dbtbs_bsub	exact_source_mapping_candidate_not_independent_validation	tjupan_bacillus_subtilis_main_89e75db25f32c6c9
dbtbs_bsub_core_f246415af5cfc524	True	"[""SigA""]"	dbtbs_bsub	exact_source_mapping_candidate_not_independent_validation	tjupan_bacillus_subtilis_main_f246415af5cfc524
dbtbs_bsub_core_a17af317a6534d5f	True	"[""SigA""]"	dbtbs_bsub	exact_source_mapping_candidate_not_independent_validation	tjupan_bacillus_subtilis_main_a17af317a6534d5f
dbtbs_bsub_core_e391b9fe5a0b653f	True	"[""SigE""]"	dbtbs_bsub	exact_source_mapping_candidate_not_independent_validation	tjupan_bacillus_subtilis_main_d24ab9ea2522f43e
dbtbs_bsub_core_585820026d8d814d	True	"[""SigH""]"	dbtbs_bsub	exact_source_mapping_candidate_not_independent_validation	tjupan_bacillus_subtilis_main_a92ee416463b3fc1
dbtbs_bsub_core_ade9dc791ab39f6c	True	"[""SigA""]"	dbtbs_bsub	exact_source_mapping_candidate_not_independent_validation	tjupan_bacillus_subtilis_main_ade9dc791ab39f6c
dbtbs_bsub_core_ef6dc517178d6adf	True	"[""SigA""]"	dbtbs_bsub	exact_source_mapping_candidate_not_independent_validation	tjupan_bacillus_subtilis_main_ef6dc517178d6adf
dbtbs_bsub_core_256978383d162d01	True	"[""SigA""]"	dbtbs_bsub	exact_source_mapping_candidate_not_independent_validation	tjupan_bacillus_subtilis_main_256978383d162d01
dbtbs_bsub_core_d52b0eed3ebbab2d	True	"[""SigA""]"	dbtbs_bsub	exact_source_mapping_candidate_not_independent_validation	tjupan_bacillus_subtilis_main_3ab27dce0b1876ca
dbtbs_bsub_core_db8af39a8e3babd7	True	"[""SigA""]"	dbtbs_bsub	exact_source_mapping_candidate_not_independent_validation	tjupan_bacillus_subtilis_main_03892b42575488ff
dbtbs_bsub_core_962b839f321a2605	True	"[""SigA""]"	dbtbs_bsub	exact_source_mapping_candidate_not_independent_validation	tjupan_bacillus_subtilis_main_962b839f321a2605
dbtbs_bsub_core_9a6d97baf1c02d30	True	"[""SigA""]"	dbtbs_bsub	exact_source_mapping_candidate_not_independent_validation	tjupan_bacillus_subtilis_main_9a6d97baf1c02d30
dbtbs_bsub_core_bd96a60828361996	True	"[""SigA""]"	dbtbs_bsub	exact_source_mapping_candidate_not_independent_validation	tjupan_bacillus_subtilis_main_55935e0c215d1239
dbtbs_bsub_core_ba3becfc7c3e4e17	True	"[""SigE""]"	dbtbs_bsub	exact_source_mapping_candidate_not_independent_validation	tjupan_bacillus_subtilis_main_54fd4c2966482e2c
dbtbs_bsub_core_ef1d1fbaad689e40	True	"[""SigE""]"	dbtbs_bsub	exact_source_mapping_candidate_not_independent_validation	tjupan_bacillus_subtilis_main_ef1d1fbaad689e40
dbtbs_bsub_core_50224837ca8eceb5	True	"[""SigG""]"	dbtbs_bsub	exact_source_mapping_candidate_not_independent_validation	tjupan_bacillus_subtilis_main_50224837ca8eceb5
dbtbs_bsub_core_9b12482ac6eea2d4	True	"[""SigE""]"	dbtbs_bsub	exact_source_mapping_candidate_not_independent_validation	tjupan_bacillus_subtilis_main_e28ceade6e8616fa
dbtbs_bsub_core_272e2f2c83a48fab	True	"[""SigA""]"	dbtbs_bsub	exact_source_mapping_candidate_not_independent_validation	tjupan_bacillus_subtilis_main_272e2f2c83a48fab
dbtbs_bsub_core_10eda96ea4199e8c	True	"[""SigA""]"	dbtbs_bsub	exact_source_mapping_candidate_not_independent_validation	tjupan_bacillus_subtilis_main_10eda96ea4199e8c
dbtbs_bsub_core_d9da0a0033167763	True	"[""SigK""]"	dbtbs_bsub	exact_source_mapping_candidate_not_independent_validation	tjupan_bacillus_subtilis_main_d9da0a0033167763
dbtbs_bsub_core_61d216a2a24189d0	True	"[""SigA""]"	dbtbs_bsub	exact_source_mapping_candidate_not_independent_validation	tjupan_bacillus_subtilis_main_61d216a2a24189d0
dbtbs_bsub_core_238ba8da2c883516	True	"[""SigE""]"	dbtbs_bsub	exact_source_mapping_candidate_not_independent_validation	tjupan_bacillus_subtilis_main_238ba8da2c883516
dbtbs_bsub_core_dbf995194ebf2b2d	True	"[""SigA""]"	dbtbs_bsub	exact_source_mapping_candidate_not_independent_validation	tjupan_bacillus_subtilis_main_dbf995194ebf2b2d
dbtbs_bsub_core_f1028676a1f89b0e	True	"[""SigM""]"	dbtbs_bsub	exact_source_mapping_candidate_not_independent_validation	tjupan_bacillus_subtilis_main_de399adaaafe5be7
dbtbs_bsub_core_c890b4346c03f247	True	"[""SigA""]"	dbtbs_bsub	exact_source_mapping_candidate_not_independent_validation	tjupan_bacillus_subtilis_main_8b7394af6b78d50f
dbtbs_bsub_core_9daaa0d103ffad86	True	"[""SigA""]"	dbtbs_bsub	exact_source_mapping_candidate_not_independent_validation	tjupan_bacillus_subtilis_main_9daaa0d103ffad86
dbtbs_bsub_core_20bbba0ce59de449	True	"[""SigL""]"	dbtbs_bsub	exact_source_mapping_candidate_not_independent_validation	tjupan_bacillus_subtilis_main_20bbba0ce59de449
dbtbs_bsub_core_07bcce23a89f64fb	True	"[""SigA""]"	dbtbs_bsub	exact_source_mapping_candidate_not_independent_validation	tjupan_bacillus_subtilis_main_76885f00c763f220
dbtbs_bsub_core_79220287475133e5	True	"[""SigA""]"	dbtbs_bsub	exact_source_mapping_candidate_not_independent_validation	tjupan_bacillus_subtilis_main_79220287475133e5
dbtbs_bsub_core_77dc78ed29025116	True	"[""SigA""]"	dbtbs_bsub	exact_source_mapping_candidate_not_independent_validation	tjupan_bacillus_subtilis_main_77dc78ed29025116
dbtbs_bsub_core_ba2dc8596ef2486c	True	"[""SigB""]"	dbtbs_bsub	exact_source_mapping_candidate_not_independent_validation	tjupan_bacillus_subtilis_main_ba2dc8596ef2486c
dbtbs_bsub_core_c956a5fd581ed80a	True	"[""SigD""]"	dbtbs_bsub	exact_source_mapping_candidate_not_independent_validation	tjupan_bacillus_subtilis_main_3ab41c1b83ba019b
dbtbs_bsub_core_5bcaee6240f23d4b	True	"[""SigA""]"	dbtbs_bsub	exact_source_mapping_candidate_not_independent_validation	tjupan_bacillus_subtilis_main_6406719b10941769
dbtbs_bsub_core_f7751f4d985a025a	True	"[""SigH""]"	dbtbs_bsub	exact_source_mapping_candidate_not_independent_validation	tjupan_bacillus_subtilis_main_f7751f4d985a025a
dbtbs_bsub_core_ad6e1b40396f6528	True	"[""SigA""]"	dbtbs_bsub	exact_source_mapping_candidate_not_independent_validation	tjupan_bacillus_subtilis_main_ad6e1b40396f6528
dbtbs_bsub_core_f039c4e5fee11aa3	True	"[""SigA""]"	dbtbs_bsub	exact_source_mapping_candidate_not_independent_validation	tjupan_bacillus_subtilis_main_0fe342e604184137
dbtbs_bsub_core_a2bee6d81c2dad89	True	"[""SigK""]"	dbtbs_bsub	exact_source_mapping_candidate_not_independent_validation	tjupan_bacillus_subtilis_main_a2bee6d81c2dad89
dbtbs_bsub_core_13f40cc0545c5514	True	"[""SigA""]"	dbtbs_bsub	exact_source_mapping_candidate_not_independent_validation	tjupan_bacillus_subtilis_main_13f40cc0545c5514
dbtbs_bsub_core_b578e9e0d96d144a	True	"[""SigG""]"	dbtbs_bsub	exact_source_mapping_candidate_not_independent_validation	tjupan_bacillus_subtilis_main_b578e9e0d96d144a
dbtbs_bsub_core_17e47e1a392f38fd	True	"[""SigH""]"	dbtbs_bsub	exact_source_mapping_candidate_not_independent_validation	tjupan_bacillus_subtilis_main_685b7808374fca25
dbtbs_bsub_core_1373e064636d6c9b	True	"[""SigB""]"	dbtbs_bsub	exact_source_mapping_candidate_not_independent_validation	tjupan_bacillus_subtilis_main_9c67a769132d62d8
dbtbs_bsub_core_ad5b6a3a851181b1	True	"[""SigA""]"	dbtbs_bsub	exact_source_mapping_candidate_not_independent_validation	tjupan_bacillus_subtilis_main_ad5b6a3a851181b1
dbtbs_bsub_core_74093c37f51cf5dd	True	"[""SigA""]"	dbtbs_bsub	exact_source_mapping_candidate_not_independent_validation	tjupan_bacillus_subtilis_main_252782f9ab640460
dbtbs_bsub_core_16fb2108119b7eaf	True	"[""SigA""]"	dbtbs_bsub	exact_source_mapping_candidate_not_independent_validation	tjupan_bacillus_subtilis_main_f0903ae0ab41d118
dbtbs_bsub_core_691e7ded333dd616	True	"[""SigA""]"	dbtbs_bsub	exact_source_mapping_candidate_not_independent_validation	tjupan_bacillus_subtilis_main_691e7ded333dd616
dbtbs_bsub_core_2f595036325a838d	True	"[""SigH""]"	dbtbs_bsub	exact_source_mapping_candidate_not_independent_validation	tjupan_bacillus_subtilis_main_2f595036325a838d
dbtbs_bsub_core_dbd8ff77ae99e6b2	True	"[""SigA""]"	dbtbs_bsub	exact_source_mapping_candidate_not_independent_validation	tjupan_bacillus_subtilis_main_dbd8ff77ae99e6b2
dbtbs_bsub_core_993a308bb6e190e1	True	"[""SigE""]"	dbtbs_bsub	exact_source_mapping_candidate_not_independent_validation	tjupan_bacillus_subtilis_main_993a308bb6e190e1
dbtbs_bsub_core_3717e132a7502e54	True	"[""SigA""]"	dbtbs_bsub	exact_source_mapping_candidate_not_independent_validation	tjupan_bacillus_subtilis_main_3717e132a7502e54
dbtbs_bsub_core_175bcd2ea2263ee4	True	"[""SigX""]"	dbtbs_bsub	exact_source_mapping_candidate_not_independent_validation	tjupan_bacillus_subtilis_main_e47a55cd702f35e7
dbtbs_bsub_core_103f2a1ec6daa8c4	True	"[""SigA""]"	dbtbs_bsub	exact_source_mapping_candidate_not_independent_validation	tjupan_bacillus_subtilis_main_103f2a1ec6daa8c4
dbtbs_bsub_core_413a4bed9f6cfeea	True	"[""SigA""]"	dbtbs_bsub	exact_source_mapping_candidate_not_independent_validation	tjupan_bacillus_subtilis_main_62eb1c4377c084e1
dbtbs_bsub_core_954deecd8ab02ea9	True	"[""SigF"", ""SigG""]"	dbtbs_bsub	exact_source_mapping_candidate_not_independent_validation	tjupan_bacillus_subtilis_main_e2d1119cb664dabf
dbtbs_bsub_core_dc8c32e7cfbca6d1	True	"[""SigA""]"	dbtbs_bsub	exact_source_mapping_candidate_not_independent_validation	tjupan_bacillus_subtilis_main_f3423ecbff5b6537
dbtbs_bsub_core_8f7d87652de79d90	True	"[""SigA""]"	dbtbs_bsub	exact_source_mapping_candidate_not_independent_validation	tjupan_bacillus_subtilis_main_8f7d87652de79d90
dbtbs_bsub_core_6fced8053295ec76	True	"[""SigA""]"	dbtbs_bsub	exact_source_mapping_candidate_not_independent_validation	tjupan_bacillus_subtilis_main_6fced8053295ec76
dbtbs_bsub_core_42eaa371353368b2	True	"[""SigA""]"	dbtbs_bsub	exact_source_mapping_candidate_not_independent_validation	tjupan_bacillus_subtilis_main_3e1210c1f898bc48
dbtbs_bsub_core_41815df9927fe319	True	"[""SigE""]"	dbtbs_bsub	exact_source_mapping_candidate_not_independent_validation	tjupan_bacillus_subtilis_main_e6accdb752f9724f
dbtbs_bsub_core_5dd7cccc54d589c3	True	"[""SigA""]"	dbtbs_bsub	exact_source_mapping_candidate_not_independent_validation	tjupan_bacillus_subtilis_main_56bd9deba3d3b9f9
dbtbs_bsub_core_ff8c346476498240	True	"[""SigE""]"	dbtbs_bsub	exact_source_mapping_candidate_not_independent_validation	tjupan_bacillus_subtilis_main_ea59d0ddaaaaf005
dbtbs_bsub_core_7db2115bdd0ac0b7	True	"[""SigA""]"	dbtbs_bsub	exact_source_mapping_candidate_not_independent_validation	tjupan_bacillus_subtilis_main_7db2115bdd0ac0b7
dbtbs_bsub_core_7a9c3b7d79cfafb8	True	"[""SigA""]"	dbtbs_bsub	exact_source_mapping_candidate_not_independent_validation	tjupan_bacillus_subtilis_main_01ae3d26fad13b71
dbtbs_bsub_core_cb8c6e383b33abd4	True	"[""SigW""]"	dbtbs_bsub	exact_source_mapping_candidate_not_independent_validation	tjupan_bacillus_subtilis_main_cb8c6e383b33abd4
dbtbs_bsub_core_f437934750393c99	True	"[""SigE""]"	dbtbs_bsub	exact_source_mapping_candidate_not_independent_validation	tjupan_bacillus_subtilis_main_f437934750393c99
dbtbs_bsub_core_353517642ee5f1c8	True	"[""SigB""]"	dbtbs_bsub	exact_source_mapping_candidate_not_independent_validation	tjupan_bacillus_subtilis_main_353517642ee5f1c8
dbtbs_bsub_core_9a3039245c2a72a0	True	"[""SigB""]"	dbtbs_bsub	exact_source_mapping_candidate_not_independent_validation	tjupan_bacillus_subtilis_main_be4b0b7f635c0c12
dbtbs_bsub_core_3f773ca1224c0e26	True	"[""SigK""]"	dbtbs_bsub	exact_source_mapping_candidate_not_independent_validation	tjupan_bacillus_subtilis_main_b0d8a2369952b821
dbtbs_bsub_core_f8ce2fa963a01405	True	"[""SigA""]"	dbtbs_bsub	exact_source_mapping_candidate_not_independent_validation	tjupan_bacillus_subtilis_main_e1d5408a78fdd1c5
dbtbs_bsub_core_3613f20526b705b5	True	"[""SigA""]"	dbtbs_bsub	exact_source_mapping_candidate_not_independent_validation	tjupan_bacillus_subtilis_main_eb51fed06d2e921e
dbtbs_bsub_core_66bbc7d7bf0c2dea	True	"[""SigA""]"	dbtbs_bsub	exact_source_mapping_candidate_not_independent_validation	tjupan_bacillus_subtilis_main_05a868bb0a6059bb
dbtbs_bsub_core_42074f78c0199323	True	"[""SigK""]"	dbtbs_bsub	exact_source_mapping_candidate_not_independent_validation	tjupan_bacillus_subtilis_main_42074f78c0199323
dbtbs_bsub_core_f9edd67964b41200	True	"[""SigA""]"	dbtbs_bsub	exact_source_mapping_candidate_not_independent_validation	tjupan_bacillus_subtilis_main_f9edd67964b41200
dbtbs_bsub_core_866d6e8af07c9412	True	"[""SigG""]"	dbtbs_bsub	exact_source_mapping_candidate_not_independent_validation	tjupan_bacillus_subtilis_main_f3b59cc74d659ebc
dbtbs_bsub_core_f6e924d0656980ad	True	"[""SigG""]"	dbtbs_bsub	exact_source_mapping_candidate_not_independent_validation	tjupan_bacillus_subtilis_main_d0e455b1c91ba281
dbtbs_bsub_core_cc5f6c158edc4a26	True	"[""SigA""]"	dbtbs_bsub	exact_source_mapping_candidate_not_independent_validation	tjupan_bacillus_subtilis_main_cc5f6c158edc4a26
dbtbs_bsub_core_9d26dfa3049d6f00	True	"[""SigA""]"	dbtbs_bsub	exact_source_mapping_candidate_not_independent_validation	tjupan_bacillus_subtilis_main_2b2db3c55e03b737
dbtbs_bsub_core_6736f212a82e3343	True	"[""SigA""]"	dbtbs_bsub	exact_source_mapping_candidate_not_independent_validation	tjupan_bacillus_subtilis_main_8b776572d2e01c62
dbtbs_bsub_core_e5f400f6f8de25f5	True	"[""SigB""]"	dbtbs_bsub	exact_source_mapping_candidate_not_independent_validation	tjupan_bacillus_subtilis_main_0f74e2398b4ac2a6
dbtbs_bsub_core_cdccc2e2972286a4	True	"[""SigA""]"	dbtbs_bsub	exact_source_mapping_candidate_not_independent_validation	tjupan_bacillus_subtilis_main_5e8ac4f4506ef781
dbtbs_bsub_core_1c4407f77cf4bab2	True	"[""SigA""]"	dbtbs_bsub	exact_source_mapping_candidate_not_independent_validation	tjupan_bacillus_subtilis_main_a31f56ff3ee450d4
dbtbs_bsub_core_0710c2f2267154d3	True	"[""SigK""]"	dbtbs_bsub	exact_source_mapping_candidate_not_independent_validation	tjupan_bacillus_subtilis_main_0710c2f2267154d3
dbtbs_bsub_core_76636d30cbe1eec3	True	"[""SigA""]"	dbtbs_bsub	exact_source_mapping_candidate_not_independent_validation	tjupan_bacillus_subtilis_main_32aff5c8192321bb
dbtbs_bsub_core_1cd26aa95d9363dc	True	"[""SigF""]"	dbtbs_bsub	exact_source_mapping_candidate_not_independent_validation	tjupan_bacillus_subtilis_main_1cd26aa95d9363dc
dbtbs_bsub_core_c648ac4df22b0f89	True	"[""SigD""]"	dbtbs_bsub	exact_source_mapping_candidate_not_independent_validation	tjupan_bacillus_subtilis_main_c648ac4df22b0f89
dbtbs_bsub_core_e1fd6875b30f4c73	True	"[""SigA""]"	dbtbs_bsub	exact_source_mapping_candidate_not_independent_validation	tjupan_bacillus_subtilis_main_e1fd6875b30f4c73
dbtbs_bsub_core_4c8b5a3cc4c24c6c	True	"[""SigA""]"	dbtbs_bsub	exact_source_mapping_candidate_not_independent_validation	tjupan_bacillus_subtilis_main_f7fb3b6a673b2fe9
dbtbs_bsub_core_80658004858af746	True	"[""SigA""]"	dbtbs_bsub	exact_source_mapping_candidate_not_independent_validation	tjupan_bacillus_subtilis_main_80658004858af746
dbtbs_bsub_core_d9cd9789d0fb01a3	True	"[""SigA""]"	dbtbs_bsub	exact_source_mapping_candidate_not_independent_validation	tjupan_bacillus_subtilis_main_d9cd9789d0fb01a3
dbtbs_bsub_core_77a7b73eeb200478	True	"[""SigA""]"	dbtbs_bsub	exact_source_mapping_candidate_not_independent_validation	tjupan_bacillus_subtilis_main_73f2f27ec267a871
dbtbs_bsub_core_747f22d2323a8765	True	"[""SigD""]"	dbtbs_bsub	exact_source_mapping_candidate_not_independent_validation	tjupan_bacillus_subtilis_main_2330b24ab93e80ef
dbtbs_bsub_core_92b62a9d8d87ace9	True	"[""SigG""]"	dbtbs_bsub	exact_source_mapping_candidate_not_independent_validation	tjupan_bacillus_subtilis_main_92b62a9d8d87ace9
dbtbs_bsub_core_6dc10c0d490555ae	True	"[""SigA""]"	dbtbs_bsub	exact_source_mapping_candidate_not_independent_validation	tjupan_bacillus_subtilis_main_3c97e9436cb369c2
dbtbs_bsub_core_3be839d09df1dbe1	True	"[""SigA""]"	dbtbs_bsub	exact_source_mapping_candidate_not_independent_validation	tjupan_bacillus_subtilis_main_3be839d09df1dbe1
dbtbs_bsub_core_97e2f0f25b1bf8be	True	"[""SigA""]"	dbtbs_bsub	exact_source_mapping_candidate_not_independent_validation	tjupan_bacillus_subtilis_main_f361b5824d2332fc
dbtbs_bsub_core_1ee6e81d7c1d1fa1	True	"[""SigA""]"	dbtbs_bsub	exact_source_mapping_candidate_not_independent_validation	tjupan_bacillus_subtilis_main_354da8035d16f701
dbtbs_bsub_core_26df9f2bc48cdc42	True	"[""SigW""]"	dbtbs_bsub	exact_source_mapping_candidate_not_independent_validation	tjupan_bacillus_subtilis_main_d3d212d11ac8f202
dbtbs_bsub_core_975fc641de00609f	True	"[""SigA""]"	dbtbs_bsub	exact_source_mapping_candidate_not_independent_validation	tjupan_bacillus_subtilis_main_0438d7b75e1f910f
dbtbs_bsub_core_101463e41079a20e	True	"[""SigA""]"	dbtbs_bsub	exact_source_mapping_candidate_not_independent_validation	tjupan_bacillus_subtilis_main_101463e41079a20e
dbtbs_bsub_core_c3203172750b14fc	True	"[""SigA""]"	dbtbs_bsub	exact_source_mapping_candidate_not_independent_validation	tjupan_bacillus_subtilis_main_c3203172750b14fc
dbtbs_bsub_core_ec009cfbae4f5210	True	"[""SigA""]"	dbtbs_bsub	exact_source_mapping_candidate_not_independent_validation	tjupan_bacillus_subtilis_main_ec009cfbae4f5210
dbtbs_bsub_core_59b38cd2f2ea112d	True	"[""SigE""]"	dbtbs_bsub	exact_source_mapping_candidate_not_independent_validation	tjupan_bacillus_subtilis_main_59b38cd2f2ea112d
dbtbs_bsub_core_39e8d21f598046d9	True	"[""SigA""]"	dbtbs_bsub	exact_source_mapping_candidate_not_independent_validation	tjupan_bacillus_subtilis_main_7c03938b389dc368
dbtbs_bsub_core_a18a06666ab8afa6	True	"[""SigA""]"	dbtbs_bsub	exact_source_mapping_candidate_not_independent_validation	tjupan_bacillus_subtilis_main_dea64c0f5a12bfa1
dbtbs_bsub_core_721ac29c5ef7c9f0	True	"[""SigA""]"	dbtbs_bsub	exact_source_mapping_candidate_not_independent_validation	tjupan_bacillus_subtilis_main_721ac29c5ef7c9f0
dbtbs_bsub_core_b905bf06b88d4e46	True	"[""SigW""]"	dbtbs_bsub	exact_source_mapping_candidate_not_independent_validation	tjupan_bacillus_subtilis_main_4a76c51266c80a0f
dbtbs_bsub_core_80e6166752a88520	True	"[""SigA""]"	dbtbs_bsub	exact_source_mapping_candidate_not_independent_validation	tjupan_bacillus_subtilis_main_80e6166752a88520
dbtbs_bsub_core_c85d16d0349424ba	True	"[""SigA""]"	dbtbs_bsub	exact_source_mapping_candidate_not_independent_validation	tjupan_bacillus_subtilis_main_c85d16d0349424ba
dbtbs_bsub_core_7f6b99b6e57e33e0	True	"[""SigA""]"	dbtbs_bsub	exact_source_mapping_candidate_not_independent_validation	tjupan_bacillus_subtilis_main_7f6b99b6e57e33e0
dbtbs_bsub_core_36eed70446e6810b	True	"[""SigA""]"	dbtbs_bsub	exact_source_mapping_candidate_not_independent_validation	tjupan_bacillus_subtilis_main_36eed70446e6810b
dbtbs_bsub_core_c2a5e00f908ba88c	True	"[""SigE""]"	dbtbs_bsub	exact_source_mapping_candidate_not_independent_validation	tjupan_bacillus_subtilis_main_c2a5e00f908ba88c
dbtbs_bsub_core_98d6bef120e2925b	True	"[""SigW"", ""SigX""]"	dbtbs_bsub	exact_source_mapping_candidate_not_independent_validation	tjupan_bacillus_subtilis_main_2313c7dbb458e370
dbtbs_bsub_core_abc060d81660f90c	True	"[""SigA""]"	dbtbs_bsub	exact_source_mapping_candidate_not_independent_validation	tjupan_bacillus_subtilis_main_fe2a626ec63a594e
dbtbs_bsub_core_a032a3114b7dbf1c	True	"[""SigA""]"	dbtbs_bsub	exact_source_mapping_candidate_not_independent_validation	tjupan_bacillus_subtilis_main_a032a3114b7dbf1c
dbtbs_bsub_core_6cf2c0e47935a8c2	True	"[""SigA""]"	dbtbs_bsub	exact_source_mapping_candidate_not_independent_validation	tjupan_bacillus_subtilis_main_6cf2c0e47935a8c2
dbtbs_bsub_core_cd9626c39ea075d5	True	"[""SigD""]"	dbtbs_bsub	exact_source_mapping_candidate_not_independent_validation	tjupan_bacillus_subtilis_main_cd9626c39ea075d5
dbtbs_bsub_core_a7483c08b039ad5c	True	"[""SigK""]"	dbtbs_bsub	exact_source_mapping_candidate_not_independent_validation	tjupan_bacillus_subtilis_main_a7483c08b039ad5c
dbtbs_bsub_core_ecef2875a7a372ba	True	"[""SigA""]"	dbtbs_bsub	exact_source_mapping_candidate_not_independent_validation	tjupan_bacillus_subtilis_main_ecef2875a7a372ba
dbtbs_bsub_core_5cddd19c752675c8	True	"[""SigA""]"	dbtbs_bsub	exact_source_mapping_candidate_not_independent_validation	tjupan_bacillus_subtilis_main_eebec5ad9a06df67
dbtbs_bsub_core_e14a6f906af1fa54	True	"[""SigA""]"	dbtbs_bsub	exact_source_mapping_candidate_not_independent_validation	tjupan_bacillus_subtilis_main_49e8e3a6681b011d
dbtbs_bsub_core_4b605fb92095125a	True	"[""SigA""]"	dbtbs_bsub	exact_source_mapping_candidate_not_independent_validation	tjupan_bacillus_subtilis_main_14505e58520aadbc
dbtbs_bsub_core_6990407cd148d57b	True	"[""SigA""]"	dbtbs_bsub	exact_source_mapping_candidate_not_independent_validation	tjupan_bacillus_subtilis_main_b1dfffe50d4e7cba
dbtbs_bsub_core_045e4f174337aedd	True	"[""SigB""]"	dbtbs_bsub	exact_source_mapping_candidate_not_independent_validation	tjupan_bacillus_subtilis_main_1a8b81622422b81c
dbtbs_bsub_core_a10efd4241f739c2	True	"[""SigA""]"	dbtbs_bsub	exact_source_mapping_candidate_not_independent_validation	tjupan_bacillus_subtilis_main_356687b52fcb19e3
dbtbs_bsub_core_04b586dca879bfb9	True	"[""SigA""]"	dbtbs_bsub	exact_source_mapping_candidate_not_independent_validation	tjupan_bacillus_subtilis_main_04b586dca879bfb9
dbtbs_bsub_core_6fcd42bdf8073a65	True	"[""SigA""]"	dbtbs_bsub	exact_source_mapping_candidate_not_independent_validation	tjupan_bacillus_subtilis_main_6fcd42bdf8073a65
dbtbs_bsub_core_f05d30123c592277	True	"[""SigA""]"	dbtbs_bsub	exact_source_mapping_candidate_not_independent_validation	tjupan_bacillus_subtilis_main_f05d30123c592277
dbtbs_bsub_core_047cd13bb02a9cd5	True	"[""SigG""]"	dbtbs_bsub	exact_source_mapping_candidate_not_independent_validation	tjupan_bacillus_subtilis_main_1dc067ba5f6cca28
dbtbs_bsub_core_a63e45c266a8243f	True	"[""SigA"", ""SigD""]"	dbtbs_bsub	exact_source_mapping_candidate_not_independent_validation	tjupan_bacillus_subtilis_main_48f68d49bf53ea3b
dbtbs_bsub_core_4cf64b5587e1d04e	True	"[""SigE""]"	dbtbs_bsub	exact_source_mapping_candidate_not_independent_validation	tjupan_bacillus_subtilis_main_4cf64b5587e1d04e
dbtbs_bsub_core_ab5345ed831420ec	True	"[""SigA""]"	dbtbs_bsub	exact_source_mapping_candidate_not_independent_validation	tjupan_bacillus_subtilis_main_8e9af30cd29c08ec
dbtbs_bsub_core_7231d94d9d77331f	True	"[""SigA""]"	dbtbs_bsub	exact_source_mapping_candidate_not_independent_validation	tjupan_bacillus_subtilis_main_fff8e3a328b3cab3
dbtbs_bsub_core_ed12f07c80365cbc	True	"[""SigA""]"	dbtbs_bsub	exact_source_mapping_candidate_not_independent_validation	tjupan_bacillus_subtilis_main_ed12f07c80365cbc
dbtbs_bsub_core_d38f72abf66add23	True	"[""SigA""]"	dbtbs_bsub	exact_source_mapping_candidate_not_independent_validation	tjupan_bacillus_subtilis_main_4a95c9a0c8c0dc5d
dbtbs_bsub_core_4631e0ee0e2e12e5	True	"[""SigA""]"	dbtbs_bsub	exact_source_mapping_candidate_not_independent_validation	tjupan_bacillus_subtilis_main_dc21315df009d1aa
dbtbs_bsub_core_60150ba1e82823d4	True	"[""SigK""]"	dbtbs_bsub	exact_source_mapping_candidate_not_independent_validation	tjupan_bacillus_subtilis_main_2931d3a1a20c25de
dbtbs_bsub_core_99013d44fc3df9d1	True	"[""SigK""]"	dbtbs_bsub	exact_source_mapping_candidate_not_independent_validation	tjupan_bacillus_subtilis_main_64dfe397c07a4656
dbtbs_bsub_core_efde358c620c36bd	True	"[""SigA""]"	dbtbs_bsub	exact_source_mapping_candidate_not_independent_validation	tjupan_bacillus_subtilis_main_efde358c620c36bd
dbtbs_bsub_core_f6c5351a3e225d0c	True	"[""SigA""]"	dbtbs_bsub	exact_source_mapping_candidate_not_independent_validation	tjupan_bacillus_subtilis_main_f6c5351a3e225d0c
dbtbs_bsub_core_412fe696982b64f9	True	"[""SigA""]"	dbtbs_bsub	exact_source_mapping_candidate_not_independent_validation	tjupan_bacillus_subtilis_main_412fe696982b64f9
dbtbs_bsub_core_44a8eefb4951c2dc	True	"[""SigA""]"	dbtbs_bsub	exact_source_mapping_candidate_not_independent_validation	tjupan_bacillus_subtilis_main_44a8eefb4951c2dc
dbtbs_bsub_core_50819f6cb2562fd8	True	"[""SigA""]"	dbtbs_bsub	exact_source_mapping_candidate_not_independent_validation	tjupan_bacillus_subtilis_main_dda9e4c6372ef204
dbtbs_bsub_core_c180878a6f782e9f	True	"[""SigA""]"	dbtbs_bsub	exact_source_mapping_candidate_not_independent_validation	tjupan_bacillus_subtilis_main_c180878a6f782e9f
dbtbs_bsub_core_cc6c006e658b45a5	True	"[""SigA""]"	dbtbs_bsub	exact_source_mapping_candidate_not_independent_validation	tjupan_bacillus_subtilis_main_b0279693503640c7
dbtbs_bsub_core_ca7144caa797f7bc	True	"[""SigB""]"	dbtbs_bsub	exact_source_mapping_candidate_not_independent_validation	tjupan_bacillus_subtilis_main_ca7144caa797f7bc
dbtbs_bsub_core_8bf0684d999843b1	True	"[""SigF""]"	dbtbs_bsub	exact_source_mapping_candidate_not_independent_validation	tjupan_bacillus_subtilis_main_8bf0684d999843b1
dbtbs_bsub_core_e4e4a1be67374f28	True	"[""SigX""]"	dbtbs_bsub	exact_source_mapping_candidate_not_independent_validation	tjupan_bacillus_subtilis_main_e4e4a1be67374f28
dbtbs_bsub_core_396da27afda34e05	True	"[""SigB""]"	dbtbs_bsub	exact_source_mapping_candidate_not_independent_validation	tjupan_bacillus_subtilis_main_84cc0835204b8e58
dbtbs_bsub_core_ff3d11f785ddd890	True	"[""SigB""]"	dbtbs_bsub	exact_source_mapping_candidate_not_independent_validation	tjupan_bacillus_subtilis_main_ff3d11f785ddd890
dbtbs_bsub_core_1040bc6c885c848a	True	"[""SigA""]"	dbtbs_bsub	exact_source_mapping_candidate_not_independent_validation	tjupan_bacillus_subtilis_main_5fda91135c62d747
dbtbs_bsub_core_2cae3be54c2b91c7	True	"[""SigA""]"	dbtbs_bsub	exact_source_mapping_candidate_not_independent_validation	tjupan_bacillus_subtilis_main_2cae3be54c2b91c7
dbtbs_bsub_core_1b58b9006f9baf4f	True	"[""SigA""]"	dbtbs_bsub	exact_source_mapping_candidate_not_independent_validation	tjupan_bacillus_subtilis_main_1b58b9006f9baf4f
dbtbs_bsub_core_c94ae7322b918d76	True	"[""SigA""]"	dbtbs_bsub	exact_source_mapping_candidate_not_independent_validation	tjupan_bacillus_subtilis_main_bdf5315a71015695
dbtbs_bsub_core_0fedc539a64a99b7	True	"[""SigE""]"	dbtbs_bsub	exact_source_mapping_candidate_not_independent_validation	tjupan_bacillus_subtilis_main_5e34c7286340c249
dbtbs_bsub_core_2bafb1a73b5c7300	True	"[""SigK""]"	dbtbs_bsub	exact_source_mapping_candidate_not_independent_validation	tjupan_bacillus_subtilis_main_5bcbea22526b97af
dbtbs_bsub_core_3ddf4cd9046f5358	True	"[""SigA""]"	dbtbs_bsub	exact_source_mapping_candidate_not_independent_validation	tjupan_bacillus_subtilis_main_3ddf4cd9046f5358
dbtbs_bsub_core_f7a2628d99aff81a	True	"[""SigA""]"	dbtbs_bsub	exact_source_mapping_candidate_not_independent_validation	tjupan_bacillus_subtilis_main_8560b0f67ab5f5ab
dbtbs_bsub_core_5eb05bc57612da6d	True	"[""SigA""]"	dbtbs_bsub	exact_source_mapping_candidate_not_independent_validation	tjupan_bacillus_subtilis_main_4fa5d89620e7d8ce
dbtbs_bsub_core_0561dd78dc44b145	True	"[""SigA""]"	dbtbs_bsub	exact_source_mapping_candidate_not_independent_validation	tjupan_bacillus_subtilis_main_3ed5570d9bd715ae
dbtbs_bsub_core_bb482769c888cf21	True	"[""SigA""]"	dbtbs_bsub	exact_source_mapping_candidate_not_independent_validation	tjupan_bacillus_subtilis_main_e51e63a9cb3e9467
dbtbs_bsub_core_b558e80410906098	True	"[""SigA""]"	dbtbs_bsub	exact_source_mapping_candidate_not_independent_validation	tjupan_bacillus_subtilis_main_b558e80410906098
dbtbs_bsub_core_fe6ee2b447e01adf	True	"[""SigA""]"	dbtbs_bsub	exact_source_mapping_candidate_not_independent_validation	tjupan_bacillus_subtilis_main_fe6ee2b447e01adf
dbtbs_bsub_core_330278903b492910	True	"[""SigB""]"	dbtbs_bsub	exact_source_mapping_candidate_not_independent_validation	tjupan_bacillus_subtilis_main_83f53e5ef9012987
dbtbs_bsub_core_dc95e7cdf3939931	True	"[""SigA""]"	dbtbs_bsub	exact_source_mapping_candidate_not_independent_validation	tjupan_bacillus_subtilis_main_dc95e7cdf3939931
dbtbs_bsub_core_700614a2577d51a9	True	"[""SigA""]"	dbtbs_bsub	exact_source_mapping_candidate_not_independent_validation	tjupan_bacillus_subtilis_main_cf013234eecd796b
dbtbs_bsub_core_a955cdf3a08d689c	True	"[""SigA""]"	dbtbs_bsub	exact_source_mapping_candidate_not_independent_validation	tjupan_bacillus_subtilis_main_0c4104d2e02c2e3b
dbtbs_bsub_core_6ea15316fd0787d8	True	"[""SigD""]"	dbtbs_bsub	exact_source_mapping_candidate_not_independent_validation	tjupan_bacillus_subtilis_main_7fcfb5594542c97e
dbtbs_bsub_core_05b3d931ff35d8e8	True	"[""SigA""]"	dbtbs_bsub	exact_source_mapping_candidate_not_independent_validation	tjupan_bacillus_subtilis_main_05b3d931ff35d8e8
dbtbs_bsub_core_ead71e426f5191e8	True	"[""SigK""]"	dbtbs_bsub	exact_source_mapping_candidate_not_independent_validation	tjupan_bacillus_subtilis_main_ead71e426f5191e8
dbtbs_bsub_core_0b7b75ba67f19880	True	"[""SigE""]"	dbtbs_bsub	exact_source_mapping_candidate_not_independent_validation	tjupan_bacillus_subtilis_main_0b7b75ba67f19880
dbtbs_bsub_core_e49352f30490cc9d	True	"[""SigA""]"	dbtbs_bsub	exact_source_mapping_candidate_not_independent_validation	tjupan_bacillus_subtilis_main_0c01656c39b6fb7f
dbtbs_bsub_core_f1e6e06788e9c9fd	True	"[""SigX""]"	dbtbs_bsub	exact_source_mapping_candidate_not_independent_validation	tjupan_bacillus_subtilis_main_acb860b1f6674578
dbtbs_bsub_core_be897b68bd393df0	True	"[""SigB""]"	dbtbs_bsub	exact_source_mapping_candidate_not_independent_validation	tjupan_bacillus_subtilis_main_be897b68bd393df0
dbtbs_bsub_core_bb68072522710571	True	"[""SigA"", ""SigB""]"	dbtbs_bsub	exact_source_mapping_candidate_not_independent_validation	tjupan_bacillus_subtilis_main_bb68072522710571
dbtbs_bsub_core_729454a84a667dd8	True	"[""SigG""]"	dbtbs_bsub	exact_source_mapping_candidate_not_independent_validation	tjupan_bacillus_subtilis_main_729454a84a667dd8
dbtbs_bsub_core_d04a67d8cb9ad084	True	"[""SigK""]"	dbtbs_bsub	exact_source_mapping_candidate_not_independent_validation	tjupan_bacillus_subtilis_main_d04a67d8cb9ad084
dbtbs_bsub_core_e2251470d219464a	True	"[""SigA""]"	dbtbs_bsub	exact_source_mapping_candidate_not_independent_validation	tjupan_bacillus_subtilis_main_c22e62909e814f30
dbtbs_bsub_core_71eaf5cbf249113b	True	"[""SigA""]"	dbtbs_bsub	exact_source_mapping_candidate_not_independent_validation	tjupan_bacillus_subtilis_main_71eaf5cbf249113b
dbtbs_bsub_core_9d34f9d9e0ee0e26	True	"[""SigW""]"	dbtbs_bsub	exact_source_mapping_candidate_not_independent_validation	tjupan_bacillus_subtilis_main_9d34f9d9e0ee0e26
dbtbs_bsub_core_f748f853b4ec2056	True	"[""SigB""]"	dbtbs_bsub	exact_source_mapping_candidate_not_independent_validation	tjupan_bacillus_subtilis_main_ff62fa3227cb3ab1
dbtbs_bsub_core_0b4e887f7ea9c424	True	"[""SigA""]"	dbtbs_bsub	exact_source_mapping_candidate_not_independent_validation	tjupan_bacillus_subtilis_main_0b4e887f7ea9c424
dbtbs_bsub_core_33318fe6256d39ff	True	"[""SigA""]"	dbtbs_bsub	exact_source_mapping_candidate_not_independent_validation	tjupan_bacillus_subtilis_main_8a0979b032bb35c1
dbtbs_bsub_core_8f473f826c608a81	True	"[""SigA""]"	dbtbs_bsub	exact_source_mapping_candidate_not_independent_validation	tjupan_bacillus_subtilis_main_e2f816d3420810f5
dbtbs_bsub_core_3663067b11c5f568	True	"[""SigE""]"	dbtbs_bsub	exact_source_mapping_candidate_not_independent_validation	tjupan_bacillus_subtilis_main_3663067b11c5f568
dbtbs_bsub_core_e72b843a494a35db	True	"[""SigA""]"	dbtbs_bsub	exact_source_mapping_candidate_not_independent_validation	tjupan_bacillus_subtilis_main_d94f791dab569af4
dbtbs_bsub_core_c0bc8e5bde1832a5	True	"[""SigA""]"	dbtbs_bsub	exact_source_mapping_candidate_not_independent_validation	tjupan_bacillus_subtilis_main_c0bc8e5bde1832a5
dbtbs_bsub_core_6c11169e185f76df	True	"[""SigB""]"	dbtbs_bsub	exact_source_mapping_candidate_not_independent_validation	tjupan_bacillus_subtilis_main_6c11169e185f76df
dbtbs_bsub_core_8559682da7e0b4ef	True	"[""SigA""]"	dbtbs_bsub	exact_source_mapping_candidate_not_independent_validation	tjupan_bacillus_subtilis_main_8559682da7e0b4ef
dbtbs_bsub_core_0d578393adbcde98	True	"[""SigA""]"	dbtbs_bsub	exact_source_mapping_candidate_not_independent_validation	tjupan_bacillus_subtilis_main_6b5eda10bbc36b27
dbtbs_bsub_core_5d881eac8b46d627	True	"[""SigE""]"	dbtbs_bsub	exact_source_mapping_candidate_not_independent_validation	tjupan_bacillus_subtilis_main_5d881eac8b46d627
dbtbs_bsub_core_56695775e253190c	True	"[""SigB""]"	dbtbs_bsub	exact_source_mapping_candidate_not_independent_validation	tjupan_bacillus_subtilis_main_1b0cfe46f303d3fa
dbtbs_bsub_core_342a4291e30f5e80	True	"[""SigB""]"	dbtbs_bsub	exact_source_mapping_candidate_not_independent_validation	tjupan_bacillus_subtilis_main_342a4291e30f5e80
dbtbs_bsub_core_adfd8c4b409d850c	True	"[""SigA""]"	dbtbs_bsub	exact_source_mapping_candidate_not_independent_validation	tjupan_bacillus_subtilis_main_209197eb87505135
dbtbs_bsub_core_b7c0b4323e70fc71	True	"[""SigW""]"	dbtbs_bsub	exact_source_mapping_candidate_not_independent_validation	tjupan_bacillus_subtilis_main_b7c0b4323e70fc71
dbtbs_bsub_core_56fbf5e1ebfb46d1	True	"[""SigA""]"	dbtbs_bsub	exact_source_mapping_candidate_not_independent_validation	tjupan_bacillus_subtilis_main_56fbf5e1ebfb46d1
dbtbs_bsub_core_31e9b84e91bc40d3	True	"[""SigG""]"	dbtbs_bsub	exact_source_mapping_candidate_not_independent_validation	tjupan_bacillus_subtilis_main_31e9b84e91bc40d3
dbtbs_bsub_core_ded59c0e5907f970	True	"[""SigH""]"	dbtbs_bsub	exact_source_mapping_candidate_not_independent_validation	tjupan_bacillus_subtilis_main_e52b3e18d300dddd
dbtbs_bsub_core_6f5bfd2e001a2697	True	"[""SigA""]"	dbtbs_bsub	exact_source_mapping_candidate_not_independent_validation	tjupan_bacillus_subtilis_main_6f5bfd2e001a2697
dbtbs_bsub_core_76d28d1be3f9f514	True	"[""SigK""]"	dbtbs_bsub	exact_source_mapping_candidate_not_independent_validation	tjupan_bacillus_subtilis_main_0d315ab142d66dcc
dbtbs_bsub_core_db7eebd0b9425a4f	True	"[""SigG""]"	dbtbs_bsub	exact_source_mapping_candidate_not_independent_validation	tjupan_bacillus_subtilis_main_db7eebd0b9425a4f
dbtbs_bsub_core_12585b08a658046e	True	"[""SigA""]"	dbtbs_bsub	exact_source_mapping_candidate_not_independent_validation	tjupan_bacillus_subtilis_main_ade14dd3fdacb032
dbtbs_bsub_core_74de924b5fe0230a	True	"[""SigE""]"	dbtbs_bsub	exact_source_mapping_candidate_not_independent_validation	tjupan_bacillus_subtilis_main_74de924b5fe0230a
dbtbs_bsub_core_249bda19c3fc4eb0	True	"[""SigA""]"	dbtbs_bsub	exact_source_mapping_candidate_not_independent_validation	tjupan_bacillus_subtilis_main_249bda19c3fc4eb0
dbtbs_bsub_core_7af4b19797611ae3	True	"[""SigK""]"	dbtbs_bsub	exact_source_mapping_candidate_not_independent_validation	tjupan_bacillus_subtilis_main_1f6aef794890d3e9
dbtbs_bsub_core_f7573fed016c047b	True	"[""SigE""]"	dbtbs_bsub	exact_source_mapping_candidate_not_independent_validation	tjupan_bacillus_subtilis_main_2c9e8a462277f7da
dbtbs_bsub_core_3fc49c30d289564d	True	"[""SigA""]"	dbtbs_bsub	exact_source_mapping_candidate_not_independent_validation	tjupan_bacillus_subtilis_main_3fc49c30d289564d
dbtbs_bsub_core_35bf7199ae44b70c	True	"[""SigA""]"	dbtbs_bsub	exact_source_mapping_candidate_not_independent_validation	tjupan_bacillus_subtilis_main_35bf7199ae44b70c
dbtbs_bsub_core_622ede2444a72fdb	True	"[""SigA""]"	dbtbs_bsub	exact_source_mapping_candidate_not_independent_validation	tjupan_bacillus_subtilis_main_ed0c28be1bed7933
dbtbs_bsub_core_0b60ccf6975080e3	True	"[""SigA""]"	dbtbs_bsub	exact_source_mapping_candidate_not_independent_validation	tjupan_bacillus_subtilis_main_0b60ccf6975080e3
dbtbs_bsub_core_d5153844984277ea	True	"[""SigA""]"	dbtbs_bsub	exact_source_mapping_candidate_not_independent_validation	tjupan_bacillus_subtilis_main_76909c0ebd8db916
dbtbs_bsub_core_d1a4fbb8ec4bd212	True	"[""SigB""]"	dbtbs_bsub	exact_source_mapping_candidate_not_independent_validation	tjupan_bacillus_subtilis_main_ced72b826f4a910f
dbtbs_bsub_core_7bc9aa9d4ad371af	True	"[""SigF"", ""SigG""]"	dbtbs_bsub	exact_source_mapping_candidate_not_independent_validation	tjupan_bacillus_subtilis_main_7bc9aa9d4ad371af
dbtbs_bsub_core_11066f3e95c7986c	True	"[""SigA""]"	dbtbs_bsub	exact_source_mapping_candidate_not_independent_validation	tjupan_bacillus_subtilis_main_d03161002d7a6f34
dbtbs_bsub_core_b88e63af220c116b	True	"[""SigX""]"	dbtbs_bsub	exact_source_mapping_candidate_not_independent_validation	tjupan_bacillus_subtilis_main_b88e63af220c116b
dbtbs_bsub_core_f61bc82d0f452a68	True	"[""SigA""]"	dbtbs_bsub	exact_source_mapping_candidate_not_independent_validation	tjupan_bacillus_subtilis_main_59b922ac354bf700
dbtbs_bsub_core_09dd4c8ba7bc09c6	True	"[""SigA""]"	dbtbs_bsub	exact_source_mapping_candidate_not_independent_validation	tjupan_bacillus_subtilis_main_09dd4c8ba7bc09c6
dbtbs_bsub_core_1732506bbac23b7c	True	"[""SigA""]"	dbtbs_bsub	exact_source_mapping_candidate_not_independent_validation	tjupan_bacillus_subtilis_main_1732506bbac23b7c
dbtbs_bsub_core_6901d7d50287d8c1	True	"[""SigB""]"	dbtbs_bsub	exact_source_mapping_candidate_not_independent_validation	tjupan_bacillus_subtilis_main_6901d7d50287d8c1
dbtbs_bsub_core_2fc6766ca8c365d3	True	"[""SigA""]"	dbtbs_bsub	exact_source_mapping_candidate_not_independent_validation	tjupan_bacillus_subtilis_main_49d5f09ecdaa68d2
dbtbs_bsub_core_712e4b81f6fdb41a	True	"[""SigA""]"	dbtbs_bsub	exact_source_mapping_candidate_not_independent_validation	tjupan_bacillus_subtilis_main_0ad5dcad37f1ba39
dbtbs_bsub_core_426aaa712ced5536	True	"[""SigA""]"	dbtbs_bsub	exact_source_mapping_candidate_not_independent_validation	tjupan_bacillus_subtilis_main_e95909bd7e136f46
dbtbs_bsub_core_f4d81ad6a0709a55	True	"[""SigA""]"	dbtbs_bsub	exact_source_mapping_candidate_not_independent_validation	tjupan_bacillus_subtilis_main_202644f8a02efab9
dbtbs_bsub_core_e0774d83207a7dd7	True	"[""SigB""]"	dbtbs_bsub	exact_source_mapping_candidate_not_independent_validation	tjupan_bacillus_subtilis_main_e0774d83207a7dd7
dbtbs_bsub_core_985497388ed40f60	True	"[""SigA""]"	dbtbs_bsub	exact_source_mapping_candidate_not_independent_validation	tjupan_bacillus_subtilis_main_985497388ed40f60
dbtbs_bsub_core_b3df5d74f56f0610	True	"[""SigB""]"	dbtbs_bsub	exact_source_mapping_candidate_not_independent_validation	tjupan_bacillus_subtilis_main_9e087715e3522ed4
dbtbs_bsub_core_70674ca5339f2fea	True	"[""SigA""]"	dbtbs_bsub	exact_source_mapping_candidate_not_independent_validation	tjupan_bacillus_subtilis_main_5ca73262ef63d863
dbtbs_bsub_core_389fa8167dbeceea	True	"[""SigA""]"	dbtbs_bsub	exact_source_mapping_candidate_not_independent_validation	tjupan_bacillus_subtilis_main_0dbcdfb12eaacb26
dbtbs_bsub_core_3e3a825c0d09de99	True	"[""SigE""]"	dbtbs_bsub	exact_source_mapping_candidate_not_independent_validation	tjupan_bacillus_subtilis_main_409ff8a786357eb4
dbtbs_bsub_core_bf9535fab79dbf8f	True	"[""SigA""]"	dbtbs_bsub	exact_source_mapping_candidate_not_independent_validation	tjupan_bacillus_subtilis_main_fb689c0625deec2e
dbtbs_bsub_core_710c0cbad80c03b6	True	"[""SigK""]"	dbtbs_bsub	exact_source_mapping_candidate_not_independent_validation	tjupan_bacillus_subtilis_main_ff1b0f332755e37b
dbtbs_bsub_core_6ad8465fe6a3a3af	True	"[""SigF"", ""SigG""]"	dbtbs_bsub	exact_source_mapping_candidate_not_independent_validation	tjupan_bacillus_subtilis_main_f53b2e508e8d6e6f
dbtbs_bsub_core_cb8975beecd17a84	True	"[""SigG""]"	dbtbs_bsub	exact_source_mapping_candidate_not_independent_validation	tjupan_bacillus_subtilis_main_1bc60721b4be672c
dbtbs_bsub_core_524b4e4fff089e6c	True	"[""SigG""]"	dbtbs_bsub	exact_source_mapping_candidate_not_independent_validation	tjupan_bacillus_subtilis_main_c5f122cf0ad181f6
dbtbs_bsub_core_6d139485f356aaca	True	"[""SigA""]"	dbtbs_bsub	exact_source_mapping_candidate_not_independent_validation	tjupan_bacillus_subtilis_main_cd161e304d76229d
dbtbs_bsub_core_666dd7e391a36890	True	"[""SigA""]"	dbtbs_bsub	exact_source_mapping_candidate_not_independent_validation	tjupan_bacillus_subtilis_main_666dd7e391a36890
dbtbs_bsub_core_1b59e97126764790	True	"[""SigG""]"	dbtbs_bsub	exact_source_mapping_candidate_not_independent_validation	tjupan_bacillus_subtilis_main_1b59e97126764790
dbtbs_bsub_core_2b17d905bac0c3bc	True	"[""SigF""]"	dbtbs_bsub	exact_source_mapping_candidate_not_independent_validation	tjupan_bacillus_subtilis_main_2b17d905bac0c3bc
dbtbs_bsub_core_b2e461bb3b5d3d88	True	"[""SigB""]"	dbtbs_bsub	exact_source_mapping_candidate_not_independent_validation	tjupan_bacillus_subtilis_main_b2e461bb3b5d3d88
dbtbs_bsub_core_f09c3556dc31a575	True	"[""SigB""]"	dbtbs_bsub	exact_source_mapping_candidate_not_independent_validation	tjupan_bacillus_subtilis_main_f09c3556dc31a575
dbtbs_bsub_core_ea8d4f3f59e482ac	True	"[""SigH""]"	dbtbs_bsub	exact_source_mapping_candidate_not_independent_validation	tjupan_bacillus_subtilis_main_b7cebcbae1ca8171
dbtbs_bsub_core_d59578e8446625f3	True	"[""SigA""]"	dbtbs_bsub	exact_source_mapping_candidate_not_independent_validation	tjupan_bacillus_subtilis_main_d59578e8446625f3
dbtbs_bsub_core_82e1287a21b69715	True	"[""SigA""]"	dbtbs_bsub	exact_source_mapping_candidate_not_independent_validation	tjupan_bacillus_subtilis_main_82e1287a21b69715
dbtbs_bsub_core_bdba293c4926b88d	True	"[""SigA""]"	dbtbs_bsub	exact_source_mapping_candidate_not_independent_validation	tjupan_bacillus_subtilis_main_73a7b40a4dc814aa
dbtbs_bsub_core_c18c3f10dff5c627	True	"[""SigW""]"	dbtbs_bsub	exact_source_mapping_candidate_not_independent_validation	tjupan_bacillus_subtilis_main_3ec4c8abee3f7a8e
dbtbs_bsub_core_8f5b60fc07e381f2	True	"[""SigD""]"	dbtbs_bsub	exact_source_mapping_candidate_not_independent_validation	tjupan_bacillus_subtilis_main_8f5b60fc07e381f2
dbtbs_bsub_core_86c973796d10f50f	True	"[""SigK""]"	dbtbs_bsub	exact_source_mapping_candidate_not_independent_validation	tjupan_bacillus_subtilis_main_86c973796d10f50f
dbtbs_bsub_core_93f240a64705adb6	True	"[""SigD""]"	dbtbs_bsub	exact_source_mapping_candidate_not_independent_validation	tjupan_bacillus_subtilis_main_5c9bf0eab187b5f5
dbtbs_bsub_core_d15d85b8bcf10615	True	"[""SigA""]"	dbtbs_bsub	exact_source_mapping_candidate_not_independent_validation	tjupan_bacillus_subtilis_main_654c2f8b6314b5ed
dbtbs_bsub_core_67a8fe9203485bd0	True	"[""SigF""]"	dbtbs_bsub	exact_source_mapping_candidate_not_independent_validation	tjupan_bacillus_subtilis_main_67a8fe9203485bd0
dbtbs_bsub_core_da7f3c0608c35165	True	"[""SigB""]"	dbtbs_bsub	exact_source_mapping_candidate_not_independent_validation	tjupan_bacillus_subtilis_main_da7f3c0608c35165
dbtbs_bsub_core_539bc60476254ff5	True	"[""SigA""]"	dbtbs_bsub	exact_source_mapping_candidate_not_independent_validation	tjupan_bacillus_subtilis_main_a1ad6ce2d20c389b
dbtbs_bsub_core_c2ee7abb48038f6f	True	"[""SigG""]"	dbtbs_bsub	exact_source_mapping_candidate_not_independent_validation	tjupan_bacillus_subtilis_main_92c71ea9f3febc7f
dbtbs_bsub_core_9f8920eabad07adf	True	"[""SigA""]"	dbtbs_bsub	exact_source_mapping_candidate_not_independent_validation	tjupan_bacillus_subtilis_main_47fc06b0337bff9a
dbtbs_bsub_core_380666e4ad2529dd	True	"[""SigA""]"	dbtbs_bsub	exact_source_mapping_candidate_not_independent_validation	tjupan_bacillus_subtilis_main_aaf138e1b23719d3
dbtbs_bsub_core_6c2abe31101de325	True	"[""SigA""]"	dbtbs_bsub	exact_source_mapping_candidate_not_independent_validation	tjupan_bacillus_subtilis_main_2e2f5877c94e7383
dbtbs_bsub_core_be0e53c334974f0a	True	"[""SigK""]"	dbtbs_bsub	exact_source_mapping_candidate_not_independent_validation	tjupan_bacillus_subtilis_main_712069959cf7e3b2
dbtbs_bsub_core_4e075fab78334012	True	"[""SigA""]"	dbtbs_bsub	exact_source_mapping_candidate_not_independent_validation	tjupan_bacillus_subtilis_main_1d6923feda92ef82
dbtbs_bsub_core_260ddc8adeedb788	True	"[""SigG""]"	dbtbs_bsub	exact_source_mapping_candidate_not_independent_validation	tjupan_bacillus_subtilis_main_3b9d28ffe489c3c7
dbtbs_bsub_core_c6bf2a4b574cb040	True	"[""SigA""]"	dbtbs_bsub	exact_source_mapping_candidate_not_independent_validation	tjupan_bacillus_subtilis_main_c6bf2a4b574cb040
dbtbs_bsub_core_1f38e2f4287dbc6d	True	"[""SigA""]"	dbtbs_bsub	exact_source_mapping_candidate_not_independent_validation	tjupan_bacillus_subtilis_main_7541f607431b8a27
dbtbs_bsub_core_c204793b69b45448	True	"[""SigA""]"	dbtbs_bsub	exact_source_mapping_candidate_not_independent_validation	tjupan_bacillus_subtilis_main_c204793b69b45448
dbtbs_bsub_core_f1a08ae721706b38	True	"[""SigA""]"	dbtbs_bsub	exact_source_mapping_candidate_not_independent_validation	tjupan_bacillus_subtilis_main_f1a08ae721706b38
dbtbs_bsub_core_6cadf10f2f906812	True	"[""SigA""]"	dbtbs_bsub	exact_source_mapping_candidate_not_independent_validation	tjupan_bacillus_subtilis_main_b7240ec09f994729
dbtbs_bsub_core_a723fdca1013c0b5	True	"[""SigE""]"	dbtbs_bsub	exact_source_mapping_candidate_not_independent_validation	tjupan_bacillus_subtilis_main_a723fdca1013c0b5
dbtbs_bsub_core_d50ffa4df9b8add7	True	"[""SigK""]"	dbtbs_bsub	exact_source_mapping_candidate_not_independent_validation	tjupan_bacillus_subtilis_main_0a0035c3a0685aa9
dbtbs_bsub_core_abcad526e0b9b317	True	"[""SigA""]"	dbtbs_bsub	exact_source_mapping_candidate_not_independent_validation	tjupan_bacillus_subtilis_main_bd3880e661a6ee9c
dbtbs_bsub_core_9d5c52bb0fa0ffad	True	"[""SigA""]"	dbtbs_bsub	exact_source_mapping_candidate_not_independent_validation	tjupan_bacillus_subtilis_main_9d5c52bb0fa0ffad
dbtbs_bsub_core_0b104549c8fd9755	True	"[""SigA""]"	dbtbs_bsub	exact_source_mapping_candidate_not_independent_validation	tjupan_bacillus_subtilis_main_0b104549c8fd9755
dbtbs_bsub_core_21353889dec56b85	True	"[""SigG""]"	dbtbs_bsub	exact_source_mapping_candidate_not_independent_validation	tjupan_bacillus_subtilis_main_b592a137eb4c34ff
dbtbs_bsub_core_41b76e09c674d652	True	"[""SigA""]"	dbtbs_bsub	exact_source_mapping_candidate_not_independent_validation	tjupan_bacillus_subtilis_main_41b76e09c674d652
dbtbs_bsub_core_1edc8da3b582b0a5	True	"[""SigA""]"	dbtbs_bsub	exact_source_mapping_candidate_not_independent_validation	tjupan_bacillus_subtilis_main_1edc8da3b582b0a5
dbtbs_bsub_core_0f2b9fdbfe61378c	True	"[""SigA""]"	dbtbs_bsub	exact_source_mapping_candidate_not_independent_validation	tjupan_bacillus_subtilis_main_bf2504c439d00108
dbtbs_bsub_core_7730e205ee5d9991	True	"[""SigA""]"	dbtbs_bsub	exact_source_mapping_candidate_not_independent_validation	tjupan_bacillus_subtilis_main_48b85a8a5c19ece4
dbtbs_bsub_core_06d485c4aaa12e15	True	"[""SigK""]"	dbtbs_bsub	exact_source_mapping_candidate_not_independent_validation	tjupan_bacillus_subtilis_main_06d485c4aaa12e15
dbtbs_bsub_core_89ab3601fa8ac055	True	"[""SigA""]"	dbtbs_bsub	exact_source_mapping_candidate_not_independent_validation	tjupan_bacillus_subtilis_main_66846fa14c29dbc1
dbtbs_bsub_core_e4779b38e09f1d01	True	"[""SigE""]"	dbtbs_bsub	exact_source_mapping_candidate_not_independent_validation	tjupan_bacillus_subtilis_main_43e3fbb462723f3a
dbtbs_bsub_core_e9623f8193af34e0	True	"[""SigA""]"	dbtbs_bsub	exact_source_mapping_candidate_not_independent_validation	tjupan_bacillus_subtilis_main_e9623f8193af34e0
dbtbs_bsub_core_0fcba0431054cde6	True	"[""SigL""]"	dbtbs_bsub	exact_source_mapping_candidate_not_independent_validation	tjupan_bacillus_subtilis_main_0fcba0431054cde6
dbtbs_bsub_core_60fba3476102cddc	True	"[""SigA""]"	dbtbs_bsub	exact_source_mapping_candidate_not_independent_validation	tjupan_bacillus_subtilis_main_60fba3476102cddc
dbtbs_bsub_core_872c1380ac7bb81f	True	"[""SigA""]"	dbtbs_bsub	exact_source_mapping_candidate_not_independent_validation	tjupan_bacillus_subtilis_main_a43a1f032db2e49e
dbtbs_bsub_core_340ffe292c28e826	True	"[""SigG""]"	dbtbs_bsub	exact_source_mapping_candidate_not_independent_validation	tjupan_bacillus_subtilis_main_671ae756f8df7bca
dbtbs_bsub_core_bebf1b31befd9c3c	True	"[""SigW""]"	dbtbs_bsub	exact_source_mapping_candidate_not_independent_validation	tjupan_bacillus_subtilis_main_bebf1b31befd9c3c
dbtbs_bsub_core_7d4ab0bb11e39295	True	"[""SigW"", ""SigX""]"	dbtbs_bsub	exact_source_mapping_candidate_not_independent_validation	tjupan_bacillus_subtilis_main_7d4ab0bb11e39295
dbtbs_bsub_core_6f6446b7ed912162	True	"[""SigA""]"	dbtbs_bsub	exact_source_mapping_candidate_not_independent_validation	tjupan_bacillus_subtilis_main_6f6446b7ed912162
dbtbs_bsub_core_8bde36b216b3390f	True	"[""SigH""]"	dbtbs_bsub	exact_source_mapping_candidate_not_independent_validation	tjupan_bacillus_subtilis_main_8bde36b216b3390f
dbtbs_bsub_core_6e525afed4c0ab9e	True	"[""SigH""]"	dbtbs_bsub	exact_source_mapping_candidate_not_independent_validation	tjupan_bacillus_subtilis_main_972c682163779595
dbtbs_bsub_core_8d6e5863a10aab48	True	"[""SigF"", ""SigG""]"	dbtbs_bsub	exact_source_mapping_candidate_not_independent_validation	tjupan_bacillus_subtilis_main_8d6e5863a10aab48
dbtbs_bsub_core_f859289dc167ed3a	True	"[""SigA""]"	dbtbs_bsub	exact_source_mapping_candidate_not_independent_validation	tjupan_bacillus_subtilis_main_4181c9b10d028c59
dbtbs_bsub_core_9571d32ab22eb9a0	True	"[""SigW""]"	dbtbs_bsub	exact_source_mapping_candidate_not_independent_validation	tjupan_bacillus_subtilis_main_9571d32ab22eb9a0
dbtbs_bsub_core_ea5509009da1e1aa	True	"[""SigA""]"	dbtbs_bsub	exact_source_mapping_candidate_not_independent_validation	tjupan_bacillus_subtilis_main_ffefbc2ceaf331ea
dbtbs_bsub_core_dccf4ca03cd1642b	True	"[""SigA""]"	dbtbs_bsub	exact_source_mapping_candidate_not_independent_validation	tjupan_bacillus_subtilis_main_dccf4ca03cd1642b
dbtbs_bsub_core_bc41d7d0760497f9	True	"[""SigA""]"	dbtbs_bsub	exact_source_mapping_candidate_not_independent_validation	tjupan_bacillus_subtilis_main_bc41d7d0760497f9
dbtbs_bsub_core_a7a45131c45395c8	True	"[""SigL""]"	dbtbs_bsub	exact_source_mapping_candidate_not_independent_validation	tjupan_bacillus_subtilis_main_a7a45131c45395c8
dbtbs_bsub_core_08bda2c99b5822bc	True	"[""SigA""]"	dbtbs_bsub	exact_source_mapping_candidate_not_independent_validation	tjupan_bacillus_subtilis_main_08bda2c99b5822bc
dbtbs_bsub_core_8a4a22c637647f42	True	"[""SigG""]"	dbtbs_bsub	exact_source_mapping_candidate_not_independent_validation	tjupan_bacillus_subtilis_main_8a4a22c637647f42
dbtbs_bsub_core_5dbc73ad42aeab56	True	"[""SigA""]"	dbtbs_bsub	exact_source_mapping_candidate_not_independent_validation	tjupan_bacillus_subtilis_main_f45d38a5e15ccc93
dbtbs_bsub_core_4e960695d4b362e6	True	"[""SigW""]"	dbtbs_bsub	exact_source_mapping_candidate_not_independent_validation	tjupan_bacillus_subtilis_main_f5b082fd616807b3
dbtbs_bsub_core_946ad3835c6af00d	True	"[""SigG""]"	dbtbs_bsub	exact_source_mapping_candidate_not_independent_validation	tjupan_bacillus_subtilis_main_61e92334116d4289
dbtbs_bsub_core_601150b85493a7a1	True	"[""SigK""]"	dbtbs_bsub	exact_source_mapping_candidate_not_independent_validation	tjupan_bacillus_subtilis_main_e66d1eb3358cf03d
dbtbs_bsub_core_1478640e036e0224	True	"[""SigH""]"	dbtbs_bsub	exact_source_mapping_candidate_not_independent_validation	tjupan_bacillus_subtilis_main_1478640e036e0224
dbtbs_bsub_core_99f7f9ee26c6c5b7	True	"[""SigA""]"	dbtbs_bsub	exact_source_mapping_candidate_not_independent_validation	tjupan_bacillus_subtilis_main_99f7f9ee26c6c5b7
dbtbs_bsub_core_137eff58d766cefa	True	"[""SigE""]"	dbtbs_bsub	exact_source_mapping_candidate_not_independent_validation	tjupan_bacillus_subtilis_main_d434d749686b9e33
dbtbs_bsub_core_0ce0cc9e187b5d37	True	"[""SigA""]"	dbtbs_bsub	exact_source_mapping_candidate_not_independent_validation	tjupan_bacillus_subtilis_main_e1ad11de708bb9dd
dbtbs_bsub_core_a797439cbe2b0d85	True	"[""SigA""]"	dbtbs_bsub	exact_source_mapping_candidate_not_independent_validation	tjupan_bacillus_subtilis_main_d497e040ececfdff
dbtbs_bsub_core_8f9b814f5e8b18ae	True	"[""SigE""]"	dbtbs_bsub	exact_source_mapping_candidate_not_independent_validation	tjupan_bacillus_subtilis_main_8f9b814f5e8b18ae
dbtbs_bsub_core_60443aba927f96b3	True	"[""SigE""]"	dbtbs_bsub	exact_source_mapping_candidate_not_independent_validation	tjupan_bacillus_subtilis_main_60443aba927f96b3
dbtbs_bsub_core_bb5ca17cb9317fea	True	"[""SigA""]"	dbtbs_bsub	exact_source_mapping_candidate_not_independent_validation	tjupan_bacillus_subtilis_main_6e989f822c0894af
dbtbs_bsub_core_8c6f4b9eba960292	True	"[""SigF"", ""SigG""]"	dbtbs_bsub	exact_source_mapping_candidate_not_independent_validation	tjupan_bacillus_subtilis_main_a4db17c75fb94c83
dbtbs_bsub_core_bba2e45eb636482b	True	"[""SigG""]"	dbtbs_bsub	exact_source_mapping_candidate_not_independent_validation	tjupan_bacillus_subtilis_main_bba2e45eb636482b
dbtbs_bsub_core_e4dda028e03de313	True	"[""SigA""]"	dbtbs_bsub	exact_source_mapping_candidate_not_independent_validation	tjupan_bacillus_subtilis_main_e4dda028e03de313
dbtbs_bsub_core_0e5e92df8dafa46f	True	"[""SigA""]"	dbtbs_bsub	exact_source_mapping_candidate_not_independent_validation	tjupan_bacillus_subtilis_main_0e5e92df8dafa46f
dbtbs_bsub_core_37e129b87e312ba0	True	"[""SigA""]"	dbtbs_bsub	exact_source_mapping_candidate_not_independent_validation	tjupan_bacillus_subtilis_main_7823cda095dda5c2
dbtbs_bsub_core_9c3cc423ec1465b1	True	"[""SigG""]"	dbtbs_bsub	exact_source_mapping_candidate_not_independent_validation	tjupan_bacillus_subtilis_main_9c3cc423ec1465b1
dbtbs_bsub_core_27472703561d982d	True	"[""SigH""]"	dbtbs_bsub	exact_source_mapping_candidate_not_independent_validation	tjupan_bacillus_subtilis_main_27472703561d982d
dbtbs_bsub_core_d25c674b3a14df1a	True	"[""SigA""]"	dbtbs_bsub	exact_source_mapping_candidate_not_independent_validation	tjupan_bacillus_subtilis_main_8e892e5639ef0ac1
dbtbs_bsub_core_1dc2eb4818f9715a	True	"[""SigA""]"	dbtbs_bsub	exact_source_mapping_candidate_not_independent_validation	tjupan_bacillus_subtilis_main_1dc2eb4818f9715a
dbtbs_bsub_core_32a70db45859cbb9	True	"[""SigA""]"	dbtbs_bsub	exact_source_mapping_candidate_not_independent_validation	tjupan_bacillus_subtilis_main_32a70db45859cbb9
dbtbs_bsub_core_e2f191a04a63a5f0	True	"[""SigK""]"	dbtbs_bsub	exact_source_mapping_candidate_not_independent_validation	tjupan_bacillus_subtilis_main_618f0dc5c0847866
dbtbs_bsub_core_245b899eb3255120	True	"[""SigA""]"	dbtbs_bsub	exact_source_mapping_candidate_not_independent_validation	tjupan_bacillus_subtilis_main_2e3c51df0d86f79b
dbtbs_bsub_core_a1b8ecb6878276b4	True	"[""SigI""]"	dbtbs_bsub	exact_source_mapping_candidate_not_independent_validation	tjupan_bacillus_subtilis_main_a1b8ecb6878276b4
dbtbs_bsub_core_bba92a46eba6f8e0	True	"[""SigA""]"	dbtbs_bsub	exact_source_mapping_candidate_not_independent_validation	tjupan_bacillus_subtilis_main_f58412ec32c641aa
dbtbs_bsub_core_644db499b3b79fda	True	"[""SigA""]"	dbtbs_bsub	exact_source_mapping_candidate_not_independent_validation	tjupan_bacillus_subtilis_main_f6499f8d24b65fa1
dbtbs_bsub_core_93b5da0b5f842573	True	"[""SigF""]"	dbtbs_bsub	exact_source_mapping_candidate_not_independent_validation	tjupan_bacillus_subtilis_main_93b5da0b5f842573
dbtbs_bsub_core_bed50366d672059d	True	"[""SigA""]"	dbtbs_bsub	exact_source_mapping_candidate_not_independent_validation	tjupan_bacillus_subtilis_main_bed50366d672059d
dbtbs_bsub_core_f1fe1806a852fcba	True	"[""SigA""]"	dbtbs_bsub	exact_source_mapping_candidate_not_independent_validation	tjupan_bacillus_subtilis_main_f1fe1806a852fcba
dbtbs_bsub_core_b5cc4aad42c9a683	True	"[""SigA""]"	dbtbs_bsub	exact_source_mapping_candidate_not_independent_validation	tjupan_bacillus_subtilis_main_b5cc4aad42c9a683
dbtbs_bsub_core_e964a63647aab2c6	True	"[""SigD""]"	dbtbs_bsub	exact_source_mapping_candidate_not_independent_validation	tjupan_bacillus_subtilis_main_29dff321a99fa8a2
dbtbs_bsub_core_7b26bab7de636614	True	"[""SigA""]"	dbtbs_bsub	exact_source_mapping_candidate_not_independent_validation	tjupan_bacillus_subtilis_main_036f4e66b4e66745
dbtbs_bsub_core_26786ec6f94b1750	True	"[""SigA""]"	dbtbs_bsub	exact_source_mapping_candidate_not_independent_validation	tjupan_bacillus_subtilis_main_26786ec6f94b1750
dbtbs_bsub_core_c62c8589a5774a74	True	"[""SigW""]"	dbtbs_bsub	exact_source_mapping_candidate_not_independent_validation	tjupan_bacillus_subtilis_main_43fbda6e3c3abdae
dbtbs_bsub_core_2b804fb4a3064282	True	"[""SigW""]"	dbtbs_bsub	exact_source_mapping_candidate_not_independent_validation	tjupan_bacillus_subtilis_main_2b804fb4a3064282
dbtbs_bsub_core_ef9625ff29774e65	True	"[""SigA""]"	dbtbs_bsub	exact_source_mapping_candidate_not_independent_validation	tjupan_bacillus_subtilis_main_daaf0c7fa42ef2fa
dbtbs_bsub_core_d618c1525725d045	True	"[""SigE""]"	dbtbs_bsub	exact_source_mapping_candidate_not_independent_validation	tjupan_bacillus_subtilis_main_047e296b8721a352
dbtbs_bsub_core_89ad3abb800dad9f	True	"[""SigA""]"	dbtbs_bsub	exact_source_mapping_candidate_not_independent_validation	tjupan_bacillus_subtilis_main_4fc356ae4cdf5a10
dbtbs_bsub_core_cfddcd51a76889fd	True	"[""SigG""]"	dbtbs_bsub	exact_source_mapping_candidate_not_independent_validation	tjupan_bacillus_subtilis_main_0e56c5fe6c5d0db0
dbtbs_bsub_core_edd6f2ee95c58508	True	"[""SigA""]"	dbtbs_bsub	exact_source_mapping_candidate_not_independent_validation	tjupan_bacillus_subtilis_main_3270409c742f3314
dbtbs_bsub_core_995cac2849b55fde	True	"[""SigA""]"	dbtbs_bsub	exact_source_mapping_candidate_not_independent_validation	tjupan_bacillus_subtilis_main_995cac2849b55fde
dbtbs_bsub_core_2ab03862f0e9dd2f	True	"[""SigK""]"	dbtbs_bsub	exact_source_mapping_candidate_not_independent_validation	tjupan_bacillus_subtilis_main_550b125b16dc206e
dbtbs_bsub_core_bdbae944a25ddfff	True	"[""SigK""]"	dbtbs_bsub	exact_source_mapping_candidate_not_independent_validation	tjupan_bacillus_subtilis_main_13f211949a22c74a
dbtbs_bsub_core_bb9b7e6c3977d37c	True	"[""SigA""]"	dbtbs_bsub	exact_source_mapping_candidate_not_independent_validation	tjupan_bacillus_subtilis_main_c8dba1bde402502d
dbtbs_bsub_core_b11aff47b9c426f3	True	"[""SigG""]"	dbtbs_bsub	exact_source_mapping_candidate_not_independent_validation	tjupan_bacillus_subtilis_main_b11aff47b9c426f3
dbtbs_bsub_core_71c43b52121900cc	True	"[""SigA""]"	dbtbs_bsub	exact_source_mapping_candidate_not_independent_validation	tjupan_bacillus_subtilis_main_eaa75817f87b3088
dbtbs_bsub_core_fcf1520effc316d9	True	"[""SigA""]"	dbtbs_bsub	exact_source_mapping_candidate_not_independent_validation	tjupan_bacillus_subtilis_main_fcf1520effc316d9
dbtbs_bsub_core_3a6c62def340fb72	True	"[""SigA""]"	dbtbs_bsub	exact_source_mapping_candidate_not_independent_validation	tjupan_bacillus_subtilis_main_d1b10b64ac040b8c
dbtbs_bsub_core_f17d11f3eca6315b	True	"[""SigE""]"	dbtbs_bsub	exact_source_mapping_candidate_not_independent_validation	tjupan_bacillus_subtilis_main_e418901b97b81314
dbtbs_bsub_core_dcef15bdfb353954	True	"[""SigA""]"	dbtbs_bsub	exact_source_mapping_candidate_not_independent_validation	tjupan_bacillus_subtilis_main_dcef15bdfb353954
dbtbs_bsub_core_ffa38d6978ad48aa	True	"[""SigG""]"	dbtbs_bsub	exact_source_mapping_candidate_not_independent_validation	tjupan_bacillus_subtilis_main_2d40490247bb616a
dbtbs_bsub_core_de0183aa73a1a38a	True	"[""SigA""]"	dbtbs_bsub	exact_source_mapping_candidate_not_independent_validation	tjupan_bacillus_subtilis_main_de0183aa73a1a38a
dbtbs_bsub_core_9227d765f6fbc517	True	"[""SigA""]"	dbtbs_bsub	exact_source_mapping_candidate_not_independent_validation	tjupan_bacillus_subtilis_main_7e0b9b4bd95ec2c5
dbtbs_bsub_core_3348625232a23256	True	"[""SigA""]"	dbtbs_bsub	exact_source_mapping_candidate_not_independent_validation	tjupan_bacillus_subtilis_main_8d9a62a0fbc43019
dbtbs_bsub_core_2fc6e10224ce632e	True	"[""SigB""]"	dbtbs_bsub	exact_source_mapping_candidate_not_independent_validation	tjupan_bacillus_subtilis_main_2fc6e10224ce632e
dbtbs_bsub_core_49f21071b1307fc7	True	"[""SigA""]"	dbtbs_bsub	exact_source_mapping_candidate_not_independent_validation	tjupan_bacillus_subtilis_main_49f21071b1307fc7
dbtbs_bsub_core_fae71e59d553e455	True	"[""SigA""]"	dbtbs_bsub	exact_source_mapping_candidate_not_independent_validation	tjupan_bacillus_subtilis_main_fae71e59d553e455
dbtbs_bsub_core_b8b8ac7ece3bed55	True	"[""SigA""]"	dbtbs_bsub	exact_source_mapping_candidate_not_independent_validation	tjupan_bacillus_subtilis_main_e8dca4769e2e29bc
dbtbs_bsub_core_79aa8a5c0f3b9558	True	"[""SigD""]"	dbtbs_bsub	exact_source_mapping_candidate_not_independent_validation	tjupan_bacillus_subtilis_main_bf15c71cd5f4b9e0
dbtbs_bsub_core_e326833d29b8752f	True	"[""SigG""]"	dbtbs_bsub	exact_source_mapping_candidate_not_independent_validation	tjupan_bacillus_subtilis_main_e326833d29b8752f
dbtbs_bsub_core_af75962c5aaa60ac	True	"[""SigA""]"	dbtbs_bsub	exact_source_mapping_candidate_not_independent_validation	tjupan_bacillus_subtilis_main_5a1a4573de4d55b3
dbtbs_bsub_core_fea876b7208e46e3	True	"[""SigA""]"	dbtbs_bsub	exact_source_mapping_candidate_not_independent_validation	tjupan_bacillus_subtilis_main_fea876b7208e46e3
dbtbs_bsub_core_8cdaaf6e0b90f5df	True	"[""SigA""]"	dbtbs_bsub	exact_source_mapping_candidate_not_independent_validation	tjupan_bacillus_subtilis_main_8cdaaf6e0b90f5df
dbtbs_bsub_core_79142b70125d7f77	True	"[""SigB""]"	dbtbs_bsub	exact_source_mapping_candidate_not_independent_validation	tjupan_bacillus_subtilis_main_fe854ef781d570c9
dbtbs_bsub_core_20f77243a5b2c4ab	True	"[""SigW"", ""SigX""]"	dbtbs_bsub	exact_source_mapping_candidate_not_independent_validation	tjupan_bacillus_subtilis_main_2c918744f6daf466
dbtbs_bsub_core_cdde7ecc62be5bf9	True	"[""SigA""]"	dbtbs_bsub	exact_source_mapping_candidate_not_independent_validation	tjupan_bacillus_subtilis_main_167cf947ca3df3df
dbtbs_bsub_core_1e88ee3171b0395f	True	"[""SigA""]"	dbtbs_bsub	exact_source_mapping_candidate_not_independent_validation	tjupan_bacillus_subtilis_main_fb953ec809266960
dbtbs_bsub_core_c09026f88bb6438b	True	"[""SigF""]"	dbtbs_bsub	exact_source_mapping_candidate_not_independent_validation	tjupan_bacillus_subtilis_main_c09026f88bb6438b
dbtbs_bsub_core_c3f1d43df18e6b0a	True	"[""SigE""]"	dbtbs_bsub	exact_source_mapping_candidate_not_independent_validation	tjupan_bacillus_subtilis_main_c3f1d43df18e6b0a
dbtbs_bsub_core_0fcadafa827fb8cf	True	"[""SigA""]"	dbtbs_bsub	exact_source_mapping_candidate_not_independent_validation	tjupan_bacillus_subtilis_main_0b565809576a9e0f
dbtbs_bsub_core_5742761e1938e2d4	True	"[""SigK""]"	dbtbs_bsub	exact_source_mapping_candidate_not_independent_validation	tjupan_bacillus_subtilis_main_7ebbe970ac38b83d
dbtbs_bsub_core_e82d4ff28ccc2c95	True	"[""SigA""]"	dbtbs_bsub	exact_source_mapping_candidate_not_independent_validation	tjupan_bacillus_subtilis_main_02077247d0a8a665
dbtbs_bsub_core_6283778d7895bd00	True	"[""SigE""]"	dbtbs_bsub	exact_source_mapping_candidate_not_independent_validation	tjupan_bacillus_subtilis_main_34a1718b753f2fcc
dbtbs_bsub_core_35445cef3104bf74	True	"[""SigA""]"	dbtbs_bsub	exact_source_mapping_candidate_not_independent_validation	tjupan_bacillus_subtilis_main_85511e0264f2e3b8
dbtbs_bsub_core_1a44bafede819df1	True	"[""SigA""]"	dbtbs_bsub	exact_source_mapping_candidate_not_independent_validation	tjupan_bacillus_subtilis_main_549e9d5c7cb67860
dbtbs_bsub_core_32548c7fec9dc4f2	True	"[""SigG""]"	dbtbs_bsub	exact_source_mapping_candidate_not_independent_validation	tjupan_bacillus_subtilis_main_32548c7fec9dc4f2
regulondb_ecoli_core_d8c31d33f503109d	True	[]	regulondb_ecoli	exact_source_mapping_candidate_not_independent_validation	tjupan_escherichia_coli_main_820b93937e49c76e
regulondb_ecoli_core_3d0d61dd29d6f757	True	"[""Sigma28""]"	regulondb_ecoli	exact_source_mapping_candidate_not_independent_validation	tjupan_escherichia_coli_main_3d0d61dd29d6f757
regulondb_ecoli_core_8f87e2b0d8109bbf	True	"[""Sigma70""]"	regulondb_ecoli	exact_source_mapping_candidate_not_independent_validation	tjupan_escherichia_coli_main_8f87e2b0d8109bbf
regulondb_ecoli_core_aaf9bdd5d0fddd77	True	"[""Sigma70""]"	regulondb_ecoli	exact_source_mapping_candidate_not_independent_validation	tjupan_escherichia_coli_main_aaf9bdd5d0fddd77
regulondb_ecoli_core_b58dc29cda214240	True	"[""Sigma38"", ""Sigma70""]"	regulondb_ecoli	exact_source_mapping_candidate_not_independent_validation	tjupan_escherichia_coli_main_b58dc29cda214240
regulondb_ecoli_core_16c9d16bb7b82646	True	"[""Sigma70""]"	regulondb_ecoli	exact_source_mapping_candidate_not_independent_validation	tjupan_escherichia_coli_main_16c9d16bb7b82646
regulondb_ecoli_core_afc95cc2b2aa7607	True	"[""Sigma70""]"	regulondb_ecoli	exact_source_mapping_candidate_not_independent_validation	tjupan_escherichia_coli_main_afc95cc2b2aa7607
regulondb_ecoli_core_b1c3c164d3478ebd	True	[]	regulondb_ecoli	exact_source_mapping_candidate_not_independent_validation	tjupan_escherichia_coli_main_ece5cceae5f42e9c
regulondb_ecoli_core_d3092364e61ae869	True	[]	regulondb_ecoli	exact_source_mapping_candidate_not_independent_validation	tjupan_escherichia_coli_main_750d5edeb8ee01e7
regulondb_ecoli_core_9122ac2ebc4c5567	True	"[""Sigma70""]"	regulondb_ecoli	exact_source_mapping_candidate_not_independent_validation	tjupan_escherichia_coli_main_4be6cc1c20d2f9c8
regulondb_ecoli_core_d3011ef24968ed39	True	"[""Sigma70""]"	regulondb_ecoli	exact_source_mapping_candidate_not_independent_validation	tjupan_escherichia_coli_main_d3011ef24968ed39
regulondb_ecoli_core_6262a18ac69a5830	True	"[""Sigma38""]"	regulondb_ecoli	exact_source_mapping_candidate_not_independent_validation	tjupan_escherichia_coli_main_6262a18ac69a5830
regulondb_ecoli_core_333874613a936b60	True	[]	regulondb_ecoli	exact_source_mapping_candidate_not_independent_validation	tjupan_escherichia_coli_main_333874613a936b60
regulondb_ecoli_core_8a130ca6ee51da81	True	[]	regulondb_ecoli	exact_source_mapping_candidate_not_independent_validation	tjupan_escherichia_coli_main_2e73c424306daa30
regulondb_ecoli_core_325d4eba8b272128	True	[]	regulondb_ecoli	exact_source_mapping_candidate_not_independent_validation	tjupan_escherichia_coli_main_325d4eba8b272128
regulondb_ecoli_core_82c562733c254170	True	[]	regulondb_ecoli	exact_source_mapping_candidate_not_independent_validation	tjupan_escherichia_coli_main_b2af475b593534a8
regulondb_ecoli_core_d1aa2f81ff68c1f0	True	"[""Sigma70""]"	regulondb_ecoli	exact_source_mapping_candidate_not_independent_validation	tjupan_escherichia_coli_main_d1aa2f81ff68c1f0
regulondb_ecoli_core_c49a195693ab0ba8	True	"[""Sigma24""]"	regulondb_ecoli	exact_source_mapping_candidate_not_independent_validation	tjupan_escherichia_coli_main_64425725e1064540
regulondb_ecoli_core_18851c6d1bd5de01	True	[]	regulondb_ecoli	exact_source_mapping_candidate_not_independent_validation	tjupan_escherichia_coli_main_79be4b4a07103647
regulondb_ecoli_core_f49e1299011bb87e	True	"[""Sigma70""]"	regulondb_ecoli	exact_source_mapping_candidate_not_independent_validation	tjupan_escherichia_coli_main_560dece94ee9a178
regulondb_ecoli_core_b49b294d29c1bcc8	True	[]	regulondb_ecoli	exact_source_mapping_candidate_not_independent_validation	tjupan_escherichia_coli_main_dc7e3687900f629e
regulondb_ecoli_core_6d9cf4612333b923	True	"[""Sigma54""]"	regulondb_ecoli	exact_source_mapping_candidate_not_independent_validation	tjupan_escherichia_coli_main_4572a4735d657ef3
regulondb_ecoli_core_2923bbc011d5d677	True	"[""Sigma70""]"	regulondb_ecoli	exact_source_mapping_candidate_not_independent_validation	tjupan_escherichia_coli_main_2716cefc53491807
regulondb_ecoli_core_7c08df7739205319	True	[]	regulondb_ecoli	exact_source_mapping_candidate_not_independent_validation	tjupan_escherichia_coli_main_7c08df7739205319
regulondb_ecoli_core_f9aa931a3559064e	True	"[""Sigma70""]"	regulondb_ecoli	exact_source_mapping_candidate_not_independent_validation	tjupan_escherichia_coli_main_f9aa931a3559064e
regulondb_ecoli_core_2fd5bfe26868a929	True	"[""Sigma38"", ""Sigma70""]"	regulondb_ecoli	exact_source_mapping_candidate_not_independent_validation	tjupan_escherichia_coli_main_9389f1b5318b8c7f
regulondb_ecoli_core_6524012bd0b4fe96	True	"[""Sigma70""]"	regulondb_ecoli	exact_source_mapping_candidate_not_independent_validation	tjupan_escherichia_coli_main_28cef3e34a8fb54c
regulondb_ecoli_core_1f2b8b82b93f50e3	True	"[""Sigma70""]"	regulondb_ecoli	exact_source_mapping_candidate_not_independent_validation	tjupan_escherichia_coli_main_c8295d1656b1dfc6
regulondb_ecoli_core_d8dd4c734592231a	True	"[""Sigma70""]"	regulondb_ecoli	exact_source_mapping_candidate_not_independent_validation	tjupan_escherichia_coli_main_d8dd4c734592231a
regulondb_ecoli_core_dccc7e004e96fd80	True	"[""Sigma70""]"	regulondb_ecoli	exact_source_mapping_candidate_not_independent_validation	tjupan_escherichia_coli_main_914942b0d3cd1acf
regulondb_ecoli_core_a11e821a50f7b8b9	True	[]	regulondb_ecoli	exact_source_mapping_candidate_not_independent_validation	tjupan_escherichia_coli_main_794e2efd9b855c91
regulondb_ecoli_core_9ccf7e78a0aa9480	True	"[""Sigma70""]"	regulondb_ecoli	exact_source_mapping_candidate_not_independent_validation	tjupan_escherichia_coli_main_598de37440801536
regulondb_ecoli_core_7bb7c6224f81a12e	True	[]	regulondb_ecoli	exact_source_mapping_candidate_not_independent_validation	tjupan_escherichia_coli_main_7bb7c6224f81a12e
regulondb_ecoli_core_662a320e1948484a	True	[]	regulondb_ecoli	exact_source_mapping_candidate_not_independent_validation	tjupan_escherichia_coli_main_4788ceb0aedf6276
regulondb_ecoli_core_d7d64d2e31fbc720	True	[]	regulondb_ecoli	exact_source_mapping_candidate_not_independent_validation	tjupan_escherichia_coli_main_d7d64d2e31fbc720
regulondb_ecoli_core_3413d0d33c853244	True	"[""Sigma70""]"	regulondb_ecoli	exact_source_mapping_candidate_not_independent_validation	tjupan_escherichia_coli_main_0b4e840579b0298c
regulondb_ecoli_core_7d0d775fd6cddc1d	True	"[""Sigma24""]"	regulondb_ecoli	exact_source_mapping_candidate_not_independent_validation	tjupan_escherichia_coli_main_7d0d775fd6cddc1d
regulondb_ecoli_core_b6d054b71cad54f5	True	"[""Sigma70""]"	regulondb_ecoli	exact_source_mapping_candidate_not_independent_validation	tjupan_escherichia_coli_main_f49f92bf7498f5d6
regulondb_ecoli_core_ca84e3c2f4350a05	True	"[""Sigma70""]"	regulondb_ecoli	exact_source_mapping_candidate_not_independent_validation	tjupan_escherichia_coli_main_ca84e3c2f4350a05
regulondb_ecoli_core_65cef0e4e0993f72	True	"[""Sigma70""]"	regulondb_ecoli	exact_source_mapping_candidate_not_independent_validation	tjupan_escherichia_coli_main_65cef0e4e0993f72
regulondb_ecoli_core_43c58f850ffbc167	True	"[""Sigma70""]"	regulondb_ecoli	exact_source_mapping_candidate_not_independent_validation	tjupan_escherichia_coli_main_43c58f850ffbc167
regulondb_ecoli_core_334d0f5b89b34f68	True	[]	regulondb_ecoli	exact_source_mapping_candidate_not_independent_validation	tjupan_escherichia_coli_main_773fe9e1548398be
regulondb_ecoli_core_57315259773da2fd	True	[]	regulondb_ecoli	exact_source_mapping_candidate_not_independent_validation	tjupan_escherichia_coli_main_57315259773da2fd
regulondb_ecoli_core_61744e8b6c529676	True	[]	regulondb_ecoli	exact_source_mapping_candidate_not_independent_validation	tjupan_escherichia_coli_main_61744e8b6c529676
regulondb_ecoli_core_694d06681f92320d	True	"[""Sigma70""]"	regulondb_ecoli	exact_source_mapping_candidate_not_independent_validation	tjupan_escherichia_coli_main_c4f74da46c37e764
regulondb_ecoli_core_9cdcab10f3779870	True	"[""Sigma32""]"	regulondb_ecoli	exact_source_mapping_candidate_not_independent_validation	tjupan_escherichia_coli_main_4889177695bd43e2
regulondb_ecoli_core_b204b6a6af941071	True	[]	regulondb_ecoli	exact_source_mapping_candidate_not_independent_validation	tjupan_escherichia_coli_main_b204b6a6af941071
regulondb_ecoli_core_c8b20cbc796fd474	True	"[""Sigma54""]"	regulondb_ecoli	exact_source_mapping_candidate_not_independent_validation	tjupan_escherichia_coli_main_253b3870f7d5b00d
regulondb_ecoli_core_dabadb39cd4418cd	True	"[""Sigma70""]"	regulondb_ecoli	exact_source_mapping_candidate_not_independent_validation	tjupan_escherichia_coli_main_dabadb39cd4418cd
regulondb_ecoli_core_f2fe07adeb4e2d27	True	[]	regulondb_ecoli	exact_source_mapping_candidate_not_independent_validation	tjupan_escherichia_coli_main_333cf597af39ec3b
regulondb_ecoli_core_e01df15ccec4c215	True	"[""Sigma70""]"	regulondb_ecoli	exact_source_mapping_candidate_not_independent_validation	tjupan_escherichia_coli_main_e01df15ccec4c215
regulondb_ecoli_core_45b91a92ba14ec7e	True	"[""Sigma70""]"	regulondb_ecoli	exact_source_mapping_candidate_not_independent_validation	tjupan_escherichia_coli_main_5a7bc82e8d4bde88
regulondb_ecoli_core_3d447bc29a7591e1	True	[]	regulondb_ecoli	exact_source_mapping_candidate_not_independent_validation	tjupan_escherichia_coli_main_3d447bc29a7591e1
regulondb_ecoli_core_492720069c8eee88	True	"[""Sigma70""]"	regulondb_ecoli	exact_source_mapping_candidate_not_independent_validation	tjupan_escherichia_coli_main_54af42ba23ed56fa
regulondb_ecoli_core_aa6ce7b01c6816ef	True	"[""Sigma70""]"	regulondb_ecoli	exact_source_mapping_candidate_not_independent_validation	tjupan_escherichia_coli_main_aa6ce7b01c6816ef
regulondb_ecoli_core_249fcdc581ca444f	True	[]	regulondb_ecoli	exact_source_mapping_candidate_not_independent_validation	tjupan_escherichia_coli_main_636bd3a1f117f065
regulondb_ecoli_core_d1ae3a871f639d7d	True	"[""Sigma70""]"	regulondb_ecoli	exact_source_mapping_candidate_not_independent_validation	tjupan_escherichia_coli_main_d1ae3a871f639d7d
regulondb_ecoli_core_791ad8b9d4f42c91	True	"[""Sigma38"", ""Sigma70""]"	regulondb_ecoli	exact_source_mapping_candidate_not_independent_validation	tjupan_escherichia_coli_main_791ad8b9d4f42c91
regulondb_ecoli_core_34935fe20532bed7	True	"[""Sigma54""]"	regulondb_ecoli	exact_source_mapping_candidate_not_independent_validation	tjupan_escherichia_coli_main_34935fe20532bed7
regulondb_ecoli_core_7770545c106ebc8c	True	"[""Sigma38"", ""Sigma70""]"	regulondb_ecoli	exact_source_mapping_candidate_not_independent_validation	tjupan_escherichia_coli_main_7770545c106ebc8c
regulondb_ecoli_core_b7453a0023c31278	True	"[""Sigma38""]"	regulondb_ecoli	exact_source_mapping_candidate_not_independent_validation	tjupan_escherichia_coli_main_b7453a0023c31278
regulondb_ecoli_core_beebf593b4f9fa32	True	"[""Sigma28""]"	regulondb_ecoli	exact_source_mapping_candidate_not_independent_validation	tjupan_escherichia_coli_main_beebf593b4f9fa32
regulondb_ecoli_core_d61f3b787bf96b97	False	"[""Sigma70""]"	regulondb_ecoli	exact_source_mapping_candidate_not_independent_validation	tjupan_escherichia_coli_main_d61f3b787bf96b97
regulondb_ecoli_core_43da11b3c2b207c2	True	[]	regulondb_ecoli	exact_source_mapping_candidate_not_independent_validation	tjupan_escherichia_coli_main_d61f3b787bf96b97
regulondb_ecoli_core_2a24fee93c482c23	True	[]	regulondb_ecoli	exact_source_mapping_candidate_not_independent_validation	tjupan_escherichia_coli_main_2a24fee93c482c23
regulondb_ecoli_core_dc2659f8428617f2	True	"[""Sigma70""]"	regulondb_ecoli	exact_source_mapping_candidate_not_independent_validation	tjupan_escherichia_coli_main_dc2659f8428617f2
regulondb_ecoli_core_3772374280cc517c	True	"[""Sigma70""]"	regulondb_ecoli	exact_source_mapping_candidate_not_independent_validation	tjupan_escherichia_coli_main_3772374280cc517c
regulondb_ecoli_core_a42552dc6455419b	True	[]	regulondb_ecoli	exact_source_mapping_candidate_not_independent_validation	tjupan_escherichia_coli_main_a42552dc6455419b
regulondb_ecoli_core_553d77e8108094b6	True	"[""Sigma70""]"	regulondb_ecoli	exact_source_mapping_candidate_not_independent_validation	tjupan_escherichia_coli_main_553d77e8108094b6
regulondb_ecoli_core_8e5113ef65eab58c	True	[]	regulondb_ecoli	exact_source_mapping_candidate_not_independent_validation	tjupan_escherichia_coli_main_8e5113ef65eab58c
regulondb_ecoli_core_4a8069656df1e150	True	"[""Sigma38"", ""Sigma70""]"	regulondb_ecoli	exact_source_mapping_candidate_not_independent_validation	tjupan_escherichia_coli_main_4a8069656df1e150
regulondb_ecoli_core_4df0156cd689a374	True	[]	regulondb_ecoli	exact_source_mapping_candidate_not_independent_validation	tjupan_escherichia_coli_main_4df0156cd689a374
regulondb_ecoli_core_193951ff4c71e49b	True	"[""Sigma70""]"	regulondb_ecoli	exact_source_mapping_candidate_not_independent_validation	tjupan_escherichia_coli_main_193951ff4c71e49b
regulondb_ecoli_core_d5a99a893bfde31b	True	"[""Sigma70""]"	regulondb_ecoli	exact_source_mapping_candidate_not_independent_validation	tjupan_escherichia_coli_main_ebfa839353750306
regulondb_ecoli_core_7b580db7d7d0f02a	True	"[""Sigma28""]"	regulondb_ecoli	exact_source_mapping_candidate_not_independent_validation	tjupan_escherichia_coli_main_7b580db7d7d0f02a
regulondb_ecoli_core_b334283210beaa3f	True	"[""Sigma70""]"	regulondb_ecoli	exact_source_mapping_candidate_not_independent_validation	tjupan_escherichia_coli_main_ec531dc0cc968d81
regulondb_ecoli_core_29875c3f10907551	True	"[""Sigma38""]"	regulondb_ecoli	exact_source_mapping_candidate_not_independent_validation	tjupan_escherichia_coli_main_ceaf9ef9d3ff017f
regulondb_ecoli_core_063045b6492571e5	True	"[""Sigma38""]"	regulondb_ecoli	exact_source_mapping_candidate_not_independent_validation	tjupan_escherichia_coli_main_cb7a3dc7907f7d45
regulondb_ecoli_core_8cd97d16e3d8f0a7	True	[]	regulondb_ecoli	exact_source_mapping_candidate_not_independent_validation	tjupan_escherichia_coli_main_8cd97d16e3d8f0a7
regulondb_ecoli_core_b26da6595f66d220	True	"[""Sigma70""]"	regulondb_ecoli	exact_source_mapping_candidate_not_independent_validation	tjupan_escherichia_coli_main_90e7cf7cd6547f81
regulondb_ecoli_core_749c9c5829df29dd	True	[]	regulondb_ecoli	exact_source_mapping_candidate_not_independent_validation	tjupan_escherichia_coli_main_749c9c5829df29dd
regulondb_ecoli_core_c4a6f04b6e6ab51d	True	"[""Sigma70""]"	regulondb_ecoli	exact_source_mapping_candidate_not_independent_validation	tjupan_escherichia_coli_main_5d07f3d4a6db4ed2
regulondb_ecoli_core_69658e3db81eae48	True	"[""Sigma70""]"	regulondb_ecoli	exact_source_mapping_candidate_not_independent_validation	tjupan_escherichia_coli_main_53b0ee0a6caefe2b
regulondb_ecoli_core_4f88b68b279cd149	True	[]	regulondb_ecoli	exact_source_mapping_candidate_not_independent_validation	tjupan_escherichia_coli_main_b711599fdbc25aa7
regulondb_ecoli_core_c2b3b5adc100f2fc	True	"[""Sigma70""]"	regulondb_ecoli	exact_source_mapping_candidate_not_independent_validation	tjupan_escherichia_coli_main_d30aed171782f4c4
regulondb_ecoli_core_79c3fc461d3f9837	True	"[""Sigma70""]"	regulondb_ecoli	exact_source_mapping_candidate_not_independent_validation	tjupan_escherichia_coli_main_79c3fc461d3f9837
regulondb_ecoli_core_b67e7e4955e0edef	True	"[""Sigma70""]"	regulondb_ecoli	exact_source_mapping_candidate_not_independent_validation	tjupan_escherichia_coli_main_b67e7e4955e0edef
regulondb_ecoli_core_30f6eab4cfc7b20f	True	[]	regulondb_ecoli	exact_source_mapping_candidate_not_independent_validation	tjupan_escherichia_coli_main_30f6eab4cfc7b20f
regulondb_ecoli_core_d77f9623580ca916	True	[]	regulondb_ecoli	exact_source_mapping_candidate_not_independent_validation	tjupan_escherichia_coli_main_c844aca6c6e68d09
regulondb_ecoli_core_db39d3fd29c79a6b	True	"[""Sigma38""]"	regulondb_ecoli	exact_source_mapping_candidate_not_independent_validation	tjupan_escherichia_coli_main_db39d3fd29c79a6b
regulondb_ecoli_core_6d1442b1de893394	True	[]	regulondb_ecoli	exact_source_mapping_candidate_not_independent_validation	tjupan_escherichia_coli_main_75590e41ec145d7b
regulondb_ecoli_core_d89b8836dc15ae7c	True	[]	regulondb_ecoli	exact_source_mapping_candidate_not_independent_validation	tjupan_escherichia_coli_main_d89b8836dc15ae7c
regulondb_ecoli_core_69c144cfd0951789	True	[]	regulondb_ecoli	exact_source_mapping_candidate_not_independent_validation	tjupan_escherichia_coli_main_621dee20439e5873
regulondb_ecoli_core_8ea721c6f98a9eda	True	"[""Sigma70""]"	regulondb_ecoli	exact_source_mapping_candidate_not_independent_validation	tjupan_escherichia_coli_main_858d823aa1b8e432
regulondb_ecoli_core_d7f2eba72fbed05c	True	"[""Sigma70""]"	regulondb_ecoli	exact_source_mapping_candidate_not_independent_validation	tjupan_escherichia_coli_main_d7f2eba72fbed05c
regulondb_ecoli_core_b17ab522ad5c4cfd	True	"[""Sigma70""]"	regulondb_ecoli	exact_source_mapping_candidate_not_independent_validation	tjupan_escherichia_coli_main_d4d39768c389a675
regulondb_ecoli_core_e14fe41109ca5945	True	"[""Sigma70""]"	regulondb_ecoli	exact_source_mapping_candidate_not_independent_validation	tjupan_escherichia_coli_main_e14fe41109ca5945
regulondb_ecoli_core_ad77485a28f897a1	True	"[""Sigma70""]"	regulondb_ecoli	exact_source_mapping_candidate_not_independent_validation	tjupan_escherichia_coli_main_ad77485a28f897a1
regulondb_ecoli_core_f07f69a66aae9af2	True	"[""Sigma70""]"	regulondb_ecoli	exact_source_mapping_candidate_not_independent_validation	tjupan_escherichia_coli_main_f07f69a66aae9af2
regulondb_ecoli_core_e484ab1402811f84	True	[]	regulondb_ecoli	exact_source_mapping_candidate_not_independent_validation	tjupan_escherichia_coli_main_e484ab1402811f84
regulondb_ecoli_core_7009b8edd9d97aae	True	"[""Sigma70""]"	regulondb_ecoli	exact_source_mapping_candidate_not_independent_validation	tjupan_escherichia_coli_main_ab84cb4cf56b55ba
regulondb_ecoli_core_fd929e1c957c58a7	True	[]	regulondb_ecoli	exact_source_mapping_candidate_not_independent_validation	tjupan_escherichia_coli_main_d1a7d09f66643e27
regulondb_ecoli_core_2fe476074fea08fd	True	"[""Sigma32"", ""Sigma70""]"	regulondb_ecoli	exact_source_mapping_candidate_not_independent_validation	tjupan_escherichia_coli_main_2fe476074fea08fd
regulondb_ecoli_core_7cf7fd19c1800fcf	True	"[""Sigma70""]"	regulondb_ecoli	exact_source_mapping_candidate_not_independent_validation	tjupan_escherichia_coli_main_0a432017b401f37e
regulondb_ecoli_core_bc270e948a2f0f22	True	[]	regulondb_ecoli	exact_source_mapping_candidate_not_independent_validation	tjupan_escherichia_coli_main_24582c191d54fb10
regulondb_ecoli_core_436bdcb7cdd87b40	True	"[""Sigma70""]"	regulondb_ecoli	exact_source_mapping_candidate_not_independent_validation	tjupan_escherichia_coli_main_436bdcb7cdd87b40
regulondb_ecoli_core_3eef634664f00eaf	True	"[""Sigma70""]"	regulondb_ecoli	exact_source_mapping_candidate_not_independent_validation	tjupan_escherichia_coli_main_a955ccac9d70d60d
regulondb_ecoli_core_85cace6ec96cad5b	True	"[""Sigma70""]"	regulondb_ecoli	exact_source_mapping_candidate_not_independent_validation	tjupan_escherichia_coli_main_85cace6ec96cad5b
regulondb_ecoli_core_d7ef6a4c96ee15b4	True	[]	regulondb_ecoli	exact_source_mapping_candidate_not_independent_validation	tjupan_escherichia_coli_main_d7ef6a4c96ee15b4
regulondb_ecoli_core_d313c9ccc5851d9e	True	"[""Sigma70""]"	regulondb_ecoli	exact_source_mapping_candidate_not_independent_validation	tjupan_escherichia_coli_main_d313c9ccc5851d9e
regulondb_ecoli_core_84a4e8e327a449fc	True	"[""Sigma70""]"	regulondb_ecoli	exact_source_mapping_candidate_not_independent_validation	tjupan_escherichia_coli_main_0d591072bcf2c28d
regulondb_ecoli_core_0b3f438859989380	True	"[""Sigma70""]"	regulondb_ecoli	exact_source_mapping_candidate_not_independent_validation	tjupan_escherichia_coli_main_0b3f438859989380
regulondb_ecoli_core_d20b88a0b01bc2a1	True	"[""Sigma70""]"	regulondb_ecoli	exact_source_mapping_candidate_not_independent_validation	tjupan_escherichia_coli_main_d20b88a0b01bc2a1
regulondb_ecoli_core_7c8242236cc51652	True	[]	regulondb_ecoli	exact_source_mapping_candidate_not_independent_validation	tjupan_escherichia_coli_main_7c8242236cc51652
regulondb_ecoli_core_bcab82a9c4f07846	True	"[""Sigma70""]"	regulondb_ecoli	exact_source_mapping_candidate_not_independent_validation	tjupan_escherichia_coli_main_6b4c76d3fe67d416
regulondb_ecoli_core_c597dbb37dabcc5d	True	[]	regulondb_ecoli	exact_source_mapping_candidate_not_independent_validation	tjupan_escherichia_coli_main_0535e14b109553f0
regulondb_ecoli_core_b363e436a45ab51d	True	"[""Sigma32""]"	regulondb_ecoli	exact_source_mapping_candidate_not_independent_validation	tjupan_escherichia_coli_main_777f33f6d0f05a69
regulondb_ecoli_core_182851bae140af66	True	"[""Sigma38""]"	regulondb_ecoli	exact_source_mapping_candidate_not_independent_validation	tjupan_escherichia_coli_main_182851bae140af66
regulondb_ecoli_core_2dd829ae260ff867	True	"[""Sigma70""]"	regulondb_ecoli	exact_source_mapping_candidate_not_independent_validation	tjupan_escherichia_coli_main_2dd829ae260ff867
regulondb_ecoli_core_521957c3c9e5b959	True	"[""Sigma70""]"	regulondb_ecoli	exact_source_mapping_candidate_not_independent_validation	tjupan_escherichia_coli_main_521957c3c9e5b959
regulondb_ecoli_core_28319c0e21996b23	True	"[""Sigma28""]"	regulondb_ecoli	exact_source_mapping_candidate_not_independent_validation	tjupan_escherichia_coli_main_b20635c6017d32b4
regulondb_ecoli_core_baad17085f8953c5	True	"[""Sigma70""]"	regulondb_ecoli	exact_source_mapping_candidate_not_independent_validation	tjupan_escherichia_coli_main_4c004bfb0c30e6d9
regulondb_ecoli_core_2d14641b688d9c8b	True	"[""Sigma70""]"	regulondb_ecoli	exact_source_mapping_candidate_not_independent_validation	tjupan_escherichia_coli_main_f0d5d51a2e51a9c6
regulondb_ecoli_core_5542e29d309197be	True	"[""Sigma70""]"	regulondb_ecoli	exact_source_mapping_candidate_not_independent_validation	tjupan_escherichia_coli_main_5542e29d309197be
regulondb_ecoli_core_1a9a13bf55fe36db	True	"[""Sigma70""]"	regulondb_ecoli	exact_source_mapping_candidate_not_independent_validation	tjupan_escherichia_coli_main_1a9a13bf55fe36db
regulondb_ecoli_core_ef42f8702884b40a	True	"[""Sigma70""]"	regulondb_ecoli	exact_source_mapping_candidate_not_independent_validation	tjupan_escherichia_coli_main_ef42f8702884b40a
regulondb_ecoli_core_00087be1d266b1a9	True	"[""Sigma32""]"	regulondb_ecoli	exact_source_mapping_candidate_not_independent_validation	tjupan_escherichia_coli_main_ecbce9d4690971d2
regulondb_ecoli_core_591641e867f77b5c	True	"[""Sigma70""]"	regulondb_ecoli	exact_source_mapping_candidate_not_independent_validation	tjupan_escherichia_coli_main_99c83aca46f514a2
regulondb_ecoli_core_758e0f22d33926cb	True	[]	regulondb_ecoli	exact_source_mapping_candidate_not_independent_validation	tjupan_escherichia_coli_main_758e0f22d33926cb
regulondb_ecoli_core_7369da1612e25499	True	[]	regulondb_ecoli	exact_source_mapping_candidate_not_independent_validation	tjupan_escherichia_coli_main_692631cf683af8e0
regulondb_ecoli_core_4ed55621e7e34f89	True	[]	regulondb_ecoli	exact_source_mapping_candidate_not_independent_validation	tjupan_escherichia_coli_main_4ed55621e7e34f89
regulondb_ecoli_core_b2d322720343dbf1	True	"[""Sigma70""]"	regulondb_ecoli	exact_source_mapping_candidate_not_independent_validation	tjupan_escherichia_coli_main_fa7e506540ec190b
regulondb_ecoli_core_bb69288674e16425	True	"[""Sigma70""]"	regulondb_ecoli	exact_source_mapping_candidate_not_independent_validation	tjupan_escherichia_coli_main_142b1ad6167291bb
regulondb_ecoli_core_fbe8e58047f20846	True	"[""Sigma70""]"	regulondb_ecoli	exact_source_mapping_candidate_not_independent_validation	tjupan_escherichia_coli_main_3475744a0aa874e6
regulondb_ecoli_core_4c43077c5a863a1b	True	"[""Sigma24"", ""Sigma70""]"	regulondb_ecoli	exact_source_mapping_candidate_not_independent_validation	tjupan_escherichia_coli_main_11292af847906503
regulondb_ecoli_core_1ee90ce600c19924	True	"[""Sigma38""]"	regulondb_ecoli	exact_source_mapping_candidate_not_independent_validation	tjupan_escherichia_coli_main_51bec9e131874413
regulondb_ecoli_core_0efb5c4c8861506e	True	[]	regulondb_ecoli	exact_source_mapping_candidate_not_independent_validation	tjupan_escherichia_coli_main_a3146231d384619f
regulondb_ecoli_core_9e174871baa5085b	True	"[""Sigma38"", ""Sigma70""]"	regulondb_ecoli	exact_source_mapping_candidate_not_independent_validation	tjupan_escherichia_coli_main_9e174871baa5085b
regulondb_ecoli_core_3fddf90577093498	True	"[""Sigma70""]"	regulondb_ecoli	exact_source_mapping_candidate_not_independent_validation	tjupan_escherichia_coli_main_3fddf90577093498
regulondb_ecoli_core_c14c7babe65ce99f	True	[]	regulondb_ecoli	exact_source_mapping_candidate_not_independent_validation	tjupan_escherichia_coli_main_c14c7babe65ce99f
regulondb_ecoli_core_44ff1dad5743d1dd	True	[]	regulondb_ecoli	exact_source_mapping_candidate_not_independent_validation	tjupan_escherichia_coli_main_44ff1dad5743d1dd
regulondb_ecoli_core_2473ea5967b4eb49	True	"[""Sigma38""]"	regulondb_ecoli	exact_source_mapping_candidate_not_independent_validation	tjupan_escherichia_coli_main_a126cb6d8ab7150a
regulondb_ecoli_core_69d385dd46524cba	True	[]	regulondb_ecoli	exact_source_mapping_candidate_not_independent_validation	tjupan_escherichia_coli_main_69d385dd46524cba
regulondb_ecoli_core_a2902c47bf0c07dc	True	"[""Sigma32""]"	regulondb_ecoli	exact_source_mapping_candidate_not_independent_validation	tjupan_escherichia_coli_main_e402f97b3f0092a2
regulondb_ecoli_core_ba6a8e7535cd4ca6	True	"[""Sigma70""]"	regulondb_ecoli	exact_source_mapping_candidate_not_independent_validation	tjupan_escherichia_coli_main_ad782a9e041db112
regulondb_ecoli_core_8a1374733ae77812	True	[]	regulondb_ecoli	exact_source_mapping_candidate_not_independent_validation	tjupan_escherichia_coli_main_8a1374733ae77812
regulondb_ecoli_core_f2646cf3c81af5da	True	"[""Sigma70""]"	regulondb_ecoli	exact_source_mapping_candidate_not_independent_validation	tjupan_escherichia_coli_main_f2646cf3c81af5da
regulondb_ecoli_core_8ae0f50f31c41949	True	"[""Sigma38""]"	regulondb_ecoli	exact_source_mapping_candidate_not_independent_validation	tjupan_escherichia_coli_main_8ae0f50f31c41949
regulondb_ecoli_core_5c29456b2c781ddb	True	"[""Sigma38"", ""Sigma70""]"	regulondb_ecoli	exact_source_mapping_candidate_not_independent_validation	tjupan_escherichia_coli_main_1d92a85548ef1c8f
regulondb_ecoli_core_9575fb9307445c67	True	"[""Sigma70""]"	regulondb_ecoli	exact_source_mapping_candidate_not_independent_validation	tjupan_escherichia_coli_main_9575fb9307445c67
regulondb_ecoli_core_7c1ed47648fcd0fe	True	"[""Sigma70""]"	regulondb_ecoli	exact_source_mapping_candidate_not_independent_validation	tjupan_escherichia_coli_main_7c1ed47648fcd0fe
regulondb_ecoli_core_e5c8093acd8d1105	True	"[""Sigma70""]"	regulondb_ecoli	exact_source_mapping_candidate_not_independent_validation	tjupan_escherichia_coli_main_2a9ab152cc7239ce
regulondb_ecoli_core_7b6ab1139149e2c6	True	"[""Sigma70""]"	regulondb_ecoli	exact_source_mapping_candidate_not_independent_validation	tjupan_escherichia_coli_main_7b6ab1139149e2c6
regulondb_ecoli_core_73a19daa3424d1b0	True	[]	regulondb_ecoli	exact_source_mapping_candidate_not_independent_validation	tjupan_escherichia_coli_main_ddac1219fc44080e
regulondb_ecoli_core_4fd9a15700973224	True	"[""Sigma70""]"	regulondb_ecoli	exact_source_mapping_candidate_not_independent_validation	tjupan_escherichia_coli_main_d6498eb68579c216
regulondb_ecoli_core_8fd3f5ec16a1a16a	True	"[""Sigma70""]"	regulondb_ecoli	exact_source_mapping_candidate_not_independent_validation	tjupan_escherichia_coli_main_ce818f22782856f0
regulondb_ecoli_core_f956760433a8175c	True	[]	regulondb_ecoli	exact_source_mapping_candidate_not_independent_validation	tjupan_escherichia_coli_main_9dfba25b89d7650e
regulondb_ecoli_core_89559c76dbc3dba0	True	[]	regulondb_ecoli	exact_source_mapping_candidate_not_independent_validation	tjupan_escherichia_coli_main_89559c76dbc3dba0
regulondb_ecoli_core_5acda977a3f23b20	True	"[""Sigma70""]"	regulondb_ecoli	exact_source_mapping_candidate_not_independent_validation	tjupan_escherichia_coli_main_5acda977a3f23b20
regulondb_ecoli_core_136a704230bc366e	True	[]	regulondb_ecoli	exact_source_mapping_candidate_not_independent_validation	tjupan_escherichia_coli_main_136a704230bc366e
regulondb_ecoli_core_5ed1d2828216b4dc	True	"[""Sigma32""]"	regulondb_ecoli	exact_source_mapping_candidate_not_independent_validation	tjupan_escherichia_coli_main_5ed1d2828216b4dc
regulondb_ecoli_core_25c6d7ae4aed02db	True	"[""Sigma70""]"	regulondb_ecoli	exact_source_mapping_candidate_not_independent_validation	tjupan_escherichia_coli_main_a1b708f1f348f31f
regulondb_ecoli_core_1a3a18a0df6b54ff	True	"[""Sigma70""]"	regulondb_ecoli	exact_source_mapping_candidate_not_independent_validation	tjupan_escherichia_coli_main_351ead096b5cd1ac
regulondb_ecoli_core_847c548ac8f648e8	True	[]	regulondb_ecoli	exact_source_mapping_candidate_not_independent_validation	tjupan_escherichia_coli_main_e46b524232ad681f
regulondb_ecoli_core_d75da44c6aff944f	True	[]	regulondb_ecoli	exact_source_mapping_candidate_not_independent_validation	tjupan_escherichia_coli_main_d75da44c6aff944f
regulondb_ecoli_core_86891264aba69f12	True	"[""Sigma70""]"	regulondb_ecoli	exact_source_mapping_candidate_not_independent_validation	tjupan_escherichia_coli_main_86891264aba69f12
regulondb_ecoli_core_2f8e5535575c6bdb	True	[]	regulondb_ecoli	exact_source_mapping_candidate_not_independent_validation	tjupan_escherichia_coli_main_2f8e5535575c6bdb
regulondb_ecoli_core_06c909f2b7925c8c	True	"[""Sigma38""]"	regulondb_ecoli	exact_source_mapping_candidate_not_independent_validation	tjupan_escherichia_coli_main_bb5bffe22a49fd7e
regulondb_ecoli_core_5efb82f358238f8a	True	"[""Sigma70""]"	regulondb_ecoli	exact_source_mapping_candidate_not_independent_validation	tjupan_escherichia_coli_main_5efb82f358238f8a
regulondb_ecoli_core_2ab18ecebbb2cf0a	True	"[""Sigma70""]"	regulondb_ecoli	exact_source_mapping_candidate_not_independent_validation	tjupan_escherichia_coli_main_2ab18ecebbb2cf0a
regulondb_ecoli_core_effb33ba95667f41	True	"[""Sigma24"", ""Sigma70""]"	regulondb_ecoli	exact_source_mapping_candidate_not_independent_validation	tjupan_escherichia_coli_main_4f18d19ef709b3d6
regulondb_ecoli_core_6daf25c30121c316	True	"[""Sigma70""]"	regulondb_ecoli	exact_source_mapping_candidate_not_independent_validation	tjupan_escherichia_coli_main_6daf25c30121c316
regulondb_ecoli_core_0141588e3d771b96	True	"[""Sigma70""]"	regulondb_ecoli	exact_source_mapping_candidate_not_independent_validation	tjupan_escherichia_coli_main_d4a9b6bc7fa4c99f
regulondb_ecoli_core_454e07080acf4e27	True	"[""Sigma38""]"	regulondb_ecoli	exact_source_mapping_candidate_not_independent_validation	tjupan_escherichia_coli_main_454e07080acf4e27
regulondb_ecoli_core_cfbfa949ab72743e	True	"[""Sigma32""]"	regulondb_ecoli	exact_source_mapping_candidate_not_independent_validation	tjupan_escherichia_coli_main_cfbfa949ab72743e
regulondb_ecoli_core_f134f96d97b6a744	True	"[""Sigma70""]"	regulondb_ecoli	exact_source_mapping_candidate_not_independent_validation	tjupan_escherichia_coli_main_f779c37d48e11785
regulondb_ecoli_core_3ac83e0bfdbbabe5	True	[]	regulondb_ecoli	exact_source_mapping_candidate_not_independent_validation	tjupan_escherichia_coli_main_3ac83e0bfdbbabe5
regulondb_ecoli_core_c7c3ff3b9dc2bb1b	True	"[""Sigma70""]"	regulondb_ecoli	exact_source_mapping_candidate_not_independent_validation	tjupan_escherichia_coli_main_1118bcfa637d8a69
regulondb_ecoli_core_8d760fb46bf7ed98	True	"[""Sigma70""]"	regulondb_ecoli	exact_source_mapping_candidate_not_independent_validation	tjupan_escherichia_coli_main_a5b6b009fd3f172a
regulondb_ecoli_core_3e9b9f22cab54656	True	[]	regulondb_ecoli	exact_source_mapping_candidate_not_independent_validation	tjupan_escherichia_coli_main_3e9b9f22cab54656
regulondb_ecoli_core_c26e73dffefeefb7	True	[]	regulondb_ecoli	exact_source_mapping_candidate_not_independent_validation	tjupan_escherichia_coli_main_c26e73dffefeefb7
regulondb_ecoli_core_0e2e6db3b7d7a992	True	"[""Sigma70""]"	regulondb_ecoli	exact_source_mapping_candidate_not_independent_validation	tjupan_escherichia_coli_main_0e2e6db3b7d7a992
regulondb_ecoli_core_08cca1dfc8eebcea	True	"[""Sigma32"", ""Sigma70""]"	regulondb_ecoli	exact_source_mapping_candidate_not_independent_validation	tjupan_escherichia_coli_main_43b7bce57171803c
regulondb_ecoli_core_b80f6ed07e49572e	True	"[""Sigma70""]"	regulondb_ecoli	exact_source_mapping_candidate_not_independent_validation	tjupan_escherichia_coli_main_a3c3fbc088666f98
regulondb_ecoli_core_1eb03144be19250d	True	[]	regulondb_ecoli	exact_source_mapping_candidate_not_independent_validation	tjupan_escherichia_coli_main_1eb03144be19250d
regulondb_ecoli_core_9123c4dfa126606a	True	[]	regulondb_ecoli	exact_source_mapping_candidate_not_independent_validation	tjupan_escherichia_coli_main_af1ea2a548e4a1ea
regulondb_ecoli_core_aac2b64b737ace77	True	[]	regulondb_ecoli	exact_source_mapping_candidate_not_independent_validation	tjupan_escherichia_coli_main_f16f957e376526ec
regulondb_ecoli_core_e82cbca6a2a4da2c	True	"[""Sigma70""]"	regulondb_ecoli	exact_source_mapping_candidate_not_independent_validation	tjupan_escherichia_coli_main_80691fd81d5d46ee
regulondb_ecoli_core_8485de5f865bd9bd	True	"[""Sigma38""]"	regulondb_ecoli	exact_source_mapping_candidate_not_independent_validation	tjupan_escherichia_coli_main_55466c79f7e42aa2
regulondb_ecoli_core_455b14389fb7eb10	True	"[""Sigma70""]"	regulondb_ecoli	exact_source_mapping_candidate_not_independent_validation	tjupan_escherichia_coli_main_75d8457d7c88b994
regulondb_ecoli_core_26d3966ca8c4b587	True	"[""Sigma70""]"	regulondb_ecoli	exact_source_mapping_candidate_not_independent_validation	tjupan_escherichia_coli_main_26d3966ca8c4b587
regulondb_ecoli_core_493fe50738f5d564	True	"[""Sigma38""]"	regulondb_ecoli	exact_source_mapping_candidate_not_independent_validation	tjupan_escherichia_coli_main_493fe50738f5d564
regulondb_ecoli_core_0ae9b05ac547cf6c	True	[]	regulondb_ecoli	exact_source_mapping_candidate_not_independent_validation	tjupan_escherichia_coli_main_0ae9b05ac547cf6c
regulondb_ecoli_core_2503404b85257e2d	True	[]	regulondb_ecoli	exact_source_mapping_candidate_not_independent_validation	tjupan_escherichia_coli_main_773ff0be0dbabd4c
regulondb_ecoli_core_75c3d6053a47cab0	True	[]	regulondb_ecoli	exact_source_mapping_candidate_not_independent_validation	tjupan_escherichia_coli_main_28c0e1e572a891d4
regulondb_ecoli_core_f2e633b3eba97210	True	"[""Sigma70""]"	regulondb_ecoli	exact_source_mapping_candidate_not_independent_validation	tjupan_escherichia_coli_main_f2e633b3eba97210
regulondb_ecoli_core_6c2bd3642830406d	True	"[""Sigma32""]"	regulondb_ecoli	exact_source_mapping_candidate_not_independent_validation	tjupan_escherichia_coli_main_1b8ac139452be9fe
regulondb_ecoli_core_c721cd45ce3d54dd	True	"[""Sigma70""]"	regulondb_ecoli	exact_source_mapping_candidate_not_independent_validation	tjupan_escherichia_coli_main_a084c475d37462e7
regulondb_ecoli_core_a6d5a244b3b3fc2c	True	"[""Sigma32"", ""Sigma70""]"	regulondb_ecoli	exact_source_mapping_candidate_not_independent_validation	tjupan_escherichia_coli_main_a6d5a244b3b3fc2c
regulondb_ecoli_core_5f9c3f3a7b080273	True	"[""Sigma70""]"	regulondb_ecoli	exact_source_mapping_candidate_not_independent_validation	tjupan_escherichia_coli_main_5f9c3f3a7b080273
regulondb_ecoli_core_2be3112b6c993eb6	True	[]	regulondb_ecoli	exact_source_mapping_candidate_not_independent_validation	tjupan_escherichia_coli_main_e64872e6978bc173
regulondb_ecoli_core_6fced69e0f581550	True	"[""Sigma32"", ""Sigma70""]"	regulondb_ecoli	exact_source_mapping_candidate_not_independent_validation	tjupan_escherichia_coli_main_79c0db065b785a2f
regulondb_ecoli_core_5c76588875de0440	True	"[""Sigma70""]"	regulondb_ecoli	exact_source_mapping_candidate_not_independent_validation	tjupan_escherichia_coli_main_5c76588875de0440
regulondb_ecoli_core_9dc7fd469ebf351f	True	[]	regulondb_ecoli	exact_source_mapping_candidate_not_independent_validation	tjupan_escherichia_coli_main_9dc7fd469ebf351f
regulondb_ecoli_core_9327e936ec48bc05	True	"[""Sigma70""]"	regulondb_ecoli	exact_source_mapping_candidate_not_independent_validation	tjupan_escherichia_coli_main_b2e8cb41592f538f
regulondb_ecoli_core_52cb9a5db844cb18	True	[]	regulondb_ecoli	exact_source_mapping_candidate_not_independent_validation	tjupan_escherichia_coli_main_3624f4ea86c2764d
regulondb_ecoli_core_19e859f166279c92	True	[]	regulondb_ecoli	exact_source_mapping_candidate_not_independent_validation	tjupan_escherichia_coli_main_19e859f166279c92
regulondb_ecoli_core_79cc8885c51b8dac	True	"[""Sigma70""]"	regulondb_ecoli	exact_source_mapping_candidate_not_independent_validation	tjupan_escherichia_coli_main_1c54c2929a70fbea
regulondb_ecoli_core_02bab1b34d5cc757	True	[]	regulondb_ecoli	exact_source_mapping_candidate_not_independent_validation	tjupan_escherichia_coli_main_02bab1b34d5cc757
regulondb_ecoli_core_0a35c5a4b9d8e95a	True	"[""Sigma70""]"	regulondb_ecoli	exact_source_mapping_candidate_not_independent_validation	tjupan_escherichia_coli_main_d267e188d938adf3
regulondb_ecoli_core_54f15d8e18456460	True	"[""Sigma54""]"	regulondb_ecoli	exact_source_mapping_candidate_not_independent_validation	tjupan_escherichia_coli_main_54f15d8e18456460
regulondb_ecoli_core_1ae62191a73a20ab	True	"[""Sigma70""]"	regulondb_ecoli	exact_source_mapping_candidate_not_independent_validation	tjupan_escherichia_coli_main_ef87caa690106821
regulondb_ecoli_core_ea40983b36d66b75	True	[]	regulondb_ecoli	exact_source_mapping_candidate_not_independent_validation	tjupan_escherichia_coli_main_ea40983b36d66b75
regulondb_ecoli_core_ef649e104babd2fb	True	[]	regulondb_ecoli	exact_source_mapping_candidate_not_independent_validation	tjupan_escherichia_coli_main_ef649e104babd2fb
regulondb_ecoli_core_9ddd779f809cfcc8	True	"[""Sigma54""]"	regulondb_ecoli	exact_source_mapping_candidate_not_independent_validation	tjupan_escherichia_coli_main_0aae7ce144257966
regulondb_ecoli_core_0b1b0f97ce4568d4	True	"[""Sigma70""]"	regulondb_ecoli	exact_source_mapping_candidate_not_independent_validation	tjupan_escherichia_coli_main_dc5ae67051274c26
regulondb_ecoli_core_f1a5c8f4f09c4e8b	True	"[""Sigma70""]"	regulondb_ecoli	exact_source_mapping_candidate_not_independent_validation	tjupan_escherichia_coli_main_8e31878fec654291
regulondb_ecoli_core_6a1ae109816cebfc	True	"[""Sigma70""]"	regulondb_ecoli	exact_source_mapping_candidate_not_independent_validation	tjupan_escherichia_coli_main_6a1ae109816cebfc
regulondb_ecoli_core_88dce6a0db83fc67	True	"[""Sigma32""]"	regulondb_ecoli	exact_source_mapping_candidate_not_independent_validation	tjupan_escherichia_coli_main_fe13eb1421119076
regulondb_ecoli_core_368d1fd9e8b7a64b	True	[]	regulondb_ecoli	exact_source_mapping_candidate_not_independent_validation	tjupan_escherichia_coli_main_8de1978f2f659732
regulondb_ecoli_core_72fe355094096b71	True	[]	regulondb_ecoli	exact_source_mapping_candidate_not_independent_validation	tjupan_escherichia_coli_main_aee91c623c8c4fda
regulondb_ecoli_core_771e0912a8e3cb75	True	"[""Sigma70""]"	regulondb_ecoli	exact_source_mapping_candidate_not_independent_validation	tjupan_escherichia_coli_main_5b35f796ef7d3dde
regulondb_ecoli_core_4ed80aa8c982c065	True	[]	regulondb_ecoli	exact_source_mapping_candidate_not_independent_validation	tjupan_escherichia_coli_main_4ed80aa8c982c065
regulondb_ecoli_core_84ee8af48ed89207	True	"[""Sigma70""]"	regulondb_ecoli	exact_source_mapping_candidate_not_independent_validation	tjupan_escherichia_coli_main_84ee8af48ed89207
regulondb_ecoli_core_0edca8076981368b	True	"[""Sigma28""]"	regulondb_ecoli	exact_source_mapping_candidate_not_independent_validation	tjupan_escherichia_coli_main_0edca8076981368b
regulondb_ecoli_core_717021880c951609	True	"[""Sigma70""]"	regulondb_ecoli	exact_source_mapping_candidate_not_independent_validation	tjupan_escherichia_coli_main_717021880c951609
regulondb_ecoli_core_94ddccfa829137d9	True	"[""Sigma38"", ""Sigma70""]"	regulondb_ecoli	exact_source_mapping_candidate_not_independent_validation	tjupan_escherichia_coli_main_3e138c6a50924725
regulondb_ecoli_core_0bca948a028672e1	True	[]	regulondb_ecoli	exact_source_mapping_candidate_not_independent_validation	tjupan_escherichia_coli_main_78a31cdf72f5dbdd
regulondb_ecoli_core_bdfc9ab9d8f256a9	True	"[""Sigma70""]"	regulondb_ecoli	exact_source_mapping_candidate_not_independent_validation	tjupan_escherichia_coli_main_6323184565cf64e6
regulondb_ecoli_core_63084d77c73d9ab5	True	[]	regulondb_ecoli	exact_source_mapping_candidate_not_independent_validation	tjupan_escherichia_coli_main_63084d77c73d9ab5
regulondb_ecoli_core_c2d2f660710bb789	True	"[""Sigma32"", ""Sigma70""]"	regulondb_ecoli	exact_source_mapping_candidate_not_independent_validation	tjupan_escherichia_coli_main_c2d2f660710bb789
regulondb_ecoli_core_94153980cf31df0b	True	"[""Sigma70""]"	regulondb_ecoli	exact_source_mapping_candidate_not_independent_validation	tjupan_escherichia_coli_main_94153980cf31df0b
regulondb_ecoli_core_9030126b6840c2b6	True	"[""Sigma70""]"	regulondb_ecoli	exact_source_mapping_candidate_not_independent_validation	tjupan_escherichia_coli_main_e95bc3869cf32eb3
regulondb_ecoli_core_f94699d413552606	True	[]	regulondb_ecoli	exact_source_mapping_candidate_not_independent_validation	tjupan_escherichia_coli_main_f94699d413552606
regulondb_ecoli_core_dac22e898c4f4c64	True	"[""Sigma70""]"	regulondb_ecoli	exact_source_mapping_candidate_not_independent_validation	tjupan_escherichia_coli_main_d913edd36b376474
regulondb_ecoli_core_bafe5f036142e148	True	"[""Sigma70""]"	regulondb_ecoli	exact_source_mapping_candidate_not_independent_validation	tjupan_escherichia_coli_main_bafe5f036142e148
regulondb_ecoli_core_094544043dbade9c	True	"[""Sigma38""]"	regulondb_ecoli	exact_source_mapping_candidate_not_independent_validation	tjupan_escherichia_coli_main_094544043dbade9c
regulondb_ecoli_core_55afeb5adbc545ab	True	"[""Sigma70""]"	regulondb_ecoli	exact_source_mapping_candidate_not_independent_validation	tjupan_escherichia_coli_main_bddf975ff76a3d31
regulondb_ecoli_core_e9d2a4d1f9a2ca81	True	[]	regulondb_ecoli	exact_source_mapping_candidate_not_independent_validation	tjupan_escherichia_coli_main_12f9592c9327924e
regulondb_ecoli_core_35c51a5f7ae59e77	True	"[""Sigma70""]"	regulondb_ecoli	exact_source_mapping_candidate_not_independent_validation	tjupan_escherichia_coli_main_4e08ac2e53126156
regulondb_ecoli_core_db0cd1cfd25c3af8	True	[]	regulondb_ecoli	exact_source_mapping_candidate_not_independent_validation	tjupan_escherichia_coli_main_db0cd1cfd25c3af8
regulondb_ecoli_core_498b3cd185b57a7e	True	"[""Sigma70""]"	regulondb_ecoli	exact_source_mapping_candidate_not_independent_validation	tjupan_escherichia_coli_main_498b3cd185b57a7e
regulondb_ecoli_core_e76e122033becbcd	True	[]	regulondb_ecoli	exact_source_mapping_candidate_not_independent_validation	tjupan_escherichia_coli_main_e76e122033becbcd
regulondb_ecoli_core_0b19af875702cf36	True	[]	regulondb_ecoli	exact_source_mapping_candidate_not_independent_validation	tjupan_escherichia_coli_main_0b19af875702cf36
regulondb_ecoli_core_6201d03940e66377	True	"[""Sigma70""]"	regulondb_ecoli	exact_source_mapping_candidate_not_independent_validation	tjupan_escherichia_coli_main_6201d03940e66377
regulondb_ecoli_core_fb6bb980ea06aba8	True	[]	regulondb_ecoli	exact_source_mapping_candidate_not_independent_validation	tjupan_escherichia_coli_main_adc7c3d746c4ba1c
regulondb_ecoli_core_4534c016f1db7655	True	[]	regulondb_ecoli	exact_source_mapping_candidate_not_independent_validation	tjupan_escherichia_coli_main_8aa18ac4c222687c
regulondb_ecoli_core_80757326ee075777	True	"[""Sigma70""]"	regulondb_ecoli	exact_source_mapping_candidate_not_independent_validation	tjupan_escherichia_coli_main_80757326ee075777
regulondb_ecoli_core_3ab3a9285370bb68	True	[]	regulondb_ecoli	exact_source_mapping_candidate_not_independent_validation	tjupan_escherichia_coli_main_3ab3a9285370bb68
regulondb_ecoli_core_9d31072e068f6f40	True	[]	regulondb_ecoli	exact_source_mapping_candidate_not_independent_validation	tjupan_escherichia_coli_main_9d31072e068f6f40
regulondb_ecoli_core_080364db03474e59	True	"[""Sigma38""]"	regulondb_ecoli	exact_source_mapping_candidate_not_independent_validation	tjupan_escherichia_coli_main_080364db03474e59
regulondb_ecoli_core_9581c6d9465d56e9	True	[]	regulondb_ecoli	exact_source_mapping_candidate_not_independent_validation	tjupan_escherichia_coli_main_67ac08f230b8ed24
regulondb_ecoli_core_180363d878549971	True	"[""Sigma38""]"	regulondb_ecoli	exact_source_mapping_candidate_not_independent_validation	tjupan_escherichia_coli_main_a8e36d09aca34177
regulondb_ecoli_core_618a0015b4bf1add	True	"[""Sigma70""]"	regulondb_ecoli	exact_source_mapping_candidate_not_independent_validation	tjupan_escherichia_coli_main_618a0015b4bf1add
regulondb_ecoli_core_4f5ec7881f254e26	True	"[""Sigma70""]"	regulondb_ecoli	exact_source_mapping_candidate_not_independent_validation	tjupan_escherichia_coli_main_4f5ec7881f254e26
regulondb_ecoli_core_db5b093ec6a07232	True	[]	regulondb_ecoli	exact_source_mapping_candidate_not_independent_validation	tjupan_escherichia_coli_main_88b3370adf22fee1
regulondb_ecoli_core_6fba2725d11d1bac	True	"[""Sigma32""]"	regulondb_ecoli	exact_source_mapping_candidate_not_independent_validation	tjupan_escherichia_coli_main_6fba2725d11d1bac
regulondb_ecoli_core_94f2c8f30e5af568	True	"[""Sigma70""]"	regulondb_ecoli	exact_source_mapping_candidate_not_independent_validation	tjupan_escherichia_coli_main_94f2c8f30e5af568
regulondb_ecoli_core_fce1a53d5abd6ac9	True	"[""Sigma70""]"	regulondb_ecoli	exact_source_mapping_candidate_not_independent_validation	tjupan_escherichia_coli_main_b41ae1b7bc68d4c1
regulondb_ecoli_core_c3912187381a6132	True	[]	regulondb_ecoli	exact_source_mapping_candidate_not_independent_validation	tjupan_escherichia_coli_main_72e3398bc025add9
regulondb_ecoli_core_2242ee78c03b41ca	True	"[""Sigma38"", ""Sigma70""]"	regulondb_ecoli	exact_source_mapping_candidate_not_independent_validation	tjupan_escherichia_coli_main_72c9504616bdd885
regulondb_ecoli_core_d943a56e55341c2f	True	[]	regulondb_ecoli	exact_source_mapping_candidate_not_independent_validation	tjupan_escherichia_coli_main_f88231d7f04011a4
regulondb_ecoli_core_94fed17a96f34cc7	True	"[""Sigma38"", ""Sigma70""]"	regulondb_ecoli	exact_source_mapping_candidate_not_independent_validation	tjupan_escherichia_coli_main_5e5ef0c28d986d4e
regulondb_ecoli_core_aa56282b4007bf20	True	"[""Sigma38"", ""Sigma54""]"	regulondb_ecoli	exact_source_mapping_candidate_not_independent_validation	tjupan_escherichia_coli_main_c6a6d28e2ccf6d1b
regulondb_ecoli_core_2c08aea87a7ee68a	True	"[""Sigma70""]"	regulondb_ecoli	exact_source_mapping_candidate_not_independent_validation	tjupan_escherichia_coli_main_cf3dd68e51ac128d
regulondb_ecoli_core_e9711aab0058814f	True	"[""Sigma70""]"	regulondb_ecoli	exact_source_mapping_candidate_not_independent_validation	tjupan_escherichia_coli_main_4aadcc4ad330f6d0
regulondb_ecoli_core_942676ed9475b352	True	[]	regulondb_ecoli	exact_source_mapping_candidate_not_independent_validation	tjupan_escherichia_coli_main_0e70ae017a61dd20
regulondb_ecoli_core_b5982f21b83fbf8c	True	[]	regulondb_ecoli	exact_source_mapping_candidate_not_independent_validation	tjupan_escherichia_coli_main_a2eaa32da7cd4f60
regulondb_ecoli_core_15b6f96c5afa47f4	True	"[""Sigma32""]"	regulondb_ecoli	exact_source_mapping_candidate_not_independent_validation	tjupan_escherichia_coli_main_15b6f96c5afa47f4
regulondb_ecoli_core_1926eb05f48bfa03	True	"[""Sigma38""]"	regulondb_ecoli	exact_source_mapping_candidate_not_independent_validation	tjupan_escherichia_coli_main_1926eb05f48bfa03
regulondb_ecoli_core_c6d83082bd539627	True	"[""Sigma70""]"	regulondb_ecoli	exact_source_mapping_candidate_not_independent_validation	tjupan_escherichia_coli_main_bf5bc5a5ff152a29
regulondb_ecoli_core_f2151f6b48c0f053	True	[]	regulondb_ecoli	exact_source_mapping_candidate_not_independent_validation	tjupan_escherichia_coli_main_c92baf0498676289
regulondb_ecoli_core_945406208dfdf564	True	[]	regulondb_ecoli	exact_source_mapping_candidate_not_independent_validation	tjupan_escherichia_coli_main_2ef49595c3f29636
regulondb_ecoli_core_13b547899d48a15e	True	[]	regulondb_ecoli	exact_source_mapping_candidate_not_independent_validation	tjupan_escherichia_coli_main_13b547899d48a15e
regulondb_ecoli_core_af1c3d43e39e180b	True	[]	regulondb_ecoli	exact_source_mapping_candidate_not_independent_validation	tjupan_escherichia_coli_main_4ff9276ad997c3db
regulondb_ecoli_core_9b415488baabcd7d	True	"[""Sigma70""]"	regulondb_ecoli	exact_source_mapping_candidate_not_independent_validation	tjupan_escherichia_coli_main_9bab1b652d691cac
regulondb_ecoli_core_4802fcc8cfc5256b	True	"[""Sigma70""]"	regulondb_ecoli	exact_source_mapping_candidate_not_independent_validation	tjupan_escherichia_coli_main_4802fcc8cfc5256b
regulondb_ecoli_core_d610df165584e348	True	"[""Sigma70""]"	regulondb_ecoli	exact_source_mapping_candidate_not_independent_validation	tjupan_escherichia_coli_main_d610df165584e348
regulondb_ecoli_core_885d2bbdd9a8c672	True	[]	regulondb_ecoli	exact_source_mapping_candidate_not_independent_validation	tjupan_escherichia_coli_main_e5d5c3e9ebe02437
regulondb_ecoli_core_efc9127eba61258e	True	"[""Sigma28""]"	regulondb_ecoli	exact_source_mapping_candidate_not_independent_validation	tjupan_escherichia_coli_main_efc9127eba61258e
regulondb_ecoli_core_37864e1d8dd84ac2	True	"[""Sigma70""]"	regulondb_ecoli	exact_source_mapping_candidate_not_independent_validation	tjupan_escherichia_coli_main_37864e1d8dd84ac2
regulondb_ecoli_core_03ddeb14378264af	True	[]	regulondb_ecoli	exact_source_mapping_candidate_not_independent_validation	tjupan_escherichia_coli_main_03ddeb14378264af
regulondb_ecoli_core_55da168b246e6615	True	"[""Sigma70""]"	regulondb_ecoli	exact_source_mapping_candidate_not_independent_validation	tjupan_escherichia_coli_main_c38fae803e4f4494
regulondb_ecoli_core_9aef4ec1d315f2b7	True	[]	regulondb_ecoli	exact_source_mapping_candidate_not_independent_validation	tjupan_escherichia_coli_main_ce202f3299cd8a94
regulondb_ecoli_core_2e76fd4c6d290c3d	True	"[""Sigma70""]"	regulondb_ecoli	exact_source_mapping_candidate_not_independent_validation	tjupan_escherichia_coli_main_418f549e6d103ecc
regulondb_ecoli_core_108733ed8bd761ac	True	"[""Sigma70""]"	regulondb_ecoli	exact_source_mapping_candidate_not_independent_validation	tjupan_escherichia_coli_main_ea54c30d81caf2b7
regulondb_ecoli_core_054d3abb698b59eb	True	[]	regulondb_ecoli	exact_source_mapping_candidate_not_independent_validation	tjupan_escherichia_coli_main_054d3abb698b59eb
regulondb_ecoli_core_c7e60134dd448d9b	True	"[""Sigma70""]"	regulondb_ecoli	exact_source_mapping_candidate_not_independent_validation	tjupan_escherichia_coli_main_4063122c8377889d
regulondb_ecoli_core_6c87a09ada49d2fb	True	"[""Sigma38"", ""Sigma70""]"	regulondb_ecoli	exact_source_mapping_candidate_not_independent_validation	tjupan_escherichia_coli_main_6c87a09ada49d2fb
regulondb_ecoli_core_a0cf36c90a595b81	True	"[""Sigma70""]"	regulondb_ecoli	exact_source_mapping_candidate_not_independent_validation	tjupan_escherichia_coli_main_145789fa66362486
regulondb_ecoli_core_9e5f3c64676d4b48	True	"[""Sigma32""]"	regulondb_ecoli	exact_source_mapping_candidate_not_independent_validation	tjupan_escherichia_coli_main_384f0aebc78fa809
regulondb_ecoli_core_52f706a89d9573a6	True	"[""Sigma70""]"	regulondb_ecoli	exact_source_mapping_candidate_not_independent_validation	tjupan_escherichia_coli_main_52f706a89d9573a6
regulondb_ecoli_core_6403d8c41910ac38	True	[]	regulondb_ecoli	exact_source_mapping_candidate_not_independent_validation	tjupan_escherichia_coli_main_6403d8c41910ac38
regulondb_ecoli_core_8b62f139f55a0e91	True	"[""Sigma54""]"	regulondb_ecoli	exact_source_mapping_candidate_not_independent_validation	tjupan_escherichia_coli_main_8b62f139f55a0e91
regulondb_ecoli_core_7e695c6968904f5c	True	[]	regulondb_ecoli	exact_source_mapping_candidate_not_independent_validation	tjupan_escherichia_coli_main_1930bf957670d808
regulondb_ecoli_core_7101ba035ebcf9a2	True	[]	regulondb_ecoli	exact_source_mapping_candidate_not_independent_validation	tjupan_escherichia_coli_main_422da04f5f4d2ce2
regulondb_ecoli_core_f842b4fffe66ec25	True	"[""Sigma54""]"	regulondb_ecoli	exact_source_mapping_candidate_not_independent_validation	tjupan_escherichia_coli_main_a3277ff739bab09f
regulondb_ecoli_core_8d766c08143f8c53	True	"[""Sigma70""]"	regulondb_ecoli	exact_source_mapping_candidate_not_independent_validation	tjupan_escherichia_coli_main_8d766c08143f8c53
regulondb_ecoli_core_6278e3d775b09b5e	True	"[""Sigma38""]"	regulondb_ecoli	exact_source_mapping_candidate_not_independent_validation	tjupan_escherichia_coli_main_6278e3d775b09b5e
regulondb_ecoli_core_49168b224f27237e	True	"[""Sigma70""]"	regulondb_ecoli	exact_source_mapping_candidate_not_independent_validation	tjupan_escherichia_coli_main_63c39e26f4dce1e4
regulondb_ecoli_core_4b498b321625bad9	True	[]	regulondb_ecoli	exact_source_mapping_candidate_not_independent_validation	tjupan_escherichia_coli_main_5101add3097a6a16
regulondb_ecoli_core_7a72602779f290db	True	"[""Sigma54""]"	regulondb_ecoli	exact_source_mapping_candidate_not_independent_validation	tjupan_escherichia_coli_main_7a72602779f290db
regulondb_ecoli_core_a05369ab9be7762c	True	"[""Sigma70""]"	regulondb_ecoli	exact_source_mapping_candidate_not_independent_validation	tjupan_escherichia_coli_main_f70afd89cb302e99
regulondb_ecoli_core_7f843c5ee562563f	True	[]	regulondb_ecoli	exact_source_mapping_candidate_not_independent_validation	tjupan_escherichia_coli_main_d0de367cab71c89c
regulondb_ecoli_core_6592c2160398bb05	True	[]	regulondb_ecoli	exact_source_mapping_candidate_not_independent_validation	tjupan_escherichia_coli_main_6592c2160398bb05
regulondb_ecoli_core_c02b5995c228cbf2	True	"[""Sigma38""]"	regulondb_ecoli	exact_source_mapping_candidate_not_independent_validation	tjupan_escherichia_coli_main_c02b5995c228cbf2
regulondb_ecoli_core_1f23d4964f341165	True	[]	regulondb_ecoli	exact_source_mapping_candidate_not_independent_validation	tjupan_escherichia_coli_main_239902758afe865c
regulondb_ecoli_core_57b690d897481fb8	True	"[""Sigma24""]"	regulondb_ecoli	exact_source_mapping_candidate_not_independent_validation	tjupan_escherichia_coli_main_57b690d897481fb8
regulondb_ecoli_core_5bc2d1795c09aae3	True	[]	regulondb_ecoli	exact_source_mapping_candidate_not_independent_validation	tjupan_escherichia_coli_main_fcbcb5a53e0cd6c9
regulondb_ecoli_core_c15a04134a43ebcc	True	"[""Sigma54""]"	regulondb_ecoli	exact_source_mapping_candidate_not_independent_validation	tjupan_escherichia_coli_main_dbec2b09a60cec63
regulondb_ecoli_core_3a195c34d85fe1d3	True	[]	regulondb_ecoli	exact_source_mapping_candidate_not_independent_validation	tjupan_escherichia_coli_main_2a20cdbedc4f4b8b
regulondb_ecoli_core_05f8a8eb9beb10af	True	"[""Sigma70""]"	regulondb_ecoli	exact_source_mapping_candidate_not_independent_validation	tjupan_escherichia_coli_main_f98043ddaa964ab7
regulondb_ecoli_core_1f3515c2953e9883	True	"[""Sigma32""]"	regulondb_ecoli	exact_source_mapping_candidate_not_independent_validation	tjupan_escherichia_coli_main_1f3515c2953e9883
regulondb_ecoli_core_b4b22a49a161dc54	True	[]	regulondb_ecoli	exact_source_mapping_candidate_not_independent_validation	tjupan_escherichia_coli_main_b4b22a49a161dc54
regulondb_ecoli_core_3f3f119c5926ded0	True	"[""Sigma70""]"	regulondb_ecoli	exact_source_mapping_candidate_not_independent_validation	tjupan_escherichia_coli_main_214880df88fece80
regulondb_ecoli_core_2a8218e0f69207ee	True	"[""Sigma70""]"	regulondb_ecoli	exact_source_mapping_candidate_not_independent_validation	tjupan_escherichia_coli_main_2a8218e0f69207ee
regulondb_ecoli_core_996795968eb51920	True	"[""Sigma70""]"	regulondb_ecoli	exact_source_mapping_candidate_not_independent_validation	tjupan_escherichia_coli_main_996795968eb51920
regulondb_ecoli_core_37aaf225d51a8137	True	"[""Sigma70""]"	regulondb_ecoli	exact_source_mapping_candidate_not_independent_validation	tjupan_escherichia_coli_main_cbc83f4c9f43317b
regulondb_ecoli_core_3f6546485bc8ce12	True	[]	regulondb_ecoli	exact_source_mapping_candidate_not_independent_validation	tjupan_escherichia_coli_main_3f6546485bc8ce12
regulondb_ecoli_core_67cc7439df8e6d22	True	"[""Sigma70""]"	regulondb_ecoli	exact_source_mapping_candidate_not_independent_validation	tjupan_escherichia_coli_main_67cc7439df8e6d22
regulondb_ecoli_core_2316e3e3b4b4cbee	True	[]	regulondb_ecoli	exact_source_mapping_candidate_not_independent_validation	tjupan_escherichia_coli_main_a8b5281083af2af1
regulondb_ecoli_core_ab055b8a9f981f34	True	"[""Sigma70""]"	regulondb_ecoli	exact_source_mapping_candidate_not_independent_validation	tjupan_escherichia_coli_main_feb0df5a2d411153
regulondb_ecoli_core_8f7b56c32d822a76	True	"[""Sigma70""]"	regulondb_ecoli	exact_source_mapping_candidate_not_independent_validation	tjupan_escherichia_coli_main_8f7b56c32d822a76
regulondb_ecoli_core_8787344e0e50c638	True	[]	regulondb_ecoli	exact_source_mapping_candidate_not_independent_validation	tjupan_escherichia_coli_main_8787344e0e50c638
regulondb_ecoli_core_86d723cd038f9a97	True	"[""Sigma70""]"	regulondb_ecoli	exact_source_mapping_candidate_not_independent_validation	tjupan_escherichia_coli_main_5708593698d75d4e
regulondb_ecoli_core_352ef996d06d243a	True	"[""Sigma38""]"	regulondb_ecoli	exact_source_mapping_candidate_not_independent_validation	tjupan_escherichia_coli_main_352ef996d06d243a
regulondb_ecoli_core_a7797ad9bf5620ec	True	"[""Sigma38"", ""Sigma70""]"	regulondb_ecoli	exact_source_mapping_candidate_not_independent_validation	tjupan_escherichia_coli_main_a7797ad9bf5620ec
regulondb_ecoli_core_bab217876369242e	True	"[""Sigma24""]"	regulondb_ecoli	exact_source_mapping_candidate_not_independent_validation	tjupan_escherichia_coli_main_7952792b7c64b267
regulondb_ecoli_core_6af83433ac0d5aed	True	[]	regulondb_ecoli	exact_source_mapping_candidate_not_independent_validation	tjupan_escherichia_coli_main_341879acf7d776a3
regulondb_ecoli_core_ecf0c8bdd4a3d6b1	True	"[""Sigma70""]"	regulondb_ecoli	exact_source_mapping_candidate_not_independent_validation	tjupan_escherichia_coli_main_37bb90c9d3660b1e
regulondb_ecoli_core_1167162da0191076	True	"[""Sigma70""]"	regulondb_ecoli	exact_source_mapping_candidate_not_independent_validation	tjupan_escherichia_coli_main_1167162da0191076
regulondb_ecoli_core_cd11b4058112683b	True	"[""Sigma70""]"	regulondb_ecoli	exact_source_mapping_candidate_not_independent_validation	tjupan_escherichia_coli_main_a49aba966dc25713
regulondb_ecoli_core_18c1604012a75190	True	"[""Sigma70""]"	regulondb_ecoli	exact_source_mapping_candidate_not_independent_validation	tjupan_escherichia_coli_main_cef8fe99c7c2a446
regulondb_ecoli_core_309912de0fe1f6c7	True	[]	regulondb_ecoli	exact_source_mapping_candidate_not_independent_validation	tjupan_escherichia_coli_main_dace02dcb0e105ba
regulondb_ecoli_core_f82089124a478f28	True	"[""Sigma32""]"	regulondb_ecoli	exact_source_mapping_candidate_not_independent_validation	tjupan_escherichia_coli_main_b89438e8ebd7d0a3
regulondb_ecoli_core_7ebbbce17f4b9b69	True	"[""Sigma32""]"	regulondb_ecoli	exact_source_mapping_candidate_not_independent_validation	tjupan_escherichia_coli_main_b45936c5d2a58f21
regulondb_ecoli_core_210926127f3f6f05	True	"[""Sigma70""]"	regulondb_ecoli	exact_source_mapping_candidate_not_independent_validation	tjupan_escherichia_coli_main_210926127f3f6f05
regulondb_ecoli_core_c611870aed87141d	True	[]	regulondb_ecoli	exact_source_mapping_candidate_not_independent_validation	tjupan_escherichia_coli_main_c611870aed87141d
regulondb_ecoli_core_9cc88028a7a84c81	True	"[""Sigma38"", ""Sigma70""]"	regulondb_ecoli	exact_source_mapping_candidate_not_independent_validation	tjupan_escherichia_coli_main_9cc88028a7a84c81
regulondb_ecoli_core_dec7fde439a3e202	True	"[""Sigma70""]"	regulondb_ecoli	exact_source_mapping_candidate_not_independent_validation	tjupan_escherichia_coli_main_dec7fde439a3e202
regulondb_ecoli_core_f98b867cef50a52c	True	"[""Sigma24""]"	regulondb_ecoli	exact_source_mapping_candidate_not_independent_validation	tjupan_escherichia_coli_main_f98b867cef50a52c
regulondb_ecoli_core_9bda98973edc85e5	True	[]	regulondb_ecoli	exact_source_mapping_candidate_not_independent_validation	tjupan_escherichia_coli_main_7c4cbbab4255b2c7
regulondb_ecoli_core_087fc9a83f775824	True	[]	regulondb_ecoli	exact_source_mapping_candidate_not_independent_validation	tjupan_escherichia_coli_main_087fc9a83f775824
regulondb_ecoli_core_1d6eaa6b2b940d67	True	"[""Sigma70""]"	regulondb_ecoli	exact_source_mapping_candidate_not_independent_validation	tjupan_escherichia_coli_main_1d6eaa6b2b940d67
regulondb_ecoli_core_531b127e29eb650d	True	"[""Sigma54""]"	regulondb_ecoli	exact_source_mapping_candidate_not_independent_validation	tjupan_escherichia_coli_main_7af9846c1b506645
regulondb_ecoli_core_b886df840600d886	True	"[""Sigma70""]"	regulondb_ecoli	exact_source_mapping_candidate_not_independent_validation	tjupan_escherichia_coli_main_5f32759588bd4905
regulondb_ecoli_core_df9a9e3b08a9a811	True	"[""Sigma70""]"	regulondb_ecoli	exact_source_mapping_candidate_not_independent_validation	tjupan_escherichia_coli_main_df9a9e3b08a9a811
regulondb_ecoli_core_b8d531535b90f8f9	True	"[""Sigma70""]"	regulondb_ecoli	exact_source_mapping_candidate_not_independent_validation	tjupan_escherichia_coli_main_2cfbf39ac1e39c34
regulondb_ecoli_core_dabe6f976f457048	True	"[""Sigma70""]"	regulondb_ecoli	exact_source_mapping_candidate_not_independent_validation	tjupan_escherichia_coli_main_ced794533efabc3e
regulondb_ecoli_core_029abfb77c63911f	True	[]	regulondb_ecoli	exact_source_mapping_candidate_not_independent_validation	tjupan_escherichia_coli_main_029abfb77c63911f
regulondb_ecoli_core_a8cd0862a0b89767	True	"[""Sigma28""]"	regulondb_ecoli	exact_source_mapping_candidate_not_independent_validation	tjupan_escherichia_coli_main_09b88a6d56e1e06f
regulondb_ecoli_core_5b156b3eb5a46f65	True	"[""Sigma38"", ""Sigma70""]"	regulondb_ecoli	exact_source_mapping_candidate_not_independent_validation	tjupan_escherichia_coli_main_7bab47789bf50e07
regulondb_ecoli_core_f96558d918d4bac0	True	[]	regulondb_ecoli	exact_source_mapping_candidate_not_independent_validation	tjupan_escherichia_coli_main_f96558d918d4bac0
regulondb_ecoli_core_5fff703c073a4b63	True	"[""Sigma54""]"	regulondb_ecoli	exact_source_mapping_candidate_not_independent_validation	tjupan_escherichia_coli_main_5fff703c073a4b63
regulondb_ecoli_core_25e844116f78b8e4	True	"[""Sigma70""]"	regulondb_ecoli	exact_source_mapping_candidate_not_independent_validation	tjupan_escherichia_coli_main_b648f2a36065b1fd
regulondb_ecoli_core_175cf1e22b7d8830	True	"[""Sigma70""]"	regulondb_ecoli	exact_source_mapping_candidate_not_independent_validation	tjupan_escherichia_coli_main_175cf1e22b7d8830
regulondb_ecoli_core_50f019b25f76eacc	True	"[""Sigma70""]"	regulondb_ecoli	exact_source_mapping_candidate_not_independent_validation	tjupan_escherichia_coli_main_7fd72ce7e0f4b097
regulondb_ecoli_core_718c42335b2902dd	True	"[""Sigma70""]"	regulondb_ecoli	exact_source_mapping_candidate_not_independent_validation	tjupan_escherichia_coli_main_74a22ac575793536
regulondb_ecoli_core_f3b8beb2d0fa1a57	True	"[""Sigma70""]"	regulondb_ecoli	exact_source_mapping_candidate_not_independent_validation	tjupan_escherichia_coli_main_7157ee968bd92628
regulondb_ecoli_core_1fc7d4c7c629ac6c	True	"[""Sigma38""]"	regulondb_ecoli	exact_source_mapping_candidate_not_independent_validation	tjupan_escherichia_coli_main_1fc7d4c7c629ac6c
regulondb_ecoli_core_e40ed9c482652052	True	"[""Sigma70""]"	regulondb_ecoli	exact_source_mapping_candidate_not_independent_validation	tjupan_escherichia_coli_main_e40ed9c482652052
regulondb_ecoli_core_70dcd8c6090c1878	True	"[""Sigma70""]"	regulondb_ecoli	exact_source_mapping_candidate_not_independent_validation	tjupan_escherichia_coli_main_1cc4bd9061af8caf
regulondb_ecoli_core_a99a812197bbf947	True	[]	regulondb_ecoli	exact_source_mapping_candidate_not_independent_validation	tjupan_escherichia_coli_main_a99a812197bbf947
