sequence_id	cluster_id	split	gold_representative
regulondb_148_plus	regulondb_148_plus	train	True
regulondb_5030_plus	regulondb_5030_plus	train	False
regulondb_6587_minus	regulondb_6587_minus	train	False
regulondb_6615_minus	regulondb_6615_minus	holdout	False
regulondb_8017_minus	regulondb_8017_minus	holdout	False
regulondb_8191_plus	regulondb_8191_plus	train	False
regulondb_10643_plus	regulondb_10643_plus	holdout	False
regulondb_10644_plus	regulondb_10643_plus	holdout	True
regulondb_11542_minus	regulondb_11542_minus	train	False
regulondb_11825_minus	regulondb_11825_minus	holdout	False
regulondb_11913_minus	regulondb_11913_minus	train	False
regulondb_11938_minus	regulondb_11938_minus	holdout	False
regulondb_12048_plus	regulondb_12048_plus	holdout	True
regulondb_12123_plus	regulondb_12123_plus	train	True
regulondb_12144_plus	regulondb_12144_plus	train	True
regulondb_15380_plus	regulondb_15380_plus	train	False
regulondb_15436_plus	regulondb_15436_plus	train	False
regulondb_608056_plus	regulondb_15436_plus	train	False
regulondb_2514322_plus	regulondb_15436_plus	train	False
regulondb_16951_minus	regulondb_16951_minus	train	False
regulondb_16952_plus	regulondb_16952_plus	train	True
regulondb_17317_plus	regulondb_17317_plus	holdout	True
regulondb_17458_plus	regulondb_17458_plus	train	True
regulondb_21120_minus	regulondb_21120_minus	holdout	False
regulondb_21210_minus	regulondb_21210_minus	train	False
regulondb_21383_plus	regulondb_21383_plus	train	True
regulondb_21833_plus	regulondb_21833_plus	train	True
regulondb_22034_plus	regulondb_22034_plus	train	False
regulondb_22229_plus	regulondb_22229_plus	holdout	True
regulondb_25014_plus	regulondb_25014_plus	train	True
regulondb_28288_plus	regulondb_28288_plus	holdout	True
regulondb_28343_plus	regulondb_28343_plus	train	True
regulondb_29551_plus	regulondb_29551_plus	train	True
regulondb_29619_plus	regulondb_29619_plus	holdout	True
regulondb_30775_plus	regulondb_30775_plus	train	False
regulondb_34218_plus	regulondb_34218_plus	train	True
regulondb_35399_minus	regulondb_35399_minus	train	False
regulondb_35440_minus	regulondb_35440_minus	holdout	False
regulondb_35499_minus	regulondb_35499_minus	train	False
regulondb_42037_minus	regulondb_42037_minus	holdout	True
regulondb_42325_plus	regulondb_42325_plus	train	True
regulondb_45592_plus	regulondb_45592_plus	holdout	False
regulondb_47080_plus	regulondb_47080_plus	holdout	False
regulondb_49799_plus	regulondb_49799_plus	train	True
regulondb_51293_minus	regulondb_51293_minus	train	False
regulondb_52034_minus	regulondb_52034_minus	train	False
regulondb_52588_minus	regulondb_52588_minus	train	False
regulondb_57156_minus	regulondb_57156_minus	train	True
regulondb_57241_minus	regulondb_57241_minus	train	True
regulondb_57268_plus	regulondb_57268_plus	train	False
regulondb_57336_minus	regulondb_57336_minus	holdout	True
regulondb_60450_minus	regulondb_60450_minus	train	False
regulondb_63358_minus	regulondb_63358_minus	holdout	True
regulondb_63588_minus	regulondb_63588_minus	holdout	True
regulondb_65803_minus	regulondb_65803_minus	train	False
regulondb_70075_minus	regulondb_70075_minus	train	True
regulondb_70223_plus	regulondb_70223_plus	holdout	True
regulondb_71271_plus	regulondb_71271_plus	train	True
regulondb_73085_minus	regulondb_73085_minus	train	False
regulondb_75608_minus	regulondb_75608_minus	train	False
regulondb_77338_minus	regulondb_77338_minus	train	False
regulondb_77367_plus	regulondb_77367_plus	train	True
regulondb_79594_minus	regulondb_79594_minus	train	False
regulondb_83735_minus	regulondb_83735_minus	train	True
regulondb_84024_minus	regulondb_84024_minus	train	False
regulondb_84154_plus	regulondb_84154_plus	holdout	False
regulondb_84188_plus	regulondb_84188_plus	train	True
regulondb_84298_plus	regulondb_84298_plus	train	False
regulondb_84304_plus	regulondb_84298_plus	train	False
regulondb_85420_plus	regulondb_85420_plus	holdout	True
regulondb_85453_plus	regulondb_85453_plus	holdout	True
regulondb_85540_plus	regulondb_85540_plus	train	False
regulondb_85600_plus	regulondb_85600_plus	train	True
regulondb_87947_plus	regulondb_87947_plus	holdout	False
regulondb_89596_plus	regulondb_89596_plus	train	True
regulondb_90010_plus	regulondb_90010_plus	holdout	False
regulondb_90688_plus	regulondb_90688_plus	train	False
regulondb_91012_plus	regulondb_91012_plus	train	False
regulondb_102742_plus	regulondb_102742_plus	holdout	True
regulondb_102867_plus	regulondb_102867_plus	train	True
regulondb_103561_plus	regulondb_103561_plus	train	True
regulondb_104636_plus	regulondb_104636_plus	train	False
regulondb_104693_plus	regulondb_104693_plus	train	False
regulondb_105045_plus	regulondb_105045_plus	holdout	False
regulondb_106508_plus	regulondb_106508_plus	holdout	False
regulondb_106530_plus	regulondb_106530_plus	holdout	False
regulondb_117705_minus	regulondb_117705_minus	train	False
regulondb_118663_minus	regulondb_118663_minus	train	False
regulondb_118703_plus	regulondb_118663_minus	train	False
regulondb_118681_plus	regulondb_118681_plus	train	False
regulondb_121650_minus	regulondb_121650_minus	holdout	True
regulondb_121671_minus	regulondb_121671_minus	train	True
regulondb_122034_plus	regulondb_122034_plus	train	True
regulondb_122969_plus	regulondb_122969_plus	train	True
regulondb_127717_plus	regulondb_127717_plus	train	True
regulondb_131307_minus	regulondb_131307_minus	holdout	False
regulondb_131466_minus	regulondb_131466_minus	train	False
regulondb_131519_plus	regulondb_131466_minus	train	True
regulondb_131564_plus	regulondb_131564_plus	train	False
regulondb_134339_plus	regulondb_134339_plus	train	False
regulondb_135717_minus	regulondb_135717_minus	holdout	True
regulondb_136504_minus	regulondb_136504_minus	train	True
regulondb_136940_minus	regulondb_136940_minus	train	True
regulondb_137045_plus	regulondb_137045_plus	train	False
regulondb_141263_minus	regulondb_141263_minus	holdout	True
regulondb_141279_minus	regulondb_141279_minus	train	False
regulondb_141360_plus	regulondb_141279_minus	train	True
regulondb_142703_minus	regulondb_142703_minus	holdout	True
regulondb_144965_plus	regulondb_144965_plus	train	False
regulondb_145053_plus	regulondb_145053_plus	train	False
regulondb_146745_minus	regulondb_146745_minus	train	False
regulondb_146754_minus	regulondb_146745_minus	train	True
regulondb_146898_plus	regulondb_146898_plus	train	False
regulondb_146957_plus	regulondb_146957_plus	holdout	False
regulondb_146959_plus	regulondb_146957_plus	holdout	False
regulondb_148910_minus	regulondb_148910_minus	holdout	False
regulondb_148920_minus	regulondb_148910_minus	holdout	False
regulondb_149630_minus	regulondb_149630_minus	train	True
regulondb_155438_minus	regulondb_155438_minus	train	False
regulondb_155518_minus	regulondb_155518_minus	train	False
regulondb_156214_minus	regulondb_156214_minus	holdout	True
regulondb_156224_minus	regulondb_156214_minus	holdout	False
regulondb_156235_minus	regulondb_156214_minus	holdout	False
regulondb_156984_minus	regulondb_156984_minus	holdout	False
regulondb_157031_minus	regulondb_157031_minus	train	False
regulondb_157055_minus	regulondb_157055_minus	train	False
regulondb_159151_minus	regulondb_159151_minus	train	True
regulondb_159171_minus	regulondb_159171_minus	train	True
regulondb_159195_minus	regulondb_159195_minus	holdout	True
regulondb_159391_minus	regulondb_159391_minus	train	True
regulondb_160143_minus	regulondb_160143_minus	train	False
regulondb_160657_minus	regulondb_160657_minus	train	True
regulondb_160722_minus	regulondb_160722_minus	holdout	False
regulondb_160751_minus	regulondb_160751_minus	train	True
regulondb_161515_minus	regulondb_161515_minus	holdout	False
regulondb_162075_plus	regulondb_162075_plus	holdout	False
regulondb_164721_plus	regulondb_164721_plus	train	False
regulondb_167442_plus	regulondb_167442_plus	train	False
regulondb_174902_minus	regulondb_174902_minus	train	False
regulondb_174921_minus	regulondb_174921_minus	holdout	True
regulondb_174941_minus	regulondb_174941_minus	holdout	False
regulondb_175052_plus	regulondb_175052_plus	train	False
regulondb_176561_plus	regulondb_176561_plus	train	False
regulondb_177700_minus	regulondb_177700_minus	train	False
regulondb_177757_minus	regulondb_177757_minus	train	False
regulondb_177786_minus	regulondb_177786_minus	train	False
regulondb_179183_minus	regulondb_179183_minus	train	True
regulondb_179196_plus	regulondb_179196_plus	train	False
regulondb_179214_plus	regulondb_179214_plus	train	False
regulondb_180845_plus	regulondb_180845_plus	train	True
regulondb_182447_plus	regulondb_182447_plus	holdout	False
regulondb_185977_minus	regulondb_185977_minus	train	True
regulondb_188655_minus	regulondb_188655_minus	train	False
regulondb_189712_plus	regulondb_189712_plus	train	True
regulondb_191812_plus	regulondb_191812_plus	train	True
regulondb_192812_plus	regulondb_192812_plus	train	False
regulondb_192814_plus	regulondb_192812_plus	train	True
regulondb_192849_plus	regulondb_192849_plus	train	False
regulondb_193335_plus	regulondb_193335_plus	train	False
regulondb_193338_plus	regulondb_193335_plus	train	False
regulondb_193411_plus	regulondb_193411_plus	train	False
regulondb_193471_plus	regulondb_193471_plus	train	False
regulondb_194784_plus	regulondb_194784_plus	train	False
regulondb_194901_plus	regulondb_194901_plus	train	False
regulondb_195555_plus	regulondb_195555_plus	train	True
regulondb_195561_plus	regulondb_195555_plus	train	False
regulondb_196470_plus	regulondb_196470_plus	train	True
regulondb_197026_plus	regulondb_197026_plus	holdout	True
regulondb_197821_plus	regulondb_197821_plus	train	True
regulondb_200455_plus	regulondb_200455_plus	train	True
regulondb_200960_plus	regulondb_200960_plus	train	True
regulondb_208326_plus	regulondb_208326_plus	train	False
regulondb_208411_plus	regulondb_208411_plus	train	True
regulondb_211858_plus	regulondb_211858_plus	train	False
regulondb_214088_plus	regulondb_214088_plus	holdout	False
regulondb_214187_minus	regulondb_214187_minus	train	False
regulondb_214195_plus	regulondb_214195_plus	train	False
regulondb_214280_plus	regulondb_214280_plus	train	False
regulondb_217135_minus	regulondb_217135_minus	holdout	False
regulondb_218837_minus	regulondb_218837_minus	holdout	True
regulondb_222714_minus	regulondb_222714_minus	train	True
regulondb_222806_plus	regulondb_222714_minus	train	False
regulondb_223485_plus	regulondb_223485_plus	holdout	True
regulondb_223593_plus	regulondb_223593_plus	train	True
regulondb_3428940_minus	regulondb_223593_plus	train	False
regulondb_4207971_plus	regulondb_223593_plus	train	False
regulondb_229098_plus	regulondb_229098_plus	train	False
regulondb_231064_plus	regulondb_231064_plus	holdout	True
regulondb_231083_minus	regulondb_231083_minus	train	False
regulondb_233982_minus	regulondb_233982_minus	holdout	False
regulondb_234025_minus	regulondb_234025_minus	holdout	False
regulondb_234784_plus	regulondb_234784_plus	holdout	False
regulondb_234926_minus	regulondb_234926_minus	holdout	False
regulondb_235934_plus	regulondb_235934_plus	train	False
regulondb_236017_plus	regulondb_236017_plus	train	False
regulondb_236041_minus	regulondb_236041_minus	train	False
regulondb_236913_plus	regulondb_236913_plus	holdout	False
regulondb_237235_plus	regulondb_237235_plus	train	False
regulondb_237260_plus	regulondb_237260_plus	train	False
regulondb_237278_plus	regulondb_237278_plus	train	False
regulondb_240216_minus	regulondb_240216_minus	holdout	False
regulondb_240319_plus	regulondb_240319_plus	train	False
regulondb_240329_plus	regulondb_240319_plus	train	False
regulondb_243406_minus	regulondb_243406_minus	train	False
regulondb_243468_plus	regulondb_243406_minus	train	False
regulondb_245993_minus	regulondb_245993_minus	train	False
regulondb_246615_minus	regulondb_246615_minus	holdout	False
regulondb_246641_plus	regulondb_246641_plus	train	False
regulondb_247544_plus	regulondb_247544_plus	train	False
regulondb_247624_plus	regulondb_247624_plus	train	False
regulondb_250880_plus	regulondb_250880_plus	train	False
regulondb_251969_plus	regulondb_251969_plus	holdout	True
regulondb_255737_minus	regulondb_255737_minus	train	True
regulondb_255776_minus	regulondb_255776_minus	train	False
regulondb_255809_minus	regulondb_255809_minus	train	False
regulondb_255914_plus	regulondb_255914_plus	holdout	False
regulondb_256502_plus	regulondb_256502_plus	train	True
regulondb_257810_plus	regulondb_257810_plus	holdout	True
regulondb_257824_plus	regulondb_257824_plus	holdout	False
regulondb_260158_minus	regulondb_260158_minus	train	True
regulondb_260216_plus	regulondb_260158_minus	train	False
regulondb_260303_plus	regulondb_260303_plus	train	False
regulondb_262841_plus	regulondb_262841_plus	train	False
regulondb_263818_minus	regulondb_263818_minus	holdout	False
regulondb_266158_minus	regulondb_266158_minus	holdout	False
regulondb_266227_minus	regulondb_266227_minus	holdout	False
regulondb_268026_minus	regulondb_268026_minus	train	False
regulondb_270226_plus	regulondb_270226_plus	train	True
regulondb_275119_plus	regulondb_275119_plus	train	False
regulondb_3366720_plus	regulondb_275119_plus	train	False
regulondb_275206_plus	regulondb_275206_plus	holdout	False
regulondb_275285_plus	regulondb_275285_plus	holdout	False
regulondb_275287_plus	regulondb_275285_plus	holdout	False
regulondb_275298_minus	regulondb_275298_minus	train	False
regulondb_275315_plus	regulondb_275315_plus	holdout	False
regulondb_282223_plus	regulondb_282223_plus	holdout	False
regulondb_282252_plus	regulondb_282252_plus	train	False
regulondb_285207_plus	regulondb_285207_plus	holdout	False
regulondb_285271_plus	regulondb_285271_plus	train	False
regulondb_285350_plus	regulondb_285350_plus	train	False
regulondb_285353_plus	regulondb_285350_plus	train	False
regulondb_289192_minus	regulondb_289192_minus	holdout	False
regulondb_290340_minus	regulondb_290340_minus	train	True
regulondb_293118_minus	regulondb_293118_minus	holdout	False
regulondb_294031_minus	regulondb_294031_minus	holdout	False
regulondb_295656_minus	regulondb_295656_minus	train	False
regulondb_295660_minus	regulondb_295656_minus	train	False
regulondb_295663_minus	regulondb_295656_minus	train	False
regulondb_295671_minus	regulondb_295656_minus	train	False
regulondb_304258_minus	regulondb_304258_minus	holdout	False
regulondb_304262_minus	regulondb_304258_minus	holdout	False
regulondb_310076_minus	regulondb_310076_minus	train	False
regulondb_310119_minus	regulondb_310119_minus	holdout	False
regulondb_310797_minus	regulondb_310797_minus	train	False
regulondb_311393_minus	regulondb_311393_minus	holdout	False
regulondb_311432_minus	regulondb_311432_minus	train	False
regulondb_311446_minus	regulondb_311446_minus	train	False
regulondb_311460_minus	regulondb_311460_minus	holdout	False
regulondb_311482_minus	regulondb_311482_minus	train	False
regulondb_311939_plus	regulondb_311939_plus	train	False
regulondb_312805_minus	regulondb_312805_minus	train	False
regulondb_313285_minus	regulondb_313285_minus	train	True
regulondb_318334_minus	regulondb_318334_minus	train	False
regulondb_318376_minus	regulondb_318376_minus	train	False
regulondb_318397_minus	regulondb_318397_minus	holdout	False
regulondb_318484_minus	regulondb_318484_minus	holdout	False
regulondb_318525_minus	regulondb_318525_minus	train	False
regulondb_320088_minus	regulondb_320088_minus	holdout	False
regulondb_320116_plus	regulondb_320116_plus	train	False
regulondb_320170_minus	regulondb_320170_minus	train	False
regulondb_320193_plus	regulondb_320193_plus	train	False
regulondb_320215_minus	regulondb_320215_minus	train	False
regulondb_321481_plus	regulondb_321481_plus	train	False
regulondb_321484_plus	regulondb_321481_plus	train	False
regulondb_321511_plus	regulondb_321511_plus	train	False
regulondb_321537_plus	regulondb_321537_plus	holdout	False
regulondb_327257_minus	regulondb_327257_minus	holdout	False
regulondb_327261_minus	regulondb_327257_minus	holdout	False
regulondb_329361_minus	regulondb_329361_minus	train	True
regulondb_329421_plus	regulondb_329361_minus	train	False
regulondb_331873_plus	regulondb_331873_plus	train	True
regulondb_332039_plus	regulondb_332039_plus	holdout	True
regulondb_332043_plus	regulondb_332039_plus	holdout	False
regulondb_335068_minus	regulondb_335068_minus	train	False
regulondb_335739_plus	regulondb_335739_plus	holdout	False
regulondb_345252_plus	regulondb_345252_plus	holdout	False
regulondb_345336_plus	regulondb_345336_plus	holdout	False
regulondb_346432_plus	regulondb_346432_plus	train	False
regulondb_346435_minus	regulondb_346435_minus	train	False
regulondb_346436_minus	regulondb_346435_minus	train	False
regulondb_348471_minus	regulondb_348471_minus	train	False
regulondb_348646_plus	regulondb_348646_plus	train	False
regulondb_354884_plus	regulondb_354884_plus	train	True
regulondb_358709_minus	regulondb_358709_minus	train	True
regulondb_358773_plus	regulondb_358709_minus	train	False
regulondb_366343_minus	regulondb_366343_minus	train	True
regulondb_366358_minus	regulondb_366358_minus	train	False
regulondb_366365_minus	regulondb_366358_minus	train	False
regulondb_366377_minus	regulondb_366358_minus	train	False
regulondb_367538_minus	regulondb_367538_minus	holdout	False
regulondb_368519_plus	regulondb_368519_plus	train	True
regulondb_368528_minus	regulondb_368528_minus	holdout	True
regulondb_368536_minus	regulondb_368528_minus	holdout	False
regulondb_375386_plus	regulondb_375386_plus	holdout	False
regulondb_380850_minus	regulondb_380850_minus	holdout	False
regulondb_380957_minus	regulondb_380957_minus	holdout	False
regulondb_380973_minus	regulondb_380973_minus	train	False
regulondb_383985_minus	regulondb_383985_minus	holdout	False
regulondb_384701_minus	regulondb_384701_minus	train	False
regulondb_384708_minus	regulondb_384701_minus	train	False
regulondb_384738_minus	regulondb_384738_minus	train	False
regulondb_384830_minus	regulondb_384830_minus	train	False
regulondb_385205_plus	regulondb_385205_plus	train	False
regulondb_389754_minus	regulondb_389754_minus	train	True
regulondb_389861_minus	regulondb_389861_minus	holdout	False
regulondb_392619_minus	regulondb_392619_minus	holdout	False
regulondb_1095155_minus	regulondb_392619_minus	holdout	False
regulondb_392660_minus	regulondb_392660_minus	train	False
regulondb_1095196_minus	regulondb_392660_minus	train	False
regulondb_394461_plus	regulondb_394461_plus	holdout	False
regulondb_396319_minus	regulondb_396319_minus	holdout	False
regulondb_396363_minus	regulondb_396363_minus	train	False
regulondb_396553_plus	regulondb_396553_plus	train	True
regulondb_399444_plus	regulondb_399444_plus	train	False
regulondb_399454_plus	regulondb_399444_plus	train	False
regulondb_399460_minus	regulondb_399460_minus	holdout	False
regulondb_399547_minus	regulondb_399547_minus	train	False
regulondb_401319_plus	regulondb_401319_plus	train	True
regulondb_401363_plus	regulondb_401363_plus	train	False
regulondb_401707_plus	regulondb_401707_plus	holdout	False
regulondb_403231_plus	regulondb_403231_plus	train	True
regulondb_403687_plus	regulondb_403687_plus	train	True
regulondb_405686_minus	regulondb_405686_minus	train	False
regulondb_405723_plus	regulondb_405686_minus	train	False
regulondb_405698_plus	regulondb_405698_plus	train	False
regulondb_405708_plus	regulondb_405698_plus	train	False
regulondb_406280_plus	regulondb_406280_plus	holdout	True
regulondb_406355_plus	regulondb_406355_plus	train	False
regulondb_407400_plus	regulondb_407400_plus	holdout	True
regulondb_408148_plus	regulondb_408148_plus	train	False
regulondb_408574_plus	regulondb_408574_plus	holdout	False
regulondb_410118_plus	regulondb_410118_plus	train	False
regulondb_412529_minus	regulondb_412529_minus	holdout	True
regulondb_415847_minus	regulondb_415847_minus	train	False
regulondb_416977_minus	regulondb_416977_minus	train	False
regulondb_417101_plus	regulondb_417101_plus	train	False
regulondb_419488_plus	regulondb_419488_plus	train	False
regulondb_422495_plus	regulondb_422495_plus	holdout	False
regulondb_424985_plus	regulondb_424985_plus	train	False
regulondb_426055_plus	regulondb_426055_plus	holdout	False
regulondb_427205_plus	regulondb_427205_plus	holdout	False
regulondb_430469_plus	regulondb_430469_plus	train	False
regulondb_430530_plus	regulondb_430530_plus	train	False
regulondb_432091_minus	regulondb_432091_minus	holdout	True
regulondb_432245_minus	regulondb_432245_minus	train	True
regulondb_432977_plus	regulondb_432977_plus	train	True
regulondb_433034_minus	regulondb_433034_minus	train	False
regulondb_434504_plus	regulondb_434504_plus	train	True
regulondb_441373_minus	regulondb_441373_minus	train	False
regulondb_441468_plus	regulondb_441468_plus	holdout	False
regulondb_443748_minus	regulondb_443748_minus	train	False
regulondb_444658_plus	regulondb_444658_plus	train	False
regulondb_446687_minus	regulondb_446687_minus	train	False
regulondb_447770_minus	regulondb_447770_minus	train	False
regulondb_451653_minus	regulondb_451653_minus	train	True
regulondb_453627_minus	regulondb_453627_minus	holdout	False
regulondb_453684_minus	regulondb_453684_minus	train	False
regulondb_453686_minus	regulondb_453684_minus	train	False
regulondb_454210_minus	regulondb_454210_minus	train	True
regulondb_454349_plus	regulondb_454349_plus	train	True
regulondb_454434_plus	regulondb_454434_plus	train	True
regulondb_454993_plus	regulondb_454993_plus	train	False
regulondb_454994_plus	regulondb_454993_plus	train	True
regulondb_455122_plus	regulondb_455122_plus	train	False
regulondb_456577_plus	regulondb_456577_plus	train	True
regulondb_456605_plus	regulondb_456605_plus	train	True
regulondb_456646_plus	regulondb_456646_plus	train	False
regulondb_457202_plus	regulondb_457202_plus	train	True
regulondb_458815_plus	regulondb_458815_plus	holdout	True
regulondb_461305_plus	regulondb_461305_plus	train	False
regulondb_461332_plus	regulondb_461332_plus	train	True
regulondb_461395_plus	regulondb_461395_plus	train	True
regulondb_461442_plus	regulondb_461442_plus	train	False
regulondb_461819_plus	regulondb_461819_plus	train	True
regulondb_461838_plus	regulondb_461838_plus	train	True
regulondb_463752_plus	regulondb_463752_plus	train	False
regulondb_464360_plus	regulondb_464360_plus	train	False
regulondb_468352_plus	regulondb_468352_plus	train	False
regulondb_472556_plus	regulondb_472556_plus	train	False
regulondb_475201_minus	regulondb_475201_minus	train	False
regulondb_475245_plus	regulondb_475201_minus	train	False
regulondb_476288_plus	regulondb_476288_plus	train	False
regulondb_476399_plus	regulondb_476399_plus	train	False
regulondb_476422_plus	regulondb_476422_plus	train	False
regulondb_479288_minus	regulondb_479288_minus	train	False
regulondb_480503_minus	regulondb_480503_minus	train	False
regulondb_480794_minus	regulondb_480794_minus	train	True
regulondb_484685_minus	regulondb_484685_minus	holdout	False
regulondb_485698_minus	regulondb_485698_minus	train	True
regulondb_485699_plus	regulondb_485699_plus	train	False
regulondb_486492_plus	regulondb_486492_plus	holdout	False
regulondb_490324_minus	regulondb_490324_minus	holdout	False
regulondb_490718_plus	regulondb_490718_plus	train	False
regulondb_490857_plus	regulondb_490857_plus	train	False
regulondb_490873_plus	regulondb_490873_plus	holdout	False
regulondb_490879_plus	regulondb_490873_plus	holdout	False
regulondb_491310_plus	regulondb_491310_plus	train	True
regulondb_492056_plus	regulondb_492056_plus	train	False
regulondb_493709_plus	regulondb_493709_plus	holdout	True
regulondb_494817_plus	regulondb_494817_plus	train	False
regulondb_495075_plus	regulondb_495075_plus	train	True
regulondb_495084_plus	regulondb_495075_plus	train	False
regulondb_497139_plus	regulondb_497139_plus	train	False
regulondb_498031_plus	regulondb_498031_plus	holdout	True
regulondb_500015_plus	regulondb_500015_plus	train	True
regulondb_500051_minus	regulondb_500051_minus	train	False
regulondb_503295_minus	regulondb_503295_minus	train	False
regulondb_504767_minus	regulondb_504767_minus	train	False
regulondb_504847_minus	regulondb_504847_minus	train	False
regulondb_504852_minus	regulondb_504847_minus	train	False
regulondb_504855_minus	regulondb_504847_minus	train	False
regulondb_504886_plus	regulondb_504847_minus	train	False
regulondb_507204_plus	regulondb_507204_plus	train	True
regulondb_508174_plus	regulondb_508174_plus	train	False
regulondb_508191_plus	regulondb_508191_plus	holdout	False
regulondb_508262_minus	regulondb_508262_minus	train	False
regulondb_508264_minus	regulondb_508262_minus	train	False
regulondb_508284_minus	regulondb_508284_minus	train	False
regulondb_511411_minus	regulondb_511411_minus	holdout	True
regulondb_511573_plus	regulondb_511573_plus	train	True
regulondb_513974_plus	regulondb_513974_plus	train	False
regulondb_515077_minus	regulondb_515077_minus	train	False
regulondb_515823_minus	regulondb_515823_minus	holdout	False
regulondb_515892_plus	regulondb_515823_minus	holdout	True
regulondb_515903_plus	regulondb_515823_minus	holdout	False
regulondb_518490_minus	regulondb_518490_minus	train	True
regulondb_518568_minus	regulondb_518568_minus	train	False
regulondb_519329_minus	regulondb_519329_minus	holdout	False
regulondb_519949_minus	regulondb_519949_minus	train	False
regulondb_523066_plus	regulondb_523066_plus	train	False
regulondb_531358_minus	regulondb_531358_minus	train	False
regulondb_531362_minus	regulondb_531358_minus	train	False
regulondb_532300_minus	regulondb_532300_minus	train	False
regulondb_532390_plus	regulondb_532300_minus	train	False
regulondb_533907_plus	regulondb_533907_plus	train	False
regulondb_538944_plus	regulondb_538944_plus	train	True
regulondb_538986_plus	regulondb_538986_plus	train	True
regulondb_539041_plus	regulondb_539041_plus	train	True
regulondb_540359_plus	regulondb_540359_plus	train	False
regulondb_544056_minus	regulondb_544056_minus	holdout	False
regulondb_546411_minus	regulondb_546411_minus	train	False
regulondb_546506_plus	regulondb_546506_plus	train	False
regulondb_553142_minus	regulondb_553142_minus	train	True
regulondb_554577_plus	regulondb_554577_plus	train	False
regulondb_556632_minus	regulondb_556632_minus	train	False
regulondb_556891_minus	regulondb_556891_minus	train	False
regulondb_556967_minus	regulondb_556967_minus	train	False
regulondb_557006_minus	regulondb_557006_minus	holdout	False
regulondb_557025_minus	regulondb_557025_minus	train	False
regulondb_557781_minus	regulondb_557781_minus	holdout	False
regulondb_558062_plus	regulondb_558062_plus	holdout	False
regulondb_558166_plus	regulondb_558166_plus	holdout	False
regulondb_558803_plus	regulondb_558803_plus	train	False
regulondb_558807_plus	regulondb_558803_plus	train	False
regulondb_564607_minus	regulondb_564607_minus	holdout	False
regulondb_564703_plus	regulondb_564703_plus	train	False
regulondb_566101_minus	regulondb_566101_minus	holdout	False
regulondb_568751_plus	regulondb_568751_plus	train	False
regulondb_568787_plus	regulondb_568787_plus	train	False
regulondb_568810_plus	regulondb_568810_plus	holdout	False
regulondb_570845_plus	regulondb_570845_plus	train	False
regulondb_570847_plus	regulondb_570845_plus	train	False
regulondb_572314_plus	regulondb_572314_plus	train	False
regulondb_572319_plus	regulondb_572314_plus	train	False
regulondb_573774_plus	regulondb_573774_plus	train	False
regulondb_575774_minus	regulondb_575774_minus	train	False
regulondb_576870_minus	regulondb_576870_minus	holdout	False
regulondb_576873_plus	regulondb_576873_plus	holdout	True
regulondb_578921_minus	regulondb_578921_minus	holdout	False
regulondb_579805_plus	regulondb_579805_plus	train	False
regulondb_579844_plus	regulondb_579844_plus	train	False
regulondb_583567_plus	regulondb_583567_plus	holdout	False
regulondb_583580_plus	regulondb_583580_plus	train	True
regulondb_583656_plus	regulondb_583656_plus	holdout	True
regulondb_585665_minus	regulondb_585665_minus	train	False
regulondb_588070_minus	regulondb_588070_minus	holdout	False
regulondb_595462_minus	regulondb_595462_minus	holdout	True
regulondb_595573_plus	regulondb_595573_plus	train	True
regulondb_601929_plus	regulondb_601929_plus	train	True
regulondb_605453_minus	regulondb_605453_minus	holdout	True
regulondb_606053_minus	regulondb_606053_minus	train	False
regulondb_606223_minus	regulondb_606223_minus	holdout	False
regulondb_606264_minus	regulondb_606264_minus	train	False
regulondb_606405_minus	regulondb_606405_minus	holdout	False
regulondb_606411_minus	regulondb_606405_minus	holdout	False
regulondb_607561_minus	regulondb_607561_minus	train	False
regulondb_607731_plus	regulondb_607731_plus	holdout	False
regulondb_610141_minus	regulondb_610141_minus	holdout	False
regulondb_610254_minus	regulondb_610254_minus	holdout	False
regulondb_612667_minus	regulondb_612667_minus	train	True
regulondb_612687_plus	regulondb_612687_plus	holdout	True
regulondb_622192_minus	regulondb_622192_minus	train	True
regulondb_622253_plus	regulondb_622192_minus	train	False
regulondb_622258_plus	regulondb_622192_minus	train	False
regulondb_622234_minus	regulondb_622234_minus	train	True
regulondb_624727_minus	regulondb_624727_minus	train	True
regulondb_624831_plus	regulondb_624831_plus	holdout	True
regulondb_629292_plus	regulondb_629292_plus	holdout	False
regulondb_629855_plus	regulondb_629855_plus	holdout	False
regulondb_629864_plus	regulondb_629855_plus	holdout	True
regulondb_629873_plus	regulondb_629855_plus	holdout	False
regulondb_631991_plus	regulondb_631991_plus	train	False
regulondb_633517_minus	regulondb_633517_minus	holdout	False
regulondb_633524_minus	regulondb_633517_minus	holdout	False
regulondb_633557_plus	regulondb_633517_minus	holdout	True
regulondb_635555_minus	regulondb_635555_minus	holdout	False
regulondb_636686_minus	regulondb_636686_minus	train	False
regulondb_638693_plus	regulondb_638693_plus	holdout	True
regulondb_638800_minus	regulondb_638800_minus	train	False
regulondb_638921_plus	regulondb_638921_plus	train	True
regulondb_639002_plus	regulondb_639002_plus	train	True
regulondb_641903_minus	regulondb_641903_minus	train	False
regulondb_641922_plus	regulondb_641922_plus	holdout	False
regulondb_644055_minus	regulondb_644055_minus	train	False
regulondb_644180_minus	regulondb_644180_minus	train	False
regulondb_645034_minus	regulondb_645034_minus	train	False
regulondb_646603_minus	regulondb_646603_minus	holdout	False
regulondb_646632_minus	regulondb_646632_minus	holdout	False
regulondb_651952_minus	regulondb_651952_minus	train	False
regulondb_651984_plus	regulondb_651952_minus	train	False
regulondb_652039_minus	regulondb_652039_minus	train	False
regulondb_652172_plus	regulondb_652172_plus	train	False
regulondb_656083_minus	regulondb_656083_minus	holdout	False
regulondb_656526_plus	regulondb_656526_plus	train	False
regulondb_657147_plus	regulondb_657147_plus	train	False
regulondb_657250_plus	regulondb_657250_plus	train	True
regulondb_657998_minus	regulondb_657998_minus	train	False
regulondb_658008_minus	regulondb_657998_minus	train	False
regulondb_658871_plus	regulondb_658871_plus	train	False
regulondb_660301_minus	regulondb_660301_minus	train	False
regulondb_661386_minus	regulondb_661386_minus	train	False
regulondb_661460_minus	regulondb_661460_minus	train	False
regulondb_661510_minus	regulondb_661510_minus	train	False
regulondb_661545_minus	regulondb_661545_minus	holdout	False
regulondb_662399_minus	regulondb_662399_minus	train	False
regulondb_662401_minus	regulondb_662399_minus	train	False
regulondb_662706_minus	regulondb_662706_minus	train	True
regulondb_663967_minus	regulondb_663967_minus	holdout	False
regulondb_664001_minus	regulondb_664001_minus	train	True
regulondb_665213_minus	regulondb_665213_minus	train	False
regulondb_665222_minus	regulondb_665213_minus	train	False
regulondb_669072_minus	regulondb_669072_minus	train	False
regulondb_669944_minus	regulondb_669944_minus	train	False
regulondb_670046_minus	regulondb_670046_minus	train	False
regulondb_674993_plus	regulondb_674993_plus	train	False
regulondb_676560_plus	regulondb_676560_plus	train	False
regulondb_676572_minus	regulondb_676572_minus	holdout	False
regulondb_676637_plus	regulondb_676572_minus	holdout	False
regulondb_676590_plus	regulondb_676590_plus	train	False
regulondb_676611_minus	regulondb_676611_minus	holdout	False
regulondb_676624_minus	regulondb_676624_minus	train	False
regulondb_676639_minus	regulondb_676639_minus	train	False
regulondb_676700_minus	regulondb_676700_minus	train	False
regulondb_676706_minus	regulondb_676700_minus	train	False
regulondb_679416_minus	regulondb_679416_minus	train	False
regulondb_679462_plus	regulondb_679416_minus	train	False
regulondb_679465_plus	regulondb_679416_minus	train	False
regulondb_683482_minus	regulondb_683482_minus	holdout	False
regulondb_683594_minus	regulondb_683594_minus	train	False
regulondb_684602_minus	regulondb_684602_minus	train	False
regulondb_687896_minus	regulondb_687896_minus	holdout	False
regulondb_689205_minus	regulondb_689205_minus	holdout	False
regulondb_689212_minus	regulondb_689205_minus	holdout	False
regulondb_689222_minus	regulondb_689205_minus	holdout	False
regulondb_690984_minus	regulondb_690984_minus	train	False
regulondb_693469_minus	regulondb_693469_minus	train	True
regulondb_697163_minus	regulondb_697163_minus	holdout	False
regulondb_699222_minus	regulondb_699222_minus	holdout	False
regulondb_700352_minus	regulondb_700352_minus	train	False
regulondb_701865_minus	regulondb_701865_minus	holdout	True
regulondb_702008_minus	regulondb_702008_minus	holdout	True
regulondb_703175_minus	regulondb_703175_minus	train	False
regulondb_703708_minus	regulondb_703708_minus	train	True
regulondb_703840_plus	regulondb_703840_plus	train	True
regulondb_705999_plus	regulondb_705999_plus	train	True
regulondb_706060_plus	regulondb_706060_plus	holdout	False
regulondb_708236_plus	regulondb_708236_plus	holdout	False
regulondb_710716_minus	regulondb_710716_minus	holdout	True
regulondb_710723_minus	regulondb_710716_minus	holdout	False
regulondb_710829_minus	regulondb_710829_minus	train	False
regulondb_711521_minus	regulondb_711521_minus	holdout	False
regulondb_711939_minus	regulondb_711939_minus	train	False
regulondb_712846_minus	regulondb_712846_minus	train	False
regulondb_712942_plus	regulondb_712942_plus	holdout	False
regulondb_716641_minus	regulondb_716641_minus	train	True
regulondb_718344_minus	regulondb_718344_minus	train	False
regulondb_721894_minus	regulondb_721894_minus	train	False
regulondb_728849_minus	regulondb_728849_minus	train	True
regulondb_729037_plus	regulondb_729037_plus	train	False
regulondb_729082_plus	regulondb_729082_plus	train	True
regulondb_729379_plus	regulondb_729379_plus	train	False
regulondb_738920_plus	regulondb_738920_plus	holdout	True
regulondb_738980_plus	regulondb_738980_plus	holdout	True
regulondb_739421_plus	regulondb_739421_plus	train	False
regulondb_742619_plus	regulondb_742619_plus	train	False
regulondb_742622_minus	regulondb_742622_minus	train	False
regulondb_742623_minus	regulondb_742622_minus	train	False
regulondb_742670_minus	regulondb_742670_minus	train	False
regulondb_742798_plus	regulondb_742798_plus	train	False
regulondb_745904_plus	regulondb_745904_plus	train	True
regulondb_749182_minus	regulondb_749182_minus	train	False
regulondb_749185_minus	regulondb_749182_minus	train	False
regulondb_752958_minus	regulondb_752958_minus	train	False
regulondb_754670_minus	regulondb_754670_minus	holdout	False
regulondb_754767_minus	regulondb_754767_minus	train	True
regulondb_754958_plus	regulondb_754958_plus	holdout	True
regulondb_755404_plus	regulondb_755404_plus	train	True
regulondb_758586_plus	regulondb_758586_plus	train	True
regulondb_765811_plus	regulondb_765811_plus	train	False
regulondb_765926_minus	regulondb_765926_minus	train	False
regulondb_767795_plus	regulondb_767795_plus	holdout	False
regulondb_767825_plus	regulondb_767825_plus	train	True
regulondb_771170_plus	regulondb_771170_plus	train	True
regulondb_771202_plus	regulondb_771202_plus	holdout	True
regulondb_771213_plus	regulondb_771202_plus	holdout	False
regulondb_771284_plus	regulondb_771284_plus	holdout	True
regulondb_771368_plus	regulondb_771368_plus	holdout	True
regulondb_774150_plus	regulondb_774150_plus	holdout	False
regulondb_774644_plus	regulondb_774644_plus	train	False
regulondb_774709_plus	regulondb_774709_plus	train	False
regulondb_777537_plus	regulondb_777537_plus	train	False
regulondb_777560_plus	regulondb_777560_plus	holdout	False
regulondb_780514_plus	regulondb_780514_plus	holdout	False
regulondb_782061_plus	regulondb_782061_plus	train	False
regulondb_784848_minus	regulondb_784848_minus	train	False
regulondb_784858_minus	regulondb_784848_minus	train	False
regulondb_785339_minus	regulondb_785339_minus	train	False
regulondb_785373_minus	regulondb_785373_minus	train	False
regulondb_785459_minus	regulondb_785459_minus	holdout	False
regulondb_785465_minus	regulondb_785459_minus	holdout	False
regulondb_785496_minus	regulondb_785496_minus	holdout	False
regulondb_785591_plus	regulondb_785591_plus	train	True
regulondb_787632_minus	regulondb_787632_minus	train	True
regulondb_787670_minus	regulondb_787670_minus	train	True
regulondb_788898_minus	regulondb_788898_minus	train	False
regulondb_790463_minus	regulondb_790463_minus	train	False
regulondb_792081_minus	regulondb_792081_minus	holdout	True
regulondb_792086_minus	regulondb_792081_minus	holdout	False
regulondb_792177_minus	regulondb_792177_minus	train	False
regulondb_794751_plus	regulondb_794751_plus	holdout	True
regulondb_794995_plus	regulondb_794995_plus	train	False
regulondb_795062_plus	regulondb_795062_plus	holdout	True
regulondb_798537_minus	regulondb_798537_minus	train	False
regulondb_798539_plus	regulondb_798539_plus	holdout	False
regulondb_798592_minus	regulondb_798592_minus	train	False
regulondb_800552_plus	regulondb_800552_plus	holdout	False
regulondb_800620_minus	regulondb_800620_minus	train	False
regulondb_800694_plus	regulondb_800620_minus	train	False
regulondb_800709_minus	regulondb_800709_minus	holdout	False
regulondb_807321_minus	regulondb_807321_minus	holdout	False
regulondb_807930_minus	regulondb_807930_minus	train	False
regulondb_808035_minus	regulondb_808035_minus	train	False
regulondb_809292_minus	regulondb_809292_minus	train	False
regulondb_809302_plus	regulondb_809302_plus	holdout	False
regulondb_813152_plus	regulondb_813152_plus	train	True
regulondb_813462_plus	regulondb_813462_plus	train	True
regulondb_813493_plus	regulondb_813493_plus	holdout	True
regulondb_816692_minus	regulondb_816692_minus	holdout	False
regulondb_816827_plus	regulondb_816827_plus	train	False
regulondb_816914_plus	regulondb_816914_plus	train	False
regulondb_817977_plus	regulondb_817977_plus	train	False
regulondb_819858_plus	regulondb_819858_plus	holdout	True
regulondb_820778_plus	regulondb_820778_plus	train	False
regulondb_822648_minus	regulondb_822648_minus	holdout	False
regulondb_824601_plus	regulondb_824601_plus	holdout	False
regulondb_830669_minus	regulondb_830669_minus	train	False
regulondb_830783_plus	regulondb_830783_plus	train	False
regulondb_832960_minus	regulondb_832960_minus	train	False
regulondb_833073_plus	regulondb_833073_plus	train	False
regulondb_838484_minus	regulondb_838484_minus	train	True
regulondb_839274_minus	regulondb_839274_minus	train	False
regulondb_841648_minus	regulondb_841648_minus	holdout	False
regulondb_842153_minus	regulondb_842153_minus	train	False
regulondb_842192_plus	regulondb_842153_minus	train	False
regulondb_842224_plus	regulondb_842153_minus	train	False
regulondb_845509_minus	regulondb_845509_minus	train	False
regulondb_845664_minus	regulondb_845664_minus	train	False
regulondb_846631_minus	regulondb_846631_minus	holdout	False
regulondb_848047_minus	regulondb_848047_minus	train	True
regulondb_848198_minus	regulondb_848198_minus	train	False
regulondb_848950_minus	regulondb_848950_minus	train	True
regulondb_850209_plus	regulondb_850209_plus	holdout	True
regulondb_850304_minus	regulondb_850304_minus	train	False
regulondb_850419_plus	regulondb_850419_plus	holdout	False
regulondb_852626_minus	regulondb_852626_minus	train	False
regulondb_853064_minus	regulondb_853064_minus	train	True
regulondb_853098_plus	regulondb_853064_minus	train	False
regulondb_853135_plus	regulondb_853064_minus	train	False
regulondb_853080_plus	regulondb_853080_plus	train	False
regulondb_853083_plus	regulondb_853080_plus	train	False
regulondb_855786_minus	regulondb_855786_minus	train	False
regulondb_855947_plus	regulondb_855947_plus	train	False
regulondb_859100_minus	regulondb_859100_minus	train	False
regulondb_859104_minus	regulondb_859100_minus	train	False
regulondb_859106_minus	regulondb_859100_minus	train	False
regulondb_860088_minus	regulondb_860088_minus	train	False
regulondb_862783_minus	regulondb_862783_minus	train	False
regulondb_863530_plus	regulondb_863530_plus	train	False
regulondb_866394_minus	regulondb_866394_minus	train	True
regulondb_866537_plus	regulondb_866537_plus	train	False
regulondb_872969_plus	regulondb_872969_plus	train	False
regulondb_878070_minus	regulondb_878070_minus	train	False
regulondb_878246_plus	regulondb_878246_plus	holdout	False
regulondb_880519_minus	regulondb_880519_minus	holdout	False
regulondb_880653_plus	regulondb_880653_plus	train	False
regulondb_883508_minus	regulondb_883508_minus	train	False
regulondb_883569_plus	regulondb_883508_minus	train	False
regulondb_883649_plus	regulondb_883649_plus	holdout	False
regulondb_888057_minus	regulondb_888057_minus	train	True
regulondb_889885_plus	regulondb_889885_plus	holdout	False
regulondb_889938_minus	regulondb_889938_minus	train	False
regulondb_889941_minus	regulondb_889938_minus	train	False
regulondb_889940_plus	regulondb_889940_plus	train	False
regulondb_890776_minus	regulondb_890776_minus	holdout	False
regulondb_890892_plus	regulondb_890892_plus	train	True
regulondb_891876_plus	regulondb_891876_plus	holdout	False
regulondb_893634_plus	regulondb_893634_plus	train	False
regulondb_893736_plus	regulondb_893736_plus	train	False
regulondb_897852_plus	regulondb_897852_plus	train	False
regulondb_897947_plus	regulondb_897947_plus	holdout	False
regulondb_900626_minus	regulondb_900626_minus	train	True
regulondb_903769_minus	regulondb_903769_minus	holdout	True
regulondb_903815_minus	regulondb_903815_minus	train	True
regulondb_903836_minus	regulondb_903836_minus	train	True
regulondb_903843_minus	regulondb_903836_minus	train	False
regulondb_904517_plus	regulondb_904517_plus	train	False
regulondb_904523_minus	regulondb_904523_minus	train	True
regulondb_906898_minus	regulondb_906898_minus	train	False
regulondb_909320_minus	regulondb_909320_minus	train	False
regulondb_911076_minus	regulondb_911076_minus	holdout	True
regulondb_912200_minus	regulondb_912200_minus	train	False
regulondb_913845_minus	regulondb_913845_minus	holdout	False
regulondb_914129_minus	regulondb_914129_minus	train	True
regulondb_914895_minus	regulondb_914895_minus	train	True
regulondb_914901_minus	regulondb_914895_minus	train	False
regulondb_915077_minus	regulondb_915077_minus	train	False
regulondb_916133_minus	regulondb_916133_minus	train	False
regulondb_916212_minus	regulondb_916212_minus	train	False
regulondb_919103_minus	regulondb_919103_minus	train	False
regulondb_920094_plus	regulondb_920094_plus	train	False
regulondb_920337_plus	regulondb_920337_plus	train	False
regulondb_922676_minus	regulondb_922676_minus	train	True
regulondb_922750_plus	regulondb_922676_minus	train	False
regulondb_922751_plus	regulondb_922676_minus	train	False
regulondb_922912_plus	regulondb_922912_plus	train	False
regulondb_923080_plus	regulondb_923080_plus	holdout	True
regulondb_923092_plus	regulondb_923080_plus	holdout	False
regulondb_923210_plus	regulondb_923210_plus	train	False
regulondb_926006_minus	regulondb_926006_minus	train	True
regulondb_926043_minus	regulondb_926043_minus	train	True
regulondb_926479_minus	regulondb_926479_minus	train	True
regulondb_926685_minus	regulondb_926685_minus	train	True
regulondb_927460_minus	regulondb_927460_minus	holdout	False
regulondb_929400_minus	regulondb_929400_minus	holdout	False
regulondb_931031_minus	regulondb_931031_minus	train	True
regulondb_932078_minus	regulondb_932078_minus	train	False
regulondb_932328_plus	regulondb_932328_plus	train	True
regulondb_932929_plus	regulondb_932929_plus	train	True
regulondb_933138_plus	regulondb_933138_plus	holdout	True
regulondb_933218_plus	regulondb_933218_plus	train	False
regulondb_937328_plus	regulondb_937328_plus	holdout	True
regulondb_939365_plus	regulondb_939365_plus	train	False
regulondb_940823_plus	regulondb_940823_plus	train	True
regulondb_940878_plus	regulondb_940878_plus	train	False
regulondb_943957_plus	regulondb_943957_plus	train	True
regulondb_945719_plus	regulondb_945719_plus	train	False
regulondb_945839_plus	regulondb_945839_plus	train	False
regulondb_947120_plus	regulondb_947120_plus	train	False
regulondb_947127_plus	regulondb_947120_plus	train	False
regulondb_947144_plus	regulondb_947144_plus	train	False
regulondb_947145_plus	regulondb_947144_plus	train	False
regulondb_949547_plus	regulondb_949547_plus	train	False
regulondb_949574_plus	regulondb_949574_plus	holdout	False
regulondb_949643_plus	regulondb_949643_plus	train	False
regulondb_951154_minus	regulondb_951154_minus	train	True
regulondb_951228_minus	regulondb_951228_minus	holdout	False
regulondb_953579_minus	regulondb_953579_minus	train	False
regulondb_953641_minus	regulondb_953641_minus	holdout	False
regulondb_953741_minus	regulondb_953741_minus	holdout	False
regulondb_953851_minus	regulondb_953851_minus	train	False
regulondb_953925_minus	regulondb_953925_minus	train	False
regulondb_954493_minus	regulondb_954493_minus	train	True
regulondb_954503_minus	regulondb_954493_minus	train	False
regulondb_954814_minus	regulondb_954814_minus	train	True
regulondb_957579_plus	regulondb_957579_plus	train	False
regulondb_957595_plus	regulondb_957595_plus	train	True
regulondb_960132_plus	regulondb_960132_plus	train	False
regulondb_960143_plus	regulondb_960132_plus	train	False
regulondb_960238_plus	regulondb_960238_plus	train	False
regulondb_960255_plus	regulondb_960255_plus	train	False
regulondb_961165_plus	regulondb_961165_plus	holdout	True
regulondb_961717_plus	regulondb_961717_plus	train	True
regulondb_961859_plus	regulondb_961859_plus	train	True
regulondb_963749_plus	regulondb_963749_plus	holdout	True
regulondb_964105_plus	regulondb_964105_plus	holdout	False
regulondb_964108_plus	regulondb_964105_plus	holdout	False
regulondb_964238_plus	regulondb_964238_plus	holdout	False
regulondb_970642_plus	regulondb_970642_plus	holdout	True
regulondb_971672_plus	regulondb_971672_plus	train	False
regulondb_973404_plus	regulondb_973404_plus	train	False
regulondb_980931_plus	regulondb_980931_plus	train	False
regulondb_983023_plus	regulondb_983023_plus	train	False
regulondb_985743_minus	regulondb_985743_minus	holdout	False
regulondb_987092_minus	regulondb_987092_minus	train	True
regulondb_989044_minus	regulondb_989044_minus	train	False
regulondb_990414_minus	regulondb_990414_minus	train	True
regulondb_990591_plus	regulondb_990591_plus	train	False
regulondb_994141_minus	regulondb_994141_minus	holdout	False
regulondb_997563_minus	regulondb_997563_minus	train	True
regulondb_997765_plus	regulondb_997765_plus	train	False
regulondb_997808_plus	regulondb_997808_plus	train	False
regulondb_997814_plus	regulondb_997808_plus	train	False
regulondb_998321_plus	regulondb_998321_plus	holdout	False
regulondb_1004732_plus	regulondb_1004732_plus	train	True
regulondb_1005850_plus	regulondb_1005850_plus	train	False
regulondb_1005890_plus	regulondb_1005890_plus	train	False
regulondb_1007672_plus	regulondb_1007672_plus	train	False
regulondb_1011659_plus	regulondb_1011659_plus	holdout	True
regulondb_1011666_plus	regulondb_1011659_plus	holdout	False
regulondb_1015503_plus	regulondb_1015503_plus	train	False
regulondb_1015532_plus	regulondb_1015532_plus	train	False
regulondb_1015657_plus	regulondb_1015657_plus	train	False
regulondb_1016498_minus	regulondb_1016498_minus	holdout	False
regulondb_1018459_plus	regulondb_1018459_plus	train	False
regulondb_1018460_minus	regulondb_1018460_minus	train	False
regulondb_1020187_minus	regulondb_1020187_minus	train	False
regulondb_1020191_minus	regulondb_1020187_minus	train	True
regulondb_1020947_minus	regulondb_1020947_minus	train	True
regulondb_1021083_plus	regulondb_1021083_plus	holdout	True
regulondb_1023976_minus	regulondb_1023976_minus	train	False
regulondb_1023994_minus	regulondb_1023994_minus	train	False
regulondb_1024365_minus	regulondb_1024365_minus	train	False
regulondb_1024438_plus	regulondb_1024365_minus	train	False
regulondb_1027041_minus	regulondb_1027041_minus	train	False
regulondb_1027797_minus	regulondb_1027797_minus	holdout	False
regulondb_1027837_minus	regulondb_1027837_minus	train	False
regulondb_1029980_plus	regulondb_1029980_plus	holdout	False
regulondb_1029994_plus	regulondb_1029994_plus	holdout	False
regulondb_1030001_minus	regulondb_1030001_minus	holdout	False
regulondb_1030061_plus	regulondb_1030001_minus	holdout	False
regulondb_1031443_minus	regulondb_1031443_minus	train	True
regulondb_1031719_minus	regulondb_1031719_minus	holdout	True
regulondb_1031984_plus	regulondb_1031984_plus	train	True
regulondb_1037710_plus	regulondb_1037710_plus	train	False
regulondb_1040599_plus	regulondb_1040599_plus	train	False
regulondb_1044303_minus	regulondb_1044303_minus	holdout	False
regulondb_1048118_minus	regulondb_1048118_minus	train	False
regulondb_1049834_minus	regulondb_1049834_minus	holdout	False
regulondb_1050702_minus	regulondb_1050702_minus	train	True
regulondb_1051205_minus	regulondb_1051205_minus	train	False
regulondb_1051278_minus	regulondb_1051278_minus	train	False
regulondb_1051284_minus	regulondb_1051278_minus	train	False
regulondb_1051304_minus	regulondb_1051304_minus	train	False
regulondb_1051307_minus	regulondb_1051304_minus	train	False
regulondb_1051305_plus	regulondb_1051305_plus	holdout	False
regulondb_1051330_minus	regulondb_1051330_minus	train	False
regulondb_1051373_minus	regulondb_1051373_minus	train	False
regulondb_1051830_plus	regulondb_1051830_plus	holdout	False
regulondb_1051999_plus	regulondb_1051999_plus	holdout	True
regulondb_1052004_plus	regulondb_1051999_plus	holdout	False
regulondb_1056182_minus	regulondb_1056182_minus	train	False
regulondb_1056220_plus	regulondb_1056182_minus	train	False
regulondb_1056222_plus	regulondb_1056182_minus	train	False
regulondb_1056207_plus	regulondb_1056207_plus	train	False
regulondb_1057984_minus	regulondb_1057984_minus	holdout	True
regulondb_1058056_plus	regulondb_1057984_minus	holdout	False
regulondb_1063828_minus	regulondb_1063828_minus	holdout	True
regulondb_1063833_minus	regulondb_1063828_minus	holdout	False
regulondb_1063919_minus	regulondb_1063919_minus	holdout	True
regulondb_1064037_minus	regulondb_1064037_minus	holdout	True
regulondb_1065559_plus	regulondb_1065559_plus	train	False
regulondb_1067758_minus	regulondb_1067758_minus	train	True
regulondb_1070045_minus	regulondb_1070045_minus	train	False
regulondb_1074026_minus	regulondb_1074026_minus	holdout	False
regulondb_1074113_plus	regulondb_1074026_minus	holdout	True
regulondb_1074134_plus	regulondb_1074134_plus	train	True
regulondb_1078925_minus	regulondb_1078925_minus	holdout	True
regulondb_1079168_plus	regulondb_1079168_plus	train	True
regulondb_1079179_plus	regulondb_1079168_plus	train	False
regulondb_1079185_plus	regulondb_1079168_plus	train	False
regulondb_1079210_plus	regulondb_1079210_plus	holdout	True
regulondb_1079291_plus	regulondb_1079291_plus	train	False
regulondb_1081307_plus	regulondb_1081307_plus	train	True
regulondb_1082154_plus	regulondb_1082154_plus	holdout	False
regulondb_1082243_plus	regulondb_1082243_plus	train	False
regulondb_1084865_plus	regulondb_1084865_plus	train	True
regulondb_1084938_plus	regulondb_1084938_plus	holdout	False
regulondb_1092523_minus	regulondb_1092523_minus	train	False
regulondb_1092841_plus	regulondb_1092841_plus	holdout	True
regulondb_1095633_plus	regulondb_1095633_plus	train	False
regulondb_1095693_plus	regulondb_1095693_plus	holdout	False
regulondb_1095759_plus	regulondb_1095759_plus	train	False
regulondb_1097676_minus	regulondb_1097676_minus	holdout	False
regulondb_1097824_plus	regulondb_1097824_plus	holdout	False
regulondb_1100252_plus	regulondb_1100252_plus	train	False
regulondb_1101755_minus	regulondb_1101755_minus	train	False
regulondb_1103335_minus	regulondb_1103335_minus	holdout	True
regulondb_1103344_minus	regulondb_1103335_minus	holdout	False
regulondb_1103859_plus	regulondb_1103859_plus	holdout	True
regulondb_1104236_plus	regulondb_1104236_plus	train	True
regulondb_1105201_plus	regulondb_1105201_plus	train	False
regulondb_1105225_plus	regulondb_1105225_plus	train	False
regulondb_1105330_plus	regulondb_1105330_plus	holdout	False
regulondb_1105412_plus	regulondb_1105412_plus	train	False
regulondb_1105714_plus	regulondb_1105714_plus	train	False
regulondb_1105738_plus	regulondb_1105738_plus	train	False
regulondb_1105803_plus	regulondb_1105803_plus	train	False
regulondb_1106292_plus	regulondb_1106292_plus	train	False
regulondb_1109257_plus	regulondb_1109257_plus	holdout	True
regulondb_1109278_plus	regulondb_1109278_plus	train	True
regulondb_1114213_minus	regulondb_1114213_minus	holdout	True
regulondb_1116709_minus	regulondb_1116709_minus	holdout	False
regulondb_1116772_plus	regulondb_1116709_minus	holdout	False
regulondb_1118641_minus	regulondb_1118641_minus	train	False
regulondb_1119071_minus	regulondb_1119071_minus	holdout	True
regulondb_1119511_minus	regulondb_1119511_minus	train	False
regulondb_1119623_minus	regulondb_1119623_minus	train	False
regulondb_1119632_minus	regulondb_1119623_minus	train	False
regulondb_1120609_minus	regulondb_1120609_minus	train	False
regulondb_1121020_minus	regulondb_1121020_minus	train	True
regulondb_1121032_minus	regulondb_1121020_minus	train	False
regulondb_1121058_minus	regulondb_1121058_minus	train	True
regulondb_1121509_minus	regulondb_1121509_minus	holdout	True
regulondb_1122643_minus	regulondb_1122643_minus	train	True
regulondb_1124083_minus	regulondb_1124083_minus	train	False
regulondb_1124102_minus	regulondb_1124102_minus	train	False
regulondb_1124103_minus	regulondb_1124102_minus	train	False
regulondb_1125522_plus	regulondb_1125522_plus	train	False
regulondb_1126077_plus	regulondb_1126077_plus	holdout	False
regulondb_1126081_plus	regulondb_1126077_plus	holdout	False
regulondb_1126604_plus	regulondb_1126604_plus	holdout	False
regulondb_1129914_minus	regulondb_1129914_minus	train	False
regulondb_1130165_minus	regulondb_1130165_minus	train	True
regulondb_1130885_minus	regulondb_1130885_minus	train	False
regulondb_1130993_plus	regulondb_1130993_plus	holdout	True
regulondb_1138351_plus	regulondb_1138351_plus	train	True
regulondb_1144380_plus	regulondb_1144380_plus	train	False
regulondb_1144421_minus	regulondb_1144421_minus	holdout	False
regulondb_1144728_minus	regulondb_1144728_minus	train	True
regulondb_1144762_minus	regulondb_1144762_minus	train	True
regulondb_1144873_minus	regulondb_1144873_minus	holdout	True
regulondb_1146589_plus	regulondb_1146589_plus	holdout	False
regulondb_1146607_minus	regulondb_1146607_minus	holdout	False
regulondb_1146649_plus	regulondb_1146607_minus	holdout	False
regulondb_1146628_minus	regulondb_1146628_minus	train	False
regulondb_1146749_minus	regulondb_1146749_minus	train	False
regulondb_1146761_minus	regulondb_1146749_minus	train	False
regulondb_1146791_plus	regulondb_1146749_minus	train	False
regulondb_1147338_plus	regulondb_1147338_plus	holdout	False
regulondb_1147577_plus	regulondb_1147577_plus	train	True
regulondb_1148516_plus	regulondb_1148516_plus	train	False
regulondb_1151575_plus	regulondb_1151575_plus	train	True
regulondb_1153093_plus	regulondb_1153093_plus	train	False
regulondb_1153194_plus	regulondb_1153194_plus	train	False
regulondb_1153293_plus	regulondb_1153293_plus	train	False
regulondb_1157626_plus	regulondb_1157626_plus	train	True
regulondb_1157766_plus	regulondb_1157766_plus	train	False
regulondb_1161647_minus	regulondb_1161647_minus	holdout	False
regulondb_1161821_plus	regulondb_1161821_plus	train	False
regulondb_1161823_plus	regulondb_1161821_plus	train	False
regulondb_1161827_plus	regulondb_1161821_plus	train	False
regulondb_1165992_plus	regulondb_1165992_plus	train	True
regulondb_1167407_plus	regulondb_1167407_plus	train	False
regulondb_1168844_minus	regulondb_1168844_minus	train	False
regulondb_1168863_minus	regulondb_1168863_minus	train	False
regulondb_1168981_plus	regulondb_1168981_plus	train	False
regulondb_1169019_plus	regulondb_1169019_plus	holdout	True
regulondb_1169033_plus	regulondb_1169033_plus	holdout	True
regulondb_1170417_minus	regulondb_1170417_minus	holdout	True
regulondb_1173992_minus	regulondb_1173992_minus	train	True
regulondb_1174028_minus	regulondb_1174028_minus	train	True
regulondb_1175325_minus	regulondb_1175325_minus	train	False
regulondb_1175329_minus	regulondb_1175325_minus	train	False
regulondb_1175374_plus	regulondb_1175325_minus	train	False
regulondb_1175399_plus	regulondb_1175325_minus	train	False
regulondb_1178540_plus	regulondb_1178540_plus	train	False
regulondb_1181346_minus	regulondb_1181346_minus	train	False
regulondb_1181380_minus	regulondb_1181380_minus	train	False
regulondb_1182848_minus	regulondb_1182848_minus	train	False
regulondb_1182850_minus	regulondb_1182848_minus	train	False
regulondb_1185823_plus	regulondb_1185823_plus	train	False
regulondb_1188267_minus	regulondb_1188267_minus	holdout	True
regulondb_1188270_minus	regulondb_1188267_minus	holdout	False
regulondb_1189940_minus	regulondb_1189940_minus	holdout	False
regulondb_1190483_minus	regulondb_1190483_minus	holdout	False
regulondb_1190491_minus	regulondb_1190483_minus	holdout	True
regulondb_1190508_minus	regulondb_1190508_minus	train	False
regulondb_1192686_minus	regulondb_1192686_minus	train	True
regulondb_1194437_minus	regulondb_1194437_minus	train	False
regulondb_1194961_plus	regulondb_1194961_plus	train	True
regulondb_1195008_plus	regulondb_1195008_plus	train	True
regulondb_1196711_plus	regulondb_1196711_plus	train	False
regulondb_1197589_minus	regulondb_1197589_minus	train	False
regulondb_1197625_minus	regulondb_1197625_minus	holdout	False
regulondb_1197661_minus	regulondb_1197661_minus	holdout	False
regulondb_1198516_plus	regulondb_1198516_plus	train	False
regulondb_1198590_plus	regulondb_1198590_plus	train	False
regulondb_1198668_plus	regulondb_1198668_plus	train	False
regulondb_1201440_plus	regulondb_1201440_plus	holdout	False
regulondb_1202184_minus	regulondb_1202184_minus	holdout	True
regulondb_1202185_minus	regulondb_1202184_minus	holdout	False
regulondb_1202213_minus	regulondb_1202213_minus	train	False
regulondb_1202259_minus	regulondb_1202259_minus	train	False
regulondb_1202883_plus	regulondb_1202883_plus	train	False
regulondb_1202955_minus	regulondb_1202955_minus	train	False
regulondb_1203006_plus	regulondb_1202955_minus	train	False
regulondb_1203014_minus	regulondb_1203014_minus	holdout	False
regulondb_1203088_minus	regulondb_1203088_minus	holdout	False
regulondb_1209189_minus	regulondb_1209189_minus	train	False
regulondb_1209266_minus	regulondb_1209266_minus	train	False
regulondb_1209527_plus	regulondb_1209527_plus	holdout	False
regulondb_1209672_plus	regulondb_1209672_plus	holdout	False
regulondb_1210139_plus	regulondb_1210139_plus	holdout	False
regulondb_1210195_plus	regulondb_1210195_plus	train	False
regulondb_1210319_plus	regulondb_1210319_plus	holdout	False
regulondb_1210323_plus	regulondb_1210319_plus	holdout	False
regulondb_1212090_minus	regulondb_1212090_minus	train	False
regulondb_1212123_minus	regulondb_1212123_minus	holdout	True
regulondb_1213212_minus	regulondb_1213212_minus	train	False
regulondb_1213284_minus	regulondb_1213284_minus	holdout	False
regulondb_1214113_minus	regulondb_1214113_minus	train	True
regulondb_1215506_minus	regulondb_1215506_minus	train	True
regulondb_1215613_minus	regulondb_1215613_minus	holdout	False
regulondb_1215752_plus	regulondb_1215752_plus	holdout	True
regulondb_1217307_plus	regulondb_1217307_plus	train	False
regulondb_1218814_plus	regulondb_1218814_plus	train	False
regulondb_1218937_plus	regulondb_1218937_plus	train	False
regulondb_1218940_plus	regulondb_1218937_plus	train	False
regulondb_1218953_plus	regulondb_1218953_plus	train	False
regulondb_1224711_minus	regulondb_1224711_minus	train	False
regulondb_1226478_plus	regulondb_1226478_plus	train	False
regulondb_1227609_plus	regulondb_1227609_plus	train	False
regulondb_1228683_plus	regulondb_1228683_plus	train	False
regulondb_1228750_plus	regulondb_1228750_plus	train	False
regulondb_1228808_plus	regulondb_1228808_plus	train	False
regulondb_1230466_minus	regulondb_1230466_minus	holdout	False
regulondb_1230738_plus	regulondb_1230738_plus	train	True
regulondb_1233147_minus	regulondb_1233147_minus	holdout	False
regulondb_1234767_minus	regulondb_1234767_minus	train	True
regulondb_1234905_plus	regulondb_1234905_plus	train	True
regulondb_1234916_plus	regulondb_1234905_plus	train	False
regulondb_1237285_minus	regulondb_1237285_minus	train	False
regulondb_1237509_plus	regulondb_1237509_plus	train	True
regulondb_1237525_plus	regulondb_1237525_plus	train	True
regulondb_1237538_plus	regulondb_1237538_plus	train	True
regulondb_1242164_minus	regulondb_1242164_minus	train	False
regulondb_1243125_plus	regulondb_1243125_plus	train	False
regulondb_1243197_minus	regulondb_1243197_minus	train	False
regulondb_1244555_plus	regulondb_1244555_plus	holdout	False
regulondb_1244556_minus	regulondb_1244556_minus	train	False
regulondb_1244579_plus	regulondb_1244579_plus	train	False
regulondb_1245083_plus	regulondb_1245083_plus	train	False
regulondb_1245101_plus	regulondb_1245101_plus	holdout	False
regulondb_1247425_minus	regulondb_1247425_minus	train	True
regulondb_1250944_minus	regulondb_1250944_minus	train	False
regulondb_1251003_plus	regulondb_1250944_minus	train	False
regulondb_1256110_minus	regulondb_1256110_minus	train	False
regulondb_1256111_minus	regulondb_1256110_minus	train	False
regulondb_1257882_minus	regulondb_1257882_minus	train	True
regulondb_1258542_minus	regulondb_1258542_minus	holdout	True
regulondb_1258738_plus	regulondb_1258738_plus	holdout	True
regulondb_1262177_minus	regulondb_1262177_minus	train	True
regulondb_1263556_minus	regulondb_1263556_minus	train	False
regulondb_1263583_plus	regulondb_1263583_plus	holdout	False
regulondb_1263676_plus	regulondb_1263676_plus	train	True
regulondb_1266899_plus	regulondb_1266899_plus	train	True
regulondb_1267854_plus	regulondb_1267854_plus	holdout	True
regulondb_1269323_plus	regulondb_1269323_plus	holdout	False
regulondb_1269856_plus	regulondb_1269323_plus	holdout	False
regulondb_1270391_plus	regulondb_1269323_plus	holdout	False
regulondb_1269477_minus	regulondb_1269477_minus	holdout	False
regulondb_1270012_minus	regulondb_1269477_minus	holdout	False
regulondb_1270546_minus	regulondb_1269477_minus	holdout	False
regulondb_1272422_plus	regulondb_1272422_plus	train	False
regulondb_1273655_minus	regulondb_1273655_minus	train	False
regulondb_1273760_plus	regulondb_1273760_plus	holdout	False
regulondb_1277777_minus	regulondb_1277777_minus	train	False
regulondb_1277821_plus	regulondb_1277777_minus	train	True
regulondb_1277932_plus	regulondb_1277932_plus	train	True
regulondb_1279807_plus	regulondb_1279807_plus	holdout	True
regulondb_1287188_minus	regulondb_1287188_minus	holdout	False
regulondb_1287665_minus	regulondb_1287665_minus	train	True
regulondb_1288751_minus	regulondb_1288751_minus	holdout	True
regulondb_1288753_minus	regulondb_1288751_minus	holdout	False
regulondb_1288756_minus	regulondb_1288751_minus	holdout	False
regulondb_1289106_plus	regulondb_1289106_plus	train	True
regulondb_1289177_minus	regulondb_1289177_minus	train	False
regulondb_1290220_plus	regulondb_1290220_plus	holdout	True
regulondb_1291405_plus	regulondb_1291405_plus	holdout	False
regulondb_1292958_minus	regulondb_1292958_minus	train	True
regulondb_1293493_plus	regulondb_1293493_plus	train	False
regulondb_1293516_plus	regulondb_1293516_plus	train	False
regulondb_1298309_minus	regulondb_1298309_minus	train	True
regulondb_1298413_minus	regulondb_1298413_minus	train	True
regulondb_1298452_plus	regulondb_1298413_minus	train	False
regulondb_1301085_plus	regulondb_1301085_plus	train	False
regulondb_1302806_plus	regulondb_1302806_plus	holdout	False
regulondb_1307349_minus	regulondb_1307349_minus	train	False
regulondb_1307352_minus	regulondb_1307349_minus	train	False
regulondb_1307359_minus	regulondb_1307349_minus	train	False
regulondb_1308673_minus	regulondb_1308673_minus	holdout	False
regulondb_1310523_minus	regulondb_1310523_minus	holdout	False
regulondb_1310892_minus	regulondb_1310892_minus	holdout	False
regulondb_1311054_plus	regulondb_1311054_plus	train	True
regulondb_1312414_minus	regulondb_1312414_minus	holdout	False
regulondb_1313055_minus	regulondb_1313055_minus	train	False
regulondb_1313698_minus	regulondb_1313698_minus	train	False
regulondb_1313991_plus	regulondb_1313991_plus	train	False
regulondb_1315238_minus	regulondb_1315238_minus	train	False
regulondb_1315321_minus	regulondb_1315321_minus	train	False
regulondb_1315396_minus	regulondb_1315396_minus	train	False
regulondb_1315397_minus	regulondb_1315396_minus	train	False
regulondb_1316092_minus	regulondb_1316092_minus	holdout	False
regulondb_1317241_minus	regulondb_1317241_minus	holdout	False
regulondb_1317303_minus	regulondb_1317303_minus	train	False
regulondb_1317306_minus	regulondb_1317303_minus	train	False
regulondb_1317339_minus	regulondb_1317339_minus	holdout	False
regulondb_1319944_minus	regulondb_1319944_minus	train	True
regulondb_1323108_minus	regulondb_1323108_minus	train	True
regulondb_1323188_plus	regulondb_1323108_minus	train	False
regulondb_1329284_plus	regulondb_1329284_plus	holdout	False
regulondb_1329301_plus	regulondb_1329301_plus	train	True
regulondb_1330689_minus	regulondb_1330689_minus	train	False
regulondb_1330702_minus	regulondb_1330702_minus	train	False
regulondb_1330757_minus	regulondb_1330702_minus	train	False
regulondb_1330789_plus	regulondb_1330702_minus	train	True
regulondb_1330790_minus	regulondb_1330702_minus	train	False
regulondb_1330803_minus	regulondb_1330702_minus	train	False
regulondb_1330818_plus	regulondb_1330702_minus	train	False
regulondb_1330848_plus	regulondb_1330702_minus	train	False
regulondb_1330883_plus	regulondb_1330702_minus	train	False
regulondb_1330980_plus	regulondb_1330980_plus	train	True
regulondb_1333788_plus	regulondb_1333788_plus	train	False
regulondb_1335056_plus	regulondb_1335056_plus	holdout	False
regulondb_1335090_plus	regulondb_1335090_plus	train	True
regulondb_1335105_plus	regulondb_1335105_plus	train	False
regulondb_1335424_plus	regulondb_1335424_plus	train	True
regulondb_1335781_plus	regulondb_1335781_plus	holdout	True
regulondb_1335827_plus	regulondb_1335827_plus	train	False
regulondb_1339162_plus	regulondb_1339162_plus	train	False
regulondb_1339165_plus	regulondb_1339162_plus	train	False
regulondb_1339182_plus	regulondb_1339182_plus	train	False
regulondb_1339193_plus	regulondb_1339182_plus	train	False
regulondb_1339190_minus	regulondb_1339190_minus	train	True
regulondb_1339235_plus	regulondb_1339190_minus	train	False
regulondb_1339234_minus	regulondb_1339234_minus	train	True
regulondb_1339308_plus	regulondb_1339234_minus	train	False
regulondb_1339309_plus	regulondb_1339234_minus	train	False
regulondb_1340135_plus	regulondb_1340135_plus	train	True
regulondb_1340186_plus	regulondb_1340186_plus	holdout	True
regulondb_1341870_plus	regulondb_1341870_plus	holdout	True
regulondb_1343369_minus	regulondb_1343369_minus	train	True
regulondb_1343476_minus	regulondb_1343476_minus	train	True
regulondb_1344510_minus	regulondb_1344510_minus	train	True
regulondb_1344544_minus	regulondb_1344544_minus	train	False
regulondb_1344638_minus	regulondb_1344638_minus	holdout	True
regulondb_1346843_minus	regulondb_1346843_minus	holdout	True
regulondb_1348944_minus	regulondb_1348944_minus	train	True
regulondb_1349129_minus	regulondb_1349129_minus	holdout	True
regulondb_1350132_minus	regulondb_1350132_minus	train	False
regulondb_1350236_minus	regulondb_1350236_minus	train	False
regulondb_1351118_minus	regulondb_1351118_minus	holdout	False
regulondb_1351121_minus	regulondb_1351118_minus	holdout	False
regulondb_1351866_minus	regulondb_1351866_minus	train	False
regulondb_1351896_minus	regulondb_1351896_minus	train	False
regulondb_1352657_minus	regulondb_1352657_minus	train	False
regulondb_1357810_minus	regulondb_1357810_minus	train	False
regulondb_1359373_minus	regulondb_1359373_minus	holdout	False
regulondb_1360968_minus	regulondb_1360968_minus	train	True
regulondb_1361052_plus	regulondb_1360968_minus	train	False
regulondb_1362728_plus	regulondb_1362728_plus	train	True
regulondb_1367929_minus	regulondb_1367929_minus	holdout	True
regulondb_1367945_minus	regulondb_1367945_minus	train	True
regulondb_1368038_plus	regulondb_1368038_plus	train	True
regulondb_1368040_minus	regulondb_1368040_minus	train	True
regulondb_1370003_plus	regulondb_1370003_plus	train	False
regulondb_1370185_plus	regulondb_1370185_plus	holdout	False
regulondb_1383991_minus	regulondb_1383991_minus	train	False
regulondb_1384069_plus	regulondb_1383991_minus	train	True
regulondb_1386692_plus	regulondb_1386692_plus	train	True
regulondb_1388844_minus	regulondb_1388844_minus	holdout	True
regulondb_1388874_plus	regulondb_1388874_plus	holdout	False
regulondb_1390637_minus	regulondb_1390637_minus	train	False
regulondb_1390639_minus	regulondb_1390637_minus	train	False
regulondb_1391872_plus	regulondb_1391872_plus	holdout	False
regulondb_1392072_minus	regulondb_1392072_minus	train	False
regulondb_1393054_plus	regulondb_1393054_plus	train	False
regulondb_1393121_plus	regulondb_1393121_plus	train	False
regulondb_1393139_plus	regulondb_1393139_plus	train	False
regulondb_1393204_plus	regulondb_1393204_plus	holdout	False
regulondb_1395971_plus	regulondb_1395971_plus	train	False
regulondb_1395973_minus	regulondb_1395973_minus	train	False
regulondb_1398659_minus	regulondb_1398659_minus	train	False
regulondb_1399552_minus	regulondb_1399552_minus	holdout	True
regulondb_1400284_minus	regulondb_1400284_minus	holdout	False
regulondb_1405751_minus	regulondb_1405751_minus	holdout	False
regulondb_1405936_plus	regulondb_1405936_plus	train	False
regulondb_1408024_plus	regulondb_1408024_plus	train	False
regulondb_1409129_plus	regulondb_1409129_plus	holdout	True
regulondb_1409338_plus	regulondb_1409338_plus	holdout	False
regulondb_1411985_minus	regulondb_1411985_minus	train	False
regulondb_1413260_minus	regulondb_1413260_minus	train	False
regulondb_1413556_plus	regulondb_1413556_plus	train	False
regulondb_1417811_minus	regulondb_1417811_minus	train	False
regulondb_1417815_minus	regulondb_1417811_minus	train	False
regulondb_1418219_minus	regulondb_1418219_minus	train	False
regulondb_1420170_plus	regulondb_1420170_plus	train	False
regulondb_1420242_minus	regulondb_1420242_minus	holdout	True
regulondb_1420244_minus	regulondb_1420242_minus	holdout	False
regulondb_1420277_plus	regulondb_1420242_minus	holdout	False
regulondb_1420260_plus	regulondb_1420260_plus	train	False
regulondb_1420343_plus	regulondb_1420343_plus	train	False
regulondb_1420449_minus	regulondb_1420449_minus	holdout	False
regulondb_1423671_plus	regulondb_1423671_plus	holdout	False
regulondb_1423741_plus	regulondb_1423741_plus	train	False
regulondb_1423749_plus	regulondb_1423741_plus	train	False
regulondb_1425219_plus	regulondb_1425219_plus	train	False
regulondb_1425249_plus	regulondb_1425249_plus	train	False
regulondb_1425264_plus	regulondb_1425264_plus	train	False
regulondb_1425313_plus	regulondb_1425313_plus	train	False
regulondb_1428926_minus	regulondb_1428926_minus	train	False
regulondb_1433712_minus	regulondb_1433712_minus	train	False
regulondb_1633584_plus	regulondb_1433712_minus	train	False
regulondb_1435641_minus	regulondb_1435641_minus	train	False
regulondb_1436984_minus	regulondb_1436984_minus	holdout	False
regulondb_1437013_minus	regulondb_1437013_minus	train	False
regulondb_1437058_minus	regulondb_1437058_minus	train	False
regulondb_1437079_minus	regulondb_1437058_minus	train	False
regulondb_1437121_plus	regulondb_1437058_minus	train	True
regulondb_1440831_minus	regulondb_1440831_minus	holdout	False
regulondb_1440846_minus	regulondb_1440846_minus	train	True
regulondb_1440856_plus	regulondb_1440856_plus	train	False
regulondb_1441029_plus	regulondb_1441029_plus	holdout	False
regulondb_1441780_minus	regulondb_1441780_minus	train	True
regulondb_1442900_plus	regulondb_1442900_plus	holdout	False
regulondb_1442915_minus	regulondb_1442915_minus	train	True
regulondb_1447309_minus	regulondb_1447309_minus	holdout	True
regulondb_1447370_plus	regulondb_1447309_minus	holdout	False
regulondb_1447349_minus	regulondb_1447349_minus	train	True
regulondb_1447367_minus	regulondb_1447367_minus	train	False
regulondb_1447394_minus	regulondb_1447394_minus	train	True
regulondb_1447492_plus	regulondb_1447492_plus	train	True
regulondb_1451498_minus	regulondb_1451498_minus	train	False
regulondb_1453670_minus	regulondb_1453670_minus	holdout	False
regulondb_1453865_plus	regulondb_1453865_plus	holdout	True
regulondb_1460644_plus	regulondb_1460644_plus	train	False
regulondb_1460771_plus	regulondb_1460771_plus	holdout	False
regulondb_1460801_plus	regulondb_1460801_plus	train	False
regulondb_1463509_plus	regulondb_1463509_plus	train	True
regulondb_1474188_plus	regulondb_1474188_plus	holdout	False
regulondb_1475066_plus	regulondb_1475066_plus	train	False
regulondb_1477462_plus	regulondb_1477462_plus	train	False
regulondb_1477471_plus	regulondb_1477462_plus	train	False
regulondb_1477597_plus	regulondb_1477597_plus	train	False
regulondb_1482873_minus	regulondb_1482873_minus	train	False
regulondb_1482904_minus	regulondb_1482904_minus	train	True
regulondb_1482927_minus	regulondb_1482927_minus	train	False
regulondb_1482991_minus	regulondb_1482991_minus	train	False
regulondb_1487202_plus	regulondb_1487202_plus	train	False
regulondb_1487231_plus	regulondb_1487231_plus	train	False
regulondb_1488190_plus	regulondb_1488190_plus	holdout	True
regulondb_1490761_plus	regulondb_1490761_plus	train	False
regulondb_1490766_plus	regulondb_1490761_plus	train	False
regulondb_1490887_plus	regulondb_1490887_plus	train	False
regulondb_1491506_minus	regulondb_1491506_minus	train	True
regulondb_1491647_plus	regulondb_1491647_plus	train	False
regulondb_1491653_plus	regulondb_1491647_plus	train	False
regulondb_1492116_plus	regulondb_1492116_plus	train	False
regulondb_1492119_plus	regulondb_1492116_plus	train	True
regulondb_1492305_minus	regulondb_1492305_minus	holdout	False
regulondb_1492439_plus	regulondb_1492439_plus	train	True
regulondb_1495117_minus	regulondb_1495117_minus	holdout	False
regulondb_1495154_plus	regulondb_1495117_minus	holdout	False
regulondb_1495133_plus	regulondb_1495133_plus	train	False
regulondb_1495134_minus	regulondb_1495134_minus	train	False
regulondb_1496645_plus	regulondb_1496645_plus	holdout	False
regulondb_1496655_plus	regulondb_1496645_plus	holdout	False
regulondb_1496682_plus	regulondb_1496682_plus	holdout	False
regulondb_1496776_plus	regulondb_1496776_plus	train	False
regulondb_1498743_plus	regulondb_1498743_plus	train	False
regulondb_1500536_plus	regulondb_1500536_plus	holdout	False
regulondb_1500640_minus	regulondb_1500640_minus	holdout	False
regulondb_1502323_plus	regulondb_1502323_plus	train	False
regulondb_1502345_plus	regulondb_1502345_plus	holdout	False
regulondb_1502369_plus	regulondb_1502369_plus	train	False
regulondb_1502445_plus	regulondb_1502445_plus	train	False
regulondb_1502446_plus	regulondb_1502445_plus	train	False
regulondb_1506150_plus	regulondb_1506150_plus	holdout	True
regulondb_1506154_plus	regulondb_1506150_plus	holdout	False
regulondb_1506754_plus	regulondb_1506754_plus	holdout	False
regulondb_1509221_plus	regulondb_1509221_plus	holdout	True
regulondb_1509275_plus	regulondb_1509275_plus	holdout	True
regulondb_1509978_plus	regulondb_1509978_plus	holdout	False
regulondb_1511453_plus	regulondb_1511453_plus	train	False
regulondb_1511515_plus	regulondb_1511515_plus	train	False
regulondb_1511599_plus	regulondb_1511599_plus	train	True
regulondb_1515415_plus	regulondb_1515415_plus	train	False
regulondb_1515440_plus	regulondb_1515440_plus	train	False
regulondb_1517221_plus	regulondb_1517221_plus	train	False
regulondb_1517236_plus	regulondb_1517236_plus	train	False
regulondb_1517246_minus	regulondb_1517246_minus	holdout	False
regulondb_1517354_plus	regulondb_1517354_plus	train	False
regulondb_1517610_plus	regulondb_1517610_plus	train	False
regulondb_1518375_minus	regulondb_1518375_minus	holdout	False
regulondb_1518892_plus	regulondb_1518892_plus	holdout	False
regulondb_1520096_plus	regulondb_1520096_plus	train	False
regulondb_1523227_plus	regulondb_1523227_plus	train	False
regulondb_1523276_minus	regulondb_1523276_minus	train	False
regulondb_1526011_minus	regulondb_1526011_minus	holdout	True
regulondb_1526020_minus	regulondb_1526011_minus	holdout	False
regulondb_1526228_plus	regulondb_1526228_plus	train	False
regulondb_1532858_plus	regulondb_1532858_plus	train	False
regulondb_1532867_plus	regulondb_1532858_plus	train	False
regulondb_1533963_plus	regulondb_1533963_plus	train	False
regulondb_1535869_minus	regulondb_1535869_minus	train	False
regulondb_1538687_minus	regulondb_1538687_minus	train	True
regulondb_1542690_minus	regulondb_1542690_minus	holdout	False
regulondb_1544124_minus	regulondb_1544124_minus	train	False
regulondb_1544163_minus	regulondb_1544163_minus	holdout	False
regulondb_1544758_minus	regulondb_1544758_minus	train	False
regulondb_1544763_minus	regulondb_1544758_minus	train	False
regulondb_1544825_minus	regulondb_1544825_minus	train	False
regulondb_1544851_minus	regulondb_1544851_minus	holdout	False
regulondb_1544866_minus	regulondb_1544866_minus	holdout	False
regulondb_1547205_minus	regulondb_1547205_minus	train	True
regulondb_1547372_plus	regulondb_1547372_plus	train	True
regulondb_1553994_minus	regulondb_1553994_minus	train	False
regulondb_1555727_minus	regulondb_1555727_minus	holdout	False
regulondb_1555742_minus	regulondb_1555742_minus	holdout	False
regulondb_1556046_minus	regulondb_1556046_minus	holdout	True
regulondb_1556340_minus	regulondb_1556340_minus	train	False
regulondb_1556596_plus	regulondb_1556596_plus	train	True
regulondb_1556606_plus	regulondb_1556596_plus	train	False
regulondb_1563107_minus	regulondb_1563107_minus	train	False
regulondb_1563201_minus	regulondb_1563201_minus	train	False
regulondb_1563249_minus	regulondb_1563249_minus	holdout	False
regulondb_1565743_minus	regulondb_1565743_minus	holdout	False
regulondb_1568852_minus	regulondb_1568852_minus	holdout	False
regulondb_1570527_minus	regulondb_1570527_minus	train	False
regulondb_1570577_minus	regulondb_1570577_minus	train	False
regulondb_1570584_minus	regulondb_1570577_minus	train	False
regulondb_1572072_minus	regulondb_1572072_minus	train	True
regulondb_1577666_minus	regulondb_1577666_minus	train	False
regulondb_1582554_minus	regulondb_1582554_minus	train	True
regulondb_1582729_minus	regulondb_1582729_minus	train	False
regulondb_1584028_minus	regulondb_1584028_minus	holdout	True
regulondb_1586664_minus	regulondb_1586664_minus	train	True
regulondb_1588298_minus	regulondb_1588298_minus	train	False
regulondb_1592482_minus	regulondb_1592482_minus	train	True
regulondb_1601257_minus	regulondb_1601257_minus	holdout	False
regulondb_1601460_plus	regulondb_1601460_plus	train	False
regulondb_1607221_plus	regulondb_1607221_plus	holdout	True
regulondb_1609140_minus	regulondb_1609140_minus	train	False
regulondb_1609182_minus	regulondb_1609182_minus	train	False
regulondb_1610720_minus	regulondb_1610720_minus	holdout	True
regulondb_1610737_minus	regulondb_1610737_minus	train	False
regulondb_1611874_minus	regulondb_1611874_minus	train	False
regulondb_1614780_plus	regulondb_1614780_plus	train	True
regulondb_1614788_plus	regulondb_1614780_plus	train	False
regulondb_1614799_minus	regulondb_1614799_minus	train	False
regulondb_1615550_plus	regulondb_1615550_plus	train	False
regulondb_1615731_plus	regulondb_1615731_plus	train	False
regulondb_1616955_plus	regulondb_1616955_plus	train	False
regulondb_1618941_minus	regulondb_1618941_minus	train	False
regulondb_1619093_plus	regulondb_1619093_plus	holdout	True
regulondb_1621264_plus	regulondb_1621264_plus	holdout	False
regulondb_1621304_plus	regulondb_1621304_plus	holdout	False
regulondb_1622588_plus	regulondb_1622588_plus	train	True
regulondb_1622914_minus	regulondb_1622914_minus	train	True
regulondb_1623879_minus	regulondb_1623879_minus	train	True
regulondb_1624516_minus	regulondb_1624516_minus	train	False
regulondb_1624543_minus	regulondb_1624543_minus	train	False
regulondb_1624559_minus	regulondb_1624559_minus	train	False
regulondb_1624688_plus	regulondb_1624688_plus	train	False
regulondb_1627422_minus	regulondb_1627422_minus	holdout	False
regulondb_1627491_plus	regulondb_1627422_minus	holdout	False
regulondb_1628326_plus	regulondb_1628326_plus	train	False
regulondb_1632723_plus	regulondb_1632723_plus	train	False
regulondb_1632985_plus	regulondb_1632985_plus	train	False
regulondb_1634956_minus	regulondb_1634956_minus	train	False
regulondb_1636603_minus	regulondb_1636603_minus	train	False
regulondb_1636727_plus	regulondb_1636727_plus	holdout	False
regulondb_1637846_minus	regulondb_1637846_minus	train	False
regulondb_1638197_minus	regulondb_1638197_minus	train	False
regulondb_1638299_minus	regulondb_1638299_minus	train	False
regulondb_1638712_minus	regulondb_1638712_minus	holdout	False
regulondb_1638812_minus	regulondb_1638812_minus	train	False
regulondb_1641690_plus	regulondb_1641690_plus	train	False
regulondb_1641715_minus	regulondb_1641715_minus	holdout	True
regulondb_1641765_plus	regulondb_1641715_minus	holdout	False
regulondb_1641846_plus	regulondb_1641846_plus	holdout	False
regulondb_1644972_minus	regulondb_1644972_minus	train	False
regulondb_1644975_minus	regulondb_1644972_minus	train	False
regulondb_1645903_minus	regulondb_1645903_minus	holdout	True
regulondb_1646388_plus	regulondb_1646388_plus	train	False
regulondb_1647876_minus	regulondb_1647876_minus	train	True
regulondb_1648438_plus	regulondb_1648438_plus	train	True
regulondb_1648457_plus	regulondb_1648457_plus	train	False
regulondb_1649597_plus	regulondb_1649597_plus	holdout	False
regulondb_1655679_minus	regulondb_1655679_minus	train	False
regulondb_1655690_minus	regulondb_1655679_minus	train	False
regulondb_1655699_minus	regulondb_1655679_minus	train	False
regulondb_1655709_plus	regulondb_1655709_plus	holdout	True
regulondb_1657414_plus	regulondb_1657414_plus	train	False
regulondb_1657547_minus	regulondb_1657547_minus	train	False
regulondb_1658003_plus	regulondb_1658003_plus	train	True
regulondb_1667240_minus	regulondb_1667240_minus	train	False
regulondb_1667335_minus	regulondb_1667335_minus	train	False
regulondb_1668591_minus	regulondb_1668591_minus	holdout	True
regulondb_1668603_minus	regulondb_1668591_minus	holdout	False
regulondb_1669630_plus	regulondb_1669630_plus	train	False
regulondb_1669633_plus	regulondb_1669630_plus	train	False
regulondb_1669652_minus	regulondb_1669652_minus	train	False
regulondb_1669672_plus	regulondb_1669672_plus	train	False
regulondb_1671327_plus	regulondb_1671327_plus	train	True
regulondb_1671953_plus	regulondb_1671953_plus	holdout	False
regulondb_1671957_plus	regulondb_1671953_plus	holdout	False
regulondb_1673779_minus	regulondb_1673779_minus	train	True
regulondb_1673890_plus	regulondb_1673890_plus	train	False
regulondb_1676548_minus	regulondb_1676548_minus	train	False
regulondb_1677975_minus	regulondb_1677975_minus	train	False
regulondb_1678377_plus	regulondb_1678377_plus	train	False
regulondb_1682062_minus	regulondb_1682062_minus	train	False
regulondb_1682138_plus	regulondb_1682062_minus	train	False
regulondb_1684173_plus	regulondb_1684173_plus	train	False
regulondb_1686654_minus	regulondb_1686654_minus	train	False
regulondb_1686709_minus	regulondb_1686709_minus	holdout	True
regulondb_1688440_minus	regulondb_1688440_minus	train	True
regulondb_1688551_plus	regulondb_1688551_plus	train	True
regulondb_1689794_plus	regulondb_1689794_plus	train	False
regulondb_1692988_minus	regulondb_1692988_minus	train	False
regulondb_1693006_minus	regulondb_1693006_minus	holdout	False
regulondb_1696152_minus	regulondb_1696152_minus	train	False
regulondb_1697075_minus	regulondb_1697075_minus	train	False
regulondb_1698122_minus	regulondb_1698122_minus	train	False
regulondb_1699228_minus	regulondb_1699228_minus	train	True
regulondb_1699313_plus	regulondb_1699228_minus	train	False
regulondb_1700840_plus	regulondb_1700840_plus	holdout	True
regulondb_1702202_plus	regulondb_1702202_plus	holdout	False
regulondb_1704399_minus	regulondb_1704399_minus	holdout	False
regulondb_1704512_plus	regulondb_1704512_plus	train	True
regulondb_1704761_plus	regulondb_1704761_plus	train	False
regulondb_1704812_plus	regulondb_1704812_plus	train	False
regulondb_1704864_plus	regulondb_1704864_plus	train	False
regulondb_1704873_plus	regulondb_1704864_plus	train	False
regulondb_1705207_plus	regulondb_1705207_plus	holdout	False
regulondb_1705755_plus	regulondb_1705755_plus	holdout	False
regulondb_1712671_plus	regulondb_1712671_plus	holdout	True
regulondb_1714327_plus	regulondb_1714327_plus	train	False
regulondb_1717269_minus	regulondb_1717269_minus	train	False
regulondb_1717283_minus	regulondb_1717283_minus	train	False
regulondb_1718034_minus	regulondb_1718034_minus	train	False
regulondb_1719673_minus	regulondb_1719673_minus	holdout	False
regulondb_1719748_plus	regulondb_1719673_minus	holdout	False
regulondb_1719777_plus	regulondb_1719777_plus	train	False
regulondb_1720849_minus	regulondb_1720849_minus	train	False
regulondb_1720865_minus	regulondb_1720865_minus	train	False
regulondb_1720998_plus	regulondb_1720998_plus	holdout	True
regulondb_1721014_minus	regulondb_1721014_minus	holdout	False
regulondb_1724679_minus	regulondb_1724679_minus	train	True
regulondb_1725648_minus	regulondb_1725648_minus	holdout	False
regulondb_1725655_minus	regulondb_1725648_minus	holdout	False
regulondb_1725932_minus	regulondb_1725932_minus	train	False
regulondb_1726021_plus	regulondb_1725932_minus	train	True
regulondb_1727801_plus	regulondb_1727801_plus	train	False
regulondb_1728353_plus	regulondb_1728353_plus	train	True
regulondb_1734162_minus	regulondb_1734162_minus	holdout	False
regulondb_1734357_plus	regulondb_1734357_plus	train	False
regulondb_1735323_plus	regulondb_1735323_plus	holdout	True
regulondb_1737689_plus	regulondb_1737689_plus	train	True
regulondb_1739809_minus	regulondb_1739809_minus	train	False
regulondb_1739849_plus	regulondb_1739809_minus	train	False
regulondb_1739855_plus	regulondb_1739809_minus	train	False
regulondb_1739878_plus	regulondb_1739809_minus	train	False
regulondb_1741201_plus	regulondb_1741201_plus	train	True
regulondb_1741379_plus	regulondb_1741379_plus	train	True
regulondb_1743269_plus	regulondb_1743269_plus	train	False
regulondb_1743375_plus	regulondb_1743375_plus	train	False
regulondb_1743458_minus	regulondb_1743458_minus	train	False
regulondb_1746202_minus	regulondb_1746202_minus	train	True
regulondb_1746415_plus	regulondb_1746415_plus	train	True
regulondb_1747068_plus	regulondb_1747068_plus	train	False
regulondb_1747082_plus	regulondb_1747082_plus	train	False
regulondb_1747113_plus	regulondb_1747113_plus	train	False
regulondb_1749569_minus	regulondb_1749569_minus	train	False
regulondb_1754642_minus	regulondb_1754642_minus	holdout	True
regulondb_1755167_minus	regulondb_1755167_minus	train	False
regulondb_1755209_minus	regulondb_1755209_minus	holdout	False
regulondb_1755467_plus	regulondb_1755467_plus	train	False
regulondb_1755600_plus	regulondb_1755600_plus	train	True
regulondb_1755617_plus	regulondb_1755617_plus	train	False
regulondb_1755663_plus	regulondb_1755663_plus	holdout	True
regulondb_1757296_plus	regulondb_1757296_plus	train	False
regulondb_1757383_plus	regulondb_1757383_plus	holdout	False
regulondb_1758944_minus	regulondb_1758944_minus	train	False
regulondb_1758945_minus	regulondb_1758944_minus	train	False
regulondb_1759481_minus	regulondb_1759481_minus	train	False
regulondb_1764418_minus	regulondb_1764418_minus	train	True
regulondb_1764924_minus	regulondb_1764924_minus	train	False
regulondb_1764930_minus	regulondb_1764924_minus	train	False
regulondb_1765147_minus	regulondb_1765147_minus	holdout	False
regulondb_1765291_minus	regulondb_1765291_minus	train	False
regulondb_1770372_plus	regulondb_1770372_plus	train	False
regulondb_1770926_plus	regulondb_1770926_plus	train	False
regulondb_1770930_plus	regulondb_1770926_plus	train	False
regulondb_1772409_plus	regulondb_1772409_plus	train	False
regulondb_1774571_plus	regulondb_1774571_plus	train	True
regulondb_1779328_minus	regulondb_1779328_minus	train	False
regulondb_1787161_minus	regulondb_1787161_minus	holdout	True
regulondb_1787339_plus	regulondb_1787339_plus	train	False
regulondb_1787351_plus	regulondb_1787339_plus	train	False
regulondb_1787383_plus	regulondb_1787383_plus	train	False
regulondb_1788318_plus	regulondb_1788318_plus	train	True
regulondb_1788384_plus	regulondb_1788384_plus	train	True
regulondb_1789603_plus	regulondb_1789603_plus	train	False
regulondb_1791254_minus	regulondb_1791254_minus	holdout	False
regulondb_1792087_minus	regulondb_1792087_minus	train	False
regulondb_1792760_minus	regulondb_1792760_minus	train	True
regulondb_1792827_minus	regulondb_1792827_minus	holdout	False
regulondb_1793583_minus	regulondb_1793583_minus	holdout	True
regulondb_1794124_minus	regulondb_1794124_minus	train	True
regulondb_1794129_minus	regulondb_1794124_minus	train	False
regulondb_1795721_minus	regulondb_1795721_minus	train	True
regulondb_1799301_minus	regulondb_1799301_minus	train	False
regulondb_1799763_minus	regulondb_1799763_minus	holdout	False
regulondb_1800427_minus	regulondb_1800427_minus	train	True
regulondb_1800818_minus	regulondb_1800818_minus	holdout	True
regulondb_1801346_minus	regulondb_1801346_minus	holdout	False
regulondb_1802733_minus	regulondb_1802733_minus	train	False
regulondb_1805101_plus	regulondb_1805101_plus	holdout	False
regulondb_1806170_minus	regulondb_1806170_minus	train	False
regulondb_1806217_minus	regulondb_1806217_minus	train	False
regulondb_1806250_minus	regulondb_1806250_minus	holdout	False
regulondb_1806323_plus	regulondb_1806250_minus	holdout	True
regulondb_1806351_plus	regulondb_1806351_plus	train	True
regulondb_1807579_plus	regulondb_1807579_plus	holdout	False
regulondb_1807719_plus	regulondb_1807719_plus	train	False
regulondb_1807775_plus	regulondb_1807775_plus	train	False
regulondb_1809263_minus	regulondb_1809263_minus	train	False
regulondb_1809326_plus	regulondb_1809263_minus	train	False
regulondb_1810170_plus	regulondb_1810170_plus	train	False
regulondb_1810882_plus	regulondb_1810882_plus	train	False
regulondb_1813153_minus	regulondb_1813153_minus	train	False
regulondb_1813188_minus	regulondb_1813188_minus	train	False
regulondb_1813255_minus	regulondb_1813255_minus	holdout	False
regulondb_1813348_minus	regulondb_1813348_minus	train	False
regulondb_1813742_minus	regulondb_1813742_minus	train	False
regulondb_1813814_plus	regulondb_1813742_minus	train	True
regulondb_1817242_minus	regulondb_1817242_minus	holdout	False
regulondb_1817312_minus	regulondb_1817312_minus	train	False
regulondb_1821726_minus	regulondb_1821726_minus	train	False
regulondb_1822283_minus	regulondb_1822283_minus	train	True
regulondb_1822302_plus	regulondb_1822302_plus	train	True
regulondb_1823492_plus	regulondb_1823492_plus	train	False
regulondb_1824984_minus	regulondb_1824984_minus	train	True
regulondb_1825688_minus	regulondb_1825688_minus	train	True
regulondb_1827069_minus	regulondb_1827069_minus	train	False
regulondb_1832013_minus	regulondb_1832013_minus	train	False
regulondb_1832039_minus	regulondb_1832039_minus	holdout	True
regulondb_1832044_minus	regulondb_1832039_minus	holdout	False
regulondb_1832399_plus	regulondb_1832399_plus	train	True
regulondb_1833217_plus	regulondb_1833217_plus	train	False
regulondb_1833308_plus	regulondb_1833308_plus	holdout	False
regulondb_1839440_plus	regulondb_1839440_plus	train	False
regulondb_1841432_minus	regulondb_1841432_minus	train	False
regulondb_1841438_plus	regulondb_1841438_plus	train	False
regulondb_1841611_minus	regulondb_1841611_minus	train	False
regulondb_1842163_minus	regulondb_1842163_minus	holdout	False
regulondb_1842188_minus	regulondb_1842188_minus	train	False
regulondb_1842308_plus	regulondb_1842308_plus	holdout	True
regulondb_1844886_minus	regulondb_1844886_minus	holdout	False
regulondb_1844900_minus	regulondb_1844900_minus	train	False
regulondb_1844902_minus	regulondb_1844900_minus	train	False
regulondb_1845011_minus	regulondb_1845011_minus	train	False
regulondb_1848024_minus	regulondb_1848024_minus	holdout	False
regulondb_1848029_minus	regulondb_1848024_minus	holdout	False
regulondb_1848700_minus	regulondb_1848700_minus	train	False
regulondb_1848711_plus	regulondb_1848711_plus	train	False
regulondb_1853983_minus	regulondb_1853983_minus	train	False
regulondb_1854041_minus	regulondb_1854041_minus	train	False
regulondb_1854886_minus	regulondb_1854886_minus	holdout	False
regulondb_1854924_minus	regulondb_1854924_minus	train	False
regulondb_1862240_plus	regulondb_1862240_plus	train	False
regulondb_1862247_plus	regulondb_1862240_plus	train	False
regulondb_1862464_minus	regulondb_1862464_minus	train	True
regulondb_1862526_plus	regulondb_1862464_minus	train	False
regulondb_1862584_minus	regulondb_1862584_minus	holdout	False
regulondb_1862618_plus	regulondb_1862584_minus	holdout	True
regulondb_1862597_plus	regulondb_1862597_plus	holdout	True
regulondb_1862735_plus	regulondb_1862735_plus	holdout	True
regulondb_1865724_minus	regulondb_1865724_minus	train	False
regulondb_1866506_minus	regulondb_1866506_minus	train	False
regulondb_1866765_plus	regulondb_1866765_plus	holdout	False
regulondb_1866815_plus	regulondb_1866815_plus	train	False
regulondb_1870243_plus	regulondb_1870243_plus	holdout	False
regulondb_1870364_plus	regulondb_1870364_plus	train	False
regulondb_1871937_plus	regulondb_1871937_plus	train	False
regulondb_1874323_plus	regulondb_1874323_plus	train	False
regulondb_1875463_plus	regulondb_1875463_plus	train	False
regulondb_1875598_minus	regulondb_1875598_minus	holdout	False
regulondb_1875600_minus	regulondb_1875598_minus	holdout	False
regulondb_1875648_plus	regulondb_1875598_minus	holdout	False
regulondb_1875657_plus	regulondb_1875598_minus	holdout	False
regulondb_1875648_minus	regulondb_1875648_minus	train	False
regulondb_1876777_plus	regulondb_1876777_plus	holdout	False
regulondb_1876822_plus	regulondb_1876822_plus	train	False
regulondb_1877657_plus	regulondb_1877657_plus	train	False
regulondb_1877666_plus	regulondb_1877657_plus	train	False
regulondb_1877722_minus	regulondb_1877722_minus	holdout	False
regulondb_1879360_minus	regulondb_1879360_minus	train	False
regulondb_1879390_minus	regulondb_1879390_minus	holdout	False
regulondb_1879994_minus	regulondb_1879994_minus	holdout	True
regulondb_1880767_minus	regulondb_1880767_minus	train	False
regulondb_1880800_minus	regulondb_1880800_minus	holdout	False
regulondb_1881712_plus	regulondb_1881712_plus	train	False
regulondb_1881855_minus	regulondb_1881855_minus	train	False
regulondb_1888061_minus	regulondb_1888061_minus	holdout	True
regulondb_1889807_minus	regulondb_1889807_minus	holdout	True
regulondb_1890561_minus	regulondb_1890561_minus	train	True
regulondb_1893321_plus	regulondb_1893321_plus	train	False
regulondb_1893359_plus	regulondb_1893359_plus	train	False
regulondb_1893966_plus	regulondb_1893966_plus	train	False
regulondb_1894100_plus	regulondb_1894100_plus	train	True
regulondb_1894112_plus	regulondb_1894100_plus	train	False
regulondb_1894628_plus	regulondb_1894628_plus	train	False
regulondb_1894779_plus	regulondb_1894779_plus	holdout	False
regulondb_1894933_minus	regulondb_1894933_minus	train	False
regulondb_1896809_plus	regulondb_1896809_plus	train	True
regulondb_1901772_minus	regulondb_1901772_minus	train	True
regulondb_1901933_plus	regulondb_1901933_plus	train	True
regulondb_1905459_plus	regulondb_1905459_plus	holdout	True
regulondb_1907086_minus	regulondb_1907086_minus	train	False
regulondb_1907509_minus	regulondb_1907509_minus	holdout	False
regulondb_1907617_minus	regulondb_1907617_minus	train	False
regulondb_1907793_minus	regulondb_1907793_minus	train	True
regulondb_1908792_minus	regulondb_1908792_minus	train	False
regulondb_1908900_plus	regulondb_1908900_plus	train	False
regulondb_1910125_minus	regulondb_1910125_minus	train	False
regulondb_1910157_plus	regulondb_1910125_minus	train	False
regulondb_1910159_plus	regulondb_1910125_minus	train	False
regulondb_1910140_minus	regulondb_1910140_minus	holdout	False
regulondb_1910253_minus	regulondb_1910253_minus	holdout	False
regulondb_1912618_minus	regulondb_1912618_minus	train	True
regulondb_1915027_minus	regulondb_1915027_minus	train	False
regulondb_1916119_plus	regulondb_1916119_plus	train	False
regulondb_1916181_plus	regulondb_1916181_plus	holdout	False
regulondb_1921715_plus	regulondb_1921715_plus	train	False
regulondb_1921725_plus	regulondb_1921715_plus	train	False
regulondb_1921745_plus	regulondb_1921745_plus	holdout	False
regulondb_1921753_plus	regulondb_1921745_plus	holdout	False
regulondb_1921957_plus	regulondb_1921957_plus	train	False
regulondb_1922084_plus	regulondb_1922084_plus	train	False
regulondb_1923064_plus	regulondb_1923064_plus	train	True
regulondb_1923207_minus	regulondb_1923207_minus	train	True
regulondb_1923385_minus	regulondb_1923385_minus	holdout	True
regulondb_1925020_plus	regulondb_1925020_plus	holdout	False
regulondb_1925029_plus	regulondb_1925020_plus	holdout	False
regulondb_1925086_plus	regulondb_1925086_plus	train	False
regulondb_1925209_plus	regulondb_1925209_plus	train	False
regulondb_1925364_plus	regulondb_1925364_plus	train	False
regulondb_1928865_minus	regulondb_1928865_minus	train	False
regulondb_1929732_minus	regulondb_1929732_minus	train	True
regulondb_1930719_plus	regulondb_1930719_plus	train	False
regulondb_1930765_minus	regulondb_1930765_minus	holdout	False
regulondb_1930855_plus	regulondb_1930765_minus	holdout	False
regulondb_1930857_plus	regulondb_1930765_minus	holdout	False
regulondb_1932784_minus	regulondb_1932784_minus	train	False
regulondb_1932799_minus	regulondb_1932799_minus	train	False
regulondb_1933109_minus	regulondb_1933109_minus	train	False
regulondb_1934713_minus	regulondb_1934713_minus	holdout	True
regulondb_1936376_minus	regulondb_1936376_minus	holdout	True
regulondb_1936590_plus	regulondb_1936590_plus	train	True
regulondb_1937494_plus	regulondb_1937494_plus	train	True
regulondb_1937544_plus	regulondb_1937544_plus	holdout	True
regulondb_1940228_minus	regulondb_1940228_minus	train	False
regulondb_1941683_minus	regulondb_1941683_minus	holdout	False
regulondb_1941721_minus	regulondb_1941721_minus	train	False
regulondb_1941833_minus	regulondb_1941833_minus	holdout	False
regulondb_1942634_plus	regulondb_1942634_plus	train	True
regulondb_1942661_minus	regulondb_1942661_minus	train	False
regulondb_1945366_minus	regulondb_1945366_minus	train	False
regulondb_1945452_minus	regulondb_1945452_minus	holdout	False
regulondb_1945544_minus	regulondb_1945544_minus	holdout	False
regulondb_1946016_minus	regulondb_1946016_minus	train	False
regulondb_1946024_minus	regulondb_1946016_minus	train	False
regulondb_1946110_plus	regulondb_1946016_minus	train	False
regulondb_1946144_plus	regulondb_1946144_plus	train	False
regulondb_1947439_minus	regulondb_1947439_minus	train	False
regulondb_1948185_minus	regulondb_1948185_minus	holdout	False
regulondb_1948674_minus	regulondb_1948674_minus	train	False
regulondb_1950617_minus	regulondb_1950617_minus	holdout	False
regulondb_1950636_plus	regulondb_1950636_plus	train	False
regulondb_1950701_minus	regulondb_1950701_minus	holdout	False
regulondb_1950760_plus	regulondb_1950701_minus	holdout	False
regulondb_1950778_plus	regulondb_1950701_minus	holdout	False
regulondb_1958747_minus	regulondb_1958747_minus	holdout	True
regulondb_1958986_minus	regulondb_1958986_minus	holdout	False
regulondb_1959267_minus	regulondb_1959267_minus	train	False
regulondb_1959872_minus	regulondb_1959872_minus	train	False
regulondb_1959984_minus	regulondb_1959984_minus	holdout	False
regulondb_1960001_plus	regulondb_1960001_plus	train	True
regulondb_1961931_plus	regulondb_1961931_plus	holdout	False
regulondb_1961935_plus	regulondb_1961931_plus	holdout	False
regulondb_1966216_minus	regulondb_1966216_minus	train	True
regulondb_1972716_minus	regulondb_1972716_minus	holdout	True
regulondb_1973462_minus	regulondb_1973462_minus	train	False
regulondb_1977302_minus	regulondb_1977302_minus	train	False
regulondb_1977932_minus	regulondb_1977932_minus	train	False
regulondb_1978395_minus	regulondb_1978395_minus	train	True
regulondb_1978577_minus	regulondb_1978577_minus	holdout	False
regulondb_1979226_minus	regulondb_1979226_minus	train	False
regulondb_1979586_plus	regulondb_1979586_plus	holdout	False
regulondb_1979591_plus	regulondb_1979586_plus	holdout	False
regulondb_1979598_plus	regulondb_1979586_plus	holdout	False
regulondb_1979619_plus	regulondb_1979619_plus	train	False
regulondb_1979658_plus	regulondb_1979658_plus	train	False
regulondb_1979668_plus	regulondb_1979658_plus	train	False
regulondb_1981651_minus	regulondb_1981651_minus	train	True
regulondb_1982442_minus	regulondb_1982442_minus	train	True
regulondb_1982465_minus	regulondb_1982465_minus	holdout	True
regulondb_1983560_minus	regulondb_1983560_minus	train	False
regulondb_1986148_minus	regulondb_1986148_minus	train	True
regulondb_1986238_minus	regulondb_1986238_minus	train	True
regulondb_1986775_plus	regulondb_1986775_plus	train	True
regulondb_1986799_plus	regulondb_1986799_plus	holdout	True
regulondb_1987802_minus	regulondb_1987802_minus	train	False
regulondb_1988001_minus	regulondb_1988001_minus	train	True
regulondb_1988200_plus	regulondb_1988200_plus	train	False
regulondb_1988682_plus	regulondb_1988682_plus	train	True
regulondb_1989502_plus	regulondb_1989502_plus	train	False
regulondb_1989564_minus	regulondb_1989564_minus	train	False
regulondb_1989645_plus	regulondb_1989564_minus	train	True
regulondb_1989652_minus	regulondb_1989652_minus	train	False
regulondb_1992050_minus	regulondb_1992050_minus	train	False
regulondb_1992180_minus	regulondb_1992180_minus	train	False
regulondb_1994879_minus	regulondb_1994879_minus	holdout	True
regulondb_1995406_minus	regulondb_1995406_minus	train	True
regulondb_1995717_plus	regulondb_1995717_plus	holdout	False
regulondb_1996851_minus	regulondb_1996851_minus	holdout	False
regulondb_1996857_minus	regulondb_1996851_minus	holdout	True
regulondb_1996867_minus	regulondb_1996851_minus	holdout	False
regulondb_1996921_plus	regulondb_1996851_minus	holdout	False
regulondb_1996880_plus	regulondb_1996880_plus	train	True
regulondb_1996893_minus	regulondb_1996893_minus	holdout	False
regulondb_1996897_minus	regulondb_1996893_minus	holdout	True
regulondb_1996910_minus	regulondb_1996910_minus	train	True
regulondb_1996917_minus	regulondb_1996910_minus	train	False
regulondb_1997823_minus	regulondb_1997823_minus	train	False
regulondb_1999508_minus	regulondb_1999508_minus	holdout	False
regulondb_2000410_minus	regulondb_2000410_minus	train	False
regulondb_2001808_minus	regulondb_2001808_minus	holdout	True
regulondb_2001819_minus	regulondb_2001808_minus	holdout	False
regulondb_2003676_minus	regulondb_2003676_minus	train	True
regulondb_2003817_plus	regulondb_2003817_plus	train	True
regulondb_2006115_plus	regulondb_2006115_plus	holdout	False
regulondb_2008155_plus	regulondb_2008155_plus	train	False
regulondb_2008261_minus	regulondb_2008261_minus	train	False
regulondb_2013036_minus	regulondb_2013036_minus	train	True
regulondb_2013093_minus	regulondb_2013093_minus	holdout	False
regulondb_2013146_plus	regulondb_2013093_minus	holdout	False
regulondb_2013205_plus	regulondb_2013205_plus	train	False
regulondb_2019584_plus	regulondb_2019584_plus	train	True
regulondb_2019595_plus	regulondb_2019584_plus	train	False
regulondb_2023836_plus	regulondb_2023836_plus	train	True
regulondb_2024843_minus	regulondb_2024843_minus	holdout	False
regulondb_2025313_minus	regulondb_2025313_minus	holdout	True
regulondb_2028410_minus	regulondb_2028410_minus	train	False
regulondb_2028504_minus	regulondb_2028504_minus	holdout	False
regulondb_2029370_minus	regulondb_2029370_minus	holdout	False
regulondb_2029461_minus	regulondb_2029461_minus	train	False
regulondb_2033203_minus	regulondb_2033203_minus	holdout	False
regulondb_2033223_minus	regulondb_2033223_minus	holdout	False
regulondb_2033649_plus	regulondb_2033649_plus	train	False
regulondb_2035630_plus	regulondb_2035630_plus	holdout	True
regulondb_2035780_plus	regulondb_2035780_plus	holdout	True
regulondb_2038202_minus	regulondb_2038202_minus	train	False
regulondb_2038840_plus	regulondb_2038840_plus	holdout	False
regulondb_2039286_plus	regulondb_2039286_plus	train	False
regulondb_2041346_plus	regulondb_2041346_plus	train	True
regulondb_2042176_plus	regulondb_2042176_plus	train	False
regulondb_2042261_plus	regulondb_2042261_plus	holdout	False
regulondb_2042294_plus	regulondb_2042294_plus	train	False
regulondb_2042308_plus	regulondb_2042308_plus	train	False
regulondb_2043562_minus	regulondb_2043562_minus	holdout	False
regulondb_2043618_plus	regulondb_2043562_minus	holdout	False
regulondb_2044541_plus	regulondb_2044541_plus	train	False
regulondb_2044763_plus	regulondb_2044763_plus	train	False
regulondb_2053534_plus	regulondb_2053534_plus	train	False
regulondb_2053566_plus	regulondb_2053566_plus	train	True
regulondb_2055031_plus	regulondb_2055031_plus	train	False
regulondb_2056754_plus	regulondb_2056754_plus	holdout	False
regulondb_2056792_plus	regulondb_2056792_plus	train	False
regulondb_2059722_minus	regulondb_2059722_minus	train	False
regulondb_2059828_minus	regulondb_2059828_minus	train	False
regulondb_2059845_plus	regulondb_2059845_plus	train	False
regulondb_2059875_minus	regulondb_2059875_minus	holdout	False
regulondb_2060941_minus	regulondb_2060941_minus	holdout	True
regulondb_2061978_minus	regulondb_2061978_minus	holdout	True
regulondb_2062252_plus	regulondb_2062252_plus	holdout	False
regulondb_2063354_minus	regulondb_2063354_minus	train	False
regulondb_2064601_minus	regulondb_2064601_minus	train	False
regulondb_2065874_minus	regulondb_2065874_minus	train	True
regulondb_2065972_minus	regulondb_2065972_minus	train	True
regulondb_2067498_minus	regulondb_2067498_minus	train	False
regulondb_2067511_minus	regulondb_2067511_minus	train	False
regulondb_2071317_plus	regulondb_2071317_plus	holdout	True
regulondb_2071474_plus	regulondb_2071474_plus	train	False
regulondb_2071503_plus	regulondb_2071503_plus	train	False
regulondb_2079417_minus	regulondb_2079417_minus	train	False
regulondb_2080661_minus	regulondb_2080661_minus	train	False
regulondb_2081303_minus	regulondb_2081303_minus	train	False
regulondb_2081325_minus	regulondb_2081325_minus	train	False
regulondb_2082728_plus	regulondb_2082728_plus	holdout	False
regulondb_2085552_minus	regulondb_2085552_minus	train	False
regulondb_2087238_minus	regulondb_2087238_minus	holdout	False
regulondb_2089176_minus	regulondb_2089176_minus	train	False
regulondb_2089211_minus	regulondb_2089211_minus	holdout	False
regulondb_2089733_minus	regulondb_2089733_minus	train	True
regulondb_2089965_plus	regulondb_2089965_plus	train	False
regulondb_2093360_plus	regulondb_2093360_plus	train	True
regulondb_2098310_minus	regulondb_2098310_minus	train	False
regulondb_2098375_minus	regulondb_2098375_minus	holdout	False
regulondb_2098413_minus	regulondb_2098413_minus	train	False
regulondb_2098475_minus	regulondb_2098475_minus	holdout	False
regulondb_2099735_minus	regulondb_2099735_minus	train	False
regulondb_2101324_minus	regulondb_2101324_minus	train	True
regulondb_2103049_minus	regulondb_2103049_minus	train	False
regulondb_2103090_minus	regulondb_2103090_minus	holdout	False
regulondb_2103093_minus	regulondb_2103090_minus	holdout	False
regulondb_2104606_minus	regulondb_2104606_minus	train	False
regulondb_2107234_minus	regulondb_2107234_minus	train	False
regulondb_2107283_minus	regulondb_2107283_minus	holdout	False
regulondb_2107394_minus	regulondb_2107394_minus	train	False
regulondb_2107444_minus	regulondb_2107444_minus	holdout	False
regulondb_2109586_minus	regulondb_2109586_minus	train	False
regulondb_2109676_minus	regulondb_2109676_minus	train	False
regulondb_2109716_minus	regulondb_2109716_minus	holdout	False
regulondb_2109718_minus	regulondb_2109716_minus	holdout	False
regulondb_2114351_minus	regulondb_2114351_minus	train	False
regulondb_2115934_minus	regulondb_2115934_minus	holdout	False
regulondb_2120337_minus	regulondb_2120337_minus	train	False
regulondb_2137193_minus	regulondb_2137193_minus	train	True
regulondb_2137583_minus	regulondb_2137583_minus	holdout	True
regulondb_2137863_plus	regulondb_2137863_plus	train	False
regulondb_2147559_minus	regulondb_2147559_minus	train	True
regulondb_2147644_plus	regulondb_2147559_minus	train	False
regulondb_2150999_minus	regulondb_2150999_minus	train	False
regulondb_2151051_plus	regulondb_2150999_minus	train	False
regulondb_2151016_plus	regulondb_2151016_plus	train	False
regulondb_2151076_minus	regulondb_2151076_minus	train	False
regulondb_2151077_minus	regulondb_2151076_minus	train	False
regulondb_2153311_plus	regulondb_2153311_plus	train	True
regulondb_2153646_plus	regulondb_2153646_plus	train	True
regulondb_2153979_plus	regulondb_2153979_plus	train	False
regulondb_2165591_plus	regulondb_2165591_plus	train	False
regulondb_2167114_plus	regulondb_2167114_plus	train	True
regulondb_2167548_minus	regulondb_2167548_minus	holdout	False
regulondb_2168349_minus	regulondb_2168349_minus	holdout	True
regulondb_2168543_plus	regulondb_2168543_plus	train	False
regulondb_2168558_plus	regulondb_2168558_plus	train	False
regulondb_2168565_plus	regulondb_2168558_plus	train	False
regulondb_2168683_plus	regulondb_2168683_plus	train	False
regulondb_2176432_minus	regulondb_2176432_minus	train	False
regulondb_2177234_minus	regulondb_2177234_minus	holdout	True
regulondb_2178667_minus	regulondb_2178667_minus	train	True
regulondb_2178781_plus	regulondb_2178781_plus	train	False
regulondb_2183801_minus	regulondb_2183801_minus	train	False
regulondb_2183820_minus	regulondb_2183820_minus	train	False
regulondb_2184673_minus	regulondb_2184673_minus	train	False
regulondb_2185451_minus	regulondb_2185451_minus	train	False
regulondb_2185827_plus	regulondb_2185827_plus	holdout	True
regulondb_2185903_minus	regulondb_2185903_minus	holdout	True
regulondb_2186884_plus	regulondb_2186884_plus	train	False
regulondb_2188472_minus	regulondb_2188472_minus	train	False
regulondb_2192880_minus	regulondb_2192880_minus	train	False
regulondb_2192901_minus	regulondb_2192901_minus	holdout	False
regulondb_2192909_minus	regulondb_2192901_minus	holdout	False
regulondb_2193758_plus	regulondb_2193758_plus	train	True
regulondb_2194175_minus	regulondb_2194175_minus	train	False
regulondb_2194180_minus	regulondb_2194175_minus	train	False
regulondb_2194203_minus	regulondb_2194175_minus	train	True
regulondb_2194269_plus	regulondb_2194175_minus	train	False
regulondb_2196445_plus	regulondb_2196445_plus	train	True
regulondb_2203784_plus	regulondb_2203784_plus	train	False
regulondb_2204402_plus	regulondb_2204402_plus	holdout	False
regulondb_2214749_plus	regulondb_2214749_plus	train	False
regulondb_2214785_plus	regulondb_2214785_plus	train	False
regulondb_2214840_plus	regulondb_2214840_plus	train	True
regulondb_2215586_plus	regulondb_2215586_plus	train	False
regulondb_2219523_minus	regulondb_2219523_minus	train	True
regulondb_2222082_plus	regulondb_2222082_plus	train	False
regulondb_2222120_minus	regulondb_2222120_minus	train	False
regulondb_2222152_plus	regulondb_2222120_minus	train	True
regulondb_2224941_minus	regulondb_2224941_minus	train	False
regulondb_2225066_minus	regulondb_2225066_minus	train	False
regulondb_2225669_minus	regulondb_2225669_minus	train	False
regulondb_2225679_minus	regulondb_2225669_minus	train	False
regulondb_2225763_plus	regulondb_2225669_minus	train	False
regulondb_2230395_minus	regulondb_2230395_minus	train	False
regulondb_2230493_plus	regulondb_2230493_plus	holdout	False
regulondb_2230509_plus	regulondb_2230509_plus	holdout	False
regulondb_2231819_plus	regulondb_2231819_plus	train	True
regulondb_2232684_plus	regulondb_2232684_plus	train	False
regulondb_2233989_plus	regulondb_2233989_plus	train	True
regulondb_2237858_minus	regulondb_2237858_minus	train	False
regulondb_2237923_minus	regulondb_2237923_minus	holdout	False
regulondb_2237959_minus	regulondb_2237959_minus	train	False
regulondb_2239391_minus	regulondb_2239391_minus	train	False
regulondb_2240566_minus	regulondb_2240566_minus	train	False
regulondb_2241710_minus	regulondb_2241710_minus	holdout	True
regulondb_2243073_minus	regulondb_2243073_minus	train	False
regulondb_2243848_minus	regulondb_2243848_minus	holdout	False
regulondb_2243888_plus	regulondb_2243848_minus	holdout	False
regulondb_2246929_minus	regulondb_2246929_minus	train	True
regulondb_2246942_minus	regulondb_2246942_minus	train	True
regulondb_2248560_minus	regulondb_2248560_minus	train	True
regulondb_2249638_minus	regulondb_2249638_minus	holdout	False
regulondb_2249656_minus	regulondb_2249656_minus	train	False
regulondb_2249666_plus	regulondb_2249666_plus	train	False
regulondb_2249711_minus	regulondb_2249711_minus	holdout	False
regulondb_2250806_plus	regulondb_2250806_plus	train	True
regulondb_2251653_plus	regulondb_2251653_plus	train	False
regulondb_2255252_minus	regulondb_2255252_minus	train	True
regulondb_2255290_plus	regulondb_2255252_minus	train	False
regulondb_2257496_minus	regulondb_2257496_minus	train	False
regulondb_2258557_minus	regulondb_2258557_minus	train	False
regulondb_2263597_minus	regulondb_2263597_minus	train	False
regulondb_2263713_plus	regulondb_2263713_plus	train	False
regulondb_2263836_plus	regulondb_2263836_plus	train	False
regulondb_2265330_minus	regulondb_2265330_minus	train	False
regulondb_2265417_plus	regulondb_2265330_minus	train	False
regulondb_2265413_minus	regulondb_2265413_minus	train	False
regulondb_2265420_minus	regulondb_2265413_minus	train	False
regulondb_2266164_plus	regulondb_2266164_plus	train	False
regulondb_2266214_plus	regulondb_2266214_plus	train	True
regulondb_2267742_plus	regulondb_2267742_plus	holdout	False
regulondb_2268826_plus	regulondb_2268826_plus	train	True
regulondb_2269811_plus	regulondb_2269811_plus	holdout	False
regulondb_2269920_plus	regulondb_2269920_plus	train	False
regulondb_2270678_plus	regulondb_2270678_plus	train	False
regulondb_2272312_plus	regulondb_2272312_plus	train	False
regulondb_2278277_minus	regulondb_2278277_minus	train	False
regulondb_2278353_minus	regulondb_2278353_minus	holdout	False
regulondb_2278397_minus	regulondb_2278397_minus	train	False
regulondb_2278446_minus	regulondb_2278446_minus	train	False
regulondb_2280545_minus	regulondb_2280545_minus	train	False
regulondb_2280548_minus	regulondb_2280545_minus	train	False
regulondb_2280622_plus	regulondb_2280545_minus	train	False
regulondb_2282433_plus	regulondb_2282433_plus	train	False
regulondb_2282437_plus	regulondb_2282433_plus	train	False
regulondb_2282438_plus	regulondb_2282433_plus	train	False
regulondb_2282440_plus	regulondb_2282433_plus	train	False
regulondb_2284109_minus	regulondb_2284109_minus	train	False
regulondb_2286207_plus	regulondb_2286207_plus	train	False
regulondb_2289176_minus	regulondb_2289176_minus	holdout	False
regulondb_2290422_plus	regulondb_2290422_plus	holdout	True
regulondb_2292621_minus	regulondb_2292621_minus	train	False
regulondb_2303574_minus	regulondb_2303574_minus	train	True
regulondb_2303577_minus	regulondb_2303574_minus	train	False
regulondb_2303695_minus	regulondb_2303695_minus	train	False
regulondb_2303797_plus	regulondb_2303797_plus	train	False
regulondb_2303851_plus	regulondb_2303851_plus	holdout	False
regulondb_2306846_minus	regulondb_2306846_minus	train	False
regulondb_2306858_minus	regulondb_2306846_minus	train	False
regulondb_2306924_minus	regulondb_2306924_minus	holdout	False
regulondb_2308641_minus	regulondb_2308641_minus	train	False
regulondb_2309445_minus	regulondb_2309445_minus	train	False
regulondb_2310427_minus	regulondb_2310427_minus	train	True
regulondb_2311594_minus	regulondb_2311594_minus	train	False
regulondb_2312830_minus	regulondb_2312830_minus	holdout	True
regulondb_2312864_minus	regulondb_2312864_minus	train	False
regulondb_2312887_minus	regulondb_2312887_minus	holdout	False
regulondb_2313084_plus	regulondb_2313084_plus	holdout	True
regulondb_2313452_plus	regulondb_2313452_plus	holdout	True
regulondb_2315695_plus	regulondb_2315695_plus	train	True
regulondb_2315975_plus	regulondb_2315975_plus	train	True
regulondb_2319979_minus	regulondb_2319979_minus	train	False
regulondb_2320081_minus	regulondb_2320081_minus	train	False
regulondb_2323412_plus	regulondb_2323412_plus	train	False
regulondb_2328199_minus	regulondb_2328199_minus	holdout	False
regulondb_2339457_minus	regulondb_2339457_minus	train	True
regulondb_2339539_plus	regulondb_2339457_minus	train	False
regulondb_2344207_minus	regulondb_2344207_minus	train	False
regulondb_2344218_minus	regulondb_2344207_minus	train	False
regulondb_2344265_minus	regulondb_2344265_minus	holdout	False
regulondb_2344284_minus	regulondb_2344284_minus	holdout	False
regulondb_2344755_plus	regulondb_2344755_plus	train	True
regulondb_2348338_plus	regulondb_2348338_plus	train	False
regulondb_2348341_plus	regulondb_2348338_plus	train	False
regulondb_2349499_minus	regulondb_2349499_minus	holdout	False
regulondb_2351124_minus	regulondb_2351124_minus	train	True
regulondb_2352451_minus	regulondb_2352451_minus	train	False
regulondb_2352583_plus	regulondb_2352583_plus	train	False
regulondb_2356690_plus	regulondb_2356690_plus	holdout	False
regulondb_2358946_minus	regulondb_2358946_minus	train	False
regulondb_2363655_minus	regulondb_2363655_minus	train	False
regulondb_2364317_minus	regulondb_2364317_minus	train	False
regulondb_2364372_minus	regulondb_2364372_minus	train	False
regulondb_2364525_plus	regulondb_2364525_plus	train	False
regulondb_2365698_minus	regulondb_2365698_minus	train	False
regulondb_2365754_minus	regulondb_2365754_minus	train	False
regulondb_2365756_minus	regulondb_2365754_minus	train	False
regulondb_2373566_minus	regulondb_2373566_minus	train	False
regulondb_2373574_minus	regulondb_2373566_minus	train	False
regulondb_2376887_minus	regulondb_2376887_minus	train	False
regulondb_2381053_minus	regulondb_2381053_minus	holdout	True
regulondb_2381581_plus	regulondb_2381581_plus	holdout	False
regulondb_2381582_plus	regulondb_2381581_plus	holdout	True
regulondb_2381614_minus	regulondb_2381614_minus	holdout	False
regulondb_2381686_minus	regulondb_2381686_minus	holdout	False
regulondb_2382654_plus	regulondb_2382654_plus	holdout	False
regulondb_2385750_plus	regulondb_2385750_plus	train	False
regulondb_2385760_plus	regulondb_2385750_plus	train	False
regulondb_2385769_plus	regulondb_2385750_plus	train	False
regulondb_2385784_minus	regulondb_2385784_minus	holdout	False
regulondb_2385828_plus	regulondb_2385784_minus	holdout	False
regulondb_2385805_plus	regulondb_2385805_plus	holdout	False
regulondb_2385905_minus	regulondb_2385905_minus	train	False
regulondb_2388458_plus	regulondb_2388458_plus	train	False
regulondb_2388539_plus	regulondb_2388539_plus	train	False
regulondb_2388554_minus	regulondb_2388554_minus	train	False
regulondb_2388573_plus	regulondb_2388573_plus	holdout	False
regulondb_2388587_minus	regulondb_2388587_minus	train	False
regulondb_2388995_plus	regulondb_2388995_plus	train	False
regulondb_2391717_minus	regulondb_2391717_minus	train	False
regulondb_2405162_minus	regulondb_2405162_minus	train	True
regulondb_2405335_minus	regulondb_2405335_minus	train	False
regulondb_2406656_minus	regulondb_2406656_minus	train	False
regulondb_2407408_plus	regulondb_2407408_plus	holdout	False
regulondb_2407414_plus	regulondb_2407408_plus	holdout	False
regulondb_2408831_plus	regulondb_2408831_plus	train	False
regulondb_2408835_plus	regulondb_2408831_plus	train	False
regulondb_2412594_minus	regulondb_2412594_minus	train	False
regulondb_2413459_plus	regulondb_2413459_plus	train	False
regulondb_2414486_plus	regulondb_2414486_plus	train	True
regulondb_2423614_minus	regulondb_2423614_minus	holdout	False
regulondb_2423712_minus	regulondb_2423712_minus	train	False
regulondb_2426837_minus	regulondb_2426837_minus	train	True
regulondb_2427849_minus	regulondb_2427849_minus	train	False
regulondb_2430770_minus	regulondb_2430770_minus	train	False
regulondb_2430800_minus	regulondb_2430800_minus	train	True
regulondb_2431868_minus	regulondb_2431868_minus	train	False
regulondb_2431875_minus	regulondb_2431868_minus	train	False
regulondb_2434015_minus	regulondb_2434015_minus	train	True
regulondb_2434940_minus	regulondb_2434940_minus	train	False
regulondb_2436890_minus	regulondb_2436890_minus	train	False
regulondb_2437884_minus	regulondb_2437884_minus	holdout	False
regulondb_2437912_plus	regulondb_2437912_plus	holdout	False
regulondb_2440241_minus	regulondb_2440241_minus	train	True
regulondb_2441641_minus	regulondb_2441641_minus	train	True
regulondb_2444251_minus	regulondb_2444251_minus	train	False
regulondb_2448436_plus	regulondb_2448436_plus	train	False
regulondb_2448568_plus	regulondb_2448568_plus	train	False
regulondb_2455654_minus	regulondb_2455654_minus	holdout	False
regulondb_2455668_minus	regulondb_2455668_minus	train	False
regulondb_2455688_minus	regulondb_2455688_minus	holdout	False
regulondb_2455821_minus	regulondb_2455821_minus	train	False
regulondb_2456999_minus	regulondb_2456999_minus	train	True
regulondb_2460511_minus	regulondb_2460511_minus	holdout	False
regulondb_2460979_minus	regulondb_2460979_minus	train	False
regulondb_2461205_plus	regulondb_2461205_plus	train	True
regulondb_2462802_plus	regulondb_2462802_plus	train	False
regulondb_2462982_plus	regulondb_2462982_plus	train	False
regulondb_2462984_plus	regulondb_2462982_plus	train	False
regulondb_2462985_plus	regulondb_2462982_plus	train	False
regulondb_2465135_minus	regulondb_2465135_minus	holdout	False
regulondb_2466308_plus	regulondb_2466308_plus	train	False
regulondb_2466513_plus	regulondb_2466513_plus	train	False
regulondb_2466515_plus	regulondb_2466513_plus	train	True
regulondb_2467737_plus	regulondb_2467737_plus	train	False
regulondb_2473422_plus	regulondb_2473422_plus	train	False
regulondb_2473536_plus	regulondb_2473536_plus	holdout	False
regulondb_2473572_plus	regulondb_2473572_plus	train	False
regulondb_2477746_minus	regulondb_2477746_minus	train	False
regulondb_2477821_plus	regulondb_2477746_minus	train	True
regulondb_2479121_plus	regulondb_2479121_plus	train	True
regulondb_2482334_minus	regulondb_2482334_minus	train	False
regulondb_2483448_minus	regulondb_2483448_minus	train	False
regulondb_2483631_plus	regulondb_2483631_plus	holdout	True
regulondb_2483641_plus	regulondb_2483631_plus	holdout	False
regulondb_2492130_minus	regulondb_2492130_minus	train	False
regulondb_2492144_minus	regulondb_2492144_minus	holdout	False
regulondb_2493439_minus	regulondb_2493439_minus	train	True
regulondb_2494433_minus	regulondb_2494433_minus	train	True
regulondb_2494494_plus	regulondb_2494433_minus	train	False
regulondb_2495333_minus	regulondb_2495333_minus	holdout	False
regulondb_2495336_minus	regulondb_2495333_minus	holdout	False
regulondb_2495578_plus	regulondb_2495578_plus	holdout	True
regulondb_2498399_minus	regulondb_2498399_minus	train	False
regulondb_2504493_minus	regulondb_2504493_minus	train	False
regulondb_2509447_minus	regulondb_2509447_minus	holdout	True
regulondb_2509453_plus	regulondb_2509453_plus	train	False
regulondb_2509461_minus	regulondb_2509461_minus	train	True
regulondb_2512734_minus	regulondb_2512734_minus	holdout	True
regulondb_2513009_plus	regulondb_2513009_plus	holdout	True
regulondb_2517869_minus	regulondb_2517869_minus	train	False
regulondb_2517892_minus	regulondb_2517892_minus	holdout	False
regulondb_2518253_minus	regulondb_2518253_minus	train	False
regulondb_2518259_minus	regulondb_2518253_minus	train	False
regulondb_2518279_minus	regulondb_2518253_minus	train	False
regulondb_2518334_plus	regulondb_2518253_minus	train	False
regulondb_2518306_minus	regulondb_2518306_minus	holdout	False
regulondb_2518375_plus	regulondb_2518306_minus	holdout	False
regulondb_2518384_plus	regulondb_2518306_minus	holdout	False
regulondb_2518407_plus	regulondb_2518407_plus	train	False
regulondb_2520730_minus	regulondb_2520730_minus	holdout	True
regulondb_2520776_minus	regulondb_2520776_minus	train	True
regulondb_2520784_minus	regulondb_2520776_minus	train	False
regulondb_2520924_plus	regulondb_2520924_plus	train	False
regulondb_2522505_minus	regulondb_2522505_minus	train	True
regulondb_2522563_minus	regulondb_2522563_minus	train	True
regulondb_2524251_minus	regulondb_2524251_minus	train	True
regulondb_2524303_minus	regulondb_2524303_minus	train	True
regulondb_2524375_minus	regulondb_2524375_minus	train	True
regulondb_2524910_minus	regulondb_2524910_minus	train	True
regulondb_2526909_plus	regulondb_2526909_plus	holdout	False
regulondb_2526933_plus	regulondb_2526933_plus	train	False
regulondb_2527039_minus	regulondb_2527039_minus	train	False
regulondb_2530201_minus	regulondb_2530201_minus	train	False
regulondb_2531383_plus	regulondb_2531383_plus	train	False
regulondb_2531407_minus	regulondb_2531407_minus	holdout	False
regulondb_2532344_plus	regulondb_2532344_plus	holdout	False
regulondb_2532377_plus	regulondb_2532377_plus	holdout	True
regulondb_2533498_plus	regulondb_2533498_plus	holdout	True
regulondb_2533501_plus	regulondb_2533498_plus	holdout	False
regulondb_2533507_plus	regulondb_2533498_plus	holdout	False
regulondb_2533601_plus	regulondb_2533601_plus	holdout	True
regulondb_2533608_plus	regulondb_2533601_plus	holdout	False
regulondb_2535480_plus	regulondb_2535480_plus	train	False
regulondb_2535610_plus	regulondb_2535610_plus	train	True
regulondb_2537315_plus	regulondb_2537315_plus	train	True
regulondb_2537319_minus	regulondb_2537319_minus	train	False
regulondb_2543557_minus	regulondb_2543557_minus	train	True
regulondb_2544664_minus	regulondb_2544664_minus	train	False
regulondb_2544671_minus	regulondb_2544664_minus	train	False
regulondb_2545733_plus	regulondb_2545733_plus	train	True
regulondb_2545741_plus	regulondb_2545733_plus	train	False
regulondb_2545793_minus	regulondb_2545793_minus	train	True
regulondb_2550554_minus	regulondb_2550554_minus	holdout	False
regulondb_2550678_minus	regulondb_2550678_minus	train	False
regulondb_2551243_minus	regulondb_2551243_minus	holdout	True
regulondb_2551921_minus	regulondb_2551921_minus	train	False
regulondb_2552241_plus	regulondb_2552241_plus	holdout	True
regulondb_2552952_plus	regulondb_2552952_plus	holdout	False
regulondb_2552982_plus	regulondb_2552982_plus	train	False
regulondb_2553205_plus	regulondb_2553205_plus	train	True
regulondb_2558693_plus	regulondb_2558693_plus	holdout	False
regulondb_2561902_plus	regulondb_2561902_plus	train	False
regulondb_2561993_plus	regulondb_2561993_plus	train	False
regulondb_2562053_plus	regulondb_2562053_plus	holdout	True
regulondb_2562080_plus	regulondb_2562080_plus	holdout	False
regulondb_2563389_plus	regulondb_2563389_plus	train	False
regulondb_2563409_plus	regulondb_2563409_plus	train	False
regulondb_2564400_plus	regulondb_2564400_plus	holdout	False
regulondb_2578570_plus	regulondb_2578570_plus	train	True
regulondb_2578588_plus	regulondb_2578588_plus	holdout	True
regulondb_2578608_plus	regulondb_2578608_plus	train	False
regulondb_2579308_plus	regulondb_2579308_plus	train	False
regulondb_2582880_minus	regulondb_2582880_minus	train	False
regulondb_2582893_minus	regulondb_2582893_minus	train	False
regulondb_2585577_plus	regulondb_2585577_plus	train	False
regulondb_2587475_plus	regulondb_2587475_plus	train	False
regulondb_2587550_plus	regulondb_2587550_plus	holdout	False
regulondb_2590970_minus	regulondb_2590970_minus	holdout	False
regulondb_2591070_minus	regulondb_2591070_minus	train	False
regulondb_2591560_plus	regulondb_2591560_plus	train	True
regulondb_2595938_minus	regulondb_2595938_minus	train	False
regulondb_2597781_minus	regulondb_2597781_minus	train	True
regulondb_2599014_minus	regulondb_2599014_minus	train	True
regulondb_2599784_minus	regulondb_2599784_minus	train	True
regulondb_2599806_plus	regulondb_2599806_plus	train	True
regulondb_2599879_plus	regulondb_2599879_plus	train	True
regulondb_2600437_plus	regulondb_2600437_plus	train	True
regulondb_2601171_plus	regulondb_2601171_plus	train	True
regulondb_2616026_plus	regulondb_2616026_plus	train	False
regulondb_2616068_plus	regulondb_2616068_plus	train	True
regulondb_2620909_minus	regulondb_2620909_minus	train	True
regulondb_2621153_plus	regulondb_2621153_plus	holdout	True
regulondb_2622874_plus	regulondb_2622874_plus	train	False
regulondb_2622977_plus	regulondb_2622977_plus	holdout	True
regulondb_2622990_plus	regulondb_2622990_plus	train	False
regulondb_2629031_minus	regulondb_2629031_minus	holdout	False
regulondb_2629252_plus	regulondb_2629252_plus	holdout	True
regulondb_2629672_plus	regulondb_2629672_plus	train	False
regulondb_2634107_minus	regulondb_2634107_minus	train	True
regulondb_2634197_plus	regulondb_2634107_minus	train	False
regulondb_2638975_minus	regulondb_2638975_minus	train	True
regulondb_2639370_minus	regulondb_2639370_minus	holdout	False
regulondb_2639402_minus	regulondb_2639402_minus	train	False
regulondb_2639433_minus	regulondb_2639433_minus	holdout	False
regulondb_2640642_minus	regulondb_2640642_minus	train	True
regulondb_2641880_minus	regulondb_2641880_minus	train	False
regulondb_2641950_minus	regulondb_2641950_minus	train	False
regulondb_2641954_minus	regulondb_2641950_minus	train	False
regulondb_2642932_minus	regulondb_2642932_minus	train	False
regulondb_2642934_minus	regulondb_2642932_minus	train	False
regulondb_2644960_minus	regulondb_2644960_minus	train	False
regulondb_2647368_minus	regulondb_2647368_minus	train	False
regulondb_2647493_minus	regulondb_2647493_minus	train	False
regulondb_2652324_minus	regulondb_2652324_minus	holdout	False
regulondb_2652391_plus	regulondb_2652324_minus	holdout	False
regulondb_2653699_plus	regulondb_2653699_plus	train	False
regulondb_2656917_minus	regulondb_2656917_minus	train	False
regulondb_2659524_minus	regulondb_2659524_minus	train	True
regulondb_2659953_minus	regulondb_2659953_minus	holdout	False
regulondb_2659962_minus	regulondb_2659953_minus	holdout	False
regulondb_2662199_minus	regulondb_2662199_minus	train	True
regulondb_2664204_plus	regulondb_2664204_plus	train	False
regulondb_2664244_plus	regulondb_2664244_plus	train	False
regulondb_2665401_plus	regulondb_2665401_plus	holdout	True
regulondb_2667863_minus	regulondb_2667863_minus	train	False
regulondb_2667928_minus	regulondb_2667928_minus	train	False
regulondb_2668053_minus	regulondb_2668053_minus	train	False
regulondb_2668964_minus	regulondb_2668964_minus	train	False
regulondb_2668982_plus	regulondb_2668982_plus	holdout	False
regulondb_2674788_minus	regulondb_2674788_minus	train	False
regulondb_2674795_minus	regulondb_2674788_minus	train	False
regulondb_2685574_minus	regulondb_2685574_minus	train	True
regulondb_2685797_plus	regulondb_2685797_plus	train	True
regulondb_2687441_minus	regulondb_2687441_minus	holdout	True
regulondb_2687503_minus	regulondb_2687503_minus	train	True
regulondb_2687526_minus	regulondb_2687526_minus	train	False
regulondb_2691123_minus	regulondb_2691123_minus	train	True
regulondb_2691340_minus	regulondb_2691340_minus	holdout	True
regulondb_2695589_minus	regulondb_2695589_minus	train	True
regulondb_2695767_plus	regulondb_2695767_plus	train	False
regulondb_2698638_minus	regulondb_2698638_minus	holdout	False
regulondb_2698707_plus	regulondb_2698638_minus	holdout	False
regulondb_2700291_minus	regulondb_2700291_minus	train	True
regulondb_2700518_plus	regulondb_2700518_plus	train	True
regulondb_2701137_minus	regulondb_2701137_minus	train	False
regulondb_2701162_minus	regulondb_2701162_minus	train	False
regulondb_2701813_minus	regulondb_2701813_minus	train	False
regulondb_2704223_minus	regulondb_2704223_minus	train	True
regulondb_2705464_minus	regulondb_2705464_minus	train	False
regulondb_2707196_minus	regulondb_2707196_minus	train	False
regulondb_2709632_minus	regulondb_2709632_minus	holdout	True
regulondb_2710087_minus	regulondb_2710087_minus	holdout	True
regulondb_2710165_minus	regulondb_2710165_minus	holdout	True
regulondb_2710186_minus	regulondb_2710186_minus	holdout	False
regulondb_2710230_minus	regulondb_2710230_minus	train	True
regulondb_2710339_minus	regulondb_2710339_minus	holdout	True
regulondb_2710357_plus	regulondb_2710357_plus	train	False
regulondb_2710393_minus	regulondb_2710393_minus	train	True
regulondb_2712805_minus	regulondb_2712805_minus	holdout	False
regulondb_2712876_plus	regulondb_2712805_minus	holdout	False
regulondb_2715344_minus	regulondb_2715344_minus	holdout	False
regulondb_2716506_minus	regulondb_2716506_minus	train	False
regulondb_2716523_minus	regulondb_2716523_minus	holdout	True
regulondb_2716738_plus	regulondb_2716738_plus	train	False
regulondb_2718675_plus	regulondb_2718675_plus	train	True
regulondb_2719931_plus	regulondb_2719931_plus	holdout	True
regulondb_2722578_plus	regulondb_2722578_plus	holdout	False
regulondb_2722668_plus	regulondb_2722668_plus	train	True
regulondb_2724033_plus	regulondb_2724033_plus	holdout	False
regulondb_2725760_minus	regulondb_2725760_minus	train	False
regulondb_2725809_minus	regulondb_2725809_minus	holdout	False
regulondb_2725812_minus	regulondb_2725809_minus	holdout	False
regulondb_2731332_minus	regulondb_2731332_minus	holdout	False
regulondb_3941633_plus	regulondb_2731332_minus	holdout	False
regulondb_4035356_plus	regulondb_2731332_minus	holdout	True
regulondb_4166484_plus	regulondb_2731332_minus	holdout	False
regulondb_2731448_minus	regulondb_2731448_minus	holdout	False
regulondb_3941516_plus	regulondb_2731448_minus	holdout	False
regulondb_4035239_plus	regulondb_2731448_minus	holdout	False
regulondb_4166367_plus	regulondb_2731448_minus	holdout	True
regulondb_2734205_minus	regulondb_2734205_minus	train	True
regulondb_2734295_minus	regulondb_2734295_minus	train	True
regulondb_2735961_plus	regulondb_2735961_plus	train	True
regulondb_2736006_plus	regulondb_2736006_plus	train	True
regulondb_2737104_plus	regulondb_2737104_plus	train	True
regulondb_2737579_plus	regulondb_2737579_plus	holdout	True
regulondb_2741201_minus	regulondb_2741201_minus	holdout	True
regulondb_2741315_plus	regulondb_2741315_plus	train	False
regulondb_2741347_plus	regulondb_2741347_plus	holdout	False
regulondb_2741355_plus	regulondb_2741347_plus	holdout	False
regulondb_2741677_plus	regulondb_2741677_plus	train	False
regulondb_2741702_plus	regulondb_2741702_plus	train	False
regulondb_2741751_plus	regulondb_2741751_plus	train	False
regulondb_2741762_plus	regulondb_2741751_plus	train	False
regulondb_2741822_plus	regulondb_2741822_plus	train	False
regulondb_2741824_plus	regulondb_2741822_plus	train	True
regulondb_2744642_minus	regulondb_2744642_minus	train	False
regulondb_2746254_minus	regulondb_2746254_minus	train	True
regulondb_2747846_plus	regulondb_2747846_plus	train	False
regulondb_2747853_minus	regulondb_2747853_minus	train	False
regulondb_2747930_plus	regulondb_2747853_minus	train	False
regulondb_2750747_minus	regulondb_2750747_minus	holdout	True
regulondb_2750763_plus	regulondb_2750763_plus	train	False
regulondb_2751759_plus	regulondb_2751759_plus	train	False
regulondb_2753486_plus	regulondb_2753486_plus	train	True
regulondb_2754767_plus	regulondb_2754767_plus	train	False
regulondb_2755507_plus	regulondb_2755507_plus	train	False
regulondb_2755586_plus	regulondb_2755586_plus	holdout	True
regulondb_2758660_minus	regulondb_2758660_minus	train	False
regulondb_2758663_minus	regulondb_2758660_minus	train	False
regulondb_2758855_plus	regulondb_2758855_plus	holdout	False
regulondb_2758881_plus	regulondb_2758881_plus	train	False
regulondb_2758928_plus	regulondb_2758928_plus	train	False
regulondb_2758978_plus	regulondb_2758978_plus	train	False
regulondb_2760507_plus	regulondb_2760507_plus	train	False
regulondb_2765894_plus	regulondb_2765894_plus	train	True
regulondb_2765906_plus	regulondb_2765894_plus	train	False
regulondb_2765985_minus	regulondb_2765985_minus	train	False
regulondb_2766707_plus	regulondb_2766707_plus	train	True
regulondb_2766860_plus	regulondb_2766860_plus	train	True
regulondb_2767540_plus	regulondb_2767540_plus	holdout	False
regulondb_2767642_plus	regulondb_2767642_plus	train	False
regulondb_2767644_plus	regulondb_2767642_plus	train	False
regulondb_2773285_plus	regulondb_2773285_plus	train	False
regulondb_2775888_plus	regulondb_2775888_plus	train	False
regulondb_2782822_minus	regulondb_2782822_minus	holdout	False
regulondb_2784818_minus	regulondb_2784818_minus	train	False
regulondb_2788927_plus	regulondb_2788927_plus	holdout	True
regulondb_2790912_plus	regulondb_2790912_plus	train	True
regulondb_2791172_plus	regulondb_2791172_plus	train	True
regulondb_2795471_plus	regulondb_2795471_plus	train	False
regulondb_2795643_plus	regulondb_2795643_plus	train	False
regulondb_2796814_minus	regulondb_2796814_minus	train	False
regulondb_2797085_minus	regulondb_2797085_minus	holdout	False
regulondb_2798536_minus	regulondb_2798536_minus	holdout	True
regulondb_2798556_minus	regulondb_2798556_minus	train	True
regulondb_2798578_minus	regulondb_2798578_minus	train	False
regulondb_2799070_plus	regulondb_2799070_plus	train	False
regulondb_2799084_plus	regulondb_2799084_plus	train	True
regulondb_2799087_plus	regulondb_2799084_plus	train	False
regulondb_2800121_plus	regulondb_2800121_plus	holdout	False
regulondb_2800590_minus	regulondb_2800590_minus	holdout	False
regulondb_2800656_plus	regulondb_2800590_minus	holdout	True
regulondb_2804563_plus	regulondb_2804563_plus	train	True
regulondb_2804599_plus	regulondb_2804599_plus	train	True
regulondb_2804755_plus	regulondb_2804755_plus	train	True
regulondb_2809595_plus	regulondb_2809595_plus	train	False
regulondb_2810747_plus	regulondb_2810747_plus	holdout	True
regulondb_2814802_plus	regulondb_2814802_plus	train	True
regulondb_2814816_minus	regulondb_2814816_minus	holdout	False
regulondb_2815065_minus	regulondb_2815065_minus	holdout	True
regulondb_2818697_minus	regulondb_2818697_minus	holdout	False
regulondb_2819189_minus	regulondb_2819189_minus	holdout	True
regulondb_2819198_minus	regulondb_2819189_minus	holdout	False
regulondb_2819273_minus	regulondb_2819273_minus	train	True
regulondb_2819370_minus	regulondb_2819370_minus	train	True
regulondb_2819373_minus	regulondb_2819370_minus	train	False
regulondb_2822090_minus	regulondb_2822090_minus	train	False
regulondb_2823819_minus	regulondb_2823819_minus	holdout	True
regulondb_2824394_minus	regulondb_2824394_minus	holdout	True
regulondb_2825791_plus	regulondb_2825791_plus	train	True
regulondb_2828860_plus	regulondb_2828860_plus	train	False
regulondb_2832307_minus	regulondb_2832307_minus	train	False
regulondb_2832439_plus	regulondb_2832439_plus	holdout	True
regulondb_2838014_minus	regulondb_2838014_minus	holdout	True
regulondb_2838105_minus	regulondb_2838105_minus	train	True
regulondb_2838132_minus	regulondb_2838132_minus	train	True
regulondb_2839287_minus	regulondb_2839287_minus	holdout	False
regulondb_2839429_plus	regulondb_2839429_plus	train	True
regulondb_2840942_plus	regulondb_2840942_plus	train	False
regulondb_2843102_minus	regulondb_2843102_minus	train	True
regulondb_2850461_minus	regulondb_2850461_minus	train	True
regulondb_2850627_plus	regulondb_2850627_plus	train	True
regulondb_2850839_plus	regulondb_2850839_plus	train	False
regulondb_2856828_minus	regulondb_2856828_minus	holdout	False
regulondb_2857019_plus	regulondb_2857019_plus	train	True
regulondb_2859737_plus	regulondb_2859737_plus	holdout	False
regulondb_2861362_minus	regulondb_2861362_minus	holdout	False
regulondb_2861441_minus	regulondb_2861441_minus	train	False
regulondb_2862197_plus	regulondb_2862197_plus	train	False
regulondb_2863537_plus	regulondb_2863537_plus	holdout	False
regulondb_2863569_plus	regulondb_2863569_plus	train	False
regulondb_2864907_plus	regulondb_2864907_plus	holdout	False
regulondb_2867567_minus	regulondb_2867567_minus	train	False
regulondb_2867607_minus	regulondb_2867607_minus	holdout	False
regulondb_2867654_minus	regulondb_2867654_minus	train	False
regulondb_2867724_minus	regulondb_2867724_minus	train	False
regulondb_2868118_minus	regulondb_2868118_minus	train	True
regulondb_2868782_minus	regulondb_2868782_minus	holdout	True
regulondb_2868829_minus	regulondb_2868829_minus	train	True
regulondb_2870686_minus	regulondb_2870686_minus	train	True
regulondb_2871911_minus	regulondb_2871911_minus	train	False
regulondb_2871984_minus	regulondb_2871984_minus	train	False
regulondb_2872901_minus	regulondb_2872901_minus	train	False
regulondb_2873392_minus	regulondb_2873392_minus	train	False
regulondb_2874028_minus	regulondb_2874028_minus	holdout	False
regulondb_2876368_minus	regulondb_2876368_minus	holdout	True
regulondb_2876536_plus	regulondb_2876536_plus	train	False
regulondb_2876544_plus	regulondb_2876536_plus	train	False
regulondb_2878915_minus	regulondb_2878915_minus	train	True
regulondb_2884319_minus	regulondb_2884319_minus	holdout	True
regulondb_2891964_minus	regulondb_2891964_minus	train	True
regulondb_2892572_plus	regulondb_2892572_plus	holdout	False
regulondb_2899607_minus	regulondb_2899607_minus	holdout	False
regulondb_2900409_minus	regulondb_2900409_minus	train	False
regulondb_2900472_plus	regulondb_2900409_minus	train	False
regulondb_2900471_minus	regulondb_2900471_minus	holdout	False
regulondb_2905605_plus	regulondb_2905605_plus	train	False
regulondb_2905606_minus	regulondb_2905606_minus	holdout	False
regulondb_2905666_plus	regulondb_2905606_minus	holdout	False
regulondb_2907968_minus	regulondb_2907968_minus	train	True
regulondb_2908018_minus	regulondb_2908018_minus	train	False
regulondb_2908152_minus	regulondb_2908152_minus	train	True
regulondb_2908674_minus	regulondb_2908674_minus	train	False
regulondb_2908702_minus	regulondb_2908702_minus	holdout	False
regulondb_2908846_minus	regulondb_2908846_minus	train	False
regulondb_2909713_minus	regulondb_2909713_minus	train	False
regulondb_2909717_minus	regulondb_2909713_minus	train	False
regulondb_2909797_minus	regulondb_2909797_minus	holdout	False
regulondb_2910860_minus	regulondb_2910860_minus	holdout	False
regulondb_2911355_minus	regulondb_2911355_minus	holdout	False
regulondb_2911368_minus	regulondb_2911368_minus	train	False
regulondb_2913700_minus	regulondb_2913700_minus	train	True
regulondb_2913829_minus	regulondb_2913829_minus	train	True
regulondb_2914277_minus	regulondb_2914277_minus	train	True
regulondb_2914318_minus	regulondb_2914318_minus	train	True
regulondb_2915043_minus	regulondb_2915043_minus	holdout	False
regulondb_2919513_minus	regulondb_2919513_minus	holdout	False
regulondb_2923050_minus	regulondb_2923050_minus	train	False
regulondb_2924524_minus	regulondb_2924524_minus	train	True
regulondb_2925321_plus	regulondb_2925321_plus	train	False
regulondb_2925369_minus	regulondb_2925369_minus	holdout	False
regulondb_2928035_plus	regulondb_2928035_plus	train	False
regulondb_2930873_plus	regulondb_2930873_plus	holdout	False
regulondb_2933223_minus	regulondb_2933223_minus	train	True
regulondb_2933854_minus	regulondb_2933854_minus	holdout	False
regulondb_2934119_plus	regulondb_2934119_plus	train	False
regulondb_2938837_plus	regulondb_2938837_plus	train	True
regulondb_2941721_minus	regulondb_2941721_minus	holdout	False
regulondb_2942639_minus	regulondb_2942639_minus	train	True
regulondb_2942696_plus	regulondb_2942639_minus	train	False
regulondb_2943207_plus	regulondb_2943207_plus	train	False
regulondb_2943229_minus	regulondb_2943229_minus	train	False
regulondb_2943263_minus	regulondb_2943263_minus	train	False
regulondb_2947273_minus	regulondb_2947273_minus	train	False
regulondb_2947382_plus	regulondb_2947382_plus	train	True
regulondb_2949066_minus	regulondb_2949066_minus	holdout	False
regulondb_2949156_plus	regulondb_2949066_minus	holdout	False
regulondb_2949189_minus	regulondb_2949189_minus	train	False
regulondb_2959011_minus	regulondb_2959011_minus	holdout	True
regulondb_2962507_minus	regulondb_2962507_minus	train	True
regulondb_2964220_minus	regulondb_2964220_minus	train	False
regulondb_2965254_minus	regulondb_2965254_minus	train	True
regulondb_2965348_minus	regulondb_2965348_minus	train	False
regulondb_2966121_minus	regulondb_2966121_minus	train	True
regulondb_2968993_minus	regulondb_2968993_minus	train	False
regulondb_2969582_plus	regulondb_2969582_plus	train	False
regulondb_2969614_plus	regulondb_2969614_plus	holdout	False
regulondb_2970392_plus	regulondb_2970392_plus	train	False
regulondb_2971247_plus	regulondb_2971247_plus	holdout	False
regulondb_2971569_plus	regulondb_2971569_plus	train	False
regulondb_2973939_minus	regulondb_2973939_minus	holdout	False
regulondb_2976189_minus	regulondb_2976189_minus	holdout	False
regulondb_2976385_minus	regulondb_2976385_minus	train	False
regulondb_2976569_plus	regulondb_2976569_plus	holdout	True
regulondb_2978950_plus	regulondb_2978950_plus	holdout	False
regulondb_2978951_minus	regulondb_2978951_minus	train	False
regulondb_2980803_minus	regulondb_2980803_minus	train	False
regulondb_2982208_minus	regulondb_2982208_minus	train	True
regulondb_2984194_minus	regulondb_2984194_minus	train	False
regulondb_2985624_minus	regulondb_2985624_minus	train	False
regulondb_2985701_minus	regulondb_2985701_minus	holdout	False
regulondb_2985741_plus	regulondb_2985701_minus	holdout	False
regulondb_2985719_plus	regulondb_2985719_plus	train	False
regulondb_2985809_minus	regulondb_2985809_minus	train	False
regulondb_2985819_plus	regulondb_2985819_plus	train	False
regulondb_2987508_plus	regulondb_2987508_plus	train	False
regulondb_2987513_plus	regulondb_2987508_plus	train	False
regulondb_2988344_plus	regulondb_2988344_plus	train	False
regulondb_2988415_plus	regulondb_2988415_plus	holdout	False
regulondb_2988423_plus	regulondb_2988415_plus	holdout	False
regulondb_2988431_plus	regulondb_2988415_plus	holdout	False
regulondb_2988436_plus	regulondb_2988415_plus	holdout	False
regulondb_2990368_minus	regulondb_2990368_minus	train	False
regulondb_2990383_minus	regulondb_2990383_minus	holdout	False
regulondb_2990570_minus	regulondb_2990570_minus	train	False
regulondb_2991879_plus	regulondb_2991879_plus	train	False
regulondb_2993581_plus	regulondb_2993581_plus	holdout	False
regulondb_2993591_plus	regulondb_2993581_plus	holdout	False
regulondb_2993603_plus	regulondb_2993581_plus	holdout	False
regulondb_2999064_minus	regulondb_2999064_minus	holdout	False
regulondb_3000039_minus	regulondb_3000039_minus	train	False
regulondb_3000257_plus	regulondb_3000257_plus	train	False
regulondb_3000265_plus	regulondb_3000257_plus	train	True
regulondb_3005847_minus	regulondb_3005847_minus	train	False
regulondb_3006117_plus	regulondb_3006117_plus	train	False
regulondb_3006118_plus	regulondb_3006117_plus	train	False
regulondb_3006224_plus	regulondb_3006224_plus	train	False
regulondb_3009830_plus	regulondb_3009830_plus	train	False
regulondb_3009919_plus	regulondb_3009919_plus	holdout	False
regulondb_3015056_plus	regulondb_3015056_plus	train	False
regulondb_3015167_minus	regulondb_3015167_minus	train	False
regulondb_3015234_minus	regulondb_3015234_minus	train	False
regulondb_3015992_plus	regulondb_3015992_plus	train	False
regulondb_3018950_plus	regulondb_3018950_plus	holdout	True
regulondb_3024260_plus	regulondb_3024260_plus	holdout	False
regulondb_3029164_minus	regulondb_3029164_minus	train	False
regulondb_3031189_plus	regulondb_3031189_plus	train	False
regulondb_3032938_plus	regulondb_3032938_plus	train	False
regulondb_3032943_plus	regulondb_3032938_plus	train	False
regulondb_3032970_plus	regulondb_3032970_plus	train	False
regulondb_3033039_plus	regulondb_3033039_plus	train	False
regulondb_3038834_minus	regulondb_3038834_minus	train	True
regulondb_3039633_minus	regulondb_3039633_minus	train	True
regulondb_3039822_plus	regulondb_3039822_plus	train	True
regulondb_3039851_minus	regulondb_3039851_minus	train	True
regulondb_3041099_minus	regulondb_3041099_minus	holdout	False
regulondb_3041282_plus	regulondb_3041282_plus	holdout	False
regulondb_3043256_minus	regulondb_3043256_minus	train	False
regulondb_3043364_minus	regulondb_3043364_minus	train	False
regulondb_3050772_minus	regulondb_3050772_minus	holdout	True
regulondb_3055473_minus	regulondb_3055473_minus	holdout	True
regulondb_3055551_plus	regulondb_3055473_minus	holdout	False
regulondb_3055759_plus	regulondb_3055759_plus	holdout	True
regulondb_3055974_plus	regulondb_3055974_plus	train	True
regulondb_3056851_plus	regulondb_3056851_plus	train	False
regulondb_3057009_minus	regulondb_3057009_minus	train	True
regulondb_3058456_minus	regulondb_3058456_minus	train	True
regulondb_3058549_minus	regulondb_3058549_minus	train	True
regulondb_3059353_minus	regulondb_3059353_minus	train	False
regulondb_3059730_plus	regulondb_3059730_plus	train	False
regulondb_3068126_minus	regulondb_3068126_minus	train	True
regulondb_3068185_minus	regulondb_3068185_minus	train	True
regulondb_3068836_minus	regulondb_3068836_minus	train	True
regulondb_3069871_minus	regulondb_3069871_minus	train	False
regulondb_3072648_minus	regulondb_3072648_minus	train	False
regulondb_3072735_minus	regulondb_3072735_minus	train	True
regulondb_3072857_minus	regulondb_3072857_minus	holdout	True
regulondb_3073823_minus	regulondb_3073823_minus	train	True
regulondb_3074756_minus	regulondb_3074756_minus	train	False
regulondb_3081707_minus	regulondb_3081707_minus	train	False
regulondb_3081892_plus	regulondb_3081892_plus	train	True
regulondb_3083946_minus	regulondb_3083946_minus	train	True
regulondb_3086048_minus	regulondb_3086048_minus	train	False
regulondb_3086182_minus	regulondb_3086182_minus	train	False
regulondb_3086250_minus	regulondb_3086250_minus	train	False
regulondb_3086577_plus	regulondb_3086577_plus	holdout	True
regulondb_3088255_plus	regulondb_3088255_plus	train	True
regulondb_3089588_plus	regulondb_3089588_plus	train	False
regulondb_3089659_plus	regulondb_3089659_plus	train	False
regulondb_3089749_plus	regulondb_3089749_plus	holdout	False
regulondb_3089752_plus	regulondb_3089749_plus	holdout	False
regulondb_3090275_plus	regulondb_3090275_plus	train	False
regulondb_3090327_plus	regulondb_3090327_plus	holdout	False
regulondb_3091018_plus	regulondb_3091018_plus	train	False
regulondb_3091068_plus	regulondb_3091068_plus	train	False
regulondb_3092884_plus	regulondb_3092884_plus	train	False
regulondb_3096620_plus	regulondb_3096620_plus	train	True
regulondb_3099593_minus	regulondb_3099593_minus	train	False
regulondb_3099595_minus	regulondb_3099593_minus	train	False
regulondb_3099757_minus	regulondb_3099757_minus	holdout	False
regulondb_3100751_minus	regulondb_3100751_minus	train	True
regulondb_3100790_minus	regulondb_3100790_minus	train	False
regulondb_3101640_minus	regulondb_3101640_minus	holdout	False
regulondb_3101744_minus	regulondb_3101744_minus	train	True
regulondb_3101798_minus	regulondb_3101798_minus	train	True
regulondb_3102250_minus	regulondb_3102250_minus	holdout	True
regulondb_3102254_minus	regulondb_3102250_minus	holdout	False
regulondb_3102911_plus	regulondb_3102911_plus	train	False
regulondb_3102988_plus	regulondb_3102988_plus	train	False
regulondb_3103993_plus	regulondb_3103993_plus	holdout	False
regulondb_3105651_plus	regulondb_3105651_plus	train	True
regulondb_3109175_minus	regulondb_3109175_minus	train	False
regulondb_3109521_plus	regulondb_3109521_plus	holdout	False
regulondb_3109534_plus	regulondb_3109534_plus	holdout	False
regulondb_3110365_plus	regulondb_3110365_plus	holdout	False
regulondb_3111211_minus	regulondb_3111211_minus	holdout	False
regulondb_3111276_minus	regulondb_3111276_minus	holdout	False
regulondb_3111307_minus	regulondb_3111307_minus	train	False
regulondb_3112899_minus	regulondb_3112899_minus	train	True
regulondb_3114479_minus	regulondb_3114479_minus	train	False
regulondb_3119259_minus	regulondb_3119259_minus	train	False
regulondb_3119266_minus	regulondb_3119259_minus	train	False
regulondb_3119320_minus	regulondb_3119320_minus	holdout	False
regulondb_3121321_minus	regulondb_3121321_minus	train	False
regulondb_3121364_minus	regulondb_3121364_minus	train	False
regulondb_3128076_minus	regulondb_3128076_minus	train	True
regulondb_3128206_plus	regulondb_3128206_plus	train	True
regulondb_3130025_plus	regulondb_3130025_plus	train	False
regulondb_3132449_minus	regulondb_3132449_minus	holdout	False
regulondb_3132523_minus	regulondb_3132523_minus	train	False
regulondb_3132525_minus	regulondb_3132523_minus	train	False
regulondb_3132593_minus	regulondb_3132593_minus	holdout	False
regulondb_3133915_plus	regulondb_3133915_plus	holdout	False
regulondb_3133968_plus	regulondb_3133968_plus	train	False
regulondb_3133977_plus	regulondb_3133968_plus	train	False
regulondb_3133982_plus	regulondb_3133968_plus	train	False
regulondb_3134016_plus	regulondb_3134016_plus	train	False
regulondb_3134020_plus	regulondb_3134016_plus	train	False
regulondb_3134084_plus	regulondb_3134084_plus	train	False
regulondb_3136403_minus	regulondb_3136403_minus	holdout	False
regulondb_3138610_minus	regulondb_3138610_minus	train	False
regulondb_3138700_plus	regulondb_3138610_minus	train	False
regulondb_3146363_minus	regulondb_3146363_minus	train	True
regulondb_3146753_minus	regulondb_3146753_minus	train	False
regulondb_3147781_plus	regulondb_3147781_plus	train	False
regulondb_3149483_plus	regulondb_3149483_plus	train	False
regulondb_3149498_minus	regulondb_3149498_minus	holdout	False
regulondb_3149575_minus	regulondb_3149575_minus	train	False
regulondb_3151390_minus	regulondb_3151390_minus	train	False
regulondb_3152014_minus	regulondb_3152014_minus	train	False
regulondb_3152075_plus	regulondb_3152014_minus	train	False
regulondb_3153529_plus	regulondb_3153529_plus	train	False
regulondb_3155302_plus	regulondb_3155302_plus	train	True
regulondb_3155384_minus	regulondb_3155384_minus	train	False
regulondb_3156571_plus	regulondb_3156571_plus	train	True
regulondb_3157545_plus	regulondb_3157545_plus	train	False
regulondb_3158421_plus	regulondb_3158421_plus	holdout	False
regulondb_3161182_minus	regulondb_3161182_minus	train	False
regulondb_3161310_minus	regulondb_3161310_minus	holdout	False
regulondb_3162851_minus	regulondb_3162851_minus	train	False
regulondb_3162866_minus	regulondb_3162866_minus	holdout	False
regulondb_3166030_minus	regulondb_3166030_minus	holdout	False
regulondb_3167731_minus	regulondb_3167731_minus	train	False
regulondb_3168286_minus	regulondb_3168286_minus	train	True
regulondb_3168371_minus	regulondb_3168371_minus	holdout	False
regulondb_3168397_minus	regulondb_3168397_minus	train	True
regulondb_3168562_minus	regulondb_3168562_minus	holdout	True
regulondb_3168653_minus	regulondb_3168653_minus	train	True
regulondb_3169287_minus	regulondb_3169287_minus	train	False
regulondb_3169291_minus	regulondb_3169287_minus	train	False
regulondb_3169688_minus	regulondb_3169688_minus	train	False
regulondb_3169801_plus	regulondb_3169801_plus	train	True
regulondb_3169887_minus	regulondb_3169887_minus	train	False
regulondb_3172253_minus	regulondb_3172253_minus	train	False
regulondb_3172323_minus	regulondb_3172323_minus	holdout	False
regulondb_3172407_plus	regulondb_3172323_minus	holdout	False
regulondb_3172423_plus	regulondb_3172423_plus	holdout	False
regulondb_3172506_plus	regulondb_3172506_plus	train	False
regulondb_3173078_plus	regulondb_3173078_plus	holdout	False
regulondb_3178004_plus	regulondb_3178004_plus	train	False
regulondb_3178012_plus	regulondb_3178004_plus	train	False
regulondb_3178062_plus	regulondb_3178062_plus	train	False
regulondb_3178074_plus	regulondb_3178062_plus	train	True
regulondb_3182429_minus	regulondb_3182429_minus	train	False
regulondb_3182433_plus	regulondb_3182433_plus	train	False
regulondb_3182561_minus	regulondb_3182561_minus	train	False
regulondb_3184718_minus	regulondb_3184718_minus	train	False
regulondb_3184831_plus	regulondb_3184831_plus	holdout	False
regulondb_3185311_plus	regulondb_3185311_plus	train	False
regulondb_3185342_plus	regulondb_3185342_plus	train	False
regulondb_3186040_plus	regulondb_3186040_plus	train	True
regulondb_3192002_minus	regulondb_3192002_minus	train	True
regulondb_3192012_minus	regulondb_3192002_minus	train	False
regulondb_3192054_plus	regulondb_3192002_minus	train	False
regulondb_3192055_plus	regulondb_3192002_minus	train	False
regulondb_3194701_plus	regulondb_3194701_plus	holdout	True
regulondb_3194865_minus	regulondb_3194865_minus	train	True
regulondb_3195240_minus	regulondb_3195240_minus	train	True
regulondb_3196926_minus	regulondb_3196926_minus	holdout	False
regulondb_3199694_minus	regulondb_3199694_minus	train	False
regulondb_3199698_minus	regulondb_3199694_minus	train	False
regulondb_3199753_minus	regulondb_3199753_minus	train	False
regulondb_3199801_minus	regulondb_3199801_minus	train	False
regulondb_3201042_plus	regulondb_3201042_plus	train	True
regulondb_3201104_plus	regulondb_3201104_plus	train	True
regulondb_3204175_minus	regulondb_3204175_minus	train	True
regulondb_3204533_plus	regulondb_3204533_plus	train	False
regulondb_3204648_minus	regulondb_3204648_minus	train	False
regulondb_3206380_minus	regulondb_3206380_minus	holdout	False
regulondb_3206424_plus	regulondb_3206380_minus	holdout	False
regulondb_3210568_minus	regulondb_3210568_minus	train	False
regulondb_3210646_plus	regulondb_3210568_minus	train	True
regulondb_3210628_minus	regulondb_3210628_minus	holdout	False
regulondb_3210712_plus	regulondb_3210628_minus	holdout	True
regulondb_3210735_plus	regulondb_3210735_plus	train	True
regulondb_3212473_plus	regulondb_3212473_plus	train	True
regulondb_3212637_plus	regulondb_3212637_plus	holdout	True
regulondb_3212688_plus	regulondb_3212688_plus	train	True
regulondb_3212693_plus	regulondb_3212688_plus	train	False
regulondb_3215496_minus	regulondb_3215496_minus	holdout	False
regulondb_3215597_plus	regulondb_3215597_plus	holdout	False
regulondb_3216536_minus	regulondb_3216536_minus	train	False
regulondb_3216538_minus	regulondb_3216536_minus	train	False
regulondb_3216539_minus	regulondb_3216536_minus	train	False
regulondb_3216753_plus	regulondb_3216753_plus	train	False
regulondb_3219120_minus	regulondb_3219120_minus	train	True
regulondb_3219458_plus	regulondb_3219458_plus	holdout	True
regulondb_3221255_minus	regulondb_3221255_minus	train	False
regulondb_3221264_minus	regulondb_3221255_minus	train	False
regulondb_3221437_plus	regulondb_3221437_plus	train	False
regulondb_3222551_plus	regulondb_3222551_plus	train	False
regulondb_3226070_plus	regulondb_3226070_plus	train	False
regulondb_3226142_plus	regulondb_3226142_plus	holdout	False
regulondb_3231624_plus	regulondb_3231624_plus	train	False
regulondb_3234341_minus	regulondb_3234341_minus	train	False
regulondb_3234480_minus	regulondb_3234480_minus	train	True
regulondb_3235892_minus	regulondb_3235892_minus	train	False
regulondb_3236365_plus	regulondb_3236365_plus	holdout	False
regulondb_3236399_plus	regulondb_3236399_plus	train	False
regulondb_3236462_plus	regulondb_3236462_plus	holdout	False
regulondb_3236513_plus	regulondb_3236513_plus	train	False
regulondb_3237282_plus	regulondb_3237282_plus	train	False
regulondb_3238370_plus	regulondb_3238370_plus	train	False
regulondb_3238371_plus	regulondb_3238370_plus	train	False
regulondb_3238555_plus	regulondb_3238555_plus	train	False
regulondb_3239863_plus	regulondb_3239863_plus	holdout	False
regulondb_3241819_minus	regulondb_3241819_minus	train	False
regulondb_3244843_minus	regulondb_3244843_minus	train	False
regulondb_3244857_minus	regulondb_3244857_minus	train	False
regulondb_3245002_plus	regulondb_3245002_plus	train	False
regulondb_3245043_plus	regulondb_3245043_plus	holdout	False
regulondb_3246508_plus	regulondb_3246508_plus	train	False
regulondb_3246618_plus	regulondb_3246618_plus	train	True
regulondb_3247548_plus	regulondb_3247548_plus	train	True
regulondb_3247643_plus	regulondb_3247643_plus	holdout	True
regulondb_3250466_plus	regulondb_3250466_plus	train	False
regulondb_3250472_plus	regulondb_3250466_plus	train	False
regulondb_3250475_plus	regulondb_3250466_plus	train	False
regulondb_3250974_plus	regulondb_3250974_plus	train	False
regulondb_3252249_plus	regulondb_3252249_plus	holdout	False
regulondb_3252263_plus	regulondb_3252263_plus	train	True
regulondb_3252700_plus	regulondb_3252700_plus	holdout	False
regulondb_3252761_plus	regulondb_3252761_plus	train	False
regulondb_3252783_plus	regulondb_3252783_plus	train	False
regulondb_3252825_plus	regulondb_3252825_plus	holdout	False
regulondb_3254261_minus	regulondb_3254261_minus	train	False
regulondb_3254269_plus	regulondb_3254269_plus	train	False
regulondb_3254274_plus	regulondb_3254269_plus	train	False
regulondb_3254280_minus	regulondb_3254280_minus	train	False
regulondb_3254291_plus	regulondb_3254291_plus	holdout	False
regulondb_3259826_minus	regulondb_3259826_minus	holdout	False
regulondb_3267093_minus	regulondb_3267093_minus	train	False
regulondb_3267190_plus	regulondb_3267190_plus	train	False
regulondb_3267221_plus	regulondb_3267221_plus	train	False
regulondb_3267226_plus	regulondb_3267221_plus	train	False
regulondb_3267228_plus	regulondb_3267221_plus	train	False
regulondb_3267254_plus	regulondb_3267254_plus	holdout	False
regulondb_3267816_plus	regulondb_3267816_plus	train	False
regulondb_3270592_minus	regulondb_3270592_minus	holdout	False
regulondb_3272820_minus	regulondb_3272820_minus	train	False
regulondb_3274934_minus	regulondb_3274934_minus	holdout	False
regulondb_3276972_plus	regulondb_3276972_plus	holdout	True
regulondb_3278703_minus	regulondb_3278703_minus	holdout	True
regulondb_3278866_plus	regulondb_3278866_plus	train	True
regulondb_3281889_plus	regulondb_3281889_plus	train	True
regulondb_3287276_plus	regulondb_3287276_plus	train	False
regulondb_3287278_plus	regulondb_3287276_plus	train	False
regulondb_3287291_plus	regulondb_3287291_plus	train	False
regulondb_3287362_plus	regulondb_3287362_plus	train	False
regulondb_3287364_plus	regulondb_3287362_plus	train	False
regulondb_3287365_plus	regulondb_3287362_plus	train	False
regulondb_3287401_plus	regulondb_3287401_plus	train	False
regulondb_3287405_plus	regulondb_3287401_plus	train	False
regulondb_3293211_plus	regulondb_3293211_plus	train	False
regulondb_3293393_minus	regulondb_3293393_minus	train	False
regulondb_3293553_minus	regulondb_3293553_minus	train	False
regulondb_3296072_plus	regulondb_3296072_plus	holdout	True
regulondb_3296349_plus	regulondb_3296349_plus	train	True
regulondb_3298174_minus	regulondb_3298174_minus	train	False
regulondb_3298207_minus	regulondb_3298207_minus	train	False
regulondb_3298897_minus	regulondb_3298897_minus	train	False
regulondb_3298923_minus	regulondb_3298923_minus	train	False
regulondb_3299012_minus	regulondb_3299012_minus	train	False
regulondb_3299939_plus	regulondb_3299939_plus	train	False
regulondb_3301279_plus	regulondb_3301279_plus	train	False
regulondb_3301301_minus	regulondb_3301301_minus	train	False
regulondb_3301329_plus	regulondb_3301329_plus	holdout	False
regulondb_3301368_minus	regulondb_3301368_minus	train	False
regulondb_3301437_plus	regulondb_3301368_minus	train	False
regulondb_3305860_minus	regulondb_3305860_minus	train	True
regulondb_3305932_minus	regulondb_3305932_minus	train	False
regulondb_3307909_minus	regulondb_3307909_minus	holdout	False
regulondb_3308086_minus	regulondb_3308086_minus	train	True
regulondb_3308698_minus	regulondb_3308698_minus	holdout	True
regulondb_3309040_minus	regulondb_3309040_minus	train	False
regulondb_3311183_plus	regulondb_3311183_plus	holdout	True
regulondb_3311326_minus	regulondb_3311326_minus	holdout	True
regulondb_3311786_minus	regulondb_3311786_minus	train	False
regulondb_3316027_minus	regulondb_3316027_minus	train	True
regulondb_3317602_minus	regulondb_3317602_minus	train	True
regulondb_3318175_minus	regulondb_3318175_minus	train	True
regulondb_3318297_minus	regulondb_3318297_minus	train	True
regulondb_3318375_minus	regulondb_3318375_minus	train	True
regulondb_3318562_plus	regulondb_3318562_plus	train	False
regulondb_3321651_minus	regulondb_3321651_minus	train	False
regulondb_3322278_minus	regulondb_3322278_minus	train	False
regulondb_3322587_minus	regulondb_3322587_minus	train	True
regulondb_3322590_minus	regulondb_3322587_minus	train	False
regulondb_3326978_minus	regulondb_3326978_minus	train	True
regulondb_3327102_minus	regulondb_3327102_minus	holdout	False
regulondb_3327731_minus	regulondb_3327731_minus	train	True
regulondb_3327759_plus	regulondb_3327759_plus	train	False
regulondb_3327760_minus	regulondb_3327760_minus	train	True
regulondb_3328853_minus	regulondb_3328853_minus	holdout	True
regulondb_3328864_minus	regulondb_3328853_minus	holdout	False
regulondb_3328857_plus	regulondb_3328857_plus	train	False
regulondb_3333225_minus	regulondb_3333225_minus	holdout	False
regulondb_3333516_minus	regulondb_3333516_minus	train	True
regulondb_3334796_plus	regulondb_3334796_plus	holdout	False
regulondb_3334855_plus	regulondb_3334855_plus	train	False
regulondb_3334858_plus	regulondb_3334855_plus	train	False
regulondb_3336833_minus	regulondb_3336833_minus	holdout	False
regulondb_3336886_minus	regulondb_3336886_minus	train	False
regulondb_3336954_minus	regulondb_3336954_minus	holdout	False
regulondb_3336983_minus	regulondb_3336983_minus	train	False
regulondb_3340102_minus	regulondb_3340102_minus	holdout	False
regulondb_3340121_minus	regulondb_3340121_minus	holdout	False
regulondb_3340132_minus	regulondb_3340121_minus	holdout	False
regulondb_3340211_plus	regulondb_3340121_minus	holdout	True
regulondb_3341719_plus	regulondb_3341719_plus	train	True
regulondb_3342010_plus	regulondb_3342010_plus	train	True
regulondb_3342226_plus	regulondb_3342226_plus	train	True
regulondb_3343299_plus	regulondb_3343299_plus	train	True
regulondb_3343326_plus	regulondb_3343326_plus	train	True
regulondb_3343396_plus	regulondb_3343396_plus	train	True
regulondb_3344662_plus	regulondb_3344662_plus	train	False
regulondb_3348421_plus	regulondb_3348421_plus	train	False
regulondb_3349831_minus	regulondb_3349831_minus	train	False
regulondb_3350577_plus	regulondb_3350577_plus	train	False
regulondb_3353049_minus	regulondb_3353049_minus	train	False
regulondb_3354218_minus	regulondb_3354218_minus	train	False
regulondb_3354235_minus	regulondb_3354235_minus	holdout	False
regulondb_3354509_plus	regulondb_3354509_plus	train	True
regulondb_3361978_plus	regulondb_3361978_plus	holdout	False
regulondb_3362039_plus	regulondb_3362039_plus	train	False
regulondb_3362094_plus	regulondb_3362094_plus	train	False
regulondb_3366843_plus	regulondb_3366843_plus	train	False
regulondb_3366889_plus	regulondb_3366889_plus	train	False
regulondb_3369562_minus	regulondb_3369562_minus	holdout	False
regulondb_3373620_minus	regulondb_3373620_minus	holdout	True
regulondb_3374583_plus	regulondb_3374583_plus	holdout	False
regulondb_3374676_minus	regulondb_3374676_minus	train	False
regulondb_3374703_minus	regulondb_3374676_minus	train	False
regulondb_3374766_plus	regulondb_3374676_minus	train	False
regulondb_3377569_minus	regulondb_3377569_minus	train	False
regulondb_3378290_minus	regulondb_3378290_minus	train	False
regulondb_3378808_minus	regulondb_3378808_minus	train	False
regulondb_3380119_minus	regulondb_3380119_minus	train	False
regulondb_3380182_plus	regulondb_3380119_minus	train	False
regulondb_3380156_minus	regulondb_3380156_minus	train	False
regulondb_3380654_plus	regulondb_3380654_plus	train	False
regulondb_3380698_plus	regulondb_3380698_plus	train	True
regulondb_3382173_plus	regulondb_3382173_plus	holdout	True
regulondb_3384313_minus	regulondb_3384313_minus	train	True
regulondb_3384470_minus	regulondb_3384470_minus	train	False
regulondb_3384602_plus	regulondb_3384602_plus	train	False
regulondb_3384677_plus	regulondb_3384677_plus	train	True
regulondb_3385406_plus	regulondb_3385406_plus	holdout	False
regulondb_3385481_plus	regulondb_3385481_plus	holdout	False
regulondb_3386210_minus	regulondb_3386210_minus	train	False
regulondb_3386303_minus	regulondb_3386303_minus	train	False
regulondb_3388236_minus	regulondb_3388236_minus	train	False
regulondb_3388258_minus	regulondb_3388258_minus	train	False
regulondb_3388263_minus	regulondb_3388258_minus	train	False
regulondb_3389381_plus	regulondb_3389381_plus	holdout	False
regulondb_3389383_plus	regulondb_3389381_plus	holdout	False
regulondb_3389430_minus	regulondb_3389430_minus	holdout	False
regulondb_3389477_plus	regulondb_3389430_minus	holdout	False
regulondb_3389496_plus	regulondb_3389430_minus	holdout	False
regulondb_3389461_plus	regulondb_3389461_plus	train	False
regulondb_3392075_minus	regulondb_3392075_minus	holdout	False
regulondb_3392184_minus	regulondb_3392184_minus	train	False
regulondb_3399083_minus	regulondb_3399083_minus	train	False
regulondb_3401129_minus	regulondb_3401129_minus	train	True
regulondb_3401193_minus	regulondb_3401193_minus	holdout	False
regulondb_3401356_minus	regulondb_3401356_minus	holdout	True
regulondb_3403280_plus	regulondb_3403280_plus	train	False
regulondb_3403425_minus	regulondb_3403425_minus	train	False
regulondb_3403446_plus	regulondb_3403446_plus	train	True
regulondb_3405140_plus	regulondb_3405140_plus	train	True
regulondb_3405172_plus	regulondb_3405172_plus	train	False
regulondb_3407351_plus	regulondb_3407351_plus	train	True
regulondb_3410246_plus	regulondb_3410246_plus	train	True
regulondb_3411617_plus	regulondb_3411617_plus	train	False
regulondb_3412497_plus	regulondb_3412497_plus	holdout	False
regulondb_3413487_minus	regulondb_3413487_minus	train	False
regulondb_3413601_minus	regulondb_3413601_minus	train	False
regulondb_3413602_minus	regulondb_3413601_minus	train	False
regulondb_3413607_minus	regulondb_3413601_minus	train	False
regulondb_3413621_minus	regulondb_3413621_minus	holdout	False
regulondb_3413633_minus	regulondb_3413621_minus	holdout	False
regulondb_3413702_plus	regulondb_3413621_minus	holdout	False
regulondb_3418196_plus	regulondb_3418196_plus	train	False
regulondb_3418972_plus	regulondb_3418972_plus	train	False
regulondb_3423707_minus	regulondb_3423707_minus	train	False
regulondb_3946780_plus	regulondb_3423707_minus	train	False
regulondb_4213120_plus	regulondb_3423707_minus	train	False
regulondb_3429047_minus	regulondb_3429047_minus	train	True
regulondb_3430062_minus	regulondb_3430062_minus	train	False
regulondb_3430088_minus	regulondb_3430088_minus	train	False
regulondb_3433650_plus	regulondb_3433650_plus	train	True
regulondb_3433686_minus	regulondb_3433686_minus	holdout	False
regulondb_3434991_plus	regulondb_3434991_plus	holdout	False
regulondb_3438001_plus	regulondb_3438001_plus	holdout	False
regulondb_3438673_minus	regulondb_3438673_minus	train	True
regulondb_3439168_minus	regulondb_3439168_minus	train	False
regulondb_3439546_minus	regulondb_3439546_minus	train	True
regulondb_3442495_minus	regulondb_3442495_minus	train	False
regulondb_3442565_minus	regulondb_3442565_minus	train	True
regulondb_3448222_minus	regulondb_3448222_minus	train	False
regulondb_3453442_minus	regulondb_3453442_minus	holdout	True
regulondb_3455482_plus	regulondb_3455482_plus	train	False
regulondb_3455495_minus	regulondb_3455495_minus	holdout	False
regulondb_3455527_plus	regulondb_3455495_minus	holdout	True
regulondb_3455531_plus	regulondb_3455495_minus	holdout	False
regulondb_3455510_minus	regulondb_3455510_minus	train	True
regulondb_3455519_minus	regulondb_3455510_minus	train	False
regulondb_3455634_minus	regulondb_3455634_minus	holdout	True
regulondb_3466749_minus	regulondb_3466749_minus	train	True
regulondb_3469896_minus	regulondb_3469896_minus	holdout	True
regulondb_3471583_minus	regulondb_3471583_minus	holdout	True
regulondb_3471724_minus	regulondb_3471724_minus	train	True
regulondb_3473685_minus	regulondb_3473685_minus	train	True
regulondb_3474621_minus	regulondb_3474621_minus	train	False
regulondb_3475109_minus	regulondb_3475109_minus	holdout	False
regulondb_3476506_minus	regulondb_3476506_minus	train	False
regulondb_3476541_minus	regulondb_3476541_minus	train	False
regulondb_3477431_plus	regulondb_3477431_plus	train	False
regulondb_3477499_minus	regulondb_3477499_minus	holdout	False
regulondb_3477525_minus	regulondb_3477525_minus	holdout	True
regulondb_3478528_minus	regulondb_3478528_minus	holdout	False
regulondb_3478540_minus	regulondb_3478528_minus	holdout	False
regulondb_3478699_minus	regulondb_3478699_minus	train	False
regulondb_3478985_minus	regulondb_3478985_minus	holdout	False
regulondb_3484311_plus	regulondb_3484311_plus	train	False
regulondb_3485951_minus	regulondb_3485951_minus	train	True
regulondb_3486025_plus	regulondb_3485951_minus	train	False
regulondb_3486031_plus	regulondb_3485951_minus	train	False
regulondb_3485953_plus	regulondb_3485953_plus	train	True
regulondb_3490221_minus	regulondb_3490221_minus	train	True
regulondb_3490851_minus	regulondb_3490851_minus	train	True
regulondb_3491648_minus	regulondb_3491648_minus	train	True
regulondb_3492335_minus	regulondb_3492335_minus	train	True
regulondb_3492395_minus	regulondb_3492395_minus	train	False
regulondb_3492430_minus	regulondb_3492430_minus	train	False
regulondb_3492449_minus	regulondb_3492430_minus	train	False
regulondb_3492519_plus	regulondb_3492430_minus	train	False
regulondb_3493987_plus	regulondb_3493987_plus	holdout	True
regulondb_3497754_plus	regulondb_3497754_plus	train	True
regulondb_3497793_plus	regulondb_3497793_plus	train	False
regulondb_3499311_plus	regulondb_3499311_plus	train	False
regulondb_3499413_plus	regulondb_3499413_plus	train	False
regulondb_3499433_plus	regulondb_3499433_plus	train	False
regulondb_3499438_plus	regulondb_3499433_plus	train	False
regulondb_3499759_plus	regulondb_3499759_plus	train	False
regulondb_3499770_plus	regulondb_3499759_plus	train	False
regulondb_3499835_plus	regulondb_3499835_plus	train	False
regulondb_3504033_plus	regulondb_3504033_plus	train	True
regulondb_3504043_plus	regulondb_3504033_plus	train	False
regulondb_3511617_minus	regulondb_3511617_minus	train	False
regulondb_3511622_minus	regulondb_3511617_minus	train	False
regulondb_3513697_minus	regulondb_3513697_minus	holdout	True
regulondb_3515153_minus	regulondb_3515153_minus	train	False
regulondb_3515982_minus	regulondb_3515982_minus	train	True
regulondb_3516252_minus	regulondb_3516252_minus	train	True
regulondb_3517600_minus	regulondb_3517600_minus	train	True
regulondb_3519167_minus	regulondb_3519167_minus	holdout	True
regulondb_3519380_minus	regulondb_3519380_minus	train	True
regulondb_3522826_plus	regulondb_3522826_plus	train	False
regulondb_3522928_minus	regulondb_3522928_minus	train	False
regulondb_3526186_minus	regulondb_3526186_minus	holdout	False
regulondb_3526274_plus	regulondb_3526186_minus	holdout	False
regulondb_3526243_minus	regulondb_3526243_minus	holdout	False
regulondb_3526246_minus	regulondb_3526243_minus	holdout	False
regulondb_3526319_plus	regulondb_3526243_minus	holdout	False
regulondb_3526329_minus	regulondb_3526329_minus	holdout	False
regulondb_3526403_plus	regulondb_3526329_minus	holdout	False
regulondb_3526425_plus	regulondb_3526425_plus	train	False
regulondb_3529110_plus	regulondb_3529110_plus	holdout	True
regulondb_3529672_plus	regulondb_3529672_plus	holdout	False
regulondb_3529733_plus	regulondb_3529733_plus	train	False
regulondb_3532485_minus	regulondb_3532485_minus	train	False
regulondb_3532538_minus	regulondb_3532538_minus	train	False
regulondb_3532588_minus	regulondb_3532588_minus	holdout	False
regulondb_3532679_plus	regulondb_3532588_minus	holdout	True
regulondb_3536639_minus	regulondb_3536639_minus	holdout	True
regulondb_3536685_minus	regulondb_3536685_minus	train	True
regulondb_3536707_minus	regulondb_3536685_minus	train	False
regulondb_3536744_plus	regulondb_3536685_minus	train	False
regulondb_3536780_plus	regulondb_3536685_minus	train	False
regulondb_3536755_minus	regulondb_3536755_minus	train	True
regulondb_3537176_plus	regulondb_3537176_plus	train	False
regulondb_3540057_plus	regulondb_3540057_plus	holdout	False
regulondb_3543147_plus	regulondb_3543147_plus	train	False
regulondb_3544667_plus	regulondb_3544667_plus	train	False
regulondb_3544858_minus	regulondb_3544858_minus	train	False
regulondb_3545458_plus	regulondb_3545458_plus	train	True
regulondb_3545596_plus	regulondb_3545596_plus	train	False
regulondb_3546405_plus	regulondb_3546405_plus	holdout	True
regulondb_3546446_plus	regulondb_3546446_plus	train	False
regulondb_3546449_plus	regulondb_3546446_plus	train	False
regulondb_3550399_minus	regulondb_3550399_minus	holdout	True
regulondb_3552510_minus	regulondb_3552510_minus	holdout	True
regulondb_3553024_plus	regulondb_3553024_plus	train	True
regulondb_3556880_minus	regulondb_3556880_minus	train	False
regulondb_3556948_minus	regulondb_3556948_minus	holdout	False
regulondb_3557002_minus	regulondb_3557002_minus	train	False
regulondb_3558107_minus	regulondb_3558107_minus	train	True
regulondb_3560756_minus	regulondb_3560756_minus	train	False
regulondb_3560891_minus	regulondb_3560891_minus	train	False
regulondb_3561480_minus	regulondb_3561480_minus	holdout	False
regulondb_3561849_minus	regulondb_3561849_minus	train	False
regulondb_3561971_plus	regulondb_3561971_plus	train	True
regulondb_3566773_minus	regulondb_3566773_minus	train	False
regulondb_3568392_minus	regulondb_3568392_minus	train	True
regulondb_3569389_minus	regulondb_3569389_minus	train	True
regulondb_3569455_minus	regulondb_3569455_minus	holdout	False
regulondb_3569571_minus	regulondb_3569571_minus	holdout	True
regulondb_3571419_minus	regulondb_3571419_minus	holdout	False
regulondb_3573657_minus	regulondb_3573657_minus	train	True
regulondb_3577085_minus	regulondb_3577085_minus	holdout	False
regulondb_3577645_minus	regulondb_3577645_minus	train	True
regulondb_3578749_minus	regulondb_3578749_minus	train	False
regulondb_3578818_minus	regulondb_3578818_minus	train	True
regulondb_3578862_minus	regulondb_3578862_minus	holdout	False
regulondb_3578880_minus	regulondb_3578880_minus	train	False
regulondb_3580859_minus	regulondb_3580859_minus	train	False
regulondb_3581016_minus	regulondb_3581016_minus	holdout	True
regulondb_3581111_plus	regulondb_3581111_plus	holdout	False
regulondb_3581758_plus	regulondb_3581758_plus	holdout	False
regulondb_3581841_plus	regulondb_3581841_plus	train	False
regulondb_3584720_plus	regulondb_3584720_plus	holdout	False
regulondb_3584734_plus	regulondb_3584734_plus	holdout	False
regulondb_3586729_plus	regulondb_3586729_plus	train	False
regulondb_3586919_plus	regulondb_3586919_plus	train	False
regulondb_3588300_minus	regulondb_3588300_minus	train	False
regulondb_3592378_minus	regulondb_3592378_minus	train	True
regulondb_3592426_minus	regulondb_3592426_minus	train	True
regulondb_3597730_minus	regulondb_3597730_minus	train	False
regulondb_3597755_minus	regulondb_3597755_minus	train	True
regulondb_3597828_plus	regulondb_3597755_minus	train	False
regulondb_3597958_plus	regulondb_3597958_plus	train	True
regulondb_3599762_minus	regulondb_3599762_minus	train	True
regulondb_3600813_minus	regulondb_3600813_minus	train	True
regulondb_3600849_minus	regulondb_3600849_minus	holdout	True
regulondb_3600863_minus	regulondb_3600863_minus	train	True
regulondb_3600870_minus	regulondb_3600863_minus	train	False
regulondb_3601003_minus	regulondb_3601003_minus	train	True
regulondb_3602252_minus	regulondb_3602252_minus	holdout	False
regulondb_3602256_minus	regulondb_3602252_minus	holdout	False
regulondb_3604297_plus	regulondb_3604297_plus	train	False
regulondb_3604315_plus	regulondb_3604315_plus	holdout	False
regulondb_3604352_plus	regulondb_3604352_plus	train	False
regulondb_3605575_plus	regulondb_3605575_plus	train	False
regulondb_3605634_minus	regulondb_3605634_minus	holdout	False
regulondb_3605698_plus	regulondb_3605634_minus	holdout	False
regulondb_3605794_minus	regulondb_3605794_minus	holdout	False
regulondb_3606422_plus	regulondb_3606422_plus	train	True
regulondb_3609020_minus	regulondb_3609020_minus	train	False
regulondb_3609119_plus	regulondb_3609119_plus	train	False
regulondb_3609767_plus	regulondb_3609767_plus	train	False
regulondb_3609780_plus	regulondb_3609780_plus	train	False
regulondb_3609913_plus	regulondb_3609913_plus	holdout	False
regulondb_3609930_plus	regulondb_3609930_plus	train	False
regulondb_3611841_plus	regulondb_3611841_plus	train	False
regulondb_3613439_plus	regulondb_3613439_plus	train	False
regulondb_3613628_plus	regulondb_3613628_plus	train	False
regulondb_3618537_plus	regulondb_3618537_plus	holdout	False
regulondb_3619003_plus	regulondb_3619003_plus	train	False
regulondb_3619044_plus	regulondb_3619044_plus	train	False
regulondb_3619074_plus	regulondb_3619074_plus	train	False
regulondb_3619097_plus	regulondb_3619097_plus	train	False
regulondb_3619113_plus	regulondb_3619113_plus	holdout	False
regulondb_3619178_plus	regulondb_3619178_plus	train	False
regulondb_3624173_plus	regulondb_3624173_plus	train	False
regulondb_3626848_minus	regulondb_3626848_minus	train	False
regulondb_3632595_minus	regulondb_3632595_minus	train	False
regulondb_3634635_plus	regulondb_3634635_plus	train	False
regulondb_3634743_plus	regulondb_3634743_plus	train	False
regulondb_3634783_plus	regulondb_3634783_plus	holdout	False
regulondb_3634817_plus	regulondb_3634817_plus	train	False
regulondb_3637500_minus	regulondb_3637500_minus	train	False
regulondb_3637612_plus	regulondb_3637612_plus	holdout	False
regulondb_3639848_minus	regulondb_3639848_minus	train	True
regulondb_3639983_plus	regulondb_3639983_plus	train	True
regulondb_3639998_plus	regulondb_3639998_plus	train	False
regulondb_3640000_plus	regulondb_3639998_plus	train	False
regulondb_3645238_minus	regulondb_3645238_minus	train	True
regulondb_3645350_plus	regulondb_3645350_plus	holdout	False
regulondb_3646112_plus	regulondb_3646112_plus	holdout	False
regulondb_3647982_minus	regulondb_3647982_minus	train	True
regulondb_3648063_plus	regulondb_3647982_minus	train	False
regulondb_3648294_plus	regulondb_3648294_plus	train	False
regulondb_3648512_plus	regulondb_3648512_plus	holdout	True
regulondb_3653268_minus	regulondb_3653268_minus	holdout	True
regulondb_3653269_minus	regulondb_3653268_minus	holdout	False
regulondb_3653936_plus	regulondb_3653936_plus	holdout	True
regulondb_3656039_minus	regulondb_3656039_minus	train	False
regulondb_3656110_minus	regulondb_3656110_minus	holdout	False
regulondb_3656791_minus	regulondb_3656791_minus	train	True
regulondb_3656960_plus	regulondb_3656960_plus	train	True
regulondb_3657800_plus	regulondb_3657800_plus	train	True
regulondb_3658054_minus	regulondb_3658054_minus	train	False
regulondb_3658062_plus	regulondb_3658062_plus	train	True
regulondb_3658242_plus	regulondb_3658242_plus	holdout	True
regulondb_3658345_plus	regulondb_3658345_plus	train	True
regulondb_3659084_plus	regulondb_3659084_plus	train	False
regulondb_3659140_plus	regulondb_3659140_plus	holdout	False
regulondb_3659145_plus	regulondb_3659140_plus	holdout	False
regulondb_3664651_minus	regulondb_3664651_minus	holdout	False
regulondb_3664781_minus	regulondb_3664781_minus	holdout	False
regulondb_3664864_plus	regulondb_3664781_minus	holdout	True
regulondb_3665839_minus	regulondb_3665839_minus	train	True
regulondb_3667607_minus	regulondb_3667607_minus	train	True
regulondb_3669261_minus	regulondb_3669261_minus	holdout	True
regulondb_3669551_plus	regulondb_3669551_plus	train	True
regulondb_3672045_minus	regulondb_3672045_minus	holdout	False
regulondb_3672136_plus	regulondb_3672045_minus	holdout	False
regulondb_3673330_plus	regulondb_3673330_plus	train	False
regulondb_3674637_plus	regulondb_3674637_plus	train	False
regulondb_3674757_plus	regulondb_3674757_plus	train	False
regulondb_3678412_minus	regulondb_3678412_minus	holdout	True
regulondb_3679229_minus	regulondb_3679229_minus	train	False
regulondb_3682016_minus	regulondb_3682016_minus	holdout	True
regulondb_3683498_minus	regulondb_3683498_minus	holdout	True
regulondb_3685648_minus	regulondb_3685648_minus	holdout	False
regulondb_3692673_minus	regulondb_3692673_minus	holdout	False
regulondb_3696215_minus	regulondb_3696215_minus	train	False
regulondb_3696283_minus	regulondb_3696283_minus	train	False
regulondb_3696322_plus	regulondb_3696283_minus	train	False
regulondb_3696356_minus	regulondb_3696356_minus	train	False
regulondb_3696364_minus	regulondb_3696356_minus	train	True
regulondb_3696367_minus	regulondb_3696356_minus	train	False
regulondb_3696375_minus	regulondb_3696356_minus	train	False
regulondb_3696395_plus	regulondb_3696356_minus	train	False
regulondb_3696443_plus	regulondb_3696356_minus	train	False
regulondb_3700136_plus	regulondb_3700136_plus	train	True
regulondb_3700272_minus	regulondb_3700272_minus	train	False
regulondb_3700398_plus	regulondb_3700398_plus	train	False
regulondb_3707870_minus	regulondb_3707870_minus	holdout	True
regulondb_3708694_minus	regulondb_3708694_minus	train	False
regulondb_3710581_minus	regulondb_3710581_minus	train	True
regulondb_3712043_minus	regulondb_3712043_minus	train	True
regulondb_3712060_minus	regulondb_3712060_minus	train	False
regulondb_3712097_minus	regulondb_3712097_minus	train	False
regulondb_3712983_minus	regulondb_3712983_minus	train	False
regulondb_3716356_plus	regulondb_3716356_plus	train	False
regulondb_3716415_minus	regulondb_3716415_minus	train	False
regulondb_3716479_plus	regulondb_3716415_minus	train	False
regulondb_3716484_minus	regulondb_3716484_minus	train	False
regulondb_3716486_minus	regulondb_3716484_minus	train	False
regulondb_3716513_minus	regulondb_3716513_minus	train	False
regulondb_3717189_plus	regulondb_3717189_plus	holdout	False
regulondb_3719097_minus	regulondb_3719097_minus	train	False
regulondb_3719431_plus	regulondb_3719431_plus	train	True
regulondb_3719889_plus	regulondb_3719889_plus	holdout	True
regulondb_3719940_plus	regulondb_3719940_plus	train	True
regulondb_3720594_plus	regulondb_3720594_plus	train	False
regulondb_3720810_minus	regulondb_3720810_minus	train	False
regulondb_3721065_plus	regulondb_3721065_plus	holdout	False
regulondb_3724495_minus	regulondb_3724495_minus	train	False
regulondb_3725354_minus	regulondb_3725354_minus	holdout	True
regulondb_3725902_minus	regulondb_3725902_minus	holdout	False
regulondb_3727767_minus	regulondb_3727767_minus	train	False
regulondb_3727797_minus	regulondb_3727797_minus	train	False
regulondb_3727827_minus	regulondb_3727827_minus	train	False
regulondb_3730807_minus	regulondb_3730807_minus	train	False
regulondb_3731069_plus	regulondb_3731069_plus	train	False
regulondb_3734906_plus	regulondb_3734906_plus	train	False
regulondb_3737221_minus	regulondb_3737221_minus	holdout	False
regulondb_3737234_minus	regulondb_3737234_minus	train	False
regulondb_3737470_plus	regulondb_3737470_plus	train	True
regulondb_3739674_plus	regulondb_3739674_plus	holdout	False
regulondb_3742618_minus	regulondb_3742618_minus	train	True
regulondb_3742674_plus	regulondb_3742618_minus	train	False
regulondb_3742720_plus	regulondb_3742720_plus	holdout	True
regulondb_3751875_minus	regulondb_3751875_minus	train	False
regulondb_3751896_plus	regulondb_3751896_plus	train	False
regulondb_3751905_minus	regulondb_3751905_minus	train	False
regulondb_3751975_plus	regulondb_3751905_minus	train	False
regulondb_3751986_plus	regulondb_3751905_minus	train	False
regulondb_3751960_minus	regulondb_3751960_minus	train	False
regulondb_3751962_minus	regulondb_3751960_minus	train	False
regulondb_3756535_minus	regulondb_3756535_minus	holdout	True
regulondb_3757878_minus	regulondb_3757878_minus	train	False
regulondb_3757880_minus	regulondb_3757878_minus	train	False
regulondb_3757928_minus	regulondb_3757928_minus	train	False
regulondb_3759925_minus	regulondb_3759925_minus	holdout	False
regulondb_3761297_minus	regulondb_3761297_minus	train	False
regulondb_3761975_minus	regulondb_3761975_minus	train	False
regulondb_3768064_plus	regulondb_3768064_plus	holdout	False
regulondb_3772188_plus	regulondb_3772188_plus	holdout	False
regulondb_3776420_minus	regulondb_3776420_minus	train	False
regulondb_3776424_minus	regulondb_3776420_minus	train	False
regulondb_3776597_plus	regulondb_3776597_plus	train	False
regulondb_3777289_plus	regulondb_3777289_plus	train	True
regulondb_3782681_minus	regulondb_3782681_minus	train	False
regulondb_3783681_minus	regulondb_3783681_minus	train	False
regulondb_3783810_minus	regulondb_3783810_minus	train	False
regulondb_3784203_minus	regulondb_3784203_minus	train	True
regulondb_3784576_minus	regulondb_3784576_minus	holdout	False
regulondb_3785056_minus	regulondb_3785056_minus	train	False
regulondb_3785187_plus	regulondb_3785187_plus	holdout	True
regulondb_3785195_minus	regulondb_3785195_minus	train	True
regulondb_3785235_plus	regulondb_3785195_minus	train	False
regulondb_3790149_minus	regulondb_3790149_minus	train	False
regulondb_3792577_minus	regulondb_3792577_minus	train	True
regulondb_3793729_minus	regulondb_3793729_minus	train	False
regulondb_3793730_minus	regulondb_3793729_minus	train	False
regulondb_3793834_minus	regulondb_3793834_minus	train	False
regulondb_3793896_plus	regulondb_3793834_minus	train	False
regulondb_3793865_plus	regulondb_3793865_plus	holdout	True
regulondb_3793939_plus	regulondb_3793939_plus	train	True
regulondb_3793970_plus	regulondb_3793970_plus	train	True
regulondb_3799398_minus	regulondb_3799398_minus	train	False
regulondb_3799424_minus	regulondb_3799424_minus	train	False
regulondb_3799496_minus	regulondb_3799496_minus	train	False
regulondb_3799498_minus	regulondb_3799496_minus	train	False
regulondb_3801136_minus	regulondb_3801136_minus	train	True
regulondb_3808180_minus	regulondb_3808180_minus	train	False
regulondb_3808256_plus	regulondb_3808180_minus	train	True
regulondb_3808238_minus	regulondb_3808238_minus	holdout	True
regulondb_3808516_plus	regulondb_3808516_plus	holdout	True
regulondb_3811175_minus	regulondb_3811175_minus	train	True
regulondb_3811277_minus	regulondb_3811277_minus	train	False
regulondb_3811995_minus	regulondb_3811995_minus	holdout	False
regulondb_3812577_minus	regulondb_3812577_minus	train	False
regulondb_3812703_plus	regulondb_3812703_plus	train	False
regulondb_3813852_plus	regulondb_3813852_plus	holdout	False
regulondb_3815985_minus	regulondb_3815985_minus	train	False
regulondb_3816580_minus	regulondb_3816580_minus	train	False
regulondb_3816645_plus	regulondb_3816580_minus	train	False
regulondb_3817699_plus	regulondb_3817699_plus	holdout	False
regulondb_3821256_minus	regulondb_3821256_minus	train	False
regulondb_3821288_minus	regulondb_3821288_minus	train	False
regulondb_3821388_plus	regulondb_3821388_plus	train	True
regulondb_3822077_plus	regulondb_3822077_plus	train	True
regulondb_3828691_minus	regulondb_3828691_minus	train	False
regulondb_3828821_plus	regulondb_3828821_plus	train	False
regulondb_3828919_plus	regulondb_3828919_plus	train	False
regulondb_3830431_plus	regulondb_3830431_plus	train	False
regulondb_3836198_plus	regulondb_3836198_plus	train	False
regulondb_3836664_minus	regulondb_3836664_minus	train	True
regulondb_3836744_plus	regulondb_3836664_minus	train	False
regulondb_3836768_plus	regulondb_3836768_plus	train	False
regulondb_3836838_plus	regulondb_3836838_plus	holdout	False
regulondb_3836877_plus	regulondb_3836877_plus	train	False
regulondb_3840017_minus	regulondb_3840017_minus	train	False
regulondb_3841771_minus	regulondb_3841771_minus	holdout	False
regulondb_3842509_minus	regulondb_3842509_minus	train	False
regulondb_3843819_minus	regulondb_3843819_minus	train	False
regulondb_3843901_plus	regulondb_3843819_minus	train	False
regulondb_3843910_plus	regulondb_3843819_minus	train	True
regulondb_3843880_minus	regulondb_3843880_minus	holdout	False
regulondb_3843930_plus	regulondb_3843880_minus	holdout	False
regulondb_3843921_minus	regulondb_3843921_minus	train	False
regulondb_3843957_minus	regulondb_3843957_minus	holdout	False
regulondb_3847198_minus	regulondb_3847198_minus	train	True
regulondb_3850294_minus	regulondb_3850294_minus	train	False
regulondb_3853023_minus	regulondb_3853023_minus	train	True
regulondb_3853192_minus	regulondb_3853192_minus	train	True
regulondb_3853257_minus	regulondb_3853257_minus	train	True
regulondb_3853337_plus	regulondb_3853257_minus	train	False
regulondb_3853845_plus	regulondb_3853845_plus	train	False
regulondb_3855790_minus	regulondb_3855790_minus	train	False
regulondb_3860253_plus	regulondb_3860253_plus	train	False
regulondb_3866390_minus	regulondb_3866390_minus	train	False
regulondb_3866981_minus	regulondb_3866981_minus	holdout	True
regulondb_3867518_minus	regulondb_3867518_minus	holdout	True
regulondb_3867544_plus	regulondb_3867544_plus	train	True
regulondb_3869314_plus	regulondb_3869314_plus	train	False
regulondb_3869412_minus	regulondb_3869412_minus	train	False
regulondb_3875185_minus	regulondb_3875185_minus	train	True
regulondb_3877615_minus	regulondb_3877615_minus	train	False
regulondb_3880150_minus	regulondb_3880150_minus	train	True
regulondb_3881841_minus	regulondb_3881841_minus	train	False
regulondb_3881861_minus	regulondb_3881861_minus	train	False
regulondb_3882348_minus	regulondb_3882348_minus	train	True
regulondb_3882562_minus	regulondb_3882562_minus	holdout	True
regulondb_3882590_minus	regulondb_3882590_minus	holdout	True
regulondb_3882733_minus	regulondb_3882733_minus	holdout	True
regulondb_3883882_minus	regulondb_3883882_minus	holdout	True
regulondb_3883961_minus	regulondb_3883961_minus	train	False
regulondb_3884065_plus	regulondb_3884065_plus	train	False
regulondb_3884111_plus	regulondb_3884111_plus	train	False
regulondb_3884237_plus	regulondb_3884237_plus	holdout	False
regulondb_3888411_plus	regulondb_3888411_plus	train	True
regulondb_3893829_plus	regulondb_3893829_plus	holdout	True
regulondb_3896657_plus	regulondb_3896657_plus	train	False
regulondb_3896762_plus	regulondb_3896762_plus	train	False
regulondb_3897479_plus	regulondb_3897479_plus	holdout	False
regulondb_3899399_minus	regulondb_3899399_minus	holdout	False
regulondb_3899464_minus	regulondb_3899464_minus	train	False
regulondb_3906697_minus	regulondb_3906697_minus	train	False
regulondb_3906717_minus	regulondb_3906717_minus	train	False
regulondb_3907646_minus	regulondb_3907646_minus	train	False
regulondb_3907665_minus	regulondb_3907665_minus	train	True
regulondb_3908447_minus	regulondb_3908447_minus	holdout	False
regulondb_3908556_minus	regulondb_3908556_minus	holdout	True
regulondb_3910542_minus	regulondb_3910542_minus	holdout	True
regulondb_3911568_minus	regulondb_3911568_minus	train	True
regulondb_3913811_minus	regulondb_3913811_minus	train	False
regulondb_3915223_minus	regulondb_3915223_minus	holdout	True
regulondb_3915326_minus	regulondb_3915326_minus	train	True
regulondb_3916059_minus	regulondb_3916059_minus	train	False
regulondb_3922134_minus	regulondb_3922134_minus	train	False
regulondb_3922270_minus	regulondb_3922270_minus	train	False
regulondb_3922525_minus	regulondb_3922525_minus	train	True
regulondb_3923756_minus	regulondb_3923756_minus	train	False
regulondb_3925674_minus	regulondb_3925674_minus	train	True
regulondb_3926475_minus	regulondb_3926475_minus	holdout	False
regulondb_3927031_minus	regulondb_3927031_minus	train	True
regulondb_3927129_plus	regulondb_3927129_plus	train	True
regulondb_3931103_plus	regulondb_3931103_plus	train	False
regulondb_3931128_minus	regulondb_3931128_minus	train	True
regulondb_3931181_plus	regulondb_3931128_minus	train	False
regulondb_3931265_plus	regulondb_3931265_plus	train	False
regulondb_3933322_plus	regulondb_3933322_plus	train	True
regulondb_3940643_minus	regulondb_3940643_minus	train	False
regulondb_3940706_minus	regulondb_3940706_minus	train	False
regulondb_3948021_minus	regulondb_3948021_minus	train	False
regulondb_3948160_minus	regulondb_3948160_minus	train	False
regulondb_3949984_minus	regulondb_3949984_minus	holdout	False
regulondb_3950027_minus	regulondb_3950027_minus	holdout	False
regulondb_3950175_minus	regulondb_3950175_minus	train	False
regulondb_3950218_plus	regulondb_3950175_minus	train	True
regulondb_3950290_plus	regulondb_3950290_plus	train	True
regulondb_3952388_plus	regulondb_3952388_plus	train	False
regulondb_3955235_plus	regulondb_3955235_plus	holdout	False
regulondb_3957867_minus	regulondb_3957867_minus	holdout	True
regulondb_3957912_plus	regulondb_3957867_minus	holdout	False
regulondb_3959841_minus	regulondb_3959841_minus	holdout	False
regulondb_3960647_plus	regulondb_3960647_plus	holdout	True
regulondb_3965647_plus	regulondb_3965647_plus	train	True
regulondb_3965650_plus	regulondb_3965647_plus	train	False
regulondb_3965687_plus	regulondb_3965687_plus	train	True
regulondb_3966162_plus	regulondb_3966162_plus	train	False
regulondb_3967800_plus	regulondb_3967800_plus	holdout	False
regulondb_3982364_plus	regulondb_3982364_plus	holdout	True
regulondb_3982781_plus	regulondb_3982781_plus	train	False
regulondb_3986432_plus	regulondb_3986432_plus	train	True
regulondb_3990774_plus	regulondb_3990774_plus	holdout	True
regulondb_3990790_plus	regulondb_3990790_plus	holdout	False
regulondb_3990999_plus	regulondb_3990999_plus	holdout	True
regulondb_3994083_minus	regulondb_3994083_minus	train	True
regulondb_3994492_plus	regulondb_3994492_plus	train	True
regulondb_3997907_plus	regulondb_3997907_plus	train	True
regulondb_3997971_plus	regulondb_3997971_plus	holdout	False
regulondb_4001194_plus	regulondb_4001194_plus	train	False
regulondb_4002842_minus	regulondb_4002842_minus	train	False
regulondb_4002875_minus	regulondb_4002875_minus	train	False
regulondb_4004227_minus	regulondb_4004227_minus	train	False
regulondb_4004231_minus	regulondb_4004227_minus	train	False
regulondb_4004241_minus	regulondb_4004227_minus	train	False
regulondb_4004258_minus	regulondb_4004258_minus	train	False
regulondb_4004297_minus	regulondb_4004297_minus	train	False
regulondb_4004724_minus	regulondb_4004724_minus	train	False
regulondb_4004814_plus	regulondb_4004724_minus	train	False
regulondb_4005833_plus	regulondb_4005833_plus	train	False
regulondb_4005836_plus	regulondb_4005833_plus	train	False
regulondb_4005858_plus	regulondb_4005858_plus	train	False
regulondb_4007739_plus	regulondb_4007739_plus	train	False
regulondb_4009014_plus	regulondb_4009014_plus	holdout	False
regulondb_4009023_plus	regulondb_4009014_plus	holdout	False
regulondb_4011050_plus	regulondb_4011050_plus	train	False
regulondb_4012837_minus	regulondb_4012837_minus	train	False
regulondb_4012884_plus	regulondb_4012837_minus	train	False
regulondb_4012855_minus	regulondb_4012855_minus	train	False
regulondb_4016343_minus	regulondb_4016343_minus	holdout	False
regulondb_4016391_plus	regulondb_4016343_minus	holdout	True
regulondb_4018747_plus	regulondb_4018747_plus	train	False
regulondb_4018751_plus	regulondb_4018747_plus	train	False
regulondb_4019978_plus	regulondb_4019978_plus	train	True
regulondb_4021909_plus	regulondb_4021909_plus	train	True
regulondb_4024809_plus	regulondb_4024809_plus	train	False
regulondb_4024873_minus	regulondb_4024873_minus	train	False
regulondb_4024965_minus	regulondb_4024965_minus	train	False
regulondb_4024970_plus	regulondb_4024970_plus	train	False
regulondb_4026443_plus	regulondb_4026443_plus	holdout	False
regulondb_4026485_plus	regulondb_4026485_plus	train	False
regulondb_4031013_minus	regulondb_4031013_minus	holdout	True
regulondb_4031147_plus	regulondb_4031147_plus	train	False
regulondb_4042030_minus	regulondb_4042030_minus	train	False
regulondb_4042049_plus	regulondb_4042049_plus	train	False
regulondb_4042121_minus	regulondb_4042121_minus	holdout	False
regulondb_4042391_plus	regulondb_4042391_plus	holdout	True
regulondb_4043377_plus	regulondb_4043377_plus	train	True
regulondb_4044055_plus	regulondb_4044055_plus	train	False
regulondb_4044131_plus	regulondb_4044131_plus	train	False
regulondb_4044175_plus	regulondb_4044175_plus	train	False
regulondb_4046652_minus	regulondb_4046652_minus	train	True
regulondb_4046940_plus	regulondb_4046940_plus	holdout	False
regulondb_4049899_plus	regulondb_4049899_plus	holdout	True
regulondb_4050985_minus	regulondb_4050985_minus	train	False
regulondb_4051036_plus	regulondb_4050985_minus	train	False
regulondb_4051308_plus	regulondb_4051308_plus	train	True
regulondb_4051943_plus	regulondb_4051943_plus	train	True
regulondb_4056371_minus	regulondb_4056371_minus	train	True
regulondb_4058107_minus	regulondb_4058107_minus	train	True
regulondb_4058222_minus	regulondb_4058222_minus	train	True
regulondb_4058230_plus	regulondb_4058230_plus	train	False
regulondb_4058380_plus	regulondb_4058380_plus	holdout	True
regulondb_4060253_plus	regulondb_4060253_plus	train	False
regulondb_4060372_plus	regulondb_4060372_plus	train	False
regulondb_4060419_plus	regulondb_4060419_plus	train	True
regulondb_4060423_plus	regulondb_4060419_plus	train	False
regulondb_4062166_plus	regulondb_4062166_plus	train	False
regulondb_4064479_minus	regulondb_4064479_minus	train	False
regulondb_4065971_minus	regulondb_4065971_minus	train	False
regulondb_4069363_minus	regulondb_4069363_minus	train	False
regulondb_4069433_minus	regulondb_4069433_minus	holdout	False
regulondb_4069446_minus	regulondb_4069446_minus	train	False
regulondb_4073532_plus	regulondb_4073532_plus	train	False
regulondb_4073586_minus	regulondb_4073586_minus	holdout	True
regulondb_4073596_minus	regulondb_4073586_minus	holdout	False
regulondb_4073606_minus	regulondb_4073586_minus	holdout	False
regulondb_4073661_plus	regulondb_4073586_minus	holdout	False
regulondb_4073634_minus	regulondb_4073634_minus	train	True
regulondb_4073712_plus	regulondb_4073634_minus	train	False
regulondb_4073663_minus	regulondb_4073663_minus	train	True
regulondb_4074641_plus	regulondb_4074641_plus	train	True
regulondb_4075548_plus	regulondb_4075548_plus	holdout	False
regulondb_4079096_plus	regulondb_4079096_plus	train	False
regulondb_4079180_plus	regulondb_4079180_plus	train	False
regulondb_4079562_plus	regulondb_4079562_plus	holdout	False
regulondb_4079597_plus	regulondb_4079597_plus	train	False
regulondb_4081361_minus	regulondb_4081361_minus	train	True
regulondb_4086881_plus	regulondb_4086881_plus	holdout	False
regulondb_4086886_plus	regulondb_4086881_plus	holdout	False
regulondb_4089902_minus	regulondb_4089902_minus	train	False
regulondb_4094385_minus	regulondb_4094385_minus	train	False
regulondb_4097472_minus	regulondb_4097472_minus	train	True
regulondb_4097711_plus	regulondb_4097711_plus	train	True
regulondb_4100566_minus	regulondb_4100566_minus	holdout	True
regulondb_4100759_plus	regulondb_4100759_plus	train	True
regulondb_4102753_plus	regulondb_4102753_plus	holdout	False
regulondb_4102784_plus	regulondb_4102784_plus	train	False
regulondb_4105101_minus	regulondb_4105101_minus	train	False
regulondb_4105686_minus	regulondb_4105686_minus	holdout	False
regulondb_4105785_plus	regulondb_4105785_plus	train	True
regulondb_4106432_plus	regulondb_4106432_plus	holdout	False
regulondb_4106449_plus	regulondb_4106449_plus	train	True
regulondb_4107474_plus	regulondb_4107474_plus	holdout	True
regulondb_4107522_plus	regulondb_4107522_plus	train	True
regulondb_4109907_plus	regulondb_4109907_plus	train	False
regulondb_4111524_minus	regulondb_4111524_minus	train	False
regulondb_4111569_minus	regulondb_4111569_minus	train	True
regulondb_4112312_minus	regulondb_4112312_minus	holdout	False
regulondb_4112869_plus	regulondb_4112869_plus	train	True
regulondb_4114499_minus	regulondb_4114499_minus	train	False
regulondb_4115606_minus	regulondb_4115606_minus	holdout	False
regulondb_4118161_minus	regulondb_4118161_minus	holdout	True
regulondb_4118386_plus	regulondb_4118386_plus	holdout	False
regulondb_4119358_minus	regulondb_4119358_minus	holdout	True
regulondb_4120398_minus	regulondb_4120398_minus	train	False
regulondb_4120406_minus	regulondb_4120398_minus	train	True
regulondb_4122354_minus	regulondb_4122354_minus	train	True
regulondb_4124509_minus	regulondb_4124509_minus	holdout	True
regulondb_4126854_plus	regulondb_4126854_plus	train	False
regulondb_4126908_plus	regulondb_4126908_plus	train	True
regulondb_4128466_minus	regulondb_4128466_minus	train	True
regulondb_4128529_minus	regulondb_4128529_minus	train	True
regulondb_4128558_minus	regulondb_4128558_minus	train	False
regulondb_4128636_plus	regulondb_4128558_minus	train	True
regulondb_4132546_plus	regulondb_4132546_plus	holdout	True
regulondb_4133812_plus	regulondb_4133812_plus	train	True
regulondb_4136089_plus	regulondb_4136089_plus	train	False
regulondb_4137864_minus	regulondb_4137864_minus	train	False
regulondb_4139046_minus	regulondb_4139046_minus	train	False
regulondb_4143858_plus	regulondb_4143858_plus	holdout	False
regulondb_4143880_plus	regulondb_4143880_plus	holdout	False
regulondb_4143953_plus	regulondb_4143953_plus	train	False
regulondb_4148429_minus	regulondb_4148429_minus	train	False
regulondb_4150311_minus	regulondb_4150311_minus	holdout	False
regulondb_4153190_minus	regulondb_4153190_minus	holdout	False
regulondb_4154885_plus	regulondb_4154885_plus	holdout	True
regulondb_4154897_minus	regulondb_4154897_minus	train	True
regulondb_4155078_minus	regulondb_4155078_minus	train	False
regulondb_4158394_minus	regulondb_4158394_minus	train	False
regulondb_4158457_plus	regulondb_4158394_minus	train	True
regulondb_4160802_minus	regulondb_4160802_minus	train	False
regulondb_4163295_minus	regulondb_4163295_minus	holdout	True
regulondb_4163399_plus	regulondb_4163399_plus	train	True
regulondb_4175107_minus	regulondb_4175107_minus	train	False
regulondb_4175381_plus	regulondb_4175381_plus	train	False
regulondb_4177177_plus	regulondb_4177177_plus	train	False
regulondb_4178354_plus	regulondb_4178354_plus	train	False
regulondb_4179623_plus	regulondb_4179623_plus	train	False
regulondb_4181063_plus	regulondb_4181063_plus	train	False
regulondb_4189753_plus	regulondb_4189753_plus	train	True
regulondb_4190487_minus	regulondb_4190487_minus	train	False
regulondb_4196281_minus	regulondb_4196281_minus	holdout	False
regulondb_4196714_plus	regulondb_4196714_plus	train	False
regulondb_4196719_plus	regulondb_4196714_plus	train	False
regulondb_4196859_minus	regulondb_4196859_minus	train	True
regulondb_4196954_minus	regulondb_4196954_minus	train	True
regulondb_4199373_plus	regulondb_4199373_plus	train	False
regulondb_4200176_plus	regulondb_4200176_plus	holdout	False
regulondb_4200511_plus	regulondb_4200511_plus	train	False
regulondb_4201712_minus	regulondb_4201712_minus	train	False
regulondb_4201905_plus	regulondb_4201905_plus	train	False
regulondb_4205986_minus	regulondb_4205986_minus	holdout	False
regulondb_4207627_minus	regulondb_4207627_minus	train	True
regulondb_4207863_plus	regulondb_4207863_plus	train	False
regulondb_4213224_plus	regulondb_4213224_plus	train	False
regulondb_4214156_minus	regulondb_4214156_minus	holdout	False
regulondb_4214233_plus	regulondb_4214156_minus	holdout	True
regulondb_4214159_plus	regulondb_4214159_plus	train	True
regulondb_4215402_plus	regulondb_4215402_plus	holdout	True
regulondb_4222513_minus	regulondb_4222513_minus	train	False
regulondb_4222629_minus	regulondb_4222629_minus	holdout	False
regulondb_4222691_minus	regulondb_4222691_minus	holdout	False
regulondb_4223505_plus	regulondb_4223505_plus	holdout	True
regulondb_4223652_minus	regulondb_4223652_minus	train	False
regulondb_4223783_plus	regulondb_4223783_plus	train	False
regulondb_4227602_plus	regulondb_4227602_plus	train	False
regulondb_4230162_plus	regulondb_4230162_plus	train	False
regulondb_4230309_plus	regulondb_4230309_plus	train	False
regulondb_4233539_minus	regulondb_4233539_minus	train	True
regulondb_4233616_minus	regulondb_4233616_minus	train	True
regulondb_4233722_plus	regulondb_4233722_plus	train	True
regulondb_4235858_plus	regulondb_4235858_plus	train	True
regulondb_4235872_plus	regulondb_4235872_plus	train	True
regulondb_4240300_plus	regulondb_4240300_plus	train	True
regulondb_4242260_minus	regulondb_4242260_minus	train	False
regulondb_4242270_minus	regulondb_4242260_minus	train	False
regulondb_4242291_minus	regulondb_4242291_minus	train	False
regulondb_4246464_minus	regulondb_4246464_minus	holdout	True
regulondb_4246736_plus	regulondb_4246736_plus	train	False
regulondb_4252443_plus	regulondb_4252443_plus	train	False
regulondb_4256457_plus	regulondb_4256457_plus	train	False
regulondb_4256502_minus	regulondb_4256502_minus	train	False
regulondb_4256598_minus	regulondb_4256598_minus	train	True
regulondb_4256608_plus	regulondb_4256608_plus	train	False
regulondb_4257087_plus	regulondb_4257087_plus	train	True
regulondb_4260114_minus	regulondb_4260114_minus	train	False
regulondb_4260159_plus	regulondb_4260114_minus	train	False
regulondb_4260141_minus	regulondb_4260141_minus	train	False
regulondb_4261600_plus	regulondb_4261600_plus	holdout	False
regulondb_4261658_plus	regulondb_4261658_plus	holdout	False
regulondb_4262816_plus	regulondb_4262816_plus	train	True
regulondb_4264283_plus	regulondb_4264283_plus	holdout	False
regulondb_4264304_minus	regulondb_4264304_minus	train	False
regulondb_4265589_plus	regulondb_4265589_plus	train	False
regulondb_4265652_plus	regulondb_4265652_plus	train	False
regulondb_4267082_plus	regulondb_4267082_plus	train	True
regulondb_4270214_plus	regulondb_4270214_plus	train	False
regulondb_4273936_minus	regulondb_4273936_minus	holdout	True
regulondb_4274011_plus	regulondb_4273936_minus	holdout	False
regulondb_4274080_plus	regulondb_4274080_plus	train	True
regulondb_4274092_plus	regulondb_4274080_plus	train	False
regulondb_4275164_minus	regulondb_4275164_minus	train	False
regulondb_4275418_plus	regulondb_4275418_plus	holdout	True
regulondb_4277423_minus	regulondb_4277423_minus	holdout	True
regulondb_4277447_plus	regulondb_4277447_plus	train	True
regulondb_4278066_minus	regulondb_4278066_minus	train	True
regulondb_4278314_plus	regulondb_4278314_plus	train	False
regulondb_4278318_plus	regulondb_4278314_plus	train	False
regulondb_4278321_plus	regulondb_4278314_plus	train	False
regulondb_4278466_plus	regulondb_4278466_plus	train	False
regulondb_4279829_plus	regulondb_4279829_plus	holdout	False
regulondb_4279835_plus	regulondb_4279829_plus	holdout	False
regulondb_4283106_minus	regulondb_4283106_minus	holdout	False
regulondb_4284935_minus	regulondb_4284935_minus	train	False
regulondb_4287391_minus	regulondb_4287391_minus	holdout	True
regulondb_4287595_minus	regulondb_4287595_minus	holdout	False
regulondb_4287671_plus	regulondb_4287595_minus	holdout	True
regulondb_4294268_plus	regulondb_4294268_plus	train	False
regulondb_4294307_plus	regulondb_4294307_plus	train	False
regulondb_4294378_plus	regulondb_4294378_plus	holdout	False
regulondb_4297134_minus	regulondb_4297134_minus	holdout	False
regulondb_4297151_minus	regulondb_4297151_minus	train	False
regulondb_4297222_minus	regulondb_4297222_minus	holdout	False
regulondb_4297330_minus	regulondb_4297330_minus	train	False
regulondb_4299407_minus	regulondb_4299407_minus	train	True
regulondb_4301236_minus	regulondb_4301236_minus	train	False
regulondb_4307995_minus	regulondb_4307995_minus	holdout	False
regulondb_4308664_minus	regulondb_4308664_minus	train	False
regulondb_4308667_minus	regulondb_4308664_minus	train	False
regulondb_4313132_minus	regulondb_4313132_minus	train	True
regulondb_4313137_minus	regulondb_4313132_minus	train	False
regulondb_4313257_plus	regulondb_4313257_plus	train	True
regulondb_4325206_minus	regulondb_4325206_minus	train	True
regulondb_4326836_minus	regulondb_4326836_minus	train	False
regulondb_4327064_plus	regulondb_4327064_plus	train	False
regulondb_4327079_plus	regulondb_4327079_plus	train	False
regulondb_4330320_plus	regulondb_4330320_plus	holdout	True
regulondb_4330407_plus	regulondb_4330407_plus	train	True
regulondb_4333477_minus	regulondb_4333477_minus	train	False
regulondb_4337202_minus	regulondb_4337202_minus	train	False
regulondb_4338042_minus	regulondb_4338042_minus	holdout	False
regulondb_4340556_minus	regulondb_4340556_minus	train	True
regulondb_4341650_minus	regulondb_4341650_minus	train	True
regulondb_4341887_plus	regulondb_4341887_plus	train	True
regulondb_4347348_minus	regulondb_4347348_minus	holdout	False
regulondb_4348764_minus	regulondb_4348764_minus	train	True
regulondb_4349091_minus	regulondb_4349091_minus	train	False
regulondb_4350565_minus	regulondb_4350565_minus	train	True
regulondb_4351685_minus	regulondb_4351685_minus	train	True
regulondb_4352390_plus	regulondb_4352390_plus	train	False
regulondb_4352549_plus	regulondb_4352549_plus	holdout	False
regulondb_4354797_minus	regulondb_4354797_minus	train	False
regulondb_4354805_minus	regulondb_4354797_minus	train	True
regulondb_4356413_minus	regulondb_4356413_minus	train	False
regulondb_4356462_minus	regulondb_4356462_minus	train	False
regulondb_4356507_minus	regulondb_4356507_minus	train	False
regulondb_4356517_minus	regulondb_4356507_minus	train	False
regulondb_4360106_minus	regulondb_4360106_minus	train	True
regulondb_4361963_minus	regulondb_4361963_minus	train	True
regulondb_4362627_minus	regulondb_4362627_minus	holdout	False
regulondb_4363330_minus	regulondb_4363330_minus	holdout	False
regulondb_4365392_minus	regulondb_4365392_minus	train	True
regulondb_4366843_minus	regulondb_4366843_minus	train	True
regulondb_4366951_minus	regulondb_4366951_minus	train	False
regulondb_4368432_minus	regulondb_4368432_minus	train	True
regulondb_4368603_plus	regulondb_4368603_plus	holdout	True
regulondb_4370616_plus	regulondb_4370616_plus	holdout	True
regulondb_4370783_plus	regulondb_4370783_plus	train	False
regulondb_4370873_plus	regulondb_4370873_plus	train	False
regulondb_4370976_plus	regulondb_4370976_plus	train	False
regulondb_4372761_plus	regulondb_4372761_plus	train	False
regulondb_4374369_minus	regulondb_4374369_minus	train	False
regulondb_4374403_minus	regulondb_4374403_minus	train	False
regulondb_4375567_plus	regulondb_4375567_plus	train	False
regulondb_4375703_minus	regulondb_4375703_minus	train	False
regulondb_4376509_plus	regulondb_4376509_plus	train	True
regulondb_4376794_plus	regulondb_4376794_plus	train	False
regulondb_4377745_minus	regulondb_4377745_minus	train	True
regulondb_4379003_minus	regulondb_4379003_minus	holdout	True
regulondb_4379433_minus	regulondb_4379433_minus	holdout	False
regulondb_4379473_minus	regulondb_4379473_minus	train	False
regulondb_4379474_minus	regulondb_4379473_minus	train	False
regulondb_4382412_minus	regulondb_4382412_minus	train	True
regulondb_4382618_plus	regulondb_4382618_plus	holdout	False
regulondb_4390638_minus	regulondb_4390638_minus	train	True
regulondb_4391566_minus	regulondb_4391566_minus	train	False
regulondb_4391584_plus	regulondb_4391584_plus	train	False
regulondb_4392313_plus	regulondb_4392313_plus	holdout	False
regulondb_4392736_plus	regulondb_4392736_plus	train	True
regulondb_4393677_plus	regulondb_4393677_plus	holdout	True
regulondb_4393937_plus	regulondb_4393937_plus	train	True
regulondb_4394035_plus	regulondb_4394035_plus	train	True
regulondb_4394092_minus	regulondb_4394092_minus	holdout	False
regulondb_4397046_plus	regulondb_4397046_plus	holdout	True
regulondb_4397100_plus	regulondb_4397100_plus	train	True
regulondb_4398982_plus	regulondb_4398982_plus	holdout	True
regulondb_4399052_plus	regulondb_4399052_plus	holdout	True
regulondb_4399801_plus	regulondb_4399801_plus	train	True
regulondb_4400220_plus	regulondb_4400220_plus	train	True
regulondb_4404664_plus	regulondb_4404664_plus	train	True
regulondb_4406044_plus	regulondb_4406044_plus	holdout	False
regulondb_4414247_plus	regulondb_4414247_plus	train	True
regulondb_4416756_plus	regulondb_4416756_plus	holdout	False
regulondb_4416869_minus	regulondb_4416869_minus	train	True
regulondb_4416935_plus	regulondb_4416869_minus	train	False
regulondb_4418562_minus	regulondb_4418562_minus	train	False
regulondb_4419675_minus	regulondb_4419675_minus	holdout	False
regulondb_4419927_plus	regulondb_4419927_plus	train	True
regulondb_4424828_minus	regulondb_4424828_minus	train	False
regulondb_4425025_plus	regulondb_4425025_plus	holdout	True
regulondb_4427517_minus	regulondb_4427517_minus	train	False
regulondb_4427526_minus	regulondb_4427517_minus	train	False
regulondb_4428819_minus	regulondb_4428819_minus	train	False
regulondb_4429780_plus	regulondb_4429780_plus	holdout	False
regulondb_4432009_minus	regulondb_4432009_minus	train	False
regulondb_4433131_minus	regulondb_4433131_minus	holdout	False
regulondb_4433148_minus	regulondb_4433148_minus	train	False
regulondb_4434082_plus	regulondb_4434082_plus	train	False
regulondb_4434104_plus	regulondb_4434104_plus	train	False
regulondb_4436629_minus	regulondb_4436629_minus	train	True
regulondb_4437617_plus	regulondb_4437617_plus	train	False
regulondb_4437671_plus	regulondb_4437671_plus	train	False
regulondb_4437673_plus	regulondb_4437671_plus	train	False
regulondb_4437702_plus	regulondb_4437702_plus	train	False
regulondb_4439286_minus	regulondb_4439286_minus	holdout	True
regulondb_4439511_plus	regulondb_4439511_plus	holdout	True
regulondb_4441321_minus	regulondb_4441321_minus	train	False
regulondb_4442261_minus	regulondb_4442261_minus	train	False
regulondb_4442270_plus	regulondb_4442270_plus	holdout	False
regulondb_4448294_minus	regulondb_4448294_minus	train	False
regulondb_4448402_plus	regulondb_4448402_plus	train	True
regulondb_4448428_plus	regulondb_4448428_plus	train	True
regulondb_4449686_minus	regulondb_4449686_minus	train	False
regulondb_4449817_plus	regulondb_4449817_plus	train	False
regulondb_4455728_plus	regulondb_4455728_plus	train	False
regulondb_4455760_plus	regulondb_4455760_plus	train	True
regulondb_4457945_plus	regulondb_4457945_plus	train	False
regulondb_4458015_minus	regulondb_4458015_minus	train	False
regulondb_4458046_minus	regulondb_4458046_minus	train	False
regulondb_4458065_minus	regulondb_4458065_minus	train	False
regulondb_4458081_minus	regulondb_4458081_minus	train	False
regulondb_4462838_minus	regulondb_4462838_minus	holdout	True
regulondb_4466210_minus	regulondb_4466210_minus	train	True
regulondb_4467271_minus	regulondb_4467271_minus	train	True
regulondb_4467275_minus	regulondb_4467271_minus	train	False
regulondb_4467279_minus	regulondb_4467271_minus	train	False
regulondb_4467363_plus	regulondb_4467271_minus	train	False
regulondb_4467280_plus	regulondb_4467280_plus	holdout	True
regulondb_4467347_minus	regulondb_4467347_minus	holdout	True
regulondb_4470946_minus	regulondb_4470946_minus	train	False
regulondb_4472553_minus	regulondb_4472553_minus	train	False
regulondb_4472745_minus	regulondb_4472745_minus	holdout	False
regulondb_4474064_minus	regulondb_4474064_minus	train	False
regulondb_4474096_plus	regulondb_4474064_minus	train	False
regulondb_4474783_plus	regulondb_4474783_plus	train	False
regulondb_4474834_plus	regulondb_4474834_plus	holdout	False
regulondb_4475401_plus	regulondb_4475401_plus	train	False
regulondb_4478344_minus	regulondb_4478344_minus	train	True
regulondb_4478384_plus	regulondb_4478344_minus	train	False
regulondb_4478445_plus	regulondb_4478445_plus	holdout	False
regulondb_4479566_plus	regulondb_4479566_plus	train	False
regulondb_4479664_plus	regulondb_4479664_plus	train	False
regulondb_4479671_minus	regulondb_4479671_minus	train	False
regulondb_4479686_plus	regulondb_4479686_plus	train	False
regulondb_4483919_minus	regulondb_4483919_minus	holdout	True
regulondb_4483927_minus	regulondb_4483919_minus	holdout	False
regulondb_4484273_minus	regulondb_4484273_minus	train	True
regulondb_4486101_minus	regulondb_4486101_minus	holdout	True
regulondb_4486112_minus	regulondb_4486101_minus	holdout	False
regulondb_4486188_plus	regulondb_4486101_minus	holdout	False
regulondb_4486122_plus	regulondb_4486122_plus	train	False
regulondb_4486139_minus	regulondb_4486139_minus	train	True
regulondb_4490085_minus	regulondb_4490085_minus	train	False
regulondb_4491182_minus	regulondb_4491182_minus	holdout	False
regulondb_4494435_minus	regulondb_4494435_minus	train	False
regulondb_4494597_plus	regulondb_4494597_plus	train	True
regulondb_4496234_minus	regulondb_4496234_minus	train	False
regulondb_4496266_minus	regulondb_4496266_minus	holdout	False
regulondb_4496347_minus	regulondb_4496347_minus	holdout	False
regulondb_4496349_minus	regulondb_4496347_minus	holdout	False
regulondb_4496386_plus	regulondb_4496347_minus	holdout	False
regulondb_4501058_plus	regulondb_4501058_plus	holdout	False
regulondb_4503549_minus	regulondb_4503549_minus	train	False
regulondb_4503882_plus	regulondb_4503882_plus	train	False
regulondb_4504005_plus	regulondb_4504005_plus	holdout	False
regulondb_4504006_plus	regulondb_4504005_plus	holdout	False
regulondb_4504020_plus	regulondb_4504020_plus	holdout	False
regulondb_4505260_plus	regulondb_4505260_plus	train	True
regulondb_4505266_plus	regulondb_4505260_plus	train	False
regulondb_4508686_minus	regulondb_4508686_minus	holdout	False
regulondb_4511530_minus	regulondb_4511530_minus	train	False
regulondb_4511639_minus	regulondb_4511639_minus	holdout	False
regulondb_4511644_minus	regulondb_4511639_minus	holdout	False
regulondb_4516727_minus	regulondb_4516727_minus	train	False
regulondb_4518282_minus	regulondb_4518282_minus	train	True
regulondb_4518379_plus	regulondb_4518379_plus	train	False
regulondb_4518442_plus	regulondb_4518442_plus	train	False
regulondb_4520381_minus	regulondb_4520381_minus	train	False
regulondb_4520401_minus	regulondb_4520401_minus	train	False
regulondb_4520540_minus	regulondb_4520540_minus	train	False
regulondb_4524140_minus	regulondb_4524140_minus	train	False
regulondb_4524226_minus	regulondb_4524226_minus	train	False
regulondb_4525888_minus	regulondb_4525888_minus	holdout	True
regulondb_4527977_plus	regulondb_4527977_plus	train	True
regulondb_4537703_minus	regulondb_4537703_minus	train	False
regulondb_4539928_minus	regulondb_4539928_minus	train	False
regulondb_4540667_plus	regulondb_4540667_plus	train	False
regulondb_4540809_plus	regulondb_4540809_plus	train	True
regulondb_4541871_plus	regulondb_4541871_plus	train	True
regulondb_4542694_plus	regulondb_4542694_plus	train	True
regulondb_4551334_minus	regulondb_4551334_minus	holdout	True
regulondb_4551518_plus	regulondb_4551518_plus	train	True
regulondb_4554458_plus	regulondb_4554458_plus	train	False
regulondb_4556576_plus	regulondb_4556576_plus	train	True
regulondb_4556856_plus	regulondb_4556856_plus	train	True
regulondb_4558317_minus	regulondb_4558317_minus	train	False
regulondb_4559537_minus	regulondb_4559537_minus	holdout	False
regulondb_4562682_minus	regulondb_4562682_minus	train	False
regulondb_4563635_minus	regulondb_4563635_minus	train	False
regulondb_4563730_minus	regulondb_4563730_minus	holdout	False
regulondb_4563734_minus	regulondb_4563730_minus	holdout	False
regulondb_4564793_minus	regulondb_4564793_minus	holdout	False
regulondb_4564802_minus	regulondb_4564793_minus	holdout	False
regulondb_4571705_plus	regulondb_4571705_plus	train	False
regulondb_4571720_plus	regulondb_4571720_plus	train	False
regulondb_4578062_minus	regulondb_4578062_minus	train	False
regulondb_4579835_plus	regulondb_4579835_plus	train	True
regulondb_4579917_minus	regulondb_4579917_minus	train	False
regulondb_4581502_minus	regulondb_4581502_minus	train	False
regulondb_4588995_minus	regulondb_4588995_minus	train	False
regulondb_4589048_minus	regulondb_4589048_minus	train	False
regulondb_4591347_minus	regulondb_4591347_minus	train	False
regulondb_4591367_minus	regulondb_4591347_minus	train	True
regulondb_4591412_plus	regulondb_4591347_minus	train	False
regulondb_4591633_plus	regulondb_4591633_plus	train	True
regulondb_4594737_minus	regulondb_4594737_minus	holdout	False
regulondb_4594837_minus	regulondb_4594837_minus	holdout	False
regulondb_4594844_minus	regulondb_4594837_minus	holdout	False
regulondb_4594882_minus	regulondb_4594882_minus	train	False
regulondb_4595947_minus	regulondb_4595947_minus	train	False
regulondb_4599494_minus	regulondb_4599494_minus	train	False
regulondb_4600210_minus	regulondb_4600210_minus	holdout	False
regulondb_4600337_minus	regulondb_4600337_minus	holdout	False
regulondb_4601615_minus	regulondb_4601615_minus	holdout	False
regulondb_4602177_minus	regulondb_4602177_minus	holdout	False
regulondb_4603034_minus	regulondb_4603034_minus	train	False
regulondb_4603319_plus	regulondb_4603319_plus	train	True
regulondb_4605694_minus	regulondb_4605694_minus	holdout	True
regulondb_4605777_plus	regulondb_4605694_minus	holdout	False
regulondb_4605752_minus	regulondb_4605752_minus	train	False
regulondb_4606273_minus	regulondb_4606273_minus	train	False
regulondb_4606432_minus	regulondb_4606432_minus	train	False
regulondb_4607725_minus	regulondb_4607725_minus	train	False
regulondb_4607781_plus	regulondb_4607725_minus	train	False
regulondb_4607868_minus	regulondb_4607868_minus	train	False
regulondb_4609344_plus	regulondb_4609344_plus	train	False
regulondb_4609356_plus	regulondb_4609344_plus	train	False
regulondb_4611153_plus	regulondb_4611153_plus	train	True
regulondb_4616679_plus	regulondb_4616679_plus	train	True
regulondb_4617278_plus	regulondb_4617278_plus	holdout	True
regulondb_4619567_plus	regulondb_4619567_plus	train	True
regulondb_4621657_plus	regulondb_4621657_plus	train	False
regulondb_4621716_plus	regulondb_4621716_plus	train	False
regulondb_4624238_minus	regulondb_4624238_minus	holdout	False
regulondb_4624799_minus	regulondb_4624799_minus	train	False
regulondb_4624856_plus	regulondb_4624799_minus	train	False
regulondb_4630566_minus	regulondb_4630566_minus	train	False
regulondb_4630700_plus	regulondb_4630700_plus	train	False
regulondb_4632704_plus	regulondb_4632704_plus	holdout	True
regulondb_4633773_minus	regulondb_4633773_minus	train	True
regulondb_4633899_minus	regulondb_4633899_minus	train	False
regulondb_4635243_plus	regulondb_4635243_plus	train	True
regulondb_4635353_minus	regulondb_4635353_minus	train	False
regulondb_4635477_plus	regulondb_4635477_plus	train	False
regulondb_4638160_plus	regulondb_4638160_plus	holdout	False
regulondb_4640358_plus	regulondb_4640358_plus	train	False
regulondb_4640508_minus	regulondb_4640508_minus	train	True
regulondb_4640512_minus	regulondb_4640508_minus	train	False
regulondb_4640535_minus	regulondb_4640535_minus	holdout	True
regulondb_4640599_minus	regulondb_4640599_minus	holdout	True
regulondb_4640681_minus	regulondb_4640681_minus	train	True
regulondb_4640688_minus	regulondb_4640681_minus	train	False
regulondb_4640801_minus	regulondb_4640801_minus	holdout	True
regulondb_4640838_plus	regulondb_4640801_minus	holdout	False
regulondb_4640898_plus	regulondb_4640898_plus	holdout	False
