motif	sequence_id	leakage_group	split	start0	end0_exclusive	start1	stop1	center_tss	strand	sequence	distance
EMB_multiscale_C00	tjupan_bacillus_subtilis_main_4f4c3d5d96d18695	tjupan_bacillus_subtilis_main_4f4c3d5d96d18695	discovery	30	46	31	46	-22.5	+	GCAAATCCCTTCAAAC	2.569007158279419
EMB_multiscale_C00	tjupan_bacillus_subtilis_main_b790c6b12a43a7c6	tjupan_bacillus_subtilis_main_b790c6b12a43a7c6	discovery	35	51	36	51	-17.5	+	CAATTCCACCCTGTTA	2.6507222652435303
EMB_multiscale_C00	tjupan_bacillus_subtilis_main_9ab6c96db0706f0e	dbtbs_bsub_core_c190339743385950	discovery	57	73	58	73	4.5	+	AAAACCTTCCATGTTT	2.656822681427002
EMB_multiscale_C00	tjupan_bacillus_subtilis_main_79d6d17268b5d0ce	dbtbs_bsub_core_94e9d8c40cf791b3	discovery	38	54	39	54	-14.5	+	ATATCCTTCCCGTACT	2.681661367416382
EMB_multiscale_C00	tjupan_bacillus_subtilis_main_52267ea931cb2dd7	dbtbs_bsub_core_b35218f45c0f11c8	discovery	37	53	38	53	-15.5	+	AAAGTTTCCCTAACAT	2.720752477645874
EMB_multiscale_C00	tjupan_bacillus_subtilis_main_d9cd9789d0fb01a3	dbtbs_bsub_core_c190339743385950	discovery	63	79	64	79	10.5	+	AAAACCTTCCATGTTT	2.7882907390594482
EMB_multiscale_C00	tjupan_bacillus_subtilis_main_1b0cfe46f303d3fa	dbtbs_bsub_core_56695775e253190c	discovery	29	45	30	45	-23.5	+	TAAATCTTCCCCGGAT	2.8636083602905273
EMB_multiscale_C00	tjupan_bacillus_subtilis_main_4a76c51266c80a0f	dbtbs_bsub_core_b905bf06b88d4e46	discovery	29	45	30	45	-23.5	+	ACCTTTTCGCCACCTA	2.875657320022583
EMB_multiscale_C00	tjupan_bacillus_subtilis_main_e2d1119cb664dabf	dbtbs_bsub_core_954deecd8ab02ea9	discovery	6	22	7	22	-46.5	+	GCATTTCCTCCAGATT	2.9249775409698486
EMB_multiscale_C00	tjupan_bacillus_subtilis_main_2a3c695bd1a0b4c9	tjupan_bacillus_subtilis_main_2a3c695bd1a0b4c9	discovery	62	78	63	78	9.5	+	AAGCCCAATTCCTAAG	2.9541094303131104
EMB_multiscale_C00	tjupan_bacillus_subtilis_main_7a6037ae36a0870c	tjupan_bacillus_subtilis_main_7a6037ae36a0870c	discovery	4	20	5	20	-48.5	+	ATGCAACTCTTCCGGA	2.961059093475342
EMB_multiscale_C00	tjupan_bacillus_subtilis_main_5d881eac8b46d627	dbtbs_bsub_core_5d881eac8b46d627	discovery	19	35	20	35	-33.5	+	ATCTCCTCATTTGGAC	2.9697463512420654
EMB_multiscale_C00	tjupan_bacillus_subtilis_main_a9fde0fdd238b261	dbtbs_bsub_core_06588c97cd7288a8	discovery	11	27	12	27	-41.5	+	TCAGCCTTTTCCTCGA	3.005693197250366
EMB_multiscale_C00	tjupan_bacillus_subtilis_main_09dd4c8ba7bc09c6	dbtbs_bsub_core_09dd4c8ba7bc09c6	discovery	2	18	3	18	-50.5	+	ATCCGTTCTCCATAAA	3.016094923019409
EMB_multiscale_C00	tjupan_bacillus_subtilis_main_b7d5a32e40c68782	tjupan_bacillus_subtilis_main_b7d5a32e40c68782	discovery	29	45	30	45	-23.5	+	CTAATCCAGCTTTTCG	3.0259835720062256
EMB_multiscale_C00	tjupan_bacillus_subtilis_main_5cf51ca317588066	tjupan_bacillus_subtilis_main_5cf51ca317588066	discovery	32	48	33	48	-20.5	+	GTCCCCTCTTACAAGC	3.029310464859009
EMB_multiscale_C00	tjupan_bacillus_subtilis_main_c2d54a415a7d048a	dbtbs_bsub_core_c2d54a415a7d048a	discovery	57	73	58	73	4.5	+	TGGTACCTTCCTTCAC	3.107997179031372
EMB_multiscale_C00	tjupan_bacillus_subtilis_main_bf15c71cd5f4b9e0	dbtbs_bsub_core_79aa8a5c0f3b9558	discovery	16	32	17	32	-36.5	+	ACAATGTCCCTAAAGT	3.1176702976226807
EMB_multiscale_C00	tjupan_bacillus_subtilis_main_024ba149e95dcf1a	tjupan_bacillus_subtilis_main_024ba149e95dcf1a	discovery	13	29	14	29	-39.5	+	CACAATTCTCCGCATG	3.1270663738250732
EMB_multiscale_C00	tjupan_bacillus_subtilis_main_cb2c7c4f94201384	tjupan_bacillus_subtilis_main_cb2c7c4f94201384	discovery	23	39	24	39	-29.5	+	TTTGCATCCTTTTCAA	3.135615110397339
EMB_multiscale_C00	tjupan_bacillus_subtilis_main_5b5f9b9ad371b1b0	tjupan_bacillus_subtilis_main_5b5f9b9ad371b1b0	discovery	10	26	11	26	-42.5	+	CTTCCCTTCCGCACGT	3.2291274070739746
EMB_multiscale_C00	tjupan_bacillus_subtilis_main_dc65c8922842b20f	tjupan_bacillus_subtilis_main_dc65c8922842b20f	discovery	20	36	21	36	-32.5	+	TTGAAATCCTCCTTTT	3.2599551677703857
EMB_multiscale_C00	tjupan_bacillus_subtilis_main_daaf0c7fa42ef2fa	dbtbs_bsub_core_ef9625ff29774e65	discovery	56	72	57	72	3.5	+	AAAAGCCCTTCCTGGG	3.2698495388031006
EMB_multiscale_C00	tjupan_bacillus_subtilis_main_0d390d7bf47f6ae0	tjupan_bacillus_subtilis_main_0d390d7bf47f6ae0	discovery	61	77	62	77	8.5	+	CACCCTTGAATCCACT	3.2803666591644287
EMB_multiscale_C00	tjupan_bacillus_subtilis_main_954287dc5b301340	tjupan_bacillus_subtilis_main_954287dc5b301340	discovery	39	55	40	55	-13.5	+	AGCACCTGTCCTTCTC	3.282240390777588
EMB_multiscale_C00	tjupan_bacillus_subtilis_main_737474f253397bee	tjupan_bacillus_subtilis_main_737474f253397bee	discovery	26	42	27	42	-26.5	+	TTGAACCCCTGTATTT	3.2984139919281006
EMB_multiscale_C00	tjupan_bacillus_subtilis_main_6b5eda10bbc36b27	dbtbs_bsub_core_0d578393adbcde98	discovery	25	41	26	41	-27.5	+	CAGACTTTCCCACAGA	3.3215296268463135
EMB_multiscale_C00	tjupan_bacillus_subtilis_main_f5b082fd616807b3	dbtbs_bsub_core_4e960695d4b362e6	discovery	32	48	33	48	-20.5	+	ACCTTTGGCCCTATTT	3.3608968257904053
EMB_multiscale_C00	tjupan_bacillus_subtilis_main_5e34c7286340c249	dbtbs_bsub_core_0fedc539a64a99b7	discovery	35	51	36	51	-17.5	+	TTTCTCCCTTGCATAC	3.382664442062378
EMB_multiscale_C00	tjupan_bacillus_subtilis_main_712069959cf7e3b2	dbtbs_bsub_core_be0e53c334974f0a	discovery	17	33	18	33	-35.5	+	TTAACTGTCCAAGCCG	3.387385606765747
EMB_multiscale_C00	tjupan_bacillus_subtilis_main_5f8b6936b2e52932	tjupan_bacillus_subtilis_main_5f8b6936b2e52932	discovery	14	30	15	30	-38.5	+	TGTCATAACCCTTTAC	3.392230272293091
EMB_multiscale_C00	tjupan_bacillus_subtilis_main_93b5da0b5f842573	dbtbs_bsub_core_93b5da0b5f842573	discovery	0	16	1	16	-52.5	+	GTTCCGCACTTTTCCA	3.3979134559631348
EMB_multiscale_C00	tjupan_bacillus_subtilis_main_e66d1eb3358cf03d	dbtbs_bsub_core_601150b85493a7a1	discovery	58	74	59	74	5.5	+	GTATTACTCCGCCAAA	3.3983070850372314
EMB_multiscale_C00	tjupan_bacillus_subtilis_main_0a0035c3a0685aa9	dbtbs_bsub_core_d50ffa4df9b8add7	discovery	13	29	14	29	-39.5	+	GCAGTCCCATTCCGCA	3.4114127159118652
EMB_multiscale_C00	tjupan_bacillus_subtilis_main_0b7b75ba67f19880	dbtbs_bsub_core_0b7b75ba67f19880	discovery	38	54	39	54	-14.5	+	CTCCTGCCTCATACCT	3.440075635910034
EMB_multiscale_C00	tjupan_bacillus_subtilis_main_619ca6b1749e92aa	tjupan_bacillus_subtilis_main_619ca6b1749e92aa	discovery	6	22	7	22	-46.5	+	GTTAAACCTTTCTCCG	3.447589874267578
EMB_multiscale_C00	tjupan_bacillus_subtilis_main_213d453c1e49e371	tjupan_bacillus_subtilis_main_213d453c1e49e371	discovery	63	79	64	79	10.5	+	AAACGTCCCTGATCTT	3.4523448944091797
EMB_multiscale_C00	tjupan_bacillus_subtilis_main_2b2db3c55e03b737	dbtbs_bsub_core_9d26dfa3049d6f00	discovery	0	16	1	16	-52.5	+	TCCGTTTCTCCAGAAG	3.488105297088623
EMB_multiscale_C00	tjupan_bacillus_subtilis_main_1dc6ad16ab0331f8	tjupan_bacillus_subtilis_main_1dc6ad16ab0331f8	discovery	21	37	22	37	-31.5	+	AACCTGAACCTTTATG	3.490288496017456
EMB_multiscale_C00	tjupan_bacillus_subtilis_main_7bd42a66d387ec94	dbtbs_bsub_core_5cf240f92a00f0e3	discovery	29	45	30	45	-23.5	+	GAACCTCCTTTCAAAT	3.5008764266967773
EMB_multiscale_C00	tjupan_bacillus_subtilis_main_ba49f50d8b0af1c7	dbtbs_bsub_core_8a4a22c637647f42	discovery	26	42	27	42	-26.5	+	CATGTTTACCCCTCCT	3.502612829208374
EMB_multiscale_C00	tjupan_bacillus_subtilis_main_a0eee3dddaf07ac3	tjupan_bacillus_subtilis_main_a0eee3dddaf07ac3	discovery	11	27	12	27	-41.5	+	CGGCCGTTCCCTGGAT	3.506815195083618
EMB_multiscale_C00	tjupan_bacillus_subtilis_main_8a4a22c637647f42	dbtbs_bsub_core_8a4a22c637647f42	discovery	25	41	26	41	-27.5	+	CATGTTTACCCCTCCT	3.5125062465667725
EMB_multiscale_C00	tjupan_bacillus_subtilis_main_6e989f822c0894af	dbtbs_bsub_core_bb5ca17cb9317fea	discovery	7	23	8	23	-45.5	+	GTGCCTCTTGACCTTC	3.5173165798187256
EMB_multiscale_C00	tjupan_bacillus_subtilis_main_56bd9deba3d3b9f9	dbtbs_bsub_core_5dd7cccc54d589c3	discovery	9	25	10	25	-43.5	+	TCACGTTTTCCCTGTT	3.5179693698883057
EMB_multiscale_C00	tjupan_bacillus_subtilis_main_cd161e304d76229d	dbtbs_bsub_core_6d139485f356aaca	discovery	21	37	22	37	-31.5	+	TTCACAATCCTGTTTG	3.532975196838379
EMB_multiscale_C00	tjupan_bacillus_subtilis_main_ef6dc517178d6adf	dbtbs_bsub_core_ef6dc517178d6adf	discovery	33	49	34	49	-19.5	+	CCCCGCCATCCTCTAT	3.541868209838867
EMB_multiscale_C00	tjupan_bacillus_subtilis_main_01ae3d26fad13b71	dbtbs_bsub_core_7a9c3b7d79cfafb8	discovery	10	26	11	26	-42.5	+	AATATTCCCAATTGGA	3.5751802921295166
EMB_multiscale_C00	tjupan_bacillus_subtilis_main_d24ab9ea2522f43e	dbtbs_bsub_core_e391b9fe5a0b653f	discovery	2	18	3	18	-50.5	+	CCCCTTGTCCTTATTG	3.57555890083313
EMB_multiscale_C00	tjupan_bacillus_subtilis_main_25766be7ede5bd12	tjupan_bacillus_subtilis_main_25766be7ede5bd12	discovery	42	58	43	58	-10.5	+	ACAGGCCTTCCGTACG	3.5976057052612305
EMB_multiscale_C00	tjupan_bacillus_subtilis_main_0b565809576a9e0f	dbtbs_bsub_core_0fcadafa827fb8cf	discovery	10	26	11	26	-42.5	+	TTCACTCTGCCAAGTT	3.6458911895751953
EMB_multiscale_C00	tjupan_bacillus_subtilis_main_1c375491ec2245f4	tjupan_bacillus_subtilis_main_1c375491ec2245f4	discovery	3	19	4	19	-49.5	+	ATATTCCTCCACCCGC	3.651634454727173
EMB_multiscale_C00	tjupan_bacillus_subtilis_main_8fa35d24a76b6d72	tjupan_bacillus_subtilis_main_8fa35d24a76b6d72	discovery	2	18	3	18	-50.5	+	AGAAACGCCCTTCTTT	3.6626195907592773
EMB_multiscale_C00	tjupan_bacillus_subtilis_main_84e6c8375d18dc47	tjupan_bacillus_subtilis_main_84e6c8375d18dc47	discovery	26	42	27	42	-26.5	+	GCACACTCCCTTAATA	3.6927330493927
EMB_multiscale_C00	tjupan_bacillus_subtilis_main_f04c569125ce3afa	dbtbs_bsub_core_85a34ab094cb765f	discovery	14	30	15	30	-38.5	+	AGAATCCAACCCTTTT	3.7064030170440674
EMB_multiscale_C00	tjupan_bacillus_subtilis_main_7358cf40e4efa482	tjupan_bacillus_subtilis_main_7358cf40e4efa482	discovery	10	26	11	26	-42.5	+	AATCACCTTAAATCCT	3.7107503414154053
EMB_multiscale_C00	tjupan_bacillus_subtilis_main_8265264627414ceb	tjupan_bacillus_subtilis_main_8265264627414ceb	discovery	16	32	17	32	-36.5	+	ACAGCACCCTTAAGAG	3.7160236835479736
EMB_multiscale_C00	tjupan_bacillus_subtilis_main_bc41d7d0760497f9	dbtbs_bsub_core_bc41d7d0760497f9	discovery	30	46	31	46	-22.5	+	AACAAAGCCTTCTCTG	3.7225453853607178
EMB_multiscale_C00	tjupan_bacillus_subtilis_main_af51a9f7939c4cfb	dbtbs_bsub_core_49fc6b8175a85db6	discovery	5	21	6	21	-47.5	+	CTTTTTCAACCGCGCT	3.741504430770874
EMB_multiscale_C00	tjupan_bacillus_subtilis_main_db7eebd0b9425a4f	dbtbs_bsub_core_db7eebd0b9425a4f	discovery	13	29	14	29	-39.5	+	CTCTAACTCCCTTTTT	3.7501473426818848
EMB_multiscale_C00	tjupan_bacillus_subtilis_main_0e56c5fe6c5d0db0	dbtbs_bsub_core_cfddcd51a76889fd	discovery	4	20	5	20	-48.5	+	CGAATTTCCAACCGAA	3.750199317932129
EMB_multiscale_C00	tjupan_bacillus_subtilis_main_61e92334116d4289	dbtbs_bsub_core_946ad3835c6af00d	discovery	29	45	30	45	-23.5	+	ATCCTTTCCGCCTAGT	3.7653512954711914
EMB_multiscale_C00	tjupan_bacillus_subtilis_main_8bf0684d999843b1	dbtbs_bsub_core_8bf0684d999843b1	discovery	34	50	35	50	-18.5	+	TCTCTCCACTTGGGAA	3.7833547592163086
EMB_multiscale_C00	tjupan_bacillus_subtilis_main_89f3272bd34ff475	tjupan_bacillus_subtilis_main_89f3272bd34ff475	discovery	17	33	18	33	-35.5	+	AAACCCTTGCCTTAAA	3.7907755374908447
EMB_multiscale_C00	tjupan_bacillus_subtilis_main_ac1a0a0a579397f6	tjupan_bacillus_subtilis_main_ac1a0a0a579397f6	discovery	35	51	36	51	-17.5	+	TGGCCCACGCTTCTCG	3.7970757484436035
EMB_multiscale_C00	tjupan_bacillus_subtilis_main_c2a5e00f908ba88c	dbtbs_bsub_core_c2a5e00f908ba88c	discovery	30	46	31	46	-22.5	+	TTAGCTTGTCCCTGCC	3.8265938758850098
EMB_multiscale_C00	tjupan_bacillus_subtilis_main_8f5a33e062052e2d	tjupan_bacillus_subtilis_main_8f5a33e062052e2d	discovery	1	17	2	17	-51.5	+	TCCCCAGTCTTTCGCG	3.828700065612793
EMB_multiscale_C00	tjupan_bacillus_subtilis_main_1dc2eb4818f9715a	dbtbs_bsub_core_1dc2eb4818f9715a	discovery	5	21	6	21	-47.5	+	TATCCCCCTGTCGGTA	3.8296396732330322
EMB_multiscale_C00	tjupan_bacillus_subtilis_main_e0774d83207a7dd7	dbtbs_bsub_core_2b17d905bac0c3bc	discovery	32	48	33	48	-20.5	+	AATCTTTCCATTCAGG	3.831822156906128
EMB_multiscale_C00	tjupan_bacillus_subtilis_main_86c973796d10f50f	dbtbs_bsub_core_86c973796d10f50f	discovery	30	46	31	46	-22.5	+	GCTCTGCACCCCATTT	3.8387680053710938
EMB_multiscale_C00	tjupan_bacillus_subtilis_main_2b17d905bac0c3bc	dbtbs_bsub_core_2b17d905bac0c3bc	discovery	31	47	32	47	-21.5	+	AATCTTTCCATTCAGG	3.8489503860473633
EMB_multiscale_C00	tjupan_bacillus_subtilis_main_047e296b8721a352	dbtbs_bsub_core_d618c1525725d045	discovery	14	30	15	30	-38.5	+	TGCTCTCCCACTCATA	3.8755035400390625
EMB_multiscale_C00	tjupan_bacillus_subtilis_main_8837dc4443db7de3	tjupan_bacillus_subtilis_main_8837dc4443db7de3	discovery	19	35	20	35	-33.5	+	ATAAACTTCCCCAGAC	3.877307653427124
EMB_multiscale_C00	tjupan_bacillus_subtilis_main_76885f00c763f220	dbtbs_bsub_core_07bcce23a89f64fb	discovery	33	49	34	49	-19.5	+	TAAATGTCCCATTTAG	3.8854057788848877
EMB_multiscale_C00	tjupan_bacillus_subtilis_main_a52148b067c7a32f	tjupan_bacillus_subtilis_main_a52148b067c7a32f	discovery	10	26	11	26	-42.5	+	ATGCGTTCACCCATTT	3.9439127445220947
EMB_multiscale_C00	tjupan_bacillus_subtilis_main_9d34f9d9e0ee0e26	dbtbs_bsub_core_9d34f9d9e0ee0e26	discovery	29	45	30	45	-23.5	+	AACTTTTCCCGAGGTG	3.960063934326172
EMB_multiscale_C00	tjupan_bacillus_subtilis_main_729454a84a667dd8	dbtbs_bsub_core_729454a84a667dd8	discovery	30	46	31	46	-22.5	+	ATGTTCCTCCGCTTGG	4.008089542388916
EMB_multiscale_C00	tjupan_bacillus_subtilis_main_187a9844a7f0c551	tjupan_bacillus_subtilis_main_187a9844a7f0c551	discovery	31	47	32	47	-21.5	+	AGCTTGGCCCGTTCCC	4.021025657653809
EMB_multiscale_C00	tjupan_bacillus_subtilis_main_5fc80954df40cf68	dbtbs_bsub_core_44be1bddac760e1c	discovery	22	38	23	38	-30.5	+	GCGTTCACCCATTTAT	4.041586875915527
EMB_multiscale_C00	tjupan_bacillus_subtilis_main_b7c0b4323e70fc71	dbtbs_bsub_core_b7c0b4323e70fc71	discovery	8	24	9	24	-44.5	+	TTCTAGTCCCGTTTTA	4.090095043182373
EMB_multiscale_C00	tjupan_bacillus_subtilis_main_51e2f43063a3baab	tjupan_bacillus_subtilis_main_51e2f43063a3baab	discovery	28	44	29	44	-24.5	+	TTTTATCCCACAGTTT	4.174090385437012
EMB_multiscale_C00	tjupan_bacillus_subtilis_main_5564dcefe2988333	tjupan_bacillus_subtilis_main_5564dcefe2988333	discovery	29	45	30	45	-23.5	+	TTAAAGCCTTTCTCCT	4.174149036407471
EMB_multiscale_C00	tjupan_bacillus_subtilis_main_e95909bd7e136f46	dbtbs_bsub_core_426aaa712ced5536	discovery	19	35	20	35	-33.5	+	TCCGTTGACTCTCCCC	4.199582099914551
EMB_multiscale_C00	tjupan_bacillus_subtilis_main_3270409c742f3314	dbtbs_bsub_core_edd6f2ee95c58508	discovery	1	17	2	17	-51.5	+	TTTCCCTTCCTTAAAA	4.2204365730285645
EMB_multiscale_C00	tjupan_bacillus_subtilis_main_fff8e3a328b3cab3	dbtbs_bsub_core_7231d94d9d77331f	discovery	32	48	33	48	-20.5	+	TTTTTGCCCAATACTG	4.226212978363037
EMB_multiscale_C00	tjupan_bacillus_subtilis_main_6f408d5e786e413f	dbtbs_bsub_core_6f408d5e786e413f	discovery	27	43	28	43	-25.5	+	CTAAACTCCTGGATCT	4.2438836097717285
EMB_multiscale_C00	tjupan_bacillus_subtilis_main_61c707ac72aeda97	tjupan_bacillus_subtilis_main_61c707ac72aeda97	discovery	4	20	5	20	-48.5	+	CCTCCGGCCTGTCTGG	4.267570972442627
EMB_multiscale_C00	tjupan_bacillus_subtilis_main_80add31ceb4a1382	tjupan_bacillus_subtilis_main_80add31ceb4a1382	discovery	21	37	22	37	-31.5	+	GACAAAATCCTATCTG	4.321394920349121
EMB_multiscale_C00	tjupan_bacillus_subtilis_main_73a7b40a4dc814aa	dbtbs_bsub_core_bdba293c4926b88d	discovery	4	20	5	20	-48.5	+	TTTTTCCCAGGTCCGT	4.321936130523682
EMB_multiscale_C00	tjupan_bacillus_subtilis_main_e28ceade6e8616fa	dbtbs_bsub_core_9b12482ac6eea2d4	discovery	36	52	37	52	-16.5	+	TTTATTTCCACAAACA	4.344161510467529
EMB_multiscale_C00	tjupan_bacillus_subtilis_main_632ff1f5d92b347a	tjupan_bacillus_subtilis_main_632ff1f5d92b347a	discovery	61	77	62	77	8.5	+	TACTGTGCCCTTAGTG	4.368958950042725
EMB_multiscale_C00	tjupan_bacillus_subtilis_main_ed12f07c80365cbc	dbtbs_bsub_core_09dd4c8ba7bc09c6	discovery	0	16	1	16	-52.5	+	ATCCTCCTGTTGTTTA	4.388421058654785
EMB_multiscale_C00	tjupan_bacillus_subtilis_main_7d976c34bed90c97	tjupan_bacillus_subtilis_main_7d976c34bed90c97	discovery	5	21	6	21	-47.5	+	AAAAACTTCTCCTGTC	4.416082382202148
EMB_multiscale_C00	tjupan_bacillus_subtilis_main_ea59d0ddaaaaf005	dbtbs_bsub_core_ff8c346476498240	discovery	34	50	35	50	-18.5	+	GAAACCCCACTCATAT	4.463063716888428
EMB_multiscale_C00	tjupan_bacillus_subtilis_main_993a308bb6e190e1	dbtbs_bsub_core_993a308bb6e190e1	discovery	21	37	22	37	-31.5	+	ATGGTTTGTCCACCCC	4.482489585876465
EMB_multiscale_C00	tjupan_bacillus_subtilis_main_691e7ded333dd616	dbtbs_bsub_core_691e7ded333dd616	discovery	0	16	1	16	-52.5	+	AATCTTTCCCAAACTA	4.499674320220947
EMB_multiscale_C00	tjupan_bacillus_subtilis_main_32548c7fec9dc4f2	dbtbs_bsub_core_32548c7fec9dc4f2	discovery	28	44	29	44	-24.5	+	ATGATCCTCCTCATTA	4.534580230712891
EMB_multiscale_C00	tjupan_bacillus_subtilis_main_6fcd42bdf8073a65	dbtbs_bsub_core_6fcd42bdf8073a65	discovery	5	21	6	21	-47.5	+	GATGCCTCCCTTATAT	4.663410663604736
EMB_multiscale_C00	tjupan_bacillus_subtilis_main_202644f8a02efab9	dbtbs_bsub_core_f4d81ad6a0709a55	discovery	25	41	26	41	-27.5	+	ATGACACCCCTCGACC	4.7293620109558105
EMB_multiscale_C00	tjupan_bacillus_subtilis_main_ef1d1fbaad689e40	dbtbs_bsub_core_ef1d1fbaad689e40	discovery	38	54	39	54	-14.5	+	CCCCACCTCATACAAT	4.736659049987793
EMB_multiscale_C00	tjupan_bacillus_subtilis_main_0ba2ad2fd14630a8	dbtbs_bsub_core_0ba2ad2fd14630a8	discovery	45	61	46	61	-7.5	+	CTGGGTTTCCCTTATT	4.740842819213867
EMB_multiscale_C00	tjupan_bacillus_subtilis_main_4fa5d89620e7d8ce	dbtbs_bsub_core_5eb05bc57612da6d	discovery	11	27	12	27	-41.5	+	GCCACCTCCTGCTTGC	4.866687774658203
EMB_multiscale_C00	tjupan_bacillus_subtilis_main_0710c2f2267154d3	dbtbs_bsub_core_0710c2f2267154d3	discovery	27	43	28	43	-25.5	+	ACATGTACCCCTTATT	4.90388298034668
EMB_multiscale_C00	tjupan_bacillus_subtilis_main_6901d7d50287d8c1	dbtbs_bsub_core_6901d7d50287d8c1	discovery	0	16	1	16	-52.5	+	CCCCCAGGCGCCTTTT	5.243251323699951
EMB_multiscale_C00	tjupan_bacillus_subtilis_main_a26ee3e07cf1eedf	dbtbs_bsub_core_a26ee3e07cf1eedf	discovery	39	55	40	55	-13.5	+	CACCTCGTCCACAATG	5.284632205963135
EMB_multiscale_C00	tjupan_bacillus_subtilis_main_517410185d825f3e	tjupan_bacillus_subtilis_main_517410185d825f3e	discovery	35	51	36	51	-17.5	+	GGGCTCCTCATCAATA	5.323896884918213
EMB_multiscale_C00	tjupan_bacillus_subtilis_main_a1b8ecb6878276b4	dbtbs_bsub_core_a1b8ecb6878276b4	discovery	19	35	20	35	-33.5	+	AAACCCCCTTAATTCT	5.377450942993164
EMB_multiscale_C00	tjupan_bacillus_subtilis_main_5787c658c95c4762	tjupan_bacillus_subtilis_main_5787c658c95c4762	discovery	32	48	33	48	-20.5	+	TAAACCCCGTATATTT	5.724085330963135
EMB_multiscale_C00	tjupan_bacillus_subtilis_main_ba9efec60bbd4a6b	tjupan_bacillus_subtilis_main_ba9efec60bbd4a6b	discovery	1	17	2	17	-51.5	+	CATGCCATCCCTCCTT	5.921857833862305
EMB_multiscale_C00	tjupan_bacillus_subtilis_main_62eb1c4377c084e1	dbtbs_bsub_core_413a4bed9f6cfeea	discovery	4	20	5	20	-48.5	+	TTTGTATTCCCCCTAT	6.198276996612549
EMB_multiscale_C01	tjupan_bacillus_subtilis_main_f3423ecbff5b6537	dbtbs_bsub_core_dc8c32e7cfbca6d1	discovery	16	32	17	32	-36.5	+	GATATCAATTGACAAA	2.2257843017578125
EMB_multiscale_C01	tjupan_bacillus_subtilis_main_bd4e9486aa695c78	tjupan_bacillus_subtilis_main_bd4e9486aa695c78	discovery	42	58	43	58	-10.5	+	TCAATTCAATGAAGCT	2.4143054485321045
EMB_multiscale_C01	tjupan_bacillus_subtilis_main_4648c22f43ae6952	tjupan_bacillus_subtilis_main_4648c22f43ae6952	discovery	3	19	4	19	-49.5	+	GTAATTGAATTACAAA	2.568000078201294
EMB_multiscale_C01	tjupan_bacillus_subtilis_main_5e8ac4f4506ef781	dbtbs_bsub_core_cdccc2e2972286a4	discovery	17	33	18	33	-35.5	+	TTTATCATTGACAAAA	2.611459493637085
EMB_multiscale_C01	tjupan_bacillus_subtilis_main_b790c6b12a43a7c6	tjupan_bacillus_subtilis_main_b790c6b12a43a7c6	discovery	20	36	21	36	-32.5	+	TAACAGTTGAATAAAC	2.6558215618133545
EMB_multiscale_C01	tjupan_bacillus_subtilis_main_cd5426fc6bacf792	dbtbs_bsub_core_cd5426fc6bacf792	discovery	9	25	10	25	-43.5	+	GTCACTGAAATTATAT	2.7353291511535645
EMB_multiscale_C01	tjupan_bacillus_subtilis_main_487ce40a67c6d939	tjupan_bacillus_subtilis_main_487ce40a67c6d939	discovery	51	67	52	67	-1.5	+	AATGATTCATAAACGA	2.7460334300994873
EMB_multiscale_C01	tjupan_bacillus_subtilis_main_a2cd64f7b02e9630	tjupan_bacillus_subtilis_main_a2cd64f7b02e9630	discovery	63	79	64	79	10.5	+	TCACTGAAATTGTCTG	2.7649142742156982
EMB_multiscale_C01	tjupan_bacillus_subtilis_main_3ab41c1b83ba019b	dbtbs_bsub_core_c956a5fd581ed80a	discovery	57	73	58	73	4.5	+	ACTAGAAATTGACACA	2.7806191444396973
EMB_multiscale_C01	tjupan_bacillus_subtilis_main_3ec4c8abee3f7a8e	dbtbs_bsub_core_c18c3f10dff5c627	discovery	18	34	19	34	-34.5	+	AAAATTCATAGAACCT	2.7855546474456787
EMB_multiscale_C01	tjupan_bacillus_subtilis_main_b578e9e0d96d144a	dbtbs_bsub_core_b578e9e0d96d144a	discovery	32	48	33	48	-20.5	+	TTCCAAACAGATGAAT	2.79209303855896
EMB_multiscale_C01	tjupan_bacillus_subtilis_main_c2d54a415a7d048a	dbtbs_bsub_core_c2d54a415a7d048a	discovery	20	36	21	36	-32.5	+	TTCTATTGAAACATTT	2.7929558753967285
EMB_multiscale_C01	tjupan_bacillus_subtilis_main_0acb3976b9331524	tjupan_bacillus_subtilis_main_0acb3976b9331524	discovery	0	16	1	16	-52.5	+	ATGATGAAATTCCTTA	2.809079885482788
EMB_multiscale_C01	tjupan_bacillus_subtilis_main_e8dca4769e2e29bc	dbtbs_bsub_core_b8b8ac7ece3bed55	discovery	47	63	48	63	-5.5	+	TATACTGAAATTTGTC	2.841521739959717
EMB_multiscale_C01	tjupan_bacillus_subtilis_main_cd161e304d76229d	dbtbs_bsub_core_6d139485f356aaca	discovery	14	30	15	30	-38.5	+	GATGTAATTCACAATC	2.846676826477051
EMB_multiscale_C01	tjupan_bacillus_subtilis_main_eb51fed06d2e921e	dbtbs_bsub_core_3613f20526b705b5	discovery	20	36	21	36	-32.5	+	TCTAATTGACAATTGT	2.860377788543701
EMB_multiscale_C01	tjupan_bacillus_subtilis_main_de399adaaafe5be7	dbtbs_bsub_core_f1028676a1f89b0e	discovery	18	34	19	34	-34.5	+	TATCATGAACATTAAA	2.8730459213256836
EMB_multiscale_C01	tjupan_bacillus_subtilis_main_e6accdb752f9724f	dbtbs_bsub_core_41815df9927fe319	discovery	13	29	14	29	-39.5	+	TTTATGGACAAATCAA	2.8979361057281494
EMB_multiscale_C01	tjupan_bacillus_subtilis_main_5e30b1d213eba695	tjupan_bacillus_subtilis_main_5e30b1d213eba695	discovery	59	75	60	75	6.5	+	TACAAGATCAATGCCG	2.906747341156006
EMB_multiscale_C01	tjupan_bacillus_subtilis_main_7c1cf5cd36017844	tjupan_bacillus_subtilis_main_7c1cf5cd36017844	discovery	24	40	25	40	-28.5	+	AATCATGAAACATGTT	2.909634828567505
EMB_multiscale_C01	tjupan_bacillus_subtilis_main_e1ad11de708bb9dd	dbtbs_bsub_core_0ce0cc9e187b5d37	discovery	24	40	25	40	-28.5	+	TTGTGAACAATCAAGG	2.934459686279297
EMB_multiscale_C01	tjupan_bacillus_subtilis_main_bf15c71cd5f4b9e0	dbtbs_bsub_core_79aa8a5c0f3b9558	discovery	0	16	1	16	-52.5	+	TTTCATGAACAAATTC	2.9399073123931885
EMB_multiscale_C01	tjupan_bacillus_subtilis_main_d9da0a0033167763	dbtbs_bsub_core_d9da0a0033167763	discovery	15	31	16	31	-37.5	+	TATTGAATTAGTTCAA	2.95451021194458
EMB_multiscale_C01	tjupan_bacillus_subtilis_main_5a860caea8fc814c	tjupan_bacillus_subtilis_main_5a860caea8fc814c	discovery	31	47	32	47	-21.5	+	TCTGTAATTCAGATTG	2.978161096572876
EMB_multiscale_C01	tjupan_bacillus_subtilis_main_adbf75412ef7d5a0	dbtbs_bsub_core_adbf75412ef7d5a0	discovery	37	53	38	53	-15.5	+	ATTCAAGTTGCATGAT	2.9847025871276855
EMB_multiscale_C01	tjupan_bacillus_subtilis_main_8a0979b032bb35c1	dbtbs_bsub_core_33318fe6256d39ff	discovery	3	19	4	19	-49.5	+	TCTAAACAATTGTTCT	2.9898951053619385
EMB_multiscale_C01	tjupan_bacillus_subtilis_main_2be0a0a038238614	tjupan_bacillus_subtilis_main_2be0a0a038238614	discovery	53	69	54	69	0.5	+	TTGATTCAGAAAATGT	3.001619338989258
EMB_multiscale_C01	tjupan_bacillus_subtilis_main_70da326395794983	tjupan_bacillus_subtilis_main_70da326395794983	discovery	8	24	9	24	-44.5	+	TTTTACCAATAGATCA	3.0021071434020996
EMB_multiscale_C01	tjupan_bacillus_subtilis_main_e9d365c0dda7757e	tjupan_bacillus_subtilis_main_e9d365c0dda7757e	discovery	1	17	2	17	-51.5	+	CTTATGATCAATGTTT	3.0065996646881104
EMB_multiscale_C01	tjupan_bacillus_subtilis_main_0f3eb3e9a9977e6d	tjupan_bacillus_subtilis_main_0f3eb3e9a9977e6d	discovery	14	30	15	30	-38.5	+	CTTATGATCAATGTTT	3.027613401412964
EMB_multiscale_C01	tjupan_bacillus_subtilis_main_c9a32e1db5125d7c	dbtbs_bsub_core_c9a32e1db5125d7c	discovery	60	76	61	76	7.5	+	ATGAATGAATAGTCAT	3.0279040336608887
EMB_multiscale_C01	tjupan_bacillus_subtilis_main_a032a3114b7dbf1c	dbtbs_bsub_core_a032a3114b7dbf1c	discovery	44	60	45	60	-8.5	+	GATTATTGGAAACCTT	3.028430938720703
EMB_multiscale_C01	tjupan_bacillus_subtilis_main_55935e0c215d1239	dbtbs_bsub_core_bd96a60828361996	discovery	56	72	57	72	3.5	+	AATTAGATGCAATTTT	3.036137580871582
EMB_multiscale_C01	tjupan_bacillus_subtilis_main_fea876b7208e46e3	dbtbs_bsub_core_fea876b7208e46e3	discovery	15	31	16	31	-37.5	+	TATAAACCATGTTGAA	3.036466121673584
EMB_multiscale_C01	tjupan_bacillus_subtilis_main_8b7394af6b78d50f	dbtbs_bsub_core_c890b4346c03f247	discovery	26	42	27	42	-26.5	+	AGACATCAAAATTGGG	3.0498385429382324
EMB_multiscale_C01	tjupan_bacillus_subtilis_main_a1b8ecb6878276b4	dbtbs_bsub_core_a1b8ecb6878276b4	discovery	42	58	43	58	-10.5	+	GGCACGAAATCATGTA	3.0583484172821045
EMB_multiscale_C01	tjupan_bacillus_subtilis_main_59b38cd2f2ea112d	dbtbs_bsub_core_59b38cd2f2ea112d	discovery	13	29	14	29	-39.5	+	TTCTAAAGATGTCATA	3.0816874504089355
EMB_multiscale_C01	tjupan_bacillus_subtilis_main_8837dc4443db7de3	tjupan_bacillus_subtilis_main_8837dc4443db7de3	discovery	12	28	13	28	-40.5	+	TATGATCATAAACTTC	3.0837602615356445
EMB_multiscale_C01	tjupan_bacillus_subtilis_main_6b5eda10bbc36b27	dbtbs_bsub_core_0d578393adbcde98	discovery	12	28	13	28	-40.5	+	CAACATTAATTGACAG	3.0882112979888916
EMB_multiscale_C01	tjupan_bacillus_subtilis_main_636c41b820e9fd5d	tjupan_bacillus_subtilis_main_636c41b820e9fd5d	discovery	22	38	23	38	-30.5	+	TTGTCAATTAAACGTG	3.094693422317505
EMB_multiscale_C01	tjupan_bacillus_subtilis_main_e95909bd7e136f46	dbtbs_bsub_core_426aaa712ced5536	discovery	9	25	10	25	-43.5	+	ATTTTGCAAATCCGTT	3.0966808795928955
EMB_multiscale_C01	tjupan_bacillus_subtilis_main_737474f253397bee	tjupan_bacillus_subtilis_main_737474f253397bee	discovery	1	17	2	17	-51.5	+	AATTGGCAATCTGACA	3.103623867034912
EMB_multiscale_C01	tjupan_bacillus_subtilis_main_c9bc5ed233eba13a	tjupan_bacillus_subtilis_main_c9bc5ed233eba13a	discovery	1	17	2	17	-51.5	+	CTGGAAACCATTATTT	3.1181938648223877
EMB_multiscale_C01	tjupan_bacillus_subtilis_main_45683747106d08bd	tjupan_bacillus_subtilis_main_45683747106d08bd	discovery	29	45	30	45	-23.5	+	ACATATGTTCAAAAGT	3.123373031616211
EMB_multiscale_C01	tjupan_bacillus_subtilis_main_66bdec0f6e49230b	dbtbs_bsub_core_66bdec0f6e49230b	discovery	20	36	21	36	-32.5	+	TGTCAATGAACTATCA	3.1350045204162598
EMB_multiscale_C01	tjupan_bacillus_subtilis_main_b11aff47b9c426f3	dbtbs_bsub_core_b11aff47b9c426f3	discovery	10	26	11	26	-42.5	+	CGCTGAATCATAAAGC	3.1383402347564697
EMB_multiscale_C01	tjupan_bacillus_subtilis_main_834e21e1951468f3	tjupan_bacillus_subtilis_main_834e21e1951468f3	discovery	22	38	23	38	-30.5	+	TGAAGTGAAACATTTT	3.1525707244873047
EMB_multiscale_C01	tjupan_bacillus_subtilis_main_cb2c7c4f94201384	tjupan_bacillus_subtilis_main_cb2c7c4f94201384	discovery	57	73	58	73	4.5	+	AATATCTTGAAATCGA	3.1566290855407715
EMB_multiscale_C01	tjupan_bacillus_subtilis_main_4e48cd3162b15e74	tjupan_bacillus_subtilis_main_4e48cd3162b15e74	discovery	50	66	51	66	-2.5	+	AATATGATTCAAACAA	3.157275676727295
EMB_multiscale_C01	tjupan_bacillus_subtilis_main_9f03f134e6b67be2	tjupan_bacillus_subtilis_main_9f03f134e6b67be2	discovery	56	72	57	72	3.5	+	ATCATTCATAAAGCAA	3.1644721031188965
EMB_multiscale_C01	tjupan_bacillus_subtilis_main_3ed5570d9bd715ae	dbtbs_bsub_core_0561dd78dc44b145	discovery	15	31	16	31	-37.5	+	AACAAAATGATTGACG	3.172973871231079
EMB_multiscale_C01	tjupan_bacillus_subtilis_main_0d7b08433a8f6233	tjupan_bacillus_subtilis_main_0d7b08433a8f6233	discovery	23	39	24	39	-29.5	+	AAACCGAATATTTGCC	3.178044080734253
EMB_multiscale_C01	tjupan_bacillus_subtilis_main_6e989f822c0894af	dbtbs_bsub_core_bb5ca17cb9317fea	discovery	32	48	33	48	-20.5	+	TATTAACAAATGATGG	3.193901777267456
EMB_multiscale_C01	tjupan_bacillus_subtilis_main_342a4291e30f5e80	dbtbs_bsub_core_342a4291e30f5e80	discovery	10	26	11	26	-42.5	+	TCACAAAAGATTTATG	3.199350357055664
EMB_multiscale_C01	tjupan_bacillus_subtilis_main_36eed70446e6810b	dbtbs_bsub_core_36eed70446e6810b	discovery	31	47	32	47	-21.5	+	AAGAAATATTCACGTT	3.2143185138702393
EMB_multiscale_C01	tjupan_bacillus_subtilis_main_b47674f2cd66e067	tjupan_bacillus_subtilis_main_b47674f2cd66e067	discovery	1	17	2	17	-51.5	+	GGGAAAATTGTATATC	3.214832067489624
EMB_multiscale_C01	tjupan_bacillus_subtilis_main_f7fb3b6a673b2fe9	dbtbs_bsub_core_4c8b5a3cc4c24c6c	discovery	9	25	10	25	-43.5	+	TATAACCAATTTGAGG	3.2235686779022217
EMB_multiscale_C01	tjupan_bacillus_subtilis_main_b7cebcbae1ca8171	dbtbs_bsub_core_342a4291e30f5e80	discovery	1	17	2	17	-51.5	+	TTCACAAAAGATTTAT	3.2431206703186035
EMB_multiscale_C01	tjupan_bacillus_subtilis_main_50224837ca8eceb5	dbtbs_bsub_core_50224837ca8eceb5	discovery	32	48	33	48	-20.5	+	ATCTTGATCATTGGTT	3.2516119480133057
EMB_multiscale_C01	tjupan_bacillus_subtilis_main_980ab95cde029f78	tjupan_bacillus_subtilis_main_980ab95cde029f78	discovery	16	32	17	32	-36.5	+	TTAACTCATTGACAAA	3.252572536468506
EMB_multiscale_C01	tjupan_bacillus_subtilis_main_d9cd9789d0fb01a3	dbtbs_bsub_core_c190339743385950	discovery	44	60	45	60	-8.5	+	TTTTCGACAAATATTA	3.26304292678833
EMB_multiscale_C01	tjupan_bacillus_subtilis_main_85511e0264f2e3b8	dbtbs_bsub_core_35445cef3104bf74	discovery	22	38	23	38	-30.5	+	TTCTTTGGAAATAACA	3.2683393955230713
EMB_multiscale_C01	tjupan_bacillus_subtilis_main_10eda96ea4199e8c	dbtbs_bsub_core_10eda96ea4199e8c	discovery	25	41	26	41	-27.5	+	TGGGATAATTCAAAAT	3.268927812576294
EMB_multiscale_C01	tjupan_bacillus_subtilis_main_1db11a6d86ff5865	tjupan_bacillus_subtilis_main_1db11a6d86ff5865	discovery	31	47	32	47	-21.5	+	ATATTCAATTGTCCAT	3.2773196697235107
EMB_multiscale_C01	tjupan_bacillus_subtilis_main_61d216a2a24189d0	dbtbs_bsub_core_61d216a2a24189d0	discovery	37	53	38	53	-15.5	+	CATGACAATGTTTAAA	3.278791666030884
EMB_multiscale_C01	tjupan_bacillus_subtilis_main_c5aa2a2f04401e51	tjupan_bacillus_subtilis_main_c5aa2a2f04401e51	discovery	9	25	10	25	-43.5	+	GGTGATTTAATGGCAA	3.278961181640625
EMB_multiscale_C01	tjupan_bacillus_subtilis_main_282b0a85bf46906b	tjupan_bacillus_subtilis_main_282b0a85bf46906b	discovery	37	53	38	53	-15.5	+	GCAAACAAGATTATTC	3.280546188354492
EMB_multiscale_C01	tjupan_bacillus_subtilis_main_f05d30123c592277	dbtbs_bsub_core_f05d30123c592277	discovery	11	27	12	27	-41.5	+	AATTTTCAAATGAGAA	3.282485246658325
EMB_multiscale_C01	tjupan_bacillus_subtilis_main_1a8b81622422b81c	dbtbs_bsub_core_045e4f174337aedd	discovery	29	45	30	45	-23.5	+	AAAACCTTATGAATAC	3.284663677215576
EMB_multiscale_C01	tjupan_bacillus_subtilis_main_bcbef8350d7925db	tjupan_bacillus_subtilis_main_bcbef8350d7925db	discovery	46	62	47	62	-6.5	+	CGATAATGTTGAACAA	3.2857613563537598
EMB_multiscale_C01	tjupan_bacillus_subtilis_main_256978383d162d01	dbtbs_bsub_core_256978383d162d01	discovery	53	69	54	69	0.5	+	ACAGCTTGGAAATTGA	3.2927069664001465
EMB_multiscale_C01	tjupan_bacillus_subtilis_main_51e2f43063a3baab	tjupan_bacillus_subtilis_main_51e2f43063a3baab	discovery	47	63	48	63	-5.5	+	TTTATGATAAACTCAA	3.2975516319274902
EMB_multiscale_C01	tjupan_bacillus_subtilis_main_01ae3d26fad13b71	dbtbs_bsub_core_7a9c3b7d79cfafb8	discovery	2	18	3	18	-50.5	+	TAAAATTGAATATTCC	3.3104500770568848
EMB_multiscale_C01	tjupan_bacillus_subtilis_main_e66d1eb3358cf03d	dbtbs_bsub_core_601150b85493a7a1	discovery	20	36	21	36	-32.5	+	GGAAAAGCACATTGTA	3.313373327255249
EMB_multiscale_C01	tjupan_bacillus_subtilis_main_41b76e09c674d652	dbtbs_bsub_core_41b76e09c674d652	discovery	30	46	31	46	-22.5	+	TCGTTTCATGAACCGA	3.3354549407958984
EMB_multiscale_C01	tjupan_bacillus_subtilis_main_4cf64b5587e1d04e	dbtbs_bsub_core_4cf64b5587e1d04e	discovery	56	72	57	72	3.5	+	TGAAGAAACATATTGT	3.3423757553100586
EMB_multiscale_C01	tjupan_bacillus_subtilis_main_08d810e756c7d81b	tjupan_bacillus_subtilis_main_08d810e756c7d81b	discovery	65	81	66	81	12.5	+	AGATGTCAAGAATTTC	3.3464598655700684
EMB_multiscale_C01	tjupan_bacillus_subtilis_main_14a46634ed7dcff0	tjupan_bacillus_subtilis_main_14a46634ed7dcff0	discovery	61	77	62	77	8.5	+	GTTGATATTTCAACAC	3.3602452278137207
EMB_multiscale_C01	tjupan_bacillus_subtilis_main_92c71ea9f3febc7f	dbtbs_bsub_core_c2ee7abb48038f6f	discovery	65	81	66	81	12.5	+	TAAAAATTTGCAGTAG	3.3761069774627686
EMB_multiscale_C01	tjupan_bacillus_subtilis_main_d33162cb12a5a549	tjupan_bacillus_subtilis_main_d33162cb12a5a549	discovery	49	65	50	65	-3.5	+	TAATTTAGATCAAAAG	3.3793070316314697
EMB_multiscale_C01	tjupan_bacillus_subtilis_main_5e3ef261f40425ef	tjupan_bacillus_subtilis_main_5e3ef261f40425ef	discovery	32	48	33	48	-20.5	+	TGTCGAAACTTGATGG	3.381361484527588
EMB_multiscale_C01	tjupan_bacillus_subtilis_main_9d589577eb1cbe67	tjupan_bacillus_subtilis_main_9d589577eb1cbe67	discovery	51	67	52	67	-1.5	+	ACTAATTTCAAGCGAG	3.385922431945801
EMB_multiscale_C01	tjupan_bacillus_subtilis_main_52267ea931cb2dd7	dbtbs_bsub_core_b35218f45c0f11c8	discovery	9	25	10	25	-43.5	+	GTTTACATGATCAACA	3.393198251724243
EMB_multiscale_C01	tjupan_bacillus_subtilis_main_9ab6c96db0706f0e	dbtbs_bsub_core_c190339743385950	discovery	38	54	39	54	-14.5	+	TTTTCGACAAATATTA	3.401585340499878
EMB_multiscale_C01	tjupan_bacillus_subtilis_main_fc6071b9027316a7	tjupan_bacillus_subtilis_main_fc6071b9027316a7	discovery	17	33	18	33	-35.5	+	AGAATTTAAATGCATA	3.403942346572876
EMB_multiscale_C01	tjupan_bacillus_subtilis_main_9d5c52bb0fa0ffad	dbtbs_bsub_core_9d5c52bb0fa0ffad	discovery	59	75	60	75	6.5	+	CAGTAATGATTGCATT	3.4061779975891113
EMB_multiscale_C01	tjupan_bacillus_subtilis_main_dc65c8922842b20f	tjupan_bacillus_subtilis_main_dc65c8922842b20f	discovery	14	30	15	30	-38.5	+	CCCAATTTGAAATCCT	3.413813829421997
EMB_multiscale_C01	tjupan_bacillus_subtilis_main_be897b68bd393df0	dbtbs_bsub_core_be897b68bd393df0	discovery	46	62	47	62	-6.5	+	GGGAAATGATCAGTAA	3.4159066677093506
EMB_multiscale_C01	tjupan_bacillus_subtilis_main_48b85a8a5c19ece4	dbtbs_bsub_core_7730e205ee5d9991	discovery	65	81	66	81	12.5	+	AAAACATATTGAAAAG	3.4218616485595703
EMB_multiscale_C01	tjupan_bacillus_subtilis_main_3e1210c1f898bc48	dbtbs_bsub_core_42eaa371353368b2	discovery	3	19	4	19	-49.5	+	GTTAAGAATCCTTACA	3.4223952293395996
EMB_multiscale_C01	tjupan_bacillus_subtilis_main_7e538c30b860aa5a	tjupan_bacillus_subtilis_main_7e538c30b860aa5a	discovery	7	23	8	23	-45.5	+	GAATTTCATGAATGTA	3.429110050201416
EMB_multiscale_C01	tjupan_bacillus_subtilis_main_daaf0c7fa42ef2fa	dbtbs_bsub_core_ef9625ff29774e65	discovery	19	35	20	35	-33.5	+	ATTGATTGCAACCTGA	3.4317386150360107
EMB_multiscale_C01	tjupan_bacillus_subtilis_main_bebf1b31befd9c3c	dbtbs_bsub_core_bebf1b31befd9c3c	discovery	1	17	2	17	-51.5	+	AATTCACAAGTAATAT	3.43222975730896
EMB_multiscale_C01	tjupan_bacillus_subtilis_main_1dc6ad16ab0331f8	tjupan_bacillus_subtilis_main_1dc6ad16ab0331f8	discovery	27	43	28	43	-25.5	+	AACCTTTATGCAAAAA	3.435030698776245
EMB_multiscale_C01	tjupan_bacillus_subtilis_main_d497e040ececfdff	dbtbs_bsub_core_a797439cbe2b0d85	discovery	51	67	52	67	-1.5	+	ATATGAGTTCAACAAA	3.4375863075256348
EMB_multiscale_C01	tjupan_bacillus_subtilis_main_d24ab9ea2522f43e	dbtbs_bsub_core_e391b9fe5a0b653f	discovery	24	40	25	40	-28.5	+	TAGCATATTCCCAAAA	3.438898801803589
EMB_multiscale_C01	tjupan_bacillus_subtilis_main_3adf706b5413c6ce	tjupan_bacillus_subtilis_main_3adf706b5413c6ce	discovery	60	76	61	76	7.5	+	AAAAACATTTGATAAG	3.443119525909424
EMB_multiscale_C01	tjupan_bacillus_subtilis_main_ecef2875a7a372ba	dbtbs_bsub_core_ecef2875a7a372ba	discovery	37	53	38	53	-15.5	+	CACGATTTGATAAAAT	3.457873821258545
EMB_multiscale_C01	tjupan_bacillus_subtilis_main_4059ca0cce5522a4	tjupan_bacillus_subtilis_main_4059ca0cce5522a4	discovery	18	34	19	34	-34.5	+	TTATCACTTGAAATTG	3.4693362712860107
EMB_multiscale_C01	tjupan_bacillus_subtilis_main_9361e0f82edaa017	tjupan_bacillus_subtilis_main_9361e0f82edaa017	discovery	7	23	8	23	-45.5	+	ATTTTAAATCAGCAAT	3.4818432331085205
EMB_multiscale_C01	tjupan_bacillus_subtilis_main_8bf0684d999843b1	dbtbs_bsub_core_8bf0684d999843b1	discovery	44	60	45	60	-8.5	+	TGGGAACAATGATTCG	3.4858405590057373
EMB_multiscale_C01	tjupan_bacillus_subtilis_main_57cb99253c19d2b6	tjupan_bacillus_subtilis_main_57cb99253c19d2b6	discovery	9	25	10	25	-43.5	+	GTTGAATGATAATCGT	3.490253448486328
EMB_multiscale_C01	tjupan_bacillus_subtilis_main_666dd7e391a36890	dbtbs_bsub_core_666dd7e391a36890	discovery	4	20	5	20	-48.5	+	TCTGGTTGATCAGAAA	3.4951024055480957
EMB_multiscale_C01	tjupan_bacillus_subtilis_main_61e92334116d4289	dbtbs_bsub_core_946ad3835c6af00d	discovery	8	24	9	24	-44.5	+	AAGGAAATCATTACAA	3.5048394203186035
EMB_multiscale_C01	tjupan_bacillus_subtilis_main_9e087715e3522ed4	dbtbs_bsub_core_b3df5d74f56f0610	discovery	63	79	64	79	10.5	+	GACAACAATCGATGGA	3.5185346603393555
EMB_multiscale_C01	tjupan_bacillus_subtilis_main_d1b10b64ac040b8c	dbtbs_bsub_core_3a6c62def340fb72	discovery	30	46	31	46	-22.5	+	CTTTATTGACCAAAAA	3.5258617401123047
EMB_multiscale_C01	tjupan_bacillus_subtilis_main_2b799cc13a596bcd	tjupan_bacillus_subtilis_main_2b799cc13a596bcd	discovery	56	72	57	72	3.5	+	TATAAGGAATTCACCC	3.526531934738159
EMB_multiscale_C01	tjupan_bacillus_subtilis_main_4915fc510c1f847f	tjupan_bacillus_subtilis_main_4915fc510c1f847f	discovery	40	56	41	56	-12.5	+	ATTATCATTTAAAGTG	3.5283820629119873
EMB_multiscale_C01	tjupan_bacillus_subtilis_main_e2f816d3420810f5	dbtbs_bsub_core_8f473f826c608a81	discovery	63	79	64	79	10.5	+	ATCTGTGGAAATCGAT	3.5334720611572266
EMB_multiscale_C01	tjupan_bacillus_subtilis_main_618f0dc5c0847866	dbtbs_bsub_core_e2f191a04a63a5f0	discovery	2	18	3	18	-50.5	+	CTTTTCATAAATTCAA	3.5381531715393066
EMB_multiscale_C01	tjupan_bacillus_subtilis_main_9296390fae4fd68d	tjupan_bacillus_subtilis_main_9296390fae4fd68d	discovery	2	18	3	18	-50.5	+	TGTCATGAAAGTATTA	3.554577112197876
EMB_multiscale_C01	tjupan_bacillus_subtilis_main_a9fde0fdd238b261	dbtbs_bsub_core_06588c97cd7288a8	discovery	63	79	64	79	10.5	+	AAACCGTCAATATGTT	3.5627315044403076
EMB_multiscale_C01	tjupan_bacillus_subtilis_main_fb689c0625deec2e	dbtbs_bsub_core_bf9535fab79dbf8f	discovery	0	16	1	16	-52.5	+	TTCACAAGATTGTTAG	3.564610481262207
EMB_multiscale_C01	tjupan_bacillus_subtilis_main_dc1d0e364ea2d865	tjupan_bacillus_subtilis_main_dc1d0e364ea2d865	discovery	62	78	63	78	9.5	+	ATGTGATCAAGCAATG	3.564713716506958
EMB_multiscale_C01	tjupan_bacillus_subtilis_main_b7c0b4323e70fc71	dbtbs_bsub_core_b7c0b4323e70fc71	discovery	20	36	21	36	-32.5	+	TTTATATGAAACCTTT	3.578881025314331
EMB_multiscale_C01	tjupan_bacillus_subtilis_main_2a051d7d075d7920	tjupan_bacillus_subtilis_main_2a051d7d075d7920	discovery	52	68	53	68	-0.5	+	TTATGATGAAAGCGTA	3.5801408290863037
EMB_multiscale_C01	tjupan_bacillus_subtilis_main_a43a1f032db2e49e	dbtbs_bsub_core_872c1380ac7bb81f	discovery	28	44	29	44	-24.5	+	CGTTAACAATGCATTG	3.5808403491973877
EMB_multiscale_C01	tjupan_bacillus_subtilis_main_af51a9f7939c4cfb	dbtbs_bsub_core_49fc6b8175a85db6	discovery	31	47	32	47	-21.5	+	CAACTGTCAATGAGAG	3.581069231033325
EMB_multiscale_C01	tjupan_bacillus_subtilis_main_3741d9dc6611d95f	tjupan_bacillus_subtilis_main_3741d9dc6611d95f	discovery	25	41	26	41	-27.5	+	TTGAGAATTCATAGTG	3.5907082557678223
EMB_multiscale_C01	tjupan_bacillus_subtilis_main_f45d38a5e15ccc93	dbtbs_bsub_core_5dbc73ad42aeab56	discovery	33	49	34	49	-19.5	+	TTGTTCCGCAAATAAT	3.5970685482025146
EMB_multiscale_C01	tjupan_bacillus_subtilis_main_d0e455b1c91ba281	dbtbs_bsub_core_f6e924d0656980ad	discovery	27	43	28	43	-25.5	+	GAAAGTTCCATCTGAT	3.6040804386138916
EMB_multiscale_C01	tjupan_bacillus_subtilis_main_a26ee3e07cf1eedf	dbtbs_bsub_core_a26ee3e07cf1eedf	discovery	7	23	8	23	-45.5	+	GAAAATTTCATAATAT	3.6201014518737793
EMB_multiscale_C01	tjupan_bacillus_subtilis_main_91723abad13f63e4	tjupan_bacillus_subtilis_main_91723abad13f63e4	discovery	9	25	10	25	-43.5	+	TTTTCAGAAATTTATA	3.6202192306518555
EMB_multiscale_C01	tjupan_bacillus_subtilis_main_89a40bf9e0650967	dbtbs_bsub_core_89a40bf9e0650967	discovery	0	16	1	16	-52.5	+	AAAAATTGACGTTCAC	3.6252501010894775
EMB_multiscale_C01	tjupan_bacillus_subtilis_main_8e4b7e6c519e170f	tjupan_bacillus_subtilis_main_8e4b7e6c519e170f	discovery	32	48	33	48	-20.5	+	TCTCATGCGAATAAAA	3.634192705154419
EMB_multiscale_C01	tjupan_bacillus_subtilis_main_f452c4bef1ed8b92	dbtbs_bsub_core_f452c4bef1ed8b92	discovery	0	16	1	16	-52.5	+	AAAAATGATACCGAGT	3.6405296325683594
EMB_multiscale_C01	tjupan_bacillus_subtilis_main_93b5da0b5f842573	dbtbs_bsub_core_93b5da0b5f842573	discovery	50	66	51	66	-2.5	+	AACTAACAATGTTTGG	3.6408660411834717
EMB_multiscale_C01	tjupan_bacillus_subtilis_main_90a64d4511c49526	dbtbs_bsub_core_90a64d4511c49526	discovery	49	65	50	65	-3.5	+	TATTAAATTGCGATTG	3.642263650894165
EMB_multiscale_C01	tjupan_bacillus_subtilis_main_74de924b5fe0230a	dbtbs_bsub_core_74de924b5fe0230a	discovery	60	76	61	76	7.5	+	TAAATCAAATCACTAG	3.6468608379364014
EMB_multiscale_C01	tjupan_bacillus_subtilis_main_32548c7fec9dc4f2	dbtbs_bsub_core_32548c7fec9dc4f2	discovery	18	34	19	34	-34.5	+	CAAAAATTGTATGATC	3.6505374908447266
EMB_multiscale_C01	tjupan_bacillus_subtilis_main_7358cf40e4efa482	tjupan_bacillus_subtilis_main_7358cf40e4efa482	discovery	48	64	49	64	-4.5	+	TTAAAATGCTTGATAT	3.6612017154693604
EMB_multiscale_C01	tjupan_bacillus_subtilis_main_49d5f09ecdaa68d2	dbtbs_bsub_core_2fc6766ca8c365d3	discovery	7	23	8	23	-45.5	+	ACAGCAGGAATTTAAT	3.6822426319122314
EMB_multiscale_C01	tjupan_bacillus_subtilis_main_583caee20795a363	dbtbs_bsub_core_eb847cafc60502c2	discovery	36	52	37	52	-16.5	+	AAAAATCATGAGTATA	3.6872191429138184
EMB_multiscale_C01	tjupan_bacillus_subtilis_main_76909c0ebd8db916	dbtbs_bsub_core_d5153844984277ea	discovery	15	31	16	31	-37.5	+	TTTAAAATGCTTGATA	3.6873741149902344
EMB_multiscale_C01	tjupan_bacillus_subtilis_main_ab3313558a015086	dbtbs_bsub_core_ab3313558a015086	discovery	13	29	14	29	-39.5	+	ATAGAAAATGTCGTTG	3.690114974975586
EMB_multiscale_C01	tjupan_bacillus_subtilis_main_3c72a88384ee6013	tjupan_bacillus_subtilis_main_3c72a88384ee6013	discovery	38	54	39	54	-14.5	+	AGAGACAATCCGATAT	3.691833257675171
EMB_multiscale_C01	tjupan_bacillus_subtilis_main_cb8c6e383b33abd4	dbtbs_bsub_core_cb8c6e383b33abd4	discovery	28	44	29	44	-24.5	+	ACTTTCTTATGAAAAA	3.704577684402466
EMB_multiscale_C01	tjupan_bacillus_subtilis_main_dccf4ca03cd1642b	dbtbs_bsub_core_dccf4ca03cd1642b	discovery	20	36	21	36	-32.5	+	AAAAATTGACATTTCA	3.717787981033325
EMB_multiscale_C01	tjupan_bacillus_subtilis_main_9daaa0d103ffad86	dbtbs_bsub_core_9daaa0d103ffad86	discovery	43	59	44	59	-9.5	+	ACTGATAAACTTGATT	3.7302513122558594
EMB_multiscale_C01	tjupan_bacillus_subtilis_main_78caf7680ac9ae4c	tjupan_bacillus_subtilis_main_78caf7680ac9ae4c	discovery	36	52	37	52	-16.5	+	TGGATTGAACAATTTA	3.7370986938476562
EMB_multiscale_C01	tjupan_bacillus_subtilis_main_1c375491ec2245f4	tjupan_bacillus_subtilis_main_1c375491ec2245f4	discovery	17	33	18	33	-35.5	+	GCCATTTATGAAAGTT	3.744019031524658
EMB_multiscale_C01	tjupan_bacillus_subtilis_main_71a2a4c64c087430	tjupan_bacillus_subtilis_main_71a2a4c64c087430	discovery	65	81	66	81	12.5	+	CTTTCATTCAATGATA	3.7506046295166016
EMB_multiscale_C01	tjupan_bacillus_subtilis_main_412fe696982b64f9	dbtbs_bsub_core_412fe696982b64f9	discovery	19	35	20	35	-33.5	+	TTTCGGTGATAAAAAC	3.752872943878174
EMB_multiscale_C01	tjupan_bacillus_subtilis_main_a0eee3dddaf07ac3	tjupan_bacillus_subtilis_main_a0eee3dddaf07ac3	discovery	65	81	66	81	12.5	+	AGGGCTGATTCACAAT	3.77134370803833
EMB_multiscale_C01	tjupan_bacillus_subtilis_main_eaa75817f87b3088	dbtbs_bsub_core_71c43b52121900cc	discovery	30	46	31	46	-22.5	+	CAGAAAATATTCATTC	3.773672580718994
EMB_multiscale_C01	tjupan_bacillus_subtilis_main_e2d1119cb664dabf	dbtbs_bsub_core_954deecd8ab02ea9	discovery	13	29	14	29	-39.5	+	CTCCAGATTTGCATGC	3.775972366333008
EMB_multiscale_C01	tjupan_bacillus_subtilis_main_e9623f8193af34e0	dbtbs_bsub_core_e9623f8193af34e0	discovery	2	18	3	18	-50.5	+	AAATGGAACCATGCCG	3.777092933654785
EMB_multiscale_C01	tjupan_bacillus_subtilis_main_06d485c4aaa12e15	dbtbs_bsub_core_06d485c4aaa12e15	discovery	52	68	53	68	-0.5	+	TGATATGGAATCTGAT	3.7861979007720947
EMB_multiscale_C01	tjupan_bacillus_subtilis_main_b88f3e08d3d51af5	tjupan_bacillus_subtilis_main_b88f3e08d3d51af5	discovery	9	25	10	25	-43.5	+	GGCTGTGAAATACATC	3.790231943130493
EMB_multiscale_C01	tjupan_bacillus_subtilis_main_ef6dc517178d6adf	dbtbs_bsub_core_ef6dc517178d6adf	discovery	64	80	65	80	11.5	+	GAAAATGAGATTTCAA	3.791311502456665
EMB_multiscale_C01	tjupan_bacillus_subtilis_main_ade9dc791ab39f6c	dbtbs_bsub_core_ade9dc791ab39f6c	discovery	30	46	31	46	-22.5	+	ACGTTCATTTAAAAAG	3.7939205169677734
EMB_multiscale_C01	tjupan_bacillus_subtilis_main_1f2ca280ccaab774	tjupan_bacillus_subtilis_main_1f2ca280ccaab774	discovery	22	38	23	38	-30.5	+	ATAATTGAAATTCTCT	3.7957088947296143
EMB_multiscale_C01	tjupan_bacillus_subtilis_main_88d6ae8ec11f6e65	tjupan_bacillus_subtilis_main_88d6ae8ec11f6e65	discovery	14	30	15	30	-38.5	+	ACAAAATTACTTGACG	3.7962193489074707
EMB_multiscale_C01	tjupan_bacillus_subtilis_main_ff61268918c0af5d	tjupan_bacillus_subtilis_main_ff61268918c0af5d	discovery	19	35	20	35	-33.5	+	AACCAAAGCATGTATC	3.7971031665802
EMB_multiscale_C01	tjupan_bacillus_subtilis_main_0e56c5fe6c5d0db0	dbtbs_bsub_core_cfddcd51a76889fd	discovery	1	17	2	17	-51.5	+	GGGCGAATTTCCAACC	3.797489643096924
EMB_multiscale_C01	tjupan_bacillus_subtilis_main_6514a11d381455ae	tjupan_bacillus_subtilis_main_6514a11d381455ae	discovery	24	40	25	40	-28.5	+	ACCGTAAATCCTTTCT	3.8048884868621826
EMB_multiscale_C01	tjupan_bacillus_subtilis_main_4181c9b10d028c59	dbtbs_bsub_core_f859289dc167ed3a	discovery	18	34	19	34	-34.5	+	TAAGTGATTGACAAAA	3.8087704181671143
EMB_multiscale_C01	tjupan_bacillus_subtilis_main_1478640e036e0224	dbtbs_bsub_core_1478640e036e0224	discovery	27	43	28	43	-25.5	+	GAAAAATTGACTGCTG	3.818390130996704
EMB_multiscale_C01	tjupan_bacillus_subtilis_main_49e8e3a6681b011d	dbtbs_bsub_core_e14a6f906af1fa54	discovery	58	74	59	74	5.5	+	TTGTCATTGAGATTCA	3.818959951400757
EMB_multiscale_C01	tjupan_bacillus_subtilis_main_dbd8ff77ae99e6b2	dbtbs_bsub_core_dbd8ff77ae99e6b2	discovery	49	65	50	65	-3.5	+	TAAATGGAATTGTAAA	3.821908950805664
EMB_multiscale_C01	tjupan_bacillus_subtilis_main_9571d32ab22eb9a0	dbtbs_bsub_core_9571d32ab22eb9a0	discovery	13	29	14	29	-39.5	+	GATCACTTTGAAATGA	3.82831072807312
EMB_multiscale_C01	tjupan_bacillus_subtilis_main_67a9ae83c973a42d	tjupan_bacillus_subtilis_main_67a9ae83c973a42d	discovery	24	40	25	40	-28.5	+	ATGTTTATCCAAAGAG	3.8348300457000732
EMB_multiscale_C01	tjupan_bacillus_subtilis_main_e70fb70b66e1d829	tjupan_bacillus_subtilis_main_e70fb70b66e1d829	discovery	0	16	1	16	-52.5	+	ATTCGACAATTGCGGT	3.8356423377990723
EMB_multiscale_C01	tjupan_bacillus_subtilis_main_18d5be8d5c4f9a22	tjupan_bacillus_subtilis_main_18d5be8d5c4f9a22	discovery	33	49	34	49	-19.5	+	CTTCGTTCAAATAAGG	3.842341423034668
EMB_multiscale_C01	tjupan_bacillus_subtilis_main_729454a84a667dd8	dbtbs_bsub_core_729454a84a667dd8	discovery	0	16	1	16	-52.5	+	ATTTCATAAATCTTTT	3.842616558074951
EMB_multiscale_C01	tjupan_bacillus_subtilis_main_71eaf5cbf249113b	dbtbs_bsub_core_71eaf5cbf249113b	discovery	54	70	55	70	1.5	+	AAAATTGTGATAAAAT	3.845268964767456
EMB_multiscale_C01	tjupan_bacillus_subtilis_main_917572a2414a52f7	tjupan_bacillus_subtilis_main_917572a2414a52f7	discovery	6	22	7	22	-46.5	+	ACATCAAATGACAAAG	3.8466594219207764
EMB_multiscale_C01	tjupan_bacillus_subtilis_main_a1ad6ce2d20c389b	dbtbs_bsub_core_539bc60476254ff5	discovery	27	43	28	43	-25.5	+	TGATTTTCAACAGTGA	3.853370428085327
EMB_multiscale_C01	tjupan_bacillus_subtilis_main_26786ec6f94b1750	dbtbs_bsub_core_26786ec6f94b1750	discovery	21	37	22	37	-31.5	+	GAGATTGATCCCAAAG	3.860497236251831
EMB_multiscale_C01	tjupan_bacillus_subtilis_main_3be839d09df1dbe1	dbtbs_bsub_core_3be839d09df1dbe1	discovery	21	37	22	37	-31.5	+	GATTGACGAATCAAAA	3.8622469902038574
EMB_multiscale_C01	tjupan_bacillus_subtilis_main_db7eebd0b9425a4f	dbtbs_bsub_core_db7eebd0b9425a4f	discovery	49	65	50	65	-3.5	+	TACTAATGATTGAAAG	3.86344051361084
EMB_multiscale_C01	tjupan_bacillus_subtilis_main_32aff5c8192321bb	dbtbs_bsub_core_76636d30cbe1eec3	discovery	16	32	17	32	-36.5	+	TGATTTCTGGTCAAAA	3.873115301132202
EMB_multiscale_C01	tjupan_bacillus_subtilis_main_da7f3c0608c35165	dbtbs_bsub_core_da7f3c0608c35165	discovery	9	25	10	25	-43.5	+	AATCATGAAACATGTT	3.8767480850219727
EMB_multiscale_C01	tjupan_bacillus_subtilis_main_4d08fa1f606ad269	tjupan_bacillus_subtilis_main_4d08fa1f606ad269	discovery	36	52	37	52	-16.5	+	ACCTTTGCAATGAAAA	3.880128860473633
EMB_multiscale_C01	tjupan_bacillus_subtilis_main_80add31ceb4a1382	tjupan_bacillus_subtilis_main_80add31ceb4a1382	discovery	14	30	15	30	-38.5	+	TTCTTTTGACAAAATC	3.883812665939331
EMB_multiscale_C01	tjupan_bacillus_subtilis_main_56fbf5e1ebfb46d1	dbtbs_bsub_core_56fbf5e1ebfb46d1	discovery	3	19	4	19	-49.5	+	CATATTTCTGAAAAAA	3.8971550464630127
EMB_multiscale_C01	tjupan_bacillus_subtilis_main_c12152f72b444aff	tjupan_bacillus_subtilis_main_c12152f72b444aff	discovery	22	38	23	38	-30.5	+	AAGAATGAAACCTTTC	3.899219036102295
EMB_multiscale_C01	tjupan_bacillus_subtilis_main_b24feeda89db5dfd	dbtbs_bsub_core_b24feeda89db5dfd	discovery	54	70	55	70	1.5	+	GAAAACAGGTCATTTT	3.900465250015259
EMB_multiscale_C01	tjupan_bacillus_subtilis_main_9a6d97baf1c02d30	dbtbs_bsub_core_9a6d97baf1c02d30	discovery	20	36	21	36	-32.5	+	TTTATTTGACAAAAAT	3.9113941192626953
EMB_multiscale_C01	tjupan_bacillus_subtilis_main_3ac22b11e92c0ec1	tjupan_bacillus_subtilis_main_3ac22b11e92c0ec1	discovery	24	40	25	40	-28.5	+	CAAGAAAATGGCATGA	3.920637369155884
EMB_multiscale_C01	tjupan_bacillus_subtilis_main_e1fd6875b30f4c73	dbtbs_bsub_core_e1fd6875b30f4c73	discovery	13	29	14	29	-39.5	+	TTATGAAAATTGCCTG	3.9238996505737305
EMB_multiscale_C01	tjupan_bacillus_subtilis_main_94d81586c680a254	tjupan_bacillus_subtilis_main_94d81586c680a254	discovery	53	69	54	69	0.5	+	ACTAAAAATCATCATT	3.925187826156616
EMB_multiscale_C01	tjupan_bacillus_subtilis_main_359df7c8e20abe4e	tjupan_bacillus_subtilis_main_359df7c8e20abe4e	discovery	41	57	42	57	-11.5	+	TGAAAGCTCAATATGA	3.9286715984344482
EMB_multiscale_C01	tjupan_bacillus_subtilis_main_0d390d7bf47f6ae0	tjupan_bacillus_subtilis_main_0d390d7bf47f6ae0	discovery	5	21	6	21	-47.5	+	AAATGCTTCAAATGGC	3.928997278213501
EMB_multiscale_C01	tjupan_bacillus_subtilis_main_e62d7e001687b19a	tjupan_bacillus_subtilis_main_e62d7e001687b19a	discovery	31	47	32	47	-21.5	+	AAAAGAATTGTGAGCG	3.931311845779419
EMB_multiscale_C01	tjupan_bacillus_subtilis_main_4fc356ae4cdf5a10	dbtbs_bsub_core_89ad3abb800dad9f	discovery	64	80	65	80	11.5	+	ATAAAATTGCAGCAGT	3.932323694229126
EMB_multiscale_C01	tjupan_bacillus_subtilis_main_993a308bb6e190e1	dbtbs_bsub_core_993a308bb6e190e1	discovery	10	26	11	26	-42.5	+	AACAAAATCTCATGGT	3.9524166584014893
EMB_multiscale_C01	tjupan_bacillus_subtilis_main_86c973796d10f50f	dbtbs_bsub_core_86c973796d10f50f	discovery	2	18	3	18	-50.5	+	GCAGAAAATTGGTTAT	3.9555864334106445
EMB_multiscale_C01	tjupan_bacillus_subtilis_main_66846fa14c29dbc1	dbtbs_bsub_core_89ab3601fa8ac055	discovery	62	78	63	78	9.5	+	ATAAATTTTGCAGAAA	3.961888313293457
EMB_multiscale_C01	tjupan_bacillus_subtilis_main_024ba149e95dcf1a	tjupan_bacillus_subtilis_main_024ba149e95dcf1a	discovery	21	37	22	37	-31.5	+	TCCGCATGATTTTCCG	3.971013307571411
EMB_multiscale_C01	tjupan_bacillus_subtilis_main_e84ae283b7981830	tjupan_bacillus_subtilis_main_e84ae283b7981830	discovery	8	24	9	24	-44.5	+	TTGGGAATGAATATAG	3.9747562408447266
EMB_multiscale_C01	tjupan_bacillus_subtilis_main_5b5f9b9ad371b1b0	tjupan_bacillus_subtilis_main_5b5f9b9ad371b1b0	discovery	24	40	25	40	-28.5	+	GTATCAATTCGCAAGC	3.98213267326355
EMB_multiscale_C01	tjupan_bacillus_subtilis_main_cf3def291394eeb9	tjupan_bacillus_subtilis_main_cf3def291394eeb9	discovery	13	29	14	29	-39.5	+	GATGATGAACCTATTC	3.9842019081115723
EMB_multiscale_C01	tjupan_bacillus_subtilis_main_8bde36b216b3390f	dbtbs_bsub_core_8bde36b216b3390f	discovery	44	60	45	60	-8.5	+	CGAACTGAATGTATCC	3.9906413555145264
EMB_multiscale_C01	tjupan_bacillus_subtilis_main_a2eb9b766304b405	dbtbs_bsub_core_adaec4e024668ee2	discovery	9	25	10	25	-43.5	+	AAAATGAAATTTATTC	4.007363319396973
EMB_multiscale_C01	tjupan_bacillus_subtilis_main_5ccaab5adb962b3d	dbtbs_bsub_core_483b39fd11d75b28	discovery	33	49	34	49	-19.5	+	AAAGCGATTTCATAAT	4.007944107055664
EMB_multiscale_C01	tjupan_bacillus_subtilis_main_ca7144caa797f7bc	dbtbs_bsub_core_ca7144caa797f7bc	discovery	27	43	28	43	-25.5	+	CGTTTTATGAAAACAG	4.014692306518555
EMB_multiscale_C01	tjupan_bacillus_subtilis_main_b2e461bb3b5d3d88	dbtbs_bsub_core_b2e461bb3b5d3d88	discovery	11	27	12	27	-41.5	+	TATGCGAATCAAAACG	4.018898010253906
EMB_multiscale_C01	tjupan_bacillus_subtilis_main_8e9af30cd29c08ec	dbtbs_bsub_core_ab5345ed831420ec	discovery	19	35	20	35	-33.5	+	GAATTTTCGACAAACT	4.0246901512146
EMB_multiscale_C01	tjupan_bacillus_subtilis_main_32a70db45859cbb9	dbtbs_bsub_core_32a70db45859cbb9	discovery	4	20	5	20	-48.5	+	ACGCGAATTGAATAAT	4.03844690322876
EMB_multiscale_C01	tjupan_bacillus_subtilis_main_0ad5dcad37f1ba39	dbtbs_bsub_core_712e4b81f6fdb41a	discovery	46	62	47	62	-6.5	+	ATATAATTGAATGGAT	4.056492805480957
EMB_multiscale_C01	tjupan_bacillus_subtilis_main_f246415af5cfc524	dbtbs_bsub_core_f246415af5cfc524	discovery	32	48	33	48	-20.5	+	TATAAATCGTTGATTA	4.06605339050293
EMB_multiscale_C01	tjupan_bacillus_subtilis_main_2c9e8a462277f7da	dbtbs_bsub_core_f7573fed016c047b	discovery	31	47	32	47	-21.5	+	TCGTTTGCAAAAGGCA	4.068695545196533
EMB_multiscale_C01	tjupan_bacillus_subtilis_main_7bd42a66d387ec94	dbtbs_bsub_core_5cf240f92a00f0e3	discovery	36	52	37	52	-16.5	+	CTTTCAAATCATACAT	4.075921058654785
EMB_multiscale_C01	tjupan_bacillus_subtilis_main_0710c2f2267154d3	dbtbs_bsub_core_0710c2f2267154d3	discovery	16	32	17	32	-36.5	+	TTTGCATCAGAACATG	4.077480316162109
EMB_multiscale_C01	tjupan_bacillus_subtilis_main_a61c0978ae294759	tjupan_bacillus_subtilis_main_a61c0978ae294759	discovery	29	45	30	45	-23.5	+	TTAAAAACGATCTTTT	4.081070899963379
EMB_multiscale_C01	tjupan_bacillus_subtilis_main_edadeeaf4ff7a848	tjupan_bacillus_subtilis_main_edadeeaf4ff7a848	discovery	3	19	4	19	-49.5	+	AAAGAATGCATTTTCA	4.103738784790039
EMB_multiscale_C01	tjupan_bacillus_subtilis_main_b7240ec09f994729	dbtbs_bsub_core_6cadf10f2f906812	discovery	6	22	7	22	-46.5	+	TTCATCTTCAAAACGA	4.125353813171387
EMB_multiscale_C01	tjupan_bacillus_subtilis_main_73f2f27ec267a871	dbtbs_bsub_core_77a7b73eeb200478	discovery	55	71	56	71	2.5	+	TAAAATGCCAATGTAT	4.136861324310303
EMB_multiscale_C01	tjupan_bacillus_subtilis_main_1732506bbac23b7c	dbtbs_bsub_core_1732506bbac23b7c	discovery	53	69	54	69	0.5	+	TTTTAATGAAGCATAG	4.1458516120910645
EMB_multiscale_C01	tjupan_bacillus_subtilis_main_79d6d17268b5d0ce	dbtbs_bsub_core_94e9d8c40cf791b3	discovery	22	38	23	38	-30.5	+	AACATGAAACTTTTTG	4.15023946762085
EMB_multiscale_C01	tjupan_bacillus_subtilis_main_4b32f81551985923	tjupan_bacillus_subtilis_main_4b32f81551985923	discovery	57	73	58	73	4.5	+	AATAAAATCTTGTTCA	4.166233539581299
EMB_multiscale_C01	tjupan_bacillus_subtilis_main_dcef15bdfb353954	dbtbs_bsub_core_dcef15bdfb353954	discovery	55	71	56	71	2.5	+	TAAATGTGAAATACTT	4.1725687980651855
EMB_multiscale_C01	tjupan_bacillus_subtilis_main_9990510225814384	tjupan_bacillus_subtilis_main_9990510225814384	discovery	54	70	55	70	1.5	+	GTTATTGAATTGAATA	4.1913862228393555
EMB_multiscale_C01	tjupan_bacillus_subtilis_main_8b776572d2e01c62	dbtbs_bsub_core_6736f212a82e3343	discovery	64	80	65	80	11.5	+	CATCATTAATCCATAG	4.208990573883057
EMB_multiscale_C01	tjupan_bacillus_subtilis_main_76885f00c763f220	dbtbs_bsub_core_07bcce23a89f64fb	discovery	30	46	31	46	-22.5	+	CTTTAAATGTCCCATT	4.218891143798828
EMB_multiscale_C01	tjupan_bacillus_subtilis_main_3ab27dce0b1876ca	dbtbs_bsub_core_d52b0eed3ebbab2d	discovery	22	38	23	38	-30.5	+	CAGTTGCAATCCAAAC	4.23300313949585
EMB_multiscale_C01	tjupan_bacillus_subtilis_main_a723fdca1013c0b5	dbtbs_bsub_core_a723fdca1013c0b5	discovery	21	37	22	37	-31.5	+	TTCAGCATAATCCAAG	4.236904621124268
EMB_multiscale_C01	tjupan_bacillus_subtilis_main_c180878a6f782e9f	dbtbs_bsub_core_c180878a6f782e9f	discovery	57	73	58	73	4.5	+	AATAATTTCACAAAGA	4.257310390472412
EMB_multiscale_C01	tjupan_bacillus_subtilis_main_ba49f50d8b0af1c7	dbtbs_bsub_core_8a4a22c637647f42	discovery	65	81	66	81	12.5	+	AGGGATAAACATGGGA	4.258106231689453
EMB_multiscale_C01	tjupan_bacillus_subtilis_main_8a4a22c637647f42	dbtbs_bsub_core_8a4a22c637647f42	discovery	65	81	66	81	12.5	+	GGGATAAACATGGGAA	4.262210369110107
EMB_multiscale_C01	tjupan_bacillus_subtilis_main_35bf7199ae44b70c	dbtbs_bsub_core_35bf7199ae44b70c	discovery	14	30	15	30	-38.5	+	CTTTTCAAAATGGTTT	4.263375759124756
EMB_multiscale_C01	tjupan_bacillus_subtilis_main_2db0b8f33ca38a29	tjupan_bacillus_subtilis_main_2db0b8f33ca38a29	discovery	59	75	60	75	6.5	+	AAAGGATGATTACATG	4.285800457000732
EMB_multiscale_C01	tjupan_bacillus_subtilis_main_5787c658c95c4762	tjupan_bacillus_subtilis_main_5787c658c95c4762	discovery	12	28	13	28	-40.5	+	ACAACAATTGCCAGCA	4.290867328643799
EMB_multiscale_C01	tjupan_bacillus_subtilis_main_272e2f2c83a48fab	dbtbs_bsub_core_272e2f2c83a48fab	discovery	20	36	21	36	-32.5	+	ATGGCTTGACAAAAAA	4.302307605743408
EMB_multiscale_C01	tjupan_bacillus_subtilis_main_c758d11e26aac641	tjupan_bacillus_subtilis_main_c758d11e26aac641	discovery	6	22	7	22	-46.5	+	AAAAATGATGACTCTT	4.317344665527344
EMB_multiscale_C01	tjupan_bacillus_subtilis_main_d04a67d8cb9ad084	dbtbs_bsub_core_d04a67d8cb9ad084	discovery	32	48	33	48	-20.5	+	AGACAAATGCCCAGCA	4.331152439117432
EMB_multiscale_C01	tjupan_bacillus_subtilis_main_09deb32688bf8365	tjupan_bacillus_subtilis_main_09deb32688bf8365	discovery	5	21	6	21	-47.5	+	AAAAAATAGATTCCAT	4.3345136642456055
EMB_multiscale_C01	tjupan_bacillus_subtilis_main_67a8fe9203485bd0	dbtbs_bsub_core_67a8fe9203485bd0	discovery	29	45	30	45	-23.5	+	ATATTTTCAGAAAAGT	4.3630805015563965
EMB_multiscale_C01	tjupan_bacillus_subtilis_main_9c67a769132d62d8	dbtbs_bsub_core_1373e064636d6c9b	discovery	10	26	11	26	-42.5	+	AAATGCAAATATGGTG	4.372447967529297
EMB_multiscale_C01	tjupan_bacillus_subtilis_main_ba2dc8596ef2486c	dbtbs_bsub_core_ba2dc8596ef2486c	discovery	30	46	31	46	-22.5	+	TTATGATTGAAGAAAA	4.427684783935547
EMB_multiscale_C01	tjupan_bacillus_subtilis_main_0438d7b75e1f910f	dbtbs_bsub_core_975fc641de00609f	discovery	63	79	64	79	10.5	+	CAATCAAACTTGTTTC	4.475287437438965
EMB_multiscale_C01	tjupan_bacillus_subtilis_main_c3431646de80d63f	tjupan_bacillus_subtilis_main_c3431646de80d63f	discovery	27	43	28	43	-25.5	+	ATGAAGCCATGTGTTT	4.501955509185791
EMB_multiscale_C01	tjupan_bacillus_subtilis_main_7d976c34bed90c97	tjupan_bacillus_subtilis_main_7d976c34bed90c97	discovery	40	56	41	56	-12.5	+	AGTAATGAAATATGAT	4.5220537185668945
EMB_multiscale_C01	tjupan_bacillus_subtilis_main_adff0049bb8c9b3f	tjupan_bacillus_subtilis_main_adff0049bb8c9b3f	discovery	1	17	2	17	-51.5	+	TTTTAAAATCTCTGGT	4.5363922119140625
EMB_multiscale_C01	tjupan_bacillus_subtilis_main_a31f56ff3ee450d4	dbtbs_bsub_core_1c4407f77cf4bab2	discovery	51	67	52	67	-1.5	+	ATCTCCTTTGAAAATT	4.585877418518066
EMB_multiscale_C01	tjupan_bacillus_subtilis_main_e90961ead2da3f7b	tjupan_bacillus_subtilis_main_e90961ead2da3f7b	discovery	0	16	1	16	-52.5	+	ATGTGTTCATAAAAAA	4.596685886383057
EMB_multiscale_C01	tjupan_bacillus_subtilis_main_0b7b75ba67f19880	dbtbs_bsub_core_0b7b75ba67f19880	discovery	26	42	27	42	-26.5	+	TCATAATCATGCCTCC	4.608273506164551
EMB_multiscale_C01	tjupan_bacillus_subtilis_main_8e892e5639ef0ac1	dbtbs_bsub_core_d25c674b3a14df1a	discovery	26	42	27	42	-26.5	+	AGAATTTTCCAAAATA	4.614406585693359
EMB_multiscale_C01	tjupan_bacillus_subtilis_main_8cdaaf6e0b90f5df	dbtbs_bsub_core_8cdaaf6e0b90f5df	discovery	1	17	2	17	-51.5	+	CTGATAAAAATCTCAT	4.728243350982666
EMB_multiscale_C01	tjupan_bacillus_subtilis_main_25766be7ede5bd12	tjupan_bacillus_subtilis_main_25766be7ede5bd12	discovery	18	34	19	34	-34.5	+	GAAAAATTTCTGCACT	4.812412261962891
EMB_multiscale_C01	tjupan_bacillus_subtilis_main_691e7ded333dd616	dbtbs_bsub_core_691e7ded333dd616	discovery	15	31	16	31	-37.5	+	AAAAAATTCGGTCATC	4.898387908935547
EMB_multiscale_C01	tjupan_bacillus_subtilis_main_fae71e59d553e455	dbtbs_bsub_core_fae71e59d553e455	discovery	61	77	62	77	8.5	+	ATTGTGGGATAAAAAT	5.019459247589111
EMB_multiscale_C01	tjupan_bacillus_subtilis_main_b5cc4aad42c9a683	dbtbs_bsub_core_b5cc4aad42c9a683	discovery	0	16	1	16	-52.5	+	TAAAATCATCTCAAAA	5.06696081161499
EMB_multiscale_C01	tjupan_bacillus_subtilis_main_5cf51ca317588066	tjupan_bacillus_subtilis_main_5cf51ca317588066	discovery	6	22	7	22	-46.5	+	AATAAATTGGCCCCGG	5.1482954025268555
EMB_multiscale_C01	tjupan_bacillus_subtilis_main_8f9b814f5e8b18ae	dbtbs_bsub_core_8f9b814f5e8b18ae	discovery	9	25	10	25	-43.5	+	ATAATCATCATTTCTC	5.151143550872803
EMB_multiscale_C01	tjupan_bacillus_subtilis_main_29dff321a99fa8a2	dbtbs_bsub_core_e964a63647aab2c6	discovery	27	43	28	43	-25.5	+	CATTTTTCAAACGAAA	5.189969539642334
EMB_multiscale_C01	tjupan_bacillus_subtilis_main_be36dbaf549189cb	tjupan_bacillus_subtilis_main_be36dbaf549189cb	discovery	6	22	7	22	-46.5	+	TAAAAATCAATCTCTG	5.583045959472656
EMB_multiscale_C02	tjupan_bacillus_subtilis_main_bd4e9486aa695c78	tjupan_bacillus_subtilis_main_bd4e9486aa695c78	discovery	60	76	61	76	7.5	+	TTGGCGGAAGGAGTTT	2.2372233867645264
EMB_multiscale_C02	tjupan_bacillus_subtilis_main_7cd769ed0580d73e	tjupan_bacillus_subtilis_main_7cd769ed0580d73e	discovery	53	69	54	69	0.5	+	AGATGAAGGGGAGCTT	2.2740461826324463
EMB_multiscale_C02	tjupan_bacillus_subtilis_main_92c71ea9f3febc7f	dbtbs_bsub_core_c2ee7abb48038f6f	discovery	1	17	2	17	-51.5	+	TTCTGAGGGATAACAA	2.5729784965515137
EMB_multiscale_C02	tjupan_bacillus_subtilis_main_2d40490247bb616a	dbtbs_bsub_core_ffa38d6978ad48aa	discovery	55	71	56	71	2.5	+	TGATTGGGAGGTAAAC	2.5882070064544678
EMB_multiscale_C02	tjupan_bacillus_subtilis_main_69a39ef163dd4726	tjupan_bacillus_subtilis_main_69a39ef163dd4726	discovery	0	16	1	16	-52.5	+	TATTGGAAGGAACGAT	2.7232847213745117
EMB_multiscale_C02	tjupan_bacillus_subtilis_main_b59ef89e981b3745	tjupan_bacillus_subtilis_main_b59ef89e981b3745	discovery	61	77	62	77	8.5	+	ATTAGGAGGAATTGGA	2.7390830516815186
EMB_multiscale_C02	tjupan_bacillus_subtilis_main_ea59d0ddaaaaf005	dbtbs_bsub_core_ff8c346476498240	discovery	61	77	62	77	8.5	+	CATTAAGGGAGACAAG	2.828227996826172
EMB_multiscale_C02	tjupan_bacillus_subtilis_main_e2d1119cb664dabf	dbtbs_bsub_core_954deecd8ab02ea9	discovery	65	81	66	81	12.5	+	TGATAAAGGAGGAATT	2.846942186355591
EMB_multiscale_C02	tjupan_bacillus_subtilis_main_eaa75817f87b3088	dbtbs_bsub_core_71c43b52121900cc	discovery	57	73	58	73	4.5	+	TTCGAAAGGAGGCGTG	2.8635449409484863
EMB_multiscale_C02	tjupan_bacillus_subtilis_main_f452c4bef1ed8b92	dbtbs_bsub_core_f452c4bef1ed8b92	discovery	61	77	62	77	8.5	+	ATAAAAGGAGGTTACA	2.868875741958618
EMB_multiscale_C02	tjupan_bacillus_subtilis_main_77dc78ed29025116	dbtbs_bsub_core_77dc78ed29025116	discovery	62	78	63	78	9.5	+	ACAGATAGGAGGGGCA	2.8730974197387695
EMB_multiscale_C02	tjupan_bacillus_subtilis_main_db7eebd0b9425a4f	dbtbs_bsub_core_db7eebd0b9425a4f	discovery	57	73	58	73	4.5	+	ATTGAAAGGGGTGCTG	2.9380502700805664
EMB_multiscale_C02	tjupan_bacillus_subtilis_main_8fa35d24a76b6d72	tjupan_bacillus_subtilis_main_8fa35d24a76b6d72	discovery	59	75	60	75	6.5	+	GAAAAAGGAGGATTCG	2.946082592010498
EMB_multiscale_C02	tjupan_bacillus_subtilis_main_ca7144caa797f7bc	dbtbs_bsub_core_ca7144caa797f7bc	discovery	38	54	39	54	-14.5	+	AACAGGGGAGAACAAT	2.956066846847534
EMB_multiscale_C02	tjupan_bacillus_subtilis_main_8f7d87652de79d90	dbtbs_bsub_core_8f7d87652de79d90	discovery	44	60	45	60	-8.5	+	TAGAATGGGAGATAAG	3.008436679840088
EMB_multiscale_C02	tjupan_bacillus_subtilis_main_517410185d825f3e	tjupan_bacillus_subtilis_main_517410185d825f3e	discovery	62	78	63	78	9.5	+	AAAAGGAGGATGAGGA	3.023148536682129
EMB_multiscale_C02	tjupan_bacillus_subtilis_main_5564dcefe2988333	tjupan_bacillus_subtilis_main_5564dcefe2988333	discovery	62	78	63	78	9.5	+	AAAAAGGAGGATACGT	3.0378472805023193
EMB_multiscale_C02	tjupan_bacillus_subtilis_main_dea64c0f5a12bfa1	dbtbs_bsub_core_a18a06666ab8afa6	discovery	57	73	58	73	4.5	+	TTAATCGGGAGCTTAG	3.0424163341522217
EMB_multiscale_C02	tjupan_bacillus_subtilis_main_7d976c34bed90c97	tjupan_bacillus_subtilis_main_7d976c34bed90c97	discovery	61	77	62	77	8.5	+	GAGATCAAGGGGAGGT	3.0691797733306885
EMB_multiscale_C02	tjupan_bacillus_subtilis_main_954287dc5b301340	tjupan_bacillus_subtilis_main_954287dc5b301340	discovery	63	79	64	79	10.5	+	TTGAGGGAGGTGAACA	3.0976946353912354
EMB_multiscale_C02	tjupan_bacillus_subtilis_main_6361ce51efe0f541	dbtbs_bsub_core_b928ebfb52e4cb48	discovery	65	81	66	81	12.5	+	AGCTAGGAACGGATTT	3.132861852645874
EMB_multiscale_C02	tjupan_bacillus_subtilis_main_96d42d8ccff315ec	tjupan_bacillus_subtilis_main_96d42d8ccff315ec	discovery	64	80	65	80	11.5	+	ATGTGAAGGAGGAAAC	3.1354892253875732
EMB_multiscale_C02	tjupan_bacillus_subtilis_main_fc6071b9027316a7	tjupan_bacillus_subtilis_main_fc6071b9027316a7	discovery	61	77	62	77	8.5	+	AAGAAAGGGTGACAGC	3.1719462871551514
EMB_multiscale_C02	tjupan_bacillus_subtilis_main_56bd9deba3d3b9f9	dbtbs_bsub_core_5dd7cccc54d589c3	discovery	56	72	57	72	3.5	+	CGTTGAAAGGAGAGGG	3.179429054260254
EMB_multiscale_C02	tjupan_bacillus_subtilis_main_4059ca0cce5522a4	tjupan_bacillus_subtilis_main_4059ca0cce5522a4	discovery	29	45	30	45	-23.5	+	AATTGGAAGGGAGATT	3.1854512691497803
EMB_multiscale_C02	tjupan_bacillus_subtilis_main_48f68d49bf53ea3b	dbtbs_bsub_core_a63e45c266a8243f	discovery	58	74	59	74	5.5	+	AGTGATAAGGAGGTTT	3.1938774585723877
EMB_multiscale_C02	tjupan_bacillus_subtilis_main_4648c22f43ae6952	tjupan_bacillus_subtilis_main_4648c22f43ae6952	discovery	53	69	54	69	0.5	+	ATACTGAAGGGGACGA	3.212493658065796
EMB_multiscale_C02	tjupan_bacillus_subtilis_main_43fbda6e3c3abdae	dbtbs_bsub_core_c62c8589a5774a74	discovery	61	77	62	77	8.5	+	ACCGGTGAAGGCAGAG	3.2506625652313232
EMB_multiscale_C02	tjupan_bacillus_subtilis_main_ff1b0f332755e37b	dbtbs_bsub_core_710c0cbad80c03b6	discovery	64	80	65	80	11.5	+	TAAGGATAAGGGAGAG	3.2634427547454834
EMB_multiscale_C02	tjupan_bacillus_subtilis_main_6514a11d381455ae	tjupan_bacillus_subtilis_main_6514a11d381455ae	discovery	56	72	57	72	3.5	+	CACAAGGAAGGTGATG	3.26973557472229
EMB_multiscale_C02	tjupan_bacillus_subtilis_main_61c707ac72aeda97	tjupan_bacillus_subtilis_main_61c707ac72aeda97	discovery	60	76	61	76	7.5	+	GGCTAGGAGGGATAGT	3.270676851272583
EMB_multiscale_C02	tjupan_bacillus_subtilis_main_0d315ab142d66dcc	dbtbs_bsub_core_76d28d1be3f9f514	discovery	20	36	21	36	-32.5	+	TTACGGGAGGAATACA	3.2745473384857178
EMB_multiscale_C02	tjupan_bacillus_subtilis_main_7c1cf5cd36017844	tjupan_bacillus_subtilis_main_7c1cf5cd36017844	discovery	58	74	59	74	5.5	+	GAAATAGGATGTCGGG	3.28348708152771
EMB_multiscale_C02	tjupan_bacillus_subtilis_main_9d589577eb1cbe67	tjupan_bacillus_subtilis_main_9d589577eb1cbe67	discovery	63	79	64	79	10.5	+	CGAGGCGGAAGGTACA	3.3113558292388916
EMB_multiscale_C02	tjupan_bacillus_subtilis_main_61e92334116d4289	dbtbs_bsub_core_946ad3835c6af00d	discovery	65	81	66	81	12.5	+	AGGAAAAGGATGTGGC	3.3307507038116455
EMB_multiscale_C02	tjupan_bacillus_subtilis_main_6b5eda10bbc36b27	dbtbs_bsub_core_0d578393adbcde98	discovery	61	77	62	77	8.5	+	GCAAGAAGGGGAACAG	3.335838794708252
EMB_multiscale_C02	tjupan_bacillus_subtilis_main_0e56c5fe6c5d0db0	dbtbs_bsub_core_cfddcd51a76889fd	discovery	59	75	60	75	6.5	+	GTAAAAGGAGAGTGAA	3.3406574726104736
EMB_multiscale_C02	tjupan_bacillus_subtilis_main_be897b68bd393df0	dbtbs_bsub_core_be897b68bd393df0	discovery	40	56	41	56	-12.5	+	GATTTAGGGAAATGAT	3.352071523666382
EMB_multiscale_C02	tjupan_bacillus_subtilis_main_9c67a769132d62d8	dbtbs_bsub_core_1373e064636d6c9b	discovery	57	73	58	73	4.5	+	AGTAGAGGGAGCGAAT	3.352602481842041
EMB_multiscale_C02	tjupan_bacillus_subtilis_main_ac1a0a0a579397f6	tjupan_bacillus_subtilis_main_ac1a0a0a579397f6	discovery	54	70	55	70	1.5	+	ATATGGAAAGGGGACG	3.3595502376556396
EMB_multiscale_C02	tjupan_bacillus_subtilis_main_32475822eb2ec4c0	tjupan_bacillus_subtilis_main_32475822eb2ec4c0	discovery	58	74	59	74	5.5	+	TAGGAGAAAGGAATGA	3.3629374504089355
EMB_multiscale_C02	tjupan_bacillus_subtilis_main_ff62fa3227cb3ab1	dbtbs_bsub_core_f748f853b4ec2056	discovery	14	30	15	30	-38.5	+	TGCGGAGAAAGGTTTA	3.3699772357940674
EMB_multiscale_C02	tjupan_bacillus_subtilis_main_52267ea931cb2dd7	dbtbs_bsub_core_b35218f45c0f11c8	discovery	65	81	66	81	12.5	+	ACATTAAAGGAGGCAT	3.371673583984375
EMB_multiscale_C02	tjupan_bacillus_subtilis_main_2db0b8f33ca38a29	tjupan_bacillus_subtilis_main_2db0b8f33ca38a29	discovery	53	69	54	69	0.5	+	TGTCAGAAAGGATGAT	3.3795714378356934
EMB_multiscale_C02	tjupan_bacillus_subtilis_main_50224837ca8eceb5	dbtbs_bsub_core_50224837ca8eceb5	discovery	53	69	54	69	0.5	+	TAATGGCGAGGTGAAC	3.3861794471740723
EMB_multiscale_C02	tjupan_bacillus_subtilis_main_b11aff47b9c426f3	dbtbs_bsub_core_b11aff47b9c426f3	discovery	56	72	57	72	3.5	+	TATTGAAGGAGGGTGT	3.3952386379241943
EMB_multiscale_C02	tjupan_bacillus_subtilis_main_8a4a22c637647f42	dbtbs_bsub_core_8a4a22c637647f42	discovery	58	74	59	74	5.5	+	TTGAGGAGGGATAAAC	3.413698434829712
EMB_multiscale_C02	tjupan_bacillus_subtilis_main_ba49f50d8b0af1c7	dbtbs_bsub_core_8a4a22c637647f42	discovery	58	74	59	74	5.5	+	GTTGAGGAGGGATAAA	3.420907735824585
EMB_multiscale_C02	tjupan_bacillus_subtilis_main_ffefbc2ceaf331ea	dbtbs_bsub_core_ea5509009da1e1aa	discovery	50	66	51	66	-2.5	+	ATGAAAGCGGACAAGG	3.424060106277466
EMB_multiscale_C02	tjupan_bacillus_subtilis_main_0ad5dcad37f1ba39	dbtbs_bsub_core_712e4b81f6fdb41a	discovery	62	78	63	78	9.5	+	CTGCAATAGGGGGAAG	3.4249684810638428
EMB_multiscale_C02	tjupan_bacillus_subtilis_main_8bde36b216b3390f	dbtbs_bsub_core_8bde36b216b3390f	discovery	65	81	66	81	12.5	+	GGAGGAGGTGAAAGGC	3.4525747299194336
EMB_multiscale_C02	tjupan_bacillus_subtilis_main_0fe342e604184137	dbtbs_bsub_core_f039c4e5fee11aa3	discovery	65	81	66	81	12.5	+	ATTGACAGGAGGGATT	3.459282636642456
EMB_multiscale_C02	tjupan_bacillus_subtilis_main_05b3d931ff35d8e8	dbtbs_bsub_core_05b3d931ff35d8e8	discovery	62	78	63	78	9.5	+	ATAAAAGGGATATTGG	3.517301559448242
EMB_multiscale_C02	tjupan_bacillus_subtilis_main_5e34c7286340c249	dbtbs_bsub_core_0fedc539a64a99b7	discovery	49	65	50	65	-3.5	+	ACAAATAGGGAGAAAG	3.5307679176330566
EMB_multiscale_C02	tjupan_bacillus_subtilis_main_5150105a4bdfd4ce	tjupan_bacillus_subtilis_main_5150105a4bdfd4ce	discovery	65	81	66	81	12.5	+	ACAATCGGAGGGATGA	3.532151460647583
EMB_multiscale_C02	tjupan_bacillus_subtilis_main_da7f3c0608c35165	dbtbs_bsub_core_da7f3c0608c35165	discovery	65	81	66	81	12.5	+	TAATACTGGAGGCACA	3.532747507095337
EMB_multiscale_C02	tjupan_bacillus_subtilis_main_dc65c8922842b20f	tjupan_bacillus_subtilis_main_dc65c8922842b20f	discovery	0	16	1	16	-52.5	+	AATGGGAATAGTGGCC	3.569281816482544
EMB_multiscale_C02	tjupan_bacillus_subtilis_main_f04c569125ce3afa	dbtbs_bsub_core_85a34ab094cb765f	discovery	48	64	49	64	-4.5	+	ATAATAGGGGAATCCT	3.5704381465911865
EMB_multiscale_C02	tjupan_bacillus_subtilis_main_84597be11ba889b8	tjupan_bacillus_subtilis_main_84597be11ba889b8	discovery	65	81	66	81	12.5	+	ATCAAACGAGGAGGAA	3.587186098098755
EMB_multiscale_C02	tjupan_bacillus_subtilis_main_ced72b826f4a910f	dbtbs_bsub_core_d1a4fbb8ec4bd212	discovery	65	81	66	81	12.5	+	CAAATAAGGAGGTTGG	3.603989601135254
EMB_multiscale_C02	tjupan_bacillus_subtilis_main_64dfe397c07a4656	dbtbs_bsub_core_99013d44fc3df9d1	discovery	64	80	65	80	11.5	+	GAAAAGGAGGAATAGA	3.6329498291015625
EMB_multiscale_C02	tjupan_bacillus_subtilis_main_e1fd6875b30f4c73	dbtbs_bsub_core_e1fd6875b30f4c73	discovery	56	72	57	72	3.5	+	CGTTGAAAGGATGTGA	3.63382625579834
EMB_multiscale_C02	tjupan_bacillus_subtilis_main_b7cebcbae1ca8171	dbtbs_bsub_core_342a4291e30f5e80	discovery	65	81	66	81	12.5	+	TAATAAAAGGGAGGCG	3.635432243347168
EMB_multiscale_C02	tjupan_bacillus_subtilis_main_fea868950ff1c774	tjupan_bacillus_subtilis_main_fea868950ff1c774	discovery	58	74	59	74	5.5	+	CTAGAGGAAGTGAAGA	3.6392738819122314
EMB_multiscale_C02	tjupan_bacillus_subtilis_main_3c72a88384ee6013	tjupan_bacillus_subtilis_main_3c72a88384ee6013	discovery	60	76	61	76	7.5	+	TGTAGCCGGGAGGAGG	3.6592252254486084
EMB_multiscale_C02	tjupan_bacillus_subtilis_main_daaf0c7fa42ef2fa	dbtbs_bsub_core_ef9625ff29774e65	discovery	65	81	66	81	12.5	+	TCCTGGGGAGGTATTA	3.659853458404541
EMB_multiscale_C02	tjupan_bacillus_subtilis_main_7bd42a66d387ec94	dbtbs_bsub_core_5cf240f92a00f0e3	discovery	54	70	55	70	1.5	+	GAGATGAAAGGGGGTT	3.681046962738037
EMB_multiscale_C02	tjupan_bacillus_subtilis_main_ecef2875a7a372ba	dbtbs_bsub_core_ecef2875a7a372ba	discovery	59	75	60	75	6.5	+	AACAGAAGGAAAGCAG	3.685974359512329
EMB_multiscale_C02	tjupan_bacillus_subtilis_main_8265264627414ceb	tjupan_bacillus_subtilis_main_8265264627414ceb	discovery	52	68	53	68	-0.5	+	TAAAAGGCGGAGTCGA	3.7399330139160156
EMB_multiscale_C02	tjupan_bacillus_subtilis_main_13f36fd95a25452a	tjupan_bacillus_subtilis_main_13f36fd95a25452a	discovery	65	81	66	81	12.5	+	TTAATATGGAGGGAAA	3.7651212215423584
EMB_multiscale_C02	tjupan_bacillus_subtilis_main_dbf995194ebf2b2d	dbtbs_bsub_core_dbf995194ebf2b2d	discovery	59	75	60	75	6.5	+	GTATTAGGGGGATAAC	3.774420738220215
EMB_multiscale_C02	tjupan_bacillus_subtilis_main_917572a2414a52f7	tjupan_bacillus_subtilis_main_917572a2414a52f7	discovery	53	69	54	69	0.5	+	AATAGAGGGAAGAGTG	3.8000428676605225
EMB_multiscale_C02	tjupan_bacillus_subtilis_main_29dff321a99fa8a2	dbtbs_bsub_core_e964a63647aab2c6	discovery	37	53	38	53	-15.5	+	ACGAAAGGGCCGATAT	3.8109779357910156
EMB_multiscale_C02	tjupan_bacillus_subtilis_main_6901d7d50287d8c1	dbtbs_bsub_core_6901d7d50287d8c1	discovery	55	71	56	71	2.5	+	AAAAAGGGGTTGAACA	3.8204171657562256
EMB_multiscale_C02	tjupan_bacillus_subtilis_main_5b5f9b9ad371b1b0	tjupan_bacillus_subtilis_main_5b5f9b9ad371b1b0	discovery	62	78	63	78	9.5	+	TGAGAAGGATGAAACC	3.8207192420959473
EMB_multiscale_C02	tjupan_bacillus_subtilis_main_c648ac4df22b0f89	dbtbs_bsub_core_c648ac4df22b0f89	discovery	55	71	56	71	2.5	+	CGATAGATTGGGGCAT	3.8266193866729736
EMB_multiscale_C02	tjupan_bacillus_subtilis_main_edce5d598636e106	dbtbs_bsub_core_39acf3daf47ccd69	discovery	63	79	64	79	10.5	+	AACGGCGAAGGGGGAT	3.8360602855682373
EMB_multiscale_C02	tjupan_bacillus_subtilis_main_359df7c8e20abe4e	tjupan_bacillus_subtilis_main_359df7c8e20abe4e	discovery	59	75	60	75	6.5	+	TAAAAGGTGAGGTGAT	3.848599672317505
EMB_multiscale_C02	tjupan_bacillus_subtilis_main_fde7c2aaac5c57ce	dbtbs_bsub_core_fde7c2aaac5c57ce	discovery	65	81	66	81	12.5	+	ATCGGAGTCTGGGAGC	3.8552794456481934
EMB_multiscale_C02	tjupan_bacillus_subtilis_main_ae3d0ab77a583f3f	tjupan_bacillus_subtilis_main_ae3d0ab77a583f3f	discovery	64	80	65	80	11.5	+	GAGAGAGGGGAACTGA	3.876227855682373
EMB_multiscale_C02	tjupan_bacillus_subtilis_main_106e69f8e7e10bd4	tjupan_bacillus_subtilis_main_106e69f8e7e10bd4	discovery	65	81	66	81	12.5	+	CATCCTTAGGAGGGAA	3.9297406673431396
EMB_multiscale_C02	tjupan_bacillus_subtilis_main_3e1210c1f898bc48	dbtbs_bsub_core_42eaa371353368b2	discovery	64	80	65	80	11.5	+	AAGAAAAGGAGGAAAT	3.9354357719421387
EMB_multiscale_C02	tjupan_bacillus_subtilis_main_5cf51ca317588066	tjupan_bacillus_subtilis_main_5cf51ca317588066	discovery	58	74	59	74	5.5	+	ATATGTAAGGGGGGAT	3.963378429412842
EMB_multiscale_C02	tjupan_bacillus_subtilis_main_487ce40a67c6d939	tjupan_bacillus_subtilis_main_487ce40a67c6d939	discovery	65	81	66	81	12.5	+	GAAAAAAGGGTGATGG	3.977513313293457
EMB_multiscale_C02	tjupan_bacillus_subtilis_main_eb51fed06d2e921e	dbtbs_bsub_core_3613f20526b705b5	discovery	57	73	58	73	4.5	+	GCTGAAAAGGGTTTAC	3.9859566688537598
EMB_multiscale_C02	tjupan_bacillus_subtilis_main_9571d32ab22eb9a0	dbtbs_bsub_core_9571d32ab22eb9a0	discovery	65	81	66	81	12.5	+	GAAAAAAGGGAGTGAC	3.9906539916992188
EMB_multiscale_C02	tjupan_bacillus_subtilis_main_f09c3556dc31a575	dbtbs_bsub_core_f09c3556dc31a575	discovery	35	51	36	51	-17.5	+	GAAGAAATGGGGTATA	3.996593952178955
EMB_multiscale_C02	tjupan_bacillus_subtilis_main_8bf0684d999843b1	dbtbs_bsub_core_8bf0684d999843b1	discovery	52	68	53	68	-0.5	+	ATGATTCGGAGGAGAG	4.0094475746154785
EMB_multiscale_C02	tjupan_bacillus_subtilis_main_f45d38a5e15ccc93	dbtbs_bsub_core_5dbc73ad42aeab56	discovery	65	81	66	81	12.5	+	AAATGTGAGGAGGTGC	4.0131144523620605
EMB_multiscale_C02	tjupan_bacillus_subtilis_main_9361e0f82edaa017	tjupan_bacillus_subtilis_main_9361e0f82edaa017	discovery	31	47	32	47	-21.5	+	GTGGACCGGGAAAATG	4.033775329589844
EMB_multiscale_C02	tjupan_bacillus_subtilis_main_20bbba0ce59de449	dbtbs_bsub_core_20bbba0ce59de449	discovery	65	81	66	81	12.5	+	AAACAGGAAAGGAGCA	4.046511173248291
EMB_multiscale_C02	tjupan_bacillus_subtilis_main_2b17d905bac0c3bc	dbtbs_bsub_core_2b17d905bac0c3bc	discovery	65	81	66	81	12.5	+	AAAAAGGAGGGCCAAC	4.054659366607666
EMB_multiscale_C02	tjupan_bacillus_subtilis_main_dc21315df009d1aa	dbtbs_bsub_core_4631e0ee0e2e12e5	discovery	30	46	31	46	-22.5	+	ATAAAAGGAGGTCATC	4.0699782371521
EMB_multiscale_C02	tjupan_bacillus_subtilis_main_a43c85166b962f37	dbtbs_bsub_core_47d2cdeb8a491885	discovery	39	55	40	55	-13.5	+	GAAAAAGGGGATTATA	4.082319736480713
EMB_multiscale_C02	tjupan_bacillus_subtilis_main_6f408d5e786e413f	dbtbs_bsub_core_6f408d5e786e413f	discovery	63	79	64	79	10.5	+	ACAAGCGAAGGAGATG	4.087615966796875
EMB_multiscale_C02	tjupan_bacillus_subtilis_main_80add31ceb4a1382	tjupan_bacillus_subtilis_main_80add31ceb4a1382	discovery	65	81	66	81	12.5	+	TATAACAGGTGGGAGA	4.0947957038879395
EMB_multiscale_C02	tjupan_bacillus_subtilis_main_f05d30123c592277	dbtbs_bsub_core_f05d30123c592277	discovery	18	34	19	34	-34.5	+	AAATGAGAAGGAGTAT	4.096954345703125
EMB_multiscale_C02	tjupan_bacillus_subtilis_main_e0774d83207a7dd7	dbtbs_bsub_core_2b17d905bac0c3bc	discovery	65	81	66	81	12.5	+	AAAAAAGGAGGGCCAA	4.1467061042785645
EMB_multiscale_C02	tjupan_bacillus_subtilis_main_8cdaaf6e0b90f5df	dbtbs_bsub_core_8cdaaf6e0b90f5df	discovery	32	48	33	48	-20.5	+	CAGAGGCAGGGATATA	4.161682605743408
EMB_multiscale_C02	tjupan_bacillus_subtilis_main_89a40bf9e0650967	dbtbs_bsub_core_89a40bf9e0650967	discovery	23	39	24	39	-29.5	+	ATAGAAGGAGAATACT	4.16447639465332
EMB_multiscale_C02	tjupan_bacillus_subtilis_main_86c973796d10f50f	dbtbs_bsub_core_86c973796d10f50f	discovery	65	81	66	81	12.5	+	TAAGAAAGGAGTGAAG	4.166260719299316
EMB_multiscale_C02	tjupan_bacillus_subtilis_main_47a0d4425a7cca49	tjupan_bacillus_subtilis_main_47a0d4425a7cca49	discovery	35	51	36	51	-17.5	+	TAAAGGAACAGCAGGG	4.172288417816162
EMB_multiscale_C02	tjupan_bacillus_subtilis_main_79d6d17268b5d0ce	dbtbs_bsub_core_94e9d8c40cf791b3	discovery	65	81	66	81	12.5	+	ATTCTCAAGGAGGTTT	4.177706718444824
EMB_multiscale_C02	tjupan_bacillus_subtilis_main_fff8e3a328b3cab3	dbtbs_bsub_core_7231d94d9d77331f	discovery	3	19	4	19	-49.5	+	GGCGGGGAGACTTAGA	4.180529594421387
EMB_multiscale_C02	tjupan_bacillus_subtilis_main_2bdb32bb685dc1db	tjupan_bacillus_subtilis_main_2bdb32bb685dc1db	discovery	64	80	65	80	11.5	+	ATAGGATTGGAGGAAT	4.225773334503174
EMB_multiscale_C02	tjupan_bacillus_subtilis_main_25766be7ede5bd12	tjupan_bacillus_subtilis_main_25766be7ede5bd12	discovery	2	18	3	18	-50.5	+	GGCGGAGAGGCTGAAT	4.2389116287231445
EMB_multiscale_C02	tjupan_bacillus_subtilis_main_216653931b9dfc0d	tjupan_bacillus_subtilis_main_216653931b9dfc0d	discovery	65	81	66	81	12.5	+	GATCACAAGGAGGACG	4.2461676597595215
EMB_multiscale_C02	tjupan_bacillus_subtilis_main_a92ee416463b3fc1	dbtbs_bsub_core_585820026d8d814d	discovery	21	37	22	37	-31.5	+	TTTTAGAGGGTATATA	4.255000114440918
EMB_multiscale_C02	tjupan_bacillus_subtilis_main_76885f00c763f220	dbtbs_bsub_core_07bcce23a89f64fb	discovery	52	68	53	68	-0.5	+	AATGGAATGGGAGGGG	4.259592056274414
EMB_multiscale_C02	tjupan_bacillus_subtilis_main_5eccf0b4b51999b8	tjupan_bacillus_subtilis_main_5eccf0b4b51999b8	discovery	19	35	20	35	-33.5	+	TTTAATGGCCGGAAAA	4.322282314300537
EMB_multiscale_C02	tjupan_bacillus_subtilis_main_b7c0b4323e70fc71	dbtbs_bsub_core_b7c0b4323e70fc71	discovery	65	81	66	81	12.5	+	CAGAGAGAAGGGGAGA	4.334679126739502
EMB_multiscale_C02	tjupan_bacillus_subtilis_main_e9623f8193af34e0	dbtbs_bsub_core_e9623f8193af34e0	discovery	65	81	66	81	12.5	+	AGTCACGGAGGTGTCA	4.338471412658691
EMB_multiscale_C02	tjupan_bacillus_subtilis_main_962b839f321a2605	dbtbs_bsub_core_962b839f321a2605	discovery	65	81	66	81	12.5	+	AAAAAAGGAGGCTTTC	4.346612930297852
EMB_multiscale_C02	tjupan_bacillus_subtilis_main_70da326395794983	tjupan_bacillus_subtilis_main_70da326395794983	discovery	65	81	66	81	12.5	+	TAAAAAGAGAGGGGTC	4.359292984008789
EMB_multiscale_C02	tjupan_bacillus_subtilis_main_87b26b7083b048a9	dbtbs_bsub_core_fe60102a69552e4c	discovery	56	72	57	72	3.5	+	ATTTGGGGAGGAAAAT	4.359309673309326
EMB_multiscale_C02	tjupan_bacillus_subtilis_main_0c4104d2e02c2e3b	dbtbs_bsub_core_a955cdf3a08d689c	discovery	63	79	64	79	10.5	+	GAAAAGGATAGGGGGA	4.377714157104492
EMB_multiscale_C02	tjupan_bacillus_subtilis_main_9a6d97baf1c02d30	dbtbs_bsub_core_9a6d97baf1c02d30	discovery	59	75	60	75	6.5	+	TAGTGAGGTGGATGCA	4.390534400939941
EMB_multiscale_C02	tjupan_bacillus_subtilis_main_c22e62909e814f30	dbtbs_bsub_core_e2251470d219464a	discovery	49	65	50	65	-3.5	+	AAAATGGGGGCAGTAA	4.393370151519775
EMB_multiscale_C02	tjupan_bacillus_subtilis_main_bb68072522710571	dbtbs_bsub_core_bb68072522710571	discovery	14	30	15	30	-38.5	+	TTTAGAAATGGGCGTG	4.425534725189209
EMB_multiscale_C02	tjupan_bacillus_subtilis_main_e28ceade6e8616fa	dbtbs_bsub_core_9b12482ac6eea2d4	discovery	64	80	65	80	11.5	+	ACTTTAAAGGGGGTCT	4.4425554275512695
EMB_multiscale_C02	tjupan_bacillus_subtilis_main_cb8c6e383b33abd4	dbtbs_bsub_core_cb8c6e383b33abd4	discovery	63	79	64	79	10.5	+	CAGCTTTCAAGGGGGG	4.468676567077637
EMB_multiscale_C02	tjupan_bacillus_subtilis_main_a31f56ff3ee450d4	dbtbs_bsub_core_1c4407f77cf4bab2	discovery	16	32	17	32	-36.5	+	CGCGACAAGGAGAGAC	4.4798431396484375
EMB_multiscale_C02	tjupan_bacillus_subtilis_main_8f9b814f5e8b18ae	dbtbs_bsub_core_8f9b814f5e8b18ae	discovery	61	77	62	77	8.5	+	AGAAAGGAGAGCGGAT	4.484616279602051
EMB_multiscale_C02	tjupan_bacillus_subtilis_main_66bdec0f6e49230b	dbtbs_bsub_core_66bdec0f6e49230b	discovery	65	81	66	81	12.5	+	AGCGGCCAGAGGGGGG	4.5161638259887695
EMB_multiscale_C02	tjupan_bacillus_subtilis_main_c0aec64934968747	tjupan_bacillus_subtilis_main_c0aec64934968747	discovery	34	50	35	50	-18.5	+	TTGCTAGAGGGTAGTA	4.523146629333496
EMB_multiscale_C02	tjupan_bacillus_subtilis_main_be557af728070615	tjupan_bacillus_subtilis_main_be557af728070615	discovery	64	80	65	80	11.5	+	TAGAAAAGGAGGAGGG	4.533764362335205
EMB_multiscale_C02	tjupan_bacillus_subtilis_main_5957e34dfa6ab85c	tjupan_bacillus_subtilis_main_5957e34dfa6ab85c	discovery	65	81	66	81	12.5	+	GCTGGTTTCAAAGGAG	4.55497407913208
EMB_multiscale_C02	tjupan_bacillus_subtilis_main_993a308bb6e190e1	dbtbs_bsub_core_993a308bb6e190e1	discovery	65	81	66	81	12.5	+	TATTTCTCGGGAAAGC	4.560308456420898
EMB_multiscale_C02	tjupan_bacillus_subtilis_main_bdf5315a71015695	dbtbs_bsub_core_c94ae7322b918d76	discovery	31	47	32	47	-21.5	+	TTTTAGGGGAAACAGA	4.6280646324157715
EMB_multiscale_C02	tjupan_bacillus_subtilis_main_d04a67d8cb9ad084	dbtbs_bsub_core_d04a67d8cb9ad084	discovery	64	80	65	80	11.5	+	AGAACAAGGAGGCATG	4.649919033050537
EMB_multiscale_C02	tjupan_bacillus_subtilis_main_e95909bd7e136f46	dbtbs_bsub_core_426aaa712ced5536	discovery	36	52	37	52	-16.5	+	AGGAGGAGGTCTTACA	4.711012840270996
EMB_multiscale_C02	tjupan_bacillus_subtilis_main_f3e9cc226f1feac3	tjupan_bacillus_subtilis_main_f3e9cc226f1feac3	discovery	65	81	66	81	12.5	+	ATGCGGCGTAGGAGGG	4.78523063659668
EMB_multiscale_C02	tjupan_bacillus_subtilis_main_e84ae283b7981830	tjupan_bacillus_subtilis_main_e84ae283b7981830	discovery	65	81	66	81	12.5	+	ACGATTTTCGGAGGGG	4.79803991317749
EMB_multiscale_C02	tjupan_bacillus_subtilis_main_c12152f72b444aff	tjupan_bacillus_subtilis_main_c12152f72b444aff	discovery	65	81	66	81	12.5	+	AAAAAAAGGGAGGTAG	4.805696487426758
EMB_multiscale_C02	tjupan_bacillus_subtilis_main_150dcd3daf63d162	dbtbs_bsub_core_150dcd3daf63d162	discovery	57	73	58	73	4.5	+	TTTGTAGGGGTTTCGC	4.966207027435303
EMB_multiscale_C02	tjupan_bacillus_subtilis_main_737474f253397bee	tjupan_bacillus_subtilis_main_737474f253397bee	discovery	40	56	41	56	-12.5	+	TTTTGGGGAAAATGGG	5.032139301300049
EMB_multiscale_C02	tjupan_bacillus_subtilis_main_b24feeda89db5dfd	dbtbs_bsub_core_b24feeda89db5dfd	discovery	65	81	66	81	12.5	+	ATTTTTTAGGAGGGTT	5.0552978515625
EMB_multiscale_C03	tjupan_bacillus_subtilis_main_e4e4a1be67374f28	dbtbs_bsub_core_e4e4a1be67374f28	discovery	58	74	59	74	5.5	+	ATAGATGGTTTTACAA	1.9895597696304321
EMB_multiscale_C03	tjupan_bacillus_subtilis_main_1a8b81622422b81c	dbtbs_bsub_core_045e4f174337aedd	discovery	14	30	15	30	-38.5	+	ACTGTGATTTCGGTTA	2.249727725982666
EMB_multiscale_C03	tjupan_bacillus_subtilis_main_fea876b7208e46e3	dbtbs_bsub_core_fea876b7208e46e3	discovery	40	56	41	56	-12.5	+	TAATTTGGTATTCTTA	2.3447017669677734
EMB_multiscale_C03	tjupan_bacillus_subtilis_main_66bdec0f6e49230b	dbtbs_bsub_core_66bdec0f6e49230b	discovery	7	23	8	23	-45.5	+	TTTTTGGTTAATCTGT	2.5657243728637695
EMB_multiscale_C03	tjupan_bacillus_subtilis_main_3ed5570d9bd715ae	dbtbs_bsub_core_0561dd78dc44b145	discovery	62	78	63	78	9.5	+	AAGGATTTTGTCGAAT	2.6261403560638428
EMB_multiscale_C03	tjupan_bacillus_subtilis_main_9d34f9d9e0ee0e26	dbtbs_bsub_core_9d34f9d9e0ee0e26	discovery	4	20	5	20	-48.5	+	TGGGTTATTTGTCTTA	2.643955707550049
EMB_multiscale_C03	tjupan_bacillus_subtilis_main_84e6c8375d18dc47	tjupan_bacillus_subtilis_main_84e6c8375d18dc47	discovery	5	21	6	21	-47.5	+	AATATGAGTTTTCTTG	2.668997049331665
EMB_multiscale_C03	tjupan_bacillus_subtilis_main_a032a3114b7dbf1c	dbtbs_bsub_core_a032a3114b7dbf1c	discovery	42	58	43	58	-10.5	+	ACGATTATTGGAAACC	2.6782400608062744
EMB_multiscale_C03	tjupan_bacillus_subtilis_main_9daaa0d103ffad86	dbtbs_bsub_core_9daaa0d103ffad86	discovery	6	22	7	22	-46.5	+	TTAATGTTCGGATTTA	2.6789369583129883
EMB_multiscale_C03	tjupan_bacillus_subtilis_main_18d5be8d5c4f9a22	tjupan_bacillus_subtilis_main_18d5be8d5c4f9a22	discovery	12	28	13	28	-40.5	+	CCCGGTATTTTGATTG	2.684992551803589
EMB_multiscale_C03	tjupan_bacillus_subtilis_main_0b7b75ba67f19880	dbtbs_bsub_core_0b7b75ba67f19880	discovery	55	71	56	71	2.5	+	TTAAGGTCATTGTTTT	2.772611141204834
EMB_multiscale_C03	tjupan_bacillus_subtilis_main_ad5b6a3a851181b1	dbtbs_bsub_core_ad5b6a3a851181b1	discovery	25	41	26	41	-27.5	+	CTGGCGAATTTGTTTT	2.7816545963287354
EMB_multiscale_C03	tjupan_bacillus_subtilis_main_b7240ec09f994729	dbtbs_bsub_core_6cadf10f2f906812	discovery	49	65	50	65	-3.5	+	GTATGTATTTTGGGCT	2.7874162197113037
EMB_multiscale_C03	tjupan_bacillus_subtilis_main_f452c4bef1ed8b92	dbtbs_bsub_core_f452c4bef1ed8b92	discovery	12	28	13	28	-40.5	+	GAGTGTATTTTCTGTA	2.817239284515381
EMB_multiscale_C03	tjupan_bacillus_subtilis_main_e1ad11de708bb9dd	dbtbs_bsub_core_0ce0cc9e187b5d37	discovery	17	33	18	33	-35.5	+	TACTATTTTGTGAACA	2.843458890914917
EMB_multiscale_C03	tjupan_bacillus_subtilis_main_d24ab9ea2522f43e	dbtbs_bsub_core_e391b9fe5a0b653f	discovery	9	25	10	25	-43.5	+	TCCTTATTGAGTTTTT	2.8699698448181152
EMB_multiscale_C03	tjupan_bacillus_subtilis_main_0b565809576a9e0f	dbtbs_bsub_core_0fcadafa827fb8cf	discovery	0	16	1	16	-52.5	+	TTGATTTGTATTCACT	2.8748958110809326
EMB_multiscale_C03	tjupan_bacillus_subtilis_main_3ab41c1b83ba019b	dbtbs_bsub_core_c956a5fd581ed80a	discovery	34	50	35	50	-18.5	+	TCTGTTTTTATGCCGA	2.891484260559082
EMB_multiscale_C03	tjupan_bacillus_subtilis_main_25308dd77914b9d9	dbtbs_bsub_core_1dc2eb4818f9715a	discovery	17	33	18	33	-35.5	+	ATAATTGGTACTTTTC	2.9223649501800537
EMB_multiscale_C03	tjupan_bacillus_subtilis_main_9c3cc423ec1465b1	dbtbs_bsub_core_9c3cc423ec1465b1	discovery	2	18	3	18	-50.5	+	AATTTATGGTCTTTTC	2.9279685020446777
EMB_multiscale_C03	tjupan_bacillus_subtilis_main_c9bc5ed233eba13a	tjupan_bacillus_subtilis_main_c9bc5ed233eba13a	discovery	9	25	10	25	-43.5	+	CATTATTTCCGTTGCT	2.9555699825286865
EMB_multiscale_C03	tjupan_bacillus_subtilis_main_82e1287a21b69715	dbtbs_bsub_core_82e1287a21b69715	discovery	50	66	51	66	-2.5	+	TAGCATCTTTGTGAAG	2.9562110900878906
EMB_multiscale_C03	tjupan_bacillus_subtilis_main_c5aa2a2f04401e51	tjupan_bacillus_subtilis_main_c5aa2a2f04401e51	discovery	6	22	7	22	-46.5	+	TCTGGTGATTTAATGG	2.968855857849121
EMB_multiscale_C03	tjupan_bacillus_subtilis_main_b7cebcbae1ca8171	dbtbs_bsub_core_342a4291e30f5e80	discovery	9	25	10	25	-43.5	+	AGATTTATGTTTCAGC	2.9696285724639893
EMB_multiscale_C03	tjupan_bacillus_subtilis_main_0f3eb3e9a9977e6d	tjupan_bacillus_subtilis_main_0f3eb3e9a9977e6d	discovery	0	16	1	16	-52.5	+	AACGGTATTTCCAGCT	2.9736530780792236
EMB_multiscale_C03	tjupan_bacillus_subtilis_main_daaf0c7fa42ef2fa	dbtbs_bsub_core_ef9625ff29774e65	discovery	36	52	37	52	-16.5	+	CGCGATTTGTGATACC	2.9870736598968506
EMB_multiscale_C03	tjupan_bacillus_subtilis_main_f246415af5cfc524	dbtbs_bsub_core_f246415af5cfc524	discovery	49	65	50	65	-3.5	+	ACTCTATTTGTGAAGT	2.996269464492798
EMB_multiscale_C03	tjupan_bacillus_subtilis_main_342a4291e30f5e80	dbtbs_bsub_core_342a4291e30f5e80	discovery	18	34	19	34	-34.5	+	GATTTATGTTTCAGCA	3.024669885635376
EMB_multiscale_C03	tjupan_bacillus_subtilis_main_f5fed123a3ffd242	dbtbs_bsub_core_f5fed123a3ffd242	discovery	58	74	59	74	5.5	+	GTAGAATGTTTCGTTT	3.032571792602539
EMB_multiscale_C03	tjupan_bacillus_subtilis_main_48b85a8a5c19ece4	dbtbs_bsub_core_7730e205ee5d9991	discovery	32	48	33	48	-20.5	+	AAAATGGTTTATCCGA	3.0625429153442383
EMB_multiscale_C03	tjupan_bacillus_subtilis_main_487ce40a67c6d939	tjupan_bacillus_subtilis_main_487ce40a67c6d939	discovery	23	39	24	39	-29.5	+	AAAGGTTTATGTTTTT	3.075920820236206
EMB_multiscale_C03	tjupan_bacillus_subtilis_main_a1b8ecb6878276b4	dbtbs_bsub_core_a1b8ecb6878276b4	discovery	65	81	66	81	12.5	+	TCAGAATGGTTTGTCA	3.0913002490997314
EMB_multiscale_C03	tjupan_bacillus_subtilis_main_4fa5d89620e7d8ce	dbtbs_bsub_core_5eb05bc57612da6d	discovery	49	65	50	65	-3.5	+	AAGTTTCTATTGGCGA	3.096595048904419
EMB_multiscale_C03	tjupan_bacillus_subtilis_main_e8dca4769e2e29bc	dbtbs_bsub_core_b8b8ac7ece3bed55	discovery	50	66	51	66	-2.5	+	ACTGAAATTTGTCCGT	3.0980348587036133
EMB_multiscale_C03	tjupan_bacillus_subtilis_main_a92ee416463b3fc1	dbtbs_bsub_core_585820026d8d814d	discovery	36	52	37	52	-16.5	+	AGCGGTTTTGTCGAAT	3.121081829071045
EMB_multiscale_C03	tjupan_bacillus_subtilis_main_cd161e304d76229d	dbtbs_bsub_core_6d139485f356aaca	discovery	27	43	28	43	-25.5	+	ATCCTGTTTGGCTAGT	3.121445417404175
EMB_multiscale_C03	tjupan_bacillus_subtilis_main_70da326395794983	tjupan_bacillus_subtilis_main_70da326395794983	discovery	21	37	22	37	-31.5	+	TCAGATTGGTCATTTT	3.129966974258423
EMB_multiscale_C03	tjupan_bacillus_subtilis_main_55935e0c215d1239	dbtbs_bsub_core_bd96a60828361996	discovery	60	76	61	76	7.5	+	AGATGCAATTTTCGAT	3.136995315551758
EMB_multiscale_C03	tjupan_bacillus_subtilis_main_4a76c51266c80a0f	dbtbs_bsub_core_b905bf06b88d4e46	discovery	6	22	7	22	-46.5	+	ATTGTTTTGATTTAGA	3.150347948074341
EMB_multiscale_C03	tjupan_bacillus_subtilis_main_fcf1520effc316d9	dbtbs_bsub_core_fcf1520effc316d9	discovery	33	49	34	49	-19.5	+	GTAATTTGATAGTTTT	3.166609048843384
EMB_multiscale_C03	tjupan_bacillus_subtilis_main_fb689c0625deec2e	dbtbs_bsub_core_bf9535fab79dbf8f	discovery	3	19	4	19	-49.5	+	ACAAGATTGTTAGTTT	3.1670618057250977
EMB_multiscale_C03	tjupan_bacillus_subtilis_main_8a0979b032bb35c1	dbtbs_bsub_core_33318fe6256d39ff	discovery	6	22	7	22	-46.5	+	AAACAATTGTTCTGAC	3.170055627822876
EMB_multiscale_C03	tjupan_bacillus_subtilis_main_91723abad13f63e4	tjupan_bacillus_subtilis_main_91723abad13f63e4	discovery	30	46	31	46	-22.5	+	TGAAAGCGTTTTTATA	3.1711299419403076
EMB_multiscale_C03	tjupan_bacillus_subtilis_main_3ec4c8abee3f7a8e	dbtbs_bsub_core_c18c3f10dff5c627	discovery	3	19	4	19	-49.5	+	ACCGCATTTTGTAAAA	3.171719551086426
EMB_multiscale_C03	tjupan_bacillus_subtilis_main_8b7394af6b78d50f	dbtbs_bsub_core_c890b4346c03f247	discovery	50	66	51	66	-2.5	+	TAAATTGAATGTTAGG	3.175168991088867
EMB_multiscale_C03	tjupan_bacillus_subtilis_main_b790c6b12a43a7c6	tjupan_bacillus_subtilis_main_b790c6b12a43a7c6	discovery	5	21	6	21	-47.5	+	CGATGAATTGGCTCTT	3.1784965991973877
EMB_multiscale_C03	tjupan_bacillus_subtilis_main_e4dda028e03de313	dbtbs_bsub_core_e4dda028e03de313	discovery	20	36	21	36	-32.5	+	AAGGATTGACTTTGTG	3.1792030334472656
EMB_multiscale_C03	tjupan_bacillus_subtilis_main_618f0dc5c0847866	dbtbs_bsub_core_e2f191a04a63a5f0	discovery	54	70	55	70	1.5	+	ATATTGTGAATTTAAC	3.1837360858917236
EMB_multiscale_C03	tjupan_bacillus_subtilis_main_a61c0978ae294759	tjupan_bacillus_subtilis_main_a61c0978ae294759	discovery	19	35	20	35	-33.5	+	TCTGCGATGTTTAAAA	3.1853082180023193
EMB_multiscale_C03	tjupan_bacillus_subtilis_main_f58412ec32c641aa	dbtbs_bsub_core_bba92a46eba6f8e0	discovery	22	38	23	38	-30.5	+	TGATTGACTTATGGGT	3.194007396697998
EMB_multiscale_C03	tjupan_bacillus_subtilis_main_77dc78ed29025116	dbtbs_bsub_core_77dc78ed29025116	discovery	49	65	50	65	-3.5	+	ATAATGGTTTGGAACA	3.2177281379699707
EMB_multiscale_C03	tjupan_bacillus_subtilis_main_0b104549c8fd9755	dbtbs_bsub_core_0b104549c8fd9755	discovery	48	64	49	64	-4.5	+	GAGTATTTCATGGAGT	3.223111152648926
EMB_multiscale_C03	tjupan_bacillus_subtilis_main_f9edd67964b41200	dbtbs_bsub_core_f9edd67964b41200	discovery	16	32	17	32	-36.5	+	CATACTTTTCGGTGAA	3.2319023609161377
EMB_multiscale_C03	tjupan_bacillus_subtilis_main_d1b10b64ac040b8c	dbtbs_bsub_core_3a6c62def340fb72	discovery	27	43	28	43	-25.5	+	GACCTTTATTGACCAA	3.245356559753418
EMB_multiscale_C03	tjupan_bacillus_subtilis_main_14a46634ed7dcff0	tjupan_bacillus_subtilis_main_14a46634ed7dcff0	discovery	59	75	60	75	6.5	+	GAGTTGATATTTCAAC	3.253723621368408
EMB_multiscale_C03	tjupan_bacillus_subtilis_main_a8b2c052c0cdfcff	tjupan_bacillus_subtilis_main_a8b2c052c0cdfcff	discovery	12	28	13	28	-40.5	+	TCGAGATGTTTTACTT	3.2582223415374756
EMB_multiscale_C03	tjupan_bacillus_subtilis_main_ad6e1b40396f6528	dbtbs_bsub_core_ad6e1b40396f6528	discovery	6	22	7	22	-46.5	+	AAATTTTTGTGCATAA	3.2618520259857178
EMB_multiscale_C03	tjupan_bacillus_subtilis_main_d9679a25a18d6da1	tjupan_bacillus_subtilis_main_c9bc5ed233eba13a	discovery	2	18	3	18	-50.5	+	CATTATTTCCGTTGCT	3.262892246246338
EMB_multiscale_C03	tjupan_bacillus_subtilis_main_50224837ca8eceb5	dbtbs_bsub_core_50224837ca8eceb5	discovery	36	52	37	52	-16.5	+	TGATCATTGGTTCATC	3.2695531845092773
EMB_multiscale_C03	tjupan_bacillus_subtilis_main_df2876c84282b3af	dbtbs_bsub_core_d831e470618beda7	discovery	39	55	40	55	-13.5	+	GTGGTTTGATACTTTT	3.2773780822753906
EMB_multiscale_C03	tjupan_bacillus_subtilis_main_f6994e5b6245c7bf	tjupan_bacillus_subtilis_main_f6994e5b6245c7bf	discovery	24	40	25	40	-28.5	+	AGGGATTTTGCACTAA	3.2776310443878174
EMB_multiscale_C03	tjupan_bacillus_subtilis_main_412fe696982b64f9	dbtbs_bsub_core_412fe696982b64f9	discovery	16	32	17	32	-36.5	+	ATTTTTCGGTGATAAA	3.2814295291900635
EMB_multiscale_C03	tjupan_bacillus_subtilis_main_85511e0264f2e3b8	dbtbs_bsub_core_35445cef3104bf74	discovery	19	35	20	35	-33.5	+	AAATTCTTTGGAAATA	3.2845370769500732
EMB_multiscale_C03	tjupan_bacillus_subtilis_main_a2cd64f7b02e9630	tjupan_bacillus_subtilis_main_a2cd64f7b02e9630	discovery	21	37	22	37	-31.5	+	AACACTTGATTTTCTC	3.293111562728882
EMB_multiscale_C03	tjupan_bacillus_subtilis_main_32aff5c8192321bb	dbtbs_bsub_core_76636d30cbe1eec3	discovery	13	29	14	29	-39.5	+	TTTTGATTTCTGGTCA	3.2998015880584717
EMB_multiscale_C03	tjupan_bacillus_subtilis_main_69a39ef163dd4726	tjupan_bacillus_subtilis_main_69a39ef163dd4726	discovery	52	68	53	68	-0.5	+	TATGATTAAGGTTCCG	3.3012142181396484
EMB_multiscale_C03	tjupan_bacillus_subtilis_main_ba49f50d8b0af1c7	dbtbs_bsub_core_8a4a22c637647f42	discovery	13	29	14	29	-39.5	+	TTTAATTTGTATTCAT	3.3029885292053223
EMB_multiscale_C03	tjupan_bacillus_subtilis_main_71eaf5cbf249113b	dbtbs_bsub_core_71eaf5cbf249113b	discovery	24	40	25	40	-28.5	+	AGCATCTTTGTGAAGT	3.309513568878174
EMB_multiscale_C03	tjupan_bacillus_subtilis_main_c229c4b94f6591ae	tjupan_bacillus_subtilis_main_c229c4b94f6591ae	discovery	16	32	17	32	-36.5	+	TTTTTTGATTAGTCAA	3.313046932220459
EMB_multiscale_C03	tjupan_bacillus_subtilis_main_67a8fe9203485bd0	dbtbs_bsub_core_67a8fe9203485bd0	discovery	10	26	11	26	-42.5	+	TTTTTTGGATAGGTTG	3.3211097717285156
EMB_multiscale_C03	tjupan_bacillus_subtilis_main_857deea4069ff6ab	tjupan_bacillus_subtilis_main_857deea4069ff6ab	discovery	65	81	66	81	12.5	+	AGTTTGTTTGATCAAC	3.3214290142059326
EMB_multiscale_C03	tjupan_bacillus_subtilis_main_a43a1f032db2e49e	dbtbs_bsub_core_872c1380ac7bb81f	discovery	16	32	17	32	-36.5	+	ACACGTTTAATGCGTT	3.3231165409088135
EMB_multiscale_C03	tjupan_bacillus_subtilis_main_ff62fa3227cb3ab1	dbtbs_bsub_core_f748f853b4ec2056	discovery	57	73	58	73	4.5	+	ACTAGTGATTTGAAGG	3.3255069255828857
EMB_multiscale_C03	tjupan_bacillus_subtilis_main_a1ad6ce2d20c389b	dbtbs_bsub_core_539bc60476254ff5	discovery	65	81	66	81	12.5	+	TATTACGATTTGTTAG	3.331378221511841
EMB_multiscale_C03	tjupan_bacillus_subtilis_main_9361e0f82edaa017	tjupan_bacillus_subtilis_main_9361e0f82edaa017	discovery	21	37	22	37	-31.5	+	ATCAGGTTTTGTGGAC	3.3316421508789062
EMB_multiscale_C03	tjupan_bacillus_subtilis_main_754ac4e873f6c24d	tjupan_bacillus_subtilis_main_754ac4e873f6c24d	discovery	61	77	62	77	8.5	+	AAATGGTTTTATGCCC	3.335036516189575
EMB_multiscale_C03	tjupan_bacillus_subtilis_main_2931d3a1a20c25de	dbtbs_bsub_core_60150ba1e82823d4	discovery	56	72	57	72	3.5	+	TAGTACCAATTTGGAA	3.338012218475342
EMB_multiscale_C03	tjupan_bacillus_subtilis_main_0fe342e604184137	dbtbs_bsub_core_f039c4e5fee11aa3	discovery	20	36	21	36	-32.5	+	TAAGAATGTTCTTTGC	3.3386693000793457
EMB_multiscale_C03	tjupan_bacillus_subtilis_main_036f4e66b4e66745	dbtbs_bsub_core_7b26bab7de636614	discovery	12	28	13	28	-40.5	+	CTAGCGGTTTTGCTGA	3.348386287689209
EMB_multiscale_C03	tjupan_bacillus_subtilis_main_9d589577eb1cbe67	tjupan_bacillus_subtilis_main_9d589577eb1cbe67	discovery	5	21	6	21	-47.5	+	TAAATTTTGTTACTCT	3.362274169921875
EMB_multiscale_C03	tjupan_bacillus_subtilis_main_eaa75817f87b3088	dbtbs_bsub_core_71c43b52121900cc	discovery	48	64	49	64	-4.5	+	GCATACTGTTTCGAAA	3.362982988357544
EMB_multiscale_C03	tjupan_bacillus_subtilis_main_e95909bd7e136f46	dbtbs_bsub_core_426aaa712ced5536	discovery	5	21	6	21	-47.5	+	AAAGATTTTGCAAATC	3.3782479763031006
EMB_multiscale_C03	tjupan_bacillus_subtilis_main_61d216a2a24189d0	dbtbs_bsub_core_61d216a2a24189d0	discovery	39	55	40	55	-13.5	+	TGACAATGTTTAAATG	3.393224000930786
EMB_multiscale_C03	tjupan_bacillus_subtilis_main_2e59e247c2d07b0b	tjupan_bacillus_subtilis_main_2e59e247c2d07b0b	discovery	0	16	1	16	-52.5	+	GAAATGTCATTTTTTA	3.3932924270629883
EMB_multiscale_C03	tjupan_bacillus_subtilis_main_9e087715e3522ed4	dbtbs_bsub_core_b3df5d74f56f0610	discovery	17	33	18	33	-35.5	+	AAAATAGGTTTACGAC	3.414348840713501
EMB_multiscale_C03	tjupan_bacillus_subtilis_main_90a64d4511c49526	dbtbs_bsub_core_90a64d4511c49526	discovery	3	19	4	19	-49.5	+	AATATTGTTCGGTTCA	3.418246030807495
EMB_multiscale_C03	tjupan_bacillus_subtilis_main_74de924b5fe0230a	dbtbs_bsub_core_74de924b5fe0230a	discovery	25	41	26	41	-27.5	+	AGGGCATGTTTTTCTG	3.424530029296875
EMB_multiscale_C03	tjupan_bacillus_subtilis_main_1dc2eb4818f9715a	dbtbs_bsub_core_1dc2eb4818f9715a	discovery	12	28	13	28	-40.5	+	CTGTCGGTATTTTCTT	3.426098108291626
EMB_multiscale_C03	tjupan_bacillus_subtilis_main_cb8c6e383b33abd4	dbtbs_bsub_core_cb8c6e383b33abd4	discovery	0	16	1	16	-52.5	+	ACACTGGTATTTTTTT	3.4379990100860596
EMB_multiscale_C03	tjupan_bacillus_subtilis_main_ade9dc791ab39f6c	dbtbs_bsub_core_ade9dc791ab39f6c	discovery	47	63	48	63	-5.5	+	GTATCTTTTGTATAGG	3.439192533493042
EMB_multiscale_C03	tjupan_bacillus_subtilis_main_52931b7eafd9a9b2	dbtbs_bsub_core_324baeb0b4deda5d	discovery	63	79	64	79	10.5	+	AGGCCATTTGGACTGC	3.441885471343994
EMB_multiscale_C03	tjupan_bacillus_subtilis_main_982fa9762732f05a	tjupan_bacillus_subtilis_main_982fa9762732f05a	discovery	61	77	62	77	8.5	+	GGATTGATATTTTGTA	3.4539361000061035
EMB_multiscale_C03	tjupan_bacillus_subtilis_main_4b32f81551985923	tjupan_bacillus_subtilis_main_4b32f81551985923	discovery	7	23	8	23	-45.5	+	TTTATTTGCGGATTCC	3.4612934589385986
EMB_multiscale_C03	tjupan_bacillus_subtilis_main_7cd769ed0580d73e	tjupan_bacillus_subtilis_main_7cd769ed0580d73e	discovery	37	53	38	53	-15.5	+	TTTCCTTTTGATCATA	3.4670803546905518
EMB_multiscale_C03	tjupan_bacillus_subtilis_main_8a4a22c637647f42	dbtbs_bsub_core_8a4a22c637647f42	discovery	13	29	14	29	-39.5	+	TTAATTTGTATTCATG	3.4680728912353516
EMB_multiscale_C03	tjupan_bacillus_subtilis_main_edadeeaf4ff7a848	tjupan_bacillus_subtilis_main_edadeeaf4ff7a848	discovery	56	72	57	72	3.5	+	ATTTTTCGATTGAAGT	3.4691739082336426
EMB_multiscale_C03	tjupan_bacillus_subtilis_main_1db11a6d86ff5865	tjupan_bacillus_subtilis_main_1db11a6d86ff5865	discovery	14	30	15	30	-38.5	+	GAGACATTTTATCGGT	3.471492290496826
EMB_multiscale_C03	tjupan_bacillus_subtilis_main_80add31ceb4a1382	tjupan_bacillus_subtilis_main_80add31ceb4a1382	discovery	2	18	3	18	-50.5	+	GGTATTGTTACCTTCT	3.4717142581939697
EMB_multiscale_C03	tjupan_bacillus_subtilis_main_e70fb70b66e1d829	tjupan_bacillus_subtilis_main_e70fb70b66e1d829	discovery	9	25	10	25	-43.5	+	TTGCGGTTATTTTGCG	3.4730522632598877
EMB_multiscale_C03	tjupan_bacillus_subtilis_main_ef37e7c4f77cfd3f	tjupan_bacillus_subtilis_main_ef37e7c4f77cfd3f	discovery	13	29	14	29	-39.5	+	CATGGATGTTTATAAA	3.473736524581909
EMB_multiscale_C03	tjupan_bacillus_subtilis_main_49e8e3a6681b011d	dbtbs_bsub_core_e14a6f906af1fa54	discovery	54	70	55	70	1.5	+	TGGGTTGTCATTGAGA	3.4746322631835938
EMB_multiscale_C03	tjupan_bacillus_subtilis_main_0f74e2398b4ac2a6	dbtbs_bsub_core_e5f400f6f8de25f5	discovery	17	33	18	33	-35.5	+	TATTTTGGCGTTTATT	3.4926557540893555
EMB_multiscale_C03	tjupan_bacillus_subtilis_main_d03161002d7a6f34	dbtbs_bsub_core_11066f3e95c7986c	discovery	28	44	29	44	-24.5	+	AATTATTTGTCGAAGA	3.4928627014160156
EMB_multiscale_C03	tjupan_bacillus_subtilis_main_256978383d162d01	dbtbs_bsub_core_256978383d162d01	discovery	13	29	14	29	-39.5	+	AATGTTGTTATTGAAA	3.50232195854187
EMB_multiscale_C03	tjupan_bacillus_subtilis_main_93b5da0b5f842573	dbtbs_bsub_core_93b5da0b5f842573	discovery	55	71	56	71	2.5	+	ACAATGTTTGGAGTGA	3.505795955657959
EMB_multiscale_C03	tjupan_bacillus_subtilis_main_09dd4c8ba7bc09c6	dbtbs_bsub_core_09dd4c8ba7bc09c6	discovery	31	47	32	47	-21.5	+	TATTTTATCCTTGTGT	3.508341073989868
EMB_multiscale_C03	tjupan_bacillus_subtilis_main_ed12f07c80365cbc	dbtbs_bsub_core_09dd4c8ba7bc09c6	discovery	64	80	65	80	11.5	+	GTTTTTTATGGAGAAC	3.5112645626068115
EMB_multiscale_C03	tjupan_bacillus_subtilis_main_ecef2875a7a372ba	dbtbs_bsub_core_ecef2875a7a372ba	discovery	36	52	37	52	-16.5	+	TCACGATTTGATAAAA	3.514317035675049
EMB_multiscale_C03	tjupan_bacillus_subtilis_main_1cd26aa95d9363dc	dbtbs_bsub_core_1cd26aa95d9363dc	discovery	8	24	9	24	-44.5	+	TATTTGTCATTTACGT	3.51639986038208
EMB_multiscale_C03	tjupan_bacillus_subtilis_main_e2f816d3420810f5	dbtbs_bsub_core_8f473f826c608a81	discovery	38	54	39	54	-14.5	+	TTGTTTTTGGTACAAT	3.521064281463623
EMB_multiscale_C03	tjupan_bacillus_subtilis_main_86c973796d10f50f	dbtbs_bsub_core_86c973796d10f50f	discovery	5	21	6	21	-47.5	+	GAAAATTGGTTATTTT	3.5239527225494385
EMB_multiscale_C03	tjupan_bacillus_subtilis_main_c2d54a415a7d048a	dbtbs_bsub_core_c2d54a415a7d048a	discovery	23	39	24	39	-29.5	+	TATTGAAACATTTTTC	3.5290238857269287
EMB_multiscale_C03	tjupan_bacillus_subtilis_main_76909c0ebd8db916	dbtbs_bsub_core_d5153844984277ea	discovery	25	41	26	41	-27.5	+	TTGATATGGCTTTTTA	3.539964199066162
EMB_multiscale_C03	tjupan_bacillus_subtilis_main_7c03938b389dc368	dbtbs_bsub_core_39e8d21f598046d9	discovery	48	64	49	64	-4.5	+	TATACTGTTTGCATAA	3.546811819076538
EMB_multiscale_C03	tjupan_bacillus_subtilis_main_51e2f43063a3baab	tjupan_bacillus_subtilis_main_51e2f43063a3baab	discovery	42	58	43	58	-10.5	+	TTTTGTTTATGATAAA	3.549954414367676
EMB_multiscale_C03	tjupan_bacillus_subtilis_main_b59ef89e981b3745	tjupan_bacillus_subtilis_main_b59ef89e981b3745	discovery	18	34	19	34	-34.5	+	TTCTTTTATGAAACGT	3.5563888549804688
EMB_multiscale_C03	tjupan_bacillus_subtilis_main_7358cf40e4efa482	tjupan_bacillus_subtilis_main_7358cf40e4efa482	discovery	56	72	57	72	3.5	+	CTTGATATGGCTTTTT	3.559622049331665
EMB_multiscale_C03	tjupan_bacillus_subtilis_main_f7fb3b6a673b2fe9	dbtbs_bsub_core_4c8b5a3cc4c24c6c	discovery	11	27	12	27	-41.5	+	TAACCAATTTGAGGGT	3.5621185302734375
EMB_multiscale_C03	tjupan_bacillus_subtilis_main_e9623f8193af34e0	dbtbs_bsub_core_e9623f8193af34e0	discovery	15	31	16	31	-37.5	+	CCGTTTATTGTACAAG	3.5711898803710938
EMB_multiscale_C03	tjupan_bacillus_subtilis_main_666dd7e391a36890	dbtbs_bsub_core_666dd7e391a36890	discovery	1	17	2	17	-51.5	+	CTTTCTGGTTGATCAG	3.5749151706695557
EMB_multiscale_C03	tjupan_bacillus_subtilis_main_ca7144caa797f7bc	dbtbs_bsub_core_ca7144caa797f7bc	discovery	24	40	25	40	-28.5	+	TTTCGTTTTATGAAAA	3.5857179164886475
EMB_multiscale_C03	tjupan_bacillus_subtilis_main_6c11169e185f76df	dbtbs_bsub_core_6c11169e185f76df	discovery	59	75	60	75	6.5	+	CTGAAGATTTGTGTAA	3.602916955947876
EMB_multiscale_C03	tjupan_bacillus_subtilis_main_b7c0b4323e70fc71	dbtbs_bsub_core_b7c0b4323e70fc71	discovery	21	37	22	37	-31.5	+	TTATATGAAACCTTTT	3.614514112472534
EMB_multiscale_C03	tjupan_bacillus_subtilis_main_2c918744f6daf466	dbtbs_bsub_core_20f77243a5b2c4ab	discovery	62	78	63	78	9.5	+	TAAGGCTGTTTAAACA	3.627671957015991
EMB_multiscale_C03	tjupan_bacillus_subtilis_main_cd5426fc6bacf792	dbtbs_bsub_core_cd5426fc6bacf792	discovery	18	34	19	34	-34.5	+	ATTATATTTGACTGTC	3.6395885944366455
EMB_multiscale_C03	tjupan_bacillus_subtilis_main_79d6d17268b5d0ce	dbtbs_bsub_core_94e9d8c40cf791b3	discovery	29	45	30	45	-23.5	+	AACTTTTTGATATCCT	3.6457419395446777
EMB_multiscale_C03	tjupan_bacillus_subtilis_main_a52148b067c7a32f	tjupan_bacillus_subtilis_main_a52148b067c7a32f	discovery	4	20	5	20	-48.5	+	TTTTTTATGCGTTCAC	3.649726390838623
EMB_multiscale_C03	tjupan_bacillus_subtilis_main_54fd4c2966482e2c	dbtbs_bsub_core_ba3becfc7c3e4e17	discovery	21	37	22	37	-31.5	+	GCCTGAATATTTCTTT	3.6647610664367676
EMB_multiscale_C03	tjupan_bacillus_subtilis_main_5fc80954df40cf68	dbtbs_bsub_core_44be1bddac760e1c	discovery	13	29	14	29	-39.5	+	TTTTTTTATGCGTTCA	3.6673879623413086
EMB_multiscale_C03	tjupan_bacillus_subtilis_main_5e8ac4f4506ef781	dbtbs_bsub_core_cdccc2e2972286a4	discovery	13	29	14	29	-39.5	+	CCGATTTATCATTGAC	3.6694552898406982
EMB_multiscale_C03	tjupan_bacillus_subtilis_main_fff8e3a328b3cab3	dbtbs_bsub_core_7231d94d9d77331f	discovery	21	37	22	37	-31.5	+	AAGTTGACGCTTTTTT	3.6703262329101562
EMB_multiscale_C03	tjupan_bacillus_subtilis_main_fc6071b9027316a7	tjupan_bacillus_subtilis_main_fc6071b9027316a7	discovery	12	28	13	28	-40.5	+	ATGTGAGAATTTAAAT	3.6745150089263916
EMB_multiscale_C03	tjupan_bacillus_subtilis_main_eebec5ad9a06df67	dbtbs_bsub_core_5cddd19c752675c8	discovery	63	79	64	79	10.5	+	TATTTTTGTTCGAACT	3.6827926635742188
EMB_multiscale_C03	tjupan_bacillus_subtilis_main_10eb69ed5f79bca3	dbtbs_bsub_core_e365baa66d245063	discovery	44	60	45	60	-8.5	+	TGGCTATTTGAACTTC	3.6849145889282227
EMB_multiscale_C03	tjupan_bacillus_subtilis_main_e445a9d379a1812a	dbtbs_bsub_core_e445a9d379a1812a	discovery	13	29	14	29	-39.5	+	TACTTTTTGAATGTGC	3.6949658393859863
EMB_multiscale_C03	tjupan_bacillus_subtilis_main_264ccaf63cfb1cfe	tjupan_bacillus_subtilis_main_264ccaf63cfb1cfe	discovery	0	16	1	16	-52.5	+	TTGTAATGGATTTATA	3.6973185539245605
EMB_multiscale_C03	tjupan_bacillus_subtilis_main_f3e9cc226f1feac3	tjupan_bacillus_subtilis_main_f3e9cc226f1feac3	discovery	38	54	39	54	-14.5	+	GCGTATTTTGTTATAA	3.69765305519104
EMB_multiscale_C03	tjupan_bacillus_subtilis_main_32a70db45859cbb9	dbtbs_bsub_core_32a70db45859cbb9	discovery	35	51	36	51	-17.5	+	TTATTTTCCGTGTCTA	3.699436664581299
EMB_multiscale_C03	tjupan_bacillus_subtilis_main_2b17d905bac0c3bc	dbtbs_bsub_core_2b17d905bac0c3bc	discovery	17	33	18	33	-35.5	+	AACGGCTGTTTTAAAA	3.703918933868408
EMB_multiscale_C03	tjupan_bacillus_subtilis_main_2c9e8a462277f7da	dbtbs_bsub_core_f7573fed016c047b	discovery	28	44	29	44	-24.5	+	TTTTCGTTTGCAAAAG	3.7068445682525635
EMB_multiscale_C03	tjupan_bacillus_subtilis_main_be897b68bd393df0	dbtbs_bsub_core_be897b68bd393df0	discovery	33	49	34	49	-19.5	+	TTTCATTGATTTAGGG	3.7095682621002197
EMB_multiscale_C03	tjupan_bacillus_subtilis_main_980ab95cde029f78	tjupan_bacillus_subtilis_main_980ab95cde029f78	discovery	44	60	45	60	-8.5	+	AGGTACATTTTGATTT	3.7137863636016846
EMB_multiscale_C03	tjupan_bacillus_subtilis_main_fea868950ff1c774	tjupan_bacillus_subtilis_main_fea868950ff1c774	discovery	35	51	36	51	-17.5	+	TTTAGGAATTGGCGAT	3.716672897338867
EMB_multiscale_C03	tjupan_bacillus_subtilis_main_106e69f8e7e10bd4	tjupan_bacillus_subtilis_main_106e69f8e7e10bd4	discovery	3	19	4	19	-49.5	+	TCTGTTTTGCCGGAAT	3.718426465988159
EMB_multiscale_C03	tjupan_bacillus_subtilis_main_737474f253397bee	tjupan_bacillus_subtilis_main_737474f253397bee	discovery	30	46	31	46	-22.5	+	ACCCCTGTATTTTTGG	3.7213523387908936
EMB_multiscale_C03	tjupan_bacillus_subtilis_main_4e48cd3162b15e74	tjupan_bacillus_subtilis_main_4e48cd3162b15e74	discovery	12	28	13	28	-40.5	+	ATTTCTTTGGCGTGTA	3.7224538326263428
EMB_multiscale_C03	tjupan_bacillus_subtilis_main_59b38cd2f2ea112d	dbtbs_bsub_core_59b38cd2f2ea112d	discovery	63	79	64	79	10.5	+	CTGTGTTTGATTGAAA	3.732353687286377
EMB_multiscale_C03	tjupan_bacillus_subtilis_main_c0aec64934968747	tjupan_bacillus_subtilis_main_c0aec64934968747	discovery	26	42	27	42	-26.5	+	TTGTGTTTTTGCTAGA	3.744107723236084
EMB_multiscale_C03	tjupan_bacillus_subtilis_main_d33162cb12a5a549	tjupan_bacillus_subtilis_main_d33162cb12a5a549	discovery	15	31	16	31	-37.5	+	CATTGTAGGTTTTCAA	3.7459638118743896
EMB_multiscale_C03	tjupan_bacillus_subtilis_main_b2e461bb3b5d3d88	dbtbs_bsub_core_b2e461bb3b5d3d88	discovery	27	43	28	43	-25.5	+	GATTACTTTTGCTGAC	3.753974437713623
EMB_multiscale_C03	tjupan_bacillus_subtilis_main_78caf7680ac9ae4c	tjupan_bacillus_subtilis_main_78caf7680ac9ae4c	discovery	34	50	35	50	-18.5	+	TTTGGATTGAACAATT	3.7607572078704834
EMB_multiscale_C03	tjupan_bacillus_subtilis_main_a7a45131c45395c8	dbtbs_bsub_core_a7a45131c45395c8	discovery	7	23	8	23	-45.5	+	AGACTGATTTTACGGG	3.7753031253814697
EMB_multiscale_C03	tjupan_bacillus_subtilis_main_c7c68e6fe4d84a02	tjupan_bacillus_subtilis_main_c7c68e6fe4d84a02	discovery	23	39	24	39	-29.5	+	GATTTTTAACGGATCT	3.7777411937713623
EMB_multiscale_C03	tjupan_bacillus_subtilis_main_b24feeda89db5dfd	dbtbs_bsub_core_b24feeda89db5dfd	discovery	57	73	58	73	4.5	+	AACAGGTCATTTTTTA	3.7830471992492676
EMB_multiscale_C03	tjupan_bacillus_subtilis_main_5d881eac8b46d627	dbtbs_bsub_core_5d881eac8b46d627	discovery	65	81	66	81	12.5	+	GTGATGCATTTTATGA	3.788954973220825
EMB_multiscale_C03	tjupan_bacillus_subtilis_main_4cf64b5587e1d04e	dbtbs_bsub_core_4cf64b5587e1d04e	discovery	34	50	35	50	-18.5	+	TCTTTTGTTCAGGCAT	3.7908995151519775
EMB_multiscale_C03	tjupan_bacillus_subtilis_main_024ba149e95dcf1a	tjupan_bacillus_subtilis_main_024ba149e95dcf1a	discovery	23	39	24	39	-29.5	+	CGCATGATTTTCCGGC	3.794605016708374
EMB_multiscale_C03	tjupan_bacillus_subtilis_main_56fbf5e1ebfb46d1	dbtbs_bsub_core_56fbf5e1ebfb46d1	discovery	53	69	54	69	0.5	+	TATTTTTCGTGAACTT	3.7954959869384766
EMB_multiscale_C03	tjupan_bacillus_subtilis_main_9d5c52bb0fa0ffad	dbtbs_bsub_core_9d5c52bb0fa0ffad	discovery	63	79	64	79	10.5	+	AATGATTGCATTTTAA	3.795980930328369
EMB_multiscale_C03	tjupan_bacillus_subtilis_main_834e21e1951468f3	tjupan_bacillus_subtilis_main_834e21e1951468f3	discovery	25	41	26	41	-27.5	+	AGTGAAACATTTTTCA	3.8055670261383057
EMB_multiscale_C03	tjupan_bacillus_subtilis_main_8bde36b216b3390f	dbtbs_bsub_core_8bde36b216b3390f	discovery	51	67	52	67	-1.5	+	AATGTATCCTTTTGGG	3.806309938430786
EMB_multiscale_C03	tjupan_bacillus_subtilis_main_66846fa14c29dbc1	dbtbs_bsub_core_89ab3601fa8ac055	discovery	61	77	62	77	8.5	+	TATAAATTTTGCAGAA	3.8261892795562744
EMB_multiscale_C03	tjupan_bacillus_subtilis_main_ade14dd3fdacb032	dbtbs_bsub_core_12585b08a658046e	discovery	25	41	26	41	-27.5	+	CTTGTCATTTACAAAA	3.8271493911743164
EMB_multiscale_C03	tjupan_bacillus_subtilis_main_5f8b6936b2e52932	tjupan_bacillus_subtilis_main_5f8b6936b2e52932	discovery	5	21	6	21	-47.5	+	GCTTTTTTGTGTCATA	3.834432363510132
EMB_multiscale_C03	tjupan_bacillus_subtilis_main_f45d38a5e15ccc93	dbtbs_bsub_core_5dbc73ad42aeab56	discovery	29	45	30	45	-23.5	+	ATTGTTGTTCCGCAAA	3.8370230197906494
EMB_multiscale_C03	tjupan_bacillus_subtilis_main_354da8035d16f701	dbtbs_bsub_core_1ee6e81d7c1d1fa1	discovery	27	43	28	43	-25.5	+	GATTTGACATTTACGT	3.837963581085205
EMB_multiscale_C03	tjupan_bacillus_subtilis_main_5957e34dfa6ab85c	tjupan_bacillus_subtilis_main_5957e34dfa6ab85c	discovery	61	77	62	77	8.5	+	TAAGGCTGGTTTCAAA	3.8414769172668457
EMB_multiscale_C03	tjupan_bacillus_subtilis_main_e0774d83207a7dd7	dbtbs_bsub_core_2b17d905bac0c3bc	discovery	18	34	19	34	-34.5	+	AACGGCTGTTTTAAAA	3.849458694458008
EMB_multiscale_C03	tjupan_bacillus_subtilis_main_57cb99253c19d2b6	tjupan_bacillus_subtilis_main_57cb99253c19d2b6	discovery	3	19	4	19	-49.5	+	TTTTCAGTTGAATGAT	3.8495895862579346
EMB_multiscale_C03	tjupan_bacillus_subtilis_main_49d5f09ecdaa68d2	dbtbs_bsub_core_2fc6766ca8c365d3	discovery	17	33	18	33	-35.5	+	TTTAATTATTGACTGA	3.860931634902954
EMB_multiscale_C03	tjupan_bacillus_subtilis_main_eb51fed06d2e921e	dbtbs_bsub_core_3613f20526b705b5	discovery	63	79	64	79	10.5	+	AAGGGTTTACATAATG	3.8675708770751953
EMB_multiscale_C03	tjupan_bacillus_subtilis_main_9990510225814384	tjupan_bacillus_subtilis_main_9990510225814384	discovery	52	68	53	68	-0.5	+	TAGTTATTGAATTGAA	3.877192974090576
EMB_multiscale_C03	tjupan_bacillus_subtilis_main_b578e9e0d96d144a	dbtbs_bsub_core_b578e9e0d96d144a	discovery	11	27	12	27	-41.5	+	GCGATATTTTGTTATG	3.877774477005005
EMB_multiscale_C03	tjupan_bacillus_subtilis_main_e84ae283b7981830	tjupan_bacillus_subtilis_main_e84ae283b7981830	discovery	60	76	61	76	7.5	+	AGGTAACGATTTTCGG	3.8825175762176514
EMB_multiscale_C03	tjupan_bacillus_subtilis_main_eb11019c71a3a745	tjupan_bacillus_subtilis_main_eb11019c71a3a745	discovery	60	76	61	76	7.5	+	ATGTGTGATTTTTAAA	3.888164520263672
EMB_multiscale_C03	tjupan_bacillus_subtilis_main_cf3def291394eeb9	tjupan_bacillus_subtilis_main_cf3def291394eeb9	discovery	60	76	61	76	7.5	+	CCGTTGTAACTTTTTA	3.890207529067993
EMB_multiscale_C03	tjupan_bacillus_subtilis_main_6406719b10941769	dbtbs_bsub_core_5bcaee6240f23d4b	discovery	20	36	21	36	-32.5	+	CTATATTGACCTTGCT	3.9245765209198
EMB_multiscale_C03	tjupan_bacillus_subtilis_main_f6c5351a3e225d0c	dbtbs_bsub_core_f6c5351a3e225d0c	discovery	4	20	5	20	-48.5	+	AAACTTTTTGACGGAA	3.942417621612549
EMB_multiscale_C03	tjupan_bacillus_subtilis_main_619ca6b1749e92aa	tjupan_bacillus_subtilis_main_619ca6b1749e92aa	discovery	38	54	39	54	-14.5	+	CATTTTTGGGTACTAT	3.957305431365967
EMB_multiscale_C03	tjupan_bacillus_subtilis_main_9c67a769132d62d8	dbtbs_bsub_core_1373e064636d6c9b	discovery	21	37	22	37	-31.5	+	TGGTGATTGATTTTGG	3.959768056869507
EMB_multiscale_C03	tjupan_bacillus_subtilis_main_f1fe1806a852fcba	dbtbs_bsub_core_f1fe1806a852fcba	discovery	19	35	20	35	-33.5	+	TATGCTTTTGCAGTAC	3.9623398780822754
EMB_multiscale_C03	tjupan_bacillus_subtilis_main_48f68d49bf53ea3b	dbtbs_bsub_core_a63e45c266a8243f	discovery	21	37	22	37	-31.5	+	TCACTTTTGAGATCAC	3.9634029865264893
EMB_multiscale_C03	tjupan_bacillus_subtilis_main_08d810e756c7d81b	tjupan_bacillus_subtilis_main_08d810e756c7d81b	discovery	22	38	23	38	-30.5	+	TTAGGTTTAAGGATCG	3.973742961883545
EMB_multiscale_C03	tjupan_bacillus_subtilis_main_de399adaaafe5be7	dbtbs_bsub_core_f1028676a1f89b0e	discovery	32	48	33	48	-20.5	+	AAAATTTGCTGGATTG	3.9852418899536133
EMB_multiscale_C03	tjupan_bacillus_subtilis_main_3be839d09df1dbe1	dbtbs_bsub_core_3be839d09df1dbe1	discovery	1	17	2	17	-51.5	+	GCGGTGTTTTTGGAAA	3.9879586696624756
EMB_multiscale_C03	tjupan_bacillus_subtilis_main_bfe4e797767b8990	tjupan_bacillus_subtilis_main_bfe4e797767b8990	discovery	9	25	10	25	-43.5	+	CACTTGTTTTGAGCTT	3.9915432929992676
EMB_multiscale_C03	tjupan_bacillus_subtilis_main_1edc8da3b582b0a5	dbtbs_bsub_core_1edc8da3b582b0a5	discovery	40	56	41	56	-12.5	+	AGATCATGTATTTTAA	4.008718013763428
EMB_multiscale_C03	tjupan_bacillus_subtilis_main_8bf0684d999843b1	dbtbs_bsub_core_8bf0684d999843b1	discovery	15	31	16	31	-37.5	+	TCACCATTTTGAATAA	4.039132595062256
EMB_multiscale_C03	tjupan_bacillus_subtilis_main_3eab38fdf3061b6a	tjupan_bacillus_subtilis_main_3eab38fdf3061b6a	discovery	22	38	23	38	-30.5	+	TGATTGACAGCTTTTC	4.047207355499268
EMB_multiscale_C03	tjupan_bacillus_subtilis_main_73f2f27ec267a871	dbtbs_bsub_core_77a7b73eeb200478	discovery	28	44	29	44	-24.5	+	CTCGGTATTTTAACTA	4.048419952392578
EMB_multiscale_C03	tjupan_bacillus_subtilis_main_acb860b1f6674578	dbtbs_bsub_core_f1e6e06788e9c9fd	discovery	54	70	55	70	1.5	+	TTTTAGGATTTCATTC	4.05365514755249
EMB_multiscale_C03	tjupan_bacillus_subtilis_main_8560b0f67ab5f5ab	dbtbs_bsub_core_f7a2628d99aff81a	discovery	19	35	20	35	-33.5	+	AAAGTTTCATTGTTTC	4.056121826171875
EMB_multiscale_C03	tjupan_bacillus_subtilis_main_3adf706b5413c6ce	tjupan_bacillus_subtilis_main_3adf706b5413c6ce	discovery	36	52	37	52	-16.5	+	TCCTTTTTGCTGTGCT	4.05840539932251
EMB_multiscale_C03	tjupan_bacillus_subtilis_main_4915fc510c1f847f	tjupan_bacillus_subtilis_main_4915fc510c1f847f	discovery	16	32	17	32	-36.5	+	ATTTATCTGTTGACAA	4.063148021697998
EMB_multiscale_C03	tjupan_bacillus_subtilis_main_c3fafc97a347852e	tjupan_bacillus_subtilis_main_c3fafc97a347852e	discovery	26	42	27	42	-26.5	+	ATATTTGCTTGTTACA	4.0991692543029785
EMB_multiscale_C03	tjupan_bacillus_subtilis_main_2c8e4076a462c87c	dbtbs_bsub_core_2c8e4076a462c87c	discovery	17	33	18	33	-35.5	+	GCTATGGCTTTTAAAT	4.117629528045654
EMB_multiscale_C03	tjupan_bacillus_subtilis_main_bdf5315a71015695	dbtbs_bsub_core_c94ae7322b918d76	discovery	21	37	22	37	-31.5	+	CGGTTGCAATTTTTAG	4.1191630363464355
EMB_multiscale_C03	tjupan_bacillus_subtilis_main_f5b082fd616807b3	dbtbs_bsub_core_4e960695d4b362e6	discovery	20	36	21	36	-32.5	+	TTTCTTTATGAAACCT	4.120461940765381
EMB_multiscale_C03	tjupan_bacillus_subtilis_main_35bf7199ae44b70c	dbtbs_bsub_core_35bf7199ae44b70c	discovery	35	51	36	51	-17.5	+	ATTGTTTTGGAGTATA	4.121156692504883
EMB_multiscale_C03	tjupan_bacillus_subtilis_main_187a9844a7f0c551	tjupan_bacillus_subtilis_main_187a9844a7f0c551	discovery	15	31	16	31	-37.5	+	AAGTGAATTTGTGCAT	4.167653560638428
EMB_multiscale_C03	tjupan_bacillus_subtilis_main_d0e455b1c91ba281	dbtbs_bsub_core_f6e924d0656980ad	discovery	5	21	6	21	-47.5	+	TTTGGTTTCCAATAAT	4.1729936599731445
EMB_multiscale_C03	tjupan_bacillus_subtilis_main_583caee20795a363	dbtbs_bsub_core_eb847cafc60502c2	discovery	12	28	13	28	-40.5	+	TGATTTATTTGCTTGC	4.209410667419434
EMB_multiscale_C03	tjupan_bacillus_subtilis_main_1732506bbac23b7c	dbtbs_bsub_core_1732506bbac23b7c	discovery	65	81	66	81	12.5	+	ATAGGGATTCCATTGA	4.213961124420166
EMB_multiscale_C03	tjupan_bacillus_subtilis_main_0e56c5fe6c5d0db0	dbtbs_bsub_core_cfddcd51a76889fd	discovery	65	81	66	81	12.5	+	GGAGAGTGAATTTATA	4.242061138153076
EMB_multiscale_C03	tjupan_bacillus_subtilis_main_76885f00c763f220	dbtbs_bsub_core_07bcce23a89f64fb	discovery	37	53	38	53	-15.5	+	TGTCCCATTTAGTAAA	4.26774263381958
EMB_multiscale_C03	tjupan_bacillus_subtilis_main_2b799cc13a596bcd	tjupan_bacillus_subtilis_main_2b799cc13a596bcd	discovery	12	28	13	28	-40.5	+	TTTTTGGGCGAATGCC	4.268127918243408
EMB_multiscale_C03	tjupan_bacillus_subtilis_main_c3431646de80d63f	tjupan_bacillus_subtilis_main_c3431646de80d63f	discovery	33	49	34	49	-19.5	+	CCATGTGTTTTGACAC	4.279054641723633
EMB_multiscale_C03	tjupan_bacillus_subtilis_main_213d453c1e49e371	tjupan_bacillus_subtilis_main_213d453c1e49e371	discovery	37	53	38	53	-15.5	+	AGAGATTTTAAACGTA	4.289234638214111
EMB_multiscale_C03	tjupan_bacillus_subtilis_main_fbae385e087109ce	tjupan_bacillus_subtilis_main_fbae385e087109ce	discovery	64	80	65	80	11.5	+	GCTTACTTTTGACGAA	4.289623737335205
EMB_multiscale_C03	tjupan_bacillus_subtilis_main_962b839f321a2605	dbtbs_bsub_core_962b839f321a2605	discovery	11	27	12	27	-41.5	+	AAACGGTTTATACTTG	4.299956321716309
EMB_multiscale_C03	tjupan_bacillus_subtilis_main_5eccf0b4b51999b8	tjupan_bacillus_subtilis_main_5eccf0b4b51999b8	discovery	15	31	16	31	-37.5	+	AAGGTTTAATGGCCGG	4.369887351989746
EMB_multiscale_C03	tjupan_bacillus_subtilis_main_e326833d29b8752f	dbtbs_bsub_core_e326833d29b8752f	discovery	3	19	4	19	-49.5	+	GTTTTTTGCTGTCTGA	4.427870273590088
EMB_multiscale_C03	tjupan_bacillus_subtilis_main_150dcd3daf63d162	dbtbs_bsub_core_150dcd3daf63d162	discovery	63	79	64	79	10.5	+	GGGGTTTCGCTTGGAG	4.441516876220703
EMB_multiscale_C03	tjupan_bacillus_subtilis_main_43fbda6e3c3abdae	dbtbs_bsub_core_c62c8589a5774a74	discovery	29	45	30	45	-23.5	+	AACCTTTTGAAACGAA	4.50844669342041
EMB_multiscale_C03	tjupan_bacillus_subtilis_main_e90961ead2da3f7b	tjupan_bacillus_subtilis_main_e90961ead2da3f7b	discovery	63	79	64	79	10.5	+	AAGTTAGTTTGTTTAA	4.509840488433838
EMB_multiscale_C03	tjupan_bacillus_subtilis_main_02077247d0a8a665	dbtbs_bsub_core_e82d4ff28ccc2c95	discovery	54	70	55	70	1.5	+	ATTTGTGTTTTAACTC	4.523120403289795
EMB_multiscale_C03	tjupan_bacillus_subtilis_main_a2eb9b766304b405	dbtbs_bsub_core_adaec4e024668ee2	discovery	42	58	43	58	-10.5	+	TTCGGTTTATTATGAT	4.566528797149658
EMB_multiscale_C03	tjupan_bacillus_subtilis_main_a0eee3dddaf07ac3	tjupan_bacillus_subtilis_main_a0eee3dddaf07ac3	discovery	21	37	22	37	-31.5	+	CTGGATGGACTTTTCC	4.57258415222168
EMB_multiscale_C03	tjupan_bacillus_subtilis_main_359df7c8e20abe4e	tjupan_bacillus_subtilis_main_359df7c8e20abe4e	discovery	3	19	4	19	-49.5	+	AACAAATGTTCTTTTT	4.572925567626953
EMB_multiscale_C03	tjupan_bacillus_subtilis_main_5150105a4bdfd4ce	tjupan_bacillus_subtilis_main_5150105a4bdfd4ce	discovery	2	18	3	18	-50.5	+	AATAGGGATTGCTTTT	4.591825485229492
EMB_multiscale_C03	tjupan_bacillus_subtilis_main_7541f607431b8a27	dbtbs_bsub_core_1f38e2f4287dbc6d	discovery	18	34	19	34	-34.5	+	CTGATCTTTTGACTGA	4.6025471687316895
EMB_multiscale_C03	tjupan_bacillus_subtilis_main_954287dc5b301340	tjupan_bacillus_subtilis_main_954287dc5b301340	discovery	10	26	11	26	-42.5	+	GGGAATTTTGGCAAAT	4.6043701171875
EMB_multiscale_C03	tjupan_bacillus_subtilis_main_2313c7dbb458e370	dbtbs_bsub_core_98d6bef120e2925b	discovery	37	53	38	53	-15.5	+	TTTGTTTTACCGTCTA	4.641167640686035
EMB_multiscale_C03	tjupan_bacillus_subtilis_main_dc1d0e364ea2d865	tjupan_bacillus_subtilis_main_dc1d0e364ea2d865	discovery	31	47	32	47	-21.5	+	TTCATTTCATTGTCAA	4.645639896392822
EMB_multiscale_C03	tjupan_bacillus_subtilis_main_ff1b0f332755e37b	dbtbs_bsub_core_710c0cbad80c03b6	discovery	0	16	1	16	-52.5	+	TTTTTTAATGGAGTGG	4.661012649536133
EMB_multiscale_C03	tjupan_bacillus_subtilis_main_fa23a6db7de139e8	tjupan_bacillus_subtilis_main_fa23a6db7de139e8	discovery	61	77	62	77	8.5	+	GAAACGGGTTTCATTT	4.677590847015381
EMB_multiscale_C03	tjupan_bacillus_subtilis_main_8f5a33e062052e2d	tjupan_bacillus_subtilis_main_8f5a33e062052e2d	discovery	37	53	38	53	-15.5	+	TTTTTTGTTGTACACT	4.72077751159668
EMB_multiscale_C03	tjupan_bacillus_subtilis_main_2bdb32bb685dc1db	tjupan_bacillus_subtilis_main_2bdb32bb685dc1db	discovery	0	16	1	16	-52.5	+	GAATAATGGTTCGCTC	4.752677917480469
EMB_multiscale_C03	tjupan_bacillus_subtilis_main_3c72a88384ee6013	tjupan_bacillus_subtilis_main_3c72a88384ee6013	discovery	1	17	2	17	-51.5	+	AAAGTGAGGATTTTTT	4.764192581176758
EMB_multiscale_C03	tjupan_bacillus_subtilis_main_09deb32688bf8365	tjupan_bacillus_subtilis_main_09deb32688bf8365	discovery	57	73	58	73	4.5	+	AGTAGATTTTGAAACC	4.772594928741455
EMB_multiscale_C03	tjupan_bacillus_subtilis_main_e62d7e001687b19a	tjupan_bacillus_subtilis_main_e62d7e001687b19a	discovery	9	25	10	25	-43.5	+	ACCCAATGTGTTTTGT	4.8685407638549805
EMB_multiscale_C03	tjupan_bacillus_subtilis_main_0a0035c3a0685aa9	dbtbs_bsub_core_d50ffa4df9b8add7	discovery	3	19	4	19	-49.5	+	TGTTTTTAGGGCAGTC	4.921807765960693
EMB_multiscale_C03	tjupan_bacillus_subtilis_main_71a2a4c64c087430	tjupan_bacillus_subtilis_main_71a2a4c64c087430	discovery	15	31	16	31	-37.5	+	TTTTGTTTTGCGCACC	5.00577974319458
EMB_multiscale_C03	tjupan_bacillus_subtilis_main_fae71e59d553e455	dbtbs_bsub_core_fae71e59d553e455	discovery	59	75	60	75	6.5	+	ACATTGTGGGATAAAA	5.118096351623535
EMB_multiscale_C03	tjupan_bacillus_subtilis_main_dccf4ca03cd1642b	dbtbs_bsub_core_dccf4ca03cd1642b	discovery	49	65	50	65	-3.5	+	ACAATTTAATTGTATA	5.1499152183532715
EMB_multiscale_C03	tjupan_bacillus_subtilis_main_4059ca0cce5522a4	tjupan_bacillus_subtilis_main_4059ca0cce5522a4	discovery	36	52	37	52	-16.5	+	AGGGAGATTCTTTATT	5.308102607727051
EMB_multiscale_C03	tjupan_bacillus_subtilis_main_6901d7d50287d8c1	dbtbs_bsub_core_6901d7d50287d8c1	discovery	27	43	28	43	-25.5	+	AAAACAGTTTGGGCGG	5.33833646774292
EMB_multiscale_C03	tjupan_bacillus_subtilis_main_671ae756f8df7bca	dbtbs_bsub_core_340ffe292c28e826	discovery	58	74	59	74	5.5	+	GCGGAGGTGTTTTTTG	6.020297527313232
EMB_multiscale_C03	tjupan_bacillus_subtilis_main_29dff321a99fa8a2	dbtbs_bsub_core_e964a63647aab2c6	discovery	64	80	65	80	11.5	+	GGGGATTGGTTTGTTT	6.101266384124756
EMB_multiscale_C03	tjupan_bacillus_subtilis_main_a26ee3e07cf1eedf	dbtbs_bsub_core_a26ee3e07cf1eedf	discovery	57	73	58	73	4.5	+	GGTGAGGTGTTTTTTT	6.3258748054504395
EMB_multiscale_C04	tjupan_bacillus_subtilis_main_e47a55cd702f35e7	dbtbs_bsub_core_175bcd2ea2263ee4	discovery	0	16	1	16	-52.5	+	CTTGTAATTCTTATAG	1.8955447673797607
EMB_multiscale_C04	tjupan_bacillus_subtilis_main_e2b483c6aef274e0	dbtbs_bsub_core_175bcd2ea2263ee4	discovery	3	19	4	19	-49.5	+	TCTTGTAATTCTTATA	2.126103401184082
EMB_multiscale_C04	tjupan_bacillus_subtilis_main_8e4b7e6c519e170f	tjupan_bacillus_subtilis_main_8e4b7e6c519e170f	discovery	49	65	50	65	-3.5	+	ACTTTGTTATTAGAAC	2.2418088912963867
EMB_multiscale_C04	tjupan_bacillus_subtilis_main_9d589577eb1cbe67	tjupan_bacillus_subtilis_main_9d589577eb1cbe67	discovery	47	63	48	63	-5.5	+	GGATACTAATTTCAAG	2.3060178756713867
EMB_multiscale_C04	tjupan_bacillus_subtilis_main_047e296b8721a352	dbtbs_bsub_core_d618c1525725d045	discovery	59	75	60	75	6.5	+	TGACATCTAATTTTAA	2.3181328773498535
EMB_multiscale_C04	tjupan_bacillus_subtilis_main_712069959cf7e3b2	dbtbs_bsub_core_be0e53c334974f0a	discovery	7	23	8	23	-45.5	+	TTCTATGATTTTAACT	2.322580099105835
EMB_multiscale_C04	tjupan_bacillus_subtilis_main_ff61268918c0af5d	tjupan_bacillus_subtilis_main_ff61268918c0af5d	discovery	62	78	63	78	9.5	+	AGTACCTTATTTGCAT	2.3277652263641357
EMB_multiscale_C04	tjupan_bacillus_subtilis_main_79d6d17268b5d0ce	dbtbs_bsub_core_94e9d8c40cf791b3	discovery	53	69	54	69	0.5	+	TATTTGTTAGATATTC	2.4465255737304688
EMB_multiscale_C04	tjupan_bacillus_subtilis_main_2a051d7d075d7920	tjupan_bacillus_subtilis_main_2a051d7d075d7920	discovery	62	78	63	78	9.5	+	AGCGTATTCTTAATCT	2.5025289058685303
EMB_multiscale_C04	tjupan_bacillus_subtilis_main_c2d54a415a7d048a	dbtbs_bsub_core_c2d54a415a7d048a	discovery	17	33	18	33	-35.5	+	TAGTTCTATTGAAACA	2.5886666774749756
EMB_multiscale_C04	tjupan_bacillus_subtilis_main_ade9dc791ab39f6c	dbtbs_bsub_core_ade9dc791ab39f6c	discovery	9	25	10	25	-43.5	+	TCTTTACATTAGATTC	2.615670919418335
EMB_multiscale_C04	tjupan_bacillus_subtilis_main_4648c22f43ae6952	tjupan_bacillus_subtilis_main_4648c22f43ae6952	discovery	20	36	21	36	-32.5	+	ACTTTTAATATTTGCT	2.6225619316101074
EMB_multiscale_C04	tjupan_bacillus_subtilis_main_3adf706b5413c6ce	tjupan_bacillus_subtilis_main_3adf706b5413c6ce	discovery	19	35	20	35	-33.5	+	ACATGTATCTTAAATA	2.6477646827697754
EMB_multiscale_C04	tjupan_bacillus_subtilis_main_d0e455b1c91ba281	dbtbs_bsub_core_f6e924d0656980ad	discovery	34	50	35	50	-18.5	+	CCATCTGATTTAACAA	2.6850695610046387
EMB_multiscale_C04	tjupan_bacillus_subtilis_main_db51f0e14ca9b6e9	tjupan_bacillus_subtilis_main_db51f0e14ca9b6e9	discovery	41	57	42	57	-11.5	+	TGCTTTTCGTATTACA	2.699831485748291
EMB_multiscale_C04	tjupan_bacillus_subtilis_main_fea876b7208e46e3	dbtbs_bsub_core_fea876b7208e46e3	discovery	42	58	43	58	-10.5	+	ATTTGGTATTCTTAAA	2.7766754627227783
EMB_multiscale_C04	tjupan_bacillus_subtilis_main_84e6c8375d18dc47	tjupan_bacillus_subtilis_main_84e6c8375d18dc47	discovery	1	17	2	17	-51.5	+	GTTTAATATGAGTTTT	2.795334815979004
EMB_multiscale_C04	tjupan_bacillus_subtilis_main_636c41b820e9fd5d	tjupan_bacillus_subtilis_main_636c41b820e9fd5d	discovery	9	25	10	25	-43.5	+	TTTTCTAAATAGTTTG	2.8050343990325928
EMB_multiscale_C04	tjupan_bacillus_subtilis_main_2c918744f6daf466	dbtbs_bsub_core_20f77243a5b2c4ab	discovery	47	63	48	63	-5.5	+	ACGTCTTTATAGATGT	2.814034938812256
EMB_multiscale_C04	tjupan_bacillus_subtilis_main_ca7deec2e4330ae4	tjupan_bacillus_subtilis_main_ca7deec2e4330ae4	discovery	63	79	64	79	10.5	+	ATTCAAGATATTTTAA	2.8186938762664795
EMB_multiscale_C04	tjupan_bacillus_subtilis_main_342a4291e30f5e80	dbtbs_bsub_core_342a4291e30f5e80	discovery	16	32	17	32	-36.5	+	AAGATTTATGTTTCAG	2.8268182277679443
EMB_multiscale_C04	tjupan_bacillus_subtilis_main_0710c2f2267154d3	dbtbs_bsub_core_0710c2f2267154d3	discovery	41	57	42	57	-11.5	+	TTTTTCATAACTTAGT	2.8362441062927246
EMB_multiscale_C04	tjupan_bacillus_subtilis_main_5e3ef261f40425ef	tjupan_bacillus_subtilis_main_5e3ef261f40425ef	discovery	23	39	24	39	-29.5	+	TCGCTAATTTGTCGAA	2.85966157913208
EMB_multiscale_C04	tjupan_bacillus_subtilis_main_4a76c51266c80a0f	dbtbs_bsub_core_b905bf06b88d4e46	discovery	45	61	46	61	-7.5	+	TCCGTAATTTCATACA	2.883028268814087
EMB_multiscale_C04	tjupan_bacillus_subtilis_main_24675587b92cc4c7	tjupan_bacillus_subtilis_main_24675587b92cc4c7	discovery	51	67	52	67	-1.5	+	TATTAATTTATCAGCA	2.892367124557495
EMB_multiscale_C04	tjupan_bacillus_subtilis_main_ab3313558a015086	dbtbs_bsub_core_ab3313558a015086	discovery	47	63	48	63	-5.5	+	AATATGGTTACTTTAA	2.8988776206970215
EMB_multiscale_C04	tjupan_bacillus_subtilis_main_d03161002d7a6f34	dbtbs_bsub_core_11066f3e95c7986c	discovery	18	34	19	34	-34.5	+	TATTTTACTCAATTAT	2.8991618156433105
EMB_multiscale_C04	tjupan_bacillus_subtilis_main_4fa5d89620e7d8ce	dbtbs_bsub_core_5eb05bc57612da6d	discovery	47	63	48	63	-5.5	+	ATAAGTTTCTATTGGC	2.9131970405578613
EMB_multiscale_C04	tjupan_bacillus_subtilis_main_9d5c52bb0fa0ffad	dbtbs_bsub_core_9d5c52bb0fa0ffad	discovery	36	52	37	52	-16.5	+	AGAGTTTCAATTATCA	2.9185893535614014
EMB_multiscale_C04	tjupan_bacillus_subtilis_main_0b7b75ba67f19880	dbtbs_bsub_core_0b7b75ba67f19880	discovery	49	65	50	65	-3.5	+	TACCTATTAAGGTCAT	2.926413059234619
EMB_multiscale_C04	tjupan_bacillus_subtilis_main_101463e41079a20e	dbtbs_bsub_core_101463e41079a20e	discovery	62	78	63	78	9.5	+	AGTTTTACAATTCTCG	2.9358274936676025
EMB_multiscale_C04	tjupan_bacillus_subtilis_main_56fbf5e1ebfb46d1	dbtbs_bsub_core_56fbf5e1ebfb46d1	discovery	0	16	1	16	-52.5	+	CAGCATATTTCTGAAA	2.961571455001831
EMB_multiscale_C04	tjupan_bacillus_subtilis_main_ad5b6a3a851181b1	dbtbs_bsub_core_ad5b6a3a851181b1	discovery	8	24	9	24	-44.5	+	ATTTTTATCAATATGT	2.9643023014068604
EMB_multiscale_C04	tjupan_bacillus_subtilis_main_8421a3506bc3ca2c	tjupan_bacillus_subtilis_main_8421a3506bc3ca2c	discovery	62	78	63	78	9.5	+	AAGCGTTTTAATAACA	2.9904563426971436
EMB_multiscale_C04	tjupan_bacillus_subtilis_main_fcf1520effc316d9	dbtbs_bsub_core_fcf1520effc316d9	discovery	29	45	30	45	-23.5	+	ATTAGTAATTTGATAG	3.000445604324341
EMB_multiscale_C04	tjupan_bacillus_subtilis_main_c3fafc97a347852e	tjupan_bacillus_subtilis_main_c3fafc97a347852e	discovery	14	30	15	30	-38.5	+	AATAGTTTATTCATAT	3.00626540184021
EMB_multiscale_C04	tjupan_bacillus_subtilis_main_acb860b1f6674578	dbtbs_bsub_core_f1e6e06788e9c9fd	discovery	64	80	65	80	11.5	+	TCATTCTTGTATTAAA	3.006448745727539
EMB_multiscale_C04	tjupan_bacillus_subtilis_main_c758d11e26aac641	tjupan_bacillus_subtilis_main_c758d11e26aac641	discovery	48	64	49	64	-4.5	+	TATTTATCCATTGTAA	3.007793426513672
EMB_multiscale_C04	tjupan_bacillus_subtilis_main_8559682da7e0b4ef	dbtbs_bsub_core_8559682da7e0b4ef	discovery	12	28	13	28	-40.5	+	TCGTTTTAATTGTCTC	3.010692834854126
EMB_multiscale_C04	tjupan_bacillus_subtilis_main_77dc78ed29025116	dbtbs_bsub_core_77dc78ed29025116	discovery	40	56	41	56	-12.5	+	ATTTCAGTTATAATGG	3.0128092765808105
EMB_multiscale_C04	tjupan_bacillus_subtilis_main_f246415af5cfc524	dbtbs_bsub_core_f246415af5cfc524	discovery	46	62	47	62	-6.5	+	TATACTCTATTTGTGA	3.0244626998901367
EMB_multiscale_C04	tjupan_bacillus_subtilis_main_bc41d7d0760497f9	dbtbs_bsub_core_bc41d7d0760497f9	discovery	42	58	43	58	-10.5	+	TCTGTTATAATTCATA	3.026346445083618
EMB_multiscale_C04	tjupan_bacillus_subtilis_main_5d881eac8b46d627	dbtbs_bsub_core_5d881eac8b46d627	discovery	1	17	2	17	-51.5	+	ACTATAGTTTAATTTA	3.027846574783325
EMB_multiscale_C04	tjupan_bacillus_subtilis_main_e4dda028e03de313	dbtbs_bsub_core_e4dda028e03de313	discovery	38	54	39	54	-14.5	+	TCAAAGTATTTATTGT	3.0318820476531982
EMB_multiscale_C04	tjupan_bacillus_subtilis_main_69a39ef163dd4726	tjupan_bacillus_subtilis_main_69a39ef163dd4726	discovery	50	66	51	66	-2.5	+	ATTATGATTAAGGTTC	3.041632652282715
EMB_multiscale_C04	tjupan_bacillus_subtilis_main_52931b7eafd9a9b2	dbtbs_bsub_core_324baeb0b4deda5d	discovery	35	51	36	51	-17.5	+	CTGAAATTAGGTTTAT	3.043189287185669
EMB_multiscale_C04	tjupan_bacillus_subtilis_main_52267ea931cb2dd7	dbtbs_bsub_core_b35218f45c0f11c8	discovery	0	16	1	16	-52.5	+	TTACTTATTGTTTACA	3.060394763946533
EMB_multiscale_C04	tjupan_bacillus_subtilis_main_1db11a6d86ff5865	tjupan_bacillus_subtilis_main_1db11a6d86ff5865	discovery	17	33	18	33	-35.5	+	ACATTTTATCGGTTAT	3.0619051456451416
EMB_multiscale_C04	tjupan_bacillus_subtilis_main_a1ad6ce2d20c389b	dbtbs_bsub_core_539bc60476254ff5	discovery	58	74	59	74	5.5	+	TAGTAATTATTACGAT	3.068310499191284
EMB_multiscale_C04	tjupan_bacillus_subtilis_main_282b0a85bf46906b	tjupan_bacillus_subtilis_main_282b0a85bf46906b	discovery	49	65	50	65	-3.5	+	ATTCTATATTTGTACG	3.1077003479003906
EMB_multiscale_C04	tjupan_bacillus_subtilis_main_f5fed123a3ffd242	dbtbs_bsub_core_f5fed123a3ffd242	discovery	20	36	21	36	-32.5	+	TAGCAGTTTATATGAA	3.111846923828125
EMB_multiscale_C04	tjupan_bacillus_subtilis_main_8e9af30cd29c08ec	dbtbs_bsub_core_ab5345ed831420ec	discovery	48	64	49	64	-4.5	+	AGAGTTTCAATTATCA	3.113886833190918
EMB_multiscale_C04	tjupan_bacillus_subtilis_main_8fa35d24a76b6d72	tjupan_bacillus_subtilis_main_8fa35d24a76b6d72	discovery	18	34	19	34	-34.5	+	TGCTTTTCATAAACCT	3.118600845336914
EMB_multiscale_C04	tjupan_bacillus_subtilis_main_d9679a25a18d6da1	tjupan_bacillus_subtilis_main_c9bc5ed233eba13a	discovery	0	16	1	16	-52.5	+	ACCATTATTTCCGTTG	3.123196840286255
EMB_multiscale_C04	tjupan_bacillus_subtilis_main_e2f816d3420810f5	dbtbs_bsub_core_8f473f826c608a81	discovery	55	71	56	71	2.5	+	AGACTATTATCTGTGG	3.1288933753967285
EMB_multiscale_C04	tjupan_bacillus_subtilis_main_1478640e036e0224	dbtbs_bsub_core_1478640e036e0224	discovery	3	19	4	19	-49.5	+	TTATCTTATTACCAAG	3.129533529281616
EMB_multiscale_C04	tjupan_bacillus_subtilis_main_7cd769ed0580d73e	tjupan_bacillus_subtilis_main_7cd769ed0580d73e	discovery	18	34	19	34	-34.5	+	TCTTTTATATTCACCG	3.1583449840545654
EMB_multiscale_C04	tjupan_bacillus_subtilis_main_daaf0c7fa42ef2fa	dbtbs_bsub_core_ef9625ff29774e65	discovery	44	60	45	60	-8.5	+	GTGATACCATTTAAAA	3.1725058555603027
EMB_multiscale_C04	tjupan_bacillus_subtilis_main_70da326395794983	tjupan_bacillus_subtilis_main_70da326395794983	discovery	7	23	8	23	-45.5	+	TTTTTACCAATAGATC	3.1757307052612305
EMB_multiscale_C04	tjupan_bacillus_subtilis_main_a8b2c052c0cdfcff	tjupan_bacillus_subtilis_main_a8b2c052c0cdfcff	discovery	1	17	2	17	-51.5	+	TAATCTTTAATTCGAG	3.1832995414733887
EMB_multiscale_C04	tjupan_bacillus_subtilis_main_a2eb9b766304b405	dbtbs_bsub_core_adaec4e024668ee2	discovery	56	72	57	72	3.5	+	ATATAGGATTACAAAA	3.197765588760376
EMB_multiscale_C04	tjupan_bacillus_subtilis_main_45683747106d08bd	tjupan_bacillus_subtilis_main_45683747106d08bd	discovery	42	58	43	58	-10.5	+	AGTCGGTTATGCTAAA	3.204582452774048
EMB_multiscale_C04	tjupan_bacillus_subtilis_main_d24ab9ea2522f43e	dbtbs_bsub_core_e391b9fe5a0b653f	discovery	20	36	21	36	-32.5	+	TTTTTAGCATATTCCC	3.210935354232788
EMB_multiscale_C04	tjupan_bacillus_subtilis_main_e4ca0c490585b644	tjupan_bacillus_subtilis_main_e4ca0c490585b644	discovery	33	49	34	49	-19.5	+	GCGTTATTATTCCTGC	3.2257442474365234
EMB_multiscale_C04	tjupan_bacillus_subtilis_main_f05d30123c592277	dbtbs_bsub_core_f05d30123c592277	discovery	4	20	5	20	-48.5	+	TTATACTAATTTTCAA	3.226823091506958
EMB_multiscale_C04	tjupan_bacillus_subtilis_main_834e21e1951468f3	tjupan_bacillus_subtilis_main_834e21e1951468f3	discovery	34	50	35	50	-18.5	+	TTTTTCATATTGAATC	3.2350871562957764
EMB_multiscale_C04	tjupan_bacillus_subtilis_main_ff3d11f785ddd890	dbtbs_bsub_core_ff3d11f785ddd890	discovery	57	73	58	73	4.5	+	AATAGTTTAACCATAA	3.237213611602783
EMB_multiscale_C04	tjupan_bacillus_subtilis_main_91723abad13f63e4	tjupan_bacillus_subtilis_main_91723abad13f63e4	discovery	12	28	13	28	-40.5	+	TCAGAAATTTATATTG	3.255739212036133
EMB_multiscale_C04	tjupan_bacillus_subtilis_main_2931d3a1a20c25de	dbtbs_bsub_core_60150ba1e82823d4	discovery	55	71	56	71	2.5	+	ATAGTACCAATTTGGA	3.260577917098999
EMB_multiscale_C04	tjupan_bacillus_subtilis_main_56bd9deba3d3b9f9	dbtbs_bsub_core_5dd7cccc54d589c3	discovery	41	57	42	57	-11.5	+	TTTTTCTACAATATGC	3.2637617588043213
EMB_multiscale_C04	tjupan_bacillus_subtilis_main_d33162cb12a5a549	tjupan_bacillus_subtilis_main_d33162cb12a5a549	discovery	47	63	48	63	-5.5	+	TATAATTTAGATCAAA	3.2695140838623047
EMB_multiscale_C04	tjupan_bacillus_subtilis_main_0f3eb3e9a9977e6d	tjupan_bacillus_subtilis_main_0f3eb3e9a9977e6d	discovery	7	23	8	23	-45.5	+	TTTCCAGCTTATGATC	3.2716481685638428
EMB_multiscale_C04	tjupan_bacillus_subtilis_main_a43a1f032db2e49e	dbtbs_bsub_core_872c1380ac7bb81f	discovery	43	59	44	59	-9.5	+	GTGACATAATTTTTAA	3.275601387023926
EMB_multiscale_C04	tjupan_bacillus_subtilis_main_74de924b5fe0230a	dbtbs_bsub_core_74de924b5fe0230a	discovery	50	66	51	66	-2.5	+	TACAATCTATTAAATC	3.2800140380859375
EMB_multiscale_C04	tjupan_bacillus_subtilis_main_c180878a6f782e9f	dbtbs_bsub_core_c180878a6f782e9f	discovery	35	51	36	51	-17.5	+	TTTTATTCATGTTATA	3.282175302505493
EMB_multiscale_C04	tjupan_bacillus_subtilis_main_632ff1f5d92b347a	tjupan_bacillus_subtilis_main_632ff1f5d92b347a	discovery	35	51	36	51	-17.5	+	TTACTATTTAATGTAA	3.2834203243255615
EMB_multiscale_C04	tjupan_bacillus_subtilis_main_618f0dc5c0847866	dbtbs_bsub_core_e2f191a04a63a5f0	discovery	0	16	1	16	-52.5	+	TACTTTTCATAAATTC	3.283672571182251
EMB_multiscale_C04	tjupan_bacillus_subtilis_main_b7c0b4323e70fc71	dbtbs_bsub_core_b7c0b4323e70fc71	discovery	16	32	17	32	-36.5	+	CCGTTTTATATGAAAC	3.2875895500183105
EMB_multiscale_C04	tjupan_bacillus_subtilis_main_7942697cd86d944b	tjupan_bacillus_subtilis_main_7942697cd86d944b	discovery	24	40	25	40	-28.5	+	CTTTGAATTAATAGGC	3.2885563373565674
EMB_multiscale_C04	tjupan_bacillus_subtilis_main_73f2f27ec267a871	dbtbs_bsub_core_77a7b73eeb200478	discovery	35	51	36	51	-17.5	+	TTTTAACTATGTTAAT	3.2915637493133545
EMB_multiscale_C04	tjupan_bacillus_subtilis_main_df2876c84282b3af	dbtbs_bsub_core_d831e470618beda7	discovery	49	65	50	65	-3.5	+	ACTTTTGTTATAGAAT	3.2976527214050293
EMB_multiscale_C04	tjupan_bacillus_subtilis_main_60ee42342c88d235	tjupan_bacillus_subtilis_main_60ee42342c88d235	discovery	28	44	29	44	-24.5	+	AACTTTTATAGGAACA	3.2982497215270996
EMB_multiscale_C04	tjupan_bacillus_subtilis_main_64dfe397c07a4656	dbtbs_bsub_core_99013d44fc3df9d1	discovery	43	59	44	59	-9.5	+	GCTCATTTAATAACAG	3.309969425201416
EMB_multiscale_C04	tjupan_bacillus_subtilis_main_76909c0ebd8db916	dbtbs_bsub_core_d5153844984277ea	discovery	32	48	33	48	-20.5	+	GGCTTTTTATATGTGT	3.312986135482788
EMB_multiscale_C04	tjupan_bacillus_subtilis_main_4059ca0cce5522a4	tjupan_bacillus_subtilis_main_4059ca0cce5522a4	discovery	42	58	43	58	-10.5	+	ATTCTTTATTATAAGA	3.319674015045166
EMB_multiscale_C04	tjupan_bacillus_subtilis_main_a9fde0fdd238b261	dbtbs_bsub_core_06588c97cd7288a8	discovery	43	59	44	59	-9.5	+	TTTTTGATACAAATTA	3.33174467086792
EMB_multiscale_C04	tjupan_bacillus_subtilis_main_f09c3556dc31a575	dbtbs_bsub_core_f09c3556dc31a575	discovery	3	19	4	19	-49.5	+	ACGTCTTTATAGATGT	3.338467597961426
EMB_multiscale_C04	tjupan_bacillus_subtilis_main_edadeeaf4ff7a848	tjupan_bacillus_subtilis_main_edadeeaf4ff7a848	discovery	10	26	11	26	-42.5	+	GCATTTTCATATCTGG	3.341749429702759
EMB_multiscale_C04	tjupan_bacillus_subtilis_main_67a8fe9203485bd0	dbtbs_bsub_core_67a8fe9203485bd0	discovery	25	41	26	41	-27.5	+	GTATATATTTTCAGAA	3.3428027629852295
EMB_multiscale_C04	tjupan_bacillus_subtilis_main_b7c0eae7293a1bfc	dbtbs_bsub_core_0bfdb592513badc4	discovery	64	80	65	80	11.5	+	AATAGTTATCAGAATT	3.3526270389556885
EMB_multiscale_C04	tjupan_bacillus_subtilis_main_c22e62909e814f30	dbtbs_bsub_core_e2251470d219464a	discovery	0	16	1	16	-52.5	+	TGTCCTTTTATACAGC	3.356962203979492
EMB_multiscale_C04	tjupan_bacillus_subtilis_main_73a7b40a4dc814aa	dbtbs_bsub_core_bdba293c4926b88d	discovery	55	71	56	71	2.5	+	AATCTAGATTATTTAA	3.360614538192749
EMB_multiscale_C04	tjupan_bacillus_subtilis_main_66846fa14c29dbc1	dbtbs_bsub_core_89ab3601fa8ac055	discovery	2	18	3	18	-50.5	+	TTTTATCTTAAATGTT	3.3641912937164307
EMB_multiscale_C04	tjupan_bacillus_subtilis_main_55935e0c215d1239	dbtbs_bsub_core_bd96a60828361996	discovery	62	78	63	78	9.5	+	ATGCAATTTTCGATCA	3.366950750350952
EMB_multiscale_C04	tjupan_bacillus_subtilis_main_3ac22b11e92c0ec1	tjupan_bacillus_subtilis_main_3ac22b11e92c0ec1	discovery	65	81	66	81	12.5	+	AGATATATTTCATAAC	3.3744421005249023
EMB_multiscale_C04	tjupan_bacillus_subtilis_main_9daaa0d103ffad86	dbtbs_bsub_core_9daaa0d103ffad86	discovery	2	18	3	18	-50.5	+	TAAATTAATGTTCGGA	3.3811733722686768
EMB_multiscale_C04	tjupan_bacillus_subtilis_main_3eb701a469cb4095	tjupan_bacillus_subtilis_main_3eb701a469cb4095	discovery	15	31	16	31	-37.5	+	TGCTTCAATTTATAAC	3.3815009593963623
EMB_multiscale_C04	tjupan_bacillus_subtilis_main_e1fd6875b30f4c73	dbtbs_bsub_core_e1fd6875b30f4c73	discovery	39	55	40	55	-13.5	+	AAACTAGTTTATAATG	3.383519172668457
EMB_multiscale_C04	tjupan_bacillus_subtilis_main_e8dca4769e2e29bc	dbtbs_bsub_core_b8b8ac7ece3bed55	discovery	61	77	62	77	8.5	+	TCCGTATACATTTTGG	3.3849329948425293
EMB_multiscale_C04	tjupan_bacillus_subtilis_main_0fe342e604184137	dbtbs_bsub_core_f039c4e5fee11aa3	discovery	17	33	18	33	-35.5	+	TTTTAAGAATGTTCTT	3.3979108333587646
EMB_multiscale_C04	tjupan_bacillus_subtilis_main_a52148b067c7a32f	tjupan_bacillus_subtilis_main_a52148b067c7a32f	discovery	19	35	20	35	-33.5	+	CCCATTTATAATCCAC	3.4060311317443848
EMB_multiscale_C04	tjupan_bacillus_subtilis_main_6e989f822c0894af	dbtbs_bsub_core_bb5ca17cb9317fea	discovery	26	42	27	42	-26.5	+	TGTATTTATTAACAAA	3.4100310802459717
EMB_multiscale_C04	tjupan_bacillus_subtilis_main_0d315ab142d66dcc	dbtbs_bsub_core_76d28d1be3f9f514	discovery	0	16	1	16	-52.5	+	TTGATAATTTACTCCA	3.4164135456085205
EMB_multiscale_C04	tjupan_bacillus_subtilis_main_18d5be8d5c4f9a22	tjupan_bacillus_subtilis_main_18d5be8d5c4f9a22	discovery	0	16	1	16	-52.5	+	CTTGCGTTAATTCCCG	3.4193336963653564
EMB_multiscale_C04	tjupan_bacillus_subtilis_main_5787c658c95c4762	tjupan_bacillus_subtilis_main_5787c658c95c4762	discovery	38	54	39	54	-14.5	+	CCGTATATTTCAAACT	3.423079013824463
EMB_multiscale_C04	tjupan_bacillus_subtilis_main_5f8b6936b2e52932	tjupan_bacillus_subtilis_main_5f8b6936b2e52932	discovery	45	61	46	61	-7.5	+	GGTATAATCATTTCTG	3.4285833835601807
EMB_multiscale_C04	tjupan_bacillus_subtilis_main_0f74e2398b4ac2a6	dbtbs_bsub_core_e5f400f6f8de25f5	discovery	3	19	4	19	-49.5	+	GTTCTTTCATAACATA	3.4331095218658447
EMB_multiscale_C04	tjupan_bacillus_subtilis_main_57cb99253c19d2b6	tjupan_bacillus_subtilis_main_57cb99253c19d2b6	discovery	42	58	43	58	-10.5	+	TTTTTCATATCCTGTA	3.441096305847168
EMB_multiscale_C04	tjupan_bacillus_subtilis_main_8a4a22c637647f42	dbtbs_bsub_core_8a4a22c637647f42	discovery	12	28	13	28	-40.5	+	TTTAATTTGTATTCAT	3.442077875137329
EMB_multiscale_C04	tjupan_bacillus_subtilis_main_980ab95cde029f78	tjupan_bacillus_subtilis_main_980ab95cde029f78	discovery	58	74	59	74	5.5	+	TTATTCATATTAAACG	3.4443976879119873
EMB_multiscale_C04	tjupan_bacillus_subtilis_main_6406719b10941769	dbtbs_bsub_core_5bcaee6240f23d4b	discovery	17	33	18	33	-35.5	+	TGGCTATATTGACCTT	3.444692850112915
EMB_multiscale_C04	tjupan_bacillus_subtilis_main_94d81586c680a254	tjupan_bacillus_subtilis_main_94d81586c680a254	discovery	8	24	9	24	-44.5	+	TAATTTGTAAGCATTA	3.4461584091186523
EMB_multiscale_C04	tjupan_bacillus_subtilis_main_a26ee3e07cf1eedf	dbtbs_bsub_core_a26ee3e07cf1eedf	discovery	17	33	18	33	-35.5	+	TAATATCTGTTTAGCA	3.4535768032073975
EMB_multiscale_C04	tjupan_bacillus_subtilis_main_f3b59cc74d659ebc	dbtbs_bsub_core_866d6e8af07c9412	discovery	10	26	11	26	-42.5	+	TTTTTTAACATGATGT	3.455981731414795
EMB_multiscale_C04	tjupan_bacillus_subtilis_main_32a70db45859cbb9	dbtbs_bsub_core_32a70db45859cbb9	discovery	42	58	43	58	-10.5	+	CCGTGTCTATAATTGC	3.4589383602142334
EMB_multiscale_C04	tjupan_bacillus_subtilis_main_efde358c620c36bd	dbtbs_bsub_core_efde358c620c36bd	discovery	33	49	34	49	-19.5	+	TTCTATTTATGAGGTT	3.4859824180603027
EMB_multiscale_C04	tjupan_bacillus_subtilis_main_0a71b8cbf4011c3b	dbtbs_bsub_core_dc5af08cd1bffe94	discovery	30	46	31	46	-22.5	+	ATTTTCTTACATAACG	3.487154722213745
EMB_multiscale_C04	tjupan_bacillus_subtilis_main_5957e34dfa6ab85c	tjupan_bacillus_subtilis_main_5957e34dfa6ab85c	discovery	29	45	30	45	-23.5	+	TCTCTGTTACATATTG	3.4895811080932617
EMB_multiscale_C04	tjupan_bacillus_subtilis_main_3b9d28ffe489c3c7	dbtbs_bsub_core_260ddc8adeedb788	discovery	59	75	60	75	6.5	+	TATTACATTTTAGAAA	3.4935450553894043
EMB_multiscale_C04	tjupan_bacillus_subtilis_main_7ac1767347438edd	dbtbs_bsub_core_5c6ce2f66e66fe9e	discovery	0	16	1	16	-52.5	+	CTTTTCGATTATAATG	3.5016469955444336
EMB_multiscale_C04	tjupan_bacillus_subtilis_main_88d6ae8ec11f6e65	tjupan_bacillus_subtilis_main_88d6ae8ec11f6e65	discovery	52	68	53	68	-0.5	+	TAGCTTACATTAAGTA	3.5048515796661377
EMB_multiscale_C04	tjupan_bacillus_subtilis_main_1dc2eb4818f9715a	dbtbs_bsub_core_1dc2eb4818f9715a	discovery	63	79	64	79	10.5	+	CCAATTATAACTTTTT	3.5059428215026855
EMB_multiscale_C04	tjupan_bacillus_subtilis_main_f7fb3b6a673b2fe9	dbtbs_bsub_core_4c8b5a3cc4c24c6c	discovery	6	22	7	22	-46.5	+	TATTATAACCAATTTG	3.5067760944366455
EMB_multiscale_C04	tjupan_bacillus_subtilis_main_954287dc5b301340	tjupan_bacillus_subtilis_main_954287dc5b301340	discovery	20	36	21	36	-32.5	+	GCAAATTTTATCGAAG	3.5101332664489746
EMB_multiscale_C04	tjupan_bacillus_subtilis_main_05b3d931ff35d8e8	dbtbs_bsub_core_05b3d931ff35d8e8	discovery	50	66	51	66	-2.5	+	ATTTTTCTATGGATAA	3.5104331970214844
EMB_multiscale_C04	tjupan_bacillus_subtilis_main_1cd26aa95d9363dc	dbtbs_bsub_core_1cd26aa95d9363dc	discovery	10	26	11	26	-42.5	+	TTTGTCATTTACGTAT	3.521413803100586
EMB_multiscale_C04	tjupan_bacillus_subtilis_main_f869091e55050110	tjupan_bacillus_subtilis_main_f869091e55050110	discovery	48	64	49	64	-4.5	+	ATATTATTAAACGTCG	3.5289902687072754
EMB_multiscale_C04	tjupan_bacillus_subtilis_main_3270409c742f3314	dbtbs_bsub_core_edd6f2ee95c58508	discovery	51	67	52	67	-1.5	+	GATAAATTTGTAATAA	3.5372366905212402
EMB_multiscale_C04	tjupan_bacillus_subtilis_main_7bc9aa9d4ad371af	dbtbs_bsub_core_7bc9aa9d4ad371af	discovery	7	23	8	23	-45.5	+	TTTTCTTCATATGACA	3.567074775695801
EMB_multiscale_C04	tjupan_bacillus_subtilis_main_1edc8da3b582b0a5	dbtbs_bsub_core_1edc8da3b582b0a5	discovery	27	43	28	43	-25.5	+	TCTTTTATTCGTAAGA	3.575015068054199
EMB_multiscale_C04	tjupan_bacillus_subtilis_main_59b38cd2f2ea112d	dbtbs_bsub_core_59b38cd2f2ea112d	discovery	9	25	10	25	-43.5	+	AATTTTCTAAAGATGT	3.577110767364502
EMB_multiscale_C04	tjupan_bacillus_subtilis_main_993a308bb6e190e1	dbtbs_bsub_core_993a308bb6e190e1	discovery	59	75	60	75	6.5	+	ATAAAGTATTTCTCGG	3.580800771713257
EMB_multiscale_C04	tjupan_bacillus_subtilis_main_691e7ded333dd616	dbtbs_bsub_core_691e7ded333dd616	discovery	36	52	37	52	-16.5	+	CATATTCTATGGTAAA	3.5880372524261475
EMB_multiscale_C04	tjupan_bacillus_subtilis_main_10eda96ea4199e8c	dbtbs_bsub_core_10eda96ea4199e8c	discovery	50	66	51	66	-2.5	+	AATCTATATTTTCTTA	3.6080029010772705
EMB_multiscale_C04	tjupan_bacillus_subtilis_main_10eb69ed5f79bca3	dbtbs_bsub_core_e365baa66d245063	discovery	42	58	43	58	-10.5	+	TTTGGCTATTTGAACT	3.619741439819336
EMB_multiscale_C04	tjupan_bacillus_subtilis_main_b7d5a32e40c68782	tjupan_bacillus_subtilis_main_b7d5a32e40c68782	discovery	35	51	36	51	-17.5	+	CAGCTTTTCGTATATA	3.620523691177368
EMB_multiscale_C04	tjupan_bacillus_subtilis_main_cd5426fc6bacf792	dbtbs_bsub_core_cd5426fc6bacf792	discovery	16	32	17	32	-36.5	+	AAATTATATTTGACTG	3.6228599548339844
EMB_multiscale_C04	tjupan_bacillus_subtilis_main_e6accdb752f9724f	dbtbs_bsub_core_41815df9927fe319	discovery	9	25	10	25	-43.5	+	CTCTTTTATGGACAAA	3.627333641052246
EMB_multiscale_C04	tjupan_bacillus_subtilis_main_4cf64b5587e1d04e	dbtbs_bsub_core_4cf64b5587e1d04e	discovery	0	16	1	16	-52.5	+	ATCAGAAATATTTTCC	3.6411585807800293
EMB_multiscale_C04	tjupan_bacillus_subtilis_main_e445a9d379a1812a	dbtbs_bsub_core_e445a9d379a1812a	discovery	46	62	47	62	-6.5	+	TATAATAGATTCTTGA	3.6424827575683594
EMB_multiscale_C04	tjupan_bacillus_subtilis_main_dc65c8922842b20f	tjupan_bacillus_subtilis_main_dc65c8922842b20f	discovery	39	55	40	55	-13.5	+	AATATGTTAAGGATGA	3.642854928970337
EMB_multiscale_C04	tjupan_bacillus_subtilis_main_7358cf40e4efa482	tjupan_bacillus_subtilis_main_7358cf40e4efa482	discovery	58	74	59	74	5.5	+	TGATATGGCTTTTTAT	3.64316725730896
EMB_multiscale_C04	tjupan_bacillus_subtilis_main_4d08fa1f606ad269	tjupan_bacillus_subtilis_main_4d08fa1f606ad269	discovery	54	70	55	70	1.5	+	AAATATTTAATACCCT	3.649606943130493
EMB_multiscale_C04	tjupan_bacillus_subtilis_main_f9edd67964b41200	dbtbs_bsub_core_f9edd67964b41200	discovery	11	27	12	27	-41.5	+	TTTTGCATACTTTTCG	3.6504058837890625
EMB_multiscale_C04	tjupan_bacillus_subtilis_main_92b62a9d8d87ace9	dbtbs_bsub_core_92b62a9d8d87ace9	discovery	1	17	2	17	-51.5	+	GCATATAATTCCTTTC	3.6507608890533447
EMB_multiscale_C04	tjupan_bacillus_subtilis_main_857deea4069ff6ab	tjupan_bacillus_subtilis_main_857deea4069ff6ab	discovery	38	54	39	54	-14.5	+	AAGGATTTTATAATAT	3.6518502235412598
EMB_multiscale_C04	tjupan_bacillus_subtilis_main_43596a46e3e4ddaa	tjupan_bacillus_subtilis_main_43596a46e3e4ddaa	discovery	24	40	25	40	-28.5	+	ATAATCTCAATTTTAA	3.6518542766571045
EMB_multiscale_C04	tjupan_bacillus_subtilis_main_d497e040ececfdff	dbtbs_bsub_core_a797439cbe2b0d85	discovery	0	16	1	16	-52.5	+	TTGTCTAATAATTTTA	3.6528449058532715
EMB_multiscale_C04	tjupan_bacillus_subtilis_main_89f3272bd34ff475	tjupan_bacillus_subtilis_main_89f3272bd34ff475	discovery	41	57	42	57	-11.5	+	TAAGGTTTATCGTTAT	3.654644727706909
EMB_multiscale_C04	tjupan_bacillus_subtilis_main_c12152f72b444aff	tjupan_bacillus_subtilis_main_c12152f72b444aff	discovery	13	29	14	29	-39.5	+	TGTATGCTTAAGAATG	3.656200647354126
EMB_multiscale_C04	tjupan_bacillus_subtilis_main_8b7394af6b78d50f	dbtbs_bsub_core_c890b4346c03f247	discovery	42	58	43	58	-10.5	+	TTACACTTTAAATTGA	3.668414831161499
EMB_multiscale_C04	tjupan_bacillus_subtilis_main_4915fc510c1f847f	tjupan_bacillus_subtilis_main_4915fc510c1f847f	discovery	13	29	14	29	-39.5	+	TTTATTTATCTGTTGA	3.670774221420288
EMB_multiscale_C04	tjupan_bacillus_subtilis_main_a9ae08a54b460299	dbtbs_bsub_core_4c306bb2d4b261c8	discovery	7	23	8	23	-45.5	+	GCTTTTTAATCTAACA	3.6720457077026367
EMB_multiscale_C04	tjupan_bacillus_subtilis_main_9d34f9d9e0ee0e26	dbtbs_bsub_core_9d34f9d9e0ee0e26	discovery	10	26	11	26	-42.5	+	ATTTGTCTTAAAATTT	3.6854987144470215
EMB_multiscale_C04	tjupan_bacillus_subtilis_main_9990510225814384	tjupan_bacillus_subtilis_main_9990510225814384	discovery	50	66	51	66	-2.5	+	AATAGTTATTGAATTG	3.689687490463257
EMB_multiscale_C04	tjupan_bacillus_subtilis_main_02077247d0a8a665	dbtbs_bsub_core_e82d4ff28ccc2c95	discovery	65	81	66	81	12.5	+	AACTCTTGATTACTAA	3.6909120082855225
EMB_multiscale_C04	tjupan_bacillus_subtilis_main_48b85a8a5c19ece4	dbtbs_bsub_core_7730e205ee5d9991	discovery	35	51	36	51	-17.5	+	ATGGTTTATCCGATAT	3.717827558517456
EMB_multiscale_C04	tjupan_bacillus_subtilis_main_6fc8019646ae0ec6	dbtbs_bsub_core_0346364171f10446	discovery	37	53	38	53	-15.5	+	CTTTTCGATTATAATG	3.717999219894409
EMB_multiscale_C04	tjupan_bacillus_subtilis_main_09deb32688bf8365	tjupan_bacillus_subtilis_main_09deb32688bf8365	discovery	9	25	10	25	-43.5	+	AATAGATTCCATTTGG	3.7255916595458984
EMB_multiscale_C04	tjupan_bacillus_subtilis_main_de399adaaafe5be7	dbtbs_bsub_core_f1028676a1f89b0e	discovery	56	72	57	72	3.5	+	TTTTCTTAGGATACTG	3.735440492630005
EMB_multiscale_C04	tjupan_bacillus_subtilis_main_3be839d09df1dbe1	dbtbs_bsub_core_3be839d09df1dbe1	discovery	39	55	40	55	-13.5	+	ACTTTTACTATAATAA	3.7677018642425537
EMB_multiscale_C04	tjupan_bacillus_subtilis_main_264ccaf63cfb1cfe	tjupan_bacillus_subtilis_main_264ccaf63cfb1cfe	discovery	3	19	4	19	-49.5	+	TAATGGATTTATAACG	3.781526803970337
EMB_multiscale_C04	tjupan_bacillus_subtilis_main_fa23a6db7de139e8	tjupan_bacillus_subtilis_main_fa23a6db7de139e8	discovery	15	31	16	31	-37.5	+	AAATTAGCTATTGAAG	3.7838664054870605
EMB_multiscale_C04	tjupan_bacillus_subtilis_main_49d5f09ecdaa68d2	dbtbs_bsub_core_2fc6766ca8c365d3	discovery	15	31	16	31	-37.5	+	AATTTAATTATTGACT	3.7848126888275146
EMB_multiscale_C04	tjupan_bacillus_subtilis_main_ffb5b3082f8ea0cd	tjupan_bacillus_subtilis_main_ffb5b3082f8ea0cd	discovery	0	16	1	16	-52.5	+	ATTATTCTTATCGAGG	3.7940382957458496
EMB_multiscale_C04	tjupan_bacillus_subtilis_main_49e8e3a6681b011d	dbtbs_bsub_core_e14a6f906af1fa54	discovery	30	46	31	46	-22.5	+	AGCTTAACAGTTTAAA	3.8035666942596436
EMB_multiscale_C04	tjupan_bacillus_subtilis_main_61c707ac72aeda97	tjupan_bacillus_subtilis_main_61c707ac72aeda97	discovery	21	37	22	37	-31.5	+	TTTTTTCATAAGTAAG	3.8041303157806396
EMB_multiscale_C04	tjupan_bacillus_subtilis_main_f3e9cc226f1feac3	tjupan_bacillus_subtilis_main_f3e9cc226f1feac3	discovery	3	19	4	19	-49.5	+	TTATCAGTTTATAATA	3.8147313594818115
EMB_multiscale_C04	tjupan_bacillus_subtilis_main_8b925a3983e97ebd	dbtbs_bsub_core_0346364171f10446	discovery	41	57	42	57	-11.5	+	CTTTTCGATTATAATG	3.839867115020752
EMB_multiscale_C04	tjupan_bacillus_subtilis_main_5fc80954df40cf68	dbtbs_bsub_core_44be1bddac760e1c	discovery	29	45	30	45	-23.5	+	CCCATTTATAATCCAC	3.854687213897705
EMB_multiscale_C04	tjupan_bacillus_subtilis_main_c9a32e1db5125d7c	dbtbs_bsub_core_c9a32e1db5125d7c	discovery	42	58	43	58	-10.5	+	CCTTCTTATCATGAAA	3.856011152267456
EMB_multiscale_C04	tjupan_bacillus_subtilis_main_3c72a88384ee6013	tjupan_bacillus_subtilis_main_3c72a88384ee6013	discovery	20	36	21	36	-32.5	+	TTTTGTATTAACAAAA	3.8795018196105957
EMB_multiscale_C04	tjupan_bacillus_subtilis_main_8797dcd405b13c8e	tjupan_bacillus_subtilis_main_8797dcd405b13c8e	discovery	42	58	43	58	-10.5	+	ATAAAATTGTTCGTAC	3.8798437118530273
EMB_multiscale_C04	tjupan_bacillus_subtilis_main_754ac4e873f6c24d	tjupan_bacillus_subtilis_main_754ac4e873f6c24d	discovery	43	59	44	59	-9.5	+	TGAATATGCTTTTTAG	3.8811991214752197
EMB_multiscale_C04	tjupan_bacillus_subtilis_main_0438d7b75e1f910f	dbtbs_bsub_core_975fc641de00609f	discovery	1	17	2	17	-51.5	+	TAACTTATTTAATGAA	3.8853542804718018
EMB_multiscale_C04	tjupan_bacillus_subtilis_main_412fe696982b64f9	dbtbs_bsub_core_412fe696982b64f9	discovery	40	56	41	56	-12.5	+	TTTCATTTAAACTGAA	3.8884003162384033
EMB_multiscale_C04	tjupan_bacillus_subtilis_main_e70fb70b66e1d829	tjupan_bacillus_subtilis_main_e70fb70b66e1d829	discovery	32	48	33	48	-20.5	+	TTTTCTTGTAAATATG	3.8914082050323486
EMB_multiscale_C04	tjupan_bacillus_subtilis_main_1259688a411f3c07	tjupan_bacillus_subtilis_main_1259688a411f3c07	discovery	11	27	12	27	-41.5	+	TTTTCTTAGGATACTG	3.9061779975891113
EMB_multiscale_C04	tjupan_bacillus_subtilis_main_354da8035d16f701	dbtbs_bsub_core_1ee6e81d7c1d1fa1	discovery	5	21	6	21	-47.5	+	TAAATCATATCTTTTT	3.916501045227051
EMB_multiscale_C04	tjupan_bacillus_subtilis_main_eaa75817f87b3088	dbtbs_bsub_core_71c43b52121900cc	discovery	32	48	33	48	-20.5	+	GAAAATATTCATTCAG	3.9197475910186768
EMB_multiscale_C04	tjupan_bacillus_subtilis_main_9ab6c96db0706f0e	dbtbs_bsub_core_c190339743385950	discovery	31	47	32	47	-21.5	+	TCATCAATTTTCGACA	3.9265007972717285
EMB_multiscale_C04	tjupan_bacillus_subtilis_main_9f03f134e6b67be2	tjupan_bacillus_subtilis_main_9f03f134e6b67be2	discovery	6	22	7	22	-46.5	+	GCAAATTATTACACGG	3.9272472858428955
EMB_multiscale_C04	tjupan_bacillus_subtilis_main_2db0b8f33ca38a29	tjupan_bacillus_subtilis_main_2db0b8f33ca38a29	discovery	18	34	19	34	-34.5	+	TTTCTTCGAATAAATA	3.932703733444214
EMB_multiscale_C04	tjupan_bacillus_subtilis_main_f0903ae0ab41d118	dbtbs_bsub_core_16fb2108119b7eaf	discovery	14	30	15	30	-38.5	+	GTTTATTTCATTGCGT	3.937575340270996
EMB_multiscale_C04	tjupan_bacillus_subtilis_main_aded66fe8079e578	tjupan_bacillus_subtilis_main_aded66fe8079e578	discovery	7	23	8	23	-45.5	+	TTGTTAAGATTTACGT	3.9507319927215576
EMB_multiscale_C04	tjupan_bacillus_subtilis_main_be36dbaf549189cb	tjupan_bacillus_subtilis_main_be36dbaf549189cb	discovery	23	39	24	39	-29.5	+	TTCGTTTTGCATATCT	3.955179214477539
EMB_multiscale_C04	tjupan_bacillus_subtilis_main_c204793b69b45448	dbtbs_bsub_core_c204793b69b45448	discovery	22	38	23	38	-30.5	+	AGGATTTTACATAAAA	3.9561450481414795
EMB_multiscale_C04	tjupan_bacillus_subtilis_main_583caee20795a363	dbtbs_bsub_core_eb847cafc60502c2	discovery	22	38	23	38	-30.5	+	GCTTGCATTAATTTAA	3.9582624435424805
EMB_multiscale_C04	tjupan_bacillus_subtilis_main_78caf7680ac9ae4c	tjupan_bacillus_subtilis_main_78caf7680ac9ae4c	discovery	40	56	41	56	-12.5	+	TTGAACAATTTATAAT	3.964719772338867
EMB_multiscale_C04	tjupan_bacillus_subtilis_main_024ba149e95dcf1a	tjupan_bacillus_subtilis_main_024ba149e95dcf1a	discovery	37	53	38	53	-15.5	+	GCCATTTTAACATAAT	3.965640068054199
EMB_multiscale_C04	tjupan_bacillus_subtilis_main_8f7d87652de79d90	dbtbs_bsub_core_8f7d87652de79d90	discovery	62	78	63	78	9.5	+	AAACTTATTGATAACA	3.975325584411621
EMB_multiscale_C04	tjupan_bacillus_subtilis_main_bba2e45eb636482b	dbtbs_bsub_core_bba2e45eb636482b	discovery	6	22	7	22	-46.5	+	TTTTACTGTTTACGCT	3.994368553161621
EMB_multiscale_C04	tjupan_bacillus_subtilis_main_2e59e247c2d07b0b	tjupan_bacillus_subtilis_main_2e59e247c2d07b0b	discovery	28	44	29	44	-24.5	+	AACTTTTAACGATAAT	4.00038480758667
EMB_multiscale_C04	tjupan_bacillus_subtilis_main_c229c4b94f6591ae	tjupan_bacillus_subtilis_main_c229c4b94f6591ae	discovery	39	55	40	55	-13.5	+	AGTATGCTTTATAGTA	4.006124019622803
EMB_multiscale_C04	tjupan_bacillus_subtilis_main_8e892e5639ef0ac1	dbtbs_bsub_core_d25c674b3a14df1a	discovery	7	23	8	23	-45.5	+	TATTTTCTTAATCAAA	4.013439178466797
EMB_multiscale_C04	tjupan_bacillus_subtilis_main_d59578e8446625f3	dbtbs_bsub_core_d59578e8446625f3	discovery	55	71	56	71	2.5	+	ATTATAGATTTTACCA	4.030329704284668
EMB_multiscale_C04	tjupan_bacillus_subtilis_main_91197a052a9adc5b	tjupan_bacillus_subtilis_main_91197a052a9adc5b	discovery	1	17	2	17	-51.5	+	TATCATTTAATTGATA	4.037311553955078
EMB_multiscale_C04	tjupan_bacillus_subtilis_main_fff8e3a328b3cab3	dbtbs_bsub_core_7231d94d9d77331f	discovery	47	63	48	63	-5.5	+	GTATAATATTTCTATC	4.040489196777344
EMB_multiscale_C04	tjupan_bacillus_subtilis_main_dbf995194ebf2b2d	dbtbs_bsub_core_dbf995194ebf2b2d	discovery	42	58	43	58	-10.5	+	AAAACGATTTAATTAA	4.052762985229492
EMB_multiscale_C04	tjupan_bacillus_subtilis_main_b2e461bb3b5d3d88	dbtbs_bsub_core_b2e461bb3b5d3d88	discovery	24	40	25	40	-28.5	+	ACGGATTACTTTTGCT	4.053493022918701
EMB_multiscale_C04	tjupan_bacillus_subtilis_main_cb2c7c4f94201384	tjupan_bacillus_subtilis_main_cb2c7c4f94201384	discovery	0	16	1	16	-52.5	+	AATTATTTAATCAAAA	4.054471015930176
EMB_multiscale_C04	tjupan_bacillus_subtilis_main_f5b082fd616807b3	dbtbs_bsub_core_4e960695d4b362e6	discovery	39	55	40	55	-13.5	+	GCCCTATTTATCGTAT	4.070910930633545
EMB_multiscale_C04	tjupan_bacillus_subtilis_main_a2cd64f7b02e9630	tjupan_bacillus_subtilis_main_a2cd64f7b02e9630	discovery	1	17	2	17	-51.5	+	GAGAATAAGTTTTTCA	4.07308292388916
EMB_multiscale_C04	tjupan_bacillus_subtilis_main_c7c68e6fe4d84a02	tjupan_bacillus_subtilis_main_c7c68e6fe4d84a02	discovery	48	64	49	64	-4.5	+	AACGATAAGATTTTGG	4.074702739715576
EMB_multiscale_C04	tjupan_bacillus_subtilis_main_43fbda6e3c3abdae	dbtbs_bsub_core_c62c8589a5774a74	discovery	0	16	1	16	-52.5	+	TTGATAAACTTATTTT	4.077572345733643
EMB_multiscale_C04	tjupan_bacillus_subtilis_main_82e1287a21b69715	dbtbs_bsub_core_82e1287a21b69715	discovery	62	78	63	78	9.5	+	GAAGTTTGTATTATAA	4.1101908683776855
EMB_multiscale_C04	tjupan_bacillus_subtilis_main_b5cc4aad42c9a683	dbtbs_bsub_core_b5cc4aad42c9a683	discovery	30	46	31	46	-22.5	+	AAATATTATTCCATCT	4.110954761505127
EMB_multiscale_C04	tjupan_bacillus_subtilis_main_671ae756f8df7bca	dbtbs_bsub_core_340ffe292c28e826	discovery	15	31	16	31	-37.5	+	CTATTTTGGTACATAA	4.121871471405029
EMB_multiscale_C04	tjupan_bacillus_subtilis_main_ba9efec60bbd4a6b	tjupan_bacillus_subtilis_main_ba9efec60bbd4a6b	discovery	12	28	13	28	-40.5	+	TCCTTTAAGATGAATG	4.126034736633301
EMB_multiscale_C04	tjupan_bacillus_subtilis_main_90a64d4511c49526	dbtbs_bsub_core_90a64d4511c49526	discovery	0	16	1	16	-52.5	+	AAAAATATTGTTCGGT	4.126964569091797
EMB_multiscale_C04	tjupan_bacillus_subtilis_main_ba49f50d8b0af1c7	dbtbs_bsub_core_8a4a22c637647f42	discovery	5	21	6	21	-47.5	+	AAATAACCTTTAATTT	4.14051628112793
EMB_multiscale_C04	tjupan_bacillus_subtilis_main_3c97e9436cb369c2	dbtbs_bsub_core_6dc10c0d490555ae	discovery	17	33	18	33	-35.5	+	TCTTTTCAATACAGAC	4.177380084991455
EMB_multiscale_C04	tjupan_bacillus_subtilis_main_c9bc5ed233eba13a	tjupan_bacillus_subtilis_main_c9bc5ed233eba13a	discovery	41	57	42	57	-11.5	+	TATTGTTAAGTTTAGT	4.190118789672852
EMB_multiscale_C04	tjupan_bacillus_subtilis_main_a61c0978ae294759	tjupan_bacillus_subtilis_main_a61c0978ae294759	discovery	43	59	44	59	-9.5	+	TTTTTCTCATAATAGT	4.220235347747803
EMB_multiscale_C04	tjupan_bacillus_subtilis_main_e28ceade6e8616fa	dbtbs_bsub_core_9b12482ac6eea2d4	discovery	24	40	25	40	-28.5	+	GCGTATAGTTCTTTTA	4.2202677726745605
EMB_multiscale_C04	tjupan_bacillus_subtilis_main_5b5f9b9ad371b1b0	tjupan_bacillus_subtilis_main_5b5f9b9ad371b1b0	discovery	41	57	42	57	-11.5	+	TTTCCTTTATAATAGA	4.2290425300598145
EMB_multiscale_C04	tjupan_bacillus_subtilis_main_be557af728070615	tjupan_bacillus_subtilis_main_be557af728070615	discovery	7	23	8	23	-45.5	+	TTTTTTAGGTACAATA	4.247593879699707
EMB_multiscale_C04	tjupan_bacillus_subtilis_main_ac1a0a0a579397f6	tjupan_bacillus_subtilis_main_ac1a0a0a579397f6	discovery	18	34	19	34	-34.5	+	TTTTTAATCGGAATAG	4.258152961730957
EMB_multiscale_C04	tjupan_bacillus_subtilis_main_9296390fae4fd68d	tjupan_bacillus_subtilis_main_9296390fae4fd68d	discovery	61	77	62	77	8.5	+	CTTTTTACTATAAATG	4.276500225067139
EMB_multiscale_C04	tjupan_bacillus_subtilis_main_0d390d7bf47f6ae0	tjupan_bacillus_subtilis_main_0d390d7bf47f6ae0	discovery	37	53	38	53	-15.5	+	CTTTTTTCATATAATA	4.281741142272949
EMB_multiscale_C04	tjupan_bacillus_subtilis_main_76885f00c763f220	dbtbs_bsub_core_07bcce23a89f64fb	discovery	38	54	39	54	-14.5	+	GTCCCATTTAGTAAAA	4.2925190925598145
EMB_multiscale_C04	tjupan_bacillus_subtilis_main_62eb1c4377c084e1	dbtbs_bsub_core_413a4bed9f6cfeea	discovery	22	38	23	38	-30.5	+	TTTTCTGTTATTATAG	4.295961380004883
EMB_multiscale_C04	tjupan_bacillus_subtilis_main_a1b8ecb6878276b4	dbtbs_bsub_core_a1b8ecb6878276b4	discovery	28	44	29	44	-24.5	+	TAATTCTTTAGAAAGG	4.355750560760498
EMB_multiscale_C04	tjupan_bacillus_subtilis_main_b59ef89e981b3745	tjupan_bacillus_subtilis_main_b59ef89e981b3745	discovery	41	57	42	57	-11.5	+	TTTTCTTCGTATAAAG	4.372861385345459
EMB_multiscale_C04	tjupan_bacillus_subtilis_main_2c8e4076a462c87c	dbtbs_bsub_core_2c8e4076a462c87c	discovery	20	36	21	36	-32.5	+	ATGGCTTTTAAATAAA	4.381247043609619
EMB_multiscale_C04	tjupan_bacillus_subtilis_main_86c973796d10f50f	dbtbs_bsub_core_86c973796d10f50f	discovery	40	56	41	56	-12.5	+	CCATTTGCATTATATA	4.402880668640137
EMB_multiscale_C04	tjupan_bacillus_subtilis_main_d9da0a0033167763	dbtbs_bsub_core_d9da0a0033167763	discovery	57	73	58	73	4.5	+	AGTATGTTTATCATCT	4.413539409637451
EMB_multiscale_C04	tjupan_bacillus_subtilis_main_fc6071b9027316a7	tjupan_bacillus_subtilis_main_fc6071b9027316a7	discovery	32	48	33	48	-20.5	+	ATCCCATTATTATTTG	4.424046039581299
EMB_multiscale_C04	tjupan_bacillus_subtilis_main_eebec5ad9a06df67	dbtbs_bsub_core_5cddd19c752675c8	discovery	54	70	55	70	1.5	+	AAAGGTAATTATTTTT	4.435720920562744
EMB_multiscale_C04	tjupan_bacillus_subtilis_main_118649b56e4ec470	tjupan_bacillus_subtilis_main_118649b56e4ec470	discovery	32	48	33	48	-20.5	+	ACATTTTTATACCCAT	4.446808338165283
EMB_multiscale_C04	tjupan_bacillus_subtilis_main_cf3def291394eeb9	tjupan_bacillus_subtilis_main_cf3def291394eeb9	discovery	50	66	51	66	-2.5	+	AAAATTAATTCCGTTG	4.4504170417785645
EMB_multiscale_C04	tjupan_bacillus_subtilis_main_dccf4ca03cd1642b	dbtbs_bsub_core_dccf4ca03cd1642b	discovery	5	21	6	21	-47.5	+	GCTTTTTTATACGCGA	4.487579345703125
EMB_multiscale_C04	tjupan_bacillus_subtilis_main_4e48cd3162b15e74	tjupan_bacillus_subtilis_main_4e48cd3162b15e74	discovery	41	57	42	57	-11.5	+	TCTCTCCATAATATGA	4.510161399841309
EMB_multiscale_C04	tjupan_bacillus_subtilis_main_619ca6b1749e92aa	tjupan_bacillus_subtilis_main_619ca6b1749e92aa	discovery	41	57	42	57	-11.5	+	TTTTGGGTACTATATA	4.555994510650635
EMB_multiscale_C04	tjupan_bacillus_subtilis_main_1732506bbac23b7c	dbtbs_bsub_core_1732506bbac23b7c	discovery	4	20	5	20	-48.5	+	GTATATCTGTTTCATT	4.562016010284424
EMB_multiscale_C04	tjupan_bacillus_subtilis_main_bfe4e797767b8990	tjupan_bacillus_subtilis_main_bfe4e797767b8990	discovery	32	48	33	48	-20.5	+	AGTTAACTTTAAGTGT	4.699360370635986
EMB_multiscale_C04	tjupan_bacillus_subtilis_main_2313c7dbb458e370	dbtbs_bsub_core_98d6bef120e2925b	discovery	40	56	41	56	-12.5	+	GTTTTACCGTCTATGT	4.732377052307129
EMB_multiscale_C04	tjupan_bacillus_subtilis_main_216653931b9dfc0d	tjupan_bacillus_subtilis_main_216653931b9dfc0d	discovery	19	35	20	35	-33.5	+	ATTTAGTATTGATTTT	4.779501914978027
EMB_multiscale_C04	tjupan_bacillus_subtilis_main_c1bd3e378306e57e	tjupan_bacillus_subtilis_main_c1bd3e378306e57e	discovery	20	36	21	36	-32.5	+	TCTTACTATTAATCTC	5.009521484375
EMB_multiscale_C04	tjupan_bacillus_subtilis_main_c3431646de80d63f	tjupan_bacillus_subtilis_main_c3431646de80d63f	discovery	9	25	10	25	-43.5	+	TTACCAAAGTTTTTCT	5.4148454666137695
EMB_multiscale_C05	tjupan_bacillus_subtilis_main_9990510225814384	tjupan_bacillus_subtilis_main_9990510225814384	discovery	23	39	24	39	-29.5	+	CTTGACTAAAGATCCG	2.0682685375213623
EMB_multiscale_C05	tjupan_bacillus_subtilis_main_ad6e1b40396f6528	dbtbs_bsub_core_ad6e1b40396f6528	discovery	15	31	16	31	-37.5	+	TGCATAAGACTTGAAA	2.1596014499664307
EMB_multiscale_C05	tjupan_bacillus_subtilis_main_3ec4c8abee3f7a8e	dbtbs_bsub_core_c18c3f10dff5c627	discovery	21	37	22	37	-31.5	+	ATTCATAGAACCTTGC	2.3133597373962402
EMB_multiscale_C05	tjupan_bacillus_subtilis_main_3270409c742f3314	dbtbs_bsub_core_edd6f2ee95c58508	discovery	37	53	38	53	-15.5	+	ATTTCAGAAACTAGGA	2.437500476837158
EMB_multiscale_C05	tjupan_bacillus_subtilis_main_fa23a6db7de139e8	tjupan_bacillus_subtilis_main_fa23a6db7de139e8	discovery	20	36	21	36	-32.5	+	AGCTATTGAAGTCGAA	2.631542682647705
EMB_multiscale_C05	tjupan_bacillus_subtilis_main_56fbf5e1ebfb46d1	dbtbs_bsub_core_56fbf5e1ebfb46d1	discovery	25	41	26	41	-27.5	+	TTGCAAATTAGACTTA	2.6616907119750977
EMB_multiscale_C05	tjupan_bacillus_subtilis_main_01ae3d26fad13b71	dbtbs_bsub_core_7a9c3b7d79cfafb8	discovery	61	77	62	77	8.5	+	AACTCAATGAGTAAAG	2.670349597930908
EMB_multiscale_C05	tjupan_bacillus_subtilis_main_c5aa2a2f04401e51	tjupan_bacillus_subtilis_main_c5aa2a2f04401e51	discovery	34	50	35	50	-18.5	+	AGAGACTAATGAAGCA	2.6828086376190186
EMB_multiscale_C05	tjupan_bacillus_subtilis_main_eebec5ad9a06df67	dbtbs_bsub_core_5cddd19c752675c8	discovery	33	49	34	49	-19.5	+	TCTGAAGATTACTGGT	2.6976242065429688
EMB_multiscale_C05	tjupan_bacillus_subtilis_main_2b2db3c55e03b737	dbtbs_bsub_core_9d26dfa3049d6f00	discovery	7	23	8	23	-45.5	+	CTCCAGAAGATTTACC	2.731051206588745
EMB_multiscale_C05	tjupan_bacillus_subtilis_main_1259688a411f3c07	tjupan_bacillus_subtilis_main_1259688a411f3c07	discovery	54	70	55	70	1.5	+	ACCTGTAAAGATTCCT	2.7644882202148438
EMB_multiscale_C05	tjupan_bacillus_subtilis_main_91723abad13f63e4	tjupan_bacillus_subtilis_main_91723abad13f63e4	discovery	25	41	26	41	-27.5	+	TTGACTGAAAGCGTTT	2.808316469192505
EMB_multiscale_C05	tjupan_bacillus_subtilis_main_7ac1767347438edd	dbtbs_bsub_core_5c6ce2f66e66fe9e	discovery	39	55	40	55	-13.5	+	TGTTTCAAGAAGATGG	2.812053918838501
EMB_multiscale_C05	tjupan_bacillus_subtilis_main_ed12f07c80365cbc	dbtbs_bsub_core_09dd4c8ba7bc09c6	discovery	52	68	53	68	-0.5	+	ATAAACTCAAGAGTTT	2.8151917457580566
EMB_multiscale_C05	tjupan_bacillus_subtilis_main_b5cc4aad42c9a683	dbtbs_bsub_core_b5cc4aad42c9a683	discovery	58	74	59	74	5.5	+	TCACAGAATAGTCTTT	2.8202784061431885
EMB_multiscale_C05	tjupan_bacillus_subtilis_main_3ab41c1b83ba019b	dbtbs_bsub_core_c956a5fd581ed80a	discovery	16	32	17	32	-36.5	+	GATCAGAAGCTAAATG	2.845350503921509
EMB_multiscale_C05	tjupan_bacillus_subtilis_main_213d453c1e49e371	tjupan_bacillus_subtilis_main_213d453c1e49e371	discovery	7	23	8	23	-45.5	+	GCATGTCTAAAGAATG	2.8460566997528076
EMB_multiscale_C05	tjupan_bacillus_subtilis_main_e28ceade6e8616fa	dbtbs_bsub_core_9b12482ac6eea2d4	discovery	54	70	55	70	1.5	+	AATGGCAAGAACTTTA	2.8827922344207764
EMB_multiscale_C05	tjupan_bacillus_subtilis_main_1c375491ec2245f4	tjupan_bacillus_subtilis_main_1c375491ec2245f4	discovery	21	37	22	37	-31.5	+	TTTATGAAAGTTCTCA	2.9280340671539307
EMB_multiscale_C05	tjupan_bacillus_subtilis_main_bdf5315a71015695	dbtbs_bsub_core_c94ae7322b918d76	discovery	6	22	7	22	-46.5	+	CTTGTCTGAATAGTAC	2.9321086406707764
EMB_multiscale_C05	tjupan_bacillus_subtilis_main_6c11169e185f76df	dbtbs_bsub_core_6c11169e185f76df	discovery	54	70	55	70	1.5	+	CCTTACTGAAGATTTG	2.934107542037964
EMB_multiscale_C05	tjupan_bacillus_subtilis_main_e445a9d379a1812a	dbtbs_bsub_core_e445a9d379a1812a	discovery	53	69	54	69	0.5	+	GATTCTTGAAGCTACC	2.938809633255005
EMB_multiscale_C05	tjupan_bacillus_subtilis_main_a9ae08a54b460299	dbtbs_bsub_core_4c306bb2d4b261c8	discovery	13	29	14	29	-39.5	+	TAATCTAACAGGATTA	2.9709837436676025
EMB_multiscale_C05	tjupan_bacillus_subtilis_main_8b776572d2e01c62	dbtbs_bsub_core_6736f212a82e3343	discovery	48	64	49	64	-4.5	+	ATTATAGGAACTGTTC	3.035712957382202
EMB_multiscale_C05	tjupan_bacillus_subtilis_main_c2a5e00f908ba88c	dbtbs_bsub_core_c2a5e00f908ba88c	discovery	11	27	12	27	-41.5	+	GTCCAAAACGAGAGTC	3.0440032482147217
EMB_multiscale_C05	tjupan_bacillus_subtilis_main_ff61268918c0af5d	tjupan_bacillus_subtilis_main_ff61268918c0af5d	discovery	54	70	55	70	1.5	+	TGTATCAAAGTACCTT	3.0580263137817383
EMB_multiscale_C05	tjupan_bacillus_subtilis_main_7d976c34bed90c97	tjupan_bacillus_subtilis_main_7d976c34bed90c97	discovery	32	48	33	48	-20.5	+	ACTTCTGAAGTAATGA	3.066575765609741
EMB_multiscale_C05	tjupan_bacillus_subtilis_main_ade9dc791ab39f6c	dbtbs_bsub_core_ade9dc791ab39f6c	discovery	39	55	40	55	-13.5	+	TAAAAAGAGTATCTTT	3.0684731006622314
EMB_multiscale_C05	tjupan_bacillus_subtilis_main_e1ad11de708bb9dd	dbtbs_bsub_core_0ce0cc9e187b5d37	discovery	35	51	36	51	-17.5	+	CAAGGTAGAATCAAAT	3.07627272605896
EMB_multiscale_C05	tjupan_bacillus_subtilis_main_4648c22f43ae6952	tjupan_bacillus_subtilis_main_4648c22f43ae6952	discovery	63	79	64	79	10.5	+	GGACGATCAAAAGCTT	3.078378200531006
EMB_multiscale_C05	tjupan_bacillus_subtilis_main_c229c4b94f6591ae	tjupan_bacillus_subtilis_main_c229c4b94f6591ae	discovery	20	36	21	36	-32.5	+	TTGATTAGTCAAAGAT	3.0973494052886963
EMB_multiscale_C05	tjupan_bacillus_subtilis_main_ef6dc517178d6adf	dbtbs_bsub_core_ef6dc517178d6adf	discovery	54	70	55	70	1.5	+	TTCCTTAGGTGAAAAT	3.099370002746582
EMB_multiscale_C05	tjupan_bacillus_subtilis_main_e326833d29b8752f	dbtbs_bsub_core_e326833d29b8752f	discovery	43	59	44	59	-9.5	+	GGACATTCTAAGCAGA	3.1130521297454834
EMB_multiscale_C05	tjupan_bacillus_subtilis_main_43fbda6e3c3abdae	dbtbs_bsub_core_c62c8589a5774a74	discovery	35	51	36	51	-17.5	+	TTGAAACGAAGCTCGT	3.119323253631592
EMB_multiscale_C05	tjupan_bacillus_subtilis_main_05b3d931ff35d8e8	dbtbs_bsub_core_05b3d931ff35d8e8	discovery	8	24	9	24	-44.5	+	ACTTCATGAAGTCTCC	3.122807502746582
EMB_multiscale_C05	tjupan_bacillus_subtilis_main_b790c6b12a43a7c6	tjupan_bacillus_subtilis_main_b790c6b12a43a7c6	discovery	15	31	16	31	-37.5	+	GCTCTTAACAGTTGAA	3.125553846359253
EMB_multiscale_C05	tjupan_bacillus_subtilis_main_754ac4e873f6c24d	tjupan_bacillus_subtilis_main_754ac4e873f6c24d	discovery	24	40	25	40	-28.5	+	GAACCATTAAGAGCCC	3.138791799545288
EMB_multiscale_C05	tjupan_bacillus_subtilis_main_2a051d7d075d7920	tjupan_bacillus_subtilis_main_2a051d7d075d7920	discovery	55	71	56	71	2.5	+	TGATGAAAGCGTATTC	3.148026943206787
EMB_multiscale_C05	tjupan_bacillus_subtilis_main_3e1210c1f898bc48	dbtbs_bsub_core_42eaa371353368b2	discovery	1	17	2	17	-51.5	+	ATGTTAAGAATCCTTA	3.1656746864318848
EMB_multiscale_C05	tjupan_bacillus_subtilis_main_6361ce51efe0f541	dbtbs_bsub_core_b928ebfb52e4cb48	discovery	19	35	20	35	-33.5	+	AAAAGGCTTCCGAAGA	3.1658895015716553
EMB_multiscale_C05	tjupan_bacillus_subtilis_main_3ed5570d9bd715ae	dbtbs_bsub_core_0561dd78dc44b145	discovery	50	66	51	66	-2.5	+	TGCTATGAAGGTAAGG	3.1739213466644287
EMB_multiscale_C05	tjupan_bacillus_subtilis_main_6b5eda10bbc36b27	dbtbs_bsub_core_0d578393adbcde98	discovery	51	67	52	67	-1.5	+	TACTTATGAAGCAAGA	3.189356565475464
EMB_multiscale_C05	tjupan_bacillus_subtilis_main_96d42d8ccff315ec	tjupan_bacillus_subtilis_main_96d42d8ccff315ec	discovery	31	47	32	47	-21.5	+	ATTATAGAACTCGCCT	3.2009198665618896
EMB_multiscale_C05	tjupan_bacillus_subtilis_main_4b32f81551985923	tjupan_bacillus_subtilis_main_4b32f81551985923	discovery	33	49	34	49	-19.5	+	AATCTAAGATTCTGCA	3.223656177520752
EMB_multiscale_C05	tjupan_bacillus_subtilis_main_41b76e09c674d652	dbtbs_bsub_core_41b76e09c674d652	discovery	13	29	14	29	-39.5	+	CGGATTAAGAATTGAC	3.228159189224243
EMB_multiscale_C05	tjupan_bacillus_subtilis_main_8a0979b032bb35c1	dbtbs_bsub_core_33318fe6256d39ff	discovery	21	37	22	37	-31.5	+	CCTCTTGATTAAAAGC	3.239922046661377
EMB_multiscale_C05	tjupan_bacillus_subtilis_main_0acb3976b9331524	tjupan_bacillus_subtilis_main_0acb3976b9331524	discovery	26	42	27	42	-26.5	+	ACATGAACTTCTAAAT	3.2410082817077637
EMB_multiscale_C05	tjupan_bacillus_subtilis_main_ac1a0a0a579397f6	tjupan_bacillus_subtilis_main_ac1a0a0a579397f6	discovery	23	39	24	39	-29.5	+	AATCGGAATAGTTGGC	3.2471566200256348
EMB_multiscale_C05	tjupan_bacillus_subtilis_main_69a39ef163dd4726	tjupan_bacillus_subtilis_main_69a39ef163dd4726	discovery	25	41	26	41	-27.5	+	TTCGAAAATAGGTCTT	3.2486255168914795
EMB_multiscale_C05	tjupan_bacillus_subtilis_main_e8dca4769e2e29bc	dbtbs_bsub_core_b8b8ac7ece3bed55	discovery	26	42	27	42	-26.5	+	TTCTTACAAAGAACGC	3.25195574760437
EMB_multiscale_C05	tjupan_bacillus_subtilis_main_fde7c2aaac5c57ce	dbtbs_bsub_core_fde7c2aaac5c57ce	discovery	13	29	14	29	-39.5	+	AAGAAGATGGTCTTGA	3.26200532913208
EMB_multiscale_C05	tjupan_bacillus_subtilis_main_ecef2875a7a372ba	dbtbs_bsub_core_ecef2875a7a372ba	discovery	3	19	4	19	-49.5	+	GTCCTTTGAAAGCGAC	3.2790865898132324
EMB_multiscale_C05	tjupan_bacillus_subtilis_main_eb88f130dfce6401	tjupan_bacillus_subtilis_main_eb88f130dfce6401	discovery	50	66	51	66	-2.5	+	ATAGTGAACTTAGCAT	3.3109097480773926
EMB_multiscale_C05	tjupan_bacillus_subtilis_main_666dd7e391a36890	dbtbs_bsub_core_666dd7e391a36890	discovery	6	22	7	22	-46.5	+	TGGTTGATCAGAAAAA	3.3139777183532715
EMB_multiscale_C05	tjupan_bacillus_subtilis_main_e2b483c6aef274e0	dbtbs_bsub_core_175bcd2ea2263ee4	discovery	12	28	13	28	-40.5	+	TCTTATAGAAAGCGGG	3.3250198364257812
EMB_multiscale_C05	tjupan_bacillus_subtilis_main_187a9844a7f0c551	tjupan_bacillus_subtilis_main_187a9844a7f0c551	discovery	1	17	2	17	-51.5	+	ACGTCTGAAACAGTAA	3.3362414836883545
EMB_multiscale_C05	tjupan_bacillus_subtilis_main_54fd4c2966482e2c	dbtbs_bsub_core_ba3becfc7c3e4e17	discovery	16	32	17	32	-36.5	+	CAAAAGCCTGAATATT	3.3367538452148438
EMB_multiscale_C05	tjupan_bacillus_subtilis_main_8265264627414ceb	tjupan_bacillus_subtilis_main_8265264627414ceb	discovery	20	36	21	36	-32.5	+	CACCCTTAAGAGCTGG	3.3499808311462402
EMB_multiscale_C05	tjupan_bacillus_subtilis_main_4a76c51266c80a0f	dbtbs_bsub_core_b905bf06b88d4e46	discovery	15	31	16	31	-37.5	+	ATTTAGAGCCTGAAAC	3.353886365890503
EMB_multiscale_C05	tjupan_bacillus_subtilis_main_834e21e1951468f3	tjupan_bacillus_subtilis_main_834e21e1951468f3	discovery	17	33	18	33	-35.5	+	TCTCATGAAGTGAAAC	3.3591697216033936
EMB_multiscale_C05	tjupan_bacillus_subtilis_main_dbf995194ebf2b2d	dbtbs_bsub_core_dbf995194ebf2b2d	discovery	16	32	17	32	-36.5	+	ATATTCGAACTGTTAA	3.371062994003296
EMB_multiscale_C05	tjupan_bacillus_subtilis_main_c204793b69b45448	dbtbs_bsub_core_c204793b69b45448	discovery	60	76	61	76	7.5	+	AATAAGCAACTGAGAT	3.378103494644165
EMB_multiscale_C05	tjupan_bacillus_subtilis_main_fff8e3a328b3cab3	dbtbs_bsub_core_7231d94d9d77331f	discovery	15	31	16	31	-37.5	+	TAGATTAAGTTGACGC	3.3897104263305664
EMB_multiscale_C05	tjupan_bacillus_subtilis_main_a7a45131c45395c8	dbtbs_bsub_core_a7a45131c45395c8	discovery	22	38	23	38	-30.5	+	GCTCAAAAGACTGGCA	3.391843557357788
EMB_multiscale_C05	tjupan_bacillus_subtilis_main_2a3c695bd1a0b4c9	tjupan_bacillus_subtilis_main_2a3c695bd1a0b4c9	discovery	54	70	55	70	1.5	+	TTTTACAGAAGCCCAA	3.3935024738311768
EMB_multiscale_C05	tjupan_bacillus_subtilis_main_f5fed123a3ffd242	dbtbs_bsub_core_f5fed123a3ffd242	discovery	27	43	28	43	-25.5	+	TTATATGAAGAACGCC	3.3970448970794678
EMB_multiscale_C05	tjupan_bacillus_subtilis_main_5ccaab5adb962b3d	dbtbs_bsub_core_483b39fd11d75b28	discovery	27	43	28	43	-25.5	+	TTTATGAAAGCGATTT	3.406644105911255
EMB_multiscale_C05	tjupan_bacillus_subtilis_main_cb8c6e383b33abd4	dbtbs_bsub_core_cb8c6e383b33abd4	discovery	18	34	19	34	-34.5	+	GCTGTATGAAACTTTC	3.4158036708831787
EMB_multiscale_C05	tjupan_bacillus_subtilis_main_2e59e247c2d07b0b	tjupan_bacillus_subtilis_main_2e59e247c2d07b0b	discovery	65	81	66	81	12.5	+	TTACCGAATTAGCTTT	3.416109085083008
EMB_multiscale_C05	tjupan_bacillus_subtilis_main_55935e0c215d1239	dbtbs_bsub_core_bd96a60828361996	discovery	49	65	50	65	-3.5	+	AAAGTTCAATTAGATG	3.4208691120147705
EMB_multiscale_C05	tjupan_bacillus_subtilis_main_93b5da0b5f842573	dbtbs_bsub_core_93b5da0b5f842573	discovery	19	35	20	35	-33.5	+	TTTTAAGCATGGAAAC	3.4297261238098145
EMB_multiscale_C05	tjupan_bacillus_subtilis_main_66bdec0f6e49230b	dbtbs_bsub_core_66bdec0f6e49230b	discovery	49	65	50	65	-3.5	+	ATAATGAAGTCACCAT	3.430022716522217
EMB_multiscale_C05	tjupan_bacillus_subtilis_main_ba49f50d8b0af1c7	dbtbs_bsub_core_8a4a22c637647f42	discovery	42	58	43	58	-10.5	+	TTTGAGAAACCTATCT	3.4300830364227295
EMB_multiscale_C05	tjupan_bacillus_subtilis_main_89a40bf9e0650967	dbtbs_bsub_core_89a40bf9e0650967	discovery	11	27	12	27	-41.5	+	TTCACCATAAGAATAG	3.441218137741089
EMB_multiscale_C05	tjupan_bacillus_subtilis_main_ade14dd3fdacb032	dbtbs_bsub_core_12585b08a658046e	discovery	10	26	11	26	-42.5	+	TTCTAGGGAACTGTAC	3.4420523643493652
EMB_multiscale_C05	tjupan_bacillus_subtilis_main_8a4a22c637647f42	dbtbs_bsub_core_8a4a22c637647f42	discovery	41	57	42	57	-11.5	+	TTTGAGAAACCTATCT	3.4438185691833496
EMB_multiscale_C05	tjupan_bacillus_subtilis_main_48b85a8a5c19ece4	dbtbs_bsub_core_7730e205ee5d9991	discovery	13	29	14	29	-39.5	+	TAAGGATAAAGCTTGT	3.4464643001556396
EMB_multiscale_C05	tjupan_bacillus_subtilis_main_3ab27dce0b1876ca	dbtbs_bsub_core_d52b0eed3ebbab2d	discovery	45	61	46	61	-7.5	+	TAATAGAATGAGGTCG	3.4534289836883545
EMB_multiscale_C05	tjupan_bacillus_subtilis_main_e47a55cd702f35e7	dbtbs_bsub_core_175bcd2ea2263ee4	discovery	8	24	9	24	-44.5	+	TCTTATAGAAAGCGGG	3.4621376991271973
EMB_multiscale_C05	tjupan_bacillus_subtilis_main_59b38cd2f2ea112d	dbtbs_bsub_core_59b38cd2f2ea112d	discovery	11	27	12	27	-41.5	+	TTTTCTAAAGATGTCA	3.469893455505371
EMB_multiscale_C05	tjupan_bacillus_subtilis_main_a1b8ecb6878276b4	dbtbs_bsub_core_a1b8ecb6878276b4	discovery	58	74	59	74	5.5	+	TAGAACGTCAGAATGG	3.4702634811401367
EMB_multiscale_C05	tjupan_bacillus_subtilis_main_a723fdca1013c0b5	dbtbs_bsub_core_a723fdca1013c0b5	discovery	43	59	44	59	-9.5	+	CCTCATAAGGTGAAAG	3.47043776512146
EMB_multiscale_C05	tjupan_bacillus_subtilis_main_73f2f27ec267a871	dbtbs_bsub_core_77a7b73eeb200478	discovery	17	33	18	33	-35.5	+	AAAAAGTTTGACTCGG	3.476013660430908
EMB_multiscale_C05	tjupan_bacillus_subtilis_main_6f408d5e786e413f	dbtbs_bsub_core_6f408d5e786e413f	discovery	56	72	57	72	3.5	+	TACTAGAACAAGCGAA	3.4885194301605225
EMB_multiscale_C05	tjupan_bacillus_subtilis_main_036f4e66b4e66745	dbtbs_bsub_core_7b26bab7de636614	discovery	60	76	61	76	7.5	+	AAAATAGAACTGGTTG	3.491788148880005
EMB_multiscale_C05	tjupan_bacillus_subtilis_main_9ab6c96db0706f0e	dbtbs_bsub_core_c190339743385950	discovery	7	23	8	23	-45.5	+	ATTATCGAGTGGAAAA	3.492677688598633
EMB_multiscale_C05	tjupan_bacillus_subtilis_main_8f9b814f5e8b18ae	dbtbs_bsub_core_8f9b814f5e8b18ae	discovery	39	55	40	55	-13.5	+	TCCAAACGGAATAGAT	3.4955596923828125
EMB_multiscale_C05	tjupan_bacillus_subtilis_main_5e30b1d213eba695	tjupan_bacillus_subtilis_main_5e30b1d213eba695	discovery	12	28	13	28	-40.5	+	TCCTACAAGTGAAGCA	3.500333786010742
EMB_multiscale_C05	tjupan_bacillus_subtilis_main_91197a052a9adc5b	tjupan_bacillus_subtilis_main_91197a052a9adc5b	discovery	32	48	33	48	-20.5	+	GACAACTGAAGGTGTT	3.5115747451782227
EMB_multiscale_C05	tjupan_bacillus_subtilis_main_1478640e036e0224	dbtbs_bsub_core_1478640e036e0224	discovery	40	56	41	56	-12.5	+	CTGAGCCGAATAGAAT	3.519655227661133
EMB_multiscale_C05	tjupan_bacillus_subtilis_main_1dc6ad16ab0331f8	tjupan_bacillus_subtilis_main_1dc6ad16ab0331f8	discovery	41	57	42	57	-11.5	+	AAATGAATAGTCTGCC	3.5246641635894775
EMB_multiscale_C05	tjupan_bacillus_subtilis_main_ca7deec2e4330ae4	tjupan_bacillus_subtilis_main_ca7deec2e4330ae4	discovery	33	49	34	49	-19.5	+	GAGAAGATCTGTATTT	3.52897572517395
EMB_multiscale_C05	tjupan_bacillus_subtilis_main_f3423ecbff5b6537	dbtbs_bsub_core_dc8c32e7cfbca6d1	discovery	37	53	38	53	-15.5	+	GTAGAAAGAGTTACAC	3.532526731491089
EMB_multiscale_C05	tjupan_bacillus_subtilis_main_64dfe397c07a4656	dbtbs_bsub_core_99013d44fc3df9d1	discovery	27	43	28	43	-25.5	+	TCAAAATAAGAGGCTC	3.5354931354522705
EMB_multiscale_C05	tjupan_bacillus_subtilis_main_f04c569125ce3afa	dbtbs_bsub_core_85a34ab094cb765f	discovery	56	72	57	72	3.5	+	GGAATCCTACAGAAAA	3.5374364852905273
EMB_multiscale_C05	tjupan_bacillus_subtilis_main_61d216a2a24189d0	dbtbs_bsub_core_61d216a2a24189d0	discovery	55	71	56	71	2.5	+	GAAAAGTCAGATATTT	3.541393518447876
EMB_multiscale_C05	tjupan_bacillus_subtilis_main_106e69f8e7e10bd4	tjupan_bacillus_subtilis_main_106e69f8e7e10bd4	discovery	32	48	33	48	-20.5	+	TCCTAAAGAGGCTCGT	3.541794538497925
EMB_multiscale_C05	tjupan_bacillus_subtilis_main_ff62fa3227cb3ab1	dbtbs_bsub_core_f748f853b4ec2056	discovery	50	66	51	66	-2.5	+	TAAAGCAACTAGTGAT	3.5453574657440186
EMB_multiscale_C05	tjupan_bacillus_subtilis_main_2c8e4076a462c87c	dbtbs_bsub_core_2c8e4076a462c87c	discovery	4	20	5	20	-48.5	+	AGCCGTGAAAGCAGCT	3.547196865081787
EMB_multiscale_C05	tjupan_bacillus_subtilis_main_50a7bea74c679f62	tjupan_bacillus_subtilis_main_50a7bea74c679f62	discovery	33	49	34	49	-19.5	+	TTTCAAGGAACTTGTC	3.5627634525299072
EMB_multiscale_C05	tjupan_bacillus_subtilis_main_f9edd67964b41200	dbtbs_bsub_core_f9edd67964b41200	discovery	30	46	31	46	-22.5	+	AAAAATGAGCCGAAAG	3.5640203952789307
EMB_multiscale_C05	tjupan_bacillus_subtilis_main_76909c0ebd8db916	dbtbs_bsub_core_d5153844984277ea	discovery	55	71	56	71	2.5	+	CATACAGAAATTCTTC	3.5687477588653564
EMB_multiscale_C05	tjupan_bacillus_subtilis_main_92c71ea9f3febc7f	dbtbs_bsub_core_c2ee7abb48038f6f	discovery	38	54	39	54	-14.5	+	CCTCGTTACAGAAAAT	3.579392671585083
EMB_multiscale_C05	tjupan_bacillus_subtilis_main_a9fde0fdd238b261	dbtbs_bsub_core_06588c97cd7288a8	discovery	20	36	21	36	-32.5	+	TCCTCGATAAGAATAA	3.590944290161133
EMB_multiscale_C05	tjupan_bacillus_subtilis_main_2931d3a1a20c25de	dbtbs_bsub_core_60150ba1e82823d4	discovery	7	23	8	23	-45.5	+	GCAGCACGAAGATTTT	3.5944666862487793
EMB_multiscale_C05	tjupan_bacillus_subtilis_main_282b0a85bf46906b	tjupan_bacillus_subtilis_main_282b0a85bf46906b	discovery	9	25	10	25	-43.5	+	TCTTTGTAAGAAAACA	3.6028621196746826
EMB_multiscale_C05	tjupan_bacillus_subtilis_main_fea876b7208e46e3	dbtbs_bsub_core_fea876b7208e46e3	discovery	45	61	46	61	-7.5	+	TGGTATTCTTAAAGAA	3.609280824661255
EMB_multiscale_C05	tjupan_bacillus_subtilis_main_550b125b16dc206e	dbtbs_bsub_core_2ab03862f0e9dd2f	discovery	51	67	52	67	-1.5	+	TTGTTAAGGACTAAAG	3.610703229904175
EMB_multiscale_C05	tjupan_bacillus_subtilis_main_10eda96ea4199e8c	dbtbs_bsub_core_10eda96ea4199e8c	discovery	60	76	61	76	7.5	+	TTCTTATCAAGAGCAG	3.617980718612671
EMB_multiscale_C05	tjupan_bacillus_subtilis_main_ffb5b3082f8ea0cd	tjupan_bacillus_subtilis_main_ffb5b3082f8ea0cd	discovery	6	22	7	22	-46.5	+	CTTATCGAGGAAAAGG	3.631683588027954
EMB_multiscale_C05	tjupan_bacillus_subtilis_main_b7240ec09f994729	dbtbs_bsub_core_6cadf10f2f906812	discovery	12	28	13	28	-40.5	+	TTCAAAACGATCTTGA	3.636101484298706
EMB_multiscale_C05	tjupan_bacillus_subtilis_main_ffefbc2ceaf331ea	dbtbs_bsub_core_ea5509009da1e1aa	discovery	29	45	30	45	-23.5	+	CTTTCGAATAGAAGCG	3.6366024017333984
EMB_multiscale_C05	tjupan_bacillus_subtilis_main_e4dda028e03de313	dbtbs_bsub_core_e4dda028e03de313	discovery	17	33	18	33	-35.5	+	AAAAAGGATTGACTTT	3.688941717147827
EMB_multiscale_C05	tjupan_bacillus_subtilis_main_25766be7ede5bd12	tjupan_bacillus_subtilis_main_25766be7ede5bd12	discovery	29	45	30	45	-23.5	+	GCACTTTATGAGGACA	3.690880060195923
EMB_multiscale_C05	tjupan_bacillus_subtilis_main_7ebbe970ac38b83d	dbtbs_bsub_core_5742761e1938e2d4	discovery	1	17	2	17	-51.5	+	TTTATAAGATCTCAGC	3.701793909072876
EMB_multiscale_C05	tjupan_bacillus_subtilis_main_9e087715e3522ed4	dbtbs_bsub_core_b3df5d74f56f0610	discovery	42	58	43	58	-10.5	+	TTGGGAACTTAGGCTA	3.742811679840088
EMB_multiscale_C05	tjupan_bacillus_subtilis_main_7358cf40e4efa482	tjupan_bacillus_subtilis_main_7358cf40e4efa482	discovery	2	18	3	18	-50.5	+	GTTCGGTAAATCACCT	3.747785806655884
EMB_multiscale_C05	tjupan_bacillus_subtilis_main_61e92334116d4289	dbtbs_bsub_core_946ad3835c6af00d	discovery	37	53	38	53	-15.5	+	CGCCTAGTGAGAAAAG	3.7562382221221924
EMB_multiscale_C05	tjupan_bacillus_subtilis_main_0d7b08433a8f6233	tjupan_bacillus_subtilis_main_0d7b08433a8f6233	discovery	14	30	15	30	-38.5	+	TTCTTGACTAAACCGA	3.7570834159851074
EMB_multiscale_C05	tjupan_bacillus_subtilis_main_a43a1f032db2e49e	dbtbs_bsub_core_872c1380ac7bb81f	discovery	59	75	60	75	6.5	+	TAGGAGAAAACTTACG	3.762580156326294
EMB_multiscale_C05	tjupan_bacillus_subtilis_main_0d315ab142d66dcc	dbtbs_bsub_core_76d28d1be3f9f514	discovery	65	81	66	81	12.5	+	TATCAGCTTGAAACTG	3.769444227218628
EMB_multiscale_C05	tjupan_bacillus_subtilis_main_a8b2c052c0cdfcff	tjupan_bacillus_subtilis_main_a8b2c052c0cdfcff	discovery	21	37	22	37	-31.5	+	TTTACTTGAAAGTAAA	3.7720530033111572
EMB_multiscale_C05	tjupan_bacillus_subtilis_main_796368712c0cdecb	tjupan_bacillus_subtilis_main_796368712c0cdecb	discovery	6	22	7	22	-46.5	+	TGCTCAAATAGAGCAA	3.778881072998047
EMB_multiscale_C05	tjupan_bacillus_subtilis_main_73a7b40a4dc814aa	dbtbs_bsub_core_bdba293c4926b88d	discovery	45	61	46	61	-7.5	+	TGGTAAGCTTAATCTA	3.7813668251037598
EMB_multiscale_C05	tjupan_bacillus_subtilis_main_d9cd9789d0fb01a3	dbtbs_bsub_core_c190339743385950	discovery	11	27	12	27	-41.5	+	AAATTATCGAGTGGAA	3.784163236618042
EMB_multiscale_C05	tjupan_bacillus_subtilis_main_6514a11d381455ae	tjupan_bacillus_subtilis_main_6514a11d381455ae	discovery	11	27	12	27	-41.5	+	AGCCAGAAGTCATACC	3.7848384380340576
EMB_multiscale_C05	tjupan_bacillus_subtilis_main_c9a32e1db5125d7c	dbtbs_bsub_core_c9a32e1db5125d7c	discovery	3	19	4	19	-49.5	+	AAGAGAACGCCTATGA	3.7858331203460693
EMB_multiscale_C05	tjupan_bacillus_subtilis_main_7bd42a66d387ec94	dbtbs_bsub_core_5cf240f92a00f0e3	discovery	20	36	21	36	-32.5	+	AAAGTGTTAGAACCTC	3.7858986854553223
EMB_multiscale_C05	tjupan_bacillus_subtilis_main_d24ab9ea2522f43e	dbtbs_bsub_core_e391b9fe5a0b653f	discovery	63	79	64	79	10.5	+	CCTAACAAAGAGAGTG	3.798943042755127
EMB_multiscale_C05	tjupan_bacillus_subtilis_main_d33162cb12a5a549	tjupan_bacillus_subtilis_main_d33162cb12a5a549	discovery	65	81	66	81	12.5	+	AATCTCAAAATGAGAT	3.8140881061553955
EMB_multiscale_C05	tjupan_bacillus_subtilis_main_bfe4e797767b8990	tjupan_bacillus_subtilis_main_bfe4e797767b8990	discovery	19	35	20	35	-33.5	+	GAGCTTGACTTAAAGT	3.8143093585968018
EMB_multiscale_C05	tjupan_bacillus_subtilis_main_7bc9aa9d4ad371af	dbtbs_bsub_core_7bc9aa9d4ad371af	discovery	34	50	35	50	-18.5	+	GCCGTCAGAAGGCAAA	3.8150172233581543
EMB_multiscale_C05	tjupan_bacillus_subtilis_main_1dc2eb4818f9715a	dbtbs_bsub_core_1dc2eb4818f9715a	discovery	52	68	53	68	-0.5	+	GATGAAAAGTACCAAT	3.836149215698242
EMB_multiscale_C05	tjupan_bacillus_subtilis_main_67a9ae83c973a42d	tjupan_bacillus_subtilis_main_67a9ae83c973a42d	discovery	26	42	27	42	-26.5	+	GTTTATCCAAAGAGTG	3.839515447616577
EMB_multiscale_C05	tjupan_bacillus_subtilis_main_14a46634ed7dcff0	tjupan_bacillus_subtilis_main_14a46634ed7dcff0	discovery	54	70	55	70	1.5	+	AAGAAGAGTTGATATT	3.8642122745513916
EMB_multiscale_C05	tjupan_bacillus_subtilis_main_89f3272bd34ff475	tjupan_bacillus_subtilis_main_89f3272bd34ff475	discovery	27	43	28	43	-25.5	+	CTTAAAGCAGACTTTA	3.8734405040740967
EMB_multiscale_C05	tjupan_bacillus_subtilis_main_7c03938b389dc368	dbtbs_bsub_core_39e8d21f598046d9	discovery	15	31	16	31	-37.5	+	TAAAAAGTCTGGCTAT	3.8781702518463135
EMB_multiscale_C05	tjupan_bacillus_subtilis_main_66846fa14c29dbc1	dbtbs_bsub_core_89ab3601fa8ac055	discovery	38	54	39	54	-14.5	+	AAAAACAGATGATAGA	3.879974603652954
EMB_multiscale_C05	tjupan_bacillus_subtilis_main_13f211949a22c74a	dbtbs_bsub_core_bdbae944a25ddfff	discovery	58	74	59	74	5.5	+	CTATCAATAGAGAAAG	3.8953630924224854
EMB_multiscale_C05	tjupan_bacillus_subtilis_main_3c72a88384ee6013	tjupan_bacillus_subtilis_main_3c72a88384ee6013	discovery	35	51	36	51	-17.5	+	ATCAGAGACAATCCGA	3.9114067554473877
EMB_multiscale_C05	tjupan_bacillus_subtilis_main_f246415af5cfc524	dbtbs_bsub_core_f246415af5cfc524	discovery	1	17	2	17	-51.5	+	ACAAAATGAGCGATTT	3.9192605018615723
EMB_multiscale_C05	tjupan_bacillus_subtilis_main_f5b082fd616807b3	dbtbs_bsub_core_4e960695d4b362e6	discovery	22	38	23	38	-30.5	+	TCTTTATGAAACCTTT	3.924180507659912
EMB_multiscale_C05	tjupan_bacillus_subtilis_main_901b18a9982b4e95	tjupan_bacillus_subtilis_main_901b18a9982b4e95	discovery	59	75	60	75	6.5	+	AGTCGCTTAAACGAGC	3.9485177993774414
EMB_multiscale_C05	tjupan_bacillus_subtilis_main_a43c85166b962f37	dbtbs_bsub_core_47d2cdeb8a491885	discovery	30	46	31	46	-22.5	+	CTGCTTACAGAAAAAG	3.9537668228149414
EMB_multiscale_C05	tjupan_bacillus_subtilis_main_cb2c7c4f94201384	tjupan_bacillus_subtilis_main_cb2c7c4f94201384	discovery	62	78	63	78	9.5	+	CTTGAAATCGAGATAA	3.9813971519470215
EMB_multiscale_C05	tjupan_bacillus_subtilis_main_09dd4c8ba7bc09c6	dbtbs_bsub_core_09dd4c8ba7bc09c6	discovery	15	31	16	31	-37.5	+	AAAAAACTCTTGAGTT	4.001382350921631
EMB_multiscale_C05	tjupan_bacillus_subtilis_main_8f7d87652de79d90	dbtbs_bsub_core_8f7d87652de79d90	discovery	27	43	28	43	-25.5	+	AGAAACTAAGATTTTA	4.003098964691162
EMB_multiscale_C05	tjupan_bacillus_subtilis_main_bc41d7d0760497f9	dbtbs_bsub_core_bc41d7d0760497f9	discovery	1	17	2	17	-51.5	+	ATATTTCTGGGAAAAA	4.030398368835449
EMB_multiscale_C05	tjupan_bacillus_subtilis_main_edadeeaf4ff7a848	tjupan_bacillus_subtilis_main_edadeeaf4ff7a848	discovery	22	38	23	38	-30.5	+	CTGGCTTCGAGAAAAA	4.055662155151367
EMB_multiscale_C05	tjupan_bacillus_subtilis_main_1b0cfe46f303d3fa	dbtbs_bsub_core_56695775e253190c	discovery	5	21	6	21	-47.5	+	AAATAAAGAGCACACT	4.068403720855713
EMB_multiscale_C05	tjupan_bacillus_subtilis_main_238ba8da2c883516	dbtbs_bsub_core_238ba8da2c883516	discovery	54	70	55	70	1.5	+	ATTACTAGACAAGCGC	4.085458278656006
EMB_multiscale_C05	tjupan_bacillus_subtilis_main_df2876c84282b3af	dbtbs_bsub_core_d831e470618beda7	discovery	57	73	58	73	4.5	+	TATAGAATTAGCACTC	4.114892959594727
EMB_multiscale_C05	tjupan_bacillus_subtilis_main_71a2a4c64c087430	tjupan_bacillus_subtilis_main_71a2a4c64c087430	discovery	53	69	54	69	0.5	+	CTAGAGAAGGACCTTT	4.150776386260986
EMB_multiscale_C05	tjupan_bacillus_subtilis_main_0ba2ad2fd14630a8	dbtbs_bsub_core_0ba2ad2fd14630a8	discovery	2	18	3	18	-50.5	+	AAAAACTGTACGAGCT	4.17482328414917
EMB_multiscale_C05	tjupan_bacillus_subtilis_main_ef1d1fbaad689e40	dbtbs_bsub_core_ef1d1fbaad689e40	discovery	1	17	2	17	-51.5	+	AGAAAAACTCGGCGAA	4.188527584075928
EMB_multiscale_C05	tjupan_bacillus_subtilis_main_fea868950ff1c774	tjupan_bacillus_subtilis_main_fea868950ff1c774	discovery	50	66	51	66	-2.5	+	TAATGCTCCTAGAGGA	4.19568395614624
EMB_multiscale_C05	tjupan_bacillus_subtilis_main_ec2d75bce4a65abf	dbtbs_bsub_core_e3549a9c12f5ac55	discovery	31	47	32	47	-21.5	+	TGAATGAAGACCTGTG	4.200718879699707
EMB_multiscale_C05	tjupan_bacillus_subtilis_main_25308dd77914b9d9	dbtbs_bsub_core_1dc2eb4818f9715a	discovery	43	59	44	59	-9.5	+	AGAGAAGTCAGAATGA	4.2033514976501465
EMB_multiscale_C05	tjupan_bacillus_subtilis_main_2b17d905bac0c3bc	dbtbs_bsub_core_2b17d905bac0c3bc	discovery	0	16	1	16	-52.5	+	CGAAGCAGATCAAAAA	4.214248180389404
EMB_multiscale_C05	tjupan_bacillus_subtilis_main_84597be11ba889b8	tjupan_bacillus_subtilis_main_84597be11ba889b8	discovery	63	79	64	79	10.5	+	GAATCAAACGAGGAGG	4.221270561218262
EMB_multiscale_C05	tjupan_bacillus_subtilis_main_7541f607431b8a27	dbtbs_bsub_core_1f38e2f4287dbc6d	discovery	6	22	7	22	-46.5	+	GAGAAAAGCTGACTGA	4.240255355834961
EMB_multiscale_C05	tjupan_bacillus_subtilis_main_549e9d5c7cb67860	dbtbs_bsub_core_1a44bafede819df1	discovery	57	73	58	73	4.5	+	GTACCCTAAGTTTGTA	4.255868434906006
EMB_multiscale_C05	tjupan_bacillus_subtilis_main_50224837ca8eceb5	dbtbs_bsub_core_50224837ca8eceb5	discovery	8	24	9	24	-44.5	+	ATTCGGCTGAATGAAA	4.276793479919434
EMB_multiscale_C05	tjupan_bacillus_subtilis_main_7c1cf5cd36017844	tjupan_bacillus_subtilis_main_7c1cf5cd36017844	discovery	8	24	9	24	-44.5	+	GCTTTCGCTAAAATAA	4.300530910491943
EMB_multiscale_C05	tjupan_bacillus_subtilis_main_f05d30123c592277	dbtbs_bsub_core_f05d30123c592277	discovery	22	38	23	38	-30.5	+	GAGAAGGAGTATAATG	4.302556037902832
EMB_multiscale_C05	tjupan_bacillus_subtilis_main_e9d365c0dda7757e	tjupan_bacillus_subtilis_main_e9d365c0dda7757e	discovery	49	65	50	65	-3.5	+	GTTAAGTTACCAAGTG	4.321267604827881
EMB_multiscale_C05	tjupan_bacillus_subtilis_main_0b7b75ba67f19880	dbtbs_bsub_core_0b7b75ba67f19880	discovery	4	20	5	20	-48.5	+	AAAAAGCTAAGTCGTG	4.3418145179748535
EMB_multiscale_C05	tjupan_bacillus_subtilis_main_9571d32ab22eb9a0	dbtbs_bsub_core_9571d32ab22eb9a0	discovery	3	19	4	19	-49.5	+	TGAAAGAATCGATCAC	4.354051113128662
EMB_multiscale_C05	tjupan_bacillus_subtilis_main_e95909bd7e136f46	dbtbs_bsub_core_426aaa712ced5536	discovery	39	55	40	55	-13.5	+	AGGAGGTCTTACAGTA	4.361872673034668
EMB_multiscale_C05	tjupan_bacillus_subtilis_main_5eccf0b4b51999b8	tjupan_bacillus_subtilis_main_5eccf0b4b51999b8	discovery	39	55	40	55	-13.5	+	GCTAAAAGATTTCTAA	4.374657154083252
EMB_multiscale_C05	tjupan_bacillus_subtilis_main_618f0dc5c0847866	dbtbs_bsub_core_e2f191a04a63a5f0	discovery	16	32	17	32	-36.5	+	AAAAATGAGAAGAACA	4.421784400939941
EMB_multiscale_C05	tjupan_bacillus_subtilis_main_4fc356ae4cdf5a10	dbtbs_bsub_core_89ad3abb800dad9f	discovery	6	22	7	22	-46.5	+	GAACAAAAGGCTCTGG	4.43060827255249
EMB_multiscale_C05	tjupan_bacillus_subtilis_main_60ee42342c88d235	tjupan_bacillus_subtilis_main_60ee42342c88d235	discovery	17	33	18	33	-35.5	+	TAAAGAGCCTTAACTT	4.453701496124268
EMB_multiscale_C05	tjupan_bacillus_subtilis_main_7a6037ae36a0870c	tjupan_bacillus_subtilis_main_7a6037ae36a0870c	discovery	9	25	10	25	-43.5	+	ACTCTTCCGGAAAAAC	4.508236408233643
EMB_multiscale_C05	tjupan_bacillus_subtilis_main_b24feeda89db5dfd	dbtbs_bsub_core_b24feeda89db5dfd	discovery	7	23	8	23	-45.5	+	TAAACTTCTTAAAAAT	4.513162612915039
EMB_multiscale_C05	tjupan_bacillus_subtilis_main_dcef15bdfb353954	dbtbs_bsub_core_dcef15bdfb353954	discovery	21	37	22	37	-31.5	+	TCTCTTGCAAAAGTTT	4.515771865844727
EMB_multiscale_C05	tjupan_bacillus_subtilis_main_52931b7eafd9a9b2	dbtbs_bsub_core_324baeb0b4deda5d	discovery	50	66	51	66	-2.5	+	TAATAGGTAAGGCAGG	4.534821510314941
EMB_multiscale_C05	tjupan_bacillus_subtilis_main_f6994e5b6245c7bf	tjupan_bacillus_subtilis_main_f6994e5b6245c7bf	discovery	3	19	4	19	-49.5	+	AAAAATCCTGTCGAAC	4.537752151489258
EMB_multiscale_C05	tjupan_bacillus_subtilis_main_737474f253397bee	tjupan_bacillus_subtilis_main_737474f253397bee	discovery	55	71	56	71	2.5	+	GAAAAAGAGACGACTT	4.61940336227417
EMB_multiscale_C05	tjupan_bacillus_subtilis_main_5564dcefe2988333	tjupan_bacillus_subtilis_main_5564dcefe2988333	discovery	25	41	26	41	-27.5	+	GGTTTTAAAGCCTTTC	4.783318519592285
EMB_multiscale_C05	tjupan_bacillus_subtilis_main_5e34c7286340c249	dbtbs_bsub_core_0fedc539a64a99b7	discovery	23	39	24	39	-29.5	+	AAGGAATGAACCTTTC	4.955512046813965
EMB_multiscale_C05	tjupan_bacillus_subtilis_main_3eab38fdf3061b6a	tjupan_bacillus_subtilis_main_3eab38fdf3061b6a	discovery	55	71	56	71	2.5	+	AATATAGTTAGGCGCC	4.958896160125732
EMB_multiscale_C05	tjupan_bacillus_subtilis_main_db51f0e14ca9b6e9	tjupan_bacillus_subtilis_main_db51f0e14ca9b6e9	discovery	10	26	11	26	-42.5	+	TTTCTTTTAGAAAAAG	5.42734956741333
EMB_multiscale_C05	tjupan_bacillus_subtilis_main_9296390fae4fd68d	tjupan_bacillus_subtilis_main_9296390fae4fd68d	discovery	28	44	29	44	-24.5	+	AAGAGAGAAAGGCTTG	6.369391918182373
EMB_multiscale_C06	tjupan_bacillus_subtilis_main_5e3ef261f40425ef	tjupan_bacillus_subtilis_main_5e3ef261f40425ef	discovery	58	74	59	74	5.5	+	CTCGTACATAAGGAAT	2.3606085777282715
EMB_multiscale_C06	tjupan_bacillus_subtilis_main_f9edd67964b41200	dbtbs_bsub_core_f9edd67964b41200	discovery	65	81	66	81	12.5	+	AGATCAAATACCTAGG	2.3712685108184814
EMB_multiscale_C06	tjupan_bacillus_subtilis_main_bf15c71cd5f4b9e0	dbtbs_bsub_core_79aa8a5c0f3b9558	discovery	52	68	53	68	-0.5	+	TTAACCATAGACAAGC	2.3957271575927734
EMB_multiscale_C06	tjupan_bacillus_subtilis_main_d03161002d7a6f34	dbtbs_bsub_core_11066f3e95c7986c	discovery	41	57	42	57	-11.5	+	AGAATGGTACAATAAG	2.465963840484619
EMB_multiscale_C06	tjupan_bacillus_subtilis_main_2b799cc13a596bcd	tjupan_bacillus_subtilis_main_2b799cc13a596bcd	discovery	40	56	41	56	-12.5	+	CAATGACTACATAAGT	2.653132915496826
EMB_multiscale_C06	tjupan_bacillus_subtilis_main_5e8ac4f4506ef781	dbtbs_bsub_core_cdccc2e2972286a4	discovery	62	78	63	78	9.5	+	CTTAGAAATACACAAG	2.668647289276123
EMB_multiscale_C06	tjupan_bacillus_subtilis_main_a2cd64f7b02e9630	tjupan_bacillus_subtilis_main_a2cd64f7b02e9630	discovery	35	51	36	51	-17.5	+	TCAAGAATACATAGTA	2.678835391998291
EMB_multiscale_C06	tjupan_bacillus_subtilis_main_dbd8ff77ae99e6b2	dbtbs_bsub_core_dbd8ff77ae99e6b2	discovery	61	77	62	77	8.5	+	TAAACGTTATCAAGGA	2.7312815189361572
EMB_multiscale_C06	tjupan_bacillus_subtilis_main_0a71b8cbf4011c3b	dbtbs_bsub_core_dc5af08cd1bffe94	discovery	34	50	35	50	-18.5	+	TCTTACATAACGGAGA	2.7863993644714355
EMB_multiscale_C06	tjupan_bacillus_subtilis_main_972c682163779595	dbtbs_bsub_core_6e525afed4c0ab9e	discovery	50	66	51	66	-2.5	+	ATTACTATGAACAGAA	2.8550188541412354
EMB_multiscale_C06	tjupan_bacillus_subtilis_main_8837dc4443db7de3	tjupan_bacillus_subtilis_main_8837dc4443db7de3	discovery	38	54	39	54	-14.5	+	ATGAAAACGCTATCAT	2.86356258392334
EMB_multiscale_C06	tjupan_bacillus_subtilis_main_9e087715e3522ed4	dbtbs_bsub_core_b3df5d74f56f0610	discovery	56	72	57	72	3.5	+	TATATAAGACAACAAT	2.889028787612915
EMB_multiscale_C06	tjupan_bacillus_subtilis_main_ff1b0f332755e37b	dbtbs_bsub_core_710c0cbad80c03b6	discovery	23	39	24	39	-29.5	+	CTATACCATAAATCGA	2.8899714946746826
EMB_multiscale_C06	tjupan_bacillus_subtilis_main_9d5c52bb0fa0ffad	dbtbs_bsub_core_9d5c52bb0fa0ffad	discovery	53	69	54	69	0.5	+	AATATTCAGTAATGAT	2.927612543106079
EMB_multiscale_C06	tjupan_bacillus_subtilis_main_d04a67d8cb9ad084	dbtbs_bsub_core_d04a67d8cb9ad084	discovery	44	60	45	60	-8.5	+	AGCATAAGATAACACG	2.928631544113159
EMB_multiscale_C06	tjupan_bacillus_subtilis_main_8559682da7e0b4ef	dbtbs_bsub_core_8559682da7e0b4ef	discovery	29	45	30	45	-23.5	+	AAAAGCAGTTATGCGG	2.983203172683716
EMB_multiscale_C06	tjupan_bacillus_subtilis_main_e6accdb752f9724f	dbtbs_bsub_core_41815df9927fe319	discovery	41	57	42	57	-11.5	+	AGATGCATAAACTTAC	2.9873311519622803
EMB_multiscale_C06	tjupan_bacillus_subtilis_main_fcf1520effc316d9	dbtbs_bsub_core_fcf1520effc316d9	discovery	58	74	59	74	5.5	+	GTACAACATAGATCTG	3.0047519207000732
EMB_multiscale_C06	tjupan_bacillus_subtilis_main_ced72b826f4a910f	dbtbs_bsub_core_d1a4fbb8ec4bd212	discovery	56	72	57	72	3.5	+	AACTAGATACAAATAA	3.00874400138855
EMB_multiscale_C06	tjupan_bacillus_subtilis_main_7e538c30b860aa5a	tjupan_bacillus_subtilis_main_7e538c30b860aa5a	discovery	30	46	31	46	-22.5	+	CCAACTTAAGCATCAG	3.0432443618774414
EMB_multiscale_C06	tjupan_bacillus_subtilis_main_e84ae283b7981830	tjupan_bacillus_subtilis_main_e84ae283b7981830	discovery	17	33	18	33	-35.5	+	AATATAGGCGAACACA	3.053253173828125
EMB_multiscale_C06	tjupan_bacillus_subtilis_main_6514a11d381455ae	tjupan_bacillus_subtilis_main_6514a11d381455ae	discovery	49	65	50	65	-3.5	+	ATAATATCACAAGGAA	3.062845230102539
EMB_multiscale_C06	tjupan_bacillus_subtilis_main_8797dcd405b13c8e	tjupan_bacillus_subtilis_main_8797dcd405b13c8e	discovery	24	40	25	40	-28.5	+	TAATAGTCAATTACTA	3.070852518081665
EMB_multiscale_C06	tjupan_bacillus_subtilis_main_8e4b7e6c519e170f	tjupan_bacillus_subtilis_main_8e4b7e6c519e170f	discovery	54	70	55	70	1.5	+	GTTATTAGAACAATAA	3.085742712020874
EMB_multiscale_C06	tjupan_bacillus_subtilis_main_8e9af30cd29c08ec	dbtbs_bsub_core_ab5345ed831420ec	discovery	65	81	66	81	12.5	+	AATATTCAGTAATGAT	3.1378464698791504
EMB_multiscale_C06	tjupan_bacillus_subtilis_main_fbae385e087109ce	tjupan_bacillus_subtilis_main_fbae385e087109ce	discovery	42	58	43	58	-10.5	+	CAAACAGAATACATAC	3.1537187099456787
EMB_multiscale_C06	tjupan_bacillus_subtilis_main_7942697cd86d944b	tjupan_bacillus_subtilis_main_7942697cd86d944b	discovery	53	69	54	69	0.5	+	TGATGACATAAGTTGT	3.1580262184143066
EMB_multiscale_C06	tjupan_bacillus_subtilis_main_3b9d28ffe489c3c7	dbtbs_bsub_core_260ddc8adeedb788	discovery	22	38	23	38	-30.5	+	AGCACATAATAAACCA	3.1639790534973145
EMB_multiscale_C06	tjupan_bacillus_subtilis_main_9d589577eb1cbe67	tjupan_bacillus_subtilis_main_9d589577eb1cbe67	discovery	44	60	45	60	-8.5	+	GACGGATACTAATTTC	3.1796607971191406
EMB_multiscale_C06	tjupan_bacillus_subtilis_main_35bf7199ae44b70c	dbtbs_bsub_core_35bf7199ae44b70c	discovery	54	70	55	70	1.5	+	TATAGTATCAACACTC	3.18363094329834
EMB_multiscale_C06	tjupan_bacillus_subtilis_main_d24ab9ea2522f43e	dbtbs_bsub_core_e391b9fe5a0b653f	discovery	41	57	42	57	-11.5	+	AATGCTAATACACTGT	3.1888062953948975
EMB_multiscale_C06	tjupan_bacillus_subtilis_main_e9623f8193af34e0	dbtbs_bsub_core_e9623f8193af34e0	discovery	54	70	55	70	1.5	+	GTTCATACTAAAGTCA	3.19972825050354
EMB_multiscale_C06	tjupan_bacillus_subtilis_main_2931d3a1a20c25de	dbtbs_bsub_core_60150ba1e82823d4	discovery	53	69	54	69	0.5	+	CTATAGTACCAATTTG	3.2007670402526855
EMB_multiscale_C06	tjupan_bacillus_subtilis_main_6390012fbb39ca22	tjupan_bacillus_subtilis_main_6390012fbb39ca22	discovery	65	81	66	81	12.5	+	ATAGTCATATAACAAG	3.21085786819458
EMB_multiscale_C06	tjupan_bacillus_subtilis_main_d59578e8446625f3	dbtbs_bsub_core_d59578e8446625f3	discovery	36	52	37	52	-16.5	+	CAAAAGTTATGATATG	3.217926025390625
EMB_multiscale_C06	tjupan_bacillus_subtilis_main_52267ea931cb2dd7	dbtbs_bsub_core_b35218f45c0f11c8	discovery	58	74	59	74	5.5	+	ACGGAATACATTAAAG	3.222402572631836
EMB_multiscale_C06	tjupan_bacillus_subtilis_main_0d315ab142d66dcc	dbtbs_bsub_core_76d28d1be3f9f514	discovery	9	25	10	25	-43.5	+	TACTCCAATACTTACG	3.229566812515259
EMB_multiscale_C06	tjupan_bacillus_subtilis_main_b1dfffe50d4e7cba	dbtbs_bsub_core_6990407cd148d57b	discovery	42	58	43	58	-10.5	+	ATATGAGTACAATAAA	3.231480360031128
EMB_multiscale_C06	tjupan_bacillus_subtilis_main_8421a3506bc3ca2c	tjupan_bacillus_subtilis_main_8421a3506bc3ca2c	discovery	19	35	20	35	-33.5	+	AAAGTATAGACATTTA	3.2351233959198
EMB_multiscale_C06	tjupan_bacillus_subtilis_main_f3423ecbff5b6537	dbtbs_bsub_core_dc8c32e7cfbca6d1	discovery	62	78	63	78	9.5	+	ACATTACAATGTAAGA	3.260758876800537
EMB_multiscale_C06	tjupan_bacillus_subtilis_main_60ee42342c88d235	tjupan_bacillus_subtilis_main_60ee42342c88d235	discovery	33	49	34	49	-19.5	+	TTATAGGAACATATGC	3.2821731567382812
EMB_multiscale_C06	tjupan_bacillus_subtilis_main_2a051d7d075d7920	tjupan_bacillus_subtilis_main_2a051d7d075d7920	discovery	0	16	1	16	-52.5	+	TTATATCAAACTATTT	3.2879276275634766
EMB_multiscale_C06	tjupan_bacillus_subtilis_main_61d216a2a24189d0	dbtbs_bsub_core_61d216a2a24189d0	discovery	5	21	6	21	-47.5	+	TTATCAATACGCAAGT	3.2893903255462646
EMB_multiscale_C06	tjupan_bacillus_subtilis_main_f09c3556dc31a575	dbtbs_bsub_core_f09c3556dc31a575	discovery	9	25	10	25	-43.5	+	TTATAGATGTAAGGCT	3.2971858978271484
EMB_multiscale_C06	tjupan_bacillus_subtilis_main_bebf1b31befd9c3c	dbtbs_bsub_core_bebf1b31befd9c3c	discovery	52	68	53	68	-0.5	+	TATATAACGTTCACAA	3.301034927368164
EMB_multiscale_C06	tjupan_bacillus_subtilis_main_daaf0c7fa42ef2fa	dbtbs_bsub_core_ef9625ff29774e65	discovery	4	20	5	20	-48.5	+	GAAAACAATATAGGTA	3.306053400039673
EMB_multiscale_C06	tjupan_bacillus_subtilis_main_24675587b92cc4c7	tjupan_bacillus_subtilis_main_24675587b92cc4c7	discovery	1	17	2	17	-51.5	+	TCATCAACTAGAAATA	3.313375234603882
EMB_multiscale_C06	tjupan_bacillus_subtilis_main_f6c5351a3e225d0c	dbtbs_bsub_core_f6c5351a3e225d0c	discovery	57	73	58	73	4.5	+	ACTAGGTTAATACATT	3.3328306674957275
EMB_multiscale_C06	tjupan_bacillus_subtilis_main_b11aff47b9c426f3	dbtbs_bsub_core_b11aff47b9c426f3	discovery	18	34	19	34	-34.5	+	CATAAAGCATACTTCC	3.3328864574432373
EMB_multiscale_C06	tjupan_bacillus_subtilis_main_7cd769ed0580d73e	tjupan_bacillus_subtilis_main_7cd769ed0580d73e	discovery	63	79	64	79	10.5	+	GAGCTTAACAACTAGA	3.3624489307403564
EMB_multiscale_C06	tjupan_bacillus_subtilis_main_ab3313558a015086	dbtbs_bsub_core_ab3313558a015086	discovery	31	47	32	47	-21.5	+	ATGTACGAACATATAT	3.3630001544952393
EMB_multiscale_C06	tjupan_bacillus_subtilis_main_666dd7e391a36890	dbtbs_bsub_core_666dd7e391a36890	discovery	52	68	53	68	-0.5	+	TACATACAAGTATGCT	3.3804333209991455
EMB_multiscale_C06	tjupan_bacillus_subtilis_main_be36dbaf549189cb	tjupan_bacillus_subtilis_main_be36dbaf549189cb	discovery	40	56	41	56	-12.5	+	CCAACTTGTATAAGAT	3.385005474090576
EMB_multiscale_C06	tjupan_bacillus_subtilis_main_ef37e7c4f77cfd3f	tjupan_bacillus_subtilis_main_ef37e7c4f77cfd3f	discovery	30	46	31	46	-22.5	+	AAATGGTACAGAATAA	3.3870327472686768
EMB_multiscale_C06	tjupan_bacillus_subtilis_main_bcbef8350d7925db	tjupan_bacillus_subtilis_main_bcbef8350d7925db	discovery	20	36	21	36	-32.5	+	CTGGGAATACAACATG	3.3887414932250977
EMB_multiscale_C06	tjupan_bacillus_subtilis_main_1478640e036e0224	dbtbs_bsub_core_1478640e036e0224	discovery	7	23	8	23	-45.5	+	CTTATTACCAAGACGT	3.410752534866333
EMB_multiscale_C06	tjupan_bacillus_subtilis_main_09deb32688bf8365	tjupan_bacillus_subtilis_main_09deb32688bf8365	discovery	49	65	50	65	-3.5	+	ATCATTACAGTAGATT	3.4236295223236084
EMB_multiscale_C06	tjupan_bacillus_subtilis_main_92b62a9d8d87ace9	dbtbs_bsub_core_92b62a9d8d87ace9	discovery	47	63	48	63	-5.5	+	ACAAAATACAGCTGAT	3.4283969402313232
EMB_multiscale_C06	tjupan_bacillus_subtilis_main_187a9844a7f0c551	tjupan_bacillus_subtilis_main_187a9844a7f0c551	discovery	59	75	60	75	6.5	+	CAAGTTACATAAGAGA	3.4443511962890625
EMB_multiscale_C06	tjupan_bacillus_subtilis_main_150dcd3daf63d162	dbtbs_bsub_core_150dcd3daf63d162	discovery	3	19	4	19	-49.5	+	AGAGCTGACAATATAA	3.4453964233398438
EMB_multiscale_C06	tjupan_bacillus_subtilis_main_32548c7fec9dc4f2	dbtbs_bsub_core_32548c7fec9dc4f2	discovery	44	60	45	60	-8.5	+	ATGCAAACGATACTTG	3.4563214778900146
EMB_multiscale_C06	tjupan_bacillus_subtilis_main_d9679a25a18d6da1	tjupan_bacillus_subtilis_main_c9bc5ed233eba13a	discovery	65	81	66	81	12.5	+	AGGAGCTGTAACACAT	3.463531732559204
EMB_multiscale_C06	tjupan_bacillus_subtilis_main_ba9efec60bbd4a6b	tjupan_bacillus_subtilis_main_ba9efec60bbd4a6b	discovery	44	60	45	60	-8.5	+	CAGCGTGAATACATAT	3.506749153137207
EMB_multiscale_C06	tjupan_bacillus_subtilis_main_9990510225814384	tjupan_bacillus_subtilis_main_9990510225814384	discovery	65	81	66	81	12.5	+	GAATATAAATCACAAG	3.520512819290161
EMB_multiscale_C06	tjupan_bacillus_subtilis_main_342a4291e30f5e80	dbtbs_bsub_core_342a4291e30f5e80	discovery	61	77	62	77	8.5	+	GATACATATCCTTAAT	3.5396158695220947
EMB_multiscale_C06	tjupan_bacillus_subtilis_main_db51f0e14ca9b6e9	tjupan_bacillus_subtilis_main_db51f0e14ca9b6e9	discovery	62	78	63	78	9.5	+	TCATCACCATAAGGGA	3.5405404567718506
EMB_multiscale_C06	tjupan_bacillus_subtilis_main_7a6037ae36a0870c	tjupan_bacillus_subtilis_main_7a6037ae36a0870c	discovery	47	63	48	63	-5.5	+	AGATACTAGCAATCAG	3.549823522567749
EMB_multiscale_C06	tjupan_bacillus_subtilis_main_87b26b7083b048a9	dbtbs_bsub_core_fe60102a69552e4c	discovery	45	61	46	61	-7.5	+	ATAGAGTTAACATTTG	3.560908079147339
EMB_multiscale_C06	tjupan_bacillus_subtilis_main_2d40490247bb616a	dbtbs_bsub_core_ffa38d6978ad48aa	discovery	18	34	19	34	-34.5	+	AGAAATACATCAAAGG	3.570824384689331
EMB_multiscale_C06	tjupan_bacillus_subtilis_main_f3b59cc74d659ebc	dbtbs_bsub_core_866d6e8af07c9412	discovery	64	80	65	80	11.5	+	AGGGTTAGAATATACG	3.57231068611145
EMB_multiscale_C06	tjupan_bacillus_subtilis_main_106e69f8e7e10bd4	tjupan_bacillus_subtilis_main_106e69f8e7e10bd4	discovery	53	69	54	69	0.5	+	TAATAGTACAAACATC	3.577207565307617
EMB_multiscale_C06	tjupan_bacillus_subtilis_main_163772f02671a528	tjupan_bacillus_subtilis_main_163772f02671a528	discovery	5	21	6	21	-47.5	+	TTACTGTAAGGATATT	3.583203077316284
EMB_multiscale_C06	tjupan_bacillus_subtilis_main_fe2a626ec63a594e	dbtbs_bsub_core_abc060d81660f90c	discovery	7	23	8	23	-45.5	+	GTAATAGCAAGATAAC	3.608621120452881
EMB_multiscale_C06	tjupan_bacillus_subtilis_main_3741d9dc6611d95f	tjupan_bacillus_subtilis_main_3741d9dc6611d95f	discovery	64	80	65	80	11.5	+	TTACAACAATATAGAA	3.6168253421783447
EMB_multiscale_C06	tjupan_bacillus_subtilis_main_4f4c3d5d96d18695	tjupan_bacillus_subtilis_main_4f4c3d5d96d18695	discovery	63	79	64	79	10.5	+	GTGGTAACATAAAGGA	3.6195082664489746
EMB_multiscale_C06	tjupan_bacillus_subtilis_main_41b76e09c674d652	dbtbs_bsub_core_41b76e09c674d652	discovery	62	78	63	78	9.5	+	AAATAATAGAACGGAT	3.6243932247161865
EMB_multiscale_C06	tjupan_bacillus_subtilis_main_edce5d598636e106	dbtbs_bsub_core_39acf3daf47ccd69	discovery	49	65	50	65	-3.5	+	ATAATGGTAACAGAAA	3.636610507965088
EMB_multiscale_C06	tjupan_bacillus_subtilis_main_0acb3976b9331524	tjupan_bacillus_subtilis_main_0acb3976b9331524	discovery	65	81	66	81	12.5	+	TAAATGTTACTACAAT	3.64223313331604
EMB_multiscale_C06	tjupan_bacillus_subtilis_main_917572a2414a52f7	tjupan_bacillus_subtilis_main_917572a2414a52f7	discovery	18	34	19	34	-34.5	+	AAAGAACTTATACGGT	3.6441543102264404
EMB_multiscale_C06	tjupan_bacillus_subtilis_main_74de924b5fe0230a	dbtbs_bsub_core_74de924b5fe0230a	discovery	46	62	47	62	-6.5	+	TTCATACAATCTATTA	3.666156530380249
EMB_multiscale_C06	tjupan_bacillus_subtilis_main_0ad5dcad37f1ba39	dbtbs_bsub_core_712e4b81f6fdb41a	discovery	0	16	1	16	-52.5	+	TCACATAACCTTCAAA	3.671631097793579
EMB_multiscale_C06	tjupan_bacillus_subtilis_main_be557af728070615	tjupan_bacillus_subtilis_main_be557af728070615	discovery	9	25	10	25	-43.5	+	TTTTAGGTACAATATA	3.6723906993865967
EMB_multiscale_C06	tjupan_bacillus_subtilis_main_5ccaab5adb962b3d	dbtbs_bsub_core_483b39fd11d75b28	discovery	65	81	66	81	12.5	+	CAGGACATTACAAAAT	3.675045967102051
EMB_multiscale_C06	tjupan_bacillus_subtilis_main_bba2e45eb636482b	dbtbs_bsub_core_bba2e45eb636482b	discovery	23	39	24	39	-29.5	+	TCTCATATAACACAAT	3.6765975952148438
EMB_multiscale_C06	tjupan_bacillus_subtilis_main_0d7b08433a8f6233	tjupan_bacillus_subtilis_main_0d7b08433a8f6233	discovery	51	67	52	67	-1.5	+	TATGATGTACAAACCC	3.685790777206421
EMB_multiscale_C06	tjupan_bacillus_subtilis_main_3e1210c1f898bc48	dbtbs_bsub_core_42eaa371353368b2	discovery	22	38	23	38	-30.5	+	TATTGACACATAATAT	3.6977081298828125
EMB_multiscale_C06	tjupan_bacillus_subtilis_main_ba2dc8596ef2486c	dbtbs_bsub_core_ba2dc8596ef2486c	discovery	47	63	48	63	-5.5	+	GGGTAAACAGCAGTAT	3.703395366668701
EMB_multiscale_C06	tjupan_bacillus_subtilis_main_da7f3c0608c35165	dbtbs_bsub_core_da7f3c0608c35165	discovery	25	41	26	41	-27.5	+	AAGATGACATAAAATA	3.7065601348876953
EMB_multiscale_C06	tjupan_bacillus_subtilis_main_bfe4e797767b8990	tjupan_bacillus_subtilis_main_bfe4e797767b8990	discovery	56	72	57	72	3.5	+	CAACATACAGGATAGA	3.7106282711029053
EMB_multiscale_C06	tjupan_bacillus_subtilis_main_3c97e9436cb369c2	dbtbs_bsub_core_6dc10c0d490555ae	discovery	20	36	21	36	-32.5	+	TTTCAATACAGACATT	3.7113828659057617
EMB_multiscale_C06	tjupan_bacillus_subtilis_main_c7c68e6fe4d84a02	tjupan_bacillus_subtilis_main_c7c68e6fe4d84a02	discovery	43	59	44	59	-9.5	+	TGACAAACGATAAGAT	3.7552998065948486
EMB_multiscale_C06	tjupan_bacillus_subtilis_main_dc21315df009d1aa	dbtbs_bsub_core_4631e0ee0e2e12e5	discovery	16	32	17	32	-36.5	+	CATTCACATAGAGAAT	3.755328416824341
EMB_multiscale_C06	tjupan_bacillus_subtilis_main_ec2d75bce4a65abf	dbtbs_bsub_core_e3549a9c12f5ac55	discovery	61	77	62	77	8.5	+	GATACATAACAGTCAT	3.7615816593170166
EMB_multiscale_C06	tjupan_bacillus_subtilis_main_78caf7680ac9ae4c	tjupan_bacillus_subtilis_main_78caf7680ac9ae4c	discovery	52	68	53	68	-0.5	+	TAATACATAGGAGATT	3.765073537826538
EMB_multiscale_C06	tjupan_bacillus_subtilis_main_20bbba0ce59de449	dbtbs_bsub_core_20bbba0ce59de449	discovery	54	70	55	70	1.5	+	ATGGATGTACAAAACA	3.783193349838257
EMB_multiscale_C06	tjupan_bacillus_subtilis_main_354da8035d16f701	dbtbs_bsub_core_1ee6e81d7c1d1fa1	discovery	47	63	48	63	-5.5	+	TACGATATCACCTGTT	3.7852840423583984
EMB_multiscale_C06	tjupan_bacillus_subtilis_main_e4ca0c490585b644	tjupan_bacillus_subtilis_main_e4ca0c490585b644	discovery	39	55	40	55	-13.5	+	TTATTCCTGCATATAA	3.7859482765197754
EMB_multiscale_C06	tjupan_bacillus_subtilis_main_b7d5a32e40c68782	tjupan_bacillus_subtilis_main_b7d5a32e40c68782	discovery	52	68	53	68	-0.5	+	TCATTACTAGAAATAA	3.797403573989868
EMB_multiscale_C06	tjupan_bacillus_subtilis_main_e62d7e001687b19a	tjupan_bacillus_subtilis_main_e62d7e001687b19a	discovery	43	59	44	59	-9.5	+	AGCGGGAATACAACAA	3.8082990646362305
EMB_multiscale_C06	tjupan_bacillus_subtilis_main_52fe6822c9d74b50	tjupan_bacillus_subtilis_main_52fe6822c9d74b50	discovery	59	75	60	75	6.5	+	GAGAACCTTATAATAG	3.843073844909668
EMB_multiscale_C06	tjupan_bacillus_subtilis_main_54fd4c2966482e2c	dbtbs_bsub_core_ba3becfc7c3e4e17	discovery	65	81	66	81	12.5	+	AAACACTTTAGCAGTT	3.8508572578430176
EMB_multiscale_C06	tjupan_bacillus_subtilis_main_f869091e55050110	tjupan_bacillus_subtilis_main_f869091e55050110	discovery	33	49	34	49	-19.5	+	ATAAATACAGGTGTTA	3.855414390563965
EMB_multiscale_C06	tjupan_bacillus_subtilis_main_8e892e5639ef0ac1	dbtbs_bsub_core_d25c674b3a14df1a	discovery	61	77	62	77	8.5	+	TCACATATACAGGAGG	3.8610024452209473
EMB_multiscale_C06	tjupan_bacillus_subtilis_main_e2f816d3420810f5	dbtbs_bsub_core_8f473f826c608a81	discovery	42	58	43	58	-10.5	+	TTTTGGTACAATAAGA	3.861826181411743
EMB_multiscale_C06	tjupan_bacillus_subtilis_main_85511e0264f2e3b8	dbtbs_bsub_core_35445cef3104bf74	discovery	57	73	58	73	4.5	+	GAGAGGTATACATGGA	3.862027168273926
EMB_multiscale_C06	tjupan_bacillus_subtilis_main_d0e455b1c91ba281	dbtbs_bsub_core_f6e924d0656980ad	discovery	58	74	59	74	5.5	+	ACAGTCACATATTATC	3.8658928871154785
EMB_multiscale_C06	tjupan_bacillus_subtilis_main_67a9ae83c973a42d	tjupan_bacillus_subtilis_main_67a9ae83c973a42d	discovery	54	70	55	70	1.5	+	AACAAATAGACATGAA	3.8963065147399902
EMB_multiscale_C06	tjupan_bacillus_subtilis_main_962b839f321a2605	dbtbs_bsub_core_962b839f321a2605	discovery	45	61	46	61	-7.5	+	CGATACAATAGACGTA	3.897714853286743
EMB_multiscale_C06	tjupan_bacillus_subtilis_main_b2e461bb3b5d3d88	dbtbs_bsub_core_b2e461bb3b5d3d88	discovery	50	66	51	66	-2.5	+	ATTAACGGTAATATCA	3.899322748184204
EMB_multiscale_C06	tjupan_bacillus_subtilis_main_550b125b16dc206e	dbtbs_bsub_core_2ab03862f0e9dd2f	discovery	63	79	64	79	10.5	+	AAAGTCAAATACCCTA	3.9067270755767822
EMB_multiscale_C06	tjupan_bacillus_subtilis_main_c1bd3e378306e57e	tjupan_bacillus_subtilis_main_c1bd3e378306e57e	discovery	60	76	61	76	7.5	+	CAAACATCATAGAAAA	3.914135694503784
EMB_multiscale_C06	tjupan_bacillus_subtilis_main_980ab95cde029f78	tjupan_bacillus_subtilis_main_980ab95cde029f78	discovery	63	79	64	79	10.5	+	CATATTAAACGACTAG	3.9438986778259277
EMB_multiscale_C06	tjupan_bacillus_subtilis_main_c3431646de80d63f	tjupan_bacillus_subtilis_main_c3431646de80d63f	discovery	0	16	1	16	-52.5	+	TGTATACAATTACCAA	3.947160482406616
EMB_multiscale_C06	tjupan_bacillus_subtilis_main_4181c9b10d028c59	dbtbs_bsub_core_f859289dc167ed3a	discovery	65	81	66	81	12.5	+	ACCAATACAAATAGTC	3.9482054710388184
EMB_multiscale_C06	tjupan_bacillus_subtilis_main_25308dd77914b9d9	dbtbs_bsub_core_1dc2eb4818f9715a	discovery	61	77	62	77	8.5	+	AGAAAATACCGACAGG	3.952286720275879
EMB_multiscale_C06	tjupan_bacillus_subtilis_main_216653931b9dfc0d	tjupan_bacillus_subtilis_main_216653931b9dfc0d	discovery	51	67	52	67	-1.5	+	TAATTAAGTCAACAGA	3.970770835876465
EMB_multiscale_C06	tjupan_bacillus_subtilis_main_8b925a3983e97ebd	dbtbs_bsub_core_0346364171f10446	discovery	65	81	66	81	12.5	+	GAGGATAGTATCATCT	3.973515033721924
EMB_multiscale_C06	tjupan_bacillus_subtilis_main_61c707ac72aeda97	tjupan_bacillus_subtilis_main_61c707ac72aeda97	discovery	49	65	50	65	-3.5	+	CACAATAACATGGCTA	4.004266262054443
EMB_multiscale_C06	tjupan_bacillus_subtilis_main_e95909bd7e136f46	dbtbs_bsub_core_426aaa712ced5536	discovery	53	69	54	69	0.5	+	TATAAGGGATACACAC	4.033280372619629
EMB_multiscale_C06	tjupan_bacillus_subtilis_main_c12152f72b444aff	tjupan_bacillus_subtilis_main_c12152f72b444aff	discovery	43	59	44	59	-9.5	+	AAGAGACGTATAAATA	4.051731109619141
EMB_multiscale_C06	tjupan_bacillus_subtilis_main_b88f3e08d3d51af5	tjupan_bacillus_subtilis_main_b88f3e08d3d51af5	discovery	0	16	1	16	-52.5	+	CATCATACAGGCTGTG	4.079117298126221
EMB_multiscale_C06	tjupan_bacillus_subtilis_main_6fc8019646ae0ec6	dbtbs_bsub_core_0346364171f10446	discovery	61	77	62	77	8.5	+	GAGGATAGTATCATCT	4.079406261444092
EMB_multiscale_C06	tjupan_bacillus_subtilis_main_9f03f134e6b67be2	tjupan_bacillus_subtilis_main_9f03f134e6b67be2	discovery	7	23	8	23	-45.5	+	CAAATTATTACACGGG	4.089544773101807
EMB_multiscale_C06	tjupan_bacillus_subtilis_main_bc41d7d0760497f9	dbtbs_bsub_core_bc41d7d0760497f9	discovery	50	66	51	66	-2.5	+	AATTCATAATACACAC	4.111249923706055
EMB_multiscale_C06	tjupan_bacillus_subtilis_main_e90961ead2da3f7b	tjupan_bacillus_subtilis_main_e90961ead2da3f7b	discovery	28	44	29	44	-24.5	+	TTGAAAATACTGACGA	4.11401891708374
EMB_multiscale_C06	tjupan_bacillus_subtilis_main_901b18a9982b4e95	tjupan_bacillus_subtilis_main_901b18a9982b4e95	discovery	56	72	57	72	3.5	+	TAAAGTCGCTTAAACG	4.115921974182129
EMB_multiscale_C06	tjupan_bacillus_subtilis_main_64dfe397c07a4656	dbtbs_bsub_core_99013d44fc3df9d1	discovery	4	20	5	20	-48.5	+	CTTCATCAGGATATAT	4.155032634735107
EMB_multiscale_C06	tjupan_bacillus_subtilis_main_45683747106d08bd	tjupan_bacillus_subtilis_main_45683747106d08bd	discovery	57	73	58	73	4.5	+	AAAATATCTTAACAAA	4.173608779907227
EMB_multiscale_C06	tjupan_bacillus_subtilis_main_e70fb70b66e1d829	tjupan_bacillus_subtilis_main_e70fb70b66e1d829	discovery	53	69	54	69	0.5	+	ATATGACATATCTCGG	4.19312858581543
EMB_multiscale_C06	tjupan_bacillus_subtilis_main_691e7ded333dd616	dbtbs_bsub_core_691e7ded333dd616	discovery	62	78	63	78	9.5	+	AAATCATAGTCAAATC	4.215576171875
EMB_multiscale_C06	tjupan_bacillus_subtilis_main_8f5a33e062052e2d	tjupan_bacillus_subtilis_main_8f5a33e062052e2d	discovery	44	60	45	60	-8.5	+	TTGTACACTAAGGGCA	4.217594146728516
EMB_multiscale_C06	tjupan_bacillus_subtilis_main_9c3cc423ec1465b1	dbtbs_bsub_core_9c3cc423ec1465b1	discovery	56	72	57	72	3.5	+	ATATATAACCACCGAA	4.231441974639893
EMB_multiscale_C06	tjupan_bacillus_subtilis_main_f6994e5b6245c7bf	tjupan_bacillus_subtilis_main_f6994e5b6245c7bf	discovery	46	62	47	62	-6.5	+	GAATAATGTACGACGG	4.2338690757751465
EMB_multiscale_C06	tjupan_bacillus_subtilis_main_fae71e59d553e455	dbtbs_bsub_core_fae71e59d553e455	discovery	44	60	45	60	-8.5	+	CCATATCATAAACAAA	4.240699768066406
EMB_multiscale_C06	tjupan_bacillus_subtilis_main_1cd26aa95d9363dc	dbtbs_bsub_core_1cd26aa95d9363dc	discovery	51	67	52	67	-1.5	+	GATGATAATACACAAA	4.266270637512207
EMB_multiscale_C06	tjupan_bacillus_subtilis_main_aded66fe8079e578	tjupan_bacillus_subtilis_main_aded66fe8079e578	discovery	58	74	59	74	5.5	+	TATAGTAAGGACACAC	4.29886531829834
EMB_multiscale_C06	tjupan_bacillus_subtilis_main_c204793b69b45448	dbtbs_bsub_core_c204793b69b45448	discovery	9	25	10	25	-43.5	+	ATATATTGACTAGAGG	4.313806533813477
EMB_multiscale_C06	tjupan_bacillus_subtilis_main_32a70db45859cbb9	dbtbs_bsub_core_32a70db45859cbb9	discovery	0	16	1	16	-52.5	+	GTGTACGCGAATTGAA	4.317960262298584
EMB_multiscale_C06	tjupan_bacillus_subtilis_main_c180878a6f782e9f	dbtbs_bsub_core_c180878a6f782e9f	discovery	59	75	60	75	6.5	+	TAATTTCACAAAGACC	4.3209075927734375
EMB_multiscale_C06	tjupan_bacillus_subtilis_main_89f3272bd34ff475	tjupan_bacillus_subtilis_main_89f3272bd34ff475	discovery	59	75	60	75	6.5	+	TGAAGACACCATAAAA	4.322878360748291
EMB_multiscale_C06	tjupan_bacillus_subtilis_main_f0903ae0ab41d118	dbtbs_bsub_core_16fb2108119b7eaf	discovery	51	67	52	67	-1.5	+	ATAACCAATAAGGACA	4.326919078826904
EMB_multiscale_C06	tjupan_bacillus_subtilis_main_a0eee3dddaf07ac3	tjupan_bacillus_subtilis_main_a0eee3dddaf07ac3	discovery	3	19	4	19	-49.5	+	GAAAAATACGGCCGTT	4.365272521972656
EMB_multiscale_C06	tjupan_bacillus_subtilis_main_5787c658c95c4762	tjupan_bacillus_subtilis_main_5787c658c95c4762	discovery	49	65	50	65	-3.5	+	AAACTAAATACGCGTT	4.368039608001709
EMB_multiscale_C06	tjupan_bacillus_subtilis_main_036f4e66b4e66745	dbtbs_bsub_core_7b26bab7de636614	discovery	35	51	36	51	-17.5	+	CGATCATAGTAGCAGT	4.3896708488464355
EMB_multiscale_C06	tjupan_bacillus_subtilis_main_0438d7b75e1f910f	dbtbs_bsub_core_975fc641de00609f	discovery	42	58	43	58	-10.5	+	CTGTAATAATGCACAA	4.409553050994873
EMB_multiscale_C06	tjupan_bacillus_subtilis_main_a31f56ff3ee450d4	dbtbs_bsub_core_1c4407f77cf4bab2	discovery	5	21	6	21	-47.5	+	GGTATAATAGCCGCGA	4.527993679046631
EMB_multiscale_C06	tjupan_bacillus_subtilis_main_a61c0978ae294759	tjupan_bacillus_subtilis_main_a61c0978ae294759	discovery	53	69	54	69	0.5	+	AATAGTAGAAACATAA	4.619178771972656
EMB_multiscale_C06	tjupan_bacillus_subtilis_main_712069959cf7e3b2	dbtbs_bsub_core_be0e53c334974f0a	discovery	42	58	43	58	-10.5	+	CTCGCCGTATAATAAA	4.639936447143555
EMB_multiscale_C06	tjupan_bacillus_subtilis_main_ae3d0ab77a583f3f	tjupan_bacillus_subtilis_main_ae3d0ab77a583f3f	discovery	34	50	35	50	-18.5	+	AATAGGTATACGGGAA	4.668957710266113
EMB_multiscale_C06	tjupan_bacillus_subtilis_main_55935e0c215d1239	dbtbs_bsub_core_bd96a60828361996	discovery	4	20	5	20	-48.5	+	GTTATCATCATGTAAA	4.671546936035156
EMB_multiscale_C06	tjupan_bacillus_subtilis_main_ec009cfbae4f5210	dbtbs_bsub_core_ec009cfbae4f5210	discovery	4	20	5	20	-48.5	+	TGAAAGCGCTATAAAA	4.769752025604248
EMB_multiscale_C06	tjupan_bacillus_subtilis_main_6901d7d50287d8c1	dbtbs_bsub_core_6901d7d50287d8c1	discovery	42	58	43	58	-10.5	+	GGAATGATACCCTAAA	4.794402599334717
EMB_multiscale_C06	tjupan_bacillus_subtilis_main_dbf995194ebf2b2d	dbtbs_bsub_core_dbf995194ebf2b2d	discovery	65	81	66	81	12.5	+	GGGGGATAACAATGCA	4.808355331420898
EMB_multiscale_C06	tjupan_bacillus_subtilis_main_eb3c3d68906264b7	tjupan_bacillus_subtilis_main_eb3c3d68906264b7	discovery	62	78	63	78	9.5	+	GTACAGTCATCAAGGA	4.814568996429443
EMB_multiscale_C06	tjupan_bacillus_subtilis_main_2bdb32bb685dc1db	tjupan_bacillus_subtilis_main_2bdb32bb685dc1db	discovery	46	62	47	62	-6.5	+	CAGCAAAACATATGAA	4.956374168395996
EMB_multiscale_C06	tjupan_bacillus_subtilis_main_8560b0f67ab5f5ab	dbtbs_bsub_core_f7a2628d99aff81a	discovery	60	76	61	76	7.5	+	AGGTTGACGATAAAAT	5.044097423553467
EMB_multiscale_C06	tjupan_bacillus_subtilis_main_4059ca0cce5522a4	tjupan_bacillus_subtilis_main_4059ca0cce5522a4	discovery	59	75	60	75	6.5	+	TTGTGTTAGCACTCTT	5.079378128051758
EMB_multiscale_C06	tjupan_bacillus_subtilis_main_0c4104d2e02c2e3b	dbtbs_bsub_core_a955cdf3a08d689c	discovery	53	69	54	69	0.5	+	TATAATAACAGAAAAG	5.258984565734863
EMB_multiscale_C07	tjupan_bacillus_subtilis_main_7bc9aa9d4ad371af	dbtbs_bsub_core_7bc9aa9d4ad371af	discovery	12	28	13	28	-40.5	+	TTCATATGACAGTTAT	1.9506078958511353
EMB_multiscale_C07	tjupan_bacillus_subtilis_main_ff61268918c0af5d	tjupan_bacillus_subtilis_main_ff61268918c0af5d	discovery	47	63	48	63	-5.5	+	CATAGATTGTATCAAA	2.286099910736084
EMB_multiscale_C07	tjupan_bacillus_subtilis_main_a1b8ecb6878276b4	dbtbs_bsub_core_a1b8ecb6878276b4	discovery	47	63	48	63	-5.5	+	GAAATCATGTATAGAA	2.336243152618408
EMB_multiscale_C07	tjupan_bacillus_subtilis_main_ade14dd3fdacb032	dbtbs_bsub_core_12585b08a658046e	discovery	45	61	46	61	-7.5	+	CCGAGATAATGTGTAC	2.4451098442077637
EMB_multiscale_C07	tjupan_bacillus_subtilis_main_118649b56e4ec470	tjupan_bacillus_subtilis_main_118649b56e4ec470	discovery	49	65	50	65	-3.5	+	ATACGATATGTAAAGC	2.4804930686950684
EMB_multiscale_C07	tjupan_bacillus_subtilis_main_b47674f2cd66e067	tjupan_bacillus_subtilis_main_b47674f2cd66e067	discovery	55	71	56	71	2.5	+	GTGACATCTAATGTCA	2.5195939540863037
EMB_multiscale_C07	tjupan_bacillus_subtilis_main_af51a9f7939c4cfb	dbtbs_bsub_core_49fc6b8175a85db6	discovery	52	68	53	68	-0.5	+	AAAAGTTATGATATGA	2.5404911041259766
EMB_multiscale_C07	tjupan_bacillus_subtilis_main_e445a9d379a1812a	dbtbs_bsub_core_e445a9d379a1812a	discovery	36	52	37	52	-16.5	+	ATAATTCATGTATAAT	2.581315755844116
EMB_multiscale_C07	tjupan_bacillus_subtilis_main_e9623f8193af34e0	dbtbs_bsub_core_e9623f8193af34e0	discovery	48	64	49	64	-4.5	+	ATAATGGTTCATACTA	2.6134703159332275
EMB_multiscale_C07	tjupan_bacillus_subtilis_main_4cf64b5587e1d04e	dbtbs_bsub_core_4cf64b5587e1d04e	discovery	62	78	63	78	9.5	+	AACATATTGTAATCAC	2.6283888816833496
EMB_multiscale_C07	tjupan_bacillus_subtilis_main_96d42d8ccff315ec	tjupan_bacillus_subtilis_main_96d42d8ccff315ec	discovery	45	61	46	61	-7.5	+	CTAATAGGATGTTACA	2.6303935050964355
EMB_multiscale_C07	tjupan_bacillus_subtilis_main_a52148b067c7a32f	tjupan_bacillus_subtilis_main_a52148b067c7a32f	discovery	36	52	37	52	-16.5	+	GCATATGATGTAAAGC	2.635014772415161
EMB_multiscale_C07	tjupan_bacillus_subtilis_main_64dfe397c07a4656	dbtbs_bsub_core_99013d44fc3df9d1	discovery	11	27	12	27	-41.5	+	AGGATATATGACTCAG	2.673619508743286
EMB_multiscale_C07	tjupan_bacillus_subtilis_main_3741d9dc6611d95f	tjupan_bacillus_subtilis_main_3741d9dc6611d95f	discovery	7	23	8	23	-45.5	+	TATGTTACATAATGCC	2.675977945327759
EMB_multiscale_C07	tjupan_bacillus_subtilis_main_5a860caea8fc814c	tjupan_bacillus_subtilis_main_5a860caea8fc814c	discovery	22	38	23	38	-30.5	+	ACGACAATATCTGTAA	2.6825270652770996
EMB_multiscale_C07	tjupan_bacillus_subtilis_main_66bdec0f6e49230b	dbtbs_bsub_core_66bdec0f6e49230b	discovery	25	41	26	41	-27.5	+	ATGAACTATCATGTTG	2.6996846199035645
EMB_multiscale_C07	tjupan_bacillus_subtilis_main_9571d32ab22eb9a0	dbtbs_bsub_core_9571d32ab22eb9a0	discovery	49	65	50	65	-3.5	+	GTATAACAGATATGGT	2.7019591331481934
EMB_multiscale_C07	tjupan_bacillus_subtilis_main_adbf75412ef7d5a0	dbtbs_bsub_core_adbf75412ef7d5a0	discovery	43	59	44	59	-9.5	+	GTTGCATGATAATACC	2.702075481414795
EMB_multiscale_C07	tjupan_bacillus_subtilis_main_0f3eb3e9a9977e6d	tjupan_bacillus_subtilis_main_0f3eb3e9a9977e6d	discovery	11	27	12	27	-41.5	+	CAGCTTATGATCAATG	2.7024612426757812
EMB_multiscale_C07	tjupan_bacillus_subtilis_main_1db11a6d86ff5865	tjupan_bacillus_subtilis_main_1db11a6d86ff5865	discovery	46	62	47	62	-6.5	+	TGCTCATAAGATGTAA	2.7039506435394287
EMB_multiscale_C07	tjupan_bacillus_subtilis_main_59b38cd2f2ea112d	dbtbs_bsub_core_59b38cd2f2ea112d	discovery	16	32	17	32	-36.5	+	TAAAGATGTCATATTC	2.7683420181274414
EMB_multiscale_C07	tjupan_bacillus_subtilis_main_f3423ecbff5b6537	dbtbs_bsub_core_dc8c32e7cfbca6d1	discovery	12	28	13	28	-40.5	+	CCCTGATATCAATTGA	2.780287504196167
EMB_multiscale_C07	tjupan_bacillus_subtilis_main_d497e040ececfdff	dbtbs_bsub_core_a797439cbe2b0d85	discovery	47	63	48	63	-5.5	+	CGTAATATGAGTTCAA	2.783723831176758
EMB_multiscale_C07	tjupan_bacillus_subtilis_main_c9a32e1db5125d7c	dbtbs_bsub_core_c9a32e1db5125d7c	discovery	62	78	63	78	9.5	+	GAATGAATAGTCATTC	2.796579122543335
EMB_multiscale_C07	tjupan_bacillus_subtilis_main_56bd9deba3d3b9f9	dbtbs_bsub_core_5dd7cccc54d589c3	discovery	45	61	46	61	-7.5	+	TCTACAATATGCGTTG	2.799691677093506
EMB_multiscale_C07	tjupan_bacillus_subtilis_main_bebf1b31befd9c3c	dbtbs_bsub_core_bebf1b31befd9c3c	discovery	5	21	6	21	-47.5	+	CACAAGTAATATGCTG	2.822815418243408
EMB_multiscale_C07	tjupan_bacillus_subtilis_main_7ac1767347438edd	dbtbs_bsub_core_5c6ce2f66e66fe9e	discovery	48	64	49	64	-4.5	+	AAGATGGTATATGCTC	2.827604055404663
EMB_multiscale_C07	tjupan_bacillus_subtilis_main_d1b10b64ac040b8c	dbtbs_bsub_core_3a6c62def340fb72	discovery	44	60	45	60	-8.5	+	AATGTATCATGTAACT	2.830021619796753
EMB_multiscale_C07	tjupan_bacillus_subtilis_main_ea59d0ddaaaaf005	dbtbs_bsub_core_ff8c346476498240	discovery	52	68	53	68	-0.5	+	TTGATAGTGCATTAAG	2.8438339233398438
EMB_multiscale_C07	tjupan_bacillus_subtilis_main_50a7bea74c679f62	tjupan_bacillus_subtilis_main_50a7bea74c679f62	discovery	65	81	66	81	12.5	+	GGCATATATGGACAAA	2.8444387912750244
EMB_multiscale_C07	tjupan_bacillus_subtilis_main_036f4e66b4e66745	dbtbs_bsub_core_7b26bab7de636614	discovery	24	40	25	40	-28.5	+	CTGATGTAATACGATC	2.870844602584839
EMB_multiscale_C07	tjupan_bacillus_subtilis_main_7c1cf5cd36017844	tjupan_bacillus_subtilis_main_7c1cf5cd36017844	discovery	31	47	32	47	-21.5	+	AAACATGTTAAGATGA	2.8933708667755127
EMB_multiscale_C07	tjupan_bacillus_subtilis_main_0acb3976b9331524	tjupan_bacillus_subtilis_main_0acb3976b9331524	discovery	44	60	45	60	-8.5	+	CATAGTATTACAAATG	2.9055933952331543
EMB_multiscale_C07	tjupan_bacillus_subtilis_main_f6c5351a3e225d0c	dbtbs_bsub_core_f6c5351a3e225d0c	discovery	60	76	61	76	7.5	+	AGGTTAATACATTGTG	2.9066646099090576
EMB_multiscale_C07	tjupan_bacillus_subtilis_main_047e296b8721a352	dbtbs_bsub_core_d618c1525725d045	discovery	56	72	57	72	3.5	+	TAGTGACATCTAATTT	2.9072000980377197
EMB_multiscale_C07	tjupan_bacillus_subtilis_main_52267ea931cb2dd7	dbtbs_bsub_core_b35218f45c0f11c8	discovery	45	61	46	61	-7.5	+	CCTAACATGATAAACG	2.915879249572754
EMB_multiscale_C07	tjupan_bacillus_subtilis_main_e2b483c6aef274e0	dbtbs_bsub_core_175bcd2ea2263ee4	discovery	55	71	56	71	2.5	+	CGATATATTGAGGTAC	2.918522357940674
EMB_multiscale_C07	tjupan_bacillus_subtilis_main_5fc80954df40cf68	dbtbs_bsub_core_44be1bddac760e1c	discovery	46	62	47	62	-6.5	+	GCATATGATGTAAAGC	2.93137264251709
EMB_multiscale_C07	tjupan_bacillus_subtilis_main_60ee42342c88d235	tjupan_bacillus_subtilis_main_60ee42342c88d235	discovery	36	52	37	52	-16.5	+	TAGGAACATATGCTAT	2.9408202171325684
EMB_multiscale_C07	tjupan_bacillus_subtilis_main_e84ae283b7981830	tjupan_bacillus_subtilis_main_e84ae283b7981830	discovery	45	61	46	61	-7.5	+	ACGATACATTGTAGTA	2.9484572410583496
EMB_multiscale_C07	tjupan_bacillus_subtilis_main_9d5c52bb0fa0ffad	dbtbs_bsub_core_9d5c52bb0fa0ffad	discovery	56	72	57	72	3.5	+	ATTCAGTAATGATTGC	2.9716010093688965
EMB_multiscale_C07	tjupan_bacillus_subtilis_main_3c72a88384ee6013	tjupan_bacillus_subtilis_main_3c72a88384ee6013	discovery	51	67	52	67	-1.5	+	TATTAATGATGTAGCC	2.9716365337371826
EMB_multiscale_C07	tjupan_bacillus_subtilis_main_3ab41c1b83ba019b	dbtbs_bsub_core_c956a5fd581ed80a	discovery	46	62	47	62	-6.5	+	CCGATATAATCACTAG	2.982632637023926
EMB_multiscale_C07	tjupan_bacillus_subtilis_main_8b776572d2e01c62	dbtbs_bsub_core_6736f212a82e3343	discovery	32	48	33	48	-20.5	+	TTTCAGAATATGTGGT	2.988238573074341
EMB_multiscale_C07	tjupan_bacillus_subtilis_main_2db0b8f33ca38a29	tjupan_bacillus_subtilis_main_2db0b8f33ca38a29	discovery	43	59	44	59	-9.5	+	AAAACTATGATGTCAG	2.9943926334381104
EMB_multiscale_C07	tjupan_bacillus_subtilis_main_70da326395794983	tjupan_bacillus_subtilis_main_70da326395794983	discovery	9	25	10	25	-43.5	+	TTTACCAATAGATCAG	2.99501895904541
EMB_multiscale_C07	tjupan_bacillus_subtilis_main_f3e9cc226f1feac3	tjupan_bacillus_subtilis_main_f3e9cc226f1feac3	discovery	46	62	47	62	-6.5	+	TGTTATAATGAGTCAT	3.001225471496582
EMB_multiscale_C07	tjupan_bacillus_subtilis_main_dbf995194ebf2b2d	dbtbs_bsub_core_dbf995194ebf2b2d	discovery	11	27	12	27	-41.5	+	GCTGCATATTCGAACT	3.002227544784546
EMB_multiscale_C07	tjupan_bacillus_subtilis_main_1a8b81622422b81c	dbtbs_bsub_core_045e4f174337aedd	discovery	32	48	33	48	-20.5	+	ACCTTATGAATACGGG	3.0051820278167725
EMB_multiscale_C07	tjupan_bacillus_subtilis_main_eb51fed06d2e921e	dbtbs_bsub_core_3613f20526b705b5	discovery	65	81	66	81	12.5	+	GGGTTTACATAATGGT	3.005403757095337
EMB_multiscale_C07	tjupan_bacillus_subtilis_main_0a0035c3a0685aa9	dbtbs_bsub_core_d50ffa4df9b8add7	discovery	47	63	48	63	-5.5	+	GTATCATGATTCTAAC	3.0067789554595947
EMB_multiscale_C07	tjupan_bacillus_subtilis_main_57cb99253c19d2b6	tjupan_bacillus_subtilis_main_57cb99253c19d2b6	discovery	12	28	13	28	-40.5	+	GAATGATAATCGTACA	3.0117108821868896
EMB_multiscale_C07	tjupan_bacillus_subtilis_main_3e1210c1f898bc48	dbtbs_bsub_core_42eaa371353368b2	discovery	16	32	17	32	-36.5	+	ACATCGTATTGACACA	3.016293525695801
EMB_multiscale_C07	tjupan_bacillus_subtilis_main_5e8ac4f4506ef781	dbtbs_bsub_core_cdccc2e2972286a4	discovery	37	53	38	53	-15.5	+	CTGAATTGTAATACGA	3.019378423690796
EMB_multiscale_C07	tjupan_bacillus_subtilis_main_ced72b826f4a910f	dbtbs_bsub_core_d1a4fbb8ec4bd212	discovery	16	32	17	32	-36.5	+	AACATAGCATGTTTAA	3.020643949508667
EMB_multiscale_C07	tjupan_bacillus_subtilis_main_13f36fd95a25452a	tjupan_bacillus_subtilis_main_13f36fd95a25452a	discovery	34	50	35	50	-18.5	+	GTTACATAAATGTTAC	3.027013063430786
EMB_multiscale_C07	tjupan_bacillus_subtilis_main_8e9af30cd29c08ec	dbtbs_bsub_core_ab5345ed831420ec	discovery	28	44	29	44	-24.5	+	ACAAACTGTATATTTA	3.0312395095825195
EMB_multiscale_C07	tjupan_bacillus_subtilis_main_61d216a2a24189d0	dbtbs_bsub_core_61d216a2a24189d0	discovery	2	18	3	18	-50.5	+	GCGTTATCAATACGCA	3.0333147048950195
EMB_multiscale_C07	tjupan_bacillus_subtilis_main_e47a55cd702f35e7	dbtbs_bsub_core_175bcd2ea2263ee4	discovery	51	67	52	67	-1.5	+	CGATATATTGAGGTAC	3.045952081680298
EMB_multiscale_C07	tjupan_bacillus_subtilis_main_e4e4a1be67374f28	dbtbs_bsub_core_e4e4a1be67374f28	discovery	54	70	55	70	1.5	+	TAATATAGATGGTTTT	3.051647663116455
EMB_multiscale_C07	tjupan_bacillus_subtilis_main_be897b68bd393df0	dbtbs_bsub_core_be897b68bd393df0	discovery	48	64	49	64	-4.5	+	GAAATGATCAGTAATA	3.0554473400115967
EMB_multiscale_C07	tjupan_bacillus_subtilis_main_ad5b6a3a851181b1	dbtbs_bsub_core_ad5b6a3a851181b1	discovery	13	29	14	29	-39.5	+	TATCAATATGTACTGG	3.059357166290283
EMB_multiscale_C07	tjupan_bacillus_subtilis_main_a43a1f032db2e49e	dbtbs_bsub_core_872c1380ac7bb81f	discovery	40	56	41	56	-12.5	+	ATTGTGACATAATTTT	3.0603187084198
EMB_multiscale_C07	tjupan_bacillus_subtilis_main_36eed70446e6810b	dbtbs_bsub_core_36eed70446e6810b	discovery	43	59	44	59	-9.5	+	CGTTATCATACTTGTA	3.066620111465454
EMB_multiscale_C07	tjupan_bacillus_subtilis_main_0b104549c8fd9755	dbtbs_bsub_core_0b104549c8fd9755	discovery	30	46	31	46	-22.5	+	AAATGATATACTGTGT	3.072688579559326
EMB_multiscale_C07	tjupan_bacillus_subtilis_main_32aff5c8192321bb	dbtbs_bsub_core_76636d30cbe1eec3	discovery	43	59	44	59	-9.5	+	CATGGTATCATAATAA	3.107130289077759
EMB_multiscale_C07	tjupan_bacillus_subtilis_main_2d40490247bb616a	dbtbs_bsub_core_ffa38d6978ad48aa	discovery	45	61	46	61	-7.5	+	TTCATACTAATGATTG	3.109802007675171
EMB_multiscale_C07	tjupan_bacillus_subtilis_main_7541f607431b8a27	dbtbs_bsub_core_1f38e2f4287dbc6d	discovery	45	61	46	61	-7.5	+	GTACAATGATTAATCA	3.1139605045318604
EMB_multiscale_C07	tjupan_bacillus_subtilis_main_ec009cfbae4f5210	dbtbs_bsub_core_ec009cfbae4f5210	discovery	43	59	44	59	-9.5	+	AGGAATACAATATGAT	3.1297266483306885
EMB_multiscale_C07	tjupan_bacillus_subtilis_main_1c375491ec2245f4	tjupan_bacillus_subtilis_main_1c375491ec2245f4	discovery	53	69	54	69	0.5	+	TAAAGGTATGCATCAC	3.154343366622925
EMB_multiscale_C07	tjupan_bacillus_subtilis_main_8837dc4443db7de3	tjupan_bacillus_subtilis_main_8837dc4443db7de3	discovery	9	25	10	25	-43.5	+	CGTTATGATCATAAAC	3.1578986644744873
EMB_multiscale_C07	tjupan_bacillus_subtilis_main_737474f253397bee	tjupan_bacillus_subtilis_main_737474f253397bee	discovery	65	81	66	81	12.5	+	CGACTTTGCATATCAG	3.1579244136810303
EMB_multiscale_C07	tjupan_bacillus_subtilis_main_5f8b6936b2e52932	tjupan_bacillus_subtilis_main_5f8b6936b2e52932	discovery	39	55	40	55	-13.5	+	AATTATGGTATAATCA	3.1608340740203857
EMB_multiscale_C07	tjupan_bacillus_subtilis_main_e2f816d3420810f5	dbtbs_bsub_core_8f473f826c608a81	discovery	56	72	57	72	3.5	+	GACTATTATCTGTGGA	3.1618735790252686
EMB_multiscale_C07	tjupan_bacillus_subtilis_main_de399adaaafe5be7	dbtbs_bsub_core_f1028676a1f89b0e	discovery	11	27	12	27	-41.5	+	AAGAACATATCATGAA	3.1652090549468994
EMB_multiscale_C07	tjupan_bacillus_subtilis_main_6514a11d381455ae	tjupan_bacillus_subtilis_main_6514a11d381455ae	discovery	47	63	48	63	-5.5	+	CTATAATATCACAAGG	3.1796674728393555
EMB_multiscale_C07	tjupan_bacillus_subtilis_main_5ccaab5adb962b3d	dbtbs_bsub_core_483b39fd11d75b28	discovery	38	54	39	54	-14.5	+	GATTTCATAATATGAT	3.180421829223633
EMB_multiscale_C07	tjupan_bacillus_subtilis_main_85511e0264f2e3b8	dbtbs_bsub_core_35445cef3104bf74	discovery	37	53	38	53	-15.5	+	AAAAGGTATGATATGA	3.1829934120178223
EMB_multiscale_C07	tjupan_bacillus_subtilis_main_b578e9e0d96d144a	dbtbs_bsub_core_b578e9e0d96d144a	discovery	41	57	42	57	-11.5	+	GATGAATCATATTAAA	3.1903302669525146
EMB_multiscale_C07	tjupan_bacillus_subtilis_main_993a308bb6e190e1	dbtbs_bsub_core_993a308bb6e190e1	discovery	40	56	41	56	-12.5	+	TCCGTGAATACAATAA	3.1937830448150635
EMB_multiscale_C07	tjupan_bacillus_subtilis_main_3ac22b11e92c0ec1	tjupan_bacillus_subtilis_main_3ac22b11e92c0ec1	discovery	51	67	52	67	-1.5	+	TTATTCATATGCGAAG	3.1985666751861572
EMB_multiscale_C07	tjupan_bacillus_subtilis_main_2c918744f6daf466	dbtbs_bsub_core_20f77243a5b2c4ab	discovery	51	67	52	67	-1.5	+	CTTTATAGATGTAAGG	3.199314594268799
EMB_multiscale_C07	tjupan_bacillus_subtilis_main_eaa75817f87b3088	dbtbs_bsub_core_71c43b52121900cc	discovery	44	60	45	60	-8.5	+	TCAGGCATACTGTTTC	3.200310468673706
EMB_multiscale_C07	tjupan_bacillus_subtilis_main_e66d1eb3358cf03d	dbtbs_bsub_core_601150b85493a7a1	discovery	25	41	26	41	-27.5	+	AGCACATTGTATTATG	3.2009692192077637
EMB_multiscale_C07	tjupan_bacillus_subtilis_main_88d6ae8ec11f6e65	tjupan_bacillus_subtilis_main_88d6ae8ec11f6e65	discovery	65	81	66	81	12.5	+	GTAAGTGATAACATTT	3.205604076385498
EMB_multiscale_C07	tjupan_bacillus_subtilis_main_4648c22f43ae6952	tjupan_bacillus_subtilis_main_4648c22f43ae6952	discovery	35	51	36	51	-17.5	+	TCATGAATTCGTGGTA	3.206001043319702
EMB_multiscale_C07	tjupan_bacillus_subtilis_main_20bbba0ce59de449	dbtbs_bsub_core_20bbba0ce59de449	discovery	51	67	52	67	-1.5	+	TATATGGATGTACAAA	3.21867299079895
EMB_multiscale_C07	tjupan_bacillus_subtilis_main_4915fc510c1f847f	tjupan_bacillus_subtilis_main_4915fc510c1f847f	discovery	49	65	50	65	-3.5	+	TAAAGTGATACATATG	3.2217190265655518
EMB_multiscale_C07	tjupan_bacillus_subtilis_main_91197a052a9adc5b	tjupan_bacillus_subtilis_main_91197a052a9adc5b	discovery	16	32	17	32	-36.5	+	ATTATGTATTGACTTA	3.2251226902008057
EMB_multiscale_C07	tjupan_bacillus_subtilis_main_a2eb9b766304b405	dbtbs_bsub_core_adaec4e024668ee2	discovery	55	71	56	71	2.5	+	GATATAGGATTACAAA	3.225175142288208
EMB_multiscale_C07	tjupan_bacillus_subtilis_main_834e21e1951468f3	tjupan_bacillus_subtilis_main_834e21e1951468f3	discovery	38	54	39	54	-14.5	+	TCATATTGAATCGTAT	3.2262682914733887
EMB_multiscale_C07	tjupan_bacillus_subtilis_main_5cf51ca317588066	tjupan_bacillus_subtilis_main_5cf51ca317588066	discovery	45	61	46	61	-7.5	+	AGCATACATTGTGATA	3.230604887008667
EMB_multiscale_C07	tjupan_bacillus_subtilis_main_bdf5315a71015695	dbtbs_bsub_core_c94ae7322b918d76	discovery	64	80	65	80	11.5	+	CGTAATAGATGCAACA	3.231532096862793
EMB_multiscale_C07	tjupan_bacillus_subtilis_main_3adf706b5413c6ce	tjupan_bacillus_subtilis_main_3adf706b5413c6ce	discovery	15	31	16	31	-37.5	+	TATAACATGTATCTTA	3.2330331802368164
EMB_multiscale_C07	tjupan_bacillus_subtilis_main_6fcd42bdf8073a65	dbtbs_bsub_core_6fcd42bdf8073a65	discovery	23	39	24	39	-29.5	+	TTATTGTACATAAGGT	3.2350306510925293
EMB_multiscale_C07	tjupan_bacillus_subtilis_main_b0d8a2369952b821	dbtbs_bsub_core_3f773ca1224c0e26	discovery	39	55	40	55	-13.5	+	CCGCTTGAATATCATA	3.244734048843384
EMB_multiscale_C07	tjupan_bacillus_subtilis_main_2931d3a1a20c25de	dbtbs_bsub_core_60150ba1e82823d4	discovery	41	57	42	57	-11.5	+	TATTGTCATTAACTAT	3.2556610107421875
EMB_multiscale_C07	tjupan_bacillus_subtilis_main_0ad5dcad37f1ba39	dbtbs_bsub_core_712e4b81f6fdb41a	discovery	36	52	37	52	-16.5	+	ACGTGCAATGATATAA	3.257469892501831
EMB_multiscale_C07	tjupan_bacillus_subtilis_main_69a39ef163dd4726	tjupan_bacillus_subtilis_main_69a39ef163dd4726	discovery	12	28	13	28	-40.5	+	CGATGACAATAGATTC	3.259728193283081
EMB_multiscale_C07	tjupan_bacillus_subtilis_main_e6accdb752f9724f	dbtbs_bsub_core_41815df9927fe319	discovery	38	54	39	54	-14.5	+	TATAGATGCATAAACT	3.2644925117492676
EMB_multiscale_C07	tjupan_bacillus_subtilis_main_f58412ec32c641aa	dbtbs_bsub_core_bba92a46eba6f8e0	discovery	33	49	34	49	-19.5	+	TGGGTATTATGCGATT	3.2766785621643066
EMB_multiscale_C07	tjupan_bacillus_subtilis_main_636c41b820e9fd5d	tjupan_bacillus_subtilis_main_636c41b820e9fd5d	discovery	29	45	30	45	-23.5	+	TTAAACGTGCATATGT	3.2864830493927
EMB_multiscale_C07	tjupan_bacillus_subtilis_main_8265264627414ceb	tjupan_bacillus_subtilis_main_8265264627414ceb	discovery	3	19	4	19	-49.5	+	TATACCTGGTATGACA	3.288264751434326
EMB_multiscale_C07	tjupan_bacillus_subtilis_main_84e6c8375d18dc47	tjupan_bacillus_subtilis_main_84e6c8375d18dc47	discovery	40	56	41	56	-12.5	+	TAAATGCATAGGATAC	3.290571689605713
EMB_multiscale_C07	tjupan_bacillus_subtilis_main_e8dca4769e2e29bc	dbtbs_bsub_core_b8b8ac7ece3bed55	discovery	59	75	60	75	6.5	+	TGTCCGTATACATTTT	3.303145170211792
EMB_multiscale_C07	tjupan_bacillus_subtilis_main_d33162cb12a5a549	tjupan_bacillus_subtilis_main_d33162cb12a5a549	discovery	8	24	9	24	-44.5	+	CTATAATCATTGTAGG	3.3032584190368652
EMB_multiscale_C07	tjupan_bacillus_subtilis_main_0d7b08433a8f6233	tjupan_bacillus_subtilis_main_0d7b08433a8f6233	discovery	48	64	49	64	-4.5	+	ACATATGATGTACAAA	3.308879852294922
EMB_multiscale_C07	tjupan_bacillus_subtilis_main_92b62a9d8d87ace9	dbtbs_bsub_core_92b62a9d8d87ace9	discovery	21	37	22	37	-31.5	+	TTCTGCATAATACACG	3.309788465499878
EMB_multiscale_C07	tjupan_bacillus_subtilis_main_2a051d7d075d7920	tjupan_bacillus_subtilis_main_2a051d7d075d7920	discovery	39	55	40	55	-13.5	+	ACGCTATCATGATTTA	3.3099029064178467
EMB_multiscale_C07	tjupan_bacillus_subtilis_main_2be0a0a038238614	tjupan_bacillus_subtilis_main_2be0a0a038238614	discovery	35	51	36	51	-17.5	+	AATAATGGTCCTATAT	3.3115477561950684
EMB_multiscale_C07	tjupan_bacillus_subtilis_main_5957e34dfa6ab85c	tjupan_bacillus_subtilis_main_5957e34dfa6ab85c	discovery	31	47	32	47	-21.5	+	TCTGTTACATATTGGG	3.3117051124572754
EMB_multiscale_C07	tjupan_bacillus_subtilis_main_bcbef8350d7925db	tjupan_bacillus_subtilis_main_bcbef8350d7925db	discovery	43	59	44	59	-9.5	+	TGTCGATAATGTTGAA	3.312361001968384
EMB_multiscale_C07	tjupan_bacillus_subtilis_main_cb8c6e383b33abd4	dbtbs_bsub_core_cb8c6e383b33abd4	discovery	43	59	44	59	-9.5	+	AAGTCGTATATGTGGA	3.3210527896881104
EMB_multiscale_C07	tjupan_bacillus_subtilis_main_f5fed123a3ffd242	dbtbs_bsub_core_f5fed123a3ffd242	discovery	24	40	25	40	-28.5	+	AGTTTATATGAAGAAC	3.3275516033172607
EMB_multiscale_C07	tjupan_bacillus_subtilis_main_ff3d11f785ddd890	dbtbs_bsub_core_ff3d11f785ddd890	discovery	7	23	8	23	-45.5	+	ATCCGATATCATAAAA	3.338458299636841
EMB_multiscale_C07	tjupan_bacillus_subtilis_main_fde7c2aaac5c57ce	dbtbs_bsub_core_fde7c2aaac5c57ce	discovery	51	67	52	67	-1.5	+	AATTAGTGAATATTAT	3.3423945903778076
EMB_multiscale_C07	tjupan_bacillus_subtilis_main_41b76e09c674d652	dbtbs_bsub_core_41b76e09c674d652	discovery	3	19	4	19	-49.5	+	GGTGTAACATCGGATT	3.348816156387329
EMB_multiscale_C07	tjupan_bacillus_subtilis_main_7cd769ed0580d73e	tjupan_bacillus_subtilis_main_7cd769ed0580d73e	discovery	42	58	43	58	-10.5	+	TTTTGATCATAAGATG	3.353145122528076
EMB_multiscale_C07	tjupan_bacillus_subtilis_main_5150105a4bdfd4ce	tjupan_bacillus_subtilis_main_5150105a4bdfd4ce	discovery	39	55	40	55	-13.5	+	TTTCTGTCATATAGAT	3.3551409244537354
EMB_multiscale_C07	tjupan_bacillus_subtilis_main_ff1b0f332755e37b	dbtbs_bsub_core_710c0cbad80c03b6	discovery	43	59	44	59	-9.5	+	GCACATATTGTGAAAC	3.3559818267822266
EMB_multiscale_C07	tjupan_bacillus_subtilis_main_e1fd6875b30f4c73	dbtbs_bsub_core_e1fd6875b30f4c73	discovery	45	61	46	61	-7.5	+	GTTTATAATGACGTTG	3.3601789474487305
EMB_multiscale_C07	tjupan_bacillus_subtilis_main_a032a3114b7dbf1c	dbtbs_bsub_core_a032a3114b7dbf1c	discovery	61	77	62	77	8.5	+	TTATGCTATGAAGGTA	3.3687868118286133
EMB_multiscale_C07	tjupan_bacillus_subtilis_main_1478640e036e0224	dbtbs_bsub_core_1478640e036e0224	discovery	49	65	50	65	-3.5	+	ATAGAATATGTGAGGC	3.38187575340271
EMB_multiscale_C07	tjupan_bacillus_subtilis_main_583caee20795a363	dbtbs_bsub_core_eb847cafc60502c2	discovery	39	55	40	55	-13.5	+	AATCATGAGTATAATA	3.390113353729248
EMB_multiscale_C07	tjupan_bacillus_subtilis_main_cd161e304d76229d	dbtbs_bsub_core_6d139485f356aaca	discovery	44	60	45	60	-8.5	+	TTTGTATGATAAGACT	3.3919878005981445
EMB_multiscale_C07	tjupan_bacillus_subtilis_main_2c8e4076a462c87c	dbtbs_bsub_core_2c8e4076a462c87c	discovery	45	61	46	61	-7.5	+	TGGTATAATGGTTACA	3.3953042030334473
EMB_multiscale_C07	tjupan_bacillus_subtilis_main_7942697cd86d944b	tjupan_bacillus_subtilis_main_7942697cd86d944b	discovery	51	67	52	67	-1.5	+	AATGATGACATAAGTT	3.3976688385009766
EMB_multiscale_C07	tjupan_bacillus_subtilis_main_49d5f09ecdaa68d2	dbtbs_bsub_core_2fc6766ca8c365d3	discovery	63	79	64	79	10.5	+	TCTTATACAGATTCGG	3.398521900177002
EMB_multiscale_C07	tjupan_bacillus_subtilis_main_eb11019c71a3a745	tjupan_bacillus_subtilis_main_eb11019c71a3a745	discovery	40	56	41	56	-12.5	+	CATCTGTATGATAATA	3.404796838760376
EMB_multiscale_C07	tjupan_bacillus_subtilis_main_5e3ef261f40425ef	tjupan_bacillus_subtilis_main_5e3ef261f40425ef	discovery	38	54	39	54	-14.5	+	AACTTGATGGTATAAT	3.4051709175109863
EMB_multiscale_C07	tjupan_bacillus_subtilis_main_43596a46e3e4ddaa	tjupan_bacillus_subtilis_main_43596a46e3e4ddaa	discovery	17	33	18	33	-35.5	+	CTAATGCATAATCTCA	3.4150161743164062
EMB_multiscale_C07	tjupan_bacillus_subtilis_main_ef1d1fbaad689e40	dbtbs_bsub_core_ef1d1fbaad689e40	discovery	47	63	48	63	-5.5	+	ATACAATGCAGTAATA	3.4159905910491943
EMB_multiscale_C07	tjupan_bacillus_subtilis_main_c648ac4df22b0f89	dbtbs_bsub_core_c648ac4df22b0f89	discovery	42	58	43	58	-10.5	+	TAGTCGATATAAACGA	3.4196527004241943
EMB_multiscale_C07	tjupan_bacillus_subtilis_main_163772f02671a528	tjupan_bacillus_subtilis_main_163772f02671a528	discovery	43	59	44	59	-9.5	+	TCGTGTATAATCTTCC	3.422769546508789
EMB_multiscale_C07	tjupan_bacillus_subtilis_main_202644f8a02efab9	dbtbs_bsub_core_f4d81ad6a0709a55	discovery	46	62	47	62	-6.5	+	GATATTATGTTACTAA	3.4266750812530518
EMB_multiscale_C07	tjupan_bacillus_subtilis_main_d9da0a0033167763	dbtbs_bsub_core_d9da0a0033167763	discovery	1	17	2	17	-51.5	+	AGCGACAATTAGGCTA	3.4268484115600586
EMB_multiscale_C07	tjupan_bacillus_subtilis_main_25308dd77914b9d9	dbtbs_bsub_core_1dc2eb4818f9715a	discovery	13	29	14	29	-39.5	+	AGTTATAATTGGTACT	3.428410291671753
EMB_multiscale_C07	tjupan_bacillus_subtilis_main_48b85a8a5c19ece4	dbtbs_bsub_core_7730e205ee5d9991	discovery	42	58	43	58	-10.5	+	ATCCGATATCATAAAA	3.442094326019287
EMB_multiscale_C07	tjupan_bacillus_subtilis_main_729454a84a667dd8	dbtbs_bsub_core_729454a84a667dd8	discovery	58	74	59	74	5.5	+	ATGTGCAATATTGAAT	3.442713975906372
EMB_multiscale_C07	tjupan_bacillus_subtilis_main_4fa5d89620e7d8ce	dbtbs_bsub_core_5eb05bc57612da6d	discovery	25	41	26	41	-27.5	+	GCTAGTATATCAAAAC	3.456979990005493
EMB_multiscale_C07	tjupan_bacillus_subtilis_main_7e538c30b860aa5a	tjupan_bacillus_subtilis_main_7e538c30b860aa5a	discovery	11	27	12	27	-41.5	+	TTCATGAATGTACATA	3.4585700035095215
EMB_multiscale_C07	tjupan_bacillus_subtilis_main_fe2a626ec63a594e	dbtbs_bsub_core_abc060d81660f90c	discovery	39	55	40	55	-13.5	+	ATTATGTGATAAACTA	3.463233470916748
EMB_multiscale_C07	tjupan_bacillus_subtilis_main_df2876c84282b3af	dbtbs_bsub_core_d831e470618beda7	discovery	16	32	17	32	-36.5	+	GAGTTATAATTGACAT	3.4716029167175293
EMB_multiscale_C07	tjupan_bacillus_subtilis_main_a7a45131c45395c8	dbtbs_bsub_core_a7a45131c45395c8	discovery	47	63	48	63	-5.5	+	CATTTATAATGGTGAA	3.4856929779052734
EMB_multiscale_C07	tjupan_bacillus_subtilis_main_0b7b75ba67f19880	dbtbs_bsub_core_0b7b75ba67f19880	discovery	21	37	22	37	-31.5	+	TTTAGTCATAATCATG	3.5056850910186768
EMB_multiscale_C07	tjupan_bacillus_subtilis_main_db7eebd0b9425a4f	dbtbs_bsub_core_db7eebd0b9425a4f	discovery	46	62	47	62	-6.5	+	ACATACTAATGATTGA	3.522470474243164
EMB_multiscale_C07	tjupan_bacillus_subtilis_main_fff8e3a328b3cab3	dbtbs_bsub_core_7231d94d9d77331f	discovery	39	55	40	55	-13.5	+	CCAATACTGTATAATA	3.5304172039031982
EMB_multiscale_C07	tjupan_bacillus_subtilis_main_359df7c8e20abe4e	tjupan_bacillus_subtilis_main_359df7c8e20abe4e	discovery	44	60	45	60	-8.5	+	AAGCTCAATATGATAT	3.5340254306793213
EMB_multiscale_C07	tjupan_bacillus_subtilis_main_b88f3e08d3d51af5	tjupan_bacillus_subtilis_main_b88f3e08d3d51af5	discovery	11	27	12	27	-41.5	+	CTGTGAAATACATCAC	3.542358160018921
EMB_multiscale_C07	tjupan_bacillus_subtilis_main_982fa9762732f05a	tjupan_bacillus_subtilis_main_982fa9762732f05a	discovery	12	28	13	28	-40.5	+	TTAGTATGTAATCAAA	3.5504839420318604
EMB_multiscale_C07	tjupan_bacillus_subtilis_main_666dd7e391a36890	dbtbs_bsub_core_666dd7e391a36890	discovery	54	70	55	70	1.5	+	CATACAAGTATGCTTT	3.5561540126800537
EMB_multiscale_C07	tjupan_bacillus_subtilis_main_8421a3506bc3ca2c	tjupan_bacillus_subtilis_main_8421a3506bc3ca2c	discovery	53	69	54	69	0.5	+	AATCAATGTAAGCGTT	3.5587544441223145
EMB_multiscale_C07	tjupan_bacillus_subtilis_main_08d810e756c7d81b	tjupan_bacillus_subtilis_main_08d810e756c7d81b	discovery	37	53	38	53	-15.5	+	GTGTGATACGAATAAA	3.563729763031006
EMB_multiscale_C07	tjupan_bacillus_subtilis_main_487ce40a67c6d939	tjupan_bacillus_subtilis_main_487ce40a67c6d939	discovery	37	53	38	53	-15.5	+	TTCCATCTATGGGAAA	3.5652225017547607
EMB_multiscale_C07	tjupan_bacillus_subtilis_main_fea876b7208e46e3	dbtbs_bsub_core_fea876b7208e46e3	discovery	58	74	59	74	5.5	+	GAAGGCATGTATTTTT	3.582554817199707
EMB_multiscale_C07	tjupan_bacillus_subtilis_main_fea868950ff1c774	tjupan_bacillus_subtilis_main_fea868950ff1c774	discovery	42	58	43	58	-10.5	+	ATTGGCGATAATGCTC	3.584606885910034
EMB_multiscale_C07	tjupan_bacillus_subtilis_main_fc6071b9027316a7	tjupan_bacillus_subtilis_main_fc6071b9027316a7	discovery	20	36	21	36	-32.5	+	ATTTAAATGCATATCC	3.606175661087036
EMB_multiscale_C07	tjupan_bacillus_subtilis_main_7bd42a66d387ec94	dbtbs_bsub_core_5cf240f92a00f0e3	discovery	44	60	45	60	-8.5	+	TCATACATATGAGATG	3.6190366744995117
EMB_multiscale_C07	tjupan_bacillus_subtilis_main_e4ca0c490585b644	tjupan_bacillus_subtilis_main_e4ca0c490585b644	discovery	47	63	48	63	-5.5	+	GCATATAATTCGAAGG	3.6227951049804688
EMB_multiscale_C07	tjupan_bacillus_subtilis_main_f6994e5b6245c7bf	tjupan_bacillus_subtilis_main_f6994e5b6245c7bf	discovery	39	55	40	55	-13.5	+	AAGCATCGAATAATGT	3.624258041381836
EMB_multiscale_C07	tjupan_bacillus_subtilis_main_2e59e247c2d07b0b	tjupan_bacillus_subtilis_main_2e59e247c2d07b0b	discovery	48	64	49	64	-4.5	+	AGTATATGTAACAAGG	3.6434366703033447
EMB_multiscale_C07	tjupan_bacillus_subtilis_main_09dd4c8ba7bc09c6	dbtbs_bsub_core_09dd4c8ba7bc09c6	discovery	44	60	45	60	-8.5	+	TGTAAATATAGGTGTC	3.644413709640503
EMB_multiscale_C07	tjupan_bacillus_subtilis_main_1edc8da3b582b0a5	dbtbs_bsub_core_1edc8da3b582b0a5	discovery	37	53	38	53	-15.5	+	GTAAGATCATGTATTT	3.644782543182373
EMB_multiscale_C07	tjupan_bacillus_subtilis_main_cd5426fc6bacf792	dbtbs_bsub_core_cd5426fc6bacf792	discovery	17	33	18	33	-35.5	+	AATTATATTTGACTGT	3.6470611095428467
EMB_multiscale_C07	tjupan_bacillus_subtilis_main_73f2f27ec267a871	dbtbs_bsub_core_77a7b73eeb200478	discovery	58	74	59	74	5.5	+	AATGCCAATGTATATA	3.649089813232422
EMB_multiscale_C07	tjupan_bacillus_subtilis_main_f452c4bef1ed8b92	dbtbs_bsub_core_f452c4bef1ed8b92	discovery	1	17	2	17	-51.5	+	AAAATGATACCGAGTG	3.6661219596862793
EMB_multiscale_C07	tjupan_bacillus_subtilis_main_76909c0ebd8db916	dbtbs_bsub_core_d5153844984277ea	discovery	21	37	22	37	-31.5	+	ATGCTTGATATGGCTT	3.666572093963623
EMB_multiscale_C07	tjupan_bacillus_subtilis_main_ec2d75bce4a65abf	dbtbs_bsub_core_e3549a9c12f5ac55	discovery	58	74	59	74	5.5	+	AGGGATACATAACAGT	3.6834523677825928
EMB_multiscale_C07	tjupan_bacillus_subtilis_main_e2d1119cb664dabf	dbtbs_bsub_core_954deecd8ab02ea9	discovery	22	38	23	38	-30.5	+	TGCATGCATAATTAAA	3.6894755363464355
EMB_multiscale_C07	tjupan_bacillus_subtilis_main_ba9efec60bbd4a6b	tjupan_bacillus_subtilis_main_ba9efec60bbd4a6b	discovery	20	36	21	36	-32.5	+	GATGAATGTATTCATA	3.7107961177825928
EMB_multiscale_C07	tjupan_bacillus_subtilis_main_8fa35d24a76b6d72	tjupan_bacillus_subtilis_main_8fa35d24a76b6d72	discovery	44	60	45	60	-8.5	+	ACGACATATGATAAGG	3.7202980518341064
EMB_multiscale_C07	tjupan_bacillus_subtilis_main_bb68072522710571	dbtbs_bsub_core_bb68072522710571	discovery	40	56	41	56	-12.5	+	CGCGATTATGTAAAAT	3.728398323059082
EMB_multiscale_C07	tjupan_bacillus_subtilis_main_0a71b8cbf4011c3b	dbtbs_bsub_core_dc5af08cd1bffe94	discovery	51	67	52	67	-1.5	+	TAGTATGTATACAGCC	3.728661298751831
EMB_multiscale_C07	tjupan_bacillus_subtilis_main_7c03938b389dc368	dbtbs_bsub_core_39e8d21f598046d9	discovery	63	79	64	79	10.5	+	ACACATTCTGTAAAGC	3.7291481494903564
EMB_multiscale_C07	tjupan_bacillus_subtilis_main_7358cf40e4efa482	tjupan_bacillus_subtilis_main_7358cf40e4efa482	discovery	52	68	53	68	-0.5	+	AATGCTTGATATGGCT	3.7316818237304688
EMB_multiscale_C07	tjupan_bacillus_subtilis_main_101463e41079a20e	dbtbs_bsub_core_101463e41079a20e	discovery	52	68	53	68	-0.5	+	ATAAGCATATAGTTTT	3.7529678344726562
EMB_multiscale_C07	tjupan_bacillus_subtilis_main_06d485c4aaa12e15	dbtbs_bsub_core_06d485c4aaa12e15	discovery	39	55	40	55	-13.5	+	GTTGGGCATATGCTGA	3.7558681964874268
EMB_multiscale_C07	tjupan_bacillus_subtilis_main_dc21315df009d1aa	dbtbs_bsub_core_4631e0ee0e2e12e5	discovery	41	57	42	57	-11.5	+	TCATCATATGGCTGAA	3.7585229873657227
EMB_multiscale_C07	tjupan_bacillus_subtilis_main_962b839f321a2605	dbtbs_bsub_core_962b839f321a2605	discovery	43	59	44	59	-9.5	+	AGCGATACAATAGACG	3.7640151977539062
EMB_multiscale_C07	tjupan_bacillus_subtilis_main_3ed5570d9bd715ae	dbtbs_bsub_core_0561dd78dc44b145	discovery	41	57	42	57	-11.5	+	ACCTTGTTATGCTATG	3.764786720275879
EMB_multiscale_C07	tjupan_bacillus_subtilis_main_0cc8abc9b551141c	dbtbs_bsub_core_0cc8abc9b551141c	discovery	42	58	43	58	-10.5	+	ACGGTTGTATGATATA	3.770693778991699
EMB_multiscale_C07	tjupan_bacillus_subtilis_main_ba2dc8596ef2486c	dbtbs_bsub_core_ba2dc8596ef2486c	discovery	54	70	55	70	1.5	+	CAGCAGTATATCCTGC	3.77392315864563
EMB_multiscale_C07	tjupan_bacillus_subtilis_main_bba2e45eb636482b	dbtbs_bsub_core_bba2e45eb636482b	discovery	43	59	44	59	-9.5	+	GAAGCCATATTATGAT	3.7741286754608154
EMB_multiscale_C07	tjupan_bacillus_subtilis_main_32548c7fec9dc4f2	dbtbs_bsub_core_32548c7fec9dc4f2	discovery	20	36	21	36	-32.5	+	AAAATTGTATGATCCT	3.7748024463653564
EMB_multiscale_C07	tjupan_bacillus_subtilis_main_f05d30123c592277	dbtbs_bsub_core_f05d30123c592277	discovery	27	43	28	43	-25.5	+	GGAGTATAATGTCTCA	3.783132314682007
EMB_multiscale_C07	tjupan_bacillus_subtilis_main_a9fde0fdd238b261	dbtbs_bsub_core_06588c97cd7288a8	discovery	65	81	66	81	12.5	+	ACCGTCAATATGTTTA	3.790496826171875
EMB_multiscale_C07	tjupan_bacillus_subtilis_main_2b2db3c55e03b737	dbtbs_bsub_core_9d26dfa3049d6f00	discovery	43	59	44	59	-9.5	+	TTAGTATGTAATCAAA	3.807175636291504
EMB_multiscale_C07	tjupan_bacillus_subtilis_main_9d589577eb1cbe67	tjupan_bacillus_subtilis_main_9d589577eb1cbe67	discovery	20	36	21	36	-32.5	+	TCTGGTGTATATTACA	3.811659574508667
EMB_multiscale_C07	tjupan_bacillus_subtilis_main_f45d38a5e15ccc93	dbtbs_bsub_core_5dbc73ad42aeab56	discovery	18	34	19	34	-34.5	+	ACATTCATTGTATTGT	3.813124895095825
EMB_multiscale_C07	tjupan_bacillus_subtilis_main_adff0049bb8c9b3f	tjupan_bacillus_subtilis_main_adff0049bb8c9b3f	discovery	46	62	47	62	-6.5	+	GCTGGATATACTGTAA	3.818276882171631
EMB_multiscale_C07	tjupan_bacillus_subtilis_main_ffb5b3082f8ea0cd	tjupan_bacillus_subtilis_main_ffb5b3082f8ea0cd	discovery	40	56	41	56	-12.5	+	TCGACGTGATATAATA	3.821359634399414
EMB_multiscale_C07	tjupan_bacillus_subtilis_main_c2a5e00f908ba88c	dbtbs_bsub_core_c2a5e00f908ba88c	discovery	20	36	21	36	-32.5	+	GAGAGTCATATTAGCT	3.8228631019592285
EMB_multiscale_C07	tjupan_bacillus_subtilis_main_8bde36b216b3390f	dbtbs_bsub_core_8bde36b216b3390f	discovery	46	62	47	62	-6.5	+	AACTGAATGTATCCTT	3.8307390213012695
EMB_multiscale_C07	tjupan_bacillus_subtilis_main_ab3313558a015086	dbtbs_bsub_core_ab3313558a015086	discovery	24	40	25	40	-28.5	+	CGTTGACATGTACGAA	3.836148977279663
EMB_multiscale_C07	tjupan_bacillus_subtilis_main_48f68d49bf53ea3b	dbtbs_bsub_core_a63e45c266a8243f	discovery	41	57	42	57	-11.5	+	TTTCGGATATGATAAA	3.8557963371276855
EMB_multiscale_C07	tjupan_bacillus_subtilis_main_354da8035d16f701	dbtbs_bsub_core_1ee6e81d7c1d1fa1	discovery	45	61	46	61	-7.5	+	GTTACGATATCACCTG	3.8629965782165527
EMB_multiscale_C07	tjupan_bacillus_subtilis_main_b11aff47b9c426f3	dbtbs_bsub_core_b11aff47b9c426f3	discovery	45	61	46	61	-7.5	+	GAAACGTTATGTATTG	3.8664803504943848
EMB_multiscale_C07	tjupan_bacillus_subtilis_main_14a46634ed7dcff0	tjupan_bacillus_subtilis_main_14a46634ed7dcff0	discovery	23	39	24	39	-29.5	+	AGTGCATGAATACCTG	3.8975906372070312
EMB_multiscale_C07	tjupan_bacillus_subtilis_main_632ff1f5d92b347a	tjupan_bacillus_subtilis_main_632ff1f5d92b347a	discovery	46	62	47	62	-6.5	+	TGTAACATATTATCGT	3.9201321601867676
EMB_multiscale_C07	tjupan_bacillus_subtilis_main_91723abad13f63e4	tjupan_bacillus_subtilis_main_91723abad13f63e4	discovery	19	35	20	35	-33.5	+	TTTATATTGACTGAAA	3.934910774230957
EMB_multiscale_C07	tjupan_bacillus_subtilis_main_ef37e7c4f77cfd3f	tjupan_bacillus_subtilis_main_ef37e7c4f77cfd3f	discovery	10	26	11	26	-42.5	+	TCACATGGATGTTTAT	3.9397780895233154
EMB_multiscale_C07	tjupan_bacillus_subtilis_main_f3b59cc74d659ebc	dbtbs_bsub_core_866d6e8af07c9412	discovery	13	29	14	29	-39.5	+	TTTAACATGATGTTAT	3.9417436122894287
EMB_multiscale_C07	tjupan_bacillus_subtilis_main_8cdaaf6e0b90f5df	dbtbs_bsub_core_8cdaaf6e0b90f5df	discovery	11	27	12	27	-41.5	+	TCTCATATGAGCATGT	3.952075719833374
EMB_multiscale_C07	tjupan_bacillus_subtilis_main_b1dfffe50d4e7cba	dbtbs_bsub_core_6990407cd148d57b	discovery	37	53	38	53	-15.5	+	GGATGATATGAGTACA	3.9566338062286377
EMB_multiscale_C07	tjupan_bacillus_subtilis_main_550b125b16dc206e	dbtbs_bsub_core_2ab03862f0e9dd2f	discovery	4	20	5	20	-48.5	+	GAATATATAGACGTTC	3.9590322971343994
EMB_multiscale_C07	tjupan_bacillus_subtilis_main_6390012fbb39ca22	tjupan_bacillus_subtilis_main_6390012fbb39ca22	discovery	43	59	44	59	-9.5	+	GCGTACGATATTAAGG	3.990557909011841
EMB_multiscale_C07	tjupan_bacillus_subtilis_main_84597be11ba889b8	tjupan_bacillus_subtilis_main_84597be11ba889b8	discovery	51	67	52	67	-1.5	+	CCTTTATGTAACGAAT	3.996203660964966
EMB_multiscale_C07	tjupan_bacillus_subtilis_main_1cd26aa95d9363dc	dbtbs_bsub_core_1cd26aa95d9363dc	discovery	48	64	49	64	-4.5	+	AATGATGATAATACAC	4.005970001220703
EMB_multiscale_C07	tjupan_bacillus_subtilis_main_4fc356ae4cdf5a10	dbtbs_bsub_core_89ad3abb800dad9f	discovery	54	70	55	70	1.5	+	TGGAACGTATATAAAA	4.015535354614258
EMB_multiscale_C07	tjupan_bacillus_subtilis_main_dcef15bdfb353954	dbtbs_bsub_core_dcef15bdfb353954	discovery	45	61	46	61	-7.5	+	TTGCACAATATAAATG	4.018590450286865
EMB_multiscale_C07	tjupan_bacillus_subtilis_main_5b5f9b9ad371b1b0	tjupan_bacillus_subtilis_main_5b5f9b9ad371b1b0	discovery	22	38	23	38	-30.5	+	ACGTATCAATTCGCAA	4.0609354972839355
EMB_multiscale_C07	tjupan_bacillus_subtilis_main_b7d5a32e40c68782	tjupan_bacillus_subtilis_main_b7d5a32e40c68782	discovery	43	59	44	59	-9.5	+	CGTATATAGTCATTAC	4.093712329864502
EMB_multiscale_C07	tjupan_bacillus_subtilis_main_66846fa14c29dbc1	dbtbs_bsub_core_89ab3601fa8ac055	discovery	42	58	43	58	-10.5	+	ACAGATGATAGATTAT	4.095035076141357
EMB_multiscale_C07	tjupan_bacillus_subtilis_main_9c67a769132d62d8	dbtbs_bsub_core_1373e064636d6c9b	discovery	13	29	14	29	-39.5	+	TGCAAATATGGTGATT	4.109751224517822
EMB_multiscale_C07	tjupan_bacillus_subtilis_main_ac1a0a0a579397f6	tjupan_bacillus_subtilis_main_ac1a0a0a579397f6	discovery	47	63	48	63	-5.5	+	CTCGTACATATGGAAA	4.112056732177734
EMB_multiscale_C07	tjupan_bacillus_subtilis_main_8f5a33e062052e2d	tjupan_bacillus_subtilis_main_8f5a33e062052e2d	discovery	60	76	61	76	7.5	+	CAGTACGATAATATGT	4.115903377532959
EMB_multiscale_C07	tjupan_bacillus_subtilis_main_8f9b814f5e8b18ae	dbtbs_bsub_core_8f9b814f5e8b18ae	discovery	4	20	5	20	-48.5	+	ACGAGATAATCATCAT	4.11676025390625
EMB_multiscale_C07	tjupan_bacillus_subtilis_main_6406719b10941769	dbtbs_bsub_core_5bcaee6240f23d4b	discovery	65	81	66	81	12.5	+	GAGTTATTGCAATATT	4.122098922729492
EMB_multiscale_C07	tjupan_bacillus_subtilis_main_256978383d162d01	dbtbs_bsub_core_256978383d162d01	discovery	29	45	30	45	-23.5	+	AATGAATATCCGCTAT	4.134286880493164
EMB_multiscale_C07	tjupan_bacillus_subtilis_main_8e4b7e6c519e170f	tjupan_bacillus_subtilis_main_8e4b7e6c519e170f	discovery	14	30	15	30	-38.5	+	AAGCTGATATGTTGAC	4.177733421325684
EMB_multiscale_C07	tjupan_bacillus_subtilis_main_0d390d7bf47f6ae0	tjupan_bacillus_subtilis_main_0d390d7bf47f6ae0	discovery	45	61	46	61	-7.5	+	ATATAATATGAGGCAA	4.179898738861084
EMB_multiscale_C07	tjupan_bacillus_subtilis_main_8e892e5639ef0ac1	dbtbs_bsub_core_d25c674b3a14df1a	discovery	54	70	55	70	1.5	+	AAAAATATCACATATA	4.236098766326904
EMB_multiscale_C07	tjupan_bacillus_subtilis_main_9f03f134e6b67be2	tjupan_bacillus_subtilis_main_9f03f134e6b67be2	discovery	45	61	46	61	-7.5	+	AGAACAGTCATATCAT	4.23866081237793
EMB_multiscale_C07	tjupan_bacillus_subtilis_main_a31f56ff3ee450d4	dbtbs_bsub_core_1c4407f77cf4bab2	discovery	1	17	2	17	-51.5	+	GTGTGGTATAATAGCC	4.240468502044678
EMB_multiscale_C07	tjupan_bacillus_subtilis_main_106e69f8e7e10bd4	tjupan_bacillus_subtilis_main_106e69f8e7e10bd4	discovery	42	58	43	58	-10.5	+	GCTCGTATACATAATA	4.259758949279785
EMB_multiscale_C07	tjupan_bacillus_subtilis_main_6361ce51efe0f541	dbtbs_bsub_core_b928ebfb52e4cb48	discovery	48	64	49	64	-4.5	+	TATGATGTATGGAAGA	4.291215419769287
EMB_multiscale_C07	tjupan_bacillus_subtilis_main_1dc2eb4818f9715a	dbtbs_bsub_core_1dc2eb4818f9715a	discovery	42	58	43	58	-10.5	+	TCTTTGGTATGATGAA	4.29452657699585
EMB_multiscale_C07	tjupan_bacillus_subtilis_main_5e34c7286340c249	dbtbs_bsub_core_0fedc539a64a99b7	discovery	43	59	44	59	-9.5	+	TTGCATACAAATAGGG	4.299839019775391
EMB_multiscale_C07	tjupan_bacillus_subtilis_main_dccf4ca03cd1642b	dbtbs_bsub_core_dccf4ca03cd1642b	discovery	54	70	55	70	1.5	+	TTAATTGTATAAAATA	4.318241596221924
EMB_multiscale_C07	tjupan_bacillus_subtilis_main_be557af728070615	tjupan_bacillus_subtilis_main_be557af728070615	discovery	20	36	21	36	-32.5	+	ATATATTGACATGTAT	4.347726821899414
EMB_multiscale_C07	tjupan_bacillus_subtilis_main_6fc8019646ae0ec6	dbtbs_bsub_core_0346364171f10446	discovery	64	80	65	80	11.5	+	GATAGTATCATCTGTT	4.348854064941406
EMB_multiscale_C07	tjupan_bacillus_subtilis_main_618f0dc5c0847866	dbtbs_bsub_core_e2f191a04a63a5f0	discovery	40	56	41	56	-12.5	+	GCTAATGGTATATAAT	4.357830047607422
EMB_multiscale_C07	tjupan_bacillus_subtilis_main_024ba149e95dcf1a	tjupan_bacillus_subtilis_main_024ba149e95dcf1a	discovery	44	60	45	60	-8.5	+	TAACATAATACGTAGT	4.372562885284424
EMB_multiscale_C07	tjupan_bacillus_subtilis_main_2313c7dbb458e370	dbtbs_bsub_core_98d6bef120e2925b	discovery	54	70	55	70	1.5	+	GTAGTTACATGTAGGC	4.430208206176758
EMB_multiscale_C07	tjupan_bacillus_subtilis_main_754ac4e873f6c24d	tjupan_bacillus_subtilis_main_754ac4e873f6c24d	discovery	39	55	40	55	-13.5	+	CGGCTGAATATGCTTT	4.443048477172852
EMB_multiscale_C07	tjupan_bacillus_subtilis_main_55935e0c215d1239	dbtbs_bsub_core_bd96a60828361996	discovery	5	21	6	21	-47.5	+	TTATCATCATGTAAAT	4.520889759063721
EMB_multiscale_C07	tjupan_bacillus_subtilis_main_1f2ca280ccaab774	tjupan_bacillus_subtilis_main_1f2ca280ccaab774	discovery	41	57	42	57	-11.5	+	TGCGTGCTATAATAAA	4.531863212585449
EMB_multiscale_C07	tjupan_bacillus_subtilis_main_7d976c34bed90c97	tjupan_bacillus_subtilis_main_7d976c34bed90c97	discovery	41	57	42	57	-11.5	+	GTAATGAAATATGATG	4.583898544311523
EMB_multiscale_C07	tjupan_bacillus_subtilis_main_c0aec64934968747	tjupan_bacillus_subtilis_main_c0aec64934968747	discovery	17	33	18	33	-35.5	+	ATCTATATATTGTGTT	4.599369049072266
EMB_multiscale_C07	tjupan_bacillus_subtilis_main_0261e5d9e5354132	tjupan_bacillus_subtilis_main_0261e5d9e5354132	discovery	63	79	64	79	10.5	+	AAACAATACATGGGGG	4.7821831703186035
EMB_multiscale_C07	tjupan_bacillus_subtilis_main_ffefbc2ceaf331ea	dbtbs_bsub_core_ea5509009da1e1aa	discovery	39	55	40	55	-13.5	+	GAAGCGCTATAATGAA	4.818193435668945
EMB_multiscale_C07	tjupan_bacillus_subtilis_main_2b799cc13a596bcd	tjupan_bacillus_subtilis_main_2b799cc13a596bcd	discovery	32	48	33	48	-20.5	+	CACTGTGCCAATGACT	4.83992862701416
EMB_multiscale_C07	tjupan_bacillus_subtilis_main_4f4c3d5d96d18695	tjupan_bacillus_subtilis_main_4f4c3d5d96d18695	discovery	45	61	46	61	-7.5	+	CAGGGTATAGTATATG	4.917471408843994
EMB_multiscale_C07	tjupan_bacillus_subtilis_main_3c97e9436cb369c2	dbtbs_bsub_core_6dc10c0d490555ae	discovery	49	65	50	65	-3.5	+	GATGACATGCTGACAG	5.056046962738037
EMB_multiscale_C07	tjupan_bacillus_subtilis_main_6901d7d50287d8c1	dbtbs_bsub_core_6901d7d50287d8c1	discovery	39	55	40	55	-13.5	+	GCGGGAATGATACCCT	5.188579559326172
EMB_multiscale_C07	tjupan_bacillus_subtilis_main_9c3cc423ec1465b1	dbtbs_bsub_core_9c3cc423ec1465b1	discovery	48	64	49	64	-4.5	+	CATACTACATATATAA	5.608148574829102
EMB_multiscale_C08	tjupan_bacillus_subtilis_main_e2d1119cb664dabf	dbtbs_bsub_core_954deecd8ab02ea9	discovery	61	77	62	77	8.5	+	AAAGTGATAAAGGAGG	2.0932655334472656
EMB_multiscale_C08	tjupan_bacillus_subtilis_main_f452c4bef1ed8b92	dbtbs_bsub_core_f452c4bef1ed8b92	discovery	57	73	58	73	4.5	+	GTTGATAAAAGGAGGT	2.115583896636963
EMB_multiscale_C08	tjupan_bacillus_subtilis_main_ff3d11f785ddd890	dbtbs_bsub_core_ff3d11f785ddd890	discovery	43	59	44	59	-9.5	+	AAGGGTAAATAGAGAA	2.4399969577789307
EMB_multiscale_C08	tjupan_bacillus_subtilis_main_1f2ca280ccaab774	tjupan_bacillus_subtilis_main_1f2ca280ccaab774	discovery	49	65	50	65	-3.5	+	ATAATAAAGGAAGACA	2.4933810234069824
EMB_multiscale_C08	tjupan_bacillus_subtilis_main_8b925a3983e97ebd	dbtbs_bsub_core_0346364171f10446	discovery	55	71	56	71	2.5	+	TGGAAAAATAGAGGAT	2.5227460861206055
EMB_multiscale_C08	tjupan_bacillus_subtilis_main_2d40490247bb616a	dbtbs_bsub_core_ffa38d6978ad48aa	discovery	26	42	27	42	-26.5	+	ATCAAAGGATAAGCGG	2.53719425201416
EMB_multiscale_C08	tjupan_bacillus_subtilis_main_b7cebcbae1ca8171	dbtbs_bsub_core_342a4291e30f5e80	discovery	38	54	39	54	-14.5	+	GGTAAAAGAGAAATAG	2.545736074447632
EMB_multiscale_C08	tjupan_bacillus_subtilis_main_b578e9e0d96d144a	dbtbs_bsub_core_b578e9e0d96d144a	discovery	51	67	52	67	-1.5	+	ATTAAAGGTAAGACAA	2.5795555114746094
EMB_multiscale_C08	tjupan_bacillus_subtilis_main_6fc8019646ae0ec6	dbtbs_bsub_core_0346364171f10446	discovery	51	67	52	67	-1.5	+	TGGAAAAATAGAGGAT	2.592050075531006
EMB_multiscale_C08	tjupan_bacillus_subtilis_main_2c8e4076a462c87c	dbtbs_bsub_core_2c8e4076a462c87c	discovery	61	77	62	77	8.5	+	AGTTAATAAGAACGGT	2.5966544151306152
EMB_multiscale_C08	tjupan_bacillus_subtilis_main_d9679a25a18d6da1	tjupan_bacillus_subtilis_main_c9bc5ed233eba13a	discovery	54	70	55	70	1.5	+	TGAAATTAAGAAGGAG	2.606029987335205
EMB_multiscale_C08	tjupan_bacillus_subtilis_main_3ec4c8abee3f7a8e	dbtbs_bsub_core_c18c3f10dff5c627	discovery	65	81	66	81	12.5	+	AGCGGATAAAGTTCCG	2.628208875656128
EMB_multiscale_C08	tjupan_bacillus_subtilis_main_c12152f72b444aff	tjupan_bacillus_subtilis_main_c12152f72b444aff	discovery	36	52	37	52	-16.5	+	TCTGTAAAAGAGACGT	2.6548867225646973
EMB_multiscale_C08	tjupan_bacillus_subtilis_main_036f4e66b4e66745	dbtbs_bsub_core_7b26bab7de636614	discovery	57	73	58	73	4.5	+	TTGAAAATAGAACTGG	2.6652965545654297
EMB_multiscale_C08	tjupan_bacillus_subtilis_main_92c71ea9f3febc7f	dbtbs_bsub_core_c2ee7abb48038f6f	discovery	7	23	8	23	-45.5	+	GGGATAACAAGGAAAG	2.680840492248535
EMB_multiscale_C08	tjupan_bacillus_subtilis_main_342a4291e30f5e80	dbtbs_bsub_core_342a4291e30f5e80	discovery	45	61	46	61	-7.5	+	GGGTAAAAGAGAAATA	2.6836304664611816
EMB_multiscale_C08	tjupan_bacillus_subtilis_main_f09c3556dc31a575	dbtbs_bsub_core_f09c3556dc31a575	discovery	53	69	54	69	0.5	+	TAAAAGTATGAAGACA	2.707935094833374
EMB_multiscale_C08	tjupan_bacillus_subtilis_main_c204793b69b45448	dbtbs_bsub_core_c204793b69b45448	discovery	33	49	34	49	-19.5	+	TAAAATAGAAAGAGGT	2.7359628677368164
EMB_multiscale_C08	tjupan_bacillus_subtilis_main_a7a45131c45395c8	dbtbs_bsub_core_a7a45131c45395c8	discovery	63	79	64	79	10.5	+	CCCTAAATAGAAGGAG	2.7447898387908936
EMB_multiscale_C08	tjupan_bacillus_subtilis_main_ced72b826f4a910f	dbtbs_bsub_core_d1a4fbb8ec4bd212	discovery	27	43	28	43	-25.5	+	TTTAAAAAGATCAGAA	2.7475080490112305
EMB_multiscale_C08	tjupan_bacillus_subtilis_main_3e1210c1f898bc48	dbtbs_bsub_core_42eaa371353368b2	discovery	58	74	59	74	5.5	+	TAAGTTAAGAAAAGGA	2.786583662033081
EMB_multiscale_C08	tjupan_bacillus_subtilis_main_7c1cf5cd36017844	tjupan_bacillus_subtilis_main_7c1cf5cd36017844	discovery	51	67	52	67	-1.5	+	AAATAGAGAAATAGGA	2.8013429641723633
EMB_multiscale_C08	tjupan_bacillus_subtilis_main_6390012fbb39ca22	tjupan_bacillus_subtilis_main_6390012fbb39ca22	discovery	15	31	16	31	-37.5	+	GACAGATAAGGGTAAA	2.8217241764068604
EMB_multiscale_C08	tjupan_bacillus_subtilis_main_fbae385e087109ce	tjupan_bacillus_subtilis_main_fbae385e087109ce	discovery	26	42	27	42	-26.5	+	AAGGAAATAGGAAAAT	2.8304457664489746
EMB_multiscale_C08	tjupan_bacillus_subtilis_main_b7d5a32e40c68782	tjupan_bacillus_subtilis_main_b7d5a32e40c68782	discovery	63	79	64	79	10.5	+	AATAAAGATAAGGGAG	2.835475444793701
EMB_multiscale_C08	tjupan_bacillus_subtilis_main_8837dc4443db7de3	tjupan_bacillus_subtilis_main_8837dc4443db7de3	discovery	55	71	56	71	2.5	+	CTAGTAAGAAAGACAC	2.850015878677368
EMB_multiscale_C08	tjupan_bacillus_subtilis_main_a43a1f032db2e49e	dbtbs_bsub_core_872c1380ac7bb81f	discovery	55	71	56	71	2.5	+	TTAATAGGAGAAAACT	2.8582258224487305
EMB_multiscale_C08	tjupan_bacillus_subtilis_main_ef37e7c4f77cfd3f	tjupan_bacillus_subtilis_main_ef37e7c4f77cfd3f	discovery	36	52	37	52	-16.5	+	TACAGAATAAAAGAGA	2.8633317947387695
EMB_multiscale_C08	tjupan_bacillus_subtilis_main_c22e62909e814f30	dbtbs_bsub_core_e2251470d219464a	discovery	39	55	40	55	-13.5	+	AAAAGCAGATAAAATG	2.875638484954834
EMB_multiscale_C08	tjupan_bacillus_subtilis_main_c9bc5ed233eba13a	tjupan_bacillus_subtilis_main_c9bc5ed233eba13a	discovery	61	77	62	77	8.5	+	TGAAATTAAGAAGGAG	2.8933238983154297
EMB_multiscale_C08	tjupan_bacillus_subtilis_main_a43c85166b962f37	dbtbs_bsub_core_47d2cdeb8a491885	discovery	55	71	56	71	2.5	+	TAACCAGAAGTAAAAT	2.9056243896484375
EMB_multiscale_C08	tjupan_bacillus_subtilis_main_e4ca0c490585b644	tjupan_bacillus_subtilis_main_e4ca0c490585b644	discovery	3	19	4	19	-49.5	+	ATACAGGAAGTGAAAA	2.9293081760406494
EMB_multiscale_C08	tjupan_bacillus_subtilis_main_917572a2414a52f7	tjupan_bacillus_subtilis_main_917572a2414a52f7	discovery	48	64	49	64	-4.5	+	GCTAAAATAGAGGGAA	2.939821481704712
EMB_multiscale_C08	tjupan_bacillus_subtilis_main_be897b68bd393df0	dbtbs_bsub_core_be897b68bd393df0	discovery	56	72	57	72	3.5	+	CAGTAATAAGGGAAAA	2.9458024501800537
EMB_multiscale_C08	tjupan_bacillus_subtilis_main_3ab27dce0b1876ca	dbtbs_bsub_core_d52b0eed3ebbab2d	discovery	8	24	9	24	-44.5	+	AGAGGAAAATAGACCA	2.9516592025756836
EMB_multiscale_C08	tjupan_bacillus_subtilis_main_13f36fd95a25452a	tjupan_bacillus_subtilis_main_13f36fd95a25452a	discovery	1	17	2	17	-51.5	+	AGAATAAAAGAGAATA	2.958000421524048
EMB_multiscale_C08	tjupan_bacillus_subtilis_main_da7f3c0608c35165	dbtbs_bsub_core_da7f3c0608c35165	discovery	37	53	38	53	-15.5	+	AATAGAGAAATAGGAT	2.963688373565674
EMB_multiscale_C08	tjupan_bacillus_subtilis_main_8f7d87652de79d90	dbtbs_bsub_core_8f7d87652de79d90	discovery	3	19	4	19	-49.5	+	TTAAACGAGAATAGGG	2.9693775177001953
EMB_multiscale_C08	tjupan_bacillus_subtilis_main_06d485c4aaa12e15	dbtbs_bsub_core_06d485c4aaa12e15	discovery	65	81	66	81	12.5	+	GATCGATAAAGGAGAA	2.979907989501953
EMB_multiscale_C08	tjupan_bacillus_subtilis_main_359df7c8e20abe4e	tjupan_bacillus_subtilis_main_359df7c8e20abe4e	discovery	55	71	56	71	2.5	+	GATATAAAAGGTGAGG	3.0199990272521973
EMB_multiscale_C08	tjupan_bacillus_subtilis_main_47a0d4425a7cca49	tjupan_bacillus_subtilis_main_47a0d4425a7cca49	discovery	30	46	31	46	-22.5	+	GATGATAAAGGAACAG	3.025333881378174
EMB_multiscale_C08	tjupan_bacillus_subtilis_main_fe2a626ec63a594e	dbtbs_bsub_core_abc060d81660f90c	discovery	23	39	24	39	-29.5	+	AAAATGAGTAAAGATG	3.0553019046783447
EMB_multiscale_C08	tjupan_bacillus_subtilis_main_43596a46e3e4ddaa	tjupan_bacillus_subtilis_main_43596a46e3e4ddaa	discovery	60	76	61	76	7.5	+	GACAAGGAAAGGTATT	3.0581612586975098
EMB_multiscale_C08	tjupan_bacillus_subtilis_main_25308dd77914b9d9	dbtbs_bsub_core_1dc2eb4818f9715a	discovery	55	71	56	71	2.5	+	ATGATAAGAAAATACC	3.0762646198272705
EMB_multiscale_C08	tjupan_bacillus_subtilis_main_14a46634ed7dcff0	tjupan_bacillus_subtilis_main_14a46634ed7dcff0	discovery	46	62	47	62	-6.5	+	GACAGAATAAGAAGAG	3.0957531929016113
EMB_multiscale_C08	tjupan_bacillus_subtilis_main_2c9e8a462277f7da	dbtbs_bsub_core_f7573fed016c047b	discovery	54	70	55	70	1.5	+	AATGATAAGAAGCACG	3.105403423309326
EMB_multiscale_C08	tjupan_bacillus_subtilis_main_9361e0f82edaa017	tjupan_bacillus_subtilis_main_9361e0f82edaa017	discovery	64	80	65	80	11.5	+	AGCGAGAAAGTTGAAA	3.1061582565307617
EMB_multiscale_C08	tjupan_bacillus_subtilis_main_78caf7680ac9ae4c	tjupan_bacillus_subtilis_main_78caf7680ac9ae4c	discovery	62	78	63	78	9.5	+	GAGATTAAGAAAGACA	3.118561267852783
EMB_multiscale_C08	tjupan_bacillus_subtilis_main_ecef2875a7a372ba	dbtbs_bsub_core_ecef2875a7a372ba	discovery	49	65	50	65	-3.5	+	AAATGAAAGTAACAGA	3.1231913566589355
EMB_multiscale_C08	tjupan_bacillus_subtilis_main_550b125b16dc206e	dbtbs_bsub_core_2ab03862f0e9dd2f	discovery	55	71	56	71	2.5	+	TAAGGACTAAAGTCAA	3.1330678462982178
EMB_multiscale_C08	tjupan_bacillus_subtilis_main_2b799cc13a596bcd	tjupan_bacillus_subtilis_main_2b799cc13a596bcd	discovery	53	69	54	69	0.5	+	AGTTATAAGGAATTCA	3.1335341930389404
EMB_multiscale_C08	tjupan_bacillus_subtilis_main_a1b8ecb6878276b4	dbtbs_bsub_core_a1b8ecb6878276b4	discovery	33	49	34	49	-19.5	+	CTTTAGAAAGGCACGA	3.137755870819092
EMB_multiscale_C08	tjupan_bacillus_subtilis_main_187a9844a7f0c551	tjupan_bacillus_subtilis_main_187a9844a7f0c551	discovery	63	79	64	79	10.5	+	TTACATAAGAGAAGGG	3.1424574851989746
EMB_multiscale_C08	tjupan_bacillus_subtilis_main_b7c0b4323e70fc71	dbtbs_bsub_core_b7c0b4323e70fc71	discovery	55	71	56	71	2.5	+	AAAGTAAATTCAGAGA	3.1519510746002197
EMB_multiscale_C08	tjupan_bacillus_subtilis_main_84597be11ba889b8	tjupan_bacillus_subtilis_main_84597be11ba889b8	discovery	12	28	13	28	-40.5	+	ATTAACAAGAATAATG	3.1576449871063232
EMB_multiscale_C08	tjupan_bacillus_subtilis_main_64dfe397c07a4656	dbtbs_bsub_core_99013d44fc3df9d1	discovery	52	68	53	68	-0.5	+	ATAACAGTAAAAGAAA	3.1654632091522217
EMB_multiscale_C08	tjupan_bacillus_subtilis_main_a723fdca1013c0b5	dbtbs_bsub_core_a723fdca1013c0b5	discovery	47	63	48	63	-5.5	+	ATAAGGTGAAAGAGAT	3.1710689067840576
EMB_multiscale_C08	tjupan_bacillus_subtilis_main_412fe696982b64f9	dbtbs_bsub_core_412fe696982b64f9	discovery	55	71	56	71	2.5	+	ACGGTAGAAAGATAAA	3.174659490585327
EMB_multiscale_C08	tjupan_bacillus_subtilis_main_0e56c5fe6c5d0db0	dbtbs_bsub_core_cfddcd51a76889fd	discovery	56	72	57	72	3.5	+	TCGGTAAAAGGAGAGT	3.1815426349639893
EMB_multiscale_C08	tjupan_bacillus_subtilis_main_5e8ac4f4506ef781	dbtbs_bsub_core_cdccc2e2972286a4	discovery	49	65	50	65	-3.5	+	ACGATAAGAACAGCTT	3.209869861602783
EMB_multiscale_C08	tjupan_bacillus_subtilis_main_be36dbaf549189cb	tjupan_bacillus_subtilis_main_be36dbaf549189cb	discovery	50	66	51	66	-2.5	+	TAAGATGAAGACAAGG	3.2447071075439453
EMB_multiscale_C08	tjupan_bacillus_subtilis_main_61e92334116d4289	dbtbs_bsub_core_946ad3835c6af00d	discovery	58	74	59	74	5.5	+	TTAGTAAAGGAAAAGG	3.2481696605682373
EMB_multiscale_C08	tjupan_bacillus_subtilis_main_1b0cfe46f303d3fa	dbtbs_bsub_core_56695775e253190c	discovery	65	81	66	81	12.5	+	ACGTTAAAAAGGAGTG	3.248708963394165
EMB_multiscale_C08	tjupan_bacillus_subtilis_main_89a40bf9e0650967	dbtbs_bsub_core_89a40bf9e0650967	discovery	15	31	16	31	-37.5	+	CCATAAGAATAGAAGG	3.277101993560791
EMB_multiscale_C08	tjupan_bacillus_subtilis_main_d03161002d7a6f34	dbtbs_bsub_core_11066f3e95c7986c	discovery	53	69	54	69	0.5	+	TAAGTAGAGAAACACA	3.29164981842041
EMB_multiscale_C08	tjupan_bacillus_subtilis_main_8265264627414ceb	tjupan_bacillus_subtilis_main_8265264627414ceb	discovery	64	80	65	80	11.5	+	TCGAAACAAGAAAGGT	3.3157622814178467
EMB_multiscale_C08	tjupan_bacillus_subtilis_main_4f4c3d5d96d18695	tjupan_bacillus_subtilis_main_4f4c3d5d96d18695	discovery	65	81	66	81	12.5	+	GGTAACATAAAGGAGG	3.317364454269409
EMB_multiscale_C08	tjupan_bacillus_subtilis_main_e62d7e001687b19a	tjupan_bacillus_subtilis_main_e62d7e001687b19a	discovery	65	81	66	81	12.5	+	CCAATTAAAGGAGGAA	3.340014696121216
EMB_multiscale_C08	tjupan_bacillus_subtilis_main_8797dcd405b13c8e	tjupan_bacillus_subtilis_main_8797dcd405b13c8e	discovery	6	22	7	22	-46.5	+	AAGAAAAGATTGACAG	3.3471503257751465
EMB_multiscale_C08	tjupan_bacillus_subtilis_main_52267ea931cb2dd7	dbtbs_bsub_core_b35218f45c0f11c8	discovery	64	80	65	80	11.5	+	TACATTAAAGGAGGCA	3.3533644676208496
EMB_multiscale_C08	tjupan_bacillus_subtilis_main_96d42d8ccff315ec	tjupan_bacillus_subtilis_main_96d42d8ccff315ec	discovery	54	70	55	70	1.5	+	TGTTACAAAGATGTGA	3.36269211769104
EMB_multiscale_C08	tjupan_bacillus_subtilis_main_de399adaaafe5be7	dbtbs_bsub_core_f1028676a1f89b0e	discovery	3	19	4	19	-49.5	+	TTGAGAATAAGAACAT	3.367396831512451
EMB_multiscale_C08	tjupan_bacillus_subtilis_main_6fcd42bdf8073a65	dbtbs_bsub_core_6fcd42bdf8073a65	discovery	62	78	63	78	9.5	+	TAAGAATAAGAAGTAT	3.371420383453369
EMB_multiscale_C08	tjupan_bacillus_subtilis_main_26786ec6f94b1750	dbtbs_bsub_core_26786ec6f94b1750	discovery	31	47	32	47	-21.5	+	CCAAAGGAATATAAAG	3.388296127319336
EMB_multiscale_C08	tjupan_bacillus_subtilis_main_ef1d1fbaad689e40	dbtbs_bsub_core_ef1d1fbaad689e40	discovery	64	80	65	80	11.5	+	TGCTAAAAGTATCGAG	3.4087607860565186
EMB_multiscale_C08	tjupan_bacillus_subtilis_main_fea868950ff1c774	tjupan_bacillus_subtilis_main_fea868950ff1c774	discovery	64	80	65	80	11.5	+	GAAGTGAAGAATATGG	3.4265401363372803
EMB_multiscale_C08	tjupan_bacillus_subtilis_main_5e3ef261f40425ef	tjupan_bacillus_subtilis_main_5e3ef261f40425ef	discovery	62	78	63	78	9.5	+	TACATAAGGAATTAGT	3.449431896209717
EMB_multiscale_C08	tjupan_bacillus_subtilis_main_70da326395794983	tjupan_bacillus_subtilis_main_70da326395794983	discovery	58	74	59	74	5.5	+	AGAGAGATAAAAAGAG	3.456037998199463
EMB_multiscale_C08	tjupan_bacillus_subtilis_main_ffefbc2ceaf331ea	dbtbs_bsub_core_ea5509009da1e1aa	discovery	47	63	48	63	-5.5	+	ATAATGAAAGCGGACA	3.4568533897399902
EMB_multiscale_C08	tjupan_bacillus_subtilis_main_dc65c8922842b20f	tjupan_bacillus_subtilis_main_dc65c8922842b20f	discovery	40	56	41	56	-12.5	+	ATATGTTAAGGATGAA	3.4710543155670166
EMB_multiscale_C08	tjupan_bacillus_subtilis_main_ff62fa3227cb3ab1	dbtbs_bsub_core_f748f853b4ec2056	discovery	16	32	17	32	-36.5	+	CGGAGAAAGGTTTAAC	3.479112148284912
EMB_multiscale_C08	tjupan_bacillus_subtilis_main_954287dc5b301340	tjupan_bacillus_subtilis_main_954287dc5b301340	discovery	1	17	2	17	-51.5	+	GATGAATAAGGGAATT	3.5043845176696777
EMB_multiscale_C08	tjupan_bacillus_subtilis_main_eaa75817f87b3088	dbtbs_bsub_core_71c43b52121900cc	discovery	25	41	26	41	-27.5	+	TTGGACAGAAAATATT	3.5226705074310303
EMB_multiscale_C08	tjupan_bacillus_subtilis_main_dc21315df009d1aa	dbtbs_bsub_core_4631e0ee0e2e12e5	discovery	23	39	24	39	-29.5	+	ATAGAGAATAAAAGGA	3.529961585998535
EMB_multiscale_C08	tjupan_bacillus_subtilis_main_f45d38a5e15ccc93	dbtbs_bsub_core_5dbc73ad42aeab56	discovery	46	62	47	62	-6.5	+	AATAGAATAGAAATGA	3.587179183959961
EMB_multiscale_C08	tjupan_bacillus_subtilis_main_ca7144caa797f7bc	dbtbs_bsub_core_ca7144caa797f7bc	discovery	48	64	49	64	-4.5	+	AACAATTTAAGAGAGA	3.5958449840545654
EMB_multiscale_C08	tjupan_bacillus_subtilis_main_857deea4069ff6ab	tjupan_bacillus_subtilis_main_857deea4069ff6ab	discovery	30	46	31	46	-22.5	+	AAAGTCGAAAGGATTT	3.596691846847534
EMB_multiscale_C08	tjupan_bacillus_subtilis_main_54fd4c2966482e2c	dbtbs_bsub_core_ba3becfc7c3e4e17	discovery	56	72	57	72	3.5	+	ATCGATAGAAAACACT	3.603402614593506
EMB_multiscale_C08	tjupan_bacillus_subtilis_main_4181c9b10d028c59	dbtbs_bsub_core_f859289dc167ed3a	discovery	7	23	8	23	-45.5	+	GAAAAAAGTACTAAGT	3.6042611598968506
EMB_multiscale_C08	tjupan_bacillus_subtilis_main_264ccaf63cfb1cfe	tjupan_bacillus_subtilis_main_264ccaf63cfb1cfe	discovery	55	71	56	71	2.5	+	ATGGAAAAGAGTGAGT	3.6186187267303467
EMB_multiscale_C08	tjupan_bacillus_subtilis_main_13f211949a22c74a	dbtbs_bsub_core_bdbae944a25ddfff	discovery	60	76	61	76	7.5	+	ATCAATAGAGAAAGGA	3.6672821044921875
EMB_multiscale_C08	tjupan_bacillus_subtilis_main_eb3c3d68906264b7	tjupan_bacillus_subtilis_main_eb3c3d68906264b7	discovery	10	26	11	26	-42.5	+	TTTAAGAAAAGGTTGT	3.6866281032562256
EMB_multiscale_C08	tjupan_bacillus_subtilis_main_eb11019c71a3a745	tjupan_bacillus_subtilis_main_eb11019c71a3a745	discovery	4	20	5	20	-48.5	+	ATAATAAAGTCTAAGA	3.6901497840881348
EMB_multiscale_C08	tjupan_bacillus_subtilis_main_962b839f321a2605	dbtbs_bsub_core_962b839f321a2605	discovery	55	71	56	71	2.5	+	GACGTATAGAAAAAAA	3.6985177993774414
EMB_multiscale_C08	tjupan_bacillus_subtilis_main_b1dfffe50d4e7cba	dbtbs_bsub_core_6990407cd148d57b	discovery	48	64	49	64	-4.5	+	GTACAATAAAGAAAAC	3.7092041969299316
EMB_multiscale_C08	tjupan_bacillus_subtilis_main_7e538c30b860aa5a	tjupan_bacillus_subtilis_main_7e538c30b860aa5a	discovery	50	66	51	66	-2.5	+	ATGGTAAAAGGAATAA	3.714078187942505
EMB_multiscale_C08	tjupan_bacillus_subtilis_main_edce5d598636e106	dbtbs_bsub_core_39acf3daf47ccd69	discovery	52	68	53	68	-0.5	+	ATGGTAACAGAAACGG	3.726658821105957
EMB_multiscale_C08	tjupan_bacillus_subtilis_main_5eccf0b4b51999b8	tjupan_bacillus_subtilis_main_5eccf0b4b51999b8	discovery	35	51	36	51	-17.5	+	AGAGGCTAAAAGATTT	3.7357394695281982
EMB_multiscale_C08	tjupan_bacillus_subtilis_main_ff1b0f332755e37b	dbtbs_bsub_core_710c0cbad80c03b6	discovery	55	71	56	71	2.5	+	AAACAGAGATAAGGAT	3.742269992828369
EMB_multiscale_C08	tjupan_bacillus_subtilis_main_48f68d49bf53ea3b	dbtbs_bsub_core_a63e45c266a8243f	discovery	56	72	57	72	3.5	+	AAAGTGATAAGGAGGT	3.751734733581543
EMB_multiscale_C08	tjupan_bacillus_subtilis_main_d59578e8446625f3	dbtbs_bsub_core_d59578e8446625f3	discovery	33	49	34	49	-19.5	+	CGTCAAAAGTTATGAT	3.752610921859741
EMB_multiscale_C08	tjupan_bacillus_subtilis_main_0d315ab142d66dcc	dbtbs_bsub_core_76d28d1be3f9f514	discovery	54	70	55	70	1.5	+	CAAAAGAGAAATATCA	3.7588744163513184
EMB_multiscale_C08	tjupan_bacillus_subtilis_main_118649b56e4ec470	tjupan_bacillus_subtilis_main_118649b56e4ec470	discovery	64	80	65	80	11.5	+	CAAAAAAGGATATTAA	3.7641706466674805
EMB_multiscale_C08	tjupan_bacillus_subtilis_main_ae3d0ab77a583f3f	tjupan_bacillus_subtilis_main_ae3d0ab77a583f3f	discovery	13	29	14	29	-39.5	+	AGAAAAAAGACGAACA	3.771334171295166
EMB_multiscale_C08	tjupan_bacillus_subtilis_main_f246415af5cfc524	dbtbs_bsub_core_f246415af5cfc524	discovery	65	81	66	81	12.5	+	TCTTTAAAGAGAACGA	3.779144287109375
EMB_multiscale_C08	tjupan_bacillus_subtilis_main_c3fafc97a347852e	tjupan_bacillus_subtilis_main_c3fafc97a347852e	discovery	56	72	57	72	3.5	+	GACAAAAAGGAGTGAA	3.7934634685516357
EMB_multiscale_C08	tjupan_bacillus_subtilis_main_8fa35d24a76b6d72	tjupan_bacillus_subtilis_main_8fa35d24a76b6d72	discovery	50	66	51	66	-2.5	+	TATGATAAGGAAAAAG	3.797522783279419
EMB_multiscale_C08	tjupan_bacillus_subtilis_main_7d976c34bed90c97	tjupan_bacillus_subtilis_main_7d976c34bed90c97	discovery	53	69	54	69	0.5	+	GATGAAAAGAGATCAA	3.808520793914795
EMB_multiscale_C08	tjupan_bacillus_subtilis_main_bba2e45eb636482b	dbtbs_bsub_core_bba2e45eb636482b	discovery	35	51	36	51	-17.5	+	CAATAAAAGAAGCCAT	3.838099956512451
EMB_multiscale_C08	tjupan_bacillus_subtilis_main_efde358c620c36bd	dbtbs_bsub_core_efde358c620c36bd	discovery	65	81	66	81	12.5	+	GAATGCTAAACGGGAG	3.8540396690368652
EMB_multiscale_C08	tjupan_bacillus_subtilis_main_e90961ead2da3f7b	tjupan_bacillus_subtilis_main_e90961ead2da3f7b	discovery	48	64	49	64	-4.5	+	ATATAAGATGAAAATA	3.8732523918151855
EMB_multiscale_C08	tjupan_bacillus_subtilis_main_b592a137eb4c34ff	dbtbs_bsub_core_21353889dec56b85	discovery	34	50	35	50	-18.5	+	AAGAAAATGAGCTATG	3.876100540161133
EMB_multiscale_C08	tjupan_bacillus_subtilis_main_86c973796d10f50f	dbtbs_bsub_core_86c973796d10f50f	discovery	60	76	61	76	7.5	+	ATGGATAAGAAAGGAG	3.8766961097717285
EMB_multiscale_C08	tjupan_bacillus_subtilis_main_972c682163779595	dbtbs_bsub_core_6e525afed4c0ab9e	discovery	35	51	36	51	-17.5	+	TAGAAGTAGCAAAATA	3.8774254322052
EMB_multiscale_C08	tjupan_bacillus_subtilis_main_c1bd3e378306e57e	tjupan_bacillus_subtilis_main_c1bd3e378306e57e	discovery	64	80	65	80	11.5	+	CATCATAGAAAAAGGA	3.886115074157715
EMB_multiscale_C08	tjupan_bacillus_subtilis_main_b59ef89e981b3745	tjupan_bacillus_subtilis_main_b59ef89e981b3745	discovery	50	66	51	66	-2.5	+	TATAAAGGTAGATTAG	3.9081804752349854
EMB_multiscale_C08	tjupan_bacillus_subtilis_main_0cc8abc9b551141c	dbtbs_bsub_core_0cc8abc9b551141c	discovery	63	79	64	79	10.5	+	GTGAAGTAATAAAGCT	3.9270262718200684
EMB_multiscale_C08	tjupan_bacillus_subtilis_main_a2cd64f7b02e9630	tjupan_bacillus_subtilis_main_a2cd64f7b02e9630	discovery	0	16	1	16	-52.5	+	AGAGAATAAGTTTTTC	3.9309980869293213
EMB_multiscale_C08	tjupan_bacillus_subtilis_main_61c707ac72aeda97	tjupan_bacillus_subtilis_main_61c707ac72aeda97	discovery	34	50	35	50	-18.5	+	AAGGGTATAGAAGGAC	3.9680979251861572
EMB_multiscale_C08	tjupan_bacillus_subtilis_main_71eaf5cbf249113b	dbtbs_bsub_core_71eaf5cbf249113b	discovery	1	17	2	17	-51.5	+	AAAAGGGAATAATGAA	3.96978759765625
EMB_multiscale_C08	tjupan_bacillus_subtilis_main_bf15c71cd5f4b9e0	dbtbs_bsub_core_79aa8a5c0f3b9558	discovery	61	77	62	77	8.5	+	GACAAGCTAGTAAAAA	3.9958457946777344
EMB_multiscale_C08	tjupan_bacillus_subtilis_main_fc6071b9027316a7	tjupan_bacillus_subtilis_main_fc6071b9027316a7	discovery	57	73	58	73	4.5	+	AACAAAGAAAGGGTGA	4.000452518463135
EMB_multiscale_C08	tjupan_bacillus_subtilis_main_0b7b75ba67f19880	dbtbs_bsub_core_0b7b75ba67f19880	discovery	1	17	2	17	-51.5	+	TTGAAAAAGCTAAGTC	4.005117416381836
EMB_multiscale_C08	tjupan_bacillus_subtilis_main_517410185d825f3e	tjupan_bacillus_subtilis_main_517410185d825f3e	discovery	58	74	59	74	5.5	+	GTAAAAAAGGAGGATG	4.011127471923828
EMB_multiscale_C08	tjupan_bacillus_subtilis_main_e95909bd7e136f46	dbtbs_bsub_core_426aaa712ced5536	discovery	49	65	50	65	-3.5	+	ACAGTATAAGGGATAC	4.026287078857422
EMB_multiscale_C08	tjupan_bacillus_subtilis_main_834e21e1951468f3	tjupan_bacillus_subtilis_main_834e21e1951468f3	discovery	60	76	61	76	7.5	+	AGAGTTTAGGAAAAAG	4.031637191772461
EMB_multiscale_C08	tjupan_bacillus_subtilis_main_0a71b8cbf4011c3b	dbtbs_bsub_core_dc5af08cd1bffe94	discovery	11	27	12	27	-41.5	+	TGGGAAAGCTTATTAA	4.041426658630371
EMB_multiscale_C08	tjupan_bacillus_subtilis_main_8bde36b216b3390f	dbtbs_bsub_core_8bde36b216b3390f	discovery	35	51	36	51	-17.5	+	GATAATAAACGAACTG	4.042087078094482
EMB_multiscale_C08	tjupan_bacillus_subtilis_main_712069959cf7e3b2	dbtbs_bsub_core_be0e53c334974f0a	discovery	65	81	66	81	12.5	+	AAAAATAAAGGAGGAG	4.043138027191162
EMB_multiscale_C08	tjupan_bacillus_subtilis_main_87b26b7083b048a9	dbtbs_bsub_core_fe60102a69552e4c	discovery	25	41	26	41	-27.5	+	AAAAAAAGAGATACAT	4.081419944763184
EMB_multiscale_C08	tjupan_bacillus_subtilis_main_272e2f2c83a48fab	dbtbs_bsub_core_272e2f2c83a48fab	discovery	6	22	7	22	-46.5	+	AAAAAAAGTAGGTTAT	4.107879161834717
EMB_multiscale_C08	tjupan_bacillus_subtilis_main_3b9d28ffe489c3c7	dbtbs_bsub_core_260ddc8adeedb788	discovery	65	81	66	81	12.5	+	ATTTTAGAAAAAGGAG	4.134676456451416
EMB_multiscale_C08	tjupan_bacillus_subtilis_main_ec009cfbae4f5210	dbtbs_bsub_core_ec009cfbae4f5210	discovery	0	16	1	16	-52.5	+	AGGATGAAAGCGCTAT	4.163908958435059
EMB_multiscale_C08	tjupan_bacillus_subtilis_main_eebec5ad9a06df67	dbtbs_bsub_core_5cddd19c752675c8	discovery	48	64	49	64	-4.5	+	TAGAGTAAAGGTAATT	4.1665568351745605
EMB_multiscale_C08	tjupan_bacillus_subtilis_main_2330b24ab93e80ef	dbtbs_bsub_core_747f22d2323a8765	discovery	63	79	64	79	10.5	+	AAAAACAGAAATTCTG	4.193288803100586
EMB_multiscale_C08	tjupan_bacillus_subtilis_main_ba2dc8596ef2486c	dbtbs_bsub_core_ba2dc8596ef2486c	discovery	38	54	39	54	-14.5	+	GAAGAAAACGGGTAAA	4.201668739318848
EMB_multiscale_C08	tjupan_bacillus_subtilis_main_60ee42342c88d235	tjupan_bacillus_subtilis_main_60ee42342c88d235	discovery	14	30	15	30	-38.5	+	TTTTAAAGAGCCTTAA	4.215861797332764
EMB_multiscale_C08	tjupan_bacillus_subtilis_main_8559682da7e0b4ef	dbtbs_bsub_core_8559682da7e0b4ef	discovery	24	40	25	40	-28.5	+	TCTCTAAAAGCAGTTA	4.2197980880737305
EMB_multiscale_C08	tjupan_bacillus_subtilis_main_ffb5b3082f8ea0cd	tjupan_bacillus_subtilis_main_ffb5b3082f8ea0cd	discovery	51	67	52	67	-1.5	+	TAATAGATAGGAAGCG	4.232758045196533
EMB_multiscale_C08	tjupan_bacillus_subtilis_main_c229c4b94f6591ae	tjupan_bacillus_subtilis_main_c229c4b94f6591ae	discovery	62	78	63	78	9.5	+	TAAAAGCTTAGTAAAC	4.236097812652588
EMB_multiscale_C08	tjupan_bacillus_subtilis_main_67a8fe9203485bd0	dbtbs_bsub_core_67a8fe9203485bd0	discovery	31	47	32	47	-21.5	+	ATTTTCAGAAAAGTGT	4.237209320068359
EMB_multiscale_C08	tjupan_bacillus_subtilis_main_ade14dd3fdacb032	dbtbs_bsub_core_12585b08a658046e	discovery	65	81	66	81	12.5	+	TCAAAAAAGAAGGATG	4.268259048461914
EMB_multiscale_C08	tjupan_bacillus_subtilis_main_20bbba0ce59de449	dbtbs_bsub_core_20bbba0ce59de449	discovery	64	80	65	80	11.5	+	AAAACAGGAAAGGAGC	4.279676914215088
EMB_multiscale_C08	tjupan_bacillus_subtilis_main_0710c2f2267154d3	dbtbs_bsub_core_0710c2f2267154d3	discovery	65	81	66	81	12.5	+	AAAGTTTATGGAAAGG	4.28610372543335
EMB_multiscale_C08	tjupan_bacillus_subtilis_main_e0774d83207a7dd7	dbtbs_bsub_core_2b17d905bac0c3bc	discovery	1	17	2	17	-51.5	+	CGAAGCAGATCAAAAA	4.287951946258545
EMB_multiscale_C08	tjupan_bacillus_subtilis_main_8f9b814f5e8b18ae	dbtbs_bsub_core_8f9b814f5e8b18ae	discovery	54	70	55	70	1.5	+	TTGATAGAGAAAGGAG	4.299156188964844
EMB_multiscale_C08	tjupan_bacillus_subtilis_main_a8b2c052c0cdfcff	tjupan_bacillus_subtilis_main_a8b2c052c0cdfcff	discovery	50	66	51	66	-2.5	+	ATAATAAAGTCTAAGA	4.334135055541992
EMB_multiscale_C08	tjupan_bacillus_subtilis_main_f0903ae0ab41d118	dbtbs_bsub_core_16fb2108119b7eaf	discovery	32	48	33	48	-20.5	+	TTTAAAAAGGATCGCT	4.3617095947265625
EMB_multiscale_C08	tjupan_bacillus_subtilis_main_d04a67d8cb9ad084	dbtbs_bsub_core_d04a67d8cb9ad084	discovery	54	70	55	70	1.5	+	AACACGAAGAAGAACA	4.365636348724365
EMB_multiscale_C08	tjupan_bacillus_subtilis_main_a0eee3dddaf07ac3	tjupan_bacillus_subtilis_main_a0eee3dddaf07ac3	discovery	42	58	43	58	-10.5	+	GTGTTAAAAGACCTCG	4.398167610168457
EMB_multiscale_C08	tjupan_bacillus_subtilis_main_dea64c0f5a12bfa1	dbtbs_bsub_core_a18a06666ab8afa6	discovery	44	60	45	60	-8.5	+	TAGTAAAGTACAATTA	4.410506248474121
EMB_multiscale_C08	tjupan_bacillus_subtilis_main_0c4104d2e02c2e3b	dbtbs_bsub_core_a955cdf3a08d689c	discovery	58	74	59	74	5.5	+	TAACAGAAAAGGATAG	4.431591510772705
EMB_multiscale_C08	tjupan_bacillus_subtilis_main_be557af728070615	tjupan_bacillus_subtilis_main_be557af728070615	discovery	60	76	61	76	7.5	+	ATATTAGAAAAGGAGG	4.544087886810303
EMB_multiscale_C08	tjupan_bacillus_subtilis_main_52fe6822c9d74b50	tjupan_bacillus_subtilis_main_52fe6822c9d74b50	discovery	65	81	66	81	12.5	+	CTTATAATAGGAGGAA	4.611843585968018
EMB_multiscale_C08	tjupan_bacillus_subtilis_main_a61c0978ae294759	tjupan_bacillus_subtilis_main_a61c0978ae294759	discovery	54	70	55	70	1.5	+	ATAGTAGAAACATAAA	4.677032470703125
EMB_multiscale_C08	tjupan_bacillus_subtilis_main_29dff321a99fa8a2	dbtbs_bsub_core_e964a63647aab2c6	discovery	49	65	50	65	-3.5	+	ATATAGAAATTAGGAG	4.680827617645264
EMB_multiscale_C08	tjupan_bacillus_subtilis_main_dbf995194ebf2b2d	dbtbs_bsub_core_dbf995194ebf2b2d	discovery	53	69	54	69	0.5	+	ATTAAGGTATTAGGGG	4.692694664001465
EMB_multiscale_C08	tjupan_bacillus_subtilis_main_2bdb32bb685dc1db	tjupan_bacillus_subtilis_main_2bdb32bb685dc1db	discovery	57	73	58	73	4.5	+	ATGAAAAATAGGATTG	4.741559982299805
EMB_multiscale_C08	tjupan_bacillus_subtilis_main_2b2db3c55e03b737	dbtbs_bsub_core_9d26dfa3049d6f00	discovery	65	81	66	81	12.5	+	TAAACTTTAAAGTAGT	4.763476848602295
EMB_multiscale_C08	tjupan_bacillus_subtilis_main_c2d54a415a7d048a	dbtbs_bsub_core_c2d54a415a7d048a	discovery	8	24	9	24	-44.5	+	GAAAAAGTTTAGTTCT	4.784919738769531
EMB_multiscale_C08	tjupan_bacillus_subtilis_main_e326833d29b8752f	dbtbs_bsub_core_e326833d29b8752f	discovery	59	75	60	75	6.5	+	AGAAAAGGAGTGTGCT	4.8498969078063965
EMB_multiscale_C08	tjupan_bacillus_subtilis_main_ba9efec60bbd4a6b	tjupan_bacillus_subtilis_main_ba9efec60bbd4a6b	discovery	59	75	60	75	6.5	+	TAAAAAATAGGACATG	4.92201042175293
EMB_multiscale_C08	tjupan_bacillus_subtilis_main_6901d7d50287d8c1	dbtbs_bsub_core_6901d7d50287d8c1	discovery	50	66	51	66	-2.5	+	ACCCTAAAAAGGGGTT	5.112594127655029
EMB_multiscale_C08	tjupan_bacillus_subtilis_main_92b62a9d8d87ace9	dbtbs_bsub_core_92b62a9d8d87ace9	discovery	65	81	66	81	12.5	+	GAAAAAAAAGGAGGAA	5.7140631675720215
EMB_multiscale_C09	tjupan_bacillus_subtilis_main_08d810e756c7d81b	tjupan_bacillus_subtilis_main_08d810e756c7d81b	discovery	13	29	14	29	-39.5	+	TGATTAATTTTAGGTT	2.318819046020508
EMB_multiscale_C09	tjupan_bacillus_subtilis_main_60ee42342c88d235	tjupan_bacillus_subtilis_main_60ee42342c88d235	discovery	7	23	8	23	-45.5	+	TTTACATTTTTAAAGA	2.43233323097229
EMB_multiscale_C09	tjupan_bacillus_subtilis_main_ad5b6a3a851181b1	dbtbs_bsub_core_ad5b6a3a851181b1	discovery	4	20	5	20	-48.5	+	GTTGATTTTTATCAAT	2.452338457107544
EMB_multiscale_C09	tjupan_bacillus_subtilis_main_9a6d97baf1c02d30	dbtbs_bsub_core_9a6d97baf1c02d30	discovery	15	31	16	31	-37.5	+	TAAATTTTATTTGACA	2.4710276126861572
EMB_multiscale_C09	tjupan_bacillus_subtilis_main_3270409c742f3314	dbtbs_bsub_core_edd6f2ee95c58508	discovery	63	79	64	79	10.5	+	ATAAATTTTTAGATTA	2.4975051879882812
EMB_multiscale_C09	tjupan_bacillus_subtilis_main_ff61268918c0af5d	tjupan_bacillus_subtilis_main_ff61268918c0af5d	discovery	2	18	3	18	-50.5	+	TATCTTTATTTTTAAG	2.543196439743042
EMB_multiscale_C09	tjupan_bacillus_subtilis_main_7358cf40e4efa482	tjupan_bacillus_subtilis_main_7358cf40e4efa482	discovery	62	78	63	78	9.5	+	ATGGCTTTTTATATGT	2.5565969944000244
EMB_multiscale_C09	tjupan_bacillus_subtilis_main_a43a1f032db2e49e	dbtbs_bsub_core_872c1380ac7bb81f	discovery	47	63	48	63	-5.5	+	CATAATTTTTAATAGG	2.5621392726898193
EMB_multiscale_C09	tjupan_bacillus_subtilis_main_bb68072522710571	dbtbs_bsub_core_bb68072522710571	discovery	6	22	7	22	-46.5	+	TTTACATTTTTAGAAA	2.573617458343506
EMB_multiscale_C09	tjupan_bacillus_subtilis_main_4648c22f43ae6952	tjupan_bacillus_subtilis_main_4648c22f43ae6952	discovery	18	34	19	34	-34.5	+	ATACTTTTAATATTTG	2.62019419670105
EMB_multiscale_C09	tjupan_bacillus_subtilis_main_fea876b7208e46e3	dbtbs_bsub_core_fea876b7208e46e3	discovery	64	80	65	80	11.5	+	ATGTATTTTTGATAAG	2.6988673210144043
EMB_multiscale_C09	tjupan_bacillus_subtilis_main_79d6d17268b5d0ce	dbtbs_bsub_core_94e9d8c40cf791b3	discovery	4	20	5	20	-48.5	+	TTGGAAATTTATTAGA	2.7159039974212646
EMB_multiscale_C09	tjupan_bacillus_subtilis_main_0710c2f2267154d3	dbtbs_bsub_core_0710c2f2267154d3	discovery	37	53	38	53	-15.5	+	CTTATTTTTCATAACT	2.7435851097106934
EMB_multiscale_C09	tjupan_bacillus_subtilis_main_bba2e45eb636482b	dbtbs_bsub_core_bba2e45eb636482b	discovery	0	16	1	16	-52.5	+	GGTAATTTTTACTGTT	2.756434917449951
EMB_multiscale_C09	tjupan_bacillus_subtilis_main_0b104549c8fd9755	dbtbs_bsub_core_0b104549c8fd9755	discovery	65	81	66	81	12.5	+	AGTTTTTTTATGAAAG	2.7782554626464844
EMB_multiscale_C09	tjupan_bacillus_subtilis_main_1cd26aa95d9363dc	dbtbs_bsub_core_1cd26aa95d9363dc	discovery	2	18	3	18	-50.5	+	AAACTTTATTTGTCAT	2.7926173210144043
EMB_multiscale_C09	tjupan_bacillus_subtilis_main_8a4a22c637647f42	dbtbs_bsub_core_8a4a22c637647f42	discovery	9	25	10	25	-43.5	+	ACCTTTAATTTGTATT	2.799196243286133
EMB_multiscale_C09	tjupan_bacillus_subtilis_main_3c72a88384ee6013	tjupan_bacillus_subtilis_main_3c72a88384ee6013	discovery	16	32	17	32	-36.5	+	TTATTTTTGTATTAAC	2.813798427581787
EMB_multiscale_C09	tjupan_bacillus_subtilis_main_d9679a25a18d6da1	tjupan_bacillus_subtilis_main_c9bc5ed233eba13a	discovery	27	43	28	43	-25.5	+	TTCATTTTATTGTTAA	2.834670305252075
EMB_multiscale_C09	tjupan_bacillus_subtilis_main_c180878a6f782e9f	dbtbs_bsub_core_c180878a6f782e9f	discovery	30	46	31	46	-22.5	+	TTAATTTTTATTCATG	2.8809239864349365
EMB_multiscale_C09	tjupan_bacillus_subtilis_main_ba49f50d8b0af1c7	dbtbs_bsub_core_8a4a22c637647f42	discovery	9	25	10	25	-43.5	+	AACCTTTAATTTGTAT	2.8999252319335938
EMB_multiscale_C09	tjupan_bacillus_subtilis_main_f05d30123c592277	dbtbs_bsub_core_f05d30123c592277	discovery	58	74	59	74	5.5	+	ATATAAGTTTTTTCTG	2.906360626220703
EMB_multiscale_C09	tjupan_bacillus_subtilis_main_32a70db45859cbb9	dbtbs_bsub_core_32a70db45859cbb9	discovery	30	46	31	46	-22.5	+	GTATTTTATTTTCCGT	2.939973831176758
EMB_multiscale_C09	tjupan_bacillus_subtilis_main_047e296b8721a352	dbtbs_bsub_core_d618c1525725d045	discovery	62	78	63	78	9.5	+	CATCTAATTTTAAGGA	2.946932554244995
EMB_multiscale_C09	tjupan_bacillus_subtilis_main_6361ce51efe0f541	dbtbs_bsub_core_b928ebfb52e4cb48	discovery	6	22	7	22	-46.5	+	CTTATTTTTTGATAAA	2.949519157409668
EMB_multiscale_C09	tjupan_bacillus_subtilis_main_0b565809576a9e0f	dbtbs_bsub_core_0fcadafa827fb8cf	discovery	43	59	44	59	-9.5	+	GTGATAATTTTAAATG	2.9566783905029297
EMB_multiscale_C09	tjupan_bacillus_subtilis_main_e1ad11de708bb9dd	dbtbs_bsub_core_0ce0cc9e187b5d37	discovery	13	29	14	29	-39.5	+	TTTTTACTATTTTGTG	2.95719051361084
EMB_multiscale_C09	tjupan_bacillus_subtilis_main_dccf4ca03cd1642b	dbtbs_bsub_core_dccf4ca03cd1642b	discovery	1	17	2	17	-51.5	+	ATAAGCTTTTTTATAC	2.9633867740631104
EMB_multiscale_C09	tjupan_bacillus_subtilis_main_cb8c6e383b33abd4	dbtbs_bsub_core_cb8c6e383b33abd4	discovery	2	18	3	18	-50.5	+	ACTGGTATTTTTTTCA	2.9705166816711426
EMB_multiscale_C09	tjupan_bacillus_subtilis_main_5d881eac8b46d627	dbtbs_bsub_core_5d881eac8b46d627	discovery	3	19	4	19	-49.5	+	TATAGTTTAATTTAAA	2.9744668006896973
EMB_multiscale_C09	tjupan_bacillus_subtilis_main_3adf706b5413c6ce	tjupan_bacillus_subtilis_main_3adf706b5413c6ce	discovery	5	21	6	21	-47.5	+	TGTTACATTTTATAAC	2.982680559158325
EMB_multiscale_C09	tjupan_bacillus_subtilis_main_e66d1eb3358cf03d	dbtbs_bsub_core_601150b85493a7a1	discovery	0	16	1	16	-52.5	+	TGTTTATTTTTAAAAA	2.9849562644958496
EMB_multiscale_C09	tjupan_bacillus_subtilis_main_85511e0264f2e3b8	dbtbs_bsub_core_35445cef3104bf74	discovery	6	22	7	22	-46.5	+	TTTTCTTATTTGCAAA	2.9906935691833496
EMB_multiscale_C09	tjupan_bacillus_subtilis_main_48b85a8a5c19ece4	dbtbs_bsub_core_7730e205ee5d9991	discovery	0	16	1	16	-52.5	+	TAAGTTTTAATATTAA	2.9934792518615723
EMB_multiscale_C09	tjupan_bacillus_subtilis_main_77dc78ed29025116	dbtbs_bsub_core_77dc78ed29025116	discovery	24	40	25	40	-28.5	+	AATTTATTTTTCAAAT	2.997673273086548
EMB_multiscale_C09	tjupan_bacillus_subtilis_main_c9bc5ed233eba13a	tjupan_bacillus_subtilis_main_c9bc5ed233eba13a	discovery	34	50	35	50	-18.5	+	TTCATTTTATTGTTAA	3.021418809890747
EMB_multiscale_C09	tjupan_bacillus_subtilis_main_91723abad13f63e4	tjupan_bacillus_subtilis_main_91723abad13f63e4	discovery	34	50	35	50	-18.5	+	AGCGTTTTTATAATTA	3.0320496559143066
EMB_multiscale_C09	tjupan_bacillus_subtilis_main_2e59e247c2d07b0b	tjupan_bacillus_subtilis_main_2e59e247c2d07b0b	discovery	4	20	5	20	-48.5	+	TGTCATTTTTTATTAA	3.038767099380493
EMB_multiscale_C09	tjupan_bacillus_subtilis_main_4059ca0cce5522a4	tjupan_bacillus_subtilis_main_4059ca0cce5522a4	discovery	6	22	7	22	-46.5	+	AAATTTTTTATCTTAT	3.0449743270874023
EMB_multiscale_C09	tjupan_bacillus_subtilis_main_c3fafc97a347852e	tjupan_bacillus_subtilis_main_c3fafc97a347852e	discovery	2	18	3	18	-50.5	+	TCTTTGTTTATTAATA	3.0930018424987793
EMB_multiscale_C09	tjupan_bacillus_subtilis_main_32475822eb2ec4c0	tjupan_bacillus_subtilis_main_32475822eb2ec4c0	discovery	31	47	32	47	-21.5	+	TTTTGCAATTTTATAT	3.100590705871582
EMB_multiscale_C09	tjupan_bacillus_subtilis_main_412fe696982b64f9	dbtbs_bsub_core_412fe696982b64f9	discovery	37	53	38	53	-15.5	+	TTTTTTCATTTAAACT	3.1471941471099854
EMB_multiscale_C09	tjupan_bacillus_subtilis_main_66846fa14c29dbc1	dbtbs_bsub_core_89ab3601fa8ac055	discovery	0	16	1	16	-52.5	+	GATTTTATCTTAAATG	3.1570475101470947
EMB_multiscale_C09	tjupan_bacillus_subtilis_main_43fbda6e3c3abdae	dbtbs_bsub_core_c62c8589a5774a74	discovery	5	21	6	21	-47.5	+	AAACTTATTTTATAAA	3.158043622970581
EMB_multiscale_C09	tjupan_bacillus_subtilis_main_ed12f07c80365cbc	dbtbs_bsub_core_09dd4c8ba7bc09c6	discovery	62	78	63	78	9.5	+	GAGTTTTTTATGGAGA	3.193829298019409
EMB_multiscale_C09	tjupan_bacillus_subtilis_main_29dff321a99fa8a2	dbtbs_bsub_core_e964a63647aab2c6	discovery	12	28	13	28	-40.5	+	TATTTTTTGATTATTC	3.2015368938446045
EMB_multiscale_C09	tjupan_bacillus_subtilis_main_73a7b40a4dc814aa	dbtbs_bsub_core_bdba293c4926b88d	discovery	24	40	25	40	-28.5	+	TTCCTATTTTTAAGAC	3.220961570739746
EMB_multiscale_C09	tjupan_bacillus_subtilis_main_b7c0b4323e70fc71	dbtbs_bsub_core_b7c0b4323e70fc71	discovery	33	49	34	49	-19.5	+	TTTTTTATTTTAGCCC	3.2328503131866455
EMB_multiscale_C09	tjupan_bacillus_subtilis_main_76909c0ebd8db916	dbtbs_bsub_core_d5153844984277ea	discovery	30	46	31	46	-22.5	+	ATGGCTTTTTATATGT	3.233264446258545
EMB_multiscale_C09	tjupan_bacillus_subtilis_main_671ae756f8df7bca	dbtbs_bsub_core_340ffe292c28e826	discovery	11	27	12	27	-41.5	+	TTTTCTATTTTGGTAC	3.2483811378479004
EMB_multiscale_C09	tjupan_bacillus_subtilis_main_4a76c51266c80a0f	dbtbs_bsub_core_b905bf06b88d4e46	discovery	4	20	5	20	-48.5	+	AAATTGTTTTGATTTA	3.2613134384155273
EMB_multiscale_C09	tjupan_bacillus_subtilis_main_4b32f81551985923	tjupan_bacillus_subtilis_main_4b32f81551985923	discovery	2	18	3	18	-50.5	+	ACTTTTTTATTTGCGG	3.265160083770752
EMB_multiscale_C09	tjupan_bacillus_subtilis_main_05b3d931ff35d8e8	dbtbs_bsub_core_05b3d931ff35d8e8	discovery	47	63	48	63	-5.5	+	TATATTTTTCTATGGA	3.2771942615509033
EMB_multiscale_C09	tjupan_bacillus_subtilis_main_8560b0f67ab5f5ab	dbtbs_bsub_core_f7a2628d99aff81a	discovery	2	18	3	18	-50.5	+	GTCGTTTTTTATAAAA	3.2778127193450928
EMB_multiscale_C09	tjupan_bacillus_subtilis_main_efde358c620c36bd	dbtbs_bsub_core_efde358c620c36bd	discovery	29	45	30	45	-23.5	+	TTTTTTCTATTTATGA	3.29197359085083
EMB_multiscale_C09	tjupan_bacillus_subtilis_main_eaa75817f87b3088	dbtbs_bsub_core_71c43b52121900cc	discovery	9	25	10	25	-43.5	+	ATTCTTATTTTAATAG	3.293487310409546
EMB_multiscale_C09	tjupan_bacillus_subtilis_main_9d5c52bb0fa0ffad	dbtbs_bsub_core_9d5c52bb0fa0ffad	discovery	65	81	66	81	12.5	+	TGATTGCATTTTAAAA	3.2951555252075195
EMB_multiscale_C09	tjupan_bacillus_subtilis_main_02077247d0a8a665	dbtbs_bsub_core_e82d4ff28ccc2c95	discovery	36	52	37	52	-16.5	+	CGTTTATTTTGGTATT	3.2992355823516846
EMB_multiscale_C09	tjupan_bacillus_subtilis_main_4915fc510c1f847f	tjupan_bacillus_subtilis_main_4915fc510c1f847f	discovery	10	26	11	26	-42.5	+	TTTTTTATTTATCTGT	3.3031184673309326
EMB_multiscale_C09	tjupan_bacillus_subtilis_main_8e892e5639ef0ac1	dbtbs_bsub_core_d25c674b3a14df1a	discovery	3	19	4	19	-49.5	+	TTTTTATTTTCTTAAT	3.3098340034484863
EMB_multiscale_C09	tjupan_bacillus_subtilis_main_0fe342e604184137	dbtbs_bsub_core_f039c4e5fee11aa3	discovery	12	28	13	28	-40.5	+	CACTTTTTTAAGAATG	3.3186910152435303
EMB_multiscale_C09	tjupan_bacillus_subtilis_main_f3b59cc74d659ebc	dbtbs_bsub_core_866d6e8af07c9412	discovery	8	24	9	24	-44.5	+	CTTTTTTTAACATGAT	3.3194684982299805
EMB_multiscale_C09	tjupan_bacillus_subtilis_main_0c4104d2e02c2e3b	dbtbs_bsub_core_a955cdf3a08d689c	discovery	26	42	27	42	-26.5	+	TGATTATTTTTTAAAT	3.342578887939453
EMB_multiscale_C09	tjupan_bacillus_subtilis_main_d0e455b1c91ba281	dbtbs_bsub_core_f6e924d0656980ad	discovery	13	29	14	29	-39.5	+	CCAATAATTTTAACGA	3.3652658462524414
EMB_multiscale_C09	tjupan_bacillus_subtilis_main_834e21e1951468f3	tjupan_bacillus_subtilis_main_834e21e1951468f3	discovery	31	47	32	47	-21.5	+	ACATTTTTCATATTGA	3.3884811401367188
EMB_multiscale_C09	tjupan_bacillus_subtilis_main_754ac4e873f6c24d	tjupan_bacillus_subtilis_main_754ac4e873f6c24d	discovery	46	62	47	62	-6.5	+	ATATGCTTTTTAGCAA	3.411146640777588
EMB_multiscale_C09	tjupan_bacillus_subtilis_main_a52148b067c7a32f	tjupan_bacillus_subtilis_main_a52148b067c7a32f	discovery	1	17	2	17	-51.5	+	TGTTTTTTTATGCGTT	3.4147884845733643
EMB_multiscale_C09	tjupan_bacillus_subtilis_main_1732506bbac23b7c	dbtbs_bsub_core_1732506bbac23b7c	discovery	47	63	48	63	-5.5	+	TTTTATTTTTAATGAA	3.453601837158203
EMB_multiscale_C09	tjupan_bacillus_subtilis_main_4e48cd3162b15e74	tjupan_bacillus_subtilis_main_4e48cd3162b15e74	discovery	5	21	6	21	-47.5	+	AAAATTTATTTCTTTG	3.4779579639434814
EMB_multiscale_C09	tjupan_bacillus_subtilis_main_61d216a2a24189d0	dbtbs_bsub_core_61d216a2a24189d0	discovery	61	77	62	77	8.5	+	TCAGATATTTTTCGGA	3.485685348510742
EMB_multiscale_C09	tjupan_bacillus_subtilis_main_9d589577eb1cbe67	tjupan_bacillus_subtilis_main_9d589577eb1cbe67	discovery	3	19	4	19	-49.5	+	CGTAAATTTTGTTACT	3.487683057785034
EMB_multiscale_C09	tjupan_bacillus_subtilis_main_35bf7199ae44b70c	dbtbs_bsub_core_35bf7199ae44b70c	discovery	28	44	29	44	-24.5	+	TTTTTTTATTGTTTTG	3.489527940750122
EMB_multiscale_C09	tjupan_bacillus_subtilis_main_2330b24ab93e80ef	dbtbs_bsub_core_747f22d2323a8765	discovery	8	24	9	24	-44.5	+	AATAAATTTTGCATTT	3.4910433292388916
EMB_multiscale_C09	tjupan_bacillus_subtilis_main_ae3d0ab77a583f3f	tjupan_bacillus_subtilis_main_ae3d0ab77a583f3f	discovery	0	16	1	16	-52.5	+	TGCTTTTTTATTGAGA	3.5048954486846924
EMB_multiscale_C09	tjupan_bacillus_subtilis_main_a9fde0fdd238b261	dbtbs_bsub_core_06588c97cd7288a8	discovery	40	56	41	56	-12.5	+	CCTTTTTTGATACAAA	3.5092077255249023
EMB_multiscale_C09	tjupan_bacillus_subtilis_main_86c973796d10f50f	dbtbs_bsub_core_86c973796d10f50f	discovery	9	25	10	25	-43.5	+	ATTGGTTATTTTTATT	3.5094692707061768
EMB_multiscale_C09	tjupan_bacillus_subtilis_main_5957e34dfa6ab85c	tjupan_bacillus_subtilis_main_5957e34dfa6ab85c	discovery	6	22	7	22	-46.5	+	TGTTTTTTTATTAGGA	3.5135815143585205
EMB_multiscale_C09	tjupan_bacillus_subtilis_main_edce5d598636e106	dbtbs_bsub_core_39acf3daf47ccd69	discovery	0	16	1	16	-52.5	+	TTTTATTGTTTTTTAA	3.533348560333252
EMB_multiscale_C09	tjupan_bacillus_subtilis_main_9361e0f82edaa017	tjupan_bacillus_subtilis_main_9361e0f82edaa017	discovery	2	18	3	18	-50.5	+	ACCGAATTTTAAATCA	3.5685038566589355
EMB_multiscale_C09	tjupan_bacillus_subtilis_main_10eb69ed5f79bca3	dbtbs_bsub_core_e365baa66d245063	discovery	9	25	10	25	-43.5	+	TTTCCTATTGTTTTGC	3.593583106994629
EMB_multiscale_C09	tjupan_bacillus_subtilis_main_ff3d11f785ddd890	dbtbs_bsub_core_ff3d11f785ddd890	discovery	65	81	66	81	12.5	+	AACCATAAATTTTTTC	3.5993471145629883
EMB_multiscale_C09	tjupan_bacillus_subtilis_main_6e989f822c0894af	dbtbs_bsub_core_bb5ca17cb9317fea	discovery	22	38	23	38	-30.5	+	CTTTTGTATTTATTAA	3.603417158126831
EMB_multiscale_C09	tjupan_bacillus_subtilis_main_24675587b92cc4c7	tjupan_bacillus_subtilis_main_24675587b92cc4c7	discovery	20	36	21	36	-32.5	+	TGTTCATATTTTTTTC	3.6311166286468506
EMB_multiscale_C09	tjupan_bacillus_subtilis_main_61c707ac72aeda97	tjupan_bacillus_subtilis_main_61c707ac72aeda97	discovery	19	35	20	35	-33.5	+	GTTTTTTTCATAAGTA	3.635244846343994
EMB_multiscale_C09	tjupan_bacillus_subtilis_main_be557af728070615	tjupan_bacillus_subtilis_main_be557af728070615	discovery	2	18	3	18	-50.5	+	TCAGATTTTTTAGGTA	3.638352155685425
EMB_multiscale_C09	tjupan_bacillus_subtilis_main_cf3def291394eeb9	tjupan_bacillus_subtilis_main_cf3def291394eeb9	discovery	65	81	66	81	12.5	+	GTAACTTTTTATAGGT	3.649486780166626
EMB_multiscale_C09	tjupan_bacillus_subtilis_main_f0903ae0ab41d118	dbtbs_bsub_core_16fb2108119b7eaf	discovery	11	27	12	27	-41.5	+	TAAGTTTATTTCATTG	3.6535048484802246
EMB_multiscale_C09	tjupan_bacillus_subtilis_main_7942697cd86d944b	tjupan_bacillus_subtilis_main_7942697cd86d944b	discovery	10	26	11	26	-42.5	+	ATTTTTTAAATATTCT	3.682669162750244
EMB_multiscale_C09	tjupan_bacillus_subtilis_main_2db0b8f33ca38a29	tjupan_bacillus_subtilis_main_2db0b8f33ca38a29	discovery	11	27	12	27	-41.5	+	TTTTTTATTTCTTCGA	3.688657760620117
EMB_multiscale_C09	tjupan_bacillus_subtilis_main_9d34f9d9e0ee0e26	dbtbs_bsub_core_9d34f9d9e0ee0e26	discovery	14	30	15	30	-38.5	+	GTCTTAAAATTTTGAA	3.691089391708374
EMB_multiscale_C09	tjupan_bacillus_subtilis_main_f869091e55050110	tjupan_bacillus_subtilis_main_f869091e55050110	discovery	0	16	1	16	-52.5	+	TTATAGATTTTTTTTA	3.7012581825256348
EMB_multiscale_C09	tjupan_bacillus_subtilis_main_354da8035d16f701	dbtbs_bsub_core_1ee6e81d7c1d1fa1	discovery	13	29	14	29	-39.5	+	ATCTTTTTGTTATTGA	3.7042033672332764
EMB_multiscale_C09	tjupan_bacillus_subtilis_main_0261e5d9e5354132	tjupan_bacillus_subtilis_main_0261e5d9e5354132	discovery	6	22	7	22	-46.5	+	ATTAGTTTTTTAACTT	3.711556911468506
EMB_multiscale_C09	tjupan_bacillus_subtilis_main_8421a3506bc3ca2c	tjupan_bacillus_subtilis_main_8421a3506bc3ca2c	discovery	25	41	26	41	-27.5	+	TAGACATTTAAAATTA	3.7246785163879395
EMB_multiscale_C09	tjupan_bacillus_subtilis_main_1a8b81622422b81c	dbtbs_bsub_core_045e4f174337aedd	discovery	62	78	63	78	9.5	+	TTTTTGTTTATTCTGA	3.725517511367798
EMB_multiscale_C09	tjupan_bacillus_subtilis_main_eb11019c71a3a745	tjupan_bacillus_subtilis_main_eb11019c71a3a745	discovery	62	78	63	78	9.5	+	GTGTGATTTTTAAAAA	3.734365224838257
EMB_multiscale_C09	tjupan_bacillus_subtilis_main_3ac22b11e92c0ec1	tjupan_bacillus_subtilis_main_3ac22b11e92c0ec1	discovery	44	60	45	60	-8.5	+	TGCATTTTTATTCATA	3.738175868988037
EMB_multiscale_C09	tjupan_bacillus_subtilis_main_dbf995194ebf2b2d	dbtbs_bsub_core_dbf995194ebf2b2d	discovery	44	60	45	60	-8.5	+	AACGATTTAATTAAGG	3.756650686264038
EMB_multiscale_C09	tjupan_bacillus_subtilis_main_eebec5ad9a06df67	dbtbs_bsub_core_5cddd19c752675c8	discovery	58	74	59	74	5.5	+	GTAATTATTTTTGTTC	3.765500068664551
EMB_multiscale_C09	tjupan_bacillus_subtilis_main_c2d54a415a7d048a	dbtbs_bsub_core_c2d54a415a7d048a	discovery	29	45	30	45	-23.5	+	AACATTTTTCAATACA	3.7733240127563477
EMB_multiscale_C09	tjupan_bacillus_subtilis_main_3eb701a469cb4095	tjupan_bacillus_subtilis_main_3eb701a469cb4095	discovery	5	21	6	21	-47.5	+	CTTTCAATTTTGCTTC	3.7756569385528564
EMB_multiscale_C09	tjupan_bacillus_subtilis_main_954287dc5b301340	tjupan_bacillus_subtilis_main_954287dc5b301340	discovery	18	34	19	34	-34.5	+	TGGCAAATTTTATCGA	3.8017468452453613
EMB_multiscale_C09	tjupan_bacillus_subtilis_main_1dc2eb4818f9715a	dbtbs_bsub_core_1dc2eb4818f9715a	discovery	65	81	66	81	12.5	+	AATTATAACTTTTTGA	3.8264219760894775
EMB_multiscale_C09	tjupan_bacillus_subtilis_main_216653931b9dfc0d	tjupan_bacillus_subtilis_main_216653931b9dfc0d	discovery	28	44	29	44	-24.5	+	TGATTTTTATTTAGTA	3.8736391067504883
EMB_multiscale_C09	tjupan_bacillus_subtilis_main_0ba2ad2fd14630a8	dbtbs_bsub_core_0ba2ad2fd14630a8	discovery	55	71	56	71	2.5	+	CTTATTTTTTGATAAA	3.8786368370056152
EMB_multiscale_C09	tjupan_bacillus_subtilis_main_a92ee416463b3fc1	dbtbs_bsub_core_585820026d8d814d	discovery	12	28	13	28	-40.5	+	TTATGATTTTTTTAGA	3.882394552230835
EMB_multiscale_C09	tjupan_bacillus_subtilis_main_2bdb32bb685dc1db	tjupan_bacillus_subtilis_main_2bdb32bb685dc1db	discovery	17	33	18	33	-35.5	+	TTTTATTTTTATGCAT	3.89285945892334
EMB_multiscale_C09	tjupan_bacillus_subtilis_main_d497e040ececfdff	dbtbs_bsub_core_a797439cbe2b0d85	discovery	2	18	3	18	-50.5	+	GTCTAATAATTTTAAA	3.907248020172119
EMB_multiscale_C09	tjupan_bacillus_subtilis_main_583caee20795a363	dbtbs_bsub_core_eb847cafc60502c2	discovery	24	40	25	40	-28.5	+	TTGCATTAATTTAAAA	3.9267666339874268
EMB_multiscale_C09	tjupan_bacillus_subtilis_main_b24feeda89db5dfd	dbtbs_bsub_core_b24feeda89db5dfd	discovery	62	78	63	78	9.5	+	GTCATTTTTTAGGAGG	3.930521249771118
EMB_multiscale_C09	tjupan_bacillus_subtilis_main_43596a46e3e4ddaa	tjupan_bacillus_subtilis_main_43596a46e3e4ddaa	discovery	27	43	28	43	-25.5	+	ATCTCAATTTTAAAAG	3.9664382934570312
EMB_multiscale_C09	tjupan_bacillus_subtilis_main_4cf64b5587e1d04e	dbtbs_bsub_core_4cf64b5587e1d04e	discovery	2	18	3	18	-50.5	+	CAGAAATATTTTCCCT	3.9819366931915283
EMB_multiscale_C09	tjupan_bacillus_subtilis_main_a2cd64f7b02e9630	tjupan_bacillus_subtilis_main_a2cd64f7b02e9630	discovery	3	19	4	19	-49.5	+	GAATAAGTTTTTCAAA	3.9990170001983643
EMB_multiscale_C09	tjupan_bacillus_subtilis_main_67a8fe9203485bd0	dbtbs_bsub_core_67a8fe9203485bd0	discovery	7	23	8	23	-45.5	+	AGTTTTTTTGGATAGG	4.000228404998779
EMB_multiscale_C09	tjupan_bacillus_subtilis_main_5787c658c95c4762	tjupan_bacillus_subtilis_main_5787c658c95c4762	discovery	63	79	64	79	10.5	+	TTAAGAATTTCTTTAT	4.009301662445068
EMB_multiscale_C09	tjupan_bacillus_subtilis_main_acb860b1f6674578	dbtbs_bsub_core_f1e6e06788e9c9fd	discovery	31	47	32	47	-21.5	+	CTTTTTTTTATAAAAA	4.017820358276367
EMB_multiscale_C09	tjupan_bacillus_subtilis_main_cd5426fc6bacf792	dbtbs_bsub_core_cd5426fc6bacf792	discovery	51	67	52	67	-1.5	+	GATTATTTTTATAATT	4.039892196655273
EMB_multiscale_C09	tjupan_bacillus_subtilis_main_51e2f43063a3baab	tjupan_bacillus_subtilis_main_51e2f43063a3baab	discovery	21	37	22	37	-31.5	+	TTTTCATTTTTATCCC	4.041075706481934
EMB_multiscale_C09	tjupan_bacillus_subtilis_main_a26ee3e07cf1eedf	dbtbs_bsub_core_a26ee3e07cf1eedf	discovery	65	81	66	81	12.5	+	GTTTTTTTATGAAGAT	4.0458903312683105
EMB_multiscale_C09	tjupan_bacillus_subtilis_main_632ff1f5d92b347a	tjupan_bacillus_subtilis_main_632ff1f5d92b347a	discovery	25	41	26	41	-27.5	+	TTTTTCTTTATTACTA	4.06362247467041
EMB_multiscale_C09	tjupan_bacillus_subtilis_main_fcf1520effc316d9	dbtbs_bsub_core_fcf1520effc316d9	discovery	4	20	5	20	-48.5	+	ATTTTTTTCAAAATAT	4.075965881347656
EMB_multiscale_C09	tjupan_bacillus_subtilis_main_5e34c7286340c249	dbtbs_bsub_core_0fedc539a64a99b7	discovery	65	81	66	81	12.5	+	GTTTTTTTATATTAAT	4.0916643142700195
EMB_multiscale_C09	tjupan_bacillus_subtilis_main_5150105a4bdfd4ce	tjupan_bacillus_subtilis_main_5150105a4bdfd4ce	discovery	12	28	13	28	-40.5	+	GCTTTTTTATTTCTTC	4.095290184020996
EMB_multiscale_C09	tjupan_bacillus_subtilis_main_8797dcd405b13c8e	tjupan_bacillus_subtilis_main_8797dcd405b13c8e	discovery	59	75	60	75	6.5	+	AATATTTATTTATAGG	4.1007819175720215
EMB_multiscale_C09	tjupan_bacillus_subtilis_main_f1fe1806a852fcba	dbtbs_bsub_core_f1fe1806a852fcba	discovery	0	16	1	16	-52.5	+	GTTTTTTAAAATGCTT	4.1701884269714355
EMB_multiscale_C09	tjupan_bacillus_subtilis_main_c204793b69b45448	dbtbs_bsub_core_c204793b69b45448	discovery	20	36	21	36	-32.5	+	AGAGGATTTTACATAA	4.190284252166748
EMB_multiscale_C09	tjupan_bacillus_subtilis_main_edadeeaf4ff7a848	tjupan_bacillus_subtilis_main_edadeeaf4ff7a848	discovery	51	67	52	67	-1.5	+	TGAAAATTTTTCGATT	4.2078399658203125
EMB_multiscale_C09	tjupan_bacillus_subtilis_main_0a71b8cbf4011c3b	dbtbs_bsub_core_dc5af08cd1bffe94	discovery	26	42	27	42	-26.5	+	AAGGATTTTCTTACAT	4.219212532043457
EMB_multiscale_C09	tjupan_bacillus_subtilis_main_6901d7d50287d8c1	dbtbs_bsub_core_6901d7d50287d8c1	discovery	13	29	14	29	-39.5	+	TTTTTATTGGTTTAAA	4.225942134857178
EMB_multiscale_C09	tjupan_bacillus_subtilis_main_ac1a0a0a579397f6	tjupan_bacillus_subtilis_main_ac1a0a0a579397f6	discovery	16	32	17	32	-36.5	+	CTTTTTTAATCGGAAT	4.293559551239014
EMB_multiscale_C09	tjupan_bacillus_subtilis_main_e4dda028e03de313	dbtbs_bsub_core_e4dda028e03de313	discovery	4	20	5	20	-48.5	+	CGTTTTTTTGTAAAAA	4.299345016479492
EMB_multiscale_C09	tjupan_bacillus_subtilis_main_89f3272bd34ff475	tjupan_bacillus_subtilis_main_89f3272bd34ff475	discovery	0	16	1	16	-52.5	+	TAAATGGTTTTTTTAA	4.313681602478027
EMB_multiscale_C09	tjupan_bacillus_subtilis_main_8b7394af6b78d50f	dbtbs_bsub_core_c890b4346c03f247	discovery	65	81	66	81	12.5	+	GAAAAATCATTTTATT	4.321361541748047
EMB_multiscale_C09	tjupan_bacillus_subtilis_main_71eaf5cbf249113b	dbtbs_bsub_core_71eaf5cbf249113b	discovery	65	81	66	81	12.5	+	AAAATGATTAATTTTA	4.3234405517578125
EMB_multiscale_C09	tjupan_bacillus_subtilis_main_f7fb3b6a673b2fe9	dbtbs_bsub_core_4c8b5a3cc4c24c6c	discovery	23	39	24	39	-29.5	+	GGGTTGTTTTTAAAAA	4.332281589508057
EMB_multiscale_C09	tjupan_bacillus_subtilis_main_fea868950ff1c774	tjupan_bacillus_subtilis_main_fea868950ff1c774	discovery	30	46	31	46	-22.5	+	ATTTTTTTAGGAATTG	4.346782207489014
EMB_multiscale_C09	tjupan_bacillus_subtilis_main_62eb1c4377c084e1	dbtbs_bsub_core_413a4bed9f6cfeea	discovery	61	77	62	77	8.5	+	TCAATATTTTAAAGGG	4.353396415710449
EMB_multiscale_C09	tjupan_bacillus_subtilis_main_fc6071b9027316a7	tjupan_bacillus_subtilis_main_fc6071b9027316a7	discovery	35	51	36	51	-17.5	+	CCATTATTATTTGGTA	4.374048709869385
EMB_multiscale_C09	tjupan_bacillus_subtilis_main_d04a67d8cb9ad084	dbtbs_bsub_core_d04a67d8cb9ad084	discovery	6	22	7	22	-46.5	+	ATATTTTATTTATAAA	4.374146938323975
EMB_multiscale_C09	tjupan_bacillus_subtilis_main_264ccaf63cfb1cfe	tjupan_bacillus_subtilis_main_264ccaf63cfb1cfe	discovery	42	58	43	58	-10.5	+	TCTTTTTTATAAAATG	4.38035249710083
EMB_multiscale_C09	tjupan_bacillus_subtilis_main_8f7d87652de79d90	dbtbs_bsub_core_8f7d87652de79d90	discovery	33	49	34	49	-19.5	+	TAAGATTTTATTAGAA	4.382221698760986
EMB_multiscale_C09	tjupan_bacillus_subtilis_main_118649b56e4ec470	tjupan_bacillus_subtilis_main_118649b56e4ec470	discovery	31	47	32	47	-21.5	+	CACATTTTTATACCCA	4.389928340911865
EMB_multiscale_C09	tjupan_bacillus_subtilis_main_26786ec6f94b1750	dbtbs_bsub_core_26786ec6f94b1750	discovery	3	19	4	19	-49.5	+	CATTTCATTTTCAAAA	4.520371913909912
EMB_multiscale_C09	tjupan_bacillus_subtilis_main_e1d5408a78fdd1c5	dbtbs_bsub_core_f8ce2fa963a01405	discovery	0	16	1	16	-52.5	+	CTTTTTTACCATTCGA	4.5412373542785645
EMB_multiscale_C09	tjupan_bacillus_subtilis_main_f5fed123a3ffd242	dbtbs_bsub_core_f5fed123a3ffd242	discovery	65	81	66	81	12.5	+	GTTTCGTTTTAAAAAG	4.5850629806518555
EMB_multiscale_C09	tjupan_bacillus_subtilis_main_f04c569125ce3afa	dbtbs_bsub_core_85a34ab094cb765f	discovery	22	38	23	38	-30.5	+	ACCCTTTTTTAAGGGC	4.6335248947143555
EMB_multiscale_C09	tjupan_bacillus_subtilis_main_87b26b7083b048a9	dbtbs_bsub_core_fe60102a69552e4c	discovery	13	29	14	29	-39.5	+	TAAGATTAATTTAAAA	4.681920528411865
EMB_multiscale_C09	tjupan_bacillus_subtilis_main_eb3c3d68906264b7	tjupan_bacillus_subtilis_main_eb3c3d68906264b7	discovery	3	19	4	19	-49.5	+	TTTTTGCTTTAAGAAA	4.7331695556640625
EMB_multiscale_C09	tjupan_bacillus_subtilis_main_dc65c8922842b20f	tjupan_bacillus_subtilis_main_dc65c8922842b20f	discovery	27	43	28	43	-25.5	+	CCTCCTTTTAAAAATA	4.733777046203613
EMB_multiscale_C09	tjupan_bacillus_subtilis_main_c648ac4df22b0f89	dbtbs_bsub_core_c648ac4df22b0f89	discovery	5	21	6	21	-47.5	+	ATTTTTTTCCAAAAAT	4.877169609069824
EMB_multiscale_C09	tjupan_bacillus_subtilis_main_e4e4a1be67374f28	dbtbs_bsub_core_e4e4a1be67374f28	discovery	10	26	11	26	-42.5	+	GAGAAAAATTTTTCCT	5.071906566619873
EMB_multiscale_C09	tjupan_bacillus_subtilis_main_c3431646de80d63f	tjupan_bacillus_subtilis_main_c3431646de80d63f	discovery	11	27	12	27	-41.5	+	ACCAAAGTTTTTCTGA	5.129436016082764
EMB_multiscale_C09	tjupan_bacillus_subtilis_main_c1bd3e378306e57e	tjupan_bacillus_subtilis_main_c1bd3e378306e57e	discovery	4	20	5	20	-48.5	+	TGAAAAATTTTTTCCT	5.261492729187012
EMB_multiscale_C10	tjupan_bacillus_subtilis_main_b7240ec09f994729	dbtbs_bsub_core_6cadf10f2f906812	discovery	23	39	24	39	-29.5	+	CTTGACTTTCATAGTC	2.191699266433716
EMB_multiscale_C10	tjupan_bacillus_subtilis_main_8b7394af6b78d50f	dbtbs_bsub_core_c890b4346c03f247	discovery	13	29	14	29	-39.5	+	TAGCCTCTTGTTCAGA	2.21643328666687
EMB_multiscale_C10	tjupan_bacillus_subtilis_main_8e4b7e6c519e170f	tjupan_bacillus_subtilis_main_8e4b7e6c519e170f	discovery	25	41	26	41	-27.5	+	TTGACTTTCTCATGCG	2.245147228240967
EMB_multiscale_C10	tjupan_bacillus_subtilis_main_9e087715e3522ed4	dbtbs_bsub_core_b3df5d74f56f0610	discovery	28	44	29	44	-24.5	+	ACGACTTGTCAGCTTT	2.380699396133423
EMB_multiscale_C10	tjupan_bacillus_subtilis_main_f452c4bef1ed8b92	dbtbs_bsub_core_f452c4bef1ed8b92	discovery	24	40	25	40	-28.5	+	TGTATGCTTCAACTTC	2.4818270206451416
EMB_multiscale_C10	tjupan_bacillus_subtilis_main_e445a9d379a1812a	dbtbs_bsub_core_e445a9d379a1812a	discovery	22	38	23	38	-30.5	+	AATGTGCTTTCCATAT	2.5280680656433105
EMB_multiscale_C10	tjupan_bacillus_subtilis_main_50a7bea74c679f62	tjupan_bacillus_subtilis_main_50a7bea74c679f62	discovery	39	55	40	55	-13.5	+	GGAACTTGTCTCATAG	2.5399630069732666
EMB_multiscale_C10	tjupan_bacillus_subtilis_main_e9d365c0dda7757e	tjupan_bacillus_subtilis_main_e9d365c0dda7757e	discovery	12	28	13	28	-40.5	+	TGTTTCATCGCTTGAA	2.561150074005127
EMB_multiscale_C10	tjupan_bacillus_subtilis_main_8b776572d2e01c62	dbtbs_bsub_core_6736f212a82e3343	discovery	23	39	24	39	-29.5	+	GTACCTGCTTTTCAGA	2.6003129482269287
EMB_multiscale_C10	tjupan_bacillus_subtilis_main_41b76e09c674d652	dbtbs_bsub_core_41b76e09c674d652	discovery	26	42	27	42	-26.5	+	GACTTCGTTTCATGAA	2.603304624557495
EMB_multiscale_C10	tjupan_bacillus_subtilis_main_0f3eb3e9a9977e6d	tjupan_bacillus_subtilis_main_0f3eb3e9a9977e6d	discovery	25	41	26	41	-27.5	+	TGTTTCATCGCTTGAA	2.6723177433013916
EMB_multiscale_C10	tjupan_bacillus_subtilis_main_282b0a85bf46906b	tjupan_bacillus_subtilis_main_282b0a85bf46906b	discovery	3	19	4	19	-49.5	+	CAGCGTTCTTTGTAAG	2.672995090484619
EMB_multiscale_C10	tjupan_bacillus_subtilis_main_0b565809576a9e0f	dbtbs_bsub_core_0fcadafa827fb8cf	discovery	4	20	5	20	-48.5	+	TTTGTATTCACTCTGC	2.6773574352264404
EMB_multiscale_C10	tjupan_bacillus_subtilis_main_8a0979b032bb35c1	dbtbs_bsub_core_33318fe6256d39ff	discovery	9	25	10	25	-43.5	+	CAATTGTTCTGACCTC	2.6999847888946533
EMB_multiscale_C10	tjupan_bacillus_subtilis_main_9ab6c96db0706f0e	dbtbs_bsub_core_c190339743385950	discovery	61	77	62	77	8.5	+	CCTTCCATGTTTCGAG	2.7022461891174316
EMB_multiscale_C10	tjupan_bacillus_subtilis_main_7ac1767347438edd	dbtbs_bsub_core_5c6ce2f66e66fe9e	discovery	32	48	33	48	-20.5	+	TATCATCTGTTTCAAG	2.7438158988952637
EMB_multiscale_C10	tjupan_bacillus_subtilis_main_101463e41079a20e	dbtbs_bsub_core_101463e41079a20e	discovery	33	49	34	49	-19.5	+	ATGCCTGTTATTTCTT	2.763465404510498
EMB_multiscale_C10	tjupan_bacillus_subtilis_main_ade9dc791ab39f6c	dbtbs_bsub_core_ade9dc791ab39f6c	discovery	44	60	45	60	-8.5	+	AGAGTATCTTTTGTAT	2.774160861968994
EMB_multiscale_C10	tjupan_bacillus_subtilis_main_8f9b814f5e8b18ae	dbtbs_bsub_core_8f9b814f5e8b18ae	discovery	30	46	31	46	-22.5	+	TAACGCTGTTCCAAAC	2.8196218013763428
EMB_multiscale_C10	tjupan_bacillus_subtilis_main_90a64d4511c49526	dbtbs_bsub_core_90a64d4511c49526	discovery	32	48	33	48	-20.5	+	CGACTGCCTTTCGGAT	2.821910858154297
EMB_multiscale_C10	tjupan_bacillus_subtilis_main_0a0035c3a0685aa9	dbtbs_bsub_core_d50ffa4df9b8add7	discovery	49	65	50	65	-3.5	+	ATCATGATTCTAACTA	2.8240132331848145
EMB_multiscale_C10	tjupan_bacillus_subtilis_main_2931d3a1a20c25de	dbtbs_bsub_core_60150ba1e82823d4	discovery	33	49	34	49	-19.5	+	CACGTCCTTATTGTCA	2.8404009342193604
EMB_multiscale_C10	tjupan_bacillus_subtilis_main_a7a45131c45395c8	dbtbs_bsub_core_a7a45131c45395c8	discovery	37	53	38	53	-15.5	+	ACACTTCTTGCATTTA	2.8669071197509766
EMB_multiscale_C10	tjupan_bacillus_subtilis_main_50224837ca8eceb5	dbtbs_bsub_core_50224837ca8eceb5	discovery	41	57	42	57	-11.5	+	ATTGGTTCATCCTAAT	2.873250722885132
EMB_multiscale_C10	tjupan_bacillus_subtilis_main_9990510225814384	tjupan_bacillus_subtilis_main_9990510225814384	discovery	17	33	18	33	-35.5	+	GTCGTCCTTGACTAAA	2.9464616775512695
EMB_multiscale_C10	tjupan_bacillus_subtilis_main_b7d5a32e40c68782	tjupan_bacillus_subtilis_main_b7d5a32e40c68782	discovery	30	46	31	46	-22.5	+	TAATCCAGCTTTTCGT	2.956634283065796
EMB_multiscale_C10	tjupan_bacillus_subtilis_main_0261e5d9e5354132	tjupan_bacillus_subtilis_main_0261e5d9e5354132	discovery	40	56	41	56	-12.5	+	AACGCTTTCTTGTAGA	2.9587764739990234
EMB_multiscale_C10	tjupan_bacillus_subtilis_main_e2b483c6aef274e0	dbtbs_bsub_core_175bcd2ea2263ee4	discovery	39	55	40	55	-13.5	+	AAGTTTCATTCGTCTA	2.9728188514709473
EMB_multiscale_C10	tjupan_bacillus_subtilis_main_619ca6b1749e92aa	tjupan_bacillus_subtilis_main_619ca6b1749e92aa	discovery	21	37	22	37	-31.5	+	GCACTATCTTTTGCGG	2.9772744178771973
EMB_multiscale_C10	tjupan_bacillus_subtilis_main_ade14dd3fdacb032	dbtbs_bsub_core_12585b08a658046e	discovery	20	36	21	36	-32.5	+	CTGTACTTGTCATTTA	2.989672899246216
EMB_multiscale_C10	tjupan_bacillus_subtilis_main_adbf75412ef7d5a0	dbtbs_bsub_core_adbf75412ef7d5a0	discovery	9	25	10	25	-43.5	+	TAGTTCCTCTTTGACG	2.9898574352264404
EMB_multiscale_C10	tjupan_bacillus_subtilis_main_76909c0ebd8db916	dbtbs_bsub_core_d5153844984277ea	discovery	62	78	63	78	9.5	+	AAATTCTTCACTTTGT	3.003598690032959
EMB_multiscale_C10	tjupan_bacillus_subtilis_main_0d315ab142d66dcc	dbtbs_bsub_core_76d28d1be3f9f514	discovery	32	48	33	48	-20.5	+	TACAGCTTGTCCTTTG	3.009554386138916
EMB_multiscale_C10	tjupan_bacillus_subtilis_main_5d881eac8b46d627	dbtbs_bsub_core_5d881eac8b46d627	discovery	20	36	21	36	-32.5	+	TCTCCTCATTTGGACA	3.010178565979004
EMB_multiscale_C10	tjupan_bacillus_subtilis_main_02077247d0a8a665	dbtbs_bsub_core_e82d4ff28ccc2c95	discovery	29	45	30	45	-23.5	+	AAGCTCTCGTTTATTT	3.055119276046753
EMB_multiscale_C10	tjupan_bacillus_subtilis_main_fde7c2aaac5c57ce	dbtbs_bsub_core_fde7c2aaac5c57ce	discovery	21	37	22	37	-31.5	+	GGTCTTGACCGCTTAT	3.0615851879119873
EMB_multiscale_C10	tjupan_bacillus_subtilis_main_1c375491ec2245f4	tjupan_bacillus_subtilis_main_1c375491ec2245f4	discovery	38	54	39	54	-14.5	+	GCGATCTGTTCATACT	3.0684168338775635
EMB_multiscale_C10	tjupan_bacillus_subtilis_main_7d976c34bed90c97	tjupan_bacillus_subtilis_main_7d976c34bed90c97	discovery	27	43	28	43	-25.5	+	TCATCACTTCTGAAGT	3.071025848388672
EMB_multiscale_C10	tjupan_bacillus_subtilis_main_96d42d8ccff315ec	tjupan_bacillus_subtilis_main_96d42d8ccff315ec	discovery	11	27	12	27	-41.5	+	ACTTTTCTTGTCAGGG	3.094905138015747
EMB_multiscale_C10	tjupan_bacillus_subtilis_main_9571d32ab22eb9a0	dbtbs_bsub_core_9571d32ab22eb9a0	discovery	10	26	11	26	-42.5	+	ATCGATCACTTTGAAA	3.104618549346924
EMB_multiscale_C10	tjupan_bacillus_subtilis_main_e95909bd7e136f46	dbtbs_bsub_core_426aaa712ced5536	discovery	15	31	16	31	-37.5	+	CAAATCCGTTGACTCT	3.1087775230407715
EMB_multiscale_C10	tjupan_bacillus_subtilis_main_834e21e1951468f3	tjupan_bacillus_subtilis_main_834e21e1951468f3	discovery	11	27	12	27	-41.5	+	GAGCTTTCTCATGAAG	3.115694046020508
EMB_multiscale_C10	tjupan_bacillus_subtilis_main_ecef2875a7a372ba	dbtbs_bsub_core_ecef2875a7a372ba	discovery	29	45	30	45	-23.5	+	AACTTTCTCACGATTT	3.1185555458068848
EMB_multiscale_C10	tjupan_bacillus_subtilis_main_4b32f81551985923	tjupan_bacillus_subtilis_main_4b32f81551985923	discovery	11	27	12	27	-41.5	+	TTTGCGGATTCCTAGG	3.1442043781280518
EMB_multiscale_C10	tjupan_bacillus_subtilis_main_fb689c0625deec2e	dbtbs_bsub_core_bf9535fab79dbf8f	discovery	62	78	63	78	9.5	+	AACGTGACTTTCTTCG	3.152651071548462
EMB_multiscale_C10	tjupan_bacillus_subtilis_main_05b3d931ff35d8e8	dbtbs_bsub_core_05b3d931ff35d8e8	discovery	15	31	16	31	-37.5	+	GAAGTCTCCTTGAAAT	3.16656494140625
EMB_multiscale_C10	tjupan_bacillus_subtilis_main_09dd4c8ba7bc09c6	dbtbs_bsub_core_09dd4c8ba7bc09c6	discovery	18	34	19	34	-34.5	+	AAACTCTTGAGTTTAT	3.1702210903167725
EMB_multiscale_C10	tjupan_bacillus_subtilis_main_1dc2eb4818f9715a	dbtbs_bsub_core_1dc2eb4818f9715a	discovery	38	54	39	54	-14.5	+	CTTCTCTTTGGTATGA	3.179105281829834
EMB_multiscale_C10	tjupan_bacillus_subtilis_main_d9cd9789d0fb01a3	dbtbs_bsub_core_c190339743385950	discovery	65	81	66	81	12.5	+	AACCTTCCATGTTTCG	3.190617322921753
EMB_multiscale_C10	tjupan_bacillus_subtilis_main_66bdec0f6e49230b	dbtbs_bsub_core_66bdec0f6e49230b	discovery	10	26	11	26	-42.5	+	TTGGTTAATCTGTCAA	3.192491292953491
EMB_multiscale_C10	tjupan_bacillus_subtilis_main_71eaf5cbf249113b	dbtbs_bsub_core_71eaf5cbf249113b	discovery	22	38	23	38	-30.5	+	ATAGCATCTTTGTGAA	3.192650556564331
EMB_multiscale_C10	tjupan_bacillus_subtilis_main_729454a84a667dd8	dbtbs_bsub_core_729454a84a667dd8	discovery	10	26	11	26	-42.5	+	TCTTTTCCGCTGAAAC	3.194725275039673
EMB_multiscale_C10	tjupan_bacillus_subtilis_main_20bbba0ce59de449	dbtbs_bsub_core_20bbba0ce59de449	discovery	34	50	35	50	-18.5	+	GCACGATCCTTGCATT	3.1980040073394775
EMB_multiscale_C10	tjupan_bacillus_subtilis_main_b5cc4aad42c9a683	dbtbs_bsub_core_b5cc4aad42c9a683	discovery	61	77	62	77	8.5	+	CAGAATAGTCTTTTAA	3.2282326221466064
EMB_multiscale_C10	tjupan_bacillus_subtilis_main_f6c5351a3e225d0c	dbtbs_bsub_core_f6c5351a3e225d0c	discovery	29	45	30	45	-23.5	+	CACCGCTTTCATGCAC	3.234868049621582
EMB_multiscale_C10	tjupan_bacillus_subtilis_main_a2eb9b766304b405	dbtbs_bsub_core_adaec4e024668ee2	discovery	17	33	18	33	-35.5	+	ATTTATTCTTGCAAAA	3.2482223510742188
EMB_multiscale_C10	tjupan_bacillus_subtilis_main_01ae3d26fad13b71	dbtbs_bsub_core_7a9c3b7d79cfafb8	discovery	34	50	35	50	-18.5	+	TGTCCATTTTGCTACA	3.254873514175415
EMB_multiscale_C10	tjupan_bacillus_subtilis_main_cb2c7c4f94201384	tjupan_bacillus_subtilis_main_cb2c7c4f94201384	discovery	21	37	22	37	-31.5	+	GGTTTGCATCCTTTTC	3.2549359798431396
EMB_multiscale_C10	tjupan_bacillus_subtilis_main_4d08fa1f606ad269	tjupan_bacillus_subtilis_main_4d08fa1f606ad269	discovery	30	46	31	46	-22.5	+	TTTGTCACCTTTGCAA	3.2602672576904297
EMB_multiscale_C10	tjupan_bacillus_subtilis_main_213d453c1e49e371	tjupan_bacillus_subtilis_main_213d453c1e49e371	discovery	65	81	66	81	12.5	+	ACGTCCCTGATCTTTT	3.265157699584961
EMB_multiscale_C10	tjupan_bacillus_subtilis_main_3270409c742f3314	dbtbs_bsub_core_edd6f2ee95c58508	discovery	30	46	31	46	-22.5	+	GTTACCGATTTCAGAA	3.272049903869629
EMB_multiscale_C10	tjupan_bacillus_subtilis_main_73f2f27ec267a871	dbtbs_bsub_core_77a7b73eeb200478	discovery	23	39	24	39	-29.5	+	TTTGACTCGGTATTTT	3.295624256134033
EMB_multiscale_C10	tjupan_bacillus_subtilis_main_2be0a0a038238614	tjupan_bacillus_subtilis_main_2be0a0a038238614	discovery	16	32	17	32	-36.5	+	ACACATGTCTTTTCCA	3.301220417022705
EMB_multiscale_C10	tjupan_bacillus_subtilis_main_ec2d75bce4a65abf	dbtbs_bsub_core_e3549a9c12f5ac55	discovery	16	32	17	32	-36.5	+	CTCTCTTGTTCACAGT	3.301267385482788
EMB_multiscale_C10	tjupan_bacillus_subtilis_main_0d390d7bf47f6ae0	tjupan_bacillus_subtilis_main_0d390d7bf47f6ae0	discovery	65	81	66	81	12.5	+	CTTGAATCCACTTGCA	3.304257869720459
EMB_multiscale_C10	tjupan_bacillus_subtilis_main_c648ac4df22b0f89	dbtbs_bsub_core_c648ac4df22b0f89	discovery	23	39	24	39	-29.5	+	GTGTAATCTTATCTCG	3.3107001781463623
EMB_multiscale_C10	tjupan_bacillus_subtilis_main_25766be7ede5bd12	tjupan_bacillus_subtilis_main_25766be7ede5bd12	discovery	23	39	24	39	-29.5	+	ATTTCTGCACTTTATG	3.3136160373687744
EMB_multiscale_C10	tjupan_bacillus_subtilis_main_89a40bf9e0650967	dbtbs_bsub_core_89a40bf9e0650967	discovery	37	53	38	53	-15.5	+	CTCATTTTCTAGCGAA	3.318223237991333
EMB_multiscale_C10	tjupan_bacillus_subtilis_main_cb8c6e383b33abd4	dbtbs_bsub_core_cb8c6e383b33abd4	discovery	25	41	26	41	-27.5	+	GAAACTTTCTTATGAA	3.3308868408203125
EMB_multiscale_C10	tjupan_bacillus_subtilis_main_5a860caea8fc814c	tjupan_bacillus_subtilis_main_5a860caea8fc814c	discovery	37	53	38	53	-15.5	+	ATTCAGATTGTCTACA	3.3320884704589844
EMB_multiscale_C10	tjupan_bacillus_subtilis_main_ffefbc2ceaf331ea	dbtbs_bsub_core_ea5509009da1e1aa	discovery	17	33	18	33	-35.5	+	CCTGACTTGGTTCTTT	3.353879928588867
EMB_multiscale_C10	tjupan_bacillus_subtilis_main_b24feeda89db5dfd	dbtbs_bsub_core_b24feeda89db5dfd	discovery	29	45	30	45	-23.5	+	GGACCGGTTCTAAACA	3.356379747390747
EMB_multiscale_C10	tjupan_bacillus_subtilis_main_e8dca4769e2e29bc	dbtbs_bsub_core_b8b8ac7ece3bed55	discovery	21	37	22	37	-31.5	+	ATGTTTTCTTACAAAG	3.3814280033111572
EMB_multiscale_C10	tjupan_bacillus_subtilis_main_66846fa14c29dbc1	dbtbs_bsub_core_89ab3601fa8ac055	discovery	22	38	23	38	-30.5	+	AAACCTGTCGTTTTAC	3.3974316120147705
EMB_multiscale_C10	tjupan_bacillus_subtilis_main_25308dd77914b9d9	dbtbs_bsub_core_1dc2eb4818f9715a	discovery	21	37	22	37	-31.5	+	TTGGTACTTTTCATCA	3.419520378112793
EMB_multiscale_C10	tjupan_bacillus_subtilis_main_a9ae08a54b460299	dbtbs_bsub_core_4c306bb2d4b261c8	discovery	50	66	51	66	-2.5	+	ATACTCCATTGATACT	3.4231090545654297
EMB_multiscale_C10	tjupan_bacillus_subtilis_main_56bd9deba3d3b9f9	dbtbs_bsub_core_5dd7cccc54d589c3	discovery	7	23	8	23	-45.5	+	AATCACGTTTTCCCTG	3.428618907928467
EMB_multiscale_C10	tjupan_bacillus_subtilis_main_7c1cf5cd36017844	tjupan_bacillus_subtilis_main_7c1cf5cd36017844	discovery	2	18	3	18	-50.5	+	TGTCCTGCTTTCGCTA	3.4402709007263184
EMB_multiscale_C10	tjupan_bacillus_subtilis_main_3ab41c1b83ba019b	dbtbs_bsub_core_c956a5fd581ed80a	discovery	7	23	8	23	-45.5	+	TTTTACCTTGATCAGA	3.4480693340301514
EMB_multiscale_C10	tjupan_bacillus_subtilis_main_acb860b1f6674578	dbtbs_bsub_core_f1e6e06788e9c9fd	discovery	60	76	61	76	7.5	+	GATTTCATTCTTGTAT	3.4548187255859375
EMB_multiscale_C10	tjupan_bacillus_subtilis_main_a723fdca1013c0b5	dbtbs_bsub_core_a723fdca1013c0b5	discovery	6	22	7	22	-46.5	+	GGTCCGCTGTTCTTTT	3.457700729370117
EMB_multiscale_C10	tjupan_bacillus_subtilis_main_106e69f8e7e10bd4	tjupan_bacillus_subtilis_main_106e69f8e7e10bd4	discovery	21	37	22	37	-31.5	+	TTCGGTCTATTTCCTA	3.4637415409088135
EMB_multiscale_C10	tjupan_bacillus_subtilis_main_7358cf40e4efa482	tjupan_bacillus_subtilis_main_7358cf40e4efa482	discovery	6	22	7	22	-46.5	+	GGTAAATCACCTTAAA	3.469115972518921
EMB_multiscale_C10	tjupan_bacillus_subtilis_main_48f68d49bf53ea3b	dbtbs_bsub_core_a63e45c266a8243f	discovery	26	42	27	42	-26.5	+	TTTGAGATCACTTTTT	3.4896247386932373
EMB_multiscale_C10	tjupan_bacillus_subtilis_main_82e1287a21b69715	dbtbs_bsub_core_82e1287a21b69715	discovery	48	64	49	64	-4.5	+	AATAGCATCTTTGTGA	3.523979902267456
EMB_multiscale_C10	tjupan_bacillus_subtilis_main_e2d1119cb664dabf	dbtbs_bsub_core_954deecd8ab02ea9	discovery	10	26	11	26	-42.5	+	TTCCTCCAGATTTGCA	3.530226230621338
EMB_multiscale_C10	tjupan_bacillus_subtilis_main_e4e4a1be67374f28	dbtbs_bsub_core_e4e4a1be67374f28	discovery	18	34	19	34	-34.5	+	TTTTTCCTGTAACGCT	3.530796766281128
EMB_multiscale_C10	tjupan_bacillus_subtilis_main_ef6dc517178d6adf	dbtbs_bsub_core_ef6dc517178d6adf	discovery	14	30	15	30	-38.5	+	GGACGCATCTTTACTT	3.5392513275146484
EMB_multiscale_C10	tjupan_bacillus_subtilis_main_fff8e3a328b3cab3	dbtbs_bsub_core_7231d94d9d77331f	discovery	20	36	21	36	-32.5	+	TAAGTTGACGCTTTTT	3.5456624031066895
EMB_multiscale_C10	tjupan_bacillus_subtilis_main_ca7deec2e4330ae4	tjupan_bacillus_subtilis_main_ca7deec2e4330ae4	discovery	35	51	36	51	-17.5	+	GAAGATCTGTATTTTA	3.5462288856506348
EMB_multiscale_C10	tjupan_bacillus_subtilis_main_3ac22b11e92c0ec1	tjupan_bacillus_subtilis_main_3ac22b11e92c0ec1	discovery	35	51	36	51	-17.5	+	CATGATTCTTGCATTT	3.5536224842071533
EMB_multiscale_C10	tjupan_bacillus_subtilis_main_962b839f321a2605	dbtbs_bsub_core_962b839f321a2605	discovery	30	46	31	46	-22.5	+	TGTCAGACCTCTTAGC	3.5572290420532227
EMB_multiscale_C10	tjupan_bacillus_subtilis_main_76885f00c763f220	dbtbs_bsub_core_07bcce23a89f64fb	discovery	22	38	23	38	-30.5	+	CTGCTGTCCTTTAAAT	3.5656371116638184
EMB_multiscale_C10	tjupan_bacillus_subtilis_main_bc41d7d0760497f9	dbtbs_bsub_core_bc41d7d0760497f9	discovery	37	53	38	53	-15.5	+	CCTTCTCTGTTATAAT	3.576972246170044
EMB_multiscale_C10	tjupan_bacillus_subtilis_main_e326833d29b8752f	dbtbs_bsub_core_e326833d29b8752f	discovery	40	56	41	56	-12.5	+	CAGGGACATTCTAAGC	3.5840110778808594
EMB_multiscale_C10	tjupan_bacillus_subtilis_main_cd161e304d76229d	dbtbs_bsub_core_6d139485f356aaca	discovery	22	38	23	38	-30.5	+	TCACAATCCTGTTTGG	3.5919933319091797
EMB_multiscale_C10	tjupan_bacillus_subtilis_main_e47a55cd702f35e7	dbtbs_bsub_core_175bcd2ea2263ee4	discovery	34	50	35	50	-18.5	+	AAAGTTTCATTCGTCT	3.60014009475708
EMB_multiscale_C10	tjupan_bacillus_subtilis_main_80add31ceb4a1382	tjupan_bacillus_subtilis_main_80add31ceb4a1382	discovery	32	48	33	48	-20.5	+	ATCTGTGCTTTCGCTA	3.6023380756378174
EMB_multiscale_C10	tjupan_bacillus_subtilis_main_9daaa0d103ffad86	dbtbs_bsub_core_9daaa0d103ffad86	discovery	34	50	35	50	-18.5	+	TGTTTCTTCACTGATA	3.606738805770874
EMB_multiscale_C10	tjupan_bacillus_subtilis_main_91197a052a9adc5b	tjupan_bacillus_subtilis_main_91197a052a9adc5b	discovery	40	56	41	56	-12.5	+	AAGGTGTTATTCTAAT	3.6086692810058594
EMB_multiscale_C10	tjupan_bacillus_subtilis_main_b47674f2cd66e067	tjupan_bacillus_subtilis_main_b47674f2cd66e067	discovery	35	51	36	51	-17.5	+	TGACTCTTCAGTTATA	3.647240161895752
EMB_multiscale_C10	tjupan_bacillus_subtilis_main_0d7b08433a8f6233	tjupan_bacillus_subtilis_main_0d7b08433a8f6233	discovery	10	26	11	26	-42.5	+	TTTGTTCTTGACTAAA	3.653536796569824
EMB_multiscale_C10	tjupan_bacillus_subtilis_main_993a308bb6e190e1	dbtbs_bsub_core_993a308bb6e190e1	discovery	15	31	16	31	-37.5	+	AATCTCATGGTTTGTC	3.66791033744812
EMB_multiscale_C10	tjupan_bacillus_subtilis_main_487ce40a67c6d939	tjupan_bacillus_subtilis_main_487ce40a67c6d939	discovery	7	23	8	23	-45.5	+	TCCAAGTTCTATGTCA	3.685865879058838
EMB_multiscale_C10	tjupan_bacillus_subtilis_main_ef1d1fbaad689e40	dbtbs_bsub_core_ef1d1fbaad689e40	discovery	16	32	17	32	-36.5	+	ATAGGCTTGTTCTAAA	3.688933849334717
EMB_multiscale_C10	tjupan_bacillus_subtilis_main_64dfe397c07a4656	dbtbs_bsub_core_99013d44fc3df9d1	discovery	38	54	39	54	-14.5	+	GGCTCGCTCATTTAAT	3.6943535804748535
EMB_multiscale_C10	tjupan_bacillus_subtilis_main_71a2a4c64c087430	tjupan_bacillus_subtilis_main_71a2a4c64c087430	discovery	60	76	61	76	7.5	+	AGGACCTTTCATTCAA	3.6974024772644043
EMB_multiscale_C10	tjupan_bacillus_subtilis_main_2b17d905bac0c3bc	dbtbs_bsub_core_2b17d905bac0c3bc	discovery	16	32	17	32	-36.5	+	AAACGGCTGTTTTAAA	3.7021169662475586
EMB_multiscale_C10	tjupan_bacillus_subtilis_main_a61c0978ae294759	tjupan_bacillus_subtilis_main_a61c0978ae294759	discovery	11	27	12	27	-41.5	+	CGTCCTGTTCTGCGAT	3.7027900218963623
EMB_multiscale_C10	tjupan_bacillus_subtilis_main_e0774d83207a7dd7	dbtbs_bsub_core_2b17d905bac0c3bc	discovery	17	33	18	33	-35.5	+	AAACGGCTGTTTTAAA	3.714931011199951
EMB_multiscale_C10	tjupan_bacillus_subtilis_main_1f2ca280ccaab774	tjupan_bacillus_subtilis_main_1f2ca280ccaab774	discovery	30	46	31	46	-22.5	+	AATTCTCTTCGTGCGT	3.727935791015625
EMB_multiscale_C10	tjupan_bacillus_subtilis_main_dcef15bdfb353954	dbtbs_bsub_core_dcef15bdfb353954	discovery	17	33	18	33	-35.5	+	CTTTTCTCTTGCAAAA	3.7326042652130127
EMB_multiscale_C10	tjupan_bacillus_subtilis_main_54fd4c2966482e2c	dbtbs_bsub_core_ba3becfc7c3e4e17	discovery	20	36	21	36	-32.5	+	AGCCTGAATATTTCTT	3.7327358722686768
EMB_multiscale_C10	tjupan_bacillus_subtilis_main_a43c85166b962f37	dbtbs_bsub_core_47d2cdeb8a491885	discovery	18	34	19	34	-34.5	+	GCTCTTCGTTTACTGC	3.752333641052246
EMB_multiscale_C10	tjupan_bacillus_subtilis_main_5564dcefe2988333	tjupan_bacillus_subtilis_main_5564dcefe2988333	discovery	7	23	8	23	-45.5	+	AAGTGATTCAGGTCTC	3.758491039276123
EMB_multiscale_C10	tjupan_bacillus_subtilis_main_ba49f50d8b0af1c7	dbtbs_bsub_core_8a4a22c637647f42	discovery	22	38	23	38	-30.5	+	TATTCATGTTTACCCC	3.7764692306518555
EMB_multiscale_C10	tjupan_bacillus_subtilis_main_0e56c5fe6c5d0db0	dbtbs_bsub_core_cfddcd51a76889fd	discovery	22	38	23	38	-30.5	+	CGGGCATTGTTTCATC	3.8057026863098145
EMB_multiscale_C10	tjupan_bacillus_subtilis_main_b7c0eae7293a1bfc	dbtbs_bsub_core_0bfdb592513badc4	discovery	19	35	20	35	-33.5	+	ACCTTTTGACTTCTGC	3.817796230316162
EMB_multiscale_C10	tjupan_bacillus_subtilis_main_b0d8a2369952b821	dbtbs_bsub_core_3f773ca1224c0e26	discovery	16	32	17	32	-36.5	+	TAGGCGTTTGTCACAA	3.819082498550415
EMB_multiscale_C10	tjupan_bacillus_subtilis_main_1b0cfe46f303d3fa	dbtbs_bsub_core_56695775e253190c	discovery	13	29	14	29	-39.5	+	AGCACACTTTCTTGTT	3.8309547901153564
EMB_multiscale_C10	tjupan_bacillus_subtilis_main_2c9e8a462277f7da	dbtbs_bsub_core_f7573fed016c047b	discovery	1	17	2	17	-51.5	+	AACGAACTCATTCATT	3.8393094539642334
EMB_multiscale_C10	tjupan_bacillus_subtilis_main_79d6d17268b5d0ce	dbtbs_bsub_core_94e9d8c40cf791b3	discovery	33	49	34	49	-19.5	+	TTTTGATATCCTTCCC	3.850414752960205
EMB_multiscale_C10	tjupan_bacillus_subtilis_main_8a4a22c637647f42	dbtbs_bsub_core_8a4a22c637647f42	discovery	21	37	22	37	-31.5	+	TATTCATGTTTACCCC	3.855992078781128
EMB_multiscale_C10	tjupan_bacillus_subtilis_main_84597be11ba889b8	tjupan_bacillus_subtilis_main_84597be11ba889b8	discovery	41	57	42	57	-11.5	+	CGCGTTTTATCCTTTA	3.8594541549682617
EMB_multiscale_C10	tjupan_bacillus_subtilis_main_cf3def291394eeb9	tjupan_bacillus_subtilis_main_cf3def291394eeb9	discovery	54	70	55	70	1.5	+	TTAATTCCGTTGTAAC	3.863862991333008
EMB_multiscale_C10	tjupan_bacillus_subtilis_main_fe2a626ec63a594e	dbtbs_bsub_core_abc060d81660f90c	discovery	64	80	65	80	11.5	+	AGCGTGAGTTTTCTTA	3.881941795349121
EMB_multiscale_C10	tjupan_bacillus_subtilis_main_6f408d5e786e413f	dbtbs_bsub_core_6f408d5e786e413f	discovery	32	48	33	48	-20.5	+	CTCCTGGATCTTCTCA	3.8930132389068604
EMB_multiscale_C10	tjupan_bacillus_subtilis_main_c2a5e00f908ba88c	dbtbs_bsub_core_c2a5e00f908ba88c	discovery	2	18	3	18	-50.5	+	AAAGTTTCTGTCCAAA	3.908414840698242
EMB_multiscale_C10	tjupan_bacillus_subtilis_main_14a46634ed7dcff0	tjupan_bacillus_subtilis_main_14a46634ed7dcff0	discovery	64	80	65	80	11.5	+	GATATTTCAACACTTT	3.9197609424591064
EMB_multiscale_C10	tjupan_bacillus_subtilis_main_2c918744f6daf466	dbtbs_bsub_core_20f77243a5b2c4ab	discovery	42	58	43	58	-10.5	+	TTCGCACGTCTTTATA	3.9422762393951416
EMB_multiscale_C10	tjupan_bacillus_subtilis_main_8bf0684d999843b1	dbtbs_bsub_core_8bf0684d999843b1	discovery	35	51	36	51	-17.5	+	CTCTCCACTTGGGAAC	3.954406499862671
EMB_multiscale_C10	tjupan_bacillus_subtilis_main_2a3c695bd1a0b4c9	tjupan_bacillus_subtilis_main_2a3c695bd1a0b4c9	discovery	13	29	14	29	-39.5	+	AGCTGATTATCTCCGC	3.967111825942993
EMB_multiscale_C10	tjupan_bacillus_subtilis_main_10eda96ea4199e8c	dbtbs_bsub_core_10eda96ea4199e8c	discovery	57	73	58	73	4.5	+	ATTTTCTTATCAAGAG	3.9990179538726807
EMB_multiscale_C10	tjupan_bacillus_subtilis_main_6b5eda10bbc36b27	dbtbs_bsub_core_0d578393adbcde98	discovery	22	38	23	38	-30.5	+	TGACAGACTTTCCCAC	4.0162034034729
EMB_multiscale_C10	tjupan_bacillus_subtilis_main_e4ca0c490585b644	tjupan_bacillus_subtilis_main_e4ca0c490585b644	discovery	61	77	62	77	8.5	+	GGAGCGTCTTTACAAC	4.018660545349121
EMB_multiscale_C10	tjupan_bacillus_subtilis_main_13f211949a22c74a	dbtbs_bsub_core_bdbae944a25ddfff	discovery	18	34	19	34	-34.5	+	TTCGTCCAATCTCTTT	4.0199666023254395
EMB_multiscale_C10	tjupan_bacillus_subtilis_main_f1fe1806a852fcba	dbtbs_bsub_core_f1fe1806a852fcba	discovery	64	80	65	80	11.5	+	ATGAAACTGCTTTTTC	4.029531955718994
EMB_multiscale_C10	tjupan_bacillus_subtilis_main_c2d54a415a7d048a	dbtbs_bsub_core_c2d54a415a7d048a	discovery	53	69	54	69	0.5	+	TAGTTGGTACCTTCCT	4.03385066986084
EMB_multiscale_C10	tjupan_bacillus_subtilis_main_7c03938b389dc368	dbtbs_bsub_core_39e8d21f598046d9	discovery	37	53	38	53	-15.5	+	CGTCCGTTTGGTATAC	4.047426223754883
EMB_multiscale_C10	tjupan_bacillus_subtilis_main_92b62a9d8d87ace9	dbtbs_bsub_core_92b62a9d8d87ace9	discovery	12	28	13	28	-40.5	+	CTTTCAGGCTTCTGCA	4.049503326416016
EMB_multiscale_C10	tjupan_bacillus_subtilis_main_f246415af5cfc524	dbtbs_bsub_core_f246415af5cfc524	discovery	8	24	9	24	-44.5	+	GAGCGATTTCGGTGTT	4.064095973968506
EMB_multiscale_C10	tjupan_bacillus_subtilis_main_4f4c3d5d96d18695	tjupan_bacillus_subtilis_main_4f4c3d5d96d18695	discovery	22	38	23	38	-30.5	+	TTTTCTTGGCAAATCC	4.0658040046691895
EMB_multiscale_C10	tjupan_bacillus_subtilis_main_5fc80954df40cf68	dbtbs_bsub_core_44be1bddac760e1c	discovery	16	32	17	32	-36.5	+	TTTTATGCGTTCACCC	4.086854934692383
EMB_multiscale_C10	tjupan_bacillus_subtilis_main_f05d30123c592277	dbtbs_bsub_core_f05d30123c592277	discovery	32	48	33	48	-20.5	+	ATAATGTCTCAATGTC	4.11752462387085
EMB_multiscale_C10	tjupan_bacillus_subtilis_main_e9623f8193af34e0	dbtbs_bsub_core_e9623f8193af34e0	discovery	9	25	10	25	-43.5	+	ACCATGCCGTTTATTG	4.118696212768555
EMB_multiscale_C10	tjupan_bacillus_subtilis_main_67a9ae83c973a42d	tjupan_bacillus_subtilis_main_67a9ae83c973a42d	discovery	21	37	22	37	-31.5	+	GCCATGTTTATCCAAA	4.15789794921875
EMB_multiscale_C10	tjupan_bacillus_subtilis_main_7a6037ae36a0870c	tjupan_bacillus_subtilis_main_7a6037ae36a0870c	discovery	21	37	22	37	-31.5	+	AAACGTTTATTCCCGT	4.2313690185546875
EMB_multiscale_C10	tjupan_bacillus_subtilis_main_70da326395794983	tjupan_bacillus_subtilis_main_70da326395794983	discovery	31	47	32	47	-21.5	+	CATTTTCGTCAACATT	4.242336750030518
EMB_multiscale_C10	tjupan_bacillus_subtilis_main_ac1a0a0a579397f6	tjupan_bacillus_subtilis_main_ac1a0a0a579397f6	discovery	38	54	39	54	-14.5	+	CCCACGCTTCTCGTAC	4.262646675109863
EMB_multiscale_C10	tjupan_bacillus_subtilis_main_ffb5b3082f8ea0cd	tjupan_bacillus_subtilis_main_ffb5b3082f8ea0cd	discovery	60	76	61	76	7.5	+	GGAAGCGTTTTCTTTG	4.286075115203857
EMB_multiscale_C10	tjupan_bacillus_subtilis_main_9c3cc423ec1465b1	dbtbs_bsub_core_9c3cc423ec1465b1	discovery	8	24	9	24	-44.5	+	TGGTCTTTTCGAGCGG	4.304893970489502
EMB_multiscale_C10	tjupan_bacillus_subtilis_main_eb88f130dfce6401	tjupan_bacillus_subtilis_main_eb88f130dfce6401	discovery	39	55	40	55	-13.5	+	TGTCTCTGTTTATAGT	4.340746879577637
EMB_multiscale_C10	tjupan_bacillus_subtilis_main_61c707ac72aeda97	tjupan_bacillus_subtilis_main_61c707ac72aeda97	discovery	8	24	9	24	-44.5	+	CGGCCTGTCTGGTTTT	4.356776237487793
EMB_multiscale_C10	tjupan_bacillus_subtilis_main_73a7b40a4dc814aa	dbtbs_bsub_core_bdba293c4926b88d	discovery	17	33	18	33	-35.5	+	CGTGTGTTTCCTATTT	4.370774745941162
EMB_multiscale_C10	tjupan_bacillus_subtilis_main_264ccaf63cfb1cfe	tjupan_bacillus_subtilis_main_264ccaf63cfb1cfe	discovery	33	49	34	49	-19.5	+	CAGGCCAAGTCTTTTT	4.380091190338135
EMB_multiscale_C10	tjupan_bacillus_subtilis_main_d1b10b64ac040b8c	dbtbs_bsub_core_3a6c62def340fb72	discovery	9	25	10	25	-43.5	+	CAGGCCAGCTTTTTGT	4.429694175720215
EMB_multiscale_C10	tjupan_bacillus_subtilis_main_5e8ac4f4506ef781	dbtbs_bsub_core_cdccc2e2972286a4	discovery	8	24	9	24	-44.5	+	GAGGCCCGATTTATCA	4.432680606842041
EMB_multiscale_C10	tjupan_bacillus_subtilis_main_ed12f07c80365cbc	dbtbs_bsub_core_09dd4c8ba7bc09c6	discovery	1	17	2	17	-51.5	+	TCCTCCTGTTGTTTAC	4.458373069763184
EMB_multiscale_C10	tjupan_bacillus_subtilis_main_5ccaab5adb962b3d	dbtbs_bsub_core_483b39fd11d75b28	discovery	16	32	17	32	-36.5	+	AACCCTGAGTGTTTAT	4.5575032234191895
EMB_multiscale_C10	tjupan_bacillus_subtilis_main_adff0049bb8c9b3f	tjupan_bacillus_subtilis_main_adff0049bb8c9b3f	discovery	4	20	5	20	-48.5	+	TAAAATCTCTGGTGCC	4.5626959800720215
EMB_multiscale_C10	tjupan_bacillus_subtilis_main_ca7144caa797f7bc	dbtbs_bsub_core_ca7144caa797f7bc	discovery	16	32	17	32	-36.5	+	AGACACCGTTTCGTTT	4.579264163970947
EMB_multiscale_C10	tjupan_bacillus_subtilis_main_7ebbe970ac38b83d	dbtbs_bsub_core_5742761e1938e2d4	discovery	61	77	62	77	8.5	+	GTAAGGATCTTCATCC	4.658693790435791
EMB_multiscale_C10	tjupan_bacillus_subtilis_main_1edc8da3b582b0a5	dbtbs_bsub_core_1edc8da3b582b0a5	discovery	65	81	66	81	12.5	+	TTAAATACATCTTTTC	4.695991516113281
EMB_multiscale_C10	tjupan_bacillus_subtilis_main_0ba2ad2fd14630a8	dbtbs_bsub_core_0ba2ad2fd14630a8	discovery	44	60	45	60	-8.5	+	GCTGGGTTTCCCTTAT	4.739981651306152
EMB_multiscale_C10	tjupan_bacillus_subtilis_main_9296390fae4fd68d	tjupan_bacillus_subtilis_main_9296390fae4fd68d	discovery	46	62	47	62	-6.5	+	TAATACAGCCTTTCTC	4.765009880065918
EMB_multiscale_C10	tjupan_bacillus_subtilis_main_796368712c0cdecb	tjupan_bacillus_subtilis_main_796368712c0cdecb	discovery	13	29	14	29	-39.5	+	ATAGAGCAACTTTTTT	4.817355632781982
EMB_multiscale_C10	tjupan_bacillus_subtilis_main_b59ef89e981b3745	tjupan_bacillus_subtilis_main_b59ef89e981b3745	discovery	10	26	11	26	-42.5	+	TCGGGGTGTTCTTTTA	4.868697643280029
EMB_multiscale_C10	tjupan_bacillus_subtilis_main_dc1d0e364ea2d865	tjupan_bacillus_subtilis_main_dc1d0e364ea2d865	discovery	16	32	17	32	-36.5	+	CGAATGTACGTTTTTT	4.869048595428467
EMB_multiscale_C10	tjupan_bacillus_subtilis_main_7541f607431b8a27	dbtbs_bsub_core_1f38e2f4287dbc6d	discovery	15	31	16	31	-37.5	+	TGACTGATCTTTTGAC	4.885146141052246
EMB_multiscale_C10	tjupan_bacillus_subtilis_main_78caf7680ac9ae4c	tjupan_bacillus_subtilis_main_78caf7680ac9ae4c	discovery	19	35	20	35	-33.5	+	CGATCGTGTTGATTTT	4.904392242431641
EMB_multiscale_C10	tjupan_bacillus_subtilis_main_691e7ded333dd616	dbtbs_bsub_core_691e7ded333dd616	discovery	17	33	18	33	-35.5	+	AAAATTCGGTCATCAC	4.944125652313232
EMB_multiscale_C10	tjupan_bacillus_subtilis_main_f5b082fd616807b3	dbtbs_bsub_core_4e960695d4b362e6	discovery	7	23	8	23	-45.5	+	AGCAGGCAAGTTTTTT	5.012598991394043
EMB_multiscale_C10	tjupan_bacillus_subtilis_main_517410185d825f3e	tjupan_bacillus_subtilis_main_517410185d825f3e	discovery	37	53	38	53	-15.5	+	GCTCCTCATCAATACT	5.105376243591309
EMB_multiscale_C10	tjupan_bacillus_subtilis_main_e1d5408a78fdd1c5	dbtbs_bsub_core_f8ce2fa963a01405	discovery	11	27	12	27	-41.5	+	TTCGACATCATTCTCG	5.1320929527282715
EMB_multiscale_C11	tjupan_bacillus_subtilis_main_d03161002d7a6f34	dbtbs_bsub_core_11066f3e95c7986c	discovery	36	52	37	52	-16.5	+	GTCGAAGAATGGTACA	2.438385486602783
EMB_multiscale_C11	tjupan_bacillus_subtilis_main_3ec4c8abee3f7a8e	dbtbs_bsub_core_c18c3f10dff5c627	discovery	61	77	62	77	8.5	+	GGACAGCGGATAAAGT	2.6329870223999023
EMB_multiscale_C11	tjupan_bacillus_subtilis_main_6390012fbb39ca22	tjupan_bacillus_subtilis_main_6390012fbb39ca22	discovery	12	28	13	28	-40.5	+	CGTGACAGATAAGGGT	2.7074317932128906
EMB_multiscale_C11	tjupan_bacillus_subtilis_main_342a4291e30f5e80	dbtbs_bsub_core_342a4291e30f5e80	discovery	28	44	29	44	-24.5	+	TCAGCAGGAATTGTAA	2.7193150520324707
EMB_multiscale_C11	tjupan_bacillus_subtilis_main_b7cebcbae1ca8171	dbtbs_bsub_core_342a4291e30f5e80	discovery	20	36	21	36	-32.5	+	TCAGCAGGAATTGTAA	2.7609715461730957
EMB_multiscale_C11	tjupan_bacillus_subtilis_main_f5fed123a3ffd242	dbtbs_bsub_core_f5fed123a3ffd242	discovery	7	23	8	23	-45.5	+	CTAATGAGCGGATTAG	2.7691829204559326
EMB_multiscale_C11	tjupan_bacillus_subtilis_main_77dc78ed29025116	dbtbs_bsub_core_77dc78ed29025116	discovery	56	72	57	72	3.5	+	TTTGGAACAGATAGGA	2.850947141647339
EMB_multiscale_C11	tjupan_bacillus_subtilis_main_7a6037ae36a0870c	tjupan_bacillus_subtilis_main_7a6037ae36a0870c	discovery	39	55	40	55	-13.5	+	TCTATGGGAGATACTA	2.8803489208221436
EMB_multiscale_C11	tjupan_bacillus_subtilis_main_e62d7e001687b19a	tjupan_bacillus_subtilis_main_e62d7e001687b19a	discovery	37	53	38	53	-15.5	+	ATTGTGAGCGGGAATA	2.8993091583251953
EMB_multiscale_C11	tjupan_bacillus_subtilis_main_7ac1767347438edd	dbtbs_bsub_core_5c6ce2f66e66fe9e	discovery	43	59	44	59	-9.5	+	TCAAGAAGATGGTATA	2.905681848526001
EMB_multiscale_C11	tjupan_bacillus_subtilis_main_8bde36b216b3390f	dbtbs_bsub_core_8bde36b216b3390f	discovery	6	22	7	22	-46.5	+	TTTAGAATCAGACTGA	2.9594719409942627
EMB_multiscale_C11	tjupan_bacillus_subtilis_main_d9679a25a18d6da1	tjupan_bacillus_subtilis_main_c9bc5ed233eba13a	discovery	63	79	64	79	10.5	+	GAAGGAGCTGTAACAC	2.963249444961548
EMB_multiscale_C11	tjupan_bacillus_subtilis_main_0a71b8cbf4011c3b	dbtbs_bsub_core_dc5af08cd1bffe94	discovery	39	55	40	55	-13.5	+	CATAACGGAGAATAGT	2.9863340854644775
EMB_multiscale_C11	tjupan_bacillus_subtilis_main_f3e9cc226f1feac3	tjupan_bacillus_subtilis_main_f3e9cc226f1feac3	discovery	21	37	22	37	-31.5	+	TATAGTTGGAACTCTG	2.995551347732544
EMB_multiscale_C11	tjupan_bacillus_subtilis_main_e2b483c6aef274e0	dbtbs_bsub_core_175bcd2ea2263ee4	discovery	58	74	59	74	5.5	+	TATATTGAGGTACATC	3.028406858444214
EMB_multiscale_C11	tjupan_bacillus_subtilis_main_ea59d0ddaaaaf005	dbtbs_bsub_core_ff8c346476498240	discovery	59	75	60	75	6.5	+	TGCATTAAGGGAGACA	3.0298449993133545
EMB_multiscale_C11	tjupan_bacillus_subtilis_main_1db11a6d86ff5865	tjupan_bacillus_subtilis_main_1db11a6d86ff5865	discovery	7	23	8	23	-45.5	+	ATGTGAAGAGACATTT	3.067092180252075
EMB_multiscale_C11	tjupan_bacillus_subtilis_main_ff1b0f332755e37b	dbtbs_bsub_core_710c0cbad80c03b6	discovery	50	66	51	66	-2.5	+	TTGTGAAACAGAGATA	3.0745065212249756
EMB_multiscale_C11	tjupan_bacillus_subtilis_main_6361ce51efe0f541	dbtbs_bsub_core_b928ebfb52e4cb48	discovery	53	69	54	69	0.5	+	TGTATGGAAGATAGCT	3.0797739028930664
EMB_multiscale_C11	tjupan_bacillus_subtilis_main_dc65c8922842b20f	tjupan_bacillus_subtilis_main_dc65c8922842b20f	discovery	43	59	44	59	-9.5	+	TGTTAAGGATGAAGAT	3.1087329387664795
EMB_multiscale_C11	tjupan_bacillus_subtilis_main_d59578e8446625f3	dbtbs_bsub_core_d59578e8446625f3	discovery	19	35	20	35	-33.5	+	CTGTCAATGAGAGCCG	3.117056369781494
EMB_multiscale_C11	tjupan_bacillus_subtilis_main_7cd769ed0580d73e	tjupan_bacillus_subtilis_main_7cd769ed0580d73e	discovery	48	64	49	64	-4.5	+	TCATAAGATGAAGGGG	3.1250863075256348
EMB_multiscale_C11	tjupan_bacillus_subtilis_main_02077247d0a8a665	dbtbs_bsub_core_e82d4ff28ccc2c95	discovery	2	18	3	18	-50.5	+	TGTGGATAAGATTGTG	3.1250908374786377
EMB_multiscale_C11	tjupan_bacillus_subtilis_main_256978383d162d01	dbtbs_bsub_core_256978383d162d01	discovery	51	67	52	67	-1.5	+	ATACAGCTTGGAAATT	3.1268017292022705
EMB_multiscale_C11	tjupan_bacillus_subtilis_main_2c9e8a462277f7da	dbtbs_bsub_core_f7573fed016c047b	discovery	59	75	60	75	6.5	+	TAAGAAGCACGGATTA	3.133939027786255
EMB_multiscale_C11	tjupan_bacillus_subtilis_main_3adf706b5413c6ce	tjupan_bacillus_subtilis_main_3adf706b5413c6ce	discovery	65	81	66	81	12.5	+	CATTTGATAAGGAGCG	3.1634023189544678
EMB_multiscale_C11	tjupan_bacillus_subtilis_main_5e3ef261f40425ef	tjupan_bacillus_subtilis_main_5e3ef261f40425ef	discovery	35	51	36	51	-17.5	+	CGAAACTTGATGGTAT	3.1890854835510254
EMB_multiscale_C11	tjupan_bacillus_subtilis_main_af51a9f7939c4cfb	dbtbs_bsub_core_49fc6b8175a85db6	discovery	35	51	36	51	-17.5	+	TGTCAATGAGAGCCGT	3.1933846473693848
EMB_multiscale_C11	tjupan_bacillus_subtilis_main_e9623f8193af34e0	dbtbs_bsub_core_e9623f8193af34e0	discovery	22	38	23	38	-30.5	+	TTGTACAAGGATGAAA	3.220407009124756
EMB_multiscale_C11	tjupan_bacillus_subtilis_main_cd161e304d76229d	dbtbs_bsub_core_6d139485f356aaca	discovery	48	64	49	64	-4.5	+	TATGATAAGACTGATT	3.2217843532562256
EMB_multiscale_C11	tjupan_bacillus_subtilis_main_e4ca0c490585b644	tjupan_bacillus_subtilis_main_e4ca0c490585b644	discovery	51	67	52	67	-1.5	+	ATAATTCGAAGGAGCG	3.2270400524139404
EMB_multiscale_C11	tjupan_bacillus_subtilis_main_c204793b69b45448	dbtbs_bsub_core_c204793b69b45448	discovery	62	78	63	78	9.5	+	TAAGCAACTGAGATTG	3.245706081390381
EMB_multiscale_C11	tjupan_bacillus_subtilis_main_c7c68e6fe4d84a02	tjupan_bacillus_subtilis_main_c7c68e6fe4d84a02	discovery	61	77	62	77	8.5	+	TGGCAATGAGAGGATC	3.273947238922119
EMB_multiscale_C11	tjupan_bacillus_subtilis_main_c648ac4df22b0f89	dbtbs_bsub_core_c648ac4df22b0f89	discovery	52	68	53	68	-0.5	+	AAACGATAGATTGGGG	3.2869460582733154
EMB_multiscale_C11	tjupan_bacillus_subtilis_main_8b925a3983e97ebd	dbtbs_bsub_core_0346364171f10446	discovery	24	40	25	40	-28.5	+	CATTGTTAGGAGGCAA	3.2870044708251953
EMB_multiscale_C11	tjupan_bacillus_subtilis_main_6514a11d381455ae	tjupan_bacillus_subtilis_main_6514a11d381455ae	discovery	58	74	59	74	5.5	+	CAAGGAAGGTGATGAC	3.2917745113372803
EMB_multiscale_C11	tjupan_bacillus_subtilis_main_eaa75817f87b3088	dbtbs_bsub_core_71c43b52121900cc	discovery	21	37	22	37	-31.5	+	ATAGTTGGACAGAAAA	3.2964043617248535
EMB_multiscale_C11	tjupan_bacillus_subtilis_main_9d589577eb1cbe67	tjupan_bacillus_subtilis_main_9d589577eb1cbe67	discovery	53	69	54	69	0.5	+	TAATTTCAAGCGAGGC	3.297194480895996
EMB_multiscale_C11	tjupan_bacillus_subtilis_main_8797dcd405b13c8e	tjupan_bacillus_subtilis_main_8797dcd405b13c8e	discovery	9	25	10	25	-43.5	+	AAAAGATTGACAGTAT	3.2997279167175293
EMB_multiscale_C11	tjupan_bacillus_subtilis_main_7c1cf5cd36017844	tjupan_bacillus_subtilis_main_7c1cf5cd36017844	discovery	57	73	58	73	4.5	+	AGAAATAGGATGTCGG	3.3056318759918213
EMB_multiscale_C11	tjupan_bacillus_subtilis_main_9e087715e3522ed4	dbtbs_bsub_core_b3df5d74f56f0610	discovery	65	81	66	81	12.5	+	CAACAATCGATGGAGG	3.3069777488708496
EMB_multiscale_C11	tjupan_bacillus_subtilis_main_85511e0264f2e3b8	dbtbs_bsub_core_35445cef3104bf74	discovery	52	68	53	68	-0.5	+	ATAATGAGAGGTATAC	3.3116204738616943
EMB_multiscale_C11	tjupan_bacillus_subtilis_main_a1b8ecb6878276b4	dbtbs_bsub_core_a1b8ecb6878276b4	discovery	35	51	36	51	-17.5	+	TTAGAAAGGCACGAAA	3.319842576980591
EMB_multiscale_C11	tjupan_bacillus_subtilis_main_ef37e7c4f77cfd3f	tjupan_bacillus_subtilis_main_ef37e7c4f77cfd3f	discovery	29	45	30	45	-23.5	+	GAAATGGTACAGAATA	3.33904767036438
EMB_multiscale_C11	tjupan_bacillus_subtilis_main_6fc8019646ae0ec6	dbtbs_bsub_core_0346364171f10446	discovery	20	36	21	36	-32.5	+	CATTGTTAGGAGGCAA	3.34195613861084
EMB_multiscale_C11	tjupan_bacillus_subtilis_main_2db0b8f33ca38a29	tjupan_bacillus_subtilis_main_2db0b8f33ca38a29	discovery	51	67	52	67	-1.5	+	GATGTCAGAAAGGATG	3.342662811279297
EMB_multiscale_C11	tjupan_bacillus_subtilis_main_bcbef8350d7925db	tjupan_bacillus_subtilis_main_bcbef8350d7925db	discovery	12	28	13	28	-40.5	+	GCAATGAACTGGGAAT	3.3534865379333496
EMB_multiscale_C11	tjupan_bacillus_subtilis_main_2d40490247bb616a	dbtbs_bsub_core_ffa38d6978ad48aa	discovery	29	45	30	45	-23.5	+	AAAGGATAAGCGGCTG	3.356677532196045
EMB_multiscale_C11	tjupan_bacillus_subtilis_main_50224837ca8eceb5	dbtbs_bsub_core_50224837ca8eceb5	discovery	52	68	53	68	-0.5	+	CTAATGGCGAGGTGAA	3.3588411808013916
EMB_multiscale_C11	tjupan_bacillus_subtilis_main_8e9af30cd29c08ec	dbtbs_bsub_core_ab5345ed831420ec	discovery	41	57	42	57	-11.5	+	TTATGATAGAGTTTCA	3.3600711822509766
EMB_multiscale_C11	tjupan_bacillus_subtilis_main_1478640e036e0224	dbtbs_bsub_core_1478640e036e0224	discovery	53	69	54	69	0.5	+	AATATGTGAGGCAAAA	3.368809223175049
EMB_multiscale_C11	tjupan_bacillus_subtilis_main_5e30b1d213eba695	tjupan_bacillus_subtilis_main_5e30b1d213eba695	discovery	65	81	66	81	12.5	+	ATCAATGCCGGAGTGA	3.3769454956054688
EMB_multiscale_C11	tjupan_bacillus_subtilis_main_69a39ef163dd4726	tjupan_bacillus_subtilis_main_69a39ef163dd4726	discovery	14	30	15	30	-38.5	+	ATGACAATAGATTCGA	3.381442070007324
EMB_multiscale_C11	tjupan_bacillus_subtilis_main_359df7c8e20abe4e	tjupan_bacillus_subtilis_main_359df7c8e20abe4e	discovery	64	80	65	80	11.5	+	GGTGAGGTGATAAAGA	3.388012647628784
EMB_multiscale_C11	tjupan_bacillus_subtilis_main_f6994e5b6245c7bf	tjupan_bacillus_subtilis_main_f6994e5b6245c7bf	discovery	65	81	66	81	12.5	+	GTTATAAGATGGGAAA	3.3913509845733643
EMB_multiscale_C11	tjupan_bacillus_subtilis_main_f09c3556dc31a575	dbtbs_bsub_core_f09c3556dc31a575	discovery	57	73	58	73	4.5	+	AGTATGAAGACAACGA	3.402191162109375
EMB_multiscale_C11	tjupan_bacillus_subtilis_main_bd4e9486aa695c78	tjupan_bacillus_subtilis_main_bd4e9486aa695c78	discovery	47	63	48	63	-5.5	+	TCAATGAAGCTGATTG	3.406494379043579
EMB_multiscale_C11	tjupan_bacillus_subtilis_main_ca7144caa797f7bc	dbtbs_bsub_core_ca7144caa797f7bc	discovery	61	77	62	77	8.5	+	AGATGAGGCGATAAGG	3.409353256225586
EMB_multiscale_C11	tjupan_bacillus_subtilis_main_b1dfffe50d4e7cba	dbtbs_bsub_core_6990407cd148d57b	discovery	28	44	29	44	-24.5	+	TACCAAGACGGATGAT	3.421473741531372
EMB_multiscale_C11	tjupan_bacillus_subtilis_main_a0eee3dddaf07ac3	tjupan_bacillus_subtilis_main_a0eee3dddaf07ac3	discovery	63	79	64	79	10.5	+	AAAGGGCTGATTCACA	3.4549026489257812
EMB_multiscale_C11	tjupan_bacillus_subtilis_main_96d42d8ccff315ec	tjupan_bacillus_subtilis_main_96d42d8ccff315ec	discovery	55	71	56	71	2.5	+	GTTACAAAGATGTGAA	3.4571640491485596
EMB_multiscale_C11	tjupan_bacillus_subtilis_main_036f4e66b4e66745	dbtbs_bsub_core_7b26bab7de636614	discovery	2	18	3	18	-50.5	+	AATAGGAATTCTAGCG	3.4655003547668457
EMB_multiscale_C11	tjupan_bacillus_subtilis_main_8f9b814f5e8b18ae	dbtbs_bsub_core_8f9b814f5e8b18ae	discovery	41	57	42	57	-11.5	+	CAAACGGAATAGATTG	3.4787256717681885
EMB_multiscale_C11	tjupan_bacillus_subtilis_main_dbd8ff77ae99e6b2	dbtbs_bsub_core_dbd8ff77ae99e6b2	discovery	64	80	65	80	11.5	+	ACGTTATCAAGGAGGT	3.488036632537842
EMB_multiscale_C11	tjupan_bacillus_subtilis_main_954287dc5b301340	tjupan_bacillus_subtilis_main_954287dc5b301340	discovery	0	16	1	16	-52.5	+	TGATGAATAAGGGAAT	3.5084428787231445
EMB_multiscale_C11	tjupan_bacillus_subtilis_main_9d5c52bb0fa0ffad	dbtbs_bsub_core_9d5c52bb0fa0ffad	discovery	30	46	31	46	-22.5	+	TATGATAGAGTTTCAA	3.518031597137451
EMB_multiscale_C11	tjupan_bacillus_subtilis_main_41b76e09c674d652	dbtbs_bsub_core_41b76e09c674d652	discovery	8	24	9	24	-44.5	+	AACATCGGATTAAGAA	3.5189743041992188
EMB_multiscale_C11	tjupan_bacillus_subtilis_main_dea64c0f5a12bfa1	dbtbs_bsub_core_a18a06666ab8afa6	discovery	60	76	61	76	7.5	+	ATCGGGAGCTTAGATG	3.5210258960723877
EMB_multiscale_C11	tjupan_bacillus_subtilis_main_0d315ab142d66dcc	dbtbs_bsub_core_76d28d1be3f9f514	discovery	24	40	25	40	-28.5	+	GGGAGGAATACAGCTT	3.52187442779541
EMB_multiscale_C11	tjupan_bacillus_subtilis_main_9361e0f82edaa017	tjupan_bacillus_subtilis_main_9361e0f82edaa017	discovery	52	68	53	68	-0.5	+	AATGAAGGATAGAGCG	3.5313074588775635
EMB_multiscale_C11	tjupan_bacillus_subtilis_main_1732506bbac23b7c	dbtbs_bsub_core_1732506bbac23b7c	discovery	59	75	60	75	6.5	+	TGAAGCATAGGGATTC	3.53924560546875
EMB_multiscale_C11	tjupan_bacillus_subtilis_main_da7f3c0608c35165	dbtbs_bsub_core_da7f3c0608c35165	discovery	42	58	43	58	-10.5	+	AGAAATAGGATGTCGG	3.5539844036102295
EMB_multiscale_C11	tjupan_bacillus_subtilis_main_2a051d7d075d7920	tjupan_bacillus_subtilis_main_2a051d7d075d7920	discovery	23	39	24	39	-29.5	+	AAAATAGTTGACGAAA	3.5550155639648438
EMB_multiscale_C11	tjupan_bacillus_subtilis_main_e4e4a1be67374f28	dbtbs_bsub_core_e4e4a1be67374f28	discovery	1	17	2	17	-51.5	+	TGCTTATTGGAGAAAA	3.561021566390991
EMB_multiscale_C11	tjupan_bacillus_subtilis_main_fea868950ff1c774	tjupan_bacillus_subtilis_main_fea868950ff1c774	discovery	37	53	38	53	-15.5	+	TAGGAATTGGCGATAA	3.5765161514282227
EMB_multiscale_C11	tjupan_bacillus_subtilis_main_ff62fa3227cb3ab1	dbtbs_bsub_core_f748f853b4ec2056	discovery	11	27	12	27	-41.5	+	TTTTGCGGAGAAAGGT	3.5832269191741943
EMB_multiscale_C11	tjupan_bacillus_subtilis_main_1f2ca280ccaab774	tjupan_bacillus_subtilis_main_1f2ca280ccaab774	discovery	54	70	55	70	1.5	+	AAAGGAAGACATCAAG	3.615760564804077
EMB_multiscale_C11	tjupan_bacillus_subtilis_main_e90961ead2da3f7b	tjupan_bacillus_subtilis_main_e90961ead2da3f7b	discovery	35	51	36	51	-17.5	+	TACTGACGAGGTTATA	3.617244243621826
EMB_multiscale_C11	tjupan_bacillus_subtilis_main_fde7c2aaac5c57ce	dbtbs_bsub_core_fde7c2aaac5c57ce	discovery	62	78	63	78	9.5	+	ATTATCGGAGTCTGGG	3.6227447986602783
EMB_multiscale_C11	tjupan_bacillus_subtilis_main_06d485c4aaa12e15	dbtbs_bsub_core_06d485c4aaa12e15	discovery	63	79	64	79	10.5	+	CTGATCGATAAAGGAG	3.6277506351470947
EMB_multiscale_C11	tjupan_bacillus_subtilis_main_f452c4bef1ed8b92	dbtbs_bsub_core_f452c4bef1ed8b92	discovery	64	80	65	80	11.5	+	AAAGGAGGTTACATCA	3.6292548179626465
EMB_multiscale_C11	tjupan_bacillus_subtilis_main_70da326395794983	tjupan_bacillus_subtilis_main_70da326395794983	discovery	13	29	14	29	-39.5	+	CCAATAGATCAGATTG	3.6324734687805176
EMB_multiscale_C11	tjupan_bacillus_subtilis_main_bfe4e797767b8990	tjupan_bacillus_subtilis_main_bfe4e797767b8990	discovery	59	75	60	75	6.5	+	CATACAGGATAGAGAG	3.6331937313079834
EMB_multiscale_C11	tjupan_bacillus_subtilis_main_25308dd77914b9d9	dbtbs_bsub_core_1dc2eb4818f9715a	discovery	46	62	47	62	-6.5	+	GAAGTCAGAATGATAA	3.647562026977539
EMB_multiscale_C11	tjupan_bacillus_subtilis_main_3eab38fdf3061b6a	tjupan_bacillus_subtilis_main_3eab38fdf3061b6a	discovery	36	52	37	52	-16.5	+	TCTTGGGACATAGTAA	3.6611814498901367
EMB_multiscale_C11	tjupan_bacillus_subtilis_main_05b3d931ff35d8e8	dbtbs_bsub_core_05b3d931ff35d8e8	discovery	27	43	28	43	-25.5	+	AAATCAGAAGATATTT	3.6643595695495605
EMB_multiscale_C11	tjupan_bacillus_subtilis_main_9c3cc423ec1465b1	dbtbs_bsub_core_9c3cc423ec1465b1	discovery	65	81	66	81	12.5	+	CACCGAAAGATGGTGA	3.6798131465911865
EMB_multiscale_C11	tjupan_bacillus_subtilis_main_4181c9b10d028c59	dbtbs_bsub_core_f859289dc167ed3a	discovery	17	33	18	33	-35.5	+	CTAAGTGATTGACAAA	3.706638813018799
EMB_multiscale_C11	tjupan_bacillus_subtilis_main_5e8ac4f4506ef781	dbtbs_bsub_core_cdccc2e2972286a4	discovery	52	68	53	68	-0.5	+	ATAAGAACAGCTTAGA	3.7381725311279297
EMB_multiscale_C11	tjupan_bacillus_subtilis_main_e6accdb752f9724f	dbtbs_bsub_core_41815df9927fe319	discovery	54	70	55	70	1.5	+	TACTAAGGTGCTGAAA	3.761321544647217
EMB_multiscale_C11	tjupan_bacillus_subtilis_main_0fe342e604184137	dbtbs_bsub_core_f039c4e5fee11aa3	discovery	61	77	62	77	8.5	+	CTCTATTGACAGGAGG	3.7635605335235596
EMB_multiscale_C11	tjupan_bacillus_subtilis_main_edadeeaf4ff7a848	tjupan_bacillus_subtilis_main_edadeeaf4ff7a848	discovery	61	77	62	77	8.5	+	TCGATTGAAGTCGCTG	3.768949508666992
EMB_multiscale_C11	tjupan_bacillus_subtilis_main_917572a2414a52f7	tjupan_bacillus_subtilis_main_917572a2414a52f7	discovery	60	76	61	76	7.5	+	GGAAGAGTGATGAAGC	3.7849791049957275
EMB_multiscale_C11	tjupan_bacillus_subtilis_main_b11aff47b9c426f3	dbtbs_bsub_core_b11aff47b9c426f3	discovery	6	22	7	22	-46.5	+	TGTCCGCTGAATCATA	3.791699171066284
EMB_multiscale_C11	tjupan_bacillus_subtilis_main_5564dcefe2988333	tjupan_bacillus_subtilis_main_5564dcefe2988333	discovery	0	16	1	16	-52.5	+	ACTGGGCAAGTGATTC	3.8036437034606934
EMB_multiscale_C11	tjupan_bacillus_subtilis_main_b2e461bb3b5d3d88	dbtbs_bsub_core_b2e461bb3b5d3d88	discovery	35	51	36	51	-17.5	+	TTGCTGACAGCGGGAA	3.805842161178589
EMB_multiscale_C11	tjupan_bacillus_subtilis_main_dc21315df009d1aa	dbtbs_bsub_core_4631e0ee0e2e12e5	discovery	47	63	48	63	-5.5	+	TATGGCTGAATGGAAA	3.8196117877960205
EMB_multiscale_C11	tjupan_bacillus_subtilis_main_150dcd3daf63d162	dbtbs_bsub_core_150dcd3daf63d162	discovery	1	17	2	17	-51.5	+	AAAGAGCTGACAATAT	3.819974422454834
EMB_multiscale_C11	tjupan_bacillus_subtilis_main_49d5f09ecdaa68d2	dbtbs_bsub_core_2fc6766ca8c365d3	discovery	5	21	6	21	-47.5	+	GAACAGCAGGAATTTA	3.8206162452697754
EMB_multiscale_C11	tjupan_bacillus_subtilis_main_ffb5b3082f8ea0cd	tjupan_bacillus_subtilis_main_ffb5b3082f8ea0cd	discovery	4	20	5	20	-48.5	+	TTCTTATCGAGGAAAA	3.820627212524414
EMB_multiscale_C11	tjupan_bacillus_subtilis_main_93b5da0b5f842573	dbtbs_bsub_core_93b5da0b5f842573	discovery	60	76	61	76	7.5	+	GTTTGGAGTGATGCAA	3.823795795440674
EMB_multiscale_C11	tjupan_bacillus_subtilis_main_a52148b067c7a32f	tjupan_bacillus_subtilis_main_a52148b067c7a32f	discovery	64	80	65	80	11.5	+	TGGAGGAATGCTTCCA	3.828998327255249
EMB_multiscale_C11	tjupan_bacillus_subtilis_main_972c682163779595	dbtbs_bsub_core_6e525afed4c0ab9e	discovery	17	33	18	33	-35.5	+	ATATAGAGGATTTAGC	3.8328919410705566
EMB_multiscale_C11	tjupan_bacillus_subtilis_main_5957e34dfa6ab85c	tjupan_bacillus_subtilis_main_5957e34dfa6ab85c	discovery	58	74	59	74	5.5	+	ATATAAGGCTGGTTTC	3.837850332260132
EMB_multiscale_C11	tjupan_bacillus_subtilis_main_bba2e45eb636482b	dbtbs_bsub_core_bba2e45eb636482b	discovery	55	71	56	71	2.5	+	TGATTGAGGTGATAAT	3.845794439315796
EMB_multiscale_C11	tjupan_bacillus_subtilis_main_0ad5dcad37f1ba39	dbtbs_bsub_core_712e4b81f6fdb41a	discovery	58	74	59	74	5.5	+	GGATCTGCAATAGGGG	3.8459978103637695
EMB_multiscale_C11	tjupan_bacillus_subtilis_main_3b9d28ffe489c3c7	dbtbs_bsub_core_260ddc8adeedb788	discovery	40	56	41	56	-12.5	+	TGCAGGGTTAGAATAT	3.8477234840393066
EMB_multiscale_C11	tjupan_bacillus_subtilis_main_6406719b10941769	dbtbs_bsub_core_5bcaee6240f23d4b	discovery	30	46	31	46	-22.5	+	CTTGCTGAGAGATTCA	3.85410475730896
EMB_multiscale_C11	tjupan_bacillus_subtilis_main_e95909bd7e136f46	dbtbs_bsub_core_426aaa712ced5536	discovery	51	67	52	67	-1.5	+	AGTATAAGGGATACAC	3.8543856143951416
EMB_multiscale_C11	tjupan_bacillus_subtilis_main_25766be7ede5bd12	tjupan_bacillus_subtilis_main_25766be7ede5bd12	discovery	5	21	6	21	-47.5	+	GGAGAGGCTGAATGAA	3.857590436935425
EMB_multiscale_C11	tjupan_bacillus_subtilis_main_834e21e1951468f3	tjupan_bacillus_subtilis_main_834e21e1951468f3	discovery	50	66	51	66	-2.5	+	GTATAATGAGAGAGTT	3.8590638637542725
EMB_multiscale_C11	tjupan_bacillus_subtilis_main_c3431646de80d63f	tjupan_bacillus_subtilis_main_c3431646de80d63f	discovery	23	39	24	39	-29.5	+	CTGAATGAAGCCATGT	3.864309787750244
EMB_multiscale_C11	tjupan_bacillus_subtilis_main_78caf7680ac9ae4c	tjupan_bacillus_subtilis_main_78caf7680ac9ae4c	discovery	55	71	56	71	2.5	+	TACATAGGAGATTAAG	3.8820650577545166
EMB_multiscale_C11	tjupan_bacillus_subtilis_main_7541f607431b8a27	dbtbs_bsub_core_1f38e2f4287dbc6d	discovery	65	81	66	81	12.5	+	ATGGATGTAAGGAGAG	3.8825113773345947
EMB_multiscale_C11	tjupan_bacillus_subtilis_main_0d7b08433a8f6233	tjupan_bacillus_subtilis_main_0d7b08433a8f6233	discovery	36	52	37	52	-16.5	+	GCCATGGACAAGACAT	3.8841230869293213
EMB_multiscale_C11	tjupan_bacillus_subtilis_main_32548c7fec9dc4f2	dbtbs_bsub_core_32548c7fec9dc4f2	discovery	54	70	55	70	1.5	+	TACTTGTGAGGAGGTG	3.898184299468994
EMB_multiscale_C11	tjupan_bacillus_subtilis_main_b592a137eb4c34ff	dbtbs_bsub_core_21353889dec56b85	discovery	42	58	43	58	-10.5	+	GAGCTATGAGATGGAG	3.911930561065674
EMB_multiscale_C11	tjupan_bacillus_subtilis_main_56bd9deba3d3b9f9	dbtbs_bsub_core_5dd7cccc54d589c3	discovery	52	68	53	68	-0.5	+	TATGCGTTGAAAGGAG	3.9252398014068604
EMB_multiscale_C11	tjupan_bacillus_subtilis_main_0e56c5fe6c5d0db0	dbtbs_bsub_core_cfddcd51a76889fd	discovery	64	80	65	80	11.5	+	AGGAGAGTGAATTTAT	3.9289071559906006
EMB_multiscale_C11	tjupan_bacillus_subtilis_main_eb11019c71a3a745	tjupan_bacillus_subtilis_main_eb11019c71a3a745	discovery	19	35	20	35	-33.5	+	AGAGACAGAATAATCA	3.9292049407958984
EMB_multiscale_C11	tjupan_bacillus_subtilis_main_fe2a626ec63a594e	dbtbs_bsub_core_abc060d81660f90c	discovery	28	44	29	44	-24.5	+	GAGTAAAGATGATTAT	3.930196762084961
EMB_multiscale_C11	tjupan_bacillus_subtilis_main_8bf0684d999843b1	dbtbs_bsub_core_8bf0684d999843b1	discovery	49	65	50	65	-3.5	+	ACAATGATTCGGAGGA	3.931964874267578
EMB_multiscale_C11	tjupan_bacillus_subtilis_main_e1fd6875b30f4c73	dbtbs_bsub_core_e1fd6875b30f4c73	discovery	53	69	54	69	0.5	+	TGACGTTGAAAGGATG	3.9329919815063477
EMB_multiscale_C11	tjupan_bacillus_subtilis_main_cf3def291394eeb9	tjupan_bacillus_subtilis_main_cf3def291394eeb9	discovery	6	22	7	22	-46.5	+	AAAATAGGATGATGAA	3.937102794647217
EMB_multiscale_C11	tjupan_bacillus_subtilis_main_2c8e4076a462c87c	dbtbs_bsub_core_2c8e4076a462c87c	discovery	65	81	66	81	12.5	+	AATAAGAACGGTCCTG	3.9388675689697266
EMB_multiscale_C11	tjupan_bacillus_subtilis_main_db51f0e14ca9b6e9	tjupan_bacillus_subtilis_main_db51f0e14ca9b6e9	discovery	65	81	66	81	12.5	+	TCACCATAAGGGAGGT	3.9495694637298584
EMB_multiscale_C11	tjupan_bacillus_subtilis_main_4cf64b5587e1d04e	dbtbs_bsub_core_4cf64b5587e1d04e	discovery	52	68	53	68	-0.5	+	GTTGTGAAGAAACATA	3.958681344985962
EMB_multiscale_C11	tjupan_bacillus_subtilis_main_26786ec6f94b1750	dbtbs_bsub_core_26786ec6f94b1750	discovery	17	33	18	33	-35.5	+	AAAAGAGATTGATCCC	3.9912266731262207
EMB_multiscale_C11	tjupan_bacillus_subtilis_main_92b62a9d8d87ace9	dbtbs_bsub_core_92b62a9d8d87ace9	discovery	51	67	52	67	-1.5	+	AATACAGCTGATCTGA	3.996676445007324
EMB_multiscale_C11	tjupan_bacillus_subtilis_main_7d976c34bed90c97	tjupan_bacillus_subtilis_main_7d976c34bed90c97	discovery	57	73	58	73	4.5	+	AAAAGAGATCAAGGGG	3.997807502746582
EMB_multiscale_C11	tjupan_bacillus_subtilis_main_13f36fd95a25452a	tjupan_bacillus_subtilis_main_13f36fd95a25452a	discovery	6	22	7	22	-46.5	+	AAAAGAGAATATGCTG	4.006050109863281
EMB_multiscale_C11	tjupan_bacillus_subtilis_main_3c97e9436cb369c2	dbtbs_bsub_core_6dc10c0d490555ae	discovery	36	52	37	52	-16.5	+	TTACCTCGGAGATGAT	4.006131172180176
EMB_multiscale_C11	tjupan_bacillus_subtilis_main_b88f3e08d3d51af5	tjupan_bacillus_subtilis_main_b88f3e08d3d51af5	discovery	6	22	7	22	-46.5	+	ACAGGCTGTGAAATAC	4.014185905456543
EMB_multiscale_C11	tjupan_bacillus_subtilis_main_1b0cfe46f303d3fa	dbtbs_bsub_core_56695775e253190c	discovery	52	68	53	68	-0.5	+	AGTAACAGCGGAGACG	4.014537334442139
EMB_multiscale_C11	tjupan_bacillus_subtilis_main_3c72a88384ee6013	tjupan_bacillus_subtilis_main_3c72a88384ee6013	discovery	56	72	57	72	3.5	+	ATGATGTAGCCGGGAG	4.016266345977783
EMB_multiscale_C11	tjupan_bacillus_subtilis_main_9c67a769132d62d8	dbtbs_bsub_core_1373e064636d6c9b	discovery	62	78	63	78	9.5	+	AGGGAGCGAATGCACG	4.017009258270264
EMB_multiscale_C11	tjupan_bacillus_subtilis_main_61c707ac72aeda97	tjupan_bacillus_subtilis_main_61c707ac72aeda97	discovery	54	70	55	70	1.5	+	TAACATGGCTAGGAGG	4.020246505737305
EMB_multiscale_C11	tjupan_bacillus_subtilis_main_c9bc5ed233eba13a	tjupan_bacillus_subtilis_main_c9bc5ed233eba13a	discovery	23	39	24	39	-29.5	+	CTGGACTGGGATTCAT	4.04276180267334
EMB_multiscale_C11	tjupan_bacillus_subtilis_main_f45d38a5e15ccc93	dbtbs_bsub_core_5dbc73ad42aeab56	discovery	63	79	64	79	10.5	+	CGAAATGTGAGGAGGT	4.044183254241943
EMB_multiscale_C11	tjupan_bacillus_subtilis_main_52fe6822c9d74b50	tjupan_bacillus_subtilis_main_52fe6822c9d74b50	discovery	53	69	54	69	0.5	+	TATACAGAGAACCTTA	4.0641398429870605
EMB_multiscale_C11	tjupan_bacillus_subtilis_main_db7eebd0b9425a4f	dbtbs_bsub_core_db7eebd0b9425a4f	discovery	62	78	63	78	9.5	+	AAGGGGTGCTGACAAT	4.074474334716797
EMB_multiscale_C11	tjupan_bacillus_subtilis_main_5150105a4bdfd4ce	tjupan_bacillus_subtilis_main_5150105a4bdfd4ce	discovery	62	78	63	78	9.5	+	GACACAATCGGAGGGA	4.074577808380127
EMB_multiscale_C11	tjupan_bacillus_subtilis_main_272e2f2c83a48fab	dbtbs_bsub_core_272e2f2c83a48fab	discovery	17	33	18	33	-35.5	+	GTTATGGCTTGACAAA	4.087631702423096
EMB_multiscale_C11	tjupan_bacillus_subtilis_main_18d5be8d5c4f9a22	tjupan_bacillus_subtilis_main_18d5be8d5c4f9a22	discovery	57	73	58	73	4.5	+	GCTGAAAGGCATGATG	4.122894763946533
EMB_multiscale_C11	tjupan_bacillus_subtilis_main_fc6071b9027316a7	tjupan_bacillus_subtilis_main_fc6071b9027316a7	discovery	64	80	65	80	11.5	+	AAAGGGTGACAGCATG	4.123586654663086
EMB_multiscale_C11	tjupan_bacillus_subtilis_main_901b18a9982b4e95	tjupan_bacillus_subtilis_main_901b18a9982b4e95	discovery	62	78	63	78	9.5	+	CGCTTAAACGAGCGGT	4.132876873016357
EMB_multiscale_C11	tjupan_bacillus_subtilis_main_cb8c6e383b33abd4	dbtbs_bsub_core_cb8c6e383b33abd4	discovery	53	69	54	69	0.5	+	TGTGGATGATCAGCTT	4.135112285614014
EMB_multiscale_C11	tjupan_bacillus_subtilis_main_32475822eb2ec4c0	tjupan_bacillus_subtilis_main_32475822eb2ec4c0	discovery	64	80	65	80	11.5	+	AAAGGAATGATTCGCG	4.138790130615234
EMB_multiscale_C11	tjupan_bacillus_subtilis_main_32a70db45859cbb9	dbtbs_bsub_core_32a70db45859cbb9	discovery	1	17	2	17	-51.5	+	TGTACGCGAATTGAAT	4.16528844833374
EMB_multiscale_C11	tjupan_bacillus_subtilis_main_b0d8a2369952b821	dbtbs_bsub_core_3f773ca1224c0e26	discovery	65	81	66	81	12.5	+	AGAGAGGTGAAGATGT	4.186890602111816
EMB_multiscale_C11	tjupan_bacillus_subtilis_main_e0774d83207a7dd7	dbtbs_bsub_core_2b17d905bac0c3bc	discovery	0	16	1	16	-52.5	+	CCGAAGCAGATCAAAA	4.203769207000732
EMB_multiscale_C11	tjupan_bacillus_subtilis_main_89a40bf9e0650967	dbtbs_bsub_core_89a40bf9e0650967	discovery	24	40	25	40	-28.5	+	TAGAAGGAGAATACTC	4.208597660064697
EMB_multiscale_C11	tjupan_bacillus_subtilis_main_c0aec64934968747	tjupan_bacillus_subtilis_main_c0aec64934968747	discovery	31	47	32	47	-21.5	+	TTTTTGCTAGAGGGTA	4.216315746307373
EMB_multiscale_C11	tjupan_bacillus_subtilis_main_a8b2c052c0cdfcff	tjupan_bacillus_subtilis_main_a8b2c052c0cdfcff	discovery	65	81	66	81	12.5	+	AGAGACAGAATAATCA	4.227488040924072
EMB_multiscale_C11	tjupan_bacillus_subtilis_main_c2a5e00f908ba88c	dbtbs_bsub_core_c2a5e00f908ba88c	discovery	65	81	66	81	12.5	+	GAATCCCGAGCAGGAG	4.240856170654297
EMB_multiscale_C11	tjupan_bacillus_subtilis_main_fcf1520effc316d9	dbtbs_bsub_core_fcf1520effc316d9	discovery	62	78	63	78	9.5	+	AACATAGATCTGCTAG	4.2568511962890625
EMB_multiscale_C11	tjupan_bacillus_subtilis_main_f3b59cc74d659ebc	dbtbs_bsub_core_866d6e8af07c9412	discovery	60	76	61	76	7.5	+	GTGCAGGGTTAGAATA	4.2588019371032715
EMB_multiscale_C11	tjupan_bacillus_subtilis_main_57cb99253c19d2b6	tjupan_bacillus_subtilis_main_57cb99253c19d2b6	discovery	52	68	53	68	-0.5	+	CCTGTAATGAGGTGAT	4.271938323974609
EMB_multiscale_C11	tjupan_bacillus_subtilis_main_59b38cd2f2ea112d	dbtbs_bsub_core_59b38cd2f2ea112d	discovery	0	16	1	16	-52.5	+	AGGATGAGAAATTTTC	4.295419216156006
EMB_multiscale_C11	tjupan_bacillus_subtilis_main_ec009cfbae4f5210	dbtbs_bsub_core_ec009cfbae4f5210	discovery	1	17	2	17	-51.5	+	GGATGAAAGCGCTATA	4.308139324188232
EMB_multiscale_C11	tjupan_bacillus_subtilis_main_1c375491ec2245f4	tjupan_bacillus_subtilis_main_1c375491ec2245f4	discovery	63	79	64	79	10.5	+	CATCACAGAGAAACGA	4.31688928604126
EMB_multiscale_C11	tjupan_bacillus_subtilis_main_67a8fe9203485bd0	dbtbs_bsub_core_67a8fe9203485bd0	discovery	56	72	57	72	3.5	+	TGCTGAGGTGATGAAA	4.32656717300415
EMB_multiscale_C11	tjupan_bacillus_subtilis_main_8e892e5639ef0ac1	dbtbs_bsub_core_d25c674b3a14df1a	discovery	64	80	65	80	11.5	+	CATATACAGGAGGAGA	4.333698272705078
EMB_multiscale_C11	tjupan_bacillus_subtilis_main_8cdaaf6e0b90f5df	dbtbs_bsub_core_8cdaaf6e0b90f5df	discovery	25	41	26	41	-27.5	+	GTGCTGACAGAGGCAG	4.343184471130371
EMB_multiscale_C11	tjupan_bacillus_subtilis_main_3741d9dc6611d95f	tjupan_bacillus_subtilis_main_3741d9dc6611d95f	discovery	19	35	20	35	-33.5	+	TGCCGATTGAGAATTC	4.344564914703369
EMB_multiscale_C11	tjupan_bacillus_subtilis_main_eb3c3d68906264b7	tjupan_bacillus_subtilis_main_eb3c3d68906264b7	discovery	65	81	66	81	12.5	+	CAGTCATCAAGGAGGG	4.345544815063477
EMB_multiscale_C11	tjupan_bacillus_subtilis_main_1a8b81622422b81c	dbtbs_bsub_core_045e4f174337aedd	discovery	0	16	1	16	-52.5	+	TATTTAGACAGACAAC	4.367890357971191
EMB_multiscale_C11	tjupan_bacillus_subtilis_main_60ee42342c88d235	tjupan_bacillus_subtilis_main_60ee42342c88d235	discovery	16	32	17	32	-36.5	+	TTAAAGAGCCTTAACT	4.375866889953613
EMB_multiscale_C11	tjupan_bacillus_subtilis_main_5b5f9b9ad371b1b0	tjupan_bacillus_subtilis_main_5b5f9b9ad371b1b0	discovery	57	73	58	73	4.5	+	ATGAATGAGAAGGATG	4.376590251922607
EMB_multiscale_C11	tjupan_bacillus_subtilis_main_79d6d17268b5d0ce	dbtbs_bsub_core_94e9d8c40cf791b3	discovery	64	80	65	80	11.5	+	TATTCTCAAGGAGGTT	4.380405902862549
EMB_multiscale_C11	tjupan_bacillus_subtilis_main_a92ee416463b3fc1	dbtbs_bsub_core_585820026d8d814d	discovery	22	38	23	38	-30.5	+	TTTAGAGGGTATATAG	4.406915187835693
EMB_multiscale_C11	tjupan_bacillus_subtilis_main_c758d11e26aac641	tjupan_bacillus_subtilis_main_c758d11e26aac641	discovery	7	23	8	23	-45.5	+	AAAATGATGACTCTTC	4.407616138458252
EMB_multiscale_C11	tjupan_bacillus_subtilis_main_216653931b9dfc0d	tjupan_bacillus_subtilis_main_216653931b9dfc0d	discovery	64	80	65	80	11.5	+	AGATCACAAGGAGGAC	4.462385654449463
EMB_multiscale_C11	tjupan_bacillus_subtilis_main_8265264627414ceb	tjupan_bacillus_subtilis_main_8265264627414ceb	discovery	56	72	57	72	3.5	+	AGGCGGAGTCGAAACA	4.4638190269470215
EMB_multiscale_C11	tjupan_bacillus_subtilis_main_eb51fed06d2e921e	dbtbs_bsub_core_3613f20526b705b5	discovery	52	68	53	68	-0.5	+	TAGATGCTGAAAAGGG	4.466567516326904
EMB_multiscale_C11	tjupan_bacillus_subtilis_main_ba49f50d8b0af1c7	dbtbs_bsub_core_8a4a22c637647f42	discovery	53	69	54	69	0.5	+	TATCTGTTGAGGAGGG	4.473376750946045
EMB_multiscale_C11	tjupan_bacillus_subtilis_main_8a4a22c637647f42	dbtbs_bsub_core_8a4a22c637647f42	discovery	52	68	53	68	-0.5	+	TATCTGTTGAGGAGGG	4.487021446228027
EMB_multiscale_C11	tjupan_bacillus_subtilis_main_09deb32688bf8365	tjupan_bacillus_subtilis_main_09deb32688bf8365	discovery	65	81	66	81	12.5	+	TTGAAACCGGATTGAA	4.495725631713867
EMB_multiscale_C11	tjupan_bacillus_subtilis_main_5ccaab5adb962b3d	dbtbs_bsub_core_483b39fd11d75b28	discovery	59	75	60	75	6.5	+	CAACAGCAGGACATTA	4.521209239959717
EMB_multiscale_C11	tjupan_bacillus_subtilis_main_9a6d97baf1c02d30	dbtbs_bsub_core_9a6d97baf1c02d30	discovery	61	77	62	77	8.5	+	GTGAGGTGGATGCAAT	4.531303405761719
EMB_multiscale_C11	tjupan_bacillus_subtilis_main_7bd42a66d387ec94	dbtbs_bsub_core_5cf240f92a00f0e3	discovery	50	66	51	66	-2.5	+	ATATGAGATGAAAGGG	4.539304733276367
EMB_multiscale_C11	tjupan_bacillus_subtilis_main_47a0d4425a7cca49	tjupan_bacillus_subtilis_main_47a0d4425a7cca49	discovery	16	32	17	32	-36.5	+	GCCGCGAATTGAAGGA	4.563446044921875
EMB_multiscale_C11	tjupan_bacillus_subtilis_main_6e989f822c0894af	dbtbs_bsub_core_bb5ca17cb9317fea	discovery	54	70	55	70	1.5	+	TTCTTCAGGAGCTCAT	4.628573894500732
EMB_multiscale_C11	tjupan_bacillus_subtilis_main_ba2dc8596ef2486c	dbtbs_bsub_core_ba2dc8596ef2486c	discovery	65	81	66	81	12.5	+	CCTGCAGCAAGGAGGT	4.647701740264893
EMB_multiscale_C11	tjupan_bacillus_subtilis_main_202644f8a02efab9	dbtbs_bsub_core_f4d81ad6a0709a55	discovery	65	81	66	81	12.5	+	TCACATACAGGGAGGG	4.654977321624756
EMB_multiscale_C11	tjupan_bacillus_subtilis_main_aded66fe8079e578	tjupan_bacillus_subtilis_main_aded66fe8079e578	discovery	60	76	61	76	7.5	+	TAGTAAGGACACACGA	4.753444671630859
EMB_multiscale_C11	tjupan_bacillus_subtilis_main_8fa35d24a76b6d72	tjupan_bacillus_subtilis_main_8fa35d24a76b6d72	discovery	64	80	65	80	11.5	+	AGGAGGATTCGATATT	4.820036888122559
EMB_multiscale_C11	tjupan_bacillus_subtilis_main_bb68072522710571	dbtbs_bsub_core_bb68072522710571	discovery	18	34	19	34	-34.5	+	GAAATGGGCGTGAAAA	4.916243076324463
EMB_multiscale_C11	tjupan_bacillus_subtilis_main_29dff321a99fa8a2	dbtbs_bsub_core_e964a63647aab2c6	discovery	41	57	42	57	-11.5	+	AAGGGCCGATATAGAA	5.169315814971924
EMB_multiscale_C11	tjupan_bacillus_subtilis_main_6901d7d50287d8c1	dbtbs_bsub_core_6901d7d50287d8c1	discovery	60	76	61	76	7.5	+	GGGGTTGAACATATGA	5.268970012664795
EMB_multiscale_C12	tjupan_bacillus_subtilis_main_af51a9f7939c4cfb	dbtbs_bsub_core_49fc6b8175a85db6	discovery	23	39	24	39	-29.5	+	AATGTAACCAACTGTC	2.59131121635437
EMB_multiscale_C12	tjupan_bacillus_subtilis_main_ade9dc791ab39f6c	dbtbs_bsub_core_ade9dc791ab39f6c	discovery	61	77	62	77	8.5	+	GGATACCTCAAAATGA	2.6538875102996826
EMB_multiscale_C12	tjupan_bacillus_subtilis_main_b578e9e0d96d144a	dbtbs_bsub_core_b578e9e0d96d144a	discovery	29	45	30	45	-23.5	+	TAATTCCAAACAGATG	2.6640498638153076
EMB_multiscale_C12	tjupan_bacillus_subtilis_main_282b0a85bf46906b	tjupan_bacillus_subtilis_main_282b0a85bf46906b	discovery	15	31	16	31	-37.5	+	TAAGAAAACATTGACA	2.7095048427581787
EMB_multiscale_C12	tjupan_bacillus_subtilis_main_4a76c51266c80a0f	dbtbs_bsub_core_b905bf06b88d4e46	discovery	55	71	56	71	2.5	+	CATACAAGGCAAACCC	2.7117273807525635
EMB_multiscale_C12	tjupan_bacillus_subtilis_main_d33162cb12a5a549	tjupan_bacillus_subtilis_main_d33162cb12a5a549	discovery	23	39	24	39	-29.5	+	GTTTTCAAAACGATAT	2.737797260284424
EMB_multiscale_C12	tjupan_bacillus_subtilis_main_b790c6b12a43a7c6	tjupan_bacillus_subtilis_main_b790c6b12a43a7c6	discovery	27	43	28	43	-25.5	+	TGAATAAACAATTCCA	2.7540664672851562
EMB_multiscale_C12	tjupan_bacillus_subtilis_main_66846fa14c29dbc1	dbtbs_bsub_core_89ab3601fa8ac055	discovery	34	50	35	50	-18.5	+	TTACAAAAACAGATGA	2.7723326683044434
EMB_multiscale_C12	tjupan_bacillus_subtilis_main_92c71ea9f3febc7f	dbtbs_bsub_core_c2ee7abb48038f6f	discovery	42	58	43	58	-10.5	+	GTTACAGAAAATACGA	2.773115396499634
EMB_multiscale_C12	tjupan_bacillus_subtilis_main_980ab95cde029f78	tjupan_bacillus_subtilis_main_980ab95cde029f78	discovery	22	38	23	38	-30.5	+	CATTGACAAACGTCCA	2.778118848800659
EMB_multiscale_C12	tjupan_bacillus_subtilis_main_52267ea931cb2dd7	dbtbs_bsub_core_b35218f45c0f11c8	discovery	28	44	29	44	-24.5	+	GCATTTAACAAAGTTT	2.7900917530059814
EMB_multiscale_C12	tjupan_bacillus_subtilis_main_3be839d09df1dbe1	dbtbs_bsub_core_3be839d09df1dbe1	discovery	28	44	29	44	-24.5	+	GAATCAAAAACACTTT	2.8177077770233154
EMB_multiscale_C12	tjupan_bacillus_subtilis_main_e1ad11de708bb9dd	dbtbs_bsub_core_0ce0cc9e187b5d37	discovery	25	41	26	41	-27.5	+	TGTGAACAATCAAGGT	2.84169864654541
EMB_multiscale_C12	tjupan_bacillus_subtilis_main_0d7b08433a8f6233	tjupan_bacillus_subtilis_main_0d7b08433a8f6233	discovery	18	34	19	34	-34.5	+	TGACTAAACCGAATAT	2.849242925643921
EMB_multiscale_C12	tjupan_bacillus_subtilis_main_517410185d825f3e	tjupan_bacillus_subtilis_main_517410185d825f3e	discovery	8	24	9	24	-44.5	+	AAAAAGCACAAATTAA	2.8523833751678467
EMB_multiscale_C12	tjupan_bacillus_subtilis_main_d04a67d8cb9ad084	dbtbs_bsub_core_d04a67d8cb9ad084	discovery	28	44	29	44	-24.5	+	CACTAGACAAATGCCC	2.856981039047241
EMB_multiscale_C12	tjupan_bacillus_subtilis_main_b24feeda89db5dfd	dbtbs_bsub_core_b24feeda89db5dfd	discovery	50	66	51	66	-2.5	+	TAATGAAAACAGGTCA	2.8613665103912354
EMB_multiscale_C12	tjupan_bacillus_subtilis_main_e6accdb752f9724f	dbtbs_bsub_core_41815df9927fe319	discovery	16	32	17	32	-36.5	+	ATGGACAAATCAACTA	2.9021666049957275
EMB_multiscale_C12	tjupan_bacillus_subtilis_main_c9a32e1db5125d7c	dbtbs_bsub_core_c9a32e1db5125d7c	discovery	18	34	19	34	-34.5	+	AATAAACTTGACAAAC	2.9046108722686768
EMB_multiscale_C12	tjupan_bacillus_subtilis_main_8e9af30cd29c08ec	dbtbs_bsub_core_ab5345ed831420ec	discovery	23	39	24	39	-29.5	+	TTTCGACAAACTGTAT	2.9257028102874756
EMB_multiscale_C12	tjupan_bacillus_subtilis_main_ade14dd3fdacb032	dbtbs_bsub_core_12585b08a658046e	discovery	33	49	34	49	-19.5	+	TTACAAAAATACCCGA	2.9274308681488037
EMB_multiscale_C12	tjupan_bacillus_subtilis_main_f58412ec32c641aa	dbtbs_bsub_core_bba92a46eba6f8e0	discovery	51	67	52	67	-1.5	+	AATATAACCAAGAAAT	2.9348948001861572
EMB_multiscale_C12	tjupan_bacillus_subtilis_main_93b5da0b5f842573	dbtbs_bsub_core_93b5da0b5f842573	discovery	46	62	47	62	-6.5	+	GGAAAACTAACAATGT	2.9426536560058594
EMB_multiscale_C12	tjupan_bacillus_subtilis_main_5d881eac8b46d627	dbtbs_bsub_core_5d881eac8b46d627	discovery	28	44	29	44	-24.5	+	TTTGGACAAACAGCTG	2.9619150161743164
EMB_multiscale_C12	tjupan_bacillus_subtilis_main_3ab41c1b83ba019b	dbtbs_bsub_core_c956a5fd581ed80a	discovery	55	71	56	71	2.5	+	TCACTAGAAATTGACA	2.968064069747925
EMB_multiscale_C12	tjupan_bacillus_subtilis_main_20bbba0ce59de449	dbtbs_bsub_core_20bbba0ce59de449	discovery	7	23	8	23	-45.5	+	ATGAAAACGCTTAACA	2.970407247543335
EMB_multiscale_C12	tjupan_bacillus_subtilis_main_9e087715e3522ed4	dbtbs_bsub_core_b3df5d74f56f0610	discovery	58	74	59	74	5.5	+	TATAAGACAACAATCG	2.9817557334899902
EMB_multiscale_C12	tjupan_bacillus_subtilis_main_d24ab9ea2522f43e	dbtbs_bsub_core_e391b9fe5a0b653f	discovery	59	75	60	75	6.5	+	CAAACCTAACAAAGAG	2.986356496810913
EMB_multiscale_C12	tjupan_bacillus_subtilis_main_ff61268918c0af5d	tjupan_bacillus_subtilis_main_ff61268918c0af5d	discovery	15	31	16	31	-37.5	+	AAGAAACCAAAGCATG	2.9912631511688232
EMB_multiscale_C12	tjupan_bacillus_subtilis_main_2d40490247bb616a	dbtbs_bsub_core_ffa38d6978ad48aa	discovery	0	16	1	16	-52.5	+	TTCAAACAAACGATGG	3.0093390941619873
EMB_multiscale_C12	tjupan_bacillus_subtilis_main_32aff5c8192321bb	dbtbs_bsub_core_76636d30cbe1eec3	discovery	58	74	59	74	5.5	+	ACAATGAAAACGACAG	3.0101921558380127
EMB_multiscale_C12	tjupan_bacillus_subtilis_main_25308dd77914b9d9	dbtbs_bsub_core_1dc2eb4818f9715a	discovery	33	49	34	49	-19.5	+	ATCATACCAAAGAGAA	3.0120530128479004
EMB_multiscale_C12	tjupan_bacillus_subtilis_main_84e6c8375d18dc47	tjupan_bacillus_subtilis_main_84e6c8375d18dc47	discovery	53	69	54	69	0.5	+	TACTATCACAAAAATT	3.0381996631622314
EMB_multiscale_C12	tjupan_bacillus_subtilis_main_e84ae283b7981830	tjupan_bacillus_subtilis_main_e84ae283b7981830	discovery	36	52	37	52	-16.5	+	CCCGACAAAACGATAC	3.0412821769714355
EMB_multiscale_C12	tjupan_bacillus_subtilis_main_a032a3114b7dbf1c	dbtbs_bsub_core_a032a3114b7dbf1c	discovery	23	39	24	39	-29.5	+	ATAGTAAACAAAATGA	3.0555834770202637
EMB_multiscale_C12	tjupan_bacillus_subtilis_main_61d216a2a24189d0	dbtbs_bsub_core_61d216a2a24189d0	discovery	25	41	26	41	-27.5	+	TTGAAAAGCCGACATG	3.0570068359375
EMB_multiscale_C12	tjupan_bacillus_subtilis_main_b7cebcbae1ca8171	dbtbs_bsub_core_342a4291e30f5e80	discovery	0	16	1	16	-52.5	+	TTTCACAAAAGATTTA	3.0609521865844727
EMB_multiscale_C12	tjupan_bacillus_subtilis_main_fe2a626ec63a594e	dbtbs_bsub_core_abc060d81660f90c	discovery	51	67	52	67	-1.5	+	ACTAATTTCAACCAGC	3.0644772052764893
EMB_multiscale_C12	tjupan_bacillus_subtilis_main_82e1287a21b69715	dbtbs_bsub_core_82e1287a21b69715	discovery	40	56	41	56	-12.5	+	TGAAAAACAATAGCAT	3.0690805912017822
EMB_multiscale_C12	tjupan_bacillus_subtilis_main_8f9b814f5e8b18ae	dbtbs_bsub_core_8f9b814f5e8b18ae	discovery	36	52	37	52	-16.5	+	TGTTCCAAACGGAATA	3.0821776390075684
EMB_multiscale_C12	tjupan_bacillus_subtilis_main_163772f02671a528	tjupan_bacillus_subtilis_main_163772f02671a528	discovery	62	78	63	78	9.5	+	ATGTTAACAAACAGGG	3.1068127155303955
EMB_multiscale_C12	tjupan_bacillus_subtilis_main_a1b8ecb6878276b4	dbtbs_bsub_core_a1b8ecb6878276b4	discovery	38	54	39	54	-14.5	+	GAAAGGCACGAAATCA	3.150264024734497
EMB_multiscale_C12	tjupan_bacillus_subtilis_main_c2a5e00f908ba88c	dbtbs_bsub_core_c2a5e00f908ba88c	discovery	10	26	11	26	-42.5	+	TGTCCAAAACGAGAGT	3.158315658569336
EMB_multiscale_C12	tjupan_bacillus_subtilis_main_80add31ceb4a1382	tjupan_bacillus_subtilis_main_80add31ceb4a1382	discovery	17	33	18	33	-35.5	+	TTTTGACAAAATCCTA	3.162759780883789
EMB_multiscale_C12	tjupan_bacillus_subtilis_main_51e2f43063a3baab	tjupan_bacillus_subtilis_main_51e2f43063a3baab	discovery	61	77	62	77	8.5	+	AAGTCATAAACCTATC	3.169020414352417
EMB_multiscale_C12	tjupan_bacillus_subtilis_main_d497e040ececfdff	dbtbs_bsub_core_a797439cbe2b0d85	discovery	55	71	56	71	2.5	+	GAGTTCAACAAAAGAT	3.1707053184509277
EMB_multiscale_C12	tjupan_bacillus_subtilis_main_10eda96ea4199e8c	dbtbs_bsub_core_10eda96ea4199e8c	discovery	4	20	5	20	-48.5	+	ATTGACAAGACCTTAT	3.184619665145874
EMB_multiscale_C12	tjupan_bacillus_subtilis_main_f04c569125ce3afa	dbtbs_bsub_core_85a34ab094cb765f	discovery	65	81	66	81	12.5	+	CAGAAAAAACGCAGCC	3.201704502105713
EMB_multiscale_C12	tjupan_bacillus_subtilis_main_4d08fa1f606ad269	tjupan_bacillus_subtilis_main_4d08fa1f606ad269	discovery	1	17	2	17	-51.5	+	CCCATAAAACATGACA	3.2038331031799316
EMB_multiscale_C12	tjupan_bacillus_subtilis_main_2be0a0a038238614	tjupan_bacillus_subtilis_main_2be0a0a038238614	discovery	4	20	5	20	-48.5	+	TCACAAAAACTTACAC	3.2040927410125732
EMB_multiscale_C12	tjupan_bacillus_subtilis_main_024ba149e95dcf1a	tjupan_bacillus_subtilis_main_024ba149e95dcf1a	discovery	56	72	57	72	3.5	+	TAGTAACAAGCCGGCA	3.2093513011932373
EMB_multiscale_C12	tjupan_bacillus_subtilis_main_09dd4c8ba7bc09c6	dbtbs_bsub_core_09dd4c8ba7bc09c6	discovery	65	81	66	81	12.5	+	AGGTGTAAACAACAGG	3.2172396183013916
EMB_multiscale_C12	tjupan_bacillus_subtilis_main_56fbf5e1ebfb46d1	dbtbs_bsub_core_56fbf5e1ebfb46d1	discovery	10	26	11	26	-42.5	+	CTGAAAAAACGCACCT	3.2193167209625244
EMB_multiscale_C12	tjupan_bacillus_subtilis_main_5e8ac4f4506ef781	dbtbs_bsub_core_cdccc2e2972286a4	discovery	20	36	21	36	-32.5	+	ATCATTGACAAAAAAT	3.224493980407715
EMB_multiscale_C12	tjupan_bacillus_subtilis_main_79d6d17268b5d0ce	dbtbs_bsub_core_94e9d8c40cf791b3	discovery	18	34	19	34	-34.5	+	GAAAAACATGAAACTT	3.2301406860351562
EMB_multiscale_C12	tjupan_bacillus_subtilis_main_e28ceade6e8616fa	dbtbs_bsub_core_9b12482ac6eea2d4	discovery	41	57	42	57	-11.5	+	TTCCACAAACAATAAT	3.2331719398498535
EMB_multiscale_C12	tjupan_bacillus_subtilis_main_bf15c71cd5f4b9e0	dbtbs_bsub_core_79aa8a5c0f3b9558	discovery	37	53	38	53	-15.5	+	GCACCAAAACCGATAT	3.2391533851623535
EMB_multiscale_C12	tjupan_bacillus_subtilis_main_2b2db3c55e03b737	dbtbs_bsub_core_9d26dfa3049d6f00	discovery	32	48	33	48	-20.5	+	AACGAACCCAATTAGT	3.2586684226989746
EMB_multiscale_C12	tjupan_bacillus_subtilis_main_e62d7e001687b19a	tjupan_bacillus_subtilis_main_e62d7e001687b19a	discovery	0	16	1	16	-52.5	+	TGGAAACATACCCAAT	3.2629148960113525
EMB_multiscale_C12	tjupan_bacillus_subtilis_main_9d5c52bb0fa0ffad	dbtbs_bsub_core_9d5c52bb0fa0ffad	discovery	11	27	12	27	-41.5	+	TTTCGACAAACTGTAT	3.263723134994507
EMB_multiscale_C12	tjupan_bacillus_subtilis_main_71eaf5cbf249113b	dbtbs_bsub_core_71eaf5cbf249113b	discovery	13	29	14	29	-39.5	+	TGAAAAACAATAGCAT	3.266965627670288
EMB_multiscale_C12	tjupan_bacillus_subtilis_main_e66d1eb3358cf03d	dbtbs_bsub_core_601150b85493a7a1	discovery	19	35	20	35	-33.5	+	TGGAAAAGCACATTGT	3.2690298557281494
EMB_multiscale_C12	tjupan_bacillus_subtilis_main_ffb5b3082f8ea0cd	tjupan_bacillus_subtilis_main_ffb5b3082f8ea0cd	discovery	20	36	21	36	-32.5	+	GGCTGAAACAAAGCTT	3.272865056991577
EMB_multiscale_C12	tjupan_bacillus_subtilis_main_754ac4e873f6c24d	tjupan_bacillus_subtilis_main_754ac4e873f6c24d	discovery	22	38	23	38	-30.5	+	CGGAACCATTAAGAGC	3.27765154838562
EMB_multiscale_C12	tjupan_bacillus_subtilis_main_9f03f134e6b67be2	tjupan_bacillus_subtilis_main_9f03f134e6b67be2	discovery	30	46	31	46	-22.5	+	AACGAAATTCACCGTA	3.291409492492676
EMB_multiscale_C12	tjupan_bacillus_subtilis_main_2a051d7d075d7920	tjupan_bacillus_subtilis_main_2a051d7d075d7920	discovery	31	47	32	47	-21.5	+	TGACGAAAACGCTATC	3.2924466133117676
EMB_multiscale_C12	tjupan_bacillus_subtilis_main_9c3cc423ec1465b1	dbtbs_bsub_core_9c3cc423ec1465b1	discovery	29	45	30	45	-23.5	+	TGAGAACAAAATCGAA	3.2958924770355225
EMB_multiscale_C12	tjupan_bacillus_subtilis_main_d9da0a0033167763	dbtbs_bsub_core_d9da0a0033167763	discovery	22	38	23	38	-30.5	+	TTAGTTCAACAAATAA	3.3018720149993896
EMB_multiscale_C12	tjupan_bacillus_subtilis_main_b5cc4aad42c9a683	dbtbs_bsub_core_b5cc4aad42c9a683	discovery	50	66	51	66	-2.5	+	CAATAAATTCACAGAA	3.3043651580810547
EMB_multiscale_C12	tjupan_bacillus_subtilis_main_a9fde0fdd238b261	dbtbs_bsub_core_06588c97cd7288a8	discovery	60	76	61	76	7.5	+	TAAAAACCGTCAATAT	3.3068482875823975
EMB_multiscale_C12	tjupan_bacillus_subtilis_main_982fa9762732f05a	tjupan_bacillus_subtilis_main_982fa9762732f05a	discovery	1	17	2	17	-51.5	+	AACGAACCCAATTAGT	3.3109633922576904
EMB_multiscale_C12	tjupan_bacillus_subtilis_main_d0e455b1c91ba281	dbtbs_bsub_core_f6e924d0656980ad	discovery	49	65	50	65	-3.5	+	AAAGATAAAACAGTCA	3.3199286460876465
EMB_multiscale_C12	tjupan_bacillus_subtilis_main_fb689c0625deec2e	dbtbs_bsub_core_bf9535fab79dbf8f	discovery	27	43	28	43	-25.5	+	TGGGTACAAATCAATT	3.327270746231079
EMB_multiscale_C12	tjupan_bacillus_subtilis_main_b7240ec09f994729	dbtbs_bsub_core_6cadf10f2f906812	discovery	10	26	11	26	-42.5	+	TCTTCAAAACGATCTT	3.3345556259155273
EMB_multiscale_C12	tjupan_bacillus_subtilis_main_bc41d7d0760497f9	dbtbs_bsub_core_bc41d7d0760497f9	discovery	25	41	26	41	-27.5	+	TTTCTAACAAAGCCTT	3.3388633728027344
EMB_multiscale_C12	tjupan_bacillus_subtilis_main_fea876b7208e46e3	dbtbs_bsub_core_fea876b7208e46e3	discovery	24	40	25	40	-28.5	+	TGTTGAAAACGCTTTA	3.350572347640991
EMB_multiscale_C12	tjupan_bacillus_subtilis_main_dcef15bdfb353954	dbtbs_bsub_core_dcef15bdfb353954	discovery	4	20	5	20	-48.5	+	AAATCAGACAAAACTT	3.350682497024536
EMB_multiscale_C12	tjupan_bacillus_subtilis_main_666dd7e391a36890	dbtbs_bsub_core_666dd7e391a36890	discovery	16	32	17	32	-36.5	+	GAAAAAGACACCATTT	3.3533482551574707
EMB_multiscale_C12	tjupan_bacillus_subtilis_main_84597be11ba889b8	tjupan_bacillus_subtilis_main_84597be11ba889b8	discovery	59	75	60	75	6.5	+	TAACGAATCAAACGAG	3.354025363922119
EMB_multiscale_C12	tjupan_bacillus_subtilis_main_d1b10b64ac040b8c	dbtbs_bsub_core_3a6c62def340fb72	discovery	33	49	34	49	-19.5	+	TATTGACCAAAAATGT	3.360713481903076
EMB_multiscale_C12	tjupan_bacillus_subtilis_main_3ab27dce0b1876ca	dbtbs_bsub_core_d52b0eed3ebbab2d	discovery	26	42	27	42	-26.5	+	TGCAATCCAAACGAGA	3.365591287612915
EMB_multiscale_C12	tjupan_bacillus_subtilis_main_5eccf0b4b51999b8	tjupan_bacillus_subtilis_main_5eccf0b4b51999b8	discovery	55	71	56	71	2.5	+	AAAAATCCCACAGACA	3.3713364601135254
EMB_multiscale_C12	tjupan_bacillus_subtilis_main_ca7deec2e4330ae4	tjupan_bacillus_subtilis_main_ca7deec2e4330ae4	discovery	15	31	16	31	-37.5	+	TCAAAAACCTATTGAC	3.3718323707580566
EMB_multiscale_C12	tjupan_bacillus_subtilis_main_ed12f07c80365cbc	dbtbs_bsub_core_09dd4c8ba7bc09c6	discovery	37	53	38	53	-15.5	+	TTACACAAGGATAAAA	3.3918874263763428
EMB_multiscale_C12	tjupan_bacillus_subtilis_main_eb88f130dfce6401	tjupan_bacillus_subtilis_main_eb88f130dfce6401	discovery	22	38	23	38	-30.5	+	TTCACAAGGAAACACG	3.3925018310546875
EMB_multiscale_C12	tjupan_bacillus_subtilis_main_106e69f8e7e10bd4	tjupan_bacillus_subtilis_main_106e69f8e7e10bd4	discovery	57	73	58	73	4.5	+	AGTACAAACATCCTTA	3.3981170654296875
EMB_multiscale_C12	tjupan_bacillus_subtilis_main_a1ad6ce2d20c389b	dbtbs_bsub_core_539bc60476254ff5	discovery	41	57	42	57	-11.5	+	GAACCGATCAAAATAA	3.4109463691711426
EMB_multiscale_C12	tjupan_bacillus_subtilis_main_a2eb9b766304b405	dbtbs_bsub_core_adaec4e024668ee2	discovery	23	39	24	39	-29.5	+	TCTTGCAAAACGTAAT	3.4113500118255615
EMB_multiscale_C12	tjupan_bacillus_subtilis_main_4f4c3d5d96d18695	tjupan_bacillus_subtilis_main_4f4c3d5d96d18695	discovery	36	52	37	52	-16.5	+	CCCTTCAAACAGGGTA	3.415499448776245
EMB_multiscale_C12	tjupan_bacillus_subtilis_main_cb2c7c4f94201384	tjupan_bacillus_subtilis_main_cb2c7c4f94201384	discovery	5	21	6	21	-47.5	+	TTTAATCAAAACACAT	3.419875144958496
EMB_multiscale_C12	tjupan_bacillus_subtilis_main_54fd4c2966482e2c	dbtbs_bsub_core_ba3becfc7c3e4e17	discovery	58	74	59	74	5.5	+	CGATAGAAAACACTTT	3.4236865043640137
EMB_multiscale_C12	tjupan_bacillus_subtilis_main_43fbda6e3c3abdae	dbtbs_bsub_core_c62c8589a5774a74	discovery	33	49	34	49	-19.5	+	TTTTGAAACGAAGCTC	3.424665689468384
EMB_multiscale_C12	tjupan_bacillus_subtilis_main_adff0049bb8c9b3f	tjupan_bacillus_subtilis_main_adff0049bb8c9b3f	discovery	55	71	56	71	2.5	+	ACTGTAAACAACCTTA	3.430510997772217
EMB_multiscale_C12	tjupan_bacillus_subtilis_main_a2cd64f7b02e9630	tjupan_bacillus_subtilis_main_a2cd64f7b02e9630	discovery	15	31	16	31	-37.5	+	CAAAAAAACACTTGAT	3.4364755153656006
EMB_multiscale_C12	tjupan_bacillus_subtilis_main_1dc2eb4818f9715a	dbtbs_bsub_core_1dc2eb4818f9715a	discovery	55	71	56	71	2.5	+	GAAAAGTACCAATTAT	3.438445806503296
EMB_multiscale_C12	tjupan_bacillus_subtilis_main_f45d38a5e15ccc93	dbtbs_bsub_core_5dbc73ad42aeab56	discovery	7	23	8	23	-45.5	+	CTTGTAAAGCCACATT	3.4432437419891357
EMB_multiscale_C12	tjupan_bacillus_subtilis_main_06d485c4aaa12e15	dbtbs_bsub_core_06d485c4aaa12e15	discovery	9	25	10	25	-43.5	+	AACTTCAAAACATCAT	3.4499080181121826
EMB_multiscale_C12	tjupan_bacillus_subtilis_main_636c41b820e9fd5d	tjupan_bacillus_subtilis_main_636c41b820e9fd5d	discovery	65	81	66	81	12.5	+	TTTTCAAAAGACTTGT	3.4524741172790527
EMB_multiscale_C12	tjupan_bacillus_subtilis_main_e326833d29b8752f	dbtbs_bsub_core_e326833d29b8752f	discovery	24	40	25	40	-28.5	+	GAATAAACGAAGCCAT	3.4572179317474365
EMB_multiscale_C12	tjupan_bacillus_subtilis_main_2e59e247c2d07b0b	tjupan_bacillus_subtilis_main_2e59e247c2d07b0b	discovery	20	36	21	36	-32.5	+	AAAAGTGAAACTTTTA	3.4772732257843018
EMB_multiscale_C12	tjupan_bacillus_subtilis_main_8837dc4443db7de3	tjupan_bacillus_subtilis_main_8837dc4443db7de3	discovery	63	79	64	79	10.5	+	AAAGACACAAAAGGCG	3.4787518978118896
EMB_multiscale_C12	tjupan_bacillus_subtilis_main_1a8b81622422b81c	dbtbs_bsub_core_045e4f174337aedd	discovery	25	41	26	41	-27.5	+	GGTTAAAACCTTATGA	3.4975156784057617
EMB_multiscale_C12	tjupan_bacillus_subtilis_main_2b799cc13a596bcd	tjupan_bacillus_subtilis_main_2b799cc13a596bcd	discovery	58	74	59	74	5.5	+	TAAGGAATTCACCCAC	3.50113844871521
EMB_multiscale_C12	tjupan_bacillus_subtilis_main_4fa5d89620e7d8ce	dbtbs_bsub_core_5eb05bc57612da6d	discovery	31	47	32	47	-21.5	+	ATATCAAAACAATGGT	3.5083906650543213
EMB_multiscale_C12	tjupan_bacillus_subtilis_main_8e892e5639ef0ac1	dbtbs_bsub_core_d25c674b3a14df1a	discovery	15	31	16	31	-37.5	+	TAATCAAACAAAGAAT	3.5119550228118896
EMB_multiscale_C12	tjupan_bacillus_subtilis_main_7358cf40e4efa482	tjupan_bacillus_subtilis_main_7358cf40e4efa482	discovery	4	20	5	20	-48.5	+	TCGGTAAATCACCTTA	3.5173752307891846
EMB_multiscale_C12	tjupan_bacillus_subtilis_main_acb860b1f6674578	dbtbs_bsub_core_f1e6e06788e9c9fd	discovery	16	32	17	32	-36.5	+	TAAGAAACAATGAAAC	3.5181870460510254
EMB_multiscale_C12	tjupan_bacillus_subtilis_main_ad6e1b40396f6528	dbtbs_bsub_core_ad6e1b40396f6528	discovery	65	81	66	81	12.5	+	TTGGTCAAACAAACCG	3.524132013320923
EMB_multiscale_C12	tjupan_bacillus_subtilis_main_9c67a769132d62d8	dbtbs_bsub_core_1373e064636d6c9b	discovery	1	17	2	17	-51.5	+	CCGGCACCAAAATGCA	3.5247256755828857
EMB_multiscale_C12	tjupan_bacillus_subtilis_main_fcf1520effc316d9	dbtbs_bsub_core_fcf1520effc316d9	discovery	52	68	53	68	-0.5	+	ATAAAAGTACAACATA	3.5264179706573486
EMB_multiscale_C12	tjupan_bacillus_subtilis_main_917572a2414a52f7	tjupan_bacillus_subtilis_main_917572a2414a52f7	discovery	11	27	12	27	-41.5	+	AAATGACAAAGAACTT	3.531944990158081
EMB_multiscale_C12	tjupan_bacillus_subtilis_main_0261e5d9e5354132	tjupan_bacillus_subtilis_main_0261e5d9e5354132	discovery	56	72	57	72	3.5	+	CTGTAACAAACAATAC	3.5360209941864014
EMB_multiscale_C12	tjupan_bacillus_subtilis_main_b7c0eae7293a1bfc	dbtbs_bsub_core_0bfdb592513badc4	discovery	36	52	37	52	-16.5	+	GCTGAACCAATTAATA	3.558610677719116
EMB_multiscale_C12	tjupan_bacillus_subtilis_main_56bd9deba3d3b9f9	dbtbs_bsub_core_5dd7cccc54d589c3	discovery	0	16	1	16	-52.5	+	CTCACAAAATCACGTT	3.5692689418792725
EMB_multiscale_C12	tjupan_bacillus_subtilis_main_8b776572d2e01c62	dbtbs_bsub_core_6736f212a82e3343	discovery	3	19	4	19	-49.5	+	AAAATACACAAAGTGT	3.5732052326202393
EMB_multiscale_C12	tjupan_bacillus_subtilis_main_1dc6ad16ab0331f8	tjupan_bacillus_subtilis_main_1dc6ad16ab0331f8	discovery	16	32	17	32	-36.5	+	CCTAAAACCTGAACCT	3.5748136043548584
EMB_multiscale_C12	tjupan_bacillus_subtilis_main_4fc356ae4cdf5a10	dbtbs_bsub_core_89ad3abb800dad9f	discovery	3	19	4	19	-49.5	+	TGTGAACAAAAGGCTC	3.576012134552002
EMB_multiscale_C12	tjupan_bacillus_subtilis_main_2c918744f6daf466	dbtbs_bsub_core_20f77243a5b2c4ab	discovery	22	38	23	38	-30.5	+	AAATGAAACCATGGCG	3.5778400897979736
EMB_multiscale_C12	tjupan_bacillus_subtilis_main_dbf995194ebf2b2d	dbtbs_bsub_core_dbf995194ebf2b2d	discovery	24	40	25	40	-28.5	+	ACTGTTAAACAAGGTG	3.5793113708496094
EMB_multiscale_C12	tjupan_bacillus_subtilis_main_bebf1b31befd9c3c	dbtbs_bsub_core_bebf1b31befd9c3c	discovery	58	74	59	74	5.5	+	ACGTTCACAAAACATG	3.609830141067505
EMB_multiscale_C12	tjupan_bacillus_subtilis_main_796368712c0cdecb	tjupan_bacillus_subtilis_main_796368712c0cdecb	discovery	36	52	37	52	-16.5	+	AAAAAACATAAACGAT	3.615666627883911
EMB_multiscale_C12	tjupan_bacillus_subtilis_main_a7a45131c45395c8	dbtbs_bsub_core_a7a45131c45395c8	discovery	57	73	58	73	4.5	+	GGTGAACCCTAAATAG	3.6235294342041016
EMB_multiscale_C12	tjupan_bacillus_subtilis_main_0e56c5fe6c5d0db0	dbtbs_bsub_core_cfddcd51a76889fd	discovery	7	23	8	23	-45.5	+	ATTTCCAACCGAATTC	3.6282191276550293
EMB_multiscale_C12	tjupan_bacillus_subtilis_main_f1fe1806a852fcba	dbtbs_bsub_core_f1fe1806a852fcba	discovery	60	76	61	76	7.5	+	ACACATGAAACTGCTT	3.6510932445526123
EMB_multiscale_C12	tjupan_bacillus_subtilis_main_fbae385e087109ce	tjupan_bacillus_subtilis_main_fbae385e087109ce	discovery	38	54	39	54	-14.5	+	AAATCAAACAGAATAC	3.653080940246582
EMB_multiscale_C12	tjupan_bacillus_subtilis_main_1f2ca280ccaab774	tjupan_bacillus_subtilis_main_1f2ca280ccaab774	discovery	59	75	60	75	6.5	+	AAGACATCAAGAAATA	3.6836841106414795
EMB_multiscale_C12	tjupan_bacillus_subtilis_main_9ab6c96db0706f0e	dbtbs_bsub_core_c190339743385950	discovery	16	32	17	32	-36.5	+	TGGAAAAGACAATTTT	3.687688112258911
EMB_multiscale_C12	tjupan_bacillus_subtilis_main_92b62a9d8d87ace9	dbtbs_bsub_core_92b62a9d8d87ace9	discovery	44	60	45	60	-8.5	+	GACACAAAATACAGCT	3.6905384063720703
EMB_multiscale_C12	tjupan_bacillus_subtilis_main_e47a55cd702f35e7	dbtbs_bsub_core_175bcd2ea2263ee4	discovery	65	81	66	81	12.5	+	ACATCCTTAAAACATT	3.699934720993042
EMB_multiscale_C12	tjupan_bacillus_subtilis_main_eb3c3d68906264b7	tjupan_bacillus_subtilis_main_eb3c3d68906264b7	discovery	23	39	24	39	-29.5	+	TGTTCTAAACACAGAG	3.706164836883545
EMB_multiscale_C12	tjupan_bacillus_subtilis_main_4e48cd3162b15e74	tjupan_bacillus_subtilis_main_4e48cd3162b15e74	discovery	55	71	56	71	2.5	+	GATTCAAACAAGCTTG	3.720278024673462
EMB_multiscale_C12	tjupan_bacillus_subtilis_main_f5fed123a3ffd242	dbtbs_bsub_core_f5fed123a3ffd242	discovery	29	45	30	45	-23.5	+	ATATGAAGAACGCCAC	3.7242915630340576
EMB_multiscale_C12	tjupan_bacillus_subtilis_main_e9623f8193af34e0	dbtbs_bsub_core_e9623f8193af34e0	discovery	1	17	2	17	-51.5	+	AAAATGGAACCATGCC	3.7403526306152344
EMB_multiscale_C12	tjupan_bacillus_subtilis_main_a61c0978ae294759	tjupan_bacillus_subtilis_main_a61c0978ae294759	discovery	27	43	28	43	-25.5	+	GTTTAAAAACGATCTT	3.7407004833221436
EMB_multiscale_C12	tjupan_bacillus_subtilis_main_729454a84a667dd8	dbtbs_bsub_core_729454a84a667dd8	discovery	16	32	17	32	-36.5	+	CCGCTGAAACATAAAT	3.7467668056488037
EMB_multiscale_C12	tjupan_bacillus_subtilis_main_f09c3556dc31a575	dbtbs_bsub_core_f09c3556dc31a575	discovery	59	75	60	75	6.5	+	TATGAAGACAACGAAC	3.7506210803985596
EMB_multiscale_C12	tjupan_bacillus_subtilis_main_45683747106d08bd	tjupan_bacillus_subtilis_main_45683747106d08bd	discovery	32	48	33	48	-20.5	+	TATGTTCAAAAGTCGG	3.761760711669922
EMB_multiscale_C12	tjupan_bacillus_subtilis_main_e9d365c0dda7757e	tjupan_bacillus_subtilis_main_e9d365c0dda7757e	discovery	65	81	66	81	12.5	+	CACCCGCAAAAGAATT	3.7637624740600586
EMB_multiscale_C12	tjupan_bacillus_subtilis_main_a43a1f032db2e49e	dbtbs_bsub_core_872c1380ac7bb81f	discovery	61	77	62	77	8.5	+	GGAGAAAACTTACGAG	3.7644171714782715
EMB_multiscale_C12	tjupan_bacillus_subtilis_main_50224837ca8eceb5	dbtbs_bsub_core_50224837ca8eceb5	discovery	64	80	65	80	11.5	+	TGAACTAACATGAAAA	3.7794742584228516
EMB_multiscale_C12	tjupan_bacillus_subtilis_main_b2e461bb3b5d3d88	dbtbs_bsub_core_b2e461bb3b5d3d88	discovery	15	31	16	31	-37.5	+	CGAATCAAAACGGATT	3.7846157550811768
EMB_multiscale_C12	tjupan_bacillus_subtilis_main_9a6d97baf1c02d30	dbtbs_bsub_core_9a6d97baf1c02d30	discovery	23	39	24	39	-29.5	+	ATTTGACAAAAATGGG	3.790126323699951
EMB_multiscale_C12	tjupan_bacillus_subtilis_main_32548c7fec9dc4f2	dbtbs_bsub_core_32548c7fec9dc4f2	discovery	1	17	2	17	-51.5	+	TTCGACAAAAACACCC	3.793302297592163
EMB_multiscale_C12	tjupan_bacillus_subtilis_main_d9cd9789d0fb01a3	dbtbs_bsub_core_c190339743385950	discovery	22	38	23	38	-30.5	+	TGGAAAAGACAATTTT	3.7972073554992676
EMB_multiscale_C12	tjupan_bacillus_subtilis_main_bcbef8350d7925db	tjupan_bacillus_subtilis_main_bcbef8350d7925db	discovery	17	33	18	33	-35.5	+	GAACTGGGAATACAAC	3.8070569038391113
EMB_multiscale_C12	tjupan_bacillus_subtilis_main_3ac22b11e92c0ec1	tjupan_bacillus_subtilis_main_3ac22b11e92c0ec1	discovery	13	29	14	29	-39.5	+	TCAGCAAAAGACAAGA	3.8284122943878174
EMB_multiscale_C12	tjupan_bacillus_subtilis_main_f5b082fd616807b3	dbtbs_bsub_core_4e960695d4b362e6	discovery	24	40	25	40	-28.5	+	TTTATGAAACCTTTGG	3.8554656505584717
EMB_multiscale_C12	tjupan_bacillus_subtilis_main_3eb701a469cb4095	tjupan_bacillus_subtilis_main_3eb701a469cb4095	discovery	22	38	23	38	-30.5	+	ATTTATAACAACATCT	3.8563265800476074
EMB_multiscale_C12	tjupan_bacillus_subtilis_main_3c72a88384ee6013	tjupan_bacillus_subtilis_main_3c72a88384ee6013	discovery	27	43	28	43	-25.5	+	TTAACAAAATCAGAGA	3.859861135482788
EMB_multiscale_C12	tjupan_bacillus_subtilis_main_50a7bea74c679f62	tjupan_bacillus_subtilis_main_50a7bea74c679f62	discovery	2	18	3	18	-50.5	+	TGTTACAAAGTAAAAC	3.8802528381347656
EMB_multiscale_C12	tjupan_bacillus_subtilis_main_88d6ae8ec11f6e65	tjupan_bacillus_subtilis_main_88d6ae8ec11f6e65	discovery	25	41	26	41	-27.5	+	TGACGTAAACAAGTTA	3.9211840629577637
EMB_multiscale_C12	tjupan_bacillus_subtilis_main_2a3c695bd1a0b4c9	tjupan_bacillus_subtilis_main_2a3c695bd1a0b4c9	discovery	57	73	58	73	4.5	+	TACAGAAGCCCAATTC	3.9336256980895996
EMB_multiscale_C12	tjupan_bacillus_subtilis_main_0ad5dcad37f1ba39	dbtbs_bsub_core_712e4b81f6fdb41a	discovery	2	18	3	18	-50.5	+	ACATAACCTTCAAAAA	3.9370839595794678
EMB_multiscale_C12	tjupan_bacillus_subtilis_main_db51f0e14ca9b6e9	tjupan_bacillus_subtilis_main_db51f0e14ca9b6e9	discovery	21	37	22	37	-31.5	+	AAAAGTGAAACCTTTT	3.945070266723633
EMB_multiscale_C12	tjupan_bacillus_subtilis_main_712069959cf7e3b2	dbtbs_bsub_core_be0e53c334974f0a	discovery	27	43	28	43	-25.5	+	AAGCCGCAAAATCTAC	3.953138589859009
EMB_multiscale_C12	tjupan_bacillus_subtilis_main_14a46634ed7dcff0	tjupan_bacillus_subtilis_main_14a46634ed7dcff0	discovery	35	51	36	51	-17.5	+	CCTGCCCAACAGACAG	3.953162670135498
EMB_multiscale_C12	tjupan_bacillus_subtilis_main_583caee20795a363	dbtbs_bsub_core_eb847cafc60502c2	discovery	53	69	54	69	0.5	+	TAAATACATCAAAAAA	3.9546594619750977
EMB_multiscale_C12	tjupan_bacillus_subtilis_main_2b17d905bac0c3bc	dbtbs_bsub_core_2b17d905bac0c3bc	discovery	12	28	13	28	-40.5	+	AAAAAAACGGCTGTTT	3.9632723331451416
EMB_multiscale_C12	tjupan_bacillus_subtilis_main_dc21315df009d1aa	dbtbs_bsub_core_4631e0ee0e2e12e5	discovery	60	76	61	76	7.5	+	AAAACAAAACGGACAT	3.9701035022735596
EMB_multiscale_C12	tjupan_bacillus_subtilis_main_52fe6822c9d74b50	tjupan_bacillus_subtilis_main_52fe6822c9d74b50	discovery	13	29	14	29	-39.5	+	GGACAAACAAACTTAC	3.9880921840667725
EMB_multiscale_C12	tjupan_bacillus_subtilis_main_a43c85166b962f37	dbtbs_bsub_core_47d2cdeb8a491885	discovery	31	47	32	47	-21.5	+	TGCTTACAGAAAAAGG	3.990561008453369
EMB_multiscale_C12	tjupan_bacillus_subtilis_main_6c11169e185f76df	dbtbs_bsub_core_6c11169e185f76df	discovery	21	37	22	37	-31.5	+	AACAGGTTTAAACGAC	3.992377519607544
EMB_multiscale_C12	tjupan_bacillus_subtilis_main_daaf0c7fa42ef2fa	dbtbs_bsub_core_ef9625ff29774e65	discovery	50	66	51	66	-2.5	+	CCATTTAAAAGCCCTT	3.9998281002044678
EMB_multiscale_C12	tjupan_bacillus_subtilis_main_5a860caea8fc814c	tjupan_bacillus_subtilis_main_5a860caea8fc814c	discovery	16	32	17	32	-36.5	+	CATGAAACGACAATAT	4.00327205657959
EMB_multiscale_C12	tjupan_bacillus_subtilis_main_e95909bd7e136f46	dbtbs_bsub_core_426aaa712ced5536	discovery	63	79	64	79	10.5	+	ACACACTTGAAAAAGG	4.0062713623046875
EMB_multiscale_C12	tjupan_bacillus_subtilis_main_c7c68e6fe4d84a02	tjupan_bacillus_subtilis_main_c7c68e6fe4d84a02	discovery	40	56	41	56	-12.5	+	CTTTGACAAACGATAA	4.009974956512451
EMB_multiscale_C12	tjupan_bacillus_subtilis_main_0ba2ad2fd14630a8	dbtbs_bsub_core_0ba2ad2fd14630a8	discovery	0	16	1	16	-52.5	+	AAAAAAACTGTACGAG	4.021183490753174
EMB_multiscale_C12	tjupan_bacillus_subtilis_main_993a308bb6e190e1	dbtbs_bsub_core_993a308bb6e190e1	discovery	7	23	8	23	-45.5	+	AAAAACAAAATCTCAT	4.035686016082764
EMB_multiscale_C12	tjupan_bacillus_subtilis_main_dccf4ca03cd1642b	dbtbs_bsub_core_dccf4ca03cd1642b	discovery	17	33	18	33	-35.5	+	GCGAAAAATTGACATT	4.039649963378906
EMB_multiscale_C12	tjupan_bacillus_subtilis_main_13f211949a22c74a	dbtbs_bsub_core_bdbae944a25ddfff	discovery	1	17	2	17	-51.5	+	GTGGAAAAACCGCGAA	4.060244083404541
EMB_multiscale_C12	tjupan_bacillus_subtilis_main_e0774d83207a7dd7	dbtbs_bsub_core_2b17d905bac0c3bc	discovery	13	29	14	29	-39.5	+	AAAAAAACGGCTGTTT	4.06489372253418
EMB_multiscale_C12	tjupan_bacillus_subtilis_main_962b839f321a2605	dbtbs_bsub_core_962b839f321a2605	discovery	6	22	7	22	-46.5	+	AATGAAAACGGTTTAT	4.085824012756348
EMB_multiscale_C12	tjupan_bacillus_subtilis_main_412fe696982b64f9	dbtbs_bsub_core_412fe696982b64f9	discovery	44	60	45	60	-8.5	+	ATTTAAACTGAACGGT	4.087723731994629
EMB_multiscale_C12	tjupan_bacillus_subtilis_main_a0eee3dddaf07ac3	tjupan_bacillus_subtilis_main_a0eee3dddaf07ac3	discovery	2	18	3	18	-50.5	+	AGAAAAATACGGCCGT	4.087953090667725
EMB_multiscale_C12	tjupan_bacillus_subtilis_main_67a9ae83c973a42d	tjupan_bacillus_subtilis_main_67a9ae83c973a42d	discovery	51	67	52	67	-1.5	+	CACAACAAATAGACAT	4.12391471862793
EMB_multiscale_C12	tjupan_bacillus_subtilis_main_db7eebd0b9425a4f	dbtbs_bsub_core_db7eebd0b9425a4f	discovery	24	40	25	40	-28.5	+	TTTTTAAACGGCTCGT	4.158737659454346
EMB_multiscale_C12	tjupan_bacillus_subtilis_main_ef1d1fbaad689e40	dbtbs_bsub_core_ef1d1fbaad689e40	discovery	0	16	1	16	-52.5	+	AAGAAAAACTCGGCGA	4.162595748901367
EMB_multiscale_C12	tjupan_bacillus_subtilis_main_0438d7b75e1f910f	dbtbs_bsub_core_975fc641de00609f	discovery	60	76	61	76	7.5	+	ACCCAATCAAACTTGT	4.163783073425293
EMB_multiscale_C12	tjupan_bacillus_subtilis_main_29dff321a99fa8a2	dbtbs_bsub_core_e964a63647aab2c6	discovery	30	46	31	46	-22.5	+	TTTTCAAACGAAAGGG	4.193091869354248
EMB_multiscale_C12	tjupan_bacillus_subtilis_main_a723fdca1013c0b5	dbtbs_bsub_core_a723fdca1013c0b5	discovery	60	76	61	76	7.5	+	GATAAAAATCGCACCA	4.203121185302734
EMB_multiscale_C12	tjupan_bacillus_subtilis_main_7ebbe970ac38b83d	dbtbs_bsub_core_5742761e1938e2d4	discovery	32	48	33	48	-20.5	+	TTTTTAAAACCGCGCG	4.210465908050537
EMB_multiscale_C12	tjupan_bacillus_subtilis_main_5f8b6936b2e52932	tjupan_bacillus_subtilis_main_5f8b6936b2e52932	discovery	65	81	66	81	12.5	+	CTTTTTAAAGACACAA	4.249992370605469
EMB_multiscale_C12	tjupan_bacillus_subtilis_main_35bf7199ae44b70c	dbtbs_bsub_core_35bf7199ae44b70c	discovery	65	81	66	81	12.5	+	CACTCCGAGAAACAAA	4.255646705627441
EMB_multiscale_C12	tjupan_bacillus_subtilis_main_c180878a6f782e9f	dbtbs_bsub_core_c180878a6f782e9f	discovery	61	77	62	77	8.5	+	ATTTCACAAAGACCAA	4.268028259277344
EMB_multiscale_C12	tjupan_bacillus_subtilis_main_619ca6b1749e92aa	tjupan_bacillus_subtilis_main_619ca6b1749e92aa	discovery	2	18	3	18	-50.5	+	AAATGTTAAACCTTTC	4.286293029785156
EMB_multiscale_C12	tjupan_bacillus_subtilis_main_1cd26aa95d9363dc	dbtbs_bsub_core_1cd26aa95d9363dc	discovery	54	70	55	70	1.5	+	GATAATACACAAAAAA	4.342977046966553
EMB_multiscale_C12	tjupan_bacillus_subtilis_main_691e7ded333dd616	dbtbs_bsub_core_691e7ded333dd616	discovery	4	20	5	20	-48.5	+	TTTCCCAAACTAAAAA	4.355538368225098
EMB_multiscale_C12	tjupan_bacillus_subtilis_main_213d453c1e49e371	tjupan_bacillus_subtilis_main_213d453c1e49e371	discovery	57	73	58	73	4.5	+	TAAGTAAAACGTCCCT	4.450063228607178
EMB_multiscale_C12	tjupan_bacillus_subtilis_main_edce5d598636e106	dbtbs_bsub_core_39acf3daf47ccd69	discovery	12	28	13	28	-40.5	+	TTAAAACTTAACGTTT	4.4595842361450195
EMB_multiscale_C12	tjupan_bacillus_subtilis_main_7a6037ae36a0870c	tjupan_bacillus_subtilis_main_7a6037ae36a0870c	discovery	15	31	16	31	-37.5	+	CCGGAAAAACGTTTAT	4.460216999053955
EMB_multiscale_C12	tjupan_bacillus_subtilis_main_3c97e9436cb369c2	dbtbs_bsub_core_6dc10c0d490555ae	discovery	60	76	61	76	7.5	+	GACAGAACAGCCCAAC	4.461815357208252
EMB_multiscale_C12	tjupan_bacillus_subtilis_main_5787c658c95c4762	tjupan_bacillus_subtilis_main_5787c658c95c4762	discovery	10	26	11	26	-42.5	+	CCACAACAATTGCCAG	4.468638896942139
EMB_multiscale_C12	tjupan_bacillus_subtilis_main_264ccaf63cfb1cfe	tjupan_bacillus_subtilis_main_264ccaf63cfb1cfe	discovery	11	27	12	27	-41.5	+	TTATAACGGAAACGAC	4.479833602905273
EMB_multiscale_C12	tjupan_bacillus_subtilis_main_549e9d5c7cb67860	dbtbs_bsub_core_1a44bafede819df1	discovery	0	16	1	16	-52.5	+	TTTTGGCAAACTGGGG	4.596936225891113
EMB_multiscale_C12	tjupan_bacillus_subtilis_main_671ae756f8df7bca	dbtbs_bsub_core_340ffe292c28e826	discovery	39	55	40	55	-13.5	+	AAAACTCTGCAAAATA	4.611766338348389
EMB_multiscale_C12	tjupan_bacillus_subtilis_main_a26ee3e07cf1eedf	dbtbs_bsub_core_a26ee3e07cf1eedf	discovery	28	44	29	44	-24.5	+	TAGCAGCGAAACACCT	4.642421722412109
EMB_multiscale_C12	tjupan_bacillus_subtilis_main_5ccaab5adb962b3d	dbtbs_bsub_core_483b39fd11d75b28	discovery	7	23	8	23	-45.5	+	CTGCGGAAAAACCCTG	4.693376064300537
EMB_multiscale_C12	tjupan_bacillus_subtilis_main_09deb32688bf8365	tjupan_bacillus_subtilis_main_09deb32688bf8365	discovery	21	37	22	37	-31.5	+	TTGGTCACCAAGGCTG	4.968482494354248
EMB_multiscale_C12	tjupan_bacillus_subtilis_main_7d976c34bed90c97	tjupan_bacillus_subtilis_main_7d976c34bed90c97	discovery	1	17	2	17	-51.5	+	ATTTAAAAACTTCTCC	5.01123046875
EMB_multiscale_C12	tjupan_bacillus_subtilis_main_76885f00c763f220	dbtbs_bsub_core_07bcce23a89f64fb	discovery	11	27	12	27	-41.5	+	AAACGAAAAACCTGCT	5.054065704345703
EMB_multiscale_C12	tjupan_bacillus_subtilis_main_f6994e5b6245c7bf	tjupan_bacillus_subtilis_main_f6994e5b6245c7bf	discovery	1	17	2	17	-51.5	+	CAAAAAATCCTGTCGA	5.07674503326416
EMB_multiscale_C12	tjupan_bacillus_subtilis_main_89f3272bd34ff475	tjupan_bacillus_subtilis_main_89f3272bd34ff475	discovery	13	29	14	29	-39.5	+	TAAAAAACCCTTGCCT	5.154458999633789
EMB_multiscale_C12	tjupan_bacillus_subtilis_main_7bd42a66d387ec94	dbtbs_bsub_core_5cf240f92a00f0e3	discovery	4	20	5	20	-48.5	+	CCGGCCCGTAAAAATT	5.268927574157715
EMB_multiscale_C12	tjupan_bacillus_subtilis_main_6901d7d50287d8c1	dbtbs_bsub_core_6901d7d50287d8c1	discovery	25	41	26	41	-27.5	+	TAAAAACAGTTTGGGC	5.620279788970947
EMB_multiscale_C13	tjupan_bacillus_subtilis_main_b790c6b12a43a7c6	tjupan_bacillus_subtilis_main_b790c6b12a43a7c6	discovery	50	66	51	66	-2.5	+	AAAATAATTAAAGAAA	2.2606070041656494
EMB_multiscale_C13	tjupan_bacillus_subtilis_main_993a308bb6e190e1	dbtbs_bsub_core_993a308bb6e190e1	discovery	0	16	1	16	-52.5	+	AATGATTAAAAACAAA	2.52101731300354
EMB_multiscale_C13	tjupan_bacillus_subtilis_main_2be0a0a038238614	tjupan_bacillus_subtilis_main_2be0a0a038238614	discovery	58	74	59	74	5.5	+	TCAGAAAATGTAAAAT	2.52756404876709
EMB_multiscale_C13	tjupan_bacillus_subtilis_main_66846fa14c29dbc1	dbtbs_bsub_core_89ab3601fa8ac055	discovery	7	23	8	23	-45.5	+	TCTTAAATGTTAAAAA	2.5349812507629395
EMB_multiscale_C13	tjupan_bacillus_subtilis_main_91723abad13f63e4	tjupan_bacillus_subtilis_main_91723abad13f63e4	discovery	62	78	63	78	9.5	+	ATATAACAAAAATGTC	2.5541560649871826
EMB_multiscale_C13	tjupan_bacillus_subtilis_main_618f0dc5c0847866	dbtbs_bsub_core_e2f191a04a63a5f0	discovery	62	78	63	78	9.5	+	AATTTAACAAAAATTT	2.559882879257202
EMB_multiscale_C13	tjupan_bacillus_subtilis_main_92c71ea9f3febc7f	dbtbs_bsub_core_c2ee7abb48038f6f	discovery	61	77	62	77	8.5	+	CACTTAAAAATTTGCA	2.5752639770507812
EMB_multiscale_C13	tjupan_bacillus_subtilis_main_50a7bea74c679f62	tjupan_bacillus_subtilis_main_50a7bea74c679f62	discovery	54	70	55	70	1.5	+	GGTTATAAAAAGGCAT	2.5785462856292725
EMB_multiscale_C13	tjupan_bacillus_subtilis_main_2b2db3c55e03b737	dbtbs_bsub_core_9d26dfa3049d6f00	discovery	50	66	51	66	-2.5	+	GTAATCAAAATTAAGT	2.5960426330566406
EMB_multiscale_C13	tjupan_bacillus_subtilis_main_9e087715e3522ed4	dbtbs_bsub_core_b3df5d74f56f0610	discovery	12	28	13	28	-40.5	+	GTGCAAAAATAGGTTT	2.6064376831054688
EMB_multiscale_C13	tjupan_bacillus_subtilis_main_256978383d162d01	dbtbs_bsub_core_256978383d162d01	discovery	2	18	3	18	-50.5	+	CCAGAAAAATTAATGT	2.6349213123321533
EMB_multiscale_C13	tjupan_bacillus_subtilis_main_ff3d11f785ddd890	dbtbs_bsub_core_ff3d11f785ddd890	discovery	24	40	25	40	-28.5	+	TGTGTAAAAACATATT	2.6639935970306396
EMB_multiscale_C13	tjupan_bacillus_subtilis_main_ced72b826f4a910f	dbtbs_bsub_core_d1a4fbb8ec4bd212	discovery	24	40	25	40	-28.5	+	ATGTTTAAAAAGATCA	2.6760592460632324
EMB_multiscale_C13	tjupan_bacillus_subtilis_main_e90961ead2da3f7b	tjupan_bacillus_subtilis_main_e90961ead2da3f7b	discovery	4	20	5	20	-48.5	+	GTTCATAAAAAACTAA	2.7140538692474365
EMB_multiscale_C13	tjupan_bacillus_subtilis_main_9ab6c96db0706f0e	dbtbs_bsub_core_c190339743385950	discovery	45	61	46	61	-7.5	+	CAAATATTAAGAAAAA	2.720482349395752
EMB_multiscale_C13	tjupan_bacillus_subtilis_main_49e8e3a6681b011d	dbtbs_bsub_core_e14a6f906af1fa54	discovery	37	53	38	53	-15.5	+	CAGTTTAAAAATATAA	2.740527391433716
EMB_multiscale_C13	tjupan_bacillus_subtilis_main_32a70db45859cbb9	dbtbs_bsub_core_32a70db45859cbb9	discovery	54	70	55	70	1.5	+	TTGCATTAAAAGTATG	2.749532699584961
EMB_multiscale_C13	tjupan_bacillus_subtilis_main_c648ac4df22b0f89	dbtbs_bsub_core_c648ac4df22b0f89	discovery	10	26	11	26	-42.5	+	TTTCCAAAAATATGTG	2.7627387046813965
EMB_multiscale_C13	tjupan_bacillus_subtilis_main_bd4e9486aa695c78	tjupan_bacillus_subtilis_main_bd4e9486aa695c78	discovery	10	26	11	26	-42.5	+	ATGGTAAAATAAAACG	2.7679901123046875
EMB_multiscale_C13	tjupan_bacillus_subtilis_main_412fe696982b64f9	dbtbs_bsub_core_412fe696982b64f9	discovery	23	39	24	39	-29.5	+	GGTGATAAAAACATTT	2.7781600952148438
EMB_multiscale_C13	tjupan_bacillus_subtilis_main_de399adaaafe5be7	dbtbs_bsub_core_f1028676a1f89b0e	discovery	24	40	25	40	-28.5	+	GAACATTAAAAATTTG	2.782716989517212
EMB_multiscale_C13	tjupan_bacillus_subtilis_main_cb2c7c4f94201384	tjupan_bacillus_subtilis_main_cb2c7c4f94201384	discovery	41	57	42	57	-11.5	+	AAGGTTTAAAATAATA	2.7942068576812744
EMB_multiscale_C13	tjupan_bacillus_subtilis_main_36eed70446e6810b	dbtbs_bsub_core_36eed70446e6810b	discovery	0	16	1	16	-52.5	+	ATAAAAATTAGAAATG	2.808485746383667
EMB_multiscale_C13	tjupan_bacillus_subtilis_main_43fbda6e3c3abdae	dbtbs_bsub_core_c62c8589a5774a74	discovery	18	34	19	34	-34.5	+	AAAAAAATTGAAACCT	2.8191890716552734
EMB_multiscale_C13	tjupan_bacillus_subtilis_main_3ed5570d9bd715ae	dbtbs_bsub_core_0561dd78dc44b145	discovery	9	25	10	25	-43.5	+	ATAGTAAACAAAATGA	2.8387181758880615
EMB_multiscale_C13	tjupan_bacillus_subtilis_main_163772f02671a528	tjupan_bacillus_subtilis_main_163772f02671a528	discovery	16	32	17	32	-36.5	+	ATATTGAAATAAAAAA	2.864525079727173
EMB_multiscale_C13	tjupan_bacillus_subtilis_main_d9cd9789d0fb01a3	dbtbs_bsub_core_c190339743385950	discovery	50	66	51	66	-2.5	+	ACAAATATTAAGAAAA	2.8707263469696045
EMB_multiscale_C13	tjupan_bacillus_subtilis_main_c0aec64934968747	tjupan_bacillus_subtilis_main_c0aec64934968747	discovery	2	18	3	18	-50.5	+	TTTTCATAAAAACGAA	2.8805243968963623
EMB_multiscale_C13	tjupan_bacillus_subtilis_main_982fa9762732f05a	tjupan_bacillus_subtilis_main_982fa9762732f05a	discovery	20	36	21	36	-32.5	+	TAATCAAAATTAAGTA	2.8818819522857666
EMB_multiscale_C13	tjupan_bacillus_subtilis_main_45683747106d08bd	tjupan_bacillus_subtilis_main_45683747106d08bd	discovery	49	65	50	65	-3.5	+	TATGCTAAAAAATATC	2.898000717163086
EMB_multiscale_C13	tjupan_bacillus_subtilis_main_a31f56ff3ee450d4	dbtbs_bsub_core_1c4407f77cf4bab2	discovery	57	73	58	73	4.5	+	TTTGAAAATTAAAATA	2.907952070236206
EMB_multiscale_C13	tjupan_bacillus_subtilis_main_a9fde0fdd238b261	dbtbs_bsub_core_06588c97cd7288a8	discovery	51	67	52	67	-1.5	+	ACAAATTAATAAAAAC	2.9431607723236084
EMB_multiscale_C13	tjupan_bacillus_subtilis_main_71eaf5cbf249113b	dbtbs_bsub_core_71eaf5cbf249113b	discovery	8	24	9	24	-44.5	+	AATAATGAAAAACAAT	2.9444549083709717
EMB_multiscale_C13	tjupan_bacillus_subtilis_main_48b85a8a5c19ece4	dbtbs_bsub_core_7730e205ee5d9991	discovery	47	63	48	63	-5.5	+	ATATCATAAAAATGTG	2.969538450241089
EMB_multiscale_C13	tjupan_bacillus_subtilis_main_ade14dd3fdacb032	dbtbs_bsub_core_12585b08a658046e	discovery	56	72	57	72	3.5	+	TGTACAAAATCAAAAA	2.9731342792510986
EMB_multiscale_C13	tjupan_bacillus_subtilis_main_3adf706b5413c6ce	tjupan_bacillus_subtilis_main_3adf706b5413c6ce	discovery	55	71	56	71	2.5	+	CTGGAAAAAACATTTG	2.985629081726074
EMB_multiscale_C13	tjupan_bacillus_subtilis_main_2a051d7d075d7920	tjupan_bacillus_subtilis_main_2a051d7d075d7920	discovery	19	35	20	35	-33.5	+	TAAAAAAATAGTTGAC	3.0232558250427246
EMB_multiscale_C13	tjupan_bacillus_subtilis_main_d497e040ececfdff	dbtbs_bsub_core_a797439cbe2b0d85	discovery	60	76	61	76	7.5	+	CAACAAAAGATAAATG	3.034985065460205
EMB_multiscale_C13	tjupan_bacillus_subtilis_main_d0e455b1c91ba281	dbtbs_bsub_core_f6e924d0656980ad	discovery	45	61	46	61	-7.5	+	AACAAAAGATAAAACA	3.0505194664001465
EMB_multiscale_C13	tjupan_bacillus_subtilis_main_ba49f50d8b0af1c7	dbtbs_bsub_core_8a4a22c637647f42	discovery	0	16	1	16	-52.5	+	AGCAAAAATAACCTTT	3.069605827331543
EMB_multiscale_C13	tjupan_bacillus_subtilis_main_f7fb3b6a673b2fe9	dbtbs_bsub_core_4c8b5a3cc4c24c6c	discovery	48	64	49	64	-4.5	+	TATAATGAAAATAATA	3.094106674194336
EMB_multiscale_C13	tjupan_bacillus_subtilis_main_6c11169e185f76df	dbtbs_bsub_core_6c11169e185f76df	discovery	1	17	2	17	-51.5	+	ACCATAAAATTGTAAC	3.105680227279663
EMB_multiscale_C13	tjupan_bacillus_subtilis_main_25308dd77914b9d9	dbtbs_bsub_core_1dc2eb4818f9715a	discovery	5	21	6	21	-47.5	+	CATCAAAAAGTTATAA	3.1060450077056885
EMB_multiscale_C13	tjupan_bacillus_subtilis_main_61d216a2a24189d0	dbtbs_bsub_core_61d216a2a24189d0	discovery	45	61	46	61	-7.5	+	TGTTTAAATGGAAAAG	3.1106605529785156
EMB_multiscale_C13	tjupan_bacillus_subtilis_main_ab3313558a015086	dbtbs_bsub_core_ab3313558a015086	discovery	7	23	8	23	-45.5	+	AAAACAATAGAAAATG	3.1127820014953613
EMB_multiscale_C13	tjupan_bacillus_subtilis_main_0b565809576a9e0f	dbtbs_bsub_core_0fcadafa827fb8cf	discovery	62	78	63	78	9.5	+	GCGTTAACAAAATTCT	3.112841844558716
EMB_multiscale_C13	tjupan_bacillus_subtilis_main_8421a3506bc3ca2c	tjupan_bacillus_subtilis_main_8421a3506bc3ca2c	discovery	32	48	33	48	-20.5	+	TTAAAATTAAATGACT	3.1150782108306885
EMB_multiscale_C13	tjupan_bacillus_subtilis_main_fa23a6db7de139e8	tjupan_bacillus_subtilis_main_fa23a6db7de139e8	discovery	7	23	8	23	-45.5	+	AAAATAACAAATTAGC	3.1287319660186768
EMB_multiscale_C13	tjupan_bacillus_subtilis_main_d9679a25a18d6da1	tjupan_bacillus_subtilis_main_c9bc5ed233eba13a	discovery	51	67	52	67	-1.5	+	GTATGAAATTAAGAAG	3.14400315284729
EMB_multiscale_C13	tjupan_bacillus_subtilis_main_8559682da7e0b4ef	dbtbs_bsub_core_8559682da7e0b4ef	discovery	65	81	66	81	12.5	+	ATGTTTAAAAATAATG	3.157773017883301
EMB_multiscale_C13	tjupan_bacillus_subtilis_main_7bd42a66d387ec94	dbtbs_bsub_core_5cf240f92a00f0e3	discovery	10	26	11	26	-42.5	+	CGTAAAAATTAAAGTG	3.1672592163085938
EMB_multiscale_C13	tjupan_bacillus_subtilis_main_c2d54a415a7d048a	dbtbs_bsub_core_c2d54a415a7d048a	discovery	3	19	4	19	-49.5	+	AAAATGAAAAAGTTTA	3.169063091278076
EMB_multiscale_C13	tjupan_bacillus_subtilis_main_980ab95cde029f78	tjupan_bacillus_subtilis_main_980ab95cde029f78	discovery	1	17	2	17	-51.5	+	TAGAAAAAATTAATCT	3.1691477298736572
EMB_multiscale_C13	tjupan_bacillus_subtilis_main_10eda96ea4199e8c	dbtbs_bsub_core_10eda96ea4199e8c	discovery	30	46	31	46	-22.5	+	TAATTCAAAATAATTT	3.170440673828125
EMB_multiscale_C13	tjupan_bacillus_subtilis_main_796368712c0cdecb	tjupan_bacillus_subtilis_main_796368712c0cdecb	discovery	64	80	65	80	11.5	+	TAACGAAAAAATATGT	3.171043872833252
EMB_multiscale_C13	tjupan_bacillus_subtilis_main_5e3ef261f40425ef	tjupan_bacillus_subtilis_main_5e3ef261f40425ef	discovery	8	24	9	24	-44.5	+	ATGTAATAAAATTTAT	3.175304412841797
EMB_multiscale_C13	tjupan_bacillus_subtilis_main_26786ec6f94b1750	dbtbs_bsub_core_26786ec6f94b1750	discovery	46	62	47	62	-6.5	+	GGTAAAATAAAAACAA	3.179593563079834
EMB_multiscale_C13	tjupan_bacillus_subtilis_main_272e2f2c83a48fab	dbtbs_bsub_core_272e2f2c83a48fab	discovery	24	40	25	40	-28.5	+	CTTGACAAAAAATATA	3.183716297149658
EMB_multiscale_C13	tjupan_bacillus_subtilis_main_8797dcd405b13c8e	tjupan_bacillus_subtilis_main_8797dcd405b13c8e	discovery	38	54	39	54	-14.5	+	TATAATAAAATTGTTC	3.203645944595337
EMB_multiscale_C13	tjupan_bacillus_subtilis_main_8b7394af6b78d50f	dbtbs_bsub_core_c890b4346c03f247	discovery	60	76	61	76	7.5	+	GTTAGGAAAAATCATT	3.2043097019195557
EMB_multiscale_C13	tjupan_bacillus_subtilis_main_2db0b8f33ca38a29	tjupan_bacillus_subtilis_main_2db0b8f33ca38a29	discovery	35	51	36	51	-17.5	+	TATAAATGAAAACTAT	3.209713935852051
EMB_multiscale_C13	tjupan_bacillus_subtilis_main_e2d1119cb664dabf	dbtbs_bsub_core_954deecd8ab02ea9	discovery	42	58	43	58	-10.5	+	GTTAGAAAAACCTATA	3.214376449584961
EMB_multiscale_C13	tjupan_bacillus_subtilis_main_dc65c8922842b20f	tjupan_bacillus_subtilis_main_dc65c8922842b20f	discovery	32	48	33	48	-20.5	+	TTTTAAAAATATGTTA	3.2155396938323975
EMB_multiscale_C13	tjupan_bacillus_subtilis_main_84597be11ba889b8	tjupan_bacillus_subtilis_main_84597be11ba889b8	discovery	8	24	9	24	-44.5	+	AAAAATTAACAAGAAT	3.2335896492004395
EMB_multiscale_C13	tjupan_bacillus_subtilis_main_2330b24ab93e80ef	dbtbs_bsub_core_747f22d2323a8765	discovery	34	50	35	50	-18.5	+	AGTTTCAAAAATGCCG	3.2387948036193848
EMB_multiscale_C13	tjupan_bacillus_subtilis_main_eebec5ad9a06df67	dbtbs_bsub_core_5cddd19c752675c8	discovery	7	23	8	23	-45.5	+	AAAAATTTCAATAAGC	3.249781608581543
EMB_multiscale_C13	tjupan_bacillus_subtilis_main_f869091e55050110	tjupan_bacillus_subtilis_main_f869091e55050110	discovery	12	28	13	28	-40.5	+	TTTAAAAAACTATTGC	3.2526776790618896
EMB_multiscale_C13	tjupan_bacillus_subtilis_main_118649b56e4ec470	tjupan_bacillus_subtilis_main_118649b56e4ec470	discovery	55	71	56	71	2.5	+	TATGTAAAGCAAAAAA	3.259066104888916
EMB_multiscale_C13	tjupan_bacillus_subtilis_main_fbae385e087109ce	tjupan_bacillus_subtilis_main_fbae385e087109ce	discovery	18	34	19	34	-34.5	+	TATAATTAAAGGAAAT	3.263266086578369
EMB_multiscale_C13	tjupan_bacillus_subtilis_main_3c72a88384ee6013	tjupan_bacillus_subtilis_main_3c72a88384ee6013	discovery	24	40	25	40	-28.5	+	GTATTAACAAAATCAG	3.26705265045166
EMB_multiscale_C13	tjupan_bacillus_subtilis_main_dbf995194ebf2b2d	dbtbs_bsub_core_dbf995194ebf2b2d	discovery	36	52	37	52	-16.5	+	GGTGAAAAAACGATTT	3.2721447944641113
EMB_multiscale_C13	tjupan_bacillus_subtilis_main_94d81586c680a254	tjupan_bacillus_subtilis_main_94d81586c680a254	discovery	1	17	2	17	-51.5	+	GAAAAAATAATTTGTA	3.2725939750671387
EMB_multiscale_C13	tjupan_bacillus_subtilis_main_ec009cfbae4f5210	dbtbs_bsub_core_ec009cfbae4f5210	discovery	10	26	11	26	-42.5	+	CGCTATAAAAAAGTGT	3.279855489730835
EMB_multiscale_C13	tjupan_bacillus_subtilis_main_8a4a22c637647f42	dbtbs_bsub_core_8a4a22c637647f42	discovery	0	16	1	16	-52.5	+	GCAAAAATAACCTTTA	3.2861905097961426
EMB_multiscale_C13	tjupan_bacillus_subtilis_main_ade9dc791ab39f6c	dbtbs_bsub_core_ade9dc791ab39f6c	discovery	33	49	34	49	-19.5	+	TTCATTTAAAAAGAGT	3.2884113788604736
EMB_multiscale_C13	tjupan_bacillus_subtilis_main_8b925a3983e97ebd	dbtbs_bsub_core_0346364171f10446	discovery	51	67	52	67	-1.5	+	ATAATGGAAAAATAGA	3.298567056655884
EMB_multiscale_C13	tjupan_bacillus_subtilis_main_5e8ac4f4506ef781	dbtbs_bsub_core_cdccc2e2972286a4	discovery	24	40	25	40	-28.5	+	TTGACAAAAAATACTG	3.300778388977051
EMB_multiscale_C13	tjupan_bacillus_subtilis_main_e1d5408a78fdd1c5	dbtbs_bsub_core_f8ce2fa963a01405	discovery	58	74	59	74	5.5	+	GTATATTGGAAAAAAA	3.301633596420288
EMB_multiscale_C13	tjupan_bacillus_subtilis_main_0710c2f2267154d3	dbtbs_bsub_core_0710c2f2267154d3	discovery	0	16	1	16	-52.5	+	ACTTTTAAAATAGGTC	3.310487747192383
EMB_multiscale_C13	tjupan_bacillus_subtilis_main_2931d3a1a20c25de	dbtbs_bsub_core_60150ba1e82823d4	discovery	65	81	66	81	12.5	+	TTTGGAAAATTTAGAT	3.3167190551757812
EMB_multiscale_C13	tjupan_bacillus_subtilis_main_2c8e4076a462c87c	dbtbs_bsub_core_2c8e4076a462c87c	discovery	23	39	24	39	-29.5	+	GCTTTTAAATAAAGTA	3.3300437927246094
EMB_multiscale_C13	tjupan_bacillus_subtilis_main_d04a67d8cb9ad084	dbtbs_bsub_core_d04a67d8cb9ad084	discovery	14	30	15	30	-38.5	+	TTTATAAAAATGCACA	3.3308753967285156
EMB_multiscale_C13	tjupan_bacillus_subtilis_main_1f2ca280ccaab774	tjupan_bacillus_subtilis_main_1f2ca280ccaab774	discovery	4	20	5	20	-48.5	+	AAAGAAATTAAAATAA	3.337181329727173
EMB_multiscale_C13	tjupan_bacillus_subtilis_main_cf3def291394eeb9	tjupan_bacillus_subtilis_main_cf3def291394eeb9	discovery	0	16	1	16	-52.5	+	TCACCAAAAATAGGAT	3.3455607891082764
EMB_multiscale_C13	tjupan_bacillus_subtilis_main_754ac4e873f6c24d	tjupan_bacillus_subtilis_main_754ac4e873f6c24d	discovery	53	69	54	69	0.5	+	TTTTAGCAAAATGGTT	3.346637725830078
EMB_multiscale_C13	tjupan_bacillus_subtilis_main_7c1cf5cd36017844	tjupan_bacillus_subtilis_main_7c1cf5cd36017844	discovery	14	30	15	30	-38.5	+	GCTAAAATAAAATCAT	3.3653564453125
EMB_multiscale_C13	tjupan_bacillus_subtilis_main_fde7c2aaac5c57ce	dbtbs_bsub_core_fde7c2aaac5c57ce	discovery	2	18	3	18	-50.5	+	AATTTAATTAAAAGAA	3.3661434650421143
EMB_multiscale_C13	tjupan_bacillus_subtilis_main_150dcd3daf63d162	dbtbs_bsub_core_150dcd3daf63d162	discovery	39	55	40	55	-13.5	+	ATTTGTAAATAAAATG	3.3708338737487793
EMB_multiscale_C13	tjupan_bacillus_subtilis_main_fe2a626ec63a594e	dbtbs_bsub_core_abc060d81660f90c	discovery	15	31	16	31	-37.5	+	AAGATAACAAAATGAG	3.373379707336426
EMB_multiscale_C13	tjupan_bacillus_subtilis_main_ae3d0ab77a583f3f	tjupan_bacillus_subtilis_main_ae3d0ab77a583f3f	discovery	24	40	25	40	-28.5	+	GAACATAAAAAATAGG	3.3790628910064697
EMB_multiscale_C13	tjupan_bacillus_subtilis_main_c229c4b94f6591ae	tjupan_bacillus_subtilis_main_c229c4b94f6591ae	discovery	54	70	55	70	1.5	+	ATAAACAATAAAAGCT	3.3851113319396973
EMB_multiscale_C13	tjupan_bacillus_subtilis_main_b7c0eae7293a1bfc	dbtbs_bsub_core_0bfdb592513badc4	discovery	5	21	6	21	-47.5	+	AAGACTATAAAAAAAC	3.390897750854492
EMB_multiscale_C13	tjupan_bacillus_subtilis_main_09deb32688bf8365	tjupan_bacillus_subtilis_main_09deb32688bf8365	discovery	1	17	2	17	-51.5	+	CTTGAAAAAATAGATT	3.397827386856079
EMB_multiscale_C13	tjupan_bacillus_subtilis_main_0b104549c8fd9755	dbtbs_bsub_core_0b104549c8fd9755	discovery	23	39	24	39	-29.5	+	GTTAAAAAAATGATAT	3.4026131629943848
EMB_multiscale_C13	tjupan_bacillus_subtilis_main_583caee20795a363	dbtbs_bsub_core_eb847cafc60502c2	discovery	30	46	31	46	-22.5	+	TAATTTAAAAATCATG	3.4055378437042236
EMB_multiscale_C13	tjupan_bacillus_subtilis_main_f58412ec32c641aa	dbtbs_bsub_core_bba92a46eba6f8e0	discovery	1	17	2	17	-51.5	+	AATGAAAAAATGTAGT	3.41025710105896
EMB_multiscale_C13	tjupan_bacillus_subtilis_main_7ac1767347438edd	dbtbs_bsub_core_5c6ce2f66e66fe9e	discovery	7	23	8	23	-45.5	+	ATTATAATGGAAAAAT	3.415468454360962
EMB_multiscale_C13	tjupan_bacillus_subtilis_main_79d6d17268b5d0ce	dbtbs_bsub_core_94e9d8c40cf791b3	discovery	11	27	12	27	-41.5	+	TTTATTAGAAAAACAT	3.419259548187256
EMB_multiscale_C13	tjupan_bacillus_subtilis_main_6fc8019646ae0ec6	dbtbs_bsub_core_0346364171f10446	discovery	46	62	47	62	-6.5	+	TATAATGGAAAAATAG	3.4276039600372314
EMB_multiscale_C13	tjupan_bacillus_subtilis_main_e66d1eb3358cf03d	dbtbs_bsub_core_601150b85493a7a1	discovery	6	22	7	22	-46.5	+	TTTTTAAAAATGTTGG	3.4278032779693604
EMB_multiscale_C13	tjupan_bacillus_subtilis_main_fea876b7208e46e3	dbtbs_bsub_core_fea876b7208e46e3	discovery	6	22	7	22	-46.5	+	TTTTTAAAATATAAAC	3.4526398181915283
EMB_multiscale_C13	tjupan_bacillus_subtilis_main_a61c0978ae294759	tjupan_bacillus_subtilis_main_a61c0978ae294759	discovery	25	41	26	41	-27.5	+	ATGTTTAAAAACGATC	3.4609527587890625
EMB_multiscale_C13	tjupan_bacillus_subtilis_main_a2eb9b766304b405	dbtbs_bsub_core_adaec4e024668ee2	discovery	6	22	7	22	-46.5	+	ATGAAAATGAAATTTA	3.475332260131836
EMB_multiscale_C13	tjupan_bacillus_subtilis_main_3ec4c8abee3f7a8e	dbtbs_bsub_core_c18c3f10dff5c627	discovery	12	28	13	28	-40.5	+	TGTAAAAAAATTCATA	3.47786545753479
EMB_multiscale_C13	tjupan_bacillus_subtilis_main_b7c0b4323e70fc71	dbtbs_bsub_core_b7c0b4323e70fc71	discovery	51	67	52	67	-1.5	+	ATTAAAAGTAAATTCA	3.486222982406616
EMB_multiscale_C13	tjupan_bacillus_subtilis_main_e62d7e001687b19a	tjupan_bacillus_subtilis_main_e62d7e001687b19a	discovery	26	42	27	42	-26.5	+	TGTTTAAAAGAATTGT	3.4866278171539307
EMB_multiscale_C13	tjupan_bacillus_subtilis_main_517410185d825f3e	tjupan_bacillus_subtilis_main_517410185d825f3e	discovery	2	18	3	18	-50.5	+	CACCTTAAAAAGCACA	3.5033254623413086
EMB_multiscale_C13	tjupan_bacillus_subtilis_main_c9bc5ed233eba13a	tjupan_bacillus_subtilis_main_c9bc5ed233eba13a	discovery	58	74	59	74	5.5	+	GTATGAAATTAAGAAG	3.517449378967285
EMB_multiscale_C13	tjupan_bacillus_subtilis_main_c180878a6f782e9f	dbtbs_bsub_core_c180878a6f782e9f	discovery	0	16	1	16	-52.5	+	ATGAATAAAAATATTA	3.5257818698883057
EMB_multiscale_C13	tjupan_bacillus_subtilis_main_487ce40a67c6d939	tjupan_bacillus_subtilis_main_487ce40a67c6d939	discovery	56	72	57	72	3.5	+	TTCATAAACGAAAAAA	3.533825635910034
EMB_multiscale_C13	tjupan_bacillus_subtilis_main_c22e62909e814f30	dbtbs_bsub_core_e2251470d219464a	discovery	32	48	33	48	-20.5	+	CGTGTTAAAAAGCAGA	3.5349278450012207
EMB_multiscale_C13	tjupan_bacillus_subtilis_main_73f2f27ec267a871	dbtbs_bsub_core_77a7b73eeb200478	discovery	3	19	4	19	-49.5	+	TATCATAAAAGCAAAA	3.5382649898529053
EMB_multiscale_C13	tjupan_bacillus_subtilis_main_4e48cd3162b15e74	tjupan_bacillus_subtilis_main_4e48cd3162b15e74	discovery	25	41	26	41	-27.5	+	GTATAAATTAAAATAA	3.5465753078460693
EMB_multiscale_C13	tjupan_bacillus_subtilis_main_acb860b1f6674578	dbtbs_bsub_core_f1e6e06788e9c9fd	discovery	8	24	9	24	-44.5	+	AGAAAAATTAAGAAAC	3.555408239364624
EMB_multiscale_C13	tjupan_bacillus_subtilis_main_4d08fa1f606ad269	tjupan_bacillus_subtilis_main_4d08fa1f606ad269	discovery	64	80	65	80	11.5	+	TACCCTTAAAAACTTT	3.5693681240081787
EMB_multiscale_C13	tjupan_bacillus_subtilis_main_daaf0c7fa42ef2fa	dbtbs_bsub_core_ef9625ff29774e65	discovery	0	16	1	16	-52.5	+	TTTCGAAAACAATATA	3.571152925491333
EMB_multiscale_C13	tjupan_bacillus_subtilis_main_43596a46e3e4ddaa	tjupan_bacillus_subtilis_main_43596a46e3e4ddaa	discovery	30	46	31	46	-22.5	+	TCAATTTTAAAAGGAA	3.581272602081299
EMB_multiscale_C13	tjupan_bacillus_subtilis_main_666dd7e391a36890	dbtbs_bsub_core_666dd7e391a36890	discovery	65	81	66	81	12.5	+	GCTTTGCAATAAAAGA	3.5814435482025146
EMB_multiscale_C13	tjupan_bacillus_subtilis_main_901b18a9982b4e95	tjupan_bacillus_subtilis_main_901b18a9982b4e95	discovery	9	25	10	25	-43.5	+	AAATGCTAAAAAGTTG	3.5930166244506836
EMB_multiscale_C13	tjupan_bacillus_subtilis_main_d9da0a0033167763	dbtbs_bsub_core_d9da0a0033167763	discovery	26	42	27	42	-26.5	+	TTCAACAAATAAATGT	3.5969197750091553
EMB_multiscale_C13	tjupan_bacillus_subtilis_main_e1fd6875b30f4c73	dbtbs_bsub_core_e1fd6875b30f4c73	discovery	10	26	11	26	-42.5	+	AAATTATGAAAATTGC	3.604116439819336
EMB_multiscale_C13	tjupan_bacillus_subtilis_main_691e7ded333dd616	dbtbs_bsub_core_691e7ded333dd616	discovery	43	59	44	59	-9.5	+	TATGGTAAAATAAAAC	3.6115007400512695
EMB_multiscale_C13	tjupan_bacillus_subtilis_main_6361ce51efe0f541	dbtbs_bsub_core_b928ebfb52e4cb48	discovery	11	27	12	27	-41.5	+	TTTTTGATAAAAGGCT	3.6213269233703613
EMB_multiscale_C13	tjupan_bacillus_subtilis_main_5e30b1d213eba695	tjupan_bacillus_subtilis_main_5e30b1d213eba695	discovery	29	45	30	45	-23.5	+	TGAAATACAAAAAACT	3.6257805824279785
EMB_multiscale_C13	tjupan_bacillus_subtilis_main_5d881eac8b46d627	dbtbs_bsub_core_5d881eac8b46d627	discovery	8	24	9	24	-44.5	+	TTTAATTTAAAATCTC	3.6571924686431885
EMB_multiscale_C13	tjupan_bacillus_subtilis_main_3270409c742f3314	dbtbs_bsub_core_edd6f2ee95c58508	discovery	56	72	57	72	3.5	+	ATTTGTAATAAATTTT	3.6679272651672363
EMB_multiscale_C13	tjupan_bacillus_subtilis_main_32548c7fec9dc4f2	dbtbs_bsub_core_32548c7fec9dc4f2	discovery	14	30	15	30	-38.5	+	CCCGCAAAAATTGTAT	3.675384283065796
EMB_multiscale_C13	tjupan_bacillus_subtilis_main_0261e5d9e5354132	tjupan_bacillus_subtilis_main_0261e5d9e5354132	discovery	19	35	20	35	-33.5	+	CTTAAAAAAATATGAA	3.677654981613159
EMB_multiscale_C13	tjupan_bacillus_subtilis_main_0ba2ad2fd14630a8	dbtbs_bsub_core_0ba2ad2fd14630a8	discovery	61	77	62	77	8.5	+	TTTTGATAAAAGGCTT	3.682342290878296
EMB_multiscale_C13	tjupan_bacillus_subtilis_main_ef37e7c4f77cfd3f	tjupan_bacillus_subtilis_main_ef37e7c4f77cfd3f	discovery	21	37	22	37	-31.5	+	TTTATAAAGAAATGGT	3.6872670650482178
EMB_multiscale_C13	tjupan_bacillus_subtilis_main_bba2e45eb636482b	dbtbs_bsub_core_bba2e45eb636482b	discovery	32	48	33	48	-20.5	+	ACACAATAAAAGAAGC	3.6886608600616455
EMB_multiscale_C13	tjupan_bacillus_subtilis_main_b7cebcbae1ca8171	dbtbs_bsub_core_342a4291e30f5e80	discovery	61	77	62	77	8.5	+	TCCTTAATAAAAGGGA	3.693042516708374
EMB_multiscale_C13	tjupan_bacillus_subtilis_main_0acb3976b9331524	tjupan_bacillus_subtilis_main_0acb3976b9331524	discovery	8	24	9	24	-44.5	+	ATTCCTTAAAAAGGAT	3.69743013381958
EMB_multiscale_C13	tjupan_bacillus_subtilis_main_a0eee3dddaf07ac3	tjupan_bacillus_subtilis_main_a0eee3dddaf07ac3	discovery	0	16	1	16	-52.5	+	GCAGAAAAATACGGCC	3.7181458473205566
EMB_multiscale_C13	tjupan_bacillus_subtilis_main_c204793b69b45448	dbtbs_bsub_core_c204793b69b45448	discovery	28	44	29	44	-24.5	+	TTACATAAAATAGAAA	3.719724416732788
EMB_multiscale_C13	tjupan_bacillus_subtilis_main_4181c9b10d028c59	dbtbs_bsub_core_f859289dc167ed3a	discovery	24	40	25	40	-28.5	+	ATTGACAAAAAATTTT	3.724240303039551
EMB_multiscale_C13	tjupan_bacillus_subtilis_main_da7f3c0608c35165	dbtbs_bsub_core_da7f3c0608c35165	discovery	0	16	1	16	-52.5	+	CTAAAATAAAATCATG	3.728942632675171
EMB_multiscale_C13	tjupan_bacillus_subtilis_main_7bc9aa9d4ad371af	dbtbs_bsub_core_7bc9aa9d4ad371af	discovery	43	59	44	59	-9.5	+	AGGCAAAATTAAATGA	3.7334680557250977
EMB_multiscale_C13	tjupan_bacillus_subtilis_main_5cf51ca317588066	tjupan_bacillus_subtilis_main_5cf51ca317588066	discovery	1	17	2	17	-51.5	+	AATAAAATAAATTGGC	3.739056348800659
EMB_multiscale_C13	tjupan_bacillus_subtilis_main_354da8035d16f701	dbtbs_bsub_core_1ee6e81d7c1d1fa1	discovery	65	81	66	81	12.5	+	CCGCCAATAAAAAGCT	3.7411980628967285
EMB_multiscale_C13	tjupan_bacillus_subtilis_main_2e59e247c2d07b0b	tjupan_bacillus_subtilis_main_2e59e247c2d07b0b	discovery	12	28	13	28	-40.5	+	TTTATTAAAAAAGTGA	3.75221848487854
EMB_multiscale_C13	tjupan_bacillus_subtilis_main_50224837ca8eceb5	dbtbs_bsub_core_50224837ca8eceb5	discovery	22	38	23	38	-30.5	+	AAAGAATTAAATCTTG	3.7544119358062744
EMB_multiscale_C13	tjupan_bacillus_subtilis_main_e4dda028e03de313	dbtbs_bsub_core_e4dda028e03de313	discovery	11	27	12	27	-41.5	+	TTGTAAAAAAAGGATT	3.7678020000457764
EMB_multiscale_C13	tjupan_bacillus_subtilis_main_adff0049bb8c9b3f	tjupan_bacillus_subtilis_main_adff0049bb8c9b3f	discovery	27	43	28	43	-25.5	+	AAGCATAAAAAATCAT	3.791602373123169
EMB_multiscale_C13	tjupan_bacillus_subtilis_main_0ad5dcad37f1ba39	dbtbs_bsub_core_712e4b81f6fdb41a	discovery	7	23	8	23	-45.5	+	ACCTTCAAAAAGTAAG	3.8021981716156006
EMB_multiscale_C13	tjupan_bacillus_subtilis_main_ff61268918c0af5d	tjupan_bacillus_subtilis_main_ff61268918c0af5d	discovery	11	27	12	27	-41.5	+	TTTTAAGAAACCAAAG	3.806063652038574
EMB_multiscale_C13	tjupan_bacillus_subtilis_main_fae71e59d553e455	dbtbs_bsub_core_fae71e59d553e455	discovery	65	81	66	81	12.5	+	TGGGATAAAAATGAAA	3.808267831802368
EMB_multiscale_C13	tjupan_bacillus_subtilis_main_671ae756f8df7bca	dbtbs_bsub_core_340ffe292c28e826	discovery	25	41	26	41	-27.5	+	ACATAAATTTCAAAAA	3.8155481815338135
EMB_multiscale_C13	tjupan_bacillus_subtilis_main_6e989f822c0894af	dbtbs_bsub_core_bb5ca17cb9317fea	discovery	42	58	43	58	-10.5	+	TGATGGTAAAATTTCT	3.8427019119262695
EMB_multiscale_C13	tjupan_bacillus_subtilis_main_08d810e756c7d81b	tjupan_bacillus_subtilis_main_08d810e756c7d81b	discovery	4	20	5	20	-48.5	+	GTGATAAAATGATTAA	3.8561389446258545
EMB_multiscale_C13	tjupan_bacillus_subtilis_main_2c918744f6daf466	dbtbs_bsub_core_20f77243a5b2c4ab	discovery	65	81	66	81	12.5	+	GGCTGTTTAAACAAGA	3.86405611038208
EMB_multiscale_C13	tjupan_bacillus_subtilis_main_a26ee3e07cf1eedf	dbtbs_bsub_core_a26ee3e07cf1eedf	discovery	3	19	4	19	-49.5	+	TTGTGAAAATTTCATA	3.8706445693969727
EMB_multiscale_C13	tjupan_bacillus_subtilis_main_264ccaf63cfb1cfe	tjupan_bacillus_subtilis_main_264ccaf63cfb1cfe	discovery	48	64	49	64	-4.5	+	TTATAAAATGGAAAAG	3.8778042793273926
EMB_multiscale_C13	tjupan_bacillus_subtilis_main_84e6c8375d18dc47	tjupan_bacillus_subtilis_main_84e6c8375d18dc47	discovery	57	73	58	73	4.5	+	ATCACAAAAATTTATA	3.8894388675689697
EMB_multiscale_C13	tjupan_bacillus_subtilis_main_fc6071b9027316a7	tjupan_bacillus_subtilis_main_fc6071b9027316a7	discovery	50	66	51	66	-2.5	+	AATAATAAACAAAGAA	3.89280366897583
EMB_multiscale_C13	tjupan_bacillus_subtilis_main_d24ab9ea2522f43e	dbtbs_bsub_core_e391b9fe5a0b653f	discovery	29	45	30	45	-23.5	+	TATTCCCAAAAGAATG	3.8949942588806152
EMB_multiscale_C13	tjupan_bacillus_subtilis_main_fcf1520effc316d9	dbtbs_bsub_core_fcf1520effc316d9	discovery	7	23	8	23	-45.5	+	TTTTTCAAAATATATG	3.9043216705322266
EMB_multiscale_C13	tjupan_bacillus_subtilis_main_5eccf0b4b51999b8	tjupan_bacillus_subtilis_main_5eccf0b4b51999b8	discovery	46	62	47	62	-6.5	+	GATTTCTAAAAAAATC	3.9429752826690674
EMB_multiscale_C13	tjupan_bacillus_subtilis_main_f04c569125ce3afa	dbtbs_bsub_core_85a34ab094cb765f	discovery	29	45	30	45	-23.5	+	TTTAAGGGCAAAATAT	3.9434456825256348
EMB_multiscale_C13	tjupan_bacillus_subtilis_main_c3fafc97a347852e	tjupan_bacillus_subtilis_main_c3fafc97a347852e	discovery	65	81	66	81	12.5	+	GAGTGAAAAATAAGTG	3.9479873180389404
EMB_multiscale_C13	tjupan_bacillus_subtilis_main_a2cd64f7b02e9630	tjupan_bacillus_subtilis_main_a2cd64f7b02e9630	discovery	12	28	13	28	-40.5	+	TTTCAAAAAAACACTT	3.9499711990356445
EMB_multiscale_C13	tjupan_bacillus_subtilis_main_b24feeda89db5dfd	dbtbs_bsub_core_b24feeda89db5dfd	discovery	10	26	11	26	-42.5	+	ACTTCTTAAAAATGGA	3.967144250869751
EMB_multiscale_C13	tjupan_bacillus_subtilis_main_b47674f2cd66e067	tjupan_bacillus_subtilis_main_b47674f2cd66e067	discovery	64	80	65	80	11.5	+	AATGTCAAAAAACATA	3.985330820083618
EMB_multiscale_C13	tjupan_bacillus_subtilis_main_1dc6ad16ab0331f8	tjupan_bacillus_subtilis_main_1dc6ad16ab0331f8	discovery	31	47	32	47	-21.5	+	TTTATGCAAAAAATGA	3.9875941276550293
EMB_multiscale_C13	tjupan_bacillus_subtilis_main_73a7b40a4dc814aa	dbtbs_bsub_core_bdba293c4926b88d	discovery	62	78	63	78	9.5	+	ATTATTTAAAAAGAAA	3.991475820541382
EMB_multiscale_C13	tjupan_bacillus_subtilis_main_ca7deec2e4330ae4	tjupan_bacillus_subtilis_main_ca7deec2e4330ae4	discovery	11	27	12	27	-41.5	+	ATTTTCAAAAACCTAT	4.042435646057129
EMB_multiscale_C13	tjupan_bacillus_subtilis_main_0438d7b75e1f910f	dbtbs_bsub_core_975fc641de00609f	discovery	23	39	24	39	-29.5	+	TTTACAAATAAAGTAT	4.044802665710449
EMB_multiscale_C13	tjupan_bacillus_subtilis_main_76885f00c763f220	dbtbs_bsub_core_07bcce23a89f64fb	discovery	1	17	2	17	-51.5	+	GATTGTTAAAAAACGA	4.091825485229492
EMB_multiscale_C13	tjupan_bacillus_subtilis_main_06d485c4aaa12e15	dbtbs_bsub_core_06d485c4aaa12e15	discovery	2	18	3	18	-50.5	+	TTTTAAAAACTTCAAA	4.0989766120910645
EMB_multiscale_C13	tjupan_bacillus_subtilis_main_3b9d28ffe489c3c7	dbtbs_bsub_core_260ddc8adeedb788	discovery	64	80	65	80	11.5	+	CATTTTAGAAAAAGGA	4.099056720733643
EMB_multiscale_C13	tjupan_bacillus_subtilis_main_8f7d87652de79d90	dbtbs_bsub_core_8f7d87652de79d90	discovery	56	72	57	72	3.5	+	TAAGAAAAACTTATTG	4.129884719848633
EMB_multiscale_C13	tjupan_bacillus_subtilis_main_7e538c30b860aa5a	tjupan_bacillus_subtilis_main_7e538c30b860aa5a	discovery	53	69	54	69	0.5	+	GTAAAAGGAATAAAAA	4.143141746520996
EMB_multiscale_C13	tjupan_bacillus_subtilis_main_712069959cf7e3b2	dbtbs_bsub_core_be0e53c334974f0a	discovery	61	77	62	77	8.5	+	TAGTAAAAATAAAGGA	4.148458480834961
EMB_multiscale_C13	tjupan_bacillus_subtilis_main_5787c658c95c4762	tjupan_bacillus_subtilis_main_5787c658c95c4762	discovery	43	59	44	59	-9.5	+	TATTTCAAACTAAATA	4.157371520996094
EMB_multiscale_C13	tjupan_bacillus_subtilis_main_f09c3556dc31a575	dbtbs_bsub_core_f09c3556dc31a575	discovery	21	37	22	37	-31.5	+	GGCTGTTTAAACAAGA	4.230319976806641
EMB_multiscale_C13	tjupan_bacillus_subtilis_main_b5cc4aad42c9a683	dbtbs_bsub_core_b5cc4aad42c9a683	discovery	9	25	10	25	-43.5	+	CTCAAAAAAATGGGTC	4.231447696685791
EMB_multiscale_C13	tjupan_bacillus_subtilis_main_eb11019c71a3a745	tjupan_bacillus_subtilis_main_eb11019c71a3a745	discovery	65	81	66	81	12.5	+	TGATTTTTAAAAACGA	4.235561847686768
EMB_multiscale_C13	tjupan_bacillus_subtilis_main_f0903ae0ab41d118	dbtbs_bsub_core_16fb2108119b7eaf	discovery	29	45	30	45	-23.5	+	TACTTTAAAAAGGATC	4.235794544219971
EMB_multiscale_C13	tjupan_bacillus_subtilis_main_8560b0f67ab5f5ab	dbtbs_bsub_core_f7a2628d99aff81a	discovery	7	23	8	23	-45.5	+	TTTTTATAAAAAAAAG	4.23687219619751
EMB_multiscale_C13	tjupan_bacillus_subtilis_main_bb68072522710571	dbtbs_bsub_core_bb68072522710571	discovery	25	41	26	41	-27.5	+	GCGTGAAAAAAAGCGC	4.2395853996276855
EMB_multiscale_C13	tjupan_bacillus_subtilis_main_2bdb32bb685dc1db	tjupan_bacillus_subtilis_main_2bdb32bb685dc1db	discovery	28	44	29	44	-24.5	+	TGCATAAAAAATACAA	4.243172645568848
EMB_multiscale_C13	tjupan_bacillus_subtilis_main_2b17d905bac0c3bc	dbtbs_bsub_core_2b17d905bac0c3bc	discovery	5	21	6	21	-47.5	+	CAGATCAAAAAAAACG	4.246182441711426
EMB_multiscale_C13	tjupan_bacillus_subtilis_main_32aff5c8192321bb	dbtbs_bsub_core_76636d30cbe1eec3	discovery	23	39	24	39	-29.5	+	TGGTCAAAAAATGTTT	4.247689247131348
EMB_multiscale_C13	tjupan_bacillus_subtilis_main_e0774d83207a7dd7	dbtbs_bsub_core_2b17d905bac0c3bc	discovery	6	22	7	22	-46.5	+	CAGATCAAAAAAAACG	4.3102827072143555
EMB_multiscale_C13	tjupan_bacillus_subtilis_main_be36dbaf549189cb	tjupan_bacillus_subtilis_main_be36dbaf549189cb	discovery	1	17	2	17	-51.5	+	TTATATAAAAATCAAT	4.334892749786377
EMB_multiscale_C13	tjupan_bacillus_subtilis_main_3eb701a469cb4095	tjupan_bacillus_subtilis_main_3eb701a469cb4095	discovery	52	68	53	68	-0.5	+	ATCTGGTTAAAAAAGG	4.3599324226379395
EMB_multiscale_C13	tjupan_bacillus_subtilis_main_5e34c7286340c249	dbtbs_bsub_core_0fedc539a64a99b7	discovery	3	19	4	19	-49.5	+	TTTTAGAAAATGATAT	4.362508773803711
EMB_multiscale_C13	tjupan_bacillus_subtilis_main_e4e4a1be67374f28	dbtbs_bsub_core_e4e4a1be67374f28	discovery	7	23	8	23	-45.5	+	TTGGAGAAAAATTTTT	4.3627448081970215
EMB_multiscale_C13	tjupan_bacillus_subtilis_main_87b26b7083b048a9	dbtbs_bsub_core_fe60102a69552e4c	discovery	65	81	66	81	12.5	+	GGAAAATATGAAAAAG	4.394102096557617
EMB_multiscale_C13	tjupan_bacillus_subtilis_main_52931b7eafd9a9b2	dbtbs_bsub_core_324baeb0b4deda5d	discovery	2	18	3	18	-50.5	+	GAAAGAAATTTAAGCT	4.42512321472168
EMB_multiscale_C13	tjupan_bacillus_subtilis_main_62eb1c4377c084e1	dbtbs_bsub_core_413a4bed9f6cfeea	discovery	49	65	50	65	-3.5	+	TTTAAAAAATAATCAA	4.430407524108887
EMB_multiscale_C13	tjupan_bacillus_subtilis_main_77dc78ed29025116	dbtbs_bsub_core_77dc78ed29025116	discovery	14	30	15	30	-38.5	+	TTTTAATAAAAATTTA	4.443761348724365
EMB_multiscale_C13	tjupan_bacillus_subtilis_main_e70fb70b66e1d829	tjupan_bacillus_subtilis_main_e70fb70b66e1d829	discovery	65	81	66	81	12.5	+	TCGGGTAATTCAAAAG	4.447868824005127
EMB_multiscale_C13	tjupan_bacillus_subtilis_main_f05d30123c592277	dbtbs_bsub_core_f05d30123c592277	discovery	65	81	66	81	12.5	+	TTTTTTCTGAAAATAG	4.564430236816406
EMB_multiscale_C13	tjupan_bacillus_subtilis_main_c1bd3e378306e57e	tjupan_bacillus_subtilis_main_c1bd3e378306e57e	discovery	0	16	1	16	-52.5	+	CCCATGAAAAATTTTT	4.605812072753906
EMB_multiscale_C13	tjupan_bacillus_subtilis_main_962b839f321a2605	dbtbs_bsub_core_962b839f321a2605	discovery	58	74	59	74	5.5	+	GTATAGAAAAAAAGGA	4.621774673461914
EMB_multiscale_C13	tjupan_bacillus_subtilis_main_c758d11e26aac641	tjupan_bacillus_subtilis_main_c758d11e26aac641	discovery	2	18	3	18	-50.5	+	TAAAAAAAATGATGAC	4.62785530090332
EMB_multiscale_C13	tjupan_bacillus_subtilis_main_92b62a9d8d87ace9	dbtbs_bsub_core_92b62a9d8d87ace9	discovery	59	75	60	75	6.5	+	TGATCTGAAAAAAAAG	4.651954650878906
EMB_multiscale_C13	tjupan_bacillus_subtilis_main_bf15c71cd5f4b9e0	dbtbs_bsub_core_79aa8a5c0f3b9558	discovery	65	81	66	81	12.5	+	AGCTAGTAAAAAAGGA	4.660562038421631
EMB_multiscale_C13	tjupan_bacillus_subtilis_main_8cdaaf6e0b90f5df	dbtbs_bsub_core_8cdaaf6e0b90f5df	discovery	0	16	1	16	-52.5	+	TCTGATAAAAATCTCA	4.669225692749023
EMB_multiscale_C13	tjupan_bacillus_subtilis_main_1cd26aa95d9363dc	dbtbs_bsub_core_1cd26aa95d9363dc	discovery	58	74	59	74	5.5	+	ATACACAAAAAATAAA	4.700119495391846
EMB_multiscale_C13	tjupan_bacillus_subtilis_main_ad6e1b40396f6528	dbtbs_bsub_core_ad6e1b40396f6528	discovery	0	16	1	16	-52.5	+	AATCAAAAATTTTTGT	4.72849178314209
EMB_multiscale_C13	tjupan_bacillus_subtilis_main_0c4104d2e02c2e3b	dbtbs_bsub_core_a955cdf3a08d689c	discovery	13	29	14	29	-39.5	+	CCCTTTAAAATATTGA	4.733791351318359
EMB_multiscale_C13	tjupan_bacillus_subtilis_main_ba9efec60bbd4a6b	tjupan_bacillus_subtilis_main_ba9efec60bbd4a6b	discovery	56	72	57	72	3.5	+	ATATAAAAAATAGGAC	4.745377540588379
EMB_multiscale_C13	tjupan_bacillus_subtilis_main_7d976c34bed90c97	tjupan_bacillus_subtilis_main_7d976c34bed90c97	discovery	0	16	1	16	-52.5	+	AATTTAAAAACTTCTC	4.783313751220703
EMB_multiscale_C13	tjupan_bacillus_subtilis_main_edce5d598636e106	dbtbs_bsub_core_39acf3daf47ccd69	discovery	9	25	10	25	-43.5	+	TTTTTAAAACTTAACG	4.7906270027160645
EMB_multiscale_C13	tjupan_bacillus_subtilis_main_6901d7d50287d8c1	dbtbs_bsub_core_6901d7d50287d8c1	discovery	21	37	22	37	-31.5	+	GGTTTAAAAACAGTTT	4.794443607330322
EMB_multiscale_C13	tjupan_bacillus_subtilis_main_9296390fae4fd68d	tjupan_bacillus_subtilis_main_9296390fae4fd68d	discovery	16	32	17	32	-36.5	+	TATCCTAATAAAAAGA	4.844857692718506
EMB_multiscale_C13	tjupan_bacillus_subtilis_main_89f3272bd34ff475	tjupan_bacillus_subtilis_main_89f3272bd34ff475	discovery	9	25	10	25	-43.5	+	TTTTTAAAAAACCCTT	4.951793670654297
EMB_multiscale_C13	tjupan_bacillus_subtilis_main_4059ca0cce5522a4	tjupan_bacillus_subtilis_main_4059ca0cce5522a4	discovery	0	16	1	16	-52.5	+	CGTGAAAAATTTTTTA	4.994574546813965
EMB_multiscale_C13	tjupan_bacillus_subtilis_main_ef1d1fbaad689e40	dbtbs_bsub_core_ef1d1fbaad689e40	discovery	22	38	23	38	-30.5	+	TTGTTCTAAAAAAACC	5.056966781616211
EMB_multiscale_C13	tjupan_bacillus_subtilis_main_67a8fe9203485bd0	dbtbs_bsub_core_67a8fe9203485bd0	discovery	0	16	1	16	-52.5	+	CTAAAAAAGTTTTTTT	5.408544063568115
EMB_multiscale_C13	tjupan_bacillus_subtilis_main_78caf7680ac9ae4c	tjupan_bacillus_subtilis_main_78caf7680ac9ae4c	discovery	1	17	2	17	-51.5	+	TTTAAAAAAAAGGAAA	6.3057861328125
EMB_multiscale_C14	tjupan_bacillus_subtilis_main_94d81586c680a254	tjupan_bacillus_subtilis_main_94d81586c680a254	discovery	17	33	18	33	-35.5	+	AGCATTAAAATAGCGT	1.9045847654342651
EMB_multiscale_C14	tjupan_bacillus_subtilis_main_7bc9aa9d4ad371af	dbtbs_bsub_core_7bc9aa9d4ad371af	discovery	21	37	22	37	-31.5	+	CAGTTATAAATAAGCC	2.1615793704986572
EMB_multiscale_C14	tjupan_bacillus_subtilis_main_3ed5570d9bd715ae	dbtbs_bsub_core_0561dd78dc44b145	discovery	4	20	5	20	-48.5	+	AATCAATAGTAAACAA	2.2601921558380127
EMB_multiscale_C14	tjupan_bacillus_subtilis_main_32a70db45859cbb9	dbtbs_bsub_core_32a70db45859cbb9	discovery	57	73	58	73	4.5	+	CATTAAAAGTATGCGA	2.3387370109558105
EMB_multiscale_C14	tjupan_bacillus_subtilis_main_2c8e4076a462c87c	dbtbs_bsub_core_2c8e4076a462c87c	discovery	59	75	60	75	6.5	+	CAAGTTAATAAGAACG	2.339275598526001
EMB_multiscale_C14	tjupan_bacillus_subtilis_main_af51a9f7939c4cfb	dbtbs_bsub_core_49fc6b8175a85db6	discovery	49	65	50	65	-3.5	+	GTCAAAAGTTATGATA	2.3409769535064697
EMB_multiscale_C14	tjupan_bacillus_subtilis_main_5e30b1d213eba695	tjupan_bacillus_subtilis_main_5e30b1d213eba695	discovery	52	68	53	68	-0.5	+	TCTTAAATACAAGATC	2.4133036136627197
EMB_multiscale_C14	tjupan_bacillus_subtilis_main_993a308bb6e190e1	dbtbs_bsub_core_993a308bb6e190e1	discovery	44	60	45	60	-8.5	+	TGAATACAATAAGAAA	2.4258017539978027
EMB_multiscale_C14	tjupan_bacillus_subtilis_main_fe2a626ec63a594e	dbtbs_bsub_core_abc060d81660f90c	discovery	44	60	45	60	-8.5	+	GTGATAAACTAATTTC	2.4597904682159424
EMB_multiscale_C14	tjupan_bacillus_subtilis_main_a032a3114b7dbf1c	dbtbs_bsub_core_a032a3114b7dbf1c	discovery	17	33	18	33	-35.5	+	CAATCAATAGTAAACA	2.5307652950286865
EMB_multiscale_C14	tjupan_bacillus_subtilis_main_b790c6b12a43a7c6	tjupan_bacillus_subtilis_main_b790c6b12a43a7c6	discovery	23	39	24	39	-29.5	+	CAGTTGAATAAACAAT	2.543558120727539
EMB_multiscale_C14	tjupan_bacillus_subtilis_main_e2d1119cb664dabf	dbtbs_bsub_core_954deecd8ab02ea9	discovery	26	42	27	42	-26.5	+	TGCATAATTAAAGCCA	2.5479700565338135
EMB_multiscale_C14	tjupan_bacillus_subtilis_main_ad6e1b40396f6528	dbtbs_bsub_core_ad6e1b40396f6528	discovery	50	66	51	66	-2.5	+	TACTATTAATCAAAGT	2.5765702724456787
EMB_multiscale_C14	tjupan_bacillus_subtilis_main_2b2db3c55e03b737	dbtbs_bsub_core_9d26dfa3049d6f00	discovery	47	63	48	63	-5.5	+	TATGTAATCAAAATTA	2.5838799476623535
EMB_multiscale_C14	tjupan_bacillus_subtilis_main_e1ad11de708bb9dd	dbtbs_bsub_core_0ce0cc9e187b5d37	discovery	59	75	60	75	6.5	+	GTGGTAAAATATCGTT	2.6125993728637695
EMB_multiscale_C14	tjupan_bacillus_subtilis_main_84e6c8375d18dc47	tjupan_bacillus_subtilis_main_84e6c8375d18dc47	discovery	34	50	35	50	-18.5	+	CCTTAATAAATGCATA	2.6502790451049805
EMB_multiscale_C14	tjupan_bacillus_subtilis_main_982fa9762732f05a	tjupan_bacillus_subtilis_main_982fa9762732f05a	discovery	16	32	17	32	-36.5	+	TATGTAATCAAAATTA	2.665794849395752
EMB_multiscale_C14	tjupan_bacillus_subtilis_main_13f36fd95a25452a	tjupan_bacillus_subtilis_main_13f36fd95a25452a	discovery	48	64	49	64	-4.5	+	ACGGTAATAAAGATTG	2.6659412384033203
EMB_multiscale_C14	tjupan_bacillus_subtilis_main_64dfe397c07a4656	dbtbs_bsub_core_99013d44fc3df9d1	discovery	46	62	47	62	-6.5	+	CATTTAATAACAGTAA	2.6739230155944824
EMB_multiscale_C14	tjupan_bacillus_subtilis_main_9e087715e3522ed4	dbtbs_bsub_core_b3df5d74f56f0610	discovery	14	30	15	30	-38.5	+	GCAAAAATAGGTTTAC	2.7040388584136963
EMB_multiscale_C14	tjupan_bacillus_subtilis_main_8e4b7e6c519e170f	tjupan_bacillus_subtilis_main_8e4b7e6c519e170f	discovery	38	54	39	54	-14.5	+	GCGAATAAAATACTTT	2.7105274200439453
EMB_multiscale_C14	tjupan_bacillus_subtilis_main_25308dd77914b9d9	dbtbs_bsub_core_1dc2eb4818f9715a	discovery	8	24	9	24	-44.5	+	CAAAAAGTTATAATTG	2.7141599655151367
EMB_multiscale_C14	tjupan_bacillus_subtilis_main_ad5b6a3a851181b1	dbtbs_bsub_core_ad5b6a3a851181b1	discovery	63	79	64	79	10.5	+	TAGTAACAAATTAGGA	2.7208685874938965
EMB_multiscale_C14	tjupan_bacillus_subtilis_main_fea876b7208e46e3	dbtbs_bsub_core_fea876b7208e46e3	discovery	12	28	13	28	-40.5	+	AAATATAAACCATGTT	2.7240347862243652
EMB_multiscale_C14	tjupan_bacillus_subtilis_main_a2eb9b766304b405	dbtbs_bsub_core_adaec4e024668ee2	discovery	60	76	61	76	7.5	+	AGGATTACAAAATCGT	2.7310843467712402
EMB_multiscale_C14	tjupan_bacillus_subtilis_main_50a7bea74c679f62	tjupan_bacillus_subtilis_main_50a7bea74c679f62	discovery	52	68	53	68	-0.5	+	TAGGTTATAAAAAGGC	2.735628604888916
EMB_multiscale_C14	tjupan_bacillus_subtilis_main_0acb3976b9331524	tjupan_bacillus_subtilis_main_0acb3976b9331524	discovery	46	62	47	62	-6.5	+	TAGTATTACAAATGTG	2.7373251914978027
EMB_multiscale_C14	tjupan_bacillus_subtilis_main_ff3d11f785ddd890	dbtbs_bsub_core_ff3d11f785ddd890	discovery	26	42	27	42	-26.5	+	TGTAAAAACATATTGA	2.739912748336792
EMB_multiscale_C14	tjupan_bacillus_subtilis_main_52267ea931cb2dd7	dbtbs_bsub_core_b35218f45c0f11c8	discovery	61	77	62	77	8.5	+	GAATACATTAAAGGAG	2.7410004138946533
EMB_multiscale_C14	tjupan_bacillus_subtilis_main_4fc356ae4cdf5a10	dbtbs_bsub_core_89ad3abb800dad9f	discovery	60	76	61	76	7.5	+	GTATATAAAATTGCAG	2.743009090423584
EMB_multiscale_C14	tjupan_bacillus_subtilis_main_666dd7e391a36890	dbtbs_bsub_core_666dd7e391a36890	discovery	42	58	43	58	-10.5	+	GATGCTAAAATACATA	2.8118908405303955
EMB_multiscale_C14	tjupan_bacillus_subtilis_main_4fa5d89620e7d8ce	dbtbs_bsub_core_5eb05bc57612da6d	discovery	27	43	28	43	-25.5	+	TAGTATATCAAAACAA	2.8194382190704346
EMB_multiscale_C14	tjupan_bacillus_subtilis_main_d9cd9789d0fb01a3	dbtbs_bsub_core_c190339743385950	discovery	49	65	50	65	-3.5	+	GACAAATATTAAGAAA	2.82779598236084
EMB_multiscale_C14	tjupan_bacillus_subtilis_main_f7fb3b6a673b2fe9	dbtbs_bsub_core_4c8b5a3cc4c24c6c	discovery	40	56	41	56	-12.5	+	ATTCAAGTTATAATGA	2.8489990234375
EMB_multiscale_C14	tjupan_bacillus_subtilis_main_84597be11ba889b8	tjupan_bacillus_subtilis_main_84597be11ba889b8	discovery	15	31	16	31	-37.5	+	AACAAGAATAATGCGT	2.8524534702301025
EMB_multiscale_C14	tjupan_bacillus_subtilis_main_c648ac4df22b0f89	dbtbs_bsub_core_c648ac4df22b0f89	discovery	12	28	13	28	-40.5	+	TCCAAAAATATGTGTA	2.8578546047210693
EMB_multiscale_C14	tjupan_bacillus_subtilis_main_c9a32e1db5125d7c	dbtbs_bsub_core_c9a32e1db5125d7c	discovery	13	29	14	29	-39.5	+	CTATGAATAAACTTGA	2.882662296295166
EMB_multiscale_C14	tjupan_bacillus_subtilis_main_8e892e5639ef0ac1	dbtbs_bsub_core_d25c674b3a14df1a	discovery	49	65	50	65	-3.5	+	ACACTAAAAATATCAC	2.886338233947754
EMB_multiscale_C14	tjupan_bacillus_subtilis_main_0b565809576a9e0f	dbtbs_bsub_core_0fcadafa827fb8cf	discovery	50	66	51	66	-2.5	+	TTTTAAATGTAAGCGT	2.8892152309417725
EMB_multiscale_C14	tjupan_bacillus_subtilis_main_fa23a6db7de139e8	tjupan_bacillus_subtilis_main_fa23a6db7de139e8	discovery	10	26	11	26	-42.5	+	ATAACAAATTAGCTAT	2.904592275619507
EMB_multiscale_C14	tjupan_bacillus_subtilis_main_66bdec0f6e49230b	dbtbs_bsub_core_66bdec0f6e49230b	discovery	46	62	47	62	-6.5	+	TCTATAATGAAGTCAC	2.912304401397705
EMB_multiscale_C14	tjupan_bacillus_subtilis_main_517410185d825f3e	tjupan_bacillus_subtilis_main_517410185d825f3e	discovery	13	29	14	29	-39.5	+	GCACAAATTAATGTAG	2.9201505184173584
EMB_multiscale_C14	tjupan_bacillus_subtilis_main_08d810e756c7d81b	tjupan_bacillus_subtilis_main_08d810e756c7d81b	discovery	43	59	44	59	-9.5	+	TACGAATAAACTATTA	2.9219229221343994
EMB_multiscale_C14	tjupan_bacillus_subtilis_main_118649b56e4ec470	tjupan_bacillus_subtilis_main_118649b56e4ec470	discovery	52	68	53	68	-0.5	+	CGATATGTAAAGCAAA	2.923279047012329
EMB_multiscale_C14	tjupan_bacillus_subtilis_main_9ab6c96db0706f0e	dbtbs_bsub_core_c190339743385950	discovery	42	58	43	58	-10.5	+	CGACAAATATTAAGAA	2.9244778156280518
EMB_multiscale_C14	tjupan_bacillus_subtilis_main_b24feeda89db5dfd	dbtbs_bsub_core_b24feeda89db5dfd	discovery	47	63	48	63	-5.5	+	ATATAATGAAAACAGG	2.9270803928375244
EMB_multiscale_C14	tjupan_bacillus_subtilis_main_48b85a8a5c19ece4	dbtbs_bsub_core_7730e205ee5d9991	discovery	46	62	47	62	-6.5	+	GATATCATAAAAATGT	2.9277355670928955
EMB_multiscale_C14	tjupan_bacillus_subtilis_main_901b18a9982b4e95	tjupan_bacillus_subtilis_main_901b18a9982b4e95	discovery	49	65	50	65	-3.5	+	ATGATAATAAAGTCGC	2.9288318157196045
EMB_multiscale_C14	tjupan_bacillus_subtilis_main_1f2ca280ccaab774	tjupan_bacillus_subtilis_main_1f2ca280ccaab774	discovery	46	62	47	62	-6.5	+	GCTATAATAAAGGAAG	2.934037208557129
EMB_multiscale_C14	tjupan_bacillus_subtilis_main_7ac1767347438edd	dbtbs_bsub_core_5c6ce2f66e66fe9e	discovery	64	80	65	80	11.5	+	AAAAGCAAATATCGAA	2.947816848754883
EMB_multiscale_C14	tjupan_bacillus_subtilis_main_b5cc4aad42c9a683	dbtbs_bsub_core_b5cc4aad42c9a683	discovery	46	62	47	62	-6.5	+	ATTACAATAAATTCAC	2.956406354904175
EMB_multiscale_C14	tjupan_bacillus_subtilis_main_92c71ea9f3febc7f	dbtbs_bsub_core_c2ee7abb48038f6f	discovery	26	42	27	42	-26.5	+	GTATAAAAATAACCTC	2.962688446044922
EMB_multiscale_C14	tjupan_bacillus_subtilis_main_2be0a0a038238614	tjupan_bacillus_subtilis_main_2be0a0a038238614	discovery	29	45	30	45	-23.5	+	CCAGAAAATAATGGTC	2.96382737159729
EMB_multiscale_C14	tjupan_bacillus_subtilis_main_36eed70446e6810b	dbtbs_bsub_core_36eed70446e6810b	discovery	29	45	30	45	-23.5	+	AAAAGAAATATTCACG	2.970733880996704
EMB_multiscale_C14	tjupan_bacillus_subtilis_main_bd4e9486aa695c78	tjupan_bacillus_subtilis_main_bd4e9486aa695c78	discovery	6	22	7	22	-46.5	+	TTCTATGGTAAAATAA	2.983107089996338
EMB_multiscale_C14	tjupan_bacillus_subtilis_main_c229c4b94f6591ae	tjupan_bacillus_subtilis_main_c229c4b94f6591ae	discovery	50	66	51	66	-2.5	+	TAGTATAAACAATAAA	2.9866058826446533
EMB_multiscale_C14	tjupan_bacillus_subtilis_main_f58412ec32c641aa	dbtbs_bsub_core_bba92a46eba6f8e0	discovery	48	64	49	64	-4.5	+	TAGAATATAACCAAGA	2.9900314807891846
EMB_multiscale_C14	tjupan_bacillus_subtilis_main_0a0035c3a0685aa9	dbtbs_bsub_core_d50ffa4df9b8add7	discovery	62	78	63	78	9.5	+	CTAGTTAAAAATCATG	2.9930670261383057
EMB_multiscale_C14	tjupan_bacillus_subtilis_main_32aff5c8192321bb	dbtbs_bsub_core_76636d30cbe1eec3	discovery	50	66	51	66	-2.5	+	TCATAATAACAATGAA	2.9987943172454834
EMB_multiscale_C14	tjupan_bacillus_subtilis_main_f6994e5b6245c7bf	tjupan_bacillus_subtilis_main_f6994e5b6245c7bf	discovery	32	48	33	48	-20.5	+	TGCACTAAAGCATCGA	3.003278970718384
EMB_multiscale_C14	tjupan_bacillus_subtilis_main_e4e4a1be67374f28	dbtbs_bsub_core_e4e4a1be67374f28	discovery	46	62	47	62	-6.5	+	TCGTCAAATAATATAG	3.0037243366241455
EMB_multiscale_C14	tjupan_bacillus_subtilis_main_8a0979b032bb35c1	dbtbs_bsub_core_33318fe6256d39ff	discovery	49	65	50	65	-3.5	+	ACTATATTAAAGAAGC	3.0038692951202393
EMB_multiscale_C14	tjupan_bacillus_subtilis_main_8837dc4443db7de3	tjupan_bacillus_subtilis_main_8837dc4443db7de3	discovery	35	51	36	51	-17.5	+	TGTATGAAAACGCTAT	3.007767677307129
EMB_multiscale_C14	tjupan_bacillus_subtilis_main_9f03f134e6b67be2	tjupan_bacillus_subtilis_main_9f03f134e6b67be2	discovery	59	75	60	75	6.5	+	ATTCATAAAGCAATGT	3.0103302001953125
EMB_multiscale_C14	tjupan_bacillus_subtilis_main_ab3313558a015086	dbtbs_bsub_core_ab3313558a015086	discovery	9	25	10	25	-43.5	+	AACAATAGAAAATGTC	3.014601945877075
EMB_multiscale_C14	tjupan_bacillus_subtilis_main_eebec5ad9a06df67	dbtbs_bsub_core_5cddd19c752675c8	discovery	10	26	11	26	-42.5	+	AATTTCAATAAGCAGT	3.022876501083374
EMB_multiscale_C14	tjupan_bacillus_subtilis_main_efde358c620c36bd	dbtbs_bsub_core_efde358c620c36bd	discovery	61	77	62	77	8.5	+	TCAAGAATGCTAAACG	3.029863119125366
EMB_multiscale_C14	tjupan_bacillus_subtilis_main_f452c4bef1ed8b92	dbtbs_bsub_core_f452c4bef1ed8b92	discovery	54	70	55	70	1.5	+	AACGTTGATAAAAGGA	3.0305263996124268
EMB_multiscale_C14	tjupan_bacillus_subtilis_main_bebf1b31befd9c3c	dbtbs_bsub_core_bebf1b31befd9c3c	discovery	3	19	4	19	-49.5	+	TTCACAAGTAATATGC	3.032081365585327
EMB_multiscale_C14	tjupan_bacillus_subtilis_main_3be839d09df1dbe1	dbtbs_bsub_core_3be839d09df1dbe1	discovery	46	62	47	62	-6.5	+	CTATAATAAAGAACAT	3.0347237586975098
EMB_multiscale_C14	tjupan_bacillus_subtilis_main_fcf1520effc316d9	dbtbs_bsub_core_fcf1520effc316d9	discovery	48	64	49	64	-4.5	+	TAAGATAAAAGTACAA	3.0474653244018555
EMB_multiscale_C14	tjupan_bacillus_subtilis_main_dea64c0f5a12bfa1	dbtbs_bsub_core_a18a06666ab8afa6	discovery	50	66	51	66	-2.5	+	AGTACAATTAATCGGG	3.0630252361297607
EMB_multiscale_C14	tjupan_bacillus_subtilis_main_1dc6ad16ab0331f8	tjupan_bacillus_subtilis_main_1dc6ad16ab0331f8	discovery	65	81	66	81	12.5	+	GATCAATAGATAAAAA	3.0669190883636475
EMB_multiscale_C14	tjupan_bacillus_subtilis_main_1478640e036e0224	dbtbs_bsub_core_1478640e036e0224	discovery	62	78	63	78	9.5	+	GGCAAAAATAGACATT	3.073223829269409
EMB_multiscale_C14	tjupan_bacillus_subtilis_main_f3423ecbff5b6537	dbtbs_bsub_core_dc8c32e7cfbca6d1	discovery	53	69	54	69	0.5	+	TAATTATAAACATTAC	3.079130172729492
EMB_multiscale_C14	tjupan_bacillus_subtilis_main_f09c3556dc31a575	dbtbs_bsub_core_f09c3556dc31a575	discovery	50	66	51	66	-2.5	+	ATCTAAAAGTATGAAG	3.081146240234375
EMB_multiscale_C14	tjupan_bacillus_subtilis_main_18d5be8d5c4f9a22	tjupan_bacillus_subtilis_main_18d5be8d5c4f9a22	discovery	36	52	37	52	-16.5	+	CGTTCAAATAAGGCAT	3.082183599472046
EMB_multiscale_C14	tjupan_bacillus_subtilis_main_3e1210c1f898bc48	dbtbs_bsub_core_42eaa371353368b2	discovery	47	63	48	63	-5.5	+	TATAATGAAACTAAGT	3.0890603065490723
EMB_multiscale_C14	tjupan_bacillus_subtilis_main_ff1b0f332755e37b	dbtbs_bsub_core_710c0cbad80c03b6	discovery	26	42	27	42	-26.5	+	TACCATAAATCGAAGT	3.0986852645874023
EMB_multiscale_C14	tjupan_bacillus_subtilis_main_91723abad13f63e4	tjupan_bacillus_subtilis_main_91723abad13f63e4	discovery	59	75	60	75	6.5	+	CAGATATAACAAAAAT	3.1056418418884277
EMB_multiscale_C14	tjupan_bacillus_subtilis_main_0e56c5fe6c5d0db0	dbtbs_bsub_core_cfddcd51a76889fd	discovery	48	64	49	64	-4.5	+	CAAAATAATCGGTAAA	3.105724573135376
EMB_multiscale_C14	tjupan_bacillus_subtilis_main_d24ab9ea2522f43e	dbtbs_bsub_core_e391b9fe5a0b653f	discovery	37	53	38	53	-15.5	+	AAAGAATGCTAATACA	3.113792657852173
EMB_multiscale_C14	tjupan_bacillus_subtilis_main_9d34f9d9e0ee0e26	dbtbs_bsub_core_9d34f9d9e0ee0e26	discovery	47	63	48	63	-5.5	+	TCGTATAAATGGTAAC	3.114952325820923
EMB_multiscale_C14	tjupan_bacillus_subtilis_main_49d5f09ecdaa68d2	dbtbs_bsub_core_2fc6766ca8c365d3	discovery	50	66	51	66	-2.5	+	ATCATAAAGATAATCT	3.130103588104248
EMB_multiscale_C14	tjupan_bacillus_subtilis_main_f04c569125ce3afa	dbtbs_bsub_core_85a34ab094cb765f	discovery	6	22	7	22	-46.5	+	AACGTATAAGAATCCA	3.1325247287750244
EMB_multiscale_C14	tjupan_bacillus_subtilis_main_d0e455b1c91ba281	dbtbs_bsub_core_f6e924d0656980ad	discovery	47	63	48	63	-5.5	+	CAAAAGATAAAACAGT	3.133824110031128
EMB_multiscale_C14	tjupan_bacillus_subtilis_main_b11aff47b9c426f3	dbtbs_bsub_core_b11aff47b9c426f3	discovery	14	30	15	30	-38.5	+	GAATCATAAAGCATAC	3.1439530849456787
EMB_multiscale_C14	tjupan_bacillus_subtilis_main_9a6d97baf1c02d30	dbtbs_bsub_core_9a6d97baf1c02d30	discovery	46	62	47	62	-6.5	+	TGTACAATAAATGTAG	3.1487877368927
EMB_multiscale_C14	tjupan_bacillus_subtilis_main_b578e9e0d96d144a	dbtbs_bsub_core_b578e9e0d96d144a	discovery	47	63	48	63	-5.5	+	TCATATTAAAGGTAAG	3.155949115753174
EMB_multiscale_C14	tjupan_bacillus_subtilis_main_a9fde0fdd238b261	dbtbs_bsub_core_06588c97cd7288a8	discovery	23	39	24	39	-29.5	+	TCGATAAGAATAATTC	3.158358097076416
EMB_multiscale_C14	tjupan_bacillus_subtilis_main_8421a3506bc3ca2c	tjupan_bacillus_subtilis_main_8421a3506bc3ca2c	discovery	49	65	50	65	-3.5	+	TAATAATCAATGTAAG	3.160369396209717
EMB_multiscale_C14	tjupan_bacillus_subtilis_main_636c41b820e9fd5d	tjupan_bacillus_subtilis_main_636c41b820e9fd5d	discovery	24	40	25	40	-28.5	+	GTCAATTAAACGTGCA	3.1637284755706787
EMB_multiscale_C14	tjupan_bacillus_subtilis_main_282b0a85bf46906b	tjupan_bacillus_subtilis_main_282b0a85bf46906b	discovery	64	80	65	80	11.5	+	GTACTAATTAAATGTA	3.167586088180542
EMB_multiscale_C14	tjupan_bacillus_subtilis_main_54fd4c2966482e2c	dbtbs_bsub_core_ba3becfc7c3e4e17	discovery	45	61	46	61	-7.5	+	GAATACAATAAATCGA	3.176647186279297
EMB_multiscale_C14	tjupan_bacillus_subtilis_main_1db11a6d86ff5865	tjupan_bacillus_subtilis_main_1db11a6d86ff5865	discovery	50	66	51	66	-2.5	+	CATAAGATGTAAAACA	3.182307720184326
EMB_multiscale_C14	tjupan_bacillus_subtilis_main_7c1cf5cd36017844	tjupan_bacillus_subtilis_main_7c1cf5cd36017844	discovery	43	59	44	59	-9.5	+	ATGACATAAAATAGAG	3.1909966468811035
EMB_multiscale_C14	tjupan_bacillus_subtilis_main_2a051d7d075d7920	tjupan_bacillus_subtilis_main_2a051d7d075d7920	discovery	21	37	22	37	-31.5	+	AAAAAATAGTTGACGA	3.1960301399230957
EMB_multiscale_C14	tjupan_bacillus_subtilis_main_d33162cb12a5a549	tjupan_bacillus_subtilis_main_d33162cb12a5a549	discovery	26	42	27	42	-26.5	+	TTCAAAACGATATAAA	3.1992218494415283
EMB_multiscale_C14	tjupan_bacillus_subtilis_main_a7a45131c45395c8	dbtbs_bsub_core_a7a45131c45395c8	discovery	61	77	62	77	8.5	+	AACCCTAAATAGAAGG	3.1992220878601074
EMB_multiscale_C14	tjupan_bacillus_subtilis_main_d497e040ececfdff	dbtbs_bsub_core_a797439cbe2b0d85	discovery	63	79	64	79	10.5	+	CAAAAGATAAATGCAA	3.2009437084198
EMB_multiscale_C14	tjupan_bacillus_subtilis_main_26786ec6f94b1750	dbtbs_bsub_core_26786ec6f94b1750	discovery	34	50	35	50	-18.5	+	AAGGAATATAAAGGTA	3.203443765640259
EMB_multiscale_C14	tjupan_bacillus_subtilis_main_88d6ae8ec11f6e65	tjupan_bacillus_subtilis_main_88d6ae8ec11f6e65	discovery	11	27	12	27	-41.5	+	GTAACAAAATTACTTG	3.2095272541046143
EMB_multiscale_C14	tjupan_bacillus_subtilis_main_5957e34dfa6ab85c	tjupan_bacillus_subtilis_main_5957e34dfa6ab85c	discovery	49	65	50	65	-3.5	+	TTGTAAGGAATATAAG	3.21144437789917
EMB_multiscale_C14	tjupan_bacillus_subtilis_main_2c9e8a462277f7da	dbtbs_bsub_core_f7573fed016c047b	discovery	37	53	38	53	-15.5	+	GCAAAAGGCATATTAA	3.219616651535034
EMB_multiscale_C14	tjupan_bacillus_subtilis_main_d59578e8446625f3	dbtbs_bsub_core_d59578e8446625f3	discovery	2	18	3	18	-50.5	+	CGCTAAAATGTAACCA	3.2348406314849854
EMB_multiscale_C14	tjupan_bacillus_subtilis_main_e28ceade6e8616fa	dbtbs_bsub_core_9b12482ac6eea2d4	discovery	47	63	48	63	-5.5	+	AAACAATAATGGCAAG	3.236311674118042
EMB_multiscale_C14	tjupan_bacillus_subtilis_main_a1ad6ce2d20c389b	dbtbs_bsub_core_539bc60476254ff5	discovery	49	65	50	65	-3.5	+	CAAAATAAATAGTAAT	3.2365856170654297
EMB_multiscale_C14	tjupan_bacillus_subtilis_main_f869091e55050110	tjupan_bacillus_subtilis_main_f869091e55050110	discovery	30	46	31	46	-22.5	+	TAAATAAATACAGGTG	3.2384769916534424
EMB_multiscale_C14	tjupan_bacillus_subtilis_main_cb2c7c4f94201384	tjupan_bacillus_subtilis_main_cb2c7c4f94201384	discovery	33	49	34	49	-19.5	+	TTTCAATAAAGGTTTA	3.2387423515319824
EMB_multiscale_C14	tjupan_bacillus_subtilis_main_f45d38a5e15ccc93	dbtbs_bsub_core_5dbc73ad42aeab56	discovery	37	53	38	53	-15.5	+	TCCGCAAATAATAGAA	3.240138530731201
EMB_multiscale_C14	tjupan_bacillus_subtilis_main_5f8b6936b2e52932	tjupan_bacillus_subtilis_main_5f8b6936b2e52932	discovery	34	50	35	50	-18.5	+	ATAAAAATTATGGTAT	3.2478322982788086
EMB_multiscale_C14	tjupan_bacillus_subtilis_main_e9623f8193af34e0	dbtbs_bsub_core_e9623f8193af34e0	discovery	55	71	56	71	2.5	+	TTCATACTAAAGTCAC	3.2647578716278076
EMB_multiscale_C14	tjupan_bacillus_subtilis_main_3270409c742f3314	dbtbs_bsub_core_edd6f2ee95c58508	discovery	45	61	46	61	-7.5	+	AACTAGGATAAATTTG	3.272104263305664
EMB_multiscale_C14	tjupan_bacillus_subtilis_main_45683747106d08bd	tjupan_bacillus_subtilis_main_45683747106d08bd	discovery	45	61	46	61	-7.5	+	CGGTTATGCTAAAAAA	3.2806236743927
EMB_multiscale_C14	tjupan_bacillus_subtilis_main_6e989f822c0894af	dbtbs_bsub_core_bb5ca17cb9317fea	discovery	31	47	32	47	-21.5	+	TTATTAACAAATGATG	3.2830753326416016
EMB_multiscale_C14	tjupan_bacillus_subtilis_main_41b76e09c674d652	dbtbs_bsub_core_41b76e09c674d652	discovery	58	74	59	74	5.5	+	CTACAAATAATAGAAC	3.285081148147583
EMB_multiscale_C14	tjupan_bacillus_subtilis_main_213d453c1e49e371	tjupan_bacillus_subtilis_main_213d453c1e49e371	discovery	46	62	47	62	-6.5	+	AAACGTATAAATAAGT	3.2890403270721436
EMB_multiscale_C14	tjupan_bacillus_subtilis_main_1a8b81622422b81c	dbtbs_bsub_core_045e4f174337aedd	discovery	28	44	29	44	-24.5	+	TAAAACCTTATGAATA	3.295311212539673
EMB_multiscale_C14	tjupan_bacillus_subtilis_main_daaf0c7fa42ef2fa	dbtbs_bsub_core_ef9625ff29774e65	discovery	47	63	48	63	-5.5	+	ATACCATTTAAAAGCC	3.297044515609741
EMB_multiscale_C14	tjupan_bacillus_subtilis_main_cf3def291394eeb9	tjupan_bacillus_subtilis_main_cf3def291394eeb9	discovery	26	42	27	42	-26.5	+	TTCAATATAAAAGCTA	3.297928810119629
EMB_multiscale_C14	tjupan_bacillus_subtilis_main_ef1d1fbaad689e40	dbtbs_bsub_core_ef1d1fbaad689e40	discovery	63	79	64	79	10.5	+	ATGCTAAAAGTATCGA	3.302649974822998
EMB_multiscale_C14	tjupan_bacillus_subtilis_main_5e8ac4f4506ef781	dbtbs_bsub_core_cdccc2e2972286a4	discovery	28	44	29	44	-24.5	+	CAAAAAATACTGAATT	3.3031718730926514
EMB_multiscale_C14	tjupan_bacillus_subtilis_main_187a9844a7f0c551	tjupan_bacillus_subtilis_main_187a9844a7f0c551	discovery	46	62	47	62	-6.5	+	CGAATAAATTGTACAA	3.311976194381714
EMB_multiscale_C14	tjupan_bacillus_subtilis_main_691e7ded333dd616	dbtbs_bsub_core_691e7ded333dd616	discovery	39	55	40	55	-13.5	+	ATTCTATGGTAAAATA	3.320711851119995
EMB_multiscale_C14	tjupan_bacillus_subtilis_main_4648c22f43ae6952	tjupan_bacillus_subtilis_main_4648c22f43ae6952	discovery	8	24	9	24	-44.5	+	TGAATTACAAATACTT	3.3217849731445312
EMB_multiscale_C14	tjupan_bacillus_subtilis_main_9296390fae4fd68d	tjupan_bacillus_subtilis_main_9296390fae4fd68d	discovery	4	20	5	20	-48.5	+	TCATGAAAGTATTATC	3.3255794048309326
EMB_multiscale_C14	tjupan_bacillus_subtilis_main_66846fa14c29dbc1	dbtbs_bsub_core_89ab3601fa8ac055	discovery	56	72	57	72	3.5	+	ATTAGTATAAATTTTG	3.3261213302612305
EMB_multiscale_C14	tjupan_bacillus_subtilis_main_e90961ead2da3f7b	tjupan_bacillus_subtilis_main_e90961ead2da3f7b	discovery	55	71	56	71	2.5	+	ATGAAAATAAGTTAGT	3.3266329765319824
EMB_multiscale_C14	tjupan_bacillus_subtilis_main_ff62fa3227cb3ab1	dbtbs_bsub_core_f748f853b4ec2056	discovery	45	61	46	61	-7.5	+	GGGTATAAAGCAACTA	3.3323702812194824
EMB_multiscale_C14	tjupan_bacillus_subtilis_main_2d40490247bb616a	dbtbs_bsub_core_ffa38d6978ad48aa	discovery	15	31	16	31	-37.5	+	GGAAGAAATACATCAA	3.33713960647583
EMB_multiscale_C14	tjupan_bacillus_subtilis_main_8fa35d24a76b6d72	tjupan_bacillus_subtilis_main_8fa35d24a76b6d72	discovery	22	38	23	38	-30.5	+	TTTCATAAACCTATGT	3.3413476943969727
EMB_multiscale_C14	tjupan_bacillus_subtilis_main_857deea4069ff6ab	tjupan_bacillus_subtilis_main_857deea4069ff6ab	discovery	47	63	48	63	-5.5	+	ATAATATTAAGTCAAG	3.3444361686706543
EMB_multiscale_C14	tjupan_bacillus_subtilis_main_f05d30123c592277	dbtbs_bsub_core_f05d30123c592277	discovery	43	59	44	59	-9.5	+	ATGTCAAATTAAATTA	3.344843864440918
EMB_multiscale_C14	tjupan_bacillus_subtilis_main_101463e41079a20e	dbtbs_bsub_core_101463e41079a20e	discovery	45	61	46	61	-7.5	+	TCTTACAATAAGCATA	3.349642276763916
EMB_multiscale_C14	tjupan_bacillus_subtilis_main_487ce40a67c6d939	tjupan_bacillus_subtilis_main_487ce40a67c6d939	discovery	54	70	55	70	1.5	+	GATTCATAAACGAAAA	3.3523383140563965
EMB_multiscale_C14	tjupan_bacillus_subtilis_main_bb68072522710571	dbtbs_bsub_core_bb68072522710571	discovery	50	66	51	66	-2.5	+	TAAAATATAAAGTGAT	3.364470958709717
EMB_multiscale_C14	tjupan_bacillus_subtilis_main_550b125b16dc206e	dbtbs_bsub_core_2ab03862f0e9dd2f	discovery	60	76	61	76	7.5	+	ACTAAAGTCAAATACC	3.364899158477783
EMB_multiscale_C14	tjupan_bacillus_subtilis_main_e2f816d3420810f5	dbtbs_bsub_core_8f473f826c608a81	discovery	45	61	46	61	-7.5	+	TGGTACAATAAGACTA	3.371164083480835
EMB_multiscale_C14	tjupan_bacillus_subtilis_main_82e1287a21b69715	dbtbs_bsub_core_82e1287a21b69715	discovery	42	58	43	58	-10.5	+	AAAAACAATAGCATCT	3.390350818634033
EMB_multiscale_C14	tjupan_bacillus_subtilis_main_ced72b826f4a910f	dbtbs_bsub_core_d1a4fbb8ec4bd212	discovery	43	59	44	59	-9.5	+	AGGGAAATATAACAAC	3.3972063064575195
EMB_multiscale_C14	tjupan_bacillus_subtilis_main_49e8e3a6681b011d	dbtbs_bsub_core_e14a6f906af1fa54	discovery	9	25	10	25	-43.5	+	TCTTTAAAATCGATTA	3.4045181274414062
EMB_multiscale_C14	tjupan_bacillus_subtilis_main_71eaf5cbf249113b	dbtbs_bsub_core_71eaf5cbf249113b	discovery	14	30	15	30	-38.5	+	GAAAAACAATAGCATC	3.4229984283447266
EMB_multiscale_C14	tjupan_bacillus_subtilis_main_ade14dd3fdacb032	dbtbs_bsub_core_12585b08a658046e	discovery	54	70	55	70	1.5	+	TGTGTACAAAATCAAA	3.428666353225708
EMB_multiscale_C14	tjupan_bacillus_subtilis_main_d1b10b64ac040b8c	dbtbs_bsub_core_3a6c62def340fb72	discovery	38	54	39	54	-14.5	+	ACCAAAAATGTATCAT	3.4337265491485596
EMB_multiscale_C14	tjupan_bacillus_subtilis_main_7541f607431b8a27	dbtbs_bsub_core_1f38e2f4287dbc6d	discovery	34	50	35	50	-18.5	+	ATAGATAAAATGTACA	3.4439802169799805
EMB_multiscale_C14	tjupan_bacillus_subtilis_main_eaa75817f87b3088	dbtbs_bsub_core_71c43b52121900cc	discovery	27	43	28	43	-25.5	+	GGACAGAAAATATTCA	3.4512035846710205
EMB_multiscale_C14	tjupan_bacillus_subtilis_main_b7c0eae7293a1bfc	dbtbs_bsub_core_0bfdb592513badc4	discovery	39	55	40	55	-13.5	+	GAACCAATTAATATAA	3.452880620956421
EMB_multiscale_C14	tjupan_bacillus_subtilis_main_c5aa2a2f04401e51	tjupan_bacillus_subtilis_main_c5aa2a2f04401e51	discovery	47	63	48	63	-5.5	+	GCATACAATAAGTCAT	3.471371650695801
EMB_multiscale_C14	tjupan_bacillus_subtilis_main_10eda96ea4199e8c	dbtbs_bsub_core_10eda96ea4199e8c	discovery	27	43	28	43	-25.5	+	GGATAATTCAAAATAA	3.4752516746520996
EMB_multiscale_C14	tjupan_bacillus_subtilis_main_de399adaaafe5be7	dbtbs_bsub_core_f1028676a1f89b0e	discovery	6	22	7	22	-46.5	+	AGAATAAGAACATATC	3.4851276874542236
EMB_multiscale_C14	tjupan_bacillus_subtilis_main_e1d5408a78fdd1c5	dbtbs_bsub_core_f8ce2fa963a01405	discovery	33	49	34	49	-19.5	+	TTGAGAAAATACGATT	3.4864938259124756
EMB_multiscale_C14	tjupan_bacillus_subtilis_main_74de924b5fe0230a	dbtbs_bsub_core_74de924b5fe0230a	discovery	54	70	55	70	1.5	+	ATCTATTAAATCAAAT	3.4946224689483643
EMB_multiscale_C14	tjupan_bacillus_subtilis_main_c204793b69b45448	dbtbs_bsub_core_c204793b69b45448	discovery	55	71	56	71	2.5	+	ATCAGAATAAGCAACT	3.49615740776062
EMB_multiscale_C14	tjupan_bacillus_subtilis_main_85511e0264f2e3b8	dbtbs_bsub_core_35445cef3104bf74	discovery	34	50	35	50	-18.5	+	AACAAAAGGTATGATA	3.498239517211914
EMB_multiscale_C14	tjupan_bacillus_subtilis_main_7358cf40e4efa482	tjupan_bacillus_subtilis_main_7358cf40e4efa482	discovery	44	60	45	60	-8.5	+	CGCTTTAAAATGCTTG	3.502896308898926
EMB_multiscale_C14	tjupan_bacillus_subtilis_main_f5fed123a3ffd242	dbtbs_bsub_core_f5fed123a3ffd242	discovery	25	41	26	41	-27.5	+	GTTTATATGAAGAACG	3.504378080368042
EMB_multiscale_C14	tjupan_bacillus_subtilis_main_09dd4c8ba7bc09c6	dbtbs_bsub_core_09dd4c8ba7bc09c6	discovery	42	58	43	58	-10.5	+	TGTGTAAATATAGGTG	3.5159339904785156
EMB_multiscale_C14	tjupan_bacillus_subtilis_main_2e59e247c2d07b0b	tjupan_bacillus_subtilis_main_2e59e247c2d07b0b	discovery	49	65	50	65	-3.5	+	GTATATGTAACAAGGG	3.5194714069366455
EMB_multiscale_C14	tjupan_bacillus_subtilis_main_eb11019c71a3a745	tjupan_bacillus_subtilis_main_eb11019c71a3a745	discovery	1	17	2	17	-51.5	+	TCTATAATAAAGTCTA	3.519629716873169
EMB_multiscale_C14	tjupan_bacillus_subtilis_main_1c375491ec2245f4	tjupan_bacillus_subtilis_main_1c375491ec2245f4	discovery	49	65	50	65	-3.5	+	ATACTAAAGGTATGCA	3.5242481231689453
EMB_multiscale_C14	tjupan_bacillus_subtilis_main_980ab95cde029f78	tjupan_bacillus_subtilis_main_980ab95cde029f78	discovery	60	76	61	76	7.5	+	ATTCATATTAAACGAC	3.539565324783325
EMB_multiscale_C14	tjupan_bacillus_subtilis_main_76909c0ebd8db916	dbtbs_bsub_core_d5153844984277ea	discovery	11	27	12	27	-41.5	+	ACGCTTTAAAATGCTT	3.5618700981140137
EMB_multiscale_C14	tjupan_bacillus_subtilis_main_549e9d5c7cb67860	dbtbs_bsub_core_1a44bafede819df1	discovery	16	32	17	32	-36.5	+	ATCGGCTAAAATATAA	3.5733816623687744
EMB_multiscale_C14	tjupan_bacillus_subtilis_main_0b104549c8fd9755	dbtbs_bsub_core_0b104549c8fd9755	discovery	26	42	27	42	-26.5	+	AAAAAAATGATATACT	3.5762577056884766
EMB_multiscale_C14	tjupan_bacillus_subtilis_main_ed12f07c80365cbc	dbtbs_bsub_core_09dd4c8ba7bc09c6	discovery	40	56	41	56	-12.5	+	CACAAGGATAAAATAA	3.5802834033966064
EMB_multiscale_C14	tjupan_bacillus_subtilis_main_dcef15bdfb353954	dbtbs_bsub_core_dcef15bdfb353954	discovery	49	65	50	65	-3.5	+	ACAATATAAATGTGAA	3.5821096897125244
EMB_multiscale_C14	tjupan_bacillus_subtilis_main_43596a46e3e4ddaa	tjupan_bacillus_subtilis_main_43596a46e3e4ddaa	discovery	13	29	14	29	-39.5	+	AACCCTAATGCATAAT	3.5828142166137695
EMB_multiscale_C14	tjupan_bacillus_subtilis_main_e1fd6875b30f4c73	dbtbs_bsub_core_e1fd6875b30f4c73	discovery	32	48	33	48	-20.5	+	TATGTTAAAACTAGTT	3.582916259765625
EMB_multiscale_C14	tjupan_bacillus_subtilis_main_d9da0a0033167763	dbtbs_bsub_core_d9da0a0033167763	discovery	27	43	28	43	-25.5	+	TCAACAAATAAATGTG	3.585888385772705
EMB_multiscale_C14	tjupan_bacillus_subtilis_main_796368712c0cdecb	tjupan_bacillus_subtilis_main_796368712c0cdecb	discovery	38	54	39	54	-14.5	+	AAAACATAAACGATAT	3.5887694358825684
EMB_multiscale_C14	tjupan_bacillus_subtilis_main_5e3ef261f40425ef	tjupan_bacillus_subtilis_main_5e3ef261f40425ef	discovery	1	17	2	17	-51.5	+	AACATAAATGTAATAA	3.591647148132324
EMB_multiscale_C14	tjupan_bacillus_subtilis_main_e4dda028e03de313	dbtbs_bsub_core_e4dda028e03de313	discovery	65	81	66	81	12.5	+	TAATTGAAGTAATACA	3.5973474979400635
EMB_multiscale_C14	tjupan_bacillus_subtilis_main_73f2f27ec267a871	dbtbs_bsub_core_77a7b73eeb200478	discovery	48	64	49	64	-4.5	+	AATATTGTAAAATGCC	3.6105387210845947
EMB_multiscale_C14	tjupan_bacillus_subtilis_main_6514a11d381455ae	tjupan_bacillus_subtilis_main_6514a11d381455ae	discovery	22	38	23	38	-30.5	+	ATACCGTAAATCCTTT	3.615020513534546
EMB_multiscale_C14	tjupan_bacillus_subtilis_main_a43c85166b962f37	dbtbs_bsub_core_47d2cdeb8a491885	discovery	50	66	51	66	-2.5	+	TTATATAACCAGAAGT	3.6166481971740723
EMB_multiscale_C14	tjupan_bacillus_subtilis_main_2db0b8f33ca38a29	tjupan_bacillus_subtilis_main_2db0b8f33ca38a29	discovery	38	54	39	54	-14.5	+	AAATGAAAACTATGAT	3.6201820373535156
EMB_multiscale_C14	tjupan_bacillus_subtilis_main_4d08fa1f606ad269	tjupan_bacillus_subtilis_main_4d08fa1f606ad269	discovery	50	66	51	66	-2.5	+	AATGAAATATTTAATA	3.6341400146484375
EMB_multiscale_C14	tjupan_bacillus_subtilis_main_8265264627414ceb	tjupan_bacillus_subtilis_main_8265264627414ceb	discovery	44	60	45	60	-8.5	+	TTGCATAATAAAAGGC	3.645493984222412
EMB_multiscale_C14	tjupan_bacillus_subtilis_main_712069959cf7e3b2	dbtbs_bsub_core_be0e53c334974f0a	discovery	47	63	48	63	-5.5	+	CGTATAATAAAGCGTA	3.647153615951538
EMB_multiscale_C14	tjupan_bacillus_subtilis_main_1dc2eb4818f9715a	dbtbs_bsub_core_1dc2eb4818f9715a	discovery	58	74	59	74	5.5	+	AAGTACCAATTATAAC	3.6532561779022217
EMB_multiscale_C14	tjupan_bacillus_subtilis_main_216653931b9dfc0d	tjupan_bacillus_subtilis_main_216653931b9dfc0d	discovery	49	65	50	65	-3.5	+	TATAATTAAGTCAACA	3.6581532955169678
EMB_multiscale_C14	tjupan_bacillus_subtilis_main_c0aec64934968747	tjupan_bacillus_subtilis_main_c0aec64934968747	discovery	6	22	7	22	-46.5	+	CATAAAAACGAATCTA	3.6605677604675293
EMB_multiscale_C14	tjupan_bacillus_subtilis_main_ecef2875a7a372ba	dbtbs_bsub_core_ecef2875a7a372ba	discovery	40	56	41	56	-12.5	+	GATTTGATAAAATGAA	3.6669530868530273
EMB_multiscale_C14	tjupan_bacillus_subtilis_main_be897b68bd393df0	dbtbs_bsub_core_be897b68bd393df0	discovery	52	68	53	68	-0.5	+	TGATCAGTAATAAGGG	3.6669905185699463
EMB_multiscale_C14	tjupan_bacillus_subtilis_main_583caee20795a363	dbtbs_bsub_core_eb847cafc60502c2	discovery	48	64	49	64	-4.5	+	TATAATAAATACATCA	3.6769938468933105
EMB_multiscale_C14	tjupan_bacillus_subtilis_main_0261e5d9e5354132	tjupan_bacillus_subtilis_main_0261e5d9e5354132	discovery	22	38	23	38	-30.5	+	AAAAAAATATGAAGTG	3.682582378387451
EMB_multiscale_C14	tjupan_bacillus_subtilis_main_2a3c695bd1a0b4c9	tjupan_bacillus_subtilis_main_2a3c695bd1a0b4c9	discovery	2	18	3	18	-50.5	+	CACATATAAAAAGCTG	3.6928720474243164
EMB_multiscale_C14	tjupan_bacillus_subtilis_main_d9679a25a18d6da1	tjupan_bacillus_subtilis_main_c9bc5ed233eba13a	discovery	48	64	49	64	-4.5	+	GTTGTATGAAATTAAG	3.693124294281006
EMB_multiscale_C14	tjupan_bacillus_subtilis_main_8f7d87652de79d90	dbtbs_bsub_core_8f7d87652de79d90	discovery	65	81	66	81	12.5	+	CTTATTGATAACAAAA	3.6939613819122314
EMB_multiscale_C14	tjupan_bacillus_subtilis_main_412fe696982b64f9	dbtbs_bsub_core_412fe696982b64f9	discovery	20	36	21	36	-32.5	+	TTCGGTGATAAAAACA	3.715747117996216
EMB_multiscale_C14	tjupan_bacillus_subtilis_main_7bd42a66d387ec94	dbtbs_bsub_core_5cf240f92a00f0e3	discovery	13	29	14	29	-39.5	+	AAAAATTAAAGTGTTA	3.7204184532165527
EMB_multiscale_C14	tjupan_bacillus_subtilis_main_a2cd64f7b02e9630	tjupan_bacillus_subtilis_main_a2cd64f7b02e9630	discovery	50	66	51	66	-2.5	+	ATAATGTTAAATGTCA	3.7231955528259277
EMB_multiscale_C14	tjupan_bacillus_subtilis_main_9daaa0d103ffad86	dbtbs_bsub_core_9daaa0d103ffad86	discovery	0	16	1	16	-52.5	+	AATAAATTAATGTTCG	3.725416660308838
EMB_multiscale_C14	tjupan_bacillus_subtilis_main_d04a67d8cb9ad084	dbtbs_bsub_core_d04a67d8cb9ad084	discovery	16	32	17	32	-36.5	+	TATAAAAATGCACACT	3.730438232421875
EMB_multiscale_C14	tjupan_bacillus_subtilis_main_dbd8ff77ae99e6b2	dbtbs_bsub_core_dbd8ff77ae99e6b2	discovery	45	61	46	61	-7.5	+	GGTATAAATGGAATTG	3.735219717025757
EMB_multiscale_C14	tjupan_bacillus_subtilis_main_90a64d4511c49526	dbtbs_bsub_core_90a64d4511c49526	discovery	47	63	48	63	-5.5	+	TATATTAAATTGCGAT	3.7409355640411377
EMB_multiscale_C14	tjupan_bacillus_subtilis_main_50224837ca8eceb5	dbtbs_bsub_core_50224837ca8eceb5	discovery	23	39	24	39	-29.5	+	AAGAATTAAATCTTGA	3.755082607269287
EMB_multiscale_C14	tjupan_bacillus_subtilis_main_163772f02671a528	tjupan_bacillus_subtilis_main_163772f02671a528	discovery	25	41	26	41	-27.5	+	TAAAAAATAGCTGGTT	3.7576749324798584
EMB_multiscale_C14	tjupan_bacillus_subtilis_main_60ee42342c88d235	tjupan_bacillus_subtilis_main_60ee42342c88d235	discovery	63	79	64	79	10.5	+	ATTAATGGAACGTAAA	3.764246702194214
EMB_multiscale_C14	tjupan_bacillus_subtilis_main_f246415af5cfc524	dbtbs_bsub_core_f246415af5cfc524	discovery	23	39	24	39	-29.5	+	TTTTAAATCTATAAAT	3.769122838973999
EMB_multiscale_C14	tjupan_bacillus_subtilis_main_adff0049bb8c9b3f	tjupan_bacillus_subtilis_main_adff0049bb8c9b3f	discovery	31	47	32	47	-21.5	+	ATAAAAAATCATACTG	3.804370164871216
EMB_multiscale_C14	tjupan_bacillus_subtilis_main_a723fdca1013c0b5	dbtbs_bsub_core_a723fdca1013c0b5	discovery	58	74	59	74	5.5	+	GAGATAAAAATCGCAC	3.834496259689331
EMB_multiscale_C14	tjupan_bacillus_subtilis_main_a0eee3dddaf07ac3	tjupan_bacillus_subtilis_main_a0eee3dddaf07ac3	discovery	1	17	2	17	-51.5	+	CAGAAAAATACGGCCG	3.834672451019287
EMB_multiscale_C14	tjupan_bacillus_subtilis_main_4b32f81551985923	tjupan_bacillus_subtilis_main_4b32f81551985923	discovery	52	68	53	68	-0.5	+	GCTGAAATAAAATCTT	3.8380706310272217
EMB_multiscale_C14	tjupan_bacillus_subtilis_main_0710c2f2267154d3	dbtbs_bsub_core_0710c2f2267154d3	discovery	57	73	58	73	4.5	+	ATTGTAATAAAGTTTA	3.8547229766845703
EMB_multiscale_C14	tjupan_bacillus_subtilis_main_3eb701a469cb4095	tjupan_bacillus_subtilis_main_3eb701a469cb4095	discovery	48	64	49	64	-4.5	+	CATAATCTGGTTAAAA	3.855992555618286
EMB_multiscale_C14	tjupan_bacillus_subtilis_main_76885f00c763f220	dbtbs_bsub_core_07bcce23a89f64fb	discovery	42	58	43	58	-10.5	+	CATTTAGTAAAATGGA	3.874812602996826
EMB_multiscale_C14	tjupan_bacillus_subtilis_main_dccf4ca03cd1642b	dbtbs_bsub_core_dccf4ca03cd1642b	discovery	57	73	58	73	4.5	+	ATTGTATAAAATATAT	3.8907363414764404
EMB_multiscale_C14	tjupan_bacillus_subtilis_main_024ba149e95dcf1a	tjupan_bacillus_subtilis_main_024ba149e95dcf1a	discovery	53	69	54	69	0.5	+	ACGTAGTAACAAGCCG	3.8996691703796387
EMB_multiscale_C14	tjupan_bacillus_subtilis_main_a8b2c052c0cdfcff	tjupan_bacillus_subtilis_main_a8b2c052c0cdfcff	discovery	25	41	26	41	-27.5	+	CTTGAAAGTAAATTTC	3.9334652423858643
EMB_multiscale_C14	tjupan_bacillus_subtilis_main_ec009cfbae4f5210	dbtbs_bsub_core_ec009cfbae4f5210	discovery	8	24	9	24	-44.5	+	AGCGCTATAAAAAAGT	3.936727285385132
EMB_multiscale_C14	tjupan_bacillus_subtilis_main_52931b7eafd9a9b2	dbtbs_bsub_core_324baeb0b4deda5d	discovery	46	62	47	62	-6.5	+	TTTATAATAGGTAAGG	3.951775074005127
EMB_multiscale_C14	tjupan_bacillus_subtilis_main_bba2e45eb636482b	dbtbs_bsub_core_bba2e45eb636482b	discovery	30	46	31	46	-22.5	+	TAACACAATAAAAGAA	3.9554836750030518
EMB_multiscale_C14	tjupan_bacillus_subtilis_main_4e48cd3162b15e74	tjupan_bacillus_subtilis_main_4e48cd3162b15e74	discovery	22	38	23	38	-30.5	+	CGTGTATAAATTAAAA	3.9834911823272705
EMB_multiscale_C14	tjupan_bacillus_subtilis_main_c1bd3e378306e57e	tjupan_bacillus_subtilis_main_c1bd3e378306e57e	discovery	62	78	63	78	9.5	+	AACATCATAGAAAAAG	3.9964606761932373
EMB_multiscale_C14	tjupan_bacillus_subtilis_main_b7c0b4323e70fc71	dbtbs_bsub_core_b7c0b4323e70fc71	discovery	46	62	47	62	-6.5	+	CCCGTATTAAAAGTAA	4.010631561279297
EMB_multiscale_C14	tjupan_bacillus_subtilis_main_48f68d49bf53ea3b	dbtbs_bsub_core_a63e45c266a8243f	discovery	46	62	47	62	-6.5	+	GATATGATAAAAAGTG	4.03780460357666
EMB_multiscale_C14	tjupan_bacillus_subtilis_main_754ac4e873f6c24d	tjupan_bacillus_subtilis_main_754ac4e873f6c24d	discovery	5	21	6	21	-47.5	+	CCGCCTAAAATGAGGT	4.084097862243652
EMB_multiscale_C14	tjupan_bacillus_subtilis_main_05b3d931ff35d8e8	dbtbs_bsub_core_05b3d931ff35d8e8	discovery	54	70	55	70	1.5	+	TTCTATGGATAAAAGG	4.115387439727783
EMB_multiscale_C14	tjupan_bacillus_subtilis_main_5787c658c95c4762	tjupan_bacillus_subtilis_main_5787c658c95c4762	discovery	46	62	47	62	-6.5	+	TTCAAACTAAATACGC	4.1258134841918945
EMB_multiscale_C14	tjupan_bacillus_subtilis_main_cb8c6e383b33abd4	dbtbs_bsub_core_cb8c6e383b33abd4	discovery	38	54	39	54	-14.5	+	GAAAAAAGTCGTATAT	4.160614967346191
EMB_multiscale_C14	tjupan_bacillus_subtilis_main_ffefbc2ceaf331ea	dbtbs_bsub_core_ea5509009da1e1aa	discovery	43	59	44	59	-9.5	+	CGCTATAATGAAAGCG	4.174753189086914
EMB_multiscale_C14	tjupan_bacillus_subtilis_main_354da8035d16f701	dbtbs_bsub_core_1ee6e81d7c1d1fa1	discovery	64	80	65	80	11.5	+	GCCGCCAATAAAAAGC	4.181970596313477
EMB_multiscale_C14	tjupan_bacillus_subtilis_main_3ab27dce0b1876ca	dbtbs_bsub_core_d52b0eed3ebbab2d	discovery	60	76	61	76	7.5	+	GAAAAGTAAATCGCGC	4.190378665924072
EMB_multiscale_C14	tjupan_bacillus_subtilis_main_61c707ac72aeda97	tjupan_bacillus_subtilis_main_61c707ac72aeda97	discovery	23	39	24	39	-29.5	+	TTTTCATAAGTAAGGG	4.199256420135498
EMB_multiscale_C14	tjupan_bacillus_subtilis_main_619ca6b1749e92aa	tjupan_bacillus_subtilis_main_619ca6b1749e92aa	discovery	0	16	1	16	-52.5	+	AAAAATGTTAAACCTT	4.224936485290527
EMB_multiscale_C14	tjupan_bacillus_subtilis_main_8560b0f67ab5f5ab	dbtbs_bsub_core_f7a2628d99aff81a	discovery	64	80	65	80	11.5	+	TGACGATAAAATATAA	4.23388147354126
EMB_multiscale_C14	tjupan_bacillus_subtilis_main_5d881eac8b46d627	dbtbs_bsub_core_5d881eac8b46d627	discovery	10	26	11	26	-42.5	+	TAATTTAAAATCTCCT	4.266801834106445
EMB_multiscale_C14	tjupan_bacillus_subtilis_main_5e34c7286340c249	dbtbs_bsub_core_0fedc539a64a99b7	discovery	44	60	45	60	-8.5	+	TGCATACAAATAGGGA	4.267021179199219
EMB_multiscale_C14	tjupan_bacillus_subtilis_main_f5b082fd616807b3	dbtbs_bsub_core_4e960695d4b362e6	discovery	52	68	53	68	-0.5	+	TATTACGTAAAAACAA	4.2910637855529785
EMB_multiscale_C14	tjupan_bacillus_subtilis_main_bf15c71cd5f4b9e0	dbtbs_bsub_core_79aa8a5c0f3b9558	discovery	42	58	43	58	-10.5	+	AAAACCGATATTAACC	4.308454513549805
EMB_multiscale_C14	tjupan_bacillus_subtilis_main_7d976c34bed90c97	tjupan_bacillus_subtilis_main_7d976c34bed90c97	discovery	39	55	40	55	-13.5	+	AAGTAATGAAATATGA	4.321406364440918
EMB_multiscale_C14	tjupan_bacillus_subtilis_main_9c67a769132d62d8	dbtbs_bsub_core_1373e064636d6c9b	discovery	9	25	10	25	-43.5	+	AAAATGCAAATATGGT	4.334652900695801
EMB_multiscale_C14	tjupan_bacillus_subtilis_main_264ccaf63cfb1cfe	tjupan_bacillus_subtilis_main_264ccaf63cfb1cfe	discovery	7	23	8	23	-45.5	+	GGATTTATAACGGAAA	4.391087532043457
EMB_multiscale_C14	tjupan_bacillus_subtilis_main_b59ef89e981b3745	tjupan_bacillus_subtilis_main_b59ef89e981b3745	discovery	46	62	47	62	-6.5	+	TTCGTATAAAGGTAGA	4.397336006164551
EMB_multiscale_C14	tjupan_bacillus_subtilis_main_671ae756f8df7bca	dbtbs_bsub_core_340ffe292c28e826	discovery	45	61	46	61	-7.5	+	CTGCAAAATAATGGCG	4.422459602355957
EMB_multiscale_C14	tjupan_bacillus_subtilis_main_917572a2414a52f7	tjupan_bacillus_subtilis_main_917572a2414a52f7	discovery	43	59	44	59	-9.5	+	ACTATGCTAAAATAGA	4.442784309387207
EMB_multiscale_C14	tjupan_bacillus_subtilis_main_0438d7b75e1f910f	dbtbs_bsub_core_975fc641de00609f	discovery	26	42	27	42	-26.5	+	ACAAATAAAGTATAAT	4.474926948547363
EMB_multiscale_C14	tjupan_bacillus_subtilis_main_3eab38fdf3061b6a	tjupan_bacillus_subtilis_main_3eab38fdf3061b6a	discovery	47	63	48	63	-5.5	+	AGTAAGGTAATATAGT	4.587245941162109
EMB_multiscale_C14	tjupan_bacillus_subtilis_main_150dcd3daf63d162	dbtbs_bsub_core_150dcd3daf63d162	discovery	44	60	45	60	-8.5	+	TAAATAAAATGTGTTT	4.609048366546631
EMB_multiscale_C14	tjupan_bacillus_subtilis_main_ae3d0ab77a583f3f	tjupan_bacillus_subtilis_main_ae3d0ab77a583f3f	discovery	47	63	48	63	-5.5	+	GAAAAATAATCCTATT	4.617158889770508
EMB_multiscale_C14	tjupan_bacillus_subtilis_main_5cf51ca317588066	tjupan_bacillus_subtilis_main_5cf51ca317588066	discovery	5	21	6	21	-47.5	+	AAATAAATTGGCCCCG	4.882024765014648
EMB_multiscale_C14	tjupan_bacillus_subtilis_main_6901d7d50287d8c1	dbtbs_bsub_core_6901d7d50287d8c1	discovery	45	61	46	61	-7.5	+	ATGATACCCTAAAAAG	5.306950092315674
EMB_multiscale_C15	tjupan_bacillus_subtilis_main_74de924b5fe0230a	dbtbs_bsub_core_74de924b5fe0230a	discovery	5	21	6	21	-47.5	+	CTATTGTTTCTTTTTG	2.212787628173828
EMB_multiscale_C15	tjupan_bacillus_subtilis_main_6e989f822c0894af	dbtbs_bsub_core_bb5ca17cb9317fea	discovery	17	33	18	33	-35.5	+	ACCTTCTTTTGTATTT	2.4188411235809326
EMB_multiscale_C15	tjupan_bacillus_subtilis_main_80add31ceb4a1382	tjupan_bacillus_subtilis_main_80add31ceb4a1382	discovery	10	26	11	26	-42.5	+	TACCTTCTTTTGACAA	2.447608709335327
EMB_multiscale_C15	tjupan_bacillus_subtilis_main_db51f0e14ca9b6e9	tjupan_bacillus_subtilis_main_db51f0e14ca9b6e9	discovery	28	44	29	44	-24.5	+	AAACCTTTTTCTATGC	2.652975559234619
EMB_multiscale_C15	tjupan_bacillus_subtilis_main_eebec5ad9a06df67	dbtbs_bsub_core_5cddd19c752675c8	discovery	23	39	24	39	-29.5	+	AGTTGTTTTTTCTGAA	2.706183671951294
EMB_multiscale_C15	tjupan_bacillus_subtilis_main_8fa35d24a76b6d72	tjupan_bacillus_subtilis_main_8fa35d24a76b6d72	discovery	13	29	14	29	-39.5	+	TCTTTTGCTTTTCATA	2.71979022026062
EMB_multiscale_C15	tjupan_bacillus_subtilis_main_f5b082fd616807b3	dbtbs_bsub_core_4e960695d4b362e6	discovery	15	31	16	31	-37.5	+	AGTTTTTTCTTTATGA	2.7262234687805176
EMB_multiscale_C15	tjupan_bacillus_subtilis_main_5f8b6936b2e52932	tjupan_bacillus_subtilis_main_5f8b6936b2e52932	discovery	59	75	60	75	6.5	+	TGTTGTCTTTTTAAAG	2.728346109390259
EMB_multiscale_C15	tjupan_bacillus_subtilis_main_e8dca4769e2e29bc	dbtbs_bsub_core_b8b8ac7ece3bed55	discovery	19	35	20	35	-33.5	+	CAATGTTTTCTTACAA	2.7356929779052734
EMB_multiscale_C15	tjupan_bacillus_subtilis_main_3ab41c1b83ba019b	dbtbs_bsub_core_c956a5fd581ed80a	discovery	31	47	32	47	-21.5	+	GATTCTGTTTTTATGC	2.7598845958709717
EMB_multiscale_C15	tjupan_bacillus_subtilis_main_84e6c8375d18dc47	tjupan_bacillus_subtilis_main_84e6c8375d18dc47	discovery	9	25	10	25	-43.5	+	TGAGTTTTCTTGATTT	2.7825114727020264
EMB_multiscale_C15	tjupan_bacillus_subtilis_main_7cd769ed0580d73e	tjupan_bacillus_subtilis_main_7cd769ed0580d73e	discovery	33	49	34	49	-19.5	+	GGTATTTCCTTTTGAT	2.7972500324249268
EMB_multiscale_C15	tjupan_bacillus_subtilis_main_52931b7eafd9a9b2	dbtbs_bsub_core_324baeb0b4deda5d	discovery	13	29	14	29	-39.5	+	AAGCTTTGTTTCTTTT	2.8213841915130615
EMB_multiscale_C15	tjupan_bacillus_subtilis_main_02077247d0a8a665	dbtbs_bsub_core_e82d4ff28ccc2c95	discovery	33	49	34	49	-19.5	+	TCTCGTTTATTTTGGT	2.8247361183166504
EMB_multiscale_C15	tjupan_bacillus_subtilis_main_2c9e8a462277f7da	dbtbs_bsub_core_f7573fed016c047b	discovery	24	40	25	40	-28.5	+	TACTTTTTCGTTTGCA	2.833813190460205
EMB_multiscale_C15	tjupan_bacillus_subtilis_main_56fbf5e1ebfb46d1	dbtbs_bsub_core_56fbf5e1ebfb46d1	discovery	50	66	51	66	-2.5	+	TACTATTTTTCGTGAA	2.8460028171539307
EMB_multiscale_C15	tjupan_bacillus_subtilis_main_4cf64b5587e1d04e	dbtbs_bsub_core_4cf64b5587e1d04e	discovery	30	46	31	46	-22.5	+	AACTTCTTTTGTTCAG	2.882993221282959
EMB_multiscale_C15	tjupan_bacillus_subtilis_main_e28ceade6e8616fa	dbtbs_bsub_core_9b12482ac6eea2d4	discovery	29	45	30	45	-23.5	+	TAGTTCTTTTATTTCC	2.90053653717041
EMB_multiscale_C15	tjupan_bacillus_subtilis_main_cb8c6e383b33abd4	dbtbs_bsub_core_cb8c6e383b33abd4	discovery	4	20	5	20	-48.5	+	TGGTATTTTTTTCAGC	2.9188506603240967
EMB_multiscale_C15	tjupan_bacillus_subtilis_main_1cd26aa95d9363dc	dbtbs_bsub_core_1cd26aa95d9363dc	discovery	21	37	22	37	-31.5	+	CGTATTCTTTTTTGCT	2.919142246246338
EMB_multiscale_C15	tjupan_bacillus_subtilis_main_96d42d8ccff315ec	tjupan_bacillus_subtilis_main_96d42d8ccff315ec	discovery	8	24	9	24	-44.5	+	CAGACTTTTCTTGTCA	2.928687572479248
EMB_multiscale_C15	tjupan_bacillus_subtilis_main_b59ef89e981b3745	tjupan_bacillus_subtilis_main_b59ef89e981b3745	discovery	15	31	16	31	-37.5	+	GTGTTCTTTTATGAAA	2.9662845134735107
EMB_multiscale_C15	tjupan_bacillus_subtilis_main_fb689c0625deec2e	dbtbs_bsub_core_bf9535fab79dbf8f	discovery	11	27	12	27	-41.5	+	GTTAGTTTTTTCTCGA	2.9673373699188232
EMB_multiscale_C15	tjupan_bacillus_subtilis_main_e2f816d3420810f5	dbtbs_bsub_core_8f473f826c608a81	discovery	31	47	32	47	-21.5	+	AATCCTTTTGTTTTTG	2.978708028793335
EMB_multiscale_C15	tjupan_bacillus_subtilis_main_487ce40a67c6d939	tjupan_bacillus_subtilis_main_487ce40a67c6d939	discovery	27	43	28	43	-25.5	+	GTTTATGTTTTTCCAT	2.980069398880005
EMB_multiscale_C15	tjupan_bacillus_subtilis_main_73a7b40a4dc814aa	dbtbs_bsub_core_bdba293c4926b88d	discovery	21	37	22	37	-31.5	+	TGTTTCCTATTTTTAA	2.983781099319458
EMB_multiscale_C15	tjupan_bacillus_subtilis_main_fff8e3a328b3cab3	dbtbs_bsub_core_7231d94d9d77331f	discovery	25	41	26	41	-27.5	+	TGACGCTTTTTTGCCC	2.985177516937256
EMB_multiscale_C15	tjupan_bacillus_subtilis_main_a723fdca1013c0b5	dbtbs_bsub_core_a723fdca1013c0b5	discovery	10	26	11	26	-42.5	+	CGCTGTTCTTTTTCAG	3.0060791969299316
EMB_multiscale_C15	tjupan_bacillus_subtilis_main_f1fe1806a852fcba	dbtbs_bsub_core_f1fe1806a852fcba	discovery	9	25	10	25	-43.5	+	AATGCTTTTTTATGCT	3.0080361366271973
EMB_multiscale_C15	tjupan_bacillus_subtilis_main_101463e41079a20e	dbtbs_bsub_core_101463e41079a20e	discovery	36	52	37	52	-16.5	+	CCTGTTATTTCTTACA	3.0081868171691895
EMB_multiscale_C15	tjupan_bacillus_subtilis_main_2931d3a1a20c25de	dbtbs_bsub_core_60150ba1e82823d4	discovery	14	30	15	30	-38.5	+	GAAGATTTTTTGTAAC	3.0084331035614014
EMB_multiscale_C15	tjupan_bacillus_subtilis_main_1dc2eb4818f9715a	dbtbs_bsub_core_1dc2eb4818f9715a	discovery	15	31	16	31	-37.5	+	TCGGTATTTTCTTATC	3.021389961242676
EMB_multiscale_C15	tjupan_bacillus_subtilis_main_1b0cfe46f303d3fa	dbtbs_bsub_core_56695775e253190c	discovery	17	33	18	33	-35.5	+	CACTTTCTTGTTTAAA	3.0394461154937744
EMB_multiscale_C15	tjupan_bacillus_subtilis_main_1259688a411f3c07	tjupan_bacillus_subtilis_main_1259688a411f3c07	discovery	61	77	62	77	8.5	+	AAGATTCCTTTTTTAG	3.056943655014038
EMB_multiscale_C15	tjupan_bacillus_subtilis_main_71a2a4c64c087430	tjupan_bacillus_subtilis_main_71a2a4c64c087430	discovery	10	26	11	26	-42.5	+	GGGCTTTTTGTTTTGC	3.070420980453491
EMB_multiscale_C15	tjupan_bacillus_subtilis_main_a2cd64f7b02e9630	tjupan_bacillus_subtilis_main_a2cd64f7b02e9630	discovery	23	39	24	39	-29.5	+	CACTTGATTTTCTCAA	3.072943687438965
EMB_multiscale_C15	tjupan_bacillus_subtilis_main_4e48cd3162b15e74	tjupan_bacillus_subtilis_main_4e48cd3162b15e74	discovery	64	80	65	80	11.5	+	AAGCTTGTTTTCATTA	3.074753999710083
EMB_multiscale_C15	tjupan_bacillus_subtilis_main_57cb99253c19d2b6	tjupan_bacillus_subtilis_main_57cb99253c19d2b6	discovery	36	52	37	52	-16.5	+	CCGTGTTTTTTCATAT	3.0845038890838623
EMB_multiscale_C15	tjupan_bacillus_subtilis_main_48f68d49bf53ea3b	dbtbs_bsub_core_a63e45c266a8243f	discovery	30	46	31	46	-22.5	+	AGATCACTTTTTTTCG	3.0987708568573
EMB_multiscale_C15	tjupan_bacillus_subtilis_main_0b104549c8fd9755	dbtbs_bsub_core_0b104549c8fd9755	discovery	9	25	10	25	-43.5	+	GGTTATCTTTTCCTGT	3.1077587604522705
EMB_multiscale_C15	tjupan_bacillus_subtilis_main_ed12f07c80365cbc	dbtbs_bsub_core_09dd4c8ba7bc09c6	discovery	59	75	60	75	6.5	+	CAAGAGTTTTTTATGG	3.120100498199463
EMB_multiscale_C15	tjupan_bacillus_subtilis_main_3adf706b5413c6ce	tjupan_bacillus_subtilis_main_3adf706b5413c6ce	discovery	33	49	34	49	-19.5	+	TATTCCTTTTTGCTGT	3.123152256011963
EMB_multiscale_C15	tjupan_bacillus_subtilis_main_a1ad6ce2d20c389b	dbtbs_bsub_core_539bc60476254ff5	discovery	22	38	23	38	-30.5	+	TCTCTTGATTTTCAAC	3.1256542205810547
EMB_multiscale_C15	tjupan_bacillus_subtilis_main_0b7b75ba67f19880	dbtbs_bsub_core_0b7b75ba67f19880	discovery	59	75	60	75	6.5	+	GGTCATTGTTTTTGAG	3.129570722579956
EMB_multiscale_C15	tjupan_bacillus_subtilis_main_a9fde0fdd238b261	dbtbs_bsub_core_06588c97cd7288a8	discovery	37	53	38	53	-15.5	+	TCTCCTTTTTTGATAC	3.1377546787261963
EMB_multiscale_C15	tjupan_bacillus_subtilis_main_d24ab9ea2522f43e	dbtbs_bsub_core_e391b9fe5a0b653f	discovery	12	28	13	28	-40.5	+	TTATTGAGTTTTTAGC	3.147602081298828
EMB_multiscale_C15	tjupan_bacillus_subtilis_main_b24feeda89db5dfd	dbtbs_bsub_core_b24feeda89db5dfd	discovery	59	75	60	75	6.5	+	CAGGTCATTTTTTAGG	3.1613352298736572
EMB_multiscale_C15	tjupan_bacillus_subtilis_main_66bdec0f6e49230b	dbtbs_bsub_core_66bdec0f6e49230b	discovery	5	21	6	21	-47.5	+	TTTTTTTGGTTAATCT	3.170308828353882
EMB_multiscale_C15	tjupan_bacillus_subtilis_main_359df7c8e20abe4e	tjupan_bacillus_subtilis_main_359df7c8e20abe4e	discovery	8	24	9	24	-44.5	+	ATGTTCTTTTTTGACT	3.2009963989257812
EMB_multiscale_C15	tjupan_bacillus_subtilis_main_7bd42a66d387ec94	dbtbs_bsub_core_5cf240f92a00f0e3	discovery	65	81	66	81	12.5	+	GGGTTCTTTTTGTATG	3.2010676860809326
EMB_multiscale_C15	tjupan_bacillus_subtilis_main_e1d5408a78fdd1c5	dbtbs_bsub_core_f8ce2fa963a01405	discovery	20	36	21	36	-32.5	+	ATTCTCGTTTTTTTTG	3.204352378845215
EMB_multiscale_C15	tjupan_bacillus_subtilis_main_9d34f9d9e0ee0e26	dbtbs_bsub_core_9d34f9d9e0ee0e26	discovery	8	24	9	24	-44.5	+	TTATTTGTCTTAAAAT	3.2513835430145264
EMB_multiscale_C15	tjupan_bacillus_subtilis_main_5fc80954df40cf68	dbtbs_bsub_core_44be1bddac760e1c	discovery	7	23	8	23	-45.5	+	TGTCTGTTTTTTTATG	3.2700507640838623
EMB_multiscale_C15	tjupan_bacillus_subtilis_main_e4e4a1be67374f28	dbtbs_bsub_core_e4e4a1be67374f28	discovery	15	31	16	31	-37.5	+	AAATTTTTCCTGTAAC	3.27248477935791
EMB_multiscale_C15	tjupan_bacillus_subtilis_main_a9ae08a54b460299	dbtbs_bsub_core_4c306bb2d4b261c8	discovery	3	19	4	19	-49.5	+	AATCGCTTTTTAATCT	3.2783961296081543
EMB_multiscale_C15	tjupan_bacillus_subtilis_main_3c97e9436cb369c2	dbtbs_bsub_core_6dc10c0d490555ae	discovery	9	25	10	25	-43.5	+	AGCTGTTTTCTTTTCA	3.2800467014312744
EMB_multiscale_C15	tjupan_bacillus_subtilis_main_de399adaaafe5be7	dbtbs_bsub_core_f1028676a1f89b0e	discovery	51	67	52	67	-1.5	+	CATTTTTTTCTTAGGA	3.281496047973633
EMB_multiscale_C15	tjupan_bacillus_subtilis_main_0d7b08433a8f6233	tjupan_bacillus_subtilis_main_0d7b08433a8f6233	discovery	6	22	7	22	-46.5	+	CTGCTTTGTTCTTGAC	3.293303966522217
EMB_multiscale_C15	tjupan_bacillus_subtilis_main_f9edd67964b41200	dbtbs_bsub_core_f9edd67964b41200	discovery	4	20	5	20	-48.5	+	AGGACTTTTTTGCATA	3.3078792095184326
EMB_multiscale_C15	tjupan_bacillus_subtilis_main_c758d11e26aac641	tjupan_bacillus_subtilis_main_c758d11e26aac641	discovery	65	81	66	81	12.5	+	GCTCAAGTTTTTCAGA	3.317680835723877
EMB_multiscale_C15	tjupan_bacillus_subtilis_main_df2876c84282b3af	dbtbs_bsub_core_d831e470618beda7	discovery	27	43	28	43	-25.5	+	GACATTTTTCTTGTGG	3.3348515033721924
EMB_multiscale_C15	tjupan_bacillus_subtilis_main_8560b0f67ab5f5ab	dbtbs_bsub_core_f7a2628d99aff81a	discovery	26	42	27	42	-26.5	+	CATTGTTTCTTAATTT	3.363161563873291
EMB_multiscale_C15	tjupan_bacillus_subtilis_main_bc41d7d0760497f9	dbtbs_bsub_core_bc41d7d0760497f9	discovery	17	33	18	33	-35.5	+	CAATTGTTTTTCTAAC	3.365572929382324
EMB_multiscale_C15	tjupan_bacillus_subtilis_main_79d6d17268b5d0ce	dbtbs_bsub_core_94e9d8c40cf791b3	discovery	27	43	28	43	-25.5	+	GAAACTTTTTGATATC	3.3661396503448486
EMB_multiscale_C15	tjupan_bacillus_subtilis_main_09dd4c8ba7bc09c6	dbtbs_bsub_core_09dd4c8ba7bc09c6	discovery	28	44	29	44	-24.5	+	GTTTATTTTATCCTTG	3.373957395553589
EMB_multiscale_C15	tjupan_bacillus_subtilis_main_85511e0264f2e3b8	dbtbs_bsub_core_35445cef3104bf74	discovery	3	19	4	19	-49.5	+	TGTTTTTCTTATTTGC	3.3798024654388428
EMB_multiscale_C15	tjupan_bacillus_subtilis_main_ffb5b3082f8ea0cd	tjupan_bacillus_subtilis_main_ffb5b3082f8ea0cd	discovery	63	79	64	79	10.5	+	AGCGTTTTCTTTGAAG	3.4044344425201416
EMB_multiscale_C15	tjupan_bacillus_subtilis_main_d1b10b64ac040b8c	dbtbs_bsub_core_3a6c62def340fb72	discovery	13	29	14	29	-39.5	+	CCAGCTTTTTGTTTGA	3.4055898189544678
EMB_multiscale_C15	tjupan_bacillus_subtilis_main_b7c0b4323e70fc71	dbtbs_bsub_core_b7c0b4323e70fc71	discovery	25	41	26	41	-27.5	+	ATGAAACCTTTTTTAT	3.4056754112243652
EMB_multiscale_C15	tjupan_bacillus_subtilis_main_f246415af5cfc524	dbtbs_bsub_core_f246415af5cfc524	discovery	16	32	17	32	-36.5	+	TCGGTGTTTTTAAATC	3.408639430999756
EMB_multiscale_C15	tjupan_bacillus_subtilis_main_4f4c3d5d96d18695	tjupan_bacillus_subtilis_main_4f4c3d5d96d18695	discovery	18	34	19	34	-34.5	+	GCTTTTTTCTTGGCAA	3.4094152450561523
EMB_multiscale_C15	tjupan_bacillus_subtilis_main_106e69f8e7e10bd4	tjupan_bacillus_subtilis_main_106e69f8e7e10bd4	discovery	0	16	1	16	-52.5	+	TTTTCTGTTTTGCCGG	3.412527084350586
EMB_multiscale_C15	tjupan_bacillus_subtilis_main_51e2f43063a3baab	tjupan_bacillus_subtilis_main_51e2f43063a3baab	discovery	37	53	38	53	-15.5	+	ACAGTTTTTGTTTATG	3.4242265224456787
EMB_multiscale_C15	tjupan_bacillus_subtilis_main_2c918744f6daf466	dbtbs_bsub_core_20f77243a5b2c4ab	discovery	2	18	3	18	-50.5	+	GCTCCGTTTTGCTGAA	3.433608293533325
EMB_multiscale_C15	tjupan_bacillus_subtilis_main_2313c7dbb458e370	dbtbs_bsub_core_98d6bef120e2925b	discovery	15	31	16	31	-37.5	+	GTTTTTTTCTGTTACT	3.46370005607605
EMB_multiscale_C15	tjupan_bacillus_subtilis_main_9daaa0d103ffad86	dbtbs_bsub_core_9daaa0d103ffad86	discovery	26	42	27	42	-26.5	+	TGACTTTCTGTTTCTT	3.4666337966918945
EMB_multiscale_C15	tjupan_bacillus_subtilis_main_e4dda028e03de313	dbtbs_bsub_core_e4dda028e03de313	discovery	0	16	1	16	-52.5	+	GGTCCGTTTTTTTGTA	3.4707882404327393
EMB_multiscale_C15	tjupan_bacillus_subtilis_main_0d390d7bf47f6ae0	tjupan_bacillus_subtilis_main_0d390d7bf47f6ae0	discovery	32	48	33	48	-20.5	+	GCTTGCTTTTTTCATA	3.477194309234619
EMB_multiscale_C15	tjupan_bacillus_subtilis_main_32aff5c8192321bb	dbtbs_bsub_core_76636d30cbe1eec3	discovery	10	26	11	26	-42.5	+	AGTTTTTGATTTCTGG	3.484227418899536
EMB_multiscale_C15	tjupan_bacillus_subtilis_main_e445a9d379a1812a	dbtbs_bsub_core_e445a9d379a1812a	discovery	10	26	11	26	-42.5	+	TCATACTTTTTGAATG	3.4907655715942383
EMB_multiscale_C15	tjupan_bacillus_subtilis_main_61c707ac72aeda97	tjupan_bacillus_subtilis_main_61c707ac72aeda97	discovery	13	29	14	29	-39.5	+	TGTCTGGTTTTTTTCA	3.490900993347168
EMB_multiscale_C15	tjupan_bacillus_subtilis_main_7bc9aa9d4ad371af	dbtbs_bsub_core_7bc9aa9d4ad371af	discovery	2	18	3	18	-50.5	+	AATGTTTTTCTTCATA	3.4918770790100098
EMB_multiscale_C15	tjupan_bacillus_subtilis_main_70da326395794983	tjupan_bacillus_subtilis_main_70da326395794983	discovery	1	17	2	17	-51.5	+	AGGCCGTTTTTACCAA	3.493837594985962
EMB_multiscale_C15	tjupan_bacillus_subtilis_main_e326833d29b8752f	dbtbs_bsub_core_e326833d29b8752f	discovery	0	16	1	16	-52.5	+	TCGGTTTTTTGCTGTC	3.4960618019104004
EMB_multiscale_C15	tjupan_bacillus_subtilis_main_54fd4c2966482e2c	dbtbs_bsub_core_ba3becfc7c3e4e17	discovery	25	41	26	41	-27.5	+	GAATATTTCTTTGAGC	3.4984123706817627
EMB_multiscale_C15	tjupan_bacillus_subtilis_main_adbf75412ef7d5a0	dbtbs_bsub_core_adbf75412ef7d5a0	discovery	23	39	24	39	-29.5	+	CGGAATTTCTTTTCAT	3.5090739727020264
EMB_multiscale_C15	tjupan_bacillus_subtilis_main_3eb701a469cb4095	tjupan_bacillus_subtilis_main_3eb701a469cb4095	discovery	9	25	10	25	-43.5	+	CAATTTTGCTTCAATT	3.5116055011749268
EMB_multiscale_C15	tjupan_bacillus_subtilis_main_c3fafc97a347852e	tjupan_bacillus_subtilis_main_c3fafc97a347852e	discovery	0	16	1	16	-52.5	+	TGTCTTTGTTTATTAA	3.524580240249634
EMB_multiscale_C15	tjupan_bacillus_subtilis_main_8f5a33e062052e2d	tjupan_bacillus_subtilis_main_8f5a33e062052e2d	discovery	19	35	20	35	-33.5	+	CCGCTTTTCTTTAGAC	3.535663366317749
EMB_multiscale_C15	tjupan_bacillus_subtilis_main_a61c0978ae294759	tjupan_bacillus_subtilis_main_a61c0978ae294759	discovery	34	50	35	50	-18.5	+	AACGATCTTTTTTTCT	3.5372889041900635
EMB_multiscale_C15	tjupan_bacillus_subtilis_main_202644f8a02efab9	dbtbs_bsub_core_f4d81ad6a0709a55	discovery	0	16	1	16	-52.5	+	CTGTCTTTTTCAGCTA	3.5481650829315186
EMB_multiscale_C15	tjupan_bacillus_subtilis_main_cf3def291394eeb9	tjupan_bacillus_subtilis_main_cf3def291394eeb9	discovery	62	78	63	78	9.5	+	GTTGTAACTTTTTATA	3.5483040809631348
EMB_multiscale_C15	tjupan_bacillus_subtilis_main_c229c4b94f6591ae	tjupan_bacillus_subtilis_main_c229c4b94f6591ae	discovery	14	30	15	30	-38.5	+	CTTTTTTTGATTAGTC	3.5728206634521484
EMB_multiscale_C15	tjupan_bacillus_subtilis_main_737474f253397bee	tjupan_bacillus_subtilis_main_737474f253397bee	discovery	31	47	32	47	-21.5	+	CCCCTGTATTTTTGGG	3.5774941444396973
EMB_multiscale_C15	tjupan_bacillus_subtilis_main_047e296b8721a352	dbtbs_bsub_core_d618c1525725d045	discovery	3	19	4	19	-49.5	+	CGGTTTTTTCGTGCTC	3.5949230194091797
EMB_multiscale_C15	tjupan_bacillus_subtilis_main_c2d54a415a7d048a	dbtbs_bsub_core_c2d54a415a7d048a	discovery	27	43	28	43	-25.5	+	GAAACATTTTTCAATA	3.606948137283325
EMB_multiscale_C15	tjupan_bacillus_subtilis_main_a43c85166b962f37	dbtbs_bsub_core_47d2cdeb8a491885	discovery	8	24	9	24	-44.5	+	CACTTTTTTTGCTCTT	3.6104812622070312
EMB_multiscale_C15	tjupan_bacillus_subtilis_main_f5fed123a3ffd242	dbtbs_bsub_core_f5fed123a3ffd242	discovery	62	78	63	78	9.5	+	AATGTTTCGTTTTAAA	3.63027024269104
EMB_multiscale_C15	tjupan_bacillus_subtilis_main_ef6dc517178d6adf	dbtbs_bsub_core_ef6dc517178d6adf	discovery	46	62	47	62	-6.5	+	TATACTTTTTCCTTAG	3.6411988735198975
EMB_multiscale_C15	tjupan_bacillus_subtilis_main_3eab38fdf3061b6a	tjupan_bacillus_subtilis_main_3eab38fdf3061b6a	discovery	28	44	29	44	-24.5	+	ACAGCTTTTCTTGGGA	3.661653995513916
EMB_multiscale_C15	tjupan_bacillus_subtilis_main_354da8035d16f701	dbtbs_bsub_core_1ee6e81d7c1d1fa1	discovery	11	27	12	27	-41.5	+	ATATCTTTTTGTTATT	3.663408041000366
EMB_multiscale_C15	tjupan_bacillus_subtilis_main_3ac22b11e92c0ec1	tjupan_bacillus_subtilis_main_3ac22b11e92c0ec1	discovery	3	19	4	19	-49.5	+	ACAAGTTTTTTCAGCA	3.692948341369629
EMB_multiscale_C15	tjupan_bacillus_subtilis_main_2b17d905bac0c3bc	dbtbs_bsub_core_2b17d905bac0c3bc	discovery	18	34	19	34	-34.5	+	ACGGCTGTTTTAAAAT	3.6953184604644775
EMB_multiscale_C15	tjupan_bacillus_subtilis_main_9c3cc423ec1465b1	dbtbs_bsub_core_9c3cc423ec1465b1	discovery	6	22	7	22	-46.5	+	TATGGTCTTTTCGAGC	3.7016611099243164
EMB_multiscale_C15	tjupan_bacillus_subtilis_main_fe2a626ec63a594e	dbtbs_bsub_core_abc060d81660f90c	discovery	65	81	66	81	12.5	+	GCGTGAGTTTTCTTAT	3.720994710922241
EMB_multiscale_C15	tjupan_bacillus_subtilis_main_412fe696982b64f9	dbtbs_bsub_core_412fe696982b64f9	discovery	12	28	13	28	-40.5	+	ACCCATTTTTCGGTGA	3.730898857116699
EMB_multiscale_C15	tjupan_bacillus_subtilis_main_6361ce51efe0f541	dbtbs_bsub_core_b928ebfb52e4cb48	discovery	0	16	1	16	-52.5	+	GTTTCCCTTATTTTTT	3.75679087638855
EMB_multiscale_C15	tjupan_bacillus_subtilis_main_e70fb70b66e1d829	tjupan_bacillus_subtilis_main_e70fb70b66e1d829	discovery	27	43	28	43	-25.5	+	CTTCTTTTTCTTGTAA	3.76405930519104
EMB_multiscale_C15	tjupan_bacillus_subtilis_main_ca7144caa797f7bc	dbtbs_bsub_core_ca7144caa797f7bc	discovery	22	38	23	38	-30.5	+	CGTTTCGTTTTATGAA	3.7658205032348633
EMB_multiscale_C15	tjupan_bacillus_subtilis_main_4b32f81551985923	tjupan_bacillus_subtilis_main_4b32f81551985923	discovery	4	20	5	20	-48.5	+	TTTTTTATTTGCGGAT	3.7943966388702393
EMB_multiscale_C15	tjupan_bacillus_subtilis_main_0ba2ad2fd14630a8	dbtbs_bsub_core_0ba2ad2fd14630a8	discovery	51	67	52	67	-1.5	+	TTCCCTTATTTTTTGA	3.8104398250579834
EMB_multiscale_C15	tjupan_bacillus_subtilis_main_a8b2c052c0cdfcff	tjupan_bacillus_subtilis_main_a8b2c052c0cdfcff	discovery	32	48	33	48	-20.5	+	GTAAATTTCTTTGTCT	3.842653751373291
EMB_multiscale_C15	tjupan_bacillus_subtilis_main_a26ee3e07cf1eedf	dbtbs_bsub_core_a26ee3e07cf1eedf	discovery	63	79	64	79	10.5	+	GTGTTTTTTTATGAAG	3.8559257984161377
EMB_multiscale_C15	tjupan_bacillus_subtilis_main_e0774d83207a7dd7	dbtbs_bsub_core_2b17d905bac0c3bc	discovery	20	36	21	36	-32.5	+	CGGCTGTTTTAAAATC	3.864151954650879
EMB_multiscale_C15	tjupan_bacillus_subtilis_main_fa23a6db7de139e8	tjupan_bacillus_subtilis_main_fa23a6db7de139e8	discovery	65	81	66	81	12.5	+	CGGGTTTCATTTTTTT	3.8789117336273193
EMB_multiscale_C15	tjupan_bacillus_subtilis_main_ac1a0a0a579397f6	tjupan_bacillus_subtilis_main_ac1a0a0a579397f6	discovery	14	30	15	30	-38.5	+	TCCTTTTTTAATCGGA	3.884192943572998
EMB_multiscale_C15	tjupan_bacillus_subtilis_main_82e1287a21b69715	dbtbs_bsub_core_82e1287a21b69715	discovery	7	23	8	23	-45.5	+	TCCTGGGTTTTTGGCT	3.9153735637664795
EMB_multiscale_C15	tjupan_bacillus_subtilis_main_56bd9deba3d3b9f9	dbtbs_bsub_core_5dd7cccc54d589c3	discovery	25	41	26	41	-27.5	+	TGATTACCTTTTCTTC	3.920470952987671
EMB_multiscale_C15	tjupan_bacillus_subtilis_main_264ccaf63cfb1cfe	tjupan_bacillus_subtilis_main_264ccaf63cfb1cfe	discovery	38	54	39	54	-14.5	+	CAAGTCTTTTTTATAA	3.9214608669281006
EMB_multiscale_C15	tjupan_bacillus_subtilis_main_db7eebd0b9425a4f	dbtbs_bsub_core_db7eebd0b9425a4f	discovery	19	35	20	35	-33.5	+	CTCCCTTTTTAAACGG	3.923604726791382
EMB_multiscale_C15	tjupan_bacillus_subtilis_main_4d08fa1f606ad269	tjupan_bacillus_subtilis_main_4d08fa1f606ad269	discovery	21	37	22	37	-31.5	+	CACTCGTTTTTTGTCA	3.93436336517334
EMB_multiscale_C15	tjupan_bacillus_subtilis_main_c7c68e6fe4d84a02	tjupan_bacillus_subtilis_main_c7c68e6fe4d84a02	discovery	20	36	21	36	-32.5	+	GGCGATTTTTAACGGA	3.935548782348633
EMB_multiscale_C15	tjupan_bacillus_subtilis_main_f6c5351a3e225d0c	dbtbs_bsub_core_f6c5351a3e225d0c	discovery	2	18	3	18	-50.5	+	GAAAACTTTTTGACGG	3.9498095512390137
EMB_multiscale_C15	tjupan_bacillus_subtilis_main_b5cc4aad42c9a683	dbtbs_bsub_core_b5cc4aad42c9a683	discovery	64	80	65	80	11.5	+	AATAGTCTTTTAAGTA	3.950582265853882
EMB_multiscale_C15	tjupan_bacillus_subtilis_main_632ff1f5d92b347a	tjupan_bacillus_subtilis_main_632ff1f5d92b347a	discovery	20	36	21	36	-32.5	+	TCCGCTTTTTCTTTAT	3.9783809185028076
EMB_multiscale_C15	tjupan_bacillus_subtilis_main_fbae385e087109ce	tjupan_bacillus_subtilis_main_fbae385e087109ce	discovery	62	78	63	78	9.5	+	CTGCTTACTTTTGACG	4.000610828399658
EMB_multiscale_C15	tjupan_bacillus_subtilis_main_93b5da0b5f842573	dbtbs_bsub_core_93b5da0b5f842573	discovery	13	29	14	29	-39.5	+	CCACCCTTTTAAGCAT	4.013157844543457
EMB_multiscale_C15	tjupan_bacillus_subtilis_main_0fe342e604184137	dbtbs_bsub_core_f039c4e5fee11aa3	discovery	8	24	9	24	-44.5	+	TTTGCACTTTTTTAAG	4.076169490814209
EMB_multiscale_C15	tjupan_bacillus_subtilis_main_619ca6b1749e92aa	tjupan_bacillus_subtilis_main_619ca6b1749e92aa	discovery	35	51	36	51	-17.5	+	GGCCATTTTTGGGTAC	4.076376914978027
EMB_multiscale_C15	tjupan_bacillus_subtilis_main_5150105a4bdfd4ce	tjupan_bacillus_subtilis_main_5150105a4bdfd4ce	discovery	14	30	15	30	-38.5	+	TTTTTTATTTCTTCTG	4.080360412597656
EMB_multiscale_C15	tjupan_bacillus_subtilis_main_e2b483c6aef274e0	dbtbs_bsub_core_175bcd2ea2263ee4	discovery	27	43	28	43	-25.5	+	GAAACTTTTTCAAAGT	4.09774923324585
EMB_multiscale_C15	tjupan_bacillus_subtilis_main_bdf5315a71015695	dbtbs_bsub_core_c94ae7322b918d76	discovery	23	39	24	39	-29.5	+	GTTGCAATTTTTAGGG	4.104961395263672
EMB_multiscale_C15	tjupan_bacillus_subtilis_main_67a8fe9203485bd0	dbtbs_bsub_core_67a8fe9203485bd0	discovery	6	22	7	22	-46.5	+	AAGTTTTTTTGGATAG	4.123783588409424
EMB_multiscale_C15	tjupan_bacillus_subtilis_main_78caf7680ac9ae4c	tjupan_bacillus_subtilis_main_78caf7680ac9ae4c	discovery	24	40	25	40	-28.5	+	GTGTTGATTTTTTGGA	4.140740871429443
EMB_multiscale_C15	tjupan_bacillus_subtilis_main_4915fc510c1f847f	tjupan_bacillus_subtilis_main_4915fc510c1f847f	discovery	1	17	2	17	-51.5	+	TGCTGTCTTTTTTTTA	4.1441192626953125
EMB_multiscale_C15	tjupan_bacillus_subtilis_main_eb3c3d68906264b7	tjupan_bacillus_subtilis_main_eb3c3d68906264b7	discovery	0	16	1	16	-52.5	+	CTTTTTTTGCTTTAAG	4.149490833282471
EMB_multiscale_C15	tjupan_bacillus_subtilis_main_2330b24ab93e80ef	dbtbs_bsub_core_747f22d2323a8765	discovery	16	32	17	32	-36.5	+	TTGCATTTTTCTTCAA	4.151659965515137
EMB_multiscale_C15	tjupan_bacillus_subtilis_main_dc1d0e364ea2d865	tjupan_bacillus_subtilis_main_dc1d0e364ea2d865	discovery	21	37	22	37	-31.5	+	GTACGTTTTTTTCATT	4.158051013946533
EMB_multiscale_C15	tjupan_bacillus_subtilis_main_b7c0eae7293a1bfc	dbtbs_bsub_core_0bfdb592513badc4	discovery	17	33	18	33	-35.5	+	AAACCTTTTGACTTCT	4.188747882843018
EMB_multiscale_C15	tjupan_bacillus_subtilis_main_2b799cc13a596bcd	tjupan_bacillus_subtilis_main_2b799cc13a596bcd	discovery	7	23	8	23	-45.5	+	CTCCTTTTTTGGGCGA	4.233345031738281
EMB_multiscale_C15	tjupan_bacillus_subtilis_main_43fbda6e3c3abdae	dbtbs_bsub_core_c62c8589a5774a74	discovery	26	42	27	42	-26.5	+	TGAAACCTTTTGAAAC	4.24473762512207
EMB_multiscale_C15	tjupan_bacillus_subtilis_main_8a4a22c637647f42	dbtbs_bsub_core_8a4a22c637647f42	discovery	35	51	36	51	-17.5	+	CCTCCTTTTGAGAAAC	4.254281044006348
EMB_multiscale_C15	tjupan_bacillus_subtilis_main_ba49f50d8b0af1c7	dbtbs_bsub_core_8a4a22c637647f42	discovery	35	51	36	51	-17.5	+	CCCTCCTTTTGAGAAA	4.262399196624756
EMB_multiscale_C15	tjupan_bacillus_subtilis_main_acb860b1f6674578	dbtbs_bsub_core_f1e6e06788e9c9fd	discovery	25	41	26	41	-27.5	+	ATGAAACTTTTTTTTA	4.297470569610596
EMB_multiscale_C15	tjupan_bacillus_subtilis_main_2bdb32bb685dc1db	tjupan_bacillus_subtilis_main_2bdb32bb685dc1db	discovery	9	25	10	25	-43.5	+	TTCGCTCTTTTTATTT	4.3089280128479
EMB_multiscale_C15	tjupan_bacillus_subtilis_main_796368712c0cdecb	tjupan_bacillus_subtilis_main_796368712c0cdecb	discovery	24	40	25	40	-28.5	+	TTTTTTGTTTTCAAAA	4.388556003570557
EMB_multiscale_C15	tjupan_bacillus_subtilis_main_0a0035c3a0685aa9	dbtbs_bsub_core_d50ffa4df9b8add7	discovery	0	16	1	16	-52.5	+	TTTTGTTTTTAGGGCA	4.403294563293457
EMB_multiscale_C15	tjupan_bacillus_subtilis_main_e47a55cd702f35e7	dbtbs_bsub_core_175bcd2ea2263ee4	discovery	23	39	24	39	-29.5	+	GAAACTTTTTCAAAGT	4.408034324645996
EMB_multiscale_C15	tjupan_bacillus_subtilis_main_7ebbe970ac38b83d	dbtbs_bsub_core_5742761e1938e2d4	discovery	26	42	27	42	-26.5	+	ATACACTTTTTAAAAC	4.413248062133789
EMB_multiscale_C15	tjupan_bacillus_subtilis_main_d0e455b1c91ba281	dbtbs_bsub_core_f6e924d0656980ad	discovery	1	17	2	17	-51.5	+	CTTTTTTGGTTTCCAA	4.443368434906006
EMB_multiscale_C15	tjupan_bacillus_subtilis_main_5957e34dfa6ab85c	tjupan_bacillus_subtilis_main_5957e34dfa6ab85c	discovery	2	18	3	18	-50.5	+	CCCCTGTTTTTTTATT	4.535201549530029
EMB_multiscale_C15	tjupan_bacillus_subtilis_main_ad6e1b40396f6528	dbtbs_bsub_core_ad6e1b40396f6528	discovery	3	19	4	19	-49.5	+	CAAAAATTTTTGTGCA	4.546156406402588
EMB_multiscale_C15	tjupan_bacillus_subtilis_main_f04c569125ce3afa	dbtbs_bsub_core_85a34ab094cb765f	discovery	21	37	22	37	-31.5	+	AACCCTTTTTTAAGGG	4.573939323425293
EMB_multiscale_C15	tjupan_bacillus_subtilis_main_c648ac4df22b0f89	dbtbs_bsub_core_c648ac4df22b0f89	discovery	3	19	4	19	-49.5	+	AGATTTTTTTCCAAAA	4.57434606552124
EMB_multiscale_C15	tjupan_bacillus_subtilis_main_5e34c7286340c249	dbtbs_bsub_core_0fedc539a64a99b7	discovery	61	77	62	77	8.5	+	AAAGGTTTTTTTATAT	4.590330123901367
EMB_multiscale_C15	tjupan_bacillus_subtilis_main_6901d7d50287d8c1	dbtbs_bsub_core_6901d7d50287d8c1	discovery	6	22	7	22	-46.5	+	GGCGCCTTTTTTATTG	4.594601154327393
EMB_multiscale_C15	tjupan_bacillus_subtilis_main_fea868950ff1c774	tjupan_bacillus_subtilis_main_fea868950ff1c774	discovery	22	38	23	38	-30.5	+	CCGGGTTTATTTTTTT	4.612597465515137
EMB_multiscale_C15	tjupan_bacillus_subtilis_main_5564dcefe2988333	tjupan_bacillus_subtilis_main_5564dcefe2988333	discovery	21	37	22	37	-31.5	+	TCCGGGTTTTAAAGCC	4.620468616485596
EMB_multiscale_C15	tjupan_bacillus_subtilis_main_9296390fae4fd68d	tjupan_bacillus_subtilis_main_9296390fae4fd68d	discovery	57	73	58	73	4.5	+	TTCTCTTTTTACTATA	4.69010591506958
EMB_multiscale_C15	tjupan_bacillus_subtilis_main_2db0b8f33ca38a29	tjupan_bacillus_subtilis_main_2db0b8f33ca38a29	discovery	6	22	7	22	-46.5	+	GGCTTTTTTTTATTTC	4.729492664337158
EMB_multiscale_C15	tjupan_bacillus_subtilis_main_35bf7199ae44b70c	dbtbs_bsub_core_35bf7199ae44b70c	discovery	20	36	21	36	-32.5	+	AAAATGGTTTTTTTTA	4.740738868713379
EMB_multiscale_C15	tjupan_bacillus_subtilis_main_c1bd3e378306e57e	tjupan_bacillus_subtilis_main_c1bd3e378306e57e	discovery	34	50	35	50	-18.5	+	TCTCTTTTTTTCTCCG	4.79830265045166
EMB_multiscale_C15	tjupan_bacillus_subtilis_main_671ae756f8df7bca	dbtbs_bsub_core_340ffe292c28e826	discovery	64	80	65	80	11.5	+	GTGTTTTTTGTGACTT	4.8072309494018555
EMB_multiscale_C15	tjupan_bacillus_subtilis_main_f3b59cc74d659ebc	dbtbs_bsub_core_866d6e8af07c9412	discovery	4	20	5	20	-48.5	+	GCTCCTTTTTTTAACA	4.875927925109863
EMB_multiscale_C15	tjupan_bacillus_subtilis_main_e62d7e001687b19a	tjupan_bacillus_subtilis_main_e62d7e001687b19a	discovery	20	36	21	36	-32.5	+	TTTGTTTGTTTAAAAG	4.936042785644531
EMB_multiscale_C15	tjupan_bacillus_subtilis_main_5cf51ca317588066	tjupan_bacillus_subtilis_main_5cf51ca317588066	discovery	65	81	66	81	12.5	+	AGGGGGGATTTTCTTG	5.71006965637207
EMB_multiscale_C16	tjupan_bacillus_subtilis_main_2c918744f6daf466	dbtbs_bsub_core_20f77243a5b2c4ab	discovery	29	45	30	45	-23.5	+	ACCATGGCGGAAGTTC	2.174877166748047
EMB_multiscale_C16	tjupan_bacillus_subtilis_main_118649b56e4ec470	tjupan_bacillus_subtilis_main_118649b56e4ec470	discovery	10	26	11	26	-42.5	+	GAGAACCTGGTTAGGC	2.19563364982605
EMB_multiscale_C16	tjupan_bacillus_subtilis_main_754ac4e873f6c24d	tjupan_bacillus_subtilis_main_754ac4e873f6c24d	discovery	16	32	17	32	-36.5	+	GAGGTGCGGAACCATT	2.5924925804138184
EMB_multiscale_C16	tjupan_bacillus_subtilis_main_a7a45131c45395c8	dbtbs_bsub_core_a7a45131c45395c8	discovery	14	30	15	30	-38.5	+	TTTTACGGGCTCAAAA	2.6147663593292236
EMB_multiscale_C16	tjupan_bacillus_subtilis_main_8e4b7e6c519e170f	tjupan_bacillus_subtilis_main_8e4b7e6c519e170f	discovery	3	19	4	19	-49.5	+	AACCTTCGGTGAAGCT	2.641388177871704
EMB_multiscale_C16	tjupan_bacillus_subtilis_main_b24feeda89db5dfd	dbtbs_bsub_core_b24feeda89db5dfd	discovery	26	42	27	42	-26.5	+	TGTGGACCGGTTCTAA	2.672813653945923
EMB_multiscale_C16	tjupan_bacillus_subtilis_main_7358cf40e4efa482	tjupan_bacillus_subtilis_main_7358cf40e4efa482	discovery	32	48	33	48	-20.5	+	GCAAGGGATTGACGCT	2.718205690383911
EMB_multiscale_C16	tjupan_bacillus_subtilis_main_c5aa2a2f04401e51	tjupan_bacillus_subtilis_main_c5aa2a2f04401e51	discovery	56	72	57	72	3.5	+	AAGTCATGGCCGGACT	2.727689266204834
EMB_multiscale_C16	tjupan_bacillus_subtilis_main_fde7c2aaac5c57ce	dbtbs_bsub_core_fde7c2aaac5c57ce	discovery	18	34	19	34	-34.5	+	GATGGTCTTGACCGCT	2.7716591358184814
EMB_multiscale_C16	tjupan_bacillus_subtilis_main_01ae3d26fad13b71	dbtbs_bsub_core_7a9c3b7d79cfafb8	discovery	16	32	17	32	-36.5	+	CCCAATTGGAGCTCAG	2.8047986030578613
EMB_multiscale_C16	tjupan_bacillus_subtilis_main_fb689c0625deec2e	dbtbs_bsub_core_bf9535fab79dbf8f	discovery	21	37	22	37	-31.5	+	TCTCGATGGGTACAAA	2.8076748847961426
EMB_multiscale_C16	tjupan_bacillus_subtilis_main_5e8ac4f4506ef781	dbtbs_bsub_core_cdccc2e2972286a4	discovery	1	17	2	17	-51.5	+	TCGTATTGAGGCCCGA	2.8562848567962646
EMB_multiscale_C16	tjupan_bacillus_subtilis_main_ac1a0a0a579397f6	tjupan_bacillus_subtilis_main_ac1a0a0a579397f6	discovery	26	42	27	42	-26.5	+	CGGAATAGTTGGCCCA	2.890549421310425
EMB_multiscale_C16	tjupan_bacillus_subtilis_main_8b7394af6b78d50f	dbtbs_bsub_core_c890b4346c03f247	discovery	3	19	4	19	-49.5	+	TCAATGAGGTTAGCCT	2.932938575744629
EMB_multiscale_C16	tjupan_bacillus_subtilis_main_06d485c4aaa12e15	dbtbs_bsub_core_06d485c4aaa12e15	discovery	32	48	33	48	-20.5	+	ATTGAGCGTTGGGCAT	2.939917802810669
EMB_multiscale_C16	tjupan_bacillus_subtilis_main_90a64d4511c49526	dbtbs_bsub_core_90a64d4511c49526	discovery	12	28	13	28	-40.5	+	CGGTTCAGGACAGAAT	2.9922232627868652
EMB_multiscale_C16	tjupan_bacillus_subtilis_main_8b776572d2e01c62	dbtbs_bsub_core_6736f212a82e3343	discovery	50	66	51	66	-2.5	+	TATAGGAACTGTTCCA	3.069797992706299
EMB_multiscale_C16	tjupan_bacillus_subtilis_main_9571d32ab22eb9a0	dbtbs_bsub_core_9571d32ab22eb9a0	discovery	25	41	26	41	-27.5	+	ATGAAACCGGTCAGCG	3.0753188133239746
EMB_multiscale_C16	tjupan_bacillus_subtilis_main_4648c22f43ae6952	tjupan_bacillus_subtilis_main_4648c22f43ae6952	discovery	61	77	62	77	8.5	+	GGGGACGATCAAAAGC	3.141731023788452
EMB_multiscale_C16	tjupan_bacillus_subtilis_main_6f408d5e786e413f	dbtbs_bsub_core_6f408d5e786e413f	discovery	3	19	4	19	-49.5	+	AATCAGCCGGTGGAAG	3.1480863094329834
EMB_multiscale_C16	tjupan_bacillus_subtilis_main_73f2f27ec267a871	dbtbs_bsub_core_77a7b73eeb200478	discovery	20	36	21	36	-32.5	+	AAGTTTGACTCGGTAT	3.150911331176758
EMB_multiscale_C16	tjupan_bacillus_subtilis_main_20bbba0ce59de449	dbtbs_bsub_core_20bbba0ce59de449	discovery	28	44	29	44	-24.5	+	GTGTTGGCACGATCCT	3.166358470916748
EMB_multiscale_C16	tjupan_bacillus_subtilis_main_ef1d1fbaad689e40	dbtbs_bsub_core_ef1d1fbaad689e40	discovery	6	22	7	22	-46.5	+	AACTCGGCGAATAGGC	3.1930627822875977
EMB_multiscale_C16	tjupan_bacillus_subtilis_main_264ccaf63cfb1cfe	tjupan_bacillus_subtilis_main_264ccaf63cfb1cfe	discovery	20	36	21	36	-32.5	+	AAACGACTTGGCACAG	3.194783926010132
EMB_multiscale_C16	tjupan_bacillus_subtilis_main_61d216a2a24189d0	dbtbs_bsub_core_61d216a2a24189d0	discovery	27	43	28	43	-25.5	+	GAAAAGCCGACATGAC	3.212114095687866
EMB_multiscale_C16	tjupan_bacillus_subtilis_main_9990510225814384	tjupan_bacillus_subtilis_main_9990510225814384	discovery	4	20	5	20	-48.5	+	TTGTTCCGGATAAGTC	3.213881254196167
EMB_multiscale_C16	tjupan_bacillus_subtilis_main_93b5da0b5f842573	dbtbs_bsub_core_93b5da0b5f842573	discovery	22	38	23	38	-30.5	+	TAAGCATGGAAACCCC	3.222254514694214
EMB_multiscale_C16	tjupan_bacillus_subtilis_main_0f3eb3e9a9977e6d	tjupan_bacillus_subtilis_main_0f3eb3e9a9977e6d	discovery	33	49	34	49	-19.5	+	CGCTTGAATGGCCGGG	3.236362934112549
EMB_multiscale_C16	tjupan_bacillus_subtilis_main_729454a84a667dd8	dbtbs_bsub_core_729454a84a667dd8	discovery	39	55	40	55	-13.5	+	CGCTTGGGCACGTTAT	3.2374250888824463
EMB_multiscale_C16	tjupan_bacillus_subtilis_main_7ebbe970ac38b83d	dbtbs_bsub_core_5742761e1938e2d4	discovery	10	26	11	26	-42.5	+	TCTCAGCGGAACACTT	3.2409629821777344
EMB_multiscale_C16	tjupan_bacillus_subtilis_main_4b32f81551985923	tjupan_bacillus_subtilis_main_4b32f81551985923	discovery	10	26	11	26	-42.5	+	ATTTGCGGATTCCTAG	3.2473204135894775
EMB_multiscale_C16	tjupan_bacillus_subtilis_main_4fc356ae4cdf5a10	dbtbs_bsub_core_89ad3abb800dad9f	discovery	16	32	17	32	-36.5	+	CTCTGGGAATTGCCAC	3.2485203742980957
EMB_multiscale_C16	tjupan_bacillus_subtilis_main_2c9e8a462277f7da	dbtbs_bsub_core_f7573fed016c047b	discovery	13	29	14	29	-39.5	+	CATTCACGAGGTACTT	3.2667763233184814
EMB_multiscale_C16	tjupan_bacillus_subtilis_main_737474f253397bee	tjupan_bacillus_subtilis_main_737474f253397bee	discovery	16	32	17	32	-36.5	+	ATACGATGGTTTGAAC	3.28049898147583
EMB_multiscale_C16	tjupan_bacillus_subtilis_main_e9d365c0dda7757e	tjupan_bacillus_subtilis_main_e9d365c0dda7757e	discovery	19	35	20	35	-33.5	+	TCGCTTGAATGGCCGG	3.29295015335083
EMB_multiscale_C16	tjupan_bacillus_subtilis_main_ecef2875a7a372ba	dbtbs_bsub_core_ecef2875a7a372ba	discovery	6	22	7	22	-46.5	+	CTTTGAAAGCGACACA	3.2935898303985596
EMB_multiscale_C16	tjupan_bacillus_subtilis_main_9e087715e3522ed4	dbtbs_bsub_core_b3df5d74f56f0610	discovery	34	50	35	50	-18.5	+	TGTCAGCTTTGGGAAC	3.3010571002960205
EMB_multiscale_C16	tjupan_bacillus_subtilis_main_a92ee416463b3fc1	dbtbs_bsub_core_585820026d8d814d	discovery	61	77	62	77	8.5	+	TAGCAAGGGTGAATCC	3.3014721870422363
EMB_multiscale_C16	tjupan_bacillus_subtilis_main_0e56c5fe6c5d0db0	dbtbs_bsub_core_cfddcd51a76889fd	discovery	15	31	16	31	-37.5	+	CCGAATTCGGGCATTG	3.3396048545837402
EMB_multiscale_C16	tjupan_bacillus_subtilis_main_91197a052a9adc5b	tjupan_bacillus_subtilis_main_91197a052a9adc5b	discovery	34	50	35	50	-18.5	+	CAACTGAAGGTGTTAT	3.347472667694092
EMB_multiscale_C16	tjupan_bacillus_subtilis_main_a2eb9b766304b405	dbtbs_bsub_core_adaec4e024668ee2	discovery	32	48	33	48	-20.5	+	ACGTAATGACTTCGGT	3.3512067794799805
EMB_multiscale_C16	tjupan_bacillus_subtilis_main_e326833d29b8752f	dbtbs_bsub_core_e326833d29b8752f	discovery	35	51	36	51	-17.5	+	GCCATCAGGGACATTC	3.365694761276245
EMB_multiscale_C16	tjupan_bacillus_subtilis_main_76909c0ebd8db916	dbtbs_bsub_core_d5153844984277ea	discovery	0	16	1	16	-52.5	+	GCAAGGGATTGACGCT	3.3688199520111084
EMB_multiscale_C16	tjupan_bacillus_subtilis_main_25766be7ede5bd12	tjupan_bacillus_subtilis_main_25766be7ede5bd12	discovery	36	52	37	52	-16.5	+	ATGAGGACAGGCCTTC	3.368906259536743
EMB_multiscale_C16	tjupan_bacillus_subtilis_main_94d81586c680a254	tjupan_bacillus_subtilis_main_94d81586c680a254	discovery	31	47	32	47	-21.5	+	GTGAACGAATGGGAGA	3.370863676071167
EMB_multiscale_C16	tjupan_bacillus_subtilis_main_96d42d8ccff315ec	tjupan_bacillus_subtilis_main_96d42d8ccff315ec	discovery	17	33	18	33	-35.5	+	CTTGTCAGGGAATGAT	3.397747039794922
EMB_multiscale_C16	tjupan_bacillus_subtilis_main_bdf5315a71015695	dbtbs_bsub_core_c94ae7322b918d76	discovery	16	32	17	32	-36.5	+	TAGTACGGTTGCAATT	3.4004921913146973
EMB_multiscale_C16	tjupan_bacillus_subtilis_main_f5fed123a3ffd242	dbtbs_bsub_core_f5fed123a3ffd242	discovery	39	55	40	55	-13.5	+	CGCCACGGGTAAATGT	3.411062717437744
EMB_multiscale_C16	tjupan_bacillus_subtilis_main_fe2a626ec63a594e	dbtbs_bsub_core_abc060d81660f90c	discovery	60	76	61	76	7.5	+	AACCAGCGTGAGTTTT	3.4548380374908447
EMB_multiscale_C16	tjupan_bacillus_subtilis_main_2e59e247c2d07b0b	tjupan_bacillus_subtilis_main_2e59e247c2d07b0b	discovery	58	74	59	74	5.5	+	ACAAGGGTTACCGAAT	3.4701545238494873
EMB_multiscale_C16	tjupan_bacillus_subtilis_main_fa23a6db7de139e8	tjupan_bacillus_subtilis_main_fa23a6db7de139e8	discovery	31	47	32	47	-21.5	+	TCGAACCGGAAATCTT	3.471139907836914
EMB_multiscale_C16	tjupan_bacillus_subtilis_main_50a7bea74c679f62	tjupan_bacillus_subtilis_main_50a7bea74c679f62	discovery	34	50	35	50	-18.5	+	TTCAAGGAACTTGTCT	3.492311477661133
EMB_multiscale_C16	tjupan_bacillus_subtilis_main_ff61268918c0af5d	tjupan_bacillus_subtilis_main_ff61268918c0af5d	discovery	32	48	33	48	-20.5	+	ATCACGAGATGGCGGC	3.521367073059082
EMB_multiscale_C16	tjupan_bacillus_subtilis_main_a9ae08a54b460299	dbtbs_bsub_core_4c306bb2d4b261c8	discovery	36	52	37	52	-16.5	+	GCAAGCTTGGGTATAT	3.5255627632141113
EMB_multiscale_C16	tjupan_bacillus_subtilis_main_f6c5351a3e225d0c	dbtbs_bsub_core_f6c5351a3e225d0c	discovery	10	26	11	26	-42.5	+	TTTGACGGAAAGTGAT	3.526369333267212
EMB_multiscale_C16	tjupan_bacillus_subtilis_main_d9cd9789d0fb01a3	dbtbs_bsub_core_c190339743385950	discovery	13	29	14	29	-39.5	+	ATTATCGAGTGGAAAA	3.5312340259552
EMB_multiscale_C16	tjupan_bacillus_subtilis_main_bb68072522710571	dbtbs_bsub_core_bb68072522710571	discovery	62	78	63	78	9.5	+	TGATAGCGGTACCATT	3.548506021499634
EMB_multiscale_C16	tjupan_bacillus_subtilis_main_e0774d83207a7dd7	dbtbs_bsub_core_2b17d905bac0c3bc	discovery	15	31	16	31	-37.5	+	AAAAACGGCTGTTTTA	3.5531110763549805
EMB_multiscale_C16	tjupan_bacillus_subtilis_main_549e9d5c7cb67860	dbtbs_bsub_core_1a44bafede819df1	discovery	10	26	11	26	-42.5	+	CTGGGGATCGGCTAAA	3.5537641048431396
EMB_multiscale_C16	tjupan_bacillus_subtilis_main_e8dca4769e2e29bc	dbtbs_bsub_core_b8b8ac7ece3bed55	discovery	32	48	33	48	-20.5	+	CAAAGAACGCTGTGAT	3.566331624984741
EMB_multiscale_C16	tjupan_bacillus_subtilis_main_2b17d905bac0c3bc	dbtbs_bsub_core_2b17d905bac0c3bc	discovery	14	30	15	30	-38.5	+	AAAAACGGCTGTTTTA	3.5934338569641113
EMB_multiscale_C16	tjupan_bacillus_subtilis_main_f6994e5b6245c7bf	tjupan_bacillus_subtilis_main_f6994e5b6245c7bf	discovery	15	31	16	31	-37.5	+	GAACGATGAAGGGATT	3.5963900089263916
EMB_multiscale_C16	tjupan_bacillus_subtilis_main_adbf75412ef7d5a0	dbtbs_bsub_core_adbf75412ef7d5a0	discovery	16	32	17	32	-36.5	+	TCTTTGACGGAATTTC	3.6092426776885986
EMB_multiscale_C16	tjupan_bacillus_subtilis_main_982fa9762732f05a	tjupan_bacillus_subtilis_main_982fa9762732f05a	discovery	47	63	48	63	-5.5	+	AGTACGGGTCATTGGG	3.6102182865142822
EMB_multiscale_C16	tjupan_bacillus_subtilis_main_b0d8a2369952b821	dbtbs_bsub_core_3f773ca1224c0e26	discovery	13	29	14	29	-39.5	+	TGATAGGCGTTTGTCA	3.614802360534668
EMB_multiscale_C16	tjupan_bacillus_subtilis_main_9d34f9d9e0ee0e26	dbtbs_bsub_core_9d34f9d9e0ee0e26	discovery	55	71	56	71	2.5	+	ATGGTAACGGCAGCCG	3.615860939025879
EMB_multiscale_C16	tjupan_bacillus_subtilis_main_a52148b067c7a32f	tjupan_bacillus_subtilis_main_a52148b067c7a32f	discovery	61	77	62	77	8.5	+	ATGTGGAGGAATGCTT	3.623898983001709
EMB_multiscale_C16	tjupan_bacillus_subtilis_main_834e21e1951468f3	tjupan_bacillus_subtilis_main_834e21e1951468f3	discovery	2	18	3	18	-50.5	+	GTTAAGCCGGAGCTTT	3.638803243637085
EMB_multiscale_C16	tjupan_bacillus_subtilis_main_5d881eac8b46d627	dbtbs_bsub_core_5d881eac8b46d627	discovery	59	75	60	75	6.5	+	CAAGGGGTGATGCATT	3.6419179439544678
EMB_multiscale_C16	tjupan_bacillus_subtilis_main_ade14dd3fdacb032	dbtbs_bsub_core_12585b08a658046e	discovery	12	28	13	28	-40.5	+	CTAGGGAACTGTACTT	3.6458959579467773
EMB_multiscale_C16	tjupan_bacillus_subtilis_main_bf15c71cd5f4b9e0	dbtbs_bsub_core_79aa8a5c0f3b9558	discovery	25	41	26	41	-27.5	+	CTAAAGTTCCGGGCAC	3.649866819381714
EMB_multiscale_C16	tjupan_bacillus_subtilis_main_c22e62909e814f30	dbtbs_bsub_core_e2251470d219464a	discovery	18	34	19	34	-34.5	+	GAAAGGCTGTTGAACG	3.6596271991729736
EMB_multiscale_C16	tjupan_bacillus_subtilis_main_43fbda6e3c3abdae	dbtbs_bsub_core_c62c8589a5774a74	discovery	58	74	59	74	5.5	+	CAGACCGGTGAAGGCA	3.6617767810821533
EMB_multiscale_C16	tjupan_bacillus_subtilis_main_10eda96ea4199e8c	dbtbs_bsub_core_10eda96ea4199e8c	discovery	17	33	18	33	-35.5	+	TATAACGATGGGATAA	3.6778061389923096
EMB_multiscale_C16	tjupan_bacillus_subtilis_main_9a6d97baf1c02d30	dbtbs_bsub_core_9a6d97baf1c02d30	discovery	31	47	32	47	-21.5	+	AAAATGGGCTCGTGTT	3.6869776248931885
EMB_multiscale_C16	tjupan_bacillus_subtilis_main_ef6dc517178d6adf	dbtbs_bsub_core_ef6dc517178d6adf	discovery	9	25	10	25	-43.5	+	GAACAGGACGCATCTT	3.6908011436462402
EMB_multiscale_C16	tjupan_bacillus_subtilis_main_ea59d0ddaaaaf005	dbtbs_bsub_core_ff8c346476498240	discovery	25	41	26	41	-27.5	+	CATATTAGGGAAACCC	3.711369276046753
EMB_multiscale_C16	tjupan_bacillus_subtilis_main_dc1d0e364ea2d865	tjupan_bacillus_subtilis_main_dc1d0e364ea2d865	discovery	11	27	12	27	-41.5	+	ATGCCCGAATGTACGT	3.718369245529175
EMB_multiscale_C16	tjupan_bacillus_subtilis_main_517410185d825f3e	tjupan_bacillus_subtilis_main_517410185d825f3e	discovery	25	41	26	41	-27.5	+	GTAGCAGGATGGGCTC	3.7222580909729004
EMB_multiscale_C16	tjupan_bacillus_subtilis_main_69a39ef163dd4726	tjupan_bacillus_subtilis_main_69a39ef163dd4726	discovery	32	48	33	48	-20.5	+	ATAGGTCTTGGGACAT	3.723062753677368
EMB_multiscale_C16	tjupan_bacillus_subtilis_main_3ec4c8abee3f7a8e	dbtbs_bsub_core_c18c3f10dff5c627	discovery	39	55	40	55	-13.5	+	CAGACAGGGACGTCTA	3.729149341583252
EMB_multiscale_C16	tjupan_bacillus_subtilis_main_0acb3976b9331524	tjupan_bacillus_subtilis_main_0acb3976b9331524	discovery	16	32	17	32	-36.5	+	AAAAGGATTGACATGA	3.734128713607788
EMB_multiscale_C16	tjupan_bacillus_subtilis_main_13f211949a22c74a	dbtbs_bsub_core_bdbae944a25ddfff	discovery	6	22	7	22	-46.5	+	AAAACCGCGAAGTTCG	3.7366831302642822
EMB_multiscale_C16	tjupan_bacillus_subtilis_main_187a9844a7f0c551	tjupan_bacillus_subtilis_main_187a9844a7f0c551	discovery	29	45	30	45	-23.5	+	ATAGCTTGGCCCGTTC	3.7553136348724365
EMB_multiscale_C16	tjupan_bacillus_subtilis_main_e2b483c6aef274e0	dbtbs_bsub_core_175bcd2ea2263ee4	discovery	18	34	19	34	-34.5	+	AGAAAGCGGGAAACTT	3.766636848449707
EMB_multiscale_C16	tjupan_bacillus_subtilis_main_24675587b92cc4c7	tjupan_bacillus_subtilis_main_24675587b92cc4c7	discovery	62	78	63	78	9.5	+	CAGCAAGGGGACGCGC	3.770986795425415
EMB_multiscale_C16	tjupan_bacillus_subtilis_main_ffefbc2ceaf331ea	dbtbs_bsub_core_ea5509009da1e1aa	discovery	10	26	11	26	-42.5	+	AAAAGGACCTGACTTG	3.7717607021331787
EMB_multiscale_C16	tjupan_bacillus_subtilis_main_71a2a4c64c087430	tjupan_bacillus_subtilis_main_71a2a4c64c087430	discovery	29	45	30	45	-23.5	+	CCACATGGACTGCCGC	3.787149429321289
EMB_multiscale_C16	tjupan_bacillus_subtilis_main_5ccaab5adb962b3d	dbtbs_bsub_core_483b39fd11d75b28	discovery	2	18	3	18	-50.5	+	GTTGCCTGCGGAAAAA	3.8084771633148193
EMB_multiscale_C16	tjupan_bacillus_subtilis_main_2c8e4076a462c87c	dbtbs_bsub_core_2c8e4076a462c87c	discovery	1	17	2	17	-51.5	+	AAAAGCCGTGAAAGCA	3.8088784217834473
EMB_multiscale_C16	tjupan_bacillus_subtilis_main_6514a11d381455ae	tjupan_bacillus_subtilis_main_6514a11d381455ae	discovery	0	16	1	16	-52.5	+	CCTGGTCCGGCAGCCA	3.8192596435546875
EMB_multiscale_C16	tjupan_bacillus_subtilis_main_1b0cfe46f303d3fa	dbtbs_bsub_core_56695775e253190c	discovery	36	52	37	52	-16.5	+	TCCCCGGATGTGGAAA	3.8280911445617676
EMB_multiscale_C16	tjupan_bacillus_subtilis_main_b59ef89e981b3745	tjupan_bacillus_subtilis_main_b59ef89e981b3745	discovery	3	19	4	19	-49.5	+	AGCAAGCTCGGGGTGT	3.846593141555786
EMB_multiscale_C16	tjupan_bacillus_subtilis_main_e9623f8193af34e0	dbtbs_bsub_core_e9623f8193af34e0	discovery	4	20	5	20	-48.5	+	ATGGAACCATGCCGTT	3.8467276096343994
EMB_multiscale_C16	tjupan_bacillus_subtilis_main_8bf0684d999843b1	dbtbs_bsub_core_8bf0684d999843b1	discovery	39	55	40	55	-13.5	+	CCACTTGGGAACAATG	3.8517839908599854
EMB_multiscale_C16	tjupan_bacillus_subtilis_main_3eb701a469cb4095	tjupan_bacillus_subtilis_main_3eb701a469cb4095	discovery	63	79	64	79	10.5	+	AAAGGCGGTGGCGATA	3.851839303970337
EMB_multiscale_C16	tjupan_bacillus_subtilis_main_e47a55cd702f35e7	dbtbs_bsub_core_175bcd2ea2263ee4	discovery	14	30	15	30	-38.5	+	AGAAAGCGGGAAACTT	3.85583758354187
EMB_multiscale_C16	tjupan_bacillus_subtilis_main_671ae756f8df7bca	dbtbs_bsub_core_340ffe292c28e826	discovery	51	67	52	67	-1.5	+	AATAATGGCGGAGGTG	3.862326145172119
EMB_multiscale_C16	tjupan_bacillus_subtilis_main_0ba2ad2fd14630a8	dbtbs_bsub_core_0ba2ad2fd14630a8	discovery	29	45	30	45	-23.5	+	AGAACCTGACGGCGTG	3.877859592437744
EMB_multiscale_C16	tjupan_bacillus_subtilis_main_80add31ceb4a1382	tjupan_bacillus_subtilis_main_80add31ceb4a1382	discovery	47	63	48	63	-5.5	+	ATAATGACAGGCAACG	3.9554262161254883
EMB_multiscale_C16	tjupan_bacillus_subtilis_main_b5cc4aad42c9a683	dbtbs_bsub_core_b5cc4aad42c9a683	discovery	15	31	16	31	-37.5	+	AAAATGGGTCTACTAA	3.967968225479126
EMB_multiscale_C16	tjupan_bacillus_subtilis_main_f246415af5cfc524	dbtbs_bsub_core_f246415af5cfc524	discovery	3	19	4	19	-49.5	+	AAAATGAGCGATTTCG	3.9705803394317627
EMB_multiscale_C16	tjupan_bacillus_subtilis_main_796368712c0cdecb	tjupan_bacillus_subtilis_main_796368712c0cdecb	discovery	9	25	10	25	-43.5	+	TCAAATAGAGCAACTT	3.97332763671875
EMB_multiscale_C16	tjupan_bacillus_subtilis_main_7c03938b389dc368	dbtbs_bsub_core_39e8d21f598046d9	discovery	27	43	28	43	-25.5	+	CTATGCAAACCGTCCG	4.017605304718018
EMB_multiscale_C16	tjupan_bacillus_subtilis_main_0d390d7bf47f6ae0	tjupan_bacillus_subtilis_main_0d390d7bf47f6ae0	discovery	51	67	52	67	-1.5	+	TATGAGGCAACACCCT	4.018438816070557
EMB_multiscale_C16	tjupan_bacillus_subtilis_main_78caf7680ac9ae4c	tjupan_bacillus_subtilis_main_78caf7680ac9ae4c	discovery	10	26	11	26	-42.5	+	AAGGAAACGCGATCGT	4.036808013916016
EMB_multiscale_C16	tjupan_bacillus_subtilis_main_954287dc5b301340	tjupan_bacillus_subtilis_main_954287dc5b301340	discovery	28	44	29	44	-24.5	+	TATCGAAGGGCAGCAC	4.0741801261901855
EMB_multiscale_C16	tjupan_bacillus_subtilis_main_cb2c7c4f94201384	tjupan_bacillus_subtilis_main_cb2c7c4f94201384	discovery	15	31	16	31	-37.5	+	ACACATGGTTTGCATC	4.110298156738281
EMB_multiscale_C16	tjupan_bacillus_subtilis_main_74de924b5fe0230a	dbtbs_bsub_core_74de924b5fe0230a	discovery	21	37	22	37	-31.5	+	AAAAAGGGCATGTTTT	4.136356830596924
EMB_multiscale_C16	tjupan_bacillus_subtilis_main_ffb5b3082f8ea0cd	tjupan_bacillus_subtilis_main_ffb5b3082f8ea0cd	discovery	56	72	57	72	3.5	+	GATAGGAAGCGTTTTC	4.14063024520874
EMB_multiscale_C16	tjupan_bacillus_subtilis_main_618f0dc5c0847866	dbtbs_bsub_core_e2f191a04a63a5f0	discovery	34	50	35	50	-18.5	+	GCCCGGGCTAATGGTA	4.17446756362915
EMB_multiscale_C16	tjupan_bacillus_subtilis_main_9361e0f82edaa017	tjupan_bacillus_subtilis_main_9361e0f82edaa017	discovery	28	44	29	44	-24.5	+	TTTGTGGACCGGGAAA	4.195021152496338
EMB_multiscale_C16	tjupan_bacillus_subtilis_main_a31f56ff3ee450d4	dbtbs_bsub_core_1c4407f77cf4bab2	discovery	13	29	14	29	-39.5	+	AGCCGCGACAAGGAGA	4.202300071716309
EMB_multiscale_C16	tjupan_bacillus_subtilis_main_0cc8abc9b551141c	dbtbs_bsub_core_0cc8abc9b551141c	discovery	26	42	27	42	-26.5	+	TTGTCAGATGACAAGT	4.206315040588379
EMB_multiscale_C16	tjupan_bacillus_subtilis_main_962b839f321a2605	dbtbs_bsub_core_962b839f321a2605	discovery	25	41	26	41	-27.5	+	TGAGTTGTCAGACCTC	4.21729040145874
EMB_multiscale_C16	tjupan_bacillus_subtilis_main_213d453c1e49e371	tjupan_bacillus_subtilis_main_213d453c1e49e371	discovery	60	76	61	76	7.5	+	GTAAAACGTCCCTGAT	4.220327854156494
EMB_multiscale_C16	tjupan_bacillus_subtilis_main_ba49f50d8b0af1c7	dbtbs_bsub_core_8a4a22c637647f42	discovery	64	80	65	80	11.5	+	GAGGGATAAACATGGG	4.258039951324463
EMB_multiscale_C16	tjupan_bacillus_subtilis_main_5564dcefe2988333	tjupan_bacillus_subtilis_main_5564dcefe2988333	discovery	14	30	15	30	-38.5	+	TCAGGTCTCCGGGTTT	4.308708190917969
EMB_multiscale_C16	tjupan_bacillus_subtilis_main_0261e5d9e5354132	tjupan_bacillus_subtilis_main_0261e5d9e5354132	discovery	32	48	33	48	-20.5	+	GAAGTGTTAACGCTTT	4.314262390136719
EMB_multiscale_C16	tjupan_bacillus_subtilis_main_fea868950ff1c774	tjupan_bacillus_subtilis_main_fea868950ff1c774	discovery	6	22	7	22	-46.5	+	TAACCCGGACTTCCGT	4.3196120262146
EMB_multiscale_C16	tjupan_bacillus_subtilis_main_84597be11ba889b8	tjupan_bacillus_subtilis_main_84597be11ba889b8	discovery	36	52	37	52	-16.5	+	CCAAGCGCGTTTTATC	4.322837829589844
EMB_multiscale_C16	tjupan_bacillus_subtilis_main_0a0035c3a0685aa9	dbtbs_bsub_core_d50ffa4df9b8add7	discovery	24	40	25	40	-28.5	+	CCGCACAAGTTGGTTG	4.391981601715088
EMB_multiscale_C16	tjupan_bacillus_subtilis_main_bebf1b31befd9c3c	dbtbs_bsub_core_bebf1b31befd9c3c	discovery	17	33	18	33	-35.5	+	GCTGTGGGATGAAACA	4.394129753112793
EMB_multiscale_C16	tjupan_bacillus_subtilis_main_e95909bd7e136f46	dbtbs_bsub_core_426aaa712ced5536	discovery	38	54	39	54	-14.5	+	GAGGAGGTCTTACAGT	4.458606243133545
EMB_multiscale_C16	tjupan_bacillus_subtilis_main_202644f8a02efab9	dbtbs_bsub_core_f4d81ad6a0709a55	discovery	36	52	37	52	-16.5	+	CGACCGGAACGATATT	4.459046840667725
EMB_multiscale_C16	tjupan_bacillus_subtilis_main_4f4c3d5d96d18695	tjupan_bacillus_subtilis_main_4f4c3d5d96d18695	discovery	0	16	1	16	-52.5	+	AAATCCGAATATGCGT	4.517717361450195
EMB_multiscale_C16	tjupan_bacillus_subtilis_main_550b125b16dc206e	dbtbs_bsub_core_2ab03862f0e9dd2f	discovery	25	41	26	41	-27.5	+	CACCAAGTGGGGCACG	4.529196739196777
EMB_multiscale_C16	tjupan_bacillus_subtilis_main_9296390fae4fd68d	tjupan_bacillus_subtilis_main_9296390fae4fd68d	discovery	34	50	35	50	-18.5	+	GAAAGGCTTGCTTAAT	4.609663963317871
EMB_multiscale_C16	tjupan_bacillus_subtilis_main_a26ee3e07cf1eedf	dbtbs_bsub_core_a26ee3e07cf1eedf	discovery	45	61	46	61	-7.5	+	GTCCACAATGTGGGTG	4.630981922149658
EMB_multiscale_C16	tjupan_bacillus_subtilis_main_9f03f134e6b67be2	tjupan_bacillus_subtilis_main_9f03f134e6b67be2	discovery	24	40	25	40	-28.5	+	AGACCGAACGAAATTC	4.648337364196777
EMB_multiscale_C16	tjupan_bacillus_subtilis_main_47a0d4425a7cca49	tjupan_bacillus_subtilis_main_47a0d4425a7cca49	discovery	6	22	7	22	-46.5	+	GGACCAGAACGCCGCG	4.790843963623047
EMB_multiscale_C16	tjupan_bacillus_subtilis_main_691e7ded333dd616	dbtbs_bsub_core_691e7ded333dd616	discovery	16	32	17	32	-36.5	+	AAAAATTCGGTCATCA	5.044000625610352
EMB_multiscale_C16	tjupan_bacillus_subtilis_main_238ba8da2c883516	dbtbs_bsub_core_238ba8da2c883516	discovery	64	80	65	80	11.5	+	AAGCGCTGGAGGGATT	5.10351037979126
EMB_multiscale_C16	tjupan_bacillus_subtilis_main_5e34c7286340c249	dbtbs_bsub_core_0fedc539a64a99b7	discovery	24	40	25	40	-28.5	+	AGGAATGAACCTTTCT	5.133191108703613
EMB_multiscale_C16	tjupan_bacillus_subtilis_main_1dc6ad16ab0331f8	tjupan_bacillus_subtilis_main_1dc6ad16ab0331f8	discovery	6	22	7	22	-46.5	+	GGGCGCGGCACCTAAA	5.241947650909424
EMB_multiscale_C16	tjupan_bacillus_subtilis_main_fff8e3a328b3cab3	dbtbs_bsub_core_7231d94d9d77331f	discovery	62	78	63	78	9.5	+	CTACGTGCGCCGGGGG	5.65687370300293
EMB_multiscale_C17	tjupan_bacillus_subtilis_main_0a0035c3a0685aa9	dbtbs_bsub_core_d50ffa4df9b8add7	discovery	51	67	52	67	-1.5	+	CATGATTCTAACTAGT	2.374114990234375
EMB_multiscale_C17	tjupan_bacillus_subtilis_main_0b7b75ba67f19880	dbtbs_bsub_core_0b7b75ba67f19880	discovery	43	59	44	59	-9.5	+	GCCTCATACCTATTAA	2.419694185256958
EMB_multiscale_C17	tjupan_bacillus_subtilis_main_89a40bf9e0650967	dbtbs_bsub_core_89a40bf9e0650967	discovery	48	64	49	64	-4.5	+	GCGAATCATACTAGGT	2.5788931846618652
EMB_multiscale_C17	tjupan_bacillus_subtilis_main_3ab41c1b83ba019b	dbtbs_bsub_core_c956a5fd581ed80a	discovery	50	66	51	66	-2.5	+	TATAATCACTAGAAAT	2.61868953704834
EMB_multiscale_C17	tjupan_bacillus_subtilis_main_e47a55cd702f35e7	dbtbs_bsub_core_175bcd2ea2263ee4	discovery	60	76	61	76	7.5	+	GAGGTACATCCTTAAA	2.626981496810913
EMB_multiscale_C17	tjupan_bacillus_subtilis_main_36eed70446e6810b	dbtbs_bsub_core_36eed70446e6810b	discovery	61	77	62	77	8.5	+	CAAGTATACTCCTTGA	2.6332173347473145
EMB_multiscale_C17	tjupan_bacillus_subtilis_main_5cf51ca317588066	tjupan_bacillus_subtilis_main_5cf51ca317588066	discovery	35	51	36	51	-17.5	+	CCCTCTTACAAGCATA	2.654660940170288
EMB_multiscale_C17	tjupan_bacillus_subtilis_main_202644f8a02efab9	dbtbs_bsub_core_f4d81ad6a0709a55	discovery	9	25	10	25	-43.5	+	TCAGCTACTGTATCCA	2.657257318496704
EMB_multiscale_C17	tjupan_bacillus_subtilis_main_1dc6ad16ab0331f8	tjupan_bacillus_subtilis_main_1dc6ad16ab0331f8	discovery	53	69	54	69	0.5	+	TGCCTATAACTCGATC	2.6687302589416504
EMB_multiscale_C17	tjupan_bacillus_subtilis_main_3e1210c1f898bc48	dbtbs_bsub_core_42eaa371353368b2	discovery	7	23	8	23	-45.5	+	AGAATCCTTACATCGT	2.6782872676849365
EMB_multiscale_C17	tjupan_bacillus_subtilis_main_b7c0eae7293a1bfc	dbtbs_bsub_core_0bfdb592513badc4	discovery	51	67	52	67	-1.5	+	ATAATACTCAGTTAAT	2.6877355575561523
EMB_multiscale_C17	tjupan_bacillus_subtilis_main_8f9b814f5e8b18ae	dbtbs_bsub_core_8f9b814f5e8b18ae	discovery	24	40	25	40	-28.5	+	CTATCATAACGCTGTT	2.7259066104888916
EMB_multiscale_C17	tjupan_bacillus_subtilis_main_a31f56ff3ee450d4	dbtbs_bsub_core_1c4407f77cf4bab2	discovery	43	59	44	59	-9.5	+	TATACATAATCTCCTT	2.7573299407958984
EMB_multiscale_C17	tjupan_bacillus_subtilis_main_b7d5a32e40c68782	tjupan_bacillus_subtilis_main_b7d5a32e40c68782	discovery	48	64	49	64	-4.5	+	ATAGTCATTACTAGAA	2.766141653060913
EMB_multiscale_C17	tjupan_bacillus_subtilis_main_52267ea931cb2dd7	dbtbs_bsub_core_b35218f45c0f11c8	discovery	41	57	42	57	-11.5	+	TTTCCCTAACATGATA	2.7665421962738037
EMB_multiscale_C17	tjupan_bacillus_subtilis_main_e2b483c6aef274e0	dbtbs_bsub_core_175bcd2ea2263ee4	discovery	64	80	65	80	11.5	+	GAGGTACATCCTTAAA	2.772900342941284
EMB_multiscale_C17	tjupan_bacillus_subtilis_main_4cf64b5587e1d04e	dbtbs_bsub_core_4cf64b5587e1d04e	discovery	20	36	21	36	-32.5	+	CTTTACTCATAACTTC	2.7764527797698975
EMB_multiscale_C17	tjupan_bacillus_subtilis_main_96d42d8ccff315ec	tjupan_bacillus_subtilis_main_96d42d8ccff315ec	discovery	37	53	38	53	-15.5	+	GAACTCGCCTAATAGG	2.786379098892212
EMB_multiscale_C17	tjupan_bacillus_subtilis_main_a9ae08a54b460299	dbtbs_bsub_core_4c306bb2d4b261c8	discovery	11	27	12	27	-41.5	+	TTTAATCTAACAGGAT	2.789999485015869
EMB_multiscale_C17	tjupan_bacillus_subtilis_main_ff61268918c0af5d	tjupan_bacillus_subtilis_main_ff61268918c0af5d	discovery	58	74	59	74	5.5	+	TCAAAGTACCTTATTT	2.8122920989990234
EMB_multiscale_C17	tjupan_bacillus_subtilis_main_b790c6b12a43a7c6	tjupan_bacillus_subtilis_main_b790c6b12a43a7c6	discovery	13	29	14	29	-39.5	+	TGGCTCTTAACAGTTG	2.83660888671875
EMB_multiscale_C17	tjupan_bacillus_subtilis_main_980ab95cde029f78	tjupan_bacillus_subtilis_main_980ab95cde029f78	discovery	12	28	13	28	-40.5	+	AATCTTAACTCATTGA	2.8716259002685547
EMB_multiscale_C17	tjupan_bacillus_subtilis_main_a032a3114b7dbf1c	dbtbs_bsub_core_a032a3114b7dbf1c	discovery	8	24	9	24	-44.5	+	TAATTCTTACAATCAA	2.881305694580078
EMB_multiscale_C17	tjupan_bacillus_subtilis_main_c204793b69b45448	dbtbs_bsub_core_c204793b69b45448	discovery	47	63	48	63	-5.5	+	GTGTTACTATCAGAAT	2.9177181720733643
EMB_multiscale_C17	tjupan_bacillus_subtilis_main_de399adaaafe5be7	dbtbs_bsub_core_f1028676a1f89b0e	discovery	59	75	60	75	6.5	+	TCTTAGGATACTGTTC	2.92716908454895
EMB_multiscale_C17	tjupan_bacillus_subtilis_main_e9623f8193af34e0	dbtbs_bsub_core_e9623f8193af34e0	discovery	52	68	53	68	-0.5	+	TGGTTCATACTAAAGT	2.942750930786133
EMB_multiscale_C17	tjupan_bacillus_subtilis_main_ade9dc791ab39f6c	dbtbs_bsub_core_ade9dc791ab39f6c	discovery	58	74	59	74	5.5	+	ATAGGATACCTCAAAA	2.94466233253479
EMB_multiscale_C17	tjupan_bacillus_subtilis_main_2931d3a1a20c25de	dbtbs_bsub_core_60150ba1e82823d4	discovery	43	59	44	59	-9.5	+	TTGTCATTAACTATAG	2.946380853652954
EMB_multiscale_C17	tjupan_bacillus_subtilis_main_fff8e3a328b3cab3	dbtbs_bsub_core_7231d94d9d77331f	discovery	36	52	37	52	-16.5	+	TGCCCAATACTGTATA	2.970987319946289
EMB_multiscale_C17	tjupan_bacillus_subtilis_main_0fe342e604184137	dbtbs_bsub_core_f039c4e5fee11aa3	discovery	56	72	57	72	3.5	+	TAACACTCTATTGACA	2.981938600540161
EMB_multiscale_C17	tjupan_bacillus_subtilis_main_b5cc4aad42c9a683	dbtbs_bsub_core_b5cc4aad42c9a683	discovery	38	54	39	54	-14.5	+	TTCCATCTATTACAAT	3.0208630561828613
EMB_multiscale_C17	tjupan_bacillus_subtilis_main_eb3c3d68906264b7	tjupan_bacillus_subtilis_main_eb3c3d68906264b7	discovery	46	62	47	62	-6.5	+	CATATCCTATACACAA	3.026172637939453
EMB_multiscale_C17	tjupan_bacillus_subtilis_main_2be0a0a038238614	tjupan_bacillus_subtilis_main_2be0a0a038238614	discovery	39	55	40	55	-13.5	+	ATGGTCCTATATCCTT	3.0354762077331543
EMB_multiscale_C17	tjupan_bacillus_subtilis_main_d33162cb12a5a549	tjupan_bacillus_subtilis_main_d33162cb12a5a549	discovery	1	17	2	17	-51.5	+	AACAACTCTATAATCA	3.0364651679992676
EMB_multiscale_C17	tjupan_bacillus_subtilis_main_10eda96ea4199e8c	dbtbs_bsub_core_10eda96ea4199e8c	discovery	9	25	10	25	-43.5	+	CAAGACCTTATAACGA	3.0408546924591064
EMB_multiscale_C17	tjupan_bacillus_subtilis_main_49e8e3a6681b011d	dbtbs_bsub_core_e14a6f906af1fa54	discovery	26	42	27	42	-26.5	+	TACTAGCTTAACAGTT	3.04787015914917
EMB_multiscale_C17	tjupan_bacillus_subtilis_main_e4e4a1be67374f28	dbtbs_bsub_core_e4e4a1be67374f28	discovery	22	38	23	38	-30.5	+	TCCTGTAACGCTATTC	3.0615694522857666
EMB_multiscale_C17	tjupan_bacillus_subtilis_main_49d5f09ecdaa68d2	dbtbs_bsub_core_2fc6766ca8c365d3	discovery	60	76	61	76	7.5	+	TAATCTTATACAGATT	3.067481279373169
EMB_multiscale_C17	tjupan_bacillus_subtilis_main_cf3def291394eeb9	tjupan_bacillus_subtilis_main_cf3def291394eeb9	discovery	17	33	18	33	-35.5	+	ATGAACCTATTCAATA	3.0802674293518066
EMB_multiscale_C17	tjupan_bacillus_subtilis_main_101463e41079a20e	dbtbs_bsub_core_101463e41079a20e	discovery	42	58	43	58	-10.5	+	ATTTCTTACAATAAGC	3.080977439880371
EMB_multiscale_C17	tjupan_bacillus_subtilis_main_b24feeda89db5dfd	dbtbs_bsub_core_b24feeda89db5dfd	discovery	34	50	35	50	-18.5	+	GGTTCTAAACACTATA	3.085549831390381
EMB_multiscale_C17	tjupan_bacillus_subtilis_main_84e6c8375d18dc47	tjupan_bacillus_subtilis_main_84e6c8375d18dc47	discovery	48	64	49	64	-4.5	+	TAGGATACTATCACAA	3.110793113708496
EMB_multiscale_C17	tjupan_bacillus_subtilis_main_1259688a411f3c07	tjupan_bacillus_subtilis_main_1259688a411f3c07	discovery	15	31	16	31	-37.5	+	CTTAGGATACTGTTCA	3.1191718578338623
EMB_multiscale_C17	tjupan_bacillus_subtilis_main_2d40490247bb616a	dbtbs_bsub_core_ffa38d6978ad48aa	discovery	41	57	42	57	-11.5	+	GCTGTTCATACTAATG	3.1281208992004395
EMB_multiscale_C17	tjupan_bacillus_subtilis_main_ed12f07c80365cbc	dbtbs_bsub_core_09dd4c8ba7bc09c6	discovery	25	41	26	41	-27.5	+	TGACACCTATATTTAC	3.1352691650390625
EMB_multiscale_C17	tjupan_bacillus_subtilis_main_e2f816d3420810f5	dbtbs_bsub_core_8f473f826c608a81	discovery	54	70	55	70	1.5	+	AAGACTATTATCTGTG	3.1355488300323486
EMB_multiscale_C17	tjupan_bacillus_subtilis_main_0acb3976b9331524	tjupan_bacillus_subtilis_main_0acb3976b9331524	discovery	40	56	41	56	-12.5	+	ATCTCATAGTATTACA	3.151571750640869
EMB_multiscale_C17	tjupan_bacillus_subtilis_main_ab3313558a015086	dbtbs_bsub_core_ab3313558a015086	discovery	62	78	63	78	9.5	+	AAAGCGCTTACATTCA	3.1528029441833496
EMB_multiscale_C17	tjupan_bacillus_subtilis_main_359df7c8e20abe4e	tjupan_bacillus_subtilis_main_359df7c8e20abe4e	discovery	26	42	27	42	-26.5	+	TCATCATACTTGTCCT	3.1538100242614746
EMB_multiscale_C17	tjupan_bacillus_subtilis_main_56bd9deba3d3b9f9	dbtbs_bsub_core_5dd7cccc54d589c3	discovery	42	58	43	58	-10.5	+	TTTTCTACAATATGCG	3.1621227264404297
EMB_multiscale_C17	tjupan_bacillus_subtilis_main_92c71ea9f3febc7f	dbtbs_bsub_core_c2ee7abb48038f6f	discovery	33	49	34	49	-19.5	+	AATAACCTCGTTACAG	3.171502113342285
EMB_multiscale_C17	tjupan_bacillus_subtilis_main_13f211949a22c74a	dbtbs_bsub_core_bdbae944a25ddfff	discovery	52	68	53	68	-0.5	+	CTGTCACTATCAATAG	3.1752867698669434
EMB_multiscale_C17	tjupan_bacillus_subtilis_main_549e9d5c7cb67860	dbtbs_bsub_core_1a44bafede819df1	discovery	41	57	42	57	-11.5	+	CTGCTGATACTTTAGG	3.191401720046997
EMB_multiscale_C17	tjupan_bacillus_subtilis_main_1c375491ec2245f4	tjupan_bacillus_subtilis_main_1c375491ec2245f4	discovery	43	59	44	59	-9.5	+	CTGTTCATACTAAAGG	3.193911552429199
EMB_multiscale_C17	tjupan_bacillus_subtilis_main_51e2f43063a3baab	tjupan_bacillus_subtilis_main_51e2f43063a3baab	discovery	65	81	66	81	12.5	+	CATAAACCTATCAATA	3.198728084564209
EMB_multiscale_C17	tjupan_bacillus_subtilis_main_238ba8da2c883516	dbtbs_bsub_core_238ba8da2c883516	discovery	3	19	4	19	-49.5	+	GCTCCTACAATCACTA	3.202080726623535
EMB_multiscale_C17	tjupan_bacillus_subtilis_main_e6accdb752f9724f	dbtbs_bsub_core_41815df9927fe319	discovery	23	39	24	39	-29.5	+	AATCAACTATCTGCCT	3.210827350616455
EMB_multiscale_C17	tjupan_bacillus_subtilis_main_ca7deec2e4330ae4	tjupan_bacillus_subtilis_main_ca7deec2e4330ae4	discovery	18	34	19	34	-34.5	+	AAAACCTATTGACATG	3.2111268043518066
EMB_multiscale_C17	tjupan_bacillus_subtilis_main_2a051d7d075d7920	tjupan_bacillus_subtilis_main_2a051d7d075d7920	discovery	59	75	60	75	6.5	+	GAAAGCGTATTCTTAA	3.243481159210205
EMB_multiscale_C17	tjupan_bacillus_subtilis_main_55935e0c215d1239	dbtbs_bsub_core_bd96a60828361996	discovery	32	48	33	48	-20.5	+	AAGCCTAGTATTCCGG	3.251573085784912
EMB_multiscale_C17	tjupan_bacillus_subtilis_main_8fa35d24a76b6d72	tjupan_bacillus_subtilis_main_8fa35d24a76b6d72	discovery	26	42	27	42	-26.5	+	ATAAACCTATGTCTTT	3.2545487880706787
EMB_multiscale_C17	tjupan_bacillus_subtilis_main_43596a46e3e4ddaa	tjupan_bacillus_subtilis_main_43596a46e3e4ddaa	discovery	4	20	5	20	-48.5	+	ACCGCATCTAACCCTA	3.2620484828948975
EMB_multiscale_C17	tjupan_bacillus_subtilis_main_b88f3e08d3d51af5	tjupan_bacillus_subtilis_main_b88f3e08d3d51af5	discovery	57	73	58	73	4.5	+	AGCTATCCTTAGCACA	3.2729268074035645
EMB_multiscale_C17	tjupan_bacillus_subtilis_main_712069959cf7e3b2	dbtbs_bsub_core_be0e53c334974f0a	discovery	32	48	33	48	-20.5	+	GCAAAATCTACTCGCC	3.274839401245117
EMB_multiscale_C17	tjupan_bacillus_subtilis_main_106e69f8e7e10bd4	tjupan_bacillus_subtilis_main_106e69f8e7e10bd4	discovery	60	76	61	76	7.5	+	ACAAACATCCTTAGGA	3.290724277496338
EMB_multiscale_C17	tjupan_bacillus_subtilis_main_bc41d7d0760497f9	dbtbs_bsub_core_bc41d7d0760497f9	discovery	39	55	40	55	-13.5	+	TTCTCTGTTATAATTC	3.310032606124878
EMB_multiscale_C17	tjupan_bacillus_subtilis_main_fbae385e087109ce	tjupan_bacillus_subtilis_main_fbae385e087109ce	discovery	55	71	56	71	2.5	+	TACAATACTGCTTACT	3.311774969100952
EMB_multiscale_C17	tjupan_bacillus_subtilis_main_43fbda6e3c3abdae	dbtbs_bsub_core_c62c8589a5774a74	discovery	41	57	42	57	-11.5	+	CGAAGCTCGTATACAT	3.3129148483276367
EMB_multiscale_C17	tjupan_bacillus_subtilis_main_8837dc4443db7de3	tjupan_bacillus_subtilis_main_8837dc4443db7de3	discovery	41	57	42	57	-11.5	+	AAAACGCTATCATTCT	3.3292360305786133
EMB_multiscale_C17	tjupan_bacillus_subtilis_main_88d6ae8ec11f6e65	tjupan_bacillus_subtilis_main_88d6ae8ec11f6e65	discovery	50	66	51	66	-2.5	+	ACTAGCTTACATTAAG	3.3328611850738525
EMB_multiscale_C17	tjupan_bacillus_subtilis_main_5a860caea8fc814c	tjupan_bacillus_subtilis_main_5a860caea8fc814c	discovery	44	60	45	60	-8.5	+	TTGTCTACAGTTAATA	3.3333070278167725
EMB_multiscale_C17	tjupan_bacillus_subtilis_main_50a7bea74c679f62	tjupan_bacillus_subtilis_main_50a7bea74c679f62	discovery	45	61	46	61	-7.5	+	TGTCTCATAGGTTATA	3.3729166984558105
EMB_multiscale_C17	tjupan_bacillus_subtilis_main_66bdec0f6e49230b	dbtbs_bsub_core_66bdec0f6e49230b	discovery	40	56	41	56	-12.5	+	GCTCCTTCTATAATGA	3.388425827026367
EMB_multiscale_C17	tjupan_bacillus_subtilis_main_ba49f50d8b0af1c7	dbtbs_bsub_core_8a4a22c637647f42	discovery	45	61	46	61	-7.5	+	GAGAAACCTATCTGTT	3.3948323726654053
EMB_multiscale_C17	tjupan_bacillus_subtilis_main_41b76e09c674d652	dbtbs_bsub_core_41b76e09c674d652	discovery	48	64	49	64	-4.5	+	ATTATAAACTCTACAA	3.399099111557007
EMB_multiscale_C17	tjupan_bacillus_subtilis_main_8a4a22c637647f42	dbtbs_bsub_core_8a4a22c637647f42	discovery	44	60	45	60	-8.5	+	GAGAAACCTATCTGTT	3.413480520248413
EMB_multiscale_C17	tjupan_bacillus_subtilis_main_b11aff47b9c426f3	dbtbs_bsub_core_b11aff47b9c426f3	discovery	21	37	22	37	-31.5	+	AAAGCATACTTCCTTC	3.4162111282348633
EMB_multiscale_C17	tjupan_bacillus_subtilis_main_163772f02671a528	tjupan_bacillus_subtilis_main_163772f02671a528	discovery	53	69	54	69	0.5	+	TCTTCCTAGATGTTAA	3.417663812637329
EMB_multiscale_C17	tjupan_bacillus_subtilis_main_f3423ecbff5b6537	dbtbs_bsub_core_dc8c32e7cfbca6d1	discovery	45	61	46	61	-7.5	+	AGTTACACTAATTATA	3.4292783737182617
EMB_multiscale_C17	tjupan_bacillus_subtilis_main_79d6d17268b5d0ce	dbtbs_bsub_core_94e9d8c40cf791b3	discovery	44	60	45	60	-8.5	+	TTCCCGTACTATTTGT	3.4415414333343506
EMB_multiscale_C17	tjupan_bacillus_subtilis_main_e66d1eb3358cf03d	dbtbs_bsub_core_601150b85493a7a1	discovery	55	71	56	71	2.5	+	ACCGTATTACTCCGCC	3.4676108360290527
EMB_multiscale_C17	tjupan_bacillus_subtilis_main_047e296b8721a352	dbtbs_bsub_core_d618c1525725d045	discovery	51	67	52	67	-1.5	+	ACCTTTAGTGACATCT	3.472121000289917
EMB_multiscale_C17	tjupan_bacillus_subtilis_main_ad6e1b40396f6528	dbtbs_bsub_core_ad6e1b40396f6528	discovery	47	63	48	63	-5.5	+	GTATACTATTAATCAA	3.474926471710205
EMB_multiscale_C17	tjupan_bacillus_subtilis_main_962b839f321a2605	dbtbs_bsub_core_962b839f321a2605	discovery	37	53	38	53	-15.5	+	CCTCTTAGCGATACAA	3.502488136291504
EMB_multiscale_C17	tjupan_bacillus_subtilis_main_8e892e5639ef0ac1	dbtbs_bsub_core_d25c674b3a14df1a	discovery	39	55	40	55	-13.5	+	ATATCAAGCTACACTA	3.512096405029297
EMB_multiscale_C17	tjupan_bacillus_subtilis_main_f04c569125ce3afa	dbtbs_bsub_core_85a34ab094cb765f	discovery	55	71	56	71	2.5	+	GGGAATCCTACAGAAA	3.5121188163757324
EMB_multiscale_C17	tjupan_bacillus_subtilis_main_8265264627414ceb	tjupan_bacillus_subtilis_main_8265264627414ceb	discovery	0	16	1	16	-52.5	+	CGGTATACCTGGTATG	3.5126595497131348
EMB_multiscale_C17	tjupan_bacillus_subtilis_main_74de924b5fe0230a	dbtbs_bsub_core_74de924b5fe0230a	discovery	64	80	65	80	11.5	+	TCAAATCACTAGAGCG	3.519813299179077
EMB_multiscale_C17	tjupan_bacillus_subtilis_main_5957e34dfa6ab85c	tjupan_bacillus_subtilis_main_5957e34dfa6ab85c	discovery	28	44	29	44	-24.5	+	TTCTCTGTTACATATT	3.523344039916992
EMB_multiscale_C17	tjupan_bacillus_subtilis_main_dc65c8922842b20f	tjupan_bacillus_subtilis_main_dc65c8922842b20f	discovery	64	80	65	80	11.5	+	CTACCCTCATAGTACG	3.528595209121704
EMB_multiscale_C17	tjupan_bacillus_subtilis_main_c648ac4df22b0f89	dbtbs_bsub_core_c648ac4df22b0f89	discovery	38	54	39	54	-14.5	+	GACTTAGTCGATATAA	3.534917116165161
EMB_multiscale_C17	tjupan_bacillus_subtilis_main_c2a5e00f908ba88c	dbtbs_bsub_core_c2a5e00f908ba88c	discovery	41	57	42	57	-11.5	+	CTGCCCATAGACTAGA	3.5447137355804443
EMB_multiscale_C17	tjupan_bacillus_subtilis_main_bba2e45eb636482b	dbtbs_bsub_core_bba2e45eb636482b	discovery	21	37	22	37	-31.5	+	TCTCTCATATAACACA	3.5450212955474854
EMB_multiscale_C17	tjupan_bacillus_subtilis_main_4a76c51266c80a0f	dbtbs_bsub_core_b905bf06b88d4e46	discovery	38	54	39	54	-14.5	+	CCACCTATCCGTAATT	3.5592880249023438
EMB_multiscale_C17	tjupan_bacillus_subtilis_main_e445a9d379a1812a	dbtbs_bsub_core_e445a9d379a1812a	discovery	65	81	66	81	12.5	+	TACCTTAGCTTATCCT	3.5647950172424316
EMB_multiscale_C17	tjupan_bacillus_subtilis_main_efde358c620c36bd	dbtbs_bsub_core_efde358c620c36bd	discovery	7	23	8	23	-45.5	+	TATTACATTCTAACCA	3.5670673847198486
EMB_multiscale_C17	tjupan_bacillus_subtilis_main_6fcd42bdf8073a65	dbtbs_bsub_core_6fcd42bdf8073a65	discovery	27	43	28	43	-25.5	+	TGTACATAAGGTCTCT	3.570611000061035
EMB_multiscale_C17	tjupan_bacillus_subtilis_main_5e30b1d213eba695	tjupan_bacillus_subtilis_main_5e30b1d213eba695	discovery	7	23	8	23	-45.5	+	AATCATCCTACAAGTG	3.5780420303344727
EMB_multiscale_C17	tjupan_bacillus_subtilis_main_fde7c2aaac5c57ce	dbtbs_bsub_core_fde7c2aaac5c57ce	discovery	25	41	26	41	-27.5	+	TTGACCGCTTATCGAC	3.586207389831543
EMB_multiscale_C17	tjupan_bacillus_subtilis_main_9e087715e3522ed4	dbtbs_bsub_core_b3df5d74f56f0610	discovery	45	61	46	61	-7.5	+	GGAACTTAGGCTATAT	3.6055099964141846
EMB_multiscale_C17	tjupan_bacillus_subtilis_main_64dfe397c07a4656	dbtbs_bsub_core_99013d44fc3df9d1	discovery	40	56	41	56	-12.5	+	CTCGCTCATTTAATAA	3.6169087886810303
EMB_multiscale_C17	tjupan_bacillus_subtilis_main_94d81586c680a254	tjupan_bacillus_subtilis_main_94d81586c680a254	discovery	45	61	46	61	-7.5	+	GATGCTATACTAAAAA	3.6184418201446533
EMB_multiscale_C17	tjupan_bacillus_subtilis_main_2c918744f6daf466	dbtbs_bsub_core_20f77243a5b2c4ab	discovery	44	60	45	60	-8.5	+	CGCACGTCTTTATAGA	3.6291091442108154
EMB_multiscale_C17	tjupan_bacillus_subtilis_main_691e7ded333dd616	dbtbs_bsub_core_691e7ded333dd616	discovery	34	50	35	50	-18.5	+	CGCATATTCTATGGTA	3.638319969177246
EMB_multiscale_C17	tjupan_bacillus_subtilis_main_56fbf5e1ebfb46d1	dbtbs_bsub_core_56fbf5e1ebfb46d1	discovery	30	46	31	46	-22.5	+	AATTAGACTTAAACAC	3.65533447265625
EMB_multiscale_C17	tjupan_bacillus_subtilis_main_db7eebd0b9425a4f	dbtbs_bsub_core_db7eebd0b9425a4f	discovery	40	56	41	56	-12.5	+	GTCTGAACATACTAAT	3.670606851577759
EMB_multiscale_C17	tjupan_bacillus_subtilis_main_6b5eda10bbc36b27	dbtbs_bsub_core_0d578393adbcde98	discovery	7	23	8	23	-45.5	+	CCTCTCAACATTAATT	3.674711227416992
EMB_multiscale_C17	tjupan_bacillus_subtilis_main_ced72b826f4a910f	dbtbs_bsub_core_d1a4fbb8ec4bd212	discovery	4	20	5	20	-48.5	+	CTATTCTCGGCAAACA	3.676898956298828
EMB_multiscale_C17	tjupan_bacillus_subtilis_main_e95909bd7e136f46	dbtbs_bsub_core_426aaa712ced5536	discovery	42	58	43	58	-10.5	+	AGGTCTTACAGTATAA	3.677821397781372
EMB_multiscale_C17	tjupan_bacillus_subtilis_main_2b2db3c55e03b737	dbtbs_bsub_core_9d26dfa3049d6f00	discovery	35	51	36	51	-17.5	+	GAACCCAATTAGTATG	3.6982383728027344
EMB_multiscale_C17	tjupan_bacillus_subtilis_main_d9da0a0033167763	dbtbs_bsub_core_d9da0a0033167763	discovery	4	20	5	20	-48.5	+	GACAATTAGGCTATTG	3.717711925506592
EMB_multiscale_C17	tjupan_bacillus_subtilis_main_52fe6822c9d74b50	tjupan_bacillus_subtilis_main_52fe6822c9d74b50	discovery	27	43	28	43	-25.5	+	ACCAAACCTATCATCT	3.729417324066162
EMB_multiscale_C17	tjupan_bacillus_subtilis_main_ef1d1fbaad689e40	dbtbs_bsub_core_ef1d1fbaad689e40	discovery	41	57	42	57	-11.5	+	CACCTCATACAATGCA	3.7460367679595947
EMB_multiscale_C17	tjupan_bacillus_subtilis_main_91197a052a9adc5b	tjupan_bacillus_subtilis_main_91197a052a9adc5b	discovery	44	60	45	60	-8.5	+	TGTTATTCTAATATAC	3.7470948696136475
EMB_multiscale_C17	tjupan_bacillus_subtilis_main_354da8035d16f701	dbtbs_bsub_core_1ee6e81d7c1d1fa1	discovery	48	64	49	64	-4.5	+	ACGATATCACCTGTTA	3.7499303817749023
EMB_multiscale_C17	tjupan_bacillus_subtilis_main_e4ca0c490585b644	tjupan_bacillus_subtilis_main_e4ca0c490585b644	discovery	63	79	64	79	10.5	+	AGCGTCTTTACAACAG	3.753908634185791
EMB_multiscale_C17	tjupan_bacillus_subtilis_main_73a7b40a4dc814aa	dbtbs_bsub_core_bdba293c4926b88d	discovery	48	64	49	64	-4.5	+	TAAGCTTAATCTAGAT	3.770826578140259
EMB_multiscale_C17	tjupan_bacillus_subtilis_main_adff0049bb8c9b3f	tjupan_bacillus_subtilis_main_adff0049bb8c9b3f	discovery	47	63	48	63	-5.5	+	CTGGATATACTGTAAA	3.8098747730255127
EMB_multiscale_C17	tjupan_bacillus_subtilis_main_4fa5d89620e7d8ce	dbtbs_bsub_core_5eb05bc57612da6d	discovery	22	38	23	38	-30.5	+	CTTGCTAGTATATCAA	3.855103015899658
EMB_multiscale_C17	tjupan_bacillus_subtilis_main_24675587b92cc4c7	tjupan_bacillus_subtilis_main_24675587b92cc4c7	discovery	41	57	42	57	-11.5	+	TTTGGACTACTATTAA	3.8555924892425537
EMB_multiscale_C17	tjupan_bacillus_subtilis_main_2a3c695bd1a0b4c9	tjupan_bacillus_subtilis_main_2a3c695bd1a0b4c9	discovery	51	67	52	67	-1.5	+	TACTTTTACAGAAGCC	3.876386880874634
EMB_multiscale_C17	tjupan_bacillus_subtilis_main_6c11169e185f76df	dbtbs_bsub_core_6c11169e185f76df	discovery	48	64	49	64	-4.5	+	GAATAGCCTTACTGAA	3.876771926879883
EMB_multiscale_C17	tjupan_bacillus_subtilis_main_a43c85166b962f37	dbtbs_bsub_core_47d2cdeb8a491885	discovery	26	42	27	42	-26.5	+	TTTACTGCTTACAGAA	3.897846221923828
EMB_multiscale_C17	tjupan_bacillus_subtilis_main_4648c22f43ae6952	tjupan_bacillus_subtilis_main_4648c22f43ae6952	discovery	48	64	49	64	-4.5	+	GTATTATACTGAAGGG	3.8978841304779053
EMB_multiscale_C17	tjupan_bacillus_subtilis_main_9daaa0d103ffad86	dbtbs_bsub_core_9daaa0d103ffad86	discovery	38	54	39	54	-14.5	+	TCTTCACTGATAAACT	3.8987629413604736
EMB_multiscale_C17	tjupan_bacillus_subtilis_main_517410185d825f3e	tjupan_bacillus_subtilis_main_517410185d825f3e	discovery	42	58	43	58	-10.5	+	TCATCAATACTTATAA	3.900765895843506
EMB_multiscale_C17	tjupan_bacillus_subtilis_main_bfe4e797767b8990	tjupan_bacillus_subtilis_main_bfe4e797767b8990	discovery	44	60	45	60	-8.5	+	GTGTTACCTTCACAAC	3.9060568809509277
EMB_multiscale_C17	tjupan_bacillus_subtilis_main_b1dfffe50d4e7cba	dbtbs_bsub_core_6990407cd148d57b	discovery	8	24	9	24	-44.5	+	GCTTCTGTATAGCCCT	3.9063022136688232
EMB_multiscale_C17	tjupan_bacillus_subtilis_main_a9fde0fdd238b261	dbtbs_bsub_core_06588c97cd7288a8	discovery	17	33	18	33	-35.5	+	TTTTCCTCGATAAGAA	3.913940906524658
EMB_multiscale_C17	tjupan_bacillus_subtilis_main_f6994e5b6245c7bf	tjupan_bacillus_subtilis_main_f6994e5b6245c7bf	discovery	28	44	29	44	-24.5	+	ATTTTGCACTAAAGCA	3.918212652206421
EMB_multiscale_C17	tjupan_bacillus_subtilis_main_b47674f2cd66e067	tjupan_bacillus_subtilis_main_b47674f2cd66e067	discovery	37	53	38	53	-15.5	+	ACTCTTCAGTTATATT	3.926624298095703
EMB_multiscale_C17	tjupan_bacillus_subtilis_main_8a0979b032bb35c1	dbtbs_bsub_core_33318fe6256d39ff	discovery	59	75	60	75	6.5	+	AGAAGCTACTTTGTGC	3.9269235134124756
EMB_multiscale_C17	tjupan_bacillus_subtilis_main_d1b10b64ac040b8c	dbtbs_bsub_core_3a6c62def340fb72	discovery	61	77	62	77	8.5	+	CATACTTACCTAAAAG	3.9327950477600098
EMB_multiscale_C17	tjupan_bacillus_subtilis_main_fea868950ff1c774	tjupan_bacillus_subtilis_main_fea868950ff1c774	discovery	48	64	49	64	-4.5	+	GATAATGCTCCTAGAG	3.9603617191314697
EMB_multiscale_C17	tjupan_bacillus_subtilis_main_ef6dc517178d6adf	dbtbs_bsub_core_ef6dc517178d6adf	discovery	38	54	39	54	-14.5	+	CCATCCTCTATACTTT	3.9642744064331055
EMB_multiscale_C17	tjupan_bacillus_subtilis_main_c9a32e1db5125d7c	dbtbs_bsub_core_c9a32e1db5125d7c	discovery	6	22	7	22	-46.5	+	AGAACGCCTATGAATA	3.964590549468994
EMB_multiscale_C17	tjupan_bacillus_subtilis_main_76909c0ebd8db916	dbtbs_bsub_core_d5153844984277ea	discovery	43	59	44	59	-9.5	+	TGTGTTACTCTACATA	3.9711496829986572
EMB_multiscale_C17	tjupan_bacillus_subtilis_main_7a6037ae36a0870c	tjupan_bacillus_subtilis_main_7a6037ae36a0870c	discovery	34	50	35	50	-18.5	+	CGTCTTCTATGGGAGA	3.9977195262908936
EMB_multiscale_C17	tjupan_bacillus_subtilis_main_71a2a4c64c087430	tjupan_bacillus_subtilis_main_71a2a4c64c087430	discovery	40	56	41	56	-12.5	+	GCCGCTACATAGGCTA	3.9997806549072266
EMB_multiscale_C17	tjupan_bacillus_subtilis_main_f1fe1806a852fcba	dbtbs_bsub_core_f1fe1806a852fcba	discovery	49	65	50	65	-3.5	+	CATACTCGTCTACACA	4.043261528015137
EMB_multiscale_C17	tjupan_bacillus_subtilis_main_7ebbe970ac38b83d	dbtbs_bsub_core_5742761e1938e2d4	discovery	18	34	19	34	-34.5	+	GAACACTTATACACTT	4.047467231750488
EMB_multiscale_C17	tjupan_bacillus_subtilis_main_25308dd77914b9d9	dbtbs_bsub_core_1dc2eb4818f9715a	discovery	27	43	28	43	-25.5	+	CTTTTCATCATACCAA	4.052542209625244
EMB_multiscale_C17	tjupan_bacillus_subtilis_main_0f74e2398b4ac2a6	dbtbs_bsub_core_e5f400f6f8de25f5	discovery	65	81	66	81	12.5	+	CCACATGTCTAGGAGT	4.054533958435059
EMB_multiscale_C17	tjupan_bacillus_subtilis_main_282b0a85bf46906b	tjupan_bacillus_subtilis_main_282b0a85bf46906b	discovery	60	76	61	76	7.5	+	GTACGTACTAATTAAA	4.074518203735352
EMB_multiscale_C17	tjupan_bacillus_subtilis_main_a43a1f032db2e49e	dbtbs_bsub_core_872c1380ac7bb81f	discovery	65	81	66	81	12.5	+	AAAACTTACGAGCTTC	4.078364372253418
EMB_multiscale_C17	tjupan_bacillus_subtilis_main_bdf5315a71015695	dbtbs_bsub_core_c94ae7322b918d76	discovery	44	60	45	60	-8.5	+	AGATATACTTAAGTGT	4.19017219543457
EMB_multiscale_C17	tjupan_bacillus_subtilis_main_dbd8ff77ae99e6b2	dbtbs_bsub_core_dbd8ff77ae99e6b2	discovery	31	47	32	47	-21.5	+	ACGAGCTATCTCATGG	4.210313320159912
EMB_multiscale_C17	tjupan_bacillus_subtilis_main_ec009cfbae4f5210	dbtbs_bsub_core_ec009cfbae4f5210	discovery	25	41	26	41	-27.5	+	TTGACTACCTGTATAT	4.241227626800537
EMB_multiscale_C17	tjupan_bacillus_subtilis_main_61e92334116d4289	dbtbs_bsub_core_946ad3835c6af00d	discovery	19	35	20	35	-33.5	+	TACAACTCATATCCTT	4.264684677124023
EMB_multiscale_C17	tjupan_bacillus_subtilis_main_e28ceade6e8616fa	dbtbs_bsub_core_9b12482ac6eea2d4	discovery	14	30	15	30	-38.5	+	TCTCCTTGTAGCGTAT	4.3167805671691895
EMB_multiscale_C17	tjupan_bacillus_subtilis_main_a8b2c052c0cdfcff	tjupan_bacillus_subtilis_main_a8b2c052c0cdfcff	discovery	41	57	42	57	-11.5	+	TTTGTCTCTATAATAA	4.345009803771973
EMB_multiscale_C17	tjupan_bacillus_subtilis_main_ac1a0a0a579397f6	tjupan_bacillus_subtilis_main_ac1a0a0a579397f6	discovery	43	59	44	59	-9.5	+	GCTTCTCGTACATATG	4.386163711547852
EMB_multiscale_C17	tjupan_bacillus_subtilis_main_ea59d0ddaaaaf005	dbtbs_bsub_core_ff8c346476498240	discovery	38	54	39	54	-14.5	+	CCCCACTCATATATTT	4.391673564910889
EMB_multiscale_C17	tjupan_bacillus_subtilis_main_7942697cd86d944b	tjupan_bacillus_subtilis_main_7942697cd86d944b	discovery	38	54	39	54	-14.5	+	GCCTCTTCTATATAAT	4.4407196044921875
EMB_multiscale_C17	tjupan_bacillus_subtilis_main_acb860b1f6674578	dbtbs_bsub_core_f1e6e06788e9c9fd	discovery	44	60	45	60	-8.5	+	AAAACGACTATTTTAG	4.448787212371826
EMB_multiscale_C17	tjupan_bacillus_subtilis_main_632ff1f5d92b347a	tjupan_bacillus_subtilis_main_632ff1f5d92b347a	discovery	53	69	54	69	0.5	+	TATTATCGTACTGTGC	4.485551834106445
EMB_multiscale_C17	tjupan_bacillus_subtilis_main_b59ef89e981b3745	tjupan_bacillus_subtilis_main_b59ef89e981b3745	discovery	43	59	44	59	-9.5	+	TTCTTCGTATAAAGGT	4.536869525909424
EMB_multiscale_C17	tjupan_bacillus_subtilis_main_2313c7dbb458e370	dbtbs_bsub_core_98d6bef120e2925b	discovery	42	58	43	58	-10.5	+	TTTACCGTCTATGTAG	4.59800910949707
EMB_multiscale_C17	tjupan_bacillus_subtilis_main_3eab38fdf3061b6a	tjupan_bacillus_subtilis_main_3eab38fdf3061b6a	discovery	65	81	66	81	12.5	+	GGCGCCTAACTAATAC	4.630953311920166
EMB_multiscale_C17	tjupan_bacillus_subtilis_main_80add31ceb4a1382	tjupan_bacillus_subtilis_main_80add31ceb4a1382	discovery	39	55	40	55	-13.5	+	CTTTCGCTATAATGAC	4.648899078369141
EMB_multiscale_C17	tjupan_bacillus_subtilis_main_9d589577eb1cbe67	tjupan_bacillus_subtilis_main_9d589577eb1cbe67	discovery	13	29	14	29	-39.5	+	GTTACTCTCTGGTGTA	4.757569789886475
EMB_multiscale_C17	tjupan_bacillus_subtilis_main_1edc8da3b582b0a5	dbtbs_bsub_core_1edc8da3b582b0a5	discovery	63	79	64	79	10.5	+	TTTTAAATACATCTTT	4.775110244750977
EMB_multiscale_C17	tjupan_bacillus_subtilis_main_9c3cc423ec1465b1	dbtbs_bsub_core_9c3cc423ec1465b1	discovery	46	62	47	62	-6.5	+	CACATACTACATATAT	5.450939178466797
EMB_multiscale_C18	tjupan_bacillus_subtilis_main_f1fe1806a852fcba	dbtbs_bsub_core_f1fe1806a852fcba	discovery	54	70	55	70	1.5	+	TCGTCTACACATGAAA	2.478914499282837
EMB_multiscale_C18	tjupan_bacillus_subtilis_main_89a40bf9e0650967	dbtbs_bsub_core_89a40bf9e0650967	discovery	7	23	8	23	-45.5	+	GACGTTCACCATAAGA	2.5971267223358154
EMB_multiscale_C18	tjupan_bacillus_subtilis_main_ed12f07c80365cbc	dbtbs_bsub_core_09dd4c8ba7bc09c6	discovery	21	37	22	37	-31.5	+	GTCTTGACACCTATAT	2.6022286415100098
EMB_multiscale_C18	tjupan_bacillus_subtilis_main_59b38cd2f2ea112d	dbtbs_bsub_core_59b38cd2f2ea112d	discovery	33	49	34	49	-19.5	+	AATAGGACAACGTCAT	2.608530044555664
EMB_multiscale_C18	tjupan_bacillus_subtilis_main_84e6c8375d18dc47	tjupan_bacillus_subtilis_main_84e6c8375d18dc47	discovery	50	66	51	66	-2.5	+	GGATACTATCACAAAA	2.6425375938415527
EMB_multiscale_C18	tjupan_bacillus_subtilis_main_2931d3a1a20c25de	dbtbs_bsub_core_60150ba1e82823d4	discovery	23	39	24	39	-29.5	+	TTGTAACCATCACGTC	2.6469404697418213
EMB_multiscale_C18	tjupan_bacillus_subtilis_main_de399adaaafe5be7	dbtbs_bsub_core_f1028676a1f89b0e	discovery	62	78	63	78	9.5	+	TAGGATACTGTTCACA	2.6806275844573975
EMB_multiscale_C18	tjupan_bacillus_subtilis_main_5d881eac8b46d627	dbtbs_bsub_core_5d881eac8b46d627	discovery	37	53	38	53	-15.5	+	ACAGCTGTTACATAGC	2.6961817741394043
EMB_multiscale_C18	tjupan_bacillus_subtilis_main_ade9dc791ab39f6c	dbtbs_bsub_core_ade9dc791ab39f6c	discovery	19	35	20	35	-33.5	+	AGATTCATACCACGTT	2.721755266189575
EMB_multiscale_C18	tjupan_bacillus_subtilis_main_ff61268918c0af5d	tjupan_bacillus_subtilis_main_ff61268918c0af5d	discovery	26	42	27	42	-26.5	+	GCATGTATCACGAGAT	2.748198986053467
EMB_multiscale_C18	tjupan_bacillus_subtilis_main_eb88f130dfce6401	tjupan_bacillus_subtilis_main_eb88f130dfce6401	discovery	14	30	15	30	-38.5	+	TGACATAGTTCACAAG	2.767080068588257
EMB_multiscale_C18	tjupan_bacillus_subtilis_main_66bdec0f6e49230b	dbtbs_bsub_core_66bdec0f6e49230b	discovery	53	69	54	69	0.5	+	TGAAGTCACCATAGCG	2.8162999153137207
EMB_multiscale_C18	tjupan_bacillus_subtilis_main_e47a55cd702f35e7	dbtbs_bsub_core_175bcd2ea2263ee4	discovery	58	74	59	74	5.5	+	TTGAGGTACATCCTTA	2.8670706748962402
EMB_multiscale_C18	tjupan_bacillus_subtilis_main_01ae3d26fad13b71	dbtbs_bsub_core_7a9c3b7d79cfafb8	discovery	51	67	52	67	-1.5	+	TCCATACCAGAACTCA	2.9072747230529785
EMB_multiscale_C18	tjupan_bacillus_subtilis_main_8265264627414ceb	tjupan_bacillus_subtilis_main_8265264627414ceb	discovery	7	23	8	23	-45.5	+	CCTGGTATGACAGCAC	2.92936372756958
EMB_multiscale_C18	tjupan_bacillus_subtilis_main_20bbba0ce59de449	dbtbs_bsub_core_20bbba0ce59de449	discovery	30	46	31	46	-22.5	+	GTTGGCACGATCCTTG	2.9353232383728027
EMB_multiscale_C18	tjupan_bacillus_subtilis_main_737474f253397bee	tjupan_bacillus_subtilis_main_737474f253397bee	discovery	6	22	7	22	-46.5	+	GCAATCTGACATACGA	2.9447243213653564
EMB_multiscale_C18	tjupan_bacillus_subtilis_main_61d216a2a24189d0	dbtbs_bsub_core_61d216a2a24189d0	discovery	29	45	30	45	-23.5	+	AAAGCCGACATGACAA	2.9544641971588135
EMB_multiscale_C18	tjupan_bacillus_subtilis_main_6514a11d381455ae	tjupan_bacillus_subtilis_main_6514a11d381455ae	discovery	16	32	17	32	-36.5	+	GAAGTCATACCGTAAA	2.9575231075286865
EMB_multiscale_C18	tjupan_bacillus_subtilis_main_3270409c742f3314	dbtbs_bsub_core_edd6f2ee95c58508	discovery	24	40	25	40	-28.5	+	TGACATGTTACCGATT	2.9622561931610107
EMB_multiscale_C18	tjupan_bacillus_subtilis_main_101463e41079a20e	dbtbs_bsub_core_101463e41079a20e	discovery	13	29	14	29	-39.5	+	ACACGAACTTCATAGA	2.965571641921997
EMB_multiscale_C18	tjupan_bacillus_subtilis_main_61e92334116d4289	dbtbs_bsub_core_946ad3835c6af00d	discovery	13	29	14	29	-39.5	+	AATCATTACAACTCAT	2.974325656890869
EMB_multiscale_C18	tjupan_bacillus_subtilis_main_5cf51ca317588066	tjupan_bacillus_subtilis_main_5cf51ca317588066	discovery	37	53	38	53	-15.5	+	CTCTTACAAGCATACA	2.9759931564331055
EMB_multiscale_C18	tjupan_bacillus_subtilis_main_256978383d162d01	dbtbs_bsub_core_256978383d162d01	discovery	45	61	46	61	-7.5	+	GCTACAATACAGCTTG	2.988234281539917
EMB_multiscale_C18	tjupan_bacillus_subtilis_main_202644f8a02efab9	dbtbs_bsub_core_f4d81ad6a0709a55	discovery	59	75	60	75	6.5	+	TAAAGTTCACATACAG	3.0087904930114746
EMB_multiscale_C18	tjupan_bacillus_subtilis_main_a9ae08a54b460299	dbtbs_bsub_core_4c306bb2d4b261c8	discovery	19	35	20	35	-33.5	+	AACAGGATTACAATTC	3.030158281326294
EMB_multiscale_C18	tjupan_bacillus_subtilis_main_fb689c0625deec2e	dbtbs_bsub_core_bf9535fab79dbf8f	discovery	37	53	38	53	-15.5	+	TCAATTCACGTTACAA	3.0440704822540283
EMB_multiscale_C18	tjupan_bacillus_subtilis_main_b5cc4aad42c9a683	dbtbs_bsub_core_b5cc4aad42c9a683	discovery	55	71	56	71	2.5	+	AATTCACAGAATAGTC	3.0580711364746094
EMB_multiscale_C18	tjupan_bacillus_subtilis_main_ced72b826f4a910f	dbtbs_bsub_core_d1a4fbb8ec4bd212	discovery	10	26	11	26	-42.5	+	TCGGCAAACATAGCAT	3.0586674213409424
EMB_multiscale_C18	tjupan_bacillus_subtilis_main_52267ea931cb2dd7	dbtbs_bsub_core_b35218f45c0f11c8	discovery	43	59	44	59	-9.5	+	TCCCTAACATGATAAA	3.0661468505859375
EMB_multiscale_C18	tjupan_bacillus_subtilis_main_36eed70446e6810b	dbtbs_bsub_core_36eed70446e6810b	discovery	35	51	36	51	-17.5	+	AATATTCACGTTATCA	3.0692505836486816
EMB_multiscale_C18	tjupan_bacillus_subtilis_main_dc1d0e364ea2d865	tjupan_bacillus_subtilis_main_dc1d0e364ea2d865	discovery	40	56	41	56	-12.5	+	TTGTCAACTACAATGA	3.070450782775879
EMB_multiscale_C18	tjupan_bacillus_subtilis_main_7c03938b389dc368	dbtbs_bsub_core_39e8d21f598046d9	discovery	56	72	57	72	3.5	+	TTGCATAACACATTCT	3.0717809200286865
EMB_multiscale_C18	tjupan_bacillus_subtilis_main_b0d8a2369952b821	dbtbs_bsub_core_3f773ca1224c0e26	discovery	22	38	23	38	-30.5	+	TTTGTCACAATCGGCA	3.0806336402893066
EMB_multiscale_C18	tjupan_bacillus_subtilis_main_4fc356ae4cdf5a10	dbtbs_bsub_core_89ad3abb800dad9f	discovery	50	66	51	66	-2.5	+	CACTTGGAACGTATAT	3.094071865081787
EMB_multiscale_C18	tjupan_bacillus_subtilis_main_9f03f134e6b67be2	tjupan_bacillus_subtilis_main_9f03f134e6b67be2	discovery	34	50	35	50	-18.5	+	AAATTCACCGTAGAAC	3.0996716022491455
EMB_multiscale_C18	tjupan_bacillus_subtilis_main_3eb701a469cb4095	tjupan_bacillus_subtilis_main_3eb701a469cb4095	discovery	40	56	41	56	-12.5	+	CATAGACGCATAATCT	3.102588653564453
EMB_multiscale_C18	tjupan_bacillus_subtilis_main_5eccf0b4b51999b8	tjupan_bacillus_subtilis_main_5eccf0b4b51999b8	discovery	60	76	61	76	7.5	+	TCCCACAGACAATGTC	3.1522340774536133
EMB_multiscale_C18	tjupan_bacillus_subtilis_main_1259688a411f3c07	tjupan_bacillus_subtilis_main_1259688a411f3c07	discovery	18	34	19	34	-34.5	+	AGGATACTGTTCACAC	3.171222448348999
EMB_multiscale_C18	tjupan_bacillus_subtilis_main_dbf995194ebf2b2d	dbtbs_bsub_core_dbf995194ebf2b2d	discovery	14	30	15	30	-38.5	+	GCATATTCGAACTGTT	3.17911696434021
EMB_multiscale_C18	tjupan_bacillus_subtilis_main_fe2a626ec63a594e	dbtbs_bsub_core_abc060d81660f90c	discovery	55	71	56	71	2.5	+	ATTTCAACCAGCGTGA	3.183544397354126
EMB_multiscale_C18	tjupan_bacillus_subtilis_main_6b5eda10bbc36b27	dbtbs_bsub_core_0d578393adbcde98	discovery	16	32	17	32	-36.5	+	ATTAATTGACAGACTT	3.1871159076690674
EMB_multiscale_C18	tjupan_bacillus_subtilis_main_2be0a0a038238614	tjupan_bacillus_subtilis_main_2be0a0a038238614	discovery	11	27	12	27	-41.5	+	AACTTACACATGTCTT	3.1875274181365967
EMB_multiscale_C18	tjupan_bacillus_subtilis_main_8e9af30cd29c08ec	dbtbs_bsub_core_ab5345ed831420ec	discovery	25	41	26	41	-27.5	+	TCGACAAACTGTATAT	3.2000136375427246
EMB_multiscale_C18	tjupan_bacillus_subtilis_main_84597be11ba889b8	tjupan_bacillus_subtilis_main_84597be11ba889b8	discovery	24	40	25	40	-28.5	+	AATGCGTAACACCCAA	3.2039480209350586
EMB_multiscale_C18	tjupan_bacillus_subtilis_main_047e296b8721a352	dbtbs_bsub_core_d618c1525725d045	discovery	53	69	54	69	0.5	+	CTTTAGTGACATCTAA	3.2235307693481445
EMB_multiscale_C18	tjupan_bacillus_subtilis_main_4a76c51266c80a0f	dbtbs_bsub_core_b905bf06b88d4e46	discovery	51	67	52	67	-1.5	+	ATTTCATACAAGGCAA	3.2278716564178467
EMB_multiscale_C18	tjupan_bacillus_subtilis_main_4fa5d89620e7d8ce	dbtbs_bsub_core_5eb05bc57612da6d	discovery	65	81	66	81	12.5	+	GTGCTTCGAACATAAT	3.242264747619629
EMB_multiscale_C18	tjupan_bacillus_subtilis_main_ca7deec2e4330ae4	tjupan_bacillus_subtilis_main_ca7deec2e4330ae4	discovery	19	35	20	35	-33.5	+	AAACCTATTGACATGA	3.2455978393554688
EMB_multiscale_C18	tjupan_bacillus_subtilis_main_af51a9f7939c4cfb	dbtbs_bsub_core_49fc6b8175a85db6	discovery	27	43	28	43	-25.5	+	TAACCAACTGTCAATG	3.245823860168457
EMB_multiscale_C18	tjupan_bacillus_subtilis_main_5f8b6936b2e52932	tjupan_bacillus_subtilis_main_5f8b6936b2e52932	discovery	12	28	13	28	-40.5	+	TGTGTCATAACCCTTT	3.2468478679656982
EMB_multiscale_C18	tjupan_bacillus_subtilis_main_0710c2f2267154d3	dbtbs_bsub_core_0710c2f2267154d3	discovery	20	36	21	36	-32.5	+	CATCAGAACATGTACC	3.251234292984009
EMB_multiscale_C18	tjupan_bacillus_subtilis_main_e2b483c6aef274e0	dbtbs_bsub_core_175bcd2ea2263ee4	discovery	61	77	62	77	8.5	+	ATTGAGGTACATCCTT	3.2588400840759277
EMB_multiscale_C18	tjupan_bacillus_subtilis_main_f6c5351a3e225d0c	dbtbs_bsub_core_f6c5351a3e225d0c	discovery	40	56	41	56	-12.5	+	TGCACTGATACAATTG	3.2605488300323486
EMB_multiscale_C18	tjupan_bacillus_subtilis_main_41b76e09c674d652	dbtbs_bsub_core_41b76e09c674d652	discovery	33	49	34	49	-19.5	+	TTTCATGAACCGAGTA	3.280097246170044
EMB_multiscale_C18	tjupan_bacillus_subtilis_main_993a308bb6e190e1	dbtbs_bsub_core_993a308bb6e190e1	discovery	39	55	40	55	-13.5	+	GTCCGTGAATACAATA	3.2867350578308105
EMB_multiscale_C18	tjupan_bacillus_subtilis_main_0acb3976b9331524	tjupan_bacillus_subtilis_main_0acb3976b9331524	discovery	23	39	24	39	-29.5	+	TTGACATGAACTTCTA	3.2867512702941895
EMB_multiscale_C18	tjupan_bacillus_subtilis_main_5a860caea8fc814c	tjupan_bacillus_subtilis_main_5a860caea8fc814c	discovery	41	57	42	57	-11.5	+	AGATTGTCTACAGTTA	3.2887191772460938
EMB_multiscale_C18	tjupan_bacillus_subtilis_main_980ab95cde029f78	tjupan_bacillus_subtilis_main_980ab95cde029f78	discovery	18	34	19	34	-34.5	+	AACTCATTGACAAACG	3.3025801181793213
EMB_multiscale_C18	tjupan_bacillus_subtilis_main_43fbda6e3c3abdae	dbtbs_bsub_core_c62c8589a5774a74	discovery	51	67	52	67	-1.5	+	ATACATACAGACCGGT	3.3206005096435547
EMB_multiscale_C18	tjupan_bacillus_subtilis_main_3ab41c1b83ba019b	dbtbs_bsub_core_c956a5fd581ed80a	discovery	61	77	62	77	8.5	+	GAAATTGACACAGGCA	3.337974786758423
EMB_multiscale_C18	tjupan_bacillus_subtilis_main_76909c0ebd8db916	dbtbs_bsub_core_d5153844984277ea	discovery	52	68	53	68	-0.5	+	CTACATACAGAAATTC	3.341351270675659
EMB_multiscale_C18	tjupan_bacillus_subtilis_main_3e1210c1f898bc48	dbtbs_bsub_core_42eaa371353368b2	discovery	11	27	12	27	-41.5	+	TCCTTACATCGTATTG	3.3493967056274414
EMB_multiscale_C18	tjupan_bacillus_subtilis_main_0f74e2398b4ac2a6	dbtbs_bsub_core_e5f400f6f8de25f5	discovery	55	71	56	71	2.5	+	TCAGTATCAACCACAT	3.351179361343384
EMB_multiscale_C18	tjupan_bacillus_subtilis_main_92b62a9d8d87ace9	dbtbs_bsub_core_92b62a9d8d87ace9	discovery	27	43	28	43	-25.5	+	ATAATACACGGCAGAC	3.3579254150390625
EMB_multiscale_C18	tjupan_bacillus_subtilis_main_c2d54a415a7d048a	dbtbs_bsub_core_c2d54a415a7d048a	discovery	38	54	39	54	-14.5	+	CAATACATTGCCGTCT	3.3623206615448
EMB_multiscale_C18	tjupan_bacillus_subtilis_main_1a8b81622422b81c	dbtbs_bsub_core_045e4f174337aedd	discovery	7	23	8	23	-45.5	+	ACAGACAACTGTGATT	3.375182867050171
EMB_multiscale_C18	tjupan_bacillus_subtilis_main_b7240ec09f994729	dbtbs_bsub_core_6cadf10f2f906812	discovery	28	44	29	44	-24.5	+	CTTTCATAGTCGAACT	3.376319169998169
EMB_multiscale_C18	tjupan_bacillus_subtilis_main_eaa75817f87b3088	dbtbs_bsub_core_71c43b52121900cc	discovery	42	58	43	58	-10.5	+	ATTCAGGCATACTGTT	3.3795502185821533
EMB_multiscale_C18	tjupan_bacillus_subtilis_main_3ec4c8abee3f7a8e	dbtbs_bsub_core_c18c3f10dff5c627	discovery	51	67	52	67	-1.5	+	TCTAGTACATGGACAG	3.3799548149108887
EMB_multiscale_C18	tjupan_bacillus_subtilis_main_e84ae283b7981830	tjupan_bacillus_subtilis_main_e84ae283b7981830	discovery	42	58	43	58	-10.5	+	AAAACGATACATTGTA	3.392942428588867
EMB_multiscale_C18	tjupan_bacillus_subtilis_main_a1ad6ce2d20c389b	dbtbs_bsub_core_539bc60476254ff5	discovery	31	47	32	47	-21.5	+	TTTCAACAGTGAACCG	3.392965078353882
EMB_multiscale_C18	tjupan_bacillus_subtilis_main_a43a1f032db2e49e	dbtbs_bsub_core_872c1380ac7bb81f	discovery	26	42	27	42	-26.5	+	TGCGTTAACAATGCAT	3.40153169631958
EMB_multiscale_C18	tjupan_bacillus_subtilis_main_e66d1eb3358cf03d	dbtbs_bsub_core_601150b85493a7a1	discovery	21	37	22	37	-31.5	+	GAAAAGCACATTGTAT	3.402134418487549
EMB_multiscale_C18	tjupan_bacillus_subtilis_main_57cb99253c19d2b6	tjupan_bacillus_subtilis_main_57cb99253c19d2b6	discovery	17	33	18	33	-35.5	+	ATAATCGTACAAGCAG	3.412220001220703
EMB_multiscale_C18	tjupan_bacillus_subtilis_main_25308dd77914b9d9	dbtbs_bsub_core_1dc2eb4818f9715a	discovery	30	46	31	46	-22.5	+	TTCATCATACCAAAGA	3.428093433380127
EMB_multiscale_C18	tjupan_bacillus_subtilis_main_ca7144caa797f7bc	dbtbs_bsub_core_ca7144caa797f7bc	discovery	11	27	12	27	-41.5	+	GTGCAAGACACCGTTT	3.4336068630218506
EMB_multiscale_C18	tjupan_bacillus_subtilis_main_1c375491ec2245f4	tjupan_bacillus_subtilis_main_1c375491ec2245f4	discovery	41	57	42	57	-11.5	+	ATCTGTTCATACTAAA	3.435516595840454
EMB_multiscale_C18	tjupan_bacillus_subtilis_main_06d485c4aaa12e15	dbtbs_bsub_core_06d485c4aaa12e15	discovery	26	42	27	42	-26.5	+	AACAACATTGAGCGTT	3.464944839477539
EMB_multiscale_C18	tjupan_bacillus_subtilis_main_ab3313558a015086	dbtbs_bsub_core_ab3313558a015086	discovery	65	81	66	81	12.5	+	GCGCTTACATTCATGC	3.4731271266937256
EMB_multiscale_C18	tjupan_bacillus_subtilis_main_729454a84a667dd8	dbtbs_bsub_core_729454a84a667dd8	discovery	43	59	44	59	-9.5	+	TGGGCACGTTATGAAA	3.474846601486206
EMB_multiscale_C18	tjupan_bacillus_subtilis_main_0cc8abc9b551141c	dbtbs_bsub_core_0cc8abc9b551141c	discovery	31	47	32	47	-21.5	+	AGATGACAAGTACGGT	3.4798989295959473
EMB_multiscale_C18	tjupan_bacillus_subtilis_main_b88f3e08d3d51af5	tjupan_bacillus_subtilis_main_b88f3e08d3d51af5	discovery	13	29	14	29	-39.5	+	GTGAAATACATCACTG	3.501405715942383
EMB_multiscale_C18	tjupan_bacillus_subtilis_main_d04a67d8cb9ad084	dbtbs_bsub_core_d04a67d8cb9ad084	discovery	25	41	26	41	-27.5	+	GCACACTAGACAAATG	3.502824068069458
EMB_multiscale_C18	tjupan_bacillus_subtilis_main_d9da0a0033167763	dbtbs_bsub_core_d9da0a0033167763	discovery	0	16	1	16	-52.5	+	AAGCGACAATTAGGCT	3.506105661392212
EMB_multiscale_C18	tjupan_bacillus_subtilis_main_a1b8ecb6878276b4	dbtbs_bsub_core_a1b8ecb6878276b4	discovery	56	72	57	72	3.5	+	TATAGAACGTCAGAAT	3.5096724033355713
EMB_multiscale_C18	tjupan_bacillus_subtilis_main_1dc2eb4818f9715a	dbtbs_bsub_core_1dc2eb4818f9715a	discovery	56	72	57	72	3.5	+	AAAAGTACCAATTATA	3.5175838470458984
EMB_multiscale_C18	tjupan_bacillus_subtilis_main_d1b10b64ac040b8c	dbtbs_bsub_core_3a6c62def340fb72	discovery	48	64	49	64	-4.5	+	TATCATGTAACTACAT	3.5190443992614746
EMB_multiscale_C18	tjupan_bacillus_subtilis_main_550b125b16dc206e	dbtbs_bsub_core_2ab03862f0e9dd2f	discovery	8	24	9	24	-44.5	+	ATATAGACGTTCACCC	3.523958683013916
EMB_multiscale_C18	tjupan_bacillus_subtilis_main_2c9e8a462277f7da	dbtbs_bsub_core_f7573fed016c047b	discovery	11	27	12	27	-41.5	+	TTCATTCACGAGGTAC	3.5333313941955566
EMB_multiscale_C18	tjupan_bacillus_subtilis_main_9c3cc423ec1465b1	dbtbs_bsub_core_9c3cc423ec1465b1	discovery	38	54	39	54	-14.5	+	AATCGAACCACATACT	3.5334181785583496
EMB_multiscale_C18	tjupan_bacillus_subtilis_main_64dfe397c07a4656	dbtbs_bsub_core_99013d44fc3df9d1	discovery	15	31	16	31	-37.5	+	TATATGACTCAGTCAA	3.5368998050689697
EMB_multiscale_C18	tjupan_bacillus_subtilis_main_9e087715e3522ed4	dbtbs_bsub_core_b3df5d74f56f0610	discovery	23	39	24	39	-29.5	+	GGTTTACGACTTGTCA	3.537440299987793
EMB_multiscale_C18	tjupan_bacillus_subtilis_main_118649b56e4ec470	tjupan_bacillus_subtilis_main_118649b56e4ec470	discovery	19	35	20	35	-33.5	+	GTTAGGCATTCACACA	3.5417768955230713
EMB_multiscale_C18	tjupan_bacillus_subtilis_main_f869091e55050110	tjupan_bacillus_subtilis_main_f869091e55050110	discovery	53	69	54	69	0.5	+	ATTAAACGTCGCTGAT	3.555701971054077
EMB_multiscale_C18	tjupan_bacillus_subtilis_main_d497e040ececfdff	dbtbs_bsub_core_a797439cbe2b0d85	discovery	25	41	26	41	-27.5	+	GTTGACACTGCGTCCA	3.5611555576324463
EMB_multiscale_C18	tjupan_bacillus_subtilis_main_92c71ea9f3febc7f	dbtbs_bsub_core_c2ee7abb48038f6f	discovery	37	53	38	53	-15.5	+	ACCTCGTTACAGAAAA	3.563608407974243
EMB_multiscale_C18	tjupan_bacillus_subtilis_main_dcef15bdfb353954	dbtbs_bsub_core_dcef15bdfb353954	discovery	60	76	61	76	7.5	+	GTGAAATACTTCACAA	3.582610607147217
EMB_multiscale_C18	tjupan_bacillus_subtilis_main_f452c4bef1ed8b92	dbtbs_bsub_core_f452c4bef1ed8b92	discovery	3	19	4	19	-49.5	+	AATGATACCGAGTGTA	3.5883772373199463
EMB_multiscale_C18	tjupan_bacillus_subtilis_main_5150105a4bdfd4ce	tjupan_bacillus_subtilis_main_5150105a4bdfd4ce	discovery	57	73	58	73	4.5	+	AATATGACACAATCGG	3.588414430618286
EMB_multiscale_C18	tjupan_bacillus_subtilis_main_0a0035c3a0685aa9	dbtbs_bsub_core_d50ffa4df9b8add7	discovery	21	37	22	37	-31.5	+	ATTCCGCACAAGTTGG	3.5986974239349365
EMB_multiscale_C18	tjupan_bacillus_subtilis_main_f9edd67964b41200	dbtbs_bsub_core_f9edd67964b41200	discovery	41	57	42	57	-11.5	+	GAAAGCAGACACACTA	3.5996716022491455
EMB_multiscale_C18	tjupan_bacillus_subtilis_main_a92ee416463b3fc1	dbtbs_bsub_core_585820026d8d814d	discovery	51	67	52	67	-1.5	+	TGTAAACATGTAGCAA	3.6006147861480713
EMB_multiscale_C18	tjupan_bacillus_subtilis_main_5e30b1d213eba695	tjupan_bacillus_subtilis_main_5e30b1d213eba695	discovery	9	25	10	25	-43.5	+	TCATCCTACAAGTGAA	3.602137804031372
EMB_multiscale_C18	tjupan_bacillus_subtilis_main_187a9844a7f0c551	tjupan_bacillus_subtilis_main_187a9844a7f0c551	discovery	54	70	55	70	1.5	+	TTGTACAAGTTACATA	3.617896318435669
EMB_multiscale_C18	tjupan_bacillus_subtilis_main_88d6ae8ec11f6e65	tjupan_bacillus_subtilis_main_88d6ae8ec11f6e65	discovery	19	35	20	35	-33.5	+	ATTACTTGACGTAAAC	3.62842059135437
EMB_multiscale_C18	tjupan_bacillus_subtilis_main_bebf1b31befd9c3c	dbtbs_bsub_core_bebf1b31befd9c3c	discovery	54	70	55	70	1.5	+	TATAACGTTCACAAAA	3.631873607635498
EMB_multiscale_C18	tjupan_bacillus_subtilis_main_7cd769ed0580d73e	tjupan_bacillus_subtilis_main_7cd769ed0580d73e	discovery	24	40	25	40	-28.5	+	ATATTCACCGGTATTT	3.632814645767212
EMB_multiscale_C18	tjupan_bacillus_subtilis_main_5fc80954df40cf68	dbtbs_bsub_core_44be1bddac760e1c	discovery	35	51	36	51	-17.5	+	TATAATCCACCGCATA	3.6336162090301514
EMB_multiscale_C18	tjupan_bacillus_subtilis_main_56fbf5e1ebfb46d1	dbtbs_bsub_core_56fbf5e1ebfb46d1	discovery	37	53	38	53	-15.5	+	CTTAAACACAGTATAC	3.6351189613342285
EMB_multiscale_C18	tjupan_bacillus_subtilis_main_f45d38a5e15ccc93	dbtbs_bsub_core_5dbc73ad42aeab56	discovery	9	25	10	25	-43.5	+	TGTAAAGCCACATTCA	3.6521992683410645
EMB_multiscale_C18	tjupan_bacillus_subtilis_main_8b7394af6b78d50f	dbtbs_bsub_core_c890b4346c03f247	discovery	21	37	22	37	-31.5	+	TGTTCAGACATCAAAA	3.653456211090088
EMB_multiscale_C18	tjupan_bacillus_subtilis_main_be897b68bd393df0	dbtbs_bsub_core_be897b68bd393df0	discovery	12	28	13	28	-40.5	+	TACATAACAGTCATGA	3.6543362140655518
EMB_multiscale_C18	tjupan_bacillus_subtilis_main_db7eebd0b9425a4f	dbtbs_bsub_core_db7eebd0b9425a4f	discovery	39	55	40	55	-13.5	+	TGTCTGAACATACTAA	3.657008647918701
EMB_multiscale_C18	tjupan_bacillus_subtilis_main_7ebbe970ac38b83d	dbtbs_bsub_core_5742761e1938e2d4	discovery	14	30	15	30	-38.5	+	AGCGGAACACTTATAC	3.686694860458374
EMB_multiscale_C18	tjupan_bacillus_subtilis_main_5b5f9b9ad371b1b0	tjupan_bacillus_subtilis_main_5b5f9b9ad371b1b0	discovery	18	34	19	34	-34.5	+	CCGCACGTATCAATTC	3.687777280807495
EMB_multiscale_C18	tjupan_bacillus_subtilis_main_2a051d7d075d7920	tjupan_bacillus_subtilis_main_2a051d7d075d7920	discovery	33	49	34	49	-19.5	+	ACGAAAACGCTATCAT	3.710552930831909
EMB_multiscale_C18	tjupan_bacillus_subtilis_main_02077247d0a8a665	dbtbs_bsub_core_e82d4ff28ccc2c95	discovery	11	27	12	27	-41.5	+	GATTGTGACAACCATT	3.7166171073913574
EMB_multiscale_C18	tjupan_bacillus_subtilis_main_0261e5d9e5354132	tjupan_bacillus_subtilis_main_0261e5d9e5354132	discovery	51	67	52	67	-1.5	+	GTAGACTGTAACAAAC	3.717944383621216
EMB_multiscale_C18	tjupan_bacillus_subtilis_main_adbf75412ef7d5a0	dbtbs_bsub_core_adbf75412ef7d5a0	discovery	58	74	59	74	5.5	+	CGACTCACGTCAATCG	3.722356081008911
EMB_multiscale_C18	tjupan_bacillus_subtilis_main_ec2d75bce4a65abf	dbtbs_bsub_core_e3549a9c12f5ac55	discovery	60	76	61	76	7.5	+	GGATACATAACAGTCA	3.7260539531707764
EMB_multiscale_C18	tjupan_bacillus_subtilis_main_adff0049bb8c9b3f	tjupan_bacillus_subtilis_main_adff0049bb8c9b3f	discovery	13	29	14	29	-39.5	+	TGGTGCCATACACAAA	3.7299675941467285
EMB_multiscale_C18	tjupan_bacillus_subtilis_main_ade14dd3fdacb032	dbtbs_bsub_core_12585b08a658046e	discovery	14	30	15	30	-38.5	+	AGGGAACTGTACTTGT	3.7393581867218018
EMB_multiscale_C18	tjupan_bacillus_subtilis_main_bcbef8350d7925db	tjupan_bacillus_subtilis_main_bcbef8350d7925db	discovery	23	39	24	39	-29.5	+	GGAATACAACATGTCA	3.7412660121917725
EMB_multiscale_C18	tjupan_bacillus_subtilis_main_49d5f09ecdaa68d2	dbtbs_bsub_core_2fc6766ca8c365d3	discovery	27	43	28	43	-25.5	+	GACTGAACACTCATTC	3.7414169311523438
EMB_multiscale_C18	tjupan_bacillus_subtilis_main_3c72a88384ee6013	tjupan_bacillus_subtilis_main_3c72a88384ee6013	discovery	37	53	38	53	-15.5	+	CAGAGACAATCCGATA	3.7420458793640137
EMB_multiscale_C18	tjupan_bacillus_subtilis_main_e95909bd7e136f46	dbtbs_bsub_core_426aaa712ced5536	discovery	55	71	56	71	2.5	+	TAAGGGATACACACTT	3.745844602584839
EMB_multiscale_C18	tjupan_bacillus_subtilis_main_c22e62909e814f30	dbtbs_bsub_core_e2251470d219464a	discovery	4	20	5	20	-48.5	+	CTTTTATACAGCAGGA	3.762312173843384
EMB_multiscale_C18	tjupan_bacillus_subtilis_main_ef1d1fbaad689e40	dbtbs_bsub_core_ef1d1fbaad689e40	discovery	42	58	43	58	-10.5	+	ACCTCATACAATGCAG	3.767179489135742
EMB_multiscale_C18	tjupan_bacillus_subtilis_main_c5aa2a2f04401e51	tjupan_bacillus_subtilis_main_c5aa2a2f04401e51	discovery	42	58	43	58	-10.5	+	ATGAAGCATACAATAA	3.7746200561523438
EMB_multiscale_C18	tjupan_bacillus_subtilis_main_9571d32ab22eb9a0	dbtbs_bsub_core_9571d32ab22eb9a0	discovery	41	57	42	57	-11.5	+	TTTCATCCGTATAACA	3.774693012237549
EMB_multiscale_C18	tjupan_bacillus_subtilis_main_eb3c3d68906264b7	tjupan_bacillus_subtilis_main_eb3c3d68906264b7	discovery	50	66	51	66	-2.5	+	TCCTATACACAAGTAC	3.778632640838623
EMB_multiscale_C18	tjupan_bacillus_subtilis_main_024ba149e95dcf1a	tjupan_bacillus_subtilis_main_024ba149e95dcf1a	discovery	8	24	9	24	-44.5	+	TACCACACAATTCTCC	3.7837700843811035
EMB_multiscale_C18	tjupan_bacillus_subtilis_main_e62d7e001687b19a	tjupan_bacillus_subtilis_main_e62d7e001687b19a	discovery	3	19	4	19	-49.5	+	AAACATACCCAATGTG	3.79891037940979
EMB_multiscale_C18	tjupan_bacillus_subtilis_main_ef6dc517178d6adf	dbtbs_bsub_core_ef6dc517178d6adf	discovery	11	27	12	27	-41.5	+	ACAGGACGCATCTTTA	3.806145429611206
EMB_multiscale_C18	tjupan_bacillus_subtilis_main_80add31ceb4a1382	tjupan_bacillus_subtilis_main_80add31ceb4a1382	discovery	45	61	46	61	-7.5	+	CTATAATGACAGGCAA	3.8301303386688232
EMB_multiscale_C18	tjupan_bacillus_subtilis_main_91197a052a9adc5b	tjupan_bacillus_subtilis_main_91197a052a9adc5b	discovery	26	42	27	42	-26.5	+	GACTTAGACAACTGAA	3.8323535919189453
EMB_multiscale_C18	tjupan_bacillus_subtilis_main_bb68072522710571	dbtbs_bsub_core_bb68072522710571	discovery	65	81	66	81	12.5	+	TAGCGGTACCATTATA	3.8361597061157227
EMB_multiscale_C18	tjupan_bacillus_subtilis_main_10eda96ea4199e8c	dbtbs_bsub_core_10eda96ea4199e8c	discovery	13	29	14	29	-39.5	+	ACCTTATAACGATGGG	3.8459219932556152
EMB_multiscale_C18	tjupan_bacillus_subtilis_main_f3423ecbff5b6537	dbtbs_bsub_core_dc8c32e7cfbca6d1	discovery	41	57	42	57	-11.5	+	AAAGAGTTACACTAAT	3.849000930786133
EMB_multiscale_C18	tjupan_bacillus_subtilis_main_e445a9d379a1812a	dbtbs_bsub_core_e445a9d379a1812a	discovery	3	19	4	19	-49.5	+	AGCACATTCATACTTT	3.861565589904785
EMB_multiscale_C18	tjupan_bacillus_subtilis_main_8f5a33e062052e2d	tjupan_bacillus_subtilis_main_8f5a33e062052e2d	discovery	54	70	55	70	1.5	+	AGGGCACAGTACGATA	3.863367795944214
EMB_multiscale_C18	tjupan_bacillus_subtilis_main_09dd4c8ba7bc09c6	dbtbs_bsub_core_09dd4c8ba7bc09c6	discovery	54	70	55	70	1.5	+	GGTGTCAAGACAGGTG	3.867703914642334
EMB_multiscale_C18	tjupan_bacillus_subtilis_main_5ccaab5adb962b3d	dbtbs_bsub_core_483b39fd11d75b28	discovery	63	79	64	79	10.5	+	AGCAGGACATTACAAA	3.888199806213379
EMB_multiscale_C18	tjupan_bacillus_subtilis_main_a52148b067c7a32f	tjupan_bacillus_subtilis_main_a52148b067c7a32f	discovery	26	42	27	42	-26.5	+	ATAATCCACCGCATAT	3.9016273021698
EMB_multiscale_C18	tjupan_bacillus_subtilis_main_4d08fa1f606ad269	tjupan_bacillus_subtilis_main_4d08fa1f606ad269	discovery	15	31	16	31	-37.5	+	CAAAAGCACTCGTTTT	3.9162912368774414
EMB_multiscale_C18	tjupan_bacillus_subtilis_main_25766be7ede5bd12	tjupan_bacillus_subtilis_main_25766be7ede5bd12	discovery	53	69	54	69	0.5	+	GTACGTCACGCTAAAA	3.9191226959228516
EMB_multiscale_C18	tjupan_bacillus_subtilis_main_d24ab9ea2522f43e	dbtbs_bsub_core_e391b9fe5a0b653f	discovery	46	62	47	62	-6.5	+	TAATACACTGTTACAA	3.9396538734436035
EMB_multiscale_C18	tjupan_bacillus_subtilis_main_56bd9deba3d3b9f9	dbtbs_bsub_core_5dd7cccc54d589c3	discovery	3	19	4	19	-49.5	+	ACAAAATCACGTTTTC	3.944554567337036
EMB_multiscale_C18	tjupan_bacillus_subtilis_main_216653931b9dfc0d	tjupan_bacillus_subtilis_main_216653931b9dfc0d	discovery	55	71	56	71	2.5	+	TAAGTCAACAGATCAC	3.9638829231262207
EMB_multiscale_C18	tjupan_bacillus_subtilis_main_5e34c7286340c249	dbtbs_bsub_core_0fedc539a64a99b7	discovery	40	56	41	56	-12.5	+	CCCTTGCATACAAATA	3.990403413772583
EMB_multiscale_C18	tjupan_bacillus_subtilis_main_bdf5315a71015695	dbtbs_bsub_core_c94ae7322b918d76	discovery	38	54	39	54	-14.5	+	GGAAACAGATATACTT	3.9916322231292725
EMB_multiscale_C18	tjupan_bacillus_subtilis_main_e9d365c0dda7757e	tjupan_bacillus_subtilis_main_e9d365c0dda7757e	discovery	53	69	54	69	0.5	+	AGTTACCAAGTGCACC	3.991919755935669
EMB_multiscale_C18	tjupan_bacillus_subtilis_main_71a2a4c64c087430	tjupan_bacillus_subtilis_main_71a2a4c64c087430	discovery	27	43	28	43	-25.5	+	CACCACATGGACTGCC	3.998729705810547
EMB_multiscale_C18	tjupan_bacillus_subtilis_main_14a46634ed7dcff0	tjupan_bacillus_subtilis_main_14a46634ed7dcff0	discovery	65	81	66	81	12.5	+	ATATTTCAACACTTTT	4.00549840927124
EMB_multiscale_C18	tjupan_bacillus_subtilis_main_b7d5a32e40c68782	tjupan_bacillus_subtilis_main_b7d5a32e40c68782	discovery	11	27	12	27	-41.5	+	CGCGACAACTTTATCC	4.035628318786621
EMB_multiscale_C18	tjupan_bacillus_subtilis_main_cb2c7c4f94201384	tjupan_bacillus_subtilis_main_cb2c7c4f94201384	discovery	11	27	12	27	-41.5	+	CAAAACACATGGTTTG	4.039692401885986
EMB_multiscale_C18	tjupan_bacillus_subtilis_main_cd5426fc6bacf792	dbtbs_bsub_core_cd5426fc6bacf792	discovery	24	40	25	40	-28.5	+	TTTGACTGTCACATGA	4.04295539855957
EMB_multiscale_C18	tjupan_bacillus_subtilis_main_a2eb9b766304b405	dbtbs_bsub_core_adaec4e024668ee2	discovery	28	44	29	44	-24.5	+	CAAAACGTAATGACTT	4.045992851257324
EMB_multiscale_C18	tjupan_bacillus_subtilis_main_2c918744f6daf466	dbtbs_bsub_core_20f77243a5b2c4ab	discovery	40	56	41	56	-12.5	+	AGTTCGCACGTCTTTA	4.062323570251465
EMB_multiscale_C18	tjupan_bacillus_subtilis_main_a7a45131c45395c8	dbtbs_bsub_core_a7a45131c45395c8	discovery	28	44	29	44	-24.5	+	AAGACTGGCACACTTC	4.116593360900879
EMB_multiscale_C18	tjupan_bacillus_subtilis_main_4f4c3d5d96d18695	tjupan_bacillus_subtilis_main_4f4c3d5d96d18695	discovery	39	55	40	55	-13.5	+	TTCAAACAGGGTATAG	4.124353408813477
EMB_multiscale_C18	tjupan_bacillus_subtilis_main_bfe4e797767b8990	tjupan_bacillus_subtilis_main_bfe4e797767b8990	discovery	46	62	47	62	-6.5	+	GTTACCTTCACAACAT	4.150387763977051
EMB_multiscale_C18	tjupan_bacillus_subtilis_main_fde7c2aaac5c57ce	dbtbs_bsub_core_fde7c2aaac5c57ce	discovery	29	45	30	45	-23.5	+	CCGCTTATCGACGTGT	4.221138954162598
EMB_multiscale_C18	tjupan_bacillus_subtilis_main_1b0cfe46f303d3fa	dbtbs_bsub_core_56695775e253190c	discovery	9	25	10	25	-43.5	+	AAAGAGCACACTTTCT	4.226781368255615
EMB_multiscale_C18	tjupan_bacillus_subtilis_main_691e7ded333dd616	dbtbs_bsub_core_691e7ded333dd616	discovery	26	42	27	42	-26.5	+	TCATCACCCGCATATT	4.281394004821777
EMB_multiscale_C18	tjupan_bacillus_subtilis_main_ecef2875a7a372ba	dbtbs_bsub_core_ecef2875a7a372ba	discovery	11	27	12	27	-41.5	+	AAAGCGACACAGTTCT	4.340282917022705
EMB_multiscale_C18	tjupan_bacillus_subtilis_main_a26ee3e07cf1eedf	dbtbs_bsub_core_a26ee3e07cf1eedf	discovery	43	59	44	59	-9.5	+	TCGTCCACAATGTGGG	4.408938884735107
EMB_multiscale_C18	tjupan_bacillus_subtilis_main_dc21315df009d1aa	dbtbs_bsub_core_4631e0ee0e2e12e5	discovery	65	81	66	81	12.5	+	AAAACGGACATACGAT	4.409777641296387
EMB_multiscale_C18	tjupan_bacillus_subtilis_main_3c97e9436cb369c2	dbtbs_bsub_core_6dc10c0d490555ae	discovery	56	72	57	72	3.5	+	TGCTGACAGAACAGCC	4.449584484100342
EMB_multiscale_C18	tjupan_bacillus_subtilis_main_282b0a85bf46906b	tjupan_bacillus_subtilis_main_282b0a85bf46906b	discovery	57	73	58	73	4.5	+	TTTGTACGTACTAATT	4.458253383636475
EMB_multiscale_C18	tjupan_bacillus_subtilis_main_632ff1f5d92b347a	tjupan_bacillus_subtilis_main_632ff1f5d92b347a	discovery	54	70	55	70	1.5	+	ATTATCGTACTGTGCC	4.46347713470459
EMB_multiscale_C18	tjupan_bacillus_subtilis_main_0d390d7bf47f6ae0	tjupan_bacillus_subtilis_main_0d390d7bf47f6ae0	discovery	53	69	54	69	0.5	+	TGAGGCAACACCCTTG	4.468379497528076
EMB_multiscale_C18	tjupan_bacillus_subtilis_main_32aff5c8192321bb	dbtbs_bsub_core_76636d30cbe1eec3	discovery	64	80	65	80	11.5	+	AAAACGACAGTTTTTC	4.501771926879883
EMB_multiscale_C18	tjupan_bacillus_subtilis_main_e1d5408a78fdd1c5	dbtbs_bsub_core_f8ce2fa963a01405	discovery	4	20	5	20	-48.5	+	TTTACCATTCGACATC	4.598507881164551
EMB_multiscale_C18	tjupan_bacillus_subtilis_main_9d34f9d9e0ee0e26	dbtbs_bsub_core_9d34f9d9e0ee0e26	discovery	64	80	65	80	11.5	+	GCAGCCGTTCATCAAT	4.75116491317749
EMB_multiscale_C18	tjupan_bacillus_subtilis_main_50a7bea74c679f62	tjupan_bacillus_subtilis_main_50a7bea74c679f62	discovery	10	26	11	26	-42.5	+	AGTAAAACATGTTTTC	4.769833564758301
EMB_multiscale_C18	tjupan_bacillus_subtilis_main_dccf4ca03cd1642b	dbtbs_bsub_core_dccf4ca03cd1642b	discovery	9	25	10	25	-43.5	+	TTTTATACGCGAAAAA	4.796962738037109
EMB_multiscale_C18	tjupan_bacillus_subtilis_main_359df7c8e20abe4e	tjupan_bacillus_subtilis_main_359df7c8e20abe4e	discovery	21	37	22	37	-31.5	+	ACTCATCATCATACTT	4.844144344329834
EMB_multiscale_C18	tjupan_bacillus_subtilis_main_6390012fbb39ca22	tjupan_bacillus_subtilis_main_6390012fbb39ca22	discovery	39	55	40	55	-13.5	+	TTTAGCGTACGATATT	4.911158561706543
EMB_multiscale_C18	tjupan_bacillus_subtilis_main_aded66fe8079e578	tjupan_bacillus_subtilis_main_aded66fe8079e578	discovery	61	77	62	77	8.5	+	AGTAAGGACACACGAG	4.959568023681641
EMB_multiscale_C18	tjupan_bacillus_subtilis_main_edce5d598636e106	dbtbs_bsub_core_39acf3daf47ccd69	discovery	16	32	17	32	-36.5	+	AACTTAACGTTTACGT	5.050389766693115
EMB_multiscale_C18	tjupan_bacillus_subtilis_main_67a9ae83c973a42d	tjupan_bacillus_subtilis_main_67a9ae83c973a42d	discovery	43	59	44	59	-9.5	+	GTGAGGTACACAACAA	5.052573204040527
EMB_multiscale_C18	tjupan_bacillus_subtilis_main_ef37e7c4f77cfd3f	tjupan_bacillus_subtilis_main_ef37e7c4f77cfd3f	discovery	4	20	5	20	-48.5	+	ATGTGGTCACATGGAT	5.070067405700684
EMB_multiscale_C18	tjupan_bacillus_subtilis_main_2313c7dbb458e370	dbtbs_bsub_core_98d6bef120e2925b	discovery	62	78	63	78	9.5	+	ATGTAGGCACGTACGT	5.454885959625244
EMB_multiscale_C19	tjupan_bacillus_subtilis_main_f5fed123a3ffd242	dbtbs_bsub_core_f5fed123a3ffd242	discovery	54	70	55	70	1.5	+	TGCTGTAGAATGTTTC	2.310593605041504
EMB_multiscale_C19	tjupan_bacillus_subtilis_main_08d810e756c7d81b	tjupan_bacillus_subtilis_main_08d810e756c7d81b	discovery	57	73	58	73	4.5	+	TATGGGTAAGATGTCA	2.3123271465301514
EMB_multiscale_C19	tjupan_bacillus_subtilis_main_8b7394af6b78d50f	dbtbs_bsub_core_c890b4346c03f247	discovery	53	69	54	69	0.5	+	ATTGAATGTTAGGAAA	2.3543736934661865
EMB_multiscale_C19	tjupan_bacillus_subtilis_main_96d42d8ccff315ec	tjupan_bacillus_subtilis_main_96d42d8ccff315ec	discovery	47	63	48	63	-5.5	+	AATAGGATGTTACAAA	2.364035129547119
EMB_multiscale_C19	tjupan_bacillus_subtilis_main_163772f02671a528	tjupan_bacillus_subtilis_main_163772f02671a528	discovery	56	72	57	72	3.5	+	TCCTAGATGTTAACAA	2.532830238342285
EMB_multiscale_C19	tjupan_bacillus_subtilis_main_9990510225814384	tjupan_bacillus_subtilis_main_9990510225814384	discovery	35	51	36	51	-17.5	+	TCCGGTATTGTGTAGA	2.5664963722229004
EMB_multiscale_C19	tjupan_bacillus_subtilis_main_0b104549c8fd9755	dbtbs_bsub_core_0b104549c8fd9755	discovery	53	69	54	69	0.5	+	TTTCATGGAGTAAGTT	2.594360828399658
EMB_multiscale_C19	tjupan_bacillus_subtilis_main_2c918744f6daf466	dbtbs_bsub_core_20f77243a5b2c4ab	discovery	55	71	56	71	2.5	+	ATAGATGTAAGGCTGT	2.652323007583618
EMB_multiscale_C19	tjupan_bacillus_subtilis_main_b578e9e0d96d144a	dbtbs_bsub_core_b578e9e0d96d144a	discovery	62	78	63	78	9.5	+	GACAAGTATGTGAAAG	2.717689037322998
EMB_multiscale_C19	tjupan_bacillus_subtilis_main_4181c9b10d028c59	dbtbs_bsub_core_f859289dc167ed3a	discovery	14	30	15	30	-38.5	+	GTACTAAGTGATTGAC	2.747807264328003
EMB_multiscale_C19	tjupan_bacillus_subtilis_main_d497e040ececfdff	dbtbs_bsub_core_a797439cbe2b0d85	discovery	48	64	49	64	-4.5	+	GTAATATGAGTTCAAC	2.7517600059509277
EMB_multiscale_C19	tjupan_bacillus_subtilis_main_73a7b40a4dc814aa	dbtbs_bsub_core_bdba293c4926b88d	discovery	40	56	41	56	-12.5	+	AGTTGTGGTAAGCTTA	2.757983922958374
EMB_multiscale_C19	tjupan_bacillus_subtilis_main_e4dda028e03de313	dbtbs_bsub_core_e4dda028e03de313	discovery	59	75	60	75	6.5	+	GTGTACTAATTGAAGT	2.784487009048462
EMB_multiscale_C19	tjupan_bacillus_subtilis_main_f452c4bef1ed8b92	dbtbs_bsub_core_f452c4bef1ed8b92	discovery	8	24	9	24	-44.5	+	TACCGAGTGTATTTTC	2.8073630332946777
EMB_multiscale_C19	tjupan_bacillus_subtilis_main_a92ee416463b3fc1	dbtbs_bsub_core_585820026d8d814d	discovery	42	58	43	58	-10.5	+	TTTGTCGAATGTAAAC	2.8131113052368164
EMB_multiscale_C19	tjupan_bacillus_subtilis_main_ff61268918c0af5d	tjupan_bacillus_subtilis_main_ff61268918c0af5d	discovery	51	67	52	67	-1.5	+	GATTGTATCAAAGTAC	2.8414902687072754
EMB_multiscale_C19	tjupan_bacillus_subtilis_main_f3e9cc226f1feac3	tjupan_bacillus_subtilis_main_f3e9cc226f1feac3	discovery	20	36	21	36	-32.5	+	TTATAGTTGGAACTCT	2.848548412322998
EMB_multiscale_C19	tjupan_bacillus_subtilis_main_e9623f8193af34e0	dbtbs_bsub_core_e9623f8193af34e0	discovery	19	35	20	35	-33.5	+	TTATTGTACAAGGATG	2.858067035675049
EMB_multiscale_C19	tjupan_bacillus_subtilis_main_fde7c2aaac5c57ce	dbtbs_bsub_core_fde7c2aaac5c57ce	discovery	40	56	41	56	-12.5	+	CGTGTTGTTAGAATTA	2.870431423187256
EMB_multiscale_C19	tjupan_bacillus_subtilis_main_bdf5315a71015695	dbtbs_bsub_core_c94ae7322b918d76	discovery	7	23	8	23	-45.5	+	TTGTCTGAATAGTACG	2.901174783706665
EMB_multiscale_C19	tjupan_bacillus_subtilis_main_01ae3d26fad13b71	dbtbs_bsub_core_7a9c3b7d79cfafb8	discovery	64	80	65	80	11.5	+	TCAATGAGTAAAGGTG	2.913745403289795
EMB_multiscale_C19	tjupan_bacillus_subtilis_main_61d216a2a24189d0	dbtbs_bsub_core_61d216a2a24189d0	discovery	12	28	13	28	-40.5	+	TACGCAAGTTGACTTG	2.936237096786499
EMB_multiscale_C19	tjupan_bacillus_subtilis_main_ade14dd3fdacb032	dbtbs_bsub_core_12585b08a658046e	discovery	47	63	48	63	-5.5	+	GAGATAATGTGTACAA	2.9382426738739014
EMB_multiscale_C19	tjupan_bacillus_subtilis_main_edce5d598636e106	dbtbs_bsub_core_39acf3daf47ccd69	discovery	39	55	40	55	-13.5	+	CAAAAGGTGTATAATG	2.9517502784729004
EMB_multiscale_C19	tjupan_bacillus_subtilis_main_a1b8ecb6878276b4	dbtbs_bsub_core_a1b8ecb6878276b4	discovery	63	79	64	79	10.5	+	CGTCAGAATGGTTTGT	2.964055299758911
EMB_multiscale_C19	tjupan_bacillus_subtilis_main_a032a3114b7dbf1c	dbtbs_bsub_core_a032a3114b7dbf1c	discovery	64	80	65	80	11.5	+	TGCTATGAAGGTAAGG	2.9652371406555176
EMB_multiscale_C19	tjupan_bacillus_subtilis_main_0cc8abc9b551141c	dbtbs_bsub_core_0cc8abc9b551141c	discovery	39	55	40	55	-13.5	+	AGTACGGTTGTATGAT	2.9769110679626465
EMB_multiscale_C19	tjupan_bacillus_subtilis_main_dea64c0f5a12bfa1	dbtbs_bsub_core_a18a06666ab8afa6	discovery	12	28	13	28	-40.5	+	AAGGTTAAGATGTGGA	3.012006998062134
EMB_multiscale_C19	tjupan_bacillus_subtilis_main_a52148b067c7a32f	tjupan_bacillus_subtilis_main_a52148b067c7a32f	discovery	49	65	50	65	-3.5	+	AGCAAGGTTGATATGT	3.01342511177063
EMB_multiscale_C19	tjupan_bacillus_subtilis_main_09dd4c8ba7bc09c6	dbtbs_bsub_core_09dd4c8ba7bc09c6	discovery	37	53	38	53	-15.5	+	ATCCTTGTGTAAATAT	3.0242269039154053
EMB_multiscale_C19	tjupan_bacillus_subtilis_main_550b125b16dc206e	dbtbs_bsub_core_2ab03862f0e9dd2f	discovery	48	64	49	64	-4.5	+	ATGTTGTTAAGGACTA	3.0242502689361572
EMB_multiscale_C19	tjupan_bacillus_subtilis_main_2c8e4076a462c87c	dbtbs_bsub_core_2c8e4076a462c87c	discovery	49	65	50	65	-3.5	+	ATAATGGTTACAAGTT	3.0281972885131836
EMB_multiscale_C19	tjupan_bacillus_subtilis_main_ff62fa3227cb3ab1	dbtbs_bsub_core_f748f853b4ec2056	discovery	54	70	55	70	1.5	+	GCAACTAGTGATTTGA	3.0423617362976074
EMB_multiscale_C19	tjupan_bacillus_subtilis_main_e2b483c6aef274e0	dbtbs_bsub_core_175bcd2ea2263ee4	discovery	59	75	60	75	6.5	+	ATATTGAGGTACATCC	3.050734281539917
EMB_multiscale_C19	tjupan_bacillus_subtilis_main_e2f816d3420810f5	dbtbs_bsub_core_8f473f826c608a81	discovery	59	75	60	75	6.5	+	TATTATCTGTGGAAAT	3.0576395988464355
EMB_multiscale_C19	tjupan_bacillus_subtilis_main_e47a55cd702f35e7	dbtbs_bsub_core_175bcd2ea2263ee4	discovery	54	70	55	70	1.5	+	TATATTGAGGTACATC	3.0641298294067383
EMB_multiscale_C19	tjupan_bacillus_subtilis_main_187a9844a7f0c551	tjupan_bacillus_subtilis_main_187a9844a7f0c551	discovery	50	66	51	66	-2.5	+	TAAATTGTACAAGTTA	3.0813205242156982
EMB_multiscale_C19	tjupan_bacillus_subtilis_main_c22e62909e814f30	dbtbs_bsub_core_e2251470d219464a	discovery	21	37	22	37	-31.5	+	AGGCTGTTGAACGTGT	3.0864009857177734
EMB_multiscale_C19	tjupan_bacillus_subtilis_main_b47674f2cd66e067	tjupan_bacillus_subtilis_main_b47674f2cd66e067	discovery	19	35	20	35	-33.5	+	AGCCAGTGTTATTGTC	3.086453437805176
EMB_multiscale_C19	tjupan_bacillus_subtilis_main_88d6ae8ec11f6e65	tjupan_bacillus_subtilis_main_88d6ae8ec11f6e65	discovery	63	79	64	79	10.5	+	AAGTAAGTGATAACAT	3.088374376296997
EMB_multiscale_C19	tjupan_bacillus_subtilis_main_02077247d0a8a665	dbtbs_bsub_core_e82d4ff28ccc2c95	discovery	1	17	2	17	-51.5	+	TTGTGGATAAGATTGT	3.09192156791687
EMB_multiscale_C19	tjupan_bacillus_subtilis_main_549e9d5c7cb67860	dbtbs_bsub_core_1a44bafede819df1	discovery	61	77	62	77	8.5	+	CCTAAGTTTGTATGTA	3.1364798545837402
EMB_multiscale_C19	tjupan_bacillus_subtilis_main_e1ad11de708bb9dd	dbtbs_bsub_core_0ce0cc9e187b5d37	discovery	65	81	66	81	12.5	+	AAATATCGTTGGAAGC	3.1472275257110596
EMB_multiscale_C19	tjupan_bacillus_subtilis_main_f58412ec32c641aa	dbtbs_bsub_core_bba92a46eba6f8e0	discovery	9	25	10	25	-43.5	+	AATGTAGTGTTTATGA	3.1484732627868652
EMB_multiscale_C19	tjupan_bacillus_subtilis_main_e84ae283b7981830	tjupan_bacillus_subtilis_main_e84ae283b7981830	discovery	48	64	49	64	-4.5	+	ATACATTGTAGTAGGT	3.153984785079956
EMB_multiscale_C19	tjupan_bacillus_subtilis_main_c204793b69b45448	dbtbs_bsub_core_c204793b69b45448	discovery	42	58	43	58	-10.5	+	AAGAGGTGTTACTATC	3.155658006668091
EMB_multiscale_C19	tjupan_bacillus_subtilis_main_d9679a25a18d6da1	tjupan_bacillus_subtilis_main_c9bc5ed233eba13a	discovery	43	59	44	59	-9.5	+	GTTTAGTTGTATGAAA	3.1619553565979004
EMB_multiscale_C19	tjupan_bacillus_subtilis_main_036f4e66b4e66745	dbtbs_bsub_core_7b26bab7de636614	discovery	62	78	63	78	9.5	+	AATAGAACTGGTTGTG	3.1634058952331543
EMB_multiscale_C19	tjupan_bacillus_subtilis_main_5957e34dfa6ab85c	tjupan_bacillus_subtilis_main_5957e34dfa6ab85c	discovery	45	61	46	61	-7.5	+	GGCATTGTAAGGAATA	3.16811466217041
EMB_multiscale_C19	tjupan_bacillus_subtilis_main_0b565809576a9e0f	dbtbs_bsub_core_0fcadafa827fb8cf	discovery	53	69	54	69	0.5	+	TAAATGTAAGCGTTAA	3.1724894046783447
EMB_multiscale_C19	tjupan_bacillus_subtilis_main_6361ce51efe0f541	dbtbs_bsub_core_b928ebfb52e4cb48	discovery	36	52	37	52	-16.5	+	ACGTAACTGTGGTATG	3.1734259128570557
EMB_multiscale_C19	tjupan_bacillus_subtilis_main_df2876c84282b3af	dbtbs_bsub_core_d831e470618beda7	discovery	11	27	12	27	-41.5	+	TGGGTGAGTTATAATT	3.1846120357513428
EMB_multiscale_C19	tjupan_bacillus_subtilis_main_5fc80954df40cf68	dbtbs_bsub_core_44be1bddac760e1c	discovery	59	75	60	75	6.5	+	AGCAAGGTTGATATGT	3.2008960247039795
EMB_multiscale_C19	tjupan_bacillus_subtilis_main_45683747106d08bd	tjupan_bacillus_subtilis_main_45683747106d08bd	discovery	40	56	41	56	-12.5	+	AAAGTCGGTTATGCTA	3.203690528869629
EMB_multiscale_C19	tjupan_bacillus_subtilis_main_13f36fd95a25452a	tjupan_bacillus_subtilis_main_13f36fd95a25452a	discovery	27	43	28	43	-25.5	+	GTGGGAAGTTACATAA	3.2067158222198486
EMB_multiscale_C19	tjupan_bacillus_subtilis_main_0b7b75ba67f19880	dbtbs_bsub_core_0b7b75ba67f19880	discovery	52	68	53	68	-0.5	+	CTATTAAGGTCATTGT	3.219017744064331
EMB_multiscale_C19	tjupan_bacillus_subtilis_main_36eed70446e6810b	dbtbs_bsub_core_36eed70446e6810b	discovery	14	30	15	30	-38.5	+	TGAAAGTGTTTGCATA	3.22168231010437
EMB_multiscale_C19	tjupan_bacillus_subtilis_main_41b76e09c674d652	dbtbs_bsub_core_41b76e09c674d652	discovery	0	16	1	16	-52.5	+	CTTGGTGTAACATCGG	3.234320640563965
EMB_multiscale_C19	tjupan_bacillus_subtilis_main_8421a3506bc3ca2c	tjupan_bacillus_subtilis_main_8421a3506bc3ca2c	discovery	56	72	57	72	3.5	+	CAATGTAAGCGTTTTA	3.254516124725342
EMB_multiscale_C19	tjupan_bacillus_subtilis_main_67a8fe9203485bd0	dbtbs_bsub_core_67a8fe9203485bd0	discovery	14	30	15	30	-38.5	+	TTGGATAGGTTGTATA	3.2665364742279053
EMB_multiscale_C19	tjupan_bacillus_subtilis_main_4648c22f43ae6952	tjupan_bacillus_subtilis_main_4648c22f43ae6952	discovery	38	54	39	54	-14.5	+	TGAATTCGTGGTATTA	3.2809436321258545
EMB_multiscale_C19	tjupan_bacillus_subtilis_main_cd161e304d76229d	dbtbs_bsub_core_6d139485f356aaca	discovery	11	27	12	27	-41.5	+	TGTGATGTAATTCACA	3.284703016281128
EMB_multiscale_C19	tjupan_bacillus_subtilis_main_4fa5d89620e7d8ce	dbtbs_bsub_core_5eb05bc57612da6d	discovery	40	56	41	56	-12.5	+	CAATGGTATAAGTTTC	3.2938947677612305
EMB_multiscale_C19	tjupan_bacillus_subtilis_main_5564dcefe2988333	tjupan_bacillus_subtilis_main_5564dcefe2988333	discovery	3	19	4	19	-49.5	+	GGGCAAGTGATTCAGG	3.295860767364502
EMB_multiscale_C19	tjupan_bacillus_subtilis_main_eebec5ad9a06df67	dbtbs_bsub_core_5cddd19c752675c8	discovery	38	54	39	54	-14.5	+	AGATTACTGGTAGAGT	3.3046875
EMB_multiscale_C19	tjupan_bacillus_subtilis_main_71eaf5cbf249113b	dbtbs_bsub_core_71eaf5cbf249113b	discovery	31	47	32	47	-21.5	+	TTGTGAAGTTTGTATT	3.3094606399536133
EMB_multiscale_C19	tjupan_bacillus_subtilis_main_cb8c6e383b33abd4	dbtbs_bsub_core_cb8c6e383b33abd4	discovery	14	30	15	30	-38.5	+	TTCAGCTGTATGAAAC	3.3374812602996826
EMB_multiscale_C19	tjupan_bacillus_subtilis_main_ec009cfbae4f5210	dbtbs_bsub_core_ec009cfbae4f5210	discovery	18	34	19	34	-34.5	+	AAAAGTGTTGACTACC	3.350682020187378
EMB_multiscale_C19	tjupan_bacillus_subtilis_main_c9bc5ed233eba13a	tjupan_bacillus_subtilis_main_c9bc5ed233eba13a	discovery	50	66	51	66	-2.5	+	GTTTAGTTGTATGAAA	3.3715367317199707
EMB_multiscale_C19	tjupan_bacillus_subtilis_main_eb88f130dfce6401	tjupan_bacillus_subtilis_main_eb88f130dfce6401	discovery	46	62	47	62	-6.5	+	GTTTATAGTGAACTTA	3.37982177734375
EMB_multiscale_C19	tjupan_bacillus_subtilis_main_3270409c742f3314	dbtbs_bsub_core_edd6f2ee95c58508	discovery	15	31	16	31	-37.5	+	AAAAGTTGTTGACATG	3.3888330459594727
EMB_multiscale_C19	tjupan_bacillus_subtilis_main_f246415af5cfc524	dbtbs_bsub_core_f246415af5cfc524	discovery	51	67	52	67	-1.5	+	TCTATTTGTGAAGTTC	3.3899319171905518
EMB_multiscale_C19	tjupan_bacillus_subtilis_main_8265264627414ceb	tjupan_bacillus_subtilis_main_8265264627414ceb	discovery	2	18	3	18	-50.5	+	GTATACCTGGTATGAC	3.395063638687134
EMB_multiscale_C19	tjupan_bacillus_subtilis_main_e1fd6875b30f4c73	dbtbs_bsub_core_e1fd6875b30f4c73	discovery	26	42	27	42	-26.5	+	CTGCCGTATGTTAAAA	3.4011964797973633
EMB_multiscale_C19	tjupan_bacillus_subtilis_main_1478640e036e0224	dbtbs_bsub_core_1478640e036e0224	discovery	52	68	53	68	-0.5	+	GAATATGTGAGGCAAA	3.4048752784729004
EMB_multiscale_C19	tjupan_bacillus_subtilis_main_efde358c620c36bd	dbtbs_bsub_core_efde358c620c36bd	discovery	52	68	53	68	-0.5	+	GTGTAGTTATCAAGAA	3.409882068634033
EMB_multiscale_C19	tjupan_bacillus_subtilis_main_ea59d0ddaaaaf005	dbtbs_bsub_core_ff8c346476498240	discovery	4	20	5	20	-48.5	+	AAAGGTTGTCAAGCTA	3.412898063659668
EMB_multiscale_C19	tjupan_bacillus_subtilis_main_92c71ea9f3febc7f	dbtbs_bsub_core_c2ee7abb48038f6f	discovery	18	34	19	34	-34.5	+	GAAAGAGTGTATAAAA	3.419002056121826
EMB_multiscale_C19	tjupan_bacillus_subtilis_main_91197a052a9adc5b	tjupan_bacillus_subtilis_main_91197a052a9adc5b	discovery	37	53	38	53	-15.5	+	CTGAAGGTGTTATTCT	3.423456907272339
EMB_multiscale_C19	tjupan_bacillus_subtilis_main_8a0979b032bb35c1	dbtbs_bsub_core_33318fe6256d39ff	discovery	38	54	39	54	-14.5	+	CCTGATGGTGTACTAT	3.4238533973693848
EMB_multiscale_C19	tjupan_bacillus_subtilis_main_2e59e247c2d07b0b	tjupan_bacillus_subtilis_main_2e59e247c2d07b0b	discovery	50	66	51	66	-2.5	+	TATATGTAACAAGGGT	3.45120906829834
EMB_multiscale_C19	tjupan_bacillus_subtilis_main_eb3c3d68906264b7	tjupan_bacillus_subtilis_main_eb3c3d68906264b7	discovery	17	33	18	33	-35.5	+	AAAGGTTGTTCTAAAC	3.4549381732940674
EMB_multiscale_C19	tjupan_bacillus_subtilis_main_f869091e55050110	tjupan_bacillus_subtilis_main_f869091e55050110	discovery	36	52	37	52	-16.5	+	AATACAGGTGTTATAT	3.4568984508514404
EMB_multiscale_C19	tjupan_bacillus_subtilis_main_69a39ef163dd4726	tjupan_bacillus_subtilis_main_69a39ef163dd4726	discovery	53	69	54	69	0.5	+	ATGATTAAGGTTCCGT	3.4614932537078857
EMB_multiscale_C19	tjupan_bacillus_subtilis_main_d33162cb12a5a549	tjupan_bacillus_subtilis_main_d33162cb12a5a549	discovery	12	28	13	28	-40.5	+	AATCATTGTAGGTTTT	3.46937894821167
EMB_multiscale_C19	tjupan_bacillus_subtilis_main_6c11169e185f76df	dbtbs_bsub_core_6c11169e185f76df	discovery	61	77	62	77	8.5	+	GAAGATTTGTGTAAAA	3.4895308017730713
EMB_multiscale_C19	tjupan_bacillus_subtilis_main_9a6d97baf1c02d30	dbtbs_bsub_core_9a6d97baf1c02d30	discovery	52	68	53	68	-0.5	+	ATAAATGTAGTGAGGT	3.4937899112701416
EMB_multiscale_C19	tjupan_bacillus_subtilis_main_ad6e1b40396f6528	dbtbs_bsub_core_ad6e1b40396f6528	discovery	9	25	10	25	-43.5	+	TTTTTGTGCATAAGAC	3.504746913909912
EMB_multiscale_C19	tjupan_bacillus_subtilis_main_a43a1f032db2e49e	dbtbs_bsub_core_872c1380ac7bb81f	discovery	19	35	20	35	-33.5	+	CGTTTAATGCGTTAAC	3.5275824069976807
EMB_multiscale_C19	tjupan_bacillus_subtilis_main_e8dca4769e2e29bc	dbtbs_bsub_core_b8b8ac7ece3bed55	discovery	54	70	55	70	1.5	+	AAATTTGTCCGTATAC	3.53383469581604
EMB_multiscale_C19	tjupan_bacillus_subtilis_main_59b38cd2f2ea112d	dbtbs_bsub_core_59b38cd2f2ea112d	discovery	51	67	52	67	-1.5	+	ACATATAGTGTCCTGT	3.537062883377075
EMB_multiscale_C19	tjupan_bacillus_subtilis_main_dbf995194ebf2b2d	dbtbs_bsub_core_dbf995194ebf2b2d	discovery	18	34	19	34	-34.5	+	ATTCGAACTGTTAAAC	3.5414955615997314
EMB_multiscale_C19	tjupan_bacillus_subtilis_main_7c03938b389dc368	dbtbs_bsub_core_39e8d21f598046d9	discovery	46	62	47	62	-6.5	+	GGTATACTGTTTGCAT	3.543224334716797
EMB_multiscale_C19	tjupan_bacillus_subtilis_main_487ce40a67c6d939	tjupan_bacillus_subtilis_main_487ce40a67c6d939	discovery	9	25	10	25	-43.5	+	CAAGTTCTATGTCAAA	3.5434682369232178
EMB_multiscale_C19	tjupan_bacillus_subtilis_main_a7a45131c45395c8	dbtbs_bsub_core_a7a45131c45395c8	discovery	50	66	51	66	-2.5	+	TTATAATGGTGAACCC	3.5452046394348145
EMB_multiscale_C19	tjupan_bacillus_subtilis_main_dc65c8922842b20f	tjupan_bacillus_subtilis_main_dc65c8922842b20f	discovery	2	18	3	18	-50.5	+	TGGGAATAGTGGCCCA	3.5683507919311523
EMB_multiscale_C19	tjupan_bacillus_subtilis_main_982fa9762732f05a	tjupan_bacillus_subtilis_main_982fa9762732f05a	discovery	7	23	8	23	-45.5	+	CCCAATTAGTATGTAA	3.5786523818969727
EMB_multiscale_C19	tjupan_bacillus_subtilis_main_82e1287a21b69715	dbtbs_bsub_core_82e1287a21b69715	discovery	54	70	55	70	1.5	+	ATCTTTGTGAAGTTTG	3.582207679748535
EMB_multiscale_C19	tjupan_bacillus_subtilis_main_c0aec64934968747	tjupan_bacillus_subtilis_main_c0aec64934968747	discovery	58	74	59	74	5.5	+	ATAGTGTTAGTGATGA	3.5859851837158203
EMB_multiscale_C19	tjupan_bacillus_subtilis_main_fc6071b9027316a7	tjupan_bacillus_subtilis_main_fc6071b9027316a7	discovery	9	25	10	25	-43.5	+	GTTATGTGAGAATTTA	3.603630542755127
EMB_multiscale_C19	tjupan_bacillus_subtilis_main_4cf64b5587e1d04e	dbtbs_bsub_core_4cf64b5587e1d04e	discovery	47	63	48	63	-5.5	+	CATATGTTGTGAAGAA	3.6079814434051514
EMB_multiscale_C19	tjupan_bacillus_subtilis_main_1a8b81622422b81c	dbtbs_bsub_core_045e4f174337aedd	discovery	10	26	11	26	-42.5	+	GACAACTGTGATTTCG	3.610504150390625
EMB_multiscale_C19	tjupan_bacillus_subtilis_main_3ec4c8abee3f7a8e	dbtbs_bsub_core_c18c3f10dff5c627	discovery	49	65	50	65	-3.5	+	CGTCTAGTACATGGAC	3.6109821796417236
EMB_multiscale_C19	tjupan_bacillus_subtilis_main_5cf51ca317588066	tjupan_bacillus_subtilis_main_5cf51ca317588066	discovery	54	70	55	70	1.5	+	TGTGATATGTAAGGGG	3.6251230239868164
EMB_multiscale_C19	tjupan_bacillus_subtilis_main_962b839f321a2605	dbtbs_bsub_core_962b839f321a2605	discovery	19	35	20	35	-33.5	+	TATACTTGAGTTGTCA	3.6341352462768555
EMB_multiscale_C19	tjupan_bacillus_subtilis_main_c758d11e26aac641	tjupan_bacillus_subtilis_main_c758d11e26aac641	discovery	53	69	54	69	0.5	+	ATCCATTGTAAGGCTC	3.6414425373077393
EMB_multiscale_C19	tjupan_bacillus_subtilis_main_c2d54a415a7d048a	dbtbs_bsub_core_c2d54a415a7d048a	discovery	49	65	50	65	-3.5	+	CGTCTAGTTGGTACCT	3.650749683380127
EMB_multiscale_C19	tjupan_bacillus_subtilis_main_619ca6b1749e92aa	tjupan_bacillus_subtilis_main_619ca6b1749e92aa	discovery	53	69	54	69	0.5	+	TATAGTAATGGTGTTT	3.6515069007873535
EMB_multiscale_C19	tjupan_bacillus_subtilis_main_56bd9deba3d3b9f9	dbtbs_bsub_core_5dd7cccc54d589c3	discovery	50	66	51	66	-2.5	+	AATATGCGTTGAAAGG	3.6550872325897217
EMB_multiscale_C19	tjupan_bacillus_subtilis_main_e62d7e001687b19a	tjupan_bacillus_subtilis_main_e62d7e001687b19a	discovery	32	48	33	48	-20.5	+	AAAGAATTGTGAGCGG	3.6593456268310547
EMB_multiscale_C19	tjupan_bacillus_subtilis_main_c229c4b94f6591ae	tjupan_bacillus_subtilis_main_c229c4b94f6591ae	discovery	34	50	35	50	-18.5	+	ATCAGAGTATGCTTTA	3.675903558731079
EMB_multiscale_C19	tjupan_bacillus_subtilis_main_2b2db3c55e03b737	dbtbs_bsub_core_9d26dfa3049d6f00	discovery	38	54	39	54	-14.5	+	CCCAATTAGTATGTAA	3.678123950958252
EMB_multiscale_C19	tjupan_bacillus_subtilis_main_adbf75412ef7d5a0	dbtbs_bsub_core_adbf75412ef7d5a0	discovery	1	17	2	17	-51.5	+	AATAATTGTAGTTCCT	3.6918370723724365
EMB_multiscale_C19	tjupan_bacillus_subtilis_main_b11aff47b9c426f3	dbtbs_bsub_core_b11aff47b9c426f3	discovery	42	58	43	58	-10.5	+	ATGGAAACGTTATGTA	3.6946656703948975
EMB_multiscale_C19	tjupan_bacillus_subtilis_main_8b776572d2e01c62	dbtbs_bsub_core_6736f212a82e3343	discovery	10	26	11	26	-42.5	+	ACAAAGTGTTTTAGTA	3.704827308654785
EMB_multiscale_C19	tjupan_bacillus_subtilis_main_b7240ec09f994729	dbtbs_bsub_core_6cadf10f2f906812	discovery	45	61	46	61	-7.5	+	TGTAGTATGTATTTTG	3.705883741378784
EMB_multiscale_C19	tjupan_bacillus_subtilis_main_bfe4e797767b8990	tjupan_bacillus_subtilis_main_bfe4e797767b8990	discovery	37	53	38	53	-15.5	+	ACTTTAAGTGTTACCT	3.7062418460845947
EMB_multiscale_C19	tjupan_bacillus_subtilis_main_c648ac4df22b0f89	dbtbs_bsub_core_c648ac4df22b0f89	discovery	18	34	19	34	-34.5	+	AATATGTGTAATCTTA	3.722912311553955
EMB_multiscale_C19	tjupan_bacillus_subtilis_main_ad5b6a3a851181b1	dbtbs_bsub_core_ad5b6a3a851181b1	discovery	18	34	19	34	-34.5	+	ATATGTACTGGCGAAT	3.726999282836914
EMB_multiscale_C19	tjupan_bacillus_subtilis_main_0f3eb3e9a9977e6d	tjupan_bacillus_subtilis_main_0f3eb3e9a9977e6d	discovery	63	79	64	79	10.5	+	TTAAGTTACCAAGTGC	3.7345688343048096
EMB_multiscale_C19	tjupan_bacillus_subtilis_main_3eab38fdf3061b6a	tjupan_bacillus_subtilis_main_3eab38fdf3061b6a	discovery	38	54	39	54	-14.5	+	TTGGGACATAGTAAGG	3.739955186843872
EMB_multiscale_C19	tjupan_bacillus_subtilis_main_0261e5d9e5354132	tjupan_bacillus_subtilis_main_0261e5d9e5354132	discovery	27	43	28	43	-25.5	+	AATATGAAGTGTTAAC	3.7408933639526367
EMB_multiscale_C19	tjupan_bacillus_subtilis_main_ef37e7c4f77cfd3f	tjupan_bacillus_subtilis_main_ef37e7c4f77cfd3f	discovery	64	80	65	80	11.5	+	TGTGGGAAGTTACATA	3.742219924926758
EMB_multiscale_C19	tjupan_bacillus_subtilis_main_ab3313558a015086	dbtbs_bsub_core_ab3313558a015086	discovery	18	34	19	34	-34.5	+	AAATGTCGTTGACATG	3.7441368103027344
EMB_multiscale_C19	tjupan_bacillus_subtilis_main_901b18a9982b4e95	tjupan_bacillus_subtilis_main_901b18a9982b4e95	discovery	18	34	19	34	-34.5	+	AAAGTTGTTGACAGTA	3.7609667778015137
EMB_multiscale_C19	tjupan_bacillus_subtilis_main_9c67a769132d62d8	dbtbs_bsub_core_1373e064636d6c9b	discovery	46	62	47	62	-6.5	+	GGTATGGTGTAAGTAG	3.780750274658203
EMB_multiscale_C19	tjupan_bacillus_subtilis_main_7942697cd86d944b	tjupan_bacillus_subtilis_main_7942697cd86d944b	discovery	56	72	57	72	3.5	+	TGACATAAGTTGTAAA	3.783576488494873
EMB_multiscale_C19	tjupan_bacillus_subtilis_main_f05d30123c592277	dbtbs_bsub_core_f05d30123c592277	discovery	26	42	27	42	-26.5	+	AGGAGTATAATGTCTC	3.783916711807251
EMB_multiscale_C19	tjupan_bacillus_subtilis_main_150dcd3daf63d162	dbtbs_bsub_core_150dcd3daf63d162	discovery	51	67	52	67	-1.5	+	AATGTGTTTGTAGGGG	3.787822723388672
EMB_multiscale_C19	tjupan_bacillus_subtilis_main_0f74e2398b4ac2a6	dbtbs_bsub_core_e5f400f6f8de25f5	discovery	44	60	45	60	-8.5	+	TGTGGTAACGTTCAGT	3.812074661254883
EMB_multiscale_C19	tjupan_bacillus_subtilis_main_ade9dc791ab39f6c	dbtbs_bsub_core_ade9dc791ab39f6c	discovery	51	67	52	67	-1.5	+	CTTTTGTATAGGATAC	3.8126184940338135
EMB_multiscale_C19	tjupan_bacillus_subtilis_main_9d589577eb1cbe67	tjupan_bacillus_subtilis_main_9d589577eb1cbe67	discovery	18	34	19	34	-34.5	+	TCTCTGGTGTATATTA	3.8300271034240723
EMB_multiscale_C19	tjupan_bacillus_subtilis_main_93b5da0b5f842573	dbtbs_bsub_core_93b5da0b5f842573	discovery	57	73	58	73	4.5	+	AATGTTTGGAGTGATG	3.839763879776001
EMB_multiscale_C19	tjupan_bacillus_subtilis_main_fe2a626ec63a594e	dbtbs_bsub_core_abc060d81660f90c	discovery	62	78	63	78	9.5	+	CCAGCGTGAGTTTTCT	3.8441615104675293
EMB_multiscale_C19	tjupan_bacillus_subtilis_main_4e48cd3162b15e74	tjupan_bacillus_subtilis_main_4e48cd3162b15e74	discovery	16	32	17	32	-36.5	+	CTTTGGCGTGTATAAA	3.8462564945220947
EMB_multiscale_C19	tjupan_bacillus_subtilis_main_7bd42a66d387ec94	dbtbs_bsub_core_5cf240f92a00f0e3	discovery	18	34	19	34	-34.5	+	TTAAAGTGTTAGAACC	3.8967511653900146
EMB_multiscale_C19	tjupan_bacillus_subtilis_main_43596a46e3e4ddaa	tjupan_bacillus_subtilis_main_43596a46e3e4ddaa	discovery	65	81	66	81	12.5	+	GGAAAGGTATTTGTGT	3.897099733352661
EMB_multiscale_C19	tjupan_bacillus_subtilis_main_35bf7199ae44b70c	dbtbs_bsub_core_35bf7199ae44b70c	discovery	38	54	39	54	-14.5	+	GTTTTGGAGTATAGTA	3.9113574028015137
EMB_multiscale_C19	tjupan_bacillus_subtilis_main_f6994e5b6245c7bf	tjupan_bacillus_subtilis_main_f6994e5b6245c7bf	discovery	59	75	60	75	6.5	+	CGGAGTGTTATAAGAT	3.9150824546813965
EMB_multiscale_C19	tjupan_bacillus_subtilis_main_14a46634ed7dcff0	tjupan_bacillus_subtilis_main_14a46634ed7dcff0	discovery	56	72	57	72	3.5	+	GAAGAGTTGATATTTC	3.935425043106079
EMB_multiscale_C19	tjupan_bacillus_subtilis_main_282b0a85bf46906b	tjupan_bacillus_subtilis_main_282b0a85bf46906b	discovery	52	68	53	68	-0.5	+	CTATATTTGTACGTAC	3.943834066390991
EMB_multiscale_C19	tjupan_bacillus_subtilis_main_bb68072522710571	dbtbs_bsub_core_bb68072522710571	discovery	55	71	56	71	2.5	+	TATAAAGTGATAGCGG	3.980433464050293
EMB_multiscale_C19	tjupan_bacillus_subtilis_main_76909c0ebd8db916	dbtbs_bsub_core_d5153844984277ea	discovery	38	54	39	54	-14.5	+	TTATATGTGTTACTCT	3.98703932762146
EMB_multiscale_C19	tjupan_bacillus_subtilis_main_857deea4069ff6ab	tjupan_bacillus_subtilis_main_857deea4069ff6ab	discovery	50	66	51	66	-2.5	+	ATATTAAGTCAAGTTA	3.9894142150878906
EMB_multiscale_C19	tjupan_bacillus_subtilis_main_7ebbe970ac38b83d	dbtbs_bsub_core_5742761e1938e2d4	discovery	47	63	48	63	-5.5	+	GTACTATGAGGGTAGT	3.9959583282470703
EMB_multiscale_C19	tjupan_bacillus_subtilis_main_e90961ead2da3f7b	tjupan_bacillus_subtilis_main_e90961ead2da3f7b	discovery	38	54	39	54	-14.5	+	TGACGAGGTTATATAA	4.008190155029297
EMB_multiscale_C19	tjupan_bacillus_subtilis_main_f45d38a5e15ccc93	dbtbs_bsub_core_5dbc73ad42aeab56	discovery	61	77	62	77	8.5	+	ATCGAAATGTGAGGAG	4.013660430908203
EMB_multiscale_C19	tjupan_bacillus_subtilis_main_4f4c3d5d96d18695	tjupan_bacillus_subtilis_main_4f4c3d5d96d18695	discovery	58	74	59	74	5.5	+	ATGTAGTGGTAACATA	4.022982597351074
EMB_multiscale_C19	tjupan_bacillus_subtilis_main_55935e0c215d1239	dbtbs_bsub_core_bd96a60828361996	discovery	37	53	38	53	-15.5	+	TAGTATTCCGGTAAAG	4.023761749267578
EMB_multiscale_C19	tjupan_bacillus_subtilis_main_3c72a88384ee6013	tjupan_bacillus_subtilis_main_3c72a88384ee6013	discovery	55	71	56	71	2.5	+	AATGATGTAGCCGGGA	4.027599334716797
EMB_multiscale_C19	tjupan_bacillus_subtilis_main_5f8b6936b2e52932	tjupan_bacillus_subtilis_main_5f8b6936b2e52932	discovery	9	25	10	25	-43.5	+	TTTTGTGTCATAACCC	4.039495468139648
EMB_multiscale_C19	tjupan_bacillus_subtilis_main_b88f3e08d3d51af5	tjupan_bacillus_subtilis_main_b88f3e08d3d51af5	discovery	7	23	8	23	-45.5	+	CAGGCTGTGAAATACA	4.0426926612854
EMB_multiscale_C19	tjupan_bacillus_subtilis_main_57cb99253c19d2b6	tjupan_bacillus_subtilis_main_57cb99253c19d2b6	discovery	29	45	30	45	-23.5	+	GCAGAAGCCGTGTTTT	4.047652244567871
EMB_multiscale_C19	tjupan_bacillus_subtilis_main_e95909bd7e136f46	dbtbs_bsub_core_426aaa712ced5536	discovery	48	64	49	64	-4.5	+	TACAGTATAAGGGATA	4.0818257331848145
EMB_multiscale_C19	tjupan_bacillus_subtilis_main_517410185d825f3e	tjupan_bacillus_subtilis_main_517410185d825f3e	discovery	17	33	18	33	-35.5	+	AAATTAATGTAGCAGG	4.082157611846924
EMB_multiscale_C19	tjupan_bacillus_subtilis_main_272e2f2c83a48fab	dbtbs_bsub_core_272e2f2c83a48fab	discovery	11	27	12	27	-41.5	+	AAGTAGGTTATGGCTT	4.084842205047607
EMB_multiscale_C19	tjupan_bacillus_subtilis_main_632ff1f5d92b347a	tjupan_bacillus_subtilis_main_632ff1f5d92b347a	discovery	65	81	66	81	12.5	+	GTGCCCTTAGTGTACA	4.10297966003418
EMB_multiscale_C19	tjupan_bacillus_subtilis_main_20bbba0ce59de449	dbtbs_bsub_core_20bbba0ce59de449	discovery	24	40	25	40	-28.5	+	AACTGTGTTGGCACGA	4.110206604003906
EMB_multiscale_C19	tjupan_bacillus_subtilis_main_db7eebd0b9425a4f	dbtbs_bsub_core_db7eebd0b9425a4f	discovery	36	52	37	52	-16.5	+	TCGTGTCTGAACATAC	4.111839771270752
EMB_multiscale_C19	tjupan_bacillus_subtilis_main_9d34f9d9e0ee0e26	dbtbs_bsub_core_9d34f9d9e0ee0e26	discovery	43	59	44	59	-9.5	+	TGTCTCGTATAAATGG	4.11574649810791
EMB_multiscale_C19	tjupan_bacillus_subtilis_main_1b0cfe46f303d3fa	dbtbs_bsub_core_56695775e253190c	discovery	38	54	39	54	-14.5	+	CCCGGATGTGGAAAAG	4.117459774017334
EMB_multiscale_C19	tjupan_bacillus_subtilis_main_6f408d5e786e413f	dbtbs_bsub_core_6f408d5e786e413f	discovery	16	32	17	32	-36.5	+	AAGTAAGTGGTCTAAA	4.129519939422607
EMB_multiscale_C19	tjupan_bacillus_subtilis_main_9571d32ab22eb9a0	dbtbs_bsub_core_9571d32ab22eb9a0	discovery	55	71	56	71	2.5	+	CAGATATGGTGAAAAA	4.145442485809326
EMB_multiscale_C19	tjupan_bacillus_subtilis_main_dcef15bdfb353954	dbtbs_bsub_core_dcef15bdfb353954	discovery	54	70	55	70	1.5	+	ATAAATGTGAAATACT	4.184319496154785
EMB_multiscale_C19	tjupan_bacillus_subtilis_main_e28ceade6e8616fa	dbtbs_bsub_core_9b12482ac6eea2d4	discovery	16	32	17	32	-36.5	+	TCCTTGTAGCGTATAG	4.188651084899902
EMB_multiscale_C19	tjupan_bacillus_subtilis_main_9f03f134e6b67be2	tjupan_bacillus_subtilis_main_9f03f134e6b67be2	discovery	65	81	66	81	12.5	+	AAAGCAATGTGTTTTA	4.211846828460693
EMB_multiscale_C19	tjupan_bacillus_subtilis_main_67a9ae83c973a42d	tjupan_bacillus_subtilis_main_67a9ae83c973a42d	discovery	28	44	29	44	-24.5	+	TTATCCAAAGAGTGTG	4.230694770812988
EMB_multiscale_C19	tjupan_bacillus_subtilis_main_a61c0978ae294759	tjupan_bacillus_subtilis_main_a61c0978ae294759	discovery	1	17	2	17	-51.5	+	AGTAAAGATGCGTCCT	4.235312461853027
EMB_multiscale_C19	tjupan_bacillus_subtilis_main_0ad5dcad37f1ba39	dbtbs_bsub_core_712e4b81f6fdb41a	discovery	30	46	31	46	-22.5	+	AAATGAACGTGCAATG	4.2380595207214355
EMB_multiscale_C19	tjupan_bacillus_subtilis_main_6390012fbb39ca22	tjupan_bacillus_subtilis_main_6390012fbb39ca22	discovery	34	50	35	50	-18.5	+	GAGGTTTTAGCGTACG	4.285574436187744
EMB_multiscale_C19	tjupan_bacillus_subtilis_main_a31f56ff3ee450d4	dbtbs_bsub_core_1c4407f77cf4bab2	discovery	0	16	1	16	-52.5	+	GGTGTGGTATAATAGC	4.29656982421875
EMB_multiscale_C19	tjupan_bacillus_subtilis_main_a9ae08a54b460299	dbtbs_bsub_core_4c306bb2d4b261c8	discovery	63	79	64	79	10.5	+	ACTTTAAGTAGGCGGT	4.308002471923828
EMB_multiscale_C19	tjupan_bacillus_subtilis_main_bcbef8350d7925db	tjupan_bacillus_subtilis_main_bcbef8350d7925db	discovery	37	53	38	53	-15.5	+	CAAACGTGTCGATAAT	4.339010715484619
EMB_multiscale_C19	tjupan_bacillus_subtilis_main_61e92334116d4289	dbtbs_bsub_core_946ad3835c6af00d	discovery	48	64	49	64	-4.5	+	AAAAGTAACGTTAGTA	4.3505144119262695
EMB_multiscale_C19	tjupan_bacillus_subtilis_main_2313c7dbb458e370	dbtbs_bsub_core_98d6bef120e2925b	discovery	49	65	50	65	-3.5	+	TCTATGTAGTTACATG	4.362066745758057
EMB_multiscale_C19	tjupan_bacillus_subtilis_main_1db11a6d86ff5865	tjupan_bacillus_subtilis_main_1db11a6d86ff5865	discovery	0	16	1	16	-52.5	+	AGGCTGTATGTGAAGA	4.40128755569458
EMB_multiscale_C19	tjupan_bacillus_subtilis_main_0a0035c3a0685aa9	dbtbs_bsub_core_d50ffa4df9b8add7	discovery	26	42	27	42	-26.5	+	GCACAAGTTGGTTGTT	4.405105113983154
EMB_multiscale_C19	tjupan_bacillus_subtilis_main_8560b0f67ab5f5ab	dbtbs_bsub_core_f7a2628d99aff81a	discovery	56	72	57	72	3.5	+	AAATAGGTTGACGATA	4.410951137542725
EMB_multiscale_C19	tjupan_bacillus_subtilis_main_354da8035d16f701	dbtbs_bsub_core_1ee6e81d7c1d1fa1	discovery	40	56	41	56	-12.5	+	CGTGTGTTACGATATC	4.4286017417907715
EMB_multiscale_C19	tjupan_bacillus_subtilis_main_8a4a22c637647f42	dbtbs_bsub_core_8a4a22c637647f42	discovery	50	66	51	66	-2.5	+	CCTATCTGTTGAGGAG	4.459338665008545
EMB_multiscale_C19	tjupan_bacillus_subtilis_main_32548c7fec9dc4f2	dbtbs_bsub_core_32548c7fec9dc4f2	discovery	63	79	64	79	10.5	+	GGAGGTGCCGTATGAA	4.4831461906433105
EMB_multiscale_C19	tjupan_bacillus_subtilis_main_4059ca0cce5522a4	tjupan_bacillus_subtilis_main_4059ca0cce5522a4	discovery	54	70	55	70	1.5	+	AAGAATTGTGTTAGCA	4.515260219573975
EMB_multiscale_C19	tjupan_bacillus_subtilis_main_eaa75817f87b3088	dbtbs_bsub_core_71c43b52121900cc	discovery	65	81	66	81	12.5	+	GAGGCGTGCTATGTGA	4.531924724578857
EMB_multiscale_C19	tjupan_bacillus_subtilis_main_e9d365c0dda7757e	tjupan_bacillus_subtilis_main_e9d365c0dda7757e	discovery	43	59	44	59	-9.5	+	TGTTAGGTTAAGTTAC	4.559807300567627
EMB_multiscale_C19	tjupan_bacillus_subtilis_main_5ccaab5adb962b3d	dbtbs_bsub_core_483b39fd11d75b28	discovery	21	37	22	37	-31.5	+	TGAGTGTTTATGAAAG	4.600985050201416
EMB_multiscale_C19	tjupan_bacillus_subtilis_main_f09c3556dc31a575	dbtbs_bsub_core_f09c3556dc31a575	discovery	38	54	39	54	-14.5	+	GAAATGGGGTATATCT	4.608608722686768
EMB_multiscale_C19	tjupan_bacillus_subtilis_main_c3431646de80d63f	tjupan_bacillus_subtilis_main_c3431646de80d63f	discovery	28	44	29	44	-24.5	+	TGAAGCCATGTGTTTT	4.716534614562988
EMB_multiscale_C19	tjupan_bacillus_subtilis_main_e326833d29b8752f	dbtbs_bsub_core_e326833d29b8752f	discovery	61	77	62	77	8.5	+	AAAAGGAGTGTGCTCT	4.781032562255859
EMB_multiscale_C19	tjupan_bacillus_subtilis_main_8f5a33e062052e2d	tjupan_bacillus_subtilis_main_8f5a33e062052e2d	discovery	40	56	41	56	-12.5	+	TTTGTTGTACACTAAG	4.898705005645752
EMB_multiscale_C19	tjupan_bacillus_subtilis_main_1732506bbac23b7c	dbtbs_bsub_core_1732506bbac23b7c	discovery	34	50	35	50	-18.5	+	GATGACGGTGTGGTTT	4.90860652923584
EMB_multiscale_C19	tjupan_bacillus_subtilis_main_48f68d49bf53ea3b	dbtbs_bsub_core_a63e45c266a8243f	discovery	4	20	5	20	-48.5	+	TTTTTGTGCAGAGCAT	4.954147815704346
EMB_multiscale_C19	tjupan_bacillus_subtilis_main_eb11019c71a3a745	tjupan_bacillus_subtilis_main_eb11019c71a3a745	discovery	56	72	57	72	3.5	+	ATTGATGTGTGATTTT	4.966210842132568
EMB_multiscale_C19	tjupan_bacillus_subtilis_main_2b799cc13a596bcd	tjupan_bacillus_subtilis_main_2b799cc13a596bcd	discovery	31	47	32	47	-21.5	+	CCACTGTGCCAATGAC	5.1084113121032715
EMB_multiscale_C19	tjupan_bacillus_subtilis_main_8bf0684d999843b1	dbtbs_bsub_core_8bf0684d999843b1	discovery	65	81	66	81	12.5	+	GAGGTGAATGATGTTG	5.169651508331299
EMB_multiscale_C19	tjupan_bacillus_subtilis_main_dccf4ca03cd1642b	dbtbs_bsub_core_dccf4ca03cd1642b	discovery	37	53	38	53	-15.5	+	ATTTAATTGTGTACAA	5.211654186248779
EMB_multiscale_C19	tjupan_bacillus_subtilis_main_a1ad6ce2d20c389b	dbtbs_bsub_core_539bc60476254ff5	discovery	0	16	1	16	-52.5	+	TTTGTGCGTGTCTTTT	5.842876434326172
EMB_multiscale_C20	tjupan_bacillus_subtilis_main_ade14dd3fdacb032	dbtbs_bsub_core_12585b08a658046e	discovery	1	17	2	17	-51.5	+	ACATGCCTTTTCTAGG	2.2473835945129395
EMB_multiscale_C20	tjupan_bacillus_subtilis_main_4b32f81551985923	tjupan_bacillus_subtilis_main_4b32f81551985923	discovery	65	81	66	81	12.5	+	CTTGTTCATTTCTAAA	2.5623655319213867
EMB_multiscale_C20	tjupan_bacillus_subtilis_main_101463e41079a20e	dbtbs_bsub_core_101463e41079a20e	discovery	64	80	65	80	11.5	+	TTTTACAATTCTCGAC	2.5929408073425293
EMB_multiscale_C20	tjupan_bacillus_subtilis_main_712069959cf7e3b2	dbtbs_bsub_core_be0e53c334974f0a	discovery	1	17	2	17	-51.5	+	TTTTCCTTCTATGATT	2.6705987453460693
EMB_multiscale_C20	tjupan_bacillus_subtilis_main_0fe342e604184137	dbtbs_bsub_core_f039c4e5fee11aa3	discovery	34	50	35	50	-18.5	+	GCATTCTTTTCGGCTA	2.707897663116455
EMB_multiscale_C20	tjupan_bacillus_subtilis_main_c12152f72b444aff	tjupan_bacillus_subtilis_main_c12152f72b444aff	discovery	2	18	3	18	-50.5	+	CCATTTTTCTCTGTAT	2.717067003250122
EMB_multiscale_C20	tjupan_bacillus_subtilis_main_636c41b820e9fd5d	tjupan_bacillus_subtilis_main_636c41b820e9fd5d	discovery	4	20	5	20	-48.5	+	TCCCATTTTCTAAATA	2.7306251525878906
EMB_multiscale_C20	tjupan_bacillus_subtilis_main_4cf64b5587e1d04e	dbtbs_bsub_core_4cf64b5587e1d04e	discovery	15	31	16	31	-37.5	+	CCTTCCTTTACTCATA	2.7308061122894287
EMB_multiscale_C20	tjupan_bacillus_subtilis_main_0f3eb3e9a9977e6d	tjupan_bacillus_subtilis_main_0f3eb3e9a9977e6d	discovery	3	19	4	19	-49.5	+	GGTATTTCCAGCTTAT	2.7858383655548096
EMB_multiscale_C20	tjupan_bacillus_subtilis_main_db51f0e14ca9b6e9	tjupan_bacillus_subtilis_main_db51f0e14ca9b6e9	discovery	38	54	39	54	-14.5	+	CTATGCTTTTCGTATT	2.801522970199585
EMB_multiscale_C20	tjupan_bacillus_subtilis_main_047e296b8721a352	dbtbs_bsub_core_d618c1525725d045	discovery	25	41	26	41	-27.5	+	TCATATTTTCTCCAGT	2.8167526721954346
EMB_multiscale_C20	tjupan_bacillus_subtilis_main_69a39ef163dd4726	tjupan_bacillus_subtilis_main_69a39ef163dd4726	discovery	65	81	66	81	12.5	+	CCGTTATCTCTTTGAC	2.830435276031494
EMB_multiscale_C20	tjupan_bacillus_subtilis_main_c7c68e6fe4d84a02	tjupan_bacillus_subtilis_main_c7c68e6fe4d84a02	discovery	33	49	34	49	-19.5	+	GGATCTCCTTTGACAA	2.8359856605529785
EMB_multiscale_C20	tjupan_bacillus_subtilis_main_2be0a0a038238614	tjupan_bacillus_subtilis_main_2be0a0a038238614	discovery	46	62	47	62	-6.5	+	TATATCCTTGATTCAG	2.876587152481079
EMB_multiscale_C20	tjupan_bacillus_subtilis_main_3ab41c1b83ba019b	dbtbs_bsub_core_c956a5fd581ed80a	discovery	0	16	1	16	-52.5	+	TGTCATCTTTTACCTT	2.879783868789673
EMB_multiscale_C20	tjupan_bacillus_subtilis_main_b790c6b12a43a7c6	tjupan_bacillus_subtilis_main_b790c6b12a43a7c6	discovery	11	27	12	27	-41.5	+	ATTGGCTCTTAACAGT	2.8918251991271973
EMB_multiscale_C20	tjupan_bacillus_subtilis_main_0710c2f2267154d3	dbtbs_bsub_core_0710c2f2267154d3	discovery	9	25	10	25	-43.5	+	ATAGGTCTTTGCATCA	2.900606393814087
EMB_multiscale_C20	tjupan_bacillus_subtilis_main_5150105a4bdfd4ce	tjupan_bacillus_subtilis_main_5150105a4bdfd4ce	discovery	33	49	34	49	-19.5	+	TTCAGCTTTCTGTCAT	2.953535795211792
EMB_multiscale_C20	tjupan_bacillus_subtilis_main_24675587b92cc4c7	tjupan_bacillus_subtilis_main_24675587b92cc4c7	discovery	31	47	32	47	-21.5	+	TTTTCATACCTTTGGA	2.96532940864563
EMB_multiscale_C20	tjupan_bacillus_subtilis_main_0f74e2398b4ac2a6	dbtbs_bsub_core_e5f400f6f8de25f5	discovery	0	16	1	16	-52.5	+	GAAGTTCTTTCATAAC	2.980616569519043
EMB_multiscale_C20	tjupan_bacillus_subtilis_main_c758d11e26aac641	tjupan_bacillus_subtilis_main_c758d11e26aac641	discovery	13	29	14	29	-39.5	+	ATGACTCTTCATAAAT	2.9963314533233643
EMB_multiscale_C20	tjupan_bacillus_subtilis_main_632ff1f5d92b347a	tjupan_bacillus_subtilis_main_632ff1f5d92b347a	discovery	13	29	14	29	-39.5	+	ATATGTTTCCGCTTTT	2.9981777667999268
EMB_multiscale_C20	tjupan_bacillus_subtilis_main_be36dbaf549189cb	tjupan_bacillus_subtilis_main_be36dbaf549189cb	discovery	32	48	33	48	-20.5	+	CATATCTTCCAACTTG	3.005668878555298
EMB_multiscale_C20	tjupan_bacillus_subtilis_main_92b62a9d8d87ace9	dbtbs_bsub_core_92b62a9d8d87ace9	discovery	5	21	6	21	-47.5	+	ATAATTCCTTTCAGGC	3.0144290924072266
EMB_multiscale_C20	tjupan_bacillus_subtilis_main_8fa35d24a76b6d72	tjupan_bacillus_subtilis_main_8fa35d24a76b6d72	discovery	16	32	17	32	-36.5	+	TTTGCTTTTCATAAAC	3.0398943424224854
EMB_multiscale_C20	tjupan_bacillus_subtilis_main_74de924b5fe0230a	dbtbs_bsub_core_74de924b5fe0230a	discovery	1	17	2	17	-51.5	+	ATCTCTATTGTTTCTT	3.044266700744629
EMB_multiscale_C20	tjupan_bacillus_subtilis_main_5b5f9b9ad371b1b0	tjupan_bacillus_subtilis_main_5b5f9b9ad371b1b0	discovery	32	48	33	48	-20.5	+	TCGCAAGCTTTTCCTT	3.048994302749634
EMB_multiscale_C20	tjupan_bacillus_subtilis_main_b11aff47b9c426f3	dbtbs_bsub_core_b11aff47b9c426f3	discovery	24	40	25	40	-28.5	+	GCATACTTCCTTCAGG	3.073920726776123
EMB_multiscale_C20	tjupan_bacillus_subtilis_main_80add31ceb4a1382	tjupan_bacillus_subtilis_main_80add31ceb4a1382	discovery	5	21	6	21	-47.5	+	ATTGTTACCTTCTTTT	3.07747220993042
EMB_multiscale_C20	tjupan_bacillus_subtilis_main_66bdec0f6e49230b	dbtbs_bsub_core_66bdec0f6e49230b	discovery	36	52	37	52	-16.5	+	TGTTGCTCCTTCTATA	3.092320680618286
EMB_multiscale_C20	tjupan_bacillus_subtilis_main_10eb69ed5f79bca3	dbtbs_bsub_core_e365baa66d245063	discovery	59	75	60	75	6.5	+	CTGCTCTTTACATCTT	3.0924975872039795
EMB_multiscale_C20	tjupan_bacillus_subtilis_main_8559682da7e0b4ef	dbtbs_bsub_core_8559682da7e0b4ef	discovery	7	23	8	23	-45.5	+	TTCTCTCGTTTTAATT	3.1298179626464844
EMB_multiscale_C20	tjupan_bacillus_subtilis_main_d0e455b1c91ba281	dbtbs_bsub_core_f6e924d0656980ad	discovery	31	47	32	47	-21.5	+	GTTCCATCTGATTTAA	3.180695056915283
EMB_multiscale_C20	tjupan_bacillus_subtilis_main_e4e4a1be67374f28	dbtbs_bsub_core_e4e4a1be67374f28	discovery	16	32	17	32	-36.5	+	AATTTTTCCTGTAACG	3.1813414096832275
EMB_multiscale_C20	tjupan_bacillus_subtilis_main_6e989f822c0894af	dbtbs_bsub_core_bb5ca17cb9317fea	discovery	48	64	49	64	-4.5	+	TAAAATTTCTTCAGGA	3.195542812347412
EMB_multiscale_C20	tjupan_bacillus_subtilis_main_af51a9f7939c4cfb	dbtbs_bsub_core_49fc6b8175a85db6	discovery	1	17	2	17	-51.5	+	ATCTCTTTTTCAACCG	3.2323548793792725
EMB_multiscale_C20	tjupan_bacillus_subtilis_main_18d5be8d5c4f9a22	tjupan_bacillus_subtilis_main_18d5be8d5c4f9a22	discovery	25	41	26	41	-27.5	+	TTGGCCTTCTTCGTTC	3.2347333431243896
EMB_multiscale_C20	tjupan_bacillus_subtilis_main_51e2f43063a3baab	tjupan_bacillus_subtilis_main_51e2f43063a3baab	discovery	11	27	12	27	-41.5	+	TCCCATAATCTTTTCA	3.2488183975219727
EMB_multiscale_C20	tjupan_bacillus_subtilis_main_b1dfffe50d4e7cba	dbtbs_bsub_core_6990407cd148d57b	discovery	17	33	18	33	-35.5	+	TAGCCCTTCTTTACCA	3.2705724239349365
EMB_multiscale_C20	tjupan_bacillus_subtilis_main_a2cd64f7b02e9630	tjupan_bacillus_subtilis_main_a2cd64f7b02e9630	discovery	24	40	25	40	-28.5	+	ACTTGATTTTCTCAAG	3.283710479736328
EMB_multiscale_C20	tjupan_bacillus_subtilis_main_52931b7eafd9a9b2	dbtbs_bsub_core_324baeb0b4deda5d	discovery	26	42	27	42	-26.5	+	TTTTCATTTCTGAAAT	3.290926694869995
EMB_multiscale_C20	tjupan_bacillus_subtilis_main_359df7c8e20abe4e	tjupan_bacillus_subtilis_main_359df7c8e20abe4e	discovery	29	45	30	45	-23.5	+	TCATACTTGTCCTGAA	3.328244686126709
EMB_multiscale_C20	tjupan_bacillus_subtilis_main_c9a32e1db5125d7c	dbtbs_bsub_core_c9a32e1db5125d7c	discovery	38	54	39	54	-14.5	+	AAATCCTTCTTATCAT	3.3282811641693115
EMB_multiscale_C20	tjupan_bacillus_subtilis_main_4059ca0cce5522a4	tjupan_bacillus_subtilis_main_4059ca0cce5522a4	discovery	14	30	15	30	-38.5	+	TATCTTATCACTTGAA	3.339130401611328
EMB_multiscale_C20	tjupan_bacillus_subtilis_main_ca7deec2e4330ae4	tjupan_bacillus_subtilis_main_ca7deec2e4330ae4	discovery	2	18	3	18	-50.5	+	TTCCACCTAATTTTCA	3.3768532276153564
EMB_multiscale_C20	tjupan_bacillus_subtilis_main_a9fde0fdd238b261	dbtbs_bsub_core_06588c97cd7288a8	discovery	31	47	32	47	-21.5	+	AATAATTCTCCTTTTT	3.377530813217163
EMB_multiscale_C20	tjupan_bacillus_subtilis_main_d24ab9ea2522f43e	dbtbs_bsub_core_e391b9fe5a0b653f	discovery	4	20	5	20	-48.5	+	CCTTGTCCTTATTGAG	3.3869941234588623
EMB_multiscale_C20	tjupan_bacillus_subtilis_main_6b5eda10bbc36b27	dbtbs_bsub_core_0d578393adbcde98	discovery	1	17	2	17	-51.5	+	TATTTTCCTCTCAACA	3.3912405967712402
EMB_multiscale_C20	tjupan_bacillus_subtilis_main_7bc9aa9d4ad371af	dbtbs_bsub_core_7bc9aa9d4ad371af	discovery	5	21	6	21	-47.5	+	GTTTTTCTTCATATGA	3.394834280014038
EMB_multiscale_C20	tjupan_bacillus_subtilis_main_4e48cd3162b15e74	tjupan_bacillus_subtilis_main_4e48cd3162b15e74	discovery	62	78	63	78	9.5	+	ACAAGCTTGTTTTCAT	3.3950183391571045
EMB_multiscale_C20	tjupan_bacillus_subtilis_main_02077247d0a8a665	dbtbs_bsub_core_e82d4ff28ccc2c95	discovery	61	77	62	77	8.5	+	TTTTAACTCTTGATTA	3.409310817718506
EMB_multiscale_C20	tjupan_bacillus_subtilis_main_a31f56ff3ee450d4	dbtbs_bsub_core_1c4407f77cf4bab2	discovery	48	64	49	64	-4.5	+	ATAATCTCCTTTGAAA	3.418328285217285
EMB_multiscale_C20	tjupan_bacillus_subtilis_main_b7240ec09f994729	dbtbs_bsub_core_6cadf10f2f906812	discovery	56	72	57	72	3.5	+	TTTTGGGCTCTTCAAA	3.4207496643066406
EMB_multiscale_C20	tjupan_bacillus_subtilis_main_9daaa0d103ffad86	dbtbs_bsub_core_9daaa0d103ffad86	discovery	31	47	32	47	-21.5	+	TTCTGTTTCTTCACTG	3.4471752643585205
EMB_multiscale_C20	tjupan_bacillus_subtilis_main_e2f816d3420810f5	dbtbs_bsub_core_8f473f826c608a81	discovery	27	43	28	43	-25.5	+	TACTAATCCTTTTGTT	3.4542250633239746
EMB_multiscale_C20	tjupan_bacillus_subtilis_main_56bd9deba3d3b9f9	dbtbs_bsub_core_5dd7cccc54d589c3	discovery	39	55	40	55	-13.5	+	TCTTTTTCTACAATAT	3.480393648147583
EMB_multiscale_C20	tjupan_bacillus_subtilis_main_202644f8a02efab9	dbtbs_bsub_core_f4d81ad6a0709a55	discovery	2	18	3	18	-50.5	+	GTCTTTTTCAGCTACT	3.481154441833496
EMB_multiscale_C20	tjupan_bacillus_subtilis_main_e70fb70b66e1d829	tjupan_bacillus_subtilis_main_e70fb70b66e1d829	discovery	19	35	20	35	-33.5	+	TTTGCGTTCTTCTTTT	3.4822192192077637
EMB_multiscale_C20	tjupan_bacillus_subtilis_main_56fbf5e1ebfb46d1	dbtbs_bsub_core_56fbf5e1ebfb46d1	discovery	2	18	3	18	-50.5	+	GCATATTTCTGAAAAA	3.483560085296631
EMB_multiscale_C20	tjupan_bacillus_subtilis_main_dc65c8922842b20f	tjupan_bacillus_subtilis_main_dc65c8922842b20f	discovery	52	68	53	68	-0.5	+	TGAAGATCCTTACTAC	3.517071008682251
EMB_multiscale_C20	tjupan_bacillus_subtilis_main_3eb701a469cb4095	tjupan_bacillus_subtilis_main_3eb701a469cb4095	discovery	11	27	12	27	-41.5	+	ATTTTGCTTCAATTTA	3.51906681060791
EMB_multiscale_C20	tjupan_bacillus_subtilis_main_79d6d17268b5d0ce	dbtbs_bsub_core_94e9d8c40cf791b3	discovery	60	76	61	76	7.5	+	TAGATATTCTCAAGGA	3.533047914505005
EMB_multiscale_C20	tjupan_bacillus_subtilis_main_59b38cd2f2ea112d	dbtbs_bsub_core_59b38cd2f2ea112d	discovery	8	24	9	24	-44.5	+	AAATTTTCTAAAGATG	3.564298152923584
EMB_multiscale_C20	tjupan_bacillus_subtilis_main_de399adaaafe5be7	dbtbs_bsub_core_f1028676a1f89b0e	discovery	55	71	56	71	2.5	+	TTTTTCTTAGGATACT	3.5858078002929688
EMB_multiscale_C20	tjupan_bacillus_subtilis_main_993a308bb6e190e1	dbtbs_bsub_core_993a308bb6e190e1	discovery	61	77	62	77	8.5	+	AAAGTATTTCTCGGGA	3.593155860900879
EMB_multiscale_C20	tjupan_bacillus_subtilis_main_354da8035d16f701	dbtbs_bsub_core_1ee6e81d7c1d1fa1	discovery	7	23	8	23	-45.5	+	AATCATATCTTTTTGT	3.594191551208496
EMB_multiscale_C20	tjupan_bacillus_subtilis_main_5957e34dfa6ab85c	tjupan_bacillus_subtilis_main_5957e34dfa6ab85c	discovery	24	40	25	40	-28.5	+	GGTATTCTCTGTTACA	3.596163511276245
EMB_multiscale_C20	tjupan_bacillus_subtilis_main_09deb32688bf8365	tjupan_bacillus_subtilis_main_09deb32688bf8365	discovery	11	27	12	27	-41.5	+	TAGATTCCATTTGGTC	3.5972189903259277
EMB_multiscale_C20	tjupan_bacillus_subtilis_main_1dc2eb4818f9715a	dbtbs_bsub_core_1dc2eb4818f9715a	discovery	20	36	21	36	-32.5	+	ATTTTCTTATCATTCT	3.6354665756225586
EMB_multiscale_C20	tjupan_bacillus_subtilis_main_5f8b6936b2e52932	tjupan_bacillus_subtilis_main_5f8b6936b2e52932	discovery	48	64	49	64	-4.5	+	ATAATCATTTCTGTTG	3.648699998855591
EMB_multiscale_C20	tjupan_bacillus_subtilis_main_9d589577eb1cbe67	tjupan_bacillus_subtilis_main_9d589577eb1cbe67	discovery	8	24	9	24	-44.5	+	ATTTTGTTACTCTCTG	3.6680972576141357
EMB_multiscale_C20	tjupan_bacillus_subtilis_main_1259688a411f3c07	tjupan_bacillus_subtilis_main_1259688a411f3c07	discovery	58	74	59	74	5.5	+	GTAAAGATTCCTTTTT	3.679142475128174
EMB_multiscale_C20	tjupan_bacillus_subtilis_main_bba2e45eb636482b	dbtbs_bsub_core_bba2e45eb636482b	discovery	10	26	11	26	-42.5	+	ACTGTTTACGCTCTCT	3.6983819007873535
EMB_multiscale_C20	tjupan_bacillus_subtilis_main_e1d5408a78fdd1c5	dbtbs_bsub_core_f8ce2fa963a01405	discovery	16	32	17	32	-36.5	+	CATCATTCTCGTTTTT	3.6984593868255615
EMB_multiscale_C20	tjupan_bacillus_subtilis_main_6514a11d381455ae	tjupan_bacillus_subtilis_main_6514a11d381455ae	discovery	27	43	28	43	-25.5	+	GTAAATCCTTTCTGAA	3.6987709999084473
EMB_multiscale_C20	tjupan_bacillus_subtilis_main_96d42d8ccff315ec	tjupan_bacillus_subtilis_main_96d42d8ccff315ec	discovery	1	17	2	17	-51.5	+	TAATTTTCAGACTTTT	3.7004053592681885
EMB_multiscale_C20	tjupan_bacillus_subtilis_main_e6accdb752f9724f	dbtbs_bsub_core_41815df9927fe319	discovery	5	21	6	21	-47.5	+	ACAACTCTTTTATGGA	3.705693483352661
EMB_multiscale_C20	tjupan_bacillus_subtilis_main_c2d54a415a7d048a	dbtbs_bsub_core_c2d54a415a7d048a	discovery	62	78	63	78	9.5	+	CCTTCCTTCACTTTTA	3.7059662342071533
EMB_multiscale_C20	tjupan_bacillus_subtilis_main_487ce40a67c6d939	tjupan_bacillus_subtilis_main_487ce40a67c6d939	discovery	33	49	34	49	-19.5	+	GTTTTTCCATCTATGG	3.7093279361724854
EMB_multiscale_C20	tjupan_bacillus_subtilis_main_2db0b8f33ca38a29	tjupan_bacillus_subtilis_main_2db0b8f33ca38a29	discovery	14	30	15	30	-38.5	+	TTTATTTCTTCGAATA	3.719356060028076
EMB_multiscale_C20	tjupan_bacillus_subtilis_main_7a6037ae36a0870c	tjupan_bacillus_subtilis_main_7a6037ae36a0870c	discovery	32	48	33	48	-20.5	+	CCCGTCTTCTATGGGA	3.7295305728912354
EMB_multiscale_C20	tjupan_bacillus_subtilis_main_55935e0c215d1239	dbtbs_bsub_core_bd96a60828361996	discovery	64	80	65	80	11.5	+	GCAATTTTCGATCAGT	3.7345969676971436
EMB_multiscale_C20	tjupan_bacillus_subtilis_main_c1bd3e378306e57e	tjupan_bacillus_subtilis_main_c1bd3e378306e57e	discovery	38	54	39	54	-14.5	+	TTTTTTTCTCCGATAT	3.741584300994873
EMB_multiscale_C20	tjupan_bacillus_subtilis_main_412fe696982b64f9	dbtbs_bsub_core_412fe696982b64f9	discovery	1	17	2	17	-51.5	+	TGAAACTTTTCACCCA	3.74977445602417
EMB_multiscale_C20	tjupan_bacillus_subtilis_main_5787c658c95c4762	tjupan_bacillus_subtilis_main_5787c658c95c4762	discovery	1	17	2	17	-51.5	+	TATTTTTCTCCACAAC	3.750244379043579
EMB_multiscale_C20	tjupan_bacillus_subtilis_main_7ebbe970ac38b83d	dbtbs_bsub_core_5742761e1938e2d4	discovery	65	81	66	81	12.5	+	GGATCTTCATCCTTAA	3.7742679119110107
EMB_multiscale_C20	tjupan_bacillus_subtilis_main_3c97e9436cb369c2	dbtbs_bsub_core_6dc10c0d490555ae	discovery	6	22	7	22	-46.5	+	CCAAGCTGTTTTCTTT	3.7858874797821045
EMB_multiscale_C20	tjupan_bacillus_subtilis_main_8b925a3983e97ebd	dbtbs_bsub_core_0346364171f10446	discovery	1	17	2	17	-51.5	+	ATACCCTTATCTGGAA	3.7879505157470703
EMB_multiscale_C20	tjupan_bacillus_subtilis_main_32a70db45859cbb9	dbtbs_bsub_core_32a70db45859cbb9	discovery	36	52	37	52	-16.5	+	TATTTTCCGTGTCTAT	3.7990667819976807
EMB_multiscale_C20	tjupan_bacillus_subtilis_main_a1ad6ce2d20c389b	dbtbs_bsub_core_539bc60476254ff5	discovery	19	35	20	35	-33.5	+	TTTTCTCTTGATTTTC	3.8331990242004395
EMB_multiscale_C20	tjupan_bacillus_subtilis_main_8837dc4443db7de3	tjupan_bacillus_subtilis_main_8837dc4443db7de3	discovery	16	32	17	32	-36.5	+	ATCATAAACTTCCCCA	3.8616232872009277
EMB_multiscale_C20	tjupan_bacillus_subtilis_main_a61c0978ae294759	tjupan_bacillus_subtilis_main_a61c0978ae294759	discovery	41	57	42	57	-11.5	+	TTTTTTTCTCATAATA	3.865306854248047
EMB_multiscale_C20	tjupan_bacillus_subtilis_main_8f5a33e062052e2d	tjupan_bacillus_subtilis_main_8f5a33e062052e2d	discovery	23	39	24	39	-29.5	+	TTTTCTTTAGACTGTT	3.8677737712860107
EMB_multiscale_C20	tjupan_bacillus_subtilis_main_b59ef89e981b3745	tjupan_bacillus_subtilis_main_b59ef89e981b3745	discovery	39	55	40	55	-13.5	+	CTTTTTCTTCGTATAA	3.869694709777832
EMB_multiscale_C20	tjupan_bacillus_subtilis_main_0b104549c8fd9755	dbtbs_bsub_core_0b104549c8fd9755	discovery	14	30	15	30	-38.5	+	TCTTTTCCTGTTAAAA	3.8797545433044434
EMB_multiscale_C20	tjupan_bacillus_subtilis_main_ced72b826f4a910f	dbtbs_bsub_core_d1a4fbb8ec4bd212	discovery	0	16	1	16	-52.5	+	TTTCCTATTCTCGGCA	3.8854446411132812
EMB_multiscale_C20	tjupan_bacillus_subtilis_main_6fc8019646ae0ec6	dbtbs_bsub_core_0346364171f10446	discovery	32	48	33	48	-20.5	+	GCAACCTTTTCGATTA	3.955214023590088
EMB_multiscale_C20	tjupan_bacillus_subtilis_main_857deea4069ff6ab	tjupan_bacillus_subtilis_main_857deea4069ff6ab	discovery	3	19	4	19	-49.5	+	TTTAAACTTTCTGAAA	3.971065044403076
EMB_multiscale_C20	tjupan_bacillus_subtilis_main_49e8e3a6681b011d	dbtbs_bsub_core_e14a6f906af1fa54	discovery	1	17	2	17	-51.5	+	AAATCCAATCTTTAAA	3.990060567855835
EMB_multiscale_C20	tjupan_bacillus_subtilis_main_2bdb32bb685dc1db	tjupan_bacillus_subtilis_main_2bdb32bb685dc1db	discovery	6	22	7	22	-46.5	+	TGGTTCGCTCTTTTTA	3.9952585697174072
EMB_multiscale_C20	tjupan_bacillus_subtilis_main_a8b2c052c0cdfcff	tjupan_bacillus_subtilis_main_a8b2c052c0cdfcff	discovery	34	50	35	50	-18.5	+	AAATTTCTTTGTCTCT	3.996238946914673
EMB_multiscale_C20	tjupan_bacillus_subtilis_main_0a71b8cbf4011c3b	dbtbs_bsub_core_dc5af08cd1bffe94	discovery	27	43	28	43	-25.5	+	AGGATTTTCTTACATA	3.9988205432891846
EMB_multiscale_C20	tjupan_bacillus_subtilis_main_a1b8ecb6878276b4	dbtbs_bsub_core_a1b8ecb6878276b4	discovery	24	40	25	40	-28.5	+	CCCTTAATTCTTTAGA	4.016030788421631
EMB_multiscale_C20	tjupan_bacillus_subtilis_main_e28ceade6e8616fa	dbtbs_bsub_core_9b12482ac6eea2d4	discovery	11	27	12	27	-41.5	+	TCATCTCCTTGTAGCG	4.016925811767578
EMB_multiscale_C20	tjupan_bacillus_subtilis_main_62eb1c4377c084e1	dbtbs_bsub_core_413a4bed9f6cfeea	discovery	17	33	18	33	-35.5	+	TATCCTTTTCTGTTAT	4.018489837646484
EMB_multiscale_C20	tjupan_bacillus_subtilis_main_7942697cd86d944b	tjupan_bacillus_subtilis_main_7942697cd86d944b	discovery	34	50	35	50	-18.5	+	ATAGGCCTCTTCTATA	4.036888599395752
EMB_multiscale_C20	tjupan_bacillus_subtilis_main_82e1287a21b69715	dbtbs_bsub_core_82e1287a21b69715	discovery	1	17	2	17	-51.5	+	GCTCTATCCTGGGTTT	4.038088798522949
EMB_multiscale_C20	tjupan_bacillus_subtilis_main_cb2c7c4f94201384	tjupan_bacillus_subtilis_main_cb2c7c4f94201384	discovery	27	43	28	43	-25.5	+	CATCCTTTTCAATAAA	4.053029537200928
EMB_multiscale_C20	tjupan_bacillus_subtilis_main_edadeeaf4ff7a848	tjupan_bacillus_subtilis_main_edadeeaf4ff7a848	discovery	14	30	15	30	-38.5	+	TTTCATATCTGGCTTC	4.085168361663818
EMB_multiscale_C20	tjupan_bacillus_subtilis_main_ba9efec60bbd4a6b	tjupan_bacillus_subtilis_main_ba9efec60bbd4a6b	discovery	9	25	10	25	-43.5	+	CCCTCCTTTAAGATGA	4.136870384216309
EMB_multiscale_C20	tjupan_bacillus_subtilis_main_fbae385e087109ce	tjupan_bacillus_subtilis_main_fbae385e087109ce	discovery	60	76	61	76	7.5	+	TACTGCTTACTTTTGA	4.139190196990967
EMB_multiscale_C20	tjupan_bacillus_subtilis_main_ffb5b3082f8ea0cd	tjupan_bacillus_subtilis_main_ffb5b3082f8ea0cd	discovery	30	46	31	46	-22.5	+	AAGCTTCTTTTCGACG	4.142220497131348
EMB_multiscale_C20	tjupan_bacillus_subtilis_main_1f2ca280ccaab774	tjupan_bacillus_subtilis_main_1f2ca280ccaab774	discovery	25	41	26	41	-27.5	+	ATTGAAATTCTCTTCG	4.1489410400390625
EMB_multiscale_C20	tjupan_bacillus_subtilis_main_b2e461bb3b5d3d88	dbtbs_bsub_core_b2e461bb3b5d3d88	discovery	62	78	63	78	9.5	+	ATCATCCGCTTTTTGA	4.163278579711914
EMB_multiscale_C20	tjupan_bacillus_subtilis_main_f3423ecbff5b6537	dbtbs_bsub_core_dc8c32e7cfbca6d1	discovery	5	21	6	21	-47.5	+	ACTTTTACCCTGATAT	4.198200702667236
EMB_multiscale_C20	tjupan_bacillus_subtilis_main_a9ae08a54b460299	dbtbs_bsub_core_4c306bb2d4b261c8	discovery	0	16	1	16	-52.5	+	AAAAATCGCTTTTTAA	4.198555946350098
EMB_multiscale_C20	tjupan_bacillus_subtilis_main_db7eebd0b9425a4f	dbtbs_bsub_core_db7eebd0b9425a4f	discovery	15	31	16	31	-37.5	+	CTAACTCCCTTTTTAA	4.21262264251709
EMB_multiscale_C20	tjupan_bacillus_subtilis_main_32548c7fec9dc4f2	dbtbs_bsub_core_32548c7fec9dc4f2	discovery	31	47	32	47	-21.5	+	ATCCTCCTCATTAATG	4.219096660614014
EMB_multiscale_C20	tjupan_bacillus_subtilis_main_35bf7199ae44b70c	dbtbs_bsub_core_35bf7199ae44b70c	discovery	4	20	5	20	-48.5	+	AAAGTCATTTCTTTTC	4.22523832321167
EMB_multiscale_C20	tjupan_bacillus_subtilis_main_fae71e59d553e455	dbtbs_bsub_core_fae71e59d553e455	discovery	33	49	34	49	-19.5	+	TCTTCCCTTAACCATA	4.281064033508301
EMB_multiscale_C20	tjupan_bacillus_subtilis_main_0438d7b75e1f910f	dbtbs_bsub_core_975fc641de00609f	discovery	65	81	66	81	12.5	+	ATCAAACTTGTTTCCT	4.287400722503662
EMB_multiscale_C20	tjupan_bacillus_subtilis_main_a0eee3dddaf07ac3	tjupan_bacillus_subtilis_main_a0eee3dddaf07ac3	discovery	24	40	25	40	-28.5	+	GATGGACTTTTCCCAA	4.305237770080566
EMB_multiscale_C20	tjupan_bacillus_subtilis_main_60ee42342c88d235	tjupan_bacillus_subtilis_main_60ee42342c88d235	discovery	18	34	19	34	-34.5	+	AAAGAGCCTTAACTTT	4.315156936645508
EMB_multiscale_C20	tjupan_bacillus_subtilis_main_b7c0b4323e70fc71	dbtbs_bsub_core_b7c0b4323e70fc71	discovery	3	19	4	19	-49.5	+	AAGTTTTCTAGTCCCG	4.397303104400635
EMB_multiscale_C20	tjupan_bacillus_subtilis_main_cb8c6e383b33abd4	dbtbs_bsub_core_cb8c6e383b33abd4	discovery	60	76	61	76	7.5	+	GATCAGCTTTCAAGGG	4.40989351272583
EMB_multiscale_C20	tjupan_bacillus_subtilis_main_954287dc5b301340	tjupan_bacillus_subtilis_main_954287dc5b301340	discovery	49	65	50	65	-3.5	+	CTTCTCCTTACACTTT	4.465755939483643
EMB_multiscale_C20	tjupan_bacillus_subtilis_main_ef6dc517178d6adf	dbtbs_bsub_core_ef6dc517178d6adf	discovery	42	58	43	58	-10.5	+	CCTCTATACTTTTTCC	4.599267482757568
EMB_multiscale_C20	tjupan_bacillus_subtilis_main_64dfe397c07a4656	dbtbs_bsub_core_99013d44fc3df9d1	discovery	0	16	1	16	-52.5	+	GGTTCTTCATCAGGAT	4.601770401000977
EMB_multiscale_C20	tjupan_bacillus_subtilis_main_2b17d905bac0c3bc	dbtbs_bsub_core_2b17d905bac0c3bc	discovery	25	41	26	41	-27.5	+	TTTTAAAATCTTTCCA	4.606016635894775
EMB_multiscale_C20	tjupan_bacillus_subtilis_main_13f211949a22c74a	dbtbs_bsub_core_bdbae944a25ddfff	discovery	22	38	23	38	-30.5	+	TCCAATCTCTTTACTC	4.629608154296875
EMB_multiscale_C20	tjupan_bacillus_subtilis_main_c3431646de80d63f	tjupan_bacillus_subtilis_main_c3431646de80d63f	discovery	14	30	15	30	-38.5	+	AAAGTTTTTCTGAATG	4.6844072341918945
EMB_multiscale_C20	tjupan_bacillus_subtilis_main_c204793b69b45448	dbtbs_bsub_core_c204793b69b45448	discovery	0	16	1	16	-52.5	+	CTCTCCTTCATATATT	4.685612678527832
EMB_multiscale_C20	tjupan_bacillus_subtilis_main_efde358c620c36bd	dbtbs_bsub_core_efde358c620c36bd	discovery	16	32	17	32	-36.5	+	CTAACCACCTTATTTT	4.6860671043396
EMB_multiscale_C20	tjupan_bacillus_subtilis_main_0c4104d2e02c2e3b	dbtbs_bsub_core_a955cdf3a08d689c	discovery	6	22	7	22	-46.5	+	ATTAATTCCCTTTAAA	4.774735927581787
EMB_multiscale_C20	tjupan_bacillus_subtilis_main_0d7b08433a8f6233	tjupan_bacillus_subtilis_main_0d7b08433a8f6233	discovery	1	17	2	17	-51.5	+	TTTGCCTGCTTTGTTC	4.865031719207764
EMB_multiscale_C20	tjupan_bacillus_subtilis_main_f3b59cc74d659ebc	dbtbs_bsub_core_866d6e8af07c9412	discovery	0	16	1	16	-52.5	+	TGGCGCTCCTTTTTTT	4.867108345031738
EMB_multiscale_C20	tjupan_bacillus_subtilis_main_2b799cc13a596bcd	tjupan_bacillus_subtilis_main_2b799cc13a596bcd	discovery	1	17	2	17	-51.5	+	TCTTTCCTCCTTTTTT	4.883347511291504
EMB_multiscale_C20	tjupan_bacillus_subtilis_main_2330b24ab93e80ef	dbtbs_bsub_core_747f22d2323a8765	discovery	19	35	20	35	-33.5	+	CATTTTTCTTCAAAAA	4.9259033203125
EMB_multiscale_C20	tjupan_bacillus_subtilis_main_6fcd42bdf8073a65	dbtbs_bsub_core_6fcd42bdf8073a65	discovery	0	16	1	16	-52.5	+	ATATTGATGCCTCCCT	5.583085060119629
EMB_multiscale_C21	tjupan_bacillus_subtilis_main_8421a3506bc3ca2c	tjupan_bacillus_subtilis_main_8421a3506bc3ca2c	discovery	43	59	44	59	-9.5	+	TGACTATAATAATCAA	2.090500593185425
EMB_multiscale_C21	tjupan_bacillus_subtilis_main_af51a9f7939c4cfb	dbtbs_bsub_core_49fc6b8175a85db6	discovery	62	78	63	78	9.5	+	ATATGATAATTATAGA	2.3231632709503174
EMB_multiscale_C21	tjupan_bacillus_subtilis_main_b578e9e0d96d144a	dbtbs_bsub_core_b578e9e0d96d144a	discovery	44	60	45	60	-8.5	+	GAATCATATTAAAGGT	2.364821672439575
EMB_multiscale_C21	tjupan_bacillus_subtilis_main_91723abad13f63e4	tjupan_bacillus_subtilis_main_91723abad13f63e4	discovery	46	62	47	62	-6.5	+	ATTATGATAATATCAG	2.381500005722046
EMB_multiscale_C21	tjupan_bacillus_subtilis_main_d33162cb12a5a549	tjupan_bacillus_subtilis_main_d33162cb12a5a549	discovery	44	60	45	60	-8.5	+	ATATATAATTTAGATC	2.5328452587127686
EMB_multiscale_C21	tjupan_bacillus_subtilis_main_a2cd64f7b02e9630	tjupan_bacillus_subtilis_main_a2cd64f7b02e9630	discovery	44	60	45	60	-8.5	+	CATAGTATAATGTTAA	2.54817271232605
EMB_multiscale_C21	tjupan_bacillus_subtilis_main_e84ae283b7981830	tjupan_bacillus_subtilis_main_e84ae283b7981830	discovery	12	28	13	28	-40.5	+	GAATGAATATAGGCGA	2.553621292114258
EMB_multiscale_C21	tjupan_bacillus_subtilis_main_2c9e8a462277f7da	dbtbs_bsub_core_f7573fed016c047b	discovery	45	61	46	61	-7.5	+	CATATTAATAATGATA	2.5662739276885986
EMB_multiscale_C21	tjupan_bacillus_subtilis_main_216653931b9dfc0d	tjupan_bacillus_subtilis_main_216653931b9dfc0d	discovery	45	61	46	61	-7.5	+	ATGATATAATTAAGTC	2.567096471786499
EMB_multiscale_C21	tjupan_bacillus_subtilis_main_f7fb3b6a673b2fe9	dbtbs_bsub_core_4c8b5a3cc4c24c6c	discovery	42	58	43	58	-10.5	+	TCAAGTTATAATGAAA	2.5784730911254883
EMB_multiscale_C21	tjupan_bacillus_subtilis_main_e90961ead2da3f7b	tjupan_bacillus_subtilis_main_e90961ead2da3f7b	discovery	43	59	44	59	-9.5	+	AGGTTATATAAGATGA	2.5994861125946045
EMB_multiscale_C21	tjupan_bacillus_subtilis_main_ec009cfbae4f5210	dbtbs_bsub_core_ec009cfbae4f5210	discovery	52	68	53	68	-0.5	+	ATATGATTATAAGTTG	2.6098363399505615
EMB_multiscale_C21	tjupan_bacillus_subtilis_main_9d5c52bb0fa0ffad	dbtbs_bsub_core_9d5c52bb0fa0ffad	discovery	21	37	22	37	-31.5	+	CTGTATATTTATGATA	2.684670925140381
EMB_multiscale_C21	tjupan_bacillus_subtilis_main_eb11019c71a3a745	tjupan_bacillus_subtilis_main_eb11019c71a3a745	discovery	45	61	46	61	-7.5	+	GTATGATAATAATTGA	2.686838388442993
EMB_multiscale_C21	tjupan_bacillus_subtilis_main_7ac1767347438edd	dbtbs_bsub_core_5c6ce2f66e66fe9e	discovery	3	19	4	19	-49.5	+	TTCGATTATAATGGAA	2.689070224761963
EMB_multiscale_C21	tjupan_bacillus_subtilis_main_e1fd6875b30f4c73	dbtbs_bsub_core_e1fd6875b30f4c73	discovery	42	58	43	58	-10.5	+	CTAGTTTATAATGACG	2.704420328140259
EMB_multiscale_C21	tjupan_bacillus_subtilis_main_618f0dc5c0847866	dbtbs_bsub_core_e2f191a04a63a5f0	discovery	48	64	49	64	-4.5	+	TATATAATATTGTGAA	2.716937780380249
EMB_multiscale_C21	tjupan_bacillus_subtilis_main_359df7c8e20abe4e	tjupan_bacillus_subtilis_main_359df7c8e20abe4e	discovery	49	65	50	65	-3.5	+	CAATATGATATAAAAG	2.7344324588775635
EMB_multiscale_C21	tjupan_bacillus_subtilis_main_84e6c8375d18dc47	tjupan_bacillus_subtilis_main_84e6c8375d18dc47	discovery	0	16	1	16	-52.5	+	TGTTTAATATGAGTTT	2.744140386581421
EMB_multiscale_C21	tjupan_bacillus_subtilis_main_08d810e756c7d81b	tjupan_bacillus_subtilis_main_08d810e756c7d81b	discovery	48	64	49	64	-4.5	+	ATAAACTATTATGGGT	2.758758544921875
EMB_multiscale_C21	tjupan_bacillus_subtilis_main_e1d5408a78fdd1c5	dbtbs_bsub_core_f8ce2fa963a01405	discovery	42	58	43	58	-10.5	+	TACGATTATAATAAAG	2.766058921813965
EMB_multiscale_C21	tjupan_bacillus_subtilis_main_f3e9cc226f1feac3	tjupan_bacillus_subtilis_main_f3e9cc226f1feac3	discovery	14	30	15	30	-38.5	+	TAATAATTATAGTTGG	2.7722580432891846
EMB_multiscale_C21	tjupan_bacillus_subtilis_main_9990510225814384	tjupan_bacillus_subtilis_main_9990510225814384	discovery	61	77	62	77	8.5	+	AATTGAATATAAATCA	2.7970356941223145
EMB_multiscale_C21	tjupan_bacillus_subtilis_main_3be839d09df1dbe1	dbtbs_bsub_core_3be839d09df1dbe1	discovery	42	58	43	58	-10.5	+	TTTACTATAATAAAGA	2.8290908336639404
EMB_multiscale_C21	tjupan_bacillus_subtilis_main_a1ad6ce2d20c389b	dbtbs_bsub_core_539bc60476254ff5	discovery	56	72	57	72	3.5	+	AATAGTAATTATTACG	2.8416595458984375
EMB_multiscale_C21	tjupan_bacillus_subtilis_main_41b76e09c674d652	dbtbs_bsub_core_41b76e09c674d652	discovery	43	59	44	59	-9.5	+	CGAGTATTATAAACTC	2.854121208190918
EMB_multiscale_C21	tjupan_bacillus_subtilis_main_636c41b820e9fd5d	tjupan_bacillus_subtilis_main_636c41b820e9fd5d	discovery	51	67	52	67	-1.5	+	GATGAATATAAATCTT	2.8562636375427246
EMB_multiscale_C21	tjupan_bacillus_subtilis_main_272e2f2c83a48fab	dbtbs_bsub_core_272e2f2c83a48fab	discovery	56	72	57	72	3.5	+	ATATATAATTAGAATT	2.8588058948516846
EMB_multiscale_C21	tjupan_bacillus_subtilis_main_ab3313558a015086	dbtbs_bsub_core_ab3313558a015086	discovery	42	58	43	58	-10.5	+	TATATAATATGGTTAC	2.866565465927124
EMB_multiscale_C21	tjupan_bacillus_subtilis_main_796368712c0cdecb	tjupan_bacillus_subtilis_main_796368712c0cdecb	discovery	46	62	47	62	-6.5	+	AACGATATAATAGTGA	2.86740779876709
EMB_multiscale_C21	tjupan_bacillus_subtilis_main_f45d38a5e15ccc93	dbtbs_bsub_core_5dbc73ad42aeab56	discovery	40	56	41	56	-12.5	+	GCAAATAATAGAATAG	2.882485866546631
EMB_multiscale_C21	tjupan_bacillus_subtilis_main_857deea4069ff6ab	tjupan_bacillus_subtilis_main_857deea4069ff6ab	discovery	44	60	45	60	-8.5	+	TTTATAATATTAAGTC	2.9134035110473633
EMB_multiscale_C21	tjupan_bacillus_subtilis_main_8e9af30cd29c08ec	dbtbs_bsub_core_ab5345ed831420ec	discovery	33	49	34	49	-19.5	+	CTGTATATTTATGATA	2.9150490760803223
EMB_multiscale_C21	tjupan_bacillus_subtilis_main_e445a9d379a1812a	dbtbs_bsub_core_e445a9d379a1812a	discovery	42	58	43	58	-10.5	+	CATGTATAATAGATTC	2.9213600158691406
EMB_multiscale_C21	tjupan_bacillus_subtilis_main_fcf1520effc316d9	dbtbs_bsub_core_fcf1520effc316d9	discovery	11	27	12	27	-41.5	+	TCAAAATATATGTATT	2.9248087406158447
EMB_multiscale_C21	tjupan_bacillus_subtilis_main_e9623f8193af34e0	dbtbs_bsub_core_e9623f8193af34e0	discovery	41	57	42	57	-11.5	+	TTGTATTATAATGGTT	2.934854745864868
EMB_multiscale_C21	tjupan_bacillus_subtilis_main_78caf7680ac9ae4c	tjupan_bacillus_subtilis_main_78caf7680ac9ae4c	discovery	46	62	47	62	-6.5	+	AATTTATAATACATAG	2.9384169578552246
EMB_multiscale_C21	tjupan_bacillus_subtilis_main_5e3ef261f40425ef	tjupan_bacillus_subtilis_main_5e3ef261f40425ef	discovery	44	60	45	60	-8.5	+	ATGGTATAATGATTCT	2.9551267623901367
EMB_multiscale_C21	tjupan_bacillus_subtilis_main_0cc8abc9b551141c	dbtbs_bsub_core_0cc8abc9b551141c	discovery	51	67	52	67	-1.5	+	TGATATAATATTGTGA	2.9923126697540283
EMB_multiscale_C21	tjupan_bacillus_subtilis_main_49d5f09ecdaa68d2	dbtbs_bsub_core_2fc6766ca8c365d3	discovery	46	62	47	62	-6.5	+	ATTTATCATAAAGATA	2.9951205253601074
EMB_multiscale_C21	tjupan_bacillus_subtilis_main_fbae385e087109ce	tjupan_bacillus_subtilis_main_fbae385e087109ce	discovery	12	28	13	28	-40.5	+	GACTATTATAATTAAA	2.9995224475860596
EMB_multiscale_C21	tjupan_bacillus_subtilis_main_3e1210c1f898bc48	dbtbs_bsub_core_42eaa371353368b2	discovery	44	60	45	60	-8.5	+	ACCTATAATGAAACTA	3.000464677810669
EMB_multiscale_C21	tjupan_bacillus_subtilis_main_70da326395794983	tjupan_bacillus_subtilis_main_70da326395794983	discovery	44	60	45	60	-8.5	+	ATTCGATAAAATATAG	3.004751682281494
EMB_multiscale_C21	tjupan_bacillus_subtilis_main_f5fed123a3ffd242	dbtbs_bsub_core_f5fed123a3ffd242	discovery	22	38	23	38	-30.5	+	GCAGTTTATATGAAGA	3.0110819339752197
EMB_multiscale_C21	tjupan_bacillus_subtilis_main_1a8b81622422b81c	dbtbs_bsub_core_045e4f174337aedd	discovery	44	60	45	60	-8.5	+	CGGGTATATTAATGTT	3.0194356441497803
EMB_multiscale_C21	tjupan_bacillus_subtilis_main_b24feeda89db5dfd	dbtbs_bsub_core_b24feeda89db5dfd	discovery	42	58	43	58	-10.5	+	ACACTATATAATGAAA	3.019693374633789
EMB_multiscale_C21	tjupan_bacillus_subtilis_main_834e21e1951468f3	tjupan_bacillus_subtilis_main_834e21e1951468f3	discovery	42	58	43	58	-10.5	+	ATTGAATCGTATAATG	3.0317254066467285
EMB_multiscale_C21	tjupan_bacillus_subtilis_main_901b18a9982b4e95	tjupan_bacillus_subtilis_main_901b18a9982b4e95	discovery	46	62	47	62	-6.5	+	GTTATGATAATAAAGT	3.0403969287872314
EMB_multiscale_C21	tjupan_bacillus_subtilis_main_2db0b8f33ca38a29	tjupan_bacillus_subtilis_main_2db0b8f33ca38a29	discovery	29	45	30	45	-23.5	+	AAATACTATAAATGAA	3.049450635910034
EMB_multiscale_C21	tjupan_bacillus_subtilis_main_55935e0c215d1239	dbtbs_bsub_core_bd96a60828361996	discovery	12	28	13	28	-40.5	+	CATGTAAATATATTTT	3.0635173320770264
EMB_multiscale_C21	tjupan_bacillus_subtilis_main_73f2f27ec267a871	dbtbs_bsub_core_77a7b73eeb200478	discovery	41	57	42	57	-11.5	+	CTATGTTAATATTGTA	3.069347858428955
EMB_multiscale_C21	tjupan_bacillus_subtilis_main_2e59e247c2d07b0b	tjupan_bacillus_subtilis_main_2e59e247c2d07b0b	discovery	34	50	35	50	-18.5	+	TAACGATAATAAATAG	3.0733485221862793
EMB_multiscale_C21	tjupan_bacillus_subtilis_main_32a70db45859cbb9	dbtbs_bsub_core_32a70db45859cbb9	discovery	44	60	45	60	-8.5	+	GTGTCTATAATTGCAT	3.073505163192749
EMB_multiscale_C21	tjupan_bacillus_subtilis_main_da7f3c0608c35165	dbtbs_bsub_core_da7f3c0608c35165	discovery	58	74	59	74	5.5	+	GGAATTATAATACTGG	3.075645923614502
EMB_multiscale_C21	tjupan_bacillus_subtilis_main_50a7bea74c679f62	tjupan_bacillus_subtilis_main_50a7bea74c679f62	discovery	63	79	64	79	10.5	+	AAGGCATATATGGACA	3.0764684677124023
EMB_multiscale_C21	tjupan_bacillus_subtilis_main_71eaf5cbf249113b	dbtbs_bsub_core_71eaf5cbf249113b	discovery	39	55	40	55	-13.5	+	TTTGTATTATAATAAA	3.078395366668701
EMB_multiscale_C21	tjupan_bacillus_subtilis_main_be557af728070615	tjupan_bacillus_subtilis_main_be557af728070615	discovery	14	30	15	30	-38.5	+	GGTACAATATATTGAC	3.0891292095184326
EMB_multiscale_C21	tjupan_bacillus_subtilis_main_4181c9b10d028c59	dbtbs_bsub_core_f859289dc167ed3a	discovery	44	60	45	60	-8.5	+	TTGATAGATTATATAC	3.0984344482421875
EMB_multiscale_C21	tjupan_bacillus_subtilis_main_e4e4a1be67374f28	dbtbs_bsub_core_e4e4a1be67374f28	discovery	49	65	50	65	-3.5	+	TCAAATAATATAGATG	3.1066551208496094
EMB_multiscale_C21	tjupan_bacillus_subtilis_main_bd4e9486aa695c78	tjupan_bacillus_subtilis_main_bd4e9486aa695c78	discovery	2	18	3	18	-50.5	+	CATATTCTATGGTAAA	3.119342088699341
EMB_multiscale_C21	tjupan_bacillus_subtilis_main_f09c3556dc31a575	dbtbs_bsub_core_f09c3556dc31a575	discovery	5	21	6	21	-47.5	+	GTCTTTATAGATGTAA	3.126389741897583
EMB_multiscale_C21	tjupan_bacillus_subtilis_main_7942697cd86d944b	tjupan_bacillus_subtilis_main_7942697cd86d944b	discovery	43	59	44	59	-9.5	+	TTCTATATAATGATGA	3.1445581912994385
EMB_multiscale_C21	tjupan_bacillus_subtilis_main_c180878a6f782e9f	dbtbs_bsub_core_c180878a6f782e9f	discovery	11	27	12	27	-41.5	+	TATTAAATATACGATT	3.1457083225250244
EMB_multiscale_C21	tjupan_bacillus_subtilis_main_cf3def291394eeb9	tjupan_bacillus_subtilis_main_cf3def291394eeb9	discovery	23	39	24	39	-29.5	+	CTATTCAATATAAAAG	3.1505680084228516
EMB_multiscale_C21	tjupan_bacillus_subtilis_main_b7c0eae7293a1bfc	dbtbs_bsub_core_0bfdb592513badc4	discovery	46	62	47	62	-6.5	+	TTAATATAATACTCAG	3.155305862426758
EMB_multiscale_C21	tjupan_bacillus_subtilis_main_77dc78ed29025116	dbtbs_bsub_core_77dc78ed29025116	discovery	43	59	44	59	-9.5	+	TCAGTTATAATGGTTT	3.1559576988220215
EMB_multiscale_C21	tjupan_bacillus_subtilis_main_2c8e4076a462c87c	dbtbs_bsub_core_2c8e4076a462c87c	discovery	35	51	36	51	-17.5	+	AGTAATACTATGGTAT	3.168999433517456
EMB_multiscale_C21	tjupan_bacillus_subtilis_main_2c918744f6daf466	dbtbs_bsub_core_20f77243a5b2c4ab	discovery	50	66	51	66	-2.5	+	TCTTTATAGATGTAAG	3.1737635135650635
EMB_multiscale_C21	tjupan_bacillus_subtilis_main_dc65c8922842b20f	tjupan_bacillus_subtilis_main_dc65c8922842b20f	discovery	36	52	37	52	-16.5	+	AAAAATATGTTAAGGA	3.1801867485046387
EMB_multiscale_C21	tjupan_bacillus_subtilis_main_e4ca0c490585b644	tjupan_bacillus_subtilis_main_e4ca0c490585b644	discovery	45	61	46	61	-7.5	+	CTGCATATAATTCGAA	3.1810555458068848
EMB_multiscale_C21	tjupan_bacillus_subtilis_main_c204793b69b45448	dbtbs_bsub_core_c204793b69b45448	discovery	5	21	6	21	-47.5	+	CTTCATATATTGACTA	3.1813740730285645
EMB_multiscale_C21	tjupan_bacillus_subtilis_main_f58412ec32c641aa	dbtbs_bsub_core_bba92a46eba6f8e0	discovery	44	60	45	60	-8.5	+	CGATTAGAATATAACC	3.1897082328796387
EMB_multiscale_C21	tjupan_bacillus_subtilis_main_d59578e8446625f3	dbtbs_bsub_core_d59578e8446625f3	discovery	47	63	48	63	-5.5	+	ATATGATAATTATAGA	3.1904213428497314
EMB_multiscale_C21	tjupan_bacillus_subtilis_main_48b85a8a5c19ece4	dbtbs_bsub_core_7730e205ee5d9991	discovery	4	20	5	20	-48.5	+	TTTTAATATTAAGGAT	3.207219362258911
EMB_multiscale_C21	tjupan_bacillus_subtilis_main_8797dcd405b13c8e	tjupan_bacillus_subtilis_main_8797dcd405b13c8e	discovery	31	47	32	47	-21.5	+	CAATTACTATAATAAA	3.214076280593872
EMB_multiscale_C21	tjupan_bacillus_subtilis_main_3adf706b5413c6ce	tjupan_bacillus_subtilis_main_3adf706b5413c6ce	discovery	12	28	13	28	-40.5	+	TTTTATAACATGTATC	3.2203869819641113
EMB_multiscale_C21	tjupan_bacillus_subtilis_main_6fc8019646ae0ec6	dbtbs_bsub_core_0346364171f10446	discovery	40	56	41	56	-12.5	+	TTCGATTATAATGGAA	3.224872589111328
EMB_multiscale_C21	tjupan_bacillus_subtilis_main_f6994e5b6245c7bf	tjupan_bacillus_subtilis_main_f6994e5b6245c7bf	discovery	42	58	43	58	-10.5	+	CATCGAATAATGTACG	3.2500293254852295
EMB_multiscale_C21	tjupan_bacillus_subtilis_main_163772f02671a528	tjupan_bacillus_subtilis_main_163772f02671a528	discovery	8	24	9	24	-44.5	+	CTGTAAGGATATTGAA	3.2585995197296143
EMB_multiscale_C21	tjupan_bacillus_subtilis_main_5b5f9b9ad371b1b0	tjupan_bacillus_subtilis_main_5b5f9b9ad371b1b0	discovery	45	61	46	61	-7.5	+	CTTTATAATAGAATGA	3.269069194793701
EMB_multiscale_C21	tjupan_bacillus_subtilis_main_8b925a3983e97ebd	dbtbs_bsub_core_0346364171f10446	discovery	44	60	45	60	-8.5	+	TTCGATTATAATGGAA	3.274261713027954
EMB_multiscale_C21	tjupan_bacillus_subtilis_main_f05d30123c592277	dbtbs_bsub_core_f05d30123c592277	discovery	52	68	53	68	-0.5	+	TAAATTATATAAGTTT	3.281710624694824
EMB_multiscale_C21	tjupan_bacillus_subtilis_main_b7cebcbae1ca8171	dbtbs_bsub_core_342a4291e30f5e80	discovery	46	62	47	62	-6.5	+	AGAAATAGATACATAT	3.284370183944702
EMB_multiscale_C21	tjupan_bacillus_subtilis_main_f869091e55050110	tjupan_bacillus_subtilis_main_f869091e55050110	discovery	46	62	47	62	-6.5	+	TTATATTATTAAACGT	3.2845020294189453
EMB_multiscale_C21	tjupan_bacillus_subtilis_main_90a64d4511c49526	dbtbs_bsub_core_90a64d4511c49526	discovery	44	60	45	60	-8.5	+	GGATATATTAAATTGC	3.2845308780670166
EMB_multiscale_C21	tjupan_bacillus_subtilis_main_c648ac4df22b0f89	dbtbs_bsub_core_c648ac4df22b0f89	discovery	45	61	46	61	-7.5	+	TCGATATAAACGATAG	3.2936744689941406
EMB_multiscale_C21	tjupan_bacillus_subtilis_main_66846fa14c29dbc1	dbtbs_bsub_core_89ab3601fa8ac055	discovery	55	71	56	71	2.5	+	TATTAGTATAAATTTT	3.296255111694336
EMB_multiscale_C21	tjupan_bacillus_subtilis_main_daaf0c7fa42ef2fa	dbtbs_bsub_core_ef9625ff29774e65	discovery	7	23	8	23	-45.5	+	AACAATATAGGTATTG	3.3089685440063477
EMB_multiscale_C21	tjupan_bacillus_subtilis_main_6514a11d381455ae	tjupan_bacillus_subtilis_main_6514a11d381455ae	discovery	45	61	46	61	-7.5	+	TGCTATAATATCACAA	3.3127450942993164
EMB_multiscale_C21	tjupan_bacillus_subtilis_main_583caee20795a363	dbtbs_bsub_core_eb847cafc60502c2	discovery	43	59	44	59	-9.5	+	ATGAGTATAATAAATA	3.3212244510650635
EMB_multiscale_C21	tjupan_bacillus_subtilis_main_3ac22b11e92c0ec1	tjupan_bacillus_subtilis_main_3ac22b11e92c0ec1	discovery	63	79	64	79	10.5	+	GAAGATATATTTCATA	3.3247385025024414
EMB_multiscale_C21	tjupan_bacillus_subtilis_main_342a4291e30f5e80	dbtbs_bsub_core_342a4291e30f5e80	discovery	54	70	55	70	1.5	+	AGAAATAGATACATAT	3.3271758556365967
EMB_multiscale_C21	tjupan_bacillus_subtilis_main_fde7c2aaac5c57ce	dbtbs_bsub_core_fde7c2aaac5c57ce	discovery	53	69	54	69	0.5	+	TTAGTGAATATTATCG	3.3315746784210205
EMB_multiscale_C21	tjupan_bacillus_subtilis_main_13f36fd95a25452a	tjupan_bacillus_subtilis_main_13f36fd95a25452a	discovery	59	75	60	75	6.5	+	GATTGCTTAATATGGA	3.3412606716156006
EMB_multiscale_C21	tjupan_bacillus_subtilis_main_5e30b1d213eba695	tjupan_bacillus_subtilis_main_5e30b1d213eba695	discovery	42	58	43	58	-10.5	+	ACTGGTATAATCTTAA	3.353952407836914
EMB_multiscale_C21	tjupan_bacillus_subtilis_main_60ee42342c88d235	tjupan_bacillus_subtilis_main_60ee42342c88d235	discovery	58	74	59	74	5.5	+	TTATTATTAATGGAAC	3.360246181488037
EMB_multiscale_C21	tjupan_bacillus_subtilis_main_69a39ef163dd4726	tjupan_bacillus_subtilis_main_69a39ef163dd4726	discovery	47	63	48	63	-5.5	+	TTTATTATGATTAAGG	3.366807222366333
EMB_multiscale_C21	tjupan_bacillus_subtilis_main_3c72a88384ee6013	tjupan_bacillus_subtilis_main_3c72a88384ee6013	discovery	47	63	48	63	-5.5	+	CCGATATTAATGATGT	3.386848211288452
EMB_multiscale_C21	tjupan_bacillus_subtilis_main_ff3d11f785ddd890	dbtbs_bsub_core_ff3d11f785ddd890	discovery	9	25	10	25	-43.5	+	CCGATATCATAAAAAT	3.40926194190979
EMB_multiscale_C21	tjupan_bacillus_subtilis_main_7c1cf5cd36017844	tjupan_bacillus_subtilis_main_7c1cf5cd36017844	discovery	41	57	42	57	-11.5	+	AGATGACATAAAATAG	3.4184412956237793
EMB_multiscale_C21	tjupan_bacillus_subtilis_main_3b9d28ffe489c3c7	dbtbs_bsub_core_260ddc8adeedb788	discovery	45	61	46	61	-7.5	+	GGTTAGAATATACGTA	3.4218451976776123
EMB_multiscale_C21	tjupan_bacillus_subtilis_main_fe2a626ec63a594e	dbtbs_bsub_core_abc060d81660f90c	discovery	0	16	1	16	-52.5	+	TTAGAATGTAATAGCA	3.4349241256713867
EMB_multiscale_C21	tjupan_bacillus_subtilis_main_be36dbaf549189cb	tjupan_bacillus_subtilis_main_be36dbaf549189cb	discovery	42	58	43	58	-10.5	+	AACTTGTATAAGATGA	3.4376673698425293
EMB_multiscale_C21	tjupan_bacillus_subtilis_main_a26ee3e07cf1eedf	dbtbs_bsub_core_a26ee3e07cf1eedf	discovery	11	27	12	27	-41.5	+	ATTTCATAATATCTGT	3.4384610652923584
EMB_multiscale_C21	tjupan_bacillus_subtilis_main_150dcd3daf63d162	dbtbs_bsub_core_150dcd3daf63d162	discovery	7	23	8	23	-45.5	+	CTGACAATATAATATA	3.4418909549713135
EMB_multiscale_C21	tjupan_bacillus_subtilis_main_6fcd42bdf8073a65	dbtbs_bsub_core_6fcd42bdf8073a65	discovery	54	70	55	70	1.5	+	ATATATATTAAGAATA	3.442326307296753
EMB_multiscale_C21	tjupan_bacillus_subtilis_main_6406719b10941769	dbtbs_bsub_core_5bcaee6240f23d4b	discovery	0	16	1	16	-52.5	+	CCTTATAAACAATATT	3.444025754928589
EMB_multiscale_C21	tjupan_bacillus_subtilis_main_bc41d7d0760497f9	dbtbs_bsub_core_bc41d7d0760497f9	discovery	45	61	46	61	-7.5	+	GTTATAATTCATAATA	3.463808298110962
EMB_multiscale_C21	tjupan_bacillus_subtilis_main_4e48cd3162b15e74	tjupan_bacillus_subtilis_main_4e48cd3162b15e74	discovery	45	61	46	61	-7.5	+	TCCATAATATGATTCA	3.466876745223999
EMB_multiscale_C21	tjupan_bacillus_subtilis_main_6390012fbb39ca22	tjupan_bacillus_subtilis_main_6390012fbb39ca22	discovery	45	61	46	61	-7.5	+	GTACGATATTAAGGGT	3.4732861518859863
EMB_multiscale_C21	tjupan_bacillus_subtilis_main_9296390fae4fd68d	tjupan_bacillus_subtilis_main_9296390fae4fd68d	discovery	7	23	8	23	-45.5	+	TGAAAGTATTATCCTA	3.4759466648101807
EMB_multiscale_C21	tjupan_bacillus_subtilis_main_4059ca0cce5522a4	tjupan_bacillus_subtilis_main_4059ca0cce5522a4	discovery	44	60	45	60	-8.5	+	TCTTTATTATAAGAAT	3.47808837890625
EMB_multiscale_C21	tjupan_bacillus_subtilis_main_0710c2f2267154d3	dbtbs_bsub_core_0710c2f2267154d3	discovery	52	68	53	68	-0.5	+	TTAGTATTGTAATAAA	3.488964557647705
EMB_multiscale_C21	tjupan_bacillus_subtilis_main_82e1287a21b69715	dbtbs_bsub_core_82e1287a21b69715	discovery	65	81	66	81	12.5	+	GTTTGTATTATAATAA	3.512327194213867
EMB_multiscale_C21	tjupan_bacillus_subtilis_main_52931b7eafd9a9b2	dbtbs_bsub_core_324baeb0b4deda5d	discovery	43	59	44	59	-9.5	+	AGGTTTATAATAGGTA	3.5180678367614746
EMB_multiscale_C21	tjupan_bacillus_subtilis_main_dbd8ff77ae99e6b2	dbtbs_bsub_core_dbd8ff77ae99e6b2	discovery	42	58	43	58	-10.5	+	CATGGTATAAATGGAA	3.5202527046203613
EMB_multiscale_C21	tjupan_bacillus_subtilis_main_cd5426fc6bacf792	dbtbs_bsub_core_cd5426fc6bacf792	discovery	13	29	14	29	-39.5	+	CTGAAATTATATTTGA	3.5348105430603027
EMB_multiscale_C21	tjupan_bacillus_subtilis_main_8f5a33e062052e2d	tjupan_bacillus_subtilis_main_8f5a33e062052e2d	discovery	63	79	64	79	10.5	+	TACGATAATATGTTAC	3.537562608718872
EMB_multiscale_C21	tjupan_bacillus_subtilis_main_bebf1b31befd9c3c	dbtbs_bsub_core_bebf1b31befd9c3c	discovery	48	64	49	64	-4.5	+	CGTATATATAACGTTC	3.5619165897369385
EMB_multiscale_C21	tjupan_bacillus_subtilis_main_9d589577eb1cbe67	tjupan_bacillus_subtilis_main_9d589577eb1cbe67	discovery	24	40	25	40	-28.5	+	GTGTATATTACATTTG	3.5727086067199707
EMB_multiscale_C21	tjupan_bacillus_subtilis_main_0a71b8cbf4011c3b	dbtbs_bsub_core_dc5af08cd1bffe94	discovery	46	62	47	62	-6.5	+	GAGAATAGTATGTATA	3.5804989337921143
EMB_multiscale_C21	tjupan_bacillus_subtilis_main_ffb5b3082f8ea0cd	tjupan_bacillus_subtilis_main_ffb5b3082f8ea0cd	discovery	43	59	44	59	-9.5	+	ACGTGATATAATAGAT	3.58978533744812
EMB_multiscale_C21	tjupan_bacillus_subtilis_main_0ad5dcad37f1ba39	dbtbs_bsub_core_712e4b81f6fdb41a	discovery	42	58	43	58	-10.5	+	AATGATATAATTGAAT	3.6057851314544678
EMB_multiscale_C21	tjupan_bacillus_subtilis_main_8fa35d24a76b6d72	tjupan_bacillus_subtilis_main_8fa35d24a76b6d72	discovery	46	62	47	62	-6.5	+	GACATATGATAAGGAA	3.606898546218872
EMB_multiscale_C21	tjupan_bacillus_subtilis_main_dccf4ca03cd1642b	dbtbs_bsub_core_dccf4ca03cd1642b	discovery	60	76	61	76	7.5	+	GTATAAAATATATTGG	3.6131911277770996
EMB_multiscale_C21	tjupan_bacillus_subtilis_main_9a6d97baf1c02d30	dbtbs_bsub_core_9a6d97baf1c02d30	discovery	1	17	2	17	-51.5	+	ACGTTGATATAATTTA	3.6265830993652344
EMB_multiscale_C21	tjupan_bacillus_subtilis_main_bba2e45eb636482b	dbtbs_bsub_core_bba2e45eb636482b	discovery	45	61	46	61	-7.5	+	AGCCATATTATGATTG	3.6338698863983154
EMB_multiscale_C21	tjupan_bacillus_subtilis_main_9e087715e3522ed4	dbtbs_bsub_core_b3df5d74f56f0610	discovery	52	68	53	68	-0.5	+	AGGCTATATAAGACAA	3.6472110748291016
EMB_multiscale_C21	tjupan_bacillus_subtilis_main_550b125b16dc206e	dbtbs_bsub_core_2ab03862f0e9dd2f	discovery	0	16	1	16	-52.5	+	TGATGAATATATAGAC	3.6525516510009766
EMB_multiscale_C21	tjupan_bacillus_subtilis_main_fff8e3a328b3cab3	dbtbs_bsub_core_7231d94d9d77331f	discovery	44	60	45	60	-8.5	+	ACTGTATAATATTTCT	3.6575679779052734
EMB_multiscale_C21	tjupan_bacillus_subtilis_main_f3b59cc74d659ebc	dbtbs_bsub_core_866d6e8af07c9412	discovery	20	36	21	36	-32.5	+	TGATGTTATTATATCG	3.6729605197906494
EMB_multiscale_C21	tjupan_bacillus_subtilis_main_549e9d5c7cb67860	dbtbs_bsub_core_1a44bafede819df1	discovery	22	38	23	38	-30.5	+	TAAAATATAATACGAC	3.674386501312256
EMB_multiscale_C21	tjupan_bacillus_subtilis_main_87b26b7083b048a9	dbtbs_bsub_core_fe60102a69552e4c	discovery	8	24	9	24	-44.5	+	ATCAATAAGATTAATT	3.6829116344451904
EMB_multiscale_C21	tjupan_bacillus_subtilis_main_3741d9dc6611d95f	tjupan_bacillus_subtilis_main_3741d9dc6611d95f	discovery	65	81	66	81	12.5	+	TACAACAATATAGAAG	3.6974995136260986
EMB_multiscale_C21	tjupan_bacillus_subtilis_main_8a0979b032bb35c1	dbtbs_bsub_core_33318fe6256d39ff	discovery	46	62	47	62	-6.5	+	TGTACTATATTAAAGA	3.6977241039276123
EMB_multiscale_C21	tjupan_bacillus_subtilis_main_32475822eb2ec4c0	tjupan_bacillus_subtilis_main_32475822eb2ec4c0	discovery	44	60	45	60	-8.5	+	TATATAATATTGAGTA	3.7056868076324463
EMB_multiscale_C21	tjupan_bacillus_subtilis_main_9f03f134e6b67be2	tjupan_bacillus_subtilis_main_9f03f134e6b67be2	discovery	4	20	5	20	-48.5	+	GCGCAAATTATTACAC	3.7097158432006836
EMB_multiscale_C21	tjupan_bacillus_subtilis_main_dbf995194ebf2b2d	dbtbs_bsub_core_dbf995194ebf2b2d	discovery	46	62	47	62	-6.5	+	CGATTTAATTAAGGTA	3.713048219680786
EMB_multiscale_C21	tjupan_bacillus_subtilis_main_972c682163779595	dbtbs_bsub_core_6e525afed4c0ab9e	discovery	43	59	44	59	-9.5	+	GCAAAATATTACTATG	3.729248046875
EMB_multiscale_C21	tjupan_bacillus_subtilis_main_8e4b7e6c519e170f	tjupan_bacillus_subtilis_main_8e4b7e6c519e170f	discovery	63	79	64	79	10.5	+	ACAATAAATATACAAT	3.7294437885284424
EMB_multiscale_C21	tjupan_bacillus_subtilis_main_10eda96ea4199e8c	dbtbs_bsub_core_10eda96ea4199e8c	discovery	44	60	45	60	-8.5	+	TTATAAAATCTATATT	3.731673240661621
EMB_multiscale_C21	tjupan_bacillus_subtilis_main_86c973796d10f50f	dbtbs_bsub_core_86c973796d10f50f	discovery	43	59	44	59	-9.5	+	TTTGCATTATATAGAG	3.738356590270996
EMB_multiscale_C21	tjupan_bacillus_subtilis_main_ba9efec60bbd4a6b	tjupan_bacillus_subtilis_main_ba9efec60bbd4a6b	discovery	47	63	48	63	-5.5	+	CGTGAATACATATAAA	3.756157159805298
EMB_multiscale_C21	tjupan_bacillus_subtilis_main_49e8e3a6681b011d	dbtbs_bsub_core_e14a6f906af1fa54	discovery	43	59	44	59	-9.5	+	AAAAATATAATTGGGT	3.759883403778076
EMB_multiscale_C21	tjupan_bacillus_subtilis_main_cb2c7c4f94201384	tjupan_bacillus_subtilis_main_cb2c7c4f94201384	discovery	51	67	52	67	-1.5	+	ATAATAAATATCTTGA	3.762885808944702
EMB_multiscale_C21	tjupan_bacillus_subtilis_main_24675587b92cc4c7	tjupan_bacillus_subtilis_main_24675587b92cc4c7	discovery	8	24	9	24	-44.5	+	CTAGAAATAGATTGTT	3.773961305618286
EMB_multiscale_C21	tjupan_bacillus_subtilis_main_91197a052a9adc5b	tjupan_bacillus_subtilis_main_91197a052a9adc5b	discovery	11	27	12	27	-41.5	+	TTGATATTATGTATTG	3.7786903381347656
EMB_multiscale_C21	tjupan_bacillus_subtilis_main_05b3d931ff35d8e8	dbtbs_bsub_core_05b3d931ff35d8e8	discovery	37	53	38	53	-15.5	+	ATATTTAGGATATATT	3.789616346359253
EMB_multiscale_C21	tjupan_bacillus_subtilis_main_be897b68bd393df0	dbtbs_bsub_core_be897b68bd393df0	discovery	0	16	1	16	-52.5	+	ATTTAATAGGGATACA	3.7946813106536865
EMB_multiscale_C21	tjupan_bacillus_subtilis_main_a43c85166b962f37	dbtbs_bsub_core_47d2cdeb8a491885	discovery	47	63	48	63	-5.5	+	GGATTATATAACCAGA	3.797071695327759
EMB_multiscale_C21	tjupan_bacillus_subtilis_main_8cdaaf6e0b90f5df	dbtbs_bsub_core_8cdaaf6e0b90f5df	discovery	49	65	50	65	-3.5	+	TGATAGAATATTATTG	3.8074889183044434
EMB_multiscale_C21	tjupan_bacillus_subtilis_main_aded66fe8079e578	tjupan_bacillus_subtilis_main_aded66fe8079e578	discovery	23	39	24	39	-29.5	+	AGTATCTTATAACGTA	3.808091163635254
EMB_multiscale_C21	tjupan_bacillus_subtilis_main_1f2ca280ccaab774	tjupan_bacillus_subtilis_main_1f2ca280ccaab774	discovery	15	31	16	31	-37.5	+	AATAATTATAATTGAA	3.8225057125091553
EMB_multiscale_C21	tjupan_bacillus_subtilis_main_632ff1f5d92b347a	tjupan_bacillus_subtilis_main_632ff1f5d92b347a	discovery	39	55	40	55	-13.5	+	TATTTAATGTAACATA	3.8305301666259766
EMB_multiscale_C21	tjupan_bacillus_subtilis_main_c229c4b94f6591ae	tjupan_bacillus_subtilis_main_c229c4b94f6591ae	discovery	46	62	47	62	-6.5	+	TTTATAGTATAAACAA	3.8407411575317383
EMB_multiscale_C21	tjupan_bacillus_subtilis_main_88d6ae8ec11f6e65	tjupan_bacillus_subtilis_main_88d6ae8ec11f6e65	discovery	33	49	34	49	-19.5	+	ACAAGTTATGTATATA	3.8452486991882324
EMB_multiscale_C21	tjupan_bacillus_subtilis_main_f04c569125ce3afa	dbtbs_bsub_core_85a34ab094cb765f	discovery	42	58	43	58	-10.5	+	TATGCTATAATAGGGG	3.8466224670410156
EMB_multiscale_C21	tjupan_bacillus_subtilis_main_67a8fe9203485bd0	dbtbs_bsub_core_67a8fe9203485bd0	discovery	22	38	23	38	-30.5	+	GTTGTATATATTTTCA	3.8492980003356934
EMB_multiscale_C21	tjupan_bacillus_subtilis_main_fc6071b9027316a7	tjupan_bacillus_subtilis_main_fc6071b9027316a7	discovery	43	59	44	59	-9.5	+	ATTTGGTAATAATAAA	3.857832908630371
EMB_multiscale_C21	tjupan_bacillus_subtilis_main_619ca6b1749e92aa	tjupan_bacillus_subtilis_main_619ca6b1749e92aa	discovery	49	65	50	65	-3.5	+	ACTATATAGTAATGGT	3.858454704284668
EMB_multiscale_C21	tjupan_bacillus_subtilis_main_e70fb70b66e1d829	tjupan_bacillus_subtilis_main_e70fb70b66e1d829	discovery	37	53	38	53	-15.5	+	TTGTAAATATGATAAA	3.8596935272216797
EMB_multiscale_C21	tjupan_bacillus_subtilis_main_8f7d87652de79d90	dbtbs_bsub_core_8f7d87652de79d90	discovery	63	79	64	79	10.5	+	AACTTATTGATAACAA	3.8795228004455566
EMB_multiscale_C21	tjupan_bacillus_subtilis_main_a61c0978ae294759	tjupan_bacillus_subtilis_main_a61c0978ae294759	discovery	46	62	47	62	-6.5	+	TTCTCATAATAGTAGA	3.8836231231689453
EMB_multiscale_C21	tjupan_bacillus_subtilis_main_c0aec64934968747	tjupan_bacillus_subtilis_main_c0aec64934968747	discovery	12	28	13	28	-40.5	+	AACGAATCTATATATT	3.9047038555145264
EMB_multiscale_C21	tjupan_bacillus_subtilis_main_b11aff47b9c426f3	dbtbs_bsub_core_b11aff47b9c426f3	discovery	47	63	48	63	-5.5	+	AACGTTATGTATTGAA	3.913344383239746
EMB_multiscale_C21	tjupan_bacillus_subtilis_main_ec2d75bce4a65abf	dbtbs_bsub_core_e3549a9c12f5ac55	discovery	46	62	47	62	-6.5	+	GCTATATTTAATAGGG	3.9191651344299316
EMB_multiscale_C21	tjupan_bacillus_subtilis_main_0438d7b75e1f910f	dbtbs_bsub_core_975fc641de00609f	discovery	38	54	39	54	-14.5	+	TAATCTGTAATAATGC	3.9591588973999023
EMB_multiscale_C21	tjupan_bacillus_subtilis_main_a31f56ff3ee450d4	dbtbs_bsub_core_1c4407f77cf4bab2	discovery	2	18	3	18	-50.5	+	TGTGGTATAATAGCCG	3.9693331718444824
EMB_multiscale_C21	tjupan_bacillus_subtilis_main_ef37e7c4f77cfd3f	tjupan_bacillus_subtilis_main_ef37e7c4f77cfd3f	discovery	16	32	17	32	-36.5	+	GGATGTTTATAAAGAA	4.013164043426514
EMB_multiscale_C21	tjupan_bacillus_subtilis_main_106e69f8e7e10bd4	tjupan_bacillus_subtilis_main_106e69f8e7e10bd4	discovery	47	63	48	63	-5.5	+	TATACATAATAGTACA	4.033474922180176
EMB_multiscale_C21	tjupan_bacillus_subtilis_main_ad5b6a3a851181b1	dbtbs_bsub_core_ad5b6a3a851181b1	discovery	54	70	55	70	1.5	+	AATTTTAGATAGTAAC	4.04028844833374
EMB_multiscale_C21	tjupan_bacillus_subtilis_main_c1bd3e378306e57e	tjupan_bacillus_subtilis_main_c1bd3e378306e57e	discovery	51	67	52	67	-1.5	+	TATATATATCAAACAT	4.0407328605651855
EMB_multiscale_C21	tjupan_bacillus_subtilis_main_d9da0a0033167763	dbtbs_bsub_core_d9da0a0033167763	discovery	43	59	44	59	-9.5	+	ACACGTATATATGCAG	4.050247669219971
EMB_multiscale_C21	tjupan_bacillus_subtilis_main_712069959cf7e3b2	dbtbs_bsub_core_be0e53c334974f0a	discovery	44	60	45	60	-8.5	+	CGCCGTATAATAAAGC	4.061220169067383
EMB_multiscale_C21	tjupan_bacillus_subtilis_main_20bbba0ce59de449	dbtbs_bsub_core_20bbba0ce59de449	discovery	47	63	48	63	-5.5	+	ATTATATATGGATGTA	4.06392240524292
EMB_multiscale_C21	tjupan_bacillus_subtilis_main_0c4104d2e02c2e3b	dbtbs_bsub_core_a955cdf3a08d689c	discovery	17	33	18	33	-35.5	+	TTAAAATATTGATTAT	4.066078186035156
EMB_multiscale_C21	tjupan_bacillus_subtilis_main_c9bc5ed233eba13a	tjupan_bacillus_subtilis_main_c9bc5ed233eba13a	discovery	55	71	56	71	2.5	+	GTTGTATGAAATTAAG	4.0926055908203125
EMB_multiscale_C21	tjupan_bacillus_subtilis_main_62eb1c4377c084e1	dbtbs_bsub_core_413a4bed9f6cfeea	discovery	33	49	34	49	-19.5	+	TATAGTAAATATAATA	4.136600494384766
EMB_multiscale_C21	tjupan_bacillus_subtilis_main_0d390d7bf47f6ae0	tjupan_bacillus_subtilis_main_0d390d7bf47f6ae0	discovery	41	57	42	57	-11.5	+	TTTCATATAATATGAG	4.152490615844727
EMB_multiscale_C21	tjupan_bacillus_subtilis_main_10eb69ed5f79bca3	dbtbs_bsub_core_e365baa66d245063	discovery	32	48	33	48	-20.5	+	TTATATAATATTTGGC	4.178793430328369
EMB_multiscale_C21	tjupan_bacillus_subtilis_main_85511e0264f2e3b8	dbtbs_bsub_core_35445cef3104bf74	discovery	45	61	46	61	-7.5	+	TGATATGATAATGAGA	4.1817522048950195
EMB_multiscale_C21	tjupan_bacillus_subtilis_main_a92ee416463b3fc1	dbtbs_bsub_core_585820026d8d814d	discovery	26	42	27	42	-26.5	+	GAGGGTATATAGCGGT	4.194453716278076
EMB_multiscale_C21	tjupan_bacillus_subtilis_main_c12152f72b444aff	tjupan_bacillus_subtilis_main_c12152f72b444aff	discovery	47	63	48	63	-5.5	+	GACGTATAAATAACGA	4.1979804039001465
EMB_multiscale_C21	tjupan_bacillus_subtilis_main_ae3d0ab77a583f3f	tjupan_bacillus_subtilis_main_ae3d0ab77a583f3f	discovery	50	66	51	66	-2.5	+	AAATAATCCTATTAGA	4.219918251037598
EMB_multiscale_C21	tjupan_bacillus_subtilis_main_b5cc4aad42c9a683	dbtbs_bsub_core_b5cc4aad42c9a683	discovery	27	43	28	43	-25.5	+	CTAAAATATTATTCCA	4.221174716949463
EMB_multiscale_C21	tjupan_bacillus_subtilis_main_b0d8a2369952b821	dbtbs_bsub_core_3f773ca1224c0e26	discovery	44	60	45	60	-8.5	+	TGAATATCATATAGAG	4.253975868225098
EMB_multiscale_C21	tjupan_bacillus_subtilis_main_48f68d49bf53ea3b	dbtbs_bsub_core_a63e45c266a8243f	discovery	44	60	45	60	-8.5	+	CGGATATGATAAAAAG	4.262911796569824
EMB_multiscale_C21	tjupan_bacillus_subtilis_main_8bde36b216b3390f	dbtbs_bsub_core_8bde36b216b3390f	discovery	31	47	32	47	-21.5	+	AAATGATAATAAACGA	4.3848958015441895
EMB_multiscale_C21	tjupan_bacillus_subtilis_main_5150105a4bdfd4ce	tjupan_bacillus_subtilis_main_5150105a4bdfd4ce	discovery	44	60	45	60	-8.5	+	GTCATATAGATAGAAT	4.429570198059082
EMB_multiscale_C21	tjupan_bacillus_subtilis_main_b7d5a32e40c68782	tjupan_bacillus_subtilis_main_b7d5a32e40c68782	discovery	41	57	42	57	-11.5	+	TTCGTATATAGTCATT	4.454593658447266
EMB_multiscale_C21	tjupan_bacillus_subtilis_main_f0903ae0ab41d118	dbtbs_bsub_core_16fb2108119b7eaf	discovery	42	58	43	58	-10.5	+	ATCGCTATAATAACCA	4.466923713684082
EMB_multiscale_C21	tjupan_bacillus_subtilis_main_35bf7199ae44b70c	dbtbs_bsub_core_35bf7199ae44b70c	discovery	50	66	51	66	-2.5	+	AGTATATAGTATCAAC	4.497682094573975
EMB_multiscale_C21	tjupan_bacillus_subtilis_main_9c3cc423ec1465b1	dbtbs_bsub_core_9c3cc423ec1465b1	discovery	53	69	54	69	0.5	+	TACATATATAACCACC	4.657322406768799
EMB_multiscale_C21	tjupan_bacillus_subtilis_main_ffefbc2ceaf331ea	dbtbs_bsub_core_ea5509009da1e1aa	discovery	40	56	41	56	-12.5	+	AAGCGCTATAATGAAA	4.677962779998779
EMB_multiscale_C21	tjupan_bacillus_subtilis_main_29dff321a99fa8a2	dbtbs_bsub_core_e964a63647aab2c6	discovery	45	61	46	61	-7.5	+	GCCGATATAGAAATTA	4.725245952606201
EMB_multiscale_C21	tjupan_bacillus_subtilis_main_2bdb32bb685dc1db	tjupan_bacillus_subtilis_main_2bdb32bb685dc1db	discovery	22	38	23	38	-30.5	+	TTTTTATGCATAAAAA	4.754791259765625
EMB_multiscale_C21	tjupan_bacillus_subtilis_main_5e34c7286340c249	dbtbs_bsub_core_0fedc539a64a99b7	discovery	6	22	7	22	-46.5	+	TAGAAAATGATATGAA	4.900454998016357
EMB_multiscale_C21	tjupan_bacillus_subtilis_main_f5b082fd616807b3	dbtbs_bsub_core_4e960695d4b362e6	discovery	48	64	49	64	-4.5	+	ATCGTATTACGTAAAA	4.916569232940674
EMB_multiscale_C21	tjupan_bacillus_subtilis_main_d04a67d8cb9ad084	dbtbs_bsub_core_d04a67d8cb9ad084	discovery	10	26	11	26	-42.5	+	TTTATTTATAAAAATG	4.9659624099731445
EMB_multiscale_C21	tjupan_bacillus_subtilis_main_4f4c3d5d96d18695	tjupan_bacillus_subtilis_main_4f4c3d5d96d18695	discovery	48	64	49	64	-4.5	+	GGTATAGTATATGTAG	5.005122184753418
EMB_multiscale_C21	tjupan_bacillus_subtilis_main_1732506bbac23b7c	dbtbs_bsub_core_1732506bbac23b7c	discovery	0	16	1	16	-52.5	+	CCATGTATATCTGTTT	5.024301528930664
EMB_multiscale_C21	tjupan_bacillus_subtilis_main_6901d7d50287d8c1	dbtbs_bsub_core_6901d7d50287d8c1	discovery	65	81	66	81	12.5	+	TGAACATATGAAATTA	5.039783954620361
EMB_multiscale_C21	tjupan_bacillus_subtilis_main_ba2dc8596ef2486c	dbtbs_bsub_core_ba2dc8596ef2486c	discovery	0	16	1	16	-52.5	+	AATAGTATGTATACAG	5.119376182556152
EMB_multiscale_C22	tjupan_bacillus_subtilis_main_4b32f81551985923	tjupan_bacillus_subtilis_main_4b32f81551985923	discovery	39	55	40	55	-13.5	+	AGATTCTGCATAGGCT	2.5631675720214844
EMB_multiscale_C22	tjupan_bacillus_subtilis_main_3eb701a469cb4095	tjupan_bacillus_subtilis_main_3eb701a469cb4095	discovery	34	50	35	50	-18.5	+	ATCTGGCATAGACGCA	2.6961216926574707
EMB_multiscale_C22	tjupan_bacillus_subtilis_main_ad6e1b40396f6528	dbtbs_bsub_core_ad6e1b40396f6528	discovery	12	28	13	28	-40.5	+	TTGTGCATAAGACTTG	2.7099969387054443
EMB_multiscale_C22	tjupan_bacillus_subtilis_main_3ec4c8abee3f7a8e	dbtbs_bsub_core_c18c3f10dff5c627	discovery	26	42	27	42	-26.5	+	TAGAACCTTGCAGCAG	2.718644142150879
EMB_multiscale_C22	tjupan_bacillus_subtilis_main_8f9b814f5e8b18ae	dbtbs_bsub_core_8f9b814f5e8b18ae	discovery	28	44	29	44	-24.5	+	CATAACGCTGTTCCAA	2.7515645027160645
EMB_multiscale_C22	tjupan_bacillus_subtilis_main_213d453c1e49e371	tjupan_bacillus_subtilis_main_213d453c1e49e371	discovery	1	17	2	17	-51.5	+	ATCGGAGCATGTCTAA	2.878937005996704
EMB_multiscale_C22	tjupan_bacillus_subtilis_main_256978383d162d01	dbtbs_bsub_core_256978383d162d01	discovery	49	65	50	65	-3.5	+	CAATACAGCTTGGAAA	2.9062421321868896
EMB_multiscale_C22	tjupan_bacillus_subtilis_main_187a9844a7f0c551	tjupan_bacillus_subtilis_main_187a9844a7f0c551	discovery	25	41	26	41	-27.5	+	GTGCATAGCTTGGCCC	2.92891526222229
EMB_multiscale_C22	tjupan_bacillus_subtilis_main_c5aa2a2f04401e51	tjupan_bacillus_subtilis_main_c5aa2a2f04401e51	discovery	54	70	55	70	1.5	+	ATAAGTCATGGCCGGA	2.9344611167907715
EMB_multiscale_C22	tjupan_bacillus_subtilis_main_4fa5d89620e7d8ce	dbtbs_bsub_core_5eb05bc57612da6d	discovery	61	77	62	77	8.5	+	GCGAGTGCTTCGAACA	2.9379117488861084
EMB_multiscale_C22	tjupan_bacillus_subtilis_main_f869091e55050110	tjupan_bacillus_subtilis_main_f869091e55050110	discovery	57	73	58	73	4.5	+	AACGTCGCTGATGCAC	2.9454030990600586
EMB_multiscale_C22	tjupan_bacillus_subtilis_main_daaf0c7fa42ef2fa	dbtbs_bsub_core_ef9625ff29774e65	discovery	25	41	26	41	-27.5	+	TGCAACCTGAGCGCGA	2.96968150138855
EMB_multiscale_C22	tjupan_bacillus_subtilis_main_2c8e4076a462c87c	dbtbs_bsub_core_2c8e4076a462c87c	discovery	10	26	11	26	-42.5	+	GAAAGCAGCTATGGCT	2.9766993522644043
EMB_multiscale_C22	tjupan_bacillus_subtilis_main_fe2a626ec63a594e	dbtbs_bsub_core_abc060d81660f90c	discovery	57	73	58	73	4.5	+	TTCAACCAGCGTGAGT	3.0362911224365234
EMB_multiscale_C22	tjupan_bacillus_subtilis_main_2d40490247bb616a	dbtbs_bsub_core_ffa38d6978ad48aa	discovery	33	49	34	49	-19.5	+	GATAAGCGGCTGTTCA	3.0723538398742676
EMB_multiscale_C22	tjupan_bacillus_subtilis_main_8a0979b032bb35c1	dbtbs_bsub_core_33318fe6256d39ff	discovery	32	48	33	48	-20.5	+	AAAGCGCCTGATGGTG	3.084277629852295
EMB_multiscale_C22	tjupan_bacillus_subtilis_main_0d315ab142d66dcc	dbtbs_bsub_core_76d28d1be3f9f514	discovery	28	44	29	44	-24.5	+	GGAATACAGCTTGTCC	3.09537935256958
EMB_multiscale_C22	tjupan_bacillus_subtilis_main_8265264627414ceb	tjupan_bacillus_subtilis_main_8265264627414ceb	discovery	26	42	27	42	-26.5	+	TAAGAGCTGGCATGGA	3.1371262073516846
EMB_multiscale_C22	tjupan_bacillus_subtilis_main_20bbba0ce59de449	dbtbs_bsub_core_20bbba0ce59de449	discovery	32	48	33	48	-20.5	+	TGGCACGATCCTTGCA	3.140615940093994
EMB_multiscale_C22	tjupan_bacillus_subtilis_main_2931d3a1a20c25de	dbtbs_bsub_core_60150ba1e82823d4	discovery	4	20	5	20	-48.5	+	GCTGCAGCACGAAGAT	3.146456003189087
EMB_multiscale_C22	tjupan_bacillus_subtilis_main_b0d8a2369952b821	dbtbs_bsub_core_3f773ca1224c0e26	discovery	33	49	34	49	-19.5	+	CGGCATCCGCTTGAAT	3.168375015258789
EMB_multiscale_C22	tjupan_bacillus_subtilis_main_7c03938b389dc368	dbtbs_bsub_core_39e8d21f598046d9	discovery	19	35	20	35	-33.5	+	AAGTCTGGCTATGCAA	3.173144817352295
EMB_multiscale_C22	tjupan_bacillus_subtilis_main_d497e040ececfdff	dbtbs_bsub_core_a797439cbe2b0d85	discovery	28	44	29	44	-24.5	+	GACACTGCGTCCAAAG	3.190856456756592
EMB_multiscale_C22	tjupan_bacillus_subtilis_main_e9d365c0dda7757e	tjupan_bacillus_subtilis_main_e9d365c0dda7757e	discovery	15	31	16	31	-37.5	+	TTCATCGCTTGAATGG	3.223078727722168
EMB_multiscale_C22	tjupan_bacillus_subtilis_main_ea59d0ddaaaaf005	dbtbs_bsub_core_ff8c346476498240	discovery	16	32	17	32	-36.5	+	GCTAGTCTGCATATTA	3.2274115085601807
EMB_multiscale_C22	tjupan_bacillus_subtilis_main_a9ae08a54b460299	dbtbs_bsub_core_4c306bb2d4b261c8	discovery	33	49	34	49	-19.5	+	TCAGCAAGCTTGGGTA	3.2358553409576416
EMB_multiscale_C22	tjupan_bacillus_subtilis_main_cb8c6e383b33abd4	dbtbs_bsub_core_cb8c6e383b33abd4	discovery	13	29	14	29	-39.5	+	TTTCAGCTGTATGAAA	3.242051839828491
EMB_multiscale_C22	tjupan_bacillus_subtilis_main_1dc6ad16ab0331f8	tjupan_bacillus_subtilis_main_1dc6ad16ab0331f8	discovery	44	60	45	60	-8.5	+	TGAATAGTCTGCCTAT	3.245206356048584
EMB_multiscale_C22	tjupan_bacillus_subtilis_main_8e4b7e6c519e170f	tjupan_bacillus_subtilis_main_8e4b7e6c519e170f	discovery	30	46	31	46	-22.5	+	TTTCTCATGCGAATAA	3.25258207321167
EMB_multiscale_C22	tjupan_bacillus_subtilis_main_f3e9cc226f1feac3	tjupan_bacillus_subtilis_main_f3e9cc226f1feac3	discovery	27	43	28	43	-25.5	+	TGGAACTCTGCGCGTA	3.281256675720215
EMB_multiscale_C22	tjupan_bacillus_subtilis_main_1c375491ec2245f4	tjupan_bacillus_subtilis_main_1c375491ec2245f4	discovery	33	49	34	49	-19.5	+	CTCAGGCGATCTGTTC	3.3029425144195557
EMB_multiscale_C22	tjupan_bacillus_subtilis_main_c2d54a415a7d048a	dbtbs_bsub_core_c2d54a415a7d048a	discovery	41	57	42	57	-11.5	+	TACATTGCCGTCTAGT	3.316833257675171
EMB_multiscale_C22	tjupan_bacillus_subtilis_main_7a6037ae36a0870c	tjupan_bacillus_subtilis_main_7a6037ae36a0870c	discovery	1	17	2	17	-51.5	+	TGCATGCAACTCTTCC	3.333305597305298
EMB_multiscale_C22	tjupan_bacillus_subtilis_main_737474f253397bee	tjupan_bacillus_subtilis_main_737474f253397bee	discovery	3	19	4	19	-49.5	+	TTGGCAATCTGACATA	3.334913492202759
EMB_multiscale_C22	tjupan_bacillus_subtilis_main_ced72b826f4a910f	dbtbs_bsub_core_d1a4fbb8ec4bd212	discovery	7	23	8	23	-45.5	+	TTCTCGGCAAACATAG	3.3380396366119385
EMB_multiscale_C22	tjupan_bacillus_subtilis_main_ff61268918c0af5d	tjupan_bacillus_subtilis_main_ff61268918c0af5d	discovery	42	58	43	58	-10.5	+	GGCGGCATAGATTGTA	3.348182439804077
EMB_multiscale_C22	tjupan_bacillus_subtilis_main_02077247d0a8a665	dbtbs_bsub_core_e82d4ff28ccc2c95	discovery	22	38	23	38	-30.5	+	CCATTGCAAGCTCTCG	3.357996702194214
EMB_multiscale_C22	tjupan_bacillus_subtilis_main_66bdec0f6e49230b	dbtbs_bsub_core_66bdec0f6e49230b	discovery	56	72	57	72	3.5	+	AGTCACCATAGCGGCC	3.3977675437927246
EMB_multiscale_C22	tjupan_bacillus_subtilis_main_1478640e036e0224	dbtbs_bsub_core_1478640e036e0224	discovery	37	53	38	53	-15.5	+	CTGCTGAGCCGAATAG	3.3987765312194824
EMB_multiscale_C22	tjupan_bacillus_subtilis_main_6e989f822c0894af	dbtbs_bsub_core_bb5ca17cb9317fea	discovery	59	75	60	75	6.5	+	CAGGAGCTCATGTGCC	3.3992562294006348
EMB_multiscale_C22	tjupan_bacillus_subtilis_main_e326833d29b8752f	dbtbs_bsub_core_e326833d29b8752f	discovery	29	45	30	45	-23.5	+	AACGAAGCCATCAGGG	3.419415235519409
EMB_multiscale_C22	tjupan_bacillus_subtilis_main_0a0035c3a0685aa9	dbtbs_bsub_core_d50ffa4df9b8add7	discovery	38	54	39	54	-14.5	+	TGTTCAGCCGTATCAT	3.426138401031494
EMB_multiscale_C22	tjupan_bacillus_subtilis_main_92b62a9d8d87ace9	dbtbs_bsub_core_92b62a9d8d87ace9	discovery	16	32	17	32	-36.5	+	CAGGCTTCTGCATAAT	3.429378032684326
EMB_multiscale_C22	tjupan_bacillus_subtilis_main_af51a9f7939c4cfb	dbtbs_bsub_core_49fc6b8175a85db6	discovery	33	49	34	49	-19.5	+	ACTGTCAATGAGAGCC	3.434854745864868
EMB_multiscale_C22	tjupan_bacillus_subtilis_main_b88f3e08d3d51af5	tjupan_bacillus_subtilis_main_b88f3e08d3d51af5	discovery	27	43	28	43	-25.5	+	TGCTGTACAGGCTCAG	3.460191011428833
EMB_multiscale_C22	tjupan_bacillus_subtilis_main_71eaf5cbf249113b	dbtbs_bsub_core_71eaf5cbf249113b	discovery	20	36	21	36	-32.5	+	CAATAGCATCTTTGTG	3.467719554901123
EMB_multiscale_C22	tjupan_bacillus_subtilis_main_84597be11ba889b8	tjupan_bacillus_subtilis_main_84597be11ba889b8	discovery	32	48	33	48	-20.5	+	ACACCCAAGCGCGTTT	3.488042116165161
EMB_multiscale_C22	tjupan_bacillus_subtilis_main_0d390d7bf47f6ae0	tjupan_bacillus_subtilis_main_0d390d7bf47f6ae0	discovery	48	64	49	64	-4.5	+	TAATATGAGGCAACAC	3.502138376235962
EMB_multiscale_C22	tjupan_bacillus_subtilis_main_82e1287a21b69715	dbtbs_bsub_core_82e1287a21b69715	discovery	46	62	47	62	-6.5	+	ACAATAGCATCTTTGT	3.504167318344116
EMB_multiscale_C22	tjupan_bacillus_subtilis_main_94d81586c680a254	tjupan_bacillus_subtilis_main_94d81586c680a254	discovery	23	39	24	39	-29.5	+	AAAATAGCGTGAACGA	3.5041921138763428
EMB_multiscale_C22	tjupan_bacillus_subtilis_main_e8dca4769e2e29bc	dbtbs_bsub_core_b8b8ac7ece3bed55	discovery	34	50	35	50	-18.5	+	AAGAACGCTGTGATAT	3.508521795272827
EMB_multiscale_C22	tjupan_bacillus_subtilis_main_754ac4e873f6c24d	tjupan_bacillus_subtilis_main_754ac4e873f6c24d	discovery	34	50	35	50	-18.5	+	GAGCCCGGCTGAATAT	3.51279878616333
EMB_multiscale_C22	tjupan_bacillus_subtilis_main_a92ee416463b3fc1	dbtbs_bsub_core_585820026d8d814d	discovery	54	70	55	70	1.5	+	AAACATGTAGCAAGGG	3.514981985092163
EMB_multiscale_C22	tjupan_bacillus_subtilis_main_8b7394af6b78d50f	dbtbs_bsub_core_c890b4346c03f247	discovery	6	22	7	22	-46.5	+	ATGAGGTTAGCCTCTT	3.5209343433380127
EMB_multiscale_C22	tjupan_bacillus_subtilis_main_93b5da0b5f842573	dbtbs_bsub_core_93b5da0b5f842573	discovery	34	50	35	50	-18.5	+	CCCCGATCGCTGGGAA	3.5355663299560547
EMB_multiscale_C22	tjupan_bacillus_subtilis_main_adff0049bb8c9b3f	tjupan_bacillus_subtilis_main_adff0049bb8c9b3f	discovery	9	25	10	25	-43.5	+	TCTCTGGTGCCATACA	3.540708303451538
EMB_multiscale_C22	tjupan_bacillus_subtilis_main_7bc9aa9d4ad371af	dbtbs_bsub_core_7bc9aa9d4ad371af	discovery	29	45	30	45	-23.5	+	AATAAGCCGTCAGAAG	3.5486836433410645
EMB_multiscale_C22	tjupan_bacillus_subtilis_main_7ac1767347438edd	dbtbs_bsub_core_5c6ce2f66e66fe9e	discovery	53	69	54	69	0.5	+	GGTATATGCTCAAAAG	3.548766613006592
EMB_multiscale_C22	tjupan_bacillus_subtilis_main_b578e9e0d96d144a	dbtbs_bsub_core_b578e9e0d96d144a	discovery	3	19	4	19	-49.5	+	CGCGAACAGCGATATT	3.552368402481079
EMB_multiscale_C22	tjupan_bacillus_subtilis_main_06d485c4aaa12e15	dbtbs_bsub_core_06d485c4aaa12e15	discovery	35	51	36	51	-17.5	+	GAGCGTTGGGCATATG	3.5746588706970215
EMB_multiscale_C22	tjupan_bacillus_subtilis_main_56fbf5e1ebfb46d1	dbtbs_bsub_core_56fbf5e1ebfb46d1	discovery	19	35	20	35	-33.5	+	CGCACCTTGCAAATTA	3.5756657123565674
EMB_multiscale_C22	tjupan_bacillus_subtilis_main_ab3313558a015086	dbtbs_bsub_core_ab3313558a015086	discovery	60	76	61	76	7.5	+	TAAAAGCGCTTACATT	3.577572822570801
EMB_multiscale_C22	tjupan_bacillus_subtilis_main_a723fdca1013c0b5	dbtbs_bsub_core_a723fdca1013c0b5	discovery	39	55	40	55	-13.5	+	TCAGCCTCATAAGGTG	3.5793697834014893
EMB_multiscale_C22	tjupan_bacillus_subtilis_main_d1b10b64ac040b8c	dbtbs_bsub_core_3a6c62def340fb72	discovery	4	20	5	20	-48.5	+	CATATCAGGCCAGCTT	3.591479539871216
EMB_multiscale_C22	tjupan_bacillus_subtilis_main_e1fd6875b30f4c73	dbtbs_bsub_core_e1fd6875b30f4c73	discovery	21	37	22	37	-31.5	+	ATTGCCTGCCGTATGT	3.604180097579956
EMB_multiscale_C22	tjupan_bacillus_subtilis_main_f6c5351a3e225d0c	dbtbs_bsub_core_f6c5351a3e225d0c	discovery	32	48	33	48	-20.5	+	CGCTTTCATGCACTGA	3.61715030670166
EMB_multiscale_C22	tjupan_bacillus_subtilis_main_9d34f9d9e0ee0e26	dbtbs_bsub_core_9d34f9d9e0ee0e26	discovery	57	73	58	73	4.5	+	GGTAACGGCAGCCGTT	3.6273107528686523
EMB_multiscale_C22	tjupan_bacillus_subtilis_main_f1fe1806a852fcba	dbtbs_bsub_core_f1fe1806a852fcba	discovery	22	38	23	38	-30.5	+	GCTTTTGCAGTACAGA	3.637439727783203
EMB_multiscale_C22	tjupan_bacillus_subtilis_main_5ccaab5adb962b3d	dbtbs_bsub_core_483b39fd11d75b28	discovery	1	17	2	17	-51.5	+	CGTTGCCTGCGGAAAA	3.6441123485565186
EMB_multiscale_C22	tjupan_bacillus_subtilis_main_118649b56e4ec470	tjupan_bacillus_subtilis_main_118649b56e4ec470	discovery	17	33	18	33	-35.5	+	TGGTTAGGCATTCACA	3.658230781555176
EMB_multiscale_C22	tjupan_bacillus_subtilis_main_834e21e1951468f3	tjupan_bacillus_subtilis_main_834e21e1951468f3	discovery	1	17	2	17	-51.5	+	CGTTAAGCCGGAGCTT	3.6714365482330322
EMB_multiscale_C22	tjupan_bacillus_subtilis_main_796368712c0cdecb	tjupan_bacillus_subtilis_main_796368712c0cdecb	discovery	1	17	2	17	-51.5	+	CAGGTTGCTCAAATAG	3.6737866401672363
EMB_multiscale_C22	tjupan_bacillus_subtilis_main_7ebbe970ac38b83d	dbtbs_bsub_core_5742761e1938e2d4	discovery	7	23	8	23	-45.5	+	AGATCTCAGCGGAACA	3.6805100440979004
EMB_multiscale_C22	tjupan_bacillus_subtilis_main_71a2a4c64c087430	tjupan_bacillus_subtilis_main_71a2a4c64c087430	discovery	31	47	32	47	-21.5	+	ACATGGACTGCCGCTA	3.6913163661956787
EMB_multiscale_C22	tjupan_bacillus_subtilis_main_df2876c84282b3af	dbtbs_bsub_core_d831e470618beda7	discovery	61	77	62	77	8.5	+	GAATTAGCACTCGCTT	3.6914947032928467
EMB_multiscale_C22	tjupan_bacillus_subtilis_main_ad5b6a3a851181b1	dbtbs_bsub_core_ad5b6a3a851181b1	discovery	20	36	21	36	-32.5	+	ATGTACTGGCGAATTT	3.6977360248565674
EMB_multiscale_C22	tjupan_bacillus_subtilis_main_c22e62909e814f30	dbtbs_bsub_core_e2251470d219464a	discovery	7	23	8	23	-45.5	+	TTATACAGCAGGAAAG	3.7032015323638916
EMB_multiscale_C22	tjupan_bacillus_subtilis_main_024ba149e95dcf1a	tjupan_bacillus_subtilis_main_024ba149e95dcf1a	discovery	59	75	60	75	6.5	+	TAACAAGCCGGCAAAG	3.7064273357391357
EMB_multiscale_C22	tjupan_bacillus_subtilis_main_64dfe397c07a4656	dbtbs_bsub_core_99013d44fc3df9d1	discovery	35	51	36	51	-17.5	+	AGAGGCTCGCTCATTT	3.7081098556518555
EMB_multiscale_C22	tjupan_bacillus_subtilis_main_0b565809576a9e0f	dbtbs_bsub_core_0fcadafa827fb8cf	discovery	12	28	13	28	-40.5	+	CACTCTGCCAAGTTGT	3.7085068225860596
EMB_multiscale_C22	tjupan_bacillus_subtilis_main_25766be7ede5bd12	tjupan_bacillus_subtilis_main_25766be7ede5bd12	discovery	55	71	56	71	2.5	+	ACGTCACGCTAAAAGC	3.710404872894287
EMB_multiscale_C22	tjupan_bacillus_subtilis_main_106e69f8e7e10bd4	tjupan_bacillus_subtilis_main_106e69f8e7e10bd4	discovery	36	52	37	52	-16.5	+	AAAGAGGCTCGTATAC	3.714219570159912
EMB_multiscale_C22	tjupan_bacillus_subtilis_main_bb68072522710571	dbtbs_bsub_core_bb68072522710571	discovery	58	74	59	74	5.5	+	AAAGTGATAGCGGTAC	3.728050708770752
EMB_multiscale_C22	tjupan_bacillus_subtilis_main_ef1d1fbaad689e40	dbtbs_bsub_core_ef1d1fbaad689e40	discovery	12	28	13	28	-40.5	+	GCGAATAGGCTTGTTC	3.7311344146728516
EMB_multiscale_C22	tjupan_bacillus_subtilis_main_6c11169e185f76df	dbtbs_bsub_core_6c11169e185f76df	discovery	46	62	47	62	-6.5	+	AGGAATAGCCTTACTG	3.734990358352661
EMB_multiscale_C22	tjupan_bacillus_subtilis_main_52931b7eafd9a9b2	dbtbs_bsub_core_324baeb0b4deda5d	discovery	58	74	59	74	5.5	+	AAGGCAGGCCATTTGG	3.745683431625366
EMB_multiscale_C22	tjupan_bacillus_subtilis_main_3eab38fdf3061b6a	tjupan_bacillus_subtilis_main_3eab38fdf3061b6a	discovery	0	16	1	16	-52.5	+	ATAACGCAACTTGGCT	3.745715618133545
EMB_multiscale_C22	tjupan_bacillus_subtilis_main_a52148b067c7a32f	tjupan_bacillus_subtilis_main_a52148b067c7a32f	discovery	65	81	66	81	12.5	+	GGAGGAATGCTTCCAT	3.7480053901672363
EMB_multiscale_C22	tjupan_bacillus_subtilis_main_57cb99253c19d2b6	tjupan_bacillus_subtilis_main_57cb99253c19d2b6	discovery	27	43	28	43	-25.5	+	AAGCAGAAGCCGTGTT	3.749711751937866
EMB_multiscale_C22	tjupan_bacillus_subtilis_main_f9edd67964b41200	dbtbs_bsub_core_f9edd67964b41200	discovery	38	54	39	54	-14.5	+	GCCGAAAGCAGACACA	3.755124807357788
EMB_multiscale_C22	tjupan_bacillus_subtilis_main_14a46634ed7dcff0	tjupan_bacillus_subtilis_main_14a46634ed7dcff0	discovery	25	41	26	41	-27.5	+	TGCATGAATACCTGCC	3.7624807357788086
EMB_multiscale_C22	tjupan_bacillus_subtilis_main_dbf995194ebf2b2d	dbtbs_bsub_core_dbf995194ebf2b2d	discovery	0	16	1	16	-52.5	+	AAGTCCTGCATGCTGC	3.7818491458892822
EMB_multiscale_C22	tjupan_bacillus_subtilis_main_bdf5315a71015695	dbtbs_bsub_core_c94ae7322b918d76	discovery	57	73	58	73	4.5	+	TGTGCATCGTAATAGA	3.784003973007202
EMB_multiscale_C22	tjupan_bacillus_subtilis_main_0cc8abc9b551141c	dbtbs_bsub_core_0cc8abc9b551141c	discovery	18	34	19	34	-34.5	+	CGCCGTGCTTGTCAGA	3.8024306297302246
EMB_multiscale_C22	tjupan_bacillus_subtilis_main_ec2d75bce4a65abf	dbtbs_bsub_core_e3549a9c12f5ac55	discovery	36	52	37	52	-16.5	+	GAAGACCTGTGCTATA	3.805392026901245
EMB_multiscale_C22	tjupan_bacillus_subtilis_main_6514a11d381455ae	tjupan_bacillus_subtilis_main_6514a11d381455ae	discovery	4	20	5	20	-48.5	+	GTCCGGCAGCCAGAAG	3.8080103397369385
EMB_multiscale_C22	tjupan_bacillus_subtilis_main_fea876b7208e46e3	dbtbs_bsub_core_fea876b7208e46e3	discovery	56	72	57	72	3.5	+	AAGAAGGCATGTATTT	3.811765670776367
EMB_multiscale_C22	tjupan_bacillus_subtilis_main_712069959cf7e3b2	dbtbs_bsub_core_be0e53c334974f0a	discovery	20	36	21	36	-32.5	+	ACTGTCCAAGCCGCAA	3.823622465133667
EMB_multiscale_C22	tjupan_bacillus_subtilis_main_6b5eda10bbc36b27	dbtbs_bsub_core_0d578393adbcde98	discovery	33	49	34	49	-19.5	+	CCCACAGAGCTTGCTT	3.827674627304077
EMB_multiscale_C22	tjupan_bacillus_subtilis_main_238ba8da2c883516	dbtbs_bsub_core_238ba8da2c883516	discovery	57	73	58	73	4.5	+	ACTAGACAAGCGCTGG	3.833402156829834
EMB_multiscale_C22	tjupan_bacillus_subtilis_main_5b5f9b9ad371b1b0	tjupan_bacillus_subtilis_main_5b5f9b9ad371b1b0	discovery	27	43	28	43	-25.5	+	TCAATTCGCAAGCTTT	3.8336374759674072
EMB_multiscale_C22	tjupan_bacillus_subtilis_main_954287dc5b301340	tjupan_bacillus_subtilis_main_954287dc5b301340	discovery	34	50	35	50	-18.5	+	AGGGCAGCACCTGTCC	3.841928243637085
EMB_multiscale_C22	tjupan_bacillus_subtilis_main_c9a32e1db5125d7c	dbtbs_bsub_core_c9a32e1db5125d7c	discovery	5	21	6	21	-47.5	+	GAGAACGCCTATGAAT	3.8568575382232666
EMB_multiscale_C22	tjupan_bacillus_subtilis_main_3ed5570d9bd715ae	dbtbs_bsub_core_0561dd78dc44b145	discovery	47	63	48	63	-5.5	+	TTATGCTATGAAGGTA	3.8650143146514893
EMB_multiscale_C22	tjupan_bacillus_subtilis_main_c7c68e6fe4d84a02	tjupan_bacillus_subtilis_main_c7c68e6fe4d84a02	discovery	0	16	1	16	-52.5	+	GTCAGAACCGCTGTGC	3.870328903198242
EMB_multiscale_C22	tjupan_bacillus_subtilis_main_67a9ae83c973a42d	tjupan_bacillus_subtilis_main_67a9ae83c973a42d	discovery	4	20	5	20	-48.5	+	CAATGCGAAGGTGCCA	3.8738744258880615
EMB_multiscale_C22	tjupan_bacillus_subtilis_main_6f408d5e786e413f	dbtbs_bsub_core_6f408d5e786e413f	discovery	0	16	1	16	-52.5	+	AAAAATCAGCCGGTGG	3.884108543395996
EMB_multiscale_C22	tjupan_bacillus_subtilis_main_0ba2ad2fd14630a8	dbtbs_bsub_core_0ba2ad2fd14630a8	discovery	14	30	15	30	-38.5	+	AGCTAGTCTGCATGCA	3.8962619304656982
EMB_multiscale_C22	tjupan_bacillus_subtilis_main_49d5f09ecdaa68d2	dbtbs_bsub_core_2fc6766ca8c365d3	discovery	1	17	2	17	-51.5	+	GCCCGAACAGCAGGAA	3.900146245956421
EMB_multiscale_C22	tjupan_bacillus_subtilis_main_b59ef89e981b3745	tjupan_bacillus_subtilis_main_b59ef89e981b3745	discovery	1	17	2	17	-51.5	+	AGAGCAAGCTCGGGGT	3.9016356468200684
EMB_multiscale_C22	tjupan_bacillus_subtilis_main_2c918744f6daf466	dbtbs_bsub_core_20f77243a5b2c4ab	discovery	37	53	38	53	-15.5	+	GGAAGTTCGCACGTCT	3.9095895290374756
EMB_multiscale_C22	tjupan_bacillus_subtilis_main_fea868950ff1c774	tjupan_bacillus_subtilis_main_fea868950ff1c774	discovery	47	63	48	63	-5.5	+	CGATAATGCTCCTAGA	3.924894094467163
EMB_multiscale_C22	tjupan_bacillus_subtilis_main_517410185d825f3e	tjupan_bacillus_subtilis_main_517410185d825f3e	discovery	20	36	21	36	-32.5	+	TTAATGTAGCAGGATG	3.9416983127593994
EMB_multiscale_C22	tjupan_bacillus_subtilis_main_bcbef8350d7925db	tjupan_bacillus_subtilis_main_bcbef8350d7925db	discovery	61	77	62	77	8.5	+	AGCAGTATCTGCGGCG	3.9586398601531982
EMB_multiscale_C22	tjupan_bacillus_subtilis_main_a31f56ff3ee450d4	dbtbs_bsub_core_1c4407f77cf4bab2	discovery	27	43	28	43	-25.5	+	GAGACAGGCTATAACC	3.984351396560669
EMB_multiscale_C22	tjupan_bacillus_subtilis_main_3adf706b5413c6ce	tjupan_bacillus_subtilis_main_3adf706b5413c6ce	discovery	46	62	47	62	-6.5	+	TGTGCTACGCTGGAAA	4.01511287689209
EMB_multiscale_C22	tjupan_bacillus_subtilis_main_a61c0978ae294759	tjupan_bacillus_subtilis_main_a61c0978ae294759	discovery	4	20	5	20	-48.5	+	AAAGATGCGTCCTGTT	4.022099018096924
EMB_multiscale_C22	tjupan_bacillus_subtilis_main_db7eebd0b9425a4f	dbtbs_bsub_core_db7eebd0b9425a4f	discovery	27	43	28	43	-25.5	+	TTAAACGGCTCGTGTC	4.026891708374023
EMB_multiscale_C22	tjupan_bacillus_subtilis_main_c758d11e26aac641	tjupan_bacillus_subtilis_main_c758d11e26aac641	discovery	57	73	58	73	4.5	+	ATTGTAAGGCTCAAGT	4.043363094329834
EMB_multiscale_C22	tjupan_bacillus_subtilis_main_e4ca0c490585b644	tjupan_bacillus_subtilis_main_e4ca0c490585b644	discovery	58	74	59	74	5.5	+	GAAGGAGCGTCTTTAC	4.048014163970947
EMB_multiscale_C22	tjupan_bacillus_subtilis_main_354da8035d16f701	dbtbs_bsub_core_1ee6e81d7c1d1fa1	discovery	55	71	56	71	2.5	+	CACCTGTTAGCCGCCA	4.075485706329346
EMB_multiscale_C22	tjupan_bacillus_subtilis_main_2b799cc13a596bcd	tjupan_bacillus_subtilis_main_2b799cc13a596bcd	discovery	16	32	17	32	-36.5	+	TGGGCGAATGCCGTGC	4.0917887687683105
EMB_multiscale_C22	tjupan_bacillus_subtilis_main_b7c0eae7293a1bfc	dbtbs_bsub_core_0bfdb592513badc4	discovery	33	49	34	49	-19.5	+	GCTGCTGAACCAATTA	4.094172477722168
EMB_multiscale_C22	tjupan_bacillus_subtilis_main_3ab27dce0b1876ca	dbtbs_bsub_core_d52b0eed3ebbab2d	discovery	18	34	19	34	-34.5	+	AGACCAGTTGCAATCC	4.094938278198242
EMB_multiscale_C22	tjupan_bacillus_subtilis_main_f5b082fd616807b3	dbtbs_bsub_core_4e960695d4b362e6	discovery	3	19	4	19	-49.5	+	CTCTAGCAGGCAAGTT	4.099433898925781
EMB_multiscale_C22	tjupan_bacillus_subtilis_main_dc65c8922842b20f	tjupan_bacillus_subtilis_main_dc65c8922842b20f	discovery	5	21	6	21	-47.5	+	GAATAGTGGCCCAATT	4.105762481689453
EMB_multiscale_C22	tjupan_bacillus_subtilis_main_edadeeaf4ff7a848	tjupan_bacillus_subtilis_main_edadeeaf4ff7a848	discovery	17	33	18	33	-35.5	+	CATATCTGGCTTCGAG	4.1078200340271
EMB_multiscale_C22	tjupan_bacillus_subtilis_main_1f2ca280ccaab774	tjupan_bacillus_subtilis_main_1f2ca280ccaab774	discovery	34	50	35	50	-18.5	+	CTCTTCGTGCGTGCTA	4.130013942718506
EMB_multiscale_C22	tjupan_bacillus_subtilis_main_4fc356ae4cdf5a10	dbtbs_bsub_core_89ad3abb800dad9f	discovery	65	81	66	81	12.5	+	TAAAATTGCAGCAGTA	4.158201694488525
EMB_multiscale_C22	tjupan_bacillus_subtilis_main_a26ee3e07cf1eedf	dbtbs_bsub_core_a26ee3e07cf1eedf	discovery	24	40	25	40	-28.5	+	TGTTTAGCAGCGAAAC	4.175889492034912
EMB_multiscale_C22	tjupan_bacillus_subtilis_main_e9623f8193af34e0	dbtbs_bsub_core_e9623f8193af34e0	discovery	7	23	8	23	-45.5	+	GAACCATGCCGTTTAT	4.207029819488525
EMB_multiscale_C22	tjupan_bacillus_subtilis_main_91197a052a9adc5b	tjupan_bacillus_subtilis_main_91197a052a9adc5b	discovery	56	72	57	72	3.5	+	ATACGTCGCTGATGAC	4.232278347015381
EMB_multiscale_C22	tjupan_bacillus_subtilis_main_8bf0684d999843b1	dbtbs_bsub_core_8bf0684d999843b1	discovery	0	16	1	16	-52.5	+	ATGCGTTCAGCTCATT	4.23469352722168
EMB_multiscale_C22	tjupan_bacillus_subtilis_main_549e9d5c7cb67860	dbtbs_bsub_core_1a44bafede819df1	discovery	13	29	14	29	-39.5	+	GGGATCGGCTAAAATA	4.243185520172119
EMB_multiscale_C22	tjupan_bacillus_subtilis_main_4f4c3d5d96d18695	tjupan_bacillus_subtilis_main_4f4c3d5d96d18695	discovery	3	19	4	19	-49.5	+	TCCGAATATGCGTTCG	4.257046699523926
EMB_multiscale_C22	tjupan_bacillus_subtilis_main_7cd769ed0580d73e	tjupan_bacillus_subtilis_main_7cd769ed0580d73e	discovery	8	24	9	24	-44.5	+	AAAAAGCGCATCTTTT	4.2582831382751465
EMB_multiscale_C22	tjupan_bacillus_subtilis_main_eb88f130dfce6401	tjupan_bacillus_subtilis_main_eb88f130dfce6401	discovery	31	47	32	47	-21.5	+	AAACACGCTGTCTCTG	4.294059753417969
EMB_multiscale_C22	tjupan_bacillus_subtilis_main_ef6dc517178d6adf	dbtbs_bsub_core_ef6dc517178d6adf	discovery	0	16	1	16	-52.5	+	AACATCGCAGAACAGG	4.295358180999756
EMB_multiscale_C22	tjupan_bacillus_subtilis_main_ffefbc2ceaf331ea	dbtbs_bsub_core_ea5509009da1e1aa	discovery	35	51	36	51	-17.5	+	AATAGAAGCGCTATAA	4.341786861419678
EMB_multiscale_C22	tjupan_bacillus_subtilis_main_61e92334116d4289	dbtbs_bsub_core_946ad3835c6af00d	discovery	34	50	35	50	-18.5	+	TTCCGCCTAGTGAGAA	4.350123882293701
EMB_multiscale_C22	tjupan_bacillus_subtilis_main_24675587b92cc4c7	tjupan_bacillus_subtilis_main_24675587b92cc4c7	discovery	57	73	58	73	4.5	+	TTTATCAGCAAGGGGA	4.370970249176025
EMB_multiscale_C22	tjupan_bacillus_subtilis_main_9296390fae4fd68d	tjupan_bacillus_subtilis_main_9296390fae4fd68d	discovery	37	53	38	53	-15.5	+	AGGCTTGCTTAATACA	4.372678756713867
EMB_multiscale_C22	tjupan_bacillus_subtilis_main_10eda96ea4199e8c	dbtbs_bsub_core_10eda96ea4199e8c	discovery	63	79	64	79	10.5	+	TTATCAAGAGCAGGCA	4.404843807220459
EMB_multiscale_C22	tjupan_bacillus_subtilis_main_48f68d49bf53ea3b	dbtbs_bsub_core_a63e45c266a8243f	discovery	8	24	9	24	-44.5	+	TGTGCAGAGCATTTCA	4.407526016235352
EMB_multiscale_C22	tjupan_bacillus_subtilis_main_80add31ceb4a1382	tjupan_bacillus_subtilis_main_80add31ceb4a1382	discovery	42	58	43	58	-10.5	+	TCGCTATAATGACAGG	4.42078161239624
EMB_multiscale_C22	tjupan_bacillus_subtilis_main_3c97e9436cb369c2	dbtbs_bsub_core_6dc10c0d490555ae	discovery	0	16	1	16	-52.5	+	TGCGGTCCAAGCTGTT	4.471909523010254
EMB_multiscale_C22	tjupan_bacillus_subtilis_main_d04a67d8cb9ad084	dbtbs_bsub_core_d04a67d8cb9ad084	discovery	36	52	37	52	-16.5	+	AAATGCCCAGCATAAG	4.587738037109375
EMB_multiscale_C22	tjupan_bacillus_subtilis_main_618f0dc5c0847866	dbtbs_bsub_core_e2f191a04a63a5f0	discovery	37	53	38	53	-15.5	+	CGGGCTAATGGTATAT	4.669357776641846
EMB_multiscale_C22	tjupan_bacillus_subtilis_main_dcef15bdfb353954	dbtbs_bsub_core_dcef15bdfb353954	discovery	38	54	39	54	-14.5	+	TGAAGTGTTGCACAAT	4.717112064361572
EMB_multiscale_C22	tjupan_bacillus_subtilis_main_a0eee3dddaf07ac3	tjupan_bacillus_subtilis_main_a0eee3dddaf07ac3	discovery	6	22	7	22	-46.5	+	AAATACGGCCGTTCCC	4.7219557762146
EMB_multiscale_C22	tjupan_bacillus_subtilis_main_b7d5a32e40c68782	tjupan_bacillus_subtilis_main_b7d5a32e40c68782	discovery	6	22	7	22	-46.5	+	CTCTTCGCGACAACTT	4.7798566818237305
EMB_multiscale_C22	tjupan_bacillus_subtilis_main_8cdaaf6e0b90f5df	dbtbs_bsub_core_8cdaaf6e0b90f5df	discovery	22	38	23	38	-30.5	+	CATGTGCTGACAGAGG	4.800313949584961
EMB_multiscale_C22	tjupan_bacillus_subtilis_main_fff8e3a328b3cab3	dbtbs_bsub_core_7231d94d9d77331f	discovery	58	74	59	74	5.5	+	CTATCTACGTGCGCCG	4.84329080581665
EMB_multiscale_C22	tjupan_bacillus_subtilis_main_bebf1b31befd9c3c	dbtbs_bsub_core_bebf1b31befd9c3c	discovery	11	27	12	27	-41.5	+	TAATATGCTGTGGGAT	4.848937511444092
EMB_multiscale_C22	tjupan_bacillus_subtilis_main_b2e461bb3b5d3d88	dbtbs_bsub_core_b2e461bb3b5d3d88	discovery	3	19	4	19	-49.5	+	TCGCGGCCTATGCGAA	4.925097465515137
EMB_multiscale_C22	tjupan_bacillus_subtilis_main_a43c85166b962f37	dbtbs_bsub_core_47d2cdeb8a491885	discovery	0	16	1	16	-52.5	+	TCGCCGTGCACTTTTT	5.067104339599609
EMB_multiscale_C23	tjupan_bacillus_subtilis_main_7c03938b389dc368	dbtbs_bsub_core_39e8d21f598046d9	discovery	2	18	3	18	-50.5	+	GCAGGAAAATGAGTAA	2.106170892715454
EMB_multiscale_C23	tjupan_bacillus_subtilis_main_e9623f8193af34e0	dbtbs_bsub_core_e9623f8193af34e0	discovery	27	43	28	43	-25.5	+	CAAGGATGAAAAAGTT	2.1742613315582275
EMB_multiscale_C23	tjupan_bacillus_subtilis_main_7ac1767347438edd	dbtbs_bsub_core_5c6ce2f66e66fe9e	discovery	11	27	12	27	-41.5	+	TAATGGAAAAATAGAG	2.235719680786133
EMB_multiscale_C23	tjupan_bacillus_subtilis_main_61d216a2a24189d0	dbtbs_bsub_core_61d216a2a24189d0	discovery	48	64	49	64	-4.5	+	TTAAATGGAAAAGTCA	2.25663161277771
EMB_multiscale_C23	tjupan_bacillus_subtilis_main_1478640e036e0224	dbtbs_bsub_core_1478640e036e0224	discovery	20	36	21	36	-32.5	+	CGTGAAGGAAAAATTG	2.4139950275421143
EMB_multiscale_C23	tjupan_bacillus_subtilis_main_b11aff47b9c426f3	dbtbs_bsub_core_b11aff47b9c426f3	discovery	36	52	37	52	-16.5	+	CAGGAAATGGAAACGT	2.584486246109009
EMB_multiscale_C23	tjupan_bacillus_subtilis_main_036f4e66b4e66745	dbtbs_bsub_core_7b26bab7de636614	discovery	55	71	56	71	2.5	+	TGTTGAAAATAGAACT	2.610687732696533
EMB_multiscale_C23	tjupan_bacillus_subtilis_main_f9edd67964b41200	dbtbs_bsub_core_f9edd67964b41200	discovery	25	41	26	41	-27.5	+	CGGTGAAAAATGAGCC	2.6208250522613525
EMB_multiscale_C23	tjupan_bacillus_subtilis_main_b24feeda89db5dfd	dbtbs_bsub_core_b24feeda89db5dfd	discovery	49	65	50	65	-3.5	+	ATAATGAAAACAGGTC	2.6402127742767334
EMB_multiscale_C23	tjupan_bacillus_subtilis_main_ecef2875a7a372ba	dbtbs_bsub_core_ecef2875a7a372ba	discovery	46	62	47	62	-6.5	+	ATAAAATGAAAGTAAC	2.653815746307373
EMB_multiscale_C23	tjupan_bacillus_subtilis_main_0acb3976b9331524	tjupan_bacillus_subtilis_main_0acb3976b9331524	discovery	12	28	13	28	-40.5	+	CTTAAAAAGGATTGAC	2.6993770599365234
EMB_multiscale_C23	tjupan_bacillus_subtilis_main_ffefbc2ceaf331ea	dbtbs_bsub_core_ea5509009da1e1aa	discovery	3	19	4	19	-49.5	+	TAGCTGAAAAAGGACC	2.7238829135894775
EMB_multiscale_C23	tjupan_bacillus_subtilis_main_50224837ca8eceb5	dbtbs_bsub_core_50224837ca8eceb5	discovery	15	31	16	31	-37.5	+	TGAATGAAAAGAATTA	2.7543785572052
EMB_multiscale_C23	tjupan_bacillus_subtilis_main_2d40490247bb616a	dbtbs_bsub_core_ffa38d6978ad48aa	discovery	11	27	12	27	-41.5	+	GATGGGAAGAAATACA	2.760006904602051
EMB_multiscale_C23	tjupan_bacillus_subtilis_main_36eed70446e6810b	dbtbs_bsub_core_36eed70446e6810b	discovery	6	22	7	22	-46.5	+	ATTAGAAATGAAAGTG	2.7625160217285156
EMB_multiscale_C23	tjupan_bacillus_subtilis_main_8b7394af6b78d50f	dbtbs_bsub_core_c890b4346c03f247	discovery	57	73	58	73	4.5	+	AATGTTAGGAAAAATC	2.7883851528167725
EMB_multiscale_C23	tjupan_bacillus_subtilis_main_213d453c1e49e371	tjupan_bacillus_subtilis_main_213d453c1e49e371	discovery	11	27	12	27	-41.5	+	GTCTAAAGAATGAATT	2.789461851119995
EMB_multiscale_C23	tjupan_bacillus_subtilis_main_f09c3556dc31a575	dbtbs_bsub_core_f09c3556dc31a575	discovery	31	47	32	47	-21.5	+	ACAAGAAGAAATGGGG	2.7901575565338135
EMB_multiscale_C23	tjupan_bacillus_subtilis_main_ade9dc791ab39f6c	dbtbs_bsub_core_ade9dc791ab39f6c	discovery	65	81	66	81	12.5	+	ACCTCAAAATGAAGGA	2.8137903213500977
EMB_multiscale_C23	tjupan_bacillus_subtilis_main_dc21315df009d1aa	dbtbs_bsub_core_4631e0ee0e2e12e5	discovery	51	67	52	67	-1.5	+	GCTGAATGGAAAACAA	2.8363194465637207
EMB_multiscale_C23	tjupan_bacillus_subtilis_main_e4dda028e03de313	dbtbs_bsub_core_e4dda028e03de313	discovery	14	30	15	30	-38.5	+	TAAAAAAAGGATTGAC	2.8573691844940186
EMB_multiscale_C23	tjupan_bacillus_subtilis_main_3be839d09df1dbe1	dbtbs_bsub_core_3be839d09df1dbe1	discovery	9	25	10	25	-43.5	+	TTTGGAAAAGATGATT	2.879952907562256
EMB_multiscale_C23	tjupan_bacillus_subtilis_main_2be0a0a038238614	tjupan_bacillus_subtilis_main_2be0a0a038238614	discovery	27	43	28	43	-25.5	+	TTCCAGAAAATAATGG	2.891958713531494
EMB_multiscale_C23	tjupan_bacillus_subtilis_main_c12152f72b444aff	tjupan_bacillus_subtilis_main_c12152f72b444aff	discovery	19	35	20	35	-33.5	+	CTTAAGAATGAAACCT	2.916300058364868
EMB_multiscale_C23	tjupan_bacillus_subtilis_main_79d6d17268b5d0ce	dbtbs_bsub_core_94e9d8c40cf791b3	discovery	14	30	15	30	-38.5	+	ATTAGAAAAACATGAA	2.937837839126587
EMB_multiscale_C23	tjupan_bacillus_subtilis_main_ff3d11f785ddd890	dbtbs_bsub_core_ff3d11f785ddd890	discovery	34	50	35	50	-18.5	+	CATATTGAAAAGGGTA	2.941380262374878
EMB_multiscale_C23	tjupan_bacillus_subtilis_main_264ccaf63cfb1cfe	tjupan_bacillus_subtilis_main_264ccaf63cfb1cfe	discovery	52	68	53	68	-0.5	+	AAAATGGAAAAGAGTG	2.9786226749420166
EMB_multiscale_C23	tjupan_bacillus_subtilis_main_e4ca0c490585b644	tjupan_bacillus_subtilis_main_e4ca0c490585b644	discovery	10	26	11	26	-42.5	+	AAGTGAAAATGAAGTG	2.9791431427001953
EMB_multiscale_C23	tjupan_bacillus_subtilis_main_cb8c6e383b33abd4	dbtbs_bsub_core_cb8c6e383b33abd4	discovery	33	49	34	49	-19.5	+	CTTATGAAAAAAGTCG	2.985414743423462
EMB_multiscale_C23	tjupan_bacillus_subtilis_main_61e92334116d4289	dbtbs_bsub_core_946ad3835c6af00d	discovery	3	19	4	19	-49.5	+	GTAACAAGGAAATCAT	2.988266944885254
EMB_multiscale_C23	tjupan_bacillus_subtilis_main_82e1287a21b69715	dbtbs_bsub_core_82e1287a21b69715	discovery	31	47	32	47	-21.5	+	AGGGAATAATGAAAAA	3.0145466327667236
EMB_multiscale_C23	tjupan_bacillus_subtilis_main_b790c6b12a43a7c6	tjupan_bacillus_subtilis_main_b790c6b12a43a7c6	discovery	54	70	55	70	1.5	+	TAATTAAAGAAAGCAG	3.015974998474121
EMB_multiscale_C23	tjupan_bacillus_subtilis_main_6361ce51efe0f541	dbtbs_bsub_core_b928ebfb52e4cb48	discovery	13	29	14	29	-39.5	+	TTTGATAAAAGGCTTC	3.0224430561065674
EMB_multiscale_C23	tjupan_bacillus_subtilis_main_85511e0264f2e3b8	dbtbs_bsub_core_35445cef3104bf74	discovery	24	40	25	40	-28.5	+	CTTTGGAAATAACAAA	3.0259408950805664
EMB_multiscale_C23	tjupan_bacillus_subtilis_main_be897b68bd393df0	dbtbs_bsub_core_be897b68bd393df0	discovery	61	77	62	77	8.5	+	ATAAGGGAAAATGTAC	3.0338101387023926
EMB_multiscale_C23	tjupan_bacillus_subtilis_main_1b0cfe46f303d3fa	dbtbs_bsub_core_56695775e253190c	discovery	43	59	44	59	-9.5	+	ATGTGGAAAAGTAACA	3.043370008468628
EMB_multiscale_C23	tjupan_bacillus_subtilis_main_9c3cc423ec1465b1	dbtbs_bsub_core_9c3cc423ec1465b1	discovery	27	43	28	43	-25.5	+	AATGAGAACAAAATCG	3.0459601879119873
EMB_multiscale_C23	tjupan_bacillus_subtilis_main_9ab6c96db0706f0e	dbtbs_bsub_core_c190339743385950	discovery	13	29	14	29	-39.5	+	GAGTGGAAAAGACAAT	3.075775146484375
EMB_multiscale_C23	tjupan_bacillus_subtilis_main_e66d1eb3358cf03d	dbtbs_bsub_core_601150b85493a7a1	discovery	16	32	17	32	-36.5	+	TGTTGGAAAAGCACAT	3.083195924758911
EMB_multiscale_C23	tjupan_bacillus_subtilis_main_ef6dc517178d6adf	dbtbs_bsub_core_ef6dc517178d6adf	discovery	58	74	59	74	5.5	+	TTAGGTGAAAATGAGA	3.0912508964538574
EMB_multiscale_C23	tjupan_bacillus_subtilis_main_47a0d4425a7cca49	tjupan_bacillus_subtilis_main_47a0d4425a7cca49	discovery	29	45	30	45	-23.5	+	GGATGATAAAGGAACA	3.122626304626465
EMB_multiscale_C23	tjupan_bacillus_subtilis_main_6fc8019646ae0ec6	dbtbs_bsub_core_0346364171f10446	discovery	49	65	50	65	-3.5	+	AATGGAAAAATAGAGG	3.124664545059204
EMB_multiscale_C23	tjupan_bacillus_subtilis_main_0e56c5fe6c5d0db0	dbtbs_bsub_core_cfddcd51a76889fd	discovery	55	71	56	71	2.5	+	ATCGGTAAAAGGAGAG	3.1342453956604004
EMB_multiscale_C23	tjupan_bacillus_subtilis_main_962b839f321a2605	dbtbs_bsub_core_962b839f321a2605	discovery	2	18	3	18	-50.5	+	CGGGAATGAAAACGGT	3.1368041038513184
EMB_multiscale_C23	tjupan_bacillus_subtilis_main_f58412ec32c641aa	dbtbs_bsub_core_bba92a46eba6f8e0	discovery	54	70	55	70	1.5	+	ATAACCAAGAAATGAC	3.1415891647338867
EMB_multiscale_C23	tjupan_bacillus_subtilis_main_2e59e247c2d07b0b	tjupan_bacillus_subtilis_main_2e59e247c2d07b0b	discovery	18	34	19	34	-34.5	+	AAAAAAGTGAAACTTT	3.142812728881836
EMB_multiscale_C23	tjupan_bacillus_subtilis_main_834e21e1951468f3	tjupan_bacillus_subtilis_main_834e21e1951468f3	discovery	20	36	21	36	-32.5	+	CATGAAGTGAAACATT	3.163710355758667
EMB_multiscale_C23	tjupan_bacillus_subtilis_main_7cd769ed0580d73e	tjupan_bacillus_subtilis_main_7cd769ed0580d73e	discovery	2	18	3	18	-50.5	+	ATATGGAAAAAGCGCA	3.1721954345703125
EMB_multiscale_C23	tjupan_bacillus_subtilis_main_fde7c2aaac5c57ce	dbtbs_bsub_core_fde7c2aaac5c57ce	discovery	8	24	9	24	-44.5	+	ATTAAAAGAAGATGGT	3.187084197998047
EMB_multiscale_C23	tjupan_bacillus_subtilis_main_e2d1119cb664dabf	dbtbs_bsub_core_954deecd8ab02ea9	discovery	40	56	41	56	-12.5	+	CAGTTAGAAAAACCTA	3.202882766723633
EMB_multiscale_C23	tjupan_bacillus_subtilis_main_69a39ef163dd4726	tjupan_bacillus_subtilis_main_69a39ef163dd4726	discovery	23	39	24	39	-29.5	+	GATTCGAAAATAGGTC	3.2056150436401367
EMB_multiscale_C23	tjupan_bacillus_subtilis_main_8b925a3983e97ebd	dbtbs_bsub_core_0346364171f10446	discovery	52	68	53	68	-0.5	+	TAATGGAAAAATAGAG	3.217555046081543
EMB_multiscale_C23	tjupan_bacillus_subtilis_main_d24ab9ea2522f43e	dbtbs_bsub_core_e391b9fe5a0b653f	discovery	32	48	33	48	-20.5	+	TCCCAAAAGAATGCTA	3.2217259407043457
EMB_multiscale_C23	tjupan_bacillus_subtilis_main_282b0a85bf46906b	tjupan_bacillus_subtilis_main_282b0a85bf46906b	discovery	25	41	26	41	-27.5	+	TTGACAGAAAATGCAA	3.2297332286834717
EMB_multiscale_C23	tjupan_bacillus_subtilis_main_edadeeaf4ff7a848	tjupan_bacillus_subtilis_main_edadeeaf4ff7a848	discovery	27	43	28	43	-25.5	+	TTCGAGAAAAATGTTT	3.2307488918304443
EMB_multiscale_C23	tjupan_bacillus_subtilis_main_90a64d4511c49526	dbtbs_bsub_core_90a64d4511c49526	discovery	65	81	66	81	12.5	+	GCCGGAAGAAAAGCCA	3.234401226043701
EMB_multiscale_C23	tjupan_bacillus_subtilis_main_ffb5b3082f8ea0cd	tjupan_bacillus_subtilis_main_ffb5b3082f8ea0cd	discovery	9	25	10	25	-43.5	+	ATCGAGGAAAAGGCTG	3.238792657852173
EMB_multiscale_C23	tjupan_bacillus_subtilis_main_fa23a6db7de139e8	tjupan_bacillus_subtilis_main_fa23a6db7de139e8	discovery	47	63	48	63	-5.5	+	TTAAGATGAAAGAAGA	3.244246244430542
EMB_multiscale_C23	tjupan_bacillus_subtilis_main_1db11a6d86ff5865	tjupan_bacillus_subtilis_main_1db11a6d86ff5865	discovery	57	73	58	73	4.5	+	TGTAAAACAAGAATGA	3.2519240379333496
EMB_multiscale_C23	tjupan_bacillus_subtilis_main_f452c4bef1ed8b92	dbtbs_bsub_core_f452c4bef1ed8b92	discovery	42	58	43	58	-10.5	+	TTCGGGAAATGTAACG	3.2535722255706787
EMB_multiscale_C23	tjupan_bacillus_subtilis_main_ba2dc8596ef2486c	dbtbs_bsub_core_ba2dc8596ef2486c	discovery	34	50	35	50	-18.5	+	GATTGAAGAAAACGGG	3.2580583095550537
EMB_multiscale_C23	tjupan_bacillus_subtilis_main_db51f0e14ca9b6e9	tjupan_bacillus_subtilis_main_db51f0e14ca9b6e9	discovery	17	33	18	33	-35.5	+	TAGAAAAAGTGAAACC	3.2650063037872314
EMB_multiscale_C23	tjupan_bacillus_subtilis_main_e6accdb752f9724f	dbtbs_bsub_core_41815df9927fe319	discovery	62	78	63	78	9.5	+	TGCTGAAAGAAACGAA	3.265277862548828
EMB_multiscale_C23	tjupan_bacillus_subtilis_main_86c973796d10f50f	dbtbs_bsub_core_86c973796d10f50f	discovery	0	16	1	16	-52.5	+	CGGCAGAAAATTGGTT	3.277992010116577
EMB_multiscale_C23	tjupan_bacillus_subtilis_main_3ac22b11e92c0ec1	tjupan_bacillus_subtilis_main_3ac22b11e92c0ec1	discovery	21	37	22	37	-31.5	+	AGACAAGAAAATGGCA	3.280884265899658
EMB_multiscale_C23	tjupan_bacillus_subtilis_main_9571d32ab22eb9a0	dbtbs_bsub_core_9571d32ab22eb9a0	discovery	0	16	1	16	-52.5	+	GACTGAAAGAATCGAT	3.289470911026001
EMB_multiscale_C23	tjupan_bacillus_subtilis_main_666dd7e391a36890	dbtbs_bsub_core_666dd7e391a36890	discovery	31	47	32	47	-21.5	+	TAAAACTGAAAGATGC	3.3187100887298584
EMB_multiscale_C23	tjupan_bacillus_subtilis_main_8265264627414ceb	tjupan_bacillus_subtilis_main_8265264627414ceb	discovery	63	79	64	79	10.5	+	GTCGAAACAAGAAAGG	3.3218209743499756
EMB_multiscale_C23	tjupan_bacillus_subtilis_main_6c11169e185f76df	dbtbs_bsub_core_6c11169e185f76df	discovery	40	56	41	56	-12.5	+	AAAAAAAGGAATAGCC	3.3241212368011475
EMB_multiscale_C23	tjupan_bacillus_subtilis_main_737474f253397bee	tjupan_bacillus_subtilis_main_737474f253397bee	discovery	51	67	52	67	-1.5	+	ATGGGAAAAAGAGACG	3.338477611541748
EMB_multiscale_C23	tjupan_bacillus_subtilis_main_3adf706b5413c6ce	tjupan_bacillus_subtilis_main_3adf706b5413c6ce	discovery	53	69	54	69	0.5	+	CGCTGGAAAAAACATT	3.3549294471740723
EMB_multiscale_C23	tjupan_bacillus_subtilis_main_618f0dc5c0847866	dbtbs_bsub_core_e2f191a04a63a5f0	discovery	12	28	13	28	-40.5	+	ATTCAAAAATGAGAAG	3.35494065284729
EMB_multiscale_C23	tjupan_bacillus_subtilis_main_dbf995194ebf2b2d	dbtbs_bsub_core_dbf995194ebf2b2d	discovery	30	46	31	46	-22.5	+	AAACAAGGTGAAAAAA	3.362438917160034
EMB_multiscale_C23	tjupan_bacillus_subtilis_main_ff62fa3227cb3ab1	dbtbs_bsub_core_f748f853b4ec2056	discovery	64	80	65	80	11.5	+	ATTTGAAGGAAAATTT	3.3732943534851074
EMB_multiscale_C23	tjupan_bacillus_subtilis_main_93b5da0b5f842573	dbtbs_bsub_core_93b5da0b5f842573	discovery	41	57	42	57	-11.5	+	CGCTGGGAAAACTAAC	3.375675916671753
EMB_multiscale_C23	tjupan_bacillus_subtilis_main_ced72b826f4a910f	dbtbs_bsub_core_d1a4fbb8ec4bd212	discovery	36	52	37	52	-16.5	+	ATCAGAAAGGGAAATA	3.383021593093872
EMB_multiscale_C23	tjupan_bacillus_subtilis_main_d33162cb12a5a549	tjupan_bacillus_subtilis_main_d33162cb12a5a549	discovery	54	70	55	70	1.5	+	TAGATCAAAAGAATCT	3.385957717895508
EMB_multiscale_C23	tjupan_bacillus_subtilis_main_e62d7e001687b19a	tjupan_bacillus_subtilis_main_e62d7e001687b19a	discovery	28	44	29	44	-24.5	+	TTTAAAAGAATTGTGA	3.3884992599487305
EMB_multiscale_C23	tjupan_bacillus_subtilis_main_a032a3114b7dbf1c	dbtbs_bsub_core_a032a3114b7dbf1c	discovery	26	42	27	42	-26.5	+	GTAAACAAAATGATTG	3.3898417949676514
EMB_multiscale_C23	tjupan_bacillus_subtilis_main_e326833d29b8752f	dbtbs_bsub_core_e326833d29b8752f	discovery	20	36	21	36	-32.5	+	CGCTGAATAAACGAAG	3.3910634517669678
EMB_multiscale_C23	tjupan_bacillus_subtilis_main_32a70db45859cbb9	dbtbs_bsub_core_32a70db45859cbb9	discovery	65	81	66	81	12.5	+	GTATGCGAAAAGCGAA	3.3929171562194824
EMB_multiscale_C23	tjupan_bacillus_subtilis_main_a723fdca1013c0b5	dbtbs_bsub_core_a723fdca1013c0b5	discovery	55	71	56	71	2.5	+	AAAGAGATAAAAATCG	3.410127639770508
EMB_multiscale_C23	tjupan_bacillus_subtilis_main_43596a46e3e4ddaa	tjupan_bacillus_subtilis_main_43596a46e3e4ddaa	discovery	34	50	35	50	-18.5	+	TTTTAAAAGGAAGAAT	3.4240610599517822
EMB_multiscale_C23	tjupan_bacillus_subtilis_main_ca7144caa797f7bc	dbtbs_bsub_core_ca7144caa797f7bc	discovery	30	46	31	46	-22.5	+	TTTATGAAAACAGGGG	3.430281162261963
EMB_multiscale_C23	tjupan_bacillus_subtilis_main_d9cd9789d0fb01a3	dbtbs_bsub_core_c190339743385950	discovery	19	35	20	35	-33.5	+	GAGTGGAAAAGACAAT	3.436518669128418
EMB_multiscale_C23	tjupan_bacillus_subtilis_main_05b3d931ff35d8e8	dbtbs_bsub_core_05b3d931ff35d8e8	discovery	57	73	58	73	4.5	+	TATGGATAAAAGGGAT	3.438481092453003
EMB_multiscale_C23	tjupan_bacillus_subtilis_main_26786ec6f94b1750	dbtbs_bsub_core_26786ec6f94b1750	discovery	12	28	13	28	-40.5	+	TTCAAAAAAGAGATTG	3.4427428245544434
EMB_multiscale_C23	tjupan_bacillus_subtilis_main_cd161e304d76229d	dbtbs_bsub_core_6d139485f356aaca	discovery	0	16	1	16	-52.5	+	TGAGAAAAACGTGTGA	3.457443952560425
EMB_multiscale_C23	tjupan_bacillus_subtilis_main_5e34c7286340c249	dbtbs_bsub_core_0fedc539a64a99b7	discovery	18	34	19	34	-34.5	+	TGAAAAAGGAATGAAC	3.4575443267822266
EMB_multiscale_C23	tjupan_bacillus_subtilis_main_9361e0f82edaa017	tjupan_bacillus_subtilis_main_9361e0f82edaa017	discovery	36	52	37	52	-16.5	+	CCGGGAAAATGGAAAT	3.4704384803771973
EMB_multiscale_C23	tjupan_bacillus_subtilis_main_f05d30123c592277	dbtbs_bsub_core_f05d30123c592277	discovery	13	29	14	29	-39.5	+	TTTTCAAATGAGAAGG	3.4772727489471436
EMB_multiscale_C23	tjupan_bacillus_subtilis_main_14a46634ed7dcff0	tjupan_bacillus_subtilis_main_14a46634ed7dcff0	discovery	10	26	11	26	-42.5	+	CGCGAATGAAAAAAGT	3.4876887798309326
EMB_multiscale_C23	tjupan_bacillus_subtilis_main_db7eebd0b9425a4f	dbtbs_bsub_core_db7eebd0b9425a4f	discovery	54	70	55	70	1.5	+	ATGATTGAAAGGGGTG	3.4919683933258057
EMB_multiscale_C23	tjupan_bacillus_subtilis_main_64dfe397c07a4656	dbtbs_bsub_core_99013d44fc3df9d1	discovery	25	41	26	41	-27.5	+	AGTCAAAATAAGAGGC	3.5035202503204346
EMB_multiscale_C23	tjupan_bacillus_subtilis_main_8f7d87652de79d90	dbtbs_bsub_core_8f7d87652de79d90	discovery	52	68	53	68	-0.5	+	GAGATAAGAAAAACTT	3.51912784576416
EMB_multiscale_C23	tjupan_bacillus_subtilis_main_e95909bd7e136f46	dbtbs_bsub_core_426aaa712ced5536	discovery	65	81	66	81	12.5	+	ACACTTGAAAAAGGGG	3.5230002403259277
EMB_multiscale_C23	tjupan_bacillus_subtilis_main_48f68d49bf53ea3b	dbtbs_bsub_core_a63e45c266a8243f	discovery	50	66	51	66	-2.5	+	TGATAAAAAGTGATAA	3.5263254642486572
EMB_multiscale_C23	tjupan_bacillus_subtilis_main_5eccf0b4b51999b8	tjupan_bacillus_subtilis_main_5eccf0b4b51999b8	discovery	26	42	27	42	-26.5	+	GCCGGAAAAAGAGGCT	3.5480213165283203
EMB_multiscale_C23	tjupan_bacillus_subtilis_main_a43c85166b962f37	dbtbs_bsub_core_47d2cdeb8a491885	discovery	34	50	35	50	-18.5	+	TTACAGAAAAAGGGGA	3.5579404830932617
EMB_multiscale_C23	tjupan_bacillus_subtilis_main_acb860b1f6674578	dbtbs_bsub_core_f1e6e06788e9c9fd	discovery	13	29	14	29	-39.5	+	AATTAAGAAACAATGA	3.5588507652282715
EMB_multiscale_C23	tjupan_bacillus_subtilis_main_fe2a626ec63a594e	dbtbs_bsub_core_abc060d81660f90c	discovery	18	34	19	34	-34.5	+	ATAACAAAATGAGTAA	3.5643672943115234
EMB_multiscale_C23	tjupan_bacillus_subtilis_main_0ad5dcad37f1ba39	dbtbs_bsub_core_712e4b81f6fdb41a	discovery	14	30	15	30	-38.5	+	AAAAGTAAGAAATGTG	3.5667388439178467
EMB_multiscale_C23	tjupan_bacillus_subtilis_main_7bc9aa9d4ad371af	dbtbs_bsub_core_7bc9aa9d4ad371af	discovery	39	55	40	55	-13.5	+	CAGAAGGCAAAATTAA	3.5801126956939697
EMB_multiscale_C23	tjupan_bacillus_subtilis_main_ef37e7c4f77cfd3f	tjupan_bacillus_subtilis_main_ef37e7c4f77cfd3f	discovery	23	39	24	39	-29.5	+	TATAAAGAAATGGTAC	3.585498332977295
EMB_multiscale_C23	tjupan_bacillus_subtilis_main_eaa75817f87b3088	dbtbs_bsub_core_71c43b52121900cc	discovery	26	42	27	42	-26.5	+	TGGACAGAAAATATTC	3.5859107971191406
EMB_multiscale_C23	tjupan_bacillus_subtilis_main_e1d5408a78fdd1c5	dbtbs_bsub_core_f8ce2fa963a01405	discovery	31	47	32	47	-21.5	+	TTTTGAGAAAATACGA	3.6073532104492188
EMB_multiscale_C23	tjupan_bacillus_subtilis_main_a43a1f032db2e49e	dbtbs_bsub_core_872c1380ac7bb81f	discovery	58	74	59	74	5.5	+	ATAGGAGAAAACTTAC	3.6262989044189453
EMB_multiscale_C23	tjupan_bacillus_subtilis_main_9c67a769132d62d8	dbtbs_bsub_core_1373e064636d6c9b	discovery	33	49	34	49	-19.5	+	TTGGCTGAAAAGGGGT	3.631971836090088
EMB_multiscale_C23	tjupan_bacillus_subtilis_main_7d976c34bed90c97	tjupan_bacillus_subtilis_main_7d976c34bed90c97	discovery	35	51	36	51	-17.5	+	TCTGAAGTAATGAAAT	3.63419508934021
EMB_multiscale_C23	tjupan_bacillus_subtilis_main_4181c9b10d028c59	dbtbs_bsub_core_f859289dc167ed3a	discovery	4	20	5	20	-48.5	+	GGGGAAAAAAGTACTA	3.6449050903320312
EMB_multiscale_C23	tjupan_bacillus_subtilis_main_2b17d905bac0c3bc	dbtbs_bsub_core_2b17d905bac0c3bc	discovery	2	18	3	18	-50.5	+	AAGCAGATCAAAAAAA	3.6483240127563477
EMB_multiscale_C23	tjupan_bacillus_subtilis_main_0d315ab142d66dcc	dbtbs_bsub_core_76d28d1be3f9f514	discovery	51	67	52	67	-1.5	+	GGGCAAAAGAGAAATA	3.6576809883117676
EMB_multiscale_C23	tjupan_bacillus_subtilis_main_256978383d162d01	dbtbs_bsub_core_256978383d162d01	discovery	21	37	22	37	-31.5	+	TATTGAAAAATGAATA	3.658268451690674
EMB_multiscale_C23	tjupan_bacillus_subtilis_main_0ba2ad2fd14630a8	dbtbs_bsub_core_0ba2ad2fd14630a8	discovery	62	78	63	78	9.5	+	TTTGATAAAAGGCTTC	3.6595542430877686
EMB_multiscale_C23	tjupan_bacillus_subtilis_main_754ac4e873f6c24d	tjupan_bacillus_subtilis_main_754ac4e873f6c24d	discovery	7	23	8	23	-45.5	+	GCCTAAAATGAGGTGC	3.70029354095459
EMB_multiscale_C23	tjupan_bacillus_subtilis_main_e0774d83207a7dd7	dbtbs_bsub_core_2b17d905bac0c3bc	discovery	3	19	4	19	-49.5	+	AAGCAGATCAAAAAAA	3.702914237976074
EMB_multiscale_C23	tjupan_bacillus_subtilis_main_2c918744f6daf466	dbtbs_bsub_core_20f77243a5b2c4ab	discovery	20	36	21	36	-32.5	+	AAAAATGAAACCATGG	3.7087252140045166
EMB_multiscale_C23	tjupan_bacillus_subtilis_main_a52148b067c7a32f	tjupan_bacillus_subtilis_main_a52148b067c7a32f	discovery	42	58	43	58	-10.5	+	GATGTAAAGCAAGGTT	3.7091479301452637
EMB_multiscale_C23	tjupan_bacillus_subtilis_main_56bd9deba3d3b9f9	dbtbs_bsub_core_5dd7cccc54d589c3	discovery	53	69	54	69	0.5	+	ATGCGTTGAAAGGAGA	3.7212910652160645
EMB_multiscale_C23	tjupan_bacillus_subtilis_main_5e30b1d213eba695	tjupan_bacillus_subtilis_main_5e30b1d213eba695	discovery	23	39	24	39	-29.5	+	AAGCAATGAAATACAA	3.7637319564819336
EMB_multiscale_C23	tjupan_bacillus_subtilis_main_e4e4a1be67374f28	dbtbs_bsub_core_e4e4a1be67374f28	discovery	4	20	5	20	-48.5	+	TTATTGGAGAAAAATT	3.7697067260742188
EMB_multiscale_C23	tjupan_bacillus_subtilis_main_9a6d97baf1c02d30	dbtbs_bsub_core_9a6d97baf1c02d30	discovery	24	40	25	40	-28.5	+	TTTGACAAAAATGGGC	3.781599521636963
EMB_multiscale_C23	tjupan_bacillus_subtilis_main_2c9e8a462277f7da	dbtbs_bsub_core_f7573fed016c047b	discovery	33	49	34	49	-19.5	+	GTTTGCAAAAGGCATA	3.794613838195801
EMB_multiscale_C23	tjupan_bacillus_subtilis_main_1dc6ad16ab0331f8	tjupan_bacillus_subtilis_main_1dc6ad16ab0331f8	discovery	37	53	38	53	-15.5	+	CAAAAAATGAATAGTC	3.805004358291626
EMB_multiscale_C23	tjupan_bacillus_subtilis_main_ae3d0ab77a583f3f	tjupan_bacillus_subtilis_main_ae3d0ab77a583f3f	discovery	11	27	12	27	-41.5	+	TGAGAAAAAAGACGAA	3.8112852573394775
EMB_multiscale_C23	tjupan_bacillus_subtilis_main_857deea4069ff6ab	tjupan_bacillus_subtilis_main_857deea4069ff6ab	discovery	12	28	13	28	-40.5	+	TCTGAAAAAGATGTTG	3.821775197982788
EMB_multiscale_C23	tjupan_bacillus_subtilis_main_fea876b7208e46e3	dbtbs_bsub_core_fea876b7208e46e3	discovery	21	37	22	37	-31.5	+	CCATGTTGAAAACGCT	3.837766647338867
EMB_multiscale_C23	tjupan_bacillus_subtilis_main_25766be7ede5bd12	tjupan_bacillus_subtilis_main_25766be7ede5bd12	discovery	10	26	11	26	-42.5	+	GGCTGAATGAAAAATT	3.8496782779693604
EMB_multiscale_C23	tjupan_bacillus_subtilis_main_8fa35d24a76b6d72	tjupan_bacillus_subtilis_main_8fa35d24a76b6d72	discovery	51	67	52	67	-1.5	+	ATGATAAGGAAAAAGG	3.850478410720825
EMB_multiscale_C23	tjupan_bacillus_subtilis_main_8bde36b216b3390f	dbtbs_bsub_core_8bde36b216b3390f	discovery	22	38	23	38	-30.5	+	ACTGTGAAGAAATGAT	3.8766732215881348
EMB_multiscale_C23	tjupan_bacillus_subtilis_main_6b5eda10bbc36b27	dbtbs_bsub_core_0d578393adbcde98	discovery	55	71	56	71	2.5	+	TATGAAGCAAGAAGGG	3.878744602203369
EMB_multiscale_C23	tjupan_bacillus_subtilis_main_487ce40a67c6d939	tjupan_bacillus_subtilis_main_487ce40a67c6d939	discovery	60	76	61	76	7.5	+	TAAACGAAAAAAGGGT	3.898076057434082
EMB_multiscale_C23	tjupan_bacillus_subtilis_main_dc1d0e364ea2d865	tjupan_bacillus_subtilis_main_dc1d0e364ea2d865	discovery	49	65	50	65	-3.5	+	ACAATGAGAAAGAATG	3.9148662090301514
EMB_multiscale_C23	tjupan_bacillus_subtilis_main_66846fa14c29dbc1	dbtbs_bsub_core_89ab3601fa8ac055	discovery	65	81	66	81	12.5	+	AATTTTGCAGAAAAAG	3.9268674850463867
EMB_multiscale_C23	tjupan_bacillus_subtilis_main_13f211949a22c74a	dbtbs_bsub_core_bdbae944a25ddfff	discovery	0	16	1	16	-52.5	+	TGTGGAAAAACCGCGA	3.930229902267456
EMB_multiscale_C23	tjupan_bacillus_subtilis_main_bc41d7d0760497f9	dbtbs_bsub_core_bc41d7d0760497f9	discovery	5	21	6	21	-47.5	+	TTCTGGGAAAAACAAT	3.934781789779663
EMB_multiscale_C23	tjupan_bacillus_subtilis_main_eb51fed06d2e921e	dbtbs_bsub_core_3613f20526b705b5	discovery	55	71	56	71	2.5	+	ATGCTGAAAAGGGTTT	3.948928117752075
EMB_multiscale_C23	tjupan_bacillus_subtilis_main_1dc2eb4818f9715a	dbtbs_bsub_core_1dc2eb4818f9715a	discovery	50	66	51	66	-2.5	+	ATGATGAAAAGTACCA	3.9602508544921875
EMB_multiscale_C23	tjupan_bacillus_subtilis_main_3ab27dce0b1876ca	dbtbs_bsub_core_d52b0eed3ebbab2d	discovery	58	74	59	74	5.5	+	TCGAAAAGTAAATCGC	3.962465763092041
EMB_multiscale_C23	tjupan_bacillus_subtilis_main_f246415af5cfc524	dbtbs_bsub_core_f246415af5cfc524	discovery	0	16	1	16	-52.5	+	AACAAAATGAGCGATT	3.9695839881896973
EMB_multiscale_C23	tjupan_bacillus_subtilis_main_4d08fa1f606ad269	tjupan_bacillus_subtilis_main_4d08fa1f606ad269	discovery	43	59	44	59	-9.5	+	CAATGAAAATGAAATA	3.9739582538604736
EMB_multiscale_C23	tjupan_bacillus_subtilis_main_0b7b75ba67f19880	dbtbs_bsub_core_0b7b75ba67f19880	discovery	0	16	1	16	-52.5	+	ATTGAAAAAGCTAAGT	3.9895637035369873
EMB_multiscale_C23	tjupan_bacillus_subtilis_main_517410185d825f3e	tjupan_bacillus_subtilis_main_517410185d825f3e	discovery	57	73	58	73	4.5	+	AGTAAAAAAGGAGGAT	4.039124965667725
EMB_multiscale_C23	tjupan_bacillus_subtilis_main_a0eee3dddaf07ac3	tjupan_bacillus_subtilis_main_a0eee3dddaf07ac3	discovery	55	71	56	71	2.5	+	TCGCTGAAAAAGGGCT	4.045022487640381
EMB_multiscale_C23	tjupan_bacillus_subtilis_main_56fbf5e1ebfb46d1	dbtbs_bsub_core_56fbf5e1ebfb46d1	discovery	7	23	8	23	-45.5	+	TTTCTGAAAAAACGCA	4.04520845413208
EMB_multiscale_C23	tjupan_bacillus_subtilis_main_57cb99253c19d2b6	tjupan_bacillus_subtilis_main_57cb99253c19d2b6	discovery	64	80	65	80	11.5	+	TGATGAAAAATGGTTA	4.068023204803467
EMB_multiscale_C23	tjupan_bacillus_subtilis_main_bebf1b31befd9c3c	dbtbs_bsub_core_bebf1b31befd9c3c	discovery	22	38	23	38	-30.5	+	GGGATGAAACAAAATG	4.083371162414551
EMB_multiscale_C23	tjupan_bacillus_subtilis_main_4059ca0cce5522a4	tjupan_bacillus_subtilis_main_4059ca0cce5522a4	discovery	22	38	23	38	-30.5	+	CACTTGAAATTGGAAG	4.095698833465576
EMB_multiscale_C23	tjupan_bacillus_subtilis_main_5564dcefe2988333	tjupan_bacillus_subtilis_main_5564dcefe2988333	discovery	46	62	47	62	-6.5	+	TGGTATTGAAAAAAGG	4.100879192352295
EMB_multiscale_C23	tjupan_bacillus_subtilis_main_73f2f27ec267a871	dbtbs_bsub_core_77a7b73eeb200478	discovery	14	30	15	30	-38.5	+	CAAAAAAAGTTTGACT	4.1423773765563965
EMB_multiscale_C23	tjupan_bacillus_subtilis_main_c22e62909e814f30	dbtbs_bsub_core_e2251470d219464a	discovery	44	60	45	60	-8.5	+	CAGATAAAATGGGGGC	4.144216537475586
EMB_multiscale_C23	tjupan_bacillus_subtilis_main_76885f00c763f220	dbtbs_bsub_core_07bcce23a89f64fb	discovery	45	61	46	61	-7.5	+	TTAGTAAAATGGAATG	4.151698589324951
EMB_multiscale_C23	tjupan_bacillus_subtilis_main_5b5f9b9ad371b1b0	tjupan_bacillus_subtilis_main_5b5f9b9ad371b1b0	discovery	65	81	66	81	12.5	+	GAAGGATGAAACCGAA	4.157553672790527
EMB_multiscale_C23	tjupan_bacillus_subtilis_main_74de924b5fe0230a	dbtbs_bsub_core_74de924b5fe0230a	discovery	17	33	18	33	-35.5	+	TTTGAAAAAGGGCATG	4.1696248054504395
EMB_multiscale_C23	tjupan_bacillus_subtilis_main_67a8fe9203485bd0	dbtbs_bsub_core_67a8fe9203485bd0	discovery	32	48	33	48	-20.5	+	TTTTCAGAAAAGTGTT	4.178935527801514
EMB_multiscale_C23	tjupan_bacillus_subtilis_main_2330b24ab93e80ef	dbtbs_bsub_core_747f22d2323a8765	discovery	62	78	63	78	9.5	+	AAAAAACAGAAATTCT	4.206139087677002
EMB_multiscale_C23	tjupan_bacillus_subtilis_main_29dff321a99fa8a2	dbtbs_bsub_core_e964a63647aab2c6	discovery	32	48	33	48	-20.5	+	TTCAAACGAAAGGGCC	4.215327262878418
EMB_multiscale_C23	tjupan_bacillus_subtilis_main_b5cc4aad42c9a683	dbtbs_bsub_core_b5cc4aad42c9a683	discovery	11	27	12	27	-41.5	+	CAAAAAAATGGGTCTA	4.252151966094971
EMB_multiscale_C23	tjupan_bacillus_subtilis_main_b592a137eb4c34ff	dbtbs_bsub_core_21353889dec56b85	discovery	31	47	32	47	-21.5	+	AAAAAGAAAATGAGCT	4.26597261428833
EMB_multiscale_C23	tjupan_bacillus_subtilis_main_32aff5c8192321bb	dbtbs_bsub_core_76636d30cbe1eec3	discovery	20	36	21	36	-32.5	+	TTCTGGTCAAAAAATG	4.347477912902832
EMB_multiscale_C23	tjupan_bacillus_subtilis_main_3eb701a469cb4095	tjupan_bacillus_subtilis_main_3eb701a469cb4095	discovery	55	71	56	71	2.5	+	TGGTTAAAAAAGGCGG	4.350495338439941
EMB_multiscale_C23	tjupan_bacillus_subtilis_main_bb68072522710571	dbtbs_bsub_core_bb68072522710571	discovery	23	39	24	39	-29.5	+	GGGCGTGAAAAAAAGC	4.353792190551758
EMB_multiscale_C23	tjupan_bacillus_subtilis_main_ec009cfbae4f5210	dbtbs_bsub_core_ec009cfbae4f5210	discovery	14	30	15	30	-38.5	+	ATAAAAAAGTGTTGAC	4.379134654998779
EMB_multiscale_C23	tjupan_bacillus_subtilis_main_7a6037ae36a0870c	tjupan_bacillus_subtilis_main_7a6037ae36a0870c	discovery	13	29	14	29	-39.5	+	TTCCGGAAAAACGTTT	4.393489837646484
EMB_multiscale_C23	tjupan_bacillus_subtilis_main_67a9ae83c973a42d	tjupan_bacillus_subtilis_main_67a9ae83c973a42d	discovery	64	80	65	80	11.5	+	CATGAAAACAAAGGAG	4.437191486358643
EMB_multiscale_C23	tjupan_bacillus_subtilis_main_92b62a9d8d87ace9	dbtbs_bsub_core_92b62a9d8d87ace9	discovery	57	73	58	73	4.5	+	GCTGATCTGAAAAAAA	4.4378180503845215
EMB_multiscale_C23	tjupan_bacillus_subtilis_main_52931b7eafd9a9b2	dbtbs_bsub_core_324baeb0b4deda5d	discovery	0	16	1	16	-52.5	+	GAGAAAGAAATTTAAG	4.441706657409668
EMB_multiscale_C23	tjupan_bacillus_subtilis_main_7541f607431b8a27	dbtbs_bsub_core_1f38e2f4287dbc6d	discovery	3	19	4	19	-49.5	+	TGAGAGAAAAGCTGAC	4.462602615356445
EMB_multiscale_C23	tjupan_bacillus_subtilis_main_edce5d598636e106	dbtbs_bsub_core_39acf3daf47ccd69	discovery	33	49	34	49	-19.5	+	AAGGTTCAAAAGGTGT	4.470496654510498
EMB_multiscale_C23	tjupan_bacillus_subtilis_main_3270409c742f3314	dbtbs_bsub_core_edd6f2ee95c58508	discovery	11	27	12	27	-41.5	+	TTAAAAAAGTTGTTGA	4.48779296875
EMB_multiscale_C23	tjupan_bacillus_subtilis_main_f5b082fd616807b3	dbtbs_bsub_core_4e960695d4b362e6	discovery	65	81	66	81	12.5	+	CAACAAAAGGAGCTGC	4.521736145019531
EMB_multiscale_C23	tjupan_bacillus_subtilis_main_5ccaab5adb962b3d	dbtbs_bsub_core_483b39fd11d75b28	discovery	6	22	7	22	-46.5	+	CCTGCGGAAAAACCCT	4.602197647094727
EMB_multiscale_C23	tjupan_bacillus_subtilis_main_f6994e5b6245c7bf	tjupan_bacillus_subtilis_main_f6994e5b6245c7bf	discovery	0	16	1	16	-52.5	+	GCAAAAAATCCTGTCG	4.86693000793457
EMB_multiscale_C23	tjupan_bacillus_subtilis_main_78caf7680ac9ae4c	tjupan_bacillus_subtilis_main_78caf7680ac9ae4c	discovery	6	22	7	22	-46.5	+	AAAAAAGGAAACGCGA	4.911252498626709
EMB_multiscale_C23	tjupan_bacillus_subtilis_main_9296390fae4fd68d	tjupan_bacillus_subtilis_main_9296390fae4fd68d	discovery	19	35	20	35	-33.5	+	CCTAATAAAAAGAGAG	5.132318019866943
EMB_multiscale_C23	tjupan_bacillus_subtilis_main_ac1a0a0a579397f6	tjupan_bacillus_subtilis_main_ac1a0a0a579397f6	discovery	0	16	1	16	-52.5	+	GAAAAAAGGAGCTTTC	5.366278171539307
