motif	control	sequence_id	leakage_group	score	present	start1	stop1	strand	center_tss
EMB_onehot_C00	positive	tjupan_bacillus_subtilis_main_089b35a135bf8797	tjupan_bacillus_subtilis_main_089b35a135bf8797	4.027982470826997	False	33	42	-	-23.5
EMB_onehot_C00	positive	tjupan_bacillus_subtilis_main_0b4e887f7ea9c424	dbtbs_bsub_core_0b4e887f7ea9c424	6.8579202774024886	False	57	66	-	0.5
EMB_onehot_C00	positive	tjupan_bacillus_subtilis_main_0dc2e54e8f0778d4	dbtbs_bsub_core_89ecb38b4ff0148f	4.5836136819354545	False	49	58	-	-7.5
EMB_onehot_C00	positive	tjupan_bacillus_subtilis_main_0e5e92df8dafa46f	dbtbs_bsub_core_0e5e92df8dafa46f	5.3458172016966845	False	30	39	-	-26.5
EMB_onehot_C00	positive	tjupan_bacillus_subtilis_main_0fcba0431054cde6	dbtbs_bsub_core_0fcba0431054cde6	10.119739704492488	True	23	32	+	-33.5
EMB_onehot_C00	positive	tjupan_bacillus_subtilis_main_103f2a1ec6daa8c4	dbtbs_bsub_core_103f2a1ec6daa8c4	6.344444915235097	False	64	73	-	7.5
EMB_onehot_C00	positive	tjupan_bacillus_subtilis_main_1b58b9006f9baf4f	dbtbs_bsub_core_1b58b9006f9baf4f	6.1659307818657165	False	27	36	+	-29.5
EMB_onehot_C00	positive	tjupan_bacillus_subtilis_main_1bc60721b4be672c	dbtbs_bsub_core_cb8975beecd17a84	5.317943778462849	False	12	21	-	-44.5
EMB_onehot_C00	positive	tjupan_bacillus_subtilis_main_1eb616e060615c81	tjupan_bacillus_subtilis_main_1eb616e060615c81	7.728039016611551	False	8	17	-	-48.5
EMB_onehot_C00	positive	tjupan_bacillus_subtilis_main_2e3c51df0d86f79b	dbtbs_bsub_core_245b899eb3255120	3.597759379023175	False	51	60	-	-5.5
EMB_onehot_C00	positive	tjupan_bacillus_subtilis_main_2fc6e10224ce632e	dbtbs_bsub_core_2fc6e10224ce632e	8.431815463057184	True	28	37	-	-28.5
EMB_onehot_C00	positive	tjupan_bacillus_subtilis_main_323902b09c4af7f6	dbtbs_bsub_core_bb1d2472f35efe20	7.761522748846074	False	11	20	+	-45.5
EMB_onehot_C00	positive	tjupan_bacillus_subtilis_main_3ec8c178aa138223	tjupan_bacillus_subtilis_main_3ec8c178aa138223	4.103187682998658	False	4	13	-	-52.5
EMB_onehot_C00	positive	tjupan_bacillus_subtilis_main_409ff8a786357eb4	dbtbs_bsub_core_3e3a825c0d09de99	5.87343030161796	False	10	19	-	-46.5
EMB_onehot_C00	positive	tjupan_bacillus_subtilis_main_42074f78c0199323	dbtbs_bsub_core_42074f78c0199323	4.179376281879833	False	3	12	-	-53.5
EMB_onehot_C00	positive	tjupan_bacillus_subtilis_main_42c1909004fe3d73	tjupan_bacillus_subtilis_main_42c1909004fe3d73	6.018681098404671	False	39	48	-	-17.5
EMB_onehot_C00	positive	tjupan_bacillus_subtilis_main_4a95c9a0c8c0dc5d	dbtbs_bsub_core_d38f72abf66add23	5.48065268321071	False	37	46	+	-19.5
EMB_onehot_C00	positive	tjupan_bacillus_subtilis_main_4dd4acc476485632	tjupan_bacillus_subtilis_main_4dd4acc476485632	6.551098506626287	False	35	44	+	-21.5
EMB_onehot_C00	positive	tjupan_bacillus_subtilis_main_5a1a4573de4d55b3	dbtbs_bsub_core_af75962c5aaa60ac	6.395119706275096	False	61	70	+	4.5
EMB_onehot_C00	positive	tjupan_bacillus_subtilis_main_5bcbea22526b97af	dbtbs_bsub_core_2bafb1a73b5c7300	4.127977918722439	False	25	34	-	-31.5
EMB_onehot_C00	positive	tjupan_bacillus_subtilis_main_5c9bf0eab187b5f5	dbtbs_bsub_core_93f240a64705adb6	6.737862607391973	False	58	67	-	1.5
EMB_onehot_C00	positive	tjupan_bacillus_subtilis_main_648aef9dba1f38c4	tjupan_bacillus_subtilis_main_648aef9dba1f38c4	5.550294174532894	False	34	43	+	-22.5
EMB_onehot_C00	positive	tjupan_bacillus_subtilis_main_682dcc155b9eb236	dbtbs_bsub_core_5d3712ff0aeb1916	5.506348713768655	False	59	68	+	2.5
EMB_onehot_C00	positive	tjupan_bacillus_subtilis_main_6cf2c0e47935a8c2	dbtbs_bsub_core_6cf2c0e47935a8c2	8.127052173419482	True	53	62	+	-3.5
EMB_onehot_C00	positive	tjupan_bacillus_subtilis_main_6f5bfd2e001a2697	dbtbs_bsub_core_6f5bfd2e001a2697	6.143660599671408	False	52	61	-	-4.5
EMB_onehot_C00	positive	tjupan_bacillus_subtilis_main_6f6446b7ed912162	dbtbs_bsub_core_6f6446b7ed912162	6.5935451062844495	False	24	33	+	-32.5
EMB_onehot_C00	positive	tjupan_bacillus_subtilis_main_6fc8f7f57b8f5e9d	tjupan_bacillus_subtilis_main_6fc8f7f57b8f5e9d	4.636180077885586	False	25	34	-	-31.5
EMB_onehot_C00	positive	tjupan_bacillus_subtilis_main_72127e86172ad2be	tjupan_bacillus_subtilis_main_72127e86172ad2be	5.430978000904106	False	43	52	+	-13.5
EMB_onehot_C00	positive	tjupan_bacillus_subtilis_main_721ac29c5ef7c9f0	dbtbs_bsub_core_721ac29c5ef7c9f0	7.5681316890203245	False	72	81	-	15.5
EMB_onehot_C00	positive	tjupan_bacillus_subtilis_main_72db3945a2fcac01	tjupan_bacillus_subtilis_main_72db3945a2fcac01	4.325187819693692	False	35	44	+	-21.5
EMB_onehot_C00	positive	tjupan_bacillus_subtilis_main_74379fc21a77213d	tjupan_bacillus_subtilis_main_74379fc21a77213d	6.5270674171443455	False	41	50	+	-15.5
EMB_onehot_C00	positive	tjupan_bacillus_subtilis_main_79220287475133e5	dbtbs_bsub_core_79220287475133e5	10.483944413897017	True	4	13	-	-52.5
EMB_onehot_C00	positive	tjupan_bacillus_subtilis_main_7c407bebf512b5e0	tjupan_bacillus_subtilis_main_7c407bebf512b5e0	6.662285241071032	False	65	74	-	8.5
EMB_onehot_C00	positive	tjupan_bacillus_subtilis_main_824214e197f86545	tjupan_bacillus_subtilis_main_824214e197f86545	4.2720084183747655	False	70	79	+	13.5
EMB_onehot_C00	positive	tjupan_bacillus_subtilis_main_842f97f040946982	tjupan_bacillus_subtilis_main_842f97f040946982	6.355978300493143	False	39	48	-	-17.5
EMB_onehot_C00	positive	tjupan_bacillus_subtilis_main_84cc0835204b8e58	dbtbs_bsub_core_396da27afda34e05	3.8873119165540206	False	39	48	-	-17.5
EMB_onehot_C00	positive	tjupan_bacillus_subtilis_main_89e75db25f32c6c9	dbtbs_bsub_core_66a79c370c059251	4.65791984612663	False	1	10	+	-55.5
EMB_onehot_C00	positive	tjupan_bacillus_subtilis_main_8d9a62a0fbc43019	dbtbs_bsub_core_3348625232a23256	6.5416563410101745	False	7	16	+	-49.5
EMB_onehot_C00	positive	tjupan_bacillus_subtilis_main_8f5b60fc07e381f2	dbtbs_bsub_core_8f5b60fc07e381f2	5.441872333931139	False	23	32	+	-33.5
EMB_onehot_C00	positive	tjupan_bacillus_subtilis_main_93a3a1679c7a73c9	tjupan_bacillus_subtilis_main_93a3a1679c7a73c9	3.703490666194023	False	27	36	-	-29.5
EMB_onehot_C00	positive	tjupan_bacillus_subtilis_main_96c549f1b176b111	tjupan_bacillus_subtilis_main_96c549f1b176b111	8.302558364483943	True	52	61	-	-4.5
EMB_onehot_C00	positive	tjupan_bacillus_subtilis_main_996c93274b7d349e	tjupan_bacillus_subtilis_main_996c93274b7d349e	6.298959226098267	False	51	60	+	-5.5
EMB_onehot_C00	positive	tjupan_bacillus_subtilis_main_9996ea2b61a7fc82	tjupan_bacillus_subtilis_main_9996ea2b61a7fc82	6.8443640802535235	False	52	61	-	-4.5
EMB_onehot_C00	positive	tjupan_bacillus_subtilis_main_a2ab5f161ee68a0a	tjupan_bacillus_subtilis_main_a2ab5f161ee68a0a	5.587573881531489	False	52	61	-	-4.5
EMB_onehot_C00	positive	tjupan_bacillus_subtilis_main_a2bee6d81c2dad89	dbtbs_bsub_core_a2bee6d81c2dad89	7.123363319156189	False	63	72	-	6.5
EMB_onehot_C00	positive	tjupan_bacillus_subtilis_main_a4db17c75fb94c83	dbtbs_bsub_core_8c6f4b9eba960292	9.283044370570954	True	28	37	+	-28.5
EMB_onehot_C00	positive	tjupan_bacillus_subtilis_main_a7eb317986e0a410	tjupan_bacillus_subtilis_main_a7eb317986e0a410	6.546873753544876	False	3	12	+	-53.5
EMB_onehot_C00	positive	tjupan_bacillus_subtilis_main_aaf138e1b23719d3	dbtbs_bsub_core_380666e4ad2529dd	5.7009213278184045	False	6	15	-	-50.5
EMB_onehot_C00	positive	tjupan_bacillus_subtilis_main_af44da9eb65c9b2b	tjupan_bacillus_subtilis_main_af44da9eb65c9b2b	5.6844853158233395	False	17	26	+	-39.5
EMB_onehot_C00	positive	tjupan_bacillus_subtilis_main_b541048ffbe461fc	tjupan_bacillus_subtilis_main_b541048ffbe461fc	5.329081321131044	False	1	10	+	-55.5
EMB_onehot_C00	positive	tjupan_bacillus_subtilis_main_b558e80410906098	dbtbs_bsub_core_b558e80410906098	3.794830083719604	False	19	28	+	-37.5
EMB_onehot_C00	positive	tjupan_bacillus_subtilis_main_b809758bf01da07c	tjupan_bacillus_subtilis_main_b809758bf01da07c	7.0155398973545235	False	51	60	-	-5.5
EMB_onehot_C00	positive	tjupan_bacillus_subtilis_main_b86a1d8c42408cc4	tjupan_bacillus_subtilis_main_b86a1d8c42408cc4	6.740399222522428	False	5	14	-	-51.5
EMB_onehot_C00	positive	tjupan_bacillus_subtilis_main_c7551eecc12a98c1	tjupan_bacillus_subtilis_main_c7551eecc12a98c1	6.0458314281887	False	7	16	-	-49.5
EMB_onehot_C00	positive	tjupan_bacillus_subtilis_main_c897ab6e4a2d8869	tjupan_bacillus_subtilis_main_c897ab6e4a2d8869	5.154411635489318	False	60	69	+	3.5
EMB_onehot_C00	positive	tjupan_bacillus_subtilis_main_cd9626c39ea075d5	dbtbs_bsub_core_cd9626c39ea075d5	4.628101814360743	False	70	79	-	13.5
EMB_onehot_C00	positive	tjupan_bacillus_subtilis_main_cf013234eecd796b	dbtbs_bsub_core_700614a2577d51a9	6.034985782745238	False	33	42	+	-23.5
EMB_onehot_C00	positive	tjupan_bacillus_subtilis_main_d072d578ae627246	tjupan_bacillus_subtilis_main_d072d578ae627246	8.895042879551145	True	36	45	-	-20.5
EMB_onehot_C00	positive	tjupan_bacillus_subtilis_main_d434d749686b9e33	dbtbs_bsub_core_137eff58d766cefa	9.301939178939646	True	21	30	+	-35.5
EMB_onehot_C00	positive	tjupan_bacillus_subtilis_main_d75f323535d0e96f	tjupan_bacillus_subtilis_main_d75f323535d0e96f	5.9385599316457345	False	53	62	-	-3.5
EMB_onehot_C00	positive	tjupan_bacillus_subtilis_main_d94f791dab569af4	dbtbs_bsub_core_e72b843a494a35db	7.99446813385456	False	36	45	-	-20.5
EMB_onehot_C00	positive	tjupan_bacillus_subtilis_main_dc95e7cdf3939931	dbtbs_bsub_core_dc95e7cdf3939931	5.181346525722952	False	58	67	-	1.5
EMB_onehot_C00	positive	tjupan_bacillus_subtilis_main_dda9e4c6372ef204	dbtbs_bsub_core_50819f6cb2562fd8	8.260751322689526	True	24	33	+	-32.5
EMB_onehot_C00	positive	tjupan_bacillus_subtilis_main_e51e63a9cb3e9467	dbtbs_bsub_core_bb482769c888cf21	5.9119905393158865	False	72	81	-	15.5
EMB_onehot_C00	positive	tjupan_bacillus_subtilis_main_e7e17b10ff25536a	tjupan_bacillus_subtilis_main_1eb616e060615c81	7.728039016611551	False	11	20	-	-45.5
EMB_onehot_C00	positive	tjupan_bacillus_subtilis_main_f2d1e33176b05430	dbtbs_bsub_core_f2d1e33176b05430	3.905372059724166	False	36	45	+	-20.5
EMB_onehot_C00	positive	tjupan_bacillus_subtilis_main_fe854ef781d570c9	dbtbs_bsub_core_79142b70125d7f77	4.777414180159695	False	7	16	-	-49.5
EMB_onehot_C00	natural	tjupan_bacillus_subtilis_main_01f49032fc924b2b	tjupan_bacillus_subtilis_main_01f49032fc924b2b	7.160565720556628	False	49	58	-	-7.5
EMB_onehot_C00	natural	tjupan_bacillus_subtilis_main_0369fa5f1dde8889	tjupan_bacillus_subtilis_main_0369fa5f1dde8889	5.359395638590524	False	64	73	-	7.5
EMB_onehot_C00	natural	tjupan_bacillus_subtilis_main_04bf0704019251eb	tjupan_bacillus_subtilis_main_04bf0704019251eb	3.7435750712906635	False	38	47	+	-18.5
EMB_onehot_C00	natural	tjupan_bacillus_subtilis_main_07a43cab15901fd0	tjupan_bacillus_subtilis_main_07a43cab15901fd0	5.460604752956744	False	45	54	-	-11.5
EMB_onehot_C00	natural	tjupan_bacillus_subtilis_main_0abf62f108ad9afa	tjupan_bacillus_subtilis_main_0abf62f108ad9afa	8.236590899911079	True	31	40	-	-25.5
EMB_onehot_C00	natural	tjupan_bacillus_subtilis_main_10a028761e096e6f	tjupan_bacillus_subtilis_main_10a028761e096e6f	4.998324235864553	False	36	45	+	-20.5
EMB_onehot_C00	natural	tjupan_bacillus_subtilis_main_1183c551e9c3884e	tjupan_bacillus_subtilis_main_1183c551e9c3884e	7.421880000609262	False	3	12	+	-53.5
EMB_onehot_C00	natural	tjupan_bacillus_subtilis_main_11c75fe7d070d91d	tjupan_bacillus_subtilis_main_11c75fe7d070d91d	5.277544977484036	False	19	28	-	-37.5
EMB_onehot_C00	natural	tjupan_bacillus_subtilis_main_13f81edc59432f39	tjupan_bacillus_subtilis_main_13f81edc59432f39	6.656867962449129	False	6	15	-	-50.5
EMB_onehot_C00	natural	tjupan_bacillus_subtilis_main_1a1965c69595e91c	tjupan_bacillus_subtilis_main_1a1965c69595e91c	6.946988178507569	False	13	22	-	-43.5
EMB_onehot_C00	natural	tjupan_bacillus_subtilis_main_28ceb7fd6ffaf1b1	tjupan_bacillus_subtilis_main_28ceb7fd6ffaf1b1	6.1364260605549195	False	16	25	-	-40.5
EMB_onehot_C00	natural	tjupan_bacillus_subtilis_main_2a691ccdd9f8cd87	tjupan_bacillus_subtilis_main_2a691ccdd9f8cd87	4.448415459319617	False	66	75	-	9.5
EMB_onehot_C00	natural	tjupan_bacillus_subtilis_main_3095b00d206277d2	tjupan_bacillus_subtilis_main_3095b00d206277d2	3.7416593916454026	False	13	22	-	-43.5
EMB_onehot_C00	natural	tjupan_bacillus_subtilis_main_33ded6bc702ab6e3	tjupan_bacillus_subtilis_main_33ded6bc702ab6e3	4.9293843209937	False	11	20	+	-45.5
EMB_onehot_C00	natural	tjupan_bacillus_subtilis_main_3b669bfd8e8ecc5c	tjupan_bacillus_subtilis_main_3b669bfd8e8ecc5c	8.185628647654534	True	65	74	-	8.5
EMB_onehot_C00	natural	tjupan_bacillus_subtilis_main_3dfed0cfea4ace99	tjupan_bacillus_subtilis_main_3dfed0cfea4ace99	3.404245888743593	False	10	19	+	-46.5
EMB_onehot_C00	natural	tjupan_bacillus_subtilis_main_3f82397c249b4c2e	tjupan_bacillus_subtilis_main_3f82397c249b4c2e	6.05628364496093	False	15	24	+	-41.5
EMB_onehot_C00	natural	tjupan_bacillus_subtilis_main_413de94f4b4cc894	tjupan_bacillus_subtilis_main_413de94f4b4cc894	6.7153973377922025	False	11	20	-	-45.5
EMB_onehot_C00	natural	tjupan_bacillus_subtilis_main_4225dc5bcf089682	tjupan_bacillus_subtilis_main_4225dc5bcf089682	5.728027652012835	False	40	49	-	-16.5
EMB_onehot_C00	natural	tjupan_bacillus_subtilis_main_43e8357a95b8acad	tjupan_bacillus_subtilis_main_43e8357a95b8acad	3.9802556722650646	False	53	62	+	-3.5
EMB_onehot_C00	natural	tjupan_bacillus_subtilis_main_44b9e66950262593	tjupan_bacillus_subtilis_main_44b9e66950262593	5.069372981201408	False	13	22	+	-43.5
EMB_onehot_C00	natural	tjupan_bacillus_subtilis_main_4600103c5e396ab7	tjupan_bacillus_subtilis_main_4600103c5e396ab7	5.330170490839972	False	5	14	-	-51.5
EMB_onehot_C00	natural	tjupan_bacillus_subtilis_main_47b01646ad818f05	tjupan_bacillus_subtilis_main_47b01646ad818f05	5.294697926834263	False	34	43	-	-22.5
EMB_onehot_C00	natural	tjupan_bacillus_subtilis_main_47f3a0ce2d4034a8	tjupan_bacillus_subtilis_main_47f3a0ce2d4034a8	6.4832040522444725	False	18	27	-	-38.5
EMB_onehot_C00	natural	tjupan_bacillus_subtilis_main_4c62636643ef908e	tjupan_bacillus_subtilis_main_4c62636643ef908e	9.047008042878998	True	26	35	-	-30.5
EMB_onehot_C00	natural	tjupan_bacillus_subtilis_main_4ec6f242d8a5df5c	tjupan_bacillus_subtilis_main_4ec6f242d8a5df5c	4.675687040107528	False	29	38	+	-27.5
EMB_onehot_C00	natural	tjupan_bacillus_subtilis_main_4efdcab552f8b70d	tjupan_bacillus_subtilis_main_4efdcab552f8b70d	7.865685275100077	False	30	39	+	-26.5
EMB_onehot_C00	natural	tjupan_bacillus_subtilis_main_51577d89c939deba	tjupan_bacillus_subtilis_main_51577d89c939deba	4.780756228514585	False	64	73	-	7.5
EMB_onehot_C00	natural	tjupan_bacillus_subtilis_main_52bff7f8e27d9410	tjupan_bacillus_subtilis_main_52bff7f8e27d9410	4.855084362955015	False	63	72	-	6.5
EMB_onehot_C00	natural	tjupan_bacillus_subtilis_main_59901c21c497690b	tjupan_bacillus_subtilis_main_59901c21c497690b	8.115968951490219	False	69	78	-	12.5
EMB_onehot_C00	natural	tjupan_bacillus_subtilis_main_5f953d4f57c1fa81	tjupan_bacillus_subtilis_main_5f953d4f57c1fa81	4.077509834508616	False	62	71	-	5.5
EMB_onehot_C00	natural	tjupan_bacillus_subtilis_main_669f9a1f1028b036	tjupan_bacillus_subtilis_main_669f9a1f1028b036	2.0458613827450476	False	28	37	+	-28.5
EMB_onehot_C00	natural	tjupan_bacillus_subtilis_main_69dc5d058d63d549	tjupan_bacillus_subtilis_main_69dc5d058d63d549	2.1708172583241145	False	66	75	-	9.5
EMB_onehot_C00	natural	tjupan_bacillus_subtilis_main_6cfe0a7e178b1651	tjupan_bacillus_subtilis_main_6cfe0a7e178b1651	6.030534240329745	False	53	62	-	-3.5
EMB_onehot_C00	natural	tjupan_bacillus_subtilis_main_705ab5e790a4610d	tjupan_bacillus_subtilis_main_705ab5e790a4610d	6.044281688058621	False	21	30	+	-35.5
EMB_onehot_C00	natural	tjupan_bacillus_subtilis_main_71852833d33a5887	tjupan_bacillus_subtilis_main_71852833d33a5887	7.789225003888803	False	18	27	+	-38.5
EMB_onehot_C00	natural	tjupan_bacillus_subtilis_main_76c86d1f05ca1d88	tjupan_bacillus_subtilis_main_76c86d1f05ca1d88	7.273386850169211	False	63	72	-	6.5
EMB_onehot_C00	natural	tjupan_bacillus_subtilis_main_777d2d2586a95fbc	tjupan_bacillus_subtilis_main_777d2d2586a95fbc	5.468574191739851	False	2	11	-	-54.5
EMB_onehot_C00	natural	tjupan_bacillus_subtilis_main_7c99b9a8665786aa	tjupan_bacillus_subtilis_main_7c99b9a8665786aa	4.792718319658647	False	61	70	-	4.5
EMB_onehot_C00	natural	tjupan_bacillus_subtilis_main_82f0003647ec7740	tjupan_bacillus_subtilis_main_82f0003647ec7740	8.790708693344262	True	29	38	+	-27.5
EMB_onehot_C00	natural	tjupan_bacillus_subtilis_main_8a9952e5dc8e0bd1	tjupan_bacillus_subtilis_main_8a9952e5dc8e0bd1	5.079301376881784	False	39	48	-	-17.5
EMB_onehot_C00	natural	tjupan_bacillus_subtilis_main_8c2afb751c3f9d92	tjupan_bacillus_subtilis_main_8c2afb751c3f9d92	8.955025906884346	True	62	71	-	5.5
EMB_onehot_C00	natural	tjupan_bacillus_subtilis_main_8e1b3c58365d2bbd	tjupan_bacillus_subtilis_main_8e1b3c58365d2bbd	6.262937236352119	False	57	66	-	0.5
EMB_onehot_C00	natural	tjupan_bacillus_subtilis_main_906140fe2a990d8e	tjupan_bacillus_subtilis_main_906140fe2a990d8e	6.994879092039165	False	65	74	-	8.5
EMB_onehot_C00	natural	tjupan_bacillus_subtilis_main_94dbc17f3078c678	tjupan_bacillus_subtilis_main_94dbc17f3078c678	4.718687336346999	False	31	40	+	-25.5
EMB_onehot_C00	natural	tjupan_bacillus_subtilis_main_9bf1d28c9aae3b2e	tjupan_bacillus_subtilis_main_9bf1d28c9aae3b2e	3.8148533195732046	False	45	54	-	-11.5
EMB_onehot_C00	natural	tjupan_bacillus_subtilis_main_9cc8f38cff175da4	tjupan_bacillus_subtilis_main_9cc8f38cff175da4	4.004188486086343	False	6	15	-	-50.5
EMB_onehot_C00	natural	tjupan_bacillus_subtilis_main_9cceb700e3527301	tjupan_bacillus_subtilis_main_9cceb700e3527301	3.8858979635140987	False	40	49	-	-16.5
EMB_onehot_C00	natural	tjupan_bacillus_subtilis_main_9d0345f875b7552c	tjupan_bacillus_subtilis_main_9d0345f875b7552c	4.036228857479085	False	5	14	+	-51.5
EMB_onehot_C00	natural	tjupan_bacillus_subtilis_main_a3fedb31fa6cc84b	tjupan_bacillus_subtilis_main_a3fedb31fa6cc84b	3.927299748717889	False	38	47	+	-18.5
EMB_onehot_C00	natural	tjupan_bacillus_subtilis_main_a54e7006d4699b67	tjupan_bacillus_subtilis_main_a54e7006d4699b67	7.6238568021443	False	55	64	-	-1.5
EMB_onehot_C00	natural	tjupan_bacillus_subtilis_main_aaa45c891936f972	tjupan_bacillus_subtilis_main_aaa45c891936f972	4.983551983347439	False	7	16	+	-49.5
EMB_onehot_C00	natural	tjupan_bacillus_subtilis_main_aec3d55ae2f9e509	tjupan_bacillus_subtilis_main_aec3d55ae2f9e509	6.243903368838071	False	30	39	+	-26.5
EMB_onehot_C00	natural	tjupan_bacillus_subtilis_main_b0b9cfd1b442c029	tjupan_bacillus_subtilis_main_b0b9cfd1b442c029	7.5009116090214745	False	39	48	-	-17.5
EMB_onehot_C00	natural	tjupan_bacillus_subtilis_main_b161f4572a371b25	tjupan_bacillus_subtilis_main_b161f4572a371b25	8.928036836456727	True	70	79	-	13.5
EMB_onehot_C00	natural	tjupan_bacillus_subtilis_main_b3e87bd1af1ccb1a	tjupan_bacillus_subtilis_main_b3e87bd1af1ccb1a	5.153644270680222	False	18	27	+	-38.5
EMB_onehot_C00	natural	tjupan_bacillus_subtilis_main_b5ddce4bc0328e2c	tjupan_bacillus_subtilis_main_b5ddce4bc0328e2c	9.181584357800348	True	42	51	-	-14.5
EMB_onehot_C00	natural	tjupan_bacillus_subtilis_main_b9d7835496546020	tjupan_bacillus_subtilis_main_b9d7835496546020	5.184933955526798	False	65	74	-	8.5
EMB_onehot_C00	natural	tjupan_bacillus_subtilis_main_bd36aa35d4edeb39	tjupan_bacillus_subtilis_main_bd36aa35d4edeb39	6.067445545924453	False	4	13	+	-52.5
EMB_onehot_C00	natural	tjupan_bacillus_subtilis_main_c24b04311bf8b4bf	tjupan_bacillus_subtilis_main_c24b04311bf8b4bf	4.281715144218293	False	25	34	-	-31.5
EMB_onehot_C00	natural	tjupan_bacillus_subtilis_main_c981e3412d58013c	tjupan_bacillus_subtilis_main_c981e3412d58013c	5.733374208894071	False	7	16	+	-49.5
EMB_onehot_C00	natural	tjupan_bacillus_subtilis_main_cbe667645cefe255	tjupan_bacillus_subtilis_main_cbe667645cefe255	6.658826908233401	False	66	75	-	9.5
EMB_onehot_C00	natural	tjupan_bacillus_subtilis_main_ced7dfa7b2671e00	tjupan_bacillus_subtilis_main_ced7dfa7b2671e00	8.955025906884346	True	57	66	+	0.5
EMB_onehot_C00	natural	tjupan_bacillus_subtilis_main_d14a8947b06ae361	tjupan_bacillus_subtilis_main_d14a8947b06ae361	5.772221351150392	False	7	16	-	-49.5
EMB_onehot_C00	natural	tjupan_bacillus_subtilis_main_dd7d0f632ba9b25f	tjupan_bacillus_subtilis_main_dd7d0f632ba9b25f	7.293247966474167	False	8	17	-	-48.5
EMB_onehot_C00	natural	tjupan_bacillus_subtilis_main_deeb9c19c390dc19	tjupan_bacillus_subtilis_main_deeb9c19c390dc19	4.00365879433415	False	33	42	-	-23.5
EMB_onehot_C00	natural	tjupan_bacillus_subtilis_main_dfdf3a9a774b0b36	tjupan_bacillus_subtilis_main_dfdf3a9a774b0b36	4.671089440514171	False	13	22	+	-43.5
EMB_onehot_C00	natural	tjupan_bacillus_subtilis_main_e05a9847e20fa44f	tjupan_bacillus_subtilis_main_e05a9847e20fa44f	7.611007737060433	False	2	11	+	-54.5
EMB_onehot_C00	natural	tjupan_bacillus_subtilis_main_e09693162cd1efc7	tjupan_bacillus_subtilis_main_e09693162cd1efc7	3.145275016800843	False	68	77	-	11.5
EMB_onehot_C00	natural	tjupan_bacillus_subtilis_main_e1df7768894b7e64	tjupan_bacillus_subtilis_main_e1df7768894b7e64	5.747114619868622	False	40	49	+	-16.5
EMB_onehot_C00	natural	tjupan_bacillus_subtilis_main_e4935e5203d5f4a1	tjupan_bacillus_subtilis_main_e4935e5203d5f4a1	2.406803019803908	False	23	32	+	-33.5
EMB_onehot_C00	natural	tjupan_bacillus_subtilis_main_e71258c4630ccafd	tjupan_bacillus_subtilis_main_e71258c4630ccafd	5.62499985710571	False	33	42	+	-23.5
EMB_onehot_C00	natural	tjupan_bacillus_subtilis_main_ea6abbc438ac2020	tjupan_bacillus_subtilis_main_ea6abbc438ac2020	6.218332042004616	False	70	79	+	13.5
EMB_onehot_C00	natural	tjupan_bacillus_subtilis_main_ede46bd107484afd	tjupan_bacillus_subtilis_main_ede46bd107484afd	6.564882326006561	False	71	80	+	14.5
EMB_onehot_C00	natural	tjupan_bacillus_subtilis_main_f0317abbf46a2fa8	tjupan_bacillus_subtilis_main_f0317abbf46a2fa8	8.062008441177271	False	35	44	-	-21.5
EMB_onehot_C00	natural	tjupan_bacillus_subtilis_main_fe9f961ad53aca80	tjupan_bacillus_subtilis_main_fe9f961ad53aca80	6.1659307818657165	False	55	64	-	-1.5
EMB_onehot_C00	natural	tjupan_bacillus_subtilis_main_fffb0162887a3736	tjupan_bacillus_subtilis_main_fffb0162887a3736	6.0430665185773105	False	32	41	+	-24.5
EMB_onehot_C00	shuffle	tjupan_bacillus_subtilis_main_0dc2e54e8f0778d4__dinucleotide_null	dbtbs_bsub_core_89ecb38b4ff0148f	7.361478097629133	False	6	15	+	-50.5
EMB_onehot_C00	shuffle	tjupan_bacillus_subtilis_main_682dcc155b9eb236__dinucleotide_null	dbtbs_bsub_core_5d3712ff0aeb1916	7.081452337859091	False	44	53	+	-12.5
EMB_onehot_C00	shuffle	tjupan_bacillus_subtilis_main_f2d1e33176b05430__dinucleotide_null	dbtbs_bsub_core_f2d1e33176b05430	6.195042781970305	False	46	55	+	-10.5
EMB_onehot_C00	shuffle	tjupan_bacillus_subtilis_main_c7551eecc12a98c1__dinucleotide_null	tjupan_bacillus_subtilis_main_c7551eecc12a98c1	7.900537320947542	False	57	66	-	0.5
EMB_onehot_C00	shuffle	tjupan_bacillus_subtilis_main_89e75db25f32c6c9__dinucleotide_null	dbtbs_bsub_core_66a79c370c059251	8.748017103360288	True	66	75	-	9.5
EMB_onehot_C00	shuffle	tjupan_bacillus_subtilis_main_9996ea2b61a7fc82__dinucleotide_null	tjupan_bacillus_subtilis_main_9996ea2b61a7fc82	4.752871377496627	False	37	46	+	-19.5
EMB_onehot_C00	shuffle	tjupan_bacillus_subtilis_main_b86a1d8c42408cc4__dinucleotide_null	tjupan_bacillus_subtilis_main_b86a1d8c42408cc4	6.661755694687192	False	14	23	-	-42.5
EMB_onehot_C00	shuffle	tjupan_bacillus_subtilis_main_79220287475133e5__dinucleotide_null	dbtbs_bsub_core_79220287475133e5	5.729490935515669	False	32	41	-	-24.5
EMB_onehot_C00	shuffle	tjupan_bacillus_subtilis_main_a2bee6d81c2dad89__dinucleotide_null	dbtbs_bsub_core_a2bee6d81c2dad89	2.7663626452378276	False	11	20	-	-45.5
EMB_onehot_C00	shuffle	tjupan_bacillus_subtilis_main_103f2a1ec6daa8c4__dinucleotide_null	dbtbs_bsub_core_103f2a1ec6daa8c4	5.252138219938425	False	49	58	+	-7.5
EMB_onehot_C00	shuffle	tjupan_bacillus_subtilis_main_996c93274b7d349e__dinucleotide_null	tjupan_bacillus_subtilis_main_996c93274b7d349e	5.662081138088999	False	69	78	+	12.5
EMB_onehot_C00	shuffle	tjupan_bacillus_subtilis_main_7c407bebf512b5e0__dinucleotide_null	tjupan_bacillus_subtilis_main_7c407bebf512b5e0	5.276199665743885	False	29	38	-	-27.5
EMB_onehot_C00	shuffle	tjupan_bacillus_subtilis_main_842f97f040946982__dinucleotide_null	tjupan_bacillus_subtilis_main_842f97f040946982	5.510875717119177	False	55	64	+	-1.5
EMB_onehot_C00	shuffle	tjupan_bacillus_subtilis_main_42c1909004fe3d73__dinucleotide_null	tjupan_bacillus_subtilis_main_42c1909004fe3d73	7.030280529603109	False	23	32	+	-33.5
EMB_onehot_C00	shuffle	tjupan_bacillus_subtilis_main_42074f78c0199323__dinucleotide_null	dbtbs_bsub_core_42074f78c0199323	5.026033336183273	False	16	25	+	-40.5
EMB_onehot_C00	shuffle	tjupan_bacillus_subtilis_main_72127e86172ad2be__dinucleotide_null	tjupan_bacillus_subtilis_main_72127e86172ad2be	6.571003366151098	False	65	74	+	8.5
EMB_onehot_C00	shuffle	tjupan_bacillus_subtilis_main_d072d578ae627246__dinucleotide_null	tjupan_bacillus_subtilis_main_d072d578ae627246	6.0679492247040105	False	50	59	-	-6.5
EMB_onehot_C00	shuffle	tjupan_bacillus_subtilis_main_a2ab5f161ee68a0a__dinucleotide_null	tjupan_bacillus_subtilis_main_a2ab5f161ee68a0a	5.527686602688642	False	67	76	-	10.5
EMB_onehot_C00	shuffle	tjupan_bacillus_subtilis_main_3ec8c178aa138223__dinucleotide_null	tjupan_bacillus_subtilis_main_3ec8c178aa138223	3.018567844704023	False	6	15	+	-50.5
EMB_onehot_C00	shuffle	tjupan_bacillus_subtilis_main_824214e197f86545__dinucleotide_null	tjupan_bacillus_subtilis_main_824214e197f86545	3.1228978945218397	False	39	48	+	-17.5
EMB_onehot_C00	shuffle	tjupan_bacillus_subtilis_main_721ac29c5ef7c9f0__dinucleotide_null	dbtbs_bsub_core_721ac29c5ef7c9f0	5.479638555209783	False	52	61	-	-4.5
EMB_onehot_C00	shuffle	tjupan_bacillus_subtilis_main_a7eb317986e0a410__dinucleotide_null	tjupan_bacillus_subtilis_main_a7eb317986e0a410	4.972404198726832	False	30	39	-	-26.5
EMB_onehot_C00	shuffle	tjupan_bacillus_subtilis_main_6cf2c0e47935a8c2__dinucleotide_null	dbtbs_bsub_core_6cf2c0e47935a8c2	6.626907637889988	False	7	16	-	-49.5
EMB_onehot_C00	shuffle	tjupan_bacillus_subtilis_main_cd9626c39ea075d5__dinucleotide_null	dbtbs_bsub_core_cd9626c39ea075d5	6.821480251939738	False	30	39	-	-26.5
EMB_onehot_C00	shuffle	tjupan_bacillus_subtilis_main_4a95c9a0c8c0dc5d__dinucleotide_null	dbtbs_bsub_core_d38f72abf66add23	5.8967229695012096	False	63	72	-	6.5
EMB_onehot_C00	shuffle	tjupan_bacillus_subtilis_main_323902b09c4af7f6__dinucleotide_null	dbtbs_bsub_core_bb1d2472f35efe20	4.144078636764581	False	63	72	-	6.5
EMB_onehot_C00	shuffle	tjupan_bacillus_subtilis_main_dda9e4c6372ef204__dinucleotide_null	dbtbs_bsub_core_50819f6cb2562fd8	6.503342191670207	False	10	19	+	-46.5
EMB_onehot_C00	shuffle	tjupan_bacillus_subtilis_main_6fc8f7f57b8f5e9d__dinucleotide_null	tjupan_bacillus_subtilis_main_6fc8f7f57b8f5e9d	7.336199973129906	False	6	15	-	-50.5
EMB_onehot_C00	shuffle	tjupan_bacillus_subtilis_main_84cc0835204b8e58__dinucleotide_null	dbtbs_bsub_core_396da27afda34e05	5.105918154720533	False	72	81	-	15.5
EMB_onehot_C00	shuffle	tjupan_bacillus_subtilis_main_c897ab6e4a2d8869__dinucleotide_null	tjupan_bacillus_subtilis_main_c897ab6e4a2d8869	7.2401125950214205	False	11	20	+	-45.5
EMB_onehot_C00	shuffle	tjupan_bacillus_subtilis_main_1b58b9006f9baf4f__dinucleotide_null	dbtbs_bsub_core_1b58b9006f9baf4f	4.936616142668397	False	42	51	-	-14.5
EMB_onehot_C00	shuffle	tjupan_bacillus_subtilis_main_5bcbea22526b97af__dinucleotide_null	dbtbs_bsub_core_2bafb1a73b5c7300	4.764740556179525	False	16	25	-	-40.5
EMB_onehot_C00	shuffle	tjupan_bacillus_subtilis_main_e51e63a9cb3e9467__dinucleotide_null	dbtbs_bsub_core_bb482769c888cf21	4.482404731467887	False	33	42	+	-23.5
EMB_onehot_C00	shuffle	tjupan_bacillus_subtilis_main_b558e80410906098__dinucleotide_null	dbtbs_bsub_core_b558e80410906098	7.874324176175453	False	15	24	-	-41.5
EMB_onehot_C00	shuffle	tjupan_bacillus_subtilis_main_dc95e7cdf3939931__dinucleotide_null	dbtbs_bsub_core_dc95e7cdf3939931	6.007935728911495	False	67	76	-	10.5
EMB_onehot_C00	shuffle	tjupan_bacillus_subtilis_main_cf013234eecd796b__dinucleotide_null	dbtbs_bsub_core_700614a2577d51a9	7.17641032031907	False	6	15	+	-50.5
EMB_onehot_C00	shuffle	tjupan_bacillus_subtilis_main_b541048ffbe461fc__dinucleotide_null	tjupan_bacillus_subtilis_main_b541048ffbe461fc	7.110855496448179	False	53	62	+	-3.5
EMB_onehot_C00	shuffle	tjupan_bacillus_subtilis_main_0b4e887f7ea9c424__dinucleotide_null	dbtbs_bsub_core_0b4e887f7ea9c424	5.529000599260145	False	28	37	-	-28.5
EMB_onehot_C00	shuffle	tjupan_bacillus_subtilis_main_93a3a1679c7a73c9__dinucleotide_null	tjupan_bacillus_subtilis_main_93a3a1679c7a73c9	4.9337539157557915	False	66	75	+	9.5
EMB_onehot_C00	shuffle	tjupan_bacillus_subtilis_main_e7e17b10ff25536a__dinucleotide_null	tjupan_bacillus_subtilis_main_1eb616e060615c81	7.258955789760057	False	71	80	+	14.5
EMB_onehot_C00	shuffle	tjupan_bacillus_subtilis_main_d94f791dab569af4__dinucleotide_null	dbtbs_bsub_core_e72b843a494a35db	7.853458562722955	False	4	13	-	-52.5
EMB_onehot_C00	shuffle	tjupan_bacillus_subtilis_main_d75f323535d0e96f__dinucleotide_null	tjupan_bacillus_subtilis_main_d75f323535d0e96f	6.400227290317293	False	35	44	+	-21.5
EMB_onehot_C00	shuffle	tjupan_bacillus_subtilis_main_74379fc21a77213d__dinucleotide_null	tjupan_bacillus_subtilis_main_74379fc21a77213d	9.452454190725287	True	43	52	+	-13.5
EMB_onehot_C00	shuffle	tjupan_bacillus_subtilis_main_6f5bfd2e001a2697__dinucleotide_null	dbtbs_bsub_core_6f5bfd2e001a2697	5.534600942593316	False	3	12	-	-53.5
EMB_onehot_C00	shuffle	tjupan_bacillus_subtilis_main_1eb616e060615c81__dinucleotide_null	tjupan_bacillus_subtilis_main_1eb616e060615c81	4.711782757615351	False	8	17	+	-48.5
EMB_onehot_C00	shuffle	tjupan_bacillus_subtilis_main_409ff8a786357eb4__dinucleotide_null	dbtbs_bsub_core_3e3a825c0d09de99	6.358252835445776	False	44	53	-	-12.5
EMB_onehot_C00	shuffle	tjupan_bacillus_subtilis_main_1bc60721b4be672c__dinucleotide_null	dbtbs_bsub_core_cb8975beecd17a84	4.410198134402199	False	16	25	+	-40.5
EMB_onehot_C00	shuffle	tjupan_bacillus_subtilis_main_af44da9eb65c9b2b__dinucleotide_null	tjupan_bacillus_subtilis_main_af44da9eb65c9b2b	5.772221351150392	False	9	18	-	-47.5
EMB_onehot_C00	shuffle	tjupan_bacillus_subtilis_main_8f5b60fc07e381f2__dinucleotide_null	dbtbs_bsub_core_8f5b60fc07e381f2	6.0235563542567725	False	33	42	-	-23.5
EMB_onehot_C00	shuffle	tjupan_bacillus_subtilis_main_5c9bf0eab187b5f5__dinucleotide_null	dbtbs_bsub_core_93f240a64705adb6	6.358252835445776	False	26	35	-	-30.5
EMB_onehot_C00	shuffle	tjupan_bacillus_subtilis_main_aaf138e1b23719d3__dinucleotide_null	dbtbs_bsub_core_380666e4ad2529dd	6.829844743386623	False	59	68	-	2.5
EMB_onehot_C00	shuffle	tjupan_bacillus_subtilis_main_0fcba0431054cde6__dinucleotide_null	dbtbs_bsub_core_0fcba0431054cde6	5.323857940377178	False	41	50	-	-15.5
EMB_onehot_C00	shuffle	tjupan_bacillus_subtilis_main_6f6446b7ed912162__dinucleotide_null	dbtbs_bsub_core_6f6446b7ed912162	5.482303083550418	False	39	48	+	-17.5
EMB_onehot_C00	shuffle	tjupan_bacillus_subtilis_main_d434d749686b9e33__dinucleotide_null	dbtbs_bsub_core_137eff58d766cefa	7.902209027193411	False	46	55	+	-10.5
EMB_onehot_C00	shuffle	tjupan_bacillus_subtilis_main_96c549f1b176b111__dinucleotide_null	tjupan_bacillus_subtilis_main_96c549f1b176b111	6.596371952565947	False	26	35	-	-30.5
EMB_onehot_C00	shuffle	tjupan_bacillus_subtilis_main_a4db17c75fb94c83__dinucleotide_null	dbtbs_bsub_core_8c6f4b9eba960292	9.045557891336786	True	41	50	+	-15.5
EMB_onehot_C00	shuffle	tjupan_bacillus_subtilis_main_0e5e92df8dafa46f__dinucleotide_null	dbtbs_bsub_core_0e5e92df8dafa46f	6.34611450352508	False	57	66	-	0.5
EMB_onehot_C00	shuffle	tjupan_bacillus_subtilis_main_089b35a135bf8797__dinucleotide_null	tjupan_bacillus_subtilis_main_089b35a135bf8797	5.488084673844687	False	2	11	-	-54.5
EMB_onehot_C00	shuffle	tjupan_bacillus_subtilis_main_2e3c51df0d86f79b__dinucleotide_null	dbtbs_bsub_core_245b899eb3255120	6.214437150034714	False	61	70	-	4.5
EMB_onehot_C00	shuffle	tjupan_bacillus_subtilis_main_648aef9dba1f38c4__dinucleotide_null	tjupan_bacillus_subtilis_main_648aef9dba1f38c4	5.370556555171751	False	12	21	-	-44.5
EMB_onehot_C00	shuffle	tjupan_bacillus_subtilis_main_b809758bf01da07c__dinucleotide_null	tjupan_bacillus_subtilis_main_b809758bf01da07c	8.26648396327586	True	5	14	-	-51.5
EMB_onehot_C00	shuffle	tjupan_bacillus_subtilis_main_72db3945a2fcac01__dinucleotide_null	tjupan_bacillus_subtilis_main_72db3945a2fcac01	8.89135735856949	True	70	79	+	13.5
EMB_onehot_C00	shuffle	tjupan_bacillus_subtilis_main_8d9a62a0fbc43019__dinucleotide_null	dbtbs_bsub_core_3348625232a23256	7.284233742120736	False	64	73	-	7.5
EMB_onehot_C00	shuffle	tjupan_bacillus_subtilis_main_2fc6e10224ce632e__dinucleotide_null	dbtbs_bsub_core_2fc6e10224ce632e	4.845103901062485	False	69	78	-	12.5
EMB_onehot_C00	shuffle	tjupan_bacillus_subtilis_main_4dd4acc476485632__dinucleotide_null	tjupan_bacillus_subtilis_main_4dd4acc476485632	5.252337310168338	False	18	27	+	-38.5
EMB_onehot_C00	shuffle	tjupan_bacillus_subtilis_main_5a1a4573de4d55b3__dinucleotide_null	dbtbs_bsub_core_af75962c5aaa60ac	7.274505282698635	False	40	49	+	-16.5
EMB_onehot_C00	shuffle	tjupan_bacillus_subtilis_main_fe854ef781d570c9__dinucleotide_null	dbtbs_bsub_core_79142b70125d7f77	5.600272662593177	False	19	28	-	-37.5
EMB_onehot_C01	positive	tjupan_bacillus_subtilis_main_089b35a135bf8797	tjupan_bacillus_subtilis_main_089b35a135bf8797	6.376112129726534	False	11	20	-	-45.5
EMB_onehot_C01	positive	tjupan_bacillus_subtilis_main_0b4e887f7ea9c424	dbtbs_bsub_core_0b4e887f7ea9c424	9.217297303119794	True	8	17	+	-48.5
EMB_onehot_C01	positive	tjupan_bacillus_subtilis_main_0dc2e54e8f0778d4	dbtbs_bsub_core_89ecb38b4ff0148f	5.86630379653734	False	41	50	-	-15.5
EMB_onehot_C01	positive	tjupan_bacillus_subtilis_main_0e5e92df8dafa46f	dbtbs_bsub_core_0e5e92df8dafa46f	7.96623002319802	False	49	58	+	-7.5
EMB_onehot_C01	positive	tjupan_bacillus_subtilis_main_0fcba0431054cde6	dbtbs_bsub_core_0fcba0431054cde6	5.641639055525109	False	24	33	-	-32.5
EMB_onehot_C01	positive	tjupan_bacillus_subtilis_main_103f2a1ec6daa8c4	dbtbs_bsub_core_103f2a1ec6daa8c4	7.333321985408623	False	70	79	+	13.5
EMB_onehot_C01	positive	tjupan_bacillus_subtilis_main_1b58b9006f9baf4f	dbtbs_bsub_core_1b58b9006f9baf4f	8.471836032510373	True	28	37	-	-28.5
EMB_onehot_C01	positive	tjupan_bacillus_subtilis_main_1bc60721b4be672c	dbtbs_bsub_core_cb8975beecd17a84	7.966264833739446	False	68	77	-	11.5
EMB_onehot_C01	positive	tjupan_bacillus_subtilis_main_1eb616e060615c81	tjupan_bacillus_subtilis_main_1eb616e060615c81	7.698706669993438	False	3	12	+	-53.5
EMB_onehot_C01	positive	tjupan_bacillus_subtilis_main_2e3c51df0d86f79b	dbtbs_bsub_core_245b899eb3255120	3.217108865735506	False	33	42	-	-23.5
EMB_onehot_C01	positive	tjupan_bacillus_subtilis_main_2fc6e10224ce632e	dbtbs_bsub_core_2fc6e10224ce632e	6.2757173454220405	False	27	36	+	-29.5
EMB_onehot_C01	positive	tjupan_bacillus_subtilis_main_323902b09c4af7f6	dbtbs_bsub_core_bb1d2472f35efe20	4.297414805263483	False	53	62	+	-3.5
EMB_onehot_C01	positive	tjupan_bacillus_subtilis_main_3ec8c178aa138223	tjupan_bacillus_subtilis_main_3ec8c178aa138223	3.59134603424961	False	30	39	+	-26.5
EMB_onehot_C01	positive	tjupan_bacillus_subtilis_main_409ff8a786357eb4	dbtbs_bsub_core_3e3a825c0d09de99	8.47164377705715	True	5	14	+	-51.5
EMB_onehot_C01	positive	tjupan_bacillus_subtilis_main_42074f78c0199323	dbtbs_bsub_core_42074f78c0199323	5.006504908710131	False	2	11	+	-54.5
EMB_onehot_C01	positive	tjupan_bacillus_subtilis_main_42c1909004fe3d73	tjupan_bacillus_subtilis_main_42c1909004fe3d73	3.758712509916494	False	69	78	-	12.5
EMB_onehot_C01	positive	tjupan_bacillus_subtilis_main_4a95c9a0c8c0dc5d	dbtbs_bsub_core_d38f72abf66add23	7.527865410660357	False	38	47	-	-18.5
EMB_onehot_C01	positive	tjupan_bacillus_subtilis_main_4dd4acc476485632	tjupan_bacillus_subtilis_main_4dd4acc476485632	9.02557938215768	True	45	54	-	-11.5
EMB_onehot_C01	positive	tjupan_bacillus_subtilis_main_5a1a4573de4d55b3	dbtbs_bsub_core_af75962c5aaa60ac	6.456362132509528	False	46	55	+	-10.5
EMB_onehot_C01	positive	tjupan_bacillus_subtilis_main_5bcbea22526b97af	dbtbs_bsub_core_2bafb1a73b5c7300	7.178182564674123	False	54	63	+	-2.5
EMB_onehot_C01	positive	tjupan_bacillus_subtilis_main_5c9bf0eab187b5f5	dbtbs_bsub_core_93f240a64705adb6	6.990506909551973	False	57	66	+	0.5
EMB_onehot_C01	positive	tjupan_bacillus_subtilis_main_648aef9dba1f38c4	tjupan_bacillus_subtilis_main_648aef9dba1f38c4	5.799227839847365	False	35	44	-	-21.5
EMB_onehot_C01	positive	tjupan_bacillus_subtilis_main_682dcc155b9eb236	dbtbs_bsub_core_5d3712ff0aeb1916	6.074801583695249	False	60	69	-	3.5
EMB_onehot_C01	positive	tjupan_bacillus_subtilis_main_6cf2c0e47935a8c2	dbtbs_bsub_core_6cf2c0e47935a8c2	6.724834425747049	False	54	63	-	-2.5
EMB_onehot_C01	positive	tjupan_bacillus_subtilis_main_6f5bfd2e001a2697	dbtbs_bsub_core_6f5bfd2e001a2697	7.765066567541883	False	51	60	+	-5.5
EMB_onehot_C01	positive	tjupan_bacillus_subtilis_main_6f6446b7ed912162	dbtbs_bsub_core_6f6446b7ed912162	5.578318573988313	False	15	24	-	-41.5
EMB_onehot_C01	positive	tjupan_bacillus_subtilis_main_6fc8f7f57b8f5e9d	tjupan_bacillus_subtilis_main_6fc8f7f57b8f5e9d	8.053074011715536	False	15	24	+	-41.5
EMB_onehot_C01	positive	tjupan_bacillus_subtilis_main_72127e86172ad2be	tjupan_bacillus_subtilis_main_72127e86172ad2be	4.2078072239523845	False	16	25	+	-40.5
EMB_onehot_C01	positive	tjupan_bacillus_subtilis_main_721ac29c5ef7c9f0	dbtbs_bsub_core_721ac29c5ef7c9f0	7.381626353550829	False	50	59	+	-6.5
EMB_onehot_C01	positive	tjupan_bacillus_subtilis_main_72db3945a2fcac01	tjupan_bacillus_subtilis_main_72db3945a2fcac01	7.0130361567049855	False	36	45	-	-20.5
EMB_onehot_C01	positive	tjupan_bacillus_subtilis_main_74379fc21a77213d	tjupan_bacillus_subtilis_main_74379fc21a77213d	4.442293673840406	False	42	51	-	-14.5
EMB_onehot_C01	positive	tjupan_bacillus_subtilis_main_79220287475133e5	dbtbs_bsub_core_79220287475133e5	8.758125977158777	True	3	12	+	-53.5
EMB_onehot_C01	positive	tjupan_bacillus_subtilis_main_7c407bebf512b5e0	tjupan_bacillus_subtilis_main_7c407bebf512b5e0	7.0689622448406775	False	50	59	-	-6.5
EMB_onehot_C01	positive	tjupan_bacillus_subtilis_main_824214e197f86545	tjupan_bacillus_subtilis_main_824214e197f86545	5.747237218521454	False	54	63	+	-2.5
EMB_onehot_C01	positive	tjupan_bacillus_subtilis_main_842f97f040946982	tjupan_bacillus_subtilis_main_842f97f040946982	6.652879862674438	False	38	47	+	-18.5
EMB_onehot_C01	positive	tjupan_bacillus_subtilis_main_84cc0835204b8e58	dbtbs_bsub_core_396da27afda34e05	6.01178253799271	False	12	21	+	-44.5
EMB_onehot_C01	positive	tjupan_bacillus_subtilis_main_89e75db25f32c6c9	dbtbs_bsub_core_66a79c370c059251	5.791473649537917	False	2	11	-	-54.5
EMB_onehot_C01	positive	tjupan_bacillus_subtilis_main_8d9a62a0fbc43019	dbtbs_bsub_core_3348625232a23256	5.7979599279652945	False	15	24	-	-41.5
EMB_onehot_C01	positive	tjupan_bacillus_subtilis_main_8f5b60fc07e381f2	dbtbs_bsub_core_8f5b60fc07e381f2	5.334025494946239	False	62	71	+	5.5
EMB_onehot_C01	positive	tjupan_bacillus_subtilis_main_93a3a1679c7a73c9	tjupan_bacillus_subtilis_main_93a3a1679c7a73c9	4.658319378315483	False	26	35	+	-30.5
EMB_onehot_C01	positive	tjupan_bacillus_subtilis_main_96c549f1b176b111	tjupan_bacillus_subtilis_main_96c549f1b176b111	5.961916006026327	False	51	60	+	-5.5
EMB_onehot_C01	positive	tjupan_bacillus_subtilis_main_996c93274b7d349e	tjupan_bacillus_subtilis_main_996c93274b7d349e	5.834755507470468	False	52	61	-	-4.5
EMB_onehot_C01	positive	tjupan_bacillus_subtilis_main_9996ea2b61a7fc82	tjupan_bacillus_subtilis_main_9996ea2b61a7fc82	9.636059323914631	True	51	60	+	-5.5
EMB_onehot_C01	positive	tjupan_bacillus_subtilis_main_a2ab5f161ee68a0a	tjupan_bacillus_subtilis_main_a2ab5f161ee68a0a	5.498844734010496	False	51	60	+	-5.5
EMB_onehot_C01	positive	tjupan_bacillus_subtilis_main_a2bee6d81c2dad89	dbtbs_bsub_core_a2bee6d81c2dad89	6.48436171150037	False	62	71	+	5.5
EMB_onehot_C01	positive	tjupan_bacillus_subtilis_main_a4db17c75fb94c83	dbtbs_bsub_core_8c6f4b9eba960292	7.126887551697001	False	1	10	-	-55.5
EMB_onehot_C01	positive	tjupan_bacillus_subtilis_main_a7eb317986e0a410	tjupan_bacillus_subtilis_main_a7eb317986e0a410	7.525890100292578	False	52	61	+	-4.5
EMB_onehot_C01	positive	tjupan_bacillus_subtilis_main_aaf138e1b23719d3	dbtbs_bsub_core_380666e4ad2529dd	4.585877253131902	False	6	15	+	-50.5
EMB_onehot_C01	positive	tjupan_bacillus_subtilis_main_af44da9eb65c9b2b	tjupan_bacillus_subtilis_main_af44da9eb65c9b2b	6.912840433757477	False	23	32	-	-33.5
EMB_onehot_C01	positive	tjupan_bacillus_subtilis_main_b541048ffbe461fc	tjupan_bacillus_subtilis_main_b541048ffbe461fc	5.331956006045339	False	53	62	+	-3.5
EMB_onehot_C01	positive	tjupan_bacillus_subtilis_main_b558e80410906098	dbtbs_bsub_core_b558e80410906098	4.714127182497572	False	10	19	+	-46.5
EMB_onehot_C01	positive	tjupan_bacillus_subtilis_main_b809758bf01da07c	tjupan_bacillus_subtilis_main_b809758bf01da07c	8.034373522890919	False	50	59	+	-6.5
EMB_onehot_C01	positive	tjupan_bacillus_subtilis_main_b86a1d8c42408cc4	tjupan_bacillus_subtilis_main_b86a1d8c42408cc4	8.33936395636394	True	45	54	-	-11.5
EMB_onehot_C01	positive	tjupan_bacillus_subtilis_main_c7551eecc12a98c1	tjupan_bacillus_subtilis_main_c7551eecc12a98c1	7.0489923973456445	False	29	38	-	-27.5
EMB_onehot_C01	positive	tjupan_bacillus_subtilis_main_c897ab6e4a2d8869	tjupan_bacillus_subtilis_main_c897ab6e4a2d8869	3.632020827061555	False	41	50	+	-15.5
EMB_onehot_C01	positive	tjupan_bacillus_subtilis_main_cd9626c39ea075d5	dbtbs_bsub_core_cd9626c39ea075d5	5.856955324627204	False	51	60	+	-5.5
EMB_onehot_C01	positive	tjupan_bacillus_subtilis_main_cf013234eecd796b	dbtbs_bsub_core_700614a2577d51a9	8.772377534527	True	44	53	-	-12.5
EMB_onehot_C01	positive	tjupan_bacillus_subtilis_main_d072d578ae627246	tjupan_bacillus_subtilis_main_d072d578ae627246	9.811550377140746	True	35	44	+	-21.5
EMB_onehot_C01	positive	tjupan_bacillus_subtilis_main_d434d749686b9e33	dbtbs_bsub_core_137eff58d766cefa	6.936365645647575	False	18	27	-	-38.5
EMB_onehot_C01	positive	tjupan_bacillus_subtilis_main_d75f323535d0e96f	tjupan_bacillus_subtilis_main_d75f323535d0e96f	4.611713797862954	False	51	60	-	-5.5
EMB_onehot_C01	positive	tjupan_bacillus_subtilis_main_d94f791dab569af4	dbtbs_bsub_core_e72b843a494a35db	6.060260159167499	False	45	54	+	-11.5
EMB_onehot_C01	positive	tjupan_bacillus_subtilis_main_dc95e7cdf3939931	dbtbs_bsub_core_dc95e7cdf3939931	6.889468428718779	False	54	63	+	-2.5
EMB_onehot_C01	positive	tjupan_bacillus_subtilis_main_dda9e4c6372ef204	dbtbs_bsub_core_50819f6cb2562fd8	4.968712048227738	False	44	53	-	-12.5
EMB_onehot_C01	positive	tjupan_bacillus_subtilis_main_e51e63a9cb3e9467	dbtbs_bsub_core_bb482769c888cf21	6.900399893716684	False	52	61	+	-4.5
EMB_onehot_C01	positive	tjupan_bacillus_subtilis_main_e7e17b10ff25536a	tjupan_bacillus_subtilis_main_1eb616e060615c81	7.698706669993438	False	6	15	+	-50.5
EMB_onehot_C01	positive	tjupan_bacillus_subtilis_main_f2d1e33176b05430	dbtbs_bsub_core_f2d1e33176b05430	6.131586173291381	False	56	65	+	-0.5
EMB_onehot_C01	positive	tjupan_bacillus_subtilis_main_fe854ef781d570c9	dbtbs_bsub_core_79142b70125d7f77	6.05749000721098	False	57	66	+	0.5
EMB_onehot_C01	natural	tjupan_bacillus_subtilis_main_01f49032fc924b2b	tjupan_bacillus_subtilis_main_01f49032fc924b2b	4.604667866380422	False	12	21	+	-44.5
EMB_onehot_C01	natural	tjupan_bacillus_subtilis_main_0369fa5f1dde8889	tjupan_bacillus_subtilis_main_0369fa5f1dde8889	6.593690046619948	False	58	67	-	1.5
EMB_onehot_C01	natural	tjupan_bacillus_subtilis_main_04bf0704019251eb	tjupan_bacillus_subtilis_main_04bf0704019251eb	4.977126450401624	False	39	48	-	-17.5
EMB_onehot_C01	natural	tjupan_bacillus_subtilis_main_07a43cab15901fd0	tjupan_bacillus_subtilis_main_07a43cab15901fd0	4.525952092851232	False	41	50	+	-15.5
EMB_onehot_C01	natural	tjupan_bacillus_subtilis_main_0abf62f108ad9afa	tjupan_bacillus_subtilis_main_0abf62f108ad9afa	6.721122512795364	False	1	10	+	-55.5
EMB_onehot_C01	natural	tjupan_bacillus_subtilis_main_10a028761e096e6f	tjupan_bacillus_subtilis_main_10a028761e096e6f	5.759247592572296	False	37	46	-	-19.5
EMB_onehot_C01	natural	tjupan_bacillus_subtilis_main_1183c551e9c3884e	tjupan_bacillus_subtilis_main_1183c551e9c3884e	7.747268217201978	False	4	13	-	-52.5
EMB_onehot_C01	natural	tjupan_bacillus_subtilis_main_11c75fe7d070d91d	tjupan_bacillus_subtilis_main_11c75fe7d070d91d	4.787642793255339	False	64	73	+	7.5
EMB_onehot_C01	natural	tjupan_bacillus_subtilis_main_13f81edc59432f39	tjupan_bacillus_subtilis_main_13f81edc59432f39	2.4258861434897594	False	33	42	+	-23.5
EMB_onehot_C01	natural	tjupan_bacillus_subtilis_main_1a1965c69595e91c	tjupan_bacillus_subtilis_main_1a1965c69595e91c	7.647239889614293	False	9	18	+	-47.5
EMB_onehot_C01	natural	tjupan_bacillus_subtilis_main_28ceb7fd6ffaf1b1	tjupan_bacillus_subtilis_main_28ceb7fd6ffaf1b1	7.331602454552313	False	15	24	+	-41.5
EMB_onehot_C01	natural	tjupan_bacillus_subtilis_main_2a691ccdd9f8cd87	tjupan_bacillus_subtilis_main_2a691ccdd9f8cd87	4.220359790832192	False	41	50	-	-15.5
EMB_onehot_C01	natural	tjupan_bacillus_subtilis_main_3095b00d206277d2	tjupan_bacillus_subtilis_main_3095b00d206277d2	5.563477283240941	False	54	63	-	-2.5
EMB_onehot_C01	natural	tjupan_bacillus_subtilis_main_33ded6bc702ab6e3	tjupan_bacillus_subtilis_main_33ded6bc702ab6e3	3.8115729223778834	False	13	22	+	-43.5
EMB_onehot_C01	natural	tjupan_bacillus_subtilis_main_3b669bfd8e8ecc5c	tjupan_bacillus_subtilis_main_3b669bfd8e8ecc5c	6.083999424459926	False	64	73	+	7.5
EMB_onehot_C01	natural	tjupan_bacillus_subtilis_main_3dfed0cfea4ace99	tjupan_bacillus_subtilis_main_3dfed0cfea4ace99	5.322687729744566	False	12	21	+	-44.5
EMB_onehot_C01	natural	tjupan_bacillus_subtilis_main_3f82397c249b4c2e	tjupan_bacillus_subtilis_main_3f82397c249b4c2e	6.5739465422261985	False	7	16	+	-49.5
EMB_onehot_C01	natural	tjupan_bacillus_subtilis_main_413de94f4b4cc894	tjupan_bacillus_subtilis_main_413de94f4b4cc894	5.402827520762199	False	68	77	-	11.5
EMB_onehot_C01	natural	tjupan_bacillus_subtilis_main_4225dc5bcf089682	tjupan_bacillus_subtilis_main_4225dc5bcf089682	4.965245064366391	False	28	37	+	-28.5
EMB_onehot_C01	natural	tjupan_bacillus_subtilis_main_43e8357a95b8acad	tjupan_bacillus_subtilis_main_43e8357a95b8acad	5.62040139766655	False	63	72	+	6.5
EMB_onehot_C01	natural	tjupan_bacillus_subtilis_main_44b9e66950262593	tjupan_bacillus_subtilis_main_44b9e66950262593	2.9883074981960114	False	42	51	+	-14.5
EMB_onehot_C01	natural	tjupan_bacillus_subtilis_main_4600103c5e396ab7	tjupan_bacillus_subtilis_main_4600103c5e396ab7	4.706574665337866	False	4	13	+	-52.5
EMB_onehot_C01	natural	tjupan_bacillus_subtilis_main_47b01646ad818f05	tjupan_bacillus_subtilis_main_47b01646ad818f05	4.47743238589546	False	29	38	+	-27.5
EMB_onehot_C01	natural	tjupan_bacillus_subtilis_main_47f3a0ce2d4034a8	tjupan_bacillus_subtilis_main_47f3a0ce2d4034a8	4.339222565533805	False	55	64	-	-1.5
EMB_onehot_C01	natural	tjupan_bacillus_subtilis_main_4c62636643ef908e	tjupan_bacillus_subtilis_main_4c62636643ef908e	7.326384325836133	False	67	76	-	10.5
EMB_onehot_C01	natural	tjupan_bacillus_subtilis_main_4ec6f242d8a5df5c	tjupan_bacillus_subtilis_main_4ec6f242d8a5df5c	3.8753494077633635	False	7	16	+	-49.5
EMB_onehot_C01	natural	tjupan_bacillus_subtilis_main_4efdcab552f8b70d	tjupan_bacillus_subtilis_main_4efdcab552f8b70d	4.3502718873396	False	13	22	-	-43.5
EMB_onehot_C01	natural	tjupan_bacillus_subtilis_main_51577d89c939deba	tjupan_bacillus_subtilis_main_51577d89c939deba	5.345815041961963	False	41	50	+	-15.5
EMB_onehot_C01	natural	tjupan_bacillus_subtilis_main_52bff7f8e27d9410	tjupan_bacillus_subtilis_main_52bff7f8e27d9410	5.818886754179049	False	4	13	+	-52.5
EMB_onehot_C01	natural	tjupan_bacillus_subtilis_main_59901c21c497690b	tjupan_bacillus_subtilis_main_59901c21c497690b	9.392788356345909	True	44	53	+	-12.5
EMB_onehot_C01	natural	tjupan_bacillus_subtilis_main_5f953d4f57c1fa81	tjupan_bacillus_subtilis_main_5f953d4f57c1fa81	10.172787627945572	True	1	10	-	-55.5
EMB_onehot_C01	natural	tjupan_bacillus_subtilis_main_669f9a1f1028b036	tjupan_bacillus_subtilis_main_669f9a1f1028b036	5.161082797315123	False	46	55	-	-10.5
EMB_onehot_C01	natural	tjupan_bacillus_subtilis_main_69dc5d058d63d549	tjupan_bacillus_subtilis_main_69dc5d058d63d549	3.724182269184549	False	17	26	-	-39.5
EMB_onehot_C01	natural	tjupan_bacillus_subtilis_main_6cfe0a7e178b1651	tjupan_bacillus_subtilis_main_6cfe0a7e178b1651	6.429578742600748	False	13	22	-	-43.5
EMB_onehot_C01	natural	tjupan_bacillus_subtilis_main_705ab5e790a4610d	tjupan_bacillus_subtilis_main_705ab5e790a4610d	3.87268140756752	False	63	72	+	6.5
EMB_onehot_C01	natural	tjupan_bacillus_subtilis_main_71852833d33a5887	tjupan_bacillus_subtilis_main_71852833d33a5887	5.000733302408955	False	12	21	-	-44.5
EMB_onehot_C01	natural	tjupan_bacillus_subtilis_main_76c86d1f05ca1d88	tjupan_bacillus_subtilis_main_76c86d1f05ca1d88	5.129121735334272	False	36	45	-	-20.5
EMB_onehot_C01	natural	tjupan_bacillus_subtilis_main_777d2d2586a95fbc	tjupan_bacillus_subtilis_main_777d2d2586a95fbc	5.978688845463848	False	23	32	+	-33.5
EMB_onehot_C01	natural	tjupan_bacillus_subtilis_main_7c99b9a8665786aa	tjupan_bacillus_subtilis_main_7c99b9a8665786aa	5.86560156781581	False	60	69	+	3.5
EMB_onehot_C01	natural	tjupan_bacillus_subtilis_main_82f0003647ec7740	tjupan_bacillus_subtilis_main_82f0003647ec7740	9.217297303119794	True	71	80	+	14.5
EMB_onehot_C01	natural	tjupan_bacillus_subtilis_main_8a9952e5dc8e0bd1	tjupan_bacillus_subtilis_main_8a9952e5dc8e0bd1	2.868932537147348	False	7	16	+	-49.5
EMB_onehot_C01	natural	tjupan_bacillus_subtilis_main_8c2afb751c3f9d92	tjupan_bacillus_subtilis_main_8c2afb751c3f9d92	5.248406374627959	False	61	70	+	4.5
EMB_onehot_C01	natural	tjupan_bacillus_subtilis_main_8e1b3c58365d2bbd	tjupan_bacillus_subtilis_main_8e1b3c58365d2bbd	7.865870049434951	False	56	65	+	-0.5
EMB_onehot_C01	natural	tjupan_bacillus_subtilis_main_906140fe2a990d8e	tjupan_bacillus_subtilis_main_906140fe2a990d8e	6.126796302524529	False	64	73	+	7.5
EMB_onehot_C01	natural	tjupan_bacillus_subtilis_main_94dbc17f3078c678	tjupan_bacillus_subtilis_main_94dbc17f3078c678	5.639994389288456	False	32	41	-	-24.5
EMB_onehot_C01	natural	tjupan_bacillus_subtilis_main_9bf1d28c9aae3b2e	tjupan_bacillus_subtilis_main_9bf1d28c9aae3b2e	3.5954858900573727	False	24	33	+	-32.5
EMB_onehot_C01	natural	tjupan_bacillus_subtilis_main_9cc8f38cff175da4	tjupan_bacillus_subtilis_main_9cc8f38cff175da4	6.890688607043786	False	72	81	+	15.5
EMB_onehot_C01	natural	tjupan_bacillus_subtilis_main_9cceb700e3527301	tjupan_bacillus_subtilis_main_9cceb700e3527301	3.952970296962803	False	49	58	-	-7.5
EMB_onehot_C01	natural	tjupan_bacillus_subtilis_main_9d0345f875b7552c	tjupan_bacillus_subtilis_main_9d0345f875b7552c	5.608171566465699	False	15	24	+	-41.5
EMB_onehot_C01	natural	tjupan_bacillus_subtilis_main_a3fedb31fa6cc84b	tjupan_bacillus_subtilis_main_a3fedb31fa6cc84b	7.4038434790331955	False	3	12	-	-53.5
EMB_onehot_C01	natural	tjupan_bacillus_subtilis_main_a54e7006d4699b67	tjupan_bacillus_subtilis_main_a54e7006d4699b67	4.9365841718856736	False	54	63	+	-2.5
EMB_onehot_C01	natural	tjupan_bacillus_subtilis_main_aaa45c891936f972	tjupan_bacillus_subtilis_main_aaa45c891936f972	3.5850852643975673	False	13	22	+	-43.5
EMB_onehot_C01	natural	tjupan_bacillus_subtilis_main_aec3d55ae2f9e509	tjupan_bacillus_subtilis_main_aec3d55ae2f9e509	5.111629548916918	False	24	33	-	-32.5
EMB_onehot_C01	natural	tjupan_bacillus_subtilis_main_b0b9cfd1b442c029	tjupan_bacillus_subtilis_main_b0b9cfd1b442c029	6.1664955229242215	False	38	47	+	-18.5
EMB_onehot_C01	natural	tjupan_bacillus_subtilis_main_b161f4572a371b25	tjupan_bacillus_subtilis_main_b161f4572a371b25	6.395024568834404	False	49	58	-	-7.5
EMB_onehot_C01	natural	tjupan_bacillus_subtilis_main_b3e87bd1af1ccb1a	tjupan_bacillus_subtilis_main_b3e87bd1af1ccb1a	4.954442835682969	False	26	35	-	-30.5
EMB_onehot_C01	natural	tjupan_bacillus_subtilis_main_b5ddce4bc0328e2c	tjupan_bacillus_subtilis_main_b5ddce4bc0328e2c	6.597051824651315	False	37	46	+	-19.5
EMB_onehot_C01	natural	tjupan_bacillus_subtilis_main_b9d7835496546020	tjupan_bacillus_subtilis_main_b9d7835496546020	4.740310560918932	False	3	12	+	-53.5
EMB_onehot_C01	natural	tjupan_bacillus_subtilis_main_bd36aa35d4edeb39	tjupan_bacillus_subtilis_main_bd36aa35d4edeb39	5.252722419713765	False	9	18	+	-47.5
EMB_onehot_C01	natural	tjupan_bacillus_subtilis_main_c24b04311bf8b4bf	tjupan_bacillus_subtilis_main_c24b04311bf8b4bf	4.460565119267069	False	10	19	+	-46.5
EMB_onehot_C01	natural	tjupan_bacillus_subtilis_main_c981e3412d58013c	tjupan_bacillus_subtilis_main_c981e3412d58013c	5.487912143289413	False	38	47	+	-18.5
EMB_onehot_C01	natural	tjupan_bacillus_subtilis_main_cbe667645cefe255	tjupan_bacillus_subtilis_main_cbe667645cefe255	3.1821955739002696	False	25	34	+	-31.5
EMB_onehot_C01	natural	tjupan_bacillus_subtilis_main_ced7dfa7b2671e00	tjupan_bacillus_subtilis_main_ced7dfa7b2671e00	5.248406374627959	False	58	67	-	1.5
EMB_onehot_C01	natural	tjupan_bacillus_subtilis_main_d14a8947b06ae361	tjupan_bacillus_subtilis_main_d14a8947b06ae361	5.066285739193606	False	6	15	+	-50.5
EMB_onehot_C01	natural	tjupan_bacillus_subtilis_main_dd7d0f632ba9b25f	tjupan_bacillus_subtilis_main_dd7d0f632ba9b25f	5.68498090805884	False	12	21	+	-44.5
EMB_onehot_C01	natural	tjupan_bacillus_subtilis_main_deeb9c19c390dc19	tjupan_bacillus_subtilis_main_deeb9c19c390dc19	3.081764003266839	False	15	24	+	-41.5
EMB_onehot_C01	natural	tjupan_bacillus_subtilis_main_dfdf3a9a774b0b36	tjupan_bacillus_subtilis_main_dfdf3a9a774b0b36	2.3982779648048407	False	34	43	-	-22.5
EMB_onehot_C01	natural	tjupan_bacillus_subtilis_main_e05a9847e20fa44f	tjupan_bacillus_subtilis_main_e05a9847e20fa44f	5.344335424589851	False	22	31	+	-34.5
EMB_onehot_C01	natural	tjupan_bacillus_subtilis_main_e09693162cd1efc7	tjupan_bacillus_subtilis_main_e09693162cd1efc7	5.3405098296189655	False	39	48	-	-17.5
EMB_onehot_C01	natural	tjupan_bacillus_subtilis_main_e1df7768894b7e64	tjupan_bacillus_subtilis_main_e1df7768894b7e64	2.6197637522432977	False	42	51	+	-14.5
EMB_onehot_C01	natural	tjupan_bacillus_subtilis_main_e4935e5203d5f4a1	tjupan_bacillus_subtilis_main_e4935e5203d5f4a1	3.622540544809583	False	10	19	-	-46.5
EMB_onehot_C01	natural	tjupan_bacillus_subtilis_main_e71258c4630ccafd	tjupan_bacillus_subtilis_main_e71258c4630ccafd	4.53242872540209	False	34	43	-	-22.5
EMB_onehot_C01	natural	tjupan_bacillus_subtilis_main_ea6abbc438ac2020	tjupan_bacillus_subtilis_main_ea6abbc438ac2020	7.046112543571588	False	71	80	-	14.5
EMB_onehot_C01	natural	tjupan_bacillus_subtilis_main_ede46bd107484afd	tjupan_bacillus_subtilis_main_ede46bd107484afd	3.297360565276877	False	9	18	-	-47.5
EMB_onehot_C01	natural	tjupan_bacillus_subtilis_main_f0317abbf46a2fa8	tjupan_bacillus_subtilis_main_f0317abbf46a2fa8	6.691458595290373	False	51	60	+	-5.5
EMB_onehot_C01	natural	tjupan_bacillus_subtilis_main_fe9f961ad53aca80	tjupan_bacillus_subtilis_main_fe9f961ad53aca80	5.653994108239387	False	46	55	+	-10.5
EMB_onehot_C01	natural	tjupan_bacillus_subtilis_main_fffb0162887a3736	tjupan_bacillus_subtilis_main_fffb0162887a3736	6.0774389164853675	False	1	10	+	-55.5
EMB_onehot_C01	shuffle	tjupan_bacillus_subtilis_main_0dc2e54e8f0778d4__dinucleotide_null	dbtbs_bsub_core_89ecb38b4ff0148f	5.856955324627204	False	49	58	+	-7.5
EMB_onehot_C01	shuffle	tjupan_bacillus_subtilis_main_682dcc155b9eb236__dinucleotide_null	dbtbs_bsub_core_5d3712ff0aeb1916	7.840529266968027	False	50	59	+	-6.5
EMB_onehot_C01	shuffle	tjupan_bacillus_subtilis_main_f2d1e33176b05430__dinucleotide_null	dbtbs_bsub_core_f2d1e33176b05430	6.263087478355764	False	67	76	-	10.5
EMB_onehot_C01	shuffle	tjupan_bacillus_subtilis_main_c7551eecc12a98c1__dinucleotide_null	tjupan_bacillus_subtilis_main_c7551eecc12a98c1	8.886967269485881	True	29	38	+	-27.5
EMB_onehot_C01	shuffle	tjupan_bacillus_subtilis_main_89e75db25f32c6c9__dinucleotide_null	dbtbs_bsub_core_66a79c370c059251	6.635194311859358	False	5	14	-	-51.5
EMB_onehot_C01	shuffle	tjupan_bacillus_subtilis_main_9996ea2b61a7fc82__dinucleotide_null	tjupan_bacillus_subtilis_main_9996ea2b61a7fc82	6.992074020089051	False	42	51	-	-14.5
EMB_onehot_C01	shuffle	tjupan_bacillus_subtilis_main_b86a1d8c42408cc4__dinucleotide_null	tjupan_bacillus_subtilis_main_b86a1d8c42408cc4	5.498844734010496	False	13	22	+	-43.5
EMB_onehot_C01	shuffle	tjupan_bacillus_subtilis_main_79220287475133e5__dinucleotide_null	dbtbs_bsub_core_79220287475133e5	8.17319762981063	False	51	60	+	-5.5
EMB_onehot_C01	shuffle	tjupan_bacillus_subtilis_main_a2bee6d81c2dad89__dinucleotide_null	dbtbs_bsub_core_a2bee6d81c2dad89	1.8966426773589122	False	25	34	+	-31.5
EMB_onehot_C01	shuffle	tjupan_bacillus_subtilis_main_103f2a1ec6daa8c4__dinucleotide_null	dbtbs_bsub_core_103f2a1ec6daa8c4	7.392307370026971	False	41	50	+	-15.5
EMB_onehot_C01	shuffle	tjupan_bacillus_subtilis_main_996c93274b7d349e__dinucleotide_null	tjupan_bacillus_subtilis_main_996c93274b7d349e	6.927596192726852	False	6	15	+	-50.5
EMB_onehot_C01	shuffle	tjupan_bacillus_subtilis_main_7c407bebf512b5e0__dinucleotide_null	tjupan_bacillus_subtilis_main_7c407bebf512b5e0	5.560493293633088	False	72	81	-	15.5
EMB_onehot_C01	shuffle	tjupan_bacillus_subtilis_main_842f97f040946982__dinucleotide_null	tjupan_bacillus_subtilis_main_842f97f040946982	6.328970077176816	False	56	65	-	-0.5
EMB_onehot_C01	shuffle	tjupan_bacillus_subtilis_main_42c1909004fe3d73__dinucleotide_null	tjupan_bacillus_subtilis_main_42c1909004fe3d73	5.929728420242047	False	42	51	+	-14.5
EMB_onehot_C01	shuffle	tjupan_bacillus_subtilis_main_42074f78c0199323__dinucleotide_null	dbtbs_bsub_core_42074f78c0199323	4.438586916061953	False	24	33	-	-32.5
EMB_onehot_C01	shuffle	tjupan_bacillus_subtilis_main_72127e86172ad2be__dinucleotide_null	tjupan_bacillus_subtilis_main_72127e86172ad2be	6.984287908434856	False	15	24	-	-41.5
EMB_onehot_C01	shuffle	tjupan_bacillus_subtilis_main_d072d578ae627246__dinucleotide_null	tjupan_bacillus_subtilis_main_d072d578ae627246	5.196268309052713	False	23	32	+	-33.5
EMB_onehot_C01	shuffle	tjupan_bacillus_subtilis_main_a2ab5f161ee68a0a__dinucleotide_null	tjupan_bacillus_subtilis_main_a2ab5f161ee68a0a	5.600470400702005	False	30	39	+	-26.5
EMB_onehot_C01	shuffle	tjupan_bacillus_subtilis_main_3ec8c178aa138223__dinucleotide_null	tjupan_bacillus_subtilis_main_3ec8c178aa138223	8.748234766269883	True	19	28	+	-37.5
EMB_onehot_C01	shuffle	tjupan_bacillus_subtilis_main_824214e197f86545__dinucleotide_null	tjupan_bacillus_subtilis_main_824214e197f86545	5.85807092048517	False	43	52	-	-13.5
EMB_onehot_C01	shuffle	tjupan_bacillus_subtilis_main_721ac29c5ef7c9f0__dinucleotide_null	dbtbs_bsub_core_721ac29c5ef7c9f0	7.16304514261606	False	24	33	+	-32.5
EMB_onehot_C01	shuffle	tjupan_bacillus_subtilis_main_a7eb317986e0a410__dinucleotide_null	tjupan_bacillus_subtilis_main_a7eb317986e0a410	2.050311607936668	False	15	24	-	-41.5
EMB_onehot_C01	shuffle	tjupan_bacillus_subtilis_main_6cf2c0e47935a8c2__dinucleotide_null	dbtbs_bsub_core_6cf2c0e47935a8c2	6.000586342345977	False	42	51	-	-14.5
EMB_onehot_C01	shuffle	tjupan_bacillus_subtilis_main_cd9626c39ea075d5__dinucleotide_null	dbtbs_bsub_core_cd9626c39ea075d5	8.165022272884805	False	29	38	+	-27.5
EMB_onehot_C01	shuffle	tjupan_bacillus_subtilis_main_4a95c9a0c8c0dc5d__dinucleotide_null	dbtbs_bsub_core_d38f72abf66add23	4.866669923621765	False	9	18	-	-47.5
EMB_onehot_C01	shuffle	tjupan_bacillus_subtilis_main_323902b09c4af7f6__dinucleotide_null	dbtbs_bsub_core_bb1d2472f35efe20	3.6999323344516464	False	58	67	+	1.5
EMB_onehot_C01	shuffle	tjupan_bacillus_subtilis_main_dda9e4c6372ef204__dinucleotide_null	dbtbs_bsub_core_50819f6cb2562fd8	6.057087185601383	False	11	20	-	-45.5
EMB_onehot_C01	shuffle	tjupan_bacillus_subtilis_main_6fc8f7f57b8f5e9d__dinucleotide_null	tjupan_bacillus_subtilis_main_6fc8f7f57b8f5e9d	5.8457120292015015	False	61	70	+	4.5
EMB_onehot_C01	shuffle	tjupan_bacillus_subtilis_main_84cc0835204b8e58__dinucleotide_null	dbtbs_bsub_core_396da27afda34e05	7.134666404874019	False	71	80	+	14.5
EMB_onehot_C01	shuffle	tjupan_bacillus_subtilis_main_c897ab6e4a2d8869__dinucleotide_null	tjupan_bacillus_subtilis_main_c897ab6e4a2d8869	6.290986319292161	False	65	74	-	8.5
EMB_onehot_C01	shuffle	tjupan_bacillus_subtilis_main_1b58b9006f9baf4f__dinucleotide_null	dbtbs_bsub_core_1b58b9006f9baf4f	7.280275751046988	False	2	11	-	-54.5
EMB_onehot_C01	shuffle	tjupan_bacillus_subtilis_main_5bcbea22526b97af__dinucleotide_null	dbtbs_bsub_core_2bafb1a73b5c7300	3.5788662632804504	False	12	21	+	-44.5
EMB_onehot_C01	shuffle	tjupan_bacillus_subtilis_main_e51e63a9cb3e9467__dinucleotide_null	dbtbs_bsub_core_bb482769c888cf21	6.307961936750628	False	51	60	+	-5.5
EMB_onehot_C01	shuffle	tjupan_bacillus_subtilis_main_b558e80410906098__dinucleotide_null	dbtbs_bsub_core_b558e80410906098	6.412984904868175	False	22	31	-	-34.5
EMB_onehot_C01	shuffle	tjupan_bacillus_subtilis_main_dc95e7cdf3939931__dinucleotide_null	dbtbs_bsub_core_dc95e7cdf3939931	5.133518924046924	False	46	55	+	-10.5
EMB_onehot_C01	shuffle	tjupan_bacillus_subtilis_main_cf013234eecd796b__dinucleotide_null	dbtbs_bsub_core_700614a2577d51a9	6.990819031222618	False	7	16	-	-49.5
EMB_onehot_C01	shuffle	tjupan_bacillus_subtilis_main_b541048ffbe461fc__dinucleotide_null	tjupan_bacillus_subtilis_main_b541048ffbe461fc	3.131134738741472	False	51	60	+	-5.5
EMB_onehot_C01	shuffle	tjupan_bacillus_subtilis_main_0b4e887f7ea9c424__dinucleotide_null	dbtbs_bsub_core_0b4e887f7ea9c424	9.197251701004841	True	27	36	+	-29.5
EMB_onehot_C01	shuffle	tjupan_bacillus_subtilis_main_93a3a1679c7a73c9__dinucleotide_null	tjupan_bacillus_subtilis_main_93a3a1679c7a73c9	4.569711425847509	False	22	31	+	-34.5
EMB_onehot_C01	shuffle	tjupan_bacillus_subtilis_main_e7e17b10ff25536a__dinucleotide_null	tjupan_bacillus_subtilis_main_1eb616e060615c81	6.4918169726791675	False	72	81	-	15.5
EMB_onehot_C01	shuffle	tjupan_bacillus_subtilis_main_d94f791dab569af4__dinucleotide_null	dbtbs_bsub_core_e72b843a494a35db	9.217297303119794	True	56	65	-	-0.5
EMB_onehot_C01	shuffle	tjupan_bacillus_subtilis_main_d75f323535d0e96f__dinucleotide_null	tjupan_bacillus_subtilis_main_d75f323535d0e96f	3.895317596409325	False	36	45	-	-20.5
EMB_onehot_C01	shuffle	tjupan_bacillus_subtilis_main_74379fc21a77213d__dinucleotide_null	tjupan_bacillus_subtilis_main_74379fc21a77213d	5.924085527676805	False	40	49	-	-16.5
EMB_onehot_C01	shuffle	tjupan_bacillus_subtilis_main_6f5bfd2e001a2697__dinucleotide_null	dbtbs_bsub_core_6f5bfd2e001a2697	5.374824865641375	False	2	11	+	-54.5
EMB_onehot_C01	shuffle	tjupan_bacillus_subtilis_main_1eb616e060615c81__dinucleotide_null	tjupan_bacillus_subtilis_main_1eb616e060615c81	10.173013971046856	True	9	18	-	-47.5
EMB_onehot_C01	shuffle	tjupan_bacillus_subtilis_main_409ff8a786357eb4__dinucleotide_null	dbtbs_bsub_core_3e3a825c0d09de99	5.289837541391634	False	43	52	+	-13.5
EMB_onehot_C01	shuffle	tjupan_bacillus_subtilis_main_1bc60721b4be672c__dinucleotide_null	dbtbs_bsub_core_cb8975beecd17a84	9.217297303119794	True	42	51	-	-14.5
EMB_onehot_C01	shuffle	tjupan_bacillus_subtilis_main_af44da9eb65c9b2b__dinucleotide_null	tjupan_bacillus_subtilis_main_af44da9eb65c9b2b	4.215115532918645	False	8	17	+	-48.5
EMB_onehot_C01	shuffle	tjupan_bacillus_subtilis_main_8f5b60fc07e381f2__dinucleotide_null	dbtbs_bsub_core_8f5b60fc07e381f2	4.487742315539072	False	28	37	+	-28.5
EMB_onehot_C01	shuffle	tjupan_bacillus_subtilis_main_5c9bf0eab187b5f5__dinucleotide_null	dbtbs_bsub_core_93f240a64705adb6	8.080418323290438	False	68	77	+	11.5
EMB_onehot_C01	shuffle	tjupan_bacillus_subtilis_main_aaf138e1b23719d3__dinucleotide_null	dbtbs_bsub_core_380666e4ad2529dd	5.833832480824771	False	1	10	-	-55.5
EMB_onehot_C01	shuffle	tjupan_bacillus_subtilis_main_0fcba0431054cde6__dinucleotide_null	dbtbs_bsub_core_0fcba0431054cde6	6.787104866986058	False	44	53	+	-12.5
EMB_onehot_C01	shuffle	tjupan_bacillus_subtilis_main_6f6446b7ed912162__dinucleotide_null	dbtbs_bsub_core_6f6446b7ed912162	5.512395529797476	False	15	24	+	-41.5
EMB_onehot_C01	shuffle	tjupan_bacillus_subtilis_main_d434d749686b9e33__dinucleotide_null	dbtbs_bsub_core_137eff58d766cefa	3.5993821937628945	False	47	56	-	-9.5
EMB_onehot_C01	shuffle	tjupan_bacillus_subtilis_main_96c549f1b176b111__dinucleotide_null	tjupan_bacillus_subtilis_main_96c549f1b176b111	5.467996594813591	False	21	30	-	-35.5
EMB_onehot_C01	shuffle	tjupan_bacillus_subtilis_main_a4db17c75fb94c83__dinucleotide_null	dbtbs_bsub_core_8c6f4b9eba960292	6.302287355750643	False	42	51	-	-14.5
EMB_onehot_C01	shuffle	tjupan_bacillus_subtilis_main_0e5e92df8dafa46f__dinucleotide_null	dbtbs_bsub_core_0e5e92df8dafa46f	6.913989803504457	False	15	24	+	-41.5
EMB_onehot_C01	shuffle	tjupan_bacillus_subtilis_main_089b35a135bf8797__dinucleotide_null	tjupan_bacillus_subtilis_main_089b35a135bf8797	8.069174883975245	False	1	10	+	-55.5
EMB_onehot_C01	shuffle	tjupan_bacillus_subtilis_main_2e3c51df0d86f79b__dinucleotide_null	dbtbs_bsub_core_245b899eb3255120	4.49131129812588	False	52	61	+	-4.5
EMB_onehot_C01	shuffle	tjupan_bacillus_subtilis_main_648aef9dba1f38c4__dinucleotide_null	tjupan_bacillus_subtilis_main_648aef9dba1f38c4	8.432949117321565	True	3	12	-	-53.5
EMB_onehot_C01	shuffle	tjupan_bacillus_subtilis_main_b809758bf01da07c__dinucleotide_null	tjupan_bacillus_subtilis_main_b809758bf01da07c	8.163872903137825	False	53	62	+	-3.5
EMB_onehot_C01	shuffle	tjupan_bacillus_subtilis_main_72db3945a2fcac01__dinucleotide_null	tjupan_bacillus_subtilis_main_72db3945a2fcac01	8.47164377705715	True	64	73	+	7.5
EMB_onehot_C01	shuffle	tjupan_bacillus_subtilis_main_8d9a62a0fbc43019__dinucleotide_null	dbtbs_bsub_core_3348625232a23256	5.93739463124065	False	44	53	-	-12.5
EMB_onehot_C01	shuffle	tjupan_bacillus_subtilis_main_2fc6e10224ce632e__dinucleotide_null	dbtbs_bsub_core_2fc6e10224ce632e	5.9249733600166214	False	2	11	+	-54.5
EMB_onehot_C01	shuffle	tjupan_bacillus_subtilis_main_4dd4acc476485632__dinucleotide_null	tjupan_bacillus_subtilis_main_4dd4acc476485632	4.823769114314901	False	29	38	+	-27.5
EMB_onehot_C01	shuffle	tjupan_bacillus_subtilis_main_5a1a4573de4d55b3__dinucleotide_null	dbtbs_bsub_core_af75962c5aaa60ac	7.554995536205934	False	7	16	-	-49.5
EMB_onehot_C01	shuffle	tjupan_bacillus_subtilis_main_fe854ef781d570c9__dinucleotide_null	dbtbs_bsub_core_79142b70125d7f77	5.860565403522488	False	18	27	+	-38.5
EMB_onehot_C02	positive	tjupan_bacillus_subtilis_main_089b35a135bf8797	tjupan_bacillus_subtilis_main_089b35a135bf8797	6.34079938827327	False	14	23	+	-42.5
EMB_onehot_C02	positive	tjupan_bacillus_subtilis_main_0b4e887f7ea9c424	dbtbs_bsub_core_0b4e887f7ea9c424	6.437939954032999	False	22	31	-	-34.5
EMB_onehot_C02	positive	tjupan_bacillus_subtilis_main_0dc2e54e8f0778d4	dbtbs_bsub_core_89ecb38b4ff0148f	4.30055885330708	False	67	76	+	10.5
EMB_onehot_C02	positive	tjupan_bacillus_subtilis_main_0e5e92df8dafa46f	dbtbs_bsub_core_0e5e92df8dafa46f	5.991790969297549	False	52	61	+	-4.5
EMB_onehot_C02	positive	tjupan_bacillus_subtilis_main_0fcba0431054cde6	dbtbs_bsub_core_0fcba0431054cde6	6.17317089469079	False	59	68	+	2.5
EMB_onehot_C02	positive	tjupan_bacillus_subtilis_main_103f2a1ec6daa8c4	dbtbs_bsub_core_103f2a1ec6daa8c4	6.391144657902215	False	32	41	-	-24.5
EMB_onehot_C02	positive	tjupan_bacillus_subtilis_main_1b58b9006f9baf4f	dbtbs_bsub_core_1b58b9006f9baf4f	6.61544797601543	False	26	35	-	-30.5
EMB_onehot_C02	positive	tjupan_bacillus_subtilis_main_1bc60721b4be672c	dbtbs_bsub_core_cb8975beecd17a84	10.300632608622212	True	71	80	+	14.5
EMB_onehot_C02	positive	tjupan_bacillus_subtilis_main_1eb616e060615c81	tjupan_bacillus_subtilis_main_1eb616e060615c81	6.442311625704331	False	4	13	+	-52.5
EMB_onehot_C02	positive	tjupan_bacillus_subtilis_main_2e3c51df0d86f79b	dbtbs_bsub_core_245b899eb3255120	7.802813574408872	False	36	45	+	-20.5
EMB_onehot_C02	positive	tjupan_bacillus_subtilis_main_2fc6e10224ce632e	dbtbs_bsub_core_2fc6e10224ce632e	9.155705444060542	True	20	29	-	-36.5
EMB_onehot_C02	positive	tjupan_bacillus_subtilis_main_323902b09c4af7f6	dbtbs_bsub_core_bb1d2472f35efe20	4.83792240995767	False	58	67	+	1.5
EMB_onehot_C02	positive	tjupan_bacillus_subtilis_main_3ec8c178aa138223	tjupan_bacillus_subtilis_main_3ec8c178aa138223	4.952575423822627	False	32	41	+	-24.5
EMB_onehot_C02	positive	tjupan_bacillus_subtilis_main_409ff8a786357eb4	dbtbs_bsub_core_3e3a825c0d09de99	8.056097393341298	False	53	62	+	-3.5
EMB_onehot_C02	positive	tjupan_bacillus_subtilis_main_42074f78c0199323	dbtbs_bsub_core_42074f78c0199323	6.767342767165227	False	15	24	-	-41.5
EMB_onehot_C02	positive	tjupan_bacillus_subtilis_main_42c1909004fe3d73	tjupan_bacillus_subtilis_main_42c1909004fe3d73	4.4015270235346	False	65	74	-	8.5
EMB_onehot_C02	positive	tjupan_bacillus_subtilis_main_4a95c9a0c8c0dc5d	dbtbs_bsub_core_d38f72abf66add23	5.282392024958618	False	27	36	+	-29.5
EMB_onehot_C02	positive	tjupan_bacillus_subtilis_main_4dd4acc476485632	tjupan_bacillus_subtilis_main_4dd4acc476485632	6.9339971025676554	False	35	44	-	-21.5
EMB_onehot_C02	positive	tjupan_bacillus_subtilis_main_5a1a4573de4d55b3	dbtbs_bsub_core_af75962c5aaa60ac	7.644114634030687	False	47	56	+	-9.5
EMB_onehot_C02	positive	tjupan_bacillus_subtilis_main_5bcbea22526b97af	dbtbs_bsub_core_2bafb1a73b5c7300	6.136993165831138	False	30	39	-	-26.5
EMB_onehot_C02	positive	tjupan_bacillus_subtilis_main_5c9bf0eab187b5f5	dbtbs_bsub_core_93f240a64705adb6	5.678263534088954	False	25	34	+	-31.5
EMB_onehot_C02	positive	tjupan_bacillus_subtilis_main_648aef9dba1f38c4	tjupan_bacillus_subtilis_main_648aef9dba1f38c4	4.895401918630989	False	72	81	-	15.5
EMB_onehot_C02	positive	tjupan_bacillus_subtilis_main_682dcc155b9eb236	dbtbs_bsub_core_5d3712ff0aeb1916	5.651548356000594	False	53	62	+	-3.5
EMB_onehot_C02	positive	tjupan_bacillus_subtilis_main_6cf2c0e47935a8c2	dbtbs_bsub_core_6cf2c0e47935a8c2	5.066308781669216	False	69	78	-	12.5
EMB_onehot_C02	positive	tjupan_bacillus_subtilis_main_6f5bfd2e001a2697	dbtbs_bsub_core_6f5bfd2e001a2697	6.61591427244681	False	60	69	-	3.5
EMB_onehot_C02	positive	tjupan_bacillus_subtilis_main_6f6446b7ed912162	dbtbs_bsub_core_6f6446b7ed912162	6.886395195055744	False	61	70	+	4.5
EMB_onehot_C02	positive	tjupan_bacillus_subtilis_main_6fc8f7f57b8f5e9d	tjupan_bacillus_subtilis_main_6fc8f7f57b8f5e9d	7.509727501347935	False	5	14	+	-51.5
EMB_onehot_C02	positive	tjupan_bacillus_subtilis_main_72127e86172ad2be	tjupan_bacillus_subtilis_main_72127e86172ad2be	6.34079938827327	False	13	22	-	-43.5
EMB_onehot_C02	positive	tjupan_bacillus_subtilis_main_721ac29c5ef7c9f0	dbtbs_bsub_core_721ac29c5ef7c9f0	8.821847321703434	True	55	64	+	-1.5
EMB_onehot_C02	positive	tjupan_bacillus_subtilis_main_72db3945a2fcac01	tjupan_bacillus_subtilis_main_72db3945a2fcac01	7.542416970661719	False	31	40	-	-25.5
EMB_onehot_C02	positive	tjupan_bacillus_subtilis_main_74379fc21a77213d	tjupan_bacillus_subtilis_main_74379fc21a77213d	6.254573689007023	False	6	15	-	-50.5
EMB_onehot_C02	positive	tjupan_bacillus_subtilis_main_79220287475133e5	dbtbs_bsub_core_79220287475133e5	5.550939285796547	False	26	35	+	-30.5
EMB_onehot_C02	positive	tjupan_bacillus_subtilis_main_7c407bebf512b5e0	tjupan_bacillus_subtilis_main_7c407bebf512b5e0	4.533650715750091	False	23	32	-	-33.5
EMB_onehot_C02	positive	tjupan_bacillus_subtilis_main_824214e197f86545	tjupan_bacillus_subtilis_main_824214e197f86545	6.586280136182062	False	58	67	+	1.5
EMB_onehot_C02	positive	tjupan_bacillus_subtilis_main_842f97f040946982	tjupan_bacillus_subtilis_main_842f97f040946982	5.808955496385663	False	32	41	+	-24.5
EMB_onehot_C02	positive	tjupan_bacillus_subtilis_main_84cc0835204b8e58	dbtbs_bsub_core_396da27afda34e05	5.0622639183038185	False	13	22	+	-43.5
EMB_onehot_C02	positive	tjupan_bacillus_subtilis_main_89e75db25f32c6c9	dbtbs_bsub_core_66a79c370c059251	6.948979376958303	False	72	81	+	15.5
EMB_onehot_C02	positive	tjupan_bacillus_subtilis_main_8d9a62a0fbc43019	dbtbs_bsub_core_3348625232a23256	8.085215154545036	False	14	23	-	-42.5
EMB_onehot_C02	positive	tjupan_bacillus_subtilis_main_8f5b60fc07e381f2	dbtbs_bsub_core_8f5b60fc07e381f2	5.927938921563119	False	29	38	-	-27.5
EMB_onehot_C02	positive	tjupan_bacillus_subtilis_main_93a3a1679c7a73c9	tjupan_bacillus_subtilis_main_93a3a1679c7a73c9	8.28111806556283	True	27	36	+	-29.5
EMB_onehot_C02	positive	tjupan_bacillus_subtilis_main_96c549f1b176b111	tjupan_bacillus_subtilis_main_96c549f1b176b111	4.2795736974389715	False	45	54	-	-11.5
EMB_onehot_C02	positive	tjupan_bacillus_subtilis_main_996c93274b7d349e	tjupan_bacillus_subtilis_main_996c93274b7d349e	7.752150050033543	False	3	12	+	-53.5
EMB_onehot_C02	positive	tjupan_bacillus_subtilis_main_9996ea2b61a7fc82	tjupan_bacillus_subtilis_main_9996ea2b61a7fc82	3.8272769190047335	False	53	62	+	-3.5
EMB_onehot_C02	positive	tjupan_bacillus_subtilis_main_a2ab5f161ee68a0a	tjupan_bacillus_subtilis_main_a2ab5f161ee68a0a	8.026798637775702	False	6	15	-	-50.5
EMB_onehot_C02	positive	tjupan_bacillus_subtilis_main_a2bee6d81c2dad89	dbtbs_bsub_core_a2bee6d81c2dad89	7.686588372094933	False	63	72	+	6.5
EMB_onehot_C02	positive	tjupan_bacillus_subtilis_main_a4db17c75fb94c83	dbtbs_bsub_core_8c6f4b9eba960292	6.8554219543558235	False	17	26	-	-39.5
EMB_onehot_C02	positive	tjupan_bacillus_subtilis_main_a7eb317986e0a410	tjupan_bacillus_subtilis_main_a7eb317986e0a410	3.790614930135909	False	2	11	-	-54.5
EMB_onehot_C02	positive	tjupan_bacillus_subtilis_main_aaf138e1b23719d3	dbtbs_bsub_core_380666e4ad2529dd	5.109706683781894	False	72	81	-	15.5
EMB_onehot_C02	positive	tjupan_bacillus_subtilis_main_af44da9eb65c9b2b	tjupan_bacillus_subtilis_main_af44da9eb65c9b2b	9.02114413358771	True	22	31	-	-34.5
EMB_onehot_C02	positive	tjupan_bacillus_subtilis_main_b541048ffbe461fc	tjupan_bacillus_subtilis_main_b541048ffbe461fc	5.377768228674631	False	28	37	-	-28.5
EMB_onehot_C02	positive	tjupan_bacillus_subtilis_main_b558e80410906098	dbtbs_bsub_core_b558e80410906098	5.392561523964152	False	19	28	-	-37.5
EMB_onehot_C02	positive	tjupan_bacillus_subtilis_main_b809758bf01da07c	tjupan_bacillus_subtilis_main_b809758bf01da07c	7.160735544101435	False	51	60	+	-5.5
EMB_onehot_C02	positive	tjupan_bacillus_subtilis_main_b86a1d8c42408cc4	tjupan_bacillus_subtilis_main_b86a1d8c42408cc4	7.957300905934976	False	44	53	-	-12.5
EMB_onehot_C02	positive	tjupan_bacillus_subtilis_main_c7551eecc12a98c1	tjupan_bacillus_subtilis_main_c7551eecc12a98c1	5.6086229486351025	False	22	31	-	-34.5
EMB_onehot_C02	positive	tjupan_bacillus_subtilis_main_c897ab6e4a2d8869	tjupan_bacillus_subtilis_main_c897ab6e4a2d8869	6.558513384912607	False	16	25	-	-40.5
EMB_onehot_C02	positive	tjupan_bacillus_subtilis_main_cd9626c39ea075d5	dbtbs_bsub_core_cd9626c39ea075d5	5.4367946308938135	False	52	61	+	-4.5
EMB_onehot_C02	positive	tjupan_bacillus_subtilis_main_cf013234eecd796b	dbtbs_bsub_core_700614a2577d51a9	8.135825860100512	False	43	52	-	-13.5
EMB_onehot_C02	positive	tjupan_bacillus_subtilis_main_d072d578ae627246	tjupan_bacillus_subtilis_main_d072d578ae627246	3.9669773737345775	False	40	49	+	-16.5
EMB_onehot_C02	positive	tjupan_bacillus_subtilis_main_d434d749686b9e33	dbtbs_bsub_core_137eff58d766cefa	7.890135579913665	False	40	49	+	-16.5
EMB_onehot_C02	positive	tjupan_bacillus_subtilis_main_d75f323535d0e96f	tjupan_bacillus_subtilis_main_d75f323535d0e96f	6.0893912583192265	False	8	17	-	-48.5
EMB_onehot_C02	positive	tjupan_bacillus_subtilis_main_d94f791dab569af4	dbtbs_bsub_core_e72b843a494a35db	7.771713468542941	False	32	41	+	-24.5
EMB_onehot_C02	positive	tjupan_bacillus_subtilis_main_dc95e7cdf3939931	dbtbs_bsub_core_dc95e7cdf3939931	8.159580766656315	False	25	34	+	-31.5
EMB_onehot_C02	positive	tjupan_bacillus_subtilis_main_dda9e4c6372ef204	dbtbs_bsub_core_50819f6cb2562fd8	3.997288236319776	False	72	81	-	15.5
EMB_onehot_C02	positive	tjupan_bacillus_subtilis_main_e51e63a9cb3e9467	dbtbs_bsub_core_bb482769c888cf21	4.651049336251684	False	60	69	+	3.5
EMB_onehot_C02	positive	tjupan_bacillus_subtilis_main_e7e17b10ff25536a	tjupan_bacillus_subtilis_main_1eb616e060615c81	6.442311625704331	False	7	16	+	-49.5
EMB_onehot_C02	positive	tjupan_bacillus_subtilis_main_f2d1e33176b05430	dbtbs_bsub_core_f2d1e33176b05430	6.087416010026909	False	71	80	-	14.5
EMB_onehot_C02	positive	tjupan_bacillus_subtilis_main_fe854ef781d570c9	dbtbs_bsub_core_79142b70125d7f77	7.482992942243447	False	22	31	-	-34.5
EMB_onehot_C02	natural	tjupan_bacillus_subtilis_main_01f49032fc924b2b	tjupan_bacillus_subtilis_main_01f49032fc924b2b	8.291741961799696	True	9	18	+	-47.5
EMB_onehot_C02	natural	tjupan_bacillus_subtilis_main_0369fa5f1dde8889	tjupan_bacillus_subtilis_main_0369fa5f1dde8889	7.000566910492012	False	64	73	+	7.5
EMB_onehot_C02	natural	tjupan_bacillus_subtilis_main_04bf0704019251eb	tjupan_bacillus_subtilis_main_04bf0704019251eb	6.029805892594588	False	10	19	+	-46.5
EMB_onehot_C02	natural	tjupan_bacillus_subtilis_main_07a43cab15901fd0	tjupan_bacillus_subtilis_main_07a43cab15901fd0	6.326515254714507	False	20	29	+	-36.5
EMB_onehot_C02	natural	tjupan_bacillus_subtilis_main_0abf62f108ad9afa	tjupan_bacillus_subtilis_main_0abf62f108ad9afa	8.847387052426804	True	2	11	+	-54.5
EMB_onehot_C02	natural	tjupan_bacillus_subtilis_main_10a028761e096e6f	tjupan_bacillus_subtilis_main_10a028761e096e6f	5.983561079543434	False	67	76	+	10.5
EMB_onehot_C02	natural	tjupan_bacillus_subtilis_main_1183c551e9c3884e	tjupan_bacillus_subtilis_main_1183c551e9c3884e	4.772028927387306	False	19	28	-	-37.5
EMB_onehot_C02	natural	tjupan_bacillus_subtilis_main_11c75fe7d070d91d	tjupan_bacillus_subtilis_main_11c75fe7d070d91d	3.8162427209862044	False	25	34	+	-31.5
EMB_onehot_C02	natural	tjupan_bacillus_subtilis_main_13f81edc59432f39	tjupan_bacillus_subtilis_main_13f81edc59432f39	6.155679649723396	False	24	33	+	-32.5
EMB_onehot_C02	natural	tjupan_bacillus_subtilis_main_1a1965c69595e91c	tjupan_bacillus_subtilis_main_1a1965c69595e91c	6.290191138174847	False	47	56	+	-9.5
EMB_onehot_C02	natural	tjupan_bacillus_subtilis_main_28ceb7fd6ffaf1b1	tjupan_bacillus_subtilis_main_28ceb7fd6ffaf1b1	5.9150455513754	False	17	26	+	-39.5
EMB_onehot_C02	natural	tjupan_bacillus_subtilis_main_2a691ccdd9f8cd87	tjupan_bacillus_subtilis_main_2a691ccdd9f8cd87	3.892457950550222	False	46	55	+	-10.5
EMB_onehot_C02	natural	tjupan_bacillus_subtilis_main_3095b00d206277d2	tjupan_bacillus_subtilis_main_3095b00d206277d2	4.452568430859845	False	56	65	+	-0.5
EMB_onehot_C02	natural	tjupan_bacillus_subtilis_main_33ded6bc702ab6e3	tjupan_bacillus_subtilis_main_33ded6bc702ab6e3	6.579823982817424	False	49	58	-	-7.5
EMB_onehot_C02	natural	tjupan_bacillus_subtilis_main_3b669bfd8e8ecc5c	tjupan_bacillus_subtilis_main_3b669bfd8e8ecc5c	6.878390984038781	False	2	11	+	-54.5
EMB_onehot_C02	natural	tjupan_bacillus_subtilis_main_3dfed0cfea4ace99	tjupan_bacillus_subtilis_main_3dfed0cfea4ace99	5.582033265683761	False	14	23	+	-42.5
EMB_onehot_C02	natural	tjupan_bacillus_subtilis_main_3f82397c249b4c2e	tjupan_bacillus_subtilis_main_3f82397c249b4c2e	7.9640179823633614	False	72	81	-	15.5
EMB_onehot_C02	natural	tjupan_bacillus_subtilis_main_413de94f4b4cc894	tjupan_bacillus_subtilis_main_413de94f4b4cc894	6.990193123008703	False	16	25	-	-40.5
EMB_onehot_C02	natural	tjupan_bacillus_subtilis_main_4225dc5bcf089682	tjupan_bacillus_subtilis_main_4225dc5bcf089682	3.5854849262754205	False	3	12	+	-53.5
EMB_onehot_C02	natural	tjupan_bacillus_subtilis_main_43e8357a95b8acad	tjupan_bacillus_subtilis_main_43e8357a95b8acad	5.1454417153309855	False	7	16	-	-49.5
EMB_onehot_C02	natural	tjupan_bacillus_subtilis_main_44b9e66950262593	tjupan_bacillus_subtilis_main_44b9e66950262593	5.582323566479109	False	35	44	+	-21.5
EMB_onehot_C02	natural	tjupan_bacillus_subtilis_main_4600103c5e396ab7	tjupan_bacillus_subtilis_main_4600103c5e396ab7	3.7652800769379104	False	51	60	+	-5.5
EMB_onehot_C02	natural	tjupan_bacillus_subtilis_main_47b01646ad818f05	tjupan_bacillus_subtilis_main_47b01646ad818f05	7.313697011866937	False	61	70	-	4.5
EMB_onehot_C02	natural	tjupan_bacillus_subtilis_main_47f3a0ce2d4034a8	tjupan_bacillus_subtilis_main_47f3a0ce2d4034a8	5.793512571912818	False	10	19	-	-46.5
EMB_onehot_C02	natural	tjupan_bacillus_subtilis_main_4c62636643ef908e	tjupan_bacillus_subtilis_main_4c62636643ef908e	7.644140383237186	False	22	31	+	-34.5
EMB_onehot_C02	natural	tjupan_bacillus_subtilis_main_4ec6f242d8a5df5c	tjupan_bacillus_subtilis_main_4ec6f242d8a5df5c	5.947377626810123	False	11	20	+	-45.5
EMB_onehot_C02	natural	tjupan_bacillus_subtilis_main_4efdcab552f8b70d	tjupan_bacillus_subtilis_main_4efdcab552f8b70d	5.270852145369552	False	34	43	-	-22.5
EMB_onehot_C02	natural	tjupan_bacillus_subtilis_main_51577d89c939deba	tjupan_bacillus_subtilis_main_51577d89c939deba	5.158446656626759	False	20	29	+	-36.5
EMB_onehot_C02	natural	tjupan_bacillus_subtilis_main_52bff7f8e27d9410	tjupan_bacillus_subtilis_main_52bff7f8e27d9410	5.167538457386458	False	5	14	+	-51.5
EMB_onehot_C02	natural	tjupan_bacillus_subtilis_main_59901c21c497690b	tjupan_bacillus_subtilis_main_59901c21c497690b	4.582853237693946	False	21	30	+	-35.5
EMB_onehot_C02	natural	tjupan_bacillus_subtilis_main_5f953d4f57c1fa81	tjupan_bacillus_subtilis_main_5f953d4f57c1fa81	4.587983713242448	False	31	40	+	-25.5
EMB_onehot_C02	natural	tjupan_bacillus_subtilis_main_669f9a1f1028b036	tjupan_bacillus_subtilis_main_669f9a1f1028b036	3.244624554030654	False	45	54	-	-11.5
EMB_onehot_C02	natural	tjupan_bacillus_subtilis_main_69dc5d058d63d549	tjupan_bacillus_subtilis_main_69dc5d058d63d549	5.328574480173421	False	13	22	-	-43.5
EMB_onehot_C02	natural	tjupan_bacillus_subtilis_main_6cfe0a7e178b1651	tjupan_bacillus_subtilis_main_6cfe0a7e178b1651	5.09498007670493	False	64	73	+	7.5
EMB_onehot_C02	natural	tjupan_bacillus_subtilis_main_705ab5e790a4610d	tjupan_bacillus_subtilis_main_705ab5e790a4610d	4.970365309179701	False	67	76	+	10.5
EMB_onehot_C02	natural	tjupan_bacillus_subtilis_main_71852833d33a5887	tjupan_bacillus_subtilis_main_71852833d33a5887	3.538380001805982	False	69	78	+	12.5
EMB_onehot_C02	natural	tjupan_bacillus_subtilis_main_76c86d1f05ca1d88	tjupan_bacillus_subtilis_main_76c86d1f05ca1d88	5.809468217567718	False	63	72	+	6.5
EMB_onehot_C02	natural	tjupan_bacillus_subtilis_main_777d2d2586a95fbc	tjupan_bacillus_subtilis_main_777d2d2586a95fbc	6.598951637279911	False	48	57	-	-8.5
EMB_onehot_C02	natural	tjupan_bacillus_subtilis_main_7c99b9a8665786aa	tjupan_bacillus_subtilis_main_7c99b9a8665786aa	3.409456551947454	False	6	15	-	-50.5
EMB_onehot_C02	natural	tjupan_bacillus_subtilis_main_82f0003647ec7740	tjupan_bacillus_subtilis_main_82f0003647ec7740	5.527434768007164	False	29	38	-	-27.5
EMB_onehot_C02	natural	tjupan_bacillus_subtilis_main_8a9952e5dc8e0bd1	tjupan_bacillus_subtilis_main_8a9952e5dc8e0bd1	7.7250698857277005	False	35	44	-	-21.5
EMB_onehot_C02	natural	tjupan_bacillus_subtilis_main_8c2afb751c3f9d92	tjupan_bacillus_subtilis_main_8c2afb751c3f9d92	4.968817329266377	False	29	38	+	-27.5
EMB_onehot_C02	natural	tjupan_bacillus_subtilis_main_8e1b3c58365d2bbd	tjupan_bacillus_subtilis_main_8e1b3c58365d2bbd	7.447489127407335	False	4	13	-	-52.5
EMB_onehot_C02	natural	tjupan_bacillus_subtilis_main_906140fe2a990d8e	tjupan_bacillus_subtilis_main_906140fe2a990d8e	5.213480756102011	False	13	22	+	-43.5
EMB_onehot_C02	natural	tjupan_bacillus_subtilis_main_94dbc17f3078c678	tjupan_bacillus_subtilis_main_94dbc17f3078c678	5.37998812864147	False	64	73	-	7.5
EMB_onehot_C02	natural	tjupan_bacillus_subtilis_main_9bf1d28c9aae3b2e	tjupan_bacillus_subtilis_main_9bf1d28c9aae3b2e	5.26519228606702	False	26	35	+	-30.5
EMB_onehot_C02	natural	tjupan_bacillus_subtilis_main_9cc8f38cff175da4	tjupan_bacillus_subtilis_main_9cc8f38cff175da4	7.413327274686671	False	46	55	+	-10.5
EMB_onehot_C02	natural	tjupan_bacillus_subtilis_main_9cceb700e3527301	tjupan_bacillus_subtilis_main_9cceb700e3527301	3.2270437248211774	False	44	53	-	-12.5
EMB_onehot_C02	natural	tjupan_bacillus_subtilis_main_9d0345f875b7552c	tjupan_bacillus_subtilis_main_9d0345f875b7552c	4.628415246695807	False	44	53	+	-12.5
EMB_onehot_C02	natural	tjupan_bacillus_subtilis_main_a3fedb31fa6cc84b	tjupan_bacillus_subtilis_main_a3fedb31fa6cc84b	8.688131847896068	True	64	73	+	7.5
EMB_onehot_C02	natural	tjupan_bacillus_subtilis_main_a54e7006d4699b67	tjupan_bacillus_subtilis_main_a54e7006d4699b67	3.398780309070615	False	27	36	-	-29.5
EMB_onehot_C02	natural	tjupan_bacillus_subtilis_main_aaa45c891936f972	tjupan_bacillus_subtilis_main_aaa45c891936f972	4.998319082682017	False	7	16	-	-49.5
EMB_onehot_C02	natural	tjupan_bacillus_subtilis_main_aec3d55ae2f9e509	tjupan_bacillus_subtilis_main_aec3d55ae2f9e509	9.135954251056592	True	6	15	-	-50.5
EMB_onehot_C02	natural	tjupan_bacillus_subtilis_main_b0b9cfd1b442c029	tjupan_bacillus_subtilis_main_b0b9cfd1b442c029	6.9942357967388995	False	58	67	-	1.5
EMB_onehot_C02	natural	tjupan_bacillus_subtilis_main_b161f4572a371b25	tjupan_bacillus_subtilis_main_b161f4572a371b25	5.097323103323569	False	38	47	+	-18.5
EMB_onehot_C02	natural	tjupan_bacillus_subtilis_main_b3e87bd1af1ccb1a	tjupan_bacillus_subtilis_main_b3e87bd1af1ccb1a	4.1033686311565045	False	50	59	+	-6.5
EMB_onehot_C02	natural	tjupan_bacillus_subtilis_main_b5ddce4bc0328e2c	tjupan_bacillus_subtilis_main_b5ddce4bc0328e2c	8.192176314959985	False	38	47	+	-18.5
EMB_onehot_C02	natural	tjupan_bacillus_subtilis_main_b9d7835496546020	tjupan_bacillus_subtilis_main_b9d7835496546020	5.37990298984032	False	19	28	-	-37.5
EMB_onehot_C02	natural	tjupan_bacillus_subtilis_main_bd36aa35d4edeb39	tjupan_bacillus_subtilis_main_bd36aa35d4edeb39	6.151959602906975	False	4	13	-	-52.5
EMB_onehot_C02	natural	tjupan_bacillus_subtilis_main_c24b04311bf8b4bf	tjupan_bacillus_subtilis_main_c24b04311bf8b4bf	5.40755100024891	False	20	29	+	-36.5
EMB_onehot_C02	natural	tjupan_bacillus_subtilis_main_c981e3412d58013c	tjupan_bacillus_subtilis_main_c981e3412d58013c	4.3690158866911295	False	7	16	-	-49.5
EMB_onehot_C02	natural	tjupan_bacillus_subtilis_main_cbe667645cefe255	tjupan_bacillus_subtilis_main_cbe667645cefe255	5.89969886775892	False	27	36	+	-29.5
EMB_onehot_C02	natural	tjupan_bacillus_subtilis_main_ced7dfa7b2671e00	tjupan_bacillus_subtilis_main_ced7dfa7b2671e00	8.633276835474335	True	61	70	-	4.5
EMB_onehot_C02	natural	tjupan_bacillus_subtilis_main_d14a8947b06ae361	tjupan_bacillus_subtilis_main_d14a8947b06ae361	5.970553039221363	False	53	62	+	-3.5
EMB_onehot_C02	natural	tjupan_bacillus_subtilis_main_dd7d0f632ba9b25f	tjupan_bacillus_subtilis_main_dd7d0f632ba9b25f	6.878390984038781	False	53	62	+	-3.5
EMB_onehot_C02	natural	tjupan_bacillus_subtilis_main_deeb9c19c390dc19	tjupan_bacillus_subtilis_main_deeb9c19c390dc19	3.2238200850683514	False	9	18	+	-47.5
EMB_onehot_C02	natural	tjupan_bacillus_subtilis_main_dfdf3a9a774b0b36	tjupan_bacillus_subtilis_main_dfdf3a9a774b0b36	5.918414351957649	False	33	42	-	-23.5
EMB_onehot_C02	natural	tjupan_bacillus_subtilis_main_e05a9847e20fa44f	tjupan_bacillus_subtilis_main_e05a9847e20fa44f	4.29880834721907	False	6	15	-	-50.5
EMB_onehot_C02	natural	tjupan_bacillus_subtilis_main_e09693162cd1efc7	tjupan_bacillus_subtilis_main_e09693162cd1efc7	5.677750812906899	False	63	72	+	6.5
EMB_onehot_C02	natural	tjupan_bacillus_subtilis_main_e1df7768894b7e64	tjupan_bacillus_subtilis_main_e1df7768894b7e64	4.027419922614883	False	8	17	+	-48.5
EMB_onehot_C02	natural	tjupan_bacillus_subtilis_main_e4935e5203d5f4a1	tjupan_bacillus_subtilis_main_e4935e5203d5f4a1	6.534105136263436	False	21	30	-	-35.5
EMB_onehot_C02	natural	tjupan_bacillus_subtilis_main_e71258c4630ccafd	tjupan_bacillus_subtilis_main_e71258c4630ccafd	5.577763209611001	False	32	41	-	-24.5
EMB_onehot_C02	natural	tjupan_bacillus_subtilis_main_ea6abbc438ac2020	tjupan_bacillus_subtilis_main_ea6abbc438ac2020	4.34646526787133	False	63	72	-	6.5
EMB_onehot_C02	natural	tjupan_bacillus_subtilis_main_ede46bd107484afd	tjupan_bacillus_subtilis_main_ede46bd107484afd	7.368659889500814	False	70	79	-	13.5
EMB_onehot_C02	natural	tjupan_bacillus_subtilis_main_f0317abbf46a2fa8	tjupan_bacillus_subtilis_main_f0317abbf46a2fa8	7.64771303122806	False	26	35	+	-30.5
EMB_onehot_C02	natural	tjupan_bacillus_subtilis_main_fe9f961ad53aca80	tjupan_bacillus_subtilis_main_fe9f961ad53aca80	6.61544797601543	False	56	65	+	-0.5
EMB_onehot_C02	natural	tjupan_bacillus_subtilis_main_fffb0162887a3736	tjupan_bacillus_subtilis_main_fffb0162887a3736	4.784196625027566	False	39	48	-	-17.5
EMB_onehot_C02	shuffle	tjupan_bacillus_subtilis_main_0dc2e54e8f0778d4__dinucleotide_null	dbtbs_bsub_core_89ecb38b4ff0148f	7.789146558831038	False	71	80	-	14.5
EMB_onehot_C02	shuffle	tjupan_bacillus_subtilis_main_682dcc155b9eb236__dinucleotide_null	dbtbs_bsub_core_5d3712ff0aeb1916	7.646785939291611	False	26	35	+	-30.5
EMB_onehot_C02	shuffle	tjupan_bacillus_subtilis_main_f2d1e33176b05430__dinucleotide_null	dbtbs_bsub_core_f2d1e33176b05430	5.8885044028652995	False	15	24	+	-41.5
EMB_onehot_C02	shuffle	tjupan_bacillus_subtilis_main_c7551eecc12a98c1__dinucleotide_null	tjupan_bacillus_subtilis_main_c7551eecc12a98c1	7.580829521696775	False	41	50	-	-15.5
EMB_onehot_C02	shuffle	tjupan_bacillus_subtilis_main_89e75db25f32c6c9__dinucleotide_null	dbtbs_bsub_core_66a79c370c059251	8.290785450135079	True	40	49	-	-16.5
EMB_onehot_C02	shuffle	tjupan_bacillus_subtilis_main_9996ea2b61a7fc82__dinucleotide_null	tjupan_bacillus_subtilis_main_9996ea2b61a7fc82	6.250756090313296	False	41	50	-	-15.5
EMB_onehot_C02	shuffle	tjupan_bacillus_subtilis_main_b86a1d8c42408cc4__dinucleotide_null	tjupan_bacillus_subtilis_main_b86a1d8c42408cc4	7.414867708269144	False	47	56	-	-9.5
EMB_onehot_C02	shuffle	tjupan_bacillus_subtilis_main_79220287475133e5__dinucleotide_null	dbtbs_bsub_core_79220287475133e5	9.262640855268991	True	69	78	-	12.5
EMB_onehot_C02	shuffle	tjupan_bacillus_subtilis_main_a2bee6d81c2dad89__dinucleotide_null	dbtbs_bsub_core_a2bee6d81c2dad89	5.164301927323132	False	56	65	+	-0.5
EMB_onehot_C02	shuffle	tjupan_bacillus_subtilis_main_103f2a1ec6daa8c4__dinucleotide_null	dbtbs_bsub_core_103f2a1ec6daa8c4	6.003517046508872	False	60	69	+	3.5
EMB_onehot_C02	shuffle	tjupan_bacillus_subtilis_main_996c93274b7d349e__dinucleotide_null	tjupan_bacillus_subtilis_main_996c93274b7d349e	7.539848056340329	False	60	69	+	3.5
EMB_onehot_C02	shuffle	tjupan_bacillus_subtilis_main_7c407bebf512b5e0__dinucleotide_null	tjupan_bacillus_subtilis_main_7c407bebf512b5e0	4.862353716090023	False	36	45	+	-20.5
EMB_onehot_C02	shuffle	tjupan_bacillus_subtilis_main_842f97f040946982__dinucleotide_null	tjupan_bacillus_subtilis_main_842f97f040946982	6.488388409145923	False	6	15	-	-50.5
EMB_onehot_C02	shuffle	tjupan_bacillus_subtilis_main_42c1909004fe3d73__dinucleotide_null	tjupan_bacillus_subtilis_main_42c1909004fe3d73	8.510104710662405	True	27	36	-	-29.5
EMB_onehot_C02	shuffle	tjupan_bacillus_subtilis_main_42074f78c0199323__dinucleotide_null	dbtbs_bsub_core_42074f78c0199323	5.705650038817767	False	16	25	-	-40.5
EMB_onehot_C02	shuffle	tjupan_bacillus_subtilis_main_72127e86172ad2be__dinucleotide_null	tjupan_bacillus_subtilis_main_72127e86172ad2be	5.847702511271169	False	61	70	+	4.5
EMB_onehot_C02	shuffle	tjupan_bacillus_subtilis_main_d072d578ae627246__dinucleotide_null	tjupan_bacillus_subtilis_main_d072d578ae627246	7.443831658399805	False	68	77	-	11.5
EMB_onehot_C02	shuffle	tjupan_bacillus_subtilis_main_a2ab5f161ee68a0a__dinucleotide_null	tjupan_bacillus_subtilis_main_a2ab5f161ee68a0a	5.917641413682123	False	27	36	-	-29.5
EMB_onehot_C02	shuffle	tjupan_bacillus_subtilis_main_3ec8c178aa138223__dinucleotide_null	tjupan_bacillus_subtilis_main_3ec8c178aa138223	4.548543832711149	False	37	46	+	-19.5
EMB_onehot_C02	shuffle	tjupan_bacillus_subtilis_main_824214e197f86545__dinucleotide_null	tjupan_bacillus_subtilis_main_824214e197f86545	5.481282566813412	False	42	51	-	-14.5
EMB_onehot_C02	shuffle	tjupan_bacillus_subtilis_main_721ac29c5ef7c9f0__dinucleotide_null	dbtbs_bsub_core_721ac29c5ef7c9f0	8.38603779166991	True	34	43	+	-22.5
EMB_onehot_C02	shuffle	tjupan_bacillus_subtilis_main_a7eb317986e0a410__dinucleotide_null	tjupan_bacillus_subtilis_main_a7eb317986e0a410	5.375709575500594	False	13	22	-	-43.5
EMB_onehot_C02	shuffle	tjupan_bacillus_subtilis_main_6cf2c0e47935a8c2__dinucleotide_null	dbtbs_bsub_core_6cf2c0e47935a8c2	10.300632608622214	True	70	79	-	13.5
EMB_onehot_C02	shuffle	tjupan_bacillus_subtilis_main_cd9626c39ea075d5__dinucleotide_null	dbtbs_bsub_core_cd9626c39ea075d5	7.826568480964676	False	58	67	+	1.5
EMB_onehot_C02	shuffle	tjupan_bacillus_subtilis_main_4a95c9a0c8c0dc5d__dinucleotide_null	dbtbs_bsub_core_d38f72abf66add23	6.235958996239756	False	30	39	+	-26.5
EMB_onehot_C02	shuffle	tjupan_bacillus_subtilis_main_323902b09c4af7f6__dinucleotide_null	dbtbs_bsub_core_bb1d2472f35efe20	4.176855021123441	False	71	80	-	14.5
EMB_onehot_C02	shuffle	tjupan_bacillus_subtilis_main_dda9e4c6372ef204__dinucleotide_null	dbtbs_bsub_core_50819f6cb2562fd8	4.130761648961471	False	6	15	-	-50.5
EMB_onehot_C02	shuffle	tjupan_bacillus_subtilis_main_6fc8f7f57b8f5e9d__dinucleotide_null	tjupan_bacillus_subtilis_main_6fc8f7f57b8f5e9d	3.595099469469828	False	35	44	+	-21.5
EMB_onehot_C02	shuffle	tjupan_bacillus_subtilis_main_84cc0835204b8e58__dinucleotide_null	dbtbs_bsub_core_396da27afda34e05	4.855555191710817	False	47	56	-	-9.5
EMB_onehot_C02	shuffle	tjupan_bacillus_subtilis_main_c897ab6e4a2d8869__dinucleotide_null	tjupan_bacillus_subtilis_main_c897ab6e4a2d8869	7.19186272114898	False	64	73	-	7.5
EMB_onehot_C02	shuffle	tjupan_bacillus_subtilis_main_1b58b9006f9baf4f__dinucleotide_null	dbtbs_bsub_core_1b58b9006f9baf4f	8.455703459226685	True	5	14	+	-51.5
EMB_onehot_C02	shuffle	tjupan_bacillus_subtilis_main_5bcbea22526b97af__dinucleotide_null	dbtbs_bsub_core_2bafb1a73b5c7300	5.349190808898993	False	65	74	+	8.5
EMB_onehot_C02	shuffle	tjupan_bacillus_subtilis_main_e51e63a9cb3e9467__dinucleotide_null	dbtbs_bsub_core_bb482769c888cf21	4.931568958440781	False	14	23	+	-42.5
EMB_onehot_C02	shuffle	tjupan_bacillus_subtilis_main_b558e80410906098__dinucleotide_null	dbtbs_bsub_core_b558e80410906098	4.878748282099903	False	15	24	+	-41.5
EMB_onehot_C02	shuffle	tjupan_bacillus_subtilis_main_dc95e7cdf3939931__dinucleotide_null	dbtbs_bsub_core_dc95e7cdf3939931	6.058298248823171	False	9	18	-	-47.5
EMB_onehot_C02	shuffle	tjupan_bacillus_subtilis_main_cf013234eecd796b__dinucleotide_null	dbtbs_bsub_core_700614a2577d51a9	6.358741934196473	False	34	43	+	-22.5
EMB_onehot_C02	shuffle	tjupan_bacillus_subtilis_main_b541048ffbe461fc__dinucleotide_null	tjupan_bacillus_subtilis_main_b541048ffbe461fc	3.4120110091501314	False	58	67	-	1.5
EMB_onehot_C02	shuffle	tjupan_bacillus_subtilis_main_0b4e887f7ea9c424__dinucleotide_null	dbtbs_bsub_core_0b4e887f7ea9c424	7.160871132201301	False	56	65	-	-0.5
EMB_onehot_C02	shuffle	tjupan_bacillus_subtilis_main_93a3a1679c7a73c9__dinucleotide_null	tjupan_bacillus_subtilis_main_93a3a1679c7a73c9	6.513262077808894	False	49	58	+	-7.5
EMB_onehot_C02	shuffle	tjupan_bacillus_subtilis_main_e7e17b10ff25536a__dinucleotide_null	tjupan_bacillus_subtilis_main_1eb616e060615c81	6.769828071905434	False	71	80	-	14.5
EMB_onehot_C02	shuffle	tjupan_bacillus_subtilis_main_d94f791dab569af4__dinucleotide_null	dbtbs_bsub_core_e72b843a494a35db	6.510862950889687	False	4	13	+	-52.5
EMB_onehot_C02	shuffle	tjupan_bacillus_subtilis_main_d75f323535d0e96f__dinucleotide_null	tjupan_bacillus_subtilis_main_d75f323535d0e96f	8.605884688170176	True	16	25	-	-40.5
EMB_onehot_C02	shuffle	tjupan_bacillus_subtilis_main_74379fc21a77213d__dinucleotide_null	tjupan_bacillus_subtilis_main_74379fc21a77213d	5.585898197696147	False	38	47	-	-18.5
EMB_onehot_C02	shuffle	tjupan_bacillus_subtilis_main_6f5bfd2e001a2697__dinucleotide_null	dbtbs_bsub_core_6f5bfd2e001a2697	6.9572392879414044	False	57	66	-	0.5
EMB_onehot_C02	shuffle	tjupan_bacillus_subtilis_main_1eb616e060615c81__dinucleotide_null	tjupan_bacillus_subtilis_main_1eb616e060615c81	6.170620337592734	False	4	13	-	-52.5
EMB_onehot_C02	shuffle	tjupan_bacillus_subtilis_main_409ff8a786357eb4__dinucleotide_null	dbtbs_bsub_core_3e3a825c0d09de99	6.021459592432074	False	45	54	+	-11.5
EMB_onehot_C02	shuffle	tjupan_bacillus_subtilis_main_1bc60721b4be672c__dinucleotide_null	dbtbs_bsub_core_cb8975beecd17a84	4.59588124126533	False	48	57	+	-8.5
EMB_onehot_C02	shuffle	tjupan_bacillus_subtilis_main_af44da9eb65c9b2b__dinucleotide_null	tjupan_bacillus_subtilis_main_af44da9eb65c9b2b	5.189195430924987	False	30	39	-	-26.5
EMB_onehot_C02	shuffle	tjupan_bacillus_subtilis_main_8f5b60fc07e381f2__dinucleotide_null	dbtbs_bsub_core_8f5b60fc07e381f2	7.23488629170066	False	61	70	+	4.5
EMB_onehot_C02	shuffle	tjupan_bacillus_subtilis_main_5c9bf0eab187b5f5__dinucleotide_null	dbtbs_bsub_core_93f240a64705adb6	6.021459592432074	False	27	36	+	-29.5
EMB_onehot_C02	shuffle	tjupan_bacillus_subtilis_main_aaf138e1b23719d3__dinucleotide_null	dbtbs_bsub_core_380666e4ad2529dd	6.840993533075126	False	29	38	+	-27.5
EMB_onehot_C02	shuffle	tjupan_bacillus_subtilis_main_0fcba0431054cde6__dinucleotide_null	dbtbs_bsub_core_0fcba0431054cde6	7.826568480964676	False	35	44	+	-21.5
EMB_onehot_C02	shuffle	tjupan_bacillus_subtilis_main_6f6446b7ed912162__dinucleotide_null	dbtbs_bsub_core_6f6446b7ed912162	6.994235796738899	False	5	14	+	-51.5
EMB_onehot_C02	shuffle	tjupan_bacillus_subtilis_main_d434d749686b9e33__dinucleotide_null	dbtbs_bsub_core_137eff58d766cefa	5.9986824262766225	False	25	34	-	-31.5
EMB_onehot_C02	shuffle	tjupan_bacillus_subtilis_main_96c549f1b176b111__dinucleotide_null	tjupan_bacillus_subtilis_main_96c549f1b176b111	5.6437465751911695	False	10	19	+	-46.5
EMB_onehot_C02	shuffle	tjupan_bacillus_subtilis_main_a4db17c75fb94c83__dinucleotide_null	dbtbs_bsub_core_8c6f4b9eba960292	5.809468217567718	False	37	46	-	-19.5
EMB_onehot_C02	shuffle	tjupan_bacillus_subtilis_main_0e5e92df8dafa46f__dinucleotide_null	dbtbs_bsub_core_0e5e92df8dafa46f	5.056078046750729	False	1	10	+	-55.5
EMB_onehot_C02	shuffle	tjupan_bacillus_subtilis_main_089b35a135bf8797__dinucleotide_null	tjupan_bacillus_subtilis_main_089b35a135bf8797	6.197522867912319	False	60	69	+	3.5
EMB_onehot_C02	shuffle	tjupan_bacillus_subtilis_main_2e3c51df0d86f79b__dinucleotide_null	dbtbs_bsub_core_245b899eb3255120	6.185931224191889	False	46	55	+	-10.5
EMB_onehot_C02	shuffle	tjupan_bacillus_subtilis_main_648aef9dba1f38c4__dinucleotide_null	tjupan_bacillus_subtilis_main_648aef9dba1f38c4	7.064174699149852	False	37	46	+	-19.5
EMB_onehot_C02	shuffle	tjupan_bacillus_subtilis_main_b809758bf01da07c__dinucleotide_null	tjupan_bacillus_subtilis_main_b809758bf01da07c	7.6856115441167	False	37	46	+	-19.5
EMB_onehot_C02	shuffle	tjupan_bacillus_subtilis_main_72db3945a2fcac01__dinucleotide_null	tjupan_bacillus_subtilis_main_72db3945a2fcac01	6.775222295797398	False	19	28	+	-37.5
EMB_onehot_C02	shuffle	tjupan_bacillus_subtilis_main_8d9a62a0fbc43019__dinucleotide_null	dbtbs_bsub_core_3348625232a23256	6.048973973688813	False	56	65	+	-0.5
EMB_onehot_C02	shuffle	tjupan_bacillus_subtilis_main_2fc6e10224ce632e__dinucleotide_null	dbtbs_bsub_core_2fc6e10224ce632e	7.167992877899804	False	41	50	+	-15.5
EMB_onehot_C02	shuffle	tjupan_bacillus_subtilis_main_4dd4acc476485632__dinucleotide_null	tjupan_bacillus_subtilis_main_4dd4acc476485632	8.120482008109631	False	30	39	+	-26.5
EMB_onehot_C02	shuffle	tjupan_bacillus_subtilis_main_5a1a4573de4d55b3__dinucleotide_null	dbtbs_bsub_core_af75962c5aaa60ac	7.9939299357504385	False	13	22	+	-43.5
EMB_onehot_C02	shuffle	tjupan_bacillus_subtilis_main_fe854ef781d570c9__dinucleotide_null	dbtbs_bsub_core_79142b70125d7f77	4.625232084068044	False	44	53	+	-12.5
EMB_onehot_C03	positive	tjupan_bacillus_subtilis_main_089b35a135bf8797	tjupan_bacillus_subtilis_main_089b35a135bf8797	6.960331770757593	False	8	17	-	-48.5
EMB_onehot_C03	positive	tjupan_bacillus_subtilis_main_0b4e887f7ea9c424	dbtbs_bsub_core_0b4e887f7ea9c424	7.864196824436859	False	56	65	-	-0.5
EMB_onehot_C03	positive	tjupan_bacillus_subtilis_main_0dc2e54e8f0778d4	dbtbs_bsub_core_89ecb38b4ff0148f	4.242599635284591	False	48	57	+	-8.5
EMB_onehot_C03	positive	tjupan_bacillus_subtilis_main_0e5e92df8dafa46f	dbtbs_bsub_core_0e5e92df8dafa46f	5.691115141409075	False	51	60	-	-5.5
EMB_onehot_C03	positive	tjupan_bacillus_subtilis_main_0fcba0431054cde6	dbtbs_bsub_core_0fcba0431054cde6	6.556223399651915	False	48	57	-	-8.5
EMB_onehot_C03	positive	tjupan_bacillus_subtilis_main_103f2a1ec6daa8c4	dbtbs_bsub_core_103f2a1ec6daa8c4	5.794887731063668	False	6	15	+	-50.5
EMB_onehot_C03	positive	tjupan_bacillus_subtilis_main_1b58b9006f9baf4f	dbtbs_bsub_core_1b58b9006f9baf4f	6.241121981119642	False	25	34	-	-31.5
EMB_onehot_C03	positive	tjupan_bacillus_subtilis_main_1bc60721b4be672c	dbtbs_bsub_core_cb8975beecd17a84	7.937109245855705	False	14	23	+	-42.5
EMB_onehot_C03	positive	tjupan_bacillus_subtilis_main_1eb616e060615c81	tjupan_bacillus_subtilis_main_1eb616e060615c81	8.11825490560135	False	65	74	-	8.5
EMB_onehot_C03	positive	tjupan_bacillus_subtilis_main_2e3c51df0d86f79b	dbtbs_bsub_core_245b899eb3255120	2.869544443699592	False	21	30	-	-35.5
EMB_onehot_C03	positive	tjupan_bacillus_subtilis_main_2fc6e10224ce632e	dbtbs_bsub_core_2fc6e10224ce632e	5.639977828160982	False	18	27	-	-38.5
EMB_onehot_C03	positive	tjupan_bacillus_subtilis_main_323902b09c4af7f6	dbtbs_bsub_core_bb1d2472f35efe20	5.85154136183438	False	16	25	+	-40.5
EMB_onehot_C03	positive	tjupan_bacillus_subtilis_main_3ec8c178aa138223	tjupan_bacillus_subtilis_main_3ec8c178aa138223	5.477311622846255	False	47	56	+	-9.5
EMB_onehot_C03	positive	tjupan_bacillus_subtilis_main_409ff8a786357eb4	dbtbs_bsub_core_3e3a825c0d09de99	10.494857460461077	True	45	54	+	-11.5
EMB_onehot_C03	positive	tjupan_bacillus_subtilis_main_42074f78c0199323	dbtbs_bsub_core_42074f78c0199323	8.459132729944063	True	43	52	+	-13.5
EMB_onehot_C03	positive	tjupan_bacillus_subtilis_main_42c1909004fe3d73	tjupan_bacillus_subtilis_main_42c1909004fe3d73	6.384550296058155	False	53	62	-	-3.5
EMB_onehot_C03	positive	tjupan_bacillus_subtilis_main_4a95c9a0c8c0dc5d	dbtbs_bsub_core_d38f72abf66add23	4.369633462459719	False	35	44	-	-21.5
EMB_onehot_C03	positive	tjupan_bacillus_subtilis_main_4dd4acc476485632	tjupan_bacillus_subtilis_main_4dd4acc476485632	5.168844418805205	False	36	45	+	-20.5
EMB_onehot_C03	positive	tjupan_bacillus_subtilis_main_5a1a4573de4d55b3	dbtbs_bsub_core_af75962c5aaa60ac	5.37785815651626	False	39	48	-	-17.5
EMB_onehot_C03	positive	tjupan_bacillus_subtilis_main_5bcbea22526b97af	dbtbs_bsub_core_2bafb1a73b5c7300	3.899989850585574	False	9	18	+	-47.5
EMB_onehot_C03	positive	tjupan_bacillus_subtilis_main_5c9bf0eab187b5f5	dbtbs_bsub_core_93f240a64705adb6	5.8744610276979286	False	8	17	-	-48.5
EMB_onehot_C03	positive	tjupan_bacillus_subtilis_main_648aef9dba1f38c4	tjupan_bacillus_subtilis_main_648aef9dba1f38c4	7.684989200415131	False	50	59	-	-6.5
EMB_onehot_C03	positive	tjupan_bacillus_subtilis_main_682dcc155b9eb236	dbtbs_bsub_core_5d3712ff0aeb1916	4.735332597654898	False	36	45	+	-20.5
EMB_onehot_C03	positive	tjupan_bacillus_subtilis_main_6cf2c0e47935a8c2	dbtbs_bsub_core_6cf2c0e47935a8c2	6.222764538009588	False	4	13	+	-52.5
EMB_onehot_C03	positive	tjupan_bacillus_subtilis_main_6f5bfd2e001a2697	dbtbs_bsub_core_6f5bfd2e001a2697	5.633863309292478	False	59	68	-	2.5
EMB_onehot_C03	positive	tjupan_bacillus_subtilis_main_6f6446b7ed912162	dbtbs_bsub_core_6f6446b7ed912162	7.4043429526830336	False	34	43	+	-22.5
EMB_onehot_C03	positive	tjupan_bacillus_subtilis_main_6fc8f7f57b8f5e9d	tjupan_bacillus_subtilis_main_6fc8f7f57b8f5e9d	5.812297340880349	False	18	27	+	-38.5
EMB_onehot_C03	positive	tjupan_bacillus_subtilis_main_72127e86172ad2be	tjupan_bacillus_subtilis_main_72127e86172ad2be	9.87443778625114	True	48	57	+	-8.5
EMB_onehot_C03	positive	tjupan_bacillus_subtilis_main_721ac29c5ef7c9f0	dbtbs_bsub_core_721ac29c5ef7c9f0	4.92685686036603	False	30	39	-	-26.5
EMB_onehot_C03	positive	tjupan_bacillus_subtilis_main_72db3945a2fcac01	tjupan_bacillus_subtilis_main_72db3945a2fcac01	7.580796510408464	False	55	64	+	-1.5
EMB_onehot_C03	positive	tjupan_bacillus_subtilis_main_74379fc21a77213d	tjupan_bacillus_subtilis_main_74379fc21a77213d	5.989593277239882	False	42	51	+	-14.5
EMB_onehot_C03	positive	tjupan_bacillus_subtilis_main_79220287475133e5	dbtbs_bsub_core_79220287475133e5	4.5218140121898145	False	30	39	-	-26.5
EMB_onehot_C03	positive	tjupan_bacillus_subtilis_main_7c407bebf512b5e0	tjupan_bacillus_subtilis_main_7c407bebf512b5e0	2.673756665470132	False	17	26	-	-39.5
EMB_onehot_C03	positive	tjupan_bacillus_subtilis_main_824214e197f86545	tjupan_bacillus_subtilis_main_824214e197f86545	7.3807466525270655	False	26	35	+	-30.5
EMB_onehot_C03	positive	tjupan_bacillus_subtilis_main_842f97f040946982	tjupan_bacillus_subtilis_main_842f97f040946982	8.967696618998088	True	41	50	+	-15.5
EMB_onehot_C03	positive	tjupan_bacillus_subtilis_main_84cc0835204b8e58	dbtbs_bsub_core_396da27afda34e05	3.959458727587802	False	21	30	-	-35.5
EMB_onehot_C03	positive	tjupan_bacillus_subtilis_main_89e75db25f32c6c9	dbtbs_bsub_core_66a79c370c059251	7.405125905638179	False	69	78	-	12.5
EMB_onehot_C03	positive	tjupan_bacillus_subtilis_main_8d9a62a0fbc43019	dbtbs_bsub_core_3348625232a23256	6.454089097944367	False	41	50	-	-15.5
EMB_onehot_C03	positive	tjupan_bacillus_subtilis_main_8f5b60fc07e381f2	dbtbs_bsub_core_8f5b60fc07e381f2	4.9669511310526255	False	33	42	+	-23.5
EMB_onehot_C03	positive	tjupan_bacillus_subtilis_main_93a3a1679c7a73c9	tjupan_bacillus_subtilis_main_93a3a1679c7a73c9	5.465871810417218	False	12	21	-	-44.5
EMB_onehot_C03	positive	tjupan_bacillus_subtilis_main_96c549f1b176b111	tjupan_bacillus_subtilis_main_96c549f1b176b111	5.321932981178558	False	46	55	+	-10.5
EMB_onehot_C03	positive	tjupan_bacillus_subtilis_main_996c93274b7d349e	tjupan_bacillus_subtilis_main_996c93274b7d349e	6.550792032210226	False	49	58	-	-7.5
EMB_onehot_C03	positive	tjupan_bacillus_subtilis_main_9996ea2b61a7fc82	tjupan_bacillus_subtilis_main_9996ea2b61a7fc82	7.253901899084389	False	68	77	-	11.5
EMB_onehot_C03	positive	tjupan_bacillus_subtilis_main_a2ab5f161ee68a0a	tjupan_bacillus_subtilis_main_a2ab5f161ee68a0a	5.98830616442827	False	26	35	+	-30.5
EMB_onehot_C03	positive	tjupan_bacillus_subtilis_main_a2bee6d81c2dad89	dbtbs_bsub_core_a2bee6d81c2dad89	2.4394775564174953	False	48	57	-	-8.5
EMB_onehot_C03	positive	tjupan_bacillus_subtilis_main_a4db17c75fb94c83	dbtbs_bsub_core_8c6f4b9eba960292	5.263791782839686	False	66	75	-	9.5
EMB_onehot_C03	positive	tjupan_bacillus_subtilis_main_a7eb317986e0a410	tjupan_bacillus_subtilis_main_a7eb317986e0a410	5.999582345450126	False	37	46	+	-19.5
EMB_onehot_C03	positive	tjupan_bacillus_subtilis_main_aaf138e1b23719d3	dbtbs_bsub_core_380666e4ad2529dd	6.156134031896349	False	71	80	-	14.5
EMB_onehot_C03	positive	tjupan_bacillus_subtilis_main_af44da9eb65c9b2b	tjupan_bacillus_subtilis_main_af44da9eb65c9b2b	8.453402153373691	True	6	15	+	-50.5
EMB_onehot_C03	positive	tjupan_bacillus_subtilis_main_b541048ffbe461fc	tjupan_bacillus_subtilis_main_b541048ffbe461fc	4.507046869468991	False	46	55	+	-10.5
EMB_onehot_C03	positive	tjupan_bacillus_subtilis_main_b558e80410906098	dbtbs_bsub_core_b558e80410906098	4.209784958533804	False	9	18	+	-47.5
EMB_onehot_C03	positive	tjupan_bacillus_subtilis_main_b809758bf01da07c	tjupan_bacillus_subtilis_main_b809758bf01da07c	5.84071747380928	False	57	66	+	0.5
EMB_onehot_C03	positive	tjupan_bacillus_subtilis_main_b86a1d8c42408cc4	tjupan_bacillus_subtilis_main_b86a1d8c42408cc4	6.2368393115610194	False	7	16	+	-49.5
EMB_onehot_C03	positive	tjupan_bacillus_subtilis_main_c7551eecc12a98c1	tjupan_bacillus_subtilis_main_c7551eecc12a98c1	7.8052422490955635	False	33	42	+	-23.5
EMB_onehot_C03	positive	tjupan_bacillus_subtilis_main_c897ab6e4a2d8869	tjupan_bacillus_subtilis_main_c897ab6e4a2d8869	10.494857460461077	True	54	63	+	-2.5
EMB_onehot_C03	positive	tjupan_bacillus_subtilis_main_cd9626c39ea075d5	dbtbs_bsub_core_cd9626c39ea075d5	7.380746652527066	False	12	21	-	-44.5
EMB_onehot_C03	positive	tjupan_bacillus_subtilis_main_cf013234eecd796b	dbtbs_bsub_core_700614a2577d51a9	5.84071747380928	False	62	71	+	5.5
EMB_onehot_C03	positive	tjupan_bacillus_subtilis_main_d072d578ae627246	tjupan_bacillus_subtilis_main_d072d578ae627246	3.943246864806377	False	46	55	-	-10.5
EMB_onehot_C03	positive	tjupan_bacillus_subtilis_main_d434d749686b9e33	dbtbs_bsub_core_137eff58d766cefa	4.313811279292699	False	22	31	+	-34.5
EMB_onehot_C03	positive	tjupan_bacillus_subtilis_main_d75f323535d0e96f	tjupan_bacillus_subtilis_main_d75f323535d0e96f	7.941412626108275	False	52	61	-	-4.5
EMB_onehot_C03	positive	tjupan_bacillus_subtilis_main_d94f791dab569af4	dbtbs_bsub_core_e72b843a494a35db	6.94551952062203	False	59	68	-	2.5
EMB_onehot_C03	positive	tjupan_bacillus_subtilis_main_dc95e7cdf3939931	dbtbs_bsub_core_dc95e7cdf3939931	8.930216356616555	True	53	62	-	-3.5
EMB_onehot_C03	positive	tjupan_bacillus_subtilis_main_dda9e4c6372ef204	dbtbs_bsub_core_50819f6cb2562fd8	7.502989718824284	False	57	66	+	0.5
EMB_onehot_C03	positive	tjupan_bacillus_subtilis_main_e51e63a9cb3e9467	dbtbs_bsub_core_bb482769c888cf21	1.8196628958306096	False	11	20	+	-45.5
EMB_onehot_C03	positive	tjupan_bacillus_subtilis_main_e7e17b10ff25536a	tjupan_bacillus_subtilis_main_1eb616e060615c81	8.11825490560135	False	68	77	-	11.5
EMB_onehot_C03	positive	tjupan_bacillus_subtilis_main_f2d1e33176b05430	dbtbs_bsub_core_f2d1e33176b05430	6.510690258571746	False	59	68	+	2.5
EMB_onehot_C03	positive	tjupan_bacillus_subtilis_main_fe854ef781d570c9	dbtbs_bsub_core_79142b70125d7f77	5.639977828160982	False	9	18	+	-47.5
EMB_onehot_C03	natural	tjupan_bacillus_subtilis_main_01f49032fc924b2b	tjupan_bacillus_subtilis_main_01f49032fc924b2b	4.8828181773127834	False	8	17	-	-48.5
EMB_onehot_C03	natural	tjupan_bacillus_subtilis_main_0369fa5f1dde8889	tjupan_bacillus_subtilis_main_0369fa5f1dde8889	4.5205256448367175	False	33	42	+	-23.5
EMB_onehot_C03	natural	tjupan_bacillus_subtilis_main_04bf0704019251eb	tjupan_bacillus_subtilis_main_04bf0704019251eb	4.40130123004857	False	39	48	+	-17.5
EMB_onehot_C03	natural	tjupan_bacillus_subtilis_main_07a43cab15901fd0	tjupan_bacillus_subtilis_main_07a43cab15901fd0	5.623861501372424	False	60	69	-	3.5
EMB_onehot_C03	natural	tjupan_bacillus_subtilis_main_0abf62f108ad9afa	tjupan_bacillus_subtilis_main_0abf62f108ad9afa	5.671347769581443	False	33	42	+	-23.5
EMB_onehot_C03	natural	tjupan_bacillus_subtilis_main_10a028761e096e6f	tjupan_bacillus_subtilis_main_10a028761e096e6f	4.711356946494199	False	26	35	+	-30.5
EMB_onehot_C03	natural	tjupan_bacillus_subtilis_main_1183c551e9c3884e	tjupan_bacillus_subtilis_main_1183c551e9c3884e	6.461466803236749	False	57	66	-	0.5
EMB_onehot_C03	natural	tjupan_bacillus_subtilis_main_11c75fe7d070d91d	tjupan_bacillus_subtilis_main_11c75fe7d070d91d	3.755714671138422	False	18	27	-	-38.5
EMB_onehot_C03	natural	tjupan_bacillus_subtilis_main_13f81edc59432f39	tjupan_bacillus_subtilis_main_13f81edc59432f39	4.373964907584371	False	14	23	-	-42.5
EMB_onehot_C03	natural	tjupan_bacillus_subtilis_main_1a1965c69595e91c	tjupan_bacillus_subtilis_main_1a1965c69595e91c	4.4630305992925665	False	48	57	+	-8.5
EMB_onehot_C03	natural	tjupan_bacillus_subtilis_main_28ceb7fd6ffaf1b1	tjupan_bacillus_subtilis_main_28ceb7fd6ffaf1b1	6.717650765514022	False	24	33	-	-32.5
EMB_onehot_C03	natural	tjupan_bacillus_subtilis_main_2a691ccdd9f8cd87	tjupan_bacillus_subtilis_main_2a691ccdd9f8cd87	3.0220601757817915	False	17	26	+	-39.5
EMB_onehot_C03	natural	tjupan_bacillus_subtilis_main_3095b00d206277d2	tjupan_bacillus_subtilis_main_3095b00d206277d2	3.7595094729845515	False	51	60	-	-5.5
EMB_onehot_C03	natural	tjupan_bacillus_subtilis_main_33ded6bc702ab6e3	tjupan_bacillus_subtilis_main_33ded6bc702ab6e3	10.581513982391431	True	16	25	+	-40.5
EMB_onehot_C03	natural	tjupan_bacillus_subtilis_main_3b669bfd8e8ecc5c	tjupan_bacillus_subtilis_main_3b669bfd8e8ecc5c	7.101231778361659	False	18	27	-	-38.5
EMB_onehot_C03	natural	tjupan_bacillus_subtilis_main_3dfed0cfea4ace99	tjupan_bacillus_subtilis_main_3dfed0cfea4ace99	2.2075502457703267	False	68	77	-	11.5
EMB_onehot_C03	natural	tjupan_bacillus_subtilis_main_3f82397c249b4c2e	tjupan_bacillus_subtilis_main_3f82397c249b4c2e	9.302171134992863	True	10	19	+	-46.5
EMB_onehot_C03	natural	tjupan_bacillus_subtilis_main_413de94f4b4cc894	tjupan_bacillus_subtilis_main_413de94f4b4cc894	8.200912093536738	False	55	64	+	-1.5
EMB_onehot_C03	natural	tjupan_bacillus_subtilis_main_4225dc5bcf089682	tjupan_bacillus_subtilis_main_4225dc5bcf089682	5.046541280536968	False	39	48	-	-17.5
EMB_onehot_C03	natural	tjupan_bacillus_subtilis_main_43e8357a95b8acad	tjupan_bacillus_subtilis_main_43e8357a95b8acad	3.039166175049192	False	16	25	+	-40.5
EMB_onehot_C03	natural	tjupan_bacillus_subtilis_main_44b9e66950262593	tjupan_bacillus_subtilis_main_44b9e66950262593	2.595344352953241	False	44	53	+	-12.5
EMB_onehot_C03	natural	tjupan_bacillus_subtilis_main_4600103c5e396ab7	tjupan_bacillus_subtilis_main_4600103c5e396ab7	4.847470049660742	False	46	55	+	-10.5
EMB_onehot_C03	natural	tjupan_bacillus_subtilis_main_47b01646ad818f05	tjupan_bacillus_subtilis_main_47b01646ad818f05	5.305073991701325	False	56	65	+	-0.5
EMB_onehot_C03	natural	tjupan_bacillus_subtilis_main_47f3a0ce2d4034a8	tjupan_bacillus_subtilis_main_47f3a0ce2d4034a8	8.433916068066381	True	17	26	-	-39.5
EMB_onehot_C03	natural	tjupan_bacillus_subtilis_main_4c62636643ef908e	tjupan_bacillus_subtilis_main_4c62636643ef908e	5.1771526595614565	False	43	52	-	-13.5
EMB_onehot_C03	natural	tjupan_bacillus_subtilis_main_4ec6f242d8a5df5c	tjupan_bacillus_subtilis_main_4ec6f242d8a5df5c	4.472404105335014	False	30	39	+	-26.5
EMB_onehot_C03	natural	tjupan_bacillus_subtilis_main_4efdcab552f8b70d	tjupan_bacillus_subtilis_main_4efdcab552f8b70d	7.752414646093548	False	10	19	-	-46.5
EMB_onehot_C03	natural	tjupan_bacillus_subtilis_main_51577d89c939deba	tjupan_bacillus_subtilis_main_51577d89c939deba	3.8127778816127993	False	37	46	-	-19.5
EMB_onehot_C03	natural	tjupan_bacillus_subtilis_main_52bff7f8e27d9410	tjupan_bacillus_subtilis_main_52bff7f8e27d9410	5.240024455040189	False	58	67	-	1.5
EMB_onehot_C03	natural	tjupan_bacillus_subtilis_main_59901c21c497690b	tjupan_bacillus_subtilis_main_59901c21c497690b	7.120640757264715	False	6	15	-	-50.5
EMB_onehot_C03	natural	tjupan_bacillus_subtilis_main_5f953d4f57c1fa81	tjupan_bacillus_subtilis_main_5f953d4f57c1fa81	3.1473173219170243	False	47	56	+	-9.5
EMB_onehot_C03	natural	tjupan_bacillus_subtilis_main_669f9a1f1028b036	tjupan_bacillus_subtilis_main_669f9a1f1028b036	6.348121337935526	False	61	70	-	4.5
EMB_onehot_C03	natural	tjupan_bacillus_subtilis_main_69dc5d058d63d549	tjupan_bacillus_subtilis_main_69dc5d058d63d549	7.36471211118268	False	61	70	-	4.5
EMB_onehot_C03	natural	tjupan_bacillus_subtilis_main_6cfe0a7e178b1651	tjupan_bacillus_subtilis_main_6cfe0a7e178b1651	2.1192930261394274	False	17	26	+	-39.5
EMB_onehot_C03	natural	tjupan_bacillus_subtilis_main_705ab5e790a4610d	tjupan_bacillus_subtilis_main_705ab5e790a4610d	5.801677403884256	False	66	75	+	9.5
EMB_onehot_C03	natural	tjupan_bacillus_subtilis_main_71852833d33a5887	tjupan_bacillus_subtilis_main_71852833d33a5887	4.469233129690629	False	38	47	+	-18.5
EMB_onehot_C03	natural	tjupan_bacillus_subtilis_main_76c86d1f05ca1d88	tjupan_bacillus_subtilis_main_76c86d1f05ca1d88	4.635956322625181	False	55	64	-	-1.5
EMB_onehot_C03	natural	tjupan_bacillus_subtilis_main_777d2d2586a95fbc	tjupan_bacillus_subtilis_main_777d2d2586a95fbc	4.444539499668657	False	56	65	-	-0.5
EMB_onehot_C03	natural	tjupan_bacillus_subtilis_main_7c99b9a8665786aa	tjupan_bacillus_subtilis_main_7c99b9a8665786aa	4.167716716397468	False	12	21	+	-44.5
EMB_onehot_C03	natural	tjupan_bacillus_subtilis_main_82f0003647ec7740	tjupan_bacillus_subtilis_main_82f0003647ec7740	6.301500858796075	False	64	73	-	7.5
EMB_onehot_C03	natural	tjupan_bacillus_subtilis_main_8a9952e5dc8e0bd1	tjupan_bacillus_subtilis_main_8a9952e5dc8e0bd1	6.19131509281939	False	25	34	+	-31.5
EMB_onehot_C03	natural	tjupan_bacillus_subtilis_main_8c2afb751c3f9d92	tjupan_bacillus_subtilis_main_8c2afb751c3f9d92	6.725432957607107	False	61	70	-	4.5
EMB_onehot_C03	natural	tjupan_bacillus_subtilis_main_8e1b3c58365d2bbd	tjupan_bacillus_subtilis_main_8e1b3c58365d2bbd	8.638857055498162	True	50	59	+	-6.5
EMB_onehot_C03	natural	tjupan_bacillus_subtilis_main_906140fe2a990d8e	tjupan_bacillus_subtilis_main_906140fe2a990d8e	7.623502500965529	False	67	76	+	10.5
EMB_onehot_C03	natural	tjupan_bacillus_subtilis_main_94dbc17f3078c678	tjupan_bacillus_subtilis_main_94dbc17f3078c678	6.154465459189289	False	2	11	+	-54.5
EMB_onehot_C03	natural	tjupan_bacillus_subtilis_main_9bf1d28c9aae3b2e	tjupan_bacillus_subtilis_main_9bf1d28c9aae3b2e	4.7985901387767225	False	33	42	-	-23.5
EMB_onehot_C03	natural	tjupan_bacillus_subtilis_main_9cc8f38cff175da4	tjupan_bacillus_subtilis_main_9cc8f38cff175da4	7.853915629098406	False	23	32	-	-33.5
EMB_onehot_C03	natural	tjupan_bacillus_subtilis_main_9cceb700e3527301	tjupan_bacillus_subtilis_main_9cceb700e3527301	0.857292113392354	False	44	53	-	-12.5
EMB_onehot_C03	natural	tjupan_bacillus_subtilis_main_9d0345f875b7552c	tjupan_bacillus_subtilis_main_9d0345f875b7552c	6.017401877990404	False	6	15	+	-50.5
EMB_onehot_C03	natural	tjupan_bacillus_subtilis_main_a3fedb31fa6cc84b	tjupan_bacillus_subtilis_main_a3fedb31fa6cc84b	4.812570549743217	False	50	59	-	-6.5
EMB_onehot_C03	natural	tjupan_bacillus_subtilis_main_a54e7006d4699b67	tjupan_bacillus_subtilis_main_a54e7006d4699b67	2.526338289027462	False	44	53	-	-12.5
EMB_onehot_C03	natural	tjupan_bacillus_subtilis_main_aaa45c891936f972	tjupan_bacillus_subtilis_main_aaa45c891936f972	4.881919764119624	False	8	17	-	-48.5
EMB_onehot_C03	natural	tjupan_bacillus_subtilis_main_aec3d55ae2f9e509	tjupan_bacillus_subtilis_main_aec3d55ae2f9e509	8.290498577277825	False	46	55	+	-10.5
EMB_onehot_C03	natural	tjupan_bacillus_subtilis_main_b0b9cfd1b442c029	tjupan_bacillus_subtilis_main_b0b9cfd1b442c029	6.055111389925869	False	47	56	-	-9.5
EMB_onehot_C03	natural	tjupan_bacillus_subtilis_main_b161f4572a371b25	tjupan_bacillus_subtilis_main_b161f4572a371b25	7.521790009417895	False	53	62	+	-3.5
EMB_onehot_C03	natural	tjupan_bacillus_subtilis_main_b3e87bd1af1ccb1a	tjupan_bacillus_subtilis_main_b3e87bd1af1ccb1a	2.5458242806613556	False	68	77	-	11.5
EMB_onehot_C03	natural	tjupan_bacillus_subtilis_main_b5ddce4bc0328e2c	tjupan_bacillus_subtilis_main_b5ddce4bc0328e2c	6.377129447295447	False	41	50	-	-15.5
EMB_onehot_C03	natural	tjupan_bacillus_subtilis_main_b9d7835496546020	tjupan_bacillus_subtilis_main_b9d7835496546020	6.3034825752942485	False	64	73	-	7.5
EMB_onehot_C03	natural	tjupan_bacillus_subtilis_main_bd36aa35d4edeb39	tjupan_bacillus_subtilis_main_bd36aa35d4edeb39	6.42324879801816	False	1	10	+	-55.5
EMB_onehot_C03	natural	tjupan_bacillus_subtilis_main_c24b04311bf8b4bf	tjupan_bacillus_subtilis_main_c24b04311bf8b4bf	5.468561742627937	False	51	60	-	-5.5
EMB_onehot_C03	natural	tjupan_bacillus_subtilis_main_c981e3412d58013c	tjupan_bacillus_subtilis_main_c981e3412d58013c	3.26290713809865	False	26	35	-	-30.5
EMB_onehot_C03	natural	tjupan_bacillus_subtilis_main_cbe667645cefe255	tjupan_bacillus_subtilis_main_cbe667645cefe255	4.720511325675964	False	55	64	+	-1.5
EMB_onehot_C03	natural	tjupan_bacillus_subtilis_main_ced7dfa7b2671e00	tjupan_bacillus_subtilis_main_ced7dfa7b2671e00	6.725432957607107	False	58	67	+	1.5
EMB_onehot_C03	natural	tjupan_bacillus_subtilis_main_d14a8947b06ae361	tjupan_bacillus_subtilis_main_d14a8947b06ae361	6.67673618179316	False	9	18	+	-47.5
EMB_onehot_C03	natural	tjupan_bacillus_subtilis_main_dd7d0f632ba9b25f	tjupan_bacillus_subtilis_main_dd7d0f632ba9b25f	6.450984928748421	False	29	38	-	-27.5
EMB_onehot_C03	natural	tjupan_bacillus_subtilis_main_deeb9c19c390dc19	tjupan_bacillus_subtilis_main_deeb9c19c390dc19	2.69504079241108	False	29	38	+	-27.5
EMB_onehot_C03	natural	tjupan_bacillus_subtilis_main_dfdf3a9a774b0b36	tjupan_bacillus_subtilis_main_dfdf3a9a774b0b36	4.207306124513285	False	30	39	+	-26.5
EMB_onehot_C03	natural	tjupan_bacillus_subtilis_main_e05a9847e20fa44f	tjupan_bacillus_subtilis_main_e05a9847e20fa44f	8.407945634012684	False	39	48	-	-17.5
EMB_onehot_C03	natural	tjupan_bacillus_subtilis_main_e09693162cd1efc7	tjupan_bacillus_subtilis_main_e09693162cd1efc7	6.805404451641199	False	43	52	+	-13.5
EMB_onehot_C03	natural	tjupan_bacillus_subtilis_main_e1df7768894b7e64	tjupan_bacillus_subtilis_main_e1df7768894b7e64	6.45098492874842	False	45	54	+	-11.5
EMB_onehot_C03	natural	tjupan_bacillus_subtilis_main_e4935e5203d5f4a1	tjupan_bacillus_subtilis_main_e4935e5203d5f4a1	6.713695608306094	False	21	30	-	-35.5
EMB_onehot_C03	natural	tjupan_bacillus_subtilis_main_e71258c4630ccafd	tjupan_bacillus_subtilis_main_e71258c4630ccafd	5.815602669136567	False	31	40	-	-25.5
EMB_onehot_C03	natural	tjupan_bacillus_subtilis_main_ea6abbc438ac2020	tjupan_bacillus_subtilis_main_ea6abbc438ac2020	3.2713002970330742	False	68	77	-	11.5
EMB_onehot_C03	natural	tjupan_bacillus_subtilis_main_ede46bd107484afd	tjupan_bacillus_subtilis_main_ede46bd107484afd	5.452136912432341	False	69	78	-	12.5
EMB_onehot_C03	natural	tjupan_bacillus_subtilis_main_f0317abbf46a2fa8	tjupan_bacillus_subtilis_main_f0317abbf46a2fa8	8.823496687351641	True	54	63	+	-2.5
EMB_onehot_C03	natural	tjupan_bacillus_subtilis_main_fe9f961ad53aca80	tjupan_bacillus_subtilis_main_fe9f961ad53aca80	3.8165285253727106	False	1	10	+	-55.5
EMB_onehot_C03	natural	tjupan_bacillus_subtilis_main_fffb0162887a3736	tjupan_bacillus_subtilis_main_fffb0162887a3736	5.064619289484318	False	69	78	+	12.5
EMB_onehot_C03	shuffle	tjupan_bacillus_subtilis_main_0dc2e54e8f0778d4__dinucleotide_null	dbtbs_bsub_core_89ecb38b4ff0148f	6.719072007839105	False	45	54	-	-11.5
EMB_onehot_C03	shuffle	tjupan_bacillus_subtilis_main_682dcc155b9eb236__dinucleotide_null	dbtbs_bsub_core_5d3712ff0aeb1916	7.6423386729996965	False	1	10	+	-55.5
EMB_onehot_C03	shuffle	tjupan_bacillus_subtilis_main_f2d1e33176b05430__dinucleotide_null	dbtbs_bsub_core_f2d1e33176b05430	8.856443081455875	True	64	73	-	7.5
EMB_onehot_C03	shuffle	tjupan_bacillus_subtilis_main_c7551eecc12a98c1__dinucleotide_null	tjupan_bacillus_subtilis_main_c7551eecc12a98c1	7.414838523251834	False	67	76	-	10.5
EMB_onehot_C03	shuffle	tjupan_bacillus_subtilis_main_89e75db25f32c6c9__dinucleotide_null	dbtbs_bsub_core_66a79c370c059251	5.840502240247315	False	72	81	+	15.5
EMB_onehot_C03	shuffle	tjupan_bacillus_subtilis_main_9996ea2b61a7fc82__dinucleotide_null	tjupan_bacillus_subtilis_main_9996ea2b61a7fc82	4.3016909189302535	False	30	39	-	-26.5
EMB_onehot_C03	shuffle	tjupan_bacillus_subtilis_main_b86a1d8c42408cc4__dinucleotide_null	tjupan_bacillus_subtilis_main_b86a1d8c42408cc4	3.6880615375083186	False	30	39	-	-26.5
EMB_onehot_C03	shuffle	tjupan_bacillus_subtilis_main_79220287475133e5__dinucleotide_null	dbtbs_bsub_core_79220287475133e5	5.1053320185143205	False	54	63	+	-2.5
EMB_onehot_C03	shuffle	tjupan_bacillus_subtilis_main_a2bee6d81c2dad89__dinucleotide_null	dbtbs_bsub_core_a2bee6d81c2dad89	4.56361112549016	False	28	37	+	-28.5
EMB_onehot_C03	shuffle	tjupan_bacillus_subtilis_main_103f2a1ec6daa8c4__dinucleotide_null	dbtbs_bsub_core_103f2a1ec6daa8c4	5.892818470807981	False	61	70	+	4.5
EMB_onehot_C03	shuffle	tjupan_bacillus_subtilis_main_996c93274b7d349e__dinucleotide_null	tjupan_bacillus_subtilis_main_996c93274b7d349e	3.7562070511768257	False	63	72	-	6.5
EMB_onehot_C03	shuffle	tjupan_bacillus_subtilis_main_7c407bebf512b5e0__dinucleotide_null	tjupan_bacillus_subtilis_main_7c407bebf512b5e0	5.387719043074006	False	68	77	+	11.5
EMB_onehot_C03	shuffle	tjupan_bacillus_subtilis_main_842f97f040946982__dinucleotide_null	tjupan_bacillus_subtilis_main_842f97f040946982	8.76110012179538	True	12	21	+	-44.5
EMB_onehot_C03	shuffle	tjupan_bacillus_subtilis_main_42c1909004fe3d73__dinucleotide_null	tjupan_bacillus_subtilis_main_42c1909004fe3d73	6.056534719444977	False	33	42	+	-23.5
EMB_onehot_C03	shuffle	tjupan_bacillus_subtilis_main_42074f78c0199323__dinucleotide_null	dbtbs_bsub_core_42074f78c0199323	6.089207933778778	False	39	48	-	-17.5
EMB_onehot_C03	shuffle	tjupan_bacillus_subtilis_main_72127e86172ad2be__dinucleotide_null	tjupan_bacillus_subtilis_main_72127e86172ad2be	7.971233204408301	False	62	71	+	5.5
EMB_onehot_C03	shuffle	tjupan_bacillus_subtilis_main_d072d578ae627246__dinucleotide_null	tjupan_bacillus_subtilis_main_d072d578ae627246	6.652084198272621	False	52	61	+	-4.5
EMB_onehot_C03	shuffle	tjupan_bacillus_subtilis_main_a2ab5f161ee68a0a__dinucleotide_null	tjupan_bacillus_subtilis_main_a2ab5f161ee68a0a	7.827033272761853	False	26	35	-	-30.5
EMB_onehot_C03	shuffle	tjupan_bacillus_subtilis_main_3ec8c178aa138223__dinucleotide_null	tjupan_bacillus_subtilis_main_3ec8c178aa138223	7.57220998581944	False	60	69	+	3.5
EMB_onehot_C03	shuffle	tjupan_bacillus_subtilis_main_824214e197f86545__dinucleotide_null	tjupan_bacillus_subtilis_main_824214e197f86545	6.191424885702222	False	47	56	+	-9.5
EMB_onehot_C03	shuffle	tjupan_bacillus_subtilis_main_721ac29c5ef7c9f0__dinucleotide_null	dbtbs_bsub_core_721ac29c5ef7c9f0	6.9047194997824555	False	47	56	-	-9.5
EMB_onehot_C03	shuffle	tjupan_bacillus_subtilis_main_a7eb317986e0a410__dinucleotide_null	tjupan_bacillus_subtilis_main_a7eb317986e0a410	7.2937316527261995	False	2	11	-	-54.5
EMB_onehot_C03	shuffle	tjupan_bacillus_subtilis_main_6cf2c0e47935a8c2__dinucleotide_null	dbtbs_bsub_core_6cf2c0e47935a8c2	7.316038731179838	False	39	48	-	-17.5
EMB_onehot_C03	shuffle	tjupan_bacillus_subtilis_main_cd9626c39ea075d5__dinucleotide_null	dbtbs_bsub_core_cd9626c39ea075d5	4.9637945562970085	False	55	64	-	-1.5
EMB_onehot_C03	shuffle	tjupan_bacillus_subtilis_main_4a95c9a0c8c0dc5d__dinucleotide_null	dbtbs_bsub_core_d38f72abf66add23	6.585142821872679	False	65	74	+	8.5
EMB_onehot_C03	shuffle	tjupan_bacillus_subtilis_main_323902b09c4af7f6__dinucleotide_null	dbtbs_bsub_core_bb1d2472f35efe20	4.703451670407035	False	7	16	+	-49.5
EMB_onehot_C03	shuffle	tjupan_bacillus_subtilis_main_dda9e4c6372ef204__dinucleotide_null	dbtbs_bsub_core_50819f6cb2562fd8	6.6184107057107	False	52	61	-	-4.5
EMB_onehot_C03	shuffle	tjupan_bacillus_subtilis_main_6fc8f7f57b8f5e9d__dinucleotide_null	tjupan_bacillus_subtilis_main_6fc8f7f57b8f5e9d	8.240237294239622	False	36	45	+	-20.5
EMB_onehot_C03	shuffle	tjupan_bacillus_subtilis_main_84cc0835204b8e58__dinucleotide_null	dbtbs_bsub_core_396da27afda34e05	5.423792918857599	False	10	19	-	-46.5
EMB_onehot_C03	shuffle	tjupan_bacillus_subtilis_main_c897ab6e4a2d8869__dinucleotide_null	tjupan_bacillus_subtilis_main_c897ab6e4a2d8869	5.489523078481863	False	2	11	-	-54.5
EMB_onehot_C03	shuffle	tjupan_bacillus_subtilis_main_1b58b9006f9baf4f__dinucleotide_null	dbtbs_bsub_core_1b58b9006f9baf4f	4.586161671493666	False	55	64	-	-1.5
EMB_onehot_C03	shuffle	tjupan_bacillus_subtilis_main_5bcbea22526b97af__dinucleotide_null	dbtbs_bsub_core_2bafb1a73b5c7300	4.869454691139769	False	5	14	-	-51.5
EMB_onehot_C03	shuffle	tjupan_bacillus_subtilis_main_e51e63a9cb3e9467__dinucleotide_null	dbtbs_bsub_core_bb482769c888cf21	4.703391898577959	False	31	40	-	-25.5
EMB_onehot_C03	shuffle	tjupan_bacillus_subtilis_main_b558e80410906098__dinucleotide_null	dbtbs_bsub_core_b558e80410906098	5.016194220934129	False	19	28	-	-37.5
EMB_onehot_C03	shuffle	tjupan_bacillus_subtilis_main_dc95e7cdf3939931__dinucleotide_null	dbtbs_bsub_core_dc95e7cdf3939931	4.009455774309064	False	72	81	-	15.5
EMB_onehot_C03	shuffle	tjupan_bacillus_subtilis_main_cf013234eecd796b__dinucleotide_null	dbtbs_bsub_core_700614a2577d51a9	9.695126540895494	True	57	66	-	0.5
EMB_onehot_C03	shuffle	tjupan_bacillus_subtilis_main_b541048ffbe461fc__dinucleotide_null	tjupan_bacillus_subtilis_main_b541048ffbe461fc	6.567451227429951	False	54	63	+	-2.5
EMB_onehot_C03	shuffle	tjupan_bacillus_subtilis_main_0b4e887f7ea9c424__dinucleotide_null	dbtbs_bsub_core_0b4e887f7ea9c424	7.002510019886703	False	20	29	-	-36.5
EMB_onehot_C03	shuffle	tjupan_bacillus_subtilis_main_93a3a1679c7a73c9__dinucleotide_null	tjupan_bacillus_subtilis_main_93a3a1679c7a73c9	4.349638673613627	False	42	51	+	-14.5
EMB_onehot_C03	shuffle	tjupan_bacillus_subtilis_main_e7e17b10ff25536a__dinucleotide_null	tjupan_bacillus_subtilis_main_1eb616e060615c81	7.169387069882673	False	59	68	+	2.5
EMB_onehot_C03	shuffle	tjupan_bacillus_subtilis_main_d94f791dab569af4__dinucleotide_null	dbtbs_bsub_core_e72b843a494a35db	7.559038454898282	False	6	15	+	-50.5
EMB_onehot_C03	shuffle	tjupan_bacillus_subtilis_main_d75f323535d0e96f__dinucleotide_null	tjupan_bacillus_subtilis_main_d75f323535d0e96f	2.4830549990169537	False	67	76	+	10.5
EMB_onehot_C03	shuffle	tjupan_bacillus_subtilis_main_74379fc21a77213d__dinucleotide_null	tjupan_bacillus_subtilis_main_74379fc21a77213d	6.150366029965728	False	37	46	-	-19.5
EMB_onehot_C03	shuffle	tjupan_bacillus_subtilis_main_6f5bfd2e001a2697__dinucleotide_null	dbtbs_bsub_core_6f5bfd2e001a2697	3.105648488087253	False	61	70	+	4.5
EMB_onehot_C03	shuffle	tjupan_bacillus_subtilis_main_1eb616e060615c81__dinucleotide_null	tjupan_bacillus_subtilis_main_1eb616e060615c81	5.37529656198029	False	25	34	+	-31.5
EMB_onehot_C03	shuffle	tjupan_bacillus_subtilis_main_409ff8a786357eb4__dinucleotide_null	dbtbs_bsub_core_3e3a825c0d09de99	3.663760069932937	False	63	72	+	6.5
EMB_onehot_C03	shuffle	tjupan_bacillus_subtilis_main_1bc60721b4be672c__dinucleotide_null	dbtbs_bsub_core_cb8975beecd17a84	5.131217897220117	False	32	41	+	-24.5
EMB_onehot_C03	shuffle	tjupan_bacillus_subtilis_main_af44da9eb65c9b2b__dinucleotide_null	tjupan_bacillus_subtilis_main_af44da9eb65c9b2b	6.67673618179316	False	11	20	+	-45.5
EMB_onehot_C03	shuffle	tjupan_bacillus_subtilis_main_8f5b60fc07e381f2__dinucleotide_null	dbtbs_bsub_core_8f5b60fc07e381f2	6.881933490432763	False	28	37	-	-28.5
EMB_onehot_C03	shuffle	tjupan_bacillus_subtilis_main_5c9bf0eab187b5f5__dinucleotide_null	dbtbs_bsub_core_93f240a64705adb6	5.6794353584368045	False	54	63	-	-2.5
EMB_onehot_C03	shuffle	tjupan_bacillus_subtilis_main_aaf138e1b23719d3__dinucleotide_null	dbtbs_bsub_core_380666e4ad2529dd	5.562440594698699	False	5	14	+	-51.5
EMB_onehot_C03	shuffle	tjupan_bacillus_subtilis_main_0fcba0431054cde6__dinucleotide_null	dbtbs_bsub_core_0fcba0431054cde6	5.3888584981763	False	27	36	+	-29.5
EMB_onehot_C03	shuffle	tjupan_bacillus_subtilis_main_6f6446b7ed912162__dinucleotide_null	dbtbs_bsub_core_6f6446b7ed912162	6.154465459189289	False	33	42	-	-23.5
EMB_onehot_C03	shuffle	tjupan_bacillus_subtilis_main_d434d749686b9e33__dinucleotide_null	dbtbs_bsub_core_137eff58d766cefa	6.5851428218726795	False	44	53	-	-12.5
EMB_onehot_C03	shuffle	tjupan_bacillus_subtilis_main_96c549f1b176b111__dinucleotide_null	tjupan_bacillus_subtilis_main_96c549f1b176b111	4.392912922546723	False	28	37	+	-28.5
EMB_onehot_C03	shuffle	tjupan_bacillus_subtilis_main_a4db17c75fb94c83__dinucleotide_null	dbtbs_bsub_core_8c6f4b9eba960292	5.823635290083252	False	34	43	+	-22.5
EMB_onehot_C03	shuffle	tjupan_bacillus_subtilis_main_0e5e92df8dafa46f__dinucleotide_null	dbtbs_bsub_core_0e5e92df8dafa46f	5.655857032364184	False	10	19	+	-46.5
EMB_onehot_C03	shuffle	tjupan_bacillus_subtilis_main_089b35a135bf8797__dinucleotide_null	tjupan_bacillus_subtilis_main_089b35a135bf8797	5.354734539623705	False	62	71	+	5.5
EMB_onehot_C03	shuffle	tjupan_bacillus_subtilis_main_2e3c51df0d86f79b__dinucleotide_null	dbtbs_bsub_core_245b899eb3255120	5.233297860357217	False	15	24	-	-41.5
EMB_onehot_C03	shuffle	tjupan_bacillus_subtilis_main_648aef9dba1f38c4__dinucleotide_null	tjupan_bacillus_subtilis_main_648aef9dba1f38c4	5.25752799131313	False	62	71	+	5.5
EMB_onehot_C03	shuffle	tjupan_bacillus_subtilis_main_b809758bf01da07c__dinucleotide_null	tjupan_bacillus_subtilis_main_b809758bf01da07c	7.05439174279853	False	49	58	-	-7.5
EMB_onehot_C03	shuffle	tjupan_bacillus_subtilis_main_72db3945a2fcac01__dinucleotide_null	tjupan_bacillus_subtilis_main_72db3945a2fcac01	5.8955975589817635	False	60	69	-	3.5
EMB_onehot_C03	shuffle	tjupan_bacillus_subtilis_main_8d9a62a0fbc43019__dinucleotide_null	dbtbs_bsub_core_3348625232a23256	6.915754737741611	False	48	57	+	-8.5
EMB_onehot_C03	shuffle	tjupan_bacillus_subtilis_main_2fc6e10224ce632e__dinucleotide_null	dbtbs_bsub_core_2fc6e10224ce632e	6.109063863701527	False	32	41	-	-24.5
EMB_onehot_C03	shuffle	tjupan_bacillus_subtilis_main_4dd4acc476485632__dinucleotide_null	tjupan_bacillus_subtilis_main_4dd4acc476485632	5.7981527237420485	False	47	56	-	-9.5
EMB_onehot_C03	shuffle	tjupan_bacillus_subtilis_main_5a1a4573de4d55b3__dinucleotide_null	dbtbs_bsub_core_af75962c5aaa60ac	6.321176667502321	False	38	47	-	-18.5
EMB_onehot_C03	shuffle	tjupan_bacillus_subtilis_main_fe854ef781d570c9__dinucleotide_null	dbtbs_bsub_core_79142b70125d7f77	5.025426928016648	False	13	22	+	-43.5
EMB_onehot_C04	positive	tjupan_bacillus_subtilis_main_089b35a135bf8797	tjupan_bacillus_subtilis_main_089b35a135bf8797	6.238394693807843	False	48	57	+	-8.5
EMB_onehot_C04	positive	tjupan_bacillus_subtilis_main_0b4e887f7ea9c424	dbtbs_bsub_core_0b4e887f7ea9c424	6.178286335262493	False	21	30	+	-35.5
EMB_onehot_C04	positive	tjupan_bacillus_subtilis_main_0dc2e54e8f0778d4	dbtbs_bsub_core_89ecb38b4ff0148f	6.886657691450306	False	21	30	-	-35.5
EMB_onehot_C04	positive	tjupan_bacillus_subtilis_main_0e5e92df8dafa46f	dbtbs_bsub_core_0e5e92df8dafa46f	4.900439958142769	False	48	57	+	-8.5
EMB_onehot_C04	positive	tjupan_bacillus_subtilis_main_0fcba0431054cde6	dbtbs_bsub_core_0fcba0431054cde6	4.830161500124367	False	3	12	+	-53.5
EMB_onehot_C04	positive	tjupan_bacillus_subtilis_main_103f2a1ec6daa8c4	dbtbs_bsub_core_103f2a1ec6daa8c4	6.013048843706557	False	56	65	+	-0.5
EMB_onehot_C04	positive	tjupan_bacillus_subtilis_main_1b58b9006f9baf4f	dbtbs_bsub_core_1b58b9006f9baf4f	5.765325073157584	False	49	58	+	-7.5
EMB_onehot_C04	positive	tjupan_bacillus_subtilis_main_1bc60721b4be672c	dbtbs_bsub_core_cb8975beecd17a84	9.175170721866065	True	14	23	-	-42.5
EMB_onehot_C04	positive	tjupan_bacillus_subtilis_main_1eb616e060615c81	tjupan_bacillus_subtilis_main_1eb616e060615c81	6.873020671137257	False	59	68	-	2.5
EMB_onehot_C04	positive	tjupan_bacillus_subtilis_main_2e3c51df0d86f79b	dbtbs_bsub_core_245b899eb3255120	5.664743089323167	False	57	66	+	0.5
EMB_onehot_C04	positive	tjupan_bacillus_subtilis_main_2fc6e10224ce632e	dbtbs_bsub_core_2fc6e10224ce632e	7.099559070537207	False	62	71	+	5.5
EMB_onehot_C04	positive	tjupan_bacillus_subtilis_main_323902b09c4af7f6	dbtbs_bsub_core_bb1d2472f35efe20	8.185345423779767	False	43	52	+	-13.5
EMB_onehot_C04	positive	tjupan_bacillus_subtilis_main_3ec8c178aa138223	tjupan_bacillus_subtilis_main_3ec8c178aa138223	7.1503282553685175	False	32	41	-	-24.5
EMB_onehot_C04	positive	tjupan_bacillus_subtilis_main_409ff8a786357eb4	dbtbs_bsub_core_3e3a825c0d09de99	7.310394351760243	False	49	58	+	-7.5
EMB_onehot_C04	positive	tjupan_bacillus_subtilis_main_42074f78c0199323	dbtbs_bsub_core_42074f78c0199323	6.740212860709944	False	59	68	-	2.5
EMB_onehot_C04	positive	tjupan_bacillus_subtilis_main_42c1909004fe3d73	tjupan_bacillus_subtilis_main_42c1909004fe3d73	6.264004199025187	False	24	33	-	-32.5
EMB_onehot_C04	positive	tjupan_bacillus_subtilis_main_4a95c9a0c8c0dc5d	dbtbs_bsub_core_d38f72abf66add23	6.013430824326964	False	50	59	+	-6.5
EMB_onehot_C04	positive	tjupan_bacillus_subtilis_main_4dd4acc476485632	tjupan_bacillus_subtilis_main_4dd4acc476485632	5.972782431491528	False	24	33	-	-32.5
EMB_onehot_C04	positive	tjupan_bacillus_subtilis_main_5a1a4573de4d55b3	dbtbs_bsub_core_af75962c5aaa60ac	8.106191892970031	False	18	27	+	-38.5
EMB_onehot_C04	positive	tjupan_bacillus_subtilis_main_5bcbea22526b97af	dbtbs_bsub_core_2bafb1a73b5c7300	4.136987424282411	False	17	26	+	-39.5
EMB_onehot_C04	positive	tjupan_bacillus_subtilis_main_5c9bf0eab187b5f5	dbtbs_bsub_core_93f240a64705adb6	7.379757064663804	False	6	15	-	-50.5
EMB_onehot_C04	positive	tjupan_bacillus_subtilis_main_648aef9dba1f38c4	tjupan_bacillus_subtilis_main_648aef9dba1f38c4	7.046608139153321	False	72	81	+	15.5
EMB_onehot_C04	positive	tjupan_bacillus_subtilis_main_682dcc155b9eb236	dbtbs_bsub_core_5d3712ff0aeb1916	7.178058262689191	False	53	62	-	-3.5
EMB_onehot_C04	positive	tjupan_bacillus_subtilis_main_6cf2c0e47935a8c2	dbtbs_bsub_core_6cf2c0e47935a8c2	8.702770642724944	False	28	37	-	-28.5
EMB_onehot_C04	positive	tjupan_bacillus_subtilis_main_6f5bfd2e001a2697	dbtbs_bsub_core_6f5bfd2e001a2697	6.916772379671027	False	69	78	+	12.5
EMB_onehot_C04	positive	tjupan_bacillus_subtilis_main_6f6446b7ed912162	dbtbs_bsub_core_6f6446b7ed912162	8.562543662361964	False	22	31	+	-34.5
EMB_onehot_C04	positive	tjupan_bacillus_subtilis_main_6fc8f7f57b8f5e9d	tjupan_bacillus_subtilis_main_6fc8f7f57b8f5e9d	5.631118505556887	False	18	27	-	-38.5
EMB_onehot_C04	positive	tjupan_bacillus_subtilis_main_72127e86172ad2be	tjupan_bacillus_subtilis_main_72127e86172ad2be	8.7353866256328	False	44	53	-	-12.5
EMB_onehot_C04	positive	tjupan_bacillus_subtilis_main_721ac29c5ef7c9f0	dbtbs_bsub_core_721ac29c5ef7c9f0	7.854016543921375	False	50	59	+	-6.5
EMB_onehot_C04	positive	tjupan_bacillus_subtilis_main_72db3945a2fcac01	tjupan_bacillus_subtilis_main_72db3945a2fcac01	5.353594946308922	False	30	39	+	-26.5
EMB_onehot_C04	positive	tjupan_bacillus_subtilis_main_74379fc21a77213d	tjupan_bacillus_subtilis_main_74379fc21a77213d	7.736362962291587	False	48	57	+	-8.5
EMB_onehot_C04	positive	tjupan_bacillus_subtilis_main_79220287475133e5	dbtbs_bsub_core_79220287475133e5	8.390083792573238	False	69	78	+	12.5
EMB_onehot_C04	positive	tjupan_bacillus_subtilis_main_7c407bebf512b5e0	tjupan_bacillus_subtilis_main_7c407bebf512b5e0	4.839291845790291	False	51	60	+	-5.5
EMB_onehot_C04	positive	tjupan_bacillus_subtilis_main_824214e197f86545	tjupan_bacillus_subtilis_main_824214e197f86545	7.618130518976315	False	53	62	+	-3.5
EMB_onehot_C04	positive	tjupan_bacillus_subtilis_main_842f97f040946982	tjupan_bacillus_subtilis_main_842f97f040946982	7.535152987979155	False	35	44	+	-21.5
EMB_onehot_C04	positive	tjupan_bacillus_subtilis_main_84cc0835204b8e58	dbtbs_bsub_core_396da27afda34e05	8.53034838292411	False	41	50	-	-15.5
EMB_onehot_C04	positive	tjupan_bacillus_subtilis_main_89e75db25f32c6c9	dbtbs_bsub_core_66a79c370c059251	8.344391476560158	False	2	11	-	-54.5
EMB_onehot_C04	positive	tjupan_bacillus_subtilis_main_8d9a62a0fbc43019	dbtbs_bsub_core_3348625232a23256	10.235030701325481	True	14	23	+	-42.5
EMB_onehot_C04	positive	tjupan_bacillus_subtilis_main_8f5b60fc07e381f2	dbtbs_bsub_core_8f5b60fc07e381f2	5.610117002613704	False	54	63	+	-2.5
EMB_onehot_C04	positive	tjupan_bacillus_subtilis_main_93a3a1679c7a73c9	tjupan_bacillus_subtilis_main_93a3a1679c7a73c9	5.221702880996451	False	35	44	+	-21.5
EMB_onehot_C04	positive	tjupan_bacillus_subtilis_main_96c549f1b176b111	tjupan_bacillus_subtilis_main_96c549f1b176b111	8.082553831509125	False	48	57	+	-8.5
EMB_onehot_C04	positive	tjupan_bacillus_subtilis_main_996c93274b7d349e	tjupan_bacillus_subtilis_main_996c93274b7d349e	10.96968676569679	True	49	58	+	-7.5
EMB_onehot_C04	positive	tjupan_bacillus_subtilis_main_9996ea2b61a7fc82	tjupan_bacillus_subtilis_main_9996ea2b61a7fc82	5.830989551650578	False	1	10	+	-55.5
EMB_onehot_C04	positive	tjupan_bacillus_subtilis_main_a2ab5f161ee68a0a	tjupan_bacillus_subtilis_main_a2ab5f161ee68a0a	5.286614015400328	False	26	35	-	-30.5
EMB_onehot_C04	positive	tjupan_bacillus_subtilis_main_a2bee6d81c2dad89	dbtbs_bsub_core_a2bee6d81c2dad89	3.954189190764018	False	50	59	+	-6.5
EMB_onehot_C04	positive	tjupan_bacillus_subtilis_main_a4db17c75fb94c83	dbtbs_bsub_core_8c6f4b9eba960292	6.272859028394937	False	47	56	-	-9.5
EMB_onehot_C04	positive	tjupan_bacillus_subtilis_main_a7eb317986e0a410	tjupan_bacillus_subtilis_main_a7eb317986e0a410	5.945806000166117	False	30	39	+	-26.5
EMB_onehot_C04	positive	tjupan_bacillus_subtilis_main_aaf138e1b23719d3	dbtbs_bsub_core_380666e4ad2529dd	6.700310323663063	False	71	80	+	14.5
EMB_onehot_C04	positive	tjupan_bacillus_subtilis_main_af44da9eb65c9b2b	tjupan_bacillus_subtilis_main_af44da9eb65c9b2b	7.006662659397996	False	3	12	+	-53.5
EMB_onehot_C04	positive	tjupan_bacillus_subtilis_main_b541048ffbe461fc	tjupan_bacillus_subtilis_main_b541048ffbe461fc	5.869012002563149	False	50	59	+	-6.5
EMB_onehot_C04	positive	tjupan_bacillus_subtilis_main_b558e80410906098	dbtbs_bsub_core_b558e80410906098	6.961626233748108	False	17	26	+	-39.5
EMB_onehot_C04	positive	tjupan_bacillus_subtilis_main_b809758bf01da07c	tjupan_bacillus_subtilis_main_b809758bf01da07c	8.857067380854344	False	47	56	+	-9.5
EMB_onehot_C04	positive	tjupan_bacillus_subtilis_main_b86a1d8c42408cc4	tjupan_bacillus_subtilis_main_b86a1d8c42408cc4	6.563070421160992	False	7	16	-	-49.5
EMB_onehot_C04	positive	tjupan_bacillus_subtilis_main_c7551eecc12a98c1	tjupan_bacillus_subtilis_main_c7551eecc12a98c1	8.279034856240868	False	3	12	+	-53.5
EMB_onehot_C04	positive	tjupan_bacillus_subtilis_main_c897ab6e4a2d8869	tjupan_bacillus_subtilis_main_c897ab6e4a2d8869	4.253116378650576	False	58	67	+	1.5
EMB_onehot_C04	positive	tjupan_bacillus_subtilis_main_cd9626c39ea075d5	dbtbs_bsub_core_cd9626c39ea075d5	5.69319061778779	False	51	60	+	-5.5
EMB_onehot_C04	positive	tjupan_bacillus_subtilis_main_cf013234eecd796b	dbtbs_bsub_core_700614a2577d51a9	6.101814206977528	False	34	43	-	-22.5
EMB_onehot_C04	positive	tjupan_bacillus_subtilis_main_d072d578ae627246	tjupan_bacillus_subtilis_main_d072d578ae627246	4.927276465602883	False	28	37	+	-28.5
EMB_onehot_C04	positive	tjupan_bacillus_subtilis_main_d434d749686b9e33	dbtbs_bsub_core_137eff58d766cefa	4.173759890557515	False	40	49	-	-16.5
EMB_onehot_C04	positive	tjupan_bacillus_subtilis_main_d75f323535d0e96f	tjupan_bacillus_subtilis_main_d75f323535d0e96f	11.325796876712339	True	55	64	-	-1.5
EMB_onehot_C04	positive	tjupan_bacillus_subtilis_main_d94f791dab569af4	dbtbs_bsub_core_e72b843a494a35db	6.468726650042139	False	26	35	+	-30.5
EMB_onehot_C04	positive	tjupan_bacillus_subtilis_main_dc95e7cdf3939931	dbtbs_bsub_core_dc95e7cdf3939931	5.02525147629134	False	53	62	+	-3.5
EMB_onehot_C04	positive	tjupan_bacillus_subtilis_main_dda9e4c6372ef204	dbtbs_bsub_core_50819f6cb2562fd8	5.810121045341861	False	50	59	+	-6.5
EMB_onehot_C04	positive	tjupan_bacillus_subtilis_main_e51e63a9cb3e9467	dbtbs_bsub_core_bb482769c888cf21	5.4921435804295875	False	49	58	+	-7.5
EMB_onehot_C04	positive	tjupan_bacillus_subtilis_main_e7e17b10ff25536a	tjupan_bacillus_subtilis_main_1eb616e060615c81	6.873020671137257	False	62	71	-	5.5
EMB_onehot_C04	positive	tjupan_bacillus_subtilis_main_f2d1e33176b05430	dbtbs_bsub_core_f2d1e33176b05430	7.053205245335025	False	56	65	+	-0.5
EMB_onehot_C04	positive	tjupan_bacillus_subtilis_main_fe854ef781d570c9	dbtbs_bsub_core_79142b70125d7f77	5.4374777645167685	False	9	18	-	-47.5
EMB_onehot_C04	natural	tjupan_bacillus_subtilis_main_01f49032fc924b2b	tjupan_bacillus_subtilis_main_01f49032fc924b2b	7.260073114454377	False	12	21	+	-44.5
EMB_onehot_C04	natural	tjupan_bacillus_subtilis_main_0369fa5f1dde8889	tjupan_bacillus_subtilis_main_0369fa5f1dde8889	4.025461455183999	False	59	68	+	2.5
EMB_onehot_C04	natural	tjupan_bacillus_subtilis_main_04bf0704019251eb	tjupan_bacillus_subtilis_main_04bf0704019251eb	2.6326108264355117	False	55	64	+	-1.5
EMB_onehot_C04	natural	tjupan_bacillus_subtilis_main_07a43cab15901fd0	tjupan_bacillus_subtilis_main_07a43cab15901fd0	3.1592700903632513	False	1	10	-	-55.5
EMB_onehot_C04	natural	tjupan_bacillus_subtilis_main_0abf62f108ad9afa	tjupan_bacillus_subtilis_main_0abf62f108ad9afa	6.5361445966458165	False	33	42	-	-23.5
EMB_onehot_C04	natural	tjupan_bacillus_subtilis_main_10a028761e096e6f	tjupan_bacillus_subtilis_main_10a028761e096e6f	6.188437160541077	False	22	31	-	-34.5
EMB_onehot_C04	natural	tjupan_bacillus_subtilis_main_1183c551e9c3884e	tjupan_bacillus_subtilis_main_1183c551e9c3884e	5.753597603681435	False	16	25	-	-40.5
EMB_onehot_C04	natural	tjupan_bacillus_subtilis_main_11c75fe7d070d91d	tjupan_bacillus_subtilis_main_11c75fe7d070d91d	1.808651334850564	False	21	30	-	-35.5
EMB_onehot_C04	natural	tjupan_bacillus_subtilis_main_13f81edc59432f39	tjupan_bacillus_subtilis_main_13f81edc59432f39	2.7692379615860636	False	14	23	+	-42.5
EMB_onehot_C04	natural	tjupan_bacillus_subtilis_main_1a1965c69595e91c	tjupan_bacillus_subtilis_main_1a1965c69595e91c	4.248585055742476	False	48	57	-	-8.5
EMB_onehot_C04	natural	tjupan_bacillus_subtilis_main_28ceb7fd6ffaf1b1	tjupan_bacillus_subtilis_main_28ceb7fd6ffaf1b1	7.186936384683062	False	12	21	+	-44.5
EMB_onehot_C04	natural	tjupan_bacillus_subtilis_main_2a691ccdd9f8cd87	tjupan_bacillus_subtilis_main_2a691ccdd9f8cd87	3.81270305169161	False	19	28	+	-37.5
EMB_onehot_C04	natural	tjupan_bacillus_subtilis_main_3095b00d206277d2	tjupan_bacillus_subtilis_main_3095b00d206277d2	4.558224667882149	False	51	60	+	-5.5
EMB_onehot_C04	natural	tjupan_bacillus_subtilis_main_33ded6bc702ab6e3	tjupan_bacillus_subtilis_main_33ded6bc702ab6e3	3.6567304393224376	False	24	33	-	-32.5
EMB_onehot_C04	natural	tjupan_bacillus_subtilis_main_3b669bfd8e8ecc5c	tjupan_bacillus_subtilis_main_3b669bfd8e8ecc5c	4.1441859803416365	False	58	67	-	1.5
EMB_onehot_C04	natural	tjupan_bacillus_subtilis_main_3dfed0cfea4ace99	tjupan_bacillus_subtilis_main_3dfed0cfea4ace99	3.3476913382930764	False	54	63	+	-2.5
EMB_onehot_C04	natural	tjupan_bacillus_subtilis_main_3f82397c249b4c2e	tjupan_bacillus_subtilis_main_3f82397c249b4c2e	6.66178869553803	False	7	16	+	-49.5
EMB_onehot_C04	natural	tjupan_bacillus_subtilis_main_413de94f4b4cc894	tjupan_bacillus_subtilis_main_413de94f4b4cc894	9.976535695710577	True	69	78	-	12.5
EMB_onehot_C04	natural	tjupan_bacillus_subtilis_main_4225dc5bcf089682	tjupan_bacillus_subtilis_main_4225dc5bcf089682	5.61160516866243	False	3	12	-	-53.5
EMB_onehot_C04	natural	tjupan_bacillus_subtilis_main_43e8357a95b8acad	tjupan_bacillus_subtilis_main_43e8357a95b8acad	3.1411566869756786	False	42	51	-	-14.5
EMB_onehot_C04	natural	tjupan_bacillus_subtilis_main_44b9e66950262593	tjupan_bacillus_subtilis_main_44b9e66950262593	5.411377881667198	False	70	79	-	13.5
EMB_onehot_C04	natural	tjupan_bacillus_subtilis_main_4600103c5e396ab7	tjupan_bacillus_subtilis_main_4600103c5e396ab7	5.797020610744081	False	54	63	+	-2.5
EMB_onehot_C04	natural	tjupan_bacillus_subtilis_main_47b01646ad818f05	tjupan_bacillus_subtilis_main_47b01646ad818f05	6.58460094350707	False	35	44	-	-21.5
EMB_onehot_C04	natural	tjupan_bacillus_subtilis_main_47f3a0ce2d4034a8	tjupan_bacillus_subtilis_main_47f3a0ce2d4034a8	3.510630229238259	False	20	29	-	-36.5
EMB_onehot_C04	natural	tjupan_bacillus_subtilis_main_4c62636643ef908e	tjupan_bacillus_subtilis_main_4c62636643ef908e	4.631122833194201	False	43	52	+	-13.5
EMB_onehot_C04	natural	tjupan_bacillus_subtilis_main_4ec6f242d8a5df5c	tjupan_bacillus_subtilis_main_4ec6f242d8a5df5c	4.722173263699492	False	33	42	-	-23.5
EMB_onehot_C04	natural	tjupan_bacillus_subtilis_main_4efdcab552f8b70d	tjupan_bacillus_subtilis_main_4efdcab552f8b70d	4.416948547942718	False	10	19	+	-46.5
EMB_onehot_C04	natural	tjupan_bacillus_subtilis_main_51577d89c939deba	tjupan_bacillus_subtilis_main_51577d89c939deba	4.80575834120488	False	40	49	-	-16.5
EMB_onehot_C04	natural	tjupan_bacillus_subtilis_main_52bff7f8e27d9410	tjupan_bacillus_subtilis_main_52bff7f8e27d9410	5.479105547894024	False	58	67	+	1.5
EMB_onehot_C04	natural	tjupan_bacillus_subtilis_main_59901c21c497690b	tjupan_bacillus_subtilis_main_59901c21c497690b	7.403852157343914	False	9	18	-	-47.5
EMB_onehot_C04	natural	tjupan_bacillus_subtilis_main_5f953d4f57c1fa81	tjupan_bacillus_subtilis_main_5f953d4f57c1fa81	2.9816055381296804	False	4	13	-	-52.5
EMB_onehot_C04	natural	tjupan_bacillus_subtilis_main_669f9a1f1028b036	tjupan_bacillus_subtilis_main_669f9a1f1028b036	2.589547667759607	False	57	66	-	0.5
EMB_onehot_C04	natural	tjupan_bacillus_subtilis_main_69dc5d058d63d549	tjupan_bacillus_subtilis_main_69dc5d058d63d549	2.6718962963572324	False	59	68	-	2.5
EMB_onehot_C04	natural	tjupan_bacillus_subtilis_main_6cfe0a7e178b1651	tjupan_bacillus_subtilis_main_6cfe0a7e178b1651	1.1161354274719568	False	38	47	+	-18.5
EMB_onehot_C04	natural	tjupan_bacillus_subtilis_main_705ab5e790a4610d	tjupan_bacillus_subtilis_main_705ab5e790a4610d	6.6466951548690085	False	57	66	-	0.5
EMB_onehot_C04	natural	tjupan_bacillus_subtilis_main_71852833d33a5887	tjupan_bacillus_subtilis_main_71852833d33a5887	5.230491350200895	False	16	25	+	-40.5
EMB_onehot_C04	natural	tjupan_bacillus_subtilis_main_76c86d1f05ca1d88	tjupan_bacillus_subtilis_main_76c86d1f05ca1d88	6.107998511942462	False	55	64	+	-1.5
EMB_onehot_C04	natural	tjupan_bacillus_subtilis_main_777d2d2586a95fbc	tjupan_bacillus_subtilis_main_777d2d2586a95fbc	3.211508840444071	False	19	28	+	-37.5
EMB_onehot_C04	natural	tjupan_bacillus_subtilis_main_7c99b9a8665786aa	tjupan_bacillus_subtilis_main_7c99b9a8665786aa	2.4742239248281304	False	57	66	+	0.5
EMB_onehot_C04	natural	tjupan_bacillus_subtilis_main_82f0003647ec7740	tjupan_bacillus_subtilis_main_82f0003647ec7740	4.927511508337112	False	64	73	+	7.5
EMB_onehot_C04	natural	tjupan_bacillus_subtilis_main_8a9952e5dc8e0bd1	tjupan_bacillus_subtilis_main_8a9952e5dc8e0bd1	6.134448318162482	False	68	77	-	11.5
EMB_onehot_C04	natural	tjupan_bacillus_subtilis_main_8c2afb751c3f9d92	tjupan_bacillus_subtilis_main_8c2afb751c3f9d92	6.552144487878672	False	43	52	-	-13.5
EMB_onehot_C04	natural	tjupan_bacillus_subtilis_main_8e1b3c58365d2bbd	tjupan_bacillus_subtilis_main_8e1b3c58365d2bbd	4.469245509253218	False	52	61	+	-4.5
EMB_onehot_C04	natural	tjupan_bacillus_subtilis_main_906140fe2a990d8e	tjupan_bacillus_subtilis_main_906140fe2a990d8e	5.553119748674256	False	67	76	-	10.5
EMB_onehot_C04	natural	tjupan_bacillus_subtilis_main_94dbc17f3078c678	tjupan_bacillus_subtilis_main_94dbc17f3078c678	6.807193791618537	False	36	45	-	-20.5
EMB_onehot_C04	natural	tjupan_bacillus_subtilis_main_9bf1d28c9aae3b2e	tjupan_bacillus_subtilis_main_9bf1d28c9aae3b2e	2.113630397855066	False	27	36	-	-29.5
EMB_onehot_C04	natural	tjupan_bacillus_subtilis_main_9cc8f38cff175da4	tjupan_bacillus_subtilis_main_9cc8f38cff175da4	5.886317314551673	False	26	35	-	-30.5
EMB_onehot_C04	natural	tjupan_bacillus_subtilis_main_9cceb700e3527301	tjupan_bacillus_subtilis_main_9cceb700e3527301	3.5770655008908228	False	68	77	+	11.5
EMB_onehot_C04	natural	tjupan_bacillus_subtilis_main_9d0345f875b7552c	tjupan_bacillus_subtilis_main_9d0345f875b7552c	4.566155276237325	False	9	18	-	-47.5
EMB_onehot_C04	natural	tjupan_bacillus_subtilis_main_a3fedb31fa6cc84b	tjupan_bacillus_subtilis_main_a3fedb31fa6cc84b	8.14633923056169	False	60	69	+	3.5
EMB_onehot_C04	natural	tjupan_bacillus_subtilis_main_a54e7006d4699b67	tjupan_bacillus_subtilis_main_a54e7006d4699b67	6.522053548477759	False	32	41	-	-24.5
EMB_onehot_C04	natural	tjupan_bacillus_subtilis_main_aaa45c891936f972	tjupan_bacillus_subtilis_main_aaa45c891936f972	3.1268187892562023	False	46	55	-	-10.5
EMB_onehot_C04	natural	tjupan_bacillus_subtilis_main_aec3d55ae2f9e509	tjupan_bacillus_subtilis_main_aec3d55ae2f9e509	10.167537969235491	True	28	37	+	-28.5
EMB_onehot_C04	natural	tjupan_bacillus_subtilis_main_b0b9cfd1b442c029	tjupan_bacillus_subtilis_main_b0b9cfd1b442c029	7.797207401394927	False	41	50	-	-15.5
EMB_onehot_C04	natural	tjupan_bacillus_subtilis_main_b161f4572a371b25	tjupan_bacillus_subtilis_main_b161f4572a371b25	5.883959784390817	False	1	10	-	-55.5
EMB_onehot_C04	natural	tjupan_bacillus_subtilis_main_b3e87bd1af1ccb1a	tjupan_bacillus_subtilis_main_b3e87bd1af1ccb1a	2.1052825409024227	False	23	32	+	-33.5
EMB_onehot_C04	natural	tjupan_bacillus_subtilis_main_b5ddce4bc0328e2c	tjupan_bacillus_subtilis_main_b5ddce4bc0328e2c	6.708283797004826	False	34	43	+	-22.5
EMB_onehot_C04	natural	tjupan_bacillus_subtilis_main_b9d7835496546020	tjupan_bacillus_subtilis_main_b9d7835496546020	3.2314579541620754	False	61	70	+	4.5
EMB_onehot_C04	natural	tjupan_bacillus_subtilis_main_bd36aa35d4edeb39	tjupan_bacillus_subtilis_main_bd36aa35d4edeb39	6.984768885335457	False	28	37	+	-28.5
EMB_onehot_C04	natural	tjupan_bacillus_subtilis_main_c24b04311bf8b4bf	tjupan_bacillus_subtilis_main_c24b04311bf8b4bf	6.030354155695079	False	67	76	+	10.5
EMB_onehot_C04	natural	tjupan_bacillus_subtilis_main_c981e3412d58013c	tjupan_bacillus_subtilis_main_c981e3412d58013c	3.776736507984582	False	5	14	+	-51.5
EMB_onehot_C04	natural	tjupan_bacillus_subtilis_main_cbe667645cefe255	tjupan_bacillus_subtilis_main_cbe667645cefe255	0.6012796409358925	False	21	30	+	-35.5
EMB_onehot_C04	natural	tjupan_bacillus_subtilis_main_ced7dfa7b2671e00	tjupan_bacillus_subtilis_main_ced7dfa7b2671e00	5.084725299557879	False	1	10	-	-55.5
EMB_onehot_C04	natural	tjupan_bacillus_subtilis_main_d14a8947b06ae361	tjupan_bacillus_subtilis_main_d14a8947b06ae361	6.083186623263963	False	37	46	+	-19.5
EMB_onehot_C04	natural	tjupan_bacillus_subtilis_main_dd7d0f632ba9b25f	tjupan_bacillus_subtilis_main_dd7d0f632ba9b25f	4.139265424219486	False	48	57	+	-8.5
EMB_onehot_C04	natural	tjupan_bacillus_subtilis_main_deeb9c19c390dc19	tjupan_bacillus_subtilis_main_deeb9c19c390dc19	2.7778160244853978	False	60	69	+	3.5
EMB_onehot_C04	natural	tjupan_bacillus_subtilis_main_dfdf3a9a774b0b36	tjupan_bacillus_subtilis_main_dfdf3a9a774b0b36	4.181834196951632	False	11	20	+	-45.5
EMB_onehot_C04	natural	tjupan_bacillus_subtilis_main_e05a9847e20fa44f	tjupan_bacillus_subtilis_main_e05a9847e20fa44f	4.289710906368108	False	9	18	+	-47.5
EMB_onehot_C04	natural	tjupan_bacillus_subtilis_main_e09693162cd1efc7	tjupan_bacillus_subtilis_main_e09693162cd1efc7	3.8709383683764815	False	63	72	-	6.5
EMB_onehot_C04	natural	tjupan_bacillus_subtilis_main_e1df7768894b7e64	tjupan_bacillus_subtilis_main_e1df7768894b7e64	3.820019258550973	False	9	18	-	-47.5
EMB_onehot_C04	natural	tjupan_bacillus_subtilis_main_e4935e5203d5f4a1	tjupan_bacillus_subtilis_main_e4935e5203d5f4a1	9.754067572955769	True	13	22	-	-43.5
EMB_onehot_C04	natural	tjupan_bacillus_subtilis_main_e71258c4630ccafd	tjupan_bacillus_subtilis_main_e71258c4630ccafd	5.6389720873698685	False	31	40	+	-25.5
EMB_onehot_C04	natural	tjupan_bacillus_subtilis_main_ea6abbc438ac2020	tjupan_bacillus_subtilis_main_ea6abbc438ac2020	6.468726650042139	False	68	77	+	11.5
EMB_onehot_C04	natural	tjupan_bacillus_subtilis_main_ede46bd107484afd	tjupan_bacillus_subtilis_main_ede46bd107484afd	5.370900258297445	False	69	78	+	12.5
EMB_onehot_C04	natural	tjupan_bacillus_subtilis_main_f0317abbf46a2fa8	tjupan_bacillus_subtilis_main_f0317abbf46a2fa8	7.367754637024418	False	54	63	-	-2.5
EMB_onehot_C04	natural	tjupan_bacillus_subtilis_main_fe9f961ad53aca80	tjupan_bacillus_subtilis_main_fe9f961ad53aca80	4.381019793552763	False	3	12	+	-53.5
EMB_onehot_C04	natural	tjupan_bacillus_subtilis_main_fffb0162887a3736	tjupan_bacillus_subtilis_main_fffb0162887a3736	7.138081260752544	False	7	16	-	-49.5
EMB_onehot_C04	shuffle	tjupan_bacillus_subtilis_main_0dc2e54e8f0778d4__dinucleotide_null	dbtbs_bsub_core_89ecb38b4ff0148f	6.282491436102991	False	43	52	-	-13.5
EMB_onehot_C04	shuffle	tjupan_bacillus_subtilis_main_682dcc155b9eb236__dinucleotide_null	dbtbs_bsub_core_5d3712ff0aeb1916	7.629207263541069	False	13	22	+	-43.5
EMB_onehot_C04	shuffle	tjupan_bacillus_subtilis_main_f2d1e33176b05430__dinucleotide_null	dbtbs_bsub_core_f2d1e33176b05430	9.236879487445634	True	41	50	-	-15.5
EMB_onehot_C04	shuffle	tjupan_bacillus_subtilis_main_c7551eecc12a98c1__dinucleotide_null	tjupan_bacillus_subtilis_main_c7551eecc12a98c1	6.325066152349125	False	67	76	+	10.5
EMB_onehot_C04	shuffle	tjupan_bacillus_subtilis_main_89e75db25f32c6c9__dinucleotide_null	dbtbs_bsub_core_66a79c370c059251	6.427291470524507	False	38	47	+	-18.5
EMB_onehot_C04	shuffle	tjupan_bacillus_subtilis_main_9996ea2b61a7fc82__dinucleotide_null	tjupan_bacillus_subtilis_main_9996ea2b61a7fc82	6.69258295310353	False	36	45	-	-20.5
EMB_onehot_C04	shuffle	tjupan_bacillus_subtilis_main_b86a1d8c42408cc4__dinucleotide_null	tjupan_bacillus_subtilis_main_b86a1d8c42408cc4	3.286162155101368	False	22	31	+	-34.5
EMB_onehot_C04	shuffle	tjupan_bacillus_subtilis_main_79220287475133e5__dinucleotide_null	dbtbs_bsub_core_79220287475133e5	7.395424967349262	False	28	37	+	-28.5
EMB_onehot_C04	shuffle	tjupan_bacillus_subtilis_main_a2bee6d81c2dad89__dinucleotide_null	dbtbs_bsub_core_a2bee6d81c2dad89	3.3003589118862706	False	58	67	-	1.5
EMB_onehot_C04	shuffle	tjupan_bacillus_subtilis_main_103f2a1ec6daa8c4__dinucleotide_null	dbtbs_bsub_core_103f2a1ec6daa8c4	4.942315129903477	False	34	43	+	-22.5
EMB_onehot_C04	shuffle	tjupan_bacillus_subtilis_main_996c93274b7d349e__dinucleotide_null	tjupan_bacillus_subtilis_main_996c93274b7d349e	6.72034243645197	False	55	64	+	-1.5
EMB_onehot_C04	shuffle	tjupan_bacillus_subtilis_main_7c407bebf512b5e0__dinucleotide_null	tjupan_bacillus_subtilis_main_7c407bebf512b5e0	5.085855470443491	False	25	34	+	-31.5
EMB_onehot_C04	shuffle	tjupan_bacillus_subtilis_main_842f97f040946982__dinucleotide_null	tjupan_bacillus_subtilis_main_842f97f040946982	4.793725485933422	False	18	27	+	-38.5
EMB_onehot_C04	shuffle	tjupan_bacillus_subtilis_main_42c1909004fe3d73__dinucleotide_null	tjupan_bacillus_subtilis_main_42c1909004fe3d73	7.3223967793996305	False	31	40	-	-25.5
EMB_onehot_C04	shuffle	tjupan_bacillus_subtilis_main_42074f78c0199323__dinucleotide_null	dbtbs_bsub_core_42074f78c0199323	5.968259587113021	False	51	60	-	-5.5
EMB_onehot_C04	shuffle	tjupan_bacillus_subtilis_main_72127e86172ad2be__dinucleotide_null	tjupan_bacillus_subtilis_main_72127e86172ad2be	8.617850636538087	False	62	71	-	5.5
EMB_onehot_C04	shuffle	tjupan_bacillus_subtilis_main_d072d578ae627246__dinucleotide_null	tjupan_bacillus_subtilis_main_d072d578ae627246	4.884488040850169	False	58	67	+	1.5
EMB_onehot_C04	shuffle	tjupan_bacillus_subtilis_main_a2ab5f161ee68a0a__dinucleotide_null	tjupan_bacillus_subtilis_main_a2ab5f161ee68a0a	8.600545324549563	False	26	35	+	-30.5
EMB_onehot_C04	shuffle	tjupan_bacillus_subtilis_main_3ec8c178aa138223__dinucleotide_null	tjupan_bacillus_subtilis_main_3ec8c178aa138223	9.754067572955769	True	16	25	+	-40.5
EMB_onehot_C04	shuffle	tjupan_bacillus_subtilis_main_824214e197f86545__dinucleotide_null	tjupan_bacillus_subtilis_main_824214e197f86545	6.471050871849763	False	69	78	+	12.5
EMB_onehot_C04	shuffle	tjupan_bacillus_subtilis_main_721ac29c5ef7c9f0__dinucleotide_null	dbtbs_bsub_core_721ac29c5ef7c9f0	7.620329141547199	False	61	70	-	4.5
EMB_onehot_C04	shuffle	tjupan_bacillus_subtilis_main_a7eb317986e0a410__dinucleotide_null	tjupan_bacillus_subtilis_main_a7eb317986e0a410	5.644177490541804	False	31	40	-	-25.5
EMB_onehot_C04	shuffle	tjupan_bacillus_subtilis_main_6cf2c0e47935a8c2__dinucleotide_null	dbtbs_bsub_core_6cf2c0e47935a8c2	7.045813313776185	False	55	64	-	-1.5
EMB_onehot_C04	shuffle	tjupan_bacillus_subtilis_main_cd9626c39ea075d5__dinucleotide_null	dbtbs_bsub_core_cd9626c39ea075d5	5.232449261992183	False	26	35	+	-30.5
EMB_onehot_C04	shuffle	tjupan_bacillus_subtilis_main_4a95c9a0c8c0dc5d__dinucleotide_null	dbtbs_bsub_core_d38f72abf66add23	7.054682445547439	False	65	74	-	8.5
EMB_onehot_C04	shuffle	tjupan_bacillus_subtilis_main_323902b09c4af7f6__dinucleotide_null	dbtbs_bsub_core_bb1d2472f35efe20	3.6336531627794777	False	58	67	+	1.5
EMB_onehot_C04	shuffle	tjupan_bacillus_subtilis_main_dda9e4c6372ef204__dinucleotide_null	dbtbs_bsub_core_50819f6cb2562fd8	5.888349231676473	False	52	61	+	-4.5
EMB_onehot_C04	shuffle	tjupan_bacillus_subtilis_main_6fc8f7f57b8f5e9d__dinucleotide_null	tjupan_bacillus_subtilis_main_6fc8f7f57b8f5e9d	6.337276526506269	False	36	45	-	-20.5
EMB_onehot_C04	shuffle	tjupan_bacillus_subtilis_main_84cc0835204b8e58__dinucleotide_null	dbtbs_bsub_core_396da27afda34e05	5.962086186347635	False	68	77	+	11.5
EMB_onehot_C04	shuffle	tjupan_bacillus_subtilis_main_c897ab6e4a2d8869__dinucleotide_null	tjupan_bacillus_subtilis_main_c897ab6e4a2d8869	5.82679771199089	False	62	71	+	5.5
EMB_onehot_C04	shuffle	tjupan_bacillus_subtilis_main_1b58b9006f9baf4f__dinucleotide_null	dbtbs_bsub_core_1b58b9006f9baf4f	4.36371448156424	False	32	41	+	-24.5
EMB_onehot_C04	shuffle	tjupan_bacillus_subtilis_main_5bcbea22526b97af__dinucleotide_null	dbtbs_bsub_core_2bafb1a73b5c7300	6.503805756965745	False	60	69	+	3.5
EMB_onehot_C04	shuffle	tjupan_bacillus_subtilis_main_e51e63a9cb3e9467__dinucleotide_null	dbtbs_bsub_core_bb482769c888cf21	5.2367867595870115	False	27	36	-	-29.5
EMB_onehot_C04	shuffle	tjupan_bacillus_subtilis_main_b558e80410906098__dinucleotide_null	dbtbs_bsub_core_b558e80410906098	5.447087248185067	False	17	26	-	-39.5
EMB_onehot_C04	shuffle	tjupan_bacillus_subtilis_main_dc95e7cdf3939931__dinucleotide_null	dbtbs_bsub_core_dc95e7cdf3939931	4.356824982308409	False	49	58	-	-7.5
EMB_onehot_C04	shuffle	tjupan_bacillus_subtilis_main_cf013234eecd796b__dinucleotide_null	dbtbs_bsub_core_700614a2577d51a9	8.826339219204286	False	1	10	+	-55.5
EMB_onehot_C04	shuffle	tjupan_bacillus_subtilis_main_b541048ffbe461fc__dinucleotide_null	tjupan_bacillus_subtilis_main_b541048ffbe461fc	7.633122272319773	False	57	66	-	0.5
EMB_onehot_C04	shuffle	tjupan_bacillus_subtilis_main_0b4e887f7ea9c424__dinucleotide_null	dbtbs_bsub_core_0b4e887f7ea9c424	8.127475703899304	False	20	29	+	-36.5
EMB_onehot_C04	shuffle	tjupan_bacillus_subtilis_main_93a3a1679c7a73c9__dinucleotide_null	tjupan_bacillus_subtilis_main_93a3a1679c7a73c9	4.842144878000078	False	50	59	-	-6.5
EMB_onehot_C04	shuffle	tjupan_bacillus_subtilis_main_e7e17b10ff25536a__dinucleotide_null	tjupan_bacillus_subtilis_main_1eb616e060615c81	7.868494587999521	False	13	22	-	-43.5
EMB_onehot_C04	shuffle	tjupan_bacillus_subtilis_main_d94f791dab569af4__dinucleotide_null	dbtbs_bsub_core_e72b843a494a35db	6.342371464337647	False	6	15	-	-50.5
EMB_onehot_C04	shuffle	tjupan_bacillus_subtilis_main_d75f323535d0e96f__dinucleotide_null	tjupan_bacillus_subtilis_main_d75f323535d0e96f	4.753547905381231	False	39	48	-	-17.5
EMB_onehot_C04	shuffle	tjupan_bacillus_subtilis_main_74379fc21a77213d__dinucleotide_null	tjupan_bacillus_subtilis_main_74379fc21a77213d	3.7135945436812627	False	9	18	+	-47.5
EMB_onehot_C04	shuffle	tjupan_bacillus_subtilis_main_6f5bfd2e001a2697__dinucleotide_null	dbtbs_bsub_core_6f5bfd2e001a2697	5.56383295022126	False	5	14	-	-51.5
EMB_onehot_C04	shuffle	tjupan_bacillus_subtilis_main_1eb616e060615c81__dinucleotide_null	tjupan_bacillus_subtilis_main_1eb616e060615c81	6.209788936152274	False	4	13	+	-52.5
EMB_onehot_C04	shuffle	tjupan_bacillus_subtilis_main_409ff8a786357eb4__dinucleotide_null	dbtbs_bsub_core_3e3a825c0d09de99	5.4970302999762435	False	46	55	-	-10.5
EMB_onehot_C04	shuffle	tjupan_bacillus_subtilis_main_1bc60721b4be672c__dinucleotide_null	dbtbs_bsub_core_cb8975beecd17a84	5.992069347891669	False	32	41	-	-24.5
EMB_onehot_C04	shuffle	tjupan_bacillus_subtilis_main_af44da9eb65c9b2b__dinucleotide_null	tjupan_bacillus_subtilis_main_af44da9eb65c9b2b	5.480701663003789	False	11	20	-	-45.5
EMB_onehot_C04	shuffle	tjupan_bacillus_subtilis_main_8f5b60fc07e381f2__dinucleotide_null	dbtbs_bsub_core_8f5b60fc07e381f2	5.4857439032761075	False	56	65	+	-0.5
EMB_onehot_C04	shuffle	tjupan_bacillus_subtilis_main_5c9bf0eab187b5f5__dinucleotide_null	dbtbs_bsub_core_93f240a64705adb6	8.809033907215763	False	54	63	+	-2.5
EMB_onehot_C04	shuffle	tjupan_bacillus_subtilis_main_aaf138e1b23719d3__dinucleotide_null	dbtbs_bsub_core_380666e4ad2529dd	8.118597581905433	False	24	33	+	-32.5
EMB_onehot_C04	shuffle	tjupan_bacillus_subtilis_main_0fcba0431054cde6__dinucleotide_null	dbtbs_bsub_core_0fcba0431054cde6	4.597401883938417	False	29	38	+	-27.5
EMB_onehot_C04	shuffle	tjupan_bacillus_subtilis_main_6f6446b7ed912162__dinucleotide_null	dbtbs_bsub_core_6f6446b7ed912162	7.945693256220501	False	19	28	+	-37.5
EMB_onehot_C04	shuffle	tjupan_bacillus_subtilis_main_d434d749686b9e33__dinucleotide_null	dbtbs_bsub_core_137eff58d766cefa	8.647212998741193	False	50	59	-	-6.5
EMB_onehot_C04	shuffle	tjupan_bacillus_subtilis_main_96c549f1b176b111__dinucleotide_null	tjupan_bacillus_subtilis_main_96c549f1b176b111	4.044535199456806	False	5	14	+	-51.5
EMB_onehot_C04	shuffle	tjupan_bacillus_subtilis_main_a4db17c75fb94c83__dinucleotide_null	dbtbs_bsub_core_8c6f4b9eba960292	8.826339219204288	False	34	43	-	-22.5
EMB_onehot_C04	shuffle	tjupan_bacillus_subtilis_main_0e5e92df8dafa46f__dinucleotide_null	dbtbs_bsub_core_0e5e92df8dafa46f	6.632304154508849	False	18	27	-	-38.5
EMB_onehot_C04	shuffle	tjupan_bacillus_subtilis_main_089b35a135bf8797__dinucleotide_null	tjupan_bacillus_subtilis_main_089b35a135bf8797	5.764182920963073	False	12	21	-	-44.5
EMB_onehot_C04	shuffle	tjupan_bacillus_subtilis_main_2e3c51df0d86f79b__dinucleotide_null	dbtbs_bsub_core_245b899eb3255120	4.014872157459873	False	18	27	-	-38.5
EMB_onehot_C04	shuffle	tjupan_bacillus_subtilis_main_648aef9dba1f38c4__dinucleotide_null	tjupan_bacillus_subtilis_main_648aef9dba1f38c4	7.213703882084555	False	7	16	-	-49.5
EMB_onehot_C04	shuffle	tjupan_bacillus_subtilis_main_b809758bf01da07c__dinucleotide_null	tjupan_bacillus_subtilis_main_b809758bf01da07c	8.969168921824608	True	7	16	-	-49.5
EMB_onehot_C04	shuffle	tjupan_bacillus_subtilis_main_72db3945a2fcac01__dinucleotide_null	tjupan_bacillus_subtilis_main_72db3945a2fcac01	6.68609335470221	False	68	77	+	11.5
EMB_onehot_C04	shuffle	tjupan_bacillus_subtilis_main_8d9a62a0fbc43019__dinucleotide_null	dbtbs_bsub_core_3348625232a23256	9.21957417545711	True	23	32	+	-33.5
EMB_onehot_C04	shuffle	tjupan_bacillus_subtilis_main_2fc6e10224ce632e__dinucleotide_null	dbtbs_bsub_core_2fc6e10224ce632e	6.529604620549014	False	59	68	+	2.5
EMB_onehot_C04	shuffle	tjupan_bacillus_subtilis_main_4dd4acc476485632__dinucleotide_null	tjupan_bacillus_subtilis_main_4dd4acc476485632	7.130572594867083	False	25	34	+	-31.5
EMB_onehot_C04	shuffle	tjupan_bacillus_subtilis_main_5a1a4573de4d55b3__dinucleotide_null	dbtbs_bsub_core_af75962c5aaa60ac	7.356366489521806	False	25	34	+	-31.5
EMB_onehot_C04	shuffle	tjupan_bacillus_subtilis_main_fe854ef781d570c9__dinucleotide_null	dbtbs_bsub_core_79142b70125d7f77	5.812372413362752	False	72	81	+	15.5
EMB_onehot_C05	positive	tjupan_bacillus_subtilis_main_089b35a135bf8797	tjupan_bacillus_subtilis_main_089b35a135bf8797	8.786336801549705	False	18	27	+	-38.5
EMB_onehot_C05	positive	tjupan_bacillus_subtilis_main_0b4e887f7ea9c424	dbtbs_bsub_core_0b4e887f7ea9c424	7.283649933124399	False	12	21	+	-44.5
EMB_onehot_C05	positive	tjupan_bacillus_subtilis_main_0dc2e54e8f0778d4	dbtbs_bsub_core_89ecb38b4ff0148f	9.447872080428318	True	71	80	-	14.5
EMB_onehot_C05	positive	tjupan_bacillus_subtilis_main_0e5e92df8dafa46f	dbtbs_bsub_core_0e5e92df8dafa46f	7.181474558795462	False	18	27	+	-38.5
EMB_onehot_C05	positive	tjupan_bacillus_subtilis_main_0fcba0431054cde6	dbtbs_bsub_core_0fcba0431054cde6	7.470986944523363	False	70	79	+	13.5
EMB_onehot_C05	positive	tjupan_bacillus_subtilis_main_103f2a1ec6daa8c4	dbtbs_bsub_core_103f2a1ec6daa8c4	8.567942153499278	False	51	60	+	-5.5
EMB_onehot_C05	positive	tjupan_bacillus_subtilis_main_1b58b9006f9baf4f	dbtbs_bsub_core_1b58b9006f9baf4f	8.106618941051675	False	14	23	+	-42.5
EMB_onehot_C05	positive	tjupan_bacillus_subtilis_main_1bc60721b4be672c	dbtbs_bsub_core_cb8975beecd17a84	9.537806325366642	True	15	24	+	-41.5
EMB_onehot_C05	positive	tjupan_bacillus_subtilis_main_1eb616e060615c81	tjupan_bacillus_subtilis_main_1eb616e060615c81	6.97760273069307	False	31	40	-	-25.5
EMB_onehot_C05	positive	tjupan_bacillus_subtilis_main_2e3c51df0d86f79b	dbtbs_bsub_core_245b899eb3255120	6.917478502178925	False	49	58	+	-7.5
EMB_onehot_C05	positive	tjupan_bacillus_subtilis_main_2fc6e10224ce632e	dbtbs_bsub_core_2fc6e10224ce632e	6.789240858283935	False	4	13	+	-52.5
EMB_onehot_C05	positive	tjupan_bacillus_subtilis_main_323902b09c4af7f6	dbtbs_bsub_core_bb1d2472f35efe20	4.723514642671432	False	42	51	-	-14.5
EMB_onehot_C05	positive	tjupan_bacillus_subtilis_main_3ec8c178aa138223	tjupan_bacillus_subtilis_main_3ec8c178aa138223	6.130361788666359	False	33	42	+	-23.5
EMB_onehot_C05	positive	tjupan_bacillus_subtilis_main_409ff8a786357eb4	dbtbs_bsub_core_3e3a825c0d09de99	6.363913079753484	False	46	55	-	-10.5
EMB_onehot_C05	positive	tjupan_bacillus_subtilis_main_42074f78c0199323	dbtbs_bsub_core_42074f78c0199323	7.999445741972314	False	70	79	+	13.5
EMB_onehot_C05	positive	tjupan_bacillus_subtilis_main_42c1909004fe3d73	tjupan_bacillus_subtilis_main_42c1909004fe3d73	8.655670894235584	False	62	71	-	5.5
EMB_onehot_C05	positive	tjupan_bacillus_subtilis_main_4a95c9a0c8c0dc5d	dbtbs_bsub_core_d38f72abf66add23	5.972249388166116	False	30	39	+	-26.5
EMB_onehot_C05	positive	tjupan_bacillus_subtilis_main_4dd4acc476485632	tjupan_bacillus_subtilis_main_4dd4acc476485632	6.883627858434403	False	41	50	-	-15.5
EMB_onehot_C05	positive	tjupan_bacillus_subtilis_main_5a1a4573de4d55b3	dbtbs_bsub_core_af75962c5aaa60ac	5.237037199012949	False	26	35	-	-30.5
EMB_onehot_C05	positive	tjupan_bacillus_subtilis_main_5bcbea22526b97af	dbtbs_bsub_core_2bafb1a73b5c7300	5.362447576878709	False	10	19	+	-46.5
EMB_onehot_C05	positive	tjupan_bacillus_subtilis_main_5c9bf0eab187b5f5	dbtbs_bsub_core_93f240a64705adb6	7.0415802182106395	False	29	38	+	-27.5
EMB_onehot_C05	positive	tjupan_bacillus_subtilis_main_648aef9dba1f38c4	tjupan_bacillus_subtilis_main_648aef9dba1f38c4	8.66689116570093	False	67	76	+	10.5
EMB_onehot_C05	positive	tjupan_bacillus_subtilis_main_682dcc155b9eb236	dbtbs_bsub_core_5d3712ff0aeb1916	7.917600507421982	False	56	65	+	-0.5
EMB_onehot_C05	positive	tjupan_bacillus_subtilis_main_6cf2c0e47935a8c2	dbtbs_bsub_core_6cf2c0e47935a8c2	9.32050001099818	False	18	27	+	-38.5
EMB_onehot_C05	positive	tjupan_bacillus_subtilis_main_6f5bfd2e001a2697	dbtbs_bsub_core_6f5bfd2e001a2697	7.758646070343759	False	55	64	+	-1.5
EMB_onehot_C05	positive	tjupan_bacillus_subtilis_main_6f6446b7ed912162	dbtbs_bsub_core_6f6446b7ed912162	5.987902332916017	False	21	30	-	-35.5
EMB_onehot_C05	positive	tjupan_bacillus_subtilis_main_6fc8f7f57b8f5e9d	tjupan_bacillus_subtilis_main_6fc8f7f57b8f5e9d	9.773391908089309	True	19	28	+	-37.5
EMB_onehot_C05	positive	tjupan_bacillus_subtilis_main_72127e86172ad2be	tjupan_bacillus_subtilis_main_72127e86172ad2be	8.902975866541508	False	10	19	-	-46.5
EMB_onehot_C05	positive	tjupan_bacillus_subtilis_main_721ac29c5ef7c9f0	dbtbs_bsub_core_721ac29c5ef7c9f0	7.0122081321424625	False	58	67	+	1.5
EMB_onehot_C05	positive	tjupan_bacillus_subtilis_main_72db3945a2fcac01	tjupan_bacillus_subtilis_main_72db3945a2fcac01	8.481108283554386	False	12	21	-	-44.5
EMB_onehot_C05	positive	tjupan_bacillus_subtilis_main_74379fc21a77213d	tjupan_bacillus_subtilis_main_74379fc21a77213d	5.625633866342696	False	47	56	-	-9.5
EMB_onehot_C05	positive	tjupan_bacillus_subtilis_main_79220287475133e5	dbtbs_bsub_core_79220287475133e5	3.6807963033592177	False	40	49	+	-16.5
EMB_onehot_C05	positive	tjupan_bacillus_subtilis_main_7c407bebf512b5e0	tjupan_bacillus_subtilis_main_7c407bebf512b5e0	3.0585730045458397	False	1	10	-	-55.5
EMB_onehot_C05	positive	tjupan_bacillus_subtilis_main_824214e197f86545	tjupan_bacillus_subtilis_main_824214e197f86545	6.328309621070609	False	32	41	+	-24.5
EMB_onehot_C05	positive	tjupan_bacillus_subtilis_main_842f97f040946982	tjupan_bacillus_subtilis_main_842f97f040946982	7.636297222901675	False	42	51	+	-14.5
EMB_onehot_C05	positive	tjupan_bacillus_subtilis_main_84cc0835204b8e58	dbtbs_bsub_core_396da27afda34e05	9.878366092674513	True	18	27	+	-38.5
EMB_onehot_C05	positive	tjupan_bacillus_subtilis_main_89e75db25f32c6c9	dbtbs_bsub_core_66a79c370c059251	9.182402251350146	False	64	73	+	7.5
EMB_onehot_C05	positive	tjupan_bacillus_subtilis_main_8d9a62a0fbc43019	dbtbs_bsub_core_3348625232a23256	8.447750075185263	False	4	13	-	-52.5
EMB_onehot_C05	positive	tjupan_bacillus_subtilis_main_8f5b60fc07e381f2	dbtbs_bsub_core_8f5b60fc07e381f2	5.16747331504889	False	4	13	-	-52.5
EMB_onehot_C05	positive	tjupan_bacillus_subtilis_main_93a3a1679c7a73c9	tjupan_bacillus_subtilis_main_93a3a1679c7a73c9	5.524500133434621	False	30	39	+	-26.5
EMB_onehot_C05	positive	tjupan_bacillus_subtilis_main_96c549f1b176b111	tjupan_bacillus_subtilis_main_96c549f1b176b111	9.90773817874269	True	28	37	-	-28.5
EMB_onehot_C05	positive	tjupan_bacillus_subtilis_main_996c93274b7d349e	tjupan_bacillus_subtilis_main_996c93274b7d349e	7.708663567020696	False	6	15	+	-50.5
EMB_onehot_C05	positive	tjupan_bacillus_subtilis_main_9996ea2b61a7fc82	tjupan_bacillus_subtilis_main_9996ea2b61a7fc82	5.757021578644136	False	56	65	+	-0.5
EMB_onehot_C05	positive	tjupan_bacillus_subtilis_main_a2ab5f161ee68a0a	tjupan_bacillus_subtilis_main_a2ab5f161ee68a0a	7.787028969261875	False	55	64	+	-1.5
EMB_onehot_C05	positive	tjupan_bacillus_subtilis_main_a2bee6d81c2dad89	dbtbs_bsub_core_a2bee6d81c2dad89	6.292225621598886	False	66	75	+	9.5
EMB_onehot_C05	positive	tjupan_bacillus_subtilis_main_a4db17c75fb94c83	dbtbs_bsub_core_8c6f4b9eba960292	4.103464163182606	False	11	20	-	-45.5
EMB_onehot_C05	positive	tjupan_bacillus_subtilis_main_a7eb317986e0a410	tjupan_bacillus_subtilis_main_a7eb317986e0a410	8.022158736428432	False	29	38	-	-27.5
EMB_onehot_C05	positive	tjupan_bacillus_subtilis_main_aaf138e1b23719d3	dbtbs_bsub_core_380666e4ad2529dd	6.547171143370175	False	14	23	-	-42.5
EMB_onehot_C05	positive	tjupan_bacillus_subtilis_main_af44da9eb65c9b2b	tjupan_bacillus_subtilis_main_af44da9eb65c9b2b	8.859140089810465	False	19	28	-	-37.5
EMB_onehot_C05	positive	tjupan_bacillus_subtilis_main_b541048ffbe461fc	tjupan_bacillus_subtilis_main_b541048ffbe461fc	6.848329064781625	False	27	36	-	-29.5
EMB_onehot_C05	positive	tjupan_bacillus_subtilis_main_b558e80410906098	dbtbs_bsub_core_b558e80410906098	4.404630170875352	False	16	25	-	-40.5
EMB_onehot_C05	positive	tjupan_bacillus_subtilis_main_b809758bf01da07c	tjupan_bacillus_subtilis_main_b809758bf01da07c	5.318569652062617	False	11	20	+	-45.5
EMB_onehot_C05	positive	tjupan_bacillus_subtilis_main_b86a1d8c42408cc4	tjupan_bacillus_subtilis_main_b86a1d8c42408cc4	4.890607474787016	False	24	33	-	-32.5
EMB_onehot_C05	positive	tjupan_bacillus_subtilis_main_c7551eecc12a98c1	tjupan_bacillus_subtilis_main_c7551eecc12a98c1	7.784502636119831	False	1	10	+	-55.5
EMB_onehot_C05	positive	tjupan_bacillus_subtilis_main_c897ab6e4a2d8869	tjupan_bacillus_subtilis_main_c897ab6e4a2d8869	9.526237482669499	True	13	22	-	-43.5
EMB_onehot_C05	positive	tjupan_bacillus_subtilis_main_cd9626c39ea075d5	dbtbs_bsub_core_cd9626c39ea075d5	5.099635841706269	False	57	66	+	0.5
EMB_onehot_C05	positive	tjupan_bacillus_subtilis_main_cf013234eecd796b	dbtbs_bsub_core_700614a2577d51a9	6.943010005897059	False	12	21	+	-44.5
EMB_onehot_C05	positive	tjupan_bacillus_subtilis_main_d072d578ae627246	tjupan_bacillus_subtilis_main_d072d578ae627246	4.799442137428755	False	43	52	+	-13.5
EMB_onehot_C05	positive	tjupan_bacillus_subtilis_main_d434d749686b9e33	dbtbs_bsub_core_137eff58d766cefa	5.253885289515774	False	66	75	+	9.5
EMB_onehot_C05	positive	tjupan_bacillus_subtilis_main_d75f323535d0e96f	tjupan_bacillus_subtilis_main_d75f323535d0e96f	4.7625481848898055	False	29	38	-	-27.5
EMB_onehot_C05	positive	tjupan_bacillus_subtilis_main_d94f791dab569af4	dbtbs_bsub_core_e72b843a494a35db	6.619507557381798	False	11	20	-	-45.5
EMB_onehot_C05	positive	tjupan_bacillus_subtilis_main_dc95e7cdf3939931	dbtbs_bsub_core_dc95e7cdf3939931	7.624299799690378	False	29	38	+	-27.5
EMB_onehot_C05	positive	tjupan_bacillus_subtilis_main_dda9e4c6372ef204	dbtbs_bsub_core_50819f6cb2562fd8	4.2826418679076745	False	58	67	-	1.5
EMB_onehot_C05	positive	tjupan_bacillus_subtilis_main_e51e63a9cb3e9467	dbtbs_bsub_core_bb482769c888cf21	7.450772636444887	False	30	39	-	-26.5
EMB_onehot_C05	positive	tjupan_bacillus_subtilis_main_e7e17b10ff25536a	tjupan_bacillus_subtilis_main_1eb616e060615c81	6.97760273069307	False	34	43	-	-22.5
EMB_onehot_C05	positive	tjupan_bacillus_subtilis_main_f2d1e33176b05430	dbtbs_bsub_core_f2d1e33176b05430	6.522809237120635	False	6	15	-	-50.5
EMB_onehot_C05	positive	tjupan_bacillus_subtilis_main_fe854ef781d570c9	dbtbs_bsub_core_79142b70125d7f77	7.44298776298408	False	10	19	+	-46.5
EMB_onehot_C05	natural	tjupan_bacillus_subtilis_main_01f49032fc924b2b	tjupan_bacillus_subtilis_main_01f49032fc924b2b	6.093032373119588	False	20	29	-	-36.5
EMB_onehot_C05	natural	tjupan_bacillus_subtilis_main_0369fa5f1dde8889	tjupan_bacillus_subtilis_main_0369fa5f1dde8889	5.048299378321479	False	69	78	+	12.5
EMB_onehot_C05	natural	tjupan_bacillus_subtilis_main_04bf0704019251eb	tjupan_bacillus_subtilis_main_04bf0704019251eb	4.699073570165773	False	50	59	+	-6.5
EMB_onehot_C05	natural	tjupan_bacillus_subtilis_main_07a43cab15901fd0	tjupan_bacillus_subtilis_main_07a43cab15901fd0	4.671075856391438	False	23	32	+	-33.5
EMB_onehot_C05	natural	tjupan_bacillus_subtilis_main_0abf62f108ad9afa	tjupan_bacillus_subtilis_main_0abf62f108ad9afa	5.839333724507757	False	34	43	+	-22.5
EMB_onehot_C05	natural	tjupan_bacillus_subtilis_main_10a028761e096e6f	tjupan_bacillus_subtilis_main_10a028761e096e6f	6.4762239661101475	False	33	42	-	-23.5
EMB_onehot_C05	natural	tjupan_bacillus_subtilis_main_1183c551e9c3884e	tjupan_bacillus_subtilis_main_1183c551e9c3884e	6.080740488973715	False	19	28	-	-37.5
EMB_onehot_C05	natural	tjupan_bacillus_subtilis_main_11c75fe7d070d91d	tjupan_bacillus_subtilis_main_11c75fe7d070d91d	3.3042308222373293	False	26	35	+	-30.5
EMB_onehot_C05	natural	tjupan_bacillus_subtilis_main_13f81edc59432f39	tjupan_bacillus_subtilis_main_13f81edc59432f39	5.700617583594438	False	9	18	+	-47.5
EMB_onehot_C05	natural	tjupan_bacillus_subtilis_main_1a1965c69595e91c	tjupan_bacillus_subtilis_main_1a1965c69595e91c	5.754943073797653	False	51	60	-	-5.5
EMB_onehot_C05	natural	tjupan_bacillus_subtilis_main_28ceb7fd6ffaf1b1	tjupan_bacillus_subtilis_main_28ceb7fd6ffaf1b1	6.962239672868377	False	7	16	+	-49.5
EMB_onehot_C05	natural	tjupan_bacillus_subtilis_main_2a691ccdd9f8cd87	tjupan_bacillus_subtilis_main_2a691ccdd9f8cd87	4.975128343817168	False	23	32	-	-33.5
EMB_onehot_C05	natural	tjupan_bacillus_subtilis_main_3095b00d206277d2	tjupan_bacillus_subtilis_main_3095b00d206277d2	3.8133381732240856	False	49	58	+	-7.5
EMB_onehot_C05	natural	tjupan_bacillus_subtilis_main_33ded6bc702ab6e3	tjupan_bacillus_subtilis_main_33ded6bc702ab6e3	7.080925331548496	False	31	40	-	-25.5
EMB_onehot_C05	natural	tjupan_bacillus_subtilis_main_3b669bfd8e8ecc5c	tjupan_bacillus_subtilis_main_3b669bfd8e8ecc5c	6.927043241093212	False	5	14	+	-51.5
EMB_onehot_C05	natural	tjupan_bacillus_subtilis_main_3dfed0cfea4ace99	tjupan_bacillus_subtilis_main_3dfed0cfea4ace99	7.0063837864354745	False	6	15	-	-50.5
EMB_onehot_C05	natural	tjupan_bacillus_subtilis_main_3f82397c249b4c2e	tjupan_bacillus_subtilis_main_3f82397c249b4c2e	9.134717128851637	False	15	24	-	-41.5
EMB_onehot_C05	natural	tjupan_bacillus_subtilis_main_413de94f4b4cc894	tjupan_bacillus_subtilis_main_413de94f4b4cc894	6.650531510946982	False	56	65	+	-0.5
EMB_onehot_C05	natural	tjupan_bacillus_subtilis_main_4225dc5bcf089682	tjupan_bacillus_subtilis_main_4225dc5bcf089682	7.472565824010698	False	4	13	+	-52.5
EMB_onehot_C05	natural	tjupan_bacillus_subtilis_main_43e8357a95b8acad	tjupan_bacillus_subtilis_main_43e8357a95b8acad	1.4466141879876495	False	7	16	-	-49.5
EMB_onehot_C05	natural	tjupan_bacillus_subtilis_main_44b9e66950262593	tjupan_bacillus_subtilis_main_44b9e66950262593	4.431540348693526	False	48	57	+	-8.5
EMB_onehot_C05	natural	tjupan_bacillus_subtilis_main_4600103c5e396ab7	tjupan_bacillus_subtilis_main_4600103c5e396ab7	5.8612739582420215	False	18	27	+	-38.5
EMB_onehot_C05	natural	tjupan_bacillus_subtilis_main_47b01646ad818f05	tjupan_bacillus_subtilis_main_47b01646ad818f05	3.9198012768973007	False	47	56	+	-9.5
EMB_onehot_C05	natural	tjupan_bacillus_subtilis_main_47f3a0ce2d4034a8	tjupan_bacillus_subtilis_main_47f3a0ce2d4034a8	5.401671039235979	False	46	55	-	-10.5
EMB_onehot_C05	natural	tjupan_bacillus_subtilis_main_4c62636643ef908e	tjupan_bacillus_subtilis_main_4c62636643ef908e	3.624714263639343	False	65	74	-	8.5
EMB_onehot_C05	natural	tjupan_bacillus_subtilis_main_4ec6f242d8a5df5c	tjupan_bacillus_subtilis_main_4ec6f242d8a5df5c	6.118861844570317	False	14	23	+	-42.5
EMB_onehot_C05	natural	tjupan_bacillus_subtilis_main_4efdcab552f8b70d	tjupan_bacillus_subtilis_main_4efdcab552f8b70d	5.469236112433748	False	9	18	-	-47.5
EMB_onehot_C05	natural	tjupan_bacillus_subtilis_main_51577d89c939deba	tjupan_bacillus_subtilis_main_51577d89c939deba	3.7445077350672955	False	58	67	+	1.5
EMB_onehot_C05	natural	tjupan_bacillus_subtilis_main_52bff7f8e27d9410	tjupan_bacillus_subtilis_main_52bff7f8e27d9410	3.5417067169695846	False	65	74	+	8.5
EMB_onehot_C05	natural	tjupan_bacillus_subtilis_main_59901c21c497690b	tjupan_bacillus_subtilis_main_59901c21c497690b	7.3231794236722285	False	49	58	+	-7.5
EMB_onehot_C05	natural	tjupan_bacillus_subtilis_main_5f953d4f57c1fa81	tjupan_bacillus_subtilis_main_5f953d4f57c1fa81	2.3102608341097866	False	37	46	+	-19.5
EMB_onehot_C05	natural	tjupan_bacillus_subtilis_main_669f9a1f1028b036	tjupan_bacillus_subtilis_main_669f9a1f1028b036	5.411559038371925	False	43	52	-	-13.5
EMB_onehot_C05	natural	tjupan_bacillus_subtilis_main_69dc5d058d63d549	tjupan_bacillus_subtilis_main_69dc5d058d63d549	1.747799873903495	False	10	19	-	-46.5
EMB_onehot_C05	natural	tjupan_bacillus_subtilis_main_6cfe0a7e178b1651	tjupan_bacillus_subtilis_main_6cfe0a7e178b1651	4.619896411040433	False	47	56	+	-9.5
EMB_onehot_C05	natural	tjupan_bacillus_subtilis_main_705ab5e790a4610d	tjupan_bacillus_subtilis_main_705ab5e790a4610d	2.2969794708240032	False	67	76	+	10.5
EMB_onehot_C05	natural	tjupan_bacillus_subtilis_main_71852833d33a5887	tjupan_bacillus_subtilis_main_71852833d33a5887	3.380231052404947	False	61	70	-	4.5
EMB_onehot_C05	natural	tjupan_bacillus_subtilis_main_76c86d1f05ca1d88	tjupan_bacillus_subtilis_main_76c86d1f05ca1d88	5.767604931483054	False	61	70	+	4.5
EMB_onehot_C05	natural	tjupan_bacillus_subtilis_main_777d2d2586a95fbc	tjupan_bacillus_subtilis_main_777d2d2586a95fbc	8.000701894595343	False	36	45	+	-20.5
EMB_onehot_C05	natural	tjupan_bacillus_subtilis_main_7c99b9a8665786aa	tjupan_bacillus_subtilis_main_7c99b9a8665786aa	3.8455420546140493	False	69	78	+	12.5
EMB_onehot_C05	natural	tjupan_bacillus_subtilis_main_82f0003647ec7740	tjupan_bacillus_subtilis_main_82f0003647ec7740	11.210276884549081	True	63	72	-	6.5
EMB_onehot_C05	natural	tjupan_bacillus_subtilis_main_8a9952e5dc8e0bd1	tjupan_bacillus_subtilis_main_8a9952e5dc8e0bd1	5.004337043668423	False	59	68	+	2.5
EMB_onehot_C05	natural	tjupan_bacillus_subtilis_main_8c2afb751c3f9d92	tjupan_bacillus_subtilis_main_8c2afb751c3f9d92	10.397628667318381	True	44	53	+	-12.5
EMB_onehot_C05	natural	tjupan_bacillus_subtilis_main_8e1b3c58365d2bbd	tjupan_bacillus_subtilis_main_8e1b3c58365d2bbd	7.859776505372781	False	61	70	+	4.5
EMB_onehot_C05	natural	tjupan_bacillus_subtilis_main_906140fe2a990d8e	tjupan_bacillus_subtilis_main_906140fe2a990d8e	4.773670345364146	False	68	77	+	11.5
EMB_onehot_C05	natural	tjupan_bacillus_subtilis_main_94dbc17f3078c678	tjupan_bacillus_subtilis_main_94dbc17f3078c678	4.7925960552732025	False	27	36	-	-29.5
EMB_onehot_C05	natural	tjupan_bacillus_subtilis_main_9bf1d28c9aae3b2e	tjupan_bacillus_subtilis_main_9bf1d28c9aae3b2e	3.527213813842918	False	32	41	+	-24.5
EMB_onehot_C05	natural	tjupan_bacillus_subtilis_main_9cc8f38cff175da4	tjupan_bacillus_subtilis_main_9cc8f38cff175da4	3.8761685620755366	False	22	31	+	-34.5
EMB_onehot_C05	natural	tjupan_bacillus_subtilis_main_9cceb700e3527301	tjupan_bacillus_subtilis_main_9cceb700e3527301	1.278000888279232	False	12	21	+	-44.5
EMB_onehot_C05	natural	tjupan_bacillus_subtilis_main_9d0345f875b7552c	tjupan_bacillus_subtilis_main_9d0345f875b7552c	3.811280896770638	False	60	69	+	3.5
EMB_onehot_C05	natural	tjupan_bacillus_subtilis_main_a3fedb31fa6cc84b	tjupan_bacillus_subtilis_main_a3fedb31fa6cc84b	4.8182687504470385	False	69	78	+	12.5
EMB_onehot_C05	natural	tjupan_bacillus_subtilis_main_a54e7006d4699b67	tjupan_bacillus_subtilis_main_a54e7006d4699b67	3.710633577174099	False	39	48	-	-17.5
EMB_onehot_C05	natural	tjupan_bacillus_subtilis_main_aaa45c891936f972	tjupan_bacillus_subtilis_main_aaa45c891936f972	7.506650058673756	False	3	12	+	-53.5
EMB_onehot_C05	natural	tjupan_bacillus_subtilis_main_aec3d55ae2f9e509	tjupan_bacillus_subtilis_main_aec3d55ae2f9e509	4.078971038372089	False	27	36	-	-29.5
EMB_onehot_C05	natural	tjupan_bacillus_subtilis_main_b0b9cfd1b442c029	tjupan_bacillus_subtilis_main_b0b9cfd1b442c029	7.892717994093191	False	55	64	-	-1.5
EMB_onehot_C05	natural	tjupan_bacillus_subtilis_main_b161f4572a371b25	tjupan_bacillus_subtilis_main_b161f4572a371b25	7.041416831993717	False	32	41	+	-24.5
EMB_onehot_C05	natural	tjupan_bacillus_subtilis_main_b3e87bd1af1ccb1a	tjupan_bacillus_subtilis_main_b3e87bd1af1ccb1a	3.5616395472907993	False	53	62	+	-3.5
EMB_onehot_C05	natural	tjupan_bacillus_subtilis_main_b5ddce4bc0328e2c	tjupan_bacillus_subtilis_main_b5ddce4bc0328e2c	5.65501899458029	False	6	15	-	-50.5
EMB_onehot_C05	natural	tjupan_bacillus_subtilis_main_b9d7835496546020	tjupan_bacillus_subtilis_main_b9d7835496546020	2.08762111563309	False	19	28	-	-37.5
EMB_onehot_C05	natural	tjupan_bacillus_subtilis_main_bd36aa35d4edeb39	tjupan_bacillus_subtilis_main_bd36aa35d4edeb39	5.983635847853523	False	69	78	+	12.5
EMB_onehot_C05	natural	tjupan_bacillus_subtilis_main_c24b04311bf8b4bf	tjupan_bacillus_subtilis_main_c24b04311bf8b4bf	5.026832553445509	False	4	13	+	-52.5
EMB_onehot_C05	natural	tjupan_bacillus_subtilis_main_c981e3412d58013c	tjupan_bacillus_subtilis_main_c981e3412d58013c	5.076829621657129	False	14	23	-	-42.5
EMB_onehot_C05	natural	tjupan_bacillus_subtilis_main_cbe667645cefe255	tjupan_bacillus_subtilis_main_cbe667645cefe255	6.557237799566389	False	31	40	+	-25.5
EMB_onehot_C05	natural	tjupan_bacillus_subtilis_main_ced7dfa7b2671e00	tjupan_bacillus_subtilis_main_ced7dfa7b2671e00	5.056275286963477	False	29	38	+	-27.5
EMB_onehot_C05	natural	tjupan_bacillus_subtilis_main_d14a8947b06ae361	tjupan_bacillus_subtilis_main_d14a8947b06ae361	7.095761826468431	False	10	19	+	-46.5
EMB_onehot_C05	natural	tjupan_bacillus_subtilis_main_dd7d0f632ba9b25f	tjupan_bacillus_subtilis_main_dd7d0f632ba9b25f	7.83699742853596	False	16	25	+	-40.5
EMB_onehot_C05	natural	tjupan_bacillus_subtilis_main_deeb9c19c390dc19	tjupan_bacillus_subtilis_main_deeb9c19c390dc19	4.934361039027523	False	10	19	+	-46.5
EMB_onehot_C05	natural	tjupan_bacillus_subtilis_main_dfdf3a9a774b0b36	tjupan_bacillus_subtilis_main_dfdf3a9a774b0b36	5.738611706995699	False	9	18	+	-47.5
EMB_onehot_C05	natural	tjupan_bacillus_subtilis_main_e05a9847e20fa44f	tjupan_bacillus_subtilis_main_e05a9847e20fa44f	3.3965348643593805	False	26	35	+	-30.5
EMB_onehot_C05	natural	tjupan_bacillus_subtilis_main_e09693162cd1efc7	tjupan_bacillus_subtilis_main_e09693162cd1efc7	7.283649933124399	False	71	80	+	14.5
EMB_onehot_C05	natural	tjupan_bacillus_subtilis_main_e1df7768894b7e64	tjupan_bacillus_subtilis_main_e1df7768894b7e64	1.6860934542071897	False	12	21	-	-44.5
EMB_onehot_C05	natural	tjupan_bacillus_subtilis_main_e4935e5203d5f4a1	tjupan_bacillus_subtilis_main_e4935e5203d5f4a1	10.31828812197612	True	18	27	-	-38.5
EMB_onehot_C05	natural	tjupan_bacillus_subtilis_main_e71258c4630ccafd	tjupan_bacillus_subtilis_main_e71258c4630ccafd	6.625522501562376	False	30	39	-	-26.5
EMB_onehot_C05	natural	tjupan_bacillus_subtilis_main_ea6abbc438ac2020	tjupan_bacillus_subtilis_main_ea6abbc438ac2020	5.028512300865588	False	65	74	-	8.5
EMB_onehot_C05	natural	tjupan_bacillus_subtilis_main_ede46bd107484afd	tjupan_bacillus_subtilis_main_ede46bd107484afd	5.493835009842767	False	5	14	-	-51.5
EMB_onehot_C05	natural	tjupan_bacillus_subtilis_main_f0317abbf46a2fa8	tjupan_bacillus_subtilis_main_f0317abbf46a2fa8	7.0122081321424625	False	29	38	+	-27.5
EMB_onehot_C05	natural	tjupan_bacillus_subtilis_main_fe9f961ad53aca80	tjupan_bacillus_subtilis_main_fe9f961ad53aca80	9.391891212016116	True	29	38	+	-27.5
EMB_onehot_C05	natural	tjupan_bacillus_subtilis_main_fffb0162887a3736	tjupan_bacillus_subtilis_main_fffb0162887a3736	4.075856171529477	False	2	11	-	-54.5
EMB_onehot_C05	shuffle	tjupan_bacillus_subtilis_main_0dc2e54e8f0778d4__dinucleotide_null	dbtbs_bsub_core_89ecb38b4ff0148f	7.780652682326227	False	68	77	-	11.5
EMB_onehot_C05	shuffle	tjupan_bacillus_subtilis_main_682dcc155b9eb236__dinucleotide_null	dbtbs_bsub_core_5d3712ff0aeb1916	4.854633202096821	False	2	11	-	-54.5
EMB_onehot_C05	shuffle	tjupan_bacillus_subtilis_main_f2d1e33176b05430__dinucleotide_null	dbtbs_bsub_core_f2d1e33176b05430	6.083137220570556	False	43	52	-	-13.5
EMB_onehot_C05	shuffle	tjupan_bacillus_subtilis_main_c7551eecc12a98c1__dinucleotide_null	tjupan_bacillus_subtilis_main_c7551eecc12a98c1	11.512600421496934	True	38	47	-	-18.5
EMB_onehot_C05	shuffle	tjupan_bacillus_subtilis_main_89e75db25f32c6c9__dinucleotide_null	dbtbs_bsub_core_66a79c370c059251	9.005346583491502	False	28	37	+	-28.5
EMB_onehot_C05	shuffle	tjupan_bacillus_subtilis_main_9996ea2b61a7fc82__dinucleotide_null	tjupan_bacillus_subtilis_main_9996ea2b61a7fc82	5.253243483405586	False	38	47	-	-18.5
EMB_onehot_C05	shuffle	tjupan_bacillus_subtilis_main_b86a1d8c42408cc4__dinucleotide_null	tjupan_bacillus_subtilis_main_b86a1d8c42408cc4	5.078790932752311	False	44	53	-	-12.5
EMB_onehot_C05	shuffle	tjupan_bacillus_subtilis_main_79220287475133e5__dinucleotide_null	dbtbs_bsub_core_79220287475133e5	5.814062932232488	False	43	52	+	-13.5
EMB_onehot_C05	shuffle	tjupan_bacillus_subtilis_main_a2bee6d81c2dad89__dinucleotide_null	dbtbs_bsub_core_a2bee6d81c2dad89	4.769519035771818	False	59	68	+	2.5
EMB_onehot_C05	shuffle	tjupan_bacillus_subtilis_main_103f2a1ec6daa8c4__dinucleotide_null	dbtbs_bsub_core_103f2a1ec6daa8c4	8.902975866541508	False	63	72	+	6.5
EMB_onehot_C05	shuffle	tjupan_bacillus_subtilis_main_996c93274b7d349e__dinucleotide_null	tjupan_bacillus_subtilis_main_996c93274b7d349e	2.773459011908438	False	13	22	+	-43.5
EMB_onehot_C05	shuffle	tjupan_bacillus_subtilis_main_7c407bebf512b5e0__dinucleotide_null	tjupan_bacillus_subtilis_main_7c407bebf512b5e0	5.0556629177987285	False	39	48	+	-17.5
EMB_onehot_C05	shuffle	tjupan_bacillus_subtilis_main_842f97f040946982__dinucleotide_null	tjupan_bacillus_subtilis_main_842f97f040946982	2.9693959411506645	False	13	22	+	-43.5
EMB_onehot_C05	shuffle	tjupan_bacillus_subtilis_main_42c1909004fe3d73__dinucleotide_null	tjupan_bacillus_subtilis_main_42c1909004fe3d73	6.412546618079833	False	34	43	-	-22.5
EMB_onehot_C05	shuffle	tjupan_bacillus_subtilis_main_42074f78c0199323__dinucleotide_null	dbtbs_bsub_core_42074f78c0199323	4.881464182895708	False	54	63	+	-2.5
EMB_onehot_C05	shuffle	tjupan_bacillus_subtilis_main_72127e86172ad2be__dinucleotide_null	tjupan_bacillus_subtilis_main_72127e86172ad2be	7.529854886097395	False	65	74	-	8.5
EMB_onehot_C05	shuffle	tjupan_bacillus_subtilis_main_d072d578ae627246__dinucleotide_null	tjupan_bacillus_subtilis_main_d072d578ae627246	5.972412774383038	False	65	74	-	8.5
EMB_onehot_C05	shuffle	tjupan_bacillus_subtilis_main_a2ab5f161ee68a0a__dinucleotide_null	tjupan_bacillus_subtilis_main_a2ab5f161ee68a0a	3.5207372337109333	False	25	34	-	-31.5
EMB_onehot_C05	shuffle	tjupan_bacillus_subtilis_main_3ec8c178aa138223__dinucleotide_null	tjupan_bacillus_subtilis_main_3ec8c178aa138223	7.186355093685386	False	63	72	+	6.5
EMB_onehot_C05	shuffle	tjupan_bacillus_subtilis_main_824214e197f86545__dinucleotide_null	tjupan_bacillus_subtilis_main_824214e197f86545	5.22872112673436	False	16	25	-	-40.5
EMB_onehot_C05	shuffle	tjupan_bacillus_subtilis_main_721ac29c5ef7c9f0__dinucleotide_null	dbtbs_bsub_core_721ac29c5ef7c9f0	4.635079897839393	False	46	55	+	-10.5
EMB_onehot_C05	shuffle	tjupan_bacillus_subtilis_main_a7eb317986e0a410__dinucleotide_null	tjupan_bacillus_subtilis_main_a7eb317986e0a410	7.743276887757283	False	34	43	-	-22.5
EMB_onehot_C05	shuffle	tjupan_bacillus_subtilis_main_6cf2c0e47935a8c2__dinucleotide_null	dbtbs_bsub_core_6cf2c0e47935a8c2	8.884197480069393	False	67	76	-	10.5
EMB_onehot_C05	shuffle	tjupan_bacillus_subtilis_main_cd9626c39ea075d5__dinucleotide_null	dbtbs_bsub_core_cd9626c39ea075d5	6.612529224786625	False	61	70	+	4.5
EMB_onehot_C05	shuffle	tjupan_bacillus_subtilis_main_4a95c9a0c8c0dc5d__dinucleotide_null	dbtbs_bsub_core_d38f72abf66add23	4.613116879299141	False	13	22	+	-43.5
EMB_onehot_C05	shuffle	tjupan_bacillus_subtilis_main_323902b09c4af7f6__dinucleotide_null	dbtbs_bsub_core_bb1d2472f35efe20	5.412945892219492	False	8	17	+	-48.5
EMB_onehot_C05	shuffle	tjupan_bacillus_subtilis_main_dda9e4c6372ef204__dinucleotide_null	dbtbs_bsub_core_50819f6cb2562fd8	5.145879105148972	False	47	56	+	-9.5
EMB_onehot_C05	shuffle	tjupan_bacillus_subtilis_main_6fc8f7f57b8f5e9d__dinucleotide_null	tjupan_bacillus_subtilis_main_6fc8f7f57b8f5e9d	6.436532712537107	False	37	46	+	-19.5
EMB_onehot_C05	shuffle	tjupan_bacillus_subtilis_main_84cc0835204b8e58__dinucleotide_null	dbtbs_bsub_core_396da27afda34e05	5.197506207634218	False	43	52	-	-13.5
EMB_onehot_C05	shuffle	tjupan_bacillus_subtilis_main_c897ab6e4a2d8869__dinucleotide_null	tjupan_bacillus_subtilis_main_c897ab6e4a2d8869	7.680280668102579	False	61	70	-	4.5
EMB_onehot_C05	shuffle	tjupan_bacillus_subtilis_main_1b58b9006f9baf4f__dinucleotide_null	dbtbs_bsub_core_1b58b9006f9baf4f	7.454214735261548	False	66	75	-	9.5
EMB_onehot_C05	shuffle	tjupan_bacillus_subtilis_main_5bcbea22526b97af__dinucleotide_null	dbtbs_bsub_core_2bafb1a73b5c7300	5.847913575977011	False	20	29	+	-36.5
EMB_onehot_C05	shuffle	tjupan_bacillus_subtilis_main_e51e63a9cb3e9467__dinucleotide_null	dbtbs_bsub_core_bb482769c888cf21	8.37733293262181	False	65	74	-	8.5
EMB_onehot_C05	shuffle	tjupan_bacillus_subtilis_main_b558e80410906098__dinucleotide_null	dbtbs_bsub_core_b558e80410906098	4.795089534069076	False	15	24	-	-41.5
EMB_onehot_C05	shuffle	tjupan_bacillus_subtilis_main_dc95e7cdf3939931__dinucleotide_null	dbtbs_bsub_core_dc95e7cdf3939931	6.884714508503853	False	54	63	-	-2.5
EMB_onehot_C05	shuffle	tjupan_bacillus_subtilis_main_cf013234eecd796b__dinucleotide_null	dbtbs_bsub_core_700614a2577d51a9	7.569563708728543	False	66	75	-	9.5
EMB_onehot_C05	shuffle	tjupan_bacillus_subtilis_main_b541048ffbe461fc__dinucleotide_null	tjupan_bacillus_subtilis_main_b541048ffbe461fc	6.992451996813211	False	59	68	-	2.5
EMB_onehot_C05	shuffle	tjupan_bacillus_subtilis_main_0b4e887f7ea9c424__dinucleotide_null	dbtbs_bsub_core_0b4e887f7ea9c424	6.522069322494621	False	19	28	+	-37.5
EMB_onehot_C05	shuffle	tjupan_bacillus_subtilis_main_93a3a1679c7a73c9__dinucleotide_null	tjupan_bacillus_subtilis_main_93a3a1679c7a73c9	3.554344118302861	False	26	35	+	-30.5
EMB_onehot_C05	shuffle	tjupan_bacillus_subtilis_main_e7e17b10ff25536a__dinucleotide_null	tjupan_bacillus_subtilis_main_1eb616e060615c81	4.894967812478759	False	64	73	-	7.5
EMB_onehot_C05	shuffle	tjupan_bacillus_subtilis_main_d94f791dab569af4__dinucleotide_null	dbtbs_bsub_core_e72b843a494a35db	8.228629436442944	False	5	14	+	-51.5
EMB_onehot_C05	shuffle	tjupan_bacillus_subtilis_main_d75f323535d0e96f__dinucleotide_null	tjupan_bacillus_subtilis_main_d75f323535d0e96f	5.745684601309968	False	47	56	-	-9.5
EMB_onehot_C05	shuffle	tjupan_bacillus_subtilis_main_74379fc21a77213d__dinucleotide_null	tjupan_bacillus_subtilis_main_74379fc21a77213d	4.1301056764452255	False	36	45	-	-20.5
EMB_onehot_C05	shuffle	tjupan_bacillus_subtilis_main_6f5bfd2e001a2697__dinucleotide_null	dbtbs_bsub_core_6f5bfd2e001a2697	7.525705757375983	False	54	63	-	-2.5
EMB_onehot_C05	shuffle	tjupan_bacillus_subtilis_main_1eb616e060615c81__dinucleotide_null	tjupan_bacillus_subtilis_main_1eb616e060615c81	7.1047889039743595	False	1	10	-	-55.5
EMB_onehot_C05	shuffle	tjupan_bacillus_subtilis_main_409ff8a786357eb4__dinucleotide_null	dbtbs_bsub_core_3e3a825c0d09de99	5.983635847853523	False	38	47	+	-18.5
EMB_onehot_C05	shuffle	tjupan_bacillus_subtilis_main_1bc60721b4be672c__dinucleotide_null	dbtbs_bsub_core_cb8975beecd17a84	12.136837180726006	True	37	46	-	-19.5
EMB_onehot_C05	shuffle	tjupan_bacillus_subtilis_main_af44da9eb65c9b2b__dinucleotide_null	tjupan_bacillus_subtilis_main_af44da9eb65c9b2b	8.481108283554386	False	55	64	-	-1.5
EMB_onehot_C05	shuffle	tjupan_bacillus_subtilis_main_8f5b60fc07e381f2__dinucleotide_null	dbtbs_bsub_core_8f5b60fc07e381f2	3.9871453073203287	False	53	62	-	-3.5
EMB_onehot_C05	shuffle	tjupan_bacillus_subtilis_main_5c9bf0eab187b5f5__dinucleotide_null	dbtbs_bsub_core_93f240a64705adb6	6.945326949499471	False	62	71	-	5.5
EMB_onehot_C05	shuffle	tjupan_bacillus_subtilis_main_aaf138e1b23719d3__dinucleotide_null	dbtbs_bsub_core_380666e4ad2529dd	9.205555953321767	False	39	48	-	-17.5
EMB_onehot_C05	shuffle	tjupan_bacillus_subtilis_main_0fcba0431054cde6__dinucleotide_null	dbtbs_bsub_core_0fcba0431054cde6	6.546005527833775	False	53	62	+	-3.5
EMB_onehot_C05	shuffle	tjupan_bacillus_subtilis_main_6f6446b7ed912162__dinucleotide_null	dbtbs_bsub_core_6f6446b7ed912162	5.565658715407985	False	27	36	-	-29.5
EMB_onehot_C05	shuffle	tjupan_bacillus_subtilis_main_d434d749686b9e33__dinucleotide_null	dbtbs_bsub_core_137eff58d766cefa	4.009380692013564	False	23	32	-	-33.5
EMB_onehot_C05	shuffle	tjupan_bacillus_subtilis_main_96c549f1b176b111__dinucleotide_null	tjupan_bacillus_subtilis_main_96c549f1b176b111	5.7635093606650045	False	13	22	-	-43.5
EMB_onehot_C05	shuffle	tjupan_bacillus_subtilis_main_a4db17c75fb94c83__dinucleotide_null	dbtbs_bsub_core_8c6f4b9eba960292	7.53355528060381	False	5	14	-	-51.5
EMB_onehot_C05	shuffle	tjupan_bacillus_subtilis_main_0e5e92df8dafa46f__dinucleotide_null	dbtbs_bsub_core_0e5e92df8dafa46f	6.876956417027532	False	21	30	+	-35.5
EMB_onehot_C05	shuffle	tjupan_bacillus_subtilis_main_089b35a135bf8797__dinucleotide_null	tjupan_bacillus_subtilis_main_089b35a135bf8797	9.471231757358378	True	63	72	+	6.5
EMB_onehot_C05	shuffle	tjupan_bacillus_subtilis_main_2e3c51df0d86f79b__dinucleotide_null	dbtbs_bsub_core_245b899eb3255120	6.526201957952427	False	26	35	-	-30.5
EMB_onehot_C05	shuffle	tjupan_bacillus_subtilis_main_648aef9dba1f38c4__dinucleotide_null	tjupan_bacillus_subtilis_main_648aef9dba1f38c4	6.855089947809569	False	57	66	-	0.5
EMB_onehot_C05	shuffle	tjupan_bacillus_subtilis_main_b809758bf01da07c__dinucleotide_null	tjupan_bacillus_subtilis_main_b809758bf01da07c	8.597314239567455	False	65	74	-	8.5
EMB_onehot_C05	shuffle	tjupan_bacillus_subtilis_main_72db3945a2fcac01__dinucleotide_null	tjupan_bacillus_subtilis_main_72db3945a2fcac01	7.858744580293868	False	55	64	+	-1.5
EMB_onehot_C05	shuffle	tjupan_bacillus_subtilis_main_8d9a62a0fbc43019__dinucleotide_null	dbtbs_bsub_core_3348625232a23256	6.542063701421318	False	21	30	+	-35.5
EMB_onehot_C05	shuffle	tjupan_bacillus_subtilis_main_2fc6e10224ce632e__dinucleotide_null	dbtbs_bsub_core_2fc6e10224ce632e	7.885605733467055	False	7	16	+	-49.5
EMB_onehot_C05	shuffle	tjupan_bacillus_subtilis_main_4dd4acc476485632__dinucleotide_null	tjupan_bacillus_subtilis_main_4dd4acc476485632	8.84049594113886	False	42	51	-	-14.5
EMB_onehot_C05	shuffle	tjupan_bacillus_subtilis_main_5a1a4573de4d55b3__dinucleotide_null	dbtbs_bsub_core_af75962c5aaa60ac	8.899474390298383	False	33	42	+	-23.5
EMB_onehot_C05	shuffle	tjupan_bacillus_subtilis_main_fe854ef781d570c9__dinucleotide_null	dbtbs_bsub_core_79142b70125d7f77	11.181068184697828	True	47	56	+	-9.5
EMB_onehot_C06	positive	tjupan_bacillus_subtilis_main_089b35a135bf8797	tjupan_bacillus_subtilis_main_089b35a135bf8797	8.237762036285659	False	11	20	+	-45.5
EMB_onehot_C06	positive	tjupan_bacillus_subtilis_main_0b4e887f7ea9c424	dbtbs_bsub_core_0b4e887f7ea9c424	12.035209217047294	True	8	17	-	-48.5
EMB_onehot_C06	positive	tjupan_bacillus_subtilis_main_0dc2e54e8f0778d4	dbtbs_bsub_core_89ecb38b4ff0148f	8.78172662730403	True	41	50	+	-15.5
EMB_onehot_C06	positive	tjupan_bacillus_subtilis_main_0e5e92df8dafa46f	dbtbs_bsub_core_0e5e92df8dafa46f	9.46591302477127	True	49	58	-	-7.5
EMB_onehot_C06	positive	tjupan_bacillus_subtilis_main_0fcba0431054cde6	dbtbs_bsub_core_0fcba0431054cde6	9.64758639266687	True	6	15	-	-50.5
EMB_onehot_C06	positive	tjupan_bacillus_subtilis_main_103f2a1ec6daa8c4	dbtbs_bsub_core_103f2a1ec6daa8c4	8.900788928974913	True	70	79	-	13.5
EMB_onehot_C06	positive	tjupan_bacillus_subtilis_main_1b58b9006f9baf4f	dbtbs_bsub_core_1b58b9006f9baf4f	7.5921515403553	False	28	37	+	-28.5
EMB_onehot_C06	positive	tjupan_bacillus_subtilis_main_1bc60721b4be672c	dbtbs_bsub_core_cb8975beecd17a84	10.185349566475152	True	68	77	+	11.5
EMB_onehot_C06	positive	tjupan_bacillus_subtilis_main_1eb616e060615c81	tjupan_bacillus_subtilis_main_1eb616e060615c81	7.869944220034496	False	43	52	+	-13.5
EMB_onehot_C06	positive	tjupan_bacillus_subtilis_main_2e3c51df0d86f79b	dbtbs_bsub_core_245b899eb3255120	7.885692257867336	False	57	66	-	0.5
EMB_onehot_C06	positive	tjupan_bacillus_subtilis_main_2fc6e10224ce632e	dbtbs_bsub_core_2fc6e10224ce632e	8.091869589220552	False	1	10	-	-55.5
EMB_onehot_C06	positive	tjupan_bacillus_subtilis_main_323902b09c4af7f6	dbtbs_bsub_core_bb1d2472f35efe20	5.437845463560846	False	39	48	+	-17.5
EMB_onehot_C06	positive	tjupan_bacillus_subtilis_main_3ec8c178aa138223	tjupan_bacillus_subtilis_main_3ec8c178aa138223	7.424347853591646	False	27	36	-	-29.5
EMB_onehot_C06	positive	tjupan_bacillus_subtilis_main_409ff8a786357eb4	dbtbs_bsub_core_3e3a825c0d09de99	7.597457343215722	False	23	32	-	-33.5
EMB_onehot_C06	positive	tjupan_bacillus_subtilis_main_42074f78c0199323	dbtbs_bsub_core_42074f78c0199323	6.581509762422596	False	63	72	-	6.5
EMB_onehot_C06	positive	tjupan_bacillus_subtilis_main_42c1909004fe3d73	tjupan_bacillus_subtilis_main_42c1909004fe3d73	8.259530128046205	False	69	78	+	12.5
EMB_onehot_C06	positive	tjupan_bacillus_subtilis_main_4a95c9a0c8c0dc5d	dbtbs_bsub_core_d38f72abf66add23	7.669903436070598	False	24	33	-	-32.5
EMB_onehot_C06	positive	tjupan_bacillus_subtilis_main_4dd4acc476485632	tjupan_bacillus_subtilis_main_4dd4acc476485632	8.878415512172388	True	45	54	+	-11.5
EMB_onehot_C06	positive	tjupan_bacillus_subtilis_main_5a1a4573de4d55b3	dbtbs_bsub_core_af75962c5aaa60ac	7.615995315590857	False	43	52	-	-13.5
EMB_onehot_C06	positive	tjupan_bacillus_subtilis_main_5bcbea22526b97af	dbtbs_bsub_core_2bafb1a73b5c7300	5.651867963900448	False	54	63	-	-2.5
EMB_onehot_C06	positive	tjupan_bacillus_subtilis_main_5c9bf0eab187b5f5	dbtbs_bsub_core_93f240a64705adb6	7.972288528512923	False	1	10	+	-55.5
EMB_onehot_C06	positive	tjupan_bacillus_subtilis_main_648aef9dba1f38c4	tjupan_bacillus_subtilis_main_648aef9dba1f38c4	8.332497711260295	False	12	21	-	-44.5
EMB_onehot_C06	positive	tjupan_bacillus_subtilis_main_682dcc155b9eb236	dbtbs_bsub_core_5d3712ff0aeb1916	6.027072655149406	False	10	19	-	-46.5
EMB_onehot_C06	positive	tjupan_bacillus_subtilis_main_6cf2c0e47935a8c2	dbtbs_bsub_core_6cf2c0e47935a8c2	9.532874733790178	True	11	20	+	-45.5
EMB_onehot_C06	positive	tjupan_bacillus_subtilis_main_6f5bfd2e001a2697	dbtbs_bsub_core_6f5bfd2e001a2697	5.0649861143832675	False	14	23	+	-42.5
EMB_onehot_C06	positive	tjupan_bacillus_subtilis_main_6f6446b7ed912162	dbtbs_bsub_core_6f6446b7ed912162	6.86085204626401	False	5	14	+	-51.5
EMB_onehot_C06	positive	tjupan_bacillus_subtilis_main_6fc8f7f57b8f5e9d	tjupan_bacillus_subtilis_main_6fc8f7f57b8f5e9d	10.697280347531276	True	15	24	-	-41.5
EMB_onehot_C06	positive	tjupan_bacillus_subtilis_main_72127e86172ad2be	tjupan_bacillus_subtilis_main_72127e86172ad2be	7.972288528512923	False	14	23	+	-42.5
EMB_onehot_C06	positive	tjupan_bacillus_subtilis_main_721ac29c5ef7c9f0	dbtbs_bsub_core_721ac29c5ef7c9f0	7.442478407389238	False	22	31	-	-34.5
EMB_onehot_C06	positive	tjupan_bacillus_subtilis_main_72db3945a2fcac01	tjupan_bacillus_subtilis_main_72db3945a2fcac01	7.391569618830705	False	21	30	+	-35.5
EMB_onehot_C06	positive	tjupan_bacillus_subtilis_main_74379fc21a77213d	tjupan_bacillus_subtilis_main_74379fc21a77213d	6.0994832736484845	False	41	50	+	-15.5
EMB_onehot_C06	positive	tjupan_bacillus_subtilis_main_79220287475133e5	dbtbs_bsub_core_79220287475133e5	6.140031650882682	False	54	63	-	-2.5
EMB_onehot_C06	positive	tjupan_bacillus_subtilis_main_7c407bebf512b5e0	tjupan_bacillus_subtilis_main_7c407bebf512b5e0	5.498592170287955	False	54	63	-	-2.5
EMB_onehot_C06	positive	tjupan_bacillus_subtilis_main_824214e197f86545	tjupan_bacillus_subtilis_main_824214e197f86545	7.465669057326253	False	54	63	-	-2.5
EMB_onehot_C06	positive	tjupan_bacillus_subtilis_main_842f97f040946982	tjupan_bacillus_subtilis_main_842f97f040946982	7.972569628797329	False	56	65	-	-0.5
EMB_onehot_C06	positive	tjupan_bacillus_subtilis_main_84cc0835204b8e58	dbtbs_bsub_core_396da27afda34e05	6.807156418333136	False	12	21	-	-44.5
EMB_onehot_C06	positive	tjupan_bacillus_subtilis_main_89e75db25f32c6c9	dbtbs_bsub_core_66a79c370c059251	5.03857918245833	False	35	44	+	-21.5
EMB_onehot_C06	positive	tjupan_bacillus_subtilis_main_8d9a62a0fbc43019	dbtbs_bsub_core_3348625232a23256	4.616387544447711	False	17	26	-	-39.5
EMB_onehot_C06	positive	tjupan_bacillus_subtilis_main_8f5b60fc07e381f2	dbtbs_bsub_core_8f5b60fc07e381f2	6.4788461374701924	False	31	40	+	-25.5
EMB_onehot_C06	positive	tjupan_bacillus_subtilis_main_93a3a1679c7a73c9	tjupan_bacillus_subtilis_main_93a3a1679c7a73c9	3.9726413899639503	False	23	32	-	-33.5
EMB_onehot_C06	positive	tjupan_bacillus_subtilis_main_96c549f1b176b111	tjupan_bacillus_subtilis_main_96c549f1b176b111	6.905579212931793	False	32	41	+	-24.5
EMB_onehot_C06	positive	tjupan_bacillus_subtilis_main_996c93274b7d349e	tjupan_bacillus_subtilis_main_996c93274b7d349e	5.580519435285268	False	72	81	-	15.5
EMB_onehot_C06	positive	tjupan_bacillus_subtilis_main_9996ea2b61a7fc82	tjupan_bacillus_subtilis_main_9996ea2b61a7fc82	8.93008040987132	True	51	60	-	-5.5
EMB_onehot_C06	positive	tjupan_bacillus_subtilis_main_a2ab5f161ee68a0a	tjupan_bacillus_subtilis_main_a2ab5f161ee68a0a	6.732502675882506	False	42	51	+	-14.5
EMB_onehot_C06	positive	tjupan_bacillus_subtilis_main_a2bee6d81c2dad89	dbtbs_bsub_core_a2bee6d81c2dad89	2.5660636524712443	False	59	68	-	2.5
EMB_onehot_C06	positive	tjupan_bacillus_subtilis_main_a4db17c75fb94c83	dbtbs_bsub_core_8c6f4b9eba960292	7.047937073760057	False	22	31	+	-34.5
EMB_onehot_C06	positive	tjupan_bacillus_subtilis_main_a7eb317986e0a410	tjupan_bacillus_subtilis_main_a7eb317986e0a410	6.238140702114635	False	35	44	+	-21.5
EMB_onehot_C06	positive	tjupan_bacillus_subtilis_main_aaf138e1b23719d3	dbtbs_bsub_core_380666e4ad2529dd	4.586659373267945	False	33	42	+	-23.5
EMB_onehot_C06	positive	tjupan_bacillus_subtilis_main_af44da9eb65c9b2b	tjupan_bacillus_subtilis_main_af44da9eb65c9b2b	8.36569861771409	False	21	30	+	-35.5
EMB_onehot_C06	positive	tjupan_bacillus_subtilis_main_b541048ffbe461fc	tjupan_bacillus_subtilis_main_b541048ffbe461fc	6.620942829887032	False	53	62	-	-3.5
EMB_onehot_C06	positive	tjupan_bacillus_subtilis_main_b558e80410906098	dbtbs_bsub_core_b558e80410906098	4.866776623486881	False	8	17	+	-48.5
EMB_onehot_C06	positive	tjupan_bacillus_subtilis_main_b809758bf01da07c	tjupan_bacillus_subtilis_main_b809758bf01da07c	5.269897205380625	False	47	56	-	-9.5
EMB_onehot_C06	positive	tjupan_bacillus_subtilis_main_b86a1d8c42408cc4	tjupan_bacillus_subtilis_main_b86a1d8c42408cc4	5.421352976266262	False	60	69	-	3.5
EMB_onehot_C06	positive	tjupan_bacillus_subtilis_main_c7551eecc12a98c1	tjupan_bacillus_subtilis_main_c7551eecc12a98c1	6.58325878597458	False	67	76	-	10.5
EMB_onehot_C06	positive	tjupan_bacillus_subtilis_main_c897ab6e4a2d8869	tjupan_bacillus_subtilis_main_c897ab6e4a2d8869	5.841798611826266	False	62	71	+	5.5
EMB_onehot_C06	positive	tjupan_bacillus_subtilis_main_cd9626c39ea075d5	dbtbs_bsub_core_cd9626c39ea075d5	8.773594651185611	True	14	23	+	-42.5
EMB_onehot_C06	positive	tjupan_bacillus_subtilis_main_cf013234eecd796b	dbtbs_bsub_core_700614a2577d51a9	9.338893664257512	True	47	56	+	-9.5
EMB_onehot_C06	positive	tjupan_bacillus_subtilis_main_d072d578ae627246	tjupan_bacillus_subtilis_main_d072d578ae627246	7.6149129472341786	False	71	80	+	14.5
EMB_onehot_C06	positive	tjupan_bacillus_subtilis_main_d434d749686b9e33	dbtbs_bsub_core_137eff58d766cefa	6.909141169753716	False	54	63	-	-2.5
EMB_onehot_C06	positive	tjupan_bacillus_subtilis_main_d75f323535d0e96f	tjupan_bacillus_subtilis_main_d75f323535d0e96f	6.4752344543231874	False	67	76	-	10.5
EMB_onehot_C06	positive	tjupan_bacillus_subtilis_main_d94f791dab569af4	dbtbs_bsub_core_e72b843a494a35db	6.128157991386762	False	31	40	+	-25.5
EMB_onehot_C06	positive	tjupan_bacillus_subtilis_main_dc95e7cdf3939931	dbtbs_bsub_core_dc95e7cdf3939931	8.369507650692352	False	2	11	-	-54.5
EMB_onehot_C06	positive	tjupan_bacillus_subtilis_main_dda9e4c6372ef204	dbtbs_bsub_core_50819f6cb2562fd8	3.7800586841331585	False	66	75	+	9.5
EMB_onehot_C06	positive	tjupan_bacillus_subtilis_main_e51e63a9cb3e9467	dbtbs_bsub_core_bb482769c888cf21	7.869944220034496	False	45	54	+	-11.5
EMB_onehot_C06	positive	tjupan_bacillus_subtilis_main_e7e17b10ff25536a	tjupan_bacillus_subtilis_main_1eb616e060615c81	7.869944220034496	False	46	55	+	-10.5
EMB_onehot_C06	positive	tjupan_bacillus_subtilis_main_f2d1e33176b05430	dbtbs_bsub_core_f2d1e33176b05430	5.8198151705833485	False	56	65	-	-0.5
EMB_onehot_C06	positive	tjupan_bacillus_subtilis_main_fe854ef781d570c9	dbtbs_bsub_core_79142b70125d7f77	6.665354474210158	False	50	59	+	-6.5
EMB_onehot_C06	natural	tjupan_bacillus_subtilis_main_01f49032fc924b2b	tjupan_bacillus_subtilis_main_01f49032fc924b2b	3.646286861800327	False	28	37	+	-28.5
EMB_onehot_C06	natural	tjupan_bacillus_subtilis_main_0369fa5f1dde8889	tjupan_bacillus_subtilis_main_0369fa5f1dde8889	5.128729566104075	False	8	17	-	-48.5
EMB_onehot_C06	natural	tjupan_bacillus_subtilis_main_04bf0704019251eb	tjupan_bacillus_subtilis_main_04bf0704019251eb	6.162691264027978	False	46	55	+	-10.5
EMB_onehot_C06	natural	tjupan_bacillus_subtilis_main_07a43cab15901fd0	tjupan_bacillus_subtilis_main_07a43cab15901fd0	5.243242529748365	False	70	79	+	13.5
EMB_onehot_C06	natural	tjupan_bacillus_subtilis_main_0abf62f108ad9afa	tjupan_bacillus_subtilis_main_0abf62f108ad9afa	6.610574642116586	False	3	12	-	-53.5
EMB_onehot_C06	natural	tjupan_bacillus_subtilis_main_10a028761e096e6f	tjupan_bacillus_subtilis_main_10a028761e096e6f	7.694650467041123	False	66	75	-	9.5
EMB_onehot_C06	natural	tjupan_bacillus_subtilis_main_1183c551e9c3884e	tjupan_bacillus_subtilis_main_1183c551e9c3884e	7.326778453200952	False	49	58	-	-7.5
EMB_onehot_C06	natural	tjupan_bacillus_subtilis_main_11c75fe7d070d91d	tjupan_bacillus_subtilis_main_11c75fe7d070d91d	5.592908595590998	False	21	30	-	-35.5
EMB_onehot_C06	natural	tjupan_bacillus_subtilis_main_13f81edc59432f39	tjupan_bacillus_subtilis_main_13f81edc59432f39	5.03857918245833	False	15	24	-	-41.5
EMB_onehot_C06	natural	tjupan_bacillus_subtilis_main_1a1965c69595e91c	tjupan_bacillus_subtilis_main_1a1965c69595e91c	5.539642533360756	False	38	47	-	-18.5
EMB_onehot_C06	natural	tjupan_bacillus_subtilis_main_28ceb7fd6ffaf1b1	tjupan_bacillus_subtilis_main_28ceb7fd6ffaf1b1	7.027769748198072	False	17	26	-	-39.5
EMB_onehot_C06	natural	tjupan_bacillus_subtilis_main_2a691ccdd9f8cd87	tjupan_bacillus_subtilis_main_2a691ccdd9f8cd87	2.6092915277395545	False	41	50	+	-15.5
EMB_onehot_C06	natural	tjupan_bacillus_subtilis_main_3095b00d206277d2	tjupan_bacillus_subtilis_main_3095b00d206277d2	3.498551586445339	False	10	19	-	-46.5
EMB_onehot_C06	natural	tjupan_bacillus_subtilis_main_33ded6bc702ab6e3	tjupan_bacillus_subtilis_main_33ded6bc702ab6e3	4.5930366191299346	False	38	47	+	-18.5
EMB_onehot_C06	natural	tjupan_bacillus_subtilis_main_3b669bfd8e8ecc5c	tjupan_bacillus_subtilis_main_3b669bfd8e8ecc5c	5.668560354823973	False	57	66	-	0.5
EMB_onehot_C06	natural	tjupan_bacillus_subtilis_main_3dfed0cfea4ace99	tjupan_bacillus_subtilis_main_3dfed0cfea4ace99	7.972288528512923	False	10	19	+	-46.5
EMB_onehot_C06	natural	tjupan_bacillus_subtilis_main_3f82397c249b4c2e	tjupan_bacillus_subtilis_main_3f82397c249b4c2e	5.870956526005495	False	7	16	-	-49.5
EMB_onehot_C06	natural	tjupan_bacillus_subtilis_main_413de94f4b4cc894	tjupan_bacillus_subtilis_main_413de94f4b4cc894	8.316558770743393	False	2	11	-	-54.5
EMB_onehot_C06	natural	tjupan_bacillus_subtilis_main_4225dc5bcf089682	tjupan_bacillus_subtilis_main_4225dc5bcf089682	7.159017493756913	False	31	40	-	-25.5
EMB_onehot_C06	natural	tjupan_bacillus_subtilis_main_43e8357a95b8acad	tjupan_bacillus_subtilis_main_43e8357a95b8acad	4.857095018387698	False	63	72	-	6.5
EMB_onehot_C06	natural	tjupan_bacillus_subtilis_main_44b9e66950262593	tjupan_bacillus_subtilis_main_44b9e66950262593	7.199903106860082	False	72	81	-	15.5
EMB_onehot_C06	natural	tjupan_bacillus_subtilis_main_4600103c5e396ab7	tjupan_bacillus_subtilis_main_4600103c5e396ab7	2.5007039558967916	False	68	77	+	11.5
EMB_onehot_C06	natural	tjupan_bacillus_subtilis_main_47b01646ad818f05	tjupan_bacillus_subtilis_main_47b01646ad818f05	5.284744013048279	False	64	73	+	7.5
EMB_onehot_C06	natural	tjupan_bacillus_subtilis_main_47f3a0ce2d4034a8	tjupan_bacillus_subtilis_main_47f3a0ce2d4034a8	6.2814377418284915	False	72	81	+	15.5
EMB_onehot_C06	natural	tjupan_bacillus_subtilis_main_4c62636643ef908e	tjupan_bacillus_subtilis_main_4c62636643ef908e	5.732130755095149	False	7	16	-	-49.5
EMB_onehot_C06	natural	tjupan_bacillus_subtilis_main_4ec6f242d8a5df5c	tjupan_bacillus_subtilis_main_4ec6f242d8a5df5c	7.6701826133312965	False	7	16	-	-49.5
EMB_onehot_C06	natural	tjupan_bacillus_subtilis_main_4efdcab552f8b70d	tjupan_bacillus_subtilis_main_4efdcab552f8b70d	1.7988044879434657	False	17	26	-	-39.5
EMB_onehot_C06	natural	tjupan_bacillus_subtilis_main_51577d89c939deba	tjupan_bacillus_subtilis_main_51577d89c939deba	6.277084498336548	False	29	38	-	-27.5
EMB_onehot_C06	natural	tjupan_bacillus_subtilis_main_52bff7f8e27d9410	tjupan_bacillus_subtilis_main_52bff7f8e27d9410	5.785060457477374	False	22	31	-	-34.5
EMB_onehot_C06	natural	tjupan_bacillus_subtilis_main_59901c21c497690b	tjupan_bacillus_subtilis_main_59901c21c497690b	8.9196381748989	True	44	53	-	-12.5
EMB_onehot_C06	natural	tjupan_bacillus_subtilis_main_5f953d4f57c1fa81	tjupan_bacillus_subtilis_main_5f953d4f57c1fa81	7.085213831871754	False	4	13	+	-52.5
EMB_onehot_C06	natural	tjupan_bacillus_subtilis_main_669f9a1f1028b036	tjupan_bacillus_subtilis_main_669f9a1f1028b036	6.227530839211966	False	46	55	+	-10.5
EMB_onehot_C06	natural	tjupan_bacillus_subtilis_main_69dc5d058d63d549	tjupan_bacillus_subtilis_main_69dc5d058d63d549	7.1399949601844455	False	17	26	+	-39.5
EMB_onehot_C06	natural	tjupan_bacillus_subtilis_main_6cfe0a7e178b1651	tjupan_bacillus_subtilis_main_6cfe0a7e178b1651	5.394329635263138	False	29	38	+	-27.5
EMB_onehot_C06	natural	tjupan_bacillus_subtilis_main_705ab5e790a4610d	tjupan_bacillus_subtilis_main_705ab5e790a4610d	5.973006294728853	False	63	72	-	6.5
EMB_onehot_C06	natural	tjupan_bacillus_subtilis_main_71852833d33a5887	tjupan_bacillus_subtilis_main_71852833d33a5887	4.448666118174697	False	34	43	-	-22.5
EMB_onehot_C06	natural	tjupan_bacillus_subtilis_main_76c86d1f05ca1d88	tjupan_bacillus_subtilis_main_76c86d1f05ca1d88	6.842243471346111	False	40	49	-	-16.5
EMB_onehot_C06	natural	tjupan_bacillus_subtilis_main_777d2d2586a95fbc	tjupan_bacillus_subtilis_main_777d2d2586a95fbc	6.547228632559365	False	63	72	-	6.5
EMB_onehot_C06	natural	tjupan_bacillus_subtilis_main_7c99b9a8665786aa	tjupan_bacillus_subtilis_main_7c99b9a8665786aa	7.0852842490610835	False	61	70	-	4.5
EMB_onehot_C06	natural	tjupan_bacillus_subtilis_main_82f0003647ec7740	tjupan_bacillus_subtilis_main_82f0003647ec7740	12.035209217047294	True	71	80	-	14.5
EMB_onehot_C06	natural	tjupan_bacillus_subtilis_main_8a9952e5dc8e0bd1	tjupan_bacillus_subtilis_main_8a9952e5dc8e0bd1	4.100230845760061	False	39	48	-	-17.5
EMB_onehot_C06	natural	tjupan_bacillus_subtilis_main_8c2afb751c3f9d92	tjupan_bacillus_subtilis_main_8c2afb751c3f9d92	9.331375664137912	True	40	49	-	-16.5
EMB_onehot_C06	natural	tjupan_bacillus_subtilis_main_8e1b3c58365d2bbd	tjupan_bacillus_subtilis_main_8e1b3c58365d2bbd	6.810600982679209	False	53	62	-	-3.5
EMB_onehot_C06	natural	tjupan_bacillus_subtilis_main_906140fe2a990d8e	tjupan_bacillus_subtilis_main_906140fe2a990d8e	5.385416097522712	False	64	73	-	7.5
EMB_onehot_C06	natural	tjupan_bacillus_subtilis_main_94dbc17f3078c678	tjupan_bacillus_subtilis_main_94dbc17f3078c678	3.509254867918875	False	19	28	-	-37.5
EMB_onehot_C06	natural	tjupan_bacillus_subtilis_main_9bf1d28c9aae3b2e	tjupan_bacillus_subtilis_main_9bf1d28c9aae3b2e	4.046360188010486	False	26	35	-	-30.5
EMB_onehot_C06	natural	tjupan_bacillus_subtilis_main_9cc8f38cff175da4	tjupan_bacillus_subtilis_main_9cc8f38cff175da4	7.274759133245068	False	2	11	-	-54.5
EMB_onehot_C06	natural	tjupan_bacillus_subtilis_main_9cceb700e3527301	tjupan_bacillus_subtilis_main_9cceb700e3527301	2.267174780561212	False	49	58	+	-7.5
EMB_onehot_C06	natural	tjupan_bacillus_subtilis_main_9d0345f875b7552c	tjupan_bacillus_subtilis_main_9d0345f875b7552c	6.202328620532169	False	45	54	-	-11.5
EMB_onehot_C06	natural	tjupan_bacillus_subtilis_main_a3fedb31fa6cc84b	tjupan_bacillus_subtilis_main_a3fedb31fa6cc84b	6.407126190528791	False	3	12	+	-53.5
EMB_onehot_C06	natural	tjupan_bacillus_subtilis_main_a54e7006d4699b67	tjupan_bacillus_subtilis_main_a54e7006d4699b67	3.8224588390451215	False	70	79	-	13.5
EMB_onehot_C06	natural	tjupan_bacillus_subtilis_main_aaa45c891936f972	tjupan_bacillus_subtilis_main_aaa45c891936f972	3.5753356465585	False	63	72	+	6.5
EMB_onehot_C06	natural	tjupan_bacillus_subtilis_main_aec3d55ae2f9e509	tjupan_bacillus_subtilis_main_aec3d55ae2f9e509	5.968301982737086	False	24	33	+	-32.5
EMB_onehot_C06	natural	tjupan_bacillus_subtilis_main_b0b9cfd1b442c029	tjupan_bacillus_subtilis_main_b0b9cfd1b442c029	5.316209572937875	False	2	11	-	-54.5
EMB_onehot_C06	natural	tjupan_bacillus_subtilis_main_b161f4572a371b25	tjupan_bacillus_subtilis_main_b161f4572a371b25	7.575373187250378	False	16	25	-	-40.5
EMB_onehot_C06	natural	tjupan_bacillus_subtilis_main_b3e87bd1af1ccb1a	tjupan_bacillus_subtilis_main_b3e87bd1af1ccb1a	5.56408082744699	False	7	16	-	-49.5
EMB_onehot_C06	natural	tjupan_bacillus_subtilis_main_b5ddce4bc0328e2c	tjupan_bacillus_subtilis_main_b5ddce4bc0328e2c	3.0678214268126087	False	37	46	+	-19.5
EMB_onehot_C06	natural	tjupan_bacillus_subtilis_main_b9d7835496546020	tjupan_bacillus_subtilis_main_b9d7835496546020	7.25839373868516	False	3	12	-	-53.5
EMB_onehot_C06	natural	tjupan_bacillus_subtilis_main_bd36aa35d4edeb39	tjupan_bacillus_subtilis_main_bd36aa35d4edeb39	7.133830351276557	False	9	18	-	-47.5
EMB_onehot_C06	natural	tjupan_bacillus_subtilis_main_c24b04311bf8b4bf	tjupan_bacillus_subtilis_main_c24b04311bf8b4bf	3.8967714676639087	False	16	25	-	-40.5
EMB_onehot_C06	natural	tjupan_bacillus_subtilis_main_c981e3412d58013c	tjupan_bacillus_subtilis_main_c981e3412d58013c	2.1413868142124484	False	22	31	+	-34.5
EMB_onehot_C06	natural	tjupan_bacillus_subtilis_main_cbe667645cefe255	tjupan_bacillus_subtilis_main_cbe667645cefe255	4.980339323470334	False	25	34	-	-31.5
EMB_onehot_C06	natural	tjupan_bacillus_subtilis_main_ced7dfa7b2671e00	tjupan_bacillus_subtilis_main_ced7dfa7b2671e00	6.9453197463997185	False	22	31	-	-34.5
EMB_onehot_C06	natural	tjupan_bacillus_subtilis_main_d14a8947b06ae361	tjupan_bacillus_subtilis_main_d14a8947b06ae361	7.575373187250378	False	8	17	-	-48.5
EMB_onehot_C06	natural	tjupan_bacillus_subtilis_main_dd7d0f632ba9b25f	tjupan_bacillus_subtilis_main_dd7d0f632ba9b25f	5.399649459102084	False	44	53	-	-12.5
EMB_onehot_C06	natural	tjupan_bacillus_subtilis_main_deeb9c19c390dc19	tjupan_bacillus_subtilis_main_deeb9c19c390dc19	5.126454911040832	False	66	75	-	9.5
EMB_onehot_C06	natural	tjupan_bacillus_subtilis_main_dfdf3a9a774b0b36	tjupan_bacillus_subtilis_main_dfdf3a9a774b0b36	5.486937824515147	False	2	11	-	-54.5
EMB_onehot_C06	natural	tjupan_bacillus_subtilis_main_e05a9847e20fa44f	tjupan_bacillus_subtilis_main_e05a9847e20fa44f	5.147803802795257	False	12	21	+	-44.5
EMB_onehot_C06	natural	tjupan_bacillus_subtilis_main_e09693162cd1efc7	tjupan_bacillus_subtilis_main_e09693162cd1efc7	8.675866771568256	False	4	13	+	-52.5
EMB_onehot_C06	natural	tjupan_bacillus_subtilis_main_e1df7768894b7e64	tjupan_bacillus_subtilis_main_e1df7768894b7e64	0.8890180985771108	False	4	13	-	-52.5
EMB_onehot_C06	natural	tjupan_bacillus_subtilis_main_e4935e5203d5f4a1	tjupan_bacillus_subtilis_main_e4935e5203d5f4a1	5.787903756779264	False	26	35	+	-30.5
EMB_onehot_C06	natural	tjupan_bacillus_subtilis_main_e71258c4630ccafd	tjupan_bacillus_subtilis_main_e71258c4630ccafd	3.7455301192108745	False	17	26	+	-39.5
EMB_onehot_C06	natural	tjupan_bacillus_subtilis_main_ea6abbc438ac2020	tjupan_bacillus_subtilis_main_ea6abbc438ac2020	9.770568487186297	True	71	80	+	14.5
EMB_onehot_C06	natural	tjupan_bacillus_subtilis_main_ede46bd107484afd	tjupan_bacillus_subtilis_main_ede46bd107484afd	3.424043338192975	False	42	51	-	-14.5
EMB_onehot_C06	natural	tjupan_bacillus_subtilis_main_f0317abbf46a2fa8	tjupan_bacillus_subtilis_main_f0317abbf46a2fa8	8.52500363581894	False	51	60	-	-5.5
EMB_onehot_C06	natural	tjupan_bacillus_subtilis_main_fe9f961ad53aca80	tjupan_bacillus_subtilis_main_fe9f961ad53aca80	4.400396361391026	False	45	54	+	-11.5
EMB_onehot_C06	natural	tjupan_bacillus_subtilis_main_fffb0162887a3736	tjupan_bacillus_subtilis_main_fffb0162887a3736	3.3807943040561783	False	6	15	+	-50.5
EMB_onehot_C06	shuffle	tjupan_bacillus_subtilis_main_0dc2e54e8f0778d4__dinucleotide_null	dbtbs_bsub_core_89ecb38b4ff0148f	7.379462616222427	False	49	58	-	-7.5
EMB_onehot_C06	shuffle	tjupan_bacillus_subtilis_main_682dcc155b9eb236__dinucleotide_null	dbtbs_bsub_core_5d3712ff0aeb1916	5.817736139788092	False	8	17	+	-48.5
EMB_onehot_C06	shuffle	tjupan_bacillus_subtilis_main_f2d1e33176b05430__dinucleotide_null	dbtbs_bsub_core_f2d1e33176b05430	7.816775006986211	False	13	22	-	-43.5
EMB_onehot_C06	shuffle	tjupan_bacillus_subtilis_main_c7551eecc12a98c1__dinucleotide_null	tjupan_bacillus_subtilis_main_c7551eecc12a98c1	8.35744438384656	False	72	81	+	15.5
EMB_onehot_C06	shuffle	tjupan_bacillus_subtilis_main_89e75db25f32c6c9__dinucleotide_null	dbtbs_bsub_core_66a79c370c059251	8.185386699314542	False	44	53	+	-12.5
EMB_onehot_C06	shuffle	tjupan_bacillus_subtilis_main_9996ea2b61a7fc82__dinucleotide_null	tjupan_bacillus_subtilis_main_9996ea2b61a7fc82	7.41338215205717	False	42	51	-	-14.5
EMB_onehot_C06	shuffle	tjupan_bacillus_subtilis_main_b86a1d8c42408cc4__dinucleotide_null	tjupan_bacillus_subtilis_main_b86a1d8c42408cc4	9.12509568761199	True	51	60	+	-5.5
EMB_onehot_C06	shuffle	tjupan_bacillus_subtilis_main_79220287475133e5__dinucleotide_null	dbtbs_bsub_core_79220287475133e5	9.298345287023313	True	39	48	-	-17.5
EMB_onehot_C06	shuffle	tjupan_bacillus_subtilis_main_a2bee6d81c2dad89__dinucleotide_null	dbtbs_bsub_core_a2bee6d81c2dad89	2.9014434654410657	False	25	34	-	-31.5
EMB_onehot_C06	shuffle	tjupan_bacillus_subtilis_main_103f2a1ec6daa8c4__dinucleotide_null	dbtbs_bsub_core_103f2a1ec6daa8c4	9.99525766870914	True	58	67	-	1.5
EMB_onehot_C06	shuffle	tjupan_bacillus_subtilis_main_996c93274b7d349e__dinucleotide_null	tjupan_bacillus_subtilis_main_996c93274b7d349e	4.874425891381999	False	48	57	-	-8.5
EMB_onehot_C06	shuffle	tjupan_bacillus_subtilis_main_7c407bebf512b5e0__dinucleotide_null	tjupan_bacillus_subtilis_main_7c407bebf512b5e0	8.283809493913202	False	26	35	-	-30.5
EMB_onehot_C06	shuffle	tjupan_bacillus_subtilis_main_842f97f040946982__dinucleotide_null	tjupan_bacillus_subtilis_main_842f97f040946982	9.42289721114403	True	34	43	-	-22.5
EMB_onehot_C06	shuffle	tjupan_bacillus_subtilis_main_42c1909004fe3d73__dinucleotide_null	tjupan_bacillus_subtilis_main_42c1909004fe3d73	6.551465173602592	False	7	16	+	-49.5
EMB_onehot_C06	shuffle	tjupan_bacillus_subtilis_main_42074f78c0199323__dinucleotide_null	dbtbs_bsub_core_42074f78c0199323	4.79452730017937	False	32	41	-	-24.5
EMB_onehot_C06	shuffle	tjupan_bacillus_subtilis_main_72127e86172ad2be__dinucleotide_null	tjupan_bacillus_subtilis_main_72127e86172ad2be	6.405524208626832	False	69	78	+	12.5
EMB_onehot_C06	shuffle	tjupan_bacillus_subtilis_main_d072d578ae627246__dinucleotide_null	tjupan_bacillus_subtilis_main_d072d578ae627246	4.459802145101986	False	68	77	+	11.5
EMB_onehot_C06	shuffle	tjupan_bacillus_subtilis_main_a2ab5f161ee68a0a__dinucleotide_null	tjupan_bacillus_subtilis_main_a2ab5f161ee68a0a	5.273129676421253	False	30	39	-	-26.5
EMB_onehot_C06	shuffle	tjupan_bacillus_subtilis_main_3ec8c178aa138223__dinucleotide_null	tjupan_bacillus_subtilis_main_3ec8c178aa138223	10.144745053656392	True	19	28	-	-37.5
EMB_onehot_C06	shuffle	tjupan_bacillus_subtilis_main_824214e197f86545__dinucleotide_null	tjupan_bacillus_subtilis_main_824214e197f86545	6.284501539771319	False	9	18	-	-47.5
EMB_onehot_C06	shuffle	tjupan_bacillus_subtilis_main_721ac29c5ef7c9f0__dinucleotide_null	dbtbs_bsub_core_721ac29c5ef7c9f0	7.425961476433117	False	68	77	-	11.5
EMB_onehot_C06	shuffle	tjupan_bacillus_subtilis_main_a7eb317986e0a410__dinucleotide_null	tjupan_bacillus_subtilis_main_a7eb317986e0a410	3.6275020150908714	False	65	74	-	8.5
EMB_onehot_C06	shuffle	tjupan_bacillus_subtilis_main_6cf2c0e47935a8c2__dinucleotide_null	dbtbs_bsub_core_6cf2c0e47935a8c2	10.62345430175775	True	2	11	+	-54.5
EMB_onehot_C06	shuffle	tjupan_bacillus_subtilis_main_cd9626c39ea075d5__dinucleotide_null	dbtbs_bsub_core_cd9626c39ea075d5	8.046395674570853	False	48	57	-	-8.5
EMB_onehot_C06	shuffle	tjupan_bacillus_subtilis_main_4a95c9a0c8c0dc5d__dinucleotide_null	dbtbs_bsub_core_d38f72abf66add23	5.789330886967295	False	9	18	+	-47.5
EMB_onehot_C06	shuffle	tjupan_bacillus_subtilis_main_323902b09c4af7f6__dinucleotide_null	dbtbs_bsub_core_bb1d2472f35efe20	6.311942597856711	False	4	13	-	-52.5
EMB_onehot_C06	shuffle	tjupan_bacillus_subtilis_main_dda9e4c6372ef204__dinucleotide_null	dbtbs_bsub_core_50819f6cb2562fd8	4.367792978344014	False	43	52	+	-13.5
EMB_onehot_C06	shuffle	tjupan_bacillus_subtilis_main_6fc8f7f57b8f5e9d__dinucleotide_null	tjupan_bacillus_subtilis_main_6fc8f7f57b8f5e9d	9.384324544086871	True	64	73	-	7.5
EMB_onehot_C06	shuffle	tjupan_bacillus_subtilis_main_84cc0835204b8e58__dinucleotide_null	dbtbs_bsub_core_396da27afda34e05	7.642044741570165	False	50	59	+	-6.5
EMB_onehot_C06	shuffle	tjupan_bacillus_subtilis_main_c897ab6e4a2d8869__dinucleotide_null	tjupan_bacillus_subtilis_main_c897ab6e4a2d8869	4.610741980167715	False	12	21	+	-44.5
EMB_onehot_C06	shuffle	tjupan_bacillus_subtilis_main_1b58b9006f9baf4f__dinucleotide_null	dbtbs_bsub_core_1b58b9006f9baf4f	6.601317939473277	False	57	66	+	0.5
EMB_onehot_C06	shuffle	tjupan_bacillus_subtilis_main_5bcbea22526b97af__dinucleotide_null	dbtbs_bsub_core_2bafb1a73b5c7300	5.25872413292405	False	8	17	+	-48.5
EMB_onehot_C06	shuffle	tjupan_bacillus_subtilis_main_e51e63a9cb3e9467__dinucleotide_null	dbtbs_bsub_core_bb482769c888cf21	7.977392752845826	False	10	19	-	-46.5
EMB_onehot_C06	shuffle	tjupan_bacillus_subtilis_main_b558e80410906098__dinucleotide_null	dbtbs_bsub_core_b558e80410906098	5.838067375904475	False	7	16	-	-49.5
EMB_onehot_C06	shuffle	tjupan_bacillus_subtilis_main_dc95e7cdf3939931__dinucleotide_null	dbtbs_bsub_core_dc95e7cdf3939931	4.996910200591099	False	48	57	-	-8.5
EMB_onehot_C06	shuffle	tjupan_bacillus_subtilis_main_cf013234eecd796b__dinucleotide_null	dbtbs_bsub_core_700614a2577d51a9	8.41039326379552	False	70	79	+	13.5
EMB_onehot_C06	shuffle	tjupan_bacillus_subtilis_main_b541048ffbe461fc__dinucleotide_null	tjupan_bacillus_subtilis_main_b541048ffbe461fc	6.812994583025538	False	44	53	+	-12.5
EMB_onehot_C06	shuffle	tjupan_bacillus_subtilis_main_0b4e887f7ea9c424__dinucleotide_null	dbtbs_bsub_core_0b4e887f7ea9c424	7.067449176107683	False	12	21	-	-44.5
EMB_onehot_C06	shuffle	tjupan_bacillus_subtilis_main_93a3a1679c7a73c9__dinucleotide_null	tjupan_bacillus_subtilis_main_93a3a1679c7a73c9	3.351298355047833	False	22	31	-	-34.5
EMB_onehot_C06	shuffle	tjupan_bacillus_subtilis_main_e7e17b10ff25536a__dinucleotide_null	tjupan_bacillus_subtilis_main_1eb616e060615c81	5.068196748219259	False	38	47	-	-18.5
EMB_onehot_C06	shuffle	tjupan_bacillus_subtilis_main_d94f791dab569af4__dinucleotide_null	dbtbs_bsub_core_e72b843a494a35db	12.035209217047292	True	56	65	+	-0.5
EMB_onehot_C06	shuffle	tjupan_bacillus_subtilis_main_d75f323535d0e96f__dinucleotide_null	tjupan_bacillus_subtilis_main_d75f323535d0e96f	5.038936688403961	False	3	12	+	-53.5
EMB_onehot_C06	shuffle	tjupan_bacillus_subtilis_main_74379fc21a77213d__dinucleotide_null	tjupan_bacillus_subtilis_main_74379fc21a77213d	4.427313033408448	False	52	61	-	-4.5
EMB_onehot_C06	shuffle	tjupan_bacillus_subtilis_main_6f5bfd2e001a2697__dinucleotide_null	dbtbs_bsub_core_6f5bfd2e001a2697	7.272889740045585	False	68	77	+	11.5
EMB_onehot_C06	shuffle	tjupan_bacillus_subtilis_main_1eb616e060615c81__dinucleotide_null	tjupan_bacillus_subtilis_main_1eb616e060615c81	6.661002779208509	False	9	18	+	-47.5
EMB_onehot_C06	shuffle	tjupan_bacillus_subtilis_main_409ff8a786357eb4__dinucleotide_null	dbtbs_bsub_core_3e3a825c0d09de99	4.2152954961602855	False	43	52	-	-13.5
EMB_onehot_C06	shuffle	tjupan_bacillus_subtilis_main_1bc60721b4be672c__dinucleotide_null	dbtbs_bsub_core_cb8975beecd17a84	12.035209217047292	True	42	51	+	-14.5
EMB_onehot_C06	shuffle	tjupan_bacillus_subtilis_main_af44da9eb65c9b2b__dinucleotide_null	tjupan_bacillus_subtilis_main_af44da9eb65c9b2b	7.575373187250378	False	10	19	-	-46.5
EMB_onehot_C06	shuffle	tjupan_bacillus_subtilis_main_8f5b60fc07e381f2__dinucleotide_null	dbtbs_bsub_core_8f5b60fc07e381f2	5.195969419093291	False	57	66	-	0.5
EMB_onehot_C06	shuffle	tjupan_bacillus_subtilis_main_5c9bf0eab187b5f5__dinucleotide_null	dbtbs_bsub_core_93f240a64705adb6	7.859103195751332	False	68	77	-	11.5
EMB_onehot_C06	shuffle	tjupan_bacillus_subtilis_main_aaf138e1b23719d3__dinucleotide_null	dbtbs_bsub_core_380666e4ad2529dd	6.556387344376147	False	30	39	-	-26.5
EMB_onehot_C06	shuffle	tjupan_bacillus_subtilis_main_0fcba0431054cde6__dinucleotide_null	dbtbs_bsub_core_0fcba0431054cde6	5.168205792389456	False	20	29	+	-36.5
EMB_onehot_C06	shuffle	tjupan_bacillus_subtilis_main_6f6446b7ed912162__dinucleotide_null	dbtbs_bsub_core_6f6446b7ed912162	6.576024473523361	False	36	45	+	-20.5
EMB_onehot_C06	shuffle	tjupan_bacillus_subtilis_main_d434d749686b9e33__dinucleotide_null	dbtbs_bsub_core_137eff58d766cefa	5.806043049066351	False	35	44	+	-21.5
EMB_onehot_C06	shuffle	tjupan_bacillus_subtilis_main_96c549f1b176b111__dinucleotide_null	tjupan_bacillus_subtilis_main_96c549f1b176b111	4.632290227559364	False	17	26	+	-39.5
EMB_onehot_C06	shuffle	tjupan_bacillus_subtilis_main_a4db17c75fb94c83__dinucleotide_null	dbtbs_bsub_core_8c6f4b9eba960292	6.104866920831358	False	10	19	+	-46.5
EMB_onehot_C06	shuffle	tjupan_bacillus_subtilis_main_0e5e92df8dafa46f__dinucleotide_null	dbtbs_bsub_core_0e5e92df8dafa46f	6.128460110206545	False	17	26	-	-39.5
EMB_onehot_C06	shuffle	tjupan_bacillus_subtilis_main_089b35a135bf8797__dinucleotide_null	tjupan_bacillus_subtilis_main_089b35a135bf8797	9.02801371564309	True	61	70	-	4.5
EMB_onehot_C06	shuffle	tjupan_bacillus_subtilis_main_2e3c51df0d86f79b__dinucleotide_null	dbtbs_bsub_core_245b899eb3255120	7.540496125780493	False	6	15	-	-50.5
EMB_onehot_C06	shuffle	tjupan_bacillus_subtilis_main_648aef9dba1f38c4__dinucleotide_null	tjupan_bacillus_subtilis_main_648aef9dba1f38c4	7.604735446121183	False	8	17	-	-48.5
EMB_onehot_C06	shuffle	tjupan_bacillus_subtilis_main_b809758bf01da07c__dinucleotide_null	tjupan_bacillus_subtilis_main_b809758bf01da07c	8.183524306140962	False	53	62	-	-3.5
EMB_onehot_C06	shuffle	tjupan_bacillus_subtilis_main_72db3945a2fcac01__dinucleotide_null	tjupan_bacillus_subtilis_main_72db3945a2fcac01	7.767573257079681	False	27	36	+	-29.5
EMB_onehot_C06	shuffle	tjupan_bacillus_subtilis_main_8d9a62a0fbc43019__dinucleotide_null	dbtbs_bsub_core_3348625232a23256	6.334094179084014	False	8	17	-	-48.5
EMB_onehot_C06	shuffle	tjupan_bacillus_subtilis_main_2fc6e10224ce632e__dinucleotide_null	dbtbs_bsub_core_2fc6e10224ce632e	9.02801371564309	True	4	13	-	-52.5
EMB_onehot_C06	shuffle	tjupan_bacillus_subtilis_main_4dd4acc476485632__dinucleotide_null	tjupan_bacillus_subtilis_main_4dd4acc476485632	7.178154065070949	False	26	35	+	-30.5
EMB_onehot_C06	shuffle	tjupan_bacillus_subtilis_main_5a1a4573de4d55b3__dinucleotide_null	dbtbs_bsub_core_af75962c5aaa60ac	5.447713277297023	False	26	35	-	-30.5
EMB_onehot_C06	shuffle	tjupan_bacillus_subtilis_main_fe854ef781d570c9__dinucleotide_null	dbtbs_bsub_core_79142b70125d7f77	8.536924018414654	False	40	49	-	-16.5
EMB_onehot_C07	positive	tjupan_bacillus_subtilis_main_089b35a135bf8797	tjupan_bacillus_subtilis_main_089b35a135bf8797	7.1533719516644885	False	6	15	-	-50.5
EMB_onehot_C07	positive	tjupan_bacillus_subtilis_main_0b4e887f7ea9c424	dbtbs_bsub_core_0b4e887f7ea9c424	5.971068850702224	False	61	70	+	4.5
EMB_onehot_C07	positive	tjupan_bacillus_subtilis_main_0dc2e54e8f0778d4	dbtbs_bsub_core_89ecb38b4ff0148f	7.904521682645255	False	72	81	-	15.5
EMB_onehot_C07	positive	tjupan_bacillus_subtilis_main_0e5e92df8dafa46f	dbtbs_bsub_core_0e5e92df8dafa46f	7.899377721005269	False	17	26	+	-39.5
EMB_onehot_C07	positive	tjupan_bacillus_subtilis_main_0fcba0431054cde6	dbtbs_bsub_core_0fcba0431054cde6	6.368878465610155	False	13	22	+	-43.5
EMB_onehot_C07	positive	tjupan_bacillus_subtilis_main_103f2a1ec6daa8c4	dbtbs_bsub_core_103f2a1ec6daa8c4	7.237795035947876	False	52	61	+	-4.5
EMB_onehot_C07	positive	tjupan_bacillus_subtilis_main_1b58b9006f9baf4f	dbtbs_bsub_core_1b58b9006f9baf4f	7.96459538045175	False	23	32	-	-33.5
EMB_onehot_C07	positive	tjupan_bacillus_subtilis_main_1bc60721b4be672c	dbtbs_bsub_core_cb8975beecd17a84	7.3876485010689885	False	16	25	+	-40.5
EMB_onehot_C07	positive	tjupan_bacillus_subtilis_main_1eb616e060615c81	tjupan_bacillus_subtilis_main_1eb616e060615c81	3.540989692667067	False	11	20	+	-45.5
EMB_onehot_C07	positive	tjupan_bacillus_subtilis_main_2e3c51df0d86f79b	dbtbs_bsub_core_245b899eb3255120	7.083026295624556	False	19	28	+	-37.5
EMB_onehot_C07	positive	tjupan_bacillus_subtilis_main_2fc6e10224ce632e	dbtbs_bsub_core_2fc6e10224ce632e	10.760850219504118	True	58	67	+	1.5
EMB_onehot_C07	positive	tjupan_bacillus_subtilis_main_323902b09c4af7f6	dbtbs_bsub_core_bb1d2472f35efe20	5.40695191769914	False	33	42	-	-23.5
EMB_onehot_C07	positive	tjupan_bacillus_subtilis_main_3ec8c178aa138223	tjupan_bacillus_subtilis_main_3ec8c178aa138223	9.36494661921127	False	34	43	+	-22.5
EMB_onehot_C07	positive	tjupan_bacillus_subtilis_main_409ff8a786357eb4	dbtbs_bsub_core_3e3a825c0d09de99	6.72501911540238	False	13	22	+	-43.5
EMB_onehot_C07	positive	tjupan_bacillus_subtilis_main_42074f78c0199323	dbtbs_bsub_core_42074f78c0199323	5.448183503461723	False	71	80	+	14.5
EMB_onehot_C07	positive	tjupan_bacillus_subtilis_main_42c1909004fe3d73	tjupan_bacillus_subtilis_main_42c1909004fe3d73	5.207973568832353	False	61	70	+	4.5
EMB_onehot_C07	positive	tjupan_bacillus_subtilis_main_4a95c9a0c8c0dc5d	dbtbs_bsub_core_d38f72abf66add23	6.615673369325841	False	31	40	+	-25.5
EMB_onehot_C07	positive	tjupan_bacillus_subtilis_main_4dd4acc476485632	tjupan_bacillus_subtilis_main_4dd4acc476485632	5.576046238373053	False	41	50	-	-15.5
EMB_onehot_C07	positive	tjupan_bacillus_subtilis_main_5a1a4573de4d55b3	dbtbs_bsub_core_af75962c5aaa60ac	6.05261584228418	False	14	23	+	-42.5
EMB_onehot_C07	positive	tjupan_bacillus_subtilis_main_5bcbea22526b97af	dbtbs_bsub_core_2bafb1a73b5c7300	5.478127573088314	False	11	20	+	-45.5
EMB_onehot_C07	positive	tjupan_bacillus_subtilis_main_5c9bf0eab187b5f5	dbtbs_bsub_core_93f240a64705adb6	5.896851176301478	False	29	38	+	-27.5
EMB_onehot_C07	positive	tjupan_bacillus_subtilis_main_648aef9dba1f38c4	tjupan_bacillus_subtilis_main_648aef9dba1f38c4	9.224786894499992	False	68	77	+	11.5
EMB_onehot_C07	positive	tjupan_bacillus_subtilis_main_682dcc155b9eb236	dbtbs_bsub_core_5d3712ff0aeb1916	8.214855676190252	False	2	11	-	-54.5
EMB_onehot_C07	positive	tjupan_bacillus_subtilis_main_6cf2c0e47935a8c2	dbtbs_bsub_core_6cf2c0e47935a8c2	9.069875580367821	False	19	28	+	-37.5
EMB_onehot_C07	positive	tjupan_bacillus_subtilis_main_6f5bfd2e001a2697	dbtbs_bsub_core_6f5bfd2e001a2697	7.0787328617161664	False	36	45	-	-20.5
EMB_onehot_C07	positive	tjupan_bacillus_subtilis_main_6f6446b7ed912162	dbtbs_bsub_core_6f6446b7ed912162	5.88247728441136	False	20	29	-	-36.5
EMB_onehot_C07	positive	tjupan_bacillus_subtilis_main_6fc8f7f57b8f5e9d	tjupan_bacillus_subtilis_main_6fc8f7f57b8f5e9d	8.851811065996335	False	9	18	+	-47.5
EMB_onehot_C07	positive	tjupan_bacillus_subtilis_main_72127e86172ad2be	tjupan_bacillus_subtilis_main_72127e86172ad2be	7.60430668216182	False	10	19	-	-46.5
EMB_onehot_C07	positive	tjupan_bacillus_subtilis_main_721ac29c5ef7c9f0	dbtbs_bsub_core_721ac29c5ef7c9f0	5.939906949415608	False	59	68	+	2.5
EMB_onehot_C07	positive	tjupan_bacillus_subtilis_main_72db3945a2fcac01	tjupan_bacillus_subtilis_main_72db3945a2fcac01	6.59429392118335	False	11	20	-	-45.5
EMB_onehot_C07	positive	tjupan_bacillus_subtilis_main_74379fc21a77213d	tjupan_bacillus_subtilis_main_74379fc21a77213d	6.128254230722289	False	13	22	+	-43.5
EMB_onehot_C07	positive	tjupan_bacillus_subtilis_main_79220287475133e5	dbtbs_bsub_core_79220287475133e5	4.503132742599554	False	41	50	+	-15.5
EMB_onehot_C07	positive	tjupan_bacillus_subtilis_main_7c407bebf512b5e0	tjupan_bacillus_subtilis_main_7c407bebf512b5e0	4.929551968302582	False	15	24	-	-41.5
EMB_onehot_C07	positive	tjupan_bacillus_subtilis_main_824214e197f86545	tjupan_bacillus_subtilis_main_824214e197f86545	5.042625654907802	False	28	37	+	-28.5
EMB_onehot_C07	positive	tjupan_bacillus_subtilis_main_842f97f040946982	tjupan_bacillus_subtilis_main_842f97f040946982	7.218340300473258	False	43	52	+	-13.5
EMB_onehot_C07	positive	tjupan_bacillus_subtilis_main_84cc0835204b8e58	dbtbs_bsub_core_396da27afda34e05	7.9802003217231725	False	19	28	+	-37.5
EMB_onehot_C07	positive	tjupan_bacillus_subtilis_main_89e75db25f32c6c9	dbtbs_bsub_core_66a79c370c059251	7.79850292585639	False	65	74	-	8.5
EMB_onehot_C07	positive	tjupan_bacillus_subtilis_main_8d9a62a0fbc43019	dbtbs_bsub_core_3348625232a23256	5.4928604004203105	False	3	12	-	-53.5
EMB_onehot_C07	positive	tjupan_bacillus_subtilis_main_8f5b60fc07e381f2	dbtbs_bsub_core_8f5b60fc07e381f2	6.022827894471015	False	15	24	+	-41.5
EMB_onehot_C07	positive	tjupan_bacillus_subtilis_main_93a3a1679c7a73c9	tjupan_bacillus_subtilis_main_93a3a1679c7a73c9	5.795214858469366	False	66	75	+	9.5
EMB_onehot_C07	positive	tjupan_bacillus_subtilis_main_96c549f1b176b111	tjupan_bacillus_subtilis_main_96c549f1b176b111	8.459981975040758	False	2	11	-	-54.5
EMB_onehot_C07	positive	tjupan_bacillus_subtilis_main_996c93274b7d349e	tjupan_bacillus_subtilis_main_996c93274b7d349e	7.576213826782898	False	7	16	+	-49.5
EMB_onehot_C07	positive	tjupan_bacillus_subtilis_main_9996ea2b61a7fc82	tjupan_bacillus_subtilis_main_9996ea2b61a7fc82	5.1876444375019375	False	66	75	-	9.5
EMB_onehot_C07	positive	tjupan_bacillus_subtilis_main_a2ab5f161ee68a0a	tjupan_bacillus_subtilis_main_a2ab5f161ee68a0a	8.46820364060172	False	56	65	+	-0.5
EMB_onehot_C07	positive	tjupan_bacillus_subtilis_main_a2bee6d81c2dad89	dbtbs_bsub_core_a2bee6d81c2dad89	5.85641366400526	False	67	76	+	10.5
EMB_onehot_C07	positive	tjupan_bacillus_subtilis_main_a4db17c75fb94c83	dbtbs_bsub_core_8c6f4b9eba960292	4.876661505753317	False	13	22	-	-43.5
EMB_onehot_C07	positive	tjupan_bacillus_subtilis_main_a7eb317986e0a410	tjupan_bacillus_subtilis_main_a7eb317986e0a410	9.069875580367821	False	28	37	-	-28.5
EMB_onehot_C07	positive	tjupan_bacillus_subtilis_main_aaf138e1b23719d3	dbtbs_bsub_core_380666e4ad2529dd	6.60697710720282	False	69	78	+	12.5
EMB_onehot_C07	positive	tjupan_bacillus_subtilis_main_af44da9eb65c9b2b	tjupan_bacillus_subtilis_main_af44da9eb65c9b2b	7.738450311658277	False	18	27	-	-38.5
EMB_onehot_C07	positive	tjupan_bacillus_subtilis_main_b541048ffbe461fc	tjupan_bacillus_subtilis_main_b541048ffbe461fc	5.413020103575416	False	26	35	-	-30.5
EMB_onehot_C07	positive	tjupan_bacillus_subtilis_main_b558e80410906098	dbtbs_bsub_core_b558e80410906098	4.928104188195807	False	5	14	-	-51.5
EMB_onehot_C07	positive	tjupan_bacillus_subtilis_main_b809758bf01da07c	tjupan_bacillus_subtilis_main_b809758bf01da07c	7.365011525793358	False	12	21	+	-44.5
EMB_onehot_C07	positive	tjupan_bacillus_subtilis_main_b86a1d8c42408cc4	tjupan_bacillus_subtilis_main_b86a1d8c42408cc4	3.4897752479393596	False	9	18	+	-47.5
EMB_onehot_C07	positive	tjupan_bacillus_subtilis_main_c7551eecc12a98c1	tjupan_bacillus_subtilis_main_c7551eecc12a98c1	7.3311989394775985	False	10	19	+	-46.5
EMB_onehot_C07	positive	tjupan_bacillus_subtilis_main_c897ab6e4a2d8869	tjupan_bacillus_subtilis_main_c897ab6e4a2d8869	8.23835026120475	False	12	21	-	-44.5
EMB_onehot_C07	positive	tjupan_bacillus_subtilis_main_cd9626c39ea075d5	dbtbs_bsub_core_cd9626c39ea075d5	6.449467103450992	False	58	67	+	1.5
EMB_onehot_C07	positive	tjupan_bacillus_subtilis_main_cf013234eecd796b	dbtbs_bsub_core_700614a2577d51a9	9.14551396880593	False	13	22	+	-43.5
EMB_onehot_C07	positive	tjupan_bacillus_subtilis_main_d072d578ae627246	tjupan_bacillus_subtilis_main_d072d578ae627246	7.234666751256111	False	65	74	-	8.5
EMB_onehot_C07	positive	tjupan_bacillus_subtilis_main_d434d749686b9e33	dbtbs_bsub_core_137eff58d766cefa	5.964328766370724	False	12	21	-	-44.5
EMB_onehot_C07	positive	tjupan_bacillus_subtilis_main_d75f323535d0e96f	tjupan_bacillus_subtilis_main_d75f323535d0e96f	7.367696841859123	False	70	79	+	13.5
EMB_onehot_C07	positive	tjupan_bacillus_subtilis_main_d94f791dab569af4	dbtbs_bsub_core_e72b843a494a35db	4.805706547735255	False	35	44	+	-21.5
EMB_onehot_C07	positive	tjupan_bacillus_subtilis_main_dc95e7cdf3939931	dbtbs_bsub_core_dc95e7cdf3939931	7.96459538045175	False	6	15	+	-50.5
EMB_onehot_C07	positive	tjupan_bacillus_subtilis_main_dda9e4c6372ef204	dbtbs_bsub_core_50819f6cb2562fd8	4.9864734433951545	False	53	62	-	-3.5
EMB_onehot_C07	positive	tjupan_bacillus_subtilis_main_e51e63a9cb3e9467	dbtbs_bsub_core_bb482769c888cf21	5.995224140119278	False	29	38	-	-27.5
EMB_onehot_C07	positive	tjupan_bacillus_subtilis_main_e7e17b10ff25536a	tjupan_bacillus_subtilis_main_1eb616e060615c81	3.540989692667067	False	14	23	+	-42.5
EMB_onehot_C07	positive	tjupan_bacillus_subtilis_main_f2d1e33176b05430	dbtbs_bsub_core_f2d1e33176b05430	7.20255950129202	False	69	78	+	12.5
EMB_onehot_C07	positive	tjupan_bacillus_subtilis_main_fe854ef781d570c9	dbtbs_bsub_core_79142b70125d7f77	4.655310698048976	False	10	19	+	-46.5
EMB_onehot_C07	natural	tjupan_bacillus_subtilis_main_01f49032fc924b2b	tjupan_bacillus_subtilis_main_01f49032fc924b2b	5.3233575653960825	False	19	28	+	-37.5
EMB_onehot_C07	natural	tjupan_bacillus_subtilis_main_0369fa5f1dde8889	tjupan_bacillus_subtilis_main_0369fa5f1dde8889	6.551566696705747	False	70	79	+	13.5
EMB_onehot_C07	natural	tjupan_bacillus_subtilis_main_04bf0704019251eb	tjupan_bacillus_subtilis_main_04bf0704019251eb	6.364768361189365	False	31	40	-	-25.5
EMB_onehot_C07	natural	tjupan_bacillus_subtilis_main_07a43cab15901fd0	tjupan_bacillus_subtilis_main_07a43cab15901fd0	6.391625954401924	False	3	12	+	-53.5
EMB_onehot_C07	natural	tjupan_bacillus_subtilis_main_0abf62f108ad9afa	tjupan_bacillus_subtilis_main_0abf62f108ad9afa	5.740601876159012	False	35	44	+	-21.5
EMB_onehot_C07	natural	tjupan_bacillus_subtilis_main_10a028761e096e6f	tjupan_bacillus_subtilis_main_10a028761e096e6f	5.881669432010402	False	69	78	+	12.5
EMB_onehot_C07	natural	tjupan_bacillus_subtilis_main_1183c551e9c3884e	tjupan_bacillus_subtilis_main_1183c551e9c3884e	4.029354937205809	False	54	63	+	-2.5
EMB_onehot_C07	natural	tjupan_bacillus_subtilis_main_11c75fe7d070d91d	tjupan_bacillus_subtilis_main_11c75fe7d070d91d	5.699495944280649	False	27	36	+	-29.5
EMB_onehot_C07	natural	tjupan_bacillus_subtilis_main_13f81edc59432f39	tjupan_bacillus_subtilis_main_13f81edc59432f39	5.092281814915116	False	10	19	+	-46.5
EMB_onehot_C07	natural	tjupan_bacillus_subtilis_main_1a1965c69595e91c	tjupan_bacillus_subtilis_main_1a1965c69595e91c	7.612368454859502	False	50	59	-	-6.5
EMB_onehot_C07	natural	tjupan_bacillus_subtilis_main_28ceb7fd6ffaf1b1	tjupan_bacillus_subtilis_main_28ceb7fd6ffaf1b1	7.568837316385483	False	20	29	+	-36.5
EMB_onehot_C07	natural	tjupan_bacillus_subtilis_main_2a691ccdd9f8cd87	tjupan_bacillus_subtilis_main_2a691ccdd9f8cd87	6.756434772962368	False	49	58	+	-7.5
EMB_onehot_C07	natural	tjupan_bacillus_subtilis_main_3095b00d206277d2	tjupan_bacillus_subtilis_main_3095b00d206277d2	5.95854351222734	False	59	68	+	2.5
EMB_onehot_C07	natural	tjupan_bacillus_subtilis_main_33ded6bc702ab6e3	tjupan_bacillus_subtilis_main_33ded6bc702ab6e3	5.4573316327387005	False	30	39	-	-26.5
EMB_onehot_C07	natural	tjupan_bacillus_subtilis_main_3b669bfd8e8ecc5c	tjupan_bacillus_subtilis_main_3b669bfd8e8ecc5c	8.258800922338752	False	16	25	-	-40.5
EMB_onehot_C07	natural	tjupan_bacillus_subtilis_main_3dfed0cfea4ace99	tjupan_bacillus_subtilis_main_3dfed0cfea4ace99	6.218700316730279	False	5	14	-	-51.5
EMB_onehot_C07	natural	tjupan_bacillus_subtilis_main_3f82397c249b4c2e	tjupan_bacillus_subtilis_main_3f82397c249b4c2e	5.198390320890502	False	14	23	-	-42.5
EMB_onehot_C07	natural	tjupan_bacillus_subtilis_main_413de94f4b4cc894	tjupan_bacillus_subtilis_main_413de94f4b4cc894	7.917415828851461	False	6	15	+	-50.5
EMB_onehot_C07	natural	tjupan_bacillus_subtilis_main_4225dc5bcf089682	tjupan_bacillus_subtilis_main_4225dc5bcf089682	9.209181953228569	False	35	44	+	-21.5
EMB_onehot_C07	natural	tjupan_bacillus_subtilis_main_43e8357a95b8acad	tjupan_bacillus_subtilis_main_43e8357a95b8acad	4.754556355108404	False	70	79	+	13.5
EMB_onehot_C07	natural	tjupan_bacillus_subtilis_main_44b9e66950262593	tjupan_bacillus_subtilis_main_44b9e66950262593	5.666182295023106	False	38	47	+	-18.5
EMB_onehot_C07	natural	tjupan_bacillus_subtilis_main_4600103c5e396ab7	tjupan_bacillus_subtilis_main_4600103c5e396ab7	3.5564306486992954	False	19	28	-	-37.5
EMB_onehot_C07	natural	tjupan_bacillus_subtilis_main_47b01646ad818f05	tjupan_bacillus_subtilis_main_47b01646ad818f05	4.764677837598728	False	37	46	+	-19.5
EMB_onehot_C07	natural	tjupan_bacillus_subtilis_main_47f3a0ce2d4034a8	tjupan_bacillus_subtilis_main_47f3a0ce2d4034a8	5.476342960515769	False	65	74	-	8.5
EMB_onehot_C07	natural	tjupan_bacillus_subtilis_main_4c62636643ef908e	tjupan_bacillus_subtilis_main_4c62636643ef908e	4.710242361129328	False	51	60	+	-5.5
EMB_onehot_C07	natural	tjupan_bacillus_subtilis_main_4ec6f242d8a5df5c	tjupan_bacillus_subtilis_main_4ec6f242d8a5df5c	6.756434772962368	False	15	24	+	-41.5
EMB_onehot_C07	natural	tjupan_bacillus_subtilis_main_4efdcab552f8b70d	tjupan_bacillus_subtilis_main_4efdcab552f8b70d	3.9720620688429564	False	44	53	-	-12.5
EMB_onehot_C07	natural	tjupan_bacillus_subtilis_main_51577d89c939deba	tjupan_bacillus_subtilis_main_51577d89c939deba	3.557642268267015	False	67	76	+	10.5
EMB_onehot_C07	natural	tjupan_bacillus_subtilis_main_52bff7f8e27d9410	tjupan_bacillus_subtilis_main_52bff7f8e27d9410	5.962492032728306	False	66	75	+	9.5
EMB_onehot_C07	natural	tjupan_bacillus_subtilis_main_59901c21c497690b	tjupan_bacillus_subtilis_main_59901c21c497690b	7.673232652211796	False	48	57	+	-8.5
EMB_onehot_C07	natural	tjupan_bacillus_subtilis_main_5f953d4f57c1fa81	tjupan_bacillus_subtilis_main_5f953d4f57c1fa81	5.095147524853523	False	49	58	+	-7.5
EMB_onehot_C07	natural	tjupan_bacillus_subtilis_main_669f9a1f1028b036	tjupan_bacillus_subtilis_main_669f9a1f1028b036	9.414124887918947	False	42	51	-	-14.5
EMB_onehot_C07	natural	tjupan_bacillus_subtilis_main_69dc5d058d63d549	tjupan_bacillus_subtilis_main_69dc5d058d63d549	2.8236620579051523	False	9	18	-	-47.5
EMB_onehot_C07	natural	tjupan_bacillus_subtilis_main_6cfe0a7e178b1651	tjupan_bacillus_subtilis_main_6cfe0a7e178b1651	4.212161003262951	False	68	77	+	11.5
EMB_onehot_C07	natural	tjupan_bacillus_subtilis_main_705ab5e790a4610d	tjupan_bacillus_subtilis_main_705ab5e790a4610d	5.112600675761889	False	8	17	+	-48.5
EMB_onehot_C07	natural	tjupan_bacillus_subtilis_main_71852833d33a5887	tjupan_bacillus_subtilis_main_71852833d33a5887	5.126908012994438	False	72	81	-	15.5
EMB_onehot_C07	natural	tjupan_bacillus_subtilis_main_76c86d1f05ca1d88	tjupan_bacillus_subtilis_main_76c86d1f05ca1d88	6.771300289535278	False	62	71	+	5.5
EMB_onehot_C07	natural	tjupan_bacillus_subtilis_main_777d2d2586a95fbc	tjupan_bacillus_subtilis_main_777d2d2586a95fbc	6.107841141506553	False	70	79	+	13.5
EMB_onehot_C07	natural	tjupan_bacillus_subtilis_main_7c99b9a8665786aa	tjupan_bacillus_subtilis_main_7c99b9a8665786aa	5.057359351463917	False	68	77	+	11.5
EMB_onehot_C07	natural	tjupan_bacillus_subtilis_main_82f0003647ec7740	tjupan_bacillus_subtilis_main_82f0003647ec7740	7.971245656405294	False	7	16	-	-49.5
EMB_onehot_C07	natural	tjupan_bacillus_subtilis_main_8a9952e5dc8e0bd1	tjupan_bacillus_subtilis_main_8a9952e5dc8e0bd1	4.631890082013007	False	46	55	+	-10.5
EMB_onehot_C07	natural	tjupan_bacillus_subtilis_main_8c2afb751c3f9d92	tjupan_bacillus_subtilis_main_8c2afb751c3f9d92	8.486241748447911	False	28	37	+	-28.5
EMB_onehot_C07	natural	tjupan_bacillus_subtilis_main_8e1b3c58365d2bbd	tjupan_bacillus_subtilis_main_8e1b3c58365d2bbd	5.931671139872579	False	34	43	+	-22.5
EMB_onehot_C07	natural	tjupan_bacillus_subtilis_main_906140fe2a990d8e	tjupan_bacillus_subtilis_main_906140fe2a990d8e	5.904447881840018	False	69	78	+	12.5
EMB_onehot_C07	natural	tjupan_bacillus_subtilis_main_94dbc17f3078c678	tjupan_bacillus_subtilis_main_94dbc17f3078c678	8.02739786791794	False	4	13	+	-52.5
EMB_onehot_C07	natural	tjupan_bacillus_subtilis_main_9bf1d28c9aae3b2e	tjupan_bacillus_subtilis_main_9bf1d28c9aae3b2e	8.80982960254616	False	29	38	+	-27.5
EMB_onehot_C07	natural	tjupan_bacillus_subtilis_main_9cc8f38cff175da4	tjupan_bacillus_subtilis_main_9cc8f38cff175da4	3.806100854828663	False	21	30	-	-35.5
EMB_onehot_C07	natural	tjupan_bacillus_subtilis_main_9cceb700e3527301	tjupan_bacillus_subtilis_main_9cceb700e3527301	5.118376420063845	False	13	22	+	-43.5
EMB_onehot_C07	natural	tjupan_bacillus_subtilis_main_9d0345f875b7552c	tjupan_bacillus_subtilis_main_9d0345f875b7552c	5.13390247967898	False	38	47	+	-18.5
EMB_onehot_C07	natural	tjupan_bacillus_subtilis_main_a3fedb31fa6cc84b	tjupan_bacillus_subtilis_main_a3fedb31fa6cc84b	5.818729030711312	False	25	34	+	-31.5
EMB_onehot_C07	natural	tjupan_bacillus_subtilis_main_a54e7006d4699b67	tjupan_bacillus_subtilis_main_a54e7006d4699b67	3.741886870618335	False	40	49	+	-16.5
EMB_onehot_C07	natural	tjupan_bacillus_subtilis_main_aaa45c891936f972	tjupan_bacillus_subtilis_main_aaa45c891936f972	5.466640018951963	False	4	13	+	-52.5
EMB_onehot_C07	natural	tjupan_bacillus_subtilis_main_aec3d55ae2f9e509	tjupan_bacillus_subtilis_main_aec3d55ae2f9e509	4.535557995917547	False	26	35	-	-30.5
EMB_onehot_C07	natural	tjupan_bacillus_subtilis_main_b0b9cfd1b442c029	tjupan_bacillus_subtilis_main_b0b9cfd1b442c029	5.598554557683087	False	54	63	-	-2.5
EMB_onehot_C07	natural	tjupan_bacillus_subtilis_main_b161f4572a371b25	tjupan_bacillus_subtilis_main_b161f4572a371b25	5.171873366251715	False	32	41	+	-24.5
EMB_onehot_C07	natural	tjupan_bacillus_subtilis_main_b3e87bd1af1ccb1a	tjupan_bacillus_subtilis_main_b3e87bd1af1ccb1a	4.702562682616277	False	52	61	+	-4.5
EMB_onehot_C07	natural	tjupan_bacillus_subtilis_main_b5ddce4bc0328e2c	tjupan_bacillus_subtilis_main_b5ddce4bc0328e2c	6.581653001963075	False	69	78	+	12.5
EMB_onehot_C07	natural	tjupan_bacillus_subtilis_main_b9d7835496546020	tjupan_bacillus_subtilis_main_b9d7835496546020	5.11354238579349	False	18	27	-	-38.5
EMB_onehot_C07	natural	tjupan_bacillus_subtilis_main_bd36aa35d4edeb39	tjupan_bacillus_subtilis_main_bd36aa35d4edeb39	5.247648242955602	False	24	33	-	-32.5
EMB_onehot_C07	natural	tjupan_bacillus_subtilis_main_c24b04311bf8b4bf	tjupan_bacillus_subtilis_main_c24b04311bf8b4bf	5.097702278678035	False	24	33	+	-32.5
EMB_onehot_C07	natural	tjupan_bacillus_subtilis_main_c981e3412d58013c	tjupan_bacillus_subtilis_main_c981e3412d58013c	4.176832542753138	False	42	51	+	-14.5
EMB_onehot_C07	natural	tjupan_bacillus_subtilis_main_cbe667645cefe255	tjupan_bacillus_subtilis_main_cbe667645cefe255	4.549078610668704	False	30	39	+	-26.5
EMB_onehot_C07	natural	tjupan_bacillus_subtilis_main_ced7dfa7b2671e00	tjupan_bacillus_subtilis_main_ced7dfa7b2671e00	5.692165473676905	False	3	12	+	-53.5
EMB_onehot_C07	natural	tjupan_bacillus_subtilis_main_d14a8947b06ae361	tjupan_bacillus_subtilis_main_d14a8947b06ae361	9.404353547334143	False	11	20	+	-45.5
EMB_onehot_C07	natural	tjupan_bacillus_subtilis_main_dd7d0f632ba9b25f	tjupan_bacillus_subtilis_main_dd7d0f632ba9b25f	9.344468870925647	False	17	26	+	-39.5
EMB_onehot_C07	natural	tjupan_bacillus_subtilis_main_deeb9c19c390dc19	tjupan_bacillus_subtilis_main_deeb9c19c390dc19	6.293423463654491	False	58	67	-	1.5
EMB_onehot_C07	natural	tjupan_bacillus_subtilis_main_dfdf3a9a774b0b36	tjupan_bacillus_subtilis_main_dfdf3a9a774b0b36	4.9861003275667475	False	70	79	+	13.5
EMB_onehot_C07	natural	tjupan_bacillus_subtilis_main_e05a9847e20fa44f	tjupan_bacillus_subtilis_main_e05a9847e20fa44f	5.9357298854874685	False	68	77	+	11.5
EMB_onehot_C07	natural	tjupan_bacillus_subtilis_main_e09693162cd1efc7	tjupan_bacillus_subtilis_main_e09693162cd1efc7	6.780007508070778	False	72	81	+	15.5
EMB_onehot_C07	natural	tjupan_bacillus_subtilis_main_e1df7768894b7e64	tjupan_bacillus_subtilis_main_e1df7768894b7e64	3.4873691618298137	False	11	20	-	-45.5
EMB_onehot_C07	natural	tjupan_bacillus_subtilis_main_e4935e5203d5f4a1	tjupan_bacillus_subtilis_main_e4935e5203d5f4a1	9.248240545042549	False	17	26	-	-39.5
EMB_onehot_C07	natural	tjupan_bacillus_subtilis_main_e71258c4630ccafd	tjupan_bacillus_subtilis_main_e71258c4630ccafd	10.033595151306965	True	29	38	-	-27.5
EMB_onehot_C07	natural	tjupan_bacillus_subtilis_main_ea6abbc438ac2020	tjupan_bacillus_subtilis_main_ea6abbc438ac2020	7.373803900559616	False	64	73	-	7.5
EMB_onehot_C07	natural	tjupan_bacillus_subtilis_main_ede46bd107484afd	tjupan_bacillus_subtilis_main_ede46bd107484afd	5.489708587716717	False	49	58	+	-7.5
EMB_onehot_C07	natural	tjupan_bacillus_subtilis_main_f0317abbf46a2fa8	tjupan_bacillus_subtilis_main_f0317abbf46a2fa8	6.198029273845421	False	34	43	+	-22.5
EMB_onehot_C07	natural	tjupan_bacillus_subtilis_main_fe9f961ad53aca80	tjupan_bacillus_subtilis_main_fe9f961ad53aca80	9.77800787282502	True	30	39	+	-26.5
EMB_onehot_C07	natural	tjupan_bacillus_subtilis_main_fffb0162887a3736	tjupan_bacillus_subtilis_main_fffb0162887a3736	2.188609619146283	False	64	73	-	7.5
EMB_onehot_C07	shuffle	tjupan_bacillus_subtilis_main_0dc2e54e8f0778d4__dinucleotide_null	dbtbs_bsub_core_89ecb38b4ff0148f	7.757456933928625	False	35	44	-	-21.5
EMB_onehot_C07	shuffle	tjupan_bacillus_subtilis_main_682dcc155b9eb236__dinucleotide_null	dbtbs_bsub_core_5d3712ff0aeb1916	4.727680183880216	False	71	80	+	14.5
EMB_onehot_C07	shuffle	tjupan_bacillus_subtilis_main_f2d1e33176b05430__dinucleotide_null	dbtbs_bsub_core_f2d1e33176b05430	4.834938431321336	False	19	28	+	-37.5
EMB_onehot_C07	shuffle	tjupan_bacillus_subtilis_main_c7551eecc12a98c1__dinucleotide_null	tjupan_bacillus_subtilis_main_c7551eecc12a98c1	8.908101455788687	False	66	75	-	9.5
EMB_onehot_C07	shuffle	tjupan_bacillus_subtilis_main_89e75db25f32c6c9__dinucleotide_null	dbtbs_bsub_core_66a79c370c059251	6.058623984637158	False	27	36	+	-29.5
EMB_onehot_C07	shuffle	tjupan_bacillus_subtilis_main_9996ea2b61a7fc82__dinucleotide_null	tjupan_bacillus_subtilis_main_9996ea2b61a7fc82	6.193191586301082	False	38	47	-	-18.5
EMB_onehot_C07	shuffle	tjupan_bacillus_subtilis_main_b86a1d8c42408cc4__dinucleotide_null	tjupan_bacillus_subtilis_main_b86a1d8c42408cc4	5.8979414347059835	False	43	52	-	-13.5
EMB_onehot_C07	shuffle	tjupan_bacillus_subtilis_main_79220287475133e5__dinucleotide_null	dbtbs_bsub_core_79220287475133e5	4.739143226482745	False	66	75	-	9.5
EMB_onehot_C07	shuffle	tjupan_bacillus_subtilis_main_a2bee6d81c2dad89__dinucleotide_null	dbtbs_bsub_core_a2bee6d81c2dad89	8.783552101361837	False	60	69	+	3.5
EMB_onehot_C07	shuffle	tjupan_bacillus_subtilis_main_103f2a1ec6daa8c4__dinucleotide_null	dbtbs_bsub_core_103f2a1ec6daa8c4	7.708832244059992	False	64	73	+	7.5
EMB_onehot_C07	shuffle	tjupan_bacillus_subtilis_main_996c93274b7d349e__dinucleotide_null	tjupan_bacillus_subtilis_main_996c93274b7d349e	5.936827922979225	False	14	23	+	-42.5
EMB_onehot_C07	shuffle	tjupan_bacillus_subtilis_main_7c407bebf512b5e0__dinucleotide_null	tjupan_bacillus_subtilis_main_7c407bebf512b5e0	5.1233178602776075	False	42	51	-	-14.5
EMB_onehot_C07	shuffle	tjupan_bacillus_subtilis_main_842f97f040946982__dinucleotide_null	tjupan_bacillus_subtilis_main_842f97f040946982	4.788554139656529	False	40	49	+	-16.5
EMB_onehot_C07	shuffle	tjupan_bacillus_subtilis_main_42c1909004fe3d73__dinucleotide_null	tjupan_bacillus_subtilis_main_42c1909004fe3d73	8.367716069923452	False	33	42	-	-23.5
EMB_onehot_C07	shuffle	tjupan_bacillus_subtilis_main_42074f78c0199323__dinucleotide_null	dbtbs_bsub_core_42074f78c0199323	6.473828963696697	False	39	48	+	-17.5
EMB_onehot_C07	shuffle	tjupan_bacillus_subtilis_main_72127e86172ad2be__dinucleotide_null	tjupan_bacillus_subtilis_main_72127e86172ad2be	8.59756944932042	False	66	75	-	9.5
EMB_onehot_C07	shuffle	tjupan_bacillus_subtilis_main_d072d578ae627246__dinucleotide_null	tjupan_bacillus_subtilis_main_d072d578ae627246	7.625262601065707	False	64	73	-	7.5
EMB_onehot_C07	shuffle	tjupan_bacillus_subtilis_main_a2ab5f161ee68a0a__dinucleotide_null	tjupan_bacillus_subtilis_main_a2ab5f161ee68a0a	7.293932516817178	False	41	50	+	-15.5
EMB_onehot_C07	shuffle	tjupan_bacillus_subtilis_main_3ec8c178aa138223__dinucleotide_null	tjupan_bacillus_subtilis_main_3ec8c178aa138223	10.089885541099315	True	23	32	+	-33.5
EMB_onehot_C07	shuffle	tjupan_bacillus_subtilis_main_824214e197f86545__dinucleotide_null	tjupan_bacillus_subtilis_main_824214e197f86545	7.9637298834953025	False	49	58	+	-7.5
EMB_onehot_C07	shuffle	tjupan_bacillus_subtilis_main_721ac29c5ef7c9f0__dinucleotide_null	dbtbs_bsub_core_721ac29c5ef7c9f0	6.973044256558076	False	28	37	+	-28.5
EMB_onehot_C07	shuffle	tjupan_bacillus_subtilis_main_a7eb317986e0a410__dinucleotide_null	tjupan_bacillus_subtilis_main_a7eb317986e0a410	7.831801105264841	False	33	42	+	-23.5
EMB_onehot_C07	shuffle	tjupan_bacillus_subtilis_main_6cf2c0e47935a8c2__dinucleotide_null	dbtbs_bsub_core_6cf2c0e47935a8c2	8.293309468412813	False	66	75	-	9.5
EMB_onehot_C07	shuffle	tjupan_bacillus_subtilis_main_cd9626c39ea075d5__dinucleotide_null	dbtbs_bsub_core_cd9626c39ea075d5	8.02739786791794	False	52	61	+	-4.5
EMB_onehot_C07	shuffle	tjupan_bacillus_subtilis_main_4a95c9a0c8c0dc5d__dinucleotide_null	dbtbs_bsub_core_d38f72abf66add23	4.78154137231647	False	67	76	+	10.5
EMB_onehot_C07	shuffle	tjupan_bacillus_subtilis_main_323902b09c4af7f6__dinucleotide_null	dbtbs_bsub_core_bb1d2472f35efe20	6.27960631006634	False	9	18	+	-47.5
EMB_onehot_C07	shuffle	tjupan_bacillus_subtilis_main_dda9e4c6372ef204__dinucleotide_null	dbtbs_bsub_core_50819f6cb2562fd8	7.348833427667229	False	3	12	-	-53.5
EMB_onehot_C07	shuffle	tjupan_bacillus_subtilis_main_6fc8f7f57b8f5e9d__dinucleotide_null	tjupan_bacillus_subtilis_main_6fc8f7f57b8f5e9d	9.803741771909994	True	1	10	+	-55.5
EMB_onehot_C07	shuffle	tjupan_bacillus_subtilis_main_84cc0835204b8e58__dinucleotide_null	dbtbs_bsub_core_396da27afda34e05	5.60937305111878	False	3	12	+	-53.5
EMB_onehot_C07	shuffle	tjupan_bacillus_subtilis_main_c897ab6e4a2d8869__dinucleotide_null	tjupan_bacillus_subtilis_main_c897ab6e4a2d8869	8.556740027152886	False	61	70	-	4.5
EMB_onehot_C07	shuffle	tjupan_bacillus_subtilis_main_1b58b9006f9baf4f__dinucleotide_null	dbtbs_bsub_core_1b58b9006f9baf4f	6.433080014524681	False	45	54	+	-11.5
EMB_onehot_C07	shuffle	tjupan_bacillus_subtilis_main_5bcbea22526b97af__dinucleotide_null	dbtbs_bsub_core_2bafb1a73b5c7300	5.108810885493128	False	2	11	-	-54.5
EMB_onehot_C07	shuffle	tjupan_bacillus_subtilis_main_e51e63a9cb3e9467__dinucleotide_null	dbtbs_bsub_core_bb482769c888cf21	5.452039807227678	False	39	48	-	-17.5
EMB_onehot_C07	shuffle	tjupan_bacillus_subtilis_main_b558e80410906098__dinucleotide_null	dbtbs_bsub_core_b558e80410906098	5.085291438233822	False	14	23	+	-42.5
EMB_onehot_C07	shuffle	tjupan_bacillus_subtilis_main_dc95e7cdf3939931__dinucleotide_null	dbtbs_bsub_core_dc95e7cdf3939931	6.3870938092505005	False	50	59	+	-6.5
EMB_onehot_C07	shuffle	tjupan_bacillus_subtilis_main_cf013234eecd796b__dinucleotide_null	dbtbs_bsub_core_700614a2577d51a9	4.535936800980125	False	44	53	-	-12.5
EMB_onehot_C07	shuffle	tjupan_bacillus_subtilis_main_b541048ffbe461fc__dinucleotide_null	tjupan_bacillus_subtilis_main_b541048ffbe461fc	4.952199300140405	False	59	68	-	2.5
EMB_onehot_C07	shuffle	tjupan_bacillus_subtilis_main_0b4e887f7ea9c424__dinucleotide_null	dbtbs_bsub_core_0b4e887f7ea9c424	7.341696650595524	False	18	27	-	-38.5
EMB_onehot_C07	shuffle	tjupan_bacillus_subtilis_main_93a3a1679c7a73c9__dinucleotide_null	tjupan_bacillus_subtilis_main_93a3a1679c7a73c9	6.357319430012133	False	9	18	+	-47.5
EMB_onehot_C07	shuffle	tjupan_bacillus_subtilis_main_e7e17b10ff25536a__dinucleotide_null	tjupan_bacillus_subtilis_main_1eb616e060615c81	5.3276380322344155	False	30	39	-	-26.5
EMB_onehot_C07	shuffle	tjupan_bacillus_subtilis_main_d94f791dab569af4__dinucleotide_null	dbtbs_bsub_core_e72b843a494a35db	7.460222329119983	False	8	17	+	-48.5
EMB_onehot_C07	shuffle	tjupan_bacillus_subtilis_main_d75f323535d0e96f__dinucleotide_null	tjupan_bacillus_subtilis_main_d75f323535d0e96f	4.164160202400071	False	24	33	+	-32.5
EMB_onehot_C07	shuffle	tjupan_bacillus_subtilis_main_74379fc21a77213d__dinucleotide_null	tjupan_bacillus_subtilis_main_74379fc21a77213d	8.25150657134717	False	35	44	-	-21.5
EMB_onehot_C07	shuffle	tjupan_bacillus_subtilis_main_6f5bfd2e001a2697__dinucleotide_null	dbtbs_bsub_core_6f5bfd2e001a2697	6.178930345716567	False	53	62	-	-3.5
EMB_onehot_C07	shuffle	tjupan_bacillus_subtilis_main_1eb616e060615c81__dinucleotide_null	tjupan_bacillus_subtilis_main_1eb616e060615c81	7.341696650595525	False	2	11	+	-54.5
EMB_onehot_C07	shuffle	tjupan_bacillus_subtilis_main_409ff8a786357eb4__dinucleotide_null	dbtbs_bsub_core_3e3a825c0d09de99	4.656736110532626	False	47	56	+	-9.5
EMB_onehot_C07	shuffle	tjupan_bacillus_subtilis_main_1bc60721b4be672c__dinucleotide_null	dbtbs_bsub_core_cb8975beecd17a84	7.828883294207145	False	34	43	+	-22.5
EMB_onehot_C07	shuffle	tjupan_bacillus_subtilis_main_af44da9eb65c9b2b__dinucleotide_null	tjupan_bacillus_subtilis_main_af44da9eb65c9b2b	9.404353547334143	False	13	22	+	-43.5
EMB_onehot_C07	shuffle	tjupan_bacillus_subtilis_main_8f5b60fc07e381f2__dinucleotide_null	dbtbs_bsub_core_8f5b60fc07e381f2	3.3259422646030092	False	28	37	+	-28.5
EMB_onehot_C07	shuffle	tjupan_bacillus_subtilis_main_5c9bf0eab187b5f5__dinucleotide_null	dbtbs_bsub_core_93f240a64705adb6	5.183597265729256	False	72	81	+	15.5
EMB_onehot_C07	shuffle	tjupan_bacillus_subtilis_main_aaf138e1b23719d3__dinucleotide_null	dbtbs_bsub_core_380666e4ad2529dd	5.947638728171498	False	38	47	-	-18.5
EMB_onehot_C07	shuffle	tjupan_bacillus_subtilis_main_0fcba0431054cde6__dinucleotide_null	dbtbs_bsub_core_0fcba0431054cde6	8.59622378751439	False	29	38	+	-27.5
EMB_onehot_C07	shuffle	tjupan_bacillus_subtilis_main_6f6446b7ed912162__dinucleotide_null	dbtbs_bsub_core_6f6446b7ed912162	8.02739786791794	False	31	40	-	-25.5
EMB_onehot_C07	shuffle	tjupan_bacillus_subtilis_main_d434d749686b9e33__dinucleotide_null	dbtbs_bsub_core_137eff58d766cefa	5.410316732795697	False	22	31	+	-34.5
EMB_onehot_C07	shuffle	tjupan_bacillus_subtilis_main_96c549f1b176b111__dinucleotide_null	tjupan_bacillus_subtilis_main_96c549f1b176b111	4.713116650724456	False	32	41	-	-24.5
EMB_onehot_C07	shuffle	tjupan_bacillus_subtilis_main_a4db17c75fb94c83__dinucleotide_null	dbtbs_bsub_core_8c6f4b9eba960292	7.971245656405294	False	3	12	-	-53.5
EMB_onehot_C07	shuffle	tjupan_bacillus_subtilis_main_0e5e92df8dafa46f__dinucleotide_null	dbtbs_bsub_core_0e5e92df8dafa46f	5.701671602046644	False	10	19	-	-46.5
EMB_onehot_C07	shuffle	tjupan_bacillus_subtilis_main_089b35a135bf8797__dinucleotide_null	tjupan_bacillus_subtilis_main_089b35a135bf8797	9.699424586177592	True	64	73	+	7.5
EMB_onehot_C07	shuffle	tjupan_bacillus_subtilis_main_2e3c51df0d86f79b__dinucleotide_null	dbtbs_bsub_core_245b899eb3255120	5.007334342763954	False	8	17	+	-48.5
EMB_onehot_C07	shuffle	tjupan_bacillus_subtilis_main_648aef9dba1f38c4__dinucleotide_null	tjupan_bacillus_subtilis_main_648aef9dba1f38c4	6.225849212799229	False	39	48	+	-17.5
EMB_onehot_C07	shuffle	tjupan_bacillus_subtilis_main_b809758bf01da07c__dinucleotide_null	tjupan_bacillus_subtilis_main_b809758bf01da07c	5.662632184657827	False	64	73	-	7.5
EMB_onehot_C07	shuffle	tjupan_bacillus_subtilis_main_72db3945a2fcac01__dinucleotide_null	tjupan_bacillus_subtilis_main_72db3945a2fcac01	7.481003023456273	False	68	77	+	11.5
EMB_onehot_C07	shuffle	tjupan_bacillus_subtilis_main_8d9a62a0fbc43019__dinucleotide_null	dbtbs_bsub_core_3348625232a23256	4.431013150999651	False	15	24	-	-41.5
EMB_onehot_C07	shuffle	tjupan_bacillus_subtilis_main_2fc6e10224ce632e__dinucleotide_null	dbtbs_bsub_core_2fc6e10224ce632e	8.418986483732326	False	8	17	+	-48.5
EMB_onehot_C07	shuffle	tjupan_bacillus_subtilis_main_4dd4acc476485632__dinucleotide_null	tjupan_bacillus_subtilis_main_4dd4acc476485632	7.478199236385929	False	19	28	-	-37.5
EMB_onehot_C07	shuffle	tjupan_bacillus_subtilis_main_5a1a4573de4d55b3__dinucleotide_null	dbtbs_bsub_core_af75962c5aaa60ac	5.997435049094784	False	68	77	-	11.5
EMB_onehot_C07	shuffle	tjupan_bacillus_subtilis_main_fe854ef781d570c9__dinucleotide_null	dbtbs_bsub_core_79142b70125d7f77	9.738524112463514	True	48	57	+	-8.5
EMB_onehot_C08	positive	tjupan_bacillus_subtilis_main_089b35a135bf8797	tjupan_bacillus_subtilis_main_089b35a135bf8797	8.207443778363642	False	14	23	-	-42.5
EMB_onehot_C08	positive	tjupan_bacillus_subtilis_main_0b4e887f7ea9c424	dbtbs_bsub_core_0b4e887f7ea9c424	7.6617685033367255	False	10	19	-	-46.5
EMB_onehot_C08	positive	tjupan_bacillus_subtilis_main_0dc2e54e8f0778d4	dbtbs_bsub_core_89ecb38b4ff0148f	7.83320094636542	False	47	56	-	-9.5
EMB_onehot_C08	positive	tjupan_bacillus_subtilis_main_0e5e92df8dafa46f	dbtbs_bsub_core_0e5e92df8dafa46f	8.761239918506092	False	14	23	-	-42.5
EMB_onehot_C08	positive	tjupan_bacillus_subtilis_main_0fcba0431054cde6	dbtbs_bsub_core_0fcba0431054cde6	5.480389830354318	False	22	31	+	-34.5
EMB_onehot_C08	positive	tjupan_bacillus_subtilis_main_103f2a1ec6daa8c4	dbtbs_bsub_core_103f2a1ec6daa8c4	6.661434206181015	False	21	30	+	-35.5
EMB_onehot_C08	positive	tjupan_bacillus_subtilis_main_1b58b9006f9baf4f	dbtbs_bsub_core_1b58b9006f9baf4f	9.935225132954173	True	54	63	-	-2.5
EMB_onehot_C08	positive	tjupan_bacillus_subtilis_main_1bc60721b4be672c	dbtbs_bsub_core_cb8975beecd17a84	9.308473711066812	False	13	22	-	-43.5
EMB_onehot_C08	positive	tjupan_bacillus_subtilis_main_1eb616e060615c81	tjupan_bacillus_subtilis_main_1eb616e060615c81	5.537710607126065	False	2	11	-	-54.5
EMB_onehot_C08	positive	tjupan_bacillus_subtilis_main_2e3c51df0d86f79b	dbtbs_bsub_core_245b899eb3255120	6.614021909304807	False	14	23	-	-42.5
EMB_onehot_C08	positive	tjupan_bacillus_subtilis_main_2fc6e10224ce632e	dbtbs_bsub_core_2fc6e10224ce632e	9.579187243102222	False	29	38	-	-27.5
EMB_onehot_C08	positive	tjupan_bacillus_subtilis_main_323902b09c4af7f6	dbtbs_bsub_core_bb1d2472f35efe20	4.007941508566038	False	63	72	-	6.5
EMB_onehot_C08	positive	tjupan_bacillus_subtilis_main_3ec8c178aa138223	tjupan_bacillus_subtilis_main_3ec8c178aa138223	8.855311907078358	False	31	40	-	-25.5
EMB_onehot_C08	positive	tjupan_bacillus_subtilis_main_409ff8a786357eb4	dbtbs_bsub_core_3e3a825c0d09de99	5.8126723501175706	False	4	13	-	-52.5
EMB_onehot_C08	positive	tjupan_bacillus_subtilis_main_42074f78c0199323	dbtbs_bsub_core_42074f78c0199323	6.250357740720615	False	67	76	-	10.5
EMB_onehot_C08	positive	tjupan_bacillus_subtilis_main_42c1909004fe3d73	tjupan_bacillus_subtilis_main_42c1909004fe3d73	7.437012377532251	False	68	77	+	11.5
EMB_onehot_C08	positive	tjupan_bacillus_subtilis_main_4a95c9a0c8c0dc5d	dbtbs_bsub_core_d38f72abf66add23	4.832602957659063	False	27	36	-	-29.5
EMB_onehot_C08	positive	tjupan_bacillus_subtilis_main_4dd4acc476485632	tjupan_bacillus_subtilis_main_4dd4acc476485632	7.2731970719404195	False	40	49	+	-16.5
EMB_onehot_C08	positive	tjupan_bacillus_subtilis_main_5a1a4573de4d55b3	dbtbs_bsub_core_af75962c5aaa60ac	7.204104696266571	False	66	75	+	9.5
EMB_onehot_C08	positive	tjupan_bacillus_subtilis_main_5bcbea22526b97af	dbtbs_bsub_core_2bafb1a73b5c7300	4.537664429261724	False	18	27	+	-38.5
EMB_onehot_C08	positive	tjupan_bacillus_subtilis_main_5c9bf0eab187b5f5	dbtbs_bsub_core_93f240a64705adb6	8.855311907078358	False	35	44	-	-21.5
EMB_onehot_C08	positive	tjupan_bacillus_subtilis_main_648aef9dba1f38c4	tjupan_bacillus_subtilis_main_648aef9dba1f38c4	7.029256745625337	False	63	72	-	6.5
EMB_onehot_C08	positive	tjupan_bacillus_subtilis_main_682dcc155b9eb236	dbtbs_bsub_core_5d3712ff0aeb1916	6.928315771039161	False	13	22	-	-43.5
EMB_onehot_C08	positive	tjupan_bacillus_subtilis_main_6cf2c0e47935a8c2	dbtbs_bsub_core_6cf2c0e47935a8c2	8.887255839393474	False	16	25	-	-40.5
EMB_onehot_C08	positive	tjupan_bacillus_subtilis_main_6f5bfd2e001a2697	dbtbs_bsub_core_6f5bfd2e001a2697	7.288368296177115	False	13	22	+	-43.5
EMB_onehot_C08	positive	tjupan_bacillus_subtilis_main_6f6446b7ed912162	dbtbs_bsub_core_6f6446b7ed912162	6.483498677530499	False	66	75	-	9.5
EMB_onehot_C08	positive	tjupan_bacillus_subtilis_main_6fc8f7f57b8f5e9d	tjupan_bacillus_subtilis_main_6fc8f7f57b8f5e9d	9.03268910330186	False	61	70	-	4.5
EMB_onehot_C08	positive	tjupan_bacillus_subtilis_main_72127e86172ad2be	tjupan_bacillus_subtilis_main_72127e86172ad2be	8.207443778363643	False	13	22	+	-43.5
EMB_onehot_C08	positive	tjupan_bacillus_subtilis_main_721ac29c5ef7c9f0	dbtbs_bsub_core_721ac29c5ef7c9f0	7.30271229320723	False	67	76	-	10.5
EMB_onehot_C08	positive	tjupan_bacillus_subtilis_main_72db3945a2fcac01	tjupan_bacillus_subtilis_main_72db3945a2fcac01	8.85531190707836	False	18	27	+	-38.5
EMB_onehot_C08	positive	tjupan_bacillus_subtilis_main_74379fc21a77213d	tjupan_bacillus_subtilis_main_74379fc21a77213d	6.404095762871159	False	40	49	+	-16.5
EMB_onehot_C08	positive	tjupan_bacillus_subtilis_main_79220287475133e5	dbtbs_bsub_core_79220287475133e5	4.774804079859631	False	26	35	-	-30.5
EMB_onehot_C08	positive	tjupan_bacillus_subtilis_main_7c407bebf512b5e0	tjupan_bacillus_subtilis_main_7c407bebf512b5e0	6.142692606002063	False	66	75	-	9.5
EMB_onehot_C08	positive	tjupan_bacillus_subtilis_main_824214e197f86545	tjupan_bacillus_subtilis_main_824214e197f86545	6.024779834666926	False	28	37	-	-28.5
EMB_onehot_C08	positive	tjupan_bacillus_subtilis_main_842f97f040946982	tjupan_bacillus_subtilis_main_842f97f040946982	5.586030512913374	False	31	40	-	-25.5
EMB_onehot_C08	positive	tjupan_bacillus_subtilis_main_84cc0835204b8e58	dbtbs_bsub_core_396da27afda34e05	8.2700004339476	False	14	23	-	-42.5
EMB_onehot_C08	positive	tjupan_bacillus_subtilis_main_89e75db25f32c6c9	dbtbs_bsub_core_66a79c370c059251	3.6296022425268823	False	5	14	-	-51.5
EMB_onehot_C08	positive	tjupan_bacillus_subtilis_main_8d9a62a0fbc43019	dbtbs_bsub_core_3348625232a23256	5.928319820570301	False	18	27	-	-38.5
EMB_onehot_C08	positive	tjupan_bacillus_subtilis_main_8f5b60fc07e381f2	dbtbs_bsub_core_8f5b60fc07e381f2	5.526706947470564	False	30	39	+	-26.5
EMB_onehot_C08	positive	tjupan_bacillus_subtilis_main_93a3a1679c7a73c9	tjupan_bacillus_subtilis_main_93a3a1679c7a73c9	8.525076343956206	False	63	72	-	6.5
EMB_onehot_C08	positive	tjupan_bacillus_subtilis_main_96c549f1b176b111	tjupan_bacillus_subtilis_main_96c549f1b176b111	8.884045021946726	False	5	14	+	-51.5
EMB_onehot_C08	positive	tjupan_bacillus_subtilis_main_996c93274b7d349e	tjupan_bacillus_subtilis_main_996c93274b7d349e	5.220778822354822	False	2	11	-	-54.5
EMB_onehot_C08	positive	tjupan_bacillus_subtilis_main_9996ea2b61a7fc82	tjupan_bacillus_subtilis_main_9996ea2b61a7fc82	11.487858352111994	True	53	62	-	-3.5
EMB_onehot_C08	positive	tjupan_bacillus_subtilis_main_a2ab5f161ee68a0a	tjupan_bacillus_subtilis_main_a2ab5f161ee68a0a	8.688041057944806	False	39	48	+	-17.5
EMB_onehot_C08	positive	tjupan_bacillus_subtilis_main_a2bee6d81c2dad89	dbtbs_bsub_core_a2bee6d81c2dad89	1.9968539401484886	False	62	71	-	5.5
EMB_onehot_C08	positive	tjupan_bacillus_subtilis_main_a4db17c75fb94c83	dbtbs_bsub_core_8c6f4b9eba960292	7.472190584602092	False	18	27	+	-38.5
EMB_onehot_C08	positive	tjupan_bacillus_subtilis_main_a7eb317986e0a410	tjupan_bacillus_subtilis_main_a7eb317986e0a410	9.964689483938466	True	31	40	+	-25.5
EMB_onehot_C08	positive	tjupan_bacillus_subtilis_main_aaf138e1b23719d3	dbtbs_bsub_core_380666e4ad2529dd	7.124251249836293	False	13	22	+	-43.5
EMB_onehot_C08	positive	tjupan_bacillus_subtilis_main_af44da9eb65c9b2b	tjupan_bacillus_subtilis_main_af44da9eb65c9b2b	6.505864737101696	False	26	35	-	-30.5
EMB_onehot_C08	positive	tjupan_bacillus_subtilis_main_b541048ffbe461fc	tjupan_bacillus_subtilis_main_b541048ffbe461fc	8.183695001974698	False	1	10	+	-55.5
EMB_onehot_C08	positive	tjupan_bacillus_subtilis_main_b558e80410906098	dbtbs_bsub_core_b558e80410906098	2.9878909310179447	False	7	16	+	-49.5
EMB_onehot_C08	positive	tjupan_bacillus_subtilis_main_b809758bf01da07c	tjupan_bacillus_subtilis_main_b809758bf01da07c	5.3706680555996265	False	56	65	-	-0.5
EMB_onehot_C08	positive	tjupan_bacillus_subtilis_main_b86a1d8c42408cc4	tjupan_bacillus_subtilis_main_b86a1d8c42408cc4	5.80345919540691	False	35	44	+	-21.5
EMB_onehot_C08	positive	tjupan_bacillus_subtilis_main_c7551eecc12a98c1	tjupan_bacillus_subtilis_main_c7551eecc12a98c1	7.611973821401608	False	71	80	-	14.5
EMB_onehot_C08	positive	tjupan_bacillus_subtilis_main_c897ab6e4a2d8869	tjupan_bacillus_subtilis_main_c897ab6e4a2d8869	8.37775730430537	False	16	25	+	-40.5
EMB_onehot_C08	positive	tjupan_bacillus_subtilis_main_cd9626c39ea075d5	dbtbs_bsub_core_cd9626c39ea075d5	9.808313020471955	False	53	62	-	-3.5
EMB_onehot_C08	positive	tjupan_bacillus_subtilis_main_cf013234eecd796b	dbtbs_bsub_core_700614a2577d51a9	8.869724389313259	False	10	19	-	-46.5
EMB_onehot_C08	positive	tjupan_bacillus_subtilis_main_d072d578ae627246	tjupan_bacillus_subtilis_main_d072d578ae627246	9.265830040111744	False	68	77	+	11.5
EMB_onehot_C08	positive	tjupan_bacillus_subtilis_main_d434d749686b9e33	dbtbs_bsub_core_137eff58d766cefa	9.826740662147008	False	16	25	+	-40.5
EMB_onehot_C08	positive	tjupan_bacillus_subtilis_main_d75f323535d0e96f	tjupan_bacillus_subtilis_main_d75f323535d0e96f	6.212158846814335	False	35	44	+	-21.5
EMB_onehot_C08	positive	tjupan_bacillus_subtilis_main_d94f791dab569af4	dbtbs_bsub_core_e72b843a494a35db	9.854148986093728	True	27	36	+	-29.5
EMB_onehot_C08	positive	tjupan_bacillus_subtilis_main_dc95e7cdf3939931	dbtbs_bsub_core_dc95e7cdf3939931	7.890969925015509	False	25	34	-	-31.5
EMB_onehot_C08	positive	tjupan_bacillus_subtilis_main_dda9e4c6372ef204	dbtbs_bsub_core_50819f6cb2562fd8	2.98854428549857	False	19	28	+	-37.5
EMB_onehot_C08	positive	tjupan_bacillus_subtilis_main_e51e63a9cb3e9467	dbtbs_bsub_core_bb482769c888cf21	9.265830040111744	False	34	43	+	-22.5
EMB_onehot_C08	positive	tjupan_bacillus_subtilis_main_e7e17b10ff25536a	tjupan_bacillus_subtilis_main_1eb616e060615c81	5.537710607126065	False	5	14	-	-51.5
EMB_onehot_C08	positive	tjupan_bacillus_subtilis_main_f2d1e33176b05430	dbtbs_bsub_core_f2d1e33176b05430	5.157888419738907	False	66	75	-	9.5
EMB_onehot_C08	positive	tjupan_bacillus_subtilis_main_fe854ef781d570c9	dbtbs_bsub_core_79142b70125d7f77	6.648349167261548	False	14	23	+	-42.5
EMB_onehot_C08	natural	tjupan_bacillus_subtilis_main_01f49032fc924b2b	tjupan_bacillus_subtilis_main_01f49032fc924b2b	5.453515492420307	False	14	23	-	-42.5
EMB_onehot_C08	natural	tjupan_bacillus_subtilis_main_0369fa5f1dde8889	tjupan_bacillus_subtilis_main_0369fa5f1dde8889	6.754947862326266	False	32	41	-	-24.5
EMB_onehot_C08	natural	tjupan_bacillus_subtilis_main_04bf0704019251eb	tjupan_bacillus_subtilis_main_04bf0704019251eb	7.15383495630789	False	17	26	-	-39.5
EMB_onehot_C08	natural	tjupan_bacillus_subtilis_main_07a43cab15901fd0	tjupan_bacillus_subtilis_main_07a43cab15901fd0	2.899891217546802	False	19	28	-	-37.5
EMB_onehot_C08	natural	tjupan_bacillus_subtilis_main_0abf62f108ad9afa	tjupan_bacillus_subtilis_main_0abf62f108ad9afa	8.253796313220603	False	7	16	-	-49.5
EMB_onehot_C08	natural	tjupan_bacillus_subtilis_main_10a028761e096e6f	tjupan_bacillus_subtilis_main_10a028761e096e6f	7.8595272404463925	False	67	76	-	10.5
EMB_onehot_C08	natural	tjupan_bacillus_subtilis_main_1183c551e9c3884e	tjupan_bacillus_subtilis_main_1183c551e9c3884e	4.0243751359035995	False	31	40	-	-25.5
EMB_onehot_C08	natural	tjupan_bacillus_subtilis_main_11c75fe7d070d91d	tjupan_bacillus_subtilis_main_11c75fe7d070d91d	8.27706609254345	False	24	33	-	-32.5
EMB_onehot_C08	natural	tjupan_bacillus_subtilis_main_13f81edc59432f39	tjupan_bacillus_subtilis_main_13f81edc59432f39	6.735784567890857	False	24	33	-	-32.5
EMB_onehot_C08	natural	tjupan_bacillus_subtilis_main_1a1965c69595e91c	tjupan_bacillus_subtilis_main_1a1965c69595e91c	7.171239569097898	False	47	56	-	-9.5
EMB_onehot_C08	natural	tjupan_bacillus_subtilis_main_28ceb7fd6ffaf1b1	tjupan_bacillus_subtilis_main_28ceb7fd6ffaf1b1	6.505379098708341	False	30	39	-	-26.5
EMB_onehot_C08	natural	tjupan_bacillus_subtilis_main_2a691ccdd9f8cd87	tjupan_bacillus_subtilis_main_2a691ccdd9f8cd87	4.088054636474158	False	44	53	-	-12.5
EMB_onehot_C08	natural	tjupan_bacillus_subtilis_main_3095b00d206277d2	tjupan_bacillus_subtilis_main_3095b00d206277d2	3.0055142306995934	False	52	61	+	-4.5
EMB_onehot_C08	natural	tjupan_bacillus_subtilis_main_33ded6bc702ab6e3	tjupan_bacillus_subtilis_main_33ded6bc702ab6e3	4.014009310159885	False	36	45	+	-20.5
EMB_onehot_C08	natural	tjupan_bacillus_subtilis_main_3b669bfd8e8ecc5c	tjupan_bacillus_subtilis_main_3b669bfd8e8ecc5c	7.3967579250223645	False	19	28	+	-37.5
EMB_onehot_C08	natural	tjupan_bacillus_subtilis_main_3dfed0cfea4ace99	tjupan_bacillus_subtilis_main_3dfed0cfea4ace99	8.207443778363643	False	9	18	+	-47.5
EMB_onehot_C08	natural	tjupan_bacillus_subtilis_main_3f82397c249b4c2e	tjupan_bacillus_subtilis_main_3f82397c249b4c2e	4.815761764375857	False	45	54	+	-11.5
EMB_onehot_C08	natural	tjupan_bacillus_subtilis_main_413de94f4b4cc894	tjupan_bacillus_subtilis_main_413de94f4b4cc894	8.790161213081205	False	3	12	-	-53.5
EMB_onehot_C08	natural	tjupan_bacillus_subtilis_main_4225dc5bcf089682	tjupan_bacillus_subtilis_main_4225dc5bcf089682	10.31085049992391	True	32	41	-	-24.5
EMB_onehot_C08	natural	tjupan_bacillus_subtilis_main_43e8357a95b8acad	tjupan_bacillus_subtilis_main_43e8357a95b8acad	4.691957727025	False	68	77	-	11.5
EMB_onehot_C08	natural	tjupan_bacillus_subtilis_main_44b9e66950262593	tjupan_bacillus_subtilis_main_44b9e66950262593	3.8138037891381273	False	45	54	-	-11.5
EMB_onehot_C08	natural	tjupan_bacillus_subtilis_main_4600103c5e396ab7	tjupan_bacillus_subtilis_main_4600103c5e396ab7	2.582155561295579	False	56	65	-	-0.5
EMB_onehot_C08	natural	tjupan_bacillus_subtilis_main_47b01646ad818f05	tjupan_bacillus_subtilis_main_47b01646ad818f05	4.796240268902016	False	61	70	+	4.5
EMB_onehot_C08	natural	tjupan_bacillus_subtilis_main_47f3a0ce2d4034a8	tjupan_bacillus_subtilis_main_47f3a0ce2d4034a8	9.177574370002485	False	68	77	+	11.5
EMB_onehot_C08	natural	tjupan_bacillus_subtilis_main_4c62636643ef908e	tjupan_bacillus_subtilis_main_4c62636643ef908e	1.6910886638927796	False	27	36	-	-29.5
EMB_onehot_C08	natural	tjupan_bacillus_subtilis_main_4ec6f242d8a5df5c	tjupan_bacillus_subtilis_main_4ec6f242d8a5df5c	5.6488224642975515	False	10	19	-	-46.5
EMB_onehot_C08	natural	tjupan_bacillus_subtilis_main_4efdcab552f8b70d	tjupan_bacillus_subtilis_main_4efdcab552f8b70d	1.0266836167606752	False	35	44	+	-21.5
EMB_onehot_C08	natural	tjupan_bacillus_subtilis_main_51577d89c939deba	tjupan_bacillus_subtilis_main_51577d89c939deba	7.302479037663025	False	51	60	-	-5.5
EMB_onehot_C08	natural	tjupan_bacillus_subtilis_main_52bff7f8e27d9410	tjupan_bacillus_subtilis_main_52bff7f8e27d9410	8.952696803588848	False	38	47	+	-18.5
EMB_onehot_C08	natural	tjupan_bacillus_subtilis_main_59901c21c497690b	tjupan_bacillus_subtilis_main_59901c21c497690b	6.379175324148258	False	43	52	-	-13.5
EMB_onehot_C08	natural	tjupan_bacillus_subtilis_main_5f953d4f57c1fa81	tjupan_bacillus_subtilis_main_5f953d4f57c1fa81	7.025410397351429	False	48	57	-	-8.5
EMB_onehot_C08	natural	tjupan_bacillus_subtilis_main_669f9a1f1028b036	tjupan_bacillus_subtilis_main_669f9a1f1028b036	7.3123489243388775	False	47	56	+	-9.5
EMB_onehot_C08	natural	tjupan_bacillus_subtilis_main_69dc5d058d63d549	tjupan_bacillus_subtilis_main_69dc5d058d63d549	2.345358953570556	False	14	23	+	-42.5
EMB_onehot_C08	natural	tjupan_bacillus_subtilis_main_6cfe0a7e178b1651	tjupan_bacillus_subtilis_main_6cfe0a7e178b1651	7.1205385241841155	False	64	73	-	7.5
EMB_onehot_C08	natural	tjupan_bacillus_subtilis_main_705ab5e790a4610d	tjupan_bacillus_subtilis_main_705ab5e790a4610d	6.200498862491379	False	65	74	-	8.5
EMB_onehot_C08	natural	tjupan_bacillus_subtilis_main_71852833d33a5887	tjupan_bacillus_subtilis_main_71852833d33a5887	4.249763060801326	False	17	26	+	-39.5
EMB_onehot_C08	natural	tjupan_bacillus_subtilis_main_76c86d1f05ca1d88	tjupan_bacillus_subtilis_main_76c86d1f05ca1d88	8.452032683065728	False	57	66	-	0.5
EMB_onehot_C08	natural	tjupan_bacillus_subtilis_main_777d2d2586a95fbc	tjupan_bacillus_subtilis_main_777d2d2586a95fbc	6.782692520910676	False	65	74	-	8.5
EMB_onehot_C08	natural	tjupan_bacillus_subtilis_main_7c99b9a8665786aa	tjupan_bacillus_subtilis_main_7c99b9a8665786aa	10.655498545280963	True	65	74	-	8.5
EMB_onehot_C08	natural	tjupan_bacillus_subtilis_main_82f0003647ec7740	tjupan_bacillus_subtilis_main_82f0003647ec7740	9.322886193301715	False	65	74	+	8.5
EMB_onehot_C08	natural	tjupan_bacillus_subtilis_main_8a9952e5dc8e0bd1	tjupan_bacillus_subtilis_main_8a9952e5dc8e0bd1	5.269502643556395	False	56	65	-	-0.5
EMB_onehot_C08	natural	tjupan_bacillus_subtilis_main_8c2afb751c3f9d92	tjupan_bacillus_subtilis_main_8c2afb751c3f9d92	8.407021528561932	False	42	51	-	-14.5
EMB_onehot_C08	natural	tjupan_bacillus_subtilis_main_8e1b3c58365d2bbd	tjupan_bacillus_subtilis_main_8e1b3c58365d2bbd	7.914054393697084	False	58	67	-	1.5
EMB_onehot_C08	natural	tjupan_bacillus_subtilis_main_906140fe2a990d8e	tjupan_bacillus_subtilis_main_906140fe2a990d8e	11.389250755171336	True	66	75	-	9.5
EMB_onehot_C08	natural	tjupan_bacillus_subtilis_main_94dbc17f3078c678	tjupan_bacillus_subtilis_main_94dbc17f3078c678	7.760919643505733	False	1	10	-	-55.5
EMB_onehot_C08	natural	tjupan_bacillus_subtilis_main_9bf1d28c9aae3b2e	tjupan_bacillus_subtilis_main_9bf1d28c9aae3b2e	6.527617135056221	False	26	35	-	-30.5
EMB_onehot_C08	natural	tjupan_bacillus_subtilis_main_9cc8f38cff175da4	tjupan_bacillus_subtilis_main_9cc8f38cff175da4	4.558552817494933	False	17	26	-	-39.5
EMB_onehot_C08	natural	tjupan_bacillus_subtilis_main_9cceb700e3527301	tjupan_bacillus_subtilis_main_9cceb700e3527301	2.4712057407334465	False	45	54	+	-11.5
EMB_onehot_C08	natural	tjupan_bacillus_subtilis_main_9d0345f875b7552c	tjupan_bacillus_subtilis_main_9d0345f875b7552c	4.948153192685483	False	25	34	-	-31.5
EMB_onehot_C08	natural	tjupan_bacillus_subtilis_main_a3fedb31fa6cc84b	tjupan_bacillus_subtilis_main_a3fedb31fa6cc84b	6.706714731742063	False	23	32	-	-33.5
EMB_onehot_C08	natural	tjupan_bacillus_subtilis_main_a54e7006d4699b67	tjupan_bacillus_subtilis_main_a54e7006d4699b67	2.5388698900834634	False	63	72	-	6.5
EMB_onehot_C08	natural	tjupan_bacillus_subtilis_main_aaa45c891936f972	tjupan_bacillus_subtilis_main_aaa45c891936f972	7.058438176813978	False	60	69	+	3.5
EMB_onehot_C08	natural	tjupan_bacillus_subtilis_main_aec3d55ae2f9e509	tjupan_bacillus_subtilis_main_aec3d55ae2f9e509	2.730164864985017	False	29	38	+	-27.5
EMB_onehot_C08	natural	tjupan_bacillus_subtilis_main_b0b9cfd1b442c029	tjupan_bacillus_subtilis_main_b0b9cfd1b442c029	4.720848323638432	False	59	68	+	2.5
EMB_onehot_C08	natural	tjupan_bacillus_subtilis_main_b161f4572a371b25	tjupan_bacillus_subtilis_main_b161f4572a371b25	10.101702405138512	True	16	25	-	-40.5
EMB_onehot_C08	natural	tjupan_bacillus_subtilis_main_b3e87bd1af1ccb1a	tjupan_bacillus_subtilis_main_b3e87bd1af1ccb1a	4.869968238624999	False	50	59	-	-6.5
EMB_onehot_C08	natural	tjupan_bacillus_subtilis_main_b5ddce4bc0328e2c	tjupan_bacillus_subtilis_main_b5ddce4bc0328e2c	3.9741130257465143	False	67	76	-	10.5
EMB_onehot_C08	natural	tjupan_bacillus_subtilis_main_b9d7835496546020	tjupan_bacillus_subtilis_main_b9d7835496546020	5.90674430993671	False	70	79	-	13.5
EMB_onehot_C08	natural	tjupan_bacillus_subtilis_main_bd36aa35d4edeb39	tjupan_bacillus_subtilis_main_bd36aa35d4edeb39	4.923749901963757	False	28	37	+	-28.5
EMB_onehot_C08	natural	tjupan_bacillus_subtilis_main_c24b04311bf8b4bf	tjupan_bacillus_subtilis_main_c24b04311bf8b4bf	8.510207029353335	False	20	29	-	-36.5
EMB_onehot_C08	natural	tjupan_bacillus_subtilis_main_c981e3412d58013c	tjupan_bacillus_subtilis_main_c981e3412d58013c	5.007121425244904	False	17	26	+	-39.5
EMB_onehot_C08	natural	tjupan_bacillus_subtilis_main_cbe667645cefe255	tjupan_bacillus_subtilis_main_cbe667645cefe255	8.189820478681993	False	27	36	-	-29.5
EMB_onehot_C08	natural	tjupan_bacillus_subtilis_main_ced7dfa7b2671e00	tjupan_bacillus_subtilis_main_ced7dfa7b2671e00	7.302479037663025	False	26	35	-	-30.5
EMB_onehot_C08	natural	tjupan_bacillus_subtilis_main_d14a8947b06ae361	tjupan_bacillus_subtilis_main_d14a8947b06ae361	10.101702405138512	True	8	17	-	-48.5
EMB_onehot_C08	natural	tjupan_bacillus_subtilis_main_dd7d0f632ba9b25f	tjupan_bacillus_subtilis_main_dd7d0f632ba9b25f	6.483498677530499	False	53	62	-	-3.5
EMB_onehot_C08	natural	tjupan_bacillus_subtilis_main_deeb9c19c390dc19	tjupan_bacillus_subtilis_main_deeb9c19c390dc19	7.288066555428124	False	7	16	-	-49.5
EMB_onehot_C08	natural	tjupan_bacillus_subtilis_main_dfdf3a9a774b0b36	tjupan_bacillus_subtilis_main_dfdf3a9a774b0b36	7.130565176985042	False	67	76	-	10.5
EMB_onehot_C08	natural	tjupan_bacillus_subtilis_main_e05a9847e20fa44f	tjupan_bacillus_subtilis_main_e05a9847e20fa44f	7.9172856402254395	False	10	19	+	-46.5
EMB_onehot_C08	natural	tjupan_bacillus_subtilis_main_e09693162cd1efc7	tjupan_bacillus_subtilis_main_e09693162cd1efc7	10.556890948340303	True	68	77	-	11.5
EMB_onehot_C08	natural	tjupan_bacillus_subtilis_main_e1df7768894b7e64	tjupan_bacillus_subtilis_main_e1df7768894b7e64	2.875103068352976	False	23	32	-	-33.5
EMB_onehot_C08	natural	tjupan_bacillus_subtilis_main_e4935e5203d5f4a1	tjupan_bacillus_subtilis_main_e4935e5203d5f4a1	9.935225132954175	True	22	31	+	-34.5
EMB_onehot_C08	natural	tjupan_bacillus_subtilis_main_e71258c4630ccafd	tjupan_bacillus_subtilis_main_e71258c4630ccafd	7.9172856402254395	False	32	41	+	-24.5
EMB_onehot_C08	natural	tjupan_bacillus_subtilis_main_ea6abbc438ac2020	tjupan_bacillus_subtilis_main_ea6abbc438ac2020	11.374838272936435	True	69	78	+	12.5
EMB_onehot_C08	natural	tjupan_bacillus_subtilis_main_ede46bd107484afd	tjupan_bacillus_subtilis_main_ede46bd107484afd	3.33757423583347	False	44	53	-	-12.5
EMB_onehot_C08	natural	tjupan_bacillus_subtilis_main_f0317abbf46a2fa8	tjupan_bacillus_subtilis_main_f0317abbf46a2fa8	8.040874656577868	False	53	62	-	-3.5
EMB_onehot_C08	natural	tjupan_bacillus_subtilis_main_fe9f961ad53aca80	tjupan_bacillus_subtilis_main_fe9f961ad53aca80	8.288428075622653	False	56	65	-	-0.5
EMB_onehot_C08	natural	tjupan_bacillus_subtilis_main_fffb0162887a3736	tjupan_bacillus_subtilis_main_fffb0162887a3736	2.379297989647568	False	34	43	+	-22.5
EMB_onehot_C08	shuffle	tjupan_bacillus_subtilis_main_0dc2e54e8f0778d4__dinucleotide_null	dbtbs_bsub_core_89ecb38b4ff0148f	7.336509477165689	False	51	60	-	-5.5
EMB_onehot_C08	shuffle	tjupan_bacillus_subtilis_main_682dcc155b9eb236__dinucleotide_null	dbtbs_bsub_core_5d3712ff0aeb1916	7.535619974472908	False	68	77	-	11.5
EMB_onehot_C08	shuffle	tjupan_bacillus_subtilis_main_f2d1e33176b05430__dinucleotide_null	dbtbs_bsub_core_f2d1e33176b05430	8.42338632825582	False	45	54	+	-11.5
EMB_onehot_C08	shuffle	tjupan_bacillus_subtilis_main_c7551eecc12a98c1__dinucleotide_null	tjupan_bacillus_subtilis_main_c7551eecc12a98c1	8.28762373362925	False	40	49	+	-16.5
EMB_onehot_C08	shuffle	tjupan_bacillus_subtilis_main_89e75db25f32c6c9__dinucleotide_null	dbtbs_bsub_core_66a79c370c059251	9.728133065206348	False	24	33	-	-32.5
EMB_onehot_C08	shuffle	tjupan_bacillus_subtilis_main_9996ea2b61a7fc82__dinucleotide_null	tjupan_bacillus_subtilis_main_9996ea2b61a7fc82	5.775473594405783	False	65	74	-	8.5
EMB_onehot_C08	shuffle	tjupan_bacillus_subtilis_main_b86a1d8c42408cc4__dinucleotide_null	tjupan_bacillus_subtilis_main_b86a1d8c42408cc4	5.905953760999103	False	47	56	+	-9.5
EMB_onehot_C08	shuffle	tjupan_bacillus_subtilis_main_79220287475133e5__dinucleotide_null	dbtbs_bsub_core_79220287475133e5	10.407945126236179	True	43	52	-	-13.5
EMB_onehot_C08	shuffle	tjupan_bacillus_subtilis_main_a2bee6d81c2dad89__dinucleotide_null	dbtbs_bsub_core_a2bee6d81c2dad89	5.957997996396093	False	27	36	-	-29.5
EMB_onehot_C08	shuffle	tjupan_bacillus_subtilis_main_103f2a1ec6daa8c4__dinucleotide_null	dbtbs_bsub_core_103f2a1ec6daa8c4	9.728133065206348	False	60	69	-	3.5
EMB_onehot_C08	shuffle	tjupan_bacillus_subtilis_main_996c93274b7d349e__dinucleotide_null	tjupan_bacillus_subtilis_main_996c93274b7d349e	3.787992344384353	False	43	52	+	-13.5
EMB_onehot_C08	shuffle	tjupan_bacillus_subtilis_main_7c407bebf512b5e0__dinucleotide_null	tjupan_bacillus_subtilis_main_7c407bebf512b5e0	8.169571530585797	False	30	39	-	-26.5
EMB_onehot_C08	shuffle	tjupan_bacillus_subtilis_main_842f97f040946982__dinucleotide_null	tjupan_bacillus_subtilis_main_842f97f040946982	9.387095148798617	False	37	46	-	-19.5
EMB_onehot_C08	shuffle	tjupan_bacillus_subtilis_main_42c1909004fe3d73__dinucleotide_null	tjupan_bacillus_subtilis_main_42c1909004fe3d73	6.123014745269733	False	36	45	+	-20.5
EMB_onehot_C08	shuffle	tjupan_bacillus_subtilis_main_42074f78c0199323__dinucleotide_null	dbtbs_bsub_core_42074f78c0199323	5.622468466242413	False	8	17	+	-48.5
EMB_onehot_C08	shuffle	tjupan_bacillus_subtilis_main_72127e86172ad2be__dinucleotide_null	tjupan_bacillus_subtilis_main_72127e86172ad2be	6.544929533630958	False	16	25	+	-40.5
EMB_onehot_C08	shuffle	tjupan_bacillus_subtilis_main_d072d578ae627246__dinucleotide_null	tjupan_bacillus_subtilis_main_d072d578ae627246	7.792362328074849	False	68	77	+	11.5
EMB_onehot_C08	shuffle	tjupan_bacillus_subtilis_main_a2ab5f161ee68a0a__dinucleotide_null	tjupan_bacillus_subtilis_main_a2ab5f161ee68a0a	5.910696520888651	False	27	36	+	-29.5
EMB_onehot_C08	shuffle	tjupan_bacillus_subtilis_main_3ec8c178aa138223__dinucleotide_null	tjupan_bacillus_subtilis_main_3ec8c178aa138223	7.219904694241735	False	20	29	-	-36.5
EMB_onehot_C08	shuffle	tjupan_bacillus_subtilis_main_824214e197f86545__dinucleotide_null	tjupan_bacillus_subtilis_main_824214e197f86545	6.073753084478688	False	46	55	-	-10.5
EMB_onehot_C08	shuffle	tjupan_bacillus_subtilis_main_721ac29c5ef7c9f0__dinucleotide_null	dbtbs_bsub_core_721ac29c5ef7c9f0	8.869724389313259	False	25	34	-	-31.5
EMB_onehot_C08	shuffle	tjupan_bacillus_subtilis_main_a7eb317986e0a410__dinucleotide_null	tjupan_bacillus_subtilis_main_a7eb317986e0a410	7.316999320554004	False	14	23	+	-42.5
EMB_onehot_C08	shuffle	tjupan_bacillus_subtilis_main_6cf2c0e47935a8c2__dinucleotide_null	dbtbs_bsub_core_6cf2c0e47935a8c2	6.970732082949232	False	60	69	+	3.5
EMB_onehot_C08	shuffle	tjupan_bacillus_subtilis_main_cd9626c39ea075d5__dinucleotide_null	dbtbs_bsub_core_cd9626c39ea075d5	6.710823379645718	False	49	58	-	-7.5
EMB_onehot_C08	shuffle	tjupan_bacillus_subtilis_main_4a95c9a0c8c0dc5d__dinucleotide_null	dbtbs_bsub_core_d38f72abf66add23	2.2745381569294225	False	29	38	-	-27.5
EMB_onehot_C08	shuffle	tjupan_bacillus_subtilis_main_323902b09c4af7f6__dinucleotide_null	dbtbs_bsub_core_bb1d2472f35efe20	6.6307258675798995	False	6	15	-	-50.5
EMB_onehot_C08	shuffle	tjupan_bacillus_subtilis_main_dda9e4c6372ef204__dinucleotide_null	dbtbs_bsub_core_50819f6cb2562fd8	4.864740932502871	False	53	62	+	-3.5
EMB_onehot_C08	shuffle	tjupan_bacillus_subtilis_main_6fc8f7f57b8f5e9d__dinucleotide_null	tjupan_bacillus_subtilis_main_6fc8f7f57b8f5e9d	9.018578361815951	False	65	74	-	8.5
EMB_onehot_C08	shuffle	tjupan_bacillus_subtilis_main_84cc0835204b8e58__dinucleotide_null	dbtbs_bsub_core_396da27afda34e05	4.0899882325598025	False	47	56	+	-9.5
EMB_onehot_C08	shuffle	tjupan_bacillus_subtilis_main_c897ab6e4a2d8869__dinucleotide_null	tjupan_bacillus_subtilis_main_c897ab6e4a2d8869	8.040874656577868	False	10	19	+	-46.5
EMB_onehot_C08	shuffle	tjupan_bacillus_subtilis_main_1b58b9006f9baf4f__dinucleotide_null	dbtbs_bsub_core_1b58b9006f9baf4f	8.513686499461308	False	22	31	-	-34.5
EMB_onehot_C08	shuffle	tjupan_bacillus_subtilis_main_5bcbea22526b97af__dinucleotide_null	dbtbs_bsub_core_2bafb1a73b5c7300	6.853555459266926	False	65	74	-	8.5
EMB_onehot_C08	shuffle	tjupan_bacillus_subtilis_main_e51e63a9cb3e9467__dinucleotide_null	dbtbs_bsub_core_bb482769c888cf21	8.407021528561932	False	67	76	+	10.5
EMB_onehot_C08	shuffle	tjupan_bacillus_subtilis_main_b558e80410906098__dinucleotide_null	dbtbs_bsub_core_b558e80410906098	3.4254750619105363	False	27	36	+	-29.5
EMB_onehot_C08	shuffle	tjupan_bacillus_subtilis_main_dc95e7cdf3939931__dinucleotide_null	dbtbs_bsub_core_dc95e7cdf3939931	7.138663732071195	False	51	60	-	-5.5
EMB_onehot_C08	shuffle	tjupan_bacillus_subtilis_main_cf013234eecd796b__dinucleotide_null	dbtbs_bsub_core_700614a2577d51a9	5.928319820570301	False	30	39	+	-26.5
EMB_onehot_C08	shuffle	tjupan_bacillus_subtilis_main_b541048ffbe461fc__dinucleotide_null	tjupan_bacillus_subtilis_main_b541048ffbe461fc	6.232435698463061	False	64	73	+	7.5
EMB_onehot_C08	shuffle	tjupan_bacillus_subtilis_main_0b4e887f7ea9c424__dinucleotide_null	dbtbs_bsub_core_0b4e887f7ea9c424	5.866894272275068	False	16	25	-	-40.5
EMB_onehot_C08	shuffle	tjupan_bacillus_subtilis_main_93a3a1679c7a73c9__dinucleotide_null	tjupan_bacillus_subtilis_main_93a3a1679c7a73c9	6.7793699489350345	False	72	81	+	15.5
EMB_onehot_C08	shuffle	tjupan_bacillus_subtilis_main_e7e17b10ff25536a__dinucleotide_null	tjupan_bacillus_subtilis_main_1eb616e060615c81	4.323447774307442	False	49	58	-	-7.5
EMB_onehot_C08	shuffle	tjupan_bacillus_subtilis_main_d94f791dab569af4__dinucleotide_null	dbtbs_bsub_core_e72b843a494a35db	9.308473711066812	False	54	63	+	-2.5
EMB_onehot_C08	shuffle	tjupan_bacillus_subtilis_main_d75f323535d0e96f__dinucleotide_null	tjupan_bacillus_subtilis_main_d75f323535d0e96f	6.1503895916603355	False	21	30	-	-35.5
EMB_onehot_C08	shuffle	tjupan_bacillus_subtilis_main_74379fc21a77213d__dinucleotide_null	tjupan_bacillus_subtilis_main_74379fc21a77213d	5.422634472159806	False	38	47	+	-18.5
EMB_onehot_C08	shuffle	tjupan_bacillus_subtilis_main_6f5bfd2e001a2697__dinucleotide_null	dbtbs_bsub_core_6f5bfd2e001a2697	8.545556627784954	False	58	67	+	1.5
EMB_onehot_C08	shuffle	tjupan_bacillus_subtilis_main_1eb616e060615c81__dinucleotide_null	tjupan_bacillus_subtilis_main_1eb616e060615c81	6.1968857697616775	False	51	60	-	-5.5
EMB_onehot_C08	shuffle	tjupan_bacillus_subtilis_main_409ff8a786357eb4__dinucleotide_null	dbtbs_bsub_core_3e3a825c0d09de99	7.449009107413006	False	45	54	-	-11.5
EMB_onehot_C08	shuffle	tjupan_bacillus_subtilis_main_1bc60721b4be672c__dinucleotide_null	dbtbs_bsub_core_cb8975beecd17a84	10.407945126236179	True	31	40	-	-25.5
EMB_onehot_C08	shuffle	tjupan_bacillus_subtilis_main_af44da9eb65c9b2b__dinucleotide_null	tjupan_bacillus_subtilis_main_af44da9eb65c9b2b	10.101702405138512	True	10	19	-	-46.5
EMB_onehot_C08	shuffle	tjupan_bacillus_subtilis_main_8f5b60fc07e381f2__dinucleotide_null	dbtbs_bsub_core_8f5b60fc07e381f2	5.1164294874766805	False	57	66	+	0.5
EMB_onehot_C08	shuffle	tjupan_bacillus_subtilis_main_5c9bf0eab187b5f5__dinucleotide_null	dbtbs_bsub_core_93f240a64705adb6	8.189751993477207	False	21	30	-	-35.5
EMB_onehot_C08	shuffle	tjupan_bacillus_subtilis_main_aaf138e1b23719d3__dinucleotide_null	dbtbs_bsub_core_380666e4ad2529dd	8.400123363876567	False	25	34	+	-31.5
EMB_onehot_C08	shuffle	tjupan_bacillus_subtilis_main_0fcba0431054cde6__dinucleotide_null	dbtbs_bsub_core_0fcba0431054cde6	5.7635703614307525	False	35	44	-	-21.5
EMB_onehot_C08	shuffle	tjupan_bacillus_subtilis_main_6f6446b7ed912162__dinucleotide_null	dbtbs_bsub_core_6f6446b7ed912162	9.150588148674954	False	34	43	+	-22.5
EMB_onehot_C08	shuffle	tjupan_bacillus_subtilis_main_d434d749686b9e33__dinucleotide_null	dbtbs_bsub_core_137eff58d766cefa	5.433100672921492	False	32	41	+	-24.5
EMB_onehot_C08	shuffle	tjupan_bacillus_subtilis_main_96c549f1b176b111__dinucleotide_null	tjupan_bacillus_subtilis_main_96c549f1b176b111	4.8666930221226234	False	35	44	+	-21.5
EMB_onehot_C08	shuffle	tjupan_bacillus_subtilis_main_a4db17c75fb94c83__dinucleotide_null	dbtbs_bsub_core_8c6f4b9eba960292	8.575020978769246	False	8	17	+	-48.5
EMB_onehot_C08	shuffle	tjupan_bacillus_subtilis_main_0e5e92df8dafa46f__dinucleotide_null	dbtbs_bsub_core_0e5e92df8dafa46f	8.579127463656684	False	58	67	-	1.5
EMB_onehot_C08	shuffle	tjupan_bacillus_subtilis_main_089b35a135bf8797__dinucleotide_null	tjupan_bacillus_subtilis_main_089b35a135bf8797	8.630053483239703	False	60	69	-	3.5
EMB_onehot_C08	shuffle	tjupan_bacillus_subtilis_main_2e3c51df0d86f79b__dinucleotide_null	dbtbs_bsub_core_245b899eb3255120	8.435980892335056	False	9	18	-	-47.5
EMB_onehot_C08	shuffle	tjupan_bacillus_subtilis_main_648aef9dba1f38c4__dinucleotide_null	tjupan_bacillus_subtilis_main_648aef9dba1f38c4	9.519199777619535	False	36	45	-	-20.5
EMB_onehot_C08	shuffle	tjupan_bacillus_subtilis_main_b809758bf01da07c__dinucleotide_null	tjupan_bacillus_subtilis_main_b809758bf01da07c	5.678639558320611	False	70	79	+	13.5
EMB_onehot_C08	shuffle	tjupan_bacillus_subtilis_main_72db3945a2fcac01__dinucleotide_null	tjupan_bacillus_subtilis_main_72db3945a2fcac01	6.825469181374594	False	3	12	-	-53.5
EMB_onehot_C08	shuffle	tjupan_bacillus_subtilis_main_8d9a62a0fbc43019__dinucleotide_null	dbtbs_bsub_core_3348625232a23256	4.296476495369508	False	10	19	-	-46.5
EMB_onehot_C08	shuffle	tjupan_bacillus_subtilis_main_2fc6e10224ce632e__dinucleotide_null	dbtbs_bsub_core_2fc6e10224ce632e	8.630053483239703	False	3	12	-	-53.5
EMB_onehot_C08	shuffle	tjupan_bacillus_subtilis_main_4dd4acc476485632__dinucleotide_null	tjupan_bacillus_subtilis_main_4dd4acc476485632	8.647676782921351	False	26	35	+	-30.5
EMB_onehot_C08	shuffle	tjupan_bacillus_subtilis_main_5a1a4573de4d55b3__dinucleotide_null	dbtbs_bsub_core_af75962c5aaa60ac	6.234665566672929	False	1	10	+	-55.5
EMB_onehot_C08	shuffle	tjupan_bacillus_subtilis_main_fe854ef781d570c9__dinucleotide_null	dbtbs_bsub_core_79142b70125d7f77	8.24755087127664	False	44	53	-	-12.5
EMB_onehot_C09	positive	tjupan_bacillus_subtilis_main_089b35a135bf8797	tjupan_bacillus_subtilis_main_089b35a135bf8797	3.3134737516371633	False	42	51	+	-14.5
EMB_onehot_C09	positive	tjupan_bacillus_subtilis_main_0b4e887f7ea9c424	dbtbs_bsub_core_0b4e887f7ea9c424	6.714861930900816	False	45	54	+	-11.5
EMB_onehot_C09	positive	tjupan_bacillus_subtilis_main_0dc2e54e8f0778d4	dbtbs_bsub_core_89ecb38b4ff0148f	9.01388606576196	True	47	56	+	-9.5
EMB_onehot_C09	positive	tjupan_bacillus_subtilis_main_0e5e92df8dafa46f	dbtbs_bsub_core_0e5e92df8dafa46f	7.980144951785441	False	58	67	+	1.5
EMB_onehot_C09	positive	tjupan_bacillus_subtilis_main_0fcba0431054cde6	dbtbs_bsub_core_0fcba0431054cde6	5.746564111118648	False	64	73	+	7.5
EMB_onehot_C09	positive	tjupan_bacillus_subtilis_main_103f2a1ec6daa8c4	dbtbs_bsub_core_103f2a1ec6daa8c4	5.95031766004369	False	50	59	+	-6.5
EMB_onehot_C09	positive	tjupan_bacillus_subtilis_main_1b58b9006f9baf4f	dbtbs_bsub_core_1b58b9006f9baf4f	7.43393566282421	False	68	77	+	11.5
EMB_onehot_C09	positive	tjupan_bacillus_subtilis_main_1bc60721b4be672c	dbtbs_bsub_core_cb8975beecd17a84	10.7394865936884	True	10	19	+	-46.5
EMB_onehot_C09	positive	tjupan_bacillus_subtilis_main_1eb616e060615c81	tjupan_bacillus_subtilis_main_1eb616e060615c81	7.257424288295303	False	37	46	-	-19.5
EMB_onehot_C09	positive	tjupan_bacillus_subtilis_main_2e3c51df0d86f79b	dbtbs_bsub_core_245b899eb3255120	11.659416999461667	True	14	23	+	-42.5
EMB_onehot_C09	positive	tjupan_bacillus_subtilis_main_2fc6e10224ce632e	dbtbs_bsub_core_2fc6e10224ce632e	7.124583088158126	False	46	55	-	-10.5
EMB_onehot_C09	positive	tjupan_bacillus_subtilis_main_323902b09c4af7f6	dbtbs_bsub_core_bb1d2472f35efe20	6.923804430658192	False	40	49	-	-16.5
EMB_onehot_C09	positive	tjupan_bacillus_subtilis_main_3ec8c178aa138223	tjupan_bacillus_subtilis_main_3ec8c178aa138223	7.352786989809111	False	41	50	-	-15.5
EMB_onehot_C09	positive	tjupan_bacillus_subtilis_main_409ff8a786357eb4	dbtbs_bsub_core_3e3a825c0d09de99	4.509589043866282	False	8	17	+	-48.5
EMB_onehot_C09	positive	tjupan_bacillus_subtilis_main_42074f78c0199323	dbtbs_bsub_core_42074f78c0199323	8.163580051269866	False	10	19	-	-46.5
EMB_onehot_C09	positive	tjupan_bacillus_subtilis_main_42c1909004fe3d73	tjupan_bacillus_subtilis_main_42c1909004fe3d73	8.50688054516062	False	25	34	-	-31.5
EMB_onehot_C09	positive	tjupan_bacillus_subtilis_main_4a95c9a0c8c0dc5d	dbtbs_bsub_core_d38f72abf66add23	5.866183972012607	False	69	78	+	12.5
EMB_onehot_C09	positive	tjupan_bacillus_subtilis_main_4dd4acc476485632	tjupan_bacillus_subtilis_main_4dd4acc476485632	8.974330690227973	False	37	46	-	-19.5
EMB_onehot_C09	positive	tjupan_bacillus_subtilis_main_5a1a4573de4d55b3	dbtbs_bsub_core_af75962c5aaa60ac	6.831772173552819	False	69	78	-	12.5
EMB_onehot_C09	positive	tjupan_bacillus_subtilis_main_5bcbea22526b97af	dbtbs_bsub_core_2bafb1a73b5c7300	4.359601104591385	False	18	27	-	-38.5
EMB_onehot_C09	positive	tjupan_bacillus_subtilis_main_5c9bf0eab187b5f5	dbtbs_bsub_core_93f240a64705adb6	11.970245346154966	True	33	42	+	-23.5
EMB_onehot_C09	positive	tjupan_bacillus_subtilis_main_648aef9dba1f38c4	tjupan_bacillus_subtilis_main_648aef9dba1f38c4	7.554477992189895	False	39	48	-	-17.5
EMB_onehot_C09	positive	tjupan_bacillus_subtilis_main_682dcc155b9eb236	dbtbs_bsub_core_5d3712ff0aeb1916	6.168932642882513	False	72	81	-	15.5
EMB_onehot_C09	positive	tjupan_bacillus_subtilis_main_6cf2c0e47935a8c2	dbtbs_bsub_core_6cf2c0e47935a8c2	6.652591039244639	False	26	35	-	-30.5
EMB_onehot_C09	positive	tjupan_bacillus_subtilis_main_6f5bfd2e001a2697	dbtbs_bsub_core_6f5bfd2e001a2697	4.7981708149659035	False	50	59	+	-6.5
EMB_onehot_C09	positive	tjupan_bacillus_subtilis_main_6f6446b7ed912162	dbtbs_bsub_core_6f6446b7ed912162	9.439808475958635	True	52	61	+	-4.5
EMB_onehot_C09	positive	tjupan_bacillus_subtilis_main_6fc8f7f57b8f5e9d	tjupan_bacillus_subtilis_main_6fc8f7f57b8f5e9d	9.005810895538334	True	65	74	+	8.5
EMB_onehot_C09	positive	tjupan_bacillus_subtilis_main_72127e86172ad2be	tjupan_bacillus_subtilis_main_72127e86172ad2be	7.763472823503502	False	53	62	-	-3.5
EMB_onehot_C09	positive	tjupan_bacillus_subtilis_main_721ac29c5ef7c9f0	dbtbs_bsub_core_721ac29c5ef7c9f0	7.04560578109837	False	49	58	+	-7.5
EMB_onehot_C09	positive	tjupan_bacillus_subtilis_main_72db3945a2fcac01	tjupan_bacillus_subtilis_main_72db3945a2fcac01	10.73603959338039	True	60	69	+	3.5
EMB_onehot_C09	positive	tjupan_bacillus_subtilis_main_74379fc21a77213d	tjupan_bacillus_subtilis_main_74379fc21a77213d	7.223037555927386	False	43	52	-	-13.5
EMB_onehot_C09	positive	tjupan_bacillus_subtilis_main_79220287475133e5	dbtbs_bsub_core_79220287475133e5	5.025325586604494	False	23	32	+	-33.5
EMB_onehot_C09	positive	tjupan_bacillus_subtilis_main_7c407bebf512b5e0	tjupan_bacillus_subtilis_main_7c407bebf512b5e0	6.208633792486403	False	63	72	+	6.5
EMB_onehot_C09	positive	tjupan_bacillus_subtilis_main_824214e197f86545	tjupan_bacillus_subtilis_main_824214e197f86545	6.359213556999384	False	25	34	+	-31.5
EMB_onehot_C09	positive	tjupan_bacillus_subtilis_main_842f97f040946982	tjupan_bacillus_subtilis_main_842f97f040946982	7.374955707271915	False	29	38	+	-27.5
EMB_onehot_C09	positive	tjupan_bacillus_subtilis_main_84cc0835204b8e58	dbtbs_bsub_core_396da27afda34e05	6.5032677023258145	False	35	44	+	-21.5
EMB_onehot_C09	positive	tjupan_bacillus_subtilis_main_89e75db25f32c6c9	dbtbs_bsub_core_66a79c370c059251	5.5524744975540905	False	5	14	+	-51.5
EMB_onehot_C09	positive	tjupan_bacillus_subtilis_main_8d9a62a0fbc43019	dbtbs_bsub_core_3348625232a23256	9.292839009292207	True	47	56	+	-9.5
EMB_onehot_C09	positive	tjupan_bacillus_subtilis_main_8f5b60fc07e381f2	dbtbs_bsub_core_8f5b60fc07e381f2	4.7809377434965175	False	61	70	+	4.5
EMB_onehot_C09	positive	tjupan_bacillus_subtilis_main_93a3a1679c7a73c9	tjupan_bacillus_subtilis_main_93a3a1679c7a73c9	7.02309088033272	False	7	16	-	-49.5
EMB_onehot_C09	positive	tjupan_bacillus_subtilis_main_96c549f1b176b111	tjupan_bacillus_subtilis_main_96c549f1b176b111	8.057042416046496	False	7	16	-	-49.5
EMB_onehot_C09	positive	tjupan_bacillus_subtilis_main_996c93274b7d349e	tjupan_bacillus_subtilis_main_996c93274b7d349e	3.8302182841169743	False	46	55	-	-10.5
EMB_onehot_C09	positive	tjupan_bacillus_subtilis_main_9996ea2b61a7fc82	tjupan_bacillus_subtilis_main_9996ea2b61a7fc82	10.351010434836523	True	50	59	+	-6.5
EMB_onehot_C09	positive	tjupan_bacillus_subtilis_main_a2ab5f161ee68a0a	tjupan_bacillus_subtilis_main_a2ab5f161ee68a0a	5.751272469157907	False	52	61	+	-4.5
EMB_onehot_C09	positive	tjupan_bacillus_subtilis_main_a2bee6d81c2dad89	dbtbs_bsub_core_a2bee6d81c2dad89	1.1796274798595414	False	22	31	+	-34.5
EMB_onehot_C09	positive	tjupan_bacillus_subtilis_main_a4db17c75fb94c83	dbtbs_bsub_core_8c6f4b9eba960292	7.301040000180437	False	20	29	-	-36.5
EMB_onehot_C09	positive	tjupan_bacillus_subtilis_main_a7eb317986e0a410	tjupan_bacillus_subtilis_main_a7eb317986e0a410	7.597714373861464	False	66	75	+	9.5
EMB_onehot_C09	positive	tjupan_bacillus_subtilis_main_aaf138e1b23719d3	dbtbs_bsub_core_380666e4ad2529dd	9.365572269839587	True	31	40	-	-25.5
EMB_onehot_C09	positive	tjupan_bacillus_subtilis_main_af44da9eb65c9b2b	tjupan_bacillus_subtilis_main_af44da9eb65c9b2b	6.463878479991308	False	19	28	-	-37.5
EMB_onehot_C09	positive	tjupan_bacillus_subtilis_main_b541048ffbe461fc	tjupan_bacillus_subtilis_main_b541048ffbe461fc	6.417512765058543	False	23	32	-	-33.5
EMB_onehot_C09	positive	tjupan_bacillus_subtilis_main_b558e80410906098	dbtbs_bsub_core_b558e80410906098	5.789869857461623	False	9	18	-	-47.5
EMB_onehot_C09	positive	tjupan_bacillus_subtilis_main_b809758bf01da07c	tjupan_bacillus_subtilis_main_b809758bf01da07c	7.1501846545470364	False	46	55	+	-10.5
EMB_onehot_C09	positive	tjupan_bacillus_subtilis_main_b86a1d8c42408cc4	tjupan_bacillus_subtilis_main_b86a1d8c42408cc4	6.57107839962293	False	49	58	-	-7.5
EMB_onehot_C09	positive	tjupan_bacillus_subtilis_main_c7551eecc12a98c1	tjupan_bacillus_subtilis_main_c7551eecc12a98c1	11.970245346154966	True	25	34	-	-31.5
EMB_onehot_C09	positive	tjupan_bacillus_subtilis_main_c897ab6e4a2d8869	tjupan_bacillus_subtilis_main_c897ab6e4a2d8869	7.186057418892661	False	16	25	-	-40.5
EMB_onehot_C09	positive	tjupan_bacillus_subtilis_main_cd9626c39ea075d5	dbtbs_bsub_core_cd9626c39ea075d5	7.216836726365164	False	57	66	+	0.5
EMB_onehot_C09	positive	tjupan_bacillus_subtilis_main_cf013234eecd796b	dbtbs_bsub_core_700614a2577d51a9	6.625250092196092	False	43	52	-	-13.5
EMB_onehot_C09	positive	tjupan_bacillus_subtilis_main_d072d578ae627246	tjupan_bacillus_subtilis_main_d072d578ae627246	8.763046823790193	False	70	79	-	13.5
EMB_onehot_C09	positive	tjupan_bacillus_subtilis_main_d434d749686b9e33	dbtbs_bsub_core_137eff58d766cefa	5.05915249040893	False	16	25	-	-40.5
EMB_onehot_C09	positive	tjupan_bacillus_subtilis_main_d75f323535d0e96f	tjupan_bacillus_subtilis_main_d75f323535d0e96f	6.295040324465328	False	32	41	-	-24.5
EMB_onehot_C09	positive	tjupan_bacillus_subtilis_main_d94f791dab569af4	dbtbs_bsub_core_e72b843a494a35db	6.885966700003191	False	23	32	-	-33.5
EMB_onehot_C09	positive	tjupan_bacillus_subtilis_main_dc95e7cdf3939931	dbtbs_bsub_core_dc95e7cdf3939931	8.325998775423708	False	33	42	+	-23.5
EMB_onehot_C09	positive	tjupan_bacillus_subtilis_main_dda9e4c6372ef204	dbtbs_bsub_core_50819f6cb2562fd8	5.60992705028835	False	33	42	-	-23.5
EMB_onehot_C09	positive	tjupan_bacillus_subtilis_main_e51e63a9cb3e9467	dbtbs_bsub_core_bb482769c888cf21	8.763046823790193	False	36	45	-	-20.5
EMB_onehot_C09	positive	tjupan_bacillus_subtilis_main_e7e17b10ff25536a	tjupan_bacillus_subtilis_main_1eb616e060615c81	7.257424288295303	False	40	49	-	-16.5
EMB_onehot_C09	positive	tjupan_bacillus_subtilis_main_f2d1e33176b05430	dbtbs_bsub_core_f2d1e33176b05430	6.877809729643873	False	64	73	+	7.5
EMB_onehot_C09	positive	tjupan_bacillus_subtilis_main_fe854ef781d570c9	dbtbs_bsub_core_79142b70125d7f77	8.185625691182741	False	32	41	-	-24.5
EMB_onehot_C09	natural	tjupan_bacillus_subtilis_main_01f49032fc924b2b	tjupan_bacillus_subtilis_main_01f49032fc924b2b	5.886726876556715	False	14	23	+	-42.5
EMB_onehot_C09	natural	tjupan_bacillus_subtilis_main_0369fa5f1dde8889	tjupan_bacillus_subtilis_main_0369fa5f1dde8889	4.923311943949418	False	61	70	+	4.5
EMB_onehot_C09	natural	tjupan_bacillus_subtilis_main_04bf0704019251eb	tjupan_bacillus_subtilis_main_04bf0704019251eb	5.748968932222375	False	54	63	+	-2.5
EMB_onehot_C09	natural	tjupan_bacillus_subtilis_main_07a43cab15901fd0	tjupan_bacillus_subtilis_main_07a43cab15901fd0	3.1580158334244715	False	64	73	-	7.5
EMB_onehot_C09	natural	tjupan_bacillus_subtilis_main_0abf62f108ad9afa	tjupan_bacillus_subtilis_main_0abf62f108ad9afa	5.073954055080209	False	7	16	+	-49.5
EMB_onehot_C09	natural	tjupan_bacillus_subtilis_main_10a028761e096e6f	tjupan_bacillus_subtilis_main_10a028761e096e6f	7.251611290066753	False	72	81	+	15.5
EMB_onehot_C09	natural	tjupan_bacillus_subtilis_main_1183c551e9c3884e	tjupan_bacillus_subtilis_main_1183c551e9c3884e	7.377619505736044	False	31	40	+	-25.5
EMB_onehot_C09	natural	tjupan_bacillus_subtilis_main_11c75fe7d070d91d	tjupan_bacillus_subtilis_main_11c75fe7d070d91d	4.794065440446822	False	24	33	+	-32.5
EMB_onehot_C09	natural	tjupan_bacillus_subtilis_main_13f81edc59432f39	tjupan_bacillus_subtilis_main_13f81edc59432f39	4.497451687976863	False	21	30	+	-35.5
EMB_onehot_C09	natural	tjupan_bacillus_subtilis_main_1a1965c69595e91c	tjupan_bacillus_subtilis_main_1a1965c69595e91c	5.1833430975488	False	44	53	+	-12.5
EMB_onehot_C09	natural	tjupan_bacillus_subtilis_main_28ceb7fd6ffaf1b1	tjupan_bacillus_subtilis_main_28ceb7fd6ffaf1b1	4.0283168171113966	False	13	22	+	-43.5
EMB_onehot_C09	natural	tjupan_bacillus_subtilis_main_2a691ccdd9f8cd87	tjupan_bacillus_subtilis_main_2a691ccdd9f8cd87	3.526955587615615	False	5	14	-	-51.5
EMB_onehot_C09	natural	tjupan_bacillus_subtilis_main_3095b00d206277d2	tjupan_bacillus_subtilis_main_3095b00d206277d2	3.4540821043192067	False	70	79	+	13.5
EMB_onehot_C09	natural	tjupan_bacillus_subtilis_main_33ded6bc702ab6e3	tjupan_bacillus_subtilis_main_33ded6bc702ab6e3	0.13616912469565579	False	5	14	-	-51.5
EMB_onehot_C09	natural	tjupan_bacillus_subtilis_main_3b669bfd8e8ecc5c	tjupan_bacillus_subtilis_main_3b669bfd8e8ecc5c	4.190142762965669	False	2	11	+	-54.5
EMB_onehot_C09	natural	tjupan_bacillus_subtilis_main_3dfed0cfea4ace99	tjupan_bacillus_subtilis_main_3dfed0cfea4ace99	0.8440946107678592	False	4	13	-	-52.5
EMB_onehot_C09	natural	tjupan_bacillus_subtilis_main_3f82397c249b4c2e	tjupan_bacillus_subtilis_main_3f82397c249b4c2e	7.64083848777887	False	4	13	-	-52.5
EMB_onehot_C09	natural	tjupan_bacillus_subtilis_main_413de94f4b4cc894	tjupan_bacillus_subtilis_main_413de94f4b4cc894	6.369657613912595	False	9	18	+	-47.5
EMB_onehot_C09	natural	tjupan_bacillus_subtilis_main_4225dc5bcf089682	tjupan_bacillus_subtilis_main_4225dc5bcf089682	7.694472336661786	False	14	23	+	-42.5
EMB_onehot_C09	natural	tjupan_bacillus_subtilis_main_43e8357a95b8acad	tjupan_bacillus_subtilis_main_43e8357a95b8acad	5.9489511389990195	False	57	66	-	0.5
EMB_onehot_C09	natural	tjupan_bacillus_subtilis_main_44b9e66950262593	tjupan_bacillus_subtilis_main_44b9e66950262593	5.215347979421487	False	8	17	-	-48.5
EMB_onehot_C09	natural	tjupan_bacillus_subtilis_main_4600103c5e396ab7	tjupan_bacillus_subtilis_main_4600103c5e396ab7	6.612343562599381	False	3	12	+	-53.5
EMB_onehot_C09	natural	tjupan_bacillus_subtilis_main_47b01646ad818f05	tjupan_bacillus_subtilis_main_47b01646ad818f05	3.9496536366366097	False	28	37	+	-28.5
EMB_onehot_C09	natural	tjupan_bacillus_subtilis_main_47f3a0ce2d4034a8	tjupan_bacillus_subtilis_main_47f3a0ce2d4034a8	2.096810877145963	False	68	77	-	11.5
EMB_onehot_C09	natural	tjupan_bacillus_subtilis_main_4c62636643ef908e	tjupan_bacillus_subtilis_main_4c62636643ef908e	3.4225637148617043	False	1	10	-	-55.5
EMB_onehot_C09	natural	tjupan_bacillus_subtilis_main_4ec6f242d8a5df5c	tjupan_bacillus_subtilis_main_4ec6f242d8a5df5c	5.187126644511039	False	33	42	-	-23.5
EMB_onehot_C09	natural	tjupan_bacillus_subtilis_main_4efdcab552f8b70d	tjupan_bacillus_subtilis_main_4efdcab552f8b70d	1.981299901240027	False	68	77	+	11.5
EMB_onehot_C09	natural	tjupan_bacillus_subtilis_main_51577d89c939deba	tjupan_bacillus_subtilis_main_51577d89c939deba	4.497501107210635	False	37	46	+	-19.5
EMB_onehot_C09	natural	tjupan_bacillus_subtilis_main_52bff7f8e27d9410	tjupan_bacillus_subtilis_main_52bff7f8e27d9410	3.1554979993235026	False	26	35	+	-30.5
EMB_onehot_C09	natural	tjupan_bacillus_subtilis_main_59901c21c497690b	tjupan_bacillus_subtilis_main_59901c21c497690b	8.45307873906539	False	43	52	+	-13.5
EMB_onehot_C09	natural	tjupan_bacillus_subtilis_main_5f953d4f57c1fa81	tjupan_bacillus_subtilis_main_5f953d4f57c1fa81	8.481652473204758	False	2	11	-	-54.5
EMB_onehot_C09	natural	tjupan_bacillus_subtilis_main_669f9a1f1028b036	tjupan_bacillus_subtilis_main_669f9a1f1028b036	6.280777161251784	False	47	56	-	-9.5
EMB_onehot_C09	natural	tjupan_bacillus_subtilis_main_69dc5d058d63d549	tjupan_bacillus_subtilis_main_69dc5d058d63d549	4.736907118429711	False	18	27	-	-38.5
EMB_onehot_C09	natural	tjupan_bacillus_subtilis_main_6cfe0a7e178b1651	tjupan_bacillus_subtilis_main_6cfe0a7e178b1651	4.143769603132919	False	51	60	+	-5.5
EMB_onehot_C09	natural	tjupan_bacillus_subtilis_main_705ab5e790a4610d	tjupan_bacillus_subtilis_main_705ab5e790a4610d	3.8467413929329073	False	65	74	+	8.5
EMB_onehot_C09	natural	tjupan_bacillus_subtilis_main_71852833d33a5887	tjupan_bacillus_subtilis_main_71852833d33a5887	6.640969583836865	False	13	22	-	-43.5
EMB_onehot_C09	natural	tjupan_bacillus_subtilis_main_76c86d1f05ca1d88	tjupan_bacillus_subtilis_main_76c86d1f05ca1d88	6.043002526840231	False	54	63	+	-2.5
EMB_onehot_C09	natural	tjupan_bacillus_subtilis_main_777d2d2586a95fbc	tjupan_bacillus_subtilis_main_777d2d2586a95fbc	5.56774721338057	False	69	78	+	12.5
EMB_onehot_C09	natural	tjupan_bacillus_subtilis_main_7c99b9a8665786aa	tjupan_bacillus_subtilis_main_7c99b9a8665786aa	8.547745363359136	False	65	74	+	8.5
EMB_onehot_C09	natural	tjupan_bacillus_subtilis_main_82f0003647ec7740	tjupan_bacillus_subtilis_main_82f0003647ec7740	8.502478522108483	False	19	28	+	-37.5
EMB_onehot_C09	natural	tjupan_bacillus_subtilis_main_8a9952e5dc8e0bd1	tjupan_bacillus_subtilis_main_8a9952e5dc8e0bd1	0.8390096495724813	False	56	65	+	-0.5
EMB_onehot_C09	natural	tjupan_bacillus_subtilis_main_8c2afb751c3f9d92	tjupan_bacillus_subtilis_main_8c2afb751c3f9d92	7.7917997208264165	False	46	55	+	-10.5
EMB_onehot_C09	natural	tjupan_bacillus_subtilis_main_8e1b3c58365d2bbd	tjupan_bacillus_subtilis_main_8e1b3c58365d2bbd	11.970245346154966	True	55	64	+	-1.5
EMB_onehot_C09	natural	tjupan_bacillus_subtilis_main_906140fe2a990d8e	tjupan_bacillus_subtilis_main_906140fe2a990d8e	6.701557281193909	False	72	81	+	15.5
EMB_onehot_C09	natural	tjupan_bacillus_subtilis_main_94dbc17f3078c678	tjupan_bacillus_subtilis_main_94dbc17f3078c678	2.5339908284650674	False	4	13	+	-52.5
EMB_onehot_C09	natural	tjupan_bacillus_subtilis_main_9bf1d28c9aae3b2e	tjupan_bacillus_subtilis_main_9bf1d28c9aae3b2e	3.8813996461940463	False	54	63	+	-2.5
EMB_onehot_C09	natural	tjupan_bacillus_subtilis_main_9cc8f38cff175da4	tjupan_bacillus_subtilis_main_9cc8f38cff175da4	5.7387737713868106	False	68	77	-	11.5
EMB_onehot_C09	natural	tjupan_bacillus_subtilis_main_9cceb700e3527301	tjupan_bacillus_subtilis_main_9cceb700e3527301	4.8655536586311845	False	8	17	+	-48.5
EMB_onehot_C09	natural	tjupan_bacillus_subtilis_main_9d0345f875b7552c	tjupan_bacillus_subtilis_main_9d0345f875b7552c	4.400476327801798	False	25	34	+	-31.5
EMB_onehot_C09	natural	tjupan_bacillus_subtilis_main_a3fedb31fa6cc84b	tjupan_bacillus_subtilis_main_a3fedb31fa6cc84b	9.16620446510504	True	20	29	+	-36.5
EMB_onehot_C09	natural	tjupan_bacillus_subtilis_main_a54e7006d4699b67	tjupan_bacillus_subtilis_main_a54e7006d4699b67	3.438795893077157	False	53	62	+	-3.5
EMB_onehot_C09	natural	tjupan_bacillus_subtilis_main_aaa45c891936f972	tjupan_bacillus_subtilis_main_aaa45c891936f972	1.7232966762563144	False	2	11	+	-54.5
EMB_onehot_C09	natural	tjupan_bacillus_subtilis_main_aec3d55ae2f9e509	tjupan_bacillus_subtilis_main_aec3d55ae2f9e509	4.727741897829199	False	25	34	-	-31.5
EMB_onehot_C09	natural	tjupan_bacillus_subtilis_main_b0b9cfd1b442c029	tjupan_bacillus_subtilis_main_b0b9cfd1b442c029	3.19877268608591	False	61	70	-	4.5
EMB_onehot_C09	natural	tjupan_bacillus_subtilis_main_b161f4572a371b25	tjupan_bacillus_subtilis_main_b161f4572a371b25	8.054052709060887	False	19	28	+	-37.5
EMB_onehot_C09	natural	tjupan_bacillus_subtilis_main_b3e87bd1af1ccb1a	tjupan_bacillus_subtilis_main_b3e87bd1af1ccb1a	3.8295780303491838	False	47	56	+	-9.5
EMB_onehot_C09	natural	tjupan_bacillus_subtilis_main_b5ddce4bc0328e2c	tjupan_bacillus_subtilis_main_b5ddce4bc0328e2c	1.6731309817335882	False	41	50	+	-15.5
EMB_onehot_C09	natural	tjupan_bacillus_subtilis_main_b9d7835496546020	tjupan_bacillus_subtilis_main_b9d7835496546020	6.317002402947304	False	22	31	-	-34.5
EMB_onehot_C09	natural	tjupan_bacillus_subtilis_main_bd36aa35d4edeb39	tjupan_bacillus_subtilis_main_bd36aa35d4edeb39	2.9228567705840303	False	50	59	+	-6.5
EMB_onehot_C09	natural	tjupan_bacillus_subtilis_main_c24b04311bf8b4bf	tjupan_bacillus_subtilis_main_c24b04311bf8b4bf	7.013673963949856	False	20	29	+	-36.5
EMB_onehot_C09	natural	tjupan_bacillus_subtilis_main_c981e3412d58013c	tjupan_bacillus_subtilis_main_c981e3412d58013c	5.914920685744225	False	16	25	-	-40.5
EMB_onehot_C09	natural	tjupan_bacillus_subtilis_main_cbe667645cefe255	tjupan_bacillus_subtilis_main_cbe667645cefe255	2.76053682014252	False	67	76	+	10.5
EMB_onehot_C09	natural	tjupan_bacillus_subtilis_main_ced7dfa7b2671e00	tjupan_bacillus_subtilis_main_ced7dfa7b2671e00	2.8877122432849696	False	16	25	-	-40.5
EMB_onehot_C09	natural	tjupan_bacillus_subtilis_main_d14a8947b06ae361	tjupan_bacillus_subtilis_main_d14a8947b06ae361	3.2659909579966278	False	7	16	+	-49.5
EMB_onehot_C09	natural	tjupan_bacillus_subtilis_main_dd7d0f632ba9b25f	tjupan_bacillus_subtilis_main_dd7d0f632ba9b25f	9.365572269839587	True	50	59	+	-6.5
EMB_onehot_C09	natural	tjupan_bacillus_subtilis_main_deeb9c19c390dc19	tjupan_bacillus_subtilis_main_deeb9c19c390dc19	6.014589057194314	False	28	37	+	-28.5
EMB_onehot_C09	natural	tjupan_bacillus_subtilis_main_dfdf3a9a774b0b36	tjupan_bacillus_subtilis_main_dfdf3a9a774b0b36	3.8932622808554838	False	65	74	+	8.5
EMB_onehot_C09	natural	tjupan_bacillus_subtilis_main_e05a9847e20fa44f	tjupan_bacillus_subtilis_main_e05a9847e20fa44f	4.945057872484963	False	61	70	+	4.5
EMB_onehot_C09	natural	tjupan_bacillus_subtilis_main_e09693162cd1efc7	tjupan_bacillus_subtilis_main_e09693162cd1efc7	9.005810895538334	True	66	75	+	9.5
EMB_onehot_C09	natural	tjupan_bacillus_subtilis_main_e1df7768894b7e64	tjupan_bacillus_subtilis_main_e1df7768894b7e64	6.421963555243847	False	34	43	+	-22.5
EMB_onehot_C09	natural	tjupan_bacillus_subtilis_main_e4935e5203d5f4a1	tjupan_bacillus_subtilis_main_e4935e5203d5f4a1	7.301040000180437	False	11	20	-	-45.5
EMB_onehot_C09	natural	tjupan_bacillus_subtilis_main_e71258c4630ccafd	tjupan_bacillus_subtilis_main_e71258c4630ccafd	5.290563738750479	False	32	41	-	-24.5
EMB_onehot_C09	natural	tjupan_bacillus_subtilis_main_ea6abbc438ac2020	tjupan_bacillus_subtilis_main_ea6abbc438ac2020	6.456640813791944	False	65	74	-	8.5
EMB_onehot_C09	natural	tjupan_bacillus_subtilis_main_ede46bd107484afd	tjupan_bacillus_subtilis_main_ede46bd107484afd	9.102406714838557	True	13	22	-	-43.5
EMB_onehot_C09	natural	tjupan_bacillus_subtilis_main_f0317abbf46a2fa8	tjupan_bacillus_subtilis_main_f0317abbf46a2fa8	3.766222163183062	False	31	40	+	-25.5
EMB_onehot_C09	natural	tjupan_bacillus_subtilis_main_fe9f961ad53aca80	tjupan_bacillus_subtilis_main_fe9f961ad53aca80	4.017658534928256	False	37	46	-	-19.5
EMB_onehot_C09	natural	tjupan_bacillus_subtilis_main_fffb0162887a3736	tjupan_bacillus_subtilis_main_fffb0162887a3736	6.209399765257519	False	26	35	+	-30.5
EMB_onehot_C09	shuffle	tjupan_bacillus_subtilis_main_0dc2e54e8f0778d4__dinucleotide_null	dbtbs_bsub_core_89ecb38b4ff0148f	5.363747281316488	False	48	57	+	-8.5
EMB_onehot_C09	shuffle	tjupan_bacillus_subtilis_main_682dcc155b9eb236__dinucleotide_null	dbtbs_bsub_core_5d3712ff0aeb1916	7.378443664959635	False	52	61	+	-4.5
EMB_onehot_C09	shuffle	tjupan_bacillus_subtilis_main_f2d1e33176b05430__dinucleotide_null	dbtbs_bsub_core_f2d1e33176b05430	8.198479933681337	False	15	24	+	-41.5
EMB_onehot_C09	shuffle	tjupan_bacillus_subtilis_main_c7551eecc12a98c1__dinucleotide_null	tjupan_bacillus_subtilis_main_c7551eecc12a98c1	8.325998775423708	False	55	64	+	-1.5
EMB_onehot_C09	shuffle	tjupan_bacillus_subtilis_main_89e75db25f32c6c9__dinucleotide_null	dbtbs_bsub_core_66a79c370c059251	4.994663763957216	False	24	33	+	-32.5
EMB_onehot_C09	shuffle	tjupan_bacillus_subtilis_main_9996ea2b61a7fc82__dinucleotide_null	tjupan_bacillus_subtilis_main_9996ea2b61a7fc82	8.842302091524672	False	48	57	+	-8.5
EMB_onehot_C09	shuffle	tjupan_bacillus_subtilis_main_b86a1d8c42408cc4__dinucleotide_null	tjupan_bacillus_subtilis_main_b86a1d8c42408cc4	4.555293499794885	False	12	21	+	-44.5
EMB_onehot_C09	shuffle	tjupan_bacillus_subtilis_main_79220287475133e5__dinucleotide_null	dbtbs_bsub_core_79220287475133e5	8.384390407321611	False	47	56	+	-9.5
EMB_onehot_C09	shuffle	tjupan_bacillus_subtilis_main_a2bee6d81c2dad89__dinucleotide_null	dbtbs_bsub_core_a2bee6d81c2dad89	2.7750254773547995	False	67	76	-	10.5
EMB_onehot_C09	shuffle	tjupan_bacillus_subtilis_main_103f2a1ec6daa8c4__dinucleotide_null	dbtbs_bsub_core_103f2a1ec6daa8c4	11.25237830374983	True	34	43	+	-22.5
EMB_onehot_C09	shuffle	tjupan_bacillus_subtilis_main_996c93274b7d349e__dinucleotide_null	tjupan_bacillus_subtilis_main_996c93274b7d349e	6.774882896747705	False	10	19	+	-46.5
EMB_onehot_C09	shuffle	tjupan_bacillus_subtilis_main_7c407bebf512b5e0__dinucleotide_null	tjupan_bacillus_subtilis_main_7c407bebf512b5e0	4.073216175061475	False	47	56	-	-9.5
EMB_onehot_C09	shuffle	tjupan_bacillus_subtilis_main_842f97f040946982__dinucleotide_null	tjupan_bacillus_subtilis_main_842f97f040946982	8.97094833758732	False	41	50	+	-15.5
EMB_onehot_C09	shuffle	tjupan_bacillus_subtilis_main_42c1909004fe3d73__dinucleotide_null	tjupan_bacillus_subtilis_main_42c1909004fe3d73	4.513081098165978	False	18	27	-	-38.5
EMB_onehot_C09	shuffle	tjupan_bacillus_subtilis_main_42074f78c0199323__dinucleotide_null	dbtbs_bsub_core_42074f78c0199323	9.51691190982831	True	11	20	-	-45.5
EMB_onehot_C09	shuffle	tjupan_bacillus_subtilis_main_72127e86172ad2be__dinucleotide_null	tjupan_bacillus_subtilis_main_72127e86172ad2be	8.37123398883023	False	16	25	-	-40.5
EMB_onehot_C09	shuffle	tjupan_bacillus_subtilis_main_d072d578ae627246__dinucleotide_null	tjupan_bacillus_subtilis_main_d072d578ae627246	2.9446936457494006	False	65	74	-	8.5
EMB_onehot_C09	shuffle	tjupan_bacillus_subtilis_main_a2ab5f161ee68a0a__dinucleotide_null	tjupan_bacillus_subtilis_main_a2ab5f161ee68a0a	2.073137597451712	False	29	38	-	-27.5
EMB_onehot_C09	shuffle	tjupan_bacillus_subtilis_main_3ec8c178aa138223__dinucleotide_null	tjupan_bacillus_subtilis_main_3ec8c178aa138223	7.301040000180437	False	18	27	+	-38.5
EMB_onehot_C09	shuffle	tjupan_bacillus_subtilis_main_824214e197f86545__dinucleotide_null	tjupan_bacillus_subtilis_main_824214e197f86545	3.9361841059483247	False	63	72	+	6.5
EMB_onehot_C09	shuffle	tjupan_bacillus_subtilis_main_721ac29c5ef7c9f0__dinucleotide_null	dbtbs_bsub_core_721ac29c5ef7c9f0	11.775648482064744	True	23	32	+	-33.5
EMB_onehot_C09	shuffle	tjupan_bacillus_subtilis_main_a7eb317986e0a410__dinucleotide_null	tjupan_bacillus_subtilis_main_a7eb317986e0a410	5.722721930470539	False	16	25	-	-40.5
EMB_onehot_C09	shuffle	tjupan_bacillus_subtilis_main_6cf2c0e47935a8c2__dinucleotide_null	dbtbs_bsub_core_6cf2c0e47935a8c2	10.773576741762046	True	56	65	-	-0.5
EMB_onehot_C09	shuffle	tjupan_bacillus_subtilis_main_cd9626c39ea075d5__dinucleotide_null	dbtbs_bsub_core_cd9626c39ea075d5	7.554477992189895	False	25	34	+	-31.5
EMB_onehot_C09	shuffle	tjupan_bacillus_subtilis_main_4a95c9a0c8c0dc5d__dinucleotide_null	dbtbs_bsub_core_d38f72abf66add23	3.393457401274821	False	35	44	+	-21.5
EMB_onehot_C09	shuffle	tjupan_bacillus_subtilis_main_323902b09c4af7f6__dinucleotide_null	dbtbs_bsub_core_bb1d2472f35efe20	4.5489585785396685	False	31	40	-	-25.5
EMB_onehot_C09	shuffle	tjupan_bacillus_subtilis_main_dda9e4c6372ef204__dinucleotide_null	dbtbs_bsub_core_50819f6cb2562fd8	7.6809180497277865	False	26	35	-	-30.5
EMB_onehot_C09	shuffle	tjupan_bacillus_subtilis_main_6fc8f7f57b8f5e9d__dinucleotide_null	tjupan_bacillus_subtilis_main_6fc8f7f57b8f5e9d	8.858573710052433	False	68	77	+	11.5
EMB_onehot_C09	shuffle	tjupan_bacillus_subtilis_main_84cc0835204b8e58__dinucleotide_null	dbtbs_bsub_core_396da27afda34e05	4.754625578031314	False	61	70	+	4.5
EMB_onehot_C09	shuffle	tjupan_bacillus_subtilis_main_c897ab6e4a2d8869__dinucleotide_null	tjupan_bacillus_subtilis_main_c897ab6e4a2d8869	5.206639702720386	False	13	22	-	-43.5
EMB_onehot_C09	shuffle	tjupan_bacillus_subtilis_main_1b58b9006f9baf4f__dinucleotide_null	dbtbs_bsub_core_1b58b9006f9baf4f	9.436445249868196	True	20	29	+	-36.5
EMB_onehot_C09	shuffle	tjupan_bacillus_subtilis_main_5bcbea22526b97af__dinucleotide_null	dbtbs_bsub_core_2bafb1a73b5c7300	5.8764019529522145	False	62	71	+	5.5
EMB_onehot_C09	shuffle	tjupan_bacillus_subtilis_main_e51e63a9cb3e9467__dinucleotide_null	dbtbs_bsub_core_bb482769c888cf21	4.817432453047141	False	67	76	-	10.5
EMB_onehot_C09	shuffle	tjupan_bacillus_subtilis_main_b558e80410906098__dinucleotide_null	dbtbs_bsub_core_b558e80410906098	8.290036690486865	False	26	35	-	-30.5
EMB_onehot_C09	shuffle	tjupan_bacillus_subtilis_main_dc95e7cdf3939931__dinucleotide_null	dbtbs_bsub_core_dc95e7cdf3939931	5.804866661541189	False	51	60	+	-5.5
EMB_onehot_C09	shuffle	tjupan_bacillus_subtilis_main_cf013234eecd796b__dinucleotide_null	dbtbs_bsub_core_700614a2577d51a9	8.30743623856375	False	11	20	-	-45.5
EMB_onehot_C09	shuffle	tjupan_bacillus_subtilis_main_b541048ffbe461fc__dinucleotide_null	tjupan_bacillus_subtilis_main_b541048ffbe461fc	5.722415778968149	False	64	73	-	7.5
EMB_onehot_C09	shuffle	tjupan_bacillus_subtilis_main_0b4e887f7ea9c424__dinucleotide_null	dbtbs_bsub_core_0b4e887f7ea9c424	7.6650135540333135	False	42	51	+	-14.5
EMB_onehot_C09	shuffle	tjupan_bacillus_subtilis_main_93a3a1679c7a73c9__dinucleotide_null	tjupan_bacillus_subtilis_main_93a3a1679c7a73c9	7.251611290066753	False	68	77	-	11.5
EMB_onehot_C09	shuffle	tjupan_bacillus_subtilis_main_e7e17b10ff25536a__dinucleotide_null	tjupan_bacillus_subtilis_main_1eb616e060615c81	7.028440691837165	False	11	20	-	-45.5
EMB_onehot_C09	shuffle	tjupan_bacillus_subtilis_main_d94f791dab569af4__dinucleotide_null	dbtbs_bsub_core_e72b843a494a35db	7.905756203099568	False	2	11	+	-54.5
EMB_onehot_C09	shuffle	tjupan_bacillus_subtilis_main_d75f323535d0e96f__dinucleotide_null	tjupan_bacillus_subtilis_main_d75f323535d0e96f	4.5118056848116	False	40	49	-	-16.5
EMB_onehot_C09	shuffle	tjupan_bacillus_subtilis_main_74379fc21a77213d__dinucleotide_null	tjupan_bacillus_subtilis_main_74379fc21a77213d	2.400809765853225	False	39	48	-	-17.5
EMB_onehot_C09	shuffle	tjupan_bacillus_subtilis_main_6f5bfd2e001a2697__dinucleotide_null	dbtbs_bsub_core_6f5bfd2e001a2697	6.08739355444801	False	60	69	-	3.5
EMB_onehot_C09	shuffle	tjupan_bacillus_subtilis_main_1eb616e060615c81__dinucleotide_null	tjupan_bacillus_subtilis_main_1eb616e060615c81	9.170975405749369	True	7	16	-	-49.5
EMB_onehot_C09	shuffle	tjupan_bacillus_subtilis_main_409ff8a786357eb4__dinucleotide_null	dbtbs_bsub_core_3e3a825c0d09de99	7.792311237951683	False	17	26	+	-39.5
EMB_onehot_C09	shuffle	tjupan_bacillus_subtilis_main_1bc60721b4be672c__dinucleotide_null	dbtbs_bsub_core_cb8975beecd17a84	8.367870762739791	False	29	38	+	-27.5
EMB_onehot_C09	shuffle	tjupan_bacillus_subtilis_main_af44da9eb65c9b2b__dinucleotide_null	tjupan_bacillus_subtilis_main_af44da9eb65c9b2b	6.819296595411746	False	57	66	-	0.5
EMB_onehot_C09	shuffle	tjupan_bacillus_subtilis_main_8f5b60fc07e381f2__dinucleotide_null	dbtbs_bsub_core_8f5b60fc07e381f2	5.04513747204623	False	4	13	-	-52.5
EMB_onehot_C09	shuffle	tjupan_bacillus_subtilis_main_5c9bf0eab187b5f5__dinucleotide_null	dbtbs_bsub_core_93f240a64705adb6	10.545607298926742	True	18	27	+	-38.5
EMB_onehot_C09	shuffle	tjupan_bacillus_subtilis_main_aaf138e1b23719d3__dinucleotide_null	dbtbs_bsub_core_380666e4ad2529dd	8.221353317303905	False	10	19	+	-46.5
EMB_onehot_C09	shuffle	tjupan_bacillus_subtilis_main_0fcba0431054cde6__dinucleotide_null	dbtbs_bsub_core_0fcba0431054cde6	5.0688171508150495	False	46	55	+	-10.5
EMB_onehot_C09	shuffle	tjupan_bacillus_subtilis_main_6f6446b7ed912162__dinucleotide_null	dbtbs_bsub_core_6f6446b7ed912162	8.054400284454701	False	2	11	+	-54.5
EMB_onehot_C09	shuffle	tjupan_bacillus_subtilis_main_d434d749686b9e33__dinucleotide_null	dbtbs_bsub_core_137eff58d766cefa	4.8713883698686065	False	10	19	-	-46.5
EMB_onehot_C09	shuffle	tjupan_bacillus_subtilis_main_96c549f1b176b111__dinucleotide_null	tjupan_bacillus_subtilis_main_96c549f1b176b111	7.652722307710414	False	67	76	+	10.5
EMB_onehot_C09	shuffle	tjupan_bacillus_subtilis_main_a4db17c75fb94c83__dinucleotide_null	dbtbs_bsub_core_8c6f4b9eba960292	5.180412389103175	False	4	13	-	-52.5
EMB_onehot_C09	shuffle	tjupan_bacillus_subtilis_main_0e5e92df8dafa46f__dinucleotide_null	dbtbs_bsub_core_0e5e92df8dafa46f	9.741086297935196	True	32	41	+	-24.5
EMB_onehot_C09	shuffle	tjupan_bacillus_subtilis_main_089b35a135bf8797__dinucleotide_null	tjupan_bacillus_subtilis_main_089b35a135bf8797	5.41995595670498	False	22	31	-	-34.5
EMB_onehot_C09	shuffle	tjupan_bacillus_subtilis_main_2e3c51df0d86f79b__dinucleotide_null	dbtbs_bsub_core_245b899eb3255120	4.568324668005471	False	7	16	+	-49.5
EMB_onehot_C09	shuffle	tjupan_bacillus_subtilis_main_648aef9dba1f38c4__dinucleotide_null	tjupan_bacillus_subtilis_main_648aef9dba1f38c4	11.310151569783867	True	49	58	+	-7.5
EMB_onehot_C09	shuffle	tjupan_bacillus_subtilis_main_b809758bf01da07c__dinucleotide_null	tjupan_bacillus_subtilis_main_b809758bf01da07c	5.257999624539648	False	57	66	+	0.5
EMB_onehot_C09	shuffle	tjupan_bacillus_subtilis_main_72db3945a2fcac01__dinucleotide_null	tjupan_bacillus_subtilis_main_72db3945a2fcac01	5.940608301676395	False	6	15	+	-50.5
EMB_onehot_C09	shuffle	tjupan_bacillus_subtilis_main_8d9a62a0fbc43019__dinucleotide_null	dbtbs_bsub_core_3348625232a23256	7.539429590702161	False	23	32	+	-33.5
EMB_onehot_C09	shuffle	tjupan_bacillus_subtilis_main_2fc6e10224ce632e__dinucleotide_null	dbtbs_bsub_core_2fc6e10224ce632e	10.590842512333264	True	38	47	+	-18.5
EMB_onehot_C09	shuffle	tjupan_bacillus_subtilis_main_4dd4acc476485632__dinucleotide_null	tjupan_bacillus_subtilis_main_4dd4acc476485632	8.997678576278078	False	20	29	-	-36.5
EMB_onehot_C09	shuffle	tjupan_bacillus_subtilis_main_5a1a4573de4d55b3__dinucleotide_null	dbtbs_bsub_core_af75962c5aaa60ac	6.059303769646837	False	1	10	-	-55.5
EMB_onehot_C09	shuffle	tjupan_bacillus_subtilis_main_fe854ef781d570c9__dinucleotide_null	dbtbs_bsub_core_79142b70125d7f77	7.719678371693551	False	44	53	+	-12.5
EMB_onehot_C10	positive	tjupan_bacillus_subtilis_main_089b35a135bf8797	tjupan_bacillus_subtilis_main_089b35a135bf8797	3.372787106458391	False	46	55	+	-10.5
EMB_onehot_C10	positive	tjupan_bacillus_subtilis_main_0b4e887f7ea9c424	dbtbs_bsub_core_0b4e887f7ea9c424	8.483772106378995	True	41	50	+	-15.5
EMB_onehot_C10	positive	tjupan_bacillus_subtilis_main_0dc2e54e8f0778d4	dbtbs_bsub_core_89ecb38b4ff0148f	6.925010388995076	False	59	68	+	2.5
EMB_onehot_C10	positive	tjupan_bacillus_subtilis_main_0e5e92df8dafa46f	dbtbs_bsub_core_0e5e92df8dafa46f	5.0383494523453205	False	46	55	+	-10.5
EMB_onehot_C10	positive	tjupan_bacillus_subtilis_main_0fcba0431054cde6	dbtbs_bsub_core_0fcba0431054cde6	8.488665887297014	True	68	77	+	11.5
EMB_onehot_C10	positive	tjupan_bacillus_subtilis_main_103f2a1ec6daa8c4	dbtbs_bsub_core_103f2a1ec6daa8c4	6.121630907145011	False	46	55	+	-10.5
EMB_onehot_C10	positive	tjupan_bacillus_subtilis_main_1b58b9006f9baf4f	dbtbs_bsub_core_1b58b9006f9baf4f	3.382255812973389	False	47	56	+	-9.5
EMB_onehot_C10	positive	tjupan_bacillus_subtilis_main_1bc60721b4be672c	dbtbs_bsub_core_cb8975beecd17a84	5.604410210826674	False	49	58	-	-7.5
EMB_onehot_C10	positive	tjupan_bacillus_subtilis_main_1eb616e060615c81	tjupan_bacillus_subtilis_main_1eb616e060615c81	5.917919277082334	False	1	10	-	-55.5
EMB_onehot_C10	positive	tjupan_bacillus_subtilis_main_2e3c51df0d86f79b	dbtbs_bsub_core_245b899eb3255120	5.086200276799292	False	35	44	-	-21.5
EMB_onehot_C10	positive	tjupan_bacillus_subtilis_main_2fc6e10224ce632e	dbtbs_bsub_core_2fc6e10224ce632e	5.406804120218188	False	50	59	-	-6.5
EMB_onehot_C10	positive	tjupan_bacillus_subtilis_main_323902b09c4af7f6	dbtbs_bsub_core_bb1d2472f35efe20	8.823623122349176	True	44	53	-	-12.5
EMB_onehot_C10	positive	tjupan_bacillus_subtilis_main_3ec8c178aa138223	tjupan_bacillus_subtilis_main_3ec8c178aa138223	6.776277932818386	False	45	54	-	-11.5
EMB_onehot_C10	positive	tjupan_bacillus_subtilis_main_409ff8a786357eb4	dbtbs_bsub_core_3e3a825c0d09de99	6.495708975916174	False	43	52	-	-13.5
EMB_onehot_C10	positive	tjupan_bacillus_subtilis_main_42074f78c0199323	dbtbs_bsub_core_42074f78c0199323	8.23366019176599	True	47	56	+	-9.5
EMB_onehot_C10	positive	tjupan_bacillus_subtilis_main_42c1909004fe3d73	tjupan_bacillus_subtilis_main_42c1909004fe3d73	3.4538279817246096	False	26	35	-	-30.5
EMB_onehot_C10	positive	tjupan_bacillus_subtilis_main_4a95c9a0c8c0dc5d	dbtbs_bsub_core_d38f72abf66add23	5.4210412797681045	False	48	57	+	-8.5
EMB_onehot_C10	positive	tjupan_bacillus_subtilis_main_4dd4acc476485632	tjupan_bacillus_subtilis_main_4dd4acc476485632	7.541862901121401	False	47	56	+	-9.5
EMB_onehot_C10	positive	tjupan_bacillus_subtilis_main_5a1a4573de4d55b3	dbtbs_bsub_core_af75962c5aaa60ac	6.269664494653967	False	3	12	+	-53.5
EMB_onehot_C10	positive	tjupan_bacillus_subtilis_main_5bcbea22526b97af	dbtbs_bsub_core_2bafb1a73b5c7300	4.305274203068232	False	30	39	+	-26.5
EMB_onehot_C10	positive	tjupan_bacillus_subtilis_main_5c9bf0eab187b5f5	dbtbs_bsub_core_93f240a64705adb6	3.2243024876751196	False	65	74	-	8.5
EMB_onehot_C10	positive	tjupan_bacillus_subtilis_main_648aef9dba1f38c4	tjupan_bacillus_subtilis_main_648aef9dba1f38c4	5.276775963408619	False	60	69	-	3.5
EMB_onehot_C10	positive	tjupan_bacillus_subtilis_main_682dcc155b9eb236	dbtbs_bsub_core_5d3712ff0aeb1916	7.039099924127797	False	64	73	+	7.5
EMB_onehot_C10	positive	tjupan_bacillus_subtilis_main_6cf2c0e47935a8c2	dbtbs_bsub_core_6cf2c0e47935a8c2	5.95339561664276	False	30	39	-	-26.5
EMB_onehot_C10	positive	tjupan_bacillus_subtilis_main_6f5bfd2e001a2697	dbtbs_bsub_core_6f5bfd2e001a2697	5.832235356839221	False	67	76	+	10.5
EMB_onehot_C10	positive	tjupan_bacillus_subtilis_main_6f6446b7ed912162	dbtbs_bsub_core_6f6446b7ed912162	7.870019081298008	True	18	27	-	-38.5
EMB_onehot_C10	positive	tjupan_bacillus_subtilis_main_6fc8f7f57b8f5e9d	tjupan_bacillus_subtilis_main_6fc8f7f57b8f5e9d	4.266991643363149	False	48	57	+	-8.5
EMB_onehot_C10	positive	tjupan_bacillus_subtilis_main_72127e86172ad2be	tjupan_bacillus_subtilis_main_72127e86172ad2be	8.802623109426193	True	46	55	-	-10.5
EMB_onehot_C10	positive	tjupan_bacillus_subtilis_main_721ac29c5ef7c9f0	dbtbs_bsub_core_721ac29c5ef7c9f0	6.254915084674483	False	45	54	+	-11.5
EMB_onehot_C10	positive	tjupan_bacillus_subtilis_main_72db3945a2fcac01	tjupan_bacillus_subtilis_main_72db3945a2fcac01	4.077484574937355	False	2	11	-	-54.5
EMB_onehot_C10	positive	tjupan_bacillus_subtilis_main_74379fc21a77213d	tjupan_bacillus_subtilis_main_74379fc21a77213d	7.061258178275075	False	46	55	+	-10.5
EMB_onehot_C10	positive	tjupan_bacillus_subtilis_main_79220287475133e5	dbtbs_bsub_core_79220287475133e5	4.950884530905194	False	49	58	-	-7.5
EMB_onehot_C10	positive	tjupan_bacillus_subtilis_main_7c407bebf512b5e0	tjupan_bacillus_subtilis_main_7c407bebf512b5e0	6.735366362230586	False	17	26	-	-39.5
EMB_onehot_C10	positive	tjupan_bacillus_subtilis_main_824214e197f86545	tjupan_bacillus_subtilis_main_824214e197f86545	8.855782854014464	True	51	60	+	-5.5
EMB_onehot_C10	positive	tjupan_bacillus_subtilis_main_842f97f040946982	tjupan_bacillus_subtilis_main_842f97f040946982	7.614650397156409	False	58	67	+	1.5
EMB_onehot_C10	positive	tjupan_bacillus_subtilis_main_84cc0835204b8e58	dbtbs_bsub_core_396da27afda34e05	5.536150016899507	False	31	40	+	-25.5
EMB_onehot_C10	positive	tjupan_bacillus_subtilis_main_89e75db25f32c6c9	dbtbs_bsub_core_66a79c370c059251	4.521812403529603	False	4	13	-	-52.5
EMB_onehot_C10	positive	tjupan_bacillus_subtilis_main_8d9a62a0fbc43019	dbtbs_bsub_core_3348625232a23256	7.485776013703253	False	44	53	-	-12.5
EMB_onehot_C10	positive	tjupan_bacillus_subtilis_main_8f5b60fc07e381f2	dbtbs_bsub_core_8f5b60fc07e381f2	4.391619652984737	False	57	66	+	0.5
EMB_onehot_C10	positive	tjupan_bacillus_subtilis_main_93a3a1679c7a73c9	tjupan_bacillus_subtilis_main_93a3a1679c7a73c9	3.220673297129476	False	8	17	+	-48.5
EMB_onehot_C10	positive	tjupan_bacillus_subtilis_main_96c549f1b176b111	tjupan_bacillus_subtilis_main_96c549f1b176b111	7.054496805885632	False	44	53	-	-12.5
EMB_onehot_C10	positive	tjupan_bacillus_subtilis_main_996c93274b7d349e	tjupan_bacillus_subtilis_main_996c93274b7d349e	4.939296923010192	False	47	56	+	-9.5
EMB_onehot_C10	positive	tjupan_bacillus_subtilis_main_9996ea2b61a7fc82	tjupan_bacillus_subtilis_main_9996ea2b61a7fc82	5.3890262575103804	False	61	70	+	4.5
EMB_onehot_C10	positive	tjupan_bacillus_subtilis_main_a2ab5f161ee68a0a	tjupan_bacillus_subtilis_main_a2ab5f161ee68a0a	6.288366147230167	False	23	32	+	-33.5
EMB_onehot_C10	positive	tjupan_bacillus_subtilis_main_a2bee6d81c2dad89	dbtbs_bsub_core_a2bee6d81c2dad89	4.293428239627993	False	51	60	-	-5.5
EMB_onehot_C10	positive	tjupan_bacillus_subtilis_main_a4db17c75fb94c83	dbtbs_bsub_core_8c6f4b9eba960292	5.1306902806234165	False	21	30	+	-35.5
EMB_onehot_C10	positive	tjupan_bacillus_subtilis_main_a7eb317986e0a410	tjupan_bacillus_subtilis_main_a7eb317986e0a410	5.501076788600355	False	50	59	-	-6.5
EMB_onehot_C10	positive	tjupan_bacillus_subtilis_main_aaf138e1b23719d3	dbtbs_bsub_core_380666e4ad2529dd	8.485110454443966	True	46	55	+	-10.5
EMB_onehot_C10	positive	tjupan_bacillus_subtilis_main_af44da9eb65c9b2b	tjupan_bacillus_subtilis_main_af44da9eb65c9b2b	5.921744146197186	False	4	13	-	-52.5
EMB_onehot_C10	positive	tjupan_bacillus_subtilis_main_b541048ffbe461fc	tjupan_bacillus_subtilis_main_b541048ffbe461fc	7.181647762134527	False	51	60	-	-5.5
EMB_onehot_C10	positive	tjupan_bacillus_subtilis_main_b558e80410906098	dbtbs_bsub_core_b558e80410906098	8.351244379898784	True	71	80	-	14.5
EMB_onehot_C10	positive	tjupan_bacillus_subtilis_main_b809758bf01da07c	tjupan_bacillus_subtilis_main_b809758bf01da07c	5.686932098012757	False	42	51	+	-14.5
EMB_onehot_C10	positive	tjupan_bacillus_subtilis_main_b86a1d8c42408cc4	tjupan_bacillus_subtilis_main_b86a1d8c42408cc4	5.21370564485262	False	47	56	+	-9.5
EMB_onehot_C10	positive	tjupan_bacillus_subtilis_main_c7551eecc12a98c1	tjupan_bacillus_subtilis_main_c7551eecc12a98c1	8.073892276882688	True	2	11	-	-54.5
EMB_onehot_C10	positive	tjupan_bacillus_subtilis_main_c897ab6e4a2d8869	tjupan_bacillus_subtilis_main_c897ab6e4a2d8869	5.38918082053654	False	41	50	+	-15.5
EMB_onehot_C10	positive	tjupan_bacillus_subtilis_main_cd9626c39ea075d5	dbtbs_bsub_core_cd9626c39ea075d5	4.6135194969869575	False	65	74	-	8.5
EMB_onehot_C10	positive	tjupan_bacillus_subtilis_main_cf013234eecd796b	dbtbs_bsub_core_700614a2577d51a9	7.027630101743157	False	4	13	+	-52.5
EMB_onehot_C10	positive	tjupan_bacillus_subtilis_main_d072d578ae627246	tjupan_bacillus_subtilis_main_d072d578ae627246	4.787142344478827	False	54	63	+	-2.5
EMB_onehot_C10	positive	tjupan_bacillus_subtilis_main_d434d749686b9e33	dbtbs_bsub_core_137eff58d766cefa	4.449042030564525	False	72	81	-	15.5
EMB_onehot_C10	positive	tjupan_bacillus_subtilis_main_d75f323535d0e96f	tjupan_bacillus_subtilis_main_d75f323535d0e96f	6.672737911127318	False	57	66	-	0.5
EMB_onehot_C10	positive	tjupan_bacillus_subtilis_main_d94f791dab569af4	dbtbs_bsub_core_e72b843a494a35db	6.333526065834927	False	15	24	-	-41.5
EMB_onehot_C10	positive	tjupan_bacillus_subtilis_main_dc95e7cdf3939931	dbtbs_bsub_core_dc95e7cdf3939931	4.971514385291048	False	41	50	-	-15.5
EMB_onehot_C10	positive	tjupan_bacillus_subtilis_main_dda9e4c6372ef204	dbtbs_bsub_core_50819f6cb2562fd8	7.724790087161056	False	46	55	-	-10.5
EMB_onehot_C10	positive	tjupan_bacillus_subtilis_main_e51e63a9cb3e9467	dbtbs_bsub_core_bb482769c888cf21	7.505868397777584	False	47	56	+	-9.5
EMB_onehot_C10	positive	tjupan_bacillus_subtilis_main_e7e17b10ff25536a	tjupan_bacillus_subtilis_main_1eb616e060615c81	5.917919277082334	False	4	13	-	-52.5
EMB_onehot_C10	positive	tjupan_bacillus_subtilis_main_f2d1e33176b05430	dbtbs_bsub_core_f2d1e33176b05430	6.826456151170394	False	51	60	+	-5.5
EMB_onehot_C10	positive	tjupan_bacillus_subtilis_main_fe854ef781d570c9	dbtbs_bsub_core_79142b70125d7f77	4.734033636371757	False	52	61	+	-4.5
EMB_onehot_C10	natural	tjupan_bacillus_subtilis_main_01f49032fc924b2b	tjupan_bacillus_subtilis_main_01f49032fc924b2b	4.770379554661601	False	13	22	-	-43.5
EMB_onehot_C10	natural	tjupan_bacillus_subtilis_main_0369fa5f1dde8889	tjupan_bacillus_subtilis_main_0369fa5f1dde8889	3.7025376315955953	False	23	32	+	-33.5
EMB_onehot_C10	natural	tjupan_bacillus_subtilis_main_04bf0704019251eb	tjupan_bacillus_subtilis_main_04bf0704019251eb	5.653081215585167	False	51	60	-	-5.5
EMB_onehot_C10	natural	tjupan_bacillus_subtilis_main_07a43cab15901fd0	tjupan_bacillus_subtilis_main_07a43cab15901fd0	4.648328862374655	False	53	62	+	-3.5
EMB_onehot_C10	natural	tjupan_bacillus_subtilis_main_0abf62f108ad9afa	tjupan_bacillus_subtilis_main_0abf62f108ad9afa	2.6425207246721314	False	37	46	+	-19.5
EMB_onehot_C10	natural	tjupan_bacillus_subtilis_main_10a028761e096e6f	tjupan_bacillus_subtilis_main_10a028761e096e6f	4.712487732120845	False	24	33	-	-32.5
EMB_onehot_C10	natural	tjupan_bacillus_subtilis_main_1183c551e9c3884e	tjupan_bacillus_subtilis_main_1183c551e9c3884e	6.340506226263461	False	21	30	-	-35.5
EMB_onehot_C10	natural	tjupan_bacillus_subtilis_main_11c75fe7d070d91d	tjupan_bacillus_subtilis_main_11c75fe7d070d91d	2.015834589227343	False	1	10	-	-55.5
EMB_onehot_C10	natural	tjupan_bacillus_subtilis_main_13f81edc59432f39	tjupan_bacillus_subtilis_main_13f81edc59432f39	2.2064793738110113	False	67	76	+	10.5
EMB_onehot_C10	natural	tjupan_bacillus_subtilis_main_1a1965c69595e91c	tjupan_bacillus_subtilis_main_1a1965c69595e91c	4.723154151176464	False	31	40	-	-25.5
EMB_onehot_C10	natural	tjupan_bacillus_subtilis_main_28ceb7fd6ffaf1b1	tjupan_bacillus_subtilis_main_28ceb7fd6ffaf1b1	5.89713085613566	False	44	53	-	-12.5
EMB_onehot_C10	natural	tjupan_bacillus_subtilis_main_2a691ccdd9f8cd87	tjupan_bacillus_subtilis_main_2a691ccdd9f8cd87	6.308633529319368	False	17	26	+	-39.5
EMB_onehot_C10	natural	tjupan_bacillus_subtilis_main_3095b00d206277d2	tjupan_bacillus_subtilis_main_3095b00d206277d2	3.4329725072744006	False	38	47	-	-18.5
EMB_onehot_C10	natural	tjupan_bacillus_subtilis_main_33ded6bc702ab6e3	tjupan_bacillus_subtilis_main_33ded6bc702ab6e3	4.8450485726947905	False	30	39	+	-26.5
EMB_onehot_C10	natural	tjupan_bacillus_subtilis_main_3b669bfd8e8ecc5c	tjupan_bacillus_subtilis_main_3b669bfd8e8ecc5c	3.995699034155535	False	34	43	+	-22.5
EMB_onehot_C10	natural	tjupan_bacillus_subtilis_main_3dfed0cfea4ace99	tjupan_bacillus_subtilis_main_3dfed0cfea4ace99	3.3602554161504363	False	66	75	+	9.5
EMB_onehot_C10	natural	tjupan_bacillus_subtilis_main_3f82397c249b4c2e	tjupan_bacillus_subtilis_main_3f82397c249b4c2e	5.440246468878938	False	2	11	+	-54.5
EMB_onehot_C10	natural	tjupan_bacillus_subtilis_main_413de94f4b4cc894	tjupan_bacillus_subtilis_main_413de94f4b4cc894	7.870019081298008	True	71	80	-	14.5
EMB_onehot_C10	natural	tjupan_bacillus_subtilis_main_4225dc5bcf089682	tjupan_bacillus_subtilis_main_4225dc5bcf089682	5.089496306049437	False	5	14	-	-51.5
EMB_onehot_C10	natural	tjupan_bacillus_subtilis_main_43e8357a95b8acad	tjupan_bacillus_subtilis_main_43e8357a95b8acad	5.497115361600221	False	8	17	+	-48.5
EMB_onehot_C10	natural	tjupan_bacillus_subtilis_main_44b9e66950262593	tjupan_bacillus_subtilis_main_44b9e66950262593	4.5808010620254365	False	69	78	+	12.5
EMB_onehot_C10	natural	tjupan_bacillus_subtilis_main_4600103c5e396ab7	tjupan_bacillus_subtilis_main_4600103c5e396ab7	8.72644069980952	True	50	59	-	-6.5
EMB_onehot_C10	natural	tjupan_bacillus_subtilis_main_47b01646ad818f05	tjupan_bacillus_subtilis_main_47b01646ad818f05	1.2542423085297782	False	14	23	+	-42.5
EMB_onehot_C10	natural	tjupan_bacillus_subtilis_main_47f3a0ce2d4034a8	tjupan_bacillus_subtilis_main_47f3a0ce2d4034a8	3.5926555632239157	False	12	21	+	-44.5
EMB_onehot_C10	natural	tjupan_bacillus_subtilis_main_4c62636643ef908e	tjupan_bacillus_subtilis_main_4c62636643ef908e	7.425714840072594	False	9	18	+	-47.5
EMB_onehot_C10	natural	tjupan_bacillus_subtilis_main_4ec6f242d8a5df5c	tjupan_bacillus_subtilis_main_4ec6f242d8a5df5c	4.0567517649096905	False	49	58	-	-7.5
EMB_onehot_C10	natural	tjupan_bacillus_subtilis_main_4efdcab552f8b70d	tjupan_bacillus_subtilis_main_4efdcab552f8b70d	3.0487165186780687	False	3	12	+	-53.5
EMB_onehot_C10	natural	tjupan_bacillus_subtilis_main_51577d89c939deba	tjupan_bacillus_subtilis_main_51577d89c939deba	6.287824991245333	False	13	22	+	-43.5
EMB_onehot_C10	natural	tjupan_bacillus_subtilis_main_52bff7f8e27d9410	tjupan_bacillus_subtilis_main_52bff7f8e27d9410	4.909037947397591	False	4	13	-	-52.5
EMB_onehot_C10	natural	tjupan_bacillus_subtilis_main_59901c21c497690b	tjupan_bacillus_subtilis_main_59901c21c497690b	6.426263158619083	False	11	20	-	-45.5
EMB_onehot_C10	natural	tjupan_bacillus_subtilis_main_5f953d4f57c1fa81	tjupan_bacillus_subtilis_main_5f953d4f57c1fa81	5.221860238019271	False	3	12	+	-53.5
EMB_onehot_C10	natural	tjupan_bacillus_subtilis_main_669f9a1f1028b036	tjupan_bacillus_subtilis_main_669f9a1f1028b036	3.3824040675117426	False	48	57	+	-8.5
EMB_onehot_C10	natural	tjupan_bacillus_subtilis_main_69dc5d058d63d549	tjupan_bacillus_subtilis_main_69dc5d058d63d549	1.8435419282063021	False	66	75	-	9.5
EMB_onehot_C10	natural	tjupan_bacillus_subtilis_main_6cfe0a7e178b1651	tjupan_bacillus_subtilis_main_6cfe0a7e178b1651	4.174764502008863	False	48	57	-	-8.5
EMB_onehot_C10	natural	tjupan_bacillus_subtilis_main_705ab5e790a4610d	tjupan_bacillus_subtilis_main_705ab5e790a4610d	8.36520646251307	True	59	68	-	2.5
EMB_onehot_C10	natural	tjupan_bacillus_subtilis_main_71852833d33a5887	tjupan_bacillus_subtilis_main_71852833d33a5887	3.9966104613690194	False	11	20	+	-45.5
EMB_onehot_C10	natural	tjupan_bacillus_subtilis_main_76c86d1f05ca1d88	tjupan_bacillus_subtilis_main_76c86d1f05ca1d88	5.559584278205459	False	28	37	+	-28.5
EMB_onehot_C10	natural	tjupan_bacillus_subtilis_main_777d2d2586a95fbc	tjupan_bacillus_subtilis_main_777d2d2586a95fbc	2.527466392982602	False	58	67	+	1.5
EMB_onehot_C10	natural	tjupan_bacillus_subtilis_main_7c99b9a8665786aa	tjupan_bacillus_subtilis_main_7c99b9a8665786aa	1.0755122461097952	False	52	61	+	-4.5
EMB_onehot_C10	natural	tjupan_bacillus_subtilis_main_82f0003647ec7740	tjupan_bacillus_subtilis_main_82f0003647ec7740	6.792885159652063	False	49	58	+	-7.5
EMB_onehot_C10	natural	tjupan_bacillus_subtilis_main_8a9952e5dc8e0bd1	tjupan_bacillus_subtilis_main_8a9952e5dc8e0bd1	5.00873642027047	False	65	74	-	8.5
EMB_onehot_C10	natural	tjupan_bacillus_subtilis_main_8c2afb751c3f9d92	tjupan_bacillus_subtilis_main_8c2afb751c3f9d92	3.0753486731131416	False	16	25	-	-40.5
EMB_onehot_C10	natural	tjupan_bacillus_subtilis_main_8e1b3c58365d2bbd	tjupan_bacillus_subtilis_main_8e1b3c58365d2bbd	3.372831300916121	False	35	44	-	-21.5
EMB_onehot_C10	natural	tjupan_bacillus_subtilis_main_906140fe2a990d8e	tjupan_bacillus_subtilis_main_906140fe2a990d8e	2.3323402300211424	False	65	74	-	8.5
EMB_onehot_C10	natural	tjupan_bacillus_subtilis_main_94dbc17f3078c678	tjupan_bacillus_subtilis_main_94dbc17f3078c678	2.9851212466708636	False	40	49	-	-16.5
EMB_onehot_C10	natural	tjupan_bacillus_subtilis_main_9bf1d28c9aae3b2e	tjupan_bacillus_subtilis_main_9bf1d28c9aae3b2e	2.232199935658233	False	48	57	-	-8.5
EMB_onehot_C10	natural	tjupan_bacillus_subtilis_main_9cc8f38cff175da4	tjupan_bacillus_subtilis_main_9cc8f38cff175da4	7.890767866206156	True	30	39	+	-26.5
EMB_onehot_C10	natural	tjupan_bacillus_subtilis_main_9cceb700e3527301	tjupan_bacillus_subtilis_main_9cceb700e3527301	5.452340559534133	False	7	16	+	-49.5
EMB_onehot_C10	natural	tjupan_bacillus_subtilis_main_9d0345f875b7552c	tjupan_bacillus_subtilis_main_9d0345f875b7552c	8.438518727618243	True	71	80	-	14.5
EMB_onehot_C10	natural	tjupan_bacillus_subtilis_main_a3fedb31fa6cc84b	tjupan_bacillus_subtilis_main_a3fedb31fa6cc84b	4.731828086810731	False	5	14	-	-51.5
EMB_onehot_C10	natural	tjupan_bacillus_subtilis_main_a54e7006d4699b67	tjupan_bacillus_subtilis_main_a54e7006d4699b67	2.9378802548721357	False	38	47	+	-18.5
EMB_onehot_C10	natural	tjupan_bacillus_subtilis_main_aaa45c891936f972	tjupan_bacillus_subtilis_main_aaa45c891936f972	2.6861282690349415	False	48	57	-	-8.5
EMB_onehot_C10	natural	tjupan_bacillus_subtilis_main_aec3d55ae2f9e509	tjupan_bacillus_subtilis_main_aec3d55ae2f9e509	7.654635231131941	False	26	35	+	-30.5
EMB_onehot_C10	natural	tjupan_bacillus_subtilis_main_b0b9cfd1b442c029	tjupan_bacillus_subtilis_main_b0b9cfd1b442c029	5.458375861157566	False	59	68	+	2.5
EMB_onehot_C10	natural	tjupan_bacillus_subtilis_main_b161f4572a371b25	tjupan_bacillus_subtilis_main_b161f4572a371b25	7.089013585237278	False	49	58	-	-7.5
EMB_onehot_C10	natural	tjupan_bacillus_subtilis_main_b3e87bd1af1ccb1a	tjupan_bacillus_subtilis_main_b3e87bd1af1ccb1a	1.8625830120161588	False	24	33	-	-32.5
EMB_onehot_C10	natural	tjupan_bacillus_subtilis_main_b5ddce4bc0328e2c	tjupan_bacillus_subtilis_main_b5ddce4bc0328e2c	4.939296923010192	False	5	14	+	-51.5
EMB_onehot_C10	natural	tjupan_bacillus_subtilis_main_b9d7835496546020	tjupan_bacillus_subtilis_main_b9d7835496546020	4.484342078336968	False	59	68	+	2.5
EMB_onehot_C10	natural	tjupan_bacillus_subtilis_main_bd36aa35d4edeb39	tjupan_bacillus_subtilis_main_bd36aa35d4edeb39	3.1641728490310097	False	10	19	-	-46.5
EMB_onehot_C10	natural	tjupan_bacillus_subtilis_main_c24b04311bf8b4bf	tjupan_bacillus_subtilis_main_c24b04311bf8b4bf	0.6938899110940306	False	38	47	-	-18.5
EMB_onehot_C10	natural	tjupan_bacillus_subtilis_main_c981e3412d58013c	tjupan_bacillus_subtilis_main_c981e3412d58013c	2.635508806350175	False	20	29	-	-36.5
EMB_onehot_C10	natural	tjupan_bacillus_subtilis_main_cbe667645cefe255	tjupan_bacillus_subtilis_main_cbe667645cefe255	1.5593801325111194	False	11	20	-	-45.5
EMB_onehot_C10	natural	tjupan_bacillus_subtilis_main_ced7dfa7b2671e00	tjupan_bacillus_subtilis_main_ced7dfa7b2671e00	4.493566042737372	False	72	81	-	15.5
EMB_onehot_C10	natural	tjupan_bacillus_subtilis_main_d14a8947b06ae361	tjupan_bacillus_subtilis_main_d14a8947b06ae361	3.334697260017399	False	6	15	-	-50.5
EMB_onehot_C10	natural	tjupan_bacillus_subtilis_main_dd7d0f632ba9b25f	tjupan_bacillus_subtilis_main_dd7d0f632ba9b25f	4.191939645816995	False	3	12	-	-53.5
EMB_onehot_C10	natural	tjupan_bacillus_subtilis_main_deeb9c19c390dc19	tjupan_bacillus_subtilis_main_deeb9c19c390dc19	4.430684294617815	False	58	67	+	1.5
EMB_onehot_C10	natural	tjupan_bacillus_subtilis_main_dfdf3a9a774b0b36	tjupan_bacillus_subtilis_main_dfdf3a9a774b0b36	4.987675515432136	False	15	24	-	-41.5
EMB_onehot_C10	natural	tjupan_bacillus_subtilis_main_e05a9847e20fa44f	tjupan_bacillus_subtilis_main_e05a9847e20fa44f	5.48754305962544	False	60	69	-	3.5
EMB_onehot_C10	natural	tjupan_bacillus_subtilis_main_e09693162cd1efc7	tjupan_bacillus_subtilis_main_e09693162cd1efc7	7.262288487719596	False	23	32	-	-33.5
EMB_onehot_C10	natural	tjupan_bacillus_subtilis_main_e1df7768894b7e64	tjupan_bacillus_subtilis_main_e1df7768894b7e64	3.6466119328776623	False	7	16	-	-49.5
EMB_onehot_C10	natural	tjupan_bacillus_subtilis_main_e4935e5203d5f4a1	tjupan_bacillus_subtilis_main_e4935e5203d5f4a1	5.108764194541153	False	15	24	-	-41.5
EMB_onehot_C10	natural	tjupan_bacillus_subtilis_main_e71258c4630ccafd	tjupan_bacillus_subtilis_main_e71258c4630ccafd	5.190291289719211	False	25	34	-	-31.5
EMB_onehot_C10	natural	tjupan_bacillus_subtilis_main_ea6abbc438ac2020	tjupan_bacillus_subtilis_main_ea6abbc438ac2020	3.869319241945773	False	46	55	-	-10.5
EMB_onehot_C10	natural	tjupan_bacillus_subtilis_main_ede46bd107484afd	tjupan_bacillus_subtilis_main_ede46bd107484afd	4.331176403809991	False	11	20	+	-45.5
EMB_onehot_C10	natural	tjupan_bacillus_subtilis_main_f0317abbf46a2fa8	tjupan_bacillus_subtilis_main_f0317abbf46a2fa8	2.1566166183530835	False	71	80	-	14.5
EMB_onehot_C10	natural	tjupan_bacillus_subtilis_main_fe9f961ad53aca80	tjupan_bacillus_subtilis_main_fe9f961ad53aca80	1.5519572294866908	False	35	44	-	-21.5
EMB_onehot_C10	natural	tjupan_bacillus_subtilis_main_fffb0162887a3736	tjupan_bacillus_subtilis_main_fffb0162887a3736	8.8982235764001	True	9	18	-	-47.5
EMB_onehot_C10	shuffle	tjupan_bacillus_subtilis_main_0dc2e54e8f0778d4__dinucleotide_null	dbtbs_bsub_core_89ecb38b4ff0148f	6.344913541060059	False	21	30	+	-35.5
EMB_onehot_C10	shuffle	tjupan_bacillus_subtilis_main_682dcc155b9eb236__dinucleotide_null	dbtbs_bsub_core_5d3712ff0aeb1916	5.757213742884765	False	30	39	+	-26.5
EMB_onehot_C10	shuffle	tjupan_bacillus_subtilis_main_f2d1e33176b05430__dinucleotide_null	dbtbs_bsub_core_f2d1e33176b05430	5.730407283013823	False	29	38	+	-27.5
EMB_onehot_C10	shuffle	tjupan_bacillus_subtilis_main_c7551eecc12a98c1__dinucleotide_null	tjupan_bacillus_subtilis_main_c7551eecc12a98c1	9.250846144320956	True	7	16	-	-49.5
EMB_onehot_C10	shuffle	tjupan_bacillus_subtilis_main_89e75db25f32c6c9__dinucleotide_null	dbtbs_bsub_core_66a79c370c059251	9.009291131723874	True	34	43	-	-22.5
EMB_onehot_C10	shuffle	tjupan_bacillus_subtilis_main_9996ea2b61a7fc82__dinucleotide_null	tjupan_bacillus_subtilis_main_9996ea2b61a7fc82	4.521812403529603	False	50	59	-	-6.5
EMB_onehot_C10	shuffle	tjupan_bacillus_subtilis_main_b86a1d8c42408cc4__dinucleotide_null	tjupan_bacillus_subtilis_main_b86a1d8c42408cc4	4.585307968163813	False	21	30	-	-35.5
EMB_onehot_C10	shuffle	tjupan_bacillus_subtilis_main_79220287475133e5__dinucleotide_null	dbtbs_bsub_core_79220287475133e5	4.012092587157791	False	4	13	-	-52.5
EMB_onehot_C10	shuffle	tjupan_bacillus_subtilis_main_a2bee6d81c2dad89__dinucleotide_null	dbtbs_bsub_core_a2bee6d81c2dad89	6.350536832964928	False	71	80	-	14.5
EMB_onehot_C10	shuffle	tjupan_bacillus_subtilis_main_103f2a1ec6daa8c4__dinucleotide_null	dbtbs_bsub_core_103f2a1ec6daa8c4	5.1384987648861085	False	39	48	-	-17.5
EMB_onehot_C10	shuffle	tjupan_bacillus_subtilis_main_996c93274b7d349e__dinucleotide_null	tjupan_bacillus_subtilis_main_996c93274b7d349e	7.436739634972727	False	59	68	-	2.5
EMB_onehot_C10	shuffle	tjupan_bacillus_subtilis_main_7c407bebf512b5e0__dinucleotide_null	tjupan_bacillus_subtilis_main_7c407bebf512b5e0	7.4464311953070705	False	24	33	-	-32.5
EMB_onehot_C10	shuffle	tjupan_bacillus_subtilis_main_842f97f040946982__dinucleotide_null	tjupan_bacillus_subtilis_main_842f97f040946982	4.620106411653594	False	19	28	-	-37.5
EMB_onehot_C10	shuffle	tjupan_bacillus_subtilis_main_42c1909004fe3d73__dinucleotide_null	tjupan_bacillus_subtilis_main_42c1909004fe3d73	5.929653658922489	False	37	46	+	-19.5
EMB_onehot_C10	shuffle	tjupan_bacillus_subtilis_main_42074f78c0199323__dinucleotide_null	dbtbs_bsub_core_42074f78c0199323	7.885907696076716	True	53	62	-	-3.5
EMB_onehot_C10	shuffle	tjupan_bacillus_subtilis_main_72127e86172ad2be__dinucleotide_null	tjupan_bacillus_subtilis_main_72127e86172ad2be	4.638078159785025	False	25	34	+	-31.5
EMB_onehot_C10	shuffle	tjupan_bacillus_subtilis_main_d072d578ae627246__dinucleotide_null	tjupan_bacillus_subtilis_main_d072d578ae627246	3.094842833486035	False	56	65	+	-0.5
EMB_onehot_C10	shuffle	tjupan_bacillus_subtilis_main_a2ab5f161ee68a0a__dinucleotide_null	tjupan_bacillus_subtilis_main_a2ab5f161ee68a0a	2.5358049135341583	False	21	30	+	-35.5
EMB_onehot_C10	shuffle	tjupan_bacillus_subtilis_main_3ec8c178aa138223__dinucleotide_null	tjupan_bacillus_subtilis_main_3ec8c178aa138223	9.165195694787615	True	12	21	-	-44.5
EMB_onehot_C10	shuffle	tjupan_bacillus_subtilis_main_824214e197f86545__dinucleotide_null	tjupan_bacillus_subtilis_main_824214e197f86545	7.524076926940417	False	65	74	-	8.5
EMB_onehot_C10	shuffle	tjupan_bacillus_subtilis_main_721ac29c5ef7c9f0__dinucleotide_null	dbtbs_bsub_core_721ac29c5ef7c9f0	6.892340809926484	False	22	31	-	-34.5
EMB_onehot_C10	shuffle	tjupan_bacillus_subtilis_main_a7eb317986e0a410__dinucleotide_null	tjupan_bacillus_subtilis_main_a7eb317986e0a410	6.938516007950057	False	59	68	-	2.5
EMB_onehot_C10	shuffle	tjupan_bacillus_subtilis_main_6cf2c0e47935a8c2__dinucleotide_null	dbtbs_bsub_core_6cf2c0e47935a8c2	6.349198484899956	False	54	63	+	-2.5
EMB_onehot_C10	shuffle	tjupan_bacillus_subtilis_main_cd9626c39ea075d5__dinucleotide_null	dbtbs_bsub_core_cd9626c39ea075d5	5.213474144737456	False	21	30	+	-35.5
EMB_onehot_C10	shuffle	tjupan_bacillus_subtilis_main_4a95c9a0c8c0dc5d__dinucleotide_null	dbtbs_bsub_core_d38f72abf66add23	3.9699507058401053	False	1	10	-	-55.5
EMB_onehot_C10	shuffle	tjupan_bacillus_subtilis_main_323902b09c4af7f6__dinucleotide_null	dbtbs_bsub_core_bb1d2472f35efe20	9.970188438805515	True	72	81	+	15.5
EMB_onehot_C10	shuffle	tjupan_bacillus_subtilis_main_dda9e4c6372ef204__dinucleotide_null	dbtbs_bsub_core_50819f6cb2562fd8	4.501864035353774	False	64	73	-	7.5
EMB_onehot_C10	shuffle	tjupan_bacillus_subtilis_main_6fc8f7f57b8f5e9d__dinucleotide_null	tjupan_bacillus_subtilis_main_6fc8f7f57b8f5e9d	5.561159582722944	False	22	31	+	-34.5
EMB_onehot_C10	shuffle	tjupan_bacillus_subtilis_main_84cc0835204b8e58__dinucleotide_null	dbtbs_bsub_core_396da27afda34e05	6.494179337050972	False	54	63	+	-2.5
EMB_onehot_C10	shuffle	tjupan_bacillus_subtilis_main_c897ab6e4a2d8869__dinucleotide_null	tjupan_bacillus_subtilis_main_c897ab6e4a2d8869	6.187670735512605	False	28	37	+	-28.5
EMB_onehot_C10	shuffle	tjupan_bacillus_subtilis_main_1b58b9006f9baf4f__dinucleotide_null	dbtbs_bsub_core_1b58b9006f9baf4f	4.647445281821197	False	4	13	-	-52.5
EMB_onehot_C10	shuffle	tjupan_bacillus_subtilis_main_5bcbea22526b97af__dinucleotide_null	dbtbs_bsub_core_2bafb1a73b5c7300	8.019120567391838	True	43	52	-	-13.5
EMB_onehot_C10	shuffle	tjupan_bacillus_subtilis_main_e51e63a9cb3e9467__dinucleotide_null	dbtbs_bsub_core_bb482769c888cf21	4.063235177674911	False	26	35	+	-30.5
EMB_onehot_C10	shuffle	tjupan_bacillus_subtilis_main_b558e80410906098__dinucleotide_null	dbtbs_bsub_core_b558e80410906098	7.459982996239149	False	5	14	-	-51.5
EMB_onehot_C10	shuffle	tjupan_bacillus_subtilis_main_dc95e7cdf3939931__dinucleotide_null	dbtbs_bsub_core_dc95e7cdf3939931	2.084224122106173	False	51	60	-	-5.5
EMB_onehot_C10	shuffle	tjupan_bacillus_subtilis_main_cf013234eecd796b__dinucleotide_null	dbtbs_bsub_core_700614a2577d51a9	6.905067132330836	False	68	77	-	11.5
EMB_onehot_C10	shuffle	tjupan_bacillus_subtilis_main_b541048ffbe461fc__dinucleotide_null	tjupan_bacillus_subtilis_main_b541048ffbe461fc	3.3311686799472415	False	26	35	+	-30.5
EMB_onehot_C10	shuffle	tjupan_bacillus_subtilis_main_0b4e887f7ea9c424__dinucleotide_null	dbtbs_bsub_core_0b4e887f7ea9c424	6.045732781738534	False	22	31	+	-34.5
EMB_onehot_C10	shuffle	tjupan_bacillus_subtilis_main_93a3a1679c7a73c9__dinucleotide_null	tjupan_bacillus_subtilis_main_93a3a1679c7a73c9	1.7954769657027236	False	66	75	+	9.5
EMB_onehot_C10	shuffle	tjupan_bacillus_subtilis_main_e7e17b10ff25536a__dinucleotide_null	tjupan_bacillus_subtilis_main_1eb616e060615c81	7.5497724138467035	False	72	81	+	15.5
EMB_onehot_C10	shuffle	tjupan_bacillus_subtilis_main_d94f791dab569af4__dinucleotide_null	dbtbs_bsub_core_e72b843a494a35db	7.137307124077099	False	42	51	+	-14.5
EMB_onehot_C10	shuffle	tjupan_bacillus_subtilis_main_d75f323535d0e96f__dinucleotide_null	tjupan_bacillus_subtilis_main_d75f323535d0e96f	4.255252853518961	False	63	72	-	6.5
EMB_onehot_C10	shuffle	tjupan_bacillus_subtilis_main_74379fc21a77213d__dinucleotide_null	tjupan_bacillus_subtilis_main_74379fc21a77213d	5.620679512652674	False	71	80	+	14.5
EMB_onehot_C10	shuffle	tjupan_bacillus_subtilis_main_6f5bfd2e001a2697__dinucleotide_null	dbtbs_bsub_core_6f5bfd2e001a2697	3.8334072176225487	False	23	32	+	-33.5
EMB_onehot_C10	shuffle	tjupan_bacillus_subtilis_main_1eb616e060615c81__dinucleotide_null	tjupan_bacillus_subtilis_main_1eb616e060615c81	6.629452062222617	False	72	81	-	15.5
EMB_onehot_C10	shuffle	tjupan_bacillus_subtilis_main_409ff8a786357eb4__dinucleotide_null	dbtbs_bsub_core_3e3a825c0d09de99	3.052157001876357	False	24	33	-	-32.5
EMB_onehot_C10	shuffle	tjupan_bacillus_subtilis_main_1bc60721b4be672c__dinucleotide_null	dbtbs_bsub_core_cb8975beecd17a84	4.341268706412049	False	47	56	-	-9.5
EMB_onehot_C10	shuffle	tjupan_bacillus_subtilis_main_af44da9eb65c9b2b__dinucleotide_null	tjupan_bacillus_subtilis_main_af44da9eb65c9b2b	3.7337005040863813	False	33	42	+	-23.5
EMB_onehot_C10	shuffle	tjupan_bacillus_subtilis_main_8f5b60fc07e381f2__dinucleotide_null	dbtbs_bsub_core_8f5b60fc07e381f2	5.9501911563958485	False	8	17	-	-48.5
EMB_onehot_C10	shuffle	tjupan_bacillus_subtilis_main_5c9bf0eab187b5f5__dinucleotide_null	dbtbs_bsub_core_93f240a64705adb6	4.710293013247646	False	39	48	-	-17.5
EMB_onehot_C10	shuffle	tjupan_bacillus_subtilis_main_aaf138e1b23719d3__dinucleotide_null	dbtbs_bsub_core_380666e4ad2529dd	2.976458617317005	False	3	12	-	-53.5
EMB_onehot_C10	shuffle	tjupan_bacillus_subtilis_main_0fcba0431054cde6__dinucleotide_null	dbtbs_bsub_core_0fcba0431054cde6	3.2425643483814355	False	54	63	-	-2.5
EMB_onehot_C10	shuffle	tjupan_bacillus_subtilis_main_6f6446b7ed912162__dinucleotide_null	dbtbs_bsub_core_6f6446b7ed912162	8.067534192000569	True	17	26	+	-39.5
EMB_onehot_C10	shuffle	tjupan_bacillus_subtilis_main_d434d749686b9e33__dinucleotide_null	dbtbs_bsub_core_137eff58d766cefa	7.921298485793719	True	52	61	-	-4.5
EMB_onehot_C10	shuffle	tjupan_bacillus_subtilis_main_96c549f1b176b111__dinucleotide_null	tjupan_bacillus_subtilis_main_96c549f1b176b111	6.22763715532543	False	63	72	+	6.5
EMB_onehot_C10	shuffle	tjupan_bacillus_subtilis_main_a4db17c75fb94c83__dinucleotide_null	dbtbs_bsub_core_8c6f4b9eba960292	5.663435079939203	False	63	72	+	6.5
EMB_onehot_C10	shuffle	tjupan_bacillus_subtilis_main_0e5e92df8dafa46f__dinucleotide_null	dbtbs_bsub_core_0e5e92df8dafa46f	3.047622212986804	False	15	24	-	-41.5
EMB_onehot_C10	shuffle	tjupan_bacillus_subtilis_main_089b35a135bf8797__dinucleotide_null	tjupan_bacillus_subtilis_main_089b35a135bf8797	4.290843624824908	False	18	27	+	-38.5
EMB_onehot_C10	shuffle	tjupan_bacillus_subtilis_main_2e3c51df0d86f79b__dinucleotide_null	dbtbs_bsub_core_245b899eb3255120	5.451778058371093	False	50	59	-	-6.5
EMB_onehot_C10	shuffle	tjupan_bacillus_subtilis_main_648aef9dba1f38c4__dinucleotide_null	tjupan_bacillus_subtilis_main_648aef9dba1f38c4	6.792795905403691	False	11	20	+	-45.5
EMB_onehot_C10	shuffle	tjupan_bacillus_subtilis_main_b809758bf01da07c__dinucleotide_null	tjupan_bacillus_subtilis_main_b809758bf01da07c	5.317210678225049	False	65	74	-	8.5
EMB_onehot_C10	shuffle	tjupan_bacillus_subtilis_main_72db3945a2fcac01__dinucleotide_null	tjupan_bacillus_subtilis_main_72db3945a2fcac01	4.776078272801689	False	50	59	+	-6.5
EMB_onehot_C10	shuffle	tjupan_bacillus_subtilis_main_8d9a62a0fbc43019__dinucleotide_null	dbtbs_bsub_core_3348625232a23256	9.026914431405523	True	19	28	+	-37.5
EMB_onehot_C10	shuffle	tjupan_bacillus_subtilis_main_2fc6e10224ce632e__dinucleotide_null	dbtbs_bsub_core_2fc6e10224ce632e	3.95210146202292	False	39	48	+	-17.5
EMB_onehot_C10	shuffle	tjupan_bacillus_subtilis_main_4dd4acc476485632__dinucleotide_null	tjupan_bacillus_subtilis_main_4dd4acc476485632	7.541862901121401	False	2	11	+	-54.5
EMB_onehot_C10	shuffle	tjupan_bacillus_subtilis_main_5a1a4573de4d55b3__dinucleotide_null	dbtbs_bsub_core_af75962c5aaa60ac	5.879291841939489	False	29	38	-	-27.5
EMB_onehot_C10	shuffle	tjupan_bacillus_subtilis_main_fe854ef781d570c9__dinucleotide_null	dbtbs_bsub_core_79142b70125d7f77	3.456731746216373	False	18	27	-	-38.5
EMB_onehot_C11	positive	tjupan_bacillus_subtilis_main_089b35a135bf8797	tjupan_bacillus_subtilis_main_089b35a135bf8797	4.75634995393279	False	45	54	+	-11.5
EMB_onehot_C11	positive	tjupan_bacillus_subtilis_main_0b4e887f7ea9c424	dbtbs_bsub_core_0b4e887f7ea9c424	7.731239418140762	False	40	49	+	-16.5
EMB_onehot_C11	positive	tjupan_bacillus_subtilis_main_0dc2e54e8f0778d4	dbtbs_bsub_core_89ecb38b4ff0148f	7.442026051242036	False	42	51	+	-14.5
EMB_onehot_C11	positive	tjupan_bacillus_subtilis_main_0e5e92df8dafa46f	dbtbs_bsub_core_0e5e92df8dafa46f	5.015686143648905	False	53	62	+	-3.5
EMB_onehot_C11	positive	tjupan_bacillus_subtilis_main_0fcba0431054cde6	dbtbs_bsub_core_0fcba0431054cde6	5.841102965097791	False	67	76	-	10.5
EMB_onehot_C11	positive	tjupan_bacillus_subtilis_main_103f2a1ec6daa8c4	dbtbs_bsub_core_103f2a1ec6daa8c4	8.126876130704005	True	2	11	-	-54.5
EMB_onehot_C11	positive	tjupan_bacillus_subtilis_main_1b58b9006f9baf4f	dbtbs_bsub_core_1b58b9006f9baf4f	6.140957449619945	False	46	55	+	-10.5
EMB_onehot_C11	positive	tjupan_bacillus_subtilis_main_1bc60721b4be672c	dbtbs_bsub_core_cb8975beecd17a84	7.2239171069317125	False	24	33	+	-32.5
EMB_onehot_C11	positive	tjupan_bacillus_subtilis_main_1eb616e060615c81	tjupan_bacillus_subtilis_main_1eb616e060615c81	7.168117102336094	False	44	53	+	-12.5
EMB_onehot_C11	positive	tjupan_bacillus_subtilis_main_2e3c51df0d86f79b	dbtbs_bsub_core_245b899eb3255120	3.610539070592425	False	54	63	+	-2.5
EMB_onehot_C11	positive	tjupan_bacillus_subtilis_main_2fc6e10224ce632e	dbtbs_bsub_core_2fc6e10224ce632e	4.976470192673151	False	51	60	-	-5.5
EMB_onehot_C11	positive	tjupan_bacillus_subtilis_main_323902b09c4af7f6	dbtbs_bsub_core_bb1d2472f35efe20	8.671741632218527	True	45	54	+	-11.5
EMB_onehot_C11	positive	tjupan_bacillus_subtilis_main_3ec8c178aa138223	tjupan_bacillus_subtilis_main_3ec8c178aa138223	7.1628335014895885	False	46	55	+	-10.5
EMB_onehot_C11	positive	tjupan_bacillus_subtilis_main_409ff8a786357eb4	dbtbs_bsub_core_3e3a825c0d09de99	5.947293372797148	False	44	53	-	-12.5
EMB_onehot_C11	positive	tjupan_bacillus_subtilis_main_42074f78c0199323	dbtbs_bsub_core_42074f78c0199323	7.05873085300611	False	51	60	-	-5.5
EMB_onehot_C11	positive	tjupan_bacillus_subtilis_main_42c1909004fe3d73	tjupan_bacillus_subtilis_main_42c1909004fe3d73	3.7625339377885783	False	25	34	+	-31.5
EMB_onehot_C11	positive	tjupan_bacillus_subtilis_main_4a95c9a0c8c0dc5d	dbtbs_bsub_core_d38f72abf66add23	7.949998815749471	True	47	56	+	-9.5
EMB_onehot_C11	positive	tjupan_bacillus_subtilis_main_4dd4acc476485632	tjupan_bacillus_subtilis_main_4dd4acc476485632	8.454187999387848	True	46	55	+	-10.5
EMB_onehot_C11	positive	tjupan_bacillus_subtilis_main_5a1a4573de4d55b3	dbtbs_bsub_core_af75962c5aaa60ac	7.1001799130525045	False	45	54	+	-11.5
EMB_onehot_C11	positive	tjupan_bacillus_subtilis_main_5bcbea22526b97af	dbtbs_bsub_core_2bafb1a73b5c7300	5.1250785779516255	False	72	81	+	15.5
EMB_onehot_C11	positive	tjupan_bacillus_subtilis_main_5c9bf0eab187b5f5	dbtbs_bsub_core_93f240a64705adb6	5.221466223045571	False	47	56	+	-9.5
EMB_onehot_C11	positive	tjupan_bacillus_subtilis_main_648aef9dba1f38c4	tjupan_bacillus_subtilis_main_648aef9dba1f38c4	8.597652207913733	True	44	53	-	-12.5
EMB_onehot_C11	positive	tjupan_bacillus_subtilis_main_682dcc155b9eb236	dbtbs_bsub_core_5d3712ff0aeb1916	8.581223307030523	True	44	53	+	-12.5
EMB_onehot_C11	positive	tjupan_bacillus_subtilis_main_6cf2c0e47935a8c2	dbtbs_bsub_core_6cf2c0e47935a8c2	5.714600403081615	False	25	34	-	-31.5
EMB_onehot_C11	positive	tjupan_bacillus_subtilis_main_6f5bfd2e001a2697	dbtbs_bsub_core_6f5bfd2e001a2697	5.7657279436187014	False	29	38	-	-27.5
EMB_onehot_C11	positive	tjupan_bacillus_subtilis_main_6f6446b7ed912162	dbtbs_bsub_core_6f6446b7ed912162	6.676596319376015	False	19	28	-	-37.5
EMB_onehot_C11	positive	tjupan_bacillus_subtilis_main_6fc8f7f57b8f5e9d	tjupan_bacillus_subtilis_main_6fc8f7f57b8f5e9d	6.2942494779070755	False	14	23	-	-42.5
EMB_onehot_C11	positive	tjupan_bacillus_subtilis_main_72127e86172ad2be	tjupan_bacillus_subtilis_main_72127e86172ad2be	6.782292990676324	False	47	56	+	-9.5
EMB_onehot_C11	positive	tjupan_bacillus_subtilis_main_721ac29c5ef7c9f0	dbtbs_bsub_core_721ac29c5ef7c9f0	8.293275450573603	True	47	56	+	-9.5
EMB_onehot_C11	positive	tjupan_bacillus_subtilis_main_72db3945a2fcac01	tjupan_bacillus_subtilis_main_72db3945a2fcac01	5.201978815293132	False	5	14	+	-51.5
EMB_onehot_C11	positive	tjupan_bacillus_subtilis_main_74379fc21a77213d	tjupan_bacillus_subtilis_main_74379fc21a77213d	3.930030495244647	False	50	59	-	-6.5
EMB_onehot_C11	positive	tjupan_bacillus_subtilis_main_79220287475133e5	dbtbs_bsub_core_79220287475133e5	5.7614516260254955	False	45	54	+	-11.5
EMB_onehot_C11	positive	tjupan_bacillus_subtilis_main_7c407bebf512b5e0	tjupan_bacillus_subtilis_main_7c407bebf512b5e0	6.304507989946712	False	18	27	-	-38.5
EMB_onehot_C11	positive	tjupan_bacillus_subtilis_main_824214e197f86545	tjupan_bacillus_subtilis_main_824214e197f86545	6.041080425083022	False	50	59	-	-6.5
EMB_onehot_C11	positive	tjupan_bacillus_subtilis_main_842f97f040946982	tjupan_bacillus_subtilis_main_842f97f040946982	5.258377818067872	False	29	38	+	-27.5
EMB_onehot_C11	positive	tjupan_bacillus_subtilis_main_84cc0835204b8e58	dbtbs_bsub_core_396da27afda34e05	5.8615834078007305	False	30	39	+	-26.5
EMB_onehot_C11	positive	tjupan_bacillus_subtilis_main_89e75db25f32c6c9	dbtbs_bsub_core_66a79c370c059251	6.131976468749872	False	44	53	+	-12.5
EMB_onehot_C11	positive	tjupan_bacillus_subtilis_main_8d9a62a0fbc43019	dbtbs_bsub_core_3348625232a23256	8.575842879474944	True	45	54	+	-11.5
EMB_onehot_C11	positive	tjupan_bacillus_subtilis_main_8f5b60fc07e381f2	dbtbs_bsub_core_8f5b60fc07e381f2	6.985853282877895	False	56	65	+	-0.5
EMB_onehot_C11	positive	tjupan_bacillus_subtilis_main_93a3a1679c7a73c9	tjupan_bacillus_subtilis_main_93a3a1679c7a73c9	5.83437723167908	False	44	53	+	-12.5
EMB_onehot_C11	positive	tjupan_bacillus_subtilis_main_96c549f1b176b111	tjupan_bacillus_subtilis_main_96c549f1b176b111	9.963172426170381	True	45	54	+	-11.5
EMB_onehot_C11	positive	tjupan_bacillus_subtilis_main_996c93274b7d349e	tjupan_bacillus_subtilis_main_996c93274b7d349e	4.664419952309247	False	46	55	+	-10.5
EMB_onehot_C11	positive	tjupan_bacillus_subtilis_main_9996ea2b61a7fc82	tjupan_bacillus_subtilis_main_9996ea2b61a7fc82	8.309700956564374	True	45	54	+	-11.5
EMB_onehot_C11	positive	tjupan_bacillus_subtilis_main_a2ab5f161ee68a0a	tjupan_bacillus_subtilis_main_a2ab5f161ee68a0a	3.8139667470982173	False	25	34	+	-31.5
EMB_onehot_C11	positive	tjupan_bacillus_subtilis_main_a2bee6d81c2dad89	dbtbs_bsub_core_a2bee6d81c2dad89	4.37535854558583	False	45	54	+	-11.5
EMB_onehot_C11	positive	tjupan_bacillus_subtilis_main_a4db17c75fb94c83	dbtbs_bsub_core_8c6f4b9eba960292	4.62104331797898	False	45	54	+	-11.5
EMB_onehot_C11	positive	tjupan_bacillus_subtilis_main_a7eb317986e0a410	tjupan_bacillus_subtilis_main_a7eb317986e0a410	6.648900565488573	False	66	75	-	9.5
EMB_onehot_C11	positive	tjupan_bacillus_subtilis_main_aaf138e1b23719d3	dbtbs_bsub_core_380666e4ad2529dd	7.983890018684845	True	45	54	+	-11.5
EMB_onehot_C11	positive	tjupan_bacillus_subtilis_main_af44da9eb65c9b2b	tjupan_bacillus_subtilis_main_af44da9eb65c9b2b	6.114985510137405	False	5	14	-	-51.5
EMB_onehot_C11	positive	tjupan_bacillus_subtilis_main_b541048ffbe461fc	tjupan_bacillus_subtilis_main_b541048ffbe461fc	6.684860677126555	False	52	61	-	-4.5
EMB_onehot_C11	positive	tjupan_bacillus_subtilis_main_b558e80410906098	dbtbs_bsub_core_b558e80410906098	7.954352242044694	True	69	78	-	12.5
EMB_onehot_C11	positive	tjupan_bacillus_subtilis_main_b809758bf01da07c	tjupan_bacillus_subtilis_main_b809758bf01da07c	6.125270894015335	False	6	15	+	-50.5
EMB_onehot_C11	positive	tjupan_bacillus_subtilis_main_b86a1d8c42408cc4	tjupan_bacillus_subtilis_main_b86a1d8c42408cc4	7.889619337743803	True	46	55	+	-10.5
EMB_onehot_C11	positive	tjupan_bacillus_subtilis_main_c7551eecc12a98c1	tjupan_bacillus_subtilis_main_c7551eecc12a98c1	8.663839360472771	True	44	53	+	-12.5
EMB_onehot_C11	positive	tjupan_bacillus_subtilis_main_c897ab6e4a2d8869	tjupan_bacillus_subtilis_main_c897ab6e4a2d8869	6.6141638239112615	False	40	49	+	-16.5
EMB_onehot_C11	positive	tjupan_bacillus_subtilis_main_cd9626c39ea075d5	dbtbs_bsub_core_cd9626c39ea075d5	5.168015642015914	False	48	57	+	-8.5
EMB_onehot_C11	positive	tjupan_bacillus_subtilis_main_cf013234eecd796b	dbtbs_bsub_core_700614a2577d51a9	5.751780448620052	False	1	10	-	-55.5
EMB_onehot_C11	positive	tjupan_bacillus_subtilis_main_d072d578ae627246	tjupan_bacillus_subtilis_main_d072d578ae627246	3.4863510250647796	False	16	25	+	-40.5
EMB_onehot_C11	positive	tjupan_bacillus_subtilis_main_d434d749686b9e33	dbtbs_bsub_core_137eff58d766cefa	4.42234094094513	False	45	54	+	-11.5
EMB_onehot_C11	positive	tjupan_bacillus_subtilis_main_d75f323535d0e96f	tjupan_bacillus_subtilis_main_d75f323535d0e96f	7.724439951774658	False	58	67	-	1.5
EMB_onehot_C11	positive	tjupan_bacillus_subtilis_main_d94f791dab569af4	dbtbs_bsub_core_e72b843a494a35db	6.105748081577957	False	16	25	-	-40.5
EMB_onehot_C11	positive	tjupan_bacillus_subtilis_main_dc95e7cdf3939931	dbtbs_bsub_core_dc95e7cdf3939931	3.0833032131745512	False	28	37	+	-28.5
EMB_onehot_C11	positive	tjupan_bacillus_subtilis_main_dda9e4c6372ef204	dbtbs_bsub_core_50819f6cb2562fd8	8.663839360472773	True	47	56	-	-9.5
EMB_onehot_C11	positive	tjupan_bacillus_subtilis_main_e51e63a9cb3e9467	dbtbs_bsub_core_bb482769c888cf21	7.168117102336094	False	46	55	+	-10.5
EMB_onehot_C11	positive	tjupan_bacillus_subtilis_main_e7e17b10ff25536a	tjupan_bacillus_subtilis_main_1eb616e060615c81	7.168117102336094	False	47	56	+	-9.5
EMB_onehot_C11	positive	tjupan_bacillus_subtilis_main_f2d1e33176b05430	dbtbs_bsub_core_f2d1e33176b05430	6.791582953368413	False	53	62	+	-3.5
EMB_onehot_C11	positive	tjupan_bacillus_subtilis_main_fe854ef781d570c9	dbtbs_bsub_core_79142b70125d7f77	3.6870714128319197	False	49	58	-	-7.5
EMB_onehot_C11	natural	tjupan_bacillus_subtilis_main_01f49032fc924b2b	tjupan_bacillus_subtilis_main_01f49032fc924b2b	6.257786110536429	False	14	23	-	-42.5
EMB_onehot_C11	natural	tjupan_bacillus_subtilis_main_0369fa5f1dde8889	tjupan_bacillus_subtilis_main_0369fa5f1dde8889	3.3947747686938996	False	42	51	+	-14.5
EMB_onehot_C11	natural	tjupan_bacillus_subtilis_main_04bf0704019251eb	tjupan_bacillus_subtilis_main_04bf0704019251eb	2.7337422986353737	False	63	72	+	6.5
EMB_onehot_C11	natural	tjupan_bacillus_subtilis_main_07a43cab15901fd0	tjupan_bacillus_subtilis_main_07a43cab15901fd0	3.50465878406506	False	71	80	+	14.5
EMB_onehot_C11	natural	tjupan_bacillus_subtilis_main_0abf62f108ad9afa	tjupan_bacillus_subtilis_main_0abf62f108ad9afa	2.987304377491974	False	36	45	-	-20.5
EMB_onehot_C11	natural	tjupan_bacillus_subtilis_main_10a028761e096e6f	tjupan_bacillus_subtilis_main_10a028761e096e6f	6.553442920391971	False	40	49	-	-16.5
EMB_onehot_C11	natural	tjupan_bacillus_subtilis_main_1183c551e9c3884e	tjupan_bacillus_subtilis_main_1183c551e9c3884e	4.826030400272147	False	51	60	+	-5.5
EMB_onehot_C11	natural	tjupan_bacillus_subtilis_main_11c75fe7d070d91d	tjupan_bacillus_subtilis_main_11c75fe7d070d91d	3.6774583585821423	False	36	45	+	-20.5
EMB_onehot_C11	natural	tjupan_bacillus_subtilis_main_13f81edc59432f39	tjupan_bacillus_subtilis_main_13f81edc59432f39	4.6122420186331174	False	69	78	+	12.5
EMB_onehot_C11	natural	tjupan_bacillus_subtilis_main_1a1965c69595e91c	tjupan_bacillus_subtilis_main_1a1965c69595e91c	1.8771908762953369	False	32	41	-	-24.5
EMB_onehot_C11	natural	tjupan_bacillus_subtilis_main_28ceb7fd6ffaf1b1	tjupan_bacillus_subtilis_main_28ceb7fd6ffaf1b1	4.432891350970713	False	40	49	+	-16.5
EMB_onehot_C11	natural	tjupan_bacillus_subtilis_main_2a691ccdd9f8cd87	tjupan_bacillus_subtilis_main_2a691ccdd9f8cd87	6.23296388494535	False	16	25	+	-40.5
EMB_onehot_C11	natural	tjupan_bacillus_subtilis_main_3095b00d206277d2	tjupan_bacillus_subtilis_main_3095b00d206277d2	3.0624436231469905	False	44	53	+	-12.5
EMB_onehot_C11	natural	tjupan_bacillus_subtilis_main_33ded6bc702ab6e3	tjupan_bacillus_subtilis_main_33ded6bc702ab6e3	1.9139781512158183	False	29	38	+	-27.5
EMB_onehot_C11	natural	tjupan_bacillus_subtilis_main_3b669bfd8e8ecc5c	tjupan_bacillus_subtilis_main_3b669bfd8e8ecc5c	3.0054570479306464	False	36	45	+	-20.5
EMB_onehot_C11	natural	tjupan_bacillus_subtilis_main_3dfed0cfea4ace99	tjupan_bacillus_subtilis_main_3dfed0cfea4ace99	5.845424744918263	False	70	79	-	13.5
EMB_onehot_C11	natural	tjupan_bacillus_subtilis_main_3f82397c249b4c2e	tjupan_bacillus_subtilis_main_3f82397c249b4c2e	6.5516775491099395	False	4	13	+	-52.5
EMB_onehot_C11	natural	tjupan_bacillus_subtilis_main_413de94f4b4cc894	tjupan_bacillus_subtilis_main_413de94f4b4cc894	6.348997927077135	False	67	76	+	10.5
EMB_onehot_C11	natural	tjupan_bacillus_subtilis_main_4225dc5bcf089682	tjupan_bacillus_subtilis_main_4225dc5bcf089682	4.341944747765016	False	1	10	+	-55.5
EMB_onehot_C11	natural	tjupan_bacillus_subtilis_main_43e8357a95b8acad	tjupan_bacillus_subtilis_main_43e8357a95b8acad	5.860682281224399	False	45	54	+	-11.5
EMB_onehot_C11	natural	tjupan_bacillus_subtilis_main_44b9e66950262593	tjupan_bacillus_subtilis_main_44b9e66950262593	5.722212875392154	False	8	17	+	-48.5
EMB_onehot_C11	natural	tjupan_bacillus_subtilis_main_4600103c5e396ab7	tjupan_bacillus_subtilis_main_4600103c5e396ab7	9.606876474249836	True	51	60	-	-5.5
EMB_onehot_C11	natural	tjupan_bacillus_subtilis_main_47b01646ad818f05	tjupan_bacillus_subtilis_main_47b01646ad818f05	4.760150156775905	False	26	35	+	-30.5
EMB_onehot_C11	natural	tjupan_bacillus_subtilis_main_47f3a0ce2d4034a8	tjupan_bacillus_subtilis_main_47f3a0ce2d4034a8	1.7452418174190598	False	2	11	-	-54.5
EMB_onehot_C11	natural	tjupan_bacillus_subtilis_main_4c62636643ef908e	tjupan_bacillus_subtilis_main_4c62636643ef908e	5.836560046432287	False	8	17	+	-48.5
EMB_onehot_C11	natural	tjupan_bacillus_subtilis_main_4ec6f242d8a5df5c	tjupan_bacillus_subtilis_main_4ec6f242d8a5df5c	7.520009735617868	False	6	15	-	-50.5
EMB_onehot_C11	natural	tjupan_bacillus_subtilis_main_4efdcab552f8b70d	tjupan_bacillus_subtilis_main_4efdcab552f8b70d	6.29237556314038	False	68	77	-	11.5
EMB_onehot_C11	natural	tjupan_bacillus_subtilis_main_51577d89c939deba	tjupan_bacillus_subtilis_main_51577d89c939deba	4.847300399178133	False	23	32	+	-33.5
EMB_onehot_C11	natural	tjupan_bacillus_subtilis_main_52bff7f8e27d9410	tjupan_bacillus_subtilis_main_52bff7f8e27d9410	5.1703963693841635	False	5	14	-	-51.5
EMB_onehot_C11	natural	tjupan_bacillus_subtilis_main_59901c21c497690b	tjupan_bacillus_subtilis_main_59901c21c497690b	7.694059372602326	False	43	52	-	-13.5
EMB_onehot_C11	natural	tjupan_bacillus_subtilis_main_5f953d4f57c1fa81	tjupan_bacillus_subtilis_main_5f953d4f57c1fa81	6.348535454727639	False	7	16	-	-49.5
EMB_onehot_C11	natural	tjupan_bacillus_subtilis_main_669f9a1f1028b036	tjupan_bacillus_subtilis_main_669f9a1f1028b036	3.515197833334361	False	67	76	-	10.5
EMB_onehot_C11	natural	tjupan_bacillus_subtilis_main_69dc5d058d63d549	tjupan_bacillus_subtilis_main_69dc5d058d63d549	5.379052983263944	False	41	50	+	-15.5
EMB_onehot_C11	natural	tjupan_bacillus_subtilis_main_6cfe0a7e178b1651	tjupan_bacillus_subtilis_main_6cfe0a7e178b1651	3.978526510362815	False	16	25	-	-40.5
EMB_onehot_C11	natural	tjupan_bacillus_subtilis_main_705ab5e790a4610d	tjupan_bacillus_subtilis_main_705ab5e790a4610d	5.262411188955168	False	60	69	-	3.5
EMB_onehot_C11	natural	tjupan_bacillus_subtilis_main_71852833d33a5887	tjupan_bacillus_subtilis_main_71852833d33a5887	4.650543713414388	False	10	19	-	-46.5
EMB_onehot_C11	natural	tjupan_bacillus_subtilis_main_76c86d1f05ca1d88	tjupan_bacillus_subtilis_main_76c86d1f05ca1d88	4.784806705438135	False	63	72	+	6.5
EMB_onehot_C11	natural	tjupan_bacillus_subtilis_main_777d2d2586a95fbc	tjupan_bacillus_subtilis_main_777d2d2586a95fbc	1.4885064902426701	False	14	23	+	-42.5
EMB_onehot_C11	natural	tjupan_bacillus_subtilis_main_7c99b9a8665786aa	tjupan_bacillus_subtilis_main_7c99b9a8665786aa	4.784845805676825	False	51	60	+	-5.5
EMB_onehot_C11	natural	tjupan_bacillus_subtilis_main_82f0003647ec7740	tjupan_bacillus_subtilis_main_82f0003647ec7740	6.06179032656434	False	10	19	-	-46.5
EMB_onehot_C11	natural	tjupan_bacillus_subtilis_main_8a9952e5dc8e0bd1	tjupan_bacillus_subtilis_main_8a9952e5dc8e0bd1	2.463795459470038	False	30	39	-	-26.5
EMB_onehot_C11	natural	tjupan_bacillus_subtilis_main_8c2afb751c3f9d92	tjupan_bacillus_subtilis_main_8c2afb751c3f9d92	4.044121605949256	False	14	23	-	-42.5
EMB_onehot_C11	natural	tjupan_bacillus_subtilis_main_8e1b3c58365d2bbd	tjupan_bacillus_subtilis_main_8e1b3c58365d2bbd	2.595743254097573	False	31	40	+	-25.5
EMB_onehot_C11	natural	tjupan_bacillus_subtilis_main_906140fe2a990d8e	tjupan_bacillus_subtilis_main_906140fe2a990d8e	5.908741770597104	False	72	81	+	15.5
EMB_onehot_C11	natural	tjupan_bacillus_subtilis_main_94dbc17f3078c678	tjupan_bacillus_subtilis_main_94dbc17f3078c678	6.028177466116892	False	41	50	-	-15.5
EMB_onehot_C11	natural	tjupan_bacillus_subtilis_main_9bf1d28c9aae3b2e	tjupan_bacillus_subtilis_main_9bf1d28c9aae3b2e	3.8541974534394363	False	63	72	+	6.5
EMB_onehot_C11	natural	tjupan_bacillus_subtilis_main_9cc8f38cff175da4	tjupan_bacillus_subtilis_main_9cc8f38cff175da4	6.622113197057902	False	24	33	+	-32.5
EMB_onehot_C11	natural	tjupan_bacillus_subtilis_main_9cceb700e3527301	tjupan_bacillus_subtilis_main_9cceb700e3527301	6.940149275528882	False	6	15	+	-50.5
EMB_onehot_C11	natural	tjupan_bacillus_subtilis_main_9d0345f875b7552c	tjupan_bacillus_subtilis_main_9d0345f875b7552c	5.076431419646763	False	72	81	-	15.5
EMB_onehot_C11	natural	tjupan_bacillus_subtilis_main_a3fedb31fa6cc84b	tjupan_bacillus_subtilis_main_a3fedb31fa6cc84b	4.006849257132157	False	55	64	+	-1.5
EMB_onehot_C11	natural	tjupan_bacillus_subtilis_main_a54e7006d4699b67	tjupan_bacillus_subtilis_main_a54e7006d4699b67	4.457072966204758	False	48	57	+	-8.5
EMB_onehot_C11	natural	tjupan_bacillus_subtilis_main_aaa45c891936f972	tjupan_bacillus_subtilis_main_aaa45c891936f972	3.1934555557003614	False	61	70	-	4.5
EMB_onehot_C11	natural	tjupan_bacillus_subtilis_main_aec3d55ae2f9e509	tjupan_bacillus_subtilis_main_aec3d55ae2f9e509	7.963755339460671	True	25	34	+	-31.5
EMB_onehot_C11	natural	tjupan_bacillus_subtilis_main_b0b9cfd1b442c029	tjupan_bacillus_subtilis_main_b0b9cfd1b442c029	5.264305596470983	False	70	79	-	13.5
EMB_onehot_C11	natural	tjupan_bacillus_subtilis_main_b161f4572a371b25	tjupan_bacillus_subtilis_main_b161f4572a371b25	4.306344523118671	False	50	59	-	-6.5
EMB_onehot_C11	natural	tjupan_bacillus_subtilis_main_b3e87bd1af1ccb1a	tjupan_bacillus_subtilis_main_b3e87bd1af1ccb1a	5.296112091620593	False	1	10	+	-55.5
EMB_onehot_C11	natural	tjupan_bacillus_subtilis_main_b5ddce4bc0328e2c	tjupan_bacillus_subtilis_main_b5ddce4bc0328e2c	4.8599799174507226	False	4	13	+	-52.5
EMB_onehot_C11	natural	tjupan_bacillus_subtilis_main_b9d7835496546020	tjupan_bacillus_subtilis_main_b9d7835496546020	4.992400742487421	False	40	49	-	-16.5
EMB_onehot_C11	natural	tjupan_bacillus_subtilis_main_bd36aa35d4edeb39	tjupan_bacillus_subtilis_main_bd36aa35d4edeb39	4.389765822205801	False	37	46	+	-19.5
EMB_onehot_C11	natural	tjupan_bacillus_subtilis_main_c24b04311bf8b4bf	tjupan_bacillus_subtilis_main_c24b04311bf8b4bf	2.4158092751393854	False	69	78	-	12.5
EMB_onehot_C11	natural	tjupan_bacillus_subtilis_main_c981e3412d58013c	tjupan_bacillus_subtilis_main_c981e3412d58013c	3.328607770713991	False	48	57	-	-8.5
EMB_onehot_C11	natural	tjupan_bacillus_subtilis_main_cbe667645cefe255	tjupan_bacillus_subtilis_main_cbe667645cefe255	0.7915290037329137	False	49	58	+	-7.5
EMB_onehot_C11	natural	tjupan_bacillus_subtilis_main_ced7dfa7b2671e00	tjupan_bacillus_subtilis_main_ced7dfa7b2671e00	4.057776818847471	False	49	58	+	-7.5
EMB_onehot_C11	natural	tjupan_bacillus_subtilis_main_d14a8947b06ae361	tjupan_bacillus_subtilis_main_d14a8947b06ae361	5.952795224341435	False	29	38	+	-27.5
EMB_onehot_C11	natural	tjupan_bacillus_subtilis_main_dd7d0f632ba9b25f	tjupan_bacillus_subtilis_main_dd7d0f632ba9b25f	3.042611682067407	False	45	54	+	-11.5
EMB_onehot_C11	natural	tjupan_bacillus_subtilis_main_deeb9c19c390dc19	tjupan_bacillus_subtilis_main_deeb9c19c390dc19	6.315538595759698	False	65	74	-	8.5
EMB_onehot_C11	natural	tjupan_bacillus_subtilis_main_dfdf3a9a774b0b36	tjupan_bacillus_subtilis_main_dfdf3a9a774b0b36	3.719729298129054	False	3	12	+	-53.5
EMB_onehot_C11	natural	tjupan_bacillus_subtilis_main_e05a9847e20fa44f	tjupan_bacillus_subtilis_main_e05a9847e20fa44f	4.169949764131962	False	9	18	-	-47.5
EMB_onehot_C11	natural	tjupan_bacillus_subtilis_main_e09693162cd1efc7	tjupan_bacillus_subtilis_main_e09693162cd1efc7	4.029371350396726	False	37	46	-	-19.5
EMB_onehot_C11	natural	tjupan_bacillus_subtilis_main_e1df7768894b7e64	tjupan_bacillus_subtilis_main_e1df7768894b7e64	2.7654302523597476	False	8	17	-	-48.5
EMB_onehot_C11	natural	tjupan_bacillus_subtilis_main_e4935e5203d5f4a1	tjupan_bacillus_subtilis_main_e4935e5203d5f4a1	5.216870120827821	False	42	51	+	-14.5
EMB_onehot_C11	natural	tjupan_bacillus_subtilis_main_e71258c4630ccafd	tjupan_bacillus_subtilis_main_e71258c4630ccafd	2.762840012219018	False	26	35	-	-30.5
EMB_onehot_C11	natural	tjupan_bacillus_subtilis_main_ea6abbc438ac2020	tjupan_bacillus_subtilis_main_ea6abbc438ac2020	3.157012217486036	False	47	56	-	-9.5
EMB_onehot_C11	natural	tjupan_bacillus_subtilis_main_ede46bd107484afd	tjupan_bacillus_subtilis_main_ede46bd107484afd	7.513203401295304	False	10	19	+	-46.5
EMB_onehot_C11	natural	tjupan_bacillus_subtilis_main_f0317abbf46a2fa8	tjupan_bacillus_subtilis_main_f0317abbf46a2fa8	4.021580979651643	False	31	40	+	-25.5
EMB_onehot_C11	natural	tjupan_bacillus_subtilis_main_fe9f961ad53aca80	tjupan_bacillus_subtilis_main_fe9f961ad53aca80	4.645292225395437	False	36	45	-	-20.5
EMB_onehot_C11	natural	tjupan_bacillus_subtilis_main_fffb0162887a3736	tjupan_bacillus_subtilis_main_fffb0162887a3736	3.994292661128841	False	12	21	-	-44.5
EMB_onehot_C11	shuffle	tjupan_bacillus_subtilis_main_0dc2e54e8f0778d4__dinucleotide_null	dbtbs_bsub_core_89ecb38b4ff0148f	5.981783618568849	False	29	38	+	-27.5
EMB_onehot_C11	shuffle	tjupan_bacillus_subtilis_main_682dcc155b9eb236__dinucleotide_null	dbtbs_bsub_core_5d3712ff0aeb1916	7.193893760335086	False	32	41	+	-24.5
EMB_onehot_C11	shuffle	tjupan_bacillus_subtilis_main_f2d1e33176b05430__dinucleotide_null	dbtbs_bsub_core_f2d1e33176b05430	3.9128147672143756	False	10	19	+	-46.5
EMB_onehot_C11	shuffle	tjupan_bacillus_subtilis_main_c7551eecc12a98c1__dinucleotide_null	tjupan_bacillus_subtilis_main_c7551eecc12a98c1	8.618151956180103	True	8	17	-	-48.5
EMB_onehot_C11	shuffle	tjupan_bacillus_subtilis_main_89e75db25f32c6c9__dinucleotide_null	dbtbs_bsub_core_66a79c370c059251	11.009551167184588	True	35	44	-	-21.5
EMB_onehot_C11	shuffle	tjupan_bacillus_subtilis_main_9996ea2b61a7fc82__dinucleotide_null	tjupan_bacillus_subtilis_main_9996ea2b61a7fc82	5.917224354883285	False	51	60	-	-5.5
EMB_onehot_C11	shuffle	tjupan_bacillus_subtilis_main_b86a1d8c42408cc4__dinucleotide_null	tjupan_bacillus_subtilis_main_b86a1d8c42408cc4	6.555926044498862	False	31	40	+	-25.5
EMB_onehot_C11	shuffle	tjupan_bacillus_subtilis_main_79220287475133e5__dinucleotide_null	dbtbs_bsub_core_79220287475133e5	6.653860061061508	False	25	34	+	-31.5
EMB_onehot_C11	shuffle	tjupan_bacillus_subtilis_main_a2bee6d81c2dad89__dinucleotide_null	dbtbs_bsub_core_a2bee6d81c2dad89	3.622151293955929	False	72	81	-	15.5
EMB_onehot_C11	shuffle	tjupan_bacillus_subtilis_main_103f2a1ec6daa8c4__dinucleotide_null	dbtbs_bsub_core_103f2a1ec6daa8c4	6.010637361536635	False	57	66	-	0.5
EMB_onehot_C11	shuffle	tjupan_bacillus_subtilis_main_996c93274b7d349e__dinucleotide_null	tjupan_bacillus_subtilis_main_996c93274b7d349e	4.566092751833104	False	11	20	+	-45.5
EMB_onehot_C11	shuffle	tjupan_bacillus_subtilis_main_7c407bebf512b5e0__dinucleotide_null	tjupan_bacillus_subtilis_main_7c407bebf512b5e0	5.695830337077219	False	20	29	+	-36.5
EMB_onehot_C11	shuffle	tjupan_bacillus_subtilis_main_842f97f040946982__dinucleotide_null	tjupan_bacillus_subtilis_main_842f97f040946982	5.71506974338757	False	63	72	+	6.5
EMB_onehot_C11	shuffle	tjupan_bacillus_subtilis_main_42c1909004fe3d73__dinucleotide_null	tjupan_bacillus_subtilis_main_42c1909004fe3d73	6.338252950685903	False	18	27	+	-38.5
EMB_onehot_C11	shuffle	tjupan_bacillus_subtilis_main_42074f78c0199323__dinucleotide_null	dbtbs_bsub_core_42074f78c0199323	5.946224647760967	False	8	17	+	-48.5
EMB_onehot_C11	shuffle	tjupan_bacillus_subtilis_main_72127e86172ad2be__dinucleotide_null	tjupan_bacillus_subtilis_main_72127e86172ad2be	7.375515824837933	False	29	38	-	-27.5
EMB_onehot_C11	shuffle	tjupan_bacillus_subtilis_main_d072d578ae627246__dinucleotide_null	tjupan_bacillus_subtilis_main_d072d578ae627246	3.9175370551302118	False	24	33	+	-32.5
EMB_onehot_C11	shuffle	tjupan_bacillus_subtilis_main_a2ab5f161ee68a0a__dinucleotide_null	tjupan_bacillus_subtilis_main_a2ab5f161ee68a0a	2.3501802276863772	False	28	37	-	-28.5
EMB_onehot_C11	shuffle	tjupan_bacillus_subtilis_main_3ec8c178aa138223__dinucleotide_null	tjupan_bacillus_subtilis_main_3ec8c178aa138223	10.541061605976275	True	13	22	-	-43.5
EMB_onehot_C11	shuffle	tjupan_bacillus_subtilis_main_824214e197f86545__dinucleotide_null	tjupan_bacillus_subtilis_main_824214e197f86545	6.762914099589294	False	66	75	-	9.5
EMB_onehot_C11	shuffle	tjupan_bacillus_subtilis_main_721ac29c5ef7c9f0__dinucleotide_null	dbtbs_bsub_core_721ac29c5ef7c9f0	8.39544473561632	True	18	27	+	-38.5
EMB_onehot_C11	shuffle	tjupan_bacillus_subtilis_main_a7eb317986e0a410__dinucleotide_null	tjupan_bacillus_subtilis_main_a7eb317986e0a410	2.739687781861849	False	18	27	-	-38.5
EMB_onehot_C11	shuffle	tjupan_bacillus_subtilis_main_6cf2c0e47935a8c2__dinucleotide_null	dbtbs_bsub_core_6cf2c0e47935a8c2	7.622743188876562	False	34	43	-	-22.5
EMB_onehot_C11	shuffle	tjupan_bacillus_subtilis_main_cd9626c39ea075d5__dinucleotide_null	dbtbs_bsub_core_cd9626c39ea075d5	7.152960810197588	False	20	29	+	-36.5
EMB_onehot_C11	shuffle	tjupan_bacillus_subtilis_main_4a95c9a0c8c0dc5d__dinucleotide_null	dbtbs_bsub_core_d38f72abf66add23	5.022714847523462	False	68	77	-	11.5
EMB_onehot_C11	shuffle	tjupan_bacillus_subtilis_main_323902b09c4af7f6__dinucleotide_null	dbtbs_bsub_core_bb1d2472f35efe20	10.201041468017017	True	71	80	+	14.5
EMB_onehot_C11	shuffle	tjupan_bacillus_subtilis_main_dda9e4c6372ef204__dinucleotide_null	dbtbs_bsub_core_50819f6cb2562fd8	3.08380948831245	False	17	26	-	-39.5
EMB_onehot_C11	shuffle	tjupan_bacillus_subtilis_main_6fc8f7f57b8f5e9d__dinucleotide_null	tjupan_bacillus_subtilis_main_6fc8f7f57b8f5e9d	1.7743290212664564	False	21	30	+	-35.5
EMB_onehot_C11	shuffle	tjupan_bacillus_subtilis_main_84cc0835204b8e58__dinucleotide_null	dbtbs_bsub_core_396da27afda34e05	7.897245113056569	True	65	74	+	8.5
EMB_onehot_C11	shuffle	tjupan_bacillus_subtilis_main_c897ab6e4a2d8869__dinucleotide_null	tjupan_bacillus_subtilis_main_c897ab6e4a2d8869	7.999235164924161	True	27	36	+	-29.5
EMB_onehot_C11	shuffle	tjupan_bacillus_subtilis_main_1b58b9006f9baf4f__dinucleotide_null	dbtbs_bsub_core_1b58b9006f9baf4f	5.259520363674557	False	56	65	-	-0.5
EMB_onehot_C11	shuffle	tjupan_bacillus_subtilis_main_5bcbea22526b97af__dinucleotide_null	dbtbs_bsub_core_2bafb1a73b5c7300	9.224988554678497	True	44	53	-	-12.5
EMB_onehot_C11	shuffle	tjupan_bacillus_subtilis_main_e51e63a9cb3e9467__dinucleotide_null	dbtbs_bsub_core_bb482769c888cf21	3.6916921130920564	False	25	34	+	-31.5
EMB_onehot_C11	shuffle	tjupan_bacillus_subtilis_main_b558e80410906098__dinucleotide_null	dbtbs_bsub_core_b558e80410906098	8.834476562291268	True	20	29	-	-36.5
EMB_onehot_C11	shuffle	tjupan_bacillus_subtilis_main_dc95e7cdf3939931__dinucleotide_null	dbtbs_bsub_core_dc95e7cdf3939931	4.865422468756917	False	52	61	+	-4.5
EMB_onehot_C11	shuffle	tjupan_bacillus_subtilis_main_cf013234eecd796b__dinucleotide_null	dbtbs_bsub_core_700614a2577d51a9	5.418507938711363	False	23	32	+	-33.5
EMB_onehot_C11	shuffle	tjupan_bacillus_subtilis_main_b541048ffbe461fc__dinucleotide_null	tjupan_bacillus_subtilis_main_b541048ffbe461fc	4.208422220987613	False	53	62	-	-3.5
EMB_onehot_C11	shuffle	tjupan_bacillus_subtilis_main_0b4e887f7ea9c424__dinucleotide_null	dbtbs_bsub_core_0b4e887f7ea9c424	7.0370761139530424	False	37	46	+	-19.5
EMB_onehot_C11	shuffle	tjupan_bacillus_subtilis_main_93a3a1679c7a73c9__dinucleotide_null	tjupan_bacillus_subtilis_main_93a3a1679c7a73c9	3.584936641998417	False	41	50	+	-15.5
EMB_onehot_C11	shuffle	tjupan_bacillus_subtilis_main_e7e17b10ff25536a__dinucleotide_null	tjupan_bacillus_subtilis_main_1eb616e060615c81	6.995145113169615	False	71	80	-	14.5
EMB_onehot_C11	shuffle	tjupan_bacillus_subtilis_main_d94f791dab569af4__dinucleotide_null	dbtbs_bsub_core_e72b843a494a35db	9.11567979411813	True	41	50	+	-15.5
EMB_onehot_C11	shuffle	tjupan_bacillus_subtilis_main_d75f323535d0e96f__dinucleotide_null	tjupan_bacillus_subtilis_main_d75f323535d0e96f	5.893836193455028	False	42	51	-	-14.5
EMB_onehot_C11	shuffle	tjupan_bacillus_subtilis_main_74379fc21a77213d__dinucleotide_null	tjupan_bacillus_subtilis_main_74379fc21a77213d	6.303415819210138	False	70	79	+	13.5
EMB_onehot_C11	shuffle	tjupan_bacillus_subtilis_main_6f5bfd2e001a2697__dinucleotide_null	dbtbs_bsub_core_6f5bfd2e001a2697	4.077351172952838	False	6	15	+	-50.5
EMB_onehot_C11	shuffle	tjupan_bacillus_subtilis_main_1eb616e060615c81__dinucleotide_null	tjupan_bacillus_subtilis_main_1eb616e060615c81	7.773262990878611	False	15	24	-	-41.5
EMB_onehot_C11	shuffle	tjupan_bacillus_subtilis_main_409ff8a786357eb4__dinucleotide_null	dbtbs_bsub_core_3e3a825c0d09de99	2.7206278394860632	False	64	73	+	7.5
EMB_onehot_C11	shuffle	tjupan_bacillus_subtilis_main_1bc60721b4be672c__dinucleotide_null	dbtbs_bsub_core_cb8975beecd17a84	4.711000079078523	False	65	74	+	8.5
EMB_onehot_C11	shuffle	tjupan_bacillus_subtilis_main_af44da9eb65c9b2b__dinucleotide_null	tjupan_bacillus_subtilis_main_af44da9eb65c9b2b	4.160637546394742	False	62	71	-	5.5
EMB_onehot_C11	shuffle	tjupan_bacillus_subtilis_main_8f5b60fc07e381f2__dinucleotide_null	dbtbs_bsub_core_8f5b60fc07e381f2	7.557512584701017	False	6	15	-	-50.5
EMB_onehot_C11	shuffle	tjupan_bacillus_subtilis_main_5c9bf0eab187b5f5__dinucleotide_null	dbtbs_bsub_core_93f240a64705adb6	5.3173469498254615	False	56	65	-	-0.5
EMB_onehot_C11	shuffle	tjupan_bacillus_subtilis_main_aaf138e1b23719d3__dinucleotide_null	dbtbs_bsub_core_380666e4ad2529dd	4.92816994882557	False	23	32	-	-33.5
EMB_onehot_C11	shuffle	tjupan_bacillus_subtilis_main_0fcba0431054cde6__dinucleotide_null	dbtbs_bsub_core_0fcba0431054cde6	7.572735362398167	False	41	50	+	-15.5
EMB_onehot_C11	shuffle	tjupan_bacillus_subtilis_main_6f6446b7ed912162__dinucleotide_null	dbtbs_bsub_core_6f6446b7ed912162	10.489114696436614	True	16	25	-	-40.5
EMB_onehot_C11	shuffle	tjupan_bacillus_subtilis_main_d434d749686b9e33__dinucleotide_null	dbtbs_bsub_core_137eff58d766cefa	5.57925655996074	False	53	62	-	-3.5
EMB_onehot_C11	shuffle	tjupan_bacillus_subtilis_main_96c549f1b176b111__dinucleotide_null	tjupan_bacillus_subtilis_main_96c549f1b176b111	4.91901974637228	False	15	24	-	-41.5
EMB_onehot_C11	shuffle	tjupan_bacillus_subtilis_main_a4db17c75fb94c83__dinucleotide_null	dbtbs_bsub_core_8c6f4b9eba960292	5.123729913967045	False	6	15	-	-50.5
EMB_onehot_C11	shuffle	tjupan_bacillus_subtilis_main_0e5e92df8dafa46f__dinucleotide_null	dbtbs_bsub_core_0e5e92df8dafa46f	6.046734360384924	False	65	74	-	8.5
EMB_onehot_C11	shuffle	tjupan_bacillus_subtilis_main_089b35a135bf8797__dinucleotide_null	tjupan_bacillus_subtilis_main_089b35a135bf8797	1.5392351654414618	False	62	71	+	5.5
EMB_onehot_C11	shuffle	tjupan_bacillus_subtilis_main_2e3c51df0d86f79b__dinucleotide_null	dbtbs_bsub_core_245b899eb3255120	8.04035363441142	True	51	60	-	-5.5
EMB_onehot_C11	shuffle	tjupan_bacillus_subtilis_main_648aef9dba1f38c4__dinucleotide_null	tjupan_bacillus_subtilis_main_648aef9dba1f38c4	6.907148632171787	False	13	22	+	-43.5
EMB_onehot_C11	shuffle	tjupan_bacillus_subtilis_main_b809758bf01da07c__dinucleotide_null	tjupan_bacillus_subtilis_main_b809758bf01da07c	5.625945804494611	False	10	19	-	-46.5
EMB_onehot_C11	shuffle	tjupan_bacillus_subtilis_main_72db3945a2fcac01__dinucleotide_null	tjupan_bacillus_subtilis_main_72db3945a2fcac01	5.211726394964875	False	65	74	+	8.5
EMB_onehot_C11	shuffle	tjupan_bacillus_subtilis_main_8d9a62a0fbc43019__dinucleotide_null	dbtbs_bsub_core_3348625232a23256	8.706148437177934	True	18	27	+	-38.5
EMB_onehot_C11	shuffle	tjupan_bacillus_subtilis_main_2fc6e10224ce632e__dinucleotide_null	dbtbs_bsub_core_2fc6e10224ce632e	3.5377002350911346	False	38	47	-	-18.5
EMB_onehot_C11	shuffle	tjupan_bacillus_subtilis_main_4dd4acc476485632__dinucleotide_null	tjupan_bacillus_subtilis_main_4dd4acc476485632	8.454187999387848	True	1	10	+	-55.5
EMB_onehot_C11	shuffle	tjupan_bacillus_subtilis_main_5a1a4573de4d55b3__dinucleotide_null	dbtbs_bsub_core_af75962c5aaa60ac	5.068553377568203	False	56	65	-	-0.5
EMB_onehot_C11	shuffle	tjupan_bacillus_subtilis_main_fe854ef781d570c9__dinucleotide_null	dbtbs_bsub_core_79142b70125d7f77	0.9660837030263071	False	6	15	-	-50.5
EMB_onehot_C12	positive	tjupan_bacillus_subtilis_main_089b35a135bf8797	tjupan_bacillus_subtilis_main_089b35a135bf8797	4.1693762754092	False	69	78	+	12.5
EMB_onehot_C12	positive	tjupan_bacillus_subtilis_main_0b4e887f7ea9c424	dbtbs_bsub_core_0b4e887f7ea9c424	6.299494973353935	False	71	80	+	14.5
EMB_onehot_C12	positive	tjupan_bacillus_subtilis_main_0dc2e54e8f0778d4	dbtbs_bsub_core_89ecb38b4ff0148f	4.106036688191614	False	53	62	+	-3.5
EMB_onehot_C12	positive	tjupan_bacillus_subtilis_main_0e5e92df8dafa46f	dbtbs_bsub_core_0e5e92df8dafa46f	2.4175867761257863	False	9	18	+	-47.5
EMB_onehot_C12	positive	tjupan_bacillus_subtilis_main_0fcba0431054cde6	dbtbs_bsub_core_0fcba0431054cde6	6.461962360722918	False	56	65	+	-0.5
EMB_onehot_C12	positive	tjupan_bacillus_subtilis_main_103f2a1ec6daa8c4	dbtbs_bsub_core_103f2a1ec6daa8c4	5.259300057546963	False	39	48	+	-17.5
EMB_onehot_C12	positive	tjupan_bacillus_subtilis_main_1b58b9006f9baf4f	dbtbs_bsub_core_1b58b9006f9baf4f	3.788727070104275	False	9	18	+	-47.5
EMB_onehot_C12	positive	tjupan_bacillus_subtilis_main_1bc60721b4be672c	dbtbs_bsub_core_cb8975beecd17a84	4.546419442444756	False	44	53	+	-12.5
EMB_onehot_C12	positive	tjupan_bacillus_subtilis_main_1eb616e060615c81	tjupan_bacillus_subtilis_main_1eb616e060615c81	2.2575077062035334	False	36	45	-	-20.5
EMB_onehot_C12	positive	tjupan_bacillus_subtilis_main_2e3c51df0d86f79b	dbtbs_bsub_core_245b899eb3255120	4.51875990374141	False	64	73	+	7.5
EMB_onehot_C12	positive	tjupan_bacillus_subtilis_main_2fc6e10224ce632e	dbtbs_bsub_core_2fc6e10224ce632e	4.002239209659746	False	58	67	+	1.5
EMB_onehot_C12	positive	tjupan_bacillus_subtilis_main_323902b09c4af7f6	dbtbs_bsub_core_bb1d2472f35efe20	3.726629846735012	False	69	78	+	12.5
EMB_onehot_C12	positive	tjupan_bacillus_subtilis_main_3ec8c178aa138223	tjupan_bacillus_subtilis_main_3ec8c178aa138223	6.544308669951974	False	8	17	+	-48.5
EMB_onehot_C12	positive	tjupan_bacillus_subtilis_main_409ff8a786357eb4	dbtbs_bsub_core_3e3a825c0d09de99	6.087326250123251	False	13	22	+	-43.5
EMB_onehot_C12	positive	tjupan_bacillus_subtilis_main_42074f78c0199323	dbtbs_bsub_core_42074f78c0199323	4.9274628016459925	False	24	33	-	-32.5
EMB_onehot_C12	positive	tjupan_bacillus_subtilis_main_42c1909004fe3d73	tjupan_bacillus_subtilis_main_42c1909004fe3d73	4.488424445920071	False	9	18	-	-47.5
EMB_onehot_C12	positive	tjupan_bacillus_subtilis_main_4a95c9a0c8c0dc5d	dbtbs_bsub_core_d38f72abf66add23	4.70128636927277	False	57	66	+	0.5
EMB_onehot_C12	positive	tjupan_bacillus_subtilis_main_4dd4acc476485632	tjupan_bacillus_subtilis_main_4dd4acc476485632	6.1399499193263685	False	21	30	+	-35.5
EMB_onehot_C12	positive	tjupan_bacillus_subtilis_main_5a1a4573de4d55b3	dbtbs_bsub_core_af75962c5aaa60ac	3.119867834432755	False	56	65	+	-0.5
EMB_onehot_C12	positive	tjupan_bacillus_subtilis_main_5bcbea22526b97af	dbtbs_bsub_core_2bafb1a73b5c7300	4.588157149508339	False	26	35	-	-30.5
EMB_onehot_C12	positive	tjupan_bacillus_subtilis_main_5c9bf0eab187b5f5	dbtbs_bsub_core_93f240a64705adb6	4.072982515048911	False	72	81	+	15.5
EMB_onehot_C12	positive	tjupan_bacillus_subtilis_main_648aef9dba1f38c4	tjupan_bacillus_subtilis_main_648aef9dba1f38c4	2.7372289284978955	False	64	73	+	7.5
EMB_onehot_C12	positive	tjupan_bacillus_subtilis_main_682dcc155b9eb236	dbtbs_bsub_core_5d3712ff0aeb1916	3.8646502300051004	False	43	52	+	-13.5
EMB_onehot_C12	positive	tjupan_bacillus_subtilis_main_6cf2c0e47935a8c2	dbtbs_bsub_core_6cf2c0e47935a8c2	1.6935887087983033	False	65	74	-	8.5
EMB_onehot_C12	positive	tjupan_bacillus_subtilis_main_6f5bfd2e001a2697	dbtbs_bsub_core_6f5bfd2e001a2697	3.850942507123422	False	1	10	+	-55.5
EMB_onehot_C12	positive	tjupan_bacillus_subtilis_main_6f6446b7ed912162	dbtbs_bsub_core_6f6446b7ed912162	3.1222778823504207	False	40	49	-	-16.5
EMB_onehot_C12	positive	tjupan_bacillus_subtilis_main_6fc8f7f57b8f5e9d	tjupan_bacillus_subtilis_main_6fc8f7f57b8f5e9d	5.027033753423303	False	56	65	+	-0.5
EMB_onehot_C12	positive	tjupan_bacillus_subtilis_main_72127e86172ad2be	tjupan_bacillus_subtilis_main_72127e86172ad2be	0.9625725663865147	False	72	81	+	15.5
EMB_onehot_C12	positive	tjupan_bacillus_subtilis_main_721ac29c5ef7c9f0	dbtbs_bsub_core_721ac29c5ef7c9f0	3.0958140849758635	False	59	68	+	2.5
EMB_onehot_C12	positive	tjupan_bacillus_subtilis_main_72db3945a2fcac01	tjupan_bacillus_subtilis_main_72db3945a2fcac01	2.058031146843039	False	68	77	+	11.5
EMB_onehot_C12	positive	tjupan_bacillus_subtilis_main_74379fc21a77213d	tjupan_bacillus_subtilis_main_74379fc21a77213d	7.2134203235416035	False	57	66	+	0.5
EMB_onehot_C12	positive	tjupan_bacillus_subtilis_main_79220287475133e5	dbtbs_bsub_core_79220287475133e5	4.715581871717703	False	8	17	+	-48.5
EMB_onehot_C12	positive	tjupan_bacillus_subtilis_main_7c407bebf512b5e0	tjupan_bacillus_subtilis_main_7c407bebf512b5e0	6.093062373859498	False	69	78	+	12.5
EMB_onehot_C12	positive	tjupan_bacillus_subtilis_main_824214e197f86545	tjupan_bacillus_subtilis_main_824214e197f86545	5.355244505689296	False	20	29	-	-36.5
EMB_onehot_C12	positive	tjupan_bacillus_subtilis_main_842f97f040946982	tjupan_bacillus_subtilis_main_842f97f040946982	4.673061817852805	False	16	25	-	-40.5
EMB_onehot_C12	positive	tjupan_bacillus_subtilis_main_84cc0835204b8e58	dbtbs_bsub_core_396da27afda34e05	4.763028967591225	False	43	52	+	-13.5
EMB_onehot_C12	positive	tjupan_bacillus_subtilis_main_89e75db25f32c6c9	dbtbs_bsub_core_66a79c370c059251	4.315695448764247	False	10	19	+	-46.5
EMB_onehot_C12	positive	tjupan_bacillus_subtilis_main_8d9a62a0fbc43019	dbtbs_bsub_core_3348625232a23256	3.221343403841272	False	69	78	+	12.5
EMB_onehot_C12	positive	tjupan_bacillus_subtilis_main_8f5b60fc07e381f2	dbtbs_bsub_core_8f5b60fc07e381f2	6.402901880692481	False	19	28	-	-37.5
EMB_onehot_C12	positive	tjupan_bacillus_subtilis_main_93a3a1679c7a73c9	tjupan_bacillus_subtilis_main_93a3a1679c7a73c9	5.66913021073773	False	20	29	-	-36.5
EMB_onehot_C12	positive	tjupan_bacillus_subtilis_main_96c549f1b176b111	tjupan_bacillus_subtilis_main_96c549f1b176b111	4.399491668641845	False	10	19	-	-46.5
EMB_onehot_C12	positive	tjupan_bacillus_subtilis_main_996c93274b7d349e	tjupan_bacillus_subtilis_main_996c93274b7d349e	4.001674817641739	False	56	65	+	-0.5
EMB_onehot_C12	positive	tjupan_bacillus_subtilis_main_9996ea2b61a7fc82	tjupan_bacillus_subtilis_main_9996ea2b61a7fc82	4.718123284812339	False	44	53	+	-12.5
EMB_onehot_C12	positive	tjupan_bacillus_subtilis_main_a2ab5f161ee68a0a	tjupan_bacillus_subtilis_main_a2ab5f161ee68a0a	3.081095042097287	False	13	22	-	-43.5
EMB_onehot_C12	positive	tjupan_bacillus_subtilis_main_a2bee6d81c2dad89	dbtbs_bsub_core_a2bee6d81c2dad89	3.9033380741074204	False	66	75	+	9.5
EMB_onehot_C12	positive	tjupan_bacillus_subtilis_main_a4db17c75fb94c83	dbtbs_bsub_core_8c6f4b9eba960292	4.034116384572168	False	65	74	+	8.5
EMB_onehot_C12	positive	tjupan_bacillus_subtilis_main_a7eb317986e0a410	tjupan_bacillus_subtilis_main_a7eb317986e0a410	3.797025731655464	False	11	20	-	-45.5
EMB_onehot_C12	positive	tjupan_bacillus_subtilis_main_aaf138e1b23719d3	dbtbs_bsub_core_380666e4ad2529dd	4.907296982641956	False	18	27	-	-38.5
EMB_onehot_C12	positive	tjupan_bacillus_subtilis_main_af44da9eb65c9b2b	tjupan_bacillus_subtilis_main_af44da9eb65c9b2b	4.673061817852805	False	61	70	-	4.5
EMB_onehot_C12	positive	tjupan_bacillus_subtilis_main_b541048ffbe461fc	tjupan_bacillus_subtilis_main_b541048ffbe461fc	3.996720363792961	False	72	81	+	15.5
EMB_onehot_C12	positive	tjupan_bacillus_subtilis_main_b558e80410906098	dbtbs_bsub_core_b558e80410906098	3.2152153478539414	False	56	65	+	-0.5
EMB_onehot_C12	positive	tjupan_bacillus_subtilis_main_b809758bf01da07c	tjupan_bacillus_subtilis_main_b809758bf01da07c	8.784062774471938	True	68	77	+	11.5
EMB_onehot_C12	positive	tjupan_bacillus_subtilis_main_b86a1d8c42408cc4	tjupan_bacillus_subtilis_main_b86a1d8c42408cc4	5.233340104028448	False	42	51	-	-14.5
EMB_onehot_C12	positive	tjupan_bacillus_subtilis_main_c7551eecc12a98c1	tjupan_bacillus_subtilis_main_c7551eecc12a98c1	5.653049806812282	False	51	60	+	-5.5
EMB_onehot_C12	positive	tjupan_bacillus_subtilis_main_c897ab6e4a2d8869	tjupan_bacillus_subtilis_main_c897ab6e4a2d8869	4.2544355216591665	False	70	79	+	13.5
EMB_onehot_C12	positive	tjupan_bacillus_subtilis_main_cd9626c39ea075d5	dbtbs_bsub_core_cd9626c39ea075d5	4.303308707110778	False	22	31	+	-34.5
EMB_onehot_C12	positive	tjupan_bacillus_subtilis_main_cf013234eecd796b	dbtbs_bsub_core_700614a2577d51a9	2.8543328824528427	False	58	67	+	1.5
EMB_onehot_C12	positive	tjupan_bacillus_subtilis_main_d072d578ae627246	tjupan_bacillus_subtilis_main_d072d578ae627246	4.239879152302342	False	13	22	+	-43.5
EMB_onehot_C12	positive	tjupan_bacillus_subtilis_main_d434d749686b9e33	dbtbs_bsub_core_137eff58d766cefa	5.339175828367656	False	11	20	-	-45.5
EMB_onehot_C12	positive	tjupan_bacillus_subtilis_main_d75f323535d0e96f	tjupan_bacillus_subtilis_main_d75f323535d0e96f	5.638988476386768	False	29	38	-	-27.5
EMB_onehot_C12	positive	tjupan_bacillus_subtilis_main_d94f791dab569af4	dbtbs_bsub_core_e72b843a494a35db	3.1761066213408626	False	66	75	+	9.5
EMB_onehot_C12	positive	tjupan_bacillus_subtilis_main_dc95e7cdf3939931	dbtbs_bsub_core_dc95e7cdf3939931	5.224126117638971	False	10	19	+	-46.5
EMB_onehot_C12	positive	tjupan_bacillus_subtilis_main_dda9e4c6372ef204	dbtbs_bsub_core_50819f6cb2562fd8	6.118667782313578	False	70	79	-	13.5
EMB_onehot_C12	positive	tjupan_bacillus_subtilis_main_e51e63a9cb3e9467	dbtbs_bsub_core_bb482769c888cf21	3.7581737010854437	False	65	74	-	8.5
EMB_onehot_C12	positive	tjupan_bacillus_subtilis_main_e7e17b10ff25536a	tjupan_bacillus_subtilis_main_1eb616e060615c81	2.2575077062035334	False	39	48	-	-17.5
EMB_onehot_C12	positive	tjupan_bacillus_subtilis_main_f2d1e33176b05430	dbtbs_bsub_core_f2d1e33176b05430	3.474512889164679	False	17	26	-	-39.5
EMB_onehot_C12	positive	tjupan_bacillus_subtilis_main_fe854ef781d570c9	dbtbs_bsub_core_79142b70125d7f77	2.712950748132667	False	58	67	+	1.5
EMB_onehot_C12	natural	tjupan_bacillus_subtilis_main_01f49032fc924b2b	tjupan_bacillus_subtilis_main_01f49032fc924b2b	2.835328514182536	False	48	57	+	-8.5
EMB_onehot_C12	natural	tjupan_bacillus_subtilis_main_0369fa5f1dde8889	tjupan_bacillus_subtilis_main_0369fa5f1dde8889	2.942111498801507	False	17	26	-	-39.5
EMB_onehot_C12	natural	tjupan_bacillus_subtilis_main_04bf0704019251eb	tjupan_bacillus_subtilis_main_04bf0704019251eb	6.6586473373185235	False	62	71	+	5.5
EMB_onehot_C12	natural	tjupan_bacillus_subtilis_main_07a43cab15901fd0	tjupan_bacillus_subtilis_main_07a43cab15901fd0	5.394169882718613	False	33	42	+	-23.5
EMB_onehot_C12	natural	tjupan_bacillus_subtilis_main_0abf62f108ad9afa	tjupan_bacillus_subtilis_main_0abf62f108ad9afa	3.7800681686266238	False	49	58	+	-7.5
EMB_onehot_C12	natural	tjupan_bacillus_subtilis_main_10a028761e096e6f	tjupan_bacillus_subtilis_main_10a028761e096e6f	4.018573335777756	False	59	68	-	2.5
EMB_onehot_C12	natural	tjupan_bacillus_subtilis_main_1183c551e9c3884e	tjupan_bacillus_subtilis_main_1183c551e9c3884e	2.953644900938686	False	57	66	+	0.5
EMB_onehot_C12	natural	tjupan_bacillus_subtilis_main_11c75fe7d070d91d	tjupan_bacillus_subtilis_main_11c75fe7d070d91d	7.142598717783587	False	72	81	+	15.5
EMB_onehot_C12	natural	tjupan_bacillus_subtilis_main_13f81edc59432f39	tjupan_bacillus_subtilis_main_13f81edc59432f39	7.309769037384848	False	67	76	-	10.5
EMB_onehot_C12	natural	tjupan_bacillus_subtilis_main_1a1965c69595e91c	tjupan_bacillus_subtilis_main_1a1965c69595e91c	4.707319183250986	False	21	30	+	-35.5
EMB_onehot_C12	natural	tjupan_bacillus_subtilis_main_28ceb7fd6ffaf1b1	tjupan_bacillus_subtilis_main_28ceb7fd6ffaf1b1	4.356903638564383	False	2	11	+	-54.5
EMB_onehot_C12	natural	tjupan_bacillus_subtilis_main_2a691ccdd9f8cd87	tjupan_bacillus_subtilis_main_2a691ccdd9f8cd87	6.168201933755258	False	71	80	+	14.5
EMB_onehot_C12	natural	tjupan_bacillus_subtilis_main_3095b00d206277d2	tjupan_bacillus_subtilis_main_3095b00d206277d2	4.889127380997188	False	27	36	+	-29.5
EMB_onehot_C12	natural	tjupan_bacillus_subtilis_main_33ded6bc702ab6e3	tjupan_bacillus_subtilis_main_33ded6bc702ab6e3	5.917552283596596	False	43	52	+	-13.5
EMB_onehot_C12	natural	tjupan_bacillus_subtilis_main_3b669bfd8e8ecc5c	tjupan_bacillus_subtilis_main_3b669bfd8e8ecc5c	5.499103275665931	False	72	81	+	15.5
EMB_onehot_C12	natural	tjupan_bacillus_subtilis_main_3dfed0cfea4ace99	tjupan_bacillus_subtilis_main_3dfed0cfea4ace99	5.79561132351532	False	20	29	+	-36.5
EMB_onehot_C12	natural	tjupan_bacillus_subtilis_main_3f82397c249b4c2e	tjupan_bacillus_subtilis_main_3f82397c249b4c2e	6.950289761874209	False	65	74	+	8.5
EMB_onehot_C12	natural	tjupan_bacillus_subtilis_main_413de94f4b4cc894	tjupan_bacillus_subtilis_main_413de94f4b4cc894	4.400224198915263	False	40	49	+	-16.5
EMB_onehot_C12	natural	tjupan_bacillus_subtilis_main_4225dc5bcf089682	tjupan_bacillus_subtilis_main_4225dc5bcf089682	4.201475633416447	False	43	52	-	-13.5
EMB_onehot_C12	natural	tjupan_bacillus_subtilis_main_43e8357a95b8acad	tjupan_bacillus_subtilis_main_43e8357a95b8acad	4.9876686236358285	False	55	64	-	-1.5
EMB_onehot_C12	natural	tjupan_bacillus_subtilis_main_44b9e66950262593	tjupan_bacillus_subtilis_main_44b9e66950262593	5.680075372693315	False	57	66	-	0.5
EMB_onehot_C12	natural	tjupan_bacillus_subtilis_main_4600103c5e396ab7	tjupan_bacillus_subtilis_main_4600103c5e396ab7	3.9095723562738853	False	1	10	+	-55.5
EMB_onehot_C12	natural	tjupan_bacillus_subtilis_main_47b01646ad818f05	tjupan_bacillus_subtilis_main_47b01646ad818f05	4.582436555926076	False	68	77	-	11.5
EMB_onehot_C12	natural	tjupan_bacillus_subtilis_main_47f3a0ce2d4034a8	tjupan_bacillus_subtilis_main_47f3a0ce2d4034a8	4.985883894316784	False	41	50	+	-15.5
EMB_onehot_C12	natural	tjupan_bacillus_subtilis_main_4c62636643ef908e	tjupan_bacillus_subtilis_main_4c62636643ef908e	3.5333687508612446	False	33	42	-	-23.5
EMB_onehot_C12	natural	tjupan_bacillus_subtilis_main_4ec6f242d8a5df5c	tjupan_bacillus_subtilis_main_4ec6f242d8a5df5c	6.226915961879474	False	43	52	-	-13.5
EMB_onehot_C12	natural	tjupan_bacillus_subtilis_main_4efdcab552f8b70d	tjupan_bacillus_subtilis_main_4efdcab552f8b70d	5.0877132501339455	False	19	28	+	-37.5
EMB_onehot_C12	natural	tjupan_bacillus_subtilis_main_51577d89c939deba	tjupan_bacillus_subtilis_main_51577d89c939deba	5.038483387238319	False	55	64	+	-1.5
EMB_onehot_C12	natural	tjupan_bacillus_subtilis_main_52bff7f8e27d9410	tjupan_bacillus_subtilis_main_52bff7f8e27d9410	4.250108866825183	False	9	18	+	-47.5
EMB_onehot_C12	natural	tjupan_bacillus_subtilis_main_59901c21c497690b	tjupan_bacillus_subtilis_main_59901c21c497690b	6.485224699309474	False	33	42	+	-23.5
EMB_onehot_C12	natural	tjupan_bacillus_subtilis_main_5f953d4f57c1fa81	tjupan_bacillus_subtilis_main_5f953d4f57c1fa81	5.395609788740762	False	34	43	+	-22.5
EMB_onehot_C12	natural	tjupan_bacillus_subtilis_main_669f9a1f1028b036	tjupan_bacillus_subtilis_main_669f9a1f1028b036	6.036503355951863	False	67	76	+	10.5
EMB_onehot_C12	natural	tjupan_bacillus_subtilis_main_69dc5d058d63d549	tjupan_bacillus_subtilis_main_69dc5d058d63d549	5.763594706048213	False	11	20	-	-45.5
EMB_onehot_C12	natural	tjupan_bacillus_subtilis_main_6cfe0a7e178b1651	tjupan_bacillus_subtilis_main_6cfe0a7e178b1651	6.83322662328286	False	71	80	+	14.5
EMB_onehot_C12	natural	tjupan_bacillus_subtilis_main_705ab5e790a4610d	tjupan_bacillus_subtilis_main_705ab5e790a4610d	4.640106826136453	False	48	57	-	-8.5
EMB_onehot_C12	natural	tjupan_bacillus_subtilis_main_71852833d33a5887	tjupan_bacillus_subtilis_main_71852833d33a5887	2.91739114447014	False	24	33	+	-32.5
EMB_onehot_C12	natural	tjupan_bacillus_subtilis_main_76c86d1f05ca1d88	tjupan_bacillus_subtilis_main_76c86d1f05ca1d88	5.698672396597153	False	9	18	+	-47.5
EMB_onehot_C12	natural	tjupan_bacillus_subtilis_main_777d2d2586a95fbc	tjupan_bacillus_subtilis_main_777d2d2586a95fbc	7.254544792541293	False	1	10	+	-55.5
EMB_onehot_C12	natural	tjupan_bacillus_subtilis_main_7c99b9a8665786aa	tjupan_bacillus_subtilis_main_7c99b9a8665786aa	6.333715995404122	False	72	81	+	15.5
EMB_onehot_C12	natural	tjupan_bacillus_subtilis_main_82f0003647ec7740	tjupan_bacillus_subtilis_main_82f0003647ec7740	4.381417973317313	False	50	59	+	-6.5
EMB_onehot_C12	natural	tjupan_bacillus_subtilis_main_8a9952e5dc8e0bd1	tjupan_bacillus_subtilis_main_8a9952e5dc8e0bd1	5.000002325702294	False	31	40	-	-25.5
EMB_onehot_C12	natural	tjupan_bacillus_subtilis_main_8c2afb751c3f9d92	tjupan_bacillus_subtilis_main_8c2afb751c3f9d92	4.642556863775905	False	3	12	+	-53.5
EMB_onehot_C12	natural	tjupan_bacillus_subtilis_main_8e1b3c58365d2bbd	tjupan_bacillus_subtilis_main_8e1b3c58365d2bbd	4.9052426837188765	False	17	26	-	-39.5
EMB_onehot_C12	natural	tjupan_bacillus_subtilis_main_906140fe2a990d8e	tjupan_bacillus_subtilis_main_906140fe2a990d8e	6.801113726537914	False	55	64	+	-1.5
EMB_onehot_C12	natural	tjupan_bacillus_subtilis_main_94dbc17f3078c678	tjupan_bacillus_subtilis_main_94dbc17f3078c678	4.357053075463901	False	57	66	+	0.5
EMB_onehot_C12	natural	tjupan_bacillus_subtilis_main_9bf1d28c9aae3b2e	tjupan_bacillus_subtilis_main_9bf1d28c9aae3b2e	5.107904066473914	False	7	16	+	-49.5
EMB_onehot_C12	natural	tjupan_bacillus_subtilis_main_9cc8f38cff175da4	tjupan_bacillus_subtilis_main_9cc8f38cff175da4	5.712152673514255	False	11	20	+	-45.5
EMB_onehot_C12	natural	tjupan_bacillus_subtilis_main_9cceb700e3527301	tjupan_bacillus_subtilis_main_9cceb700e3527301	5.266379282799827	False	38	47	+	-18.5
EMB_onehot_C12	natural	tjupan_bacillus_subtilis_main_9d0345f875b7552c	tjupan_bacillus_subtilis_main_9d0345f875b7552c	5.313353763191273	False	55	64	+	-1.5
EMB_onehot_C12	natural	tjupan_bacillus_subtilis_main_a3fedb31fa6cc84b	tjupan_bacillus_subtilis_main_a3fedb31fa6cc84b	5.890289600415172	False	68	77	+	11.5
EMB_onehot_C12	natural	tjupan_bacillus_subtilis_main_a54e7006d4699b67	tjupan_bacillus_subtilis_main_a54e7006d4699b67	6.81133294965322	False	66	75	+	9.5
EMB_onehot_C12	natural	tjupan_bacillus_subtilis_main_aaa45c891936f972	tjupan_bacillus_subtilis_main_aaa45c891936f972	3.2660845520625625	False	43	52	+	-13.5
EMB_onehot_C12	natural	tjupan_bacillus_subtilis_main_aec3d55ae2f9e509	tjupan_bacillus_subtilis_main_aec3d55ae2f9e509	7.156986363168498	False	2	11	-	-54.5
EMB_onehot_C12	natural	tjupan_bacillus_subtilis_main_b0b9cfd1b442c029	tjupan_bacillus_subtilis_main_b0b9cfd1b442c029	5.14736812922487	False	33	42	+	-23.5
EMB_onehot_C12	natural	tjupan_bacillus_subtilis_main_b161f4572a371b25	tjupan_bacillus_subtilis_main_b161f4572a371b25	2.6279413244975585	False	68	77	+	11.5
EMB_onehot_C12	natural	tjupan_bacillus_subtilis_main_b3e87bd1af1ccb1a	tjupan_bacillus_subtilis_main_b3e87bd1af1ccb1a	4.429443162620684	False	48	57	+	-8.5
EMB_onehot_C12	natural	tjupan_bacillus_subtilis_main_b5ddce4bc0328e2c	tjupan_bacillus_subtilis_main_b5ddce4bc0328e2c	3.5878071077200664	False	41	50	+	-15.5
EMB_onehot_C12	natural	tjupan_bacillus_subtilis_main_b9d7835496546020	tjupan_bacillus_subtilis_main_b9d7835496546020	3.2155995797935555	False	64	73	+	7.5
EMB_onehot_C12	natural	tjupan_bacillus_subtilis_main_bd36aa35d4edeb39	tjupan_bacillus_subtilis_main_bd36aa35d4edeb39	5.279509406057863	False	50	59	+	-6.5
EMB_onehot_C12	natural	tjupan_bacillus_subtilis_main_c24b04311bf8b4bf	tjupan_bacillus_subtilis_main_c24b04311bf8b4bf	4.953317153942434	False	18	27	+	-38.5
EMB_onehot_C12	natural	tjupan_bacillus_subtilis_main_c981e3412d58013c	tjupan_bacillus_subtilis_main_c981e3412d58013c	4.39784469223973	False	30	39	+	-26.5
EMB_onehot_C12	natural	tjupan_bacillus_subtilis_main_cbe667645cefe255	tjupan_bacillus_subtilis_main_cbe667645cefe255	5.717444648547402	False	65	74	+	8.5
EMB_onehot_C12	natural	tjupan_bacillus_subtilis_main_ced7dfa7b2671e00	tjupan_bacillus_subtilis_main_ced7dfa7b2671e00	5.090154880676647	False	47	56	-	-9.5
EMB_onehot_C12	natural	tjupan_bacillus_subtilis_main_d14a8947b06ae361	tjupan_bacillus_subtilis_main_d14a8947b06ae361	6.084289329365221	False	45	54	+	-11.5
EMB_onehot_C12	natural	tjupan_bacillus_subtilis_main_dd7d0f632ba9b25f	tjupan_bacillus_subtilis_main_dd7d0f632ba9b25f	5.15000213053804	False	72	81	-	15.5
EMB_onehot_C12	natural	tjupan_bacillus_subtilis_main_deeb9c19c390dc19	tjupan_bacillus_subtilis_main_deeb9c19c390dc19	3.323968123996894	False	41	50	-	-15.5
EMB_onehot_C12	natural	tjupan_bacillus_subtilis_main_dfdf3a9a774b0b36	tjupan_bacillus_subtilis_main_dfdf3a9a774b0b36	5.261855107612757	False	42	51	+	-14.5
EMB_onehot_C12	natural	tjupan_bacillus_subtilis_main_e05a9847e20fa44f	tjupan_bacillus_subtilis_main_e05a9847e20fa44f	4.5635064297315715	False	4	13	-	-52.5
EMB_onehot_C12	natural	tjupan_bacillus_subtilis_main_e09693162cd1efc7	tjupan_bacillus_subtilis_main_e09693162cd1efc7	2.6227010407460956	False	22	31	-	-34.5
EMB_onehot_C12	natural	tjupan_bacillus_subtilis_main_e1df7768894b7e64	tjupan_bacillus_subtilis_main_e1df7768894b7e64	4.1246323253046375	False	56	65	-	-0.5
EMB_onehot_C12	natural	tjupan_bacillus_subtilis_main_e4935e5203d5f4a1	tjupan_bacillus_subtilis_main_e4935e5203d5f4a1	3.7387630641663234	False	49	58	+	-7.5
EMB_onehot_C12	natural	tjupan_bacillus_subtilis_main_e71258c4630ccafd	tjupan_bacillus_subtilis_main_e71258c4630ccafd	4.211157006082775	False	6	15	-	-50.5
EMB_onehot_C12	natural	tjupan_bacillus_subtilis_main_ea6abbc438ac2020	tjupan_bacillus_subtilis_main_ea6abbc438ac2020	4.498076500775387	False	60	69	-	3.5
EMB_onehot_C12	natural	tjupan_bacillus_subtilis_main_ede46bd107484afd	tjupan_bacillus_subtilis_main_ede46bd107484afd	4.911491215472588	False	26	35	+	-30.5
EMB_onehot_C12	natural	tjupan_bacillus_subtilis_main_f0317abbf46a2fa8	tjupan_bacillus_subtilis_main_f0317abbf46a2fa8	4.820414113454582	False	71	80	+	14.5
EMB_onehot_C12	natural	tjupan_bacillus_subtilis_main_fe9f961ad53aca80	tjupan_bacillus_subtilis_main_fe9f961ad53aca80	3.7515486944436183	False	70	79	-	13.5
EMB_onehot_C12	natural	tjupan_bacillus_subtilis_main_fffb0162887a3736	tjupan_bacillus_subtilis_main_fffb0162887a3736	5.0861082021197905	False	13	22	-	-43.5
EMB_onehot_C12	shuffle	tjupan_bacillus_subtilis_main_0dc2e54e8f0778d4__dinucleotide_null	dbtbs_bsub_core_89ecb38b4ff0148f	2.2100951497471257	False	55	64	+	-1.5
EMB_onehot_C12	shuffle	tjupan_bacillus_subtilis_main_682dcc155b9eb236__dinucleotide_null	dbtbs_bsub_core_5d3712ff0aeb1916	2.282202191362905	False	38	47	-	-18.5
EMB_onehot_C12	shuffle	tjupan_bacillus_subtilis_main_f2d1e33176b05430__dinucleotide_null	dbtbs_bsub_core_f2d1e33176b05430	2.0096558286650446	False	18	27	+	-38.5
EMB_onehot_C12	shuffle	tjupan_bacillus_subtilis_main_c7551eecc12a98c1__dinucleotide_null	tjupan_bacillus_subtilis_main_c7551eecc12a98c1	1.2395143420644268	False	56	65	+	-0.5
EMB_onehot_C12	shuffle	tjupan_bacillus_subtilis_main_89e75db25f32c6c9__dinucleotide_null	dbtbs_bsub_core_66a79c370c059251	3.3455419031667253	False	70	79	+	13.5
EMB_onehot_C12	shuffle	tjupan_bacillus_subtilis_main_9996ea2b61a7fc82__dinucleotide_null	tjupan_bacillus_subtilis_main_9996ea2b61a7fc82	4.671262425264613	False	56	65	+	-0.5
EMB_onehot_C12	shuffle	tjupan_bacillus_subtilis_main_b86a1d8c42408cc4__dinucleotide_null	tjupan_bacillus_subtilis_main_b86a1d8c42408cc4	6.746251601336558	False	63	72	-	6.5
EMB_onehot_C12	shuffle	tjupan_bacillus_subtilis_main_79220287475133e5__dinucleotide_null	dbtbs_bsub_core_79220287475133e5	6.461962360722918	False	12	21	+	-44.5
EMB_onehot_C12	shuffle	tjupan_bacillus_subtilis_main_a2bee6d81c2dad89__dinucleotide_null	dbtbs_bsub_core_a2bee6d81c2dad89	5.5522618203431815	False	24	33	+	-32.5
EMB_onehot_C12	shuffle	tjupan_bacillus_subtilis_main_103f2a1ec6daa8c4__dinucleotide_null	dbtbs_bsub_core_103f2a1ec6daa8c4	2.4494548119414645	False	44	53	+	-12.5
EMB_onehot_C12	shuffle	tjupan_bacillus_subtilis_main_996c93274b7d349e__dinucleotide_null	tjupan_bacillus_subtilis_main_996c93274b7d349e	5.18427690303573	False	10	19	+	-46.5
EMB_onehot_C12	shuffle	tjupan_bacillus_subtilis_main_7c407bebf512b5e0__dinucleotide_null	tjupan_bacillus_subtilis_main_7c407bebf512b5e0	4.238033268421304	False	13	22	-	-43.5
EMB_onehot_C12	shuffle	tjupan_bacillus_subtilis_main_842f97f040946982__dinucleotide_null	tjupan_bacillus_subtilis_main_842f97f040946982	3.837636869596709	False	41	50	+	-15.5
EMB_onehot_C12	shuffle	tjupan_bacillus_subtilis_main_42c1909004fe3d73__dinucleotide_null	tjupan_bacillus_subtilis_main_42c1909004fe3d73	4.586293965240199	False	62	71	+	5.5
EMB_onehot_C12	shuffle	tjupan_bacillus_subtilis_main_42074f78c0199323__dinucleotide_null	dbtbs_bsub_core_42074f78c0199323	3.218602095463536	False	1	10	+	-55.5
EMB_onehot_C12	shuffle	tjupan_bacillus_subtilis_main_72127e86172ad2be__dinucleotide_null	tjupan_bacillus_subtilis_main_72127e86172ad2be	2.0071482101814118	False	5	14	+	-51.5
EMB_onehot_C12	shuffle	tjupan_bacillus_subtilis_main_d072d578ae627246__dinucleotide_null	tjupan_bacillus_subtilis_main_d072d578ae627246	6.008518603245473	False	15	24	+	-41.5
EMB_onehot_C12	shuffle	tjupan_bacillus_subtilis_main_a2ab5f161ee68a0a__dinucleotide_null	tjupan_bacillus_subtilis_main_a2ab5f161ee68a0a	4.815559923590939	False	6	15	+	-50.5
EMB_onehot_C12	shuffle	tjupan_bacillus_subtilis_main_3ec8c178aa138223__dinucleotide_null	tjupan_bacillus_subtilis_main_3ec8c178aa138223	2.3881792642294517	False	56	65	+	-0.5
EMB_onehot_C12	shuffle	tjupan_bacillus_subtilis_main_824214e197f86545__dinucleotide_null	tjupan_bacillus_subtilis_main_824214e197f86545	3.877849702339724	False	6	15	-	-50.5
EMB_onehot_C12	shuffle	tjupan_bacillus_subtilis_main_721ac29c5ef7c9f0__dinucleotide_null	dbtbs_bsub_core_721ac29c5ef7c9f0	4.585787291352304	False	38	47	+	-18.5
EMB_onehot_C12	shuffle	tjupan_bacillus_subtilis_main_a7eb317986e0a410__dinucleotide_null	tjupan_bacillus_subtilis_main_a7eb317986e0a410	8.497760904077643	True	72	81	+	15.5
EMB_onehot_C12	shuffle	tjupan_bacillus_subtilis_main_6cf2c0e47935a8c2__dinucleotide_null	dbtbs_bsub_core_6cf2c0e47935a8c2	3.860386991985564	False	26	35	+	-30.5
EMB_onehot_C12	shuffle	tjupan_bacillus_subtilis_main_cd9626c39ea075d5__dinucleotide_null	dbtbs_bsub_core_cd9626c39ea075d5	5.163980817458203	False	66	75	-	9.5
EMB_onehot_C12	shuffle	tjupan_bacillus_subtilis_main_4a95c9a0c8c0dc5d__dinucleotide_null	dbtbs_bsub_core_d38f72abf66add23	4.591496011467134	False	71	80	-	14.5
EMB_onehot_C12	shuffle	tjupan_bacillus_subtilis_main_323902b09c4af7f6__dinucleotide_null	dbtbs_bsub_core_bb1d2472f35efe20	4.622888710554961	False	15	24	+	-41.5
EMB_onehot_C12	shuffle	tjupan_bacillus_subtilis_main_dda9e4c6372ef204__dinucleotide_null	dbtbs_bsub_core_50819f6cb2562fd8	4.740574806809221	False	26	35	-	-30.5
EMB_onehot_C12	shuffle	tjupan_bacillus_subtilis_main_6fc8f7f57b8f5e9d__dinucleotide_null	tjupan_bacillus_subtilis_main_6fc8f7f57b8f5e9d	3.192162798819109	False	23	32	+	-33.5
EMB_onehot_C12	shuffle	tjupan_bacillus_subtilis_main_84cc0835204b8e58__dinucleotide_null	dbtbs_bsub_core_396da27afda34e05	7.0713151709641595	False	4	13	+	-52.5
EMB_onehot_C12	shuffle	tjupan_bacillus_subtilis_main_c897ab6e4a2d8869__dinucleotide_null	tjupan_bacillus_subtilis_main_c897ab6e4a2d8869	6.194347232536314	False	71	80	+	14.5
EMB_onehot_C12	shuffle	tjupan_bacillus_subtilis_main_1b58b9006f9baf4f__dinucleotide_null	dbtbs_bsub_core_1b58b9006f9baf4f	2.0188507362633126	False	15	24	+	-41.5
EMB_onehot_C12	shuffle	tjupan_bacillus_subtilis_main_5bcbea22526b97af__dinucleotide_null	dbtbs_bsub_core_2bafb1a73b5c7300	3.611521227370991	False	68	77	+	11.5
EMB_onehot_C12	shuffle	tjupan_bacillus_subtilis_main_e51e63a9cb3e9467__dinucleotide_null	dbtbs_bsub_core_bb482769c888cf21	4.06877277970648	False	43	52	-	-13.5
EMB_onehot_C12	shuffle	tjupan_bacillus_subtilis_main_b558e80410906098__dinucleotide_null	dbtbs_bsub_core_b558e80410906098	5.188852234754572	False	56	65	-	-0.5
EMB_onehot_C12	shuffle	tjupan_bacillus_subtilis_main_dc95e7cdf3939931__dinucleotide_null	dbtbs_bsub_core_dc95e7cdf3939931	4.816945234144981	False	23	32	+	-33.5
EMB_onehot_C12	shuffle	tjupan_bacillus_subtilis_main_cf013234eecd796b__dinucleotide_null	dbtbs_bsub_core_700614a2577d51a9	2.0528616531360315	False	45	54	+	-11.5
EMB_onehot_C12	shuffle	tjupan_bacillus_subtilis_main_b541048ffbe461fc__dinucleotide_null	tjupan_bacillus_subtilis_main_b541048ffbe461fc	5.415936722447377	False	9	18	+	-47.5
EMB_onehot_C12	shuffle	tjupan_bacillus_subtilis_main_0b4e887f7ea9c424__dinucleotide_null	dbtbs_bsub_core_0b4e887f7ea9c424	3.122718098093167	False	47	56	+	-9.5
EMB_onehot_C12	shuffle	tjupan_bacillus_subtilis_main_93a3a1679c7a73c9__dinucleotide_null	tjupan_bacillus_subtilis_main_93a3a1679c7a73c9	3.3688104442331763	False	13	22	-	-43.5
EMB_onehot_C12	shuffle	tjupan_bacillus_subtilis_main_e7e17b10ff25536a__dinucleotide_null	tjupan_bacillus_subtilis_main_1eb616e060615c81	3.0554488019243986	False	63	72	-	6.5
EMB_onehot_C12	shuffle	tjupan_bacillus_subtilis_main_d94f791dab569af4__dinucleotide_null	dbtbs_bsub_core_e72b843a494a35db	2.4339049229487006	False	11	20	-	-45.5
EMB_onehot_C12	shuffle	tjupan_bacillus_subtilis_main_d75f323535d0e96f__dinucleotide_null	tjupan_bacillus_subtilis_main_d75f323535d0e96f	5.622609175001858	False	63	72	+	6.5
EMB_onehot_C12	shuffle	tjupan_bacillus_subtilis_main_74379fc21a77213d__dinucleotide_null	tjupan_bacillus_subtilis_main_74379fc21a77213d	3.3354540288104695	False	15	24	+	-41.5
EMB_onehot_C12	shuffle	tjupan_bacillus_subtilis_main_6f5bfd2e001a2697__dinucleotide_null	dbtbs_bsub_core_6f5bfd2e001a2697	1.7180591293463277	False	37	46	+	-19.5
EMB_onehot_C12	shuffle	tjupan_bacillus_subtilis_main_1eb616e060615c81__dinucleotide_null	tjupan_bacillus_subtilis_main_1eb616e060615c81	3.445944377290475	False	65	74	+	8.5
EMB_onehot_C12	shuffle	tjupan_bacillus_subtilis_main_409ff8a786357eb4__dinucleotide_null	dbtbs_bsub_core_3e3a825c0d09de99	4.265640966772699	False	38	47	+	-18.5
EMB_onehot_C12	shuffle	tjupan_bacillus_subtilis_main_1bc60721b4be672c__dinucleotide_null	dbtbs_bsub_core_cb8975beecd17a84	5.709483767185388	False	72	81	+	15.5
EMB_onehot_C12	shuffle	tjupan_bacillus_subtilis_main_af44da9eb65c9b2b__dinucleotide_null	tjupan_bacillus_subtilis_main_af44da9eb65c9b2b	3.0870753653213088	False	68	77	-	11.5
EMB_onehot_C12	shuffle	tjupan_bacillus_subtilis_main_8f5b60fc07e381f2__dinucleotide_null	dbtbs_bsub_core_8f5b60fc07e381f2	5.149378054707311	False	64	73	+	7.5
EMB_onehot_C12	shuffle	tjupan_bacillus_subtilis_main_5c9bf0eab187b5f5__dinucleotide_null	dbtbs_bsub_core_93f240a64705adb6	3.852058570516233	False	3	12	+	-53.5
EMB_onehot_C12	shuffle	tjupan_bacillus_subtilis_main_aaf138e1b23719d3__dinucleotide_null	dbtbs_bsub_core_380666e4ad2529dd	2.493766520051445	False	47	56	-	-9.5
EMB_onehot_C12	shuffle	tjupan_bacillus_subtilis_main_0fcba0431054cde6__dinucleotide_null	dbtbs_bsub_core_0fcba0431054cde6	3.3033095114434703	False	57	66	+	0.5
EMB_onehot_C12	shuffle	tjupan_bacillus_subtilis_main_6f6446b7ed912162__dinucleotide_null	dbtbs_bsub_core_6f6446b7ed912162	4.021768467783863	False	63	72	-	6.5
EMB_onehot_C12	shuffle	tjupan_bacillus_subtilis_main_d434d749686b9e33__dinucleotide_null	dbtbs_bsub_core_137eff58d766cefa	3.839804570374351	False	7	16	-	-49.5
EMB_onehot_C12	shuffle	tjupan_bacillus_subtilis_main_96c549f1b176b111__dinucleotide_null	tjupan_bacillus_subtilis_main_96c549f1b176b111	3.001160091307564	False	70	79	+	13.5
EMB_onehot_C12	shuffle	tjupan_bacillus_subtilis_main_a4db17c75fb94c83__dinucleotide_null	dbtbs_bsub_core_8c6f4b9eba960292	3.467564894286153	False	18	27	+	-38.5
EMB_onehot_C12	shuffle	tjupan_bacillus_subtilis_main_0e5e92df8dafa46f__dinucleotide_null	dbtbs_bsub_core_0e5e92df8dafa46f	3.1415778515317614	False	6	15	+	-50.5
EMB_onehot_C12	shuffle	tjupan_bacillus_subtilis_main_089b35a135bf8797__dinucleotide_null	tjupan_bacillus_subtilis_main_089b35a135bf8797	3.3376935384905497	False	47	56	-	-9.5
EMB_onehot_C12	shuffle	tjupan_bacillus_subtilis_main_2e3c51df0d86f79b__dinucleotide_null	dbtbs_bsub_core_245b899eb3255120	5.144243480664049	False	64	73	+	7.5
EMB_onehot_C12	shuffle	tjupan_bacillus_subtilis_main_648aef9dba1f38c4__dinucleotide_null	tjupan_bacillus_subtilis_main_648aef9dba1f38c4	2.897691451141476	False	39	48	+	-17.5
EMB_onehot_C12	shuffle	tjupan_bacillus_subtilis_main_b809758bf01da07c__dinucleotide_null	tjupan_bacillus_subtilis_main_b809758bf01da07c	5.268230958508931	False	40	49	+	-16.5
EMB_onehot_C12	shuffle	tjupan_bacillus_subtilis_main_72db3945a2fcac01__dinucleotide_null	tjupan_bacillus_subtilis_main_72db3945a2fcac01	3.6115212273709907	False	38	47	-	-18.5
EMB_onehot_C12	shuffle	tjupan_bacillus_subtilis_main_8d9a62a0fbc43019__dinucleotide_null	dbtbs_bsub_core_3348625232a23256	4.112957743431758	False	9	18	+	-47.5
EMB_onehot_C12	shuffle	tjupan_bacillus_subtilis_main_2fc6e10224ce632e__dinucleotide_null	dbtbs_bsub_core_2fc6e10224ce632e	5.071899322704993	False	28	37	+	-28.5
EMB_onehot_C12	shuffle	tjupan_bacillus_subtilis_main_4dd4acc476485632__dinucleotide_null	tjupan_bacillus_subtilis_main_4dd4acc476485632	5.17112534651312	False	8	17	+	-48.5
EMB_onehot_C12	shuffle	tjupan_bacillus_subtilis_main_5a1a4573de4d55b3__dinucleotide_null	dbtbs_bsub_core_af75962c5aaa60ac	3.010114696960926	False	68	77	-	11.5
EMB_onehot_C12	shuffle	tjupan_bacillus_subtilis_main_fe854ef781d570c9__dinucleotide_null	dbtbs_bsub_core_79142b70125d7f77	3.9232473804383043	False	30	39	-	-26.5
EMB_onehot_C13	positive	tjupan_bacillus_subtilis_main_089b35a135bf8797	tjupan_bacillus_subtilis_main_089b35a135bf8797	10.594447345821251	True	10	19	-	-46.5
EMB_onehot_C13	positive	tjupan_bacillus_subtilis_main_0b4e887f7ea9c424	dbtbs_bsub_core_0b4e887f7ea9c424	10.76691786018463	True	8	17	+	-48.5
EMB_onehot_C13	positive	tjupan_bacillus_subtilis_main_0dc2e54e8f0778d4	dbtbs_bsub_core_89ecb38b4ff0148f	7.416787973820643	False	66	75	+	9.5
EMB_onehot_C13	positive	tjupan_bacillus_subtilis_main_0e5e92df8dafa46f	dbtbs_bsub_core_0e5e92df8dafa46f	6.578051812887685	False	13	22	+	-43.5
EMB_onehot_C13	positive	tjupan_bacillus_subtilis_main_0fcba0431054cde6	dbtbs_bsub_core_0fcba0431054cde6	7.490723259944614	False	50	59	+	-6.5
EMB_onehot_C13	positive	tjupan_bacillus_subtilis_main_103f2a1ec6daa8c4	dbtbs_bsub_core_103f2a1ec6daa8c4	7.413872343076232	False	20	29	-	-36.5
EMB_onehot_C13	positive	tjupan_bacillus_subtilis_main_1b58b9006f9baf4f	dbtbs_bsub_core_1b58b9006f9baf4f	7.30562352919727	False	55	64	+	-1.5
EMB_onehot_C13	positive	tjupan_bacillus_subtilis_main_1bc60721b4be672c	dbtbs_bsub_core_cb8975beecd17a84	8.90149755700212	False	37	46	+	-19.5
EMB_onehot_C13	positive	tjupan_bacillus_subtilis_main_1eb616e060615c81	tjupan_bacillus_subtilis_main_1eb616e060615c81	3.991042830972794	False	16	25	-	-40.5
EMB_onehot_C13	positive	tjupan_bacillus_subtilis_main_2e3c51df0d86f79b	dbtbs_bsub_core_245b899eb3255120	6.332253861872292	False	56	65	-	-0.5
EMB_onehot_C13	positive	tjupan_bacillus_subtilis_main_2fc6e10224ce632e	dbtbs_bsub_core_2fc6e10224ce632e	8.336573630307655	False	1	10	+	-55.5
EMB_onehot_C13	positive	tjupan_bacillus_subtilis_main_323902b09c4af7f6	dbtbs_bsub_core_bb1d2472f35efe20	3.726677954441653	False	55	64	+	-1.5
EMB_onehot_C13	positive	tjupan_bacillus_subtilis_main_3ec8c178aa138223	tjupan_bacillus_subtilis_main_3ec8c178aa138223	6.750411437969913	False	27	36	+	-29.5
EMB_onehot_C13	positive	tjupan_bacillus_subtilis_main_409ff8a786357eb4	dbtbs_bsub_core_3e3a825c0d09de99	6.074220351661272	False	7	16	+	-49.5
EMB_onehot_C13	positive	tjupan_bacillus_subtilis_main_42074f78c0199323	dbtbs_bsub_core_42074f78c0199323	5.912021778404597	False	65	74	+	8.5
EMB_onehot_C13	positive	tjupan_bacillus_subtilis_main_42c1909004fe3d73	tjupan_bacillus_subtilis_main_42c1909004fe3d73	8.315447480846954	False	69	78	-	12.5
EMB_onehot_C13	positive	tjupan_bacillus_subtilis_main_4a95c9a0c8c0dc5d	dbtbs_bsub_core_d38f72abf66add23	4.230764248278843	False	26	35	+	-30.5
EMB_onehot_C13	positive	tjupan_bacillus_subtilis_main_4dd4acc476485632	tjupan_bacillus_subtilis_main_4dd4acc476485632	7.224710335087558	False	66	75	-	9.5
EMB_onehot_C13	positive	tjupan_bacillus_subtilis_main_5a1a4573de4d55b3	dbtbs_bsub_core_af75962c5aaa60ac	6.595666798973901	False	42	51	-	-14.5
EMB_onehot_C13	positive	tjupan_bacillus_subtilis_main_5bcbea22526b97af	dbtbs_bsub_core_2bafb1a73b5c7300	5.040207540957888	False	63	72	+	6.5
EMB_onehot_C13	positive	tjupan_bacillus_subtilis_main_5c9bf0eab187b5f5	dbtbs_bsub_core_93f240a64705adb6	10.111364892565032	True	1	10	-	-55.5
EMB_onehot_C13	positive	tjupan_bacillus_subtilis_main_648aef9dba1f38c4	tjupan_bacillus_subtilis_main_648aef9dba1f38c4	7.883941104675831	False	41	50	-	-15.5
EMB_onehot_C13	positive	tjupan_bacillus_subtilis_main_682dcc155b9eb236	dbtbs_bsub_core_5d3712ff0aeb1916	7.365547439148301	False	10	19	+	-46.5
EMB_onehot_C13	positive	tjupan_bacillus_subtilis_main_6cf2c0e47935a8c2	dbtbs_bsub_core_6cf2c0e47935a8c2	8.360891238191229	False	15	24	+	-41.5
EMB_onehot_C13	positive	tjupan_bacillus_subtilis_main_6f5bfd2e001a2697	dbtbs_bsub_core_6f5bfd2e001a2697	6.23629982536284	False	53	62	+	-3.5
EMB_onehot_C13	positive	tjupan_bacillus_subtilis_main_6f6446b7ed912162	dbtbs_bsub_core_6f6446b7ed912162	8.748202442048694	False	3	12	-	-53.5
EMB_onehot_C13	positive	tjupan_bacillus_subtilis_main_6fc8f7f57b8f5e9d	tjupan_bacillus_subtilis_main_6fc8f7f57b8f5e9d	8.547758121953017	False	15	24	+	-41.5
EMB_onehot_C13	positive	tjupan_bacillus_subtilis_main_72127e86172ad2be	tjupan_bacillus_subtilis_main_72127e86172ad2be	10.111364892565032	True	14	23	-	-42.5
EMB_onehot_C13	positive	tjupan_bacillus_subtilis_main_721ac29c5ef7c9f0	dbtbs_bsub_core_721ac29c5ef7c9f0	7.1150927799722465	False	65	74	+	8.5
EMB_onehot_C13	positive	tjupan_bacillus_subtilis_main_72db3945a2fcac01	tjupan_bacillus_subtilis_main_72db3945a2fcac01	7.444569140299149	False	33	42	-	-23.5
EMB_onehot_C13	positive	tjupan_bacillus_subtilis_main_74379fc21a77213d	tjupan_bacillus_subtilis_main_74379fc21a77213d	4.708749491854262	False	40	49	-	-16.5
EMB_onehot_C13	positive	tjupan_bacillus_subtilis_main_79220287475133e5	dbtbs_bsub_core_79220287475133e5	6.472937976925517	False	47	56	-	-9.5
EMB_onehot_C13	positive	tjupan_bacillus_subtilis_main_7c407bebf512b5e0	tjupan_bacillus_subtilis_main_7c407bebf512b5e0	6.453945802373972	False	54	63	+	-2.5
EMB_onehot_C13	positive	tjupan_bacillus_subtilis_main_824214e197f86545	tjupan_bacillus_subtilis_main_824214e197f86545	9.681287788658935	True	26	35	+	-30.5
EMB_onehot_C13	positive	tjupan_bacillus_subtilis_main_842f97f040946982	tjupan_bacillus_subtilis_main_842f97f040946982	8.089637991908315	False	21	30	-	-35.5
EMB_onehot_C13	positive	tjupan_bacillus_subtilis_main_84cc0835204b8e58	dbtbs_bsub_core_396da27afda34e05	5.834385049689631	False	13	22	+	-43.5
EMB_onehot_C13	positive	tjupan_bacillus_subtilis_main_89e75db25f32c6c9	dbtbs_bsub_core_66a79c370c059251	5.7819480217831325	False	59	68	+	2.5
EMB_onehot_C13	positive	tjupan_bacillus_subtilis_main_8d9a62a0fbc43019	dbtbs_bsub_core_3348625232a23256	7.694320352811285	False	17	26	+	-39.5
EMB_onehot_C13	positive	tjupan_bacillus_subtilis_main_8f5b60fc07e381f2	dbtbs_bsub_core_8f5b60fc07e381f2	8.726542374343667	False	31	40	-	-25.5
EMB_onehot_C13	positive	tjupan_bacillus_subtilis_main_93a3a1679c7a73c9	tjupan_bacillus_subtilis_main_93a3a1679c7a73c9	5.450568343153074	False	61	70	+	4.5
EMB_onehot_C13	positive	tjupan_bacillus_subtilis_main_96c549f1b176b111	tjupan_bacillus_subtilis_main_96c549f1b176b111	7.730374544298085	False	6	15	-	-50.5
EMB_onehot_C13	positive	tjupan_bacillus_subtilis_main_996c93274b7d349e	tjupan_bacillus_subtilis_main_996c93274b7d349e	5.9380137839449745	False	12	21	+	-44.5
EMB_onehot_C13	positive	tjupan_bacillus_subtilis_main_9996ea2b61a7fc82	tjupan_bacillus_subtilis_main_9996ea2b61a7fc82	5.7588486027583565	False	37	46	+	-19.5
EMB_onehot_C13	positive	tjupan_bacillus_subtilis_main_a2ab5f161ee68a0a	tjupan_bacillus_subtilis_main_a2ab5f161ee68a0a	7.606555538652095	False	42	51	-	-14.5
EMB_onehot_C13	positive	tjupan_bacillus_subtilis_main_a2bee6d81c2dad89	dbtbs_bsub_core_a2bee6d81c2dad89	2.8443544786886297	False	59	68	+	2.5
EMB_onehot_C13	positive	tjupan_bacillus_subtilis_main_a4db17c75fb94c83	dbtbs_bsub_core_8c6f4b9eba960292	6.879645213604682	False	19	28	-	-37.5
EMB_onehot_C13	positive	tjupan_bacillus_subtilis_main_a7eb317986e0a410	tjupan_bacillus_subtilis_main_a7eb317986e0a410	7.943345698019864	False	33	42	-	-23.5
EMB_onehot_C13	positive	tjupan_bacillus_subtilis_main_aaf138e1b23719d3	dbtbs_bsub_core_380666e4ad2529dd	4.7966657470074345	False	17	26	-	-39.5
EMB_onehot_C13	positive	tjupan_bacillus_subtilis_main_af44da9eb65c9b2b	tjupan_bacillus_subtilis_main_af44da9eb65c9b2b	8.089637991908315	False	66	75	-	9.5
EMB_onehot_C13	positive	tjupan_bacillus_subtilis_main_b541048ffbe461fc	tjupan_bacillus_subtilis_main_b541048ffbe461fc	6.03056401758519	False	2	11	-	-54.5
EMB_onehot_C13	positive	tjupan_bacillus_subtilis_main_b558e80410906098	dbtbs_bsub_core_b558e80410906098	3.6172697092951047	False	8	17	-	-48.5
EMB_onehot_C13	positive	tjupan_bacillus_subtilis_main_b809758bf01da07c	tjupan_bacillus_subtilis_main_b809758bf01da07c	7.4005235430027305	False	9	18	+	-47.5
EMB_onehot_C13	positive	tjupan_bacillus_subtilis_main_b86a1d8c42408cc4	tjupan_bacillus_subtilis_main_b86a1d8c42408cc4	3.891586158537223	False	38	47	-	-18.5
EMB_onehot_C13	positive	tjupan_bacillus_subtilis_main_c7551eecc12a98c1	tjupan_bacillus_subtilis_main_c7551eecc12a98c1	7.7663079125707934	False	70	79	+	13.5
EMB_onehot_C13	positive	tjupan_bacillus_subtilis_main_c897ab6e4a2d8869	tjupan_bacillus_subtilis_main_c897ab6e4a2d8869	6.956706634558493	False	15	24	-	-41.5
EMB_onehot_C13	positive	tjupan_bacillus_subtilis_main_cd9626c39ea075d5	dbtbs_bsub_core_cd9626c39ea075d5	10.94570211257528	True	16	25	+	-40.5
EMB_onehot_C13	positive	tjupan_bacillus_subtilis_main_cf013234eecd796b	dbtbs_bsub_core_700614a2577d51a9	8.93949731507292	False	8	17	+	-48.5
EMB_onehot_C13	positive	tjupan_bacillus_subtilis_main_d072d578ae627246	tjupan_bacillus_subtilis_main_d072d578ae627246	8.574405605105847	False	69	78	-	12.5
EMB_onehot_C13	positive	tjupan_bacillus_subtilis_main_d434d749686b9e33	dbtbs_bsub_core_137eff58d766cefa	7.310039466060323	False	16	25	-	-40.5
EMB_onehot_C13	positive	tjupan_bacillus_subtilis_main_d75f323535d0e96f	tjupan_bacillus_subtilis_main_d75f323535d0e96f	5.0412782589405705	False	68	77	+	11.5
EMB_onehot_C13	positive	tjupan_bacillus_subtilis_main_d94f791dab569af4	dbtbs_bsub_core_e72b843a494a35db	9.025734821039338	False	28	37	-	-28.5
EMB_onehot_C13	positive	tjupan_bacillus_subtilis_main_dc95e7cdf3939931	dbtbs_bsub_core_dc95e7cdf3939931	9.596000538776199	True	2	11	+	-54.5
EMB_onehot_C13	positive	tjupan_bacillus_subtilis_main_dda9e4c6372ef204	dbtbs_bsub_core_50819f6cb2562fd8	4.035707767957766	False	1	10	-	-55.5
EMB_onehot_C13	positive	tjupan_bacillus_subtilis_main_e51e63a9cb3e9467	dbtbs_bsub_core_bb482769c888cf21	8.574405605105847	False	35	44	-	-21.5
EMB_onehot_C13	positive	tjupan_bacillus_subtilis_main_e7e17b10ff25536a	tjupan_bacillus_subtilis_main_1eb616e060615c81	3.991042830972794	False	19	28	-	-37.5
EMB_onehot_C13	positive	tjupan_bacillus_subtilis_main_f2d1e33176b05430	dbtbs_bsub_core_f2d1e33176b05430	4.798732479707582	False	45	54	+	-11.5
EMB_onehot_C13	positive	tjupan_bacillus_subtilis_main_fe854ef781d570c9	dbtbs_bsub_core_79142b70125d7f77	7.789041090870371	False	50	59	-	-6.5
EMB_onehot_C13	natural	tjupan_bacillus_subtilis_main_01f49032fc924b2b	tjupan_bacillus_subtilis_main_01f49032fc924b2b	3.7460565352280053	False	25	34	-	-31.5
EMB_onehot_C13	natural	tjupan_bacillus_subtilis_main_0369fa5f1dde8889	tjupan_bacillus_subtilis_main_0369fa5f1dde8889	7.463578516890264	False	62	71	+	5.5
EMB_onehot_C13	natural	tjupan_bacillus_subtilis_main_04bf0704019251eb	tjupan_bacillus_subtilis_main_04bf0704019251eb	6.2916249884773165	False	37	46	-	-19.5
EMB_onehot_C13	natural	tjupan_bacillus_subtilis_main_07a43cab15901fd0	tjupan_bacillus_subtilis_main_07a43cab15901fd0	5.667236588701795	False	7	16	-	-49.5
EMB_onehot_C13	natural	tjupan_bacillus_subtilis_main_0abf62f108ad9afa	tjupan_bacillus_subtilis_main_0abf62f108ad9afa	4.994876834931313	False	3	12	+	-53.5
EMB_onehot_C13	natural	tjupan_bacillus_subtilis_main_10a028761e096e6f	tjupan_bacillus_subtilis_main_10a028761e096e6f	8.85193798409649	False	66	75	+	9.5
EMB_onehot_C13	natural	tjupan_bacillus_subtilis_main_1183c551e9c3884e	tjupan_bacillus_subtilis_main_1183c551e9c3884e	5.436606993920053	False	52	61	+	-4.5
EMB_onehot_C13	natural	tjupan_bacillus_subtilis_main_11c75fe7d070d91d	tjupan_bacillus_subtilis_main_11c75fe7d070d91d	6.5391751087321985	False	2	11	+	-54.5
EMB_onehot_C13	natural	tjupan_bacillus_subtilis_main_13f81edc59432f39	tjupan_bacillus_subtilis_main_13f81edc59432f39	3.3094192164379956	False	15	24	-	-41.5
EMB_onehot_C13	natural	tjupan_bacillus_subtilis_main_1a1965c69595e91c	tjupan_bacillus_subtilis_main_1a1965c69595e91c	7.760965069231227	False	56	65	-	-0.5
EMB_onehot_C13	natural	tjupan_bacillus_subtilis_main_28ceb7fd6ffaf1b1	tjupan_bacillus_subtilis_main_28ceb7fd6ffaf1b1	6.749990231812189	False	18	27	+	-38.5
EMB_onehot_C13	natural	tjupan_bacillus_subtilis_main_2a691ccdd9f8cd87	tjupan_bacillus_subtilis_main_2a691ccdd9f8cd87	3.185969275079506	False	45	54	+	-11.5
EMB_onehot_C13	natural	tjupan_bacillus_subtilis_main_3095b00d206277d2	tjupan_bacillus_subtilis_main_3095b00d206277d2	3.085718329851205	False	55	64	+	-1.5
EMB_onehot_C13	natural	tjupan_bacillus_subtilis_main_33ded6bc702ab6e3	tjupan_bacillus_subtilis_main_33ded6bc702ab6e3	4.924009838860936	False	37	46	-	-19.5
EMB_onehot_C13	natural	tjupan_bacillus_subtilis_main_3b669bfd8e8ecc5c	tjupan_bacillus_subtilis_main_3b669bfd8e8ecc5c	7.002834016918978	False	20	29	-	-36.5
EMB_onehot_C13	natural	tjupan_bacillus_subtilis_main_3dfed0cfea4ace99	tjupan_bacillus_subtilis_main_3dfed0cfea4ace99	10.111364892565032	True	10	19	-	-46.5
EMB_onehot_C13	natural	tjupan_bacillus_subtilis_main_3f82397c249b4c2e	tjupan_bacillus_subtilis_main_3f82397c249b4c2e	9.905997330002243	True	47	56	-	-9.5
EMB_onehot_C13	natural	tjupan_bacillus_subtilis_main_413de94f4b4cc894	tjupan_bacillus_subtilis_main_413de94f4b4cc894	9.90029873964177	True	2	11	+	-54.5
EMB_onehot_C13	natural	tjupan_bacillus_subtilis_main_4225dc5bcf089682	tjupan_bacillus_subtilis_main_4225dc5bcf089682	8.609068248075953	False	15	24	+	-41.5
EMB_onehot_C13	natural	tjupan_bacillus_subtilis_main_43e8357a95b8acad	tjupan_bacillus_subtilis_main_43e8357a95b8acad	3.5503861437651825	False	66	75	+	9.5
EMB_onehot_C13	natural	tjupan_bacillus_subtilis_main_44b9e66950262593	tjupan_bacillus_subtilis_main_44b9e66950262593	5.560767011650569	False	43	52	+	-13.5
EMB_onehot_C13	natural	tjupan_bacillus_subtilis_main_4600103c5e396ab7	tjupan_bacillus_subtilis_main_4600103c5e396ab7	7.236784918322561	False	14	23	+	-42.5
EMB_onehot_C13	natural	tjupan_bacillus_subtilis_main_47b01646ad818f05	tjupan_bacillus_subtilis_main_47b01646ad818f05	5.562197994071417	False	64	73	-	7.5
EMB_onehot_C13	natural	tjupan_bacillus_subtilis_main_47f3a0ce2d4034a8	tjupan_bacillus_subtilis_main_47f3a0ce2d4034a8	6.492876132743286	False	70	79	-	13.5
EMB_onehot_C13	natural	tjupan_bacillus_subtilis_main_4c62636643ef908e	tjupan_bacillus_subtilis_main_4c62636643ef908e	5.065452891261942	False	23	32	+	-33.5
EMB_onehot_C13	natural	tjupan_bacillus_subtilis_main_4ec6f242d8a5df5c	tjupan_bacillus_subtilis_main_4ec6f242d8a5df5c	5.856049164791407	False	9	18	+	-47.5
EMB_onehot_C13	natural	tjupan_bacillus_subtilis_main_4efdcab552f8b70d	tjupan_bacillus_subtilis_main_4efdcab552f8b70d	4.311898133809904	False	17	26	+	-39.5
EMB_onehot_C13	natural	tjupan_bacillus_subtilis_main_51577d89c939deba	tjupan_bacillus_subtilis_main_51577d89c939deba	5.6553364154870165	False	50	59	+	-6.5
EMB_onehot_C13	natural	tjupan_bacillus_subtilis_main_52bff7f8e27d9410	tjupan_bacillus_subtilis_main_52bff7f8e27d9410	6.961451168541963	False	40	49	-	-16.5
EMB_onehot_C13	natural	tjupan_bacillus_subtilis_main_59901c21c497690b	tjupan_bacillus_subtilis_main_59901c21c497690b	5.6634949061695306	False	46	55	+	-10.5
EMB_onehot_C13	natural	tjupan_bacillus_subtilis_main_5f953d4f57c1fa81	tjupan_bacillus_subtilis_main_5f953d4f57c1fa81	7.040355723294037	False	47	56	+	-9.5
EMB_onehot_C13	natural	tjupan_bacillus_subtilis_main_669f9a1f1028b036	tjupan_bacillus_subtilis_main_669f9a1f1028b036	6.225315981536257	False	46	55	-	-10.5
EMB_onehot_C13	natural	tjupan_bacillus_subtilis_main_69dc5d058d63d549	tjupan_bacillus_subtilis_main_69dc5d058d63d549	0.6926680034877233	False	17	26	-	-39.5
EMB_onehot_C13	natural	tjupan_bacillus_subtilis_main_6cfe0a7e178b1651	tjupan_bacillus_subtilis_main_6cfe0a7e178b1651	4.169328595497451	False	62	71	+	5.5
EMB_onehot_C13	natural	tjupan_bacillus_subtilis_main_705ab5e790a4610d	tjupan_bacillus_subtilis_main_705ab5e790a4610d	4.5772000794834575	False	64	73	+	7.5
EMB_onehot_C13	natural	tjupan_bacillus_subtilis_main_71852833d33a5887	tjupan_bacillus_subtilis_main_71852833d33a5887	3.106451639823063	False	21	30	-	-35.5
EMB_onehot_C13	natural	tjupan_bacillus_subtilis_main_76c86d1f05ca1d88	tjupan_bacillus_subtilis_main_76c86d1f05ca1d88	5.170678746291203	False	40	49	+	-16.5
EMB_onehot_C13	natural	tjupan_bacillus_subtilis_main_777d2d2586a95fbc	tjupan_bacillus_subtilis_main_777d2d2586a95fbc	6.30020758279606	False	63	72	+	6.5
EMB_onehot_C13	natural	tjupan_bacillus_subtilis_main_7c99b9a8665786aa	tjupan_bacillus_subtilis_main_7c99b9a8665786aa	8.11378179446345	False	63	72	+	6.5
EMB_onehot_C13	natural	tjupan_bacillus_subtilis_main_82f0003647ec7740	tjupan_bacillus_subtilis_main_82f0003647ec7740	10.76691786018463	True	71	80	+	14.5
EMB_onehot_C13	natural	tjupan_bacillus_subtilis_main_8a9952e5dc8e0bd1	tjupan_bacillus_subtilis_main_8a9952e5dc8e0bd1	6.496550745314882	False	1	10	+	-55.5
EMB_onehot_C13	natural	tjupan_bacillus_subtilis_main_8c2afb751c3f9d92	tjupan_bacillus_subtilis_main_8c2afb751c3f9d92	10.83890541994414	True	40	49	+	-16.5
EMB_onehot_C13	natural	tjupan_bacillus_subtilis_main_8e1b3c58365d2bbd	tjupan_bacillus_subtilis_main_8e1b3c58365d2bbd	8.117562679324822	False	50	59	+	-6.5
EMB_onehot_C13	natural	tjupan_bacillus_subtilis_main_906140fe2a990d8e	tjupan_bacillus_subtilis_main_906140fe2a990d8e	4.656268348337459	False	67	76	+	10.5
EMB_onehot_C13	natural	tjupan_bacillus_subtilis_main_94dbc17f3078c678	tjupan_bacillus_subtilis_main_94dbc17f3078c678	5.0708436860160715	False	1	10	+	-55.5
EMB_onehot_C13	natural	tjupan_bacillus_subtilis_main_9bf1d28c9aae3b2e	tjupan_bacillus_subtilis_main_9bf1d28c9aae3b2e	6.749990231812189	False	27	36	+	-29.5
EMB_onehot_C13	natural	tjupan_bacillus_subtilis_main_9cc8f38cff175da4	tjupan_bacillus_subtilis_main_9cc8f38cff175da4	4.804556092661352	False	2	11	+	-54.5
EMB_onehot_C13	natural	tjupan_bacillus_subtilis_main_9cceb700e3527301	tjupan_bacillus_subtilis_main_9cceb700e3527301	3.948417408472605	False	47	56	-	-9.5
EMB_onehot_C13	natural	tjupan_bacillus_subtilis_main_9d0345f875b7552c	tjupan_bacillus_subtilis_main_9d0345f875b7552c	4.92745557626032	False	47	56	+	-9.5
EMB_onehot_C13	natural	tjupan_bacillus_subtilis_main_a3fedb31fa6cc84b	tjupan_bacillus_subtilis_main_a3fedb31fa6cc84b	5.0359477160403125	False	21	30	+	-35.5
EMB_onehot_C13	natural	tjupan_bacillus_subtilis_main_a54e7006d4699b67	tjupan_bacillus_subtilis_main_a54e7006d4699b67	2.3959346684025156	False	70	79	+	13.5
EMB_onehot_C13	natural	tjupan_bacillus_subtilis_main_aaa45c891936f972	tjupan_bacillus_subtilis_main_aaa45c891936f972	6.384921094396537	False	61	70	-	4.5
EMB_onehot_C13	natural	tjupan_bacillus_subtilis_main_aec3d55ae2f9e509	tjupan_bacillus_subtilis_main_aec3d55ae2f9e509	3.2009937387862433	False	20	29	-	-36.5
EMB_onehot_C13	natural	tjupan_bacillus_subtilis_main_b0b9cfd1b442c029	tjupan_bacillus_subtilis_main_b0b9cfd1b442c029	4.8301367636278005	False	71	80	+	14.5
EMB_onehot_C13	natural	tjupan_bacillus_subtilis_main_b161f4572a371b25	tjupan_bacillus_subtilis_main_b161f4572a371b25	9.351280206018249	False	17	26	+	-39.5
EMB_onehot_C13	natural	tjupan_bacillus_subtilis_main_b3e87bd1af1ccb1a	tjupan_bacillus_subtilis_main_b3e87bd1af1ccb1a	4.932825635980768	False	62	71	+	5.5
EMB_onehot_C13	natural	tjupan_bacillus_subtilis_main_b5ddce4bc0328e2c	tjupan_bacillus_subtilis_main_b5ddce4bc0328e2c	4.560980308401153	False	39	48	+	-17.5
EMB_onehot_C13	natural	tjupan_bacillus_subtilis_main_b9d7835496546020	tjupan_bacillus_subtilis_main_b9d7835496546020	7.058000665931912	False	57	66	+	0.5
EMB_onehot_C13	natural	tjupan_bacillus_subtilis_main_bd36aa35d4edeb39	tjupan_bacillus_subtilis_main_bd36aa35d4edeb39	6.603744917683079	False	63	72	+	6.5
EMB_onehot_C13	natural	tjupan_bacillus_subtilis_main_c24b04311bf8b4bf	tjupan_bacillus_subtilis_main_c24b04311bf8b4bf	4.963549811756859	False	18	27	+	-38.5
EMB_onehot_C13	natural	tjupan_bacillus_subtilis_main_c981e3412d58013c	tjupan_bacillus_subtilis_main_c981e3412d58013c	3.115518916482068	False	18	27	-	-38.5
EMB_onehot_C13	natural	tjupan_bacillus_subtilis_main_cbe667645cefe255	tjupan_bacillus_subtilis_main_cbe667645cefe255	6.882745805234911	False	27	36	+	-29.5
EMB_onehot_C13	natural	tjupan_bacillus_subtilis_main_ced7dfa7b2671e00	tjupan_bacillus_subtilis_main_ced7dfa7b2671e00	7.91983623032531	False	25	34	+	-31.5
EMB_onehot_C13	natural	tjupan_bacillus_subtilis_main_d14a8947b06ae361	tjupan_bacillus_subtilis_main_d14a8947b06ae361	9.112582977103097	False	8	17	+	-48.5
EMB_onehot_C13	natural	tjupan_bacillus_subtilis_main_dd7d0f632ba9b25f	tjupan_bacillus_subtilis_main_dd7d0f632ba9b25f	5.059849941470491	False	14	23	+	-42.5
EMB_onehot_C13	natural	tjupan_bacillus_subtilis_main_deeb9c19c390dc19	tjupan_bacillus_subtilis_main_deeb9c19c390dc19	5.125494185927994	False	6	15	+	-50.5
EMB_onehot_C13	natural	tjupan_bacillus_subtilis_main_dfdf3a9a774b0b36	tjupan_bacillus_subtilis_main_dfdf3a9a774b0b36	6.106736458439469	False	66	75	+	9.5
EMB_onehot_C13	natural	tjupan_bacillus_subtilis_main_e05a9847e20fa44f	tjupan_bacillus_subtilis_main_e05a9847e20fa44f	9.98012480746284	True	62	71	+	5.5
EMB_onehot_C13	natural	tjupan_bacillus_subtilis_main_e09693162cd1efc7	tjupan_bacillus_subtilis_main_e09693162cd1efc7	7.965474094957825	False	69	78	+	12.5
EMB_onehot_C13	natural	tjupan_bacillus_subtilis_main_e1df7768894b7e64	tjupan_bacillus_subtilis_main_e1df7768894b7e64	3.12376123969915	False	20	29	+	-36.5
EMB_onehot_C13	natural	tjupan_bacillus_subtilis_main_e4935e5203d5f4a1	tjupan_bacillus_subtilis_main_e4935e5203d5f4a1	6.219993457671573	False	21	30	-	-35.5
EMB_onehot_C13	natural	tjupan_bacillus_subtilis_main_e71258c4630ccafd	tjupan_bacillus_subtilis_main_e71258c4630ccafd	6.364269611673709	False	31	40	-	-25.5
EMB_onehot_C13	natural	tjupan_bacillus_subtilis_main_ea6abbc438ac2020	tjupan_bacillus_subtilis_main_ea6abbc438ac2020	7.312705935295991	False	71	80	-	14.5
EMB_onehot_C13	natural	tjupan_bacillus_subtilis_main_ede46bd107484afd	tjupan_bacillus_subtilis_main_ede46bd107484afd	5.559203919002185	False	45	54	+	-11.5
EMB_onehot_C13	natural	tjupan_bacillus_subtilis_main_f0317abbf46a2fa8	tjupan_bacillus_subtilis_main_f0317abbf46a2fa8	5.046625149676886	False	51	60	+	-5.5
EMB_onehot_C13	natural	tjupan_bacillus_subtilis_main_fe9f961ad53aca80	tjupan_bacillus_subtilis_main_fe9f961ad53aca80	7.165917856639781	False	56	65	+	-0.5
EMB_onehot_C13	natural	tjupan_bacillus_subtilis_main_fffb0162887a3736	tjupan_bacillus_subtilis_main_fffb0162887a3736	1.5147821514992013	False	12	21	-	-44.5
EMB_onehot_C13	shuffle	tjupan_bacillus_subtilis_main_0dc2e54e8f0778d4__dinucleotide_null	dbtbs_bsub_core_89ecb38b4ff0148f	8.502418045346339	False	49	58	+	-7.5
EMB_onehot_C13	shuffle	tjupan_bacillus_subtilis_main_682dcc155b9eb236__dinucleotide_null	dbtbs_bsub_core_5d3712ff0aeb1916	6.355245866874234	False	67	76	+	10.5
EMB_onehot_C13	shuffle	tjupan_bacillus_subtilis_main_f2d1e33176b05430__dinucleotide_null	dbtbs_bsub_core_f2d1e33176b05430	10.94570211257528	True	13	22	+	-43.5
EMB_onehot_C13	shuffle	tjupan_bacillus_subtilis_main_c7551eecc12a98c1__dinucleotide_null	tjupan_bacillus_subtilis_main_c7551eecc12a98c1	8.947651676647588	False	72	81	-	15.5
EMB_onehot_C13	shuffle	tjupan_bacillus_subtilis_main_89e75db25f32c6c9__dinucleotide_null	dbtbs_bsub_core_66a79c370c059251	6.148173710877588	False	24	33	+	-32.5
EMB_onehot_C13	shuffle	tjupan_bacillus_subtilis_main_9996ea2b61a7fc82__dinucleotide_null	tjupan_bacillus_subtilis_main_9996ea2b61a7fc82	8.338720166499566	False	40	49	-	-16.5
EMB_onehot_C13	shuffle	tjupan_bacillus_subtilis_main_b86a1d8c42408cc4__dinucleotide_null	tjupan_bacillus_subtilis_main_b86a1d8c42408cc4	5.912021778404596	False	49	58	-	-7.5
EMB_onehot_C13	shuffle	tjupan_bacillus_subtilis_main_79220287475133e5__dinucleotide_null	dbtbs_bsub_core_79220287475133e5	9.677506903797562	True	41	50	+	-15.5
EMB_onehot_C13	shuffle	tjupan_bacillus_subtilis_main_a2bee6d81c2dad89__dinucleotide_null	dbtbs_bsub_core_a2bee6d81c2dad89	3.641809427924207	False	28	37	+	-28.5
EMB_onehot_C13	shuffle	tjupan_bacillus_subtilis_main_103f2a1ec6daa8c4__dinucleotide_null	dbtbs_bsub_core_103f2a1ec6daa8c4	8.876431044630106	False	58	67	+	1.5
EMB_onehot_C13	shuffle	tjupan_bacillus_subtilis_main_996c93274b7d349e__dinucleotide_null	tjupan_bacillus_subtilis_main_996c93274b7d349e	4.618495316753868	False	49	58	+	-7.5
EMB_onehot_C13	shuffle	tjupan_bacillus_subtilis_main_7c407bebf512b5e0__dinucleotide_null	tjupan_bacillus_subtilis_main_7c407bebf512b5e0	5.770314816060239	False	58	67	+	1.5
EMB_onehot_C13	shuffle	tjupan_bacillus_subtilis_main_842f97f040946982__dinucleotide_null	tjupan_bacillus_subtilis_main_842f97f040946982	10.172793357410066	True	36	45	+	-20.5
EMB_onehot_C13	shuffle	tjupan_bacillus_subtilis_main_42c1909004fe3d73__dinucleotide_null	tjupan_bacillus_subtilis_main_42c1909004fe3d73	6.305598611006449	False	6	15	-	-50.5
EMB_onehot_C13	shuffle	tjupan_bacillus_subtilis_main_42074f78c0199323__dinucleotide_null	dbtbs_bsub_core_42074f78c0199323	6.913188108015966	False	61	70	-	4.5
EMB_onehot_C13	shuffle	tjupan_bacillus_subtilis_main_72127e86172ad2be__dinucleotide_null	tjupan_bacillus_subtilis_main_72127e86172ad2be	5.8082074268042145	False	13	22	-	-43.5
EMB_onehot_C13	shuffle	tjupan_bacillus_subtilis_main_d072d578ae627246__dinucleotide_null	tjupan_bacillus_subtilis_main_d072d578ae627246	5.18781972778136	False	67	76	-	10.5
EMB_onehot_C13	shuffle	tjupan_bacillus_subtilis_main_a2ab5f161ee68a0a__dinucleotide_null	tjupan_bacillus_subtilis_main_a2ab5f161ee68a0a	6.13059524347717	False	28	37	-	-28.5
EMB_onehot_C13	shuffle	tjupan_bacillus_subtilis_main_3ec8c178aa138223__dinucleotide_null	tjupan_bacillus_subtilis_main_3ec8c178aa138223	7.573175475652556	False	21	30	+	-35.5
EMB_onehot_C13	shuffle	tjupan_bacillus_subtilis_main_824214e197f86545__dinucleotide_null	tjupan_bacillus_subtilis_main_824214e197f86545	7.869323720340563	False	19	28	-	-37.5
EMB_onehot_C13	shuffle	tjupan_bacillus_subtilis_main_721ac29c5ef7c9f0__dinucleotide_null	dbtbs_bsub_core_721ac29c5ef7c9f0	6.67499750023463	False	23	32	+	-33.5
EMB_onehot_C13	shuffle	tjupan_bacillus_subtilis_main_a7eb317986e0a410__dinucleotide_null	tjupan_bacillus_subtilis_main_a7eb317986e0a410	5.7089412550659855	False	15	24	-	-41.5
EMB_onehot_C13	shuffle	tjupan_bacillus_subtilis_main_6cf2c0e47935a8c2__dinucleotide_null	dbtbs_bsub_core_6cf2c0e47935a8c2	7.311939007553965	False	2	11	-	-54.5
EMB_onehot_C13	shuffle	tjupan_bacillus_subtilis_main_cd9626c39ea075d5__dinucleotide_null	dbtbs_bsub_core_cd9626c39ea075d5	8.315447480846956	False	48	57	+	-8.5
EMB_onehot_C13	shuffle	tjupan_bacillus_subtilis_main_4a95c9a0c8c0dc5d__dinucleotide_null	dbtbs_bsub_core_d38f72abf66add23	3.4933719009984023	False	27	36	+	-29.5
EMB_onehot_C13	shuffle	tjupan_bacillus_subtilis_main_323902b09c4af7f6__dinucleotide_null	dbtbs_bsub_core_bb1d2472f35efe20	6.378039617904937	False	4	13	+	-52.5
EMB_onehot_C13	shuffle	tjupan_bacillus_subtilis_main_dda9e4c6372ef204__dinucleotide_null	dbtbs_bsub_core_50819f6cb2562fd8	4.023588914218648	False	54	63	-	-2.5
EMB_onehot_C13	shuffle	tjupan_bacillus_subtilis_main_6fc8f7f57b8f5e9d__dinucleotide_null	tjupan_bacillus_subtilis_main_6fc8f7f57b8f5e9d	10.53460721907857	True	64	73	+	7.5
EMB_onehot_C13	shuffle	tjupan_bacillus_subtilis_main_84cc0835204b8e58__dinucleotide_null	dbtbs_bsub_core_396da27afda34e05	5.250745951677437	False	56	65	+	-0.5
EMB_onehot_C13	shuffle	tjupan_bacillus_subtilis_main_c897ab6e4a2d8869__dinucleotide_null	tjupan_bacillus_subtilis_main_c897ab6e4a2d8869	7.2073539039664185	False	56	65	+	-0.5
EMB_onehot_C13	shuffle	tjupan_bacillus_subtilis_main_1b58b9006f9baf4f__dinucleotide_null	dbtbs_bsub_core_1b58b9006f9baf4f	7.234962398788576	False	59	68	+	2.5
EMB_onehot_C13	shuffle	tjupan_bacillus_subtilis_main_5bcbea22526b97af__dinucleotide_null	dbtbs_bsub_core_2bafb1a73b5c7300	5.163804894642944	False	18	27	+	-38.5
EMB_onehot_C13	shuffle	tjupan_bacillus_subtilis_main_e51e63a9cb3e9467__dinucleotide_null	dbtbs_bsub_core_bb482769c888cf21	7.88279620038281	False	69	78	-	12.5
EMB_onehot_C13	shuffle	tjupan_bacillus_subtilis_main_b558e80410906098__dinucleotide_null	dbtbs_bsub_core_b558e80410906098	6.624514196207287	False	28	37	-	-28.5
EMB_onehot_C13	shuffle	tjupan_bacillus_subtilis_main_dc95e7cdf3939931__dinucleotide_null	dbtbs_bsub_core_dc95e7cdf3939931	6.057515572972191	False	48	57	+	-8.5
EMB_onehot_C13	shuffle	tjupan_bacillus_subtilis_main_cf013234eecd796b__dinucleotide_null	dbtbs_bsub_core_700614a2577d51a9	8.643353475782018	False	70	79	-	13.5
EMB_onehot_C13	shuffle	tjupan_bacillus_subtilis_main_b541048ffbe461fc__dinucleotide_null	tjupan_bacillus_subtilis_main_b541048ffbe461fc	4.510495242327159	False	61	70	-	4.5
EMB_onehot_C13	shuffle	tjupan_bacillus_subtilis_main_0b4e887f7ea9c424__dinucleotide_null	dbtbs_bsub_core_0b4e887f7ea9c424	5.382179548845574	False	14	23	+	-42.5
EMB_onehot_C13	shuffle	tjupan_bacillus_subtilis_main_93a3a1679c7a73c9__dinucleotide_null	tjupan_bacillus_subtilis_main_93a3a1679c7a73c9	5.114245321737312	False	23	32	+	-33.5
EMB_onehot_C13	shuffle	tjupan_bacillus_subtilis_main_e7e17b10ff25536a__dinucleotide_null	tjupan_bacillus_subtilis_main_1eb616e060615c81	4.131057505272475	False	36	45	-	-20.5
EMB_onehot_C13	shuffle	tjupan_bacillus_subtilis_main_d94f791dab569af4__dinucleotide_null	dbtbs_bsub_core_e72b843a494a35db	10.76691786018463	True	56	65	-	-0.5
EMB_onehot_C13	shuffle	tjupan_bacillus_subtilis_main_d75f323535d0e96f__dinucleotide_null	tjupan_bacillus_subtilis_main_d75f323535d0e96f	5.378690284383171	False	20	29	+	-36.5
EMB_onehot_C13	shuffle	tjupan_bacillus_subtilis_main_74379fc21a77213d__dinucleotide_null	tjupan_bacillus_subtilis_main_74379fc21a77213d	4.0745727801455285	False	41	50	-	-15.5
EMB_onehot_C13	shuffle	tjupan_bacillus_subtilis_main_6f5bfd2e001a2697__dinucleotide_null	dbtbs_bsub_core_6f5bfd2e001a2697	8.772616693029725	False	68	77	-	11.5
EMB_onehot_C13	shuffle	tjupan_bacillus_subtilis_main_1eb616e060615c81__dinucleotide_null	tjupan_bacillus_subtilis_main_1eb616e060615c81	4.374843680972676	False	6	15	-	-50.5
EMB_onehot_C13	shuffle	tjupan_bacillus_subtilis_main_409ff8a786357eb4__dinucleotide_null	dbtbs_bsub_core_3e3a825c0d09de99	4.033796680949485	False	26	35	-	-30.5
EMB_onehot_C13	shuffle	tjupan_bacillus_subtilis_main_1bc60721b4be672c__dinucleotide_null	dbtbs_bsub_core_cb8975beecd17a84	10.94570211257528	True	46	55	+	-10.5
EMB_onehot_C13	shuffle	tjupan_bacillus_subtilis_main_af44da9eb65c9b2b__dinucleotide_null	tjupan_bacillus_subtilis_main_af44da9eb65c9b2b	9.112582977103097	False	10	19	+	-46.5
EMB_onehot_C13	shuffle	tjupan_bacillus_subtilis_main_8f5b60fc07e381f2__dinucleotide_null	dbtbs_bsub_core_8f5b60fc07e381f2	4.905912385560562	False	26	35	+	-30.5
EMB_onehot_C13	shuffle	tjupan_bacillus_subtilis_main_5c9bf0eab187b5f5__dinucleotide_null	dbtbs_bsub_core_93f240a64705adb6	7.0053195187019695	False	14	23	+	-42.5
EMB_onehot_C13	shuffle	tjupan_bacillus_subtilis_main_aaf138e1b23719d3__dinucleotide_null	dbtbs_bsub_core_380666e4ad2529dd	6.706857532225217	False	49	58	-	-7.5
EMB_onehot_C13	shuffle	tjupan_bacillus_subtilis_main_0fcba0431054cde6__dinucleotide_null	dbtbs_bsub_core_0fcba0431054cde6	5.269049984128611	False	26	35	+	-30.5
EMB_onehot_C13	shuffle	tjupan_bacillus_subtilis_main_6f6446b7ed912162__dinucleotide_null	dbtbs_bsub_core_6f6446b7ed912162	5.7624530907391085	False	34	43	-	-22.5
EMB_onehot_C13	shuffle	tjupan_bacillus_subtilis_main_d434d749686b9e33__dinucleotide_null	dbtbs_bsub_core_137eff58d766cefa	6.202852476181417	False	18	27	+	-38.5
EMB_onehot_C13	shuffle	tjupan_bacillus_subtilis_main_96c549f1b176b111__dinucleotide_null	tjupan_bacillus_subtilis_main_96c549f1b176b111	3.044668129009416	False	18	27	-	-38.5
EMB_onehot_C13	shuffle	tjupan_bacillus_subtilis_main_a4db17c75fb94c83__dinucleotide_null	dbtbs_bsub_core_8c6f4b9eba960292	6.141788613887559	False	10	19	-	-46.5
EMB_onehot_C13	shuffle	tjupan_bacillus_subtilis_main_0e5e92df8dafa46f__dinucleotide_null	dbtbs_bsub_core_0e5e92df8dafa46f	8.591876832271867	False	18	27	+	-38.5
EMB_onehot_C13	shuffle	tjupan_bacillus_subtilis_main_089b35a135bf8797__dinucleotide_null	tjupan_bacillus_subtilis_main_089b35a135bf8797	11.614914766739581	True	61	70	+	4.5
EMB_onehot_C13	shuffle	tjupan_bacillus_subtilis_main_2e3c51df0d86f79b__dinucleotide_null	dbtbs_bsub_core_245b899eb3255120	7.449899683199407	False	6	15	+	-50.5
EMB_onehot_C13	shuffle	tjupan_bacillus_subtilis_main_648aef9dba1f38c4__dinucleotide_null	tjupan_bacillus_subtilis_main_648aef9dba1f38c4	6.253215851030012	False	47	56	+	-9.5
EMB_onehot_C13	shuffle	tjupan_bacillus_subtilis_main_b809758bf01da07c__dinucleotide_null	tjupan_bacillus_subtilis_main_b809758bf01da07c	7.131314131615921	False	52	61	+	-4.5
EMB_onehot_C13	shuffle	tjupan_bacillus_subtilis_main_72db3945a2fcac01__dinucleotide_null	tjupan_bacillus_subtilis_main_72db3945a2fcac01	6.645589909575344	False	25	34	-	-31.5
EMB_onehot_C13	shuffle	tjupan_bacillus_subtilis_main_8d9a62a0fbc43019__dinucleotide_null	dbtbs_bsub_core_3348625232a23256	6.30020758279606	False	8	17	+	-48.5
EMB_onehot_C13	shuffle	tjupan_bacillus_subtilis_main_2fc6e10224ce632e__dinucleotide_null	dbtbs_bsub_core_2fc6e10224ce632e	11.614914766739581	True	4	13	+	-52.5
EMB_onehot_C13	shuffle	tjupan_bacillus_subtilis_main_4dd4acc476485632__dinucleotide_null	tjupan_bacillus_subtilis_main_4dd4acc476485632	10.529284695213885	True	25	34	-	-31.5
EMB_onehot_C13	shuffle	tjupan_bacillus_subtilis_main_5a1a4573de4d55b3__dinucleotide_null	dbtbs_bsub_core_af75962c5aaa60ac	6.508116878191432	False	1	10	-	-55.5
EMB_onehot_C13	shuffle	tjupan_bacillus_subtilis_main_fe854ef781d570c9__dinucleotide_null	dbtbs_bsub_core_79142b70125d7f77	7.261339943840946	False	40	49	+	-16.5
EMB_onehot_C14	positive	tjupan_bacillus_subtilis_main_089b35a135bf8797	tjupan_bacillus_subtilis_main_089b35a135bf8797	8.37268187468314	False	41	50	+	-15.5
EMB_onehot_C14	positive	tjupan_bacillus_subtilis_main_0b4e887f7ea9c424	dbtbs_bsub_core_0b4e887f7ea9c424	6.15016008654491	False	63	72	+	6.5
EMB_onehot_C14	positive	tjupan_bacillus_subtilis_main_0dc2e54e8f0778d4	dbtbs_bsub_core_89ecb38b4ff0148f	7.87770074079965	False	70	79	+	13.5
EMB_onehot_C14	positive	tjupan_bacillus_subtilis_main_0e5e92df8dafa46f	dbtbs_bsub_core_0e5e92df8dafa46f	7.243563785156757	False	71	80	+	14.5
EMB_onehot_C14	positive	tjupan_bacillus_subtilis_main_0fcba0431054cde6	dbtbs_bsub_core_0fcba0431054cde6	8.307784451850402	False	44	53	-	-12.5
EMB_onehot_C14	positive	tjupan_bacillus_subtilis_main_103f2a1ec6daa8c4	dbtbs_bsub_core_103f2a1ec6daa8c4	6.864229081416157	False	49	58	+	-7.5
EMB_onehot_C14	positive	tjupan_bacillus_subtilis_main_1b58b9006f9baf4f	dbtbs_bsub_core_1b58b9006f9baf4f	7.710868701048966	False	17	26	+	-39.5
EMB_onehot_C14	positive	tjupan_bacillus_subtilis_main_1bc60721b4be672c	dbtbs_bsub_core_cb8975beecd17a84	6.999804088964828	False	63	72	-	6.5
EMB_onehot_C14	positive	tjupan_bacillus_subtilis_main_1eb616e060615c81	tjupan_bacillus_subtilis_main_1eb616e060615c81	6.61525472330467	False	12	21	-	-44.5
EMB_onehot_C14	positive	tjupan_bacillus_subtilis_main_2e3c51df0d86f79b	dbtbs_bsub_core_245b899eb3255120	5.2355605943178185	False	66	75	-	9.5
EMB_onehot_C14	positive	tjupan_bacillus_subtilis_main_2fc6e10224ce632e	dbtbs_bsub_core_2fc6e10224ce632e	8.109482631391641	False	32	41	+	-24.5
EMB_onehot_C14	positive	tjupan_bacillus_subtilis_main_323902b09c4af7f6	dbtbs_bsub_core_bb1d2472f35efe20	7.72452355542319	False	66	75	+	9.5
EMB_onehot_C14	positive	tjupan_bacillus_subtilis_main_3ec8c178aa138223	tjupan_bacillus_subtilis_main_3ec8c178aa138223	7.784800252609666	False	62	71	+	5.5
EMB_onehot_C14	positive	tjupan_bacillus_subtilis_main_409ff8a786357eb4	dbtbs_bsub_core_3e3a825c0d09de99	6.211537404752671	False	72	81	+	15.5
EMB_onehot_C14	positive	tjupan_bacillus_subtilis_main_42074f78c0199323	dbtbs_bsub_core_42074f78c0199323	3.9513527001223334	False	4	13	+	-52.5
EMB_onehot_C14	positive	tjupan_bacillus_subtilis_main_42c1909004fe3d73	tjupan_bacillus_subtilis_main_42c1909004fe3d73	6.630877925745578	False	65	74	-	8.5
EMB_onehot_C14	positive	tjupan_bacillus_subtilis_main_4a95c9a0c8c0dc5d	dbtbs_bsub_core_d38f72abf66add23	5.188471910760862	False	28	37	+	-28.5
EMB_onehot_C14	positive	tjupan_bacillus_subtilis_main_4dd4acc476485632	tjupan_bacillus_subtilis_main_4dd4acc476485632	5.704618593887361	False	62	71	-	5.5
EMB_onehot_C14	positive	tjupan_bacillus_subtilis_main_5a1a4573de4d55b3	dbtbs_bsub_core_af75962c5aaa60ac	5.991859109854504	False	37	46	-	-19.5
EMB_onehot_C14	positive	tjupan_bacillus_subtilis_main_5bcbea22526b97af	dbtbs_bsub_core_2bafb1a73b5c7300	5.253116074686821	False	29	38	-	-27.5
EMB_onehot_C14	positive	tjupan_bacillus_subtilis_main_5c9bf0eab187b5f5	dbtbs_bsub_core_93f240a64705adb6	6.814906807126105	False	26	35	+	-30.5
EMB_onehot_C14	positive	tjupan_bacillus_subtilis_main_648aef9dba1f38c4	tjupan_bacillus_subtilis_main_648aef9dba1f38c4	8.409489790510229	False	48	57	-	-8.5
EMB_onehot_C14	positive	tjupan_bacillus_subtilis_main_682dcc155b9eb236	dbtbs_bsub_core_5d3712ff0aeb1916	5.754328497388389	False	16	25	+	-40.5
EMB_onehot_C14	positive	tjupan_bacillus_subtilis_main_6cf2c0e47935a8c2	dbtbs_bsub_core_6cf2c0e47935a8c2	5.927446824123993	False	19	28	+	-37.5
EMB_onehot_C14	positive	tjupan_bacillus_subtilis_main_6f5bfd2e001a2697	dbtbs_bsub_core_6f5bfd2e001a2697	7.205677398338295	False	38	47	-	-18.5
EMB_onehot_C14	positive	tjupan_bacillus_subtilis_main_6f6446b7ed912162	dbtbs_bsub_core_6f6446b7ed912162	6.63345820309531	False	62	71	+	5.5
EMB_onehot_C14	positive	tjupan_bacillus_subtilis_main_6fc8f7f57b8f5e9d	tjupan_bacillus_subtilis_main_6fc8f7f57b8f5e9d	6.522489657255633	False	71	80	+	14.5
EMB_onehot_C14	positive	tjupan_bacillus_subtilis_main_72127e86172ad2be	tjupan_bacillus_subtilis_main_72127e86172ad2be	5.35466453985946	False	50	59	-	-6.5
EMB_onehot_C14	positive	tjupan_bacillus_subtilis_main_721ac29c5ef7c9f0	dbtbs_bsub_core_721ac29c5ef7c9f0	6.459844870546748	False	17	26	+	-39.5
EMB_onehot_C14	positive	tjupan_bacillus_subtilis_main_72db3945a2fcac01	tjupan_bacillus_subtilis_main_72db3945a2fcac01	8.63672199337808	False	65	74	+	8.5
EMB_onehot_C14	positive	tjupan_bacillus_subtilis_main_74379fc21a77213d	tjupan_bacillus_subtilis_main_74379fc21a77213d	7.821723784059438	False	36	45	-	-20.5
EMB_onehot_C14	positive	tjupan_bacillus_subtilis_main_79220287475133e5	dbtbs_bsub_core_79220287475133e5	7.986868969154585	False	39	48	+	-17.5
EMB_onehot_C14	positive	tjupan_bacillus_subtilis_main_7c407bebf512b5e0	tjupan_bacillus_subtilis_main_7c407bebf512b5e0	4.566964590728595	False	13	22	-	-43.5
EMB_onehot_C14	positive	tjupan_bacillus_subtilis_main_824214e197f86545	tjupan_bacillus_subtilis_main_824214e197f86545	6.314069735152376	False	30	39	+	-26.5
EMB_onehot_C14	positive	tjupan_bacillus_subtilis_main_842f97f040946982	tjupan_bacillus_subtilis_main_842f97f040946982	8.28891968629029	False	69	78	+	12.5
EMB_onehot_C14	positive	tjupan_bacillus_subtilis_main_84cc0835204b8e58	dbtbs_bsub_core_396da27afda34e05	4.984851761701354	False	16	25	+	-40.5
EMB_onehot_C14	positive	tjupan_bacillus_subtilis_main_89e75db25f32c6c9	dbtbs_bsub_core_66a79c370c059251	6.709243080973512	False	30	39	-	-26.5
EMB_onehot_C14	positive	tjupan_bacillus_subtilis_main_8d9a62a0fbc43019	dbtbs_bsub_core_3348625232a23256	7.840849349216236	False	21	30	+	-35.5
EMB_onehot_C14	positive	tjupan_bacillus_subtilis_main_8f5b60fc07e381f2	dbtbs_bsub_core_8f5b60fc07e381f2	6.39844333423152	False	37	46	+	-19.5
EMB_onehot_C14	positive	tjupan_bacillus_subtilis_main_93a3a1679c7a73c9	tjupan_bacillus_subtilis_main_93a3a1679c7a73c9	5.352567685208881	False	66	75	+	9.5
EMB_onehot_C14	positive	tjupan_bacillus_subtilis_main_96c549f1b176b111	tjupan_bacillus_subtilis_main_96c549f1b176b111	6.366837807050638	False	28	37	-	-28.5
EMB_onehot_C14	positive	tjupan_bacillus_subtilis_main_996c93274b7d349e	tjupan_bacillus_subtilis_main_996c93274b7d349e	5.874394069335371	False	7	16	-	-49.5
EMB_onehot_C14	positive	tjupan_bacillus_subtilis_main_9996ea2b61a7fc82	tjupan_bacillus_subtilis_main_9996ea2b61a7fc82	5.67713284897407	False	23	32	-	-33.5
EMB_onehot_C14	positive	tjupan_bacillus_subtilis_main_a2ab5f161ee68a0a	tjupan_bacillus_subtilis_main_a2ab5f161ee68a0a	4.633901017022543	False	28	37	-	-28.5
EMB_onehot_C14	positive	tjupan_bacillus_subtilis_main_a2bee6d81c2dad89	dbtbs_bsub_core_a2bee6d81c2dad89	4.4389781600124145	False	6	15	+	-50.5
EMB_onehot_C14	positive	tjupan_bacillus_subtilis_main_a4db17c75fb94c83	dbtbs_bsub_core_8c6f4b9eba960292	7.793936037180041	False	40	49	+	-16.5
EMB_onehot_C14	positive	tjupan_bacillus_subtilis_main_a7eb317986e0a410	tjupan_bacillus_subtilis_main_a7eb317986e0a410	5.927446824123994	False	28	37	-	-28.5
EMB_onehot_C14	positive	tjupan_bacillus_subtilis_main_aaf138e1b23719d3	dbtbs_bsub_core_380666e4ad2529dd	6.735762633271299	False	3	12	+	-53.5
EMB_onehot_C14	positive	tjupan_bacillus_subtilis_main_af44da9eb65c9b2b	tjupan_bacillus_subtilis_main_af44da9eb65c9b2b	8.157048314643696	False	29	38	+	-27.5
EMB_onehot_C14	positive	tjupan_bacillus_subtilis_main_b541048ffbe461fc	tjupan_bacillus_subtilis_main_b541048ffbe461fc	5.310284905447391	False	27	36	-	-29.5
EMB_onehot_C14	positive	tjupan_bacillus_subtilis_main_b558e80410906098	dbtbs_bsub_core_b558e80410906098	7.04211871308001	False	18	27	-	-38.5
EMB_onehot_C14	positive	tjupan_bacillus_subtilis_main_b809758bf01da07c	tjupan_bacillus_subtilis_main_b809758bf01da07c	5.648406769216125	False	52	61	+	-4.5
EMB_onehot_C14	positive	tjupan_bacillus_subtilis_main_b86a1d8c42408cc4	tjupan_bacillus_subtilis_main_b86a1d8c42408cc4	4.592306436865826	False	43	52	-	-13.5
EMB_onehot_C14	positive	tjupan_bacillus_subtilis_main_c7551eecc12a98c1	tjupan_bacillus_subtilis_main_c7551eecc12a98c1	8.096872381717274	False	12	21	+	-44.5
EMB_onehot_C14	positive	tjupan_bacillus_subtilis_main_c897ab6e4a2d8869	tjupan_bacillus_subtilis_main_c897ab6e4a2d8869	8.14174085949459	False	56	65	-	-0.5
EMB_onehot_C14	positive	tjupan_bacillus_subtilis_main_cd9626c39ea075d5	dbtbs_bsub_core_cd9626c39ea075d5	7.590043643970336	False	39	48	+	-17.5
EMB_onehot_C14	positive	tjupan_bacillus_subtilis_main_cf013234eecd796b	dbtbs_bsub_core_700614a2577d51a9	6.330829106671904	False	54	63	+	-2.5
EMB_onehot_C14	positive	tjupan_bacillus_subtilis_main_d072d578ae627246	tjupan_bacillus_subtilis_main_d072d578ae627246	6.2803452926179695	False	63	72	-	6.5
EMB_onehot_C14	positive	tjupan_bacillus_subtilis_main_d434d749686b9e33	dbtbs_bsub_core_137eff58d766cefa	8.85419892933216	False	69	78	+	12.5
EMB_onehot_C14	positive	tjupan_bacillus_subtilis_main_d75f323535d0e96f	tjupan_bacillus_subtilis_main_d75f323535d0e96f	8.268469126919578	False	7	16	-	-49.5
EMB_onehot_C14	positive	tjupan_bacillus_subtilis_main_d94f791dab569af4	dbtbs_bsub_core_e72b843a494a35db	7.163382410974641	False	33	42	+	-23.5
EMB_onehot_C14	positive	tjupan_bacillus_subtilis_main_dc95e7cdf3939931	dbtbs_bsub_core_dc95e7cdf3939931	6.495347701653937	False	32	41	+	-24.5
EMB_onehot_C14	positive	tjupan_bacillus_subtilis_main_dda9e4c6372ef204	dbtbs_bsub_core_50819f6cb2562fd8	6.358418533088127	False	51	60	-	-5.5
EMB_onehot_C14	positive	tjupan_bacillus_subtilis_main_e51e63a9cb3e9467	dbtbs_bsub_core_bb482769c888cf21	6.893997502714685	False	39	48	-	-17.5
EMB_onehot_C14	positive	tjupan_bacillus_subtilis_main_e7e17b10ff25536a	tjupan_bacillus_subtilis_main_1eb616e060615c81	6.61525472330467	False	15	24	-	-41.5
EMB_onehot_C14	positive	tjupan_bacillus_subtilis_main_f2d1e33176b05430	dbtbs_bsub_core_f2d1e33176b05430	6.156535155994859	False	69	78	+	12.5
EMB_onehot_C14	positive	tjupan_bacillus_subtilis_main_fe854ef781d570c9	dbtbs_bsub_core_79142b70125d7f77	9.250409132074031	True	11	20	-	-45.5
EMB_onehot_C14	natural	tjupan_bacillus_subtilis_main_01f49032fc924b2b	tjupan_bacillus_subtilis_main_01f49032fc924b2b	5.716859874371787	False	17	26	+	-39.5
EMB_onehot_C14	natural	tjupan_bacillus_subtilis_main_0369fa5f1dde8889	tjupan_bacillus_subtilis_main_0369fa5f1dde8889	7.532869508986913	False	72	81	+	15.5
EMB_onehot_C14	natural	tjupan_bacillus_subtilis_main_04bf0704019251eb	tjupan_bacillus_subtilis_main_04bf0704019251eb	6.280345292617968	False	20	29	+	-36.5
EMB_onehot_C14	natural	tjupan_bacillus_subtilis_main_07a43cab15901fd0	tjupan_bacillus_subtilis_main_07a43cab15901fd0	5.215211917992715	False	56	65	-	-0.5
EMB_onehot_C14	natural	tjupan_bacillus_subtilis_main_0abf62f108ad9afa	tjupan_bacillus_subtilis_main_0abf62f108ad9afa	4.786971344478625	False	8	17	+	-48.5
EMB_onehot_C14	natural	tjupan_bacillus_subtilis_main_10a028761e096e6f	tjupan_bacillus_subtilis_main_10a028761e096e6f	8.904343668707526	False	71	80	+	14.5
EMB_onehot_C14	natural	tjupan_bacillus_subtilis_main_1183c551e9c3884e	tjupan_bacillus_subtilis_main_1183c551e9c3884e	5.20280830450731	False	55	64	+	-1.5
EMB_onehot_C14	natural	tjupan_bacillus_subtilis_main_11c75fe7d070d91d	tjupan_bacillus_subtilis_main_11c75fe7d070d91d	4.670287912397722	False	25	34	+	-31.5
EMB_onehot_C14	natural	tjupan_bacillus_subtilis_main_13f81edc59432f39	tjupan_bacillus_subtilis_main_13f81edc59432f39	6.795397741954037	False	20	29	+	-36.5
EMB_onehot_C14	natural	tjupan_bacillus_subtilis_main_1a1965c69595e91c	tjupan_bacillus_subtilis_main_1a1965c69595e91c	6.7568087642255685	False	69	78	+	12.5
EMB_onehot_C14	natural	tjupan_bacillus_subtilis_main_28ceb7fd6ffaf1b1	tjupan_bacillus_subtilis_main_28ceb7fd6ffaf1b1	6.9882877927470695	False	22	31	+	-34.5
EMB_onehot_C14	natural	tjupan_bacillus_subtilis_main_2a691ccdd9f8cd87	tjupan_bacillus_subtilis_main_2a691ccdd9f8cd87	4.96810594731572	False	21	30	+	-35.5
EMB_onehot_C14	natural	tjupan_bacillus_subtilis_main_3095b00d206277d2	tjupan_bacillus_subtilis_main_3095b00d206277d2	4.774329213224176	False	67	76	+	10.5
EMB_onehot_C14	natural	tjupan_bacillus_subtilis_main_33ded6bc702ab6e3	tjupan_bacillus_subtilis_main_33ded6bc702ab6e3	7.363580896157906	False	33	42	-	-23.5
EMB_onehot_C14	natural	tjupan_bacillus_subtilis_main_3b669bfd8e8ecc5c	tjupan_bacillus_subtilis_main_3b669bfd8e8ecc5c	5.772289621204742	False	62	71	+	5.5
EMB_onehot_C14	natural	tjupan_bacillus_subtilis_main_3dfed0cfea4ace99	tjupan_bacillus_subtilis_main_3dfed0cfea4ace99	5.784186329700775	False	5	14	-	-51.5
EMB_onehot_C14	natural	tjupan_bacillus_subtilis_main_3f82397c249b4c2e	tjupan_bacillus_subtilis_main_3f82397c249b4c2e	5.102350319679122	False	14	23	-	-42.5
EMB_onehot_C14	natural	tjupan_bacillus_subtilis_main_413de94f4b4cc894	tjupan_bacillus_subtilis_main_413de94f4b4cc894	7.879438326944705	False	8	17	+	-48.5
EMB_onehot_C14	natural	tjupan_bacillus_subtilis_main_4225dc5bcf089682	tjupan_bacillus_subtilis_main_4225dc5bcf089682	8.409362534824036	False	37	46	+	-19.5
EMB_onehot_C14	natural	tjupan_bacillus_subtilis_main_43e8357a95b8acad	tjupan_bacillus_subtilis_main_43e8357a95b8acad	5.03363084123587	False	25	34	-	-31.5
EMB_onehot_C14	natural	tjupan_bacillus_subtilis_main_44b9e66950262593	tjupan_bacillus_subtilis_main_44b9e66950262593	5.114890263123921	False	48	57	+	-8.5
EMB_onehot_C14	natural	tjupan_bacillus_subtilis_main_4600103c5e396ab7	tjupan_bacillus_subtilis_main_4600103c5e396ab7	4.0457843864747955	False	18	27	+	-38.5
EMB_onehot_C14	natural	tjupan_bacillus_subtilis_main_47b01646ad818f05	tjupan_bacillus_subtilis_main_47b01646ad818f05	5.691088565047561	False	58	67	-	1.5
EMB_onehot_C14	natural	tjupan_bacillus_subtilis_main_47f3a0ce2d4034a8	tjupan_bacillus_subtilis_main_47f3a0ce2d4034a8	5.59837454564639	False	65	74	-	8.5
EMB_onehot_C14	natural	tjupan_bacillus_subtilis_main_4c62636643ef908e	tjupan_bacillus_subtilis_main_4c62636643ef908e	4.5309719998395765	False	23	32	+	-33.5
EMB_onehot_C14	natural	tjupan_bacillus_subtilis_main_4ec6f242d8a5df5c	tjupan_bacillus_subtilis_main_4ec6f242d8a5df5c	5.180976256568731	False	34	43	-	-22.5
EMB_onehot_C14	natural	tjupan_bacillus_subtilis_main_4efdcab552f8b70d	tjupan_bacillus_subtilis_main_4efdcab552f8b70d	6.027055954119195	False	33	42	-	-23.5
EMB_onehot_C14	natural	tjupan_bacillus_subtilis_main_51577d89c939deba	tjupan_bacillus_subtilis_main_51577d89c939deba	6.404090791904144	False	54	63	+	-2.5
EMB_onehot_C14	natural	tjupan_bacillus_subtilis_main_52bff7f8e27d9410	tjupan_bacillus_subtilis_main_52bff7f8e27d9410	7.1900681192264475	False	35	44	-	-21.5
EMB_onehot_C14	natural	tjupan_bacillus_subtilis_main_59901c21c497690b	tjupan_bacillus_subtilis_main_59901c21c497690b	7.012919789321829	False	22	31	+	-34.5
EMB_onehot_C14	natural	tjupan_bacillus_subtilis_main_5f953d4f57c1fa81	tjupan_bacillus_subtilis_main_5f953d4f57c1fa81	8.431859696275755	False	51	60	+	-5.5
EMB_onehot_C14	natural	tjupan_bacillus_subtilis_main_669f9a1f1028b036	tjupan_bacillus_subtilis_main_669f9a1f1028b036	3.9839377586574845	False	44	53	-	-12.5
EMB_onehot_C14	natural	tjupan_bacillus_subtilis_main_69dc5d058d63d549	tjupan_bacillus_subtilis_main_69dc5d058d63d549	3.031846253649813	False	12	21	-	-44.5
EMB_onehot_C14	natural	tjupan_bacillus_subtilis_main_6cfe0a7e178b1651	tjupan_bacillus_subtilis_main_6cfe0a7e178b1651	6.532155617481026	False	50	59	+	-6.5
EMB_onehot_C14	natural	tjupan_bacillus_subtilis_main_705ab5e790a4610d	tjupan_bacillus_subtilis_main_705ab5e790a4610d	4.913427566142714	False	38	47	-	-18.5
EMB_onehot_C14	natural	tjupan_bacillus_subtilis_main_71852833d33a5887	tjupan_bacillus_subtilis_main_71852833d33a5887	5.028707355230778	False	70	79	-	13.5
EMB_onehot_C14	natural	tjupan_bacillus_subtilis_main_76c86d1f05ca1d88	tjupan_bacillus_subtilis_main_76c86d1f05ca1d88	8.93945687957107	False	64	73	+	7.5
EMB_onehot_C14	natural	tjupan_bacillus_subtilis_main_777d2d2586a95fbc	tjupan_bacillus_subtilis_main_777d2d2586a95fbc	3.6426335574341664	False	47	56	-	-9.5
EMB_onehot_C14	natural	tjupan_bacillus_subtilis_main_7c99b9a8665786aa	tjupan_bacillus_subtilis_main_7c99b9a8665786aa	5.875182416405013	False	69	78	+	12.5
EMB_onehot_C14	natural	tjupan_bacillus_subtilis_main_82f0003647ec7740	tjupan_bacillus_subtilis_main_82f0003647ec7740	7.87770074079965	False	60	69	+	3.5
EMB_onehot_C14	natural	tjupan_bacillus_subtilis_main_8a9952e5dc8e0bd1	tjupan_bacillus_subtilis_main_8a9952e5dc8e0bd1	8.004429008224639	False	62	71	-	5.5
EMB_onehot_C14	natural	tjupan_bacillus_subtilis_main_8c2afb751c3f9d92	tjupan_bacillus_subtilis_main_8c2afb751c3f9d92	6.832759977536961	False	30	39	+	-26.5
EMB_onehot_C14	natural	tjupan_bacillus_subtilis_main_8e1b3c58365d2bbd	tjupan_bacillus_subtilis_main_8e1b3c58365d2bbd	6.942363853517266	False	54	63	+	-2.5
EMB_onehot_C14	natural	tjupan_bacillus_subtilis_main_906140fe2a990d8e	tjupan_bacillus_subtilis_main_906140fe2a990d8e	5.102026743428529	False	53	62	+	-3.5
EMB_onehot_C14	natural	tjupan_bacillus_subtilis_main_94dbc17f3078c678	tjupan_bacillus_subtilis_main_94dbc17f3078c678	7.829123450701635	False	5	14	+	-51.5
EMB_onehot_C14	natural	tjupan_bacillus_subtilis_main_9bf1d28c9aae3b2e	tjupan_bacillus_subtilis_main_9bf1d28c9aae3b2e	8.360996184021452	False	31	40	+	-25.5
EMB_onehot_C14	natural	tjupan_bacillus_subtilis_main_9cc8f38cff175da4	tjupan_bacillus_subtilis_main_9cc8f38cff175da4	3.907398387674076	False	20	29	+	-36.5
EMB_onehot_C14	natural	tjupan_bacillus_subtilis_main_9cceb700e3527301	tjupan_bacillus_subtilis_main_9cceb700e3527301	2.3084269861727336	False	43	52	-	-13.5
EMB_onehot_C14	natural	tjupan_bacillus_subtilis_main_9d0345f875b7552c	tjupan_bacillus_subtilis_main_9d0345f875b7552c	9.02133295871673	True	52	61	+	-4.5
EMB_onehot_C14	natural	tjupan_bacillus_subtilis_main_a3fedb31fa6cc84b	tjupan_bacillus_subtilis_main_a3fedb31fa6cc84b	5.2442089181555245	False	9	18	+	-47.5
EMB_onehot_C14	natural	tjupan_bacillus_subtilis_main_a54e7006d4699b67	tjupan_bacillus_subtilis_main_a54e7006d4699b67	4.436549127516164	False	24	33	+	-32.5
EMB_onehot_C14	natural	tjupan_bacillus_subtilis_main_aaa45c891936f972	tjupan_bacillus_subtilis_main_aaa45c891936f972	8.275498506059519	False	57	66	-	0.5
EMB_onehot_C14	natural	tjupan_bacillus_subtilis_main_aec3d55ae2f9e509	tjupan_bacillus_subtilis_main_aec3d55ae2f9e509	4.654678052830192	False	5	14	-	-51.5
EMB_onehot_C14	natural	tjupan_bacillus_subtilis_main_b0b9cfd1b442c029	tjupan_bacillus_subtilis_main_b0b9cfd1b442c029	4.7926019780524864	False	58	67	-	1.5
EMB_onehot_C14	natural	tjupan_bacillus_subtilis_main_b161f4572a371b25	tjupan_bacillus_subtilis_main_b161f4572a371b25	7.829123450701635	False	55	64	-	-1.5
EMB_onehot_C14	natural	tjupan_bacillus_subtilis_main_b3e87bd1af1ccb1a	tjupan_bacillus_subtilis_main_b3e87bd1af1ccb1a	8.695173241096784	False	66	75	+	9.5
EMB_onehot_C14	natural	tjupan_bacillus_subtilis_main_b5ddce4bc0328e2c	tjupan_bacillus_subtilis_main_b5ddce4bc0328e2c	5.86145904331384	False	71	80	+	14.5
EMB_onehot_C14	natural	tjupan_bacillus_subtilis_main_b9d7835496546020	tjupan_bacillus_subtilis_main_b9d7835496546020	9.247838587710671	True	8	17	+	-48.5
EMB_onehot_C14	natural	tjupan_bacillus_subtilis_main_bd36aa35d4edeb39	tjupan_bacillus_subtilis_main_bd36aa35d4edeb39	7.548426245641709	False	3	12	-	-53.5
EMB_onehot_C14	natural	tjupan_bacillus_subtilis_main_c24b04311bf8b4bf	tjupan_bacillus_subtilis_main_c24b04311bf8b4bf	7.373202214731023	False	65	74	+	8.5
EMB_onehot_C14	natural	tjupan_bacillus_subtilis_main_c981e3412d58013c	tjupan_bacillus_subtilis_main_c981e3412d58013c	3.26894257229726	False	10	19	-	-46.5
EMB_onehot_C14	natural	tjupan_bacillus_subtilis_main_cbe667645cefe255	tjupan_bacillus_subtilis_main_cbe667645cefe255	6.79938898665998	False	31	40	+	-25.5
EMB_onehot_C14	natural	tjupan_bacillus_subtilis_main_ced7dfa7b2671e00	tjupan_bacillus_subtilis_main_ced7dfa7b2671e00	6.4379980720419505	False	29	38	+	-27.5
EMB_onehot_C14	natural	tjupan_bacillus_subtilis_main_d14a8947b06ae361	tjupan_bacillus_subtilis_main_d14a8947b06ae361	7.226307202732008	False	64	73	-	7.5
EMB_onehot_C14	natural	tjupan_bacillus_subtilis_main_dd7d0f632ba9b25f	tjupan_bacillus_subtilis_main_dd7d0f632ba9b25f	7.289482165095912	False	5	14	+	-51.5
EMB_onehot_C14	natural	tjupan_bacillus_subtilis_main_deeb9c19c390dc19	tjupan_bacillus_subtilis_main_deeb9c19c390dc19	7.08457728962882	False	10	19	+	-46.5
EMB_onehot_C14	natural	tjupan_bacillus_subtilis_main_dfdf3a9a774b0b36	tjupan_bacillus_subtilis_main_dfdf3a9a774b0b36	6.7020405612487455	False	7	16	+	-49.5
EMB_onehot_C14	natural	tjupan_bacillus_subtilis_main_e05a9847e20fa44f	tjupan_bacillus_subtilis_main_e05a9847e20fa44f	7.820857403472694	False	5	14	-	-51.5
EMB_onehot_C14	natural	tjupan_bacillus_subtilis_main_e09693162cd1efc7	tjupan_bacillus_subtilis_main_e09693162cd1efc7	5.269895432985796	False	72	81	+	15.5
EMB_onehot_C14	natural	tjupan_bacillus_subtilis_main_e1df7768894b7e64	tjupan_bacillus_subtilis_main_e1df7768894b7e64	3.881829243138891	False	24	33	+	-32.5
EMB_onehot_C14	natural	tjupan_bacillus_subtilis_main_e4935e5203d5f4a1	tjupan_bacillus_subtilis_main_e4935e5203d5f4a1	7.419156451097315	False	6	15	-	-50.5
EMB_onehot_C14	natural	tjupan_bacillus_subtilis_main_e71258c4630ccafd	tjupan_bacillus_subtilis_main_e71258c4630ccafd	9.430856456820052	True	27	36	-	-29.5
EMB_onehot_C14	natural	tjupan_bacillus_subtilis_main_ea6abbc438ac2020	tjupan_bacillus_subtilis_main_ea6abbc438ac2020	6.741765216134606	False	62	71	-	5.5
EMB_onehot_C14	natural	tjupan_bacillus_subtilis_main_ede46bd107484afd	tjupan_bacillus_subtilis_main_ede46bd107484afd	5.053184689864967	False	47	56	+	-9.5
EMB_onehot_C14	natural	tjupan_bacillus_subtilis_main_f0317abbf46a2fa8	tjupan_bacillus_subtilis_main_f0317abbf46a2fa8	8.262594778511213	False	56	65	+	-0.5
EMB_onehot_C14	natural	tjupan_bacillus_subtilis_main_fe9f961ad53aca80	tjupan_bacillus_subtilis_main_fe9f961ad53aca80	8.146290547218728	False	32	41	+	-24.5
EMB_onehot_C14	natural	tjupan_bacillus_subtilis_main_fffb0162887a3736	tjupan_bacillus_subtilis_main_fffb0162887a3736	4.426354800378261	False	31	40	-	-25.5
EMB_onehot_C14	shuffle	tjupan_bacillus_subtilis_main_0dc2e54e8f0778d4__dinucleotide_null	dbtbs_bsub_core_89ecb38b4ff0148f	5.458831337008348	False	33	42	-	-23.5
EMB_onehot_C14	shuffle	tjupan_bacillus_subtilis_main_682dcc155b9eb236__dinucleotide_null	dbtbs_bsub_core_5d3712ff0aeb1916	8.637899822411784	False	3	12	-	-53.5
EMB_onehot_C14	shuffle	tjupan_bacillus_subtilis_main_f2d1e33176b05430__dinucleotide_null	dbtbs_bsub_core_f2d1e33176b05430	6.193343071821948	False	62	71	-	5.5
EMB_onehot_C14	shuffle	tjupan_bacillus_subtilis_main_c7551eecc12a98c1__dinucleotide_null	tjupan_bacillus_subtilis_main_c7551eecc12a98c1	8.37352275008658	False	54	63	+	-2.5
EMB_onehot_C14	shuffle	tjupan_bacillus_subtilis_main_89e75db25f32c6c9__dinucleotide_null	dbtbs_bsub_core_66a79c370c059251	7.394323426163194	False	39	48	-	-17.5
EMB_onehot_C14	shuffle	tjupan_bacillus_subtilis_main_9996ea2b61a7fc82__dinucleotide_null	tjupan_bacillus_subtilis_main_9996ea2b61a7fc82	9.179720065673418	True	18	27	+	-38.5
EMB_onehot_C14	shuffle	tjupan_bacillus_subtilis_main_b86a1d8c42408cc4__dinucleotide_null	tjupan_bacillus_subtilis_main_b86a1d8c42408cc4	5.257287524000038	False	72	81	-	15.5
EMB_onehot_C14	shuffle	tjupan_bacillus_subtilis_main_79220287475133e5__dinucleotide_null	dbtbs_bsub_core_79220287475133e5	8.352544702680383	False	10	19	+	-46.5
EMB_onehot_C14	shuffle	tjupan_bacillus_subtilis_main_a2bee6d81c2dad89__dinucleotide_null	dbtbs_bsub_core_a2bee6d81c2dad89	7.107653154311234	False	30	39	+	-26.5
EMB_onehot_C14	shuffle	tjupan_bacillus_subtilis_main_103f2a1ec6daa8c4__dinucleotide_null	dbtbs_bsub_core_103f2a1ec6daa8c4	7.611816651615259	False	16	25	-	-40.5
EMB_onehot_C14	shuffle	tjupan_bacillus_subtilis_main_996c93274b7d349e__dinucleotide_null	tjupan_bacillus_subtilis_main_996c93274b7d349e	5.472808827243151	False	61	70	+	4.5
EMB_onehot_C14	shuffle	tjupan_bacillus_subtilis_main_7c407bebf512b5e0__dinucleotide_null	tjupan_bacillus_subtilis_main_7c407bebf512b5e0	4.526211604685335	False	37	46	+	-19.5
EMB_onehot_C14	shuffle	tjupan_bacillus_subtilis_main_842f97f040946982__dinucleotide_null	tjupan_bacillus_subtilis_main_842f97f040946982	5.958013707880784	False	38	47	+	-18.5
EMB_onehot_C14	shuffle	tjupan_bacillus_subtilis_main_42c1909004fe3d73__dinucleotide_null	tjupan_bacillus_subtilis_main_42c1909004fe3d73	6.779403976018914	False	3	12	-	-53.5
EMB_onehot_C14	shuffle	tjupan_bacillus_subtilis_main_42074f78c0199323__dinucleotide_null	dbtbs_bsub_core_42074f78c0199323	8.95118277808567	False	15	24	-	-41.5
EMB_onehot_C14	shuffle	tjupan_bacillus_subtilis_main_72127e86172ad2be__dinucleotide_null	tjupan_bacillus_subtilis_main_72127e86172ad2be	7.052604236354778	False	64	73	-	7.5
EMB_onehot_C14	shuffle	tjupan_bacillus_subtilis_main_d072d578ae627246__dinucleotide_null	tjupan_bacillus_subtilis_main_d072d578ae627246	5.002767903019471	False	27	36	-	-29.5
EMB_onehot_C14	shuffle	tjupan_bacillus_subtilis_main_a2ab5f161ee68a0a__dinucleotide_null	tjupan_bacillus_subtilis_main_a2ab5f161ee68a0a	6.398730846696857	False	24	33	-	-32.5
EMB_onehot_C14	shuffle	tjupan_bacillus_subtilis_main_3ec8c178aa138223__dinucleotide_null	tjupan_bacillus_subtilis_main_3ec8c178aa138223	7.466722134349369	False	25	34	+	-31.5
EMB_onehot_C14	shuffle	tjupan_bacillus_subtilis_main_824214e197f86545__dinucleotide_null	tjupan_bacillus_subtilis_main_824214e197f86545	5.7882638792182295	False	16	25	-	-40.5
EMB_onehot_C14	shuffle	tjupan_bacillus_subtilis_main_721ac29c5ef7c9f0__dinucleotide_null	dbtbs_bsub_core_721ac29c5ef7c9f0	4.3530274331314605	False	28	37	+	-28.5
EMB_onehot_C14	shuffle	tjupan_bacillus_subtilis_main_a7eb317986e0a410__dinucleotide_null	tjupan_bacillus_subtilis_main_a7eb317986e0a410	6.999804088964828	False	11	20	-	-45.5
EMB_onehot_C14	shuffle	tjupan_bacillus_subtilis_main_6cf2c0e47935a8c2__dinucleotide_null	dbtbs_bsub_core_6cf2c0e47935a8c2	7.2349679614453155	False	50	59	-	-6.5
EMB_onehot_C14	shuffle	tjupan_bacillus_subtilis_main_cd9626c39ea075d5__dinucleotide_null	dbtbs_bsub_core_cd9626c39ea075d5	8.324104584585125	False	53	62	+	-3.5
EMB_onehot_C14	shuffle	tjupan_bacillus_subtilis_main_4a95c9a0c8c0dc5d__dinucleotide_null	dbtbs_bsub_core_d38f72abf66add23	5.678338779699808	False	31	40	+	-25.5
EMB_onehot_C14	shuffle	tjupan_bacillus_subtilis_main_323902b09c4af7f6__dinucleotide_null	dbtbs_bsub_core_bb1d2472f35efe20	7.128561416246369	False	9	18	+	-47.5
EMB_onehot_C14	shuffle	tjupan_bacillus_subtilis_main_dda9e4c6372ef204__dinucleotide_null	dbtbs_bsub_core_50819f6cb2562fd8	4.421110260292446	False	50	59	-	-6.5
EMB_onehot_C14	shuffle	tjupan_bacillus_subtilis_main_6fc8f7f57b8f5e9d__dinucleotide_null	tjupan_bacillus_subtilis_main_6fc8f7f57b8f5e9d	7.529897096713273	False	3	12	+	-53.5
EMB_onehot_C14	shuffle	tjupan_bacillus_subtilis_main_84cc0835204b8e58__dinucleotide_null	dbtbs_bsub_core_396da27afda34e05	5.59428314983166	False	66	75	+	9.5
EMB_onehot_C14	shuffle	tjupan_bacillus_subtilis_main_c897ab6e4a2d8869__dinucleotide_null	tjupan_bacillus_subtilis_main_c897ab6e4a2d8869	7.203027481044643	False	7	16	-	-49.5
EMB_onehot_C14	shuffle	tjupan_bacillus_subtilis_main_1b58b9006f9baf4f__dinucleotide_null	dbtbs_bsub_core_1b58b9006f9baf4f	8.904343668707526	False	25	34	+	-31.5
EMB_onehot_C14	shuffle	tjupan_bacillus_subtilis_main_5bcbea22526b97af__dinucleotide_null	dbtbs_bsub_core_2bafb1a73b5c7300	3.4951689302907765	False	66	75	+	9.5
EMB_onehot_C14	shuffle	tjupan_bacillus_subtilis_main_e51e63a9cb3e9467__dinucleotide_null	dbtbs_bsub_core_bb482769c888cf21	7.183515037532999	False	29	38	-	-27.5
EMB_onehot_C14	shuffle	tjupan_bacillus_subtilis_main_b558e80410906098__dinucleotide_null	dbtbs_bsub_core_b558e80410906098	5.5990603268794334	False	16	25	+	-40.5
EMB_onehot_C14	shuffle	tjupan_bacillus_subtilis_main_dc95e7cdf3939931__dinucleotide_null	dbtbs_bsub_core_dc95e7cdf3939931	10.320309612725545	True	21	30	+	-35.5
EMB_onehot_C14	shuffle	tjupan_bacillus_subtilis_main_cf013234eecd796b__dinucleotide_null	dbtbs_bsub_core_700614a2577d51a9	8.324104584585125	False	37	46	+	-19.5
EMB_onehot_C14	shuffle	tjupan_bacillus_subtilis_main_b541048ffbe461fc__dinucleotide_null	tjupan_bacillus_subtilis_main_b541048ffbe461fc	6.495916533975466	False	61	70	-	4.5
EMB_onehot_C14	shuffle	tjupan_bacillus_subtilis_main_0b4e887f7ea9c424__dinucleotide_null	dbtbs_bsub_core_0b4e887f7ea9c424	5.991859109854504	False	69	78	+	12.5
EMB_onehot_C14	shuffle	tjupan_bacillus_subtilis_main_93a3a1679c7a73c9__dinucleotide_null	tjupan_bacillus_subtilis_main_93a3a1679c7a73c9	8.904343668707526	False	69	78	-	12.5
EMB_onehot_C14	shuffle	tjupan_bacillus_subtilis_main_e7e17b10ff25536a__dinucleotide_null	tjupan_bacillus_subtilis_main_1eb616e060615c81	5.646626010131488	False	15	24	-	-41.5
EMB_onehot_C14	shuffle	tjupan_bacillus_subtilis_main_d94f791dab569af4__dinucleotide_null	dbtbs_bsub_core_e72b843a494a35db	7.142502435974393	False	51	60	-	-5.5
EMB_onehot_C14	shuffle	tjupan_bacillus_subtilis_main_d75f323535d0e96f__dinucleotide_null	tjupan_bacillus_subtilis_main_d75f323535d0e96f	5.494406222486912	False	69	78	-	12.5
EMB_onehot_C14	shuffle	tjupan_bacillus_subtilis_main_74379fc21a77213d__dinucleotide_null	tjupan_bacillus_subtilis_main_74379fc21a77213d	4.390832955883129	False	33	42	-	-23.5
EMB_onehot_C14	shuffle	tjupan_bacillus_subtilis_main_6f5bfd2e001a2697__dinucleotide_null	dbtbs_bsub_core_6f5bfd2e001a2697	5.230754690522355	False	55	64	-	-1.5
EMB_onehot_C14	shuffle	tjupan_bacillus_subtilis_main_1eb616e060615c81__dinucleotide_null	tjupan_bacillus_subtilis_main_1eb616e060615c81	4.435386896652144	False	53	62	+	-3.5
EMB_onehot_C14	shuffle	tjupan_bacillus_subtilis_main_409ff8a786357eb4__dinucleotide_null	dbtbs_bsub_core_3e3a825c0d09de99	7.949977369718258	False	48	57	+	-8.5
EMB_onehot_C14	shuffle	tjupan_bacillus_subtilis_main_1bc60721b4be672c__dinucleotide_null	dbtbs_bsub_core_cb8975beecd17a84	5.915720925609392	False	34	43	+	-22.5
EMB_onehot_C14	shuffle	tjupan_bacillus_subtilis_main_af44da9eb65c9b2b__dinucleotide_null	tjupan_bacillus_subtilis_main_af44da9eb65c9b2b	7.564195334093315	False	58	67	-	1.5
EMB_onehot_C14	shuffle	tjupan_bacillus_subtilis_main_8f5b60fc07e381f2__dinucleotide_null	dbtbs_bsub_core_8f5b60fc07e381f2	6.995760899027822	False	30	39	+	-26.5
EMB_onehot_C14	shuffle	tjupan_bacillus_subtilis_main_5c9bf0eab187b5f5__dinucleotide_null	dbtbs_bsub_core_93f240a64705adb6	7.254131079503733	False	52	61	+	-4.5
EMB_onehot_C14	shuffle	tjupan_bacillus_subtilis_main_aaf138e1b23719d3__dinucleotide_null	dbtbs_bsub_core_380666e4ad2529dd	6.195068499453438	False	22	31	-	-34.5
EMB_onehot_C14	shuffle	tjupan_bacillus_subtilis_main_0fcba0431054cde6__dinucleotide_null	dbtbs_bsub_core_0fcba0431054cde6	7.536842766306876	False	15	24	-	-41.5
EMB_onehot_C14	shuffle	tjupan_bacillus_subtilis_main_6f6446b7ed912162__dinucleotide_null	dbtbs_bsub_core_6f6446b7ed912162	7.79328366596418	False	30	39	-	-26.5
EMB_onehot_C14	shuffle	tjupan_bacillus_subtilis_main_d434d749686b9e33__dinucleotide_null	dbtbs_bsub_core_137eff58d766cefa	7.222020443297266	False	11	20	-	-45.5
EMB_onehot_C14	shuffle	tjupan_bacillus_subtilis_main_96c549f1b176b111__dinucleotide_null	tjupan_bacillus_subtilis_main_96c549f1b176b111	6.413770761337226	False	51	60	-	-5.5
EMB_onehot_C14	shuffle	tjupan_bacillus_subtilis_main_a4db17c75fb94c83__dinucleotide_null	dbtbs_bsub_core_8c6f4b9eba960292	8.939456879571068	False	36	45	-	-20.5
EMB_onehot_C14	shuffle	tjupan_bacillus_subtilis_main_0e5e92df8dafa46f__dinucleotide_null	dbtbs_bsub_core_0e5e92df8dafa46f	8.157048314643696	False	61	70	+	4.5
EMB_onehot_C14	shuffle	tjupan_bacillus_subtilis_main_089b35a135bf8797__dinucleotide_null	tjupan_bacillus_subtilis_main_089b35a135bf8797	8.385585602231444	False	66	75	+	9.5
EMB_onehot_C14	shuffle	tjupan_bacillus_subtilis_main_2e3c51df0d86f79b__dinucleotide_null	dbtbs_bsub_core_245b899eb3255120	6.220475721857415	False	29	38	-	-27.5
EMB_onehot_C14	shuffle	tjupan_bacillus_subtilis_main_648aef9dba1f38c4__dinucleotide_null	tjupan_bacillus_subtilis_main_648aef9dba1f38c4	7.565083332006697	False	57	66	-	0.5
EMB_onehot_C14	shuffle	tjupan_bacillus_subtilis_main_b809758bf01da07c__dinucleotide_null	tjupan_bacillus_subtilis_main_b809758bf01da07c	6.979171769344356	False	67	76	-	10.5
EMB_onehot_C14	shuffle	tjupan_bacillus_subtilis_main_72db3945a2fcac01__dinucleotide_null	tjupan_bacillus_subtilis_main_72db3945a2fcac01	6.319925673242615	False	4	13	+	-52.5
EMB_onehot_C14	shuffle	tjupan_bacillus_subtilis_main_8d9a62a0fbc43019__dinucleotide_null	dbtbs_bsub_core_3348625232a23256	5.331438651549988	False	13	22	-	-43.5
EMB_onehot_C14	shuffle	tjupan_bacillus_subtilis_main_2fc6e10224ce632e__dinucleotide_null	dbtbs_bsub_core_2fc6e10224ce632e	6.112476935700692	False	9	18	+	-47.5
EMB_onehot_C14	shuffle	tjupan_bacillus_subtilis_main_4dd4acc476485632__dinucleotide_null	tjupan_bacillus_subtilis_main_4dd4acc476485632	6.848226850150468	False	17	26	-	-39.5
EMB_onehot_C14	shuffle	tjupan_bacillus_subtilis_main_5a1a4573de4d55b3__dinucleotide_null	dbtbs_bsub_core_af75962c5aaa60ac	9.184333880207591	True	59	68	+	2.5
EMB_onehot_C14	shuffle	tjupan_bacillus_subtilis_main_fe854ef781d570c9__dinucleotide_null	dbtbs_bsub_core_79142b70125d7f77	6.888148206516961	False	50	59	+	-6.5
EMB_onehot_C15	positive	tjupan_bacillus_subtilis_main_089b35a135bf8797	tjupan_bacillus_subtilis_main_089b35a135bf8797	6.940502805756437	False	46	55	-	-10.5
EMB_onehot_C15	positive	tjupan_bacillus_subtilis_main_0b4e887f7ea9c424	dbtbs_bsub_core_0b4e887f7ea9c424	8.472950620717603	False	9	18	+	-47.5
EMB_onehot_C15	positive	tjupan_bacillus_subtilis_main_0dc2e54e8f0778d4	dbtbs_bsub_core_89ecb38b4ff0148f	7.340206056312008	False	46	55	+	-10.5
EMB_onehot_C15	positive	tjupan_bacillus_subtilis_main_0e5e92df8dafa46f	dbtbs_bsub_core_0e5e92df8dafa46f	7.651150814799631	False	66	75	+	9.5
EMB_onehot_C15	positive	tjupan_bacillus_subtilis_main_0fcba0431054cde6	dbtbs_bsub_core_0fcba0431054cde6	5.420904990556067	False	55	64	+	-1.5
EMB_onehot_C15	positive	tjupan_bacillus_subtilis_main_103f2a1ec6daa8c4	dbtbs_bsub_core_103f2a1ec6daa8c4	9.370064358329705	True	49	58	+	-7.5
EMB_onehot_C15	positive	tjupan_bacillus_subtilis_main_1b58b9006f9baf4f	dbtbs_bsub_core_1b58b9006f9baf4f	8.766911981248267	True	50	59	+	-6.5
EMB_onehot_C15	positive	tjupan_bacillus_subtilis_main_1bc60721b4be672c	dbtbs_bsub_core_cb8975beecd17a84	7.852581207534244	False	9	18	+	-47.5
EMB_onehot_C15	positive	tjupan_bacillus_subtilis_main_1eb616e060615c81	tjupan_bacillus_subtilis_main_1eb616e060615c81	6.726456797439494	False	1	10	+	-55.5
EMB_onehot_C15	positive	tjupan_bacillus_subtilis_main_2e3c51df0d86f79b	dbtbs_bsub_core_245b899eb3255120	8.214759556001239	False	13	22	+	-43.5
EMB_onehot_C15	positive	tjupan_bacillus_subtilis_main_2fc6e10224ce632e	dbtbs_bsub_core_2fc6e10224ce632e	5.381156070425177	False	63	72	+	6.5
EMB_onehot_C15	positive	tjupan_bacillus_subtilis_main_323902b09c4af7f6	dbtbs_bsub_core_bb1d2472f35efe20	4.551305669636169	False	49	58	+	-7.5
EMB_onehot_C15	positive	tjupan_bacillus_subtilis_main_3ec8c178aa138223	tjupan_bacillus_subtilis_main_3ec8c178aa138223	4.754354420844846	False	55	64	-	-1.5
EMB_onehot_C15	positive	tjupan_bacillus_subtilis_main_409ff8a786357eb4	dbtbs_bsub_core_3e3a825c0d09de99	7.127708817690621	False	6	15	+	-50.5
EMB_onehot_C15	positive	tjupan_bacillus_subtilis_main_42074f78c0199323	dbtbs_bsub_core_42074f78c0199323	6.718948326765512	False	64	73	+	7.5
EMB_onehot_C15	positive	tjupan_bacillus_subtilis_main_42c1909004fe3d73	tjupan_bacillus_subtilis_main_42c1909004fe3d73	6.563025353076311	False	54	63	+	-2.5
EMB_onehot_C15	positive	tjupan_bacillus_subtilis_main_4a95c9a0c8c0dc5d	dbtbs_bsub_core_d38f72abf66add23	7.46722764507337	False	51	60	+	-5.5
EMB_onehot_C15	positive	tjupan_bacillus_subtilis_main_4dd4acc476485632	tjupan_bacillus_subtilis_main_4dd4acc476485632	8.473180619125529	False	38	47	-	-18.5
EMB_onehot_C15	positive	tjupan_bacillus_subtilis_main_5a1a4573de4d55b3	dbtbs_bsub_core_af75962c5aaa60ac	9.949084367358696	True	44	53	+	-12.5
EMB_onehot_C15	positive	tjupan_bacillus_subtilis_main_5bcbea22526b97af	dbtbs_bsub_core_2bafb1a73b5c7300	10.266523460149724	True	62	71	+	5.5
EMB_onehot_C15	positive	tjupan_bacillus_subtilis_main_5c9bf0eab187b5f5	dbtbs_bsub_core_93f240a64705adb6	7.908228079135868	False	32	41	+	-24.5
EMB_onehot_C15	positive	tjupan_bacillus_subtilis_main_648aef9dba1f38c4	tjupan_bacillus_subtilis_main_648aef9dba1f38c4	5.826089847014184	False	54	63	-	-2.5
EMB_onehot_C15	positive	tjupan_bacillus_subtilis_main_682dcc155b9eb236	dbtbs_bsub_core_5d3712ff0aeb1916	5.544926600340246	False	48	57	+	-8.5
EMB_onehot_C15	positive	tjupan_bacillus_subtilis_main_6cf2c0e47935a8c2	dbtbs_bsub_core_6cf2c0e47935a8c2	8.033233336740004	False	37	46	-	-19.5
EMB_onehot_C15	positive	tjupan_bacillus_subtilis_main_6f5bfd2e001a2697	dbtbs_bsub_core_6f5bfd2e001a2697	6.373015627184951	False	64	73	-	7.5
EMB_onehot_C15	positive	tjupan_bacillus_subtilis_main_6f6446b7ed912162	dbtbs_bsub_core_6f6446b7ed912162	8.022794300451746	False	57	66	+	0.5
EMB_onehot_C15	positive	tjupan_bacillus_subtilis_main_6fc8f7f57b8f5e9d	tjupan_bacillus_subtilis_main_6fc8f7f57b8f5e9d	8.297502819267338	False	13	22	+	-43.5
EMB_onehot_C15	positive	tjupan_bacillus_subtilis_main_72127e86172ad2be	tjupan_bacillus_subtilis_main_72127e86172ad2be	6.204589424679145	False	51	60	+	-5.5
EMB_onehot_C15	positive	tjupan_bacillus_subtilis_main_721ac29c5ef7c9f0	dbtbs_bsub_core_721ac29c5ef7c9f0	10.950973147487945	True	51	60	+	-5.5
EMB_onehot_C15	positive	tjupan_bacillus_subtilis_main_72db3945a2fcac01	tjupan_bacillus_subtilis_main_72db3945a2fcac01	7.052740207135658	False	59	68	+	2.5
EMB_onehot_C15	positive	tjupan_bacillus_subtilis_main_74379fc21a77213d	tjupan_bacillus_subtilis_main_74379fc21a77213d	8.39331380998396	False	41	50	-	-15.5
EMB_onehot_C15	positive	tjupan_bacillus_subtilis_main_79220287475133e5	dbtbs_bsub_core_79220287475133e5	9.639917951424215	True	70	79	+	13.5
EMB_onehot_C15	positive	tjupan_bacillus_subtilis_main_7c407bebf512b5e0	tjupan_bacillus_subtilis_main_7c407bebf512b5e0	5.0803922873110245	False	29	38	+	-27.5
EMB_onehot_C15	positive	tjupan_bacillus_subtilis_main_824214e197f86545	tjupan_bacillus_subtilis_main_824214e197f86545	7.646397777762323	False	54	63	+	-2.5
EMB_onehot_C15	positive	tjupan_bacillus_subtilis_main_842f97f040946982	tjupan_bacillus_subtilis_main_842f97f040946982	10.409629658214092	True	36	45	+	-20.5
EMB_onehot_C15	positive	tjupan_bacillus_subtilis_main_84cc0835204b8e58	dbtbs_bsub_core_396da27afda34e05	7.7322324048233755	False	26	35	-	-30.5
EMB_onehot_C15	positive	tjupan_bacillus_subtilis_main_89e75db25f32c6c9	dbtbs_bsub_core_66a79c370c059251	10.614826970461385	True	48	57	+	-8.5
EMB_onehot_C15	positive	tjupan_bacillus_subtilis_main_8d9a62a0fbc43019	dbtbs_bsub_core_3348625232a23256	8.417269041991249	False	15	24	+	-41.5
EMB_onehot_C15	positive	tjupan_bacillus_subtilis_main_8f5b60fc07e381f2	dbtbs_bsub_core_8f5b60fc07e381f2	6.130057259942245	False	63	72	+	6.5
EMB_onehot_C15	positive	tjupan_bacillus_subtilis_main_93a3a1679c7a73c9	tjupan_bacillus_subtilis_main_93a3a1679c7a73c9	6.126894760974074	False	7	16	-	-49.5
EMB_onehot_C15	positive	tjupan_bacillus_subtilis_main_96c549f1b176b111	tjupan_bacillus_subtilis_main_96c549f1b176b111	7.075835031163856	False	49	58	+	-7.5
EMB_onehot_C15	positive	tjupan_bacillus_subtilis_main_996c93274b7d349e	tjupan_bacillus_subtilis_main_996c93274b7d349e	6.0502083950265035	False	50	59	+	-6.5
EMB_onehot_C15	positive	tjupan_bacillus_subtilis_main_9996ea2b61a7fc82	tjupan_bacillus_subtilis_main_9996ea2b61a7fc82	11.40859620578039	True	49	58	+	-7.5
EMB_onehot_C15	positive	tjupan_bacillus_subtilis_main_a2ab5f161ee68a0a	tjupan_bacillus_subtilis_main_a2ab5f161ee68a0a	8.04920736030839	False	49	58	+	-7.5
EMB_onehot_C15	positive	tjupan_bacillus_subtilis_main_a2bee6d81c2dad89	dbtbs_bsub_core_a2bee6d81c2dad89	5.224233187519893	False	1	10	+	-55.5
EMB_onehot_C15	positive	tjupan_bacillus_subtilis_main_a4db17c75fb94c83	dbtbs_bsub_core_8c6f4b9eba960292	9.198194084249526	True	21	30	-	-35.5
EMB_onehot_C15	positive	tjupan_bacillus_subtilis_main_a7eb317986e0a410	tjupan_bacillus_subtilis_main_a7eb317986e0a410	6.6861575304698695	False	34	43	-	-22.5
EMB_onehot_C15	positive	tjupan_bacillus_subtilis_main_aaf138e1b23719d3	dbtbs_bsub_core_380666e4ad2529dd	7.6770558524790085	False	32	41	-	-24.5
EMB_onehot_C15	positive	tjupan_bacillus_subtilis_main_af44da9eb65c9b2b	tjupan_bacillus_subtilis_main_af44da9eb65c9b2b	7.692877674630479	False	4	13	+	-52.5
EMB_onehot_C15	positive	tjupan_bacillus_subtilis_main_b541048ffbe461fc	tjupan_bacillus_subtilis_main_b541048ffbe461fc	5.387566095303366	False	24	33	-	-32.5
EMB_onehot_C15	positive	tjupan_bacillus_subtilis_main_b558e80410906098	dbtbs_bsub_core_b558e80410906098	6.713813027318937	False	68	77	+	11.5
EMB_onehot_C15	positive	tjupan_bacillus_subtilis_main_b809758bf01da07c	tjupan_bacillus_subtilis_main_b809758bf01da07c	8.164304268122477	False	55	64	+	-1.5
EMB_onehot_C15	positive	tjupan_bacillus_subtilis_main_b86a1d8c42408cc4	tjupan_bacillus_subtilis_main_b86a1d8c42408cc4	5.26588418858338	False	47	56	-	-9.5
EMB_onehot_C15	positive	tjupan_bacillus_subtilis_main_c7551eecc12a98c1	tjupan_bacillus_subtilis_main_c7551eecc12a98c1	9.191280105939056	True	26	35	-	-30.5
EMB_onehot_C15	positive	tjupan_bacillus_subtilis_main_c897ab6e4a2d8869	tjupan_bacillus_subtilis_main_c897ab6e4a2d8869	4.110405879531429	False	36	45	-	-20.5
EMB_onehot_C15	positive	tjupan_bacillus_subtilis_main_cd9626c39ea075d5	dbtbs_bsub_core_cd9626c39ea075d5	5.916596005034246	False	55	64	+	-1.5
EMB_onehot_C15	positive	tjupan_bacillus_subtilis_main_cf013234eecd796b	dbtbs_bsub_core_700614a2577d51a9	9.48940594366946	True	46	55	-	-10.5
EMB_onehot_C15	positive	tjupan_bacillus_subtilis_main_d072d578ae627246	tjupan_bacillus_subtilis_main_d072d578ae627246	8.045010299672299	False	36	45	+	-20.5
EMB_onehot_C15	positive	tjupan_bacillus_subtilis_main_d434d749686b9e33	dbtbs_bsub_core_137eff58d766cefa	7.866226047281651	False	17	26	-	-39.5
EMB_onehot_C15	positive	tjupan_bacillus_subtilis_main_d75f323535d0e96f	tjupan_bacillus_subtilis_main_d75f323535d0e96f	6.716402298308102	False	12	21	-	-44.5
EMB_onehot_C15	positive	tjupan_bacillus_subtilis_main_d94f791dab569af4	dbtbs_bsub_core_e72b843a494a35db	6.5071790264713965	False	17	26	-	-39.5
EMB_onehot_C15	positive	tjupan_bacillus_subtilis_main_dc95e7cdf3939931	dbtbs_bsub_core_dc95e7cdf3939931	6.264899515345906	False	66	75	-	9.5
EMB_onehot_C15	positive	tjupan_bacillus_subtilis_main_dda9e4c6372ef204	dbtbs_bsub_core_50819f6cb2562fd8	5.487474798480423	False	2	11	-	-54.5
EMB_onehot_C15	positive	tjupan_bacillus_subtilis_main_e51e63a9cb3e9467	dbtbs_bsub_core_bb482769c888cf21	7.509662127477586	False	44	53	-	-12.5
EMB_onehot_C15	positive	tjupan_bacillus_subtilis_main_e7e17b10ff25536a	tjupan_bacillus_subtilis_main_1eb616e060615c81	6.726456797439494	False	4	13	+	-52.5
EMB_onehot_C15	positive	tjupan_bacillus_subtilis_main_f2d1e33176b05430	dbtbs_bsub_core_f2d1e33176b05430	7.871661927021128	False	57	66	+	0.5
EMB_onehot_C15	positive	tjupan_bacillus_subtilis_main_fe854ef781d570c9	dbtbs_bsub_core_79142b70125d7f77	5.718624474504063	False	22	31	+	-34.5
EMB_onehot_C15	natural	tjupan_bacillus_subtilis_main_01f49032fc924b2b	tjupan_bacillus_subtilis_main_01f49032fc924b2b	7.34457416431882	False	13	22	+	-43.5
EMB_onehot_C15	natural	tjupan_bacillus_subtilis_main_0369fa5f1dde8889	tjupan_bacillus_subtilis_main_0369fa5f1dde8889	7.144919977778675	False	60	69	+	3.5
EMB_onehot_C15	natural	tjupan_bacillus_subtilis_main_04bf0704019251eb	tjupan_bacillus_subtilis_main_04bf0704019251eb	5.925121514245366	False	38	47	-	-18.5
EMB_onehot_C15	natural	tjupan_bacillus_subtilis_main_07a43cab15901fd0	tjupan_bacillus_subtilis_main_07a43cab15901fd0	5.4834711956473186	False	65	74	-	8.5
EMB_onehot_C15	natural	tjupan_bacillus_subtilis_main_0abf62f108ad9afa	tjupan_bacillus_subtilis_main_0abf62f108ad9afa	4.980792654282027	False	4	13	+	-52.5
EMB_onehot_C15	natural	tjupan_bacillus_subtilis_main_10a028761e096e6f	tjupan_bacillus_subtilis_main_10a028761e096e6f	9.021760848018046	True	71	80	+	14.5
EMB_onehot_C15	natural	tjupan_bacillus_subtilis_main_1183c551e9c3884e	tjupan_bacillus_subtilis_main_1183c551e9c3884e	6.347635871603496	False	6	15	+	-50.5
EMB_onehot_C15	natural	tjupan_bacillus_subtilis_main_11c75fe7d070d91d	tjupan_bacillus_subtilis_main_11c75fe7d070d91d	3.0015108278495815	False	52	61	-	-4.5
EMB_onehot_C15	natural	tjupan_bacillus_subtilis_main_13f81edc59432f39	tjupan_bacillus_subtilis_main_13f81edc59432f39	3.0490609421999784	False	21	30	+	-35.5
EMB_onehot_C15	natural	tjupan_bacillus_subtilis_main_1a1965c69595e91c	tjupan_bacillus_subtilis_main_1a1965c69595e91c	6.022822970675136	False	64	73	+	7.5
EMB_onehot_C15	natural	tjupan_bacillus_subtilis_main_28ceb7fd6ffaf1b1	tjupan_bacillus_subtilis_main_28ceb7fd6ffaf1b1	10.037986172561975	True	13	22	+	-43.5
EMB_onehot_C15	natural	tjupan_bacillus_subtilis_main_2a691ccdd9f8cd87	tjupan_bacillus_subtilis_main_2a691ccdd9f8cd87	4.170185199383099	False	63	72	+	6.5
EMB_onehot_C15	natural	tjupan_bacillus_subtilis_main_3095b00d206277d2	tjupan_bacillus_subtilis_main_3095b00d206277d2	2.8276101986427045	False	62	71	+	5.5
EMB_onehot_C15	natural	tjupan_bacillus_subtilis_main_33ded6bc702ab6e3	tjupan_bacillus_subtilis_main_33ded6bc702ab6e3	2.8721492915070566	False	66	75	-	9.5
EMB_onehot_C15	natural	tjupan_bacillus_subtilis_main_3b669bfd8e8ecc5c	tjupan_bacillus_subtilis_main_3b669bfd8e8ecc5c	5.950456016683605	False	40	49	+	-16.5
EMB_onehot_C15	natural	tjupan_bacillus_subtilis_main_3dfed0cfea4ace99	tjupan_bacillus_subtilis_main_3dfed0cfea4ace99	2.570274853190792	False	10	19	+	-46.5
EMB_onehot_C15	natural	tjupan_bacillus_subtilis_main_3f82397c249b4c2e	tjupan_bacillus_subtilis_main_3f82397c249b4c2e	6.648431517606499	False	8	17	+	-48.5
EMB_onehot_C15	natural	tjupan_bacillus_subtilis_main_413de94f4b4cc894	tjupan_bacillus_subtilis_main_413de94f4b4cc894	8.991754308563143	True	68	77	-	11.5
EMB_onehot_C15	natural	tjupan_bacillus_subtilis_main_4225dc5bcf089682	tjupan_bacillus_subtilis_main_4225dc5bcf089682	7.019324501732712	False	29	38	+	-27.5
EMB_onehot_C15	natural	tjupan_bacillus_subtilis_main_43e8357a95b8acad	tjupan_bacillus_subtilis_main_43e8357a95b8acad	2.9010840028667086	False	11	20	-	-45.5
EMB_onehot_C15	natural	tjupan_bacillus_subtilis_main_44b9e66950262593	tjupan_bacillus_subtilis_main_44b9e66950262593	8.932859042814764	True	72	81	+	15.5
EMB_onehot_C15	natural	tjupan_bacillus_subtilis_main_4600103c5e396ab7	tjupan_bacillus_subtilis_main_4600103c5e396ab7	6.033726367970079	False	47	56	+	-9.5
EMB_onehot_C15	natural	tjupan_bacillus_subtilis_main_47b01646ad818f05	tjupan_bacillus_subtilis_main_47b01646ad818f05	6.338092248541541	False	40	49	+	-16.5
EMB_onehot_C15	natural	tjupan_bacillus_subtilis_main_47f3a0ce2d4034a8	tjupan_bacillus_subtilis_main_47f3a0ce2d4034a8	1.655917764271941	False	3	12	-	-53.5
EMB_onehot_C15	natural	tjupan_bacillus_subtilis_main_4c62636643ef908e	tjupan_bacillus_subtilis_main_4c62636643ef908e	5.771568817639467	False	18	27	+	-38.5
EMB_onehot_C15	natural	tjupan_bacillus_subtilis_main_4ec6f242d8a5df5c	tjupan_bacillus_subtilis_main_4ec6f242d8a5df5c	7.109206948920081	False	8	17	+	-48.5
EMB_onehot_C15	natural	tjupan_bacillus_subtilis_main_4efdcab552f8b70d	tjupan_bacillus_subtilis_main_4efdcab552f8b70d	2.9800669171749723	False	70	79	+	13.5
EMB_onehot_C15	natural	tjupan_bacillus_subtilis_main_51577d89c939deba	tjupan_bacillus_subtilis_main_51577d89c939deba	6.828312777621495	False	47	56	+	-9.5
EMB_onehot_C15	natural	tjupan_bacillus_subtilis_main_52bff7f8e27d9410	tjupan_bacillus_subtilis_main_52bff7f8e27d9410	2.481193333497298	False	69	78	+	12.5
EMB_onehot_C15	natural	tjupan_bacillus_subtilis_main_59901c21c497690b	tjupan_bacillus_subtilis_main_59901c21c497690b	8.651734873108252	True	45	54	+	-11.5
EMB_onehot_C15	natural	tjupan_bacillus_subtilis_main_5f953d4f57c1fa81	tjupan_bacillus_subtilis_main_5f953d4f57c1fa81	10.295063436898213	True	3	12	-	-53.5
EMB_onehot_C15	natural	tjupan_bacillus_subtilis_main_669f9a1f1028b036	tjupan_bacillus_subtilis_main_669f9a1f1028b036	3.661814028551821	False	48	57	-	-8.5
EMB_onehot_C15	natural	tjupan_bacillus_subtilis_main_69dc5d058d63d549	tjupan_bacillus_subtilis_main_69dc5d058d63d549	1.8466665778517906	False	16	25	-	-40.5
EMB_onehot_C15	natural	tjupan_bacillus_subtilis_main_6cfe0a7e178b1651	tjupan_bacillus_subtilis_main_6cfe0a7e178b1651	2.2761058323171346	False	12	21	-	-44.5
EMB_onehot_C15	natural	tjupan_bacillus_subtilis_main_705ab5e790a4610d	tjupan_bacillus_subtilis_main_705ab5e790a4610d	7.661523833160999	False	43	52	-	-13.5
EMB_onehot_C15	natural	tjupan_bacillus_subtilis_main_71852833d33a5887	tjupan_bacillus_subtilis_main_71852833d33a5887	5.640093322023133	False	14	23	-	-42.5
EMB_onehot_C15	natural	tjupan_bacillus_subtilis_main_76c86d1f05ca1d88	tjupan_bacillus_subtilis_main_76c86d1f05ca1d88	5.288378965408088	False	59	68	+	2.5
EMB_onehot_C15	natural	tjupan_bacillus_subtilis_main_777d2d2586a95fbc	tjupan_bacillus_subtilis_main_777d2d2586a95fbc	2.9938619774771964	False	61	70	+	4.5
EMB_onehot_C15	natural	tjupan_bacillus_subtilis_main_7c99b9a8665786aa	tjupan_bacillus_subtilis_main_7c99b9a8665786aa	5.804381560567953	False	65	74	+	8.5
EMB_onehot_C15	natural	tjupan_bacillus_subtilis_main_82f0003647ec7740	tjupan_bacillus_subtilis_main_82f0003647ec7740	6.724153301650985	False	55	64	+	-1.5
EMB_onehot_C15	natural	tjupan_bacillus_subtilis_main_8a9952e5dc8e0bd1	tjupan_bacillus_subtilis_main_8a9952e5dc8e0bd1	4.987729967940512	False	22	31	+	-34.5
EMB_onehot_C15	natural	tjupan_bacillus_subtilis_main_8c2afb751c3f9d92	tjupan_bacillus_subtilis_main_8c2afb751c3f9d92	5.574520049807331	False	54	63	+	-2.5
EMB_onehot_C15	natural	tjupan_bacillus_subtilis_main_8e1b3c58365d2bbd	tjupan_bacillus_subtilis_main_8e1b3c58365d2bbd	8.842976595627396	True	54	63	+	-2.5
EMB_onehot_C15	natural	tjupan_bacillus_subtilis_main_906140fe2a990d8e	tjupan_bacillus_subtilis_main_906140fe2a990d8e	7.844010048061097	False	71	80	+	14.5
EMB_onehot_C15	natural	tjupan_bacillus_subtilis_main_94dbc17f3078c678	tjupan_bacillus_subtilis_main_94dbc17f3078c678	3.764457900547284	False	19	28	+	-37.5
EMB_onehot_C15	natural	tjupan_bacillus_subtilis_main_9bf1d28c9aae3b2e	tjupan_bacillus_subtilis_main_9bf1d28c9aae3b2e	2.6445842645760256	False	53	62	+	-3.5
EMB_onehot_C15	natural	tjupan_bacillus_subtilis_main_9cc8f38cff175da4	tjupan_bacillus_subtilis_main_9cc8f38cff175da4	5.31607053260639	False	69	78	-	12.5
EMB_onehot_C15	natural	tjupan_bacillus_subtilis_main_9cceb700e3527301	tjupan_bacillus_subtilis_main_9cceb700e3527301	5.574520049807331	False	48	57	-	-8.5
EMB_onehot_C15	natural	tjupan_bacillus_subtilis_main_9d0345f875b7552c	tjupan_bacillus_subtilis_main_9d0345f875b7552c	5.103493233842481	False	24	33	+	-32.5
EMB_onehot_C15	natural	tjupan_bacillus_subtilis_main_a3fedb31fa6cc84b	tjupan_bacillus_subtilis_main_a3fedb31fa6cc84b	7.895161076326581	False	19	28	+	-37.5
EMB_onehot_C15	natural	tjupan_bacillus_subtilis_main_a54e7006d4699b67	tjupan_bacillus_subtilis_main_a54e7006d4699b67	5.1498691159944805	False	31	40	-	-25.5
EMB_onehot_C15	natural	tjupan_bacillus_subtilis_main_aaa45c891936f972	tjupan_bacillus_subtilis_main_aaa45c891936f972	3.9446811038846454	False	11	20	-	-45.5
EMB_onehot_C15	natural	tjupan_bacillus_subtilis_main_aec3d55ae2f9e509	tjupan_bacillus_subtilis_main_aec3d55ae2f9e509	4.639771533315803	False	23	32	-	-33.5
EMB_onehot_C15	natural	tjupan_bacillus_subtilis_main_b0b9cfd1b442c029	tjupan_bacillus_subtilis_main_b0b9cfd1b442c029	5.0002180748073375	False	3	12	+	-53.5
EMB_onehot_C15	natural	tjupan_bacillus_subtilis_main_b161f4572a371b25	tjupan_bacillus_subtilis_main_b161f4572a371b25	5.354419491909921	False	21	30	+	-35.5
EMB_onehot_C15	natural	tjupan_bacillus_subtilis_main_b3e87bd1af1ccb1a	tjupan_bacillus_subtilis_main_b3e87bd1af1ccb1a	5.4855612714032835	False	69	78	+	12.5
EMB_onehot_C15	natural	tjupan_bacillus_subtilis_main_b5ddce4bc0328e2c	tjupan_bacillus_subtilis_main_b5ddce4bc0328e2c	3.4003686562087747	False	12	21	-	-44.5
EMB_onehot_C15	natural	tjupan_bacillus_subtilis_main_b9d7835496546020	tjupan_bacillus_subtilis_main_b9d7835496546020	6.495616014063237	False	22	31	-	-34.5
EMB_onehot_C15	natural	tjupan_bacillus_subtilis_main_bd36aa35d4edeb39	tjupan_bacillus_subtilis_main_bd36aa35d4edeb39	5.423815366033433	False	41	50	+	-15.5
EMB_onehot_C15	natural	tjupan_bacillus_subtilis_main_c24b04311bf8b4bf	tjupan_bacillus_subtilis_main_c24b04311bf8b4bf	6.1469221364836395	False	68	77	+	11.5
EMB_onehot_C15	natural	tjupan_bacillus_subtilis_main_c981e3412d58013c	tjupan_bacillus_subtilis_main_c981e3412d58013c	4.295613950592097	False	11	20	-	-45.5
EMB_onehot_C15	natural	tjupan_bacillus_subtilis_main_cbe667645cefe255	tjupan_bacillus_subtilis_main_cbe667645cefe255	5.7247447498343105	False	66	75	+	9.5
EMB_onehot_C15	natural	tjupan_bacillus_subtilis_main_ced7dfa7b2671e00	tjupan_bacillus_subtilis_main_ced7dfa7b2671e00	3.57151767315505	False	69	78	+	12.5
EMB_onehot_C15	natural	tjupan_bacillus_subtilis_main_d14a8947b06ae361	tjupan_bacillus_subtilis_main_d14a8947b06ae361	4.7811606690544295	False	50	59	+	-6.5
EMB_onehot_C15	natural	tjupan_bacillus_subtilis_main_dd7d0f632ba9b25f	tjupan_bacillus_subtilis_main_dd7d0f632ba9b25f	7.677055852479009	False	49	58	+	-7.5
EMB_onehot_C15	natural	tjupan_bacillus_subtilis_main_deeb9c19c390dc19	tjupan_bacillus_subtilis_main_deeb9c19c390dc19	7.326611287286223	False	61	70	-	4.5
EMB_onehot_C15	natural	tjupan_bacillus_subtilis_main_dfdf3a9a774b0b36	tjupan_bacillus_subtilis_main_dfdf3a9a774b0b36	4.070841912268565	False	64	73	+	7.5
EMB_onehot_C15	natural	tjupan_bacillus_subtilis_main_e05a9847e20fa44f	tjupan_bacillus_subtilis_main_e05a9847e20fa44f	5.789404785159457	False	11	20	-	-45.5
EMB_onehot_C15	natural	tjupan_bacillus_subtilis_main_e09693162cd1efc7	tjupan_bacillus_subtilis_main_e09693162cd1efc7	5.940585944166265	False	68	77	+	11.5
EMB_onehot_C15	natural	tjupan_bacillus_subtilis_main_e1df7768894b7e64	tjupan_bacillus_subtilis_main_e1df7768894b7e64	2.8919609254712615	False	4	13	-	-52.5
EMB_onehot_C15	natural	tjupan_bacillus_subtilis_main_e4935e5203d5f4a1	tjupan_bacillus_subtilis_main_e4935e5203d5f4a1	9.916293571063052	True	12	21	-	-44.5
EMB_onehot_C15	natural	tjupan_bacillus_subtilis_main_e71258c4630ccafd	tjupan_bacillus_subtilis_main_e71258c4630ccafd	2.8041311516270033	False	36	45	-	-20.5
EMB_onehot_C15	natural	tjupan_bacillus_subtilis_main_ea6abbc438ac2020	tjupan_bacillus_subtilis_main_ea6abbc438ac2020	5.9567053541227715	False	66	75	-	9.5
EMB_onehot_C15	natural	tjupan_bacillus_subtilis_main_ede46bd107484afd	tjupan_bacillus_subtilis_main_ede46bd107484afd	7.824154488262811	False	11	20	-	-45.5
EMB_onehot_C15	natural	tjupan_bacillus_subtilis_main_f0317abbf46a2fa8	tjupan_bacillus_subtilis_main_f0317abbf46a2fa8	5.003980943561062	False	22	31	+	-34.5
EMB_onehot_C15	natural	tjupan_bacillus_subtilis_main_fe9f961ad53aca80	tjupan_bacillus_subtilis_main_fe9f961ad53aca80	4.037062900639851	False	53	62	+	-3.5
EMB_onehot_C15	natural	tjupan_bacillus_subtilis_main_fffb0162887a3736	tjupan_bacillus_subtilis_main_fffb0162887a3736	4.988648774860902	False	6	15	-	-50.5
EMB_onehot_C15	shuffle	tjupan_bacillus_subtilis_main_0dc2e54e8f0778d4__dinucleotide_null	dbtbs_bsub_core_89ecb38b4ff0148f	7.102340587499189	False	48	57	+	-8.5
EMB_onehot_C15	shuffle	tjupan_bacillus_subtilis_main_682dcc155b9eb236__dinucleotide_null	dbtbs_bsub_core_5d3712ff0aeb1916	7.533458089456301	False	51	60	+	-5.5
EMB_onehot_C15	shuffle	tjupan_bacillus_subtilis_main_f2d1e33176b05430__dinucleotide_null	dbtbs_bsub_core_f2d1e33176b05430	6.264899515345906	False	16	25	+	-40.5
EMB_onehot_C15	shuffle	tjupan_bacillus_subtilis_main_c7551eecc12a98c1__dinucleotide_null	tjupan_bacillus_subtilis_main_c7551eecc12a98c1	8.630707597649957	True	45	54	-	-11.5
EMB_onehot_C15	shuffle	tjupan_bacillus_subtilis_main_89e75db25f32c6c9__dinucleotide_null	dbtbs_bsub_core_66a79c370c059251	7.125680562839643	False	23	32	+	-33.5
EMB_onehot_C15	shuffle	tjupan_bacillus_subtilis_main_9996ea2b61a7fc82__dinucleotide_null	tjupan_bacillus_subtilis_main_9996ea2b61a7fc82	8.22799161269904	False	35	44	-	-21.5
EMB_onehot_C15	shuffle	tjupan_bacillus_subtilis_main_b86a1d8c42408cc4__dinucleotide_null	tjupan_bacillus_subtilis_main_b86a1d8c42408cc4	7.331107873494864	False	11	20	+	-45.5
EMB_onehot_C15	shuffle	tjupan_bacillus_subtilis_main_79220287475133e5__dinucleotide_null	dbtbs_bsub_core_79220287475133e5	8.169653345957295	False	29	38	+	-27.5
EMB_onehot_C15	shuffle	tjupan_bacillus_subtilis_main_a2bee6d81c2dad89__dinucleotide_null	dbtbs_bsub_core_a2bee6d81c2dad89	2.744141833874214	False	71	80	+	14.5
EMB_onehot_C15	shuffle	tjupan_bacillus_subtilis_main_103f2a1ec6daa8c4__dinucleotide_null	dbtbs_bsub_core_103f2a1ec6daa8c4	8.643450798251482	True	56	65	+	-0.5
EMB_onehot_C15	shuffle	tjupan_bacillus_subtilis_main_996c93274b7d349e__dinucleotide_null	tjupan_bacillus_subtilis_main_996c93274b7d349e	6.62837208244487	False	56	65	+	-0.5
EMB_onehot_C15	shuffle	tjupan_bacillus_subtilis_main_7c407bebf512b5e0__dinucleotide_null	tjupan_bacillus_subtilis_main_7c407bebf512b5e0	5.019431511819166	False	48	57	-	-8.5
EMB_onehot_C15	shuffle	tjupan_bacillus_subtilis_main_842f97f040946982__dinucleotide_null	tjupan_bacillus_subtilis_main_842f97f040946982	6.495616014063237	False	70	79	+	13.5
EMB_onehot_C15	shuffle	tjupan_bacillus_subtilis_main_42c1909004fe3d73__dinucleotide_null	tjupan_bacillus_subtilis_main_42c1909004fe3d73	6.848396369920938	False	19	28	-	-37.5
EMB_onehot_C15	shuffle	tjupan_bacillus_subtilis_main_42074f78c0199323__dinucleotide_null	dbtbs_bsub_core_42074f78c0199323	7.774401453065711	False	12	21	-	-44.5
EMB_onehot_C15	shuffle	tjupan_bacillus_subtilis_main_72127e86172ad2be__dinucleotide_null	tjupan_bacillus_subtilis_main_72127e86172ad2be	7.8776847321930195	False	57	66	+	0.5
EMB_onehot_C15	shuffle	tjupan_bacillus_subtilis_main_d072d578ae627246__dinucleotide_null	tjupan_bacillus_subtilis_main_d072d578ae627246	7.670360503053883	False	25	34	-	-31.5
EMB_onehot_C15	shuffle	tjupan_bacillus_subtilis_main_a2ab5f161ee68a0a__dinucleotide_null	tjupan_bacillus_subtilis_main_a2ab5f161ee68a0a	5.309384490741818	False	30	39	-	-26.5
EMB_onehot_C15	shuffle	tjupan_bacillus_subtilis_main_3ec8c178aa138223__dinucleotide_null	tjupan_bacillus_subtilis_main_3ec8c178aa138223	9.916293571063052	True	17	26	+	-39.5
EMB_onehot_C15	shuffle	tjupan_bacillus_subtilis_main_824214e197f86545__dinucleotide_null	tjupan_bacillus_subtilis_main_824214e197f86545	7.030385252943805	False	72	81	-	15.5
EMB_onehot_C15	shuffle	tjupan_bacillus_subtilis_main_721ac29c5ef7c9f0__dinucleotide_null	dbtbs_bsub_core_721ac29c5ef7c9f0	10.860015976887874	True	22	31	+	-34.5
EMB_onehot_C15	shuffle	tjupan_bacillus_subtilis_main_a7eb317986e0a410__dinucleotide_null	tjupan_bacillus_subtilis_main_a7eb317986e0a410	3.814124904324026	False	14	23	-	-42.5
EMB_onehot_C15	shuffle	tjupan_bacillus_subtilis_main_6cf2c0e47935a8c2__dinucleotide_null	dbtbs_bsub_core_6cf2c0e47935a8c2	6.984877860563785	False	54	63	-	-2.5
EMB_onehot_C15	shuffle	tjupan_bacillus_subtilis_main_cd9626c39ea075d5__dinucleotide_null	dbtbs_bsub_core_cd9626c39ea075d5	7.651150814799631	False	54	63	+	-2.5
EMB_onehot_C15	shuffle	tjupan_bacillus_subtilis_main_4a95c9a0c8c0dc5d__dinucleotide_null	dbtbs_bsub_core_d38f72abf66add23	2.04756267739286	False	64	73	-	7.5
EMB_onehot_C15	shuffle	tjupan_bacillus_subtilis_main_323902b09c4af7f6__dinucleotide_null	dbtbs_bsub_core_bb1d2472f35efe20	2.518919748346219	False	67	76	+	10.5
EMB_onehot_C15	shuffle	tjupan_bacillus_subtilis_main_dda9e4c6372ef204__dinucleotide_null	dbtbs_bsub_core_50819f6cb2562fd8	8.343088520513124	False	10	19	-	-46.5
EMB_onehot_C15	shuffle	tjupan_bacillus_subtilis_main_6fc8f7f57b8f5e9d__dinucleotide_null	tjupan_bacillus_subtilis_main_6fc8f7f57b8f5e9d	5.737811752643597	False	68	77	+	11.5
EMB_onehot_C15	shuffle	tjupan_bacillus_subtilis_main_84cc0835204b8e58__dinucleotide_null	dbtbs_bsub_core_396da27afda34e05	4.220546191540605	False	69	78	+	12.5
EMB_onehot_C15	shuffle	tjupan_bacillus_subtilis_main_c897ab6e4a2d8869__dinucleotide_null	tjupan_bacillus_subtilis_main_c897ab6e4a2d8869	7.71266631740818	False	14	23	-	-42.5
EMB_onehot_C15	shuffle	tjupan_bacillus_subtilis_main_1b58b9006f9baf4f__dinucleotide_null	dbtbs_bsub_core_1b58b9006f9baf4f	9.021760848018046	True	25	34	+	-31.5
EMB_onehot_C15	shuffle	tjupan_bacillus_subtilis_main_5bcbea22526b97af__dinucleotide_null	dbtbs_bsub_core_2bafb1a73b5c7300	10.095077823453702	True	61	70	+	4.5
EMB_onehot_C15	shuffle	tjupan_bacillus_subtilis_main_e51e63a9cb3e9467__dinucleotide_null	dbtbs_bsub_core_bb482769c888cf21	5.374049079618652	False	36	45	-	-20.5
EMB_onehot_C15	shuffle	tjupan_bacillus_subtilis_main_b558e80410906098__dinucleotide_null	dbtbs_bsub_core_b558e80410906098	7.3210660499020195	False	24	33	-	-32.5
EMB_onehot_C15	shuffle	tjupan_bacillus_subtilis_main_dc95e7cdf3939931__dinucleotide_null	dbtbs_bsub_core_dc95e7cdf3939931	6.139013017291748	False	70	79	+	13.5
EMB_onehot_C15	shuffle	tjupan_bacillus_subtilis_main_cf013234eecd796b__dinucleotide_null	dbtbs_bsub_core_700614a2577d51a9	7.651150814799631	False	38	47	+	-18.5
EMB_onehot_C15	shuffle	tjupan_bacillus_subtilis_main_b541048ffbe461fc__dinucleotide_null	tjupan_bacillus_subtilis_main_b541048ffbe461fc	5.782683331613835	False	52	61	+	-4.5
EMB_onehot_C15	shuffle	tjupan_bacillus_subtilis_main_0b4e887f7ea9c424__dinucleotide_null	dbtbs_bsub_core_0b4e887f7ea9c424	8.064110605958508	False	72	81	+	15.5
EMB_onehot_C15	shuffle	tjupan_bacillus_subtilis_main_93a3a1679c7a73c9__dinucleotide_null	tjupan_bacillus_subtilis_main_93a3a1679c7a73c9	9.021760848018044	True	69	78	-	12.5
EMB_onehot_C15	shuffle	tjupan_bacillus_subtilis_main_e7e17b10ff25536a__dinucleotide_null	tjupan_bacillus_subtilis_main_1eb616e060615c81	6.3794169574655575	False	12	21	-	-44.5
EMB_onehot_C15	shuffle	tjupan_bacillus_subtilis_main_d94f791dab569af4__dinucleotide_null	dbtbs_bsub_core_e72b843a494a35db	8.539750427049885	False	1	10	+	-55.5
EMB_onehot_C15	shuffle	tjupan_bacillus_subtilis_main_d75f323535d0e96f__dinucleotide_null	tjupan_bacillus_subtilis_main_d75f323535d0e96f	5.744436356145333	False	38	47	-	-18.5
EMB_onehot_C15	shuffle	tjupan_bacillus_subtilis_main_74379fc21a77213d__dinucleotide_null	tjupan_bacillus_subtilis_main_74379fc21a77213d	3.743231526937139	False	39	48	-	-17.5
EMB_onehot_C15	shuffle	tjupan_bacillus_subtilis_main_6f5bfd2e001a2697__dinucleotide_null	dbtbs_bsub_core_6f5bfd2e001a2697	6.812433449899885	False	62	71	-	5.5
EMB_onehot_C15	shuffle	tjupan_bacillus_subtilis_main_1eb616e060615c81__dinucleotide_null	tjupan_bacillus_subtilis_main_1eb616e060615c81	10.433687186743219	True	8	17	-	-48.5
EMB_onehot_C15	shuffle	tjupan_bacillus_subtilis_main_409ff8a786357eb4__dinucleotide_null	dbtbs_bsub_core_3e3a825c0d09de99	3.6653705222219677	False	27	36	-	-29.5
EMB_onehot_C15	shuffle	tjupan_bacillus_subtilis_main_1bc60721b4be672c__dinucleotide_null	dbtbs_bsub_core_cb8975beecd17a84	8.472950620717603	False	41	50	-	-15.5
EMB_onehot_C15	shuffle	tjupan_bacillus_subtilis_main_af44da9eb65c9b2b__dinucleotide_null	tjupan_bacillus_subtilis_main_af44da9eb65c9b2b	7.126269866743909	False	46	55	+	-10.5
EMB_onehot_C15	shuffle	tjupan_bacillus_subtilis_main_8f5b60fc07e381f2__dinucleotide_null	dbtbs_bsub_core_8f5b60fc07e381f2	6.323185248413494	False	10	19	-	-46.5
EMB_onehot_C15	shuffle	tjupan_bacillus_subtilis_main_5c9bf0eab187b5f5__dinucleotide_null	dbtbs_bsub_core_93f240a64705adb6	8.087012331526516	False	17	26	+	-39.5
EMB_onehot_C15	shuffle	tjupan_bacillus_subtilis_main_aaf138e1b23719d3__dinucleotide_null	dbtbs_bsub_core_380666e4ad2529dd	7.820670072720642	False	31	40	+	-25.5
EMB_onehot_C15	shuffle	tjupan_bacillus_subtilis_main_0fcba0431054cde6__dinucleotide_null	dbtbs_bsub_core_0fcba0431054cde6	5.928028535004465	False	48	57	+	-8.5
EMB_onehot_C15	shuffle	tjupan_bacillus_subtilis_main_6f6446b7ed912162__dinucleotide_null	dbtbs_bsub_core_6f6446b7ed912162	8.111002270658535	False	1	10	+	-55.5
EMB_onehot_C15	shuffle	tjupan_bacillus_subtilis_main_d434d749686b9e33__dinucleotide_null	dbtbs_bsub_core_137eff58d766cefa	7.618360018503989	False	29	38	-	-27.5
EMB_onehot_C15	shuffle	tjupan_bacillus_subtilis_main_96c549f1b176b111__dinucleotide_null	tjupan_bacillus_subtilis_main_96c549f1b176b111	9.090800915043754	True	6	15	+	-50.5
EMB_onehot_C15	shuffle	tjupan_bacillus_subtilis_main_a4db17c75fb94c83__dinucleotide_null	dbtbs_bsub_core_8c6f4b9eba960292	10.344248574051994	True	33	42	-	-23.5
EMB_onehot_C15	shuffle	tjupan_bacillus_subtilis_main_0e5e92df8dafa46f__dinucleotide_null	dbtbs_bsub_core_0e5e92df8dafa46f	8.064110605958508	False	25	34	+	-31.5
EMB_onehot_C15	shuffle	tjupan_bacillus_subtilis_main_089b35a135bf8797__dinucleotide_null	tjupan_bacillus_subtilis_main_089b35a135bf8797	5.9720397878281455	False	36	45	+	-20.5
EMB_onehot_C15	shuffle	tjupan_bacillus_subtilis_main_2e3c51df0d86f79b__dinucleotide_null	dbtbs_bsub_core_245b899eb3255120	8.169437720338316	False	42	51	+	-14.5
EMB_onehot_C15	shuffle	tjupan_bacillus_subtilis_main_648aef9dba1f38c4__dinucleotide_null	tjupan_bacillus_subtilis_main_648aef9dba1f38c4	9.859201920171326	True	63	72	-	6.5
EMB_onehot_C15	shuffle	tjupan_bacillus_subtilis_main_b809758bf01da07c__dinucleotide_null	tjupan_bacillus_subtilis_main_b809758bf01da07c	4.943647651450943	False	68	77	-	11.5
EMB_onehot_C15	shuffle	tjupan_bacillus_subtilis_main_72db3945a2fcac01__dinucleotide_null	tjupan_bacillus_subtilis_main_72db3945a2fcac01	6.586803183071235	False	19	28	-	-37.5
EMB_onehot_C15	shuffle	tjupan_bacillus_subtilis_main_8d9a62a0fbc43019__dinucleotide_null	dbtbs_bsub_core_3348625232a23256	7.457977332547371	False	46	55	+	-10.5
EMB_onehot_C15	shuffle	tjupan_bacillus_subtilis_main_2fc6e10224ce632e__dinucleotide_null	dbtbs_bsub_core_2fc6e10224ce632e	7.716376823935932	False	37	46	+	-19.5
EMB_onehot_C15	shuffle	tjupan_bacillus_subtilis_main_4dd4acc476485632__dinucleotide_null	tjupan_bacillus_subtilis_main_4dd4acc476485632	6.811273195145679	False	34	43	+	-22.5
EMB_onehot_C15	shuffle	tjupan_bacillus_subtilis_main_5a1a4573de4d55b3__dinucleotide_null	dbtbs_bsub_core_af75962c5aaa60ac	6.958726367257555	False	2	11	-	-54.5
EMB_onehot_C15	shuffle	tjupan_bacillus_subtilis_main_fe854ef781d570c9__dinucleotide_null	dbtbs_bsub_core_79142b70125d7f77	5.187397706930722	False	41	50	+	-15.5
EMB_onehot_C16	positive	tjupan_bacillus_subtilis_main_089b35a135bf8797	tjupan_bacillus_subtilis_main_089b35a135bf8797	5.7349033839740295	False	42	51	-	-14.5
EMB_onehot_C16	positive	tjupan_bacillus_subtilis_main_0b4e887f7ea9c424	dbtbs_bsub_core_0b4e887f7ea9c424	10.022864736913176	True	15	24	-	-41.5
EMB_onehot_C16	positive	tjupan_bacillus_subtilis_main_0dc2e54e8f0778d4	dbtbs_bsub_core_89ecb38b4ff0148f	5.337535619685303	False	21	30	+	-35.5
EMB_onehot_C16	positive	tjupan_bacillus_subtilis_main_0e5e92df8dafa46f	dbtbs_bsub_core_0e5e92df8dafa46f	8.462358720053695	False	66	75	-	9.5
EMB_onehot_C16	positive	tjupan_bacillus_subtilis_main_0fcba0431054cde6	dbtbs_bsub_core_0fcba0431054cde6	8.793333625159061	False	56	65	-	-0.5
EMB_onehot_C16	positive	tjupan_bacillus_subtilis_main_103f2a1ec6daa8c4	dbtbs_bsub_core_103f2a1ec6daa8c4	9.801364402479406	True	50	59	-	-6.5
EMB_onehot_C16	positive	tjupan_bacillus_subtilis_main_1b58b9006f9baf4f	dbtbs_bsub_core_1b58b9006f9baf4f	10.791824413354059	True	68	77	-	11.5
EMB_onehot_C16	positive	tjupan_bacillus_subtilis_main_1bc60721b4be672c	dbtbs_bsub_core_cb8975beecd17a84	7.066959260169842	False	42	51	-	-14.5
EMB_onehot_C16	positive	tjupan_bacillus_subtilis_main_1eb616e060615c81	tjupan_bacillus_subtilis_main_1eb616e060615c81	3.6566113166345042	False	5	14	-	-51.5
EMB_onehot_C16	positive	tjupan_bacillus_subtilis_main_2e3c51df0d86f79b	dbtbs_bsub_core_245b899eb3255120	6.164239303338998	False	12	21	-	-44.5
EMB_onehot_C16	positive	tjupan_bacillus_subtilis_main_2fc6e10224ce632e	dbtbs_bsub_core_2fc6e10224ce632e	7.464239973609774	False	27	36	-	-29.5
EMB_onehot_C16	positive	tjupan_bacillus_subtilis_main_323902b09c4af7f6	dbtbs_bsub_core_bb1d2472f35efe20	6.704561395753488	False	61	70	-	4.5
EMB_onehot_C16	positive	tjupan_bacillus_subtilis_main_3ec8c178aa138223	tjupan_bacillus_subtilis_main_3ec8c178aa138223	5.868327657681637	False	64	73	-	7.5
EMB_onehot_C16	positive	tjupan_bacillus_subtilis_main_409ff8a786357eb4	dbtbs_bsub_core_3e3a825c0d09de99	7.8817863238120305	False	7	16	-	-49.5
EMB_onehot_C16	positive	tjupan_bacillus_subtilis_main_42074f78c0199323	dbtbs_bsub_core_42074f78c0199323	5.807304758623721	False	12	21	+	-44.5
EMB_onehot_C16	positive	tjupan_bacillus_subtilis_main_42c1909004fe3d73	tjupan_bacillus_subtilis_main_42c1909004fe3d73	7.423558320998588	False	17	26	+	-39.5
EMB_onehot_C16	positive	tjupan_bacillus_subtilis_main_4a95c9a0c8c0dc5d	dbtbs_bsub_core_d38f72abf66add23	5.083413773057168	False	69	78	-	12.5
EMB_onehot_C16	positive	tjupan_bacillus_subtilis_main_4dd4acc476485632	tjupan_bacillus_subtilis_main_4dd4acc476485632	9.639415694110301	False	37	46	+	-19.5
EMB_onehot_C16	positive	tjupan_bacillus_subtilis_main_5a1a4573de4d55b3	dbtbs_bsub_core_af75962c5aaa60ac	9.838854077247777	True	69	78	+	12.5
EMB_onehot_C16	positive	tjupan_bacillus_subtilis_main_5bcbea22526b97af	dbtbs_bsub_core_2bafb1a73b5c7300	5.570626081053107	False	63	72	-	6.5
EMB_onehot_C16	positive	tjupan_bacillus_subtilis_main_5c9bf0eab187b5f5	dbtbs_bsub_core_93f240a64705adb6	9.874373054850125	True	28	37	-	-28.5
EMB_onehot_C16	positive	tjupan_bacillus_subtilis_main_648aef9dba1f38c4	tjupan_bacillus_subtilis_main_648aef9dba1f38c4	8.77364768940265	False	2	11	-	-54.5
EMB_onehot_C16	positive	tjupan_bacillus_subtilis_main_682dcc155b9eb236	dbtbs_bsub_core_5d3712ff0aeb1916	6.5786259408148435	False	16	25	-	-40.5
EMB_onehot_C16	positive	tjupan_bacillus_subtilis_main_6cf2c0e47935a8c2	dbtbs_bsub_core_6cf2c0e47935a8c2	6.397033167304028	False	1	10	-	-55.5
EMB_onehot_C16	positive	tjupan_bacillus_subtilis_main_6f5bfd2e001a2697	dbtbs_bsub_core_6f5bfd2e001a2697	7.039094327993932	False	38	47	+	-18.5
EMB_onehot_C16	positive	tjupan_bacillus_subtilis_main_6f6446b7ed912162	dbtbs_bsub_core_6f6446b7ed912162	6.625257912346997	False	57	66	-	0.5
EMB_onehot_C16	positive	tjupan_bacillus_subtilis_main_6fc8f7f57b8f5e9d	tjupan_bacillus_subtilis_main_6fc8f7f57b8f5e9d	9.911037571681439	True	64	73	-	7.5
EMB_onehot_C16	positive	tjupan_bacillus_subtilis_main_72127e86172ad2be	tjupan_bacillus_subtilis_main_72127e86172ad2be	4.242212565371602	False	28	37	+	-28.5
EMB_onehot_C16	positive	tjupan_bacillus_subtilis_main_721ac29c5ef7c9f0	dbtbs_bsub_core_721ac29c5ef7c9f0	9.24696217179268	False	70	79	-	13.5
EMB_onehot_C16	positive	tjupan_bacillus_subtilis_main_72db3945a2fcac01	tjupan_bacillus_subtilis_main_72db3945a2fcac01	8.985390087313549	False	66	75	-	9.5
EMB_onehot_C16	positive	tjupan_bacillus_subtilis_main_74379fc21a77213d	tjupan_bacillus_subtilis_main_74379fc21a77213d	5.976463396978453	False	34	43	+	-22.5
EMB_onehot_C16	positive	tjupan_bacillus_subtilis_main_79220287475133e5	dbtbs_bsub_core_79220287475133e5	6.546166602200017	False	61	70	-	4.5
EMB_onehot_C16	positive	tjupan_bacillus_subtilis_main_7c407bebf512b5e0	tjupan_bacillus_subtilis_main_7c407bebf512b5e0	5.493805320872246	False	62	71	-	5.5
EMB_onehot_C16	positive	tjupan_bacillus_subtilis_main_824214e197f86545	tjupan_bacillus_subtilis_main_824214e197f86545	5.904226627646163	False	4	13	-	-52.5
EMB_onehot_C16	positive	tjupan_bacillus_subtilis_main_842f97f040946982	tjupan_bacillus_subtilis_main_842f97f040946982	9.313031083124407	False	29	38	-	-27.5
EMB_onehot_C16	positive	tjupan_bacillus_subtilis_main_84cc0835204b8e58	dbtbs_bsub_core_396da27afda34e05	6.583375636479042	False	16	25	-	-40.5
EMB_onehot_C16	positive	tjupan_bacillus_subtilis_main_89e75db25f32c6c9	dbtbs_bsub_core_66a79c370c059251	5.5215462793507	False	72	81	+	15.5
EMB_onehot_C16	positive	tjupan_bacillus_subtilis_main_8d9a62a0fbc43019	dbtbs_bsub_core_3348625232a23256	8.497056767958549	False	11	20	+	-45.5
EMB_onehot_C16	positive	tjupan_bacillus_subtilis_main_8f5b60fc07e381f2	dbtbs_bsub_core_8f5b60fc07e381f2	8.666766147064136	False	26	35	+	-30.5
EMB_onehot_C16	positive	tjupan_bacillus_subtilis_main_93a3a1679c7a73c9	tjupan_bacillus_subtilis_main_93a3a1679c7a73c9	4.6360650992815895	False	6	15	+	-50.5
EMB_onehot_C16	positive	tjupan_bacillus_subtilis_main_96c549f1b176b111	tjupan_bacillus_subtilis_main_96c549f1b176b111	6.9236485832707055	False	25	34	+	-31.5
EMB_onehot_C16	positive	tjupan_bacillus_subtilis_main_996c93274b7d349e	tjupan_bacillus_subtilis_main_996c93274b7d349e	3.249235322598235	False	9	18	-	-47.5
EMB_onehot_C16	positive	tjupan_bacillus_subtilis_main_9996ea2b61a7fc82	tjupan_bacillus_subtilis_main_9996ea2b61a7fc82	9.363542329071358	False	42	51	-	-14.5
EMB_onehot_C16	positive	tjupan_bacillus_subtilis_main_a2ab5f161ee68a0a	tjupan_bacillus_subtilis_main_a2ab5f161ee68a0a	7.265004735503532	False	50	59	-	-6.5
EMB_onehot_C16	positive	tjupan_bacillus_subtilis_main_a2bee6d81c2dad89	dbtbs_bsub_core_a2bee6d81c2dad89	4.219100625242633	False	59	68	-	2.5
EMB_onehot_C16	positive	tjupan_bacillus_subtilis_main_a4db17c75fb94c83	dbtbs_bsub_core_8c6f4b9eba960292	9.201593620702253	False	14	23	+	-42.5
EMB_onehot_C16	positive	tjupan_bacillus_subtilis_main_a7eb317986e0a410	tjupan_bacillus_subtilis_main_a7eb317986e0a410	4.492306406084711	False	63	72	-	6.5
EMB_onehot_C16	positive	tjupan_bacillus_subtilis_main_aaf138e1b23719d3	dbtbs_bsub_core_380666e4ad2529dd	9.370243036311134	False	3	12	-	-53.5
EMB_onehot_C16	positive	tjupan_bacillus_subtilis_main_af44da9eb65c9b2b	tjupan_bacillus_subtilis_main_af44da9eb65c9b2b	7.517747926568748	False	16	25	+	-40.5
EMB_onehot_C16	positive	tjupan_bacillus_subtilis_main_b541048ffbe461fc	tjupan_bacillus_subtilis_main_b541048ffbe461fc	6.0726347923313115	False	25	34	+	-31.5
EMB_onehot_C16	positive	tjupan_bacillus_subtilis_main_b558e80410906098	dbtbs_bsub_core_b558e80410906098	3.234072674783281	False	16	25	+	-40.5
EMB_onehot_C16	positive	tjupan_bacillus_subtilis_main_b809758bf01da07c	tjupan_bacillus_subtilis_main_b809758bf01da07c	6.46507592847601	False	54	63	-	-2.5
EMB_onehot_C16	positive	tjupan_bacillus_subtilis_main_b86a1d8c42408cc4	tjupan_bacillus_subtilis_main_b86a1d8c42408cc4	6.049933843549897	False	26	35	+	-30.5
EMB_onehot_C16	positive	tjupan_bacillus_subtilis_main_c7551eecc12a98c1	tjupan_bacillus_subtilis_main_c7551eecc12a98c1	9.669965627839684	False	25	34	+	-31.5
EMB_onehot_C16	positive	tjupan_bacillus_subtilis_main_c897ab6e4a2d8869	tjupan_bacillus_subtilis_main_c897ab6e4a2d8869	6.443584219364422	False	5	14	-	-51.5
EMB_onehot_C16	positive	tjupan_bacillus_subtilis_main_cd9626c39ea075d5	dbtbs_bsub_core_cd9626c39ea075d5	10.761274479624676	True	56	65	-	-0.5
EMB_onehot_C16	positive	tjupan_bacillus_subtilis_main_cf013234eecd796b	dbtbs_bsub_core_700614a2577d51a9	8.952701415535085	False	40	49	+	-16.5
EMB_onehot_C16	positive	tjupan_bacillus_subtilis_main_d072d578ae627246	tjupan_bacillus_subtilis_main_d072d578ae627246	7.247537190646157	False	67	76	+	10.5
EMB_onehot_C16	positive	tjupan_bacillus_subtilis_main_d434d749686b9e33	dbtbs_bsub_core_137eff58d766cefa	9.752430713710726	False	13	22	+	-43.5
EMB_onehot_C16	positive	tjupan_bacillus_subtilis_main_d75f323535d0e96f	tjupan_bacillus_subtilis_main_d75f323535d0e96f	7.034296776523781	False	11	20	+	-45.5
EMB_onehot_C16	positive	tjupan_bacillus_subtilis_main_d94f791dab569af4	dbtbs_bsub_core_e72b843a494a35db	10.543151896192267	True	24	33	+	-32.5
EMB_onehot_C16	positive	tjupan_bacillus_subtilis_main_dc95e7cdf3939931	dbtbs_bsub_core_dc95e7cdf3939931	10.761274479624674	True	65	74	+	8.5
EMB_onehot_C16	positive	tjupan_bacillus_subtilis_main_dda9e4c6372ef204	dbtbs_bsub_core_50819f6cb2562fd8	5.3198259906901075	False	1	10	+	-55.5
EMB_onehot_C16	positive	tjupan_bacillus_subtilis_main_e51e63a9cb3e9467	dbtbs_bsub_core_bb482769c888cf21	8.321198139487985	False	37	46	+	-19.5
EMB_onehot_C16	positive	tjupan_bacillus_subtilis_main_e7e17b10ff25536a	tjupan_bacillus_subtilis_main_1eb616e060615c81	3.6566113166345042	False	8	17	-	-48.5
EMB_onehot_C16	positive	tjupan_bacillus_subtilis_main_f2d1e33176b05430	dbtbs_bsub_core_f2d1e33176b05430	6.938620124517639	False	1	10	-	-55.5
EMB_onehot_C16	positive	tjupan_bacillus_subtilis_main_fe854ef781d570c9	dbtbs_bsub_core_79142b70125d7f77	7.429202716270182	False	70	79	-	13.5
EMB_onehot_C16	natural	tjupan_bacillus_subtilis_main_01f49032fc924b2b	tjupan_bacillus_subtilis_main_01f49032fc924b2b	6.578290456928315	False	25	34	+	-31.5
EMB_onehot_C16	natural	tjupan_bacillus_subtilis_main_0369fa5f1dde8889	tjupan_bacillus_subtilis_main_0369fa5f1dde8889	8.279921981387213	False	67	76	-	10.5
EMB_onehot_C16	natural	tjupan_bacillus_subtilis_main_04bf0704019251eb	tjupan_bacillus_subtilis_main_04bf0704019251eb	7.249850599920561	False	13	22	-	-43.5
EMB_onehot_C16	natural	tjupan_bacillus_subtilis_main_07a43cab15901fd0	tjupan_bacillus_subtilis_main_07a43cab15901fd0	4.515455897074197	False	64	73	+	7.5
EMB_onehot_C16	natural	tjupan_bacillus_subtilis_main_0abf62f108ad9afa	tjupan_bacillus_subtilis_main_0abf62f108ad9afa	8.20878499054476	False	5	14	-	-51.5
EMB_onehot_C16	natural	tjupan_bacillus_subtilis_main_10a028761e096e6f	tjupan_bacillus_subtilis_main_10a028761e096e6f	10.606402612040114	True	72	81	-	15.5
EMB_onehot_C16	natural	tjupan_bacillus_subtilis_main_1183c551e9c3884e	tjupan_bacillus_subtilis_main_1183c551e9c3884e	5.741407307667442	False	56	65	-	-0.5
EMB_onehot_C16	natural	tjupan_bacillus_subtilis_main_11c75fe7d070d91d	tjupan_bacillus_subtilis_main_11c75fe7d070d91d	4.71665418272372	False	2	11	-	-54.5
EMB_onehot_C16	natural	tjupan_bacillus_subtilis_main_13f81edc59432f39	tjupan_bacillus_subtilis_main_13f81edc59432f39	6.512018400565352	False	22	31	-	-34.5
EMB_onehot_C16	natural	tjupan_bacillus_subtilis_main_1a1965c69595e91c	tjupan_bacillus_subtilis_main_1a1965c69595e91c	6.990671999140168	False	45	54	-	-11.5
EMB_onehot_C16	natural	tjupan_bacillus_subtilis_main_28ceb7fd6ffaf1b1	tjupan_bacillus_subtilis_main_28ceb7fd6ffaf1b1	8.142340614142311	False	1	10	-	-55.5
EMB_onehot_C16	natural	tjupan_bacillus_subtilis_main_2a691ccdd9f8cd87	tjupan_bacillus_subtilis_main_2a691ccdd9f8cd87	3.3837211699216887	False	24	33	+	-32.5
EMB_onehot_C16	natural	tjupan_bacillus_subtilis_main_3095b00d206277d2	tjupan_bacillus_subtilis_main_3095b00d206277d2	6.66631993192873	False	11	20	-	-45.5
EMB_onehot_C16	natural	tjupan_bacillus_subtilis_main_33ded6bc702ab6e3	tjupan_bacillus_subtilis_main_33ded6bc702ab6e3	4.227597450902923	False	59	68	+	2.5
EMB_onehot_C16	natural	tjupan_bacillus_subtilis_main_3b669bfd8e8ecc5c	tjupan_bacillus_subtilis_main_3b669bfd8e8ecc5c	6.826317437441365	False	70	79	-	13.5
EMB_onehot_C16	natural	tjupan_bacillus_subtilis_main_3dfed0cfea4ace99	tjupan_bacillus_subtilis_main_3dfed0cfea4ace99	4.5754556346115205	False	3	12	+	-53.5
EMB_onehot_C16	natural	tjupan_bacillus_subtilis_main_3f82397c249b4c2e	tjupan_bacillus_subtilis_main_3f82397c249b4c2e	7.103037793289669	False	42	51	+	-14.5
EMB_onehot_C16	natural	tjupan_bacillus_subtilis_main_413de94f4b4cc894	tjupan_bacillus_subtilis_main_413de94f4b4cc894	9.24696217179268	False	9	18	-	-47.5
EMB_onehot_C16	natural	tjupan_bacillus_subtilis_main_4225dc5bcf089682	tjupan_bacillus_subtilis_main_4225dc5bcf089682	8.738949641497795	False	37	46	-	-19.5
EMB_onehot_C16	natural	tjupan_bacillus_subtilis_main_43e8357a95b8acad	tjupan_bacillus_subtilis_main_43e8357a95b8acad	3.5486016173204886	False	24	33	+	-32.5
EMB_onehot_C16	natural	tjupan_bacillus_subtilis_main_44b9e66950262593	tjupan_bacillus_subtilis_main_44b9e66950262593	3.9783917768406423	False	63	72	+	6.5
EMB_onehot_C16	natural	tjupan_bacillus_subtilis_main_4600103c5e396ab7	tjupan_bacillus_subtilis_main_4600103c5e396ab7	3.3508127045870775	False	20	29	-	-36.5
EMB_onehot_C16	natural	tjupan_bacillus_subtilis_main_47b01646ad818f05	tjupan_bacillus_subtilis_main_47b01646ad818f05	6.24909681251889	False	31	40	-	-25.5
EMB_onehot_C16	natural	tjupan_bacillus_subtilis_main_47f3a0ce2d4034a8	tjupan_bacillus_subtilis_main_47f3a0ce2d4034a8	4.224288793924049	False	65	74	+	8.5
EMB_onehot_C16	natural	tjupan_bacillus_subtilis_main_4c62636643ef908e	tjupan_bacillus_subtilis_main_4c62636643ef908e	2.5637398880359665	False	39	48	+	-17.5
EMB_onehot_C16	natural	tjupan_bacillus_subtilis_main_4ec6f242d8a5df5c	tjupan_bacillus_subtilis_main_4ec6f242d8a5df5c	5.475773843003249	False	33	42	+	-23.5
EMB_onehot_C16	natural	tjupan_bacillus_subtilis_main_4efdcab552f8b70d	tjupan_bacillus_subtilis_main_4efdcab552f8b70d	3.8803302491837144	False	63	72	+	6.5
EMB_onehot_C16	natural	tjupan_bacillus_subtilis_main_51577d89c939deba	tjupan_bacillus_subtilis_main_51577d89c939deba	7.617243541813113	False	55	64	-	-1.5
EMB_onehot_C16	natural	tjupan_bacillus_subtilis_main_52bff7f8e27d9410	tjupan_bacillus_subtilis_main_52bff7f8e27d9410	3.8521826202394154	False	35	44	+	-21.5
EMB_onehot_C16	natural	tjupan_bacillus_subtilis_main_59901c21c497690b	tjupan_bacillus_subtilis_main_59901c21c497690b	7.773524296258543	False	46	55	-	-10.5
EMB_onehot_C16	natural	tjupan_bacillus_subtilis_main_5f953d4f57c1fa81	tjupan_bacillus_subtilis_main_5f953d4f57c1fa81	8.050581861773153	False	34	43	-	-22.5
EMB_onehot_C16	natural	tjupan_bacillus_subtilis_main_669f9a1f1028b036	tjupan_bacillus_subtilis_main_669f9a1f1028b036	3.7957824815462544	False	13	22	-	-43.5
EMB_onehot_C16	natural	tjupan_bacillus_subtilis_main_69dc5d058d63d549	tjupan_bacillus_subtilis_main_69dc5d058d63d549	4.037490529291051	False	11	20	+	-45.5
EMB_onehot_C16	natural	tjupan_bacillus_subtilis_main_6cfe0a7e178b1651	tjupan_bacillus_subtilis_main_6cfe0a7e178b1651	5.9072061027016876	False	23	32	+	-33.5
EMB_onehot_C16	natural	tjupan_bacillus_subtilis_main_705ab5e790a4610d	tjupan_bacillus_subtilis_main_705ab5e790a4610d	1.7424417600815814	False	10	19	-	-46.5
EMB_onehot_C16	natural	tjupan_bacillus_subtilis_main_71852833d33a5887	tjupan_bacillus_subtilis_main_71852833d33a5887	6.108141383760735	False	2	11	-	-54.5
EMB_onehot_C16	natural	tjupan_bacillus_subtilis_main_76c86d1f05ca1d88	tjupan_bacillus_subtilis_main_76c86d1f05ca1d88	6.4416632232646	False	60	69	-	3.5
EMB_onehot_C16	natural	tjupan_bacillus_subtilis_main_777d2d2586a95fbc	tjupan_bacillus_subtilis_main_777d2d2586a95fbc	3.2568294606738104	False	70	79	-	13.5
EMB_onehot_C16	natural	tjupan_bacillus_subtilis_main_7c99b9a8665786aa	tjupan_bacillus_subtilis_main_7c99b9a8665786aa	7.8150415849184744	False	70	79	-	13.5
EMB_onehot_C16	natural	tjupan_bacillus_subtilis_main_82f0003647ec7740	tjupan_bacillus_subtilis_main_82f0003647ec7740	4.896741196192152	False	63	72	+	6.5
EMB_onehot_C16	natural	tjupan_bacillus_subtilis_main_8a9952e5dc8e0bd1	tjupan_bacillus_subtilis_main_8a9952e5dc8e0bd1	2.9654357800845075	False	28	37	-	-28.5
EMB_onehot_C16	natural	tjupan_bacillus_subtilis_main_8c2afb751c3f9d92	tjupan_bacillus_subtilis_main_8c2afb751c3f9d92	6.659943590620895	False	26	35	-	-30.5
EMB_onehot_C16	natural	tjupan_bacillus_subtilis_main_8e1b3c58365d2bbd	tjupan_bacillus_subtilis_main_8e1b3c58365d2bbd	10.095048231346835	True	54	63	-	-2.5
EMB_onehot_C16	natural	tjupan_bacillus_subtilis_main_906140fe2a990d8e	tjupan_bacillus_subtilis_main_906140fe2a990d8e	8.136727100369226	False	70	79	-	13.5
EMB_onehot_C16	natural	tjupan_bacillus_subtilis_main_94dbc17f3078c678	tjupan_bacillus_subtilis_main_94dbc17f3078c678	5.936375424112747	False	5	14	-	-51.5
EMB_onehot_C16	natural	tjupan_bacillus_subtilis_main_9bf1d28c9aae3b2e	tjupan_bacillus_subtilis_main_9bf1d28c9aae3b2e	4.794016222128073	False	52	61	-	-4.5
EMB_onehot_C16	natural	tjupan_bacillus_subtilis_main_9cc8f38cff175da4	tjupan_bacillus_subtilis_main_9cc8f38cff175da4	4.284553335715	False	9	18	-	-47.5
EMB_onehot_C16	natural	tjupan_bacillus_subtilis_main_9cceb700e3527301	tjupan_bacillus_subtilis_main_9cceb700e3527301	3.9368529044423095	False	47	56	+	-9.5
EMB_onehot_C16	natural	tjupan_bacillus_subtilis_main_9d0345f875b7552c	tjupan_bacillus_subtilis_main_9d0345f875b7552c	6.1782959518795915	False	31	40	-	-25.5
EMB_onehot_C16	natural	tjupan_bacillus_subtilis_main_a3fedb31fa6cc84b	tjupan_bacillus_subtilis_main_a3fedb31fa6cc84b	5.640085021152946	False	67	76	-	10.5
EMB_onehot_C16	natural	tjupan_bacillus_subtilis_main_a54e7006d4699b67	tjupan_bacillus_subtilis_main_a54e7006d4699b67	2.1744215351279848	False	53	62	-	-3.5
EMB_onehot_C16	natural	tjupan_bacillus_subtilis_main_aaa45c891936f972	tjupan_bacillus_subtilis_main_aaa45c891936f972	4.072896659929424	False	2	11	-	-54.5
EMB_onehot_C16	natural	tjupan_bacillus_subtilis_main_aec3d55ae2f9e509	tjupan_bacillus_subtilis_main_aec3d55ae2f9e509	4.91827737096367	False	4	13	+	-52.5
EMB_onehot_C16	natural	tjupan_bacillus_subtilis_main_b0b9cfd1b442c029	tjupan_bacillus_subtilis_main_b0b9cfd1b442c029	4.405279853880735	False	58	67	+	1.5
EMB_onehot_C16	natural	tjupan_bacillus_subtilis_main_b161f4572a371b25	tjupan_bacillus_subtilis_main_b161f4572a371b25	9.911037571681439	True	21	30	-	-35.5
EMB_onehot_C16	natural	tjupan_bacillus_subtilis_main_b3e87bd1af1ccb1a	tjupan_bacillus_subtilis_main_b3e87bd1af1ccb1a	7.826346707229248	False	48	57	-	-8.5
EMB_onehot_C16	natural	tjupan_bacillus_subtilis_main_b5ddce4bc0328e2c	tjupan_bacillus_subtilis_main_b5ddce4bc0328e2c	1.6663554937404104	False	41	50	-	-15.5
EMB_onehot_C16	natural	tjupan_bacillus_subtilis_main_b9d7835496546020	tjupan_bacillus_subtilis_main_b9d7835496546020	5.658448216356494	False	72	81	-	15.5
EMB_onehot_C16	natural	tjupan_bacillus_subtilis_main_bd36aa35d4edeb39	tjupan_bacillus_subtilis_main_bd36aa35d4edeb39	9.363542329071358	False	68	77	-	11.5
EMB_onehot_C16	natural	tjupan_bacillus_subtilis_main_c24b04311bf8b4bf	tjupan_bacillus_subtilis_main_c24b04311bf8b4bf	8.305000305804063	False	18	27	-	-38.5
EMB_onehot_C16	natural	tjupan_bacillus_subtilis_main_c981e3412d58013c	tjupan_bacillus_subtilis_main_c981e3412d58013c	5.959347063741784	False	10	19	+	-46.5
EMB_onehot_C16	natural	tjupan_bacillus_subtilis_main_cbe667645cefe255	tjupan_bacillus_subtilis_main_cbe667645cefe255	6.413967583966763	False	2	11	-	-54.5
EMB_onehot_C16	natural	tjupan_bacillus_subtilis_main_ced7dfa7b2671e00	tjupan_bacillus_subtilis_main_ced7dfa7b2671e00	3.2648855137645003	False	68	77	-	11.5
EMB_onehot_C16	natural	tjupan_bacillus_subtilis_main_d14a8947b06ae361	tjupan_bacillus_subtilis_main_d14a8947b06ae361	7.001476472975958	False	13	22	-	-43.5
EMB_onehot_C16	natural	tjupan_bacillus_subtilis_main_dd7d0f632ba9b25f	tjupan_bacillus_subtilis_main_dd7d0f632ba9b25f	9.277512105522062	False	50	59	-	-6.5
EMB_onehot_C16	natural	tjupan_bacillus_subtilis_main_deeb9c19c390dc19	tjupan_bacillus_subtilis_main_deeb9c19c390dc19	5.014682944525821	False	10	19	-	-46.5
EMB_onehot_C16	natural	tjupan_bacillus_subtilis_main_dfdf3a9a774b0b36	tjupan_bacillus_subtilis_main_dfdf3a9a774b0b36	7.034691586336879	False	71	80	-	14.5
EMB_onehot_C16	natural	tjupan_bacillus_subtilis_main_e05a9847e20fa44f	tjupan_bacillus_subtilis_main_e05a9847e20fa44f	6.94985649632568	False	6	15	+	-50.5
EMB_onehot_C16	natural	tjupan_bacillus_subtilis_main_e09693162cd1efc7	tjupan_bacillus_subtilis_main_e09693162cd1efc7	9.911037571681439	True	65	74	-	8.5
EMB_onehot_C16	natural	tjupan_bacillus_subtilis_main_e1df7768894b7e64	tjupan_bacillus_subtilis_main_e1df7768894b7e64	7.234528275812761	False	26	35	-	-30.5
EMB_onehot_C16	natural	tjupan_bacillus_subtilis_main_e4935e5203d5f4a1	tjupan_bacillus_subtilis_main_e4935e5203d5f4a1	6.334166257356026	False	19	28	+	-37.5
EMB_onehot_C16	natural	tjupan_bacillus_subtilis_main_e71258c4630ccafd	tjupan_bacillus_subtilis_main_e71258c4630ccafd	5.998619380038002	False	61	70	-	4.5
EMB_onehot_C16	natural	tjupan_bacillus_subtilis_main_ea6abbc438ac2020	tjupan_bacillus_subtilis_main_ea6abbc438ac2020	10.064498297617451	True	66	75	+	9.5
EMB_onehot_C16	natural	tjupan_bacillus_subtilis_main_ede46bd107484afd	tjupan_bacillus_subtilis_main_ede46bd107484afd	4.044202741239277	False	13	22	+	-43.5
EMB_onehot_C16	natural	tjupan_bacillus_subtilis_main_f0317abbf46a2fa8	tjupan_bacillus_subtilis_main_f0317abbf46a2fa8	7.7301313919699455	False	38	47	-	-18.5
EMB_onehot_C16	natural	tjupan_bacillus_subtilis_main_fe9f961ad53aca80	tjupan_bacillus_subtilis_main_fe9f961ad53aca80	5.764044201950003	False	29	38	-	-27.5
EMB_onehot_C16	natural	tjupan_bacillus_subtilis_main_fffb0162887a3736	tjupan_bacillus_subtilis_main_fffb0162887a3736	4.752017827159383	False	5	14	+	-51.5
EMB_onehot_C16	shuffle	tjupan_bacillus_subtilis_main_0dc2e54e8f0778d4__dinucleotide_null	dbtbs_bsub_core_89ecb38b4ff0148f	6.532493944100593	False	53	62	-	-3.5
EMB_onehot_C16	shuffle	tjupan_bacillus_subtilis_main_682dcc155b9eb236__dinucleotide_null	dbtbs_bsub_core_5d3712ff0aeb1916	6.370183078162619	False	3	12	+	-53.5
EMB_onehot_C16	shuffle	tjupan_bacillus_subtilis_main_f2d1e33176b05430__dinucleotide_null	dbtbs_bsub_core_f2d1e33176b05430	10.791824413354059	True	17	26	-	-39.5
EMB_onehot_C16	shuffle	tjupan_bacillus_subtilis_main_c7551eecc12a98c1__dinucleotide_null	tjupan_bacillus_subtilis_main_c7551eecc12a98c1	9.065334252483689	False	54	63	-	-2.5
EMB_onehot_C16	shuffle	tjupan_bacillus_subtilis_main_89e75db25f32c6c9__dinucleotide_null	dbtbs_bsub_core_66a79c370c059251	5.670499849727808	False	27	36	-	-29.5
EMB_onehot_C16	shuffle	tjupan_bacillus_subtilis_main_9996ea2b61a7fc82__dinucleotide_null	tjupan_bacillus_subtilis_main_9996ea2b61a7fc82	7.75333805485853	False	34	43	+	-22.5
EMB_onehot_C16	shuffle	tjupan_bacillus_subtilis_main_b86a1d8c42408cc4__dinucleotide_null	tjupan_bacillus_subtilis_main_b86a1d8c42408cc4	7.265004735503532	False	12	21	-	-44.5
EMB_onehot_C16	shuffle	tjupan_bacillus_subtilis_main_79220287475133e5__dinucleotide_null	dbtbs_bsub_core_79220287475133e5	8.793333625159061	False	12	21	-	-44.5
EMB_onehot_C16	shuffle	tjupan_bacillus_subtilis_main_a2bee6d81c2dad89__dinucleotide_null	dbtbs_bsub_core_a2bee6d81c2dad89	3.986415273476906	False	43	52	-	-13.5
EMB_onehot_C16	shuffle	tjupan_bacillus_subtilis_main_103f2a1ec6daa8c4__dinucleotide_null	dbtbs_bsub_core_103f2a1ec6daa8c4	7.747668700925653	False	15	24	+	-41.5
EMB_onehot_C16	shuffle	tjupan_bacillus_subtilis_main_996c93274b7d349e__dinucleotide_null	tjupan_bacillus_subtilis_main_996c93274b7d349e	3.7798520256788364	False	39	48	+	-17.5
EMB_onehot_C16	shuffle	tjupan_bacillus_subtilis_main_7c407bebf512b5e0__dinucleotide_null	tjupan_bacillus_subtilis_main_7c407bebf512b5e0	8.86551711959272	False	33	42	-	-23.5
EMB_onehot_C16	shuffle	tjupan_bacillus_subtilis_main_842f97f040946982__dinucleotide_null	tjupan_bacillus_subtilis_main_842f97f040946982	7.622769336122372	False	40	49	-	-16.5
EMB_onehot_C16	shuffle	tjupan_bacillus_subtilis_main_42c1909004fe3d73__dinucleotide_null	tjupan_bacillus_subtilis_main_42c1909004fe3d73	6.260773799085462	False	31	40	+	-25.5
EMB_onehot_C16	shuffle	tjupan_bacillus_subtilis_main_42074f78c0199323__dinucleotide_null	dbtbs_bsub_core_42074f78c0199323	3.8917088455331004	False	41	50	-	-15.5
EMB_onehot_C16	shuffle	tjupan_bacillus_subtilis_main_72127e86172ad2be__dinucleotide_null	tjupan_bacillus_subtilis_main_72127e86172ad2be	7.219122065571818	False	13	22	+	-43.5
EMB_onehot_C16	shuffle	tjupan_bacillus_subtilis_main_d072d578ae627246__dinucleotide_null	tjupan_bacillus_subtilis_main_d072d578ae627246	3.707848973164425	False	13	22	-	-43.5
EMB_onehot_C16	shuffle	tjupan_bacillus_subtilis_main_a2ab5f161ee68a0a__dinucleotide_null	tjupan_bacillus_subtilis_main_a2ab5f161ee68a0a	6.587760096187235	False	39	48	-	-17.5
EMB_onehot_C16	shuffle	tjupan_bacillus_subtilis_main_3ec8c178aa138223__dinucleotide_null	tjupan_bacillus_subtilis_main_3ec8c178aa138223	4.072480689346425	False	30	39	+	-26.5
EMB_onehot_C16	shuffle	tjupan_bacillus_subtilis_main_824214e197f86545__dinucleotide_null	tjupan_bacillus_subtilis_main_824214e197f86545	5.2730845627066305	False	14	23	+	-42.5
EMB_onehot_C16	shuffle	tjupan_bacillus_subtilis_main_721ac29c5ef7c9f0__dinucleotide_null	dbtbs_bsub_core_721ac29c5ef7c9f0	7.008600055459445	False	23	32	-	-33.5
EMB_onehot_C16	shuffle	tjupan_bacillus_subtilis_main_a7eb317986e0a410__dinucleotide_null	tjupan_bacillus_subtilis_main_a7eb317986e0a410	6.850330591594127	False	27	36	-	-29.5
EMB_onehot_C16	shuffle	tjupan_bacillus_subtilis_main_6cf2c0e47935a8c2__dinucleotide_null	dbtbs_bsub_core_6cf2c0e47935a8c2	6.811618273007734	False	10	19	-	-46.5
EMB_onehot_C16	shuffle	tjupan_bacillus_subtilis_main_cd9626c39ea075d5__dinucleotide_null	dbtbs_bsub_core_cd9626c39ea075d5	8.462358720053695	False	54	63	-	-2.5
EMB_onehot_C16	shuffle	tjupan_bacillus_subtilis_main_4a95c9a0c8c0dc5d__dinucleotide_null	dbtbs_bsub_core_d38f72abf66add23	2.8119944961394063	False	41	50	-	-15.5
EMB_onehot_C16	shuffle	tjupan_bacillus_subtilis_main_323902b09c4af7f6__dinucleotide_null	dbtbs_bsub_core_bb1d2472f35efe20	6.2670951966362916	False	9	18	-	-47.5
EMB_onehot_C16	shuffle	tjupan_bacillus_subtilis_main_dda9e4c6372ef204__dinucleotide_null	dbtbs_bsub_core_50819f6cb2562fd8	5.118839298287973	False	49	58	+	-7.5
EMB_onehot_C16	shuffle	tjupan_bacillus_subtilis_main_6fc8f7f57b8f5e9d__dinucleotide_null	tjupan_bacillus_subtilis_main_6fc8f7f57b8f5e9d	10.751594758844492	True	69	78	-	12.5
EMB_onehot_C16	shuffle	tjupan_bacillus_subtilis_main_84cc0835204b8e58__dinucleotide_null	dbtbs_bsub_core_396da27afda34e05	7.0591113014063955	False	61	70	-	4.5
EMB_onehot_C16	shuffle	tjupan_bacillus_subtilis_main_c897ab6e4a2d8869__dinucleotide_null	tjupan_bacillus_subtilis_main_c897ab6e4a2d8869	5.231507183555047	False	27	36	-	-29.5
EMB_onehot_C16	shuffle	tjupan_bacillus_subtilis_main_1b58b9006f9baf4f__dinucleotide_null	dbtbs_bsub_core_1b58b9006f9baf4f	10.231307599565401	True	20	29	-	-36.5
EMB_onehot_C16	shuffle	tjupan_bacillus_subtilis_main_5bcbea22526b97af__dinucleotide_null	dbtbs_bsub_core_2bafb1a73b5c7300	2.742761276994702	False	68	77	-	11.5
EMB_onehot_C16	shuffle	tjupan_bacillus_subtilis_main_e51e63a9cb3e9467__dinucleotide_null	dbtbs_bsub_core_bb482769c888cf21	6.679750580055313	False	45	54	+	-11.5
EMB_onehot_C16	shuffle	tjupan_bacillus_subtilis_main_b558e80410906098__dinucleotide_null	dbtbs_bsub_core_b558e80410906098	5.910567893218955	False	69	78	+	12.5
EMB_onehot_C16	shuffle	tjupan_bacillus_subtilis_main_dc95e7cdf3939931__dinucleotide_null	dbtbs_bsub_core_dc95e7cdf3939931	7.535215471426123	False	71	80	-	14.5
EMB_onehot_C16	shuffle	tjupan_bacillus_subtilis_main_cf013234eecd796b__dinucleotide_null	dbtbs_bsub_core_700614a2577d51a9	8.462358720053695	False	38	47	-	-18.5
EMB_onehot_C16	shuffle	tjupan_bacillus_subtilis_main_b541048ffbe461fc__dinucleotide_null	tjupan_bacillus_subtilis_main_b541048ffbe461fc	7.648992459847	False	61	70	+	4.5
EMB_onehot_C16	shuffle	tjupan_bacillus_subtilis_main_0b4e887f7ea9c424__dinucleotide_null	dbtbs_bsub_core_0b4e887f7ea9c424	7.004564619817662	False	29	38	-	-27.5
EMB_onehot_C16	shuffle	tjupan_bacillus_subtilis_main_93a3a1679c7a73c9__dinucleotide_null	tjupan_bacillus_subtilis_main_93a3a1679c7a73c9	10.606402612040114	True	68	77	+	11.5
EMB_onehot_C16	shuffle	tjupan_bacillus_subtilis_main_e7e17b10ff25536a__dinucleotide_null	tjupan_bacillus_subtilis_main_1eb616e060615c81	3.328714252448992	False	66	75	+	9.5
EMB_onehot_C16	shuffle	tjupan_bacillus_subtilis_main_d94f791dab569af4__dinucleotide_null	dbtbs_bsub_core_e72b843a494a35db	8.824367708006214	False	71	80	+	14.5
EMB_onehot_C16	shuffle	tjupan_bacillus_subtilis_main_d75f323535d0e96f__dinucleotide_null	tjupan_bacillus_subtilis_main_d75f323535d0e96f	3.2195331307862425	False	54	63	+	-2.5
EMB_onehot_C16	shuffle	tjupan_bacillus_subtilis_main_74379fc21a77213d__dinucleotide_null	tjupan_bacillus_subtilis_main_74379fc21a77213d	3.2302508328172848	False	33	42	+	-23.5
EMB_onehot_C16	shuffle	tjupan_bacillus_subtilis_main_6f5bfd2e001a2697__dinucleotide_null	dbtbs_bsub_core_6f5bfd2e001a2697	7.928284237717001	False	62	71	+	5.5
EMB_onehot_C16	shuffle	tjupan_bacillus_subtilis_main_1eb616e060615c81__dinucleotide_null	tjupan_bacillus_subtilis_main_1eb616e060615c81	6.616146533141824	False	7	16	+	-49.5
EMB_onehot_C16	shuffle	tjupan_bacillus_subtilis_main_409ff8a786357eb4__dinucleotide_null	dbtbs_bsub_core_3e3a825c0d09de99	6.541695821563953	False	49	58	-	-7.5
EMB_onehot_C16	shuffle	tjupan_bacillus_subtilis_main_1bc60721b4be672c__dinucleotide_null	dbtbs_bsub_core_cb8975beecd17a84	7.3363879863436585	False	50	59	-	-6.5
EMB_onehot_C16	shuffle	tjupan_bacillus_subtilis_main_af44da9eb65c9b2b__dinucleotide_null	tjupan_bacillus_subtilis_main_af44da9eb65c9b2b	7.9143224935545895	False	58	67	+	1.5
EMB_onehot_C16	shuffle	tjupan_bacillus_subtilis_main_8f5b60fc07e381f2__dinucleotide_null	dbtbs_bsub_core_8f5b60fc07e381f2	5.447564904891964	False	64	73	-	7.5
EMB_onehot_C16	shuffle	tjupan_bacillus_subtilis_main_5c9bf0eab187b5f5__dinucleotide_null	dbtbs_bsub_core_93f240a64705adb6	10.158298947194682	True	18	27	-	-38.5
EMB_onehot_C16	shuffle	tjupan_bacillus_subtilis_main_aaf138e1b23719d3__dinucleotide_null	dbtbs_bsub_core_380666e4ad2529dd	6.885633602057918	False	41	50	+	-15.5
EMB_onehot_C16	shuffle	tjupan_bacillus_subtilis_main_0fcba0431054cde6__dinucleotide_null	dbtbs_bsub_core_0fcba0431054cde6	8.48275548739874	False	38	47	-	-18.5
EMB_onehot_C16	shuffle	tjupan_bacillus_subtilis_main_6f6446b7ed912162__dinucleotide_null	dbtbs_bsub_core_6f6446b7ed912162	6.745256257765033	False	2	11	-	-54.5
EMB_onehot_C16	shuffle	tjupan_bacillus_subtilis_main_d434d749686b9e33__dinucleotide_null	dbtbs_bsub_core_137eff58d766cefa	8.135776338174043	False	28	37	+	-28.5
EMB_onehot_C16	shuffle	tjupan_bacillus_subtilis_main_96c549f1b176b111__dinucleotide_null	tjupan_bacillus_subtilis_main_96c549f1b176b111	5.232660001953423	False	10	19	+	-46.5
EMB_onehot_C16	shuffle	tjupan_bacillus_subtilis_main_a4db17c75fb94c83__dinucleotide_null	dbtbs_bsub_core_8c6f4b9eba960292	5.744418263485768	False	5	14	+	-51.5
EMB_onehot_C16	shuffle	tjupan_bacillus_subtilis_main_0e5e92df8dafa46f__dinucleotide_null	dbtbs_bsub_core_0e5e92df8dafa46f	7.789532383859506	False	32	41	-	-24.5
EMB_onehot_C16	shuffle	tjupan_bacillus_subtilis_main_089b35a135bf8797__dinucleotide_null	tjupan_bacillus_subtilis_main_089b35a135bf8797	7.14828927960685	False	21	30	+	-35.5
EMB_onehot_C16	shuffle	tjupan_bacillus_subtilis_main_2e3c51df0d86f79b__dinucleotide_null	dbtbs_bsub_core_245b899eb3255120	8.377183800237722	False	8	17	-	-48.5
EMB_onehot_C16	shuffle	tjupan_bacillus_subtilis_main_648aef9dba1f38c4__dinucleotide_null	tjupan_bacillus_subtilis_main_648aef9dba1f38c4	6.41887164677914	False	10	19	-	-46.5
EMB_onehot_C16	shuffle	tjupan_bacillus_subtilis_main_b809758bf01da07c__dinucleotide_null	tjupan_bacillus_subtilis_main_b809758bf01da07c	7.200888795001567	False	67	76	+	10.5
EMB_onehot_C16	shuffle	tjupan_bacillus_subtilis_main_72db3945a2fcac01__dinucleotide_null	tjupan_bacillus_subtilis_main_72db3945a2fcac01	6.4949133828020225	False	12	21	+	-44.5
EMB_onehot_C16	shuffle	tjupan_bacillus_subtilis_main_8d9a62a0fbc43019__dinucleotide_null	dbtbs_bsub_core_3348625232a23256	4.294918482160534	False	14	23	-	-42.5
EMB_onehot_C16	shuffle	tjupan_bacillus_subtilis_main_2fc6e10224ce632e__dinucleotide_null	dbtbs_bsub_core_2fc6e10224ce632e	5.88441667596861	False	6	15	-	-50.5
EMB_onehot_C16	shuffle	tjupan_bacillus_subtilis_main_4dd4acc476485632__dinucleotide_null	tjupan_bacillus_subtilis_main_4dd4acc476485632	9.738113686631557	False	21	30	+	-35.5
EMB_onehot_C16	shuffle	tjupan_bacillus_subtilis_main_5a1a4573de4d55b3__dinucleotide_null	dbtbs_bsub_core_af75962c5aaa60ac	9.435725823505017	False	70	79	+	13.5
EMB_onehot_C16	shuffle	tjupan_bacillus_subtilis_main_fe854ef781d570c9__dinucleotide_null	dbtbs_bsub_core_79142b70125d7f77	6.863580188750524	False	42	51	-	-14.5
EMB_onehot_C17	positive	tjupan_bacillus_subtilis_main_089b35a135bf8797	tjupan_bacillus_subtilis_main_089b35a135bf8797	8.109218802656978	False	17	26	+	-39.5
EMB_onehot_C17	positive	tjupan_bacillus_subtilis_main_0b4e887f7ea9c424	dbtbs_bsub_core_0b4e887f7ea9c424	6.187912699227734	False	2	11	+	-54.5
EMB_onehot_C17	positive	tjupan_bacillus_subtilis_main_0dc2e54e8f0778d4	dbtbs_bsub_core_89ecb38b4ff0148f	8.043923937371892	False	71	80	+	14.5
EMB_onehot_C17	positive	tjupan_bacillus_subtilis_main_0e5e92df8dafa46f	dbtbs_bsub_core_0e5e92df8dafa46f	7.402415535281625	False	18	27	+	-38.5
EMB_onehot_C17	positive	tjupan_bacillus_subtilis_main_0fcba0431054cde6	dbtbs_bsub_core_0fcba0431054cde6	6.429141459371213	False	70	79	-	13.5
EMB_onehot_C17	positive	tjupan_bacillus_subtilis_main_103f2a1ec6daa8c4	dbtbs_bsub_core_103f2a1ec6daa8c4	7.760371387154257	False	50	59	+	-6.5
EMB_onehot_C17	positive	tjupan_bacillus_subtilis_main_1b58b9006f9baf4f	dbtbs_bsub_core_1b58b9006f9baf4f	6.461011369985666	False	21	30	-	-35.5
EMB_onehot_C17	positive	tjupan_bacillus_subtilis_main_1bc60721b4be672c	dbtbs_bsub_core_cb8975beecd17a84	8.947251266767733	True	42	51	+	-14.5
EMB_onehot_C17	positive	tjupan_bacillus_subtilis_main_1eb616e060615c81	tjupan_bacillus_subtilis_main_1eb616e060615c81	6.887947025513166	False	63	72	+	6.5
EMB_onehot_C17	positive	tjupan_bacillus_subtilis_main_2e3c51df0d86f79b	dbtbs_bsub_core_245b899eb3255120	6.075296364623765	False	39	48	+	-17.5
EMB_onehot_C17	positive	tjupan_bacillus_subtilis_main_2fc6e10224ce632e	dbtbs_bsub_core_2fc6e10224ce632e	8.276127965715768	False	6	15	+	-50.5
EMB_onehot_C17	positive	tjupan_bacillus_subtilis_main_323902b09c4af7f6	dbtbs_bsub_core_bb1d2472f35efe20	8.314404133563311	False	67	76	+	10.5
EMB_onehot_C17	positive	tjupan_bacillus_subtilis_main_3ec8c178aa138223	tjupan_bacillus_subtilis_main_3ec8c178aa138223	6.292491054040561	False	19	28	-	-37.5
EMB_onehot_C17	positive	tjupan_bacillus_subtilis_main_409ff8a786357eb4	dbtbs_bsub_core_3e3a825c0d09de99	7.6299064435399755	False	47	56	-	-9.5
EMB_onehot_C17	positive	tjupan_bacillus_subtilis_main_42074f78c0199323	dbtbs_bsub_core_42074f78c0199323	7.163895172004175	False	69	78	+	12.5
EMB_onehot_C17	positive	tjupan_bacillus_subtilis_main_42c1909004fe3d73	tjupan_bacillus_subtilis_main_42c1909004fe3d73	7.491265128545607	False	65	74	-	8.5
EMB_onehot_C17	positive	tjupan_bacillus_subtilis_main_4a95c9a0c8c0dc5d	dbtbs_bsub_core_d38f72abf66add23	5.4231457383729005	False	29	38	+	-27.5
EMB_onehot_C17	positive	tjupan_bacillus_subtilis_main_4dd4acc476485632	tjupan_bacillus_subtilis_main_4dd4acc476485632	6.516436843755307	False	32	41	-	-24.5
EMB_onehot_C17	positive	tjupan_bacillus_subtilis_main_5a1a4573de4d55b3	dbtbs_bsub_core_af75962c5aaa60ac	6.946121655987493	False	2	11	+	-54.5
EMB_onehot_C17	positive	tjupan_bacillus_subtilis_main_5bcbea22526b97af	dbtbs_bsub_core_2bafb1a73b5c7300	6.827654538696486	False	26	35	-	-30.5
EMB_onehot_C17	positive	tjupan_bacillus_subtilis_main_5c9bf0eab187b5f5	dbtbs_bsub_core_93f240a64705adb6	6.738637373130487	False	52	61	-	-4.5
EMB_onehot_C17	positive	tjupan_bacillus_subtilis_main_648aef9dba1f38c4	tjupan_bacillus_subtilis_main_648aef9dba1f38c4	7.401879287125599	False	2	11	+	-54.5
EMB_onehot_C17	positive	tjupan_bacillus_subtilis_main_682dcc155b9eb236	dbtbs_bsub_core_5d3712ff0aeb1916	7.450042465819094	False	16	25	+	-40.5
EMB_onehot_C17	positive	tjupan_bacillus_subtilis_main_6cf2c0e47935a8c2	dbtbs_bsub_core_6cf2c0e47935a8c2	8.761888134676099	True	6	15	-	-50.5
EMB_onehot_C17	positive	tjupan_bacillus_subtilis_main_6f5bfd2e001a2697	dbtbs_bsub_core_6f5bfd2e001a2697	7.069001430629694	False	57	66	-	0.5
EMB_onehot_C17	positive	tjupan_bacillus_subtilis_main_6f6446b7ed912162	dbtbs_bsub_core_6f6446b7ed912162	5.191686487467692	False	40	49	-	-16.5
EMB_onehot_C17	positive	tjupan_bacillus_subtilis_main_6fc8f7f57b8f5e9d	tjupan_bacillus_subtilis_main_6fc8f7f57b8f5e9d	6.730898662195278	False	18	27	+	-38.5
EMB_onehot_C17	positive	tjupan_bacillus_subtilis_main_72127e86172ad2be	tjupan_bacillus_subtilis_main_72127e86172ad2be	8.020369209392994	False	9	18	-	-47.5
EMB_onehot_C17	positive	tjupan_bacillus_subtilis_main_721ac29c5ef7c9f0	dbtbs_bsub_core_721ac29c5ef7c9f0	7.0507000108003215	False	57	66	+	0.5
EMB_onehot_C17	positive	tjupan_bacillus_subtilis_main_72db3945a2fcac01	tjupan_bacillus_subtilis_main_72db3945a2fcac01	5.734187975403575	False	13	22	-	-43.5
EMB_onehot_C17	positive	tjupan_bacillus_subtilis_main_74379fc21a77213d	tjupan_bacillus_subtilis_main_74379fc21a77213d	5.2310133286416125	False	12	21	+	-44.5
EMB_onehot_C17	positive	tjupan_bacillus_subtilis_main_79220287475133e5	dbtbs_bsub_core_79220287475133e5	5.952895051971082	False	40	49	+	-16.5
EMB_onehot_C17	positive	tjupan_bacillus_subtilis_main_7c407bebf512b5e0	tjupan_bacillus_subtilis_main_7c407bebf512b5e0	5.432682343897916	False	35	44	+	-21.5
EMB_onehot_C17	positive	tjupan_bacillus_subtilis_main_824214e197f86545	tjupan_bacillus_subtilis_main_824214e197f86545	8.316582115386117	False	34	43	-	-22.5
EMB_onehot_C17	positive	tjupan_bacillus_subtilis_main_842f97f040946982	tjupan_bacillus_subtilis_main_842f97f040946982	6.9919644793107665	False	70	79	+	13.5
EMB_onehot_C17	positive	tjupan_bacillus_subtilis_main_84cc0835204b8e58	dbtbs_bsub_core_396da27afda34e05	6.952919349813541	False	20	29	-	-36.5
EMB_onehot_C17	positive	tjupan_bacillus_subtilis_main_89e75db25f32c6c9	dbtbs_bsub_core_66a79c370c059251	5.97221484438012	False	15	24	+	-41.5
EMB_onehot_C17	positive	tjupan_bacillus_subtilis_main_8d9a62a0fbc43019	dbtbs_bsub_core_3348625232a23256	5.3149298982734345	False	5	14	-	-51.5
EMB_onehot_C17	positive	tjupan_bacillus_subtilis_main_8f5b60fc07e381f2	dbtbs_bsub_core_8f5b60fc07e381f2	7.343069705783449	False	5	14	-	-51.5
EMB_onehot_C17	positive	tjupan_bacillus_subtilis_main_93a3a1679c7a73c9	tjupan_bacillus_subtilis_main_93a3a1679c7a73c9	7.316456720959144	False	41	50	+	-15.5
EMB_onehot_C17	positive	tjupan_bacillus_subtilis_main_96c549f1b176b111	tjupan_bacillus_subtilis_main_96c549f1b176b111	6.255070724381015	False	26	35	-	-30.5
EMB_onehot_C17	positive	tjupan_bacillus_subtilis_main_996c93274b7d349e	tjupan_bacillus_subtilis_main_996c93274b7d349e	7.268148232088556	False	6	15	-	-50.5
EMB_onehot_C17	positive	tjupan_bacillus_subtilis_main_9996ea2b61a7fc82	tjupan_bacillus_subtilis_main_9996ea2b61a7fc82	7.811066477150651	False	42	51	+	-14.5
EMB_onehot_C17	positive	tjupan_bacillus_subtilis_main_a2ab5f161ee68a0a	tjupan_bacillus_subtilis_main_a2ab5f161ee68a0a	6.3038940627346705	False	3	12	-	-53.5
EMB_onehot_C17	positive	tjupan_bacillus_subtilis_main_a2bee6d81c2dad89	dbtbs_bsub_core_a2bee6d81c2dad89	5.499355185564516	False	7	16	+	-49.5
EMB_onehot_C17	positive	tjupan_bacillus_subtilis_main_a4db17c75fb94c83	dbtbs_bsub_core_8c6f4b9eba960292	4.5344962168451515	False	15	24	-	-41.5
EMB_onehot_C17	positive	tjupan_bacillus_subtilis_main_a7eb317986e0a410	tjupan_bacillus_subtilis_main_a7eb317986e0a410	6.038286829844795	False	27	36	-	-29.5
EMB_onehot_C17	positive	tjupan_bacillus_subtilis_main_aaf138e1b23719d3	dbtbs_bsub_core_380666e4ad2529dd	5.650971245408044	False	69	78	-	12.5
EMB_onehot_C17	positive	tjupan_bacillus_subtilis_main_af44da9eb65c9b2b	tjupan_bacillus_subtilis_main_af44da9eb65c9b2b	7.893170091094155	False	28	37	+	-28.5
EMB_onehot_C17	positive	tjupan_bacillus_subtilis_main_b541048ffbe461fc	tjupan_bacillus_subtilis_main_b541048ffbe461fc	8.459985548520427	False	25	34	-	-31.5
EMB_onehot_C17	positive	tjupan_bacillus_subtilis_main_b558e80410906098	dbtbs_bsub_core_b558e80410906098	9.003516278683858	True	17	26	-	-39.5
EMB_onehot_C17	positive	tjupan_bacillus_subtilis_main_b809758bf01da07c	tjupan_bacillus_subtilis_main_b809758bf01da07c	6.173851881246345	False	59	68	-	2.5
EMB_onehot_C17	positive	tjupan_bacillus_subtilis_main_b86a1d8c42408cc4	tjupan_bacillus_subtilis_main_b86a1d8c42408cc4	4.744176368214952	False	32	41	-	-24.5
EMB_onehot_C17	positive	tjupan_bacillus_subtilis_main_c7551eecc12a98c1	tjupan_bacillus_subtilis_main_c7551eecc12a98c1	8.80120603106809	True	36	45	+	-20.5
EMB_onehot_C17	positive	tjupan_bacillus_subtilis_main_c897ab6e4a2d8869	tjupan_bacillus_subtilis_main_c897ab6e4a2d8869	8.256372496440632	False	56	65	-	-0.5
EMB_onehot_C17	positive	tjupan_bacillus_subtilis_main_cd9626c39ea075d5	dbtbs_bsub_core_cd9626c39ea075d5	4.627173967568313	False	20	29	+	-36.5
EMB_onehot_C17	positive	tjupan_bacillus_subtilis_main_cf013234eecd796b	dbtbs_bsub_core_700614a2577d51a9	6.920014132281349	False	67	76	+	10.5
EMB_onehot_C17	positive	tjupan_bacillus_subtilis_main_d072d578ae627246	tjupan_bacillus_subtilis_main_d072d578ae627246	6.173699478232345	False	42	51	+	-14.5
EMB_onehot_C17	positive	tjupan_bacillus_subtilis_main_d434d749686b9e33	dbtbs_bsub_core_137eff58d766cefa	6.1013626062007	False	32	41	-	-24.5
EMB_onehot_C17	positive	tjupan_bacillus_subtilis_main_d75f323535d0e96f	tjupan_bacillus_subtilis_main_d75f323535d0e96f	4.756987013728368	False	6	15	-	-50.5
EMB_onehot_C17	positive	tjupan_bacillus_subtilis_main_d94f791dab569af4	dbtbs_bsub_core_e72b843a494a35db	4.478159039913367	False	12	21	-	-44.5
EMB_onehot_C17	positive	tjupan_bacillus_subtilis_main_dc95e7cdf3939931	dbtbs_bsub_core_dc95e7cdf3939931	6.179957262752339	False	28	37	+	-28.5
EMB_onehot_C17	positive	tjupan_bacillus_subtilis_main_dda9e4c6372ef204	dbtbs_bsub_core_50819f6cb2562fd8	7.197082876859128	False	50	59	-	-6.5
EMB_onehot_C17	positive	tjupan_bacillus_subtilis_main_e51e63a9cb3e9467	dbtbs_bsub_core_bb482769c888cf21	6.132202318768938	False	13	22	-	-43.5
EMB_onehot_C17	positive	tjupan_bacillus_subtilis_main_e7e17b10ff25536a	tjupan_bacillus_subtilis_main_1eb616e060615c81	6.887947025513166	False	66	75	+	9.5
EMB_onehot_C17	positive	tjupan_bacillus_subtilis_main_f2d1e33176b05430	dbtbs_bsub_core_f2d1e33176b05430	9.161144546085078	True	50	59	+	-6.5
EMB_onehot_C17	positive	tjupan_bacillus_subtilis_main_fe854ef781d570c9	dbtbs_bsub_core_79142b70125d7f77	7.106139555672253	False	29	38	+	-27.5
EMB_onehot_C17	natural	tjupan_bacillus_subtilis_main_01f49032fc924b2b	tjupan_bacillus_subtilis_main_01f49032fc924b2b	5.8463971529908365	False	20	29	-	-36.5
EMB_onehot_C17	natural	tjupan_bacillus_subtilis_main_0369fa5f1dde8889	tjupan_bacillus_subtilis_main_0369fa5f1dde8889	7.876445691305806	False	47	56	-	-9.5
EMB_onehot_C17	natural	tjupan_bacillus_subtilis_main_04bf0704019251eb	tjupan_bacillus_subtilis_main_04bf0704019251eb	7.578768226854878	False	1	10	+	-55.5
EMB_onehot_C17	natural	tjupan_bacillus_subtilis_main_07a43cab15901fd0	tjupan_bacillus_subtilis_main_07a43cab15901fd0	6.6974795261380144	False	22	31	+	-34.5
EMB_onehot_C17	natural	tjupan_bacillus_subtilis_main_0abf62f108ad9afa	tjupan_bacillus_subtilis_main_0abf62f108ad9afa	5.774863004971994	False	52	61	-	-4.5
EMB_onehot_C17	natural	tjupan_bacillus_subtilis_main_10a028761e096e6f	tjupan_bacillus_subtilis_main_10a028761e096e6f	5.250650494581831	False	34	43	-	-22.5
EMB_onehot_C17	natural	tjupan_bacillus_subtilis_main_1183c551e9c3884e	tjupan_bacillus_subtilis_main_1183c551e9c3884e	5.509938698059829	False	12	21	+	-44.5
EMB_onehot_C17	natural	tjupan_bacillus_subtilis_main_11c75fe7d070d91d	tjupan_bacillus_subtilis_main_11c75fe7d070d91d	2.3905318656378984	False	25	34	+	-31.5
EMB_onehot_C17	natural	tjupan_bacillus_subtilis_main_13f81edc59432f39	tjupan_bacillus_subtilis_main_13f81edc59432f39	5.6549749913648935	False	27	36	+	-29.5
EMB_onehot_C17	natural	tjupan_bacillus_subtilis_main_1a1965c69595e91c	tjupan_bacillus_subtilis_main_1a1965c69595e91c	6.585417167271777	False	49	58	+	-7.5
EMB_onehot_C17	natural	tjupan_bacillus_subtilis_main_28ceb7fd6ffaf1b1	tjupan_bacillus_subtilis_main_28ceb7fd6ffaf1b1	6.603108591666759	False	6	15	+	-50.5
EMB_onehot_C17	natural	tjupan_bacillus_subtilis_main_2a691ccdd9f8cd87	tjupan_bacillus_subtilis_main_2a691ccdd9f8cd87	4.446477826831517	False	48	57	+	-8.5
EMB_onehot_C17	natural	tjupan_bacillus_subtilis_main_3095b00d206277d2	tjupan_bacillus_subtilis_main_3095b00d206277d2	3.2247331446348753	False	68	77	+	11.5
EMB_onehot_C17	natural	tjupan_bacillus_subtilis_main_33ded6bc702ab6e3	tjupan_bacillus_subtilis_main_33ded6bc702ab6e3	7.551150443919654	False	32	41	-	-24.5
EMB_onehot_C17	natural	tjupan_bacillus_subtilis_main_3b669bfd8e8ecc5c	tjupan_bacillus_subtilis_main_3b669bfd8e8ecc5c	4.363515336973962	False	4	13	+	-52.5
EMB_onehot_C17	natural	tjupan_bacillus_subtilis_main_3dfed0cfea4ace99	tjupan_bacillus_subtilis_main_3dfed0cfea4ace99	3.4398029017573757	False	4	13	-	-52.5
EMB_onehot_C17	natural	tjupan_bacillus_subtilis_main_3f82397c249b4c2e	tjupan_bacillus_subtilis_main_3f82397c249b4c2e	5.546404297137467	False	12	21	-	-44.5
EMB_onehot_C17	natural	tjupan_bacillus_subtilis_main_413de94f4b4cc894	tjupan_bacillus_subtilis_main_413de94f4b4cc894	6.626638529588909	False	61	70	-	4.5
EMB_onehot_C17	natural	tjupan_bacillus_subtilis_main_4225dc5bcf089682	tjupan_bacillus_subtilis_main_4225dc5bcf089682	6.52066196546005	False	37	46	+	-19.5
EMB_onehot_C17	natural	tjupan_bacillus_subtilis_main_43e8357a95b8acad	tjupan_bacillus_subtilis_main_43e8357a95b8acad	5.312248611040822	False	50	59	-	-6.5
EMB_onehot_C17	natural	tjupan_bacillus_subtilis_main_44b9e66950262593	tjupan_bacillus_subtilis_main_44b9e66950262593	6.331196491500582	False	47	56	+	-9.5
EMB_onehot_C17	natural	tjupan_bacillus_subtilis_main_4600103c5e396ab7	tjupan_bacillus_subtilis_main_4600103c5e396ab7	3.357151537780737	False	17	26	+	-39.5
EMB_onehot_C17	natural	tjupan_bacillus_subtilis_main_47b01646ad818f05	tjupan_bacillus_subtilis_main_47b01646ad818f05	4.658489678167891	False	58	67	-	1.5
EMB_onehot_C17	natural	tjupan_bacillus_subtilis_main_47f3a0ce2d4034a8	tjupan_bacillus_subtilis_main_47f3a0ce2d4034a8	6.113774386021067	False	64	73	-	7.5
EMB_onehot_C17	natural	tjupan_bacillus_subtilis_main_4c62636643ef908e	tjupan_bacillus_subtilis_main_4c62636643ef908e	5.99328813665528	False	16	25	-	-40.5
EMB_onehot_C17	natural	tjupan_bacillus_subtilis_main_4ec6f242d8a5df5c	tjupan_bacillus_subtilis_main_4ec6f242d8a5df5c	5.169120278902445	False	33	42	-	-23.5
EMB_onehot_C17	natural	tjupan_bacillus_subtilis_main_4efdcab552f8b70d	tjupan_bacillus_subtilis_main_4efdcab552f8b70d	5.114822906319425	False	10	19	-	-46.5
EMB_onehot_C17	natural	tjupan_bacillus_subtilis_main_51577d89c939deba	tjupan_bacillus_subtilis_main_51577d89c939deba	8.06366178731652	False	35	44	+	-21.5
EMB_onehot_C17	natural	tjupan_bacillus_subtilis_main_52bff7f8e27d9410	tjupan_bacillus_subtilis_main_52bff7f8e27d9410	2.8411746958039545	False	32	41	-	-24.5
EMB_onehot_C17	natural	tjupan_bacillus_subtilis_main_59901c21c497690b	tjupan_bacillus_subtilis_main_59901c21c497690b	8.04306120236383	False	4	13	+	-52.5
EMB_onehot_C17	natural	tjupan_bacillus_subtilis_main_5f953d4f57c1fa81	tjupan_bacillus_subtilis_main_5f953d4f57c1fa81	4.140749263453241	False	52	61	+	-4.5
EMB_onehot_C17	natural	tjupan_bacillus_subtilis_main_669f9a1f1028b036	tjupan_bacillus_subtilis_main_669f9a1f1028b036	4.694358726064648	False	59	68	+	2.5
EMB_onehot_C17	natural	tjupan_bacillus_subtilis_main_69dc5d058d63d549	tjupan_bacillus_subtilis_main_69dc5d058d63d549	4.684039160828346	False	26	35	-	-30.5
EMB_onehot_C17	natural	tjupan_bacillus_subtilis_main_6cfe0a7e178b1651	tjupan_bacillus_subtilis_main_6cfe0a7e178b1651	4.034355361231595	False	5	14	-	-51.5
EMB_onehot_C17	natural	tjupan_bacillus_subtilis_main_705ab5e790a4610d	tjupan_bacillus_subtilis_main_705ab5e790a4610d	3.911295394565434	False	50	59	-	-6.5
EMB_onehot_C17	natural	tjupan_bacillus_subtilis_main_71852833d33a5887	tjupan_bacillus_subtilis_main_71852833d33a5887	5.804733997520617	False	4	13	-	-52.5
EMB_onehot_C17	natural	tjupan_bacillus_subtilis_main_76c86d1f05ca1d88	tjupan_bacillus_subtilis_main_76c86d1f05ca1d88	4.427727539271624	False	47	56	+	-9.5
EMB_onehot_C17	natural	tjupan_bacillus_subtilis_main_777d2d2586a95fbc	tjupan_bacillus_subtilis_main_777d2d2586a95fbc	5.362194795196919	False	35	44	+	-21.5
EMB_onehot_C17	natural	tjupan_bacillus_subtilis_main_7c99b9a8665786aa	tjupan_bacillus_subtilis_main_7c99b9a8665786aa	4.158324860992523	False	70	79	+	13.5
EMB_onehot_C17	natural	tjupan_bacillus_subtilis_main_82f0003647ec7740	tjupan_bacillus_subtilis_main_82f0003647ec7740	8.043923937371892	False	61	70	+	4.5
EMB_onehot_C17	natural	tjupan_bacillus_subtilis_main_8a9952e5dc8e0bd1	tjupan_bacillus_subtilis_main_8a9952e5dc8e0bd1	6.165468592965947	False	28	37	+	-28.5
EMB_onehot_C17	natural	tjupan_bacillus_subtilis_main_8c2afb751c3f9d92	tjupan_bacillus_subtilis_main_8c2afb751c3f9d92	7.452463011993567	False	43	52	+	-13.5
EMB_onehot_C17	natural	tjupan_bacillus_subtilis_main_8e1b3c58365d2bbd	tjupan_bacillus_subtilis_main_8e1b3c58365d2bbd	7.450042465819094	False	60	69	+	3.5
EMB_onehot_C17	natural	tjupan_bacillus_subtilis_main_906140fe2a990d8e	tjupan_bacillus_subtilis_main_906140fe2a990d8e	4.680347481977158	False	15	24	+	-41.5
EMB_onehot_C17	natural	tjupan_bacillus_subtilis_main_94dbc17f3078c678	tjupan_bacillus_subtilis_main_94dbc17f3078c678	8.666789837778465	True	5	14	+	-51.5
EMB_onehot_C17	natural	tjupan_bacillus_subtilis_main_9bf1d28c9aae3b2e	tjupan_bacillus_subtilis_main_9bf1d28c9aae3b2e	4.4866248746041055	False	60	69	+	3.5
EMB_onehot_C17	natural	tjupan_bacillus_subtilis_main_9cc8f38cff175da4	tjupan_bacillus_subtilis_main_9cc8f38cff175da4	7.11387755340585	False	21	30	+	-35.5
EMB_onehot_C17	natural	tjupan_bacillus_subtilis_main_9cceb700e3527301	tjupan_bacillus_subtilis_main_9cceb700e3527301	3.168178571413153	False	41	50	-	-15.5
EMB_onehot_C17	natural	tjupan_bacillus_subtilis_main_9d0345f875b7552c	tjupan_bacillus_subtilis_main_9d0345f875b7552c	4.042850974459435	False	38	47	-	-18.5
EMB_onehot_C17	natural	tjupan_bacillus_subtilis_main_a3fedb31fa6cc84b	tjupan_bacillus_subtilis_main_a3fedb31fa6cc84b	3.573081470818379	False	66	75	+	9.5
EMB_onehot_C17	natural	tjupan_bacillus_subtilis_main_a54e7006d4699b67	tjupan_bacillus_subtilis_main_a54e7006d4699b67	4.836933368663468	False	40	49	-	-16.5
EMB_onehot_C17	natural	tjupan_bacillus_subtilis_main_aaa45c891936f972	tjupan_bacillus_subtilis_main_aaa45c891936f972	6.758281547633351	False	5	14	-	-51.5
EMB_onehot_C17	natural	tjupan_bacillus_subtilis_main_aec3d55ae2f9e509	tjupan_bacillus_subtilis_main_aec3d55ae2f9e509	4.332960642266725	False	28	37	-	-28.5
EMB_onehot_C17	natural	tjupan_bacillus_subtilis_main_b0b9cfd1b442c029	tjupan_bacillus_subtilis_main_b0b9cfd1b442c029	7.638934602169214	False	41	50	+	-15.5
EMB_onehot_C17	natural	tjupan_bacillus_subtilis_main_b161f4572a371b25	tjupan_bacillus_subtilis_main_b161f4572a371b25	8.862731525201209	True	40	49	+	-16.5
EMB_onehot_C17	natural	tjupan_bacillus_subtilis_main_b3e87bd1af1ccb1a	tjupan_bacillus_subtilis_main_b3e87bd1af1ccb1a	7.249900768862828	False	53	62	+	-3.5
EMB_onehot_C17	natural	tjupan_bacillus_subtilis_main_b5ddce4bc0328e2c	tjupan_bacillus_subtilis_main_b5ddce4bc0328e2c	4.870001909370532	False	50	59	-	-6.5
EMB_onehot_C17	natural	tjupan_bacillus_subtilis_main_b9d7835496546020	tjupan_bacillus_subtilis_main_b9d7835496546020	4.617267015441378	False	16	25	-	-40.5
EMB_onehot_C17	natural	tjupan_bacillus_subtilis_main_bd36aa35d4edeb39	tjupan_bacillus_subtilis_main_bd36aa35d4edeb39	7.811066477150651	False	68	77	+	11.5
EMB_onehot_C17	natural	tjupan_bacillus_subtilis_main_c24b04311bf8b4bf	tjupan_bacillus_subtilis_main_c24b04311bf8b4bf	6.540417434735185	False	4	13	+	-52.5
EMB_onehot_C17	natural	tjupan_bacillus_subtilis_main_c981e3412d58013c	tjupan_bacillus_subtilis_main_c981e3412d58013c	7.0151124291789815	False	13	22	+	-43.5
EMB_onehot_C17	natural	tjupan_bacillus_subtilis_main_cbe667645cefe255	tjupan_bacillus_subtilis_main_cbe667645cefe255	6.374044519832421	False	31	40	+	-25.5
EMB_onehot_C17	natural	tjupan_bacillus_subtilis_main_ced7dfa7b2671e00	tjupan_bacillus_subtilis_main_ced7dfa7b2671e00	7.030233706249782	False	68	77	+	11.5
EMB_onehot_C17	natural	tjupan_bacillus_subtilis_main_d14a8947b06ae361	tjupan_bacillus_subtilis_main_d14a8947b06ae361	5.12212893432722	False	60	69	+	3.5
EMB_onehot_C17	natural	tjupan_bacillus_subtilis_main_dd7d0f632ba9b25f	tjupan_bacillus_subtilis_main_dd7d0f632ba9b25f	5.127702399875192	False	55	64	+	-1.5
EMB_onehot_C17	natural	tjupan_bacillus_subtilis_main_deeb9c19c390dc19	tjupan_bacillus_subtilis_main_deeb9c19c390dc19	7.95555810405456	False	9	18	+	-47.5
EMB_onehot_C17	natural	tjupan_bacillus_subtilis_main_dfdf3a9a774b0b36	tjupan_bacillus_subtilis_main_dfdf3a9a774b0b36	8.555650362813399	False	8	17	+	-48.5
EMB_onehot_C17	natural	tjupan_bacillus_subtilis_main_e05a9847e20fa44f	tjupan_bacillus_subtilis_main_e05a9847e20fa44f	4.187088032879344	False	6	15	-	-50.5
EMB_onehot_C17	natural	tjupan_bacillus_subtilis_main_e09693162cd1efc7	tjupan_bacillus_subtilis_main_e09693162cd1efc7	6.367675959639399	False	11	20	+	-45.5
EMB_onehot_C17	natural	tjupan_bacillus_subtilis_main_e1df7768894b7e64	tjupan_bacillus_subtilis_main_e1df7768894b7e64	6.475309936441113	False	37	46	-	-19.5
EMB_onehot_C17	natural	tjupan_bacillus_subtilis_main_e4935e5203d5f4a1	tjupan_bacillus_subtilis_main_e4935e5203d5f4a1	8.92132509533546	True	19	28	-	-37.5
EMB_onehot_C17	natural	tjupan_bacillus_subtilis_main_e71258c4630ccafd	tjupan_bacillus_subtilis_main_e71258c4630ccafd	8.399787438839398	False	26	35	-	-30.5
EMB_onehot_C17	natural	tjupan_bacillus_subtilis_main_ea6abbc438ac2020	tjupan_bacillus_subtilis_main_ea6abbc438ac2020	5.15893815135846	False	34	43	-	-22.5
EMB_onehot_C17	natural	tjupan_bacillus_subtilis_main_ede46bd107484afd	tjupan_bacillus_subtilis_main_ede46bd107484afd	4.5681894220207155	False	6	15	-	-50.5
EMB_onehot_C17	natural	tjupan_bacillus_subtilis_main_f0317abbf46a2fa8	tjupan_bacillus_subtilis_main_f0317abbf46a2fa8	7.15431068648724	False	28	37	+	-28.5
EMB_onehot_C17	natural	tjupan_bacillus_subtilis_main_fe9f961ad53aca80	tjupan_bacillus_subtilis_main_fe9f961ad53aca80	6.588580613428681	False	60	69	+	3.5
EMB_onehot_C17	natural	tjupan_bacillus_subtilis_main_fffb0162887a3736	tjupan_bacillus_subtilis_main_fffb0162887a3736	5.249860598080417	False	24	33	+	-32.5
EMB_onehot_C17	shuffle	tjupan_bacillus_subtilis_main_0dc2e54e8f0778d4__dinucleotide_null	dbtbs_bsub_core_89ecb38b4ff0148f	8.83968005695152	True	69	78	-	12.5
EMB_onehot_C17	shuffle	tjupan_bacillus_subtilis_main_682dcc155b9eb236__dinucleotide_null	dbtbs_bsub_core_5d3712ff0aeb1916	7.939670877287509	False	72	81	+	15.5
EMB_onehot_C17	shuffle	tjupan_bacillus_subtilis_main_f2d1e33176b05430__dinucleotide_null	dbtbs_bsub_core_f2d1e33176b05430	6.663590537538962	False	23	32	+	-33.5
EMB_onehot_C17	shuffle	tjupan_bacillus_subtilis_main_c7551eecc12a98c1__dinucleotide_null	tjupan_bacillus_subtilis_main_c7551eecc12a98c1	8.757663012971355	True	3	12	+	-53.5
EMB_onehot_C17	shuffle	tjupan_bacillus_subtilis_main_89e75db25f32c6c9__dinucleotide_null	dbtbs_bsub_core_66a79c370c059251	8.973226540921102	True	38	47	-	-18.5
EMB_onehot_C17	shuffle	tjupan_bacillus_subtilis_main_9996ea2b61a7fc82__dinucleotide_null	tjupan_bacillus_subtilis_main_9996ea2b61a7fc82	5.527890943470751	False	19	28	+	-37.5
EMB_onehot_C17	shuffle	tjupan_bacillus_subtilis_main_b86a1d8c42408cc4__dinucleotide_null	tjupan_bacillus_subtilis_main_b86a1d8c42408cc4	8.62134205334721	False	17	26	+	-39.5
EMB_onehot_C17	shuffle	tjupan_bacillus_subtilis_main_79220287475133e5__dinucleotide_null	dbtbs_bsub_core_79220287475133e5	5.77870254743324	False	48	57	+	-8.5
EMB_onehot_C17	shuffle	tjupan_bacillus_subtilis_main_a2bee6d81c2dad89__dinucleotide_null	dbtbs_bsub_core_a2bee6d81c2dad89	3.59575410763997	False	58	67	+	1.5
EMB_onehot_C17	shuffle	tjupan_bacillus_subtilis_main_103f2a1ec6daa8c4__dinucleotide_null	dbtbs_bsub_core_103f2a1ec6daa8c4	8.371440721232652	False	15	24	-	-41.5
EMB_onehot_C17	shuffle	tjupan_bacillus_subtilis_main_996c93274b7d349e__dinucleotide_null	tjupan_bacillus_subtilis_main_996c93274b7d349e	3.67591267155609	False	13	22	-	-43.5
EMB_onehot_C17	shuffle	tjupan_bacillus_subtilis_main_7c407bebf512b5e0__dinucleotide_null	tjupan_bacillus_subtilis_main_7c407bebf512b5e0	6.664769242200789	False	62	71	+	5.5
EMB_onehot_C17	shuffle	tjupan_bacillus_subtilis_main_842f97f040946982__dinucleotide_null	tjupan_bacillus_subtilis_main_842f97f040946982	3.924171339685204	False	47	56	+	-9.5
EMB_onehot_C17	shuffle	tjupan_bacillus_subtilis_main_42c1909004fe3d73__dinucleotide_null	tjupan_bacillus_subtilis_main_42c1909004fe3d73	5.316340891715987	False	2	11	-	-54.5
EMB_onehot_C17	shuffle	tjupan_bacillus_subtilis_main_42074f78c0199323__dinucleotide_null	dbtbs_bsub_core_42074f78c0199323	5.33960000787943	False	13	22	-	-43.5
EMB_onehot_C17	shuffle	tjupan_bacillus_subtilis_main_72127e86172ad2be__dinucleotide_null	tjupan_bacillus_subtilis_main_72127e86172ad2be	6.498505446797186	False	64	73	+	7.5
EMB_onehot_C17	shuffle	tjupan_bacillus_subtilis_main_d072d578ae627246__dinucleotide_null	tjupan_bacillus_subtilis_main_d072d578ae627246	4.346611544230201	False	66	75	-	9.5
EMB_onehot_C17	shuffle	tjupan_bacillus_subtilis_main_a2ab5f161ee68a0a__dinucleotide_null	tjupan_bacillus_subtilis_main_a2ab5f161ee68a0a	5.165445247868241	False	44	53	+	-12.5
EMB_onehot_C17	shuffle	tjupan_bacillus_subtilis_main_3ec8c178aa138223__dinucleotide_null	tjupan_bacillus_subtilis_main_3ec8c178aa138223	4.582252235343966	False	50	59	-	-6.5
EMB_onehot_C17	shuffle	tjupan_bacillus_subtilis_main_824214e197f86545__dinucleotide_null	tjupan_bacillus_subtilis_main_824214e197f86545	9.22509291641545	True	14	23	-	-42.5
EMB_onehot_C17	shuffle	tjupan_bacillus_subtilis_main_721ac29c5ef7c9f0__dinucleotide_null	dbtbs_bsub_core_721ac29c5ef7c9f0	5.277640447764056	False	6	15	-	-50.5
EMB_onehot_C17	shuffle	tjupan_bacillus_subtilis_main_a7eb317986e0a410__dinucleotide_null	tjupan_bacillus_subtilis_main_a7eb317986e0a410	4.461970468800152	False	8	17	-	-48.5
EMB_onehot_C17	shuffle	tjupan_bacillus_subtilis_main_6cf2c0e47935a8c2__dinucleotide_null	dbtbs_bsub_core_6cf2c0e47935a8c2	8.228107463143917	False	68	77	-	11.5
EMB_onehot_C17	shuffle	tjupan_bacillus_subtilis_main_cd9626c39ea075d5__dinucleotide_null	dbtbs_bsub_core_cd9626c39ea075d5	8.009240257620766	False	60	69	+	3.5
EMB_onehot_C17	shuffle	tjupan_bacillus_subtilis_main_4a95c9a0c8c0dc5d__dinucleotide_null	dbtbs_bsub_core_d38f72abf66add23	6.201835736157322	False	2	11	-	-54.5
EMB_onehot_C17	shuffle	tjupan_bacillus_subtilis_main_323902b09c4af7f6__dinucleotide_null	dbtbs_bsub_core_bb1d2472f35efe20	5.583882062045952	False	66	75	+	9.5
EMB_onehot_C17	shuffle	tjupan_bacillus_subtilis_main_dda9e4c6372ef204__dinucleotide_null	dbtbs_bsub_core_50819f6cb2562fd8	9.489197578101864	True	49	58	-	-7.5
EMB_onehot_C17	shuffle	tjupan_bacillus_subtilis_main_6fc8f7f57b8f5e9d__dinucleotide_null	tjupan_bacillus_subtilis_main_6fc8f7f57b8f5e9d	5.687734107686638	False	39	48	-	-17.5
EMB_onehot_C17	shuffle	tjupan_bacillus_subtilis_main_84cc0835204b8e58__dinucleotide_null	dbtbs_bsub_core_396da27afda34e05	4.410566900336952	False	45	54	-	-11.5
EMB_onehot_C17	shuffle	tjupan_bacillus_subtilis_main_c897ab6e4a2d8869__dinucleotide_null	tjupan_bacillus_subtilis_main_c897ab6e4a2d8869	5.235362060106793	False	60	69	+	3.5
EMB_onehot_C17	shuffle	tjupan_bacillus_subtilis_main_1b58b9006f9baf4f__dinucleotide_null	dbtbs_bsub_core_1b58b9006f9baf4f	7.572110287970422	False	67	76	-	10.5
EMB_onehot_C17	shuffle	tjupan_bacillus_subtilis_main_5bcbea22526b97af__dinucleotide_null	dbtbs_bsub_core_2bafb1a73b5c7300	5.546126287483131	False	38	47	-	-18.5
EMB_onehot_C17	shuffle	tjupan_bacillus_subtilis_main_e51e63a9cb3e9467__dinucleotide_null	dbtbs_bsub_core_bb482769c888cf21	6.003143459483794	False	30	39	-	-26.5
EMB_onehot_C17	shuffle	tjupan_bacillus_subtilis_main_b558e80410906098__dinucleotide_null	dbtbs_bsub_core_b558e80410906098	5.561647928161107	False	69	78	-	12.5
EMB_onehot_C17	shuffle	tjupan_bacillus_subtilis_main_dc95e7cdf3939931__dinucleotide_null	dbtbs_bsub_core_dc95e7cdf3939931	6.358797131259276	False	55	64	-	-1.5
EMB_onehot_C17	shuffle	tjupan_bacillus_subtilis_main_cf013234eecd796b__dinucleotide_null	dbtbs_bsub_core_700614a2577d51a9	5.787073953013814	False	64	73	-	7.5
EMB_onehot_C17	shuffle	tjupan_bacillus_subtilis_main_b541048ffbe461fc__dinucleotide_null	tjupan_bacillus_subtilis_main_b541048ffbe461fc	6.862916332534213	False	56	65	-	-0.5
EMB_onehot_C17	shuffle	tjupan_bacillus_subtilis_main_0b4e887f7ea9c424__dinucleotide_null	dbtbs_bsub_core_0b4e887f7ea9c424	7.744974668331997	False	34	43	+	-22.5
EMB_onehot_C17	shuffle	tjupan_bacillus_subtilis_main_93a3a1679c7a73c9__dinucleotide_null	tjupan_bacillus_subtilis_main_93a3a1679c7a73c9	6.267940065086719	False	28	37	-	-28.5
EMB_onehot_C17	shuffle	tjupan_bacillus_subtilis_main_e7e17b10ff25536a__dinucleotide_null	tjupan_bacillus_subtilis_main_1eb616e060615c81	7.64298718051058	False	31	40	-	-25.5
EMB_onehot_C17	shuffle	tjupan_bacillus_subtilis_main_d94f791dab569af4__dinucleotide_null	dbtbs_bsub_core_e72b843a494a35db	7.521068560158153	False	7	16	-	-49.5
EMB_onehot_C17	shuffle	tjupan_bacillus_subtilis_main_d75f323535d0e96f__dinucleotide_null	tjupan_bacillus_subtilis_main_d75f323535d0e96f	5.9675409972312075	False	24	33	+	-32.5
EMB_onehot_C17	shuffle	tjupan_bacillus_subtilis_main_74379fc21a77213d__dinucleotide_null	tjupan_bacillus_subtilis_main_74379fc21a77213d	1.7267404671866005	False	63	72	-	6.5
EMB_onehot_C17	shuffle	tjupan_bacillus_subtilis_main_6f5bfd2e001a2697__dinucleotide_null	dbtbs_bsub_core_6f5bfd2e001a2697	5.944700767885039	False	55	64	-	-1.5
EMB_onehot_C17	shuffle	tjupan_bacillus_subtilis_main_1eb616e060615c81__dinucleotide_null	tjupan_bacillus_subtilis_main_1eb616e060615c81	5.770939431139919	False	1	10	+	-55.5
EMB_onehot_C17	shuffle	tjupan_bacillus_subtilis_main_409ff8a786357eb4__dinucleotide_null	dbtbs_bsub_core_3e3a825c0d09de99	7.288211099936913	False	37	46	+	-19.5
EMB_onehot_C17	shuffle	tjupan_bacillus_subtilis_main_1bc60721b4be672c__dinucleotide_null	dbtbs_bsub_core_cb8975beecd17a84	7.975318389207303	False	38	47	-	-18.5
EMB_onehot_C17	shuffle	tjupan_bacillus_subtilis_main_af44da9eb65c9b2b__dinucleotide_null	tjupan_bacillus_subtilis_main_af44da9eb65c9b2b	6.38736597183212	False	37	46	+	-19.5
EMB_onehot_C17	shuffle	tjupan_bacillus_subtilis_main_8f5b60fc07e381f2__dinucleotide_null	dbtbs_bsub_core_8f5b60fc07e381f2	5.3580279406273	False	3	12	-	-53.5
EMB_onehot_C17	shuffle	tjupan_bacillus_subtilis_main_5c9bf0eab187b5f5__dinucleotide_null	dbtbs_bsub_core_93f240a64705adb6	7.549032980909253	False	30	39	+	-26.5
EMB_onehot_C17	shuffle	tjupan_bacillus_subtilis_main_aaf138e1b23719d3__dinucleotide_null	dbtbs_bsub_core_380666e4ad2529dd	6.775413234224943	False	23	32	-	-33.5
EMB_onehot_C17	shuffle	tjupan_bacillus_subtilis_main_0fcba0431054cde6__dinucleotide_null	dbtbs_bsub_core_0fcba0431054cde6	7.25986438233017	False	38	47	+	-18.5
EMB_onehot_C17	shuffle	tjupan_bacillus_subtilis_main_6f6446b7ed912162__dinucleotide_null	dbtbs_bsub_core_6f6446b7ed912162	5.716520040655959	False	28	37	-	-28.5
EMB_onehot_C17	shuffle	tjupan_bacillus_subtilis_main_d434d749686b9e33__dinucleotide_null	dbtbs_bsub_core_137eff58d766cefa	7.620750887581645	False	69	78	-	12.5
EMB_onehot_C17	shuffle	tjupan_bacillus_subtilis_main_96c549f1b176b111__dinucleotide_null	tjupan_bacillus_subtilis_main_96c549f1b176b111	4.296650101565884	False	30	39	-	-26.5
EMB_onehot_C17	shuffle	tjupan_bacillus_subtilis_main_a4db17c75fb94c83__dinucleotide_null	dbtbs_bsub_core_8c6f4b9eba960292	7.357164904599388	False	57	66	+	0.5
EMB_onehot_C17	shuffle	tjupan_bacillus_subtilis_main_0e5e92df8dafa46f__dinucleotide_null	dbtbs_bsub_core_0e5e92df8dafa46f	7.743860438711477	False	60	69	+	3.5
EMB_onehot_C17	shuffle	tjupan_bacillus_subtilis_main_089b35a135bf8797__dinucleotide_null	tjupan_bacillus_subtilis_main_089b35a135bf8797	7.673216640794007	False	15	24	-	-41.5
EMB_onehot_C17	shuffle	tjupan_bacillus_subtilis_main_2e3c51df0d86f79b__dinucleotide_null	dbtbs_bsub_core_245b899eb3255120	5.227692772104188	False	11	20	+	-45.5
EMB_onehot_C17	shuffle	tjupan_bacillus_subtilis_main_648aef9dba1f38c4__dinucleotide_null	tjupan_bacillus_subtilis_main_648aef9dba1f38c4	6.88730513417087	False	41	50	+	-15.5
EMB_onehot_C17	shuffle	tjupan_bacillus_subtilis_main_b809758bf01da07c__dinucleotide_null	tjupan_bacillus_subtilis_main_b809758bf01da07c	7.999101122151297	False	62	71	-	5.5
EMB_onehot_C17	shuffle	tjupan_bacillus_subtilis_main_72db3945a2fcac01__dinucleotide_null	tjupan_bacillus_subtilis_main_72db3945a2fcac01	6.586209169975306	False	54	63	+	-2.5
EMB_onehot_C17	shuffle	tjupan_bacillus_subtilis_main_8d9a62a0fbc43019__dinucleotide_null	dbtbs_bsub_core_3348625232a23256	8.761888134676099	True	13	22	+	-43.5
EMB_onehot_C17	shuffle	tjupan_bacillus_subtilis_main_2fc6e10224ce632e__dinucleotide_null	dbtbs_bsub_core_2fc6e10224ce632e	8.399301068519543	False	10	19	+	-46.5
EMB_onehot_C17	shuffle	tjupan_bacillus_subtilis_main_4dd4acc476485632__dinucleotide_null	tjupan_bacillus_subtilis_main_4dd4acc476485632	8.146026810969854	False	43	52	-	-13.5
EMB_onehot_C17	shuffle	tjupan_bacillus_subtilis_main_5a1a4573de4d55b3__dinucleotide_null	dbtbs_bsub_core_af75962c5aaa60ac	7.870717072625034	False	70	79	-	13.5
EMB_onehot_C17	shuffle	tjupan_bacillus_subtilis_main_fe854ef781d570c9__dinucleotide_null	dbtbs_bsub_core_79142b70125d7f77	6.961040953892026	False	46	55	+	-10.5
EMB_onehot_C18	positive	tjupan_bacillus_subtilis_main_089b35a135bf8797	tjupan_bacillus_subtilis_main_089b35a135bf8797	4.520372341725933	False	33	42	+	-23.5
EMB_onehot_C18	positive	tjupan_bacillus_subtilis_main_0b4e887f7ea9c424	dbtbs_bsub_core_0b4e887f7ea9c424	7.645048507960027	True	54	63	-	-2.5
EMB_onehot_C18	positive	tjupan_bacillus_subtilis_main_0dc2e54e8f0778d4	dbtbs_bsub_core_89ecb38b4ff0148f	4.0384231617188036	False	29	38	-	-27.5
EMB_onehot_C18	positive	tjupan_bacillus_subtilis_main_0e5e92df8dafa46f	dbtbs_bsub_core_0e5e92df8dafa46f	5.20207698662796	False	60	69	+	3.5
EMB_onehot_C18	positive	tjupan_bacillus_subtilis_main_0fcba0431054cde6	dbtbs_bsub_core_0fcba0431054cde6	5.549710123652946	False	58	67	+	1.5
EMB_onehot_C18	positive	tjupan_bacillus_subtilis_main_103f2a1ec6daa8c4	dbtbs_bsub_core_103f2a1ec6daa8c4	4.867870585941347	False	47	56	+	-9.5
EMB_onehot_C18	positive	tjupan_bacillus_subtilis_main_1b58b9006f9baf4f	dbtbs_bsub_core_1b58b9006f9baf4f	6.494553893247318	False	27	36	-	-29.5
EMB_onehot_C18	positive	tjupan_bacillus_subtilis_main_1bc60721b4be672c	dbtbs_bsub_core_cb8975beecd17a84	5.404486502501313	False	46	55	+	-10.5
EMB_onehot_C18	positive	tjupan_bacillus_subtilis_main_1eb616e060615c81	tjupan_bacillus_subtilis_main_1eb616e060615c81	6.502383035364531	False	58	67	+	1.5
EMB_onehot_C18	positive	tjupan_bacillus_subtilis_main_2e3c51df0d86f79b	dbtbs_bsub_core_245b899eb3255120	5.855984322560766	False	66	75	+	9.5
EMB_onehot_C18	positive	tjupan_bacillus_subtilis_main_2fc6e10224ce632e	dbtbs_bsub_core_2fc6e10224ce632e	4.427473893941763	False	68	77	-	11.5
EMB_onehot_C18	positive	tjupan_bacillus_subtilis_main_323902b09c4af7f6	dbtbs_bsub_core_bb1d2472f35efe20	4.099981810120973	False	39	48	+	-17.5
EMB_onehot_C18	positive	tjupan_bacillus_subtilis_main_3ec8c178aa138223	tjupan_bacillus_subtilis_main_3ec8c178aa138223	3.8700988768444295	False	4	13	+	-52.5
EMB_onehot_C18	positive	tjupan_bacillus_subtilis_main_409ff8a786357eb4	dbtbs_bsub_core_3e3a825c0d09de99	4.962035252846515	False	38	47	+	-18.5
EMB_onehot_C18	positive	tjupan_bacillus_subtilis_main_42074f78c0199323	dbtbs_bsub_core_42074f78c0199323	4.362947168337917	False	5	14	-	-51.5
EMB_onehot_C18	positive	tjupan_bacillus_subtilis_main_42c1909004fe3d73	tjupan_bacillus_subtilis_main_42c1909004fe3d73	2.007077393416547	False	9	18	-	-47.5
EMB_onehot_C18	positive	tjupan_bacillus_subtilis_main_4a95c9a0c8c0dc5d	dbtbs_bsub_core_d38f72abf66add23	7.0663249387836	False	71	80	+	14.5
EMB_onehot_C18	positive	tjupan_bacillus_subtilis_main_4dd4acc476485632	tjupan_bacillus_subtilis_main_4dd4acc476485632	4.680019530027153	False	3	12	+	-53.5
EMB_onehot_C18	positive	tjupan_bacillus_subtilis_main_5a1a4573de4d55b3	dbtbs_bsub_core_af75962c5aaa60ac	6.025473577045551	False	61	70	-	4.5
EMB_onehot_C18	positive	tjupan_bacillus_subtilis_main_5bcbea22526b97af	dbtbs_bsub_core_2bafb1a73b5c7300	8.362149786672255	True	71	80	+	14.5
EMB_onehot_C18	positive	tjupan_bacillus_subtilis_main_5c9bf0eab187b5f5	dbtbs_bsub_core_93f240a64705adb6	3.6617098093153295	False	62	71	+	5.5
EMB_onehot_C18	positive	tjupan_bacillus_subtilis_main_648aef9dba1f38c4	tjupan_bacillus_subtilis_main_648aef9dba1f38c4	3.67850003599299	False	10	19	+	-46.5
EMB_onehot_C18	positive	tjupan_bacillus_subtilis_main_682dcc155b9eb236	dbtbs_bsub_core_5d3712ff0aeb1916	6.4470831097754795	False	24	33	+	-32.5
EMB_onehot_C18	positive	tjupan_bacillus_subtilis_main_6cf2c0e47935a8c2	dbtbs_bsub_core_6cf2c0e47935a8c2	5.8678987594500995	False	56	65	+	-0.5
EMB_onehot_C18	positive	tjupan_bacillus_subtilis_main_6f5bfd2e001a2697	dbtbs_bsub_core_6f5bfd2e001a2697	7.4526995663330045	False	25	34	+	-31.5
EMB_onehot_C18	positive	tjupan_bacillus_subtilis_main_6f6446b7ed912162	dbtbs_bsub_core_6f6446b7ed912162	5.826696346846097	False	20	29	-	-36.5
EMB_onehot_C18	positive	tjupan_bacillus_subtilis_main_6fc8f7f57b8f5e9d	tjupan_bacillus_subtilis_main_6fc8f7f57b8f5e9d	4.051304453015535	False	58	67	+	1.5
EMB_onehot_C18	positive	tjupan_bacillus_subtilis_main_72127e86172ad2be	tjupan_bacillus_subtilis_main_72127e86172ad2be	5.584240459455841	False	39	48	-	-17.5
EMB_onehot_C18	positive	tjupan_bacillus_subtilis_main_721ac29c5ef7c9f0	dbtbs_bsub_core_721ac29c5ef7c9f0	3.983558675393689	False	55	64	+	-1.5
EMB_onehot_C18	positive	tjupan_bacillus_subtilis_main_72db3945a2fcac01	tjupan_bacillus_subtilis_main_72db3945a2fcac01	5.9557446702570065	False	35	44	-	-21.5
EMB_onehot_C18	positive	tjupan_bacillus_subtilis_main_74379fc21a77213d	tjupan_bacillus_subtilis_main_74379fc21a77213d	5.796985519476151	False	5	14	+	-51.5
EMB_onehot_C18	positive	tjupan_bacillus_subtilis_main_79220287475133e5	dbtbs_bsub_core_79220287475133e5	5.472927089215748	False	52	61	+	-4.5
EMB_onehot_C18	positive	tjupan_bacillus_subtilis_main_7c407bebf512b5e0	tjupan_bacillus_subtilis_main_7c407bebf512b5e0	4.14905144737843	False	29	38	-	-27.5
EMB_onehot_C18	positive	tjupan_bacillus_subtilis_main_824214e197f86545	tjupan_bacillus_subtilis_main_824214e197f86545	6.128841142432968	False	49	58	+	-7.5
EMB_onehot_C18	positive	tjupan_bacillus_subtilis_main_842f97f040946982	tjupan_bacillus_subtilis_main_842f97f040946982	5.394192546031659	False	19	28	-	-37.5
EMB_onehot_C18	positive	tjupan_bacillus_subtilis_main_84cc0835204b8e58	dbtbs_bsub_core_396da27afda34e05	7.020954859589784	False	55	64	+	-1.5
EMB_onehot_C18	positive	tjupan_bacillus_subtilis_main_89e75db25f32c6c9	dbtbs_bsub_core_66a79c370c059251	3.871364783700037	False	40	49	+	-16.5
EMB_onehot_C18	positive	tjupan_bacillus_subtilis_main_8d9a62a0fbc43019	dbtbs_bsub_core_3348625232a23256	6.459964401072211	False	25	34	+	-31.5
EMB_onehot_C18	positive	tjupan_bacillus_subtilis_main_8f5b60fc07e381f2	dbtbs_bsub_core_8f5b60fc07e381f2	3.8206350003142173	False	70	79	+	13.5
EMB_onehot_C18	positive	tjupan_bacillus_subtilis_main_93a3a1679c7a73c9	tjupan_bacillus_subtilis_main_93a3a1679c7a73c9	4.691506931760948	False	41	50	-	-15.5
EMB_onehot_C18	positive	tjupan_bacillus_subtilis_main_96c549f1b176b111	tjupan_bacillus_subtilis_main_96c549f1b176b111	6.927102885084498	False	63	72	+	6.5
EMB_onehot_C18	positive	tjupan_bacillus_subtilis_main_996c93274b7d349e	tjupan_bacillus_subtilis_main_996c93274b7d349e	5.451947416639464	False	71	80	+	14.5
EMB_onehot_C18	positive	tjupan_bacillus_subtilis_main_9996ea2b61a7fc82	tjupan_bacillus_subtilis_main_9996ea2b61a7fc82	4.6567960718288575	False	19	28	-	-37.5
EMB_onehot_C18	positive	tjupan_bacillus_subtilis_main_a2ab5f161ee68a0a	tjupan_bacillus_subtilis_main_a2ab5f161ee68a0a	4.000646121448872	False	7	16	-	-49.5
EMB_onehot_C18	positive	tjupan_bacillus_subtilis_main_a2bee6d81c2dad89	dbtbs_bsub_core_a2bee6d81c2dad89	4.509656435486875	False	57	66	+	0.5
EMB_onehot_C18	positive	tjupan_bacillus_subtilis_main_a4db17c75fb94c83	dbtbs_bsub_core_8c6f4b9eba960292	6.10527428825867	False	24	33	-	-32.5
EMB_onehot_C18	positive	tjupan_bacillus_subtilis_main_a7eb317986e0a410	tjupan_bacillus_subtilis_main_a7eb317986e0a410	6.780283368478491	False	65	74	+	8.5
EMB_onehot_C18	positive	tjupan_bacillus_subtilis_main_aaf138e1b23719d3	dbtbs_bsub_core_380666e4ad2529dd	5.52013517677118	False	22	31	-	-34.5
EMB_onehot_C18	positive	tjupan_bacillus_subtilis_main_af44da9eb65c9b2b	tjupan_bacillus_subtilis_main_af44da9eb65c9b2b	7.728356020598248	True	32	41	+	-24.5
EMB_onehot_C18	positive	tjupan_bacillus_subtilis_main_b541048ffbe461fc	tjupan_bacillus_subtilis_main_b541048ffbe461fc	7.599096567420588	True	16	25	+	-40.5
EMB_onehot_C18	positive	tjupan_bacillus_subtilis_main_b558e80410906098	dbtbs_bsub_core_b558e80410906098	7.185903983665529	False	49	58	-	-7.5
EMB_onehot_C18	positive	tjupan_bacillus_subtilis_main_b809758bf01da07c	tjupan_bacillus_subtilis_main_b809758bf01da07c	6.181979417270911	False	55	64	+	-1.5
EMB_onehot_C18	positive	tjupan_bacillus_subtilis_main_b86a1d8c42408cc4	tjupan_bacillus_subtilis_main_b86a1d8c42408cc4	5.527171648718401	False	40	49	-	-16.5
EMB_onehot_C18	positive	tjupan_bacillus_subtilis_main_c7551eecc12a98c1	tjupan_bacillus_subtilis_main_c7551eecc12a98c1	4.3838190232977725	False	4	13	-	-52.5
EMB_onehot_C18	positive	tjupan_bacillus_subtilis_main_c897ab6e4a2d8869	tjupan_bacillus_subtilis_main_c897ab6e4a2d8869	5.273215469534002	False	67	76	+	10.5
EMB_onehot_C18	positive	tjupan_bacillus_subtilis_main_cd9626c39ea075d5	dbtbs_bsub_core_cd9626c39ea075d5	5.400786971064034	False	2	11	-	-54.5
EMB_onehot_C18	positive	tjupan_bacillus_subtilis_main_cf013234eecd796b	dbtbs_bsub_core_700614a2577d51a9	4.183976654136469	False	71	80	+	14.5
EMB_onehot_C18	positive	tjupan_bacillus_subtilis_main_d072d578ae627246	tjupan_bacillus_subtilis_main_d072d578ae627246	6.22205262361283	False	36	45	+	-20.5
EMB_onehot_C18	positive	tjupan_bacillus_subtilis_main_d434d749686b9e33	dbtbs_bsub_core_137eff58d766cefa	6.153040007063888	False	21	30	-	-35.5
EMB_onehot_C18	positive	tjupan_bacillus_subtilis_main_d75f323535d0e96f	tjupan_bacillus_subtilis_main_d75f323535d0e96f	4.6816364109712465	False	3	12	-	-53.5
EMB_onehot_C18	positive	tjupan_bacillus_subtilis_main_d94f791dab569af4	dbtbs_bsub_core_e72b843a494a35db	6.144336931092624	False	33	42	-	-23.5
EMB_onehot_C18	positive	tjupan_bacillus_subtilis_main_dc95e7cdf3939931	dbtbs_bsub_core_dc95e7cdf3939931	6.927102885084498	False	11	20	+	-45.5
EMB_onehot_C18	positive	tjupan_bacillus_subtilis_main_dda9e4c6372ef204	dbtbs_bsub_core_50819f6cb2562fd8	5.806931342494943	False	24	33	-	-32.5
EMB_onehot_C18	positive	tjupan_bacillus_subtilis_main_e51e63a9cb3e9467	dbtbs_bsub_core_bb482769c888cf21	6.8390213000740845	False	69	78	-	12.5
EMB_onehot_C18	positive	tjupan_bacillus_subtilis_main_e7e17b10ff25536a	tjupan_bacillus_subtilis_main_1eb616e060615c81	6.502383035364531	False	61	70	+	4.5
EMB_onehot_C18	positive	tjupan_bacillus_subtilis_main_f2d1e33176b05430	dbtbs_bsub_core_f2d1e33176b05430	4.438610714736995	False	60	69	+	3.5
EMB_onehot_C18	positive	tjupan_bacillus_subtilis_main_fe854ef781d570c9	dbtbs_bsub_core_79142b70125d7f77	5.106311069668471	False	27	36	-	-29.5
EMB_onehot_C18	natural	tjupan_bacillus_subtilis_main_01f49032fc924b2b	tjupan_bacillus_subtilis_main_01f49032fc924b2b	6.186452721230658	False	37	46	+	-19.5
EMB_onehot_C18	natural	tjupan_bacillus_subtilis_main_0369fa5f1dde8889	tjupan_bacillus_subtilis_main_0369fa5f1dde8889	3.6898849059401746	False	53	62	-	-3.5
EMB_onehot_C18	natural	tjupan_bacillus_subtilis_main_04bf0704019251eb	tjupan_bacillus_subtilis_main_04bf0704019251eb	4.004913673360926	False	4	13	+	-52.5
EMB_onehot_C18	natural	tjupan_bacillus_subtilis_main_07a43cab15901fd0	tjupan_bacillus_subtilis_main_07a43cab15901fd0	7.179309558633154	False	30	39	+	-26.5
EMB_onehot_C18	natural	tjupan_bacillus_subtilis_main_0abf62f108ad9afa	tjupan_bacillus_subtilis_main_0abf62f108ad9afa	4.179294554795042	False	12	21	+	-44.5
EMB_onehot_C18	natural	tjupan_bacillus_subtilis_main_10a028761e096e6f	tjupan_bacillus_subtilis_main_10a028761e096e6f	7.600425516539399	True	26	35	-	-30.5
EMB_onehot_C18	natural	tjupan_bacillus_subtilis_main_1183c551e9c3884e	tjupan_bacillus_subtilis_main_1183c551e9c3884e	6.169424945054272	False	47	56	+	-9.5
EMB_onehot_C18	natural	tjupan_bacillus_subtilis_main_11c75fe7d070d91d	tjupan_bacillus_subtilis_main_11c75fe7d070d91d	5.059148157185135	False	19	28	+	-37.5
EMB_onehot_C18	natural	tjupan_bacillus_subtilis_main_13f81edc59432f39	tjupan_bacillus_subtilis_main_13f81edc59432f39	4.621034589142534	False	70	79	-	13.5
EMB_onehot_C18	natural	tjupan_bacillus_subtilis_main_1a1965c69595e91c	tjupan_bacillus_subtilis_main_1a1965c69595e91c	4.82109300800698	False	13	22	+	-43.5
EMB_onehot_C18	natural	tjupan_bacillus_subtilis_main_28ceb7fd6ffaf1b1	tjupan_bacillus_subtilis_main_28ceb7fd6ffaf1b1	6.791331658850724	False	16	25	+	-40.5
EMB_onehot_C18	natural	tjupan_bacillus_subtilis_main_2a691ccdd9f8cd87	tjupan_bacillus_subtilis_main_2a691ccdd9f8cd87	2.8375724946510155	False	15	24	+	-41.5
EMB_onehot_C18	natural	tjupan_bacillus_subtilis_main_3095b00d206277d2	tjupan_bacillus_subtilis_main_3095b00d206277d2	3.0354791563029817	False	8	17	+	-48.5
EMB_onehot_C18	natural	tjupan_bacillus_subtilis_main_33ded6bc702ab6e3	tjupan_bacillus_subtilis_main_33ded6bc702ab6e3	5.062999216203114	False	6	15	-	-50.5
EMB_onehot_C18	natural	tjupan_bacillus_subtilis_main_3b669bfd8e8ecc5c	tjupan_bacillus_subtilis_main_3b669bfd8e8ecc5c	4.952114191928018	False	1	10	+	-55.5
EMB_onehot_C18	natural	tjupan_bacillus_subtilis_main_3dfed0cfea4ace99	tjupan_bacillus_subtilis_main_3dfed0cfea4ace99	4.367501939049221	False	17	26	+	-39.5
EMB_onehot_C18	natural	tjupan_bacillus_subtilis_main_3f82397c249b4c2e	tjupan_bacillus_subtilis_main_3f82397c249b4c2e	7.52467113542891	False	71	80	+	14.5
EMB_onehot_C18	natural	tjupan_bacillus_subtilis_main_413de94f4b4cc894	tjupan_bacillus_subtilis_main_413de94f4b4cc894	4.498730389339422	False	22	31	-	-34.5
EMB_onehot_C18	natural	tjupan_bacillus_subtilis_main_4225dc5bcf089682	tjupan_bacillus_subtilis_main_4225dc5bcf089682	4.865953603343575	False	70	79	-	13.5
EMB_onehot_C18	natural	tjupan_bacillus_subtilis_main_43e8357a95b8acad	tjupan_bacillus_subtilis_main_43e8357a95b8acad	3.5484138583709486	False	41	50	+	-15.5
EMB_onehot_C18	natural	tjupan_bacillus_subtilis_main_44b9e66950262593	tjupan_bacillus_subtilis_main_44b9e66950262593	5.776814083661241	False	9	18	-	-47.5
EMB_onehot_C18	natural	tjupan_bacillus_subtilis_main_4600103c5e396ab7	tjupan_bacillus_subtilis_main_4600103c5e396ab7	4.455790592393679	False	52	61	-	-4.5
EMB_onehot_C18	natural	tjupan_bacillus_subtilis_main_47b01646ad818f05	tjupan_bacillus_subtilis_main_47b01646ad818f05	3.769437242863866	False	66	75	-	9.5
EMB_onehot_C18	natural	tjupan_bacillus_subtilis_main_47f3a0ce2d4034a8	tjupan_bacillus_subtilis_main_47f3a0ce2d4034a8	6.91055908693831	False	15	24	-	-41.5
EMB_onehot_C18	natural	tjupan_bacillus_subtilis_main_4c62636643ef908e	tjupan_bacillus_subtilis_main_4c62636643ef908e	4.746708646278801	False	34	43	+	-22.5
EMB_onehot_C18	natural	tjupan_bacillus_subtilis_main_4ec6f242d8a5df5c	tjupan_bacillus_subtilis_main_4ec6f242d8a5df5c	3.511264689086703	False	29	38	-	-27.5
EMB_onehot_C18	natural	tjupan_bacillus_subtilis_main_4efdcab552f8b70d	tjupan_bacillus_subtilis_main_4efdcab552f8b70d	5.5597121620629215	False	62	71	+	5.5
EMB_onehot_C18	natural	tjupan_bacillus_subtilis_main_51577d89c939deba	tjupan_bacillus_subtilis_main_51577d89c939deba	4.156374527315595	False	64	73	+	7.5
EMB_onehot_C18	natural	tjupan_bacillus_subtilis_main_52bff7f8e27d9410	tjupan_bacillus_subtilis_main_52bff7f8e27d9410	8.072113785630393	True	56	65	-	-0.5
EMB_onehot_C18	natural	tjupan_bacillus_subtilis_main_59901c21c497690b	tjupan_bacillus_subtilis_main_59901c21c497690b	4.713318849965268	False	39	48	+	-17.5
EMB_onehot_C18	natural	tjupan_bacillus_subtilis_main_5f953d4f57c1fa81	tjupan_bacillus_subtilis_main_5f953d4f57c1fa81	5.001295705123228	False	40	49	+	-16.5
EMB_onehot_C18	natural	tjupan_bacillus_subtilis_main_669f9a1f1028b036	tjupan_bacillus_subtilis_main_669f9a1f1028b036	3.425923136807092	False	66	75	-	9.5
EMB_onehot_C18	natural	tjupan_bacillus_subtilis_main_69dc5d058d63d549	tjupan_bacillus_subtilis_main_69dc5d058d63d549	3.892545302234679	False	53	62	+	-3.5
EMB_onehot_C18	natural	tjupan_bacillus_subtilis_main_6cfe0a7e178b1651	tjupan_bacillus_subtilis_main_6cfe0a7e178b1651	4.059163940248353	False	68	77	+	11.5
EMB_onehot_C18	natural	tjupan_bacillus_subtilis_main_705ab5e790a4610d	tjupan_bacillus_subtilis_main_705ab5e790a4610d	6.662064607507699	False	34	43	-	-22.5
EMB_onehot_C18	natural	tjupan_bacillus_subtilis_main_71852833d33a5887	tjupan_bacillus_subtilis_main_71852833d33a5887	6.167897356445156	False	61	70	-	4.5
EMB_onehot_C18	natural	tjupan_bacillus_subtilis_main_76c86d1f05ca1d88	tjupan_bacillus_subtilis_main_76c86d1f05ca1d88	5.7201314821231275	False	38	47	+	-18.5
EMB_onehot_C18	natural	tjupan_bacillus_subtilis_main_777d2d2586a95fbc	tjupan_bacillus_subtilis_main_777d2d2586a95fbc	5.549710123652946	False	32	41	+	-24.5
EMB_onehot_C18	natural	tjupan_bacillus_subtilis_main_7c99b9a8665786aa	tjupan_bacillus_subtilis_main_7c99b9a8665786aa	2.9414694278807465	False	35	44	+	-21.5
EMB_onehot_C18	natural	tjupan_bacillus_subtilis_main_82f0003647ec7740	tjupan_bacillus_subtilis_main_82f0003647ec7740	5.252938287634055	False	28	37	+	-28.5
EMB_onehot_C18	natural	tjupan_bacillus_subtilis_main_8a9952e5dc8e0bd1	tjupan_bacillus_subtilis_main_8a9952e5dc8e0bd1	4.042147556801893	False	62	71	+	5.5
EMB_onehot_C18	natural	tjupan_bacillus_subtilis_main_8c2afb751c3f9d92	tjupan_bacillus_subtilis_main_8c2afb751c3f9d92	6.5128404018214185	False	33	42	+	-23.5
EMB_onehot_C18	natural	tjupan_bacillus_subtilis_main_8e1b3c58365d2bbd	tjupan_bacillus_subtilis_main_8e1b3c58365d2bbd	6.102666335369443	False	48	57	+	-8.5
EMB_onehot_C18	natural	tjupan_bacillus_subtilis_main_906140fe2a990d8e	tjupan_bacillus_subtilis_main_906140fe2a990d8e	4.461890545216357	False	61	70	+	4.5
EMB_onehot_C18	natural	tjupan_bacillus_subtilis_main_94dbc17f3078c678	tjupan_bacillus_subtilis_main_94dbc17f3078c678	4.75995003545836	False	45	54	-	-11.5
EMB_onehot_C18	natural	tjupan_bacillus_subtilis_main_9bf1d28c9aae3b2e	tjupan_bacillus_subtilis_main_9bf1d28c9aae3b2e	5.791445740984981	False	61	70	-	4.5
EMB_onehot_C18	natural	tjupan_bacillus_subtilis_main_9cc8f38cff175da4	tjupan_bacillus_subtilis_main_9cc8f38cff175da4	4.678625640464215	False	21	30	-	-35.5
EMB_onehot_C18	natural	tjupan_bacillus_subtilis_main_9cceb700e3527301	tjupan_bacillus_subtilis_main_9cceb700e3527301	7.492742832464369	False	13	22	+	-43.5
EMB_onehot_C18	natural	tjupan_bacillus_subtilis_main_9d0345f875b7552c	tjupan_bacillus_subtilis_main_9d0345f875b7552c	5.74744634854804	False	38	47	+	-18.5
EMB_onehot_C18	natural	tjupan_bacillus_subtilis_main_a3fedb31fa6cc84b	tjupan_bacillus_subtilis_main_a3fedb31fa6cc84b	2.954970909575075	False	43	52	-	-13.5
EMB_onehot_C18	natural	tjupan_bacillus_subtilis_main_a54e7006d4699b67	tjupan_bacillus_subtilis_main_a54e7006d4699b67	3.945874832202467	False	43	52	-	-13.5
EMB_onehot_C18	natural	tjupan_bacillus_subtilis_main_aaa45c891936f972	tjupan_bacillus_subtilis_main_aaa45c891936f972	3.378735343594208	False	45	54	+	-11.5
EMB_onehot_C18	natural	tjupan_bacillus_subtilis_main_aec3d55ae2f9e509	tjupan_bacillus_subtilis_main_aec3d55ae2f9e509	5.776183611347645	False	58	67	+	1.5
EMB_onehot_C18	natural	tjupan_bacillus_subtilis_main_b0b9cfd1b442c029	tjupan_bacillus_subtilis_main_b0b9cfd1b442c029	5.969514642082609	False	6	15	+	-50.5
EMB_onehot_C18	natural	tjupan_bacillus_subtilis_main_b161f4572a371b25	tjupan_bacillus_subtilis_main_b161f4572a371b25	6.1739228307671015	False	51	60	-	-5.5
EMB_onehot_C18	natural	tjupan_bacillus_subtilis_main_b3e87bd1af1ccb1a	tjupan_bacillus_subtilis_main_b3e87bd1af1ccb1a	4.50699923246776	False	9	18	+	-47.5
EMB_onehot_C18	natural	tjupan_bacillus_subtilis_main_b5ddce4bc0328e2c	tjupan_bacillus_subtilis_main_b5ddce4bc0328e2c	5.05013988170004	False	46	55	+	-10.5
EMB_onehot_C18	natural	tjupan_bacillus_subtilis_main_b9d7835496546020	tjupan_bacillus_subtilis_main_b9d7835496546020	4.90792981971028	False	66	75	+	9.5
EMB_onehot_C18	natural	tjupan_bacillus_subtilis_main_bd36aa35d4edeb39	tjupan_bacillus_subtilis_main_bd36aa35d4edeb39	3.7020668901672886	False	7	16	+	-49.5
EMB_onehot_C18	natural	tjupan_bacillus_subtilis_main_c24b04311bf8b4bf	tjupan_bacillus_subtilis_main_c24b04311bf8b4bf	4.192073314305165	False	19	28	+	-37.5
EMB_onehot_C18	natural	tjupan_bacillus_subtilis_main_c981e3412d58013c	tjupan_bacillus_subtilis_main_c981e3412d58013c	4.825154159172074	False	70	79	+	13.5
EMB_onehot_C18	natural	tjupan_bacillus_subtilis_main_cbe667645cefe255	tjupan_bacillus_subtilis_main_cbe667645cefe255	7.654848329447383	True	57	66	+	0.5
EMB_onehot_C18	natural	tjupan_bacillus_subtilis_main_ced7dfa7b2671e00	tjupan_bacillus_subtilis_main_ced7dfa7b2671e00	3.714367045966288	False	60	69	+	3.5
EMB_onehot_C18	natural	tjupan_bacillus_subtilis_main_d14a8947b06ae361	tjupan_bacillus_subtilis_main_d14a8947b06ae361	5.042963193513372	False	7	16	+	-49.5
EMB_onehot_C18	natural	tjupan_bacillus_subtilis_main_dd7d0f632ba9b25f	tjupan_bacillus_subtilis_main_dd7d0f632ba9b25f	7.055644055548481	False	8	17	+	-48.5
EMB_onehot_C18	natural	tjupan_bacillus_subtilis_main_deeb9c19c390dc19	tjupan_bacillus_subtilis_main_deeb9c19c390dc19	5.478712903238646	False	24	33	+	-32.5
EMB_onehot_C18	natural	tjupan_bacillus_subtilis_main_dfdf3a9a774b0b36	tjupan_bacillus_subtilis_main_dfdf3a9a774b0b36	6.224961150949364	False	61	70	+	4.5
EMB_onehot_C18	natural	tjupan_bacillus_subtilis_main_e05a9847e20fa44f	tjupan_bacillus_subtilis_main_e05a9847e20fa44f	4.238299324469891	False	10	19	-	-46.5
EMB_onehot_C18	natural	tjupan_bacillus_subtilis_main_e09693162cd1efc7	tjupan_bacillus_subtilis_main_e09693162cd1efc7	3.27359404138382	False	30	39	-	-26.5
EMB_onehot_C18	natural	tjupan_bacillus_subtilis_main_e1df7768894b7e64	tjupan_bacillus_subtilis_main_e1df7768894b7e64	6.073541216843916	False	1	10	-	-55.5
EMB_onehot_C18	natural	tjupan_bacillus_subtilis_main_e4935e5203d5f4a1	tjupan_bacillus_subtilis_main_e4935e5203d5f4a1	2.925056639657427	False	22	31	-	-34.5
EMB_onehot_C18	natural	tjupan_bacillus_subtilis_main_e71258c4630ccafd	tjupan_bacillus_subtilis_main_e71258c4630ccafd	4.679392532122532	False	36	45	-	-20.5
EMB_onehot_C18	natural	tjupan_bacillus_subtilis_main_ea6abbc438ac2020	tjupan_bacillus_subtilis_main_ea6abbc438ac2020	3.3692399180930908	False	43	52	+	-13.5
EMB_onehot_C18	natural	tjupan_bacillus_subtilis_main_ede46bd107484afd	tjupan_bacillus_subtilis_main_ede46bd107484afd	6.011817333784089	False	11	20	-	-45.5
EMB_onehot_C18	natural	tjupan_bacillus_subtilis_main_f0317abbf46a2fa8	tjupan_bacillus_subtilis_main_f0317abbf46a2fa8	5.502696513259176	False	30	39	+	-26.5
EMB_onehot_C18	natural	tjupan_bacillus_subtilis_main_fe9f961ad53aca80	tjupan_bacillus_subtilis_main_fe9f961ad53aca80	6.494553893247318	False	55	64	+	-1.5
EMB_onehot_C18	natural	tjupan_bacillus_subtilis_main_fffb0162887a3736	tjupan_bacillus_subtilis_main_fffb0162887a3736	7.365371633995819	False	40	49	-	-16.5
EMB_onehot_C18	shuffle	tjupan_bacillus_subtilis_main_0dc2e54e8f0778d4__dinucleotide_null	dbtbs_bsub_core_89ecb38b4ff0148f	7.718970484975627	True	24	33	-	-32.5
EMB_onehot_C18	shuffle	tjupan_bacillus_subtilis_main_682dcc155b9eb236__dinucleotide_null	dbtbs_bsub_core_5d3712ff0aeb1916	6.422582324151412	False	25	34	+	-31.5
EMB_onehot_C18	shuffle	tjupan_bacillus_subtilis_main_f2d1e33176b05430__dinucleotide_null	dbtbs_bsub_core_f2d1e33176b05430	7.186550473132982	False	26	35	+	-30.5
EMB_onehot_C18	shuffle	tjupan_bacillus_subtilis_main_c7551eecc12a98c1__dinucleotide_null	tjupan_bacillus_subtilis_main_c7551eecc12a98c1	5.002311493824433	False	15	24	-	-41.5
EMB_onehot_C18	shuffle	tjupan_bacillus_subtilis_main_89e75db25f32c6c9__dinucleotide_null	dbtbs_bsub_core_66a79c370c059251	7.367063524158728	False	36	45	-	-20.5
EMB_onehot_C18	shuffle	tjupan_bacillus_subtilis_main_9996ea2b61a7fc82__dinucleotide_null	tjupan_bacillus_subtilis_main_9996ea2b61a7fc82	5.367011603641554	False	21	30	+	-35.5
EMB_onehot_C18	shuffle	tjupan_bacillus_subtilis_main_b86a1d8c42408cc4__dinucleotide_null	tjupan_bacillus_subtilis_main_b86a1d8c42408cc4	5.5277536971158305	False	23	32	-	-33.5
EMB_onehot_C18	shuffle	tjupan_bacillus_subtilis_main_79220287475133e5__dinucleotide_null	dbtbs_bsub_core_79220287475133e5	4.918445365563078	False	24	33	+	-32.5
EMB_onehot_C18	shuffle	tjupan_bacillus_subtilis_main_a2bee6d81c2dad89__dinucleotide_null	dbtbs_bsub_core_a2bee6d81c2dad89	4.866476696378409	False	48	57	-	-8.5
EMB_onehot_C18	shuffle	tjupan_bacillus_subtilis_main_103f2a1ec6daa8c4__dinucleotide_null	dbtbs_bsub_core_103f2a1ec6daa8c4	4.306290575220546	False	72	81	-	15.5
EMB_onehot_C18	shuffle	tjupan_bacillus_subtilis_main_996c93274b7d349e__dinucleotide_null	tjupan_bacillus_subtilis_main_996c93274b7d349e	6.466202710657679	False	72	81	+	15.5
EMB_onehot_C18	shuffle	tjupan_bacillus_subtilis_main_7c407bebf512b5e0__dinucleotide_null	tjupan_bacillus_subtilis_main_7c407bebf512b5e0	6.319263535903014	False	51	60	-	-5.5
EMB_onehot_C18	shuffle	tjupan_bacillus_subtilis_main_842f97f040946982__dinucleotide_null	tjupan_bacillus_subtilis_main_842f97f040946982	4.776731377032923	False	19	28	+	-37.5
EMB_onehot_C18	shuffle	tjupan_bacillus_subtilis_main_42c1909004fe3d73__dinucleotide_null	tjupan_bacillus_subtilis_main_42c1909004fe3d73	6.324167522467012	False	19	28	-	-37.5
EMB_onehot_C18	shuffle	tjupan_bacillus_subtilis_main_42074f78c0199323__dinucleotide_null	dbtbs_bsub_core_42074f78c0199323	6.701570034821039	False	12	21	-	-44.5
EMB_onehot_C18	shuffle	tjupan_bacillus_subtilis_main_72127e86172ad2be__dinucleotide_null	tjupan_bacillus_subtilis_main_72127e86172ad2be	4.768942995773112	False	46	55	+	-10.5
EMB_onehot_C18	shuffle	tjupan_bacillus_subtilis_main_d072d578ae627246__dinucleotide_null	tjupan_bacillus_subtilis_main_d072d578ae627246	4.974915649621104	False	38	47	+	-18.5
EMB_onehot_C18	shuffle	tjupan_bacillus_subtilis_main_a2ab5f161ee68a0a__dinucleotide_null	tjupan_bacillus_subtilis_main_a2ab5f161ee68a0a	4.119715306491469	False	59	68	+	2.5
EMB_onehot_C18	shuffle	tjupan_bacillus_subtilis_main_3ec8c178aa138223__dinucleotide_null	tjupan_bacillus_subtilis_main_3ec8c178aa138223	4.588950800254167	False	56	65	+	-0.5
EMB_onehot_C18	shuffle	tjupan_bacillus_subtilis_main_824214e197f86545__dinucleotide_null	tjupan_bacillus_subtilis_main_824214e197f86545	4.598862323711121	False	55	64	+	-1.5
EMB_onehot_C18	shuffle	tjupan_bacillus_subtilis_main_721ac29c5ef7c9f0__dinucleotide_null	dbtbs_bsub_core_721ac29c5ef7c9f0	4.63655856030597	False	42	51	+	-14.5
EMB_onehot_C18	shuffle	tjupan_bacillus_subtilis_main_a7eb317986e0a410__dinucleotide_null	tjupan_bacillus_subtilis_main_a7eb317986e0a410	4.5978143030828615	False	2	11	+	-54.5
EMB_onehot_C18	shuffle	tjupan_bacillus_subtilis_main_6cf2c0e47935a8c2__dinucleotide_null	dbtbs_bsub_core_6cf2c0e47935a8c2	4.677127384984329	False	66	75	-	9.5
EMB_onehot_C18	shuffle	tjupan_bacillus_subtilis_main_cd9626c39ea075d5__dinucleotide_null	dbtbs_bsub_core_cd9626c39ea075d5	5.484056401166012	False	12	21	+	-44.5
EMB_onehot_C18	shuffle	tjupan_bacillus_subtilis_main_4a95c9a0c8c0dc5d__dinucleotide_null	dbtbs_bsub_core_d38f72abf66add23	4.961930993815131	False	21	30	-	-35.5
EMB_onehot_C18	shuffle	tjupan_bacillus_subtilis_main_323902b09c4af7f6__dinucleotide_null	dbtbs_bsub_core_bb1d2472f35efe20	6.655410921345451	False	21	30	+	-35.5
EMB_onehot_C18	shuffle	tjupan_bacillus_subtilis_main_dda9e4c6372ef204__dinucleotide_null	dbtbs_bsub_core_50819f6cb2562fd8	6.543271913710432	False	10	19	-	-46.5
EMB_onehot_C18	shuffle	tjupan_bacillus_subtilis_main_6fc8f7f57b8f5e9d__dinucleotide_null	tjupan_bacillus_subtilis_main_6fc8f7f57b8f5e9d	4.684368299484158	False	1	10	+	-55.5
EMB_onehot_C18	shuffle	tjupan_bacillus_subtilis_main_84cc0835204b8e58__dinucleotide_null	dbtbs_bsub_core_396da27afda34e05	6.1364902793331835	False	64	73	+	7.5
EMB_onehot_C18	shuffle	tjupan_bacillus_subtilis_main_c897ab6e4a2d8869__dinucleotide_null	tjupan_bacillus_subtilis_main_c897ab6e4a2d8869	4.494852887586293	False	18	27	+	-38.5
EMB_onehot_C18	shuffle	tjupan_bacillus_subtilis_main_1b58b9006f9baf4f__dinucleotide_null	dbtbs_bsub_core_1b58b9006f9baf4f	5.2587528627979045	False	37	46	+	-19.5
EMB_onehot_C18	shuffle	tjupan_bacillus_subtilis_main_5bcbea22526b97af__dinucleotide_null	dbtbs_bsub_core_2bafb1a73b5c7300	7.255563089681926	False	16	25	+	-40.5
EMB_onehot_C18	shuffle	tjupan_bacillus_subtilis_main_e51e63a9cb3e9467__dinucleotide_null	dbtbs_bsub_core_bb482769c888cf21	5.123925385081838	False	20	29	-	-36.5
EMB_onehot_C18	shuffle	tjupan_bacillus_subtilis_main_b558e80410906098__dinucleotide_null	dbtbs_bsub_core_b558e80410906098	8.023382634908874	True	46	55	-	-10.5
EMB_onehot_C18	shuffle	tjupan_bacillus_subtilis_main_dc95e7cdf3939931__dinucleotide_null	dbtbs_bsub_core_dc95e7cdf3939931	8.21037750636323	True	31	40	+	-25.5
EMB_onehot_C18	shuffle	tjupan_bacillus_subtilis_main_cf013234eecd796b__dinucleotide_null	dbtbs_bsub_core_700614a2577d51a9	4.426535331849921	False	72	81	-	15.5
EMB_onehot_C18	shuffle	tjupan_bacillus_subtilis_main_b541048ffbe461fc__dinucleotide_null	tjupan_bacillus_subtilis_main_b541048ffbe461fc	4.879206529483661	False	58	67	-	1.5
EMB_onehot_C18	shuffle	tjupan_bacillus_subtilis_main_0b4e887f7ea9c424__dinucleotide_null	dbtbs_bsub_core_0b4e887f7ea9c424	5.268416566651484	False	61	70	-	4.5
EMB_onehot_C18	shuffle	tjupan_bacillus_subtilis_main_93a3a1679c7a73c9__dinucleotide_null	tjupan_bacillus_subtilis_main_93a3a1679c7a73c9	7.0289428618628	False	66	75	-	9.5
EMB_onehot_C18	shuffle	tjupan_bacillus_subtilis_main_e7e17b10ff25536a__dinucleotide_null	tjupan_bacillus_subtilis_main_1eb616e060615c81	3.6500224742460343	False	24	33	-	-32.5
EMB_onehot_C18	shuffle	tjupan_bacillus_subtilis_main_d94f791dab569af4__dinucleotide_null	dbtbs_bsub_core_e72b843a494a35db	3.577898841701031	False	45	54	-	-11.5
EMB_onehot_C18	shuffle	tjupan_bacillus_subtilis_main_d75f323535d0e96f__dinucleotide_null	tjupan_bacillus_subtilis_main_d75f323535d0e96f	7.6620901384693525	True	46	55	-	-10.5
EMB_onehot_C18	shuffle	tjupan_bacillus_subtilis_main_74379fc21a77213d__dinucleotide_null	tjupan_bacillus_subtilis_main_74379fc21a77213d	6.244366811253893	False	39	48	-	-17.5
EMB_onehot_C18	shuffle	tjupan_bacillus_subtilis_main_6f5bfd2e001a2697__dinucleotide_null	dbtbs_bsub_core_6f5bfd2e001a2697	4.36979677032389	False	35	44	-	-21.5
EMB_onehot_C18	shuffle	tjupan_bacillus_subtilis_main_1eb616e060615c81__dinucleotide_null	tjupan_bacillus_subtilis_main_1eb616e060615c81	6.777803878086538	False	16	25	-	-40.5
EMB_onehot_C18	shuffle	tjupan_bacillus_subtilis_main_409ff8a786357eb4__dinucleotide_null	dbtbs_bsub_core_3e3a825c0d09de99	6.1728834067321525	False	10	19	-	-46.5
EMB_onehot_C18	shuffle	tjupan_bacillus_subtilis_main_1bc60721b4be672c__dinucleotide_null	dbtbs_bsub_core_cb8975beecd17a84	6.304588221931144	False	58	67	+	1.5
EMB_onehot_C18	shuffle	tjupan_bacillus_subtilis_main_af44da9eb65c9b2b__dinucleotide_null	tjupan_bacillus_subtilis_main_af44da9eb65c9b2b	5.042963193513372	False	9	18	+	-47.5
EMB_onehot_C18	shuffle	tjupan_bacillus_subtilis_main_8f5b60fc07e381f2__dinucleotide_null	dbtbs_bsub_core_8f5b60fc07e381f2	2.7872239008447686	False	7	16	-	-49.5
EMB_onehot_C18	shuffle	tjupan_bacillus_subtilis_main_5c9bf0eab187b5f5__dinucleotide_null	dbtbs_bsub_core_93f240a64705adb6	7.764434796203416	True	4	13	+	-52.5
EMB_onehot_C18	shuffle	tjupan_bacillus_subtilis_main_aaf138e1b23719d3__dinucleotide_null	dbtbs_bsub_core_380666e4ad2529dd	4.921010828552125	False	63	72	+	6.5
EMB_onehot_C18	shuffle	tjupan_bacillus_subtilis_main_0fcba0431054cde6__dinucleotide_null	dbtbs_bsub_core_0fcba0431054cde6	4.54663732327076	False	49	58	+	-7.5
EMB_onehot_C18	shuffle	tjupan_bacillus_subtilis_main_6f6446b7ed912162__dinucleotide_null	dbtbs_bsub_core_6f6446b7ed912162	7.310275786933398	False	20	29	-	-36.5
EMB_onehot_C18	shuffle	tjupan_bacillus_subtilis_main_d434d749686b9e33__dinucleotide_null	dbtbs_bsub_core_137eff58d766cefa	6.22679883151631	False	42	51	-	-14.5
EMB_onehot_C18	shuffle	tjupan_bacillus_subtilis_main_96c549f1b176b111__dinucleotide_null	tjupan_bacillus_subtilis_main_96c549f1b176b111	5.435438979008632	False	19	28	-	-37.5
EMB_onehot_C18	shuffle	tjupan_bacillus_subtilis_main_a4db17c75fb94c83__dinucleotide_null	dbtbs_bsub_core_8c6f4b9eba960292	5.464374683582606	False	33	42	-	-23.5
EMB_onehot_C18	shuffle	tjupan_bacillus_subtilis_main_0e5e92df8dafa46f__dinucleotide_null	dbtbs_bsub_core_0e5e92df8dafa46f	7.31371400648937	False	41	50	+	-15.5
EMB_onehot_C18	shuffle	tjupan_bacillus_subtilis_main_089b35a135bf8797__dinucleotide_null	tjupan_bacillus_subtilis_main_089b35a135bf8797	3.6566717046924557	False	69	78	+	12.5
EMB_onehot_C18	shuffle	tjupan_bacillus_subtilis_main_2e3c51df0d86f79b__dinucleotide_null	dbtbs_bsub_core_245b899eb3255120	8.320773279014704	True	45	54	+	-11.5
EMB_onehot_C18	shuffle	tjupan_bacillus_subtilis_main_648aef9dba1f38c4__dinucleotide_null	tjupan_bacillus_subtilis_main_648aef9dba1f38c4	6.974071304455525	False	45	54	+	-11.5
EMB_onehot_C18	shuffle	tjupan_bacillus_subtilis_main_b809758bf01da07c__dinucleotide_null	tjupan_bacillus_subtilis_main_b809758bf01da07c	5.180099684792469	False	20	29	-	-36.5
EMB_onehot_C18	shuffle	tjupan_bacillus_subtilis_main_72db3945a2fcac01__dinucleotide_null	tjupan_bacillus_subtilis_main_72db3945a2fcac01	6.881491833732282	False	32	41	-	-24.5
EMB_onehot_C18	shuffle	tjupan_bacillus_subtilis_main_8d9a62a0fbc43019__dinucleotide_null	dbtbs_bsub_core_3348625232a23256	5.115130055659168	False	6	15	+	-50.5
EMB_onehot_C18	shuffle	tjupan_bacillus_subtilis_main_2fc6e10224ce632e__dinucleotide_null	dbtbs_bsub_core_2fc6e10224ce632e	5.490371620195031	False	64	73	+	7.5
EMB_onehot_C18	shuffle	tjupan_bacillus_subtilis_main_4dd4acc476485632__dinucleotide_null	tjupan_bacillus_subtilis_main_4dd4acc476485632	4.078012082488181	False	59	68	+	2.5
EMB_onehot_C18	shuffle	tjupan_bacillus_subtilis_main_5a1a4573de4d55b3__dinucleotide_null	dbtbs_bsub_core_af75962c5aaa60ac	3.1915017160138692	False	45	54	-	-11.5
EMB_onehot_C18	shuffle	tjupan_bacillus_subtilis_main_fe854ef781d570c9__dinucleotide_null	dbtbs_bsub_core_79142b70125d7f77	5.4225576877119	False	38	47	+	-18.5
EMB_onehot_C19	positive	tjupan_bacillus_subtilis_main_089b35a135bf8797	tjupan_bacillus_subtilis_main_089b35a135bf8797	9.015600853507634	False	15	24	+	-41.5
EMB_onehot_C19	positive	tjupan_bacillus_subtilis_main_0b4e887f7ea9c424	dbtbs_bsub_core_0b4e887f7ea9c424	11.358753709548003	True	11	20	+	-45.5
EMB_onehot_C19	positive	tjupan_bacillus_subtilis_main_0dc2e54e8f0778d4	dbtbs_bsub_core_89ecb38b4ff0148f	9.31240081617205	False	67	76	+	10.5
EMB_onehot_C19	positive	tjupan_bacillus_subtilis_main_0e5e92df8dafa46f	dbtbs_bsub_core_0e5e92df8dafa46f	7.295042493170265	False	15	24	+	-41.5
EMB_onehot_C19	positive	tjupan_bacillus_subtilis_main_0fcba0431054cde6	dbtbs_bsub_core_0fcba0431054cde6	8.796538131619444	False	51	60	+	-5.5
EMB_onehot_C19	positive	tjupan_bacillus_subtilis_main_103f2a1ec6daa8c4	dbtbs_bsub_core_103f2a1ec6daa8c4	6.7915524266242215	False	72	81	+	15.5
EMB_onehot_C19	positive	tjupan_bacillus_subtilis_main_1b58b9006f9baf4f	dbtbs_bsub_core_1b58b9006f9baf4f	9.450320718648179	False	25	34	-	-31.5
EMB_onehot_C19	positive	tjupan_bacillus_subtilis_main_1bc60721b4be672c	dbtbs_bsub_core_cb8975beecd17a84	7.900481932885854	False	72	81	+	15.5
EMB_onehot_C19	positive	tjupan_bacillus_subtilis_main_1eb616e060615c81	tjupan_bacillus_subtilis_main_1eb616e060615c81	3.324441013048993	False	15	24	-	-41.5
EMB_onehot_C19	positive	tjupan_bacillus_subtilis_main_2e3c51df0d86f79b	dbtbs_bsub_core_245b899eb3255120	7.120181188074862	False	16	25	+	-40.5
EMB_onehot_C19	positive	tjupan_bacillus_subtilis_main_2fc6e10224ce632e	dbtbs_bsub_core_2fc6e10224ce632e	8.09389550551477	False	3	12	+	-53.5
EMB_onehot_C19	positive	tjupan_bacillus_subtilis_main_323902b09c4af7f6	dbtbs_bsub_core_bb1d2472f35efe20	3.807775080998626	False	56	65	+	-0.5
EMB_onehot_C19	positive	tjupan_bacillus_subtilis_main_3ec8c178aa138223	tjupan_bacillus_subtilis_main_3ec8c178aa138223	7.541693469133545	False	33	42	+	-23.5
EMB_onehot_C19	positive	tjupan_bacillus_subtilis_main_409ff8a786357eb4	dbtbs_bsub_core_3e3a825c0d09de99	9.225612102272102	False	8	17	+	-48.5
EMB_onehot_C19	positive	tjupan_bacillus_subtilis_main_42074f78c0199323	dbtbs_bsub_core_42074f78c0199323	6.933406048136457	False	40	49	-	-16.5
EMB_onehot_C19	positive	tjupan_bacillus_subtilis_main_42c1909004fe3d73	tjupan_bacillus_subtilis_main_42c1909004fe3d73	9.873611265208782	True	67	76	-	10.5
EMB_onehot_C19	positive	tjupan_bacillus_subtilis_main_4a95c9a0c8c0dc5d	dbtbs_bsub_core_d38f72abf66add23	5.054355549499012	False	26	35	+	-30.5
EMB_onehot_C19	positive	tjupan_bacillus_subtilis_main_4dd4acc476485632	tjupan_bacillus_subtilis_main_4dd4acc476485632	7.14205613631327	False	71	80	+	14.5
EMB_onehot_C19	positive	tjupan_bacillus_subtilis_main_5a1a4573de4d55b3	dbtbs_bsub_core_af75962c5aaa60ac	8.032525709543993	False	29	38	-	-27.5
EMB_onehot_C19	positive	tjupan_bacillus_subtilis_main_5bcbea22526b97af	dbtbs_bsub_core_2bafb1a73b5c7300	6.170576691920908	False	30	39	-	-26.5
EMB_onehot_C19	positive	tjupan_bacillus_subtilis_main_5c9bf0eab187b5f5	dbtbs_bsub_core_93f240a64705adb6	6.253817702859744	False	38	47	+	-18.5
EMB_onehot_C19	positive	tjupan_bacillus_subtilis_main_648aef9dba1f38c4	tjupan_bacillus_subtilis_main_648aef9dba1f38c4	6.419921333695613	False	65	74	+	8.5
EMB_onehot_C19	positive	tjupan_bacillus_subtilis_main_682dcc155b9eb236	dbtbs_bsub_core_5d3712ff0aeb1916	8.186624370124365	False	14	23	+	-42.5
EMB_onehot_C19	positive	tjupan_bacillus_subtilis_main_6cf2c0e47935a8c2	dbtbs_bsub_core_6cf2c0e47935a8c2	8.410086124628627	False	16	25	+	-40.5
EMB_onehot_C19	positive	tjupan_bacillus_subtilis_main_6f5bfd2e001a2697	dbtbs_bsub_core_6f5bfd2e001a2697	9.171455767650855	False	54	63	+	-2.5
EMB_onehot_C19	positive	tjupan_bacillus_subtilis_main_6f6446b7ed912162	dbtbs_bsub_core_6f6446b7ed912162	7.7793868275333224	False	2	11	-	-54.5
EMB_onehot_C19	positive	tjupan_bacillus_subtilis_main_6fc8f7f57b8f5e9d	tjupan_bacillus_subtilis_main_6fc8f7f57b8f5e9d	9.009115362518823	False	17	26	+	-39.5
EMB_onehot_C19	positive	tjupan_bacillus_subtilis_main_72127e86172ad2be	tjupan_bacillus_subtilis_main_72127e86172ad2be	9.015600853507634	False	12	21	-	-44.5
EMB_onehot_C19	positive	tjupan_bacillus_subtilis_main_721ac29c5ef7c9f0	dbtbs_bsub_core_721ac29c5ef7c9f0	7.01489926060232	False	7	16	+	-49.5
EMB_onehot_C19	positive	tjupan_bacillus_subtilis_main_72db3945a2fcac01	tjupan_bacillus_subtilis_main_72db3945a2fcac01	9.31240081617205	False	62	71	+	5.5
EMB_onehot_C19	positive	tjupan_bacillus_subtilis_main_74379fc21a77213d	tjupan_bacillus_subtilis_main_74379fc21a77213d	8.983643788922624	False	39	48	-	-17.5
EMB_onehot_C19	positive	tjupan_bacillus_subtilis_main_79220287475133e5	dbtbs_bsub_core_79220287475133e5	5.517752358862982	False	36	45	+	-20.5
EMB_onehot_C19	positive	tjupan_bacillus_subtilis_main_7c407bebf512b5e0	tjupan_bacillus_subtilis_main_7c407bebf512b5e0	3.3886832832999265	False	56	65	+	-0.5
EMB_onehot_C19	positive	tjupan_bacillus_subtilis_main_824214e197f86545	tjupan_bacillus_subtilis_main_824214e197f86545	7.591779804000455	False	27	36	+	-29.5
EMB_onehot_C19	positive	tjupan_bacillus_subtilis_main_842f97f040946982	tjupan_bacillus_subtilis_main_842f97f040946982	7.438489093734884	False	68	77	+	11.5
EMB_onehot_C19	positive	tjupan_bacillus_subtilis_main_84cc0835204b8e58	dbtbs_bsub_core_396da27afda34e05	9.009115362518823	False	14	23	+	-42.5
EMB_onehot_C19	positive	tjupan_bacillus_subtilis_main_89e75db25f32c6c9	dbtbs_bsub_core_66a79c370c059251	4.308679781030385	False	37	46	+	-19.5
EMB_onehot_C19	positive	tjupan_bacillus_subtilis_main_8d9a62a0fbc43019	dbtbs_bsub_core_3348625232a23256	5.631236092897147	False	18	27	+	-38.5
EMB_onehot_C19	positive	tjupan_bacillus_subtilis_main_8f5b60fc07e381f2	dbtbs_bsub_core_8f5b60fc07e381f2	7.774141700368497	False	30	39	-	-26.5
EMB_onehot_C19	positive	tjupan_bacillus_subtilis_main_93a3a1679c7a73c9	tjupan_bacillus_subtilis_main_93a3a1679c7a73c9	8.502974711202278	False	65	74	+	8.5
EMB_onehot_C19	positive	tjupan_bacillus_subtilis_main_96c549f1b176b111	tjupan_bacillus_subtilis_main_96c549f1b176b111	9.762405797482883	False	30	39	-	-26.5
EMB_onehot_C19	positive	tjupan_bacillus_subtilis_main_996c93274b7d349e	tjupan_bacillus_subtilis_main_996c93274b7d349e	6.456621817826322	False	29	38	-	-27.5
EMB_onehot_C19	positive	tjupan_bacillus_subtilis_main_9996ea2b61a7fc82	tjupan_bacillus_subtilis_main_9996ea2b61a7fc82	6.221424535716107	False	38	47	+	-18.5
EMB_onehot_C19	positive	tjupan_bacillus_subtilis_main_a2ab5f161ee68a0a	tjupan_bacillus_subtilis_main_a2ab5f161ee68a0a	8.602580868160349	False	54	63	+	-2.5
EMB_onehot_C19	positive	tjupan_bacillus_subtilis_main_a2bee6d81c2dad89	dbtbs_bsub_core_a2bee6d81c2dad89	4.476514668011775	False	64	73	+	7.5
EMB_onehot_C19	positive	tjupan_bacillus_subtilis_main_a4db17c75fb94c83	dbtbs_bsub_core_8c6f4b9eba960292	8.613920596362142	False	16	25	-	-40.5
EMB_onehot_C19	positive	tjupan_bacillus_subtilis_main_a7eb317986e0a410	tjupan_bacillus_subtilis_main_a7eb317986e0a410	5.431261860820936	False	70	79	+	13.5
EMB_onehot_C19	positive	tjupan_bacillus_subtilis_main_aaf138e1b23719d3	dbtbs_bsub_core_380666e4ad2529dd	4.327255335050313	False	66	75	+	9.5
EMB_onehot_C19	positive	tjupan_bacillus_subtilis_main_af44da9eb65c9b2b	tjupan_bacillus_subtilis_main_af44da9eb65c9b2b	8.363001501801657	False	15	24	-	-41.5
EMB_onehot_C19	positive	tjupan_bacillus_subtilis_main_b541048ffbe461fc	tjupan_bacillus_subtilis_main_b541048ffbe461fc	4.307613257357989	False	29	38	-	-27.5
EMB_onehot_C19	positive	tjupan_bacillus_subtilis_main_b558e80410906098	dbtbs_bsub_core_b558e80410906098	4.298063715290936	False	7	16	-	-49.5
EMB_onehot_C19	positive	tjupan_bacillus_subtilis_main_b809758bf01da07c	tjupan_bacillus_subtilis_main_b809758bf01da07c	5.790852311319647	False	10	19	+	-46.5
EMB_onehot_C19	positive	tjupan_bacillus_subtilis_main_b86a1d8c42408cc4	tjupan_bacillus_subtilis_main_b86a1d8c42408cc4	4.680716195038223	False	46	55	-	-10.5
EMB_onehot_C19	positive	tjupan_bacillus_subtilis_main_c7551eecc12a98c1	tjupan_bacillus_subtilis_main_c7551eecc12a98c1	7.527296465790412	False	23	32	-	-33.5
EMB_onehot_C19	positive	tjupan_bacillus_subtilis_main_c897ab6e4a2d8869	tjupan_bacillus_subtilis_main_c897ab6e4a2d8869	11.590802726972782	True	1	10	+	-55.5
EMB_onehot_C19	positive	tjupan_bacillus_subtilis_main_cd9626c39ea075d5	dbtbs_bsub_core_cd9626c39ea075d5	11.403195703439916	True	17	26	+	-39.5
EMB_onehot_C19	positive	tjupan_bacillus_subtilis_main_cf013234eecd796b	dbtbs_bsub_core_700614a2577d51a9	6.412179823934408	False	12	21	+	-44.5
EMB_onehot_C19	positive	tjupan_bacillus_subtilis_main_d072d578ae627246	tjupan_bacillus_subtilis_main_d072d578ae627246	10.516981218526137	True	66	75	-	9.5
EMB_onehot_C19	positive	tjupan_bacillus_subtilis_main_d434d749686b9e33	dbtbs_bsub_core_137eff58d766cefa	9.923836683192752	True	15	24	-	-41.5
EMB_onehot_C19	positive	tjupan_bacillus_subtilis_main_d75f323535d0e96f	tjupan_bacillus_subtilis_main_d75f323535d0e96f	6.055975914378962	False	70	79	+	13.5
EMB_onehot_C19	positive	tjupan_bacillus_subtilis_main_d94f791dab569af4	dbtbs_bsub_core_e72b843a494a35db	7.124266641999759	False	23	32	-	-33.5
EMB_onehot_C19	positive	tjupan_bacillus_subtilis_main_dc95e7cdf3939931	dbtbs_bsub_core_dc95e7cdf3939931	7.812937799772528	False	68	77	-	11.5
EMB_onehot_C19	positive	tjupan_bacillus_subtilis_main_dda9e4c6372ef204	dbtbs_bsub_core_50819f6cb2562fd8	4.985122232179981	False	54	63	-	-2.5
EMB_onehot_C19	positive	tjupan_bacillus_subtilis_main_e51e63a9cb3e9467	dbtbs_bsub_core_bb482769c888cf21	9.269876170899117	False	32	41	-	-24.5
EMB_onehot_C19	positive	tjupan_bacillus_subtilis_main_e7e17b10ff25536a	tjupan_bacillus_subtilis_main_1eb616e060615c81	3.324441013048993	False	18	27	-	-38.5
EMB_onehot_C19	positive	tjupan_bacillus_subtilis_main_f2d1e33176b05430	dbtbs_bsub_core_f2d1e33176b05430	4.326921599967221	False	66	75	+	9.5
EMB_onehot_C19	positive	tjupan_bacillus_subtilis_main_fe854ef781d570c9	dbtbs_bsub_core_79142b70125d7f77	7.314038316215275	False	14	23	-	-42.5
EMB_onehot_C19	natural	tjupan_bacillus_subtilis_main_01f49032fc924b2b	tjupan_bacillus_subtilis_main_01f49032fc924b2b	3.0436466848375816	False	68	77	+	11.5
EMB_onehot_C19	natural	tjupan_bacillus_subtilis_main_0369fa5f1dde8889	tjupan_bacillus_subtilis_main_0369fa5f1dde8889	6.1533363641730965	False	65	74	+	8.5
EMB_onehot_C19	natural	tjupan_bacillus_subtilis_main_04bf0704019251eb	tjupan_bacillus_subtilis_main_04bf0704019251eb	7.277159565430227	False	17	26	+	-39.5
EMB_onehot_C19	natural	tjupan_bacillus_subtilis_main_07a43cab15901fd0	tjupan_bacillus_subtilis_main_07a43cab15901fd0	4.456930899462041	False	59	68	-	2.5
EMB_onehot_C19	natural	tjupan_bacillus_subtilis_main_0abf62f108ad9afa	tjupan_bacillus_subtilis_main_0abf62f108ad9afa	4.567403919632149	False	6	15	+	-50.5
EMB_onehot_C19	natural	tjupan_bacillus_subtilis_main_10a028761e096e6f	tjupan_bacillus_subtilis_main_10a028761e096e6f	9.080146843551903	False	68	77	+	11.5
EMB_onehot_C19	natural	tjupan_bacillus_subtilis_main_1183c551e9c3884e	tjupan_bacillus_subtilis_main_1183c551e9c3884e	4.018788282547011	False	33	42	+	-23.5
EMB_onehot_C19	natural	tjupan_bacillus_subtilis_main_11c75fe7d070d91d	tjupan_bacillus_subtilis_main_11c75fe7d070d91d	7.993457112698426	False	3	12	+	-53.5
EMB_onehot_C19	natural	tjupan_bacillus_subtilis_main_13f81edc59432f39	tjupan_bacillus_subtilis_main_13f81edc59432f39	4.087189374882142	False	23	32	+	-33.5
EMB_onehot_C19	natural	tjupan_bacillus_subtilis_main_1a1965c69595e91c	tjupan_bacillus_subtilis_main_1a1965c69595e91c	6.40515007909952	False	55	64	-	-1.5
EMB_onehot_C19	natural	tjupan_bacillus_subtilis_main_28ceb7fd6ffaf1b1	tjupan_bacillus_subtilis_main_28ceb7fd6ffaf1b1	8.32968327662899	False	19	28	+	-37.5
EMB_onehot_C19	natural	tjupan_bacillus_subtilis_main_2a691ccdd9f8cd87	tjupan_bacillus_subtilis_main_2a691ccdd9f8cd87	8.184846625709483	False	46	55	+	-10.5
EMB_onehot_C19	natural	tjupan_bacillus_subtilis_main_3095b00d206277d2	tjupan_bacillus_subtilis_main_3095b00d206277d2	5.160674315761383	False	52	61	-	-4.5
EMB_onehot_C19	natural	tjupan_bacillus_subtilis_main_33ded6bc702ab6e3	tjupan_bacillus_subtilis_main_33ded6bc702ab6e3	2.443353809462244	False	36	45	-	-20.5
EMB_onehot_C19	natural	tjupan_bacillus_subtilis_main_3b669bfd8e8ecc5c	tjupan_bacillus_subtilis_main_3b669bfd8e8ecc5c	6.209855100974868	False	19	28	-	-37.5
EMB_onehot_C19	natural	tjupan_bacillus_subtilis_main_3dfed0cfea4ace99	tjupan_bacillus_subtilis_main_3dfed0cfea4ace99	9.036438962956213	False	8	17	-	-48.5
EMB_onehot_C19	natural	tjupan_bacillus_subtilis_main_3f82397c249b4c2e	tjupan_bacillus_subtilis_main_3f82397c249b4c2e	4.930707177901447	False	46	55	-	-10.5
EMB_onehot_C19	natural	tjupan_bacillus_subtilis_main_413de94f4b4cc894	tjupan_bacillus_subtilis_main_413de94f4b4cc894	8.93279695155983	False	5	14	+	-51.5
EMB_onehot_C19	natural	tjupan_bacillus_subtilis_main_4225dc5bcf089682	tjupan_bacillus_subtilis_main_4225dc5bcf089682	10.125969233981284	True	34	43	+	-22.5
EMB_onehot_C19	natural	tjupan_bacillus_subtilis_main_43e8357a95b8acad	tjupan_bacillus_subtilis_main_43e8357a95b8acad	3.5837811133368542	False	9	18	-	-47.5
EMB_onehot_C19	natural	tjupan_bacillus_subtilis_main_44b9e66950262593	tjupan_bacillus_subtilis_main_44b9e66950262593	2.906093233168748	False	44	53	+	-12.5
EMB_onehot_C19	natural	tjupan_bacillus_subtilis_main_4600103c5e396ab7	tjupan_bacillus_subtilis_main_4600103c5e396ab7	4.980516035176318	False	15	24	+	-41.5
EMB_onehot_C19	natural	tjupan_bacillus_subtilis_main_47b01646ad818f05	tjupan_bacillus_subtilis_main_47b01646ad818f05	5.586306442879932	False	46	55	+	-10.5
EMB_onehot_C19	natural	tjupan_bacillus_subtilis_main_47f3a0ce2d4034a8	tjupan_bacillus_subtilis_main_47f3a0ce2d4034a8	7.6842748431457775	False	68	77	-	11.5
EMB_onehot_C19	natural	tjupan_bacillus_subtilis_main_4c62636643ef908e	tjupan_bacillus_subtilis_main_4c62636643ef908e	7.716544308511467	False	24	33	+	-32.5
EMB_onehot_C19	natural	tjupan_bacillus_subtilis_main_4ec6f242d8a5df5c	tjupan_bacillus_subtilis_main_4ec6f242d8a5df5c	6.596167439955928	False	12	21	+	-44.5
EMB_onehot_C19	natural	tjupan_bacillus_subtilis_main_4efdcab552f8b70d	tjupan_bacillus_subtilis_main_4efdcab552f8b70d	3.1781556765178576	False	33	42	-	-23.5
EMB_onehot_C19	natural	tjupan_bacillus_subtilis_main_51577d89c939deba	tjupan_bacillus_subtilis_main_51577d89c939deba	6.7833449527672665	False	51	60	+	-5.5
EMB_onehot_C19	natural	tjupan_bacillus_subtilis_main_52bff7f8e27d9410	tjupan_bacillus_subtilis_main_52bff7f8e27d9410	7.082890860846552	False	36	45	-	-20.5
EMB_onehot_C19	natural	tjupan_bacillus_subtilis_main_59901c21c497690b	tjupan_bacillus_subtilis_main_59901c21c497690b	7.55417684492756	False	47	56	+	-9.5
EMB_onehot_C19	natural	tjupan_bacillus_subtilis_main_5f953d4f57c1fa81	tjupan_bacillus_subtilis_main_5f953d4f57c1fa81	7.914487796555536	False	33	42	+	-23.5
EMB_onehot_C19	natural	tjupan_bacillus_subtilis_main_669f9a1f1028b036	tjupan_bacillus_subtilis_main_669f9a1f1028b036	4.104149786642067	False	44	53	-	-12.5
EMB_onehot_C19	natural	tjupan_bacillus_subtilis_main_69dc5d058d63d549	tjupan_bacillus_subtilis_main_69dc5d058d63d549	3.1502758073099826	False	12	21	-	-44.5
EMB_onehot_C19	natural	tjupan_bacillus_subtilis_main_6cfe0a7e178b1651	tjupan_bacillus_subtilis_main_6cfe0a7e178b1651	9.655407456845516	False	66	75	+	9.5
EMB_onehot_C19	natural	tjupan_bacillus_subtilis_main_705ab5e790a4610d	tjupan_bacillus_subtilis_main_705ab5e790a4610d	4.251693898623693	False	65	74	+	8.5
EMB_onehot_C19	natural	tjupan_bacillus_subtilis_main_71852833d33a5887	tjupan_bacillus_subtilis_main_71852833d33a5887	3.2456569575196514	False	9	18	-	-47.5
EMB_onehot_C19	natural	tjupan_bacillus_subtilis_main_76c86d1f05ca1d88	tjupan_bacillus_subtilis_main_76c86d1f05ca1d88	4.737570676176843	False	61	70	+	4.5
EMB_onehot_C19	natural	tjupan_bacillus_subtilis_main_777d2d2586a95fbc	tjupan_bacillus_subtilis_main_777d2d2586a95fbc	7.739970267689901	False	68	77	+	11.5
EMB_onehot_C19	natural	tjupan_bacillus_subtilis_main_7c99b9a8665786aa	tjupan_bacillus_subtilis_main_7c99b9a8665786aa	11.023591838827697	True	67	76	+	10.5
EMB_onehot_C19	natural	tjupan_bacillus_subtilis_main_82f0003647ec7740	tjupan_bacillus_subtilis_main_82f0003647ec7740	7.74875818135582	False	57	66	+	0.5
EMB_onehot_C19	natural	tjupan_bacillus_subtilis_main_8a9952e5dc8e0bd1	tjupan_bacillus_subtilis_main_8a9952e5dc8e0bd1	5.73870619101187	False	4	13	+	-52.5
EMB_onehot_C19	natural	tjupan_bacillus_subtilis_main_8c2afb751c3f9d92	tjupan_bacillus_subtilis_main_8c2afb751c3f9d92	5.735286182761635	False	27	36	+	-29.5
EMB_onehot_C19	natural	tjupan_bacillus_subtilis_main_8e1b3c58365d2bbd	tjupan_bacillus_subtilis_main_8e1b3c58365d2bbd	7.7703805027169235	False	58	67	+	1.5
EMB_onehot_C19	natural	tjupan_bacillus_subtilis_main_906140fe2a990d8e	tjupan_bacillus_subtilis_main_906140fe2a990d8e	5.529270575345575	False	68	77	+	11.5
EMB_onehot_C19	natural	tjupan_bacillus_subtilis_main_94dbc17f3078c678	tjupan_bacillus_subtilis_main_94dbc17f3078c678	6.924805966239765	False	2	11	+	-54.5
EMB_onehot_C19	natural	tjupan_bacillus_subtilis_main_9bf1d28c9aae3b2e	tjupan_bacillus_subtilis_main_9bf1d28c9aae3b2e	8.32968327662899	False	28	37	+	-28.5
EMB_onehot_C19	natural	tjupan_bacillus_subtilis_main_9cc8f38cff175da4	tjupan_bacillus_subtilis_main_9cc8f38cff175da4	4.642122022790106	False	69	78	-	12.5
EMB_onehot_C19	natural	tjupan_bacillus_subtilis_main_9cceb700e3527301	tjupan_bacillus_subtilis_main_9cceb700e3527301	4.04538206452638	False	46	55	-	-10.5
EMB_onehot_C19	natural	tjupan_bacillus_subtilis_main_9d0345f875b7552c	tjupan_bacillus_subtilis_main_9d0345f875b7552c	3.2848696711744627	False	26	35	+	-30.5
EMB_onehot_C19	natural	tjupan_bacillus_subtilis_main_a3fedb31fa6cc84b	tjupan_bacillus_subtilis_main_a3fedb31fa6cc84b	4.479292238685292	False	22	31	+	-34.5
EMB_onehot_C19	natural	tjupan_bacillus_subtilis_main_a54e7006d4699b67	tjupan_bacillus_subtilis_main_a54e7006d4699b67	4.209206812351145	False	1	10	+	-55.5
EMB_onehot_C19	natural	tjupan_bacillus_subtilis_main_aaa45c891936f972	tjupan_bacillus_subtilis_main_aaa45c891936f972	7.591574848805089	False	60	69	-	3.5
EMB_onehot_C19	natural	tjupan_bacillus_subtilis_main_aec3d55ae2f9e509	tjupan_bacillus_subtilis_main_aec3d55ae2f9e509	5.198698590165233	False	19	28	-	-37.5
EMB_onehot_C19	natural	tjupan_bacillus_subtilis_main_b0b9cfd1b442c029	tjupan_bacillus_subtilis_main_b0b9cfd1b442c029	6.263080511063301	False	9	18	+	-47.5
EMB_onehot_C19	natural	tjupan_bacillus_subtilis_main_b161f4572a371b25	tjupan_bacillus_subtilis_main_b161f4572a371b25	8.776061558236156	False	18	27	+	-38.5
EMB_onehot_C19	natural	tjupan_bacillus_subtilis_main_b3e87bd1af1ccb1a	tjupan_bacillus_subtilis_main_b3e87bd1af1ccb1a	5.273880276954236	False	12	21	+	-44.5
EMB_onehot_C19	natural	tjupan_bacillus_subtilis_main_b5ddce4bc0328e2c	tjupan_bacillus_subtilis_main_b5ddce4bc0328e2c	7.911360485495489	False	40	49	+	-16.5
EMB_onehot_C19	natural	tjupan_bacillus_subtilis_main_b9d7835496546020	tjupan_bacillus_subtilis_main_b9d7835496546020	6.074358797645483	False	20	29	-	-36.5
EMB_onehot_C19	natural	tjupan_bacillus_subtilis_main_bd36aa35d4edeb39	tjupan_bacillus_subtilis_main_bd36aa35d4edeb39	5.35881393524566	False	64	73	+	7.5
EMB_onehot_C19	natural	tjupan_bacillus_subtilis_main_c24b04311bf8b4bf	tjupan_bacillus_subtilis_main_c24b04311bf8b4bf	8.462235174424062	False	22	31	+	-34.5
EMB_onehot_C19	natural	tjupan_bacillus_subtilis_main_c981e3412d58013c	tjupan_bacillus_subtilis_main_c981e3412d58013c	2.9808387421726215	False	17	26	-	-39.5
EMB_onehot_C19	natural	tjupan_bacillus_subtilis_main_cbe667645cefe255	tjupan_bacillus_subtilis_main_cbe667645cefe255	10.736221865679227	True	28	37	+	-28.5
EMB_onehot_C19	natural	tjupan_bacillus_subtilis_main_ced7dfa7b2671e00	tjupan_bacillus_subtilis_main_ced7dfa7b2671e00	6.7833449527672665	False	26	35	+	-30.5
EMB_onehot_C19	natural	tjupan_bacillus_subtilis_main_d14a8947b06ae361	tjupan_bacillus_subtilis_main_d14a8947b06ae361	8.81823515459295	False	55	64	+	-1.5
EMB_onehot_C19	natural	tjupan_bacillus_subtilis_main_dd7d0f632ba9b25f	tjupan_bacillus_subtilis_main_dd7d0f632ba9b25f	8.79739704514437	False	15	24	+	-41.5
EMB_onehot_C19	natural	tjupan_bacillus_subtilis_main_deeb9c19c390dc19	tjupan_bacillus_subtilis_main_deeb9c19c390dc19	5.199160685800958	False	7	16	+	-49.5
EMB_onehot_C19	natural	tjupan_bacillus_subtilis_main_dfdf3a9a774b0b36	tjupan_bacillus_subtilis_main_dfdf3a9a774b0b36	8.542222603012698	False	67	76	+	10.5
EMB_onehot_C19	natural	tjupan_bacillus_subtilis_main_e05a9847e20fa44f	tjupan_bacillus_subtilis_main_e05a9847e20fa44f	8.313583069999346	False	63	72	+	6.5
EMB_onehot_C19	natural	tjupan_bacillus_subtilis_main_e09693162cd1efc7	tjupan_bacillus_subtilis_main_e09693162cd1efc7	10.002328496414597	True	70	79	+	13.5
EMB_onehot_C19	natural	tjupan_bacillus_subtilis_main_e1df7768894b7e64	tjupan_bacillus_subtilis_main_e1df7768894b7e64	3.999456709582556	False	23	32	+	-33.5
EMB_onehot_C19	natural	tjupan_bacillus_subtilis_main_e4935e5203d5f4a1	tjupan_bacillus_subtilis_main_e4935e5203d5f4a1	6.885695788478982	False	20	29	-	-36.5
EMB_onehot_C19	natural	tjupan_bacillus_subtilis_main_e71258c4630ccafd	tjupan_bacillus_subtilis_main_e71258c4630ccafd	7.938671292084134	False	30	39	-	-26.5
EMB_onehot_C19	natural	tjupan_bacillus_subtilis_main_ea6abbc438ac2020	tjupan_bacillus_subtilis_main_ea6abbc438ac2020	6.617656021698197	False	65	74	-	8.5
EMB_onehot_C19	natural	tjupan_bacillus_subtilis_main_ede46bd107484afd	tjupan_bacillus_subtilis_main_ede46bd107484afd	8.735023728627057	False	46	55	+	-10.5
EMB_onehot_C19	natural	tjupan_bacillus_subtilis_main_f0317abbf46a2fa8	tjupan_bacillus_subtilis_main_f0317abbf46a2fa8	7.9103236467056615	False	33	42	+	-23.5
EMB_onehot_C19	natural	tjupan_bacillus_subtilis_main_fe9f961ad53aca80	tjupan_bacillus_subtilis_main_fe9f961ad53aca80	11.17094173081977	True	57	66	+	0.5
EMB_onehot_C19	natural	tjupan_bacillus_subtilis_main_fffb0162887a3736	tjupan_bacillus_subtilis_main_fffb0162887a3736	1.2511349175049722	False	66	75	-	9.5
EMB_onehot_C19	shuffle	tjupan_bacillus_subtilis_main_0dc2e54e8f0778d4__dinucleotide_null	dbtbs_bsub_core_89ecb38b4ff0148f	7.2429317729667835	False	51	60	+	-5.5
EMB_onehot_C19	shuffle	tjupan_bacillus_subtilis_main_682dcc155b9eb236__dinucleotide_null	dbtbs_bsub_core_5d3712ff0aeb1916	7.724055365501587	False	27	36	+	-29.5
EMB_onehot_C19	shuffle	tjupan_bacillus_subtilis_main_f2d1e33176b05430__dinucleotide_null	dbtbs_bsub_core_f2d1e33176b05430	10.156090655812896	True	14	23	+	-42.5
EMB_onehot_C19	shuffle	tjupan_bacillus_subtilis_main_c7551eecc12a98c1__dinucleotide_null	tjupan_bacillus_subtilis_main_c7551eecc12a98c1	9.87172596298927	True	40	49	-	-16.5
EMB_onehot_C19	shuffle	tjupan_bacillus_subtilis_main_89e75db25f32c6c9__dinucleotide_null	dbtbs_bsub_core_66a79c370c059251	7.315817950784619	False	25	34	+	-31.5
EMB_onehot_C19	shuffle	tjupan_bacillus_subtilis_main_9996ea2b61a7fc82__dinucleotide_null	tjupan_bacillus_subtilis_main_9996ea2b61a7fc82	8.752096137727529	False	39	48	-	-17.5
EMB_onehot_C19	shuffle	tjupan_bacillus_subtilis_main_b86a1d8c42408cc4__dinucleotide_null	tjupan_bacillus_subtilis_main_b86a1d8c42408cc4	4.995362552733032	False	48	57	-	-8.5
EMB_onehot_C19	shuffle	tjupan_bacillus_subtilis_main_79220287475133e5__dinucleotide_null	dbtbs_bsub_core_79220287475133e5	7.049256743759374	False	45	54	+	-11.5
EMB_onehot_C19	shuffle	tjupan_bacillus_subtilis_main_a2bee6d81c2dad89__dinucleotide_null	dbtbs_bsub_core_a2bee6d81c2dad89	5.216915610715502	False	57	66	+	0.5
EMB_onehot_C19	shuffle	tjupan_bacillus_subtilis_main_103f2a1ec6daa8c4__dinucleotide_null	dbtbs_bsub_core_103f2a1ec6daa8c4	9.015600853507634	False	61	70	+	4.5
EMB_onehot_C19	shuffle	tjupan_bacillus_subtilis_main_996c93274b7d349e__dinucleotide_null	tjupan_bacillus_subtilis_main_996c93274b7d349e	4.456821020188508	False	4	13	+	-52.5
EMB_onehot_C19	shuffle	tjupan_bacillus_subtilis_main_7c407bebf512b5e0__dinucleotide_null	tjupan_bacillus_subtilis_main_7c407bebf512b5e0	6.5532127905644755	False	59	68	+	2.5
EMB_onehot_C19	shuffle	tjupan_bacillus_subtilis_main_842f97f040946982__dinucleotide_null	tjupan_bacillus_subtilis_main_842f97f040946982	10.500881011896494	True	37	46	+	-19.5
EMB_onehot_C19	shuffle	tjupan_bacillus_subtilis_main_42c1909004fe3d73__dinucleotide_null	tjupan_bacillus_subtilis_main_42c1909004fe3d73	5.723527013912864	False	25	34	-	-31.5
EMB_onehot_C19	shuffle	tjupan_bacillus_subtilis_main_42074f78c0199323__dinucleotide_null	dbtbs_bsub_core_42074f78c0199323	4.478579147136011	False	60	69	-	3.5
EMB_onehot_C19	shuffle	tjupan_bacillus_subtilis_main_72127e86172ad2be__dinucleotide_null	tjupan_bacillus_subtilis_main_72127e86172ad2be	8.67589566286135	False	12	21	-	-44.5
EMB_onehot_C19	shuffle	tjupan_bacillus_subtilis_main_d072d578ae627246__dinucleotide_null	tjupan_bacillus_subtilis_main_d072d578ae627246	5.821797303838823	False	34	43	-	-22.5
EMB_onehot_C19	shuffle	tjupan_bacillus_subtilis_main_a2ab5f161ee68a0a__dinucleotide_null	tjupan_bacillus_subtilis_main_a2ab5f161ee68a0a	4.7686254924267	False	27	36	-	-29.5
EMB_onehot_C19	shuffle	tjupan_bacillus_subtilis_main_3ec8c178aa138223__dinucleotide_null	tjupan_bacillus_subtilis_main_3ec8c178aa138223	9.267958822280136	False	22	31	+	-34.5
EMB_onehot_C19	shuffle	tjupan_bacillus_subtilis_main_824214e197f86545__dinucleotide_null	tjupan_bacillus_subtilis_main_824214e197f86545	4.665822864308594	False	46	55	+	-10.5
EMB_onehot_C19	shuffle	tjupan_bacillus_subtilis_main_721ac29c5ef7c9f0__dinucleotide_null	dbtbs_bsub_core_721ac29c5ef7c9f0	7.339421835227953	False	71	80	+	14.5
EMB_onehot_C19	shuffle	tjupan_bacillus_subtilis_main_a7eb317986e0a410__dinucleotide_null	tjupan_bacillus_subtilis_main_a7eb317986e0a410	9.632488356401414	False	12	21	-	-44.5
EMB_onehot_C19	shuffle	tjupan_bacillus_subtilis_main_6cf2c0e47935a8c2__dinucleotide_null	dbtbs_bsub_core_6cf2c0e47935a8c2	7.023774500936006	False	20	29	+	-36.5
EMB_onehot_C19	shuffle	tjupan_bacillus_subtilis_main_cd9626c39ea075d5__dinucleotide_null	dbtbs_bsub_core_cd9626c39ea075d5	6.062195365769318	False	50	59	+	-6.5
EMB_onehot_C19	shuffle	tjupan_bacillus_subtilis_main_4a95c9a0c8c0dc5d__dinucleotide_null	dbtbs_bsub_core_d38f72abf66add23	5.460331975927854	False	28	37	+	-28.5
EMB_onehot_C19	shuffle	tjupan_bacillus_subtilis_main_323902b09c4af7f6__dinucleotide_null	dbtbs_bsub_core_bb1d2472f35efe20	5.2582554333233755	False	6	15	+	-50.5
EMB_onehot_C19	shuffle	tjupan_bacillus_subtilis_main_dda9e4c6372ef204__dinucleotide_null	dbtbs_bsub_core_50819f6cb2562fd8	5.831537276790074	False	5	14	-	-51.5
EMB_onehot_C19	shuffle	tjupan_bacillus_subtilis_main_6fc8f7f57b8f5e9d__dinucleotide_null	tjupan_bacillus_subtilis_main_6fc8f7f57b8f5e9d	9.730924213820233	False	70	79	+	13.5
EMB_onehot_C19	shuffle	tjupan_bacillus_subtilis_main_84cc0835204b8e58__dinucleotide_null	dbtbs_bsub_core_396da27afda34e05	3.4933246844939476	False	66	75	+	9.5
EMB_onehot_C19	shuffle	tjupan_bacillus_subtilis_main_c897ab6e4a2d8869__dinucleotide_null	tjupan_bacillus_subtilis_main_c897ab6e4a2d8869	5.6408645782604365	False	10	19	-	-46.5
EMB_onehot_C19	shuffle	tjupan_bacillus_subtilis_main_1b58b9006f9baf4f__dinucleotide_null	dbtbs_bsub_core_1b58b9006f9baf4f	7.501912946777735	False	22	31	+	-34.5
EMB_onehot_C19	shuffle	tjupan_bacillus_subtilis_main_5bcbea22526b97af__dinucleotide_null	dbtbs_bsub_core_2bafb1a73b5c7300	4.884191269344174	False	67	76	+	10.5
EMB_onehot_C19	shuffle	tjupan_bacillus_subtilis_main_e51e63a9cb3e9467__dinucleotide_null	dbtbs_bsub_core_bb482769c888cf21	6.249788791550874	False	48	57	-	-8.5
EMB_onehot_C19	shuffle	tjupan_bacillus_subtilis_main_b558e80410906098__dinucleotide_null	dbtbs_bsub_core_b558e80410906098	5.317474060824711	False	27	36	-	-29.5
EMB_onehot_C19	shuffle	tjupan_bacillus_subtilis_main_dc95e7cdf3939931__dinucleotide_null	dbtbs_bsub_core_dc95e7cdf3939931	5.352166186704459	False	59	68	-	2.5
EMB_onehot_C19	shuffle	tjupan_bacillus_subtilis_main_cf013234eecd796b__dinucleotide_null	dbtbs_bsub_core_700614a2577d51a9	5.631236092897147	False	34	43	+	-22.5
EMB_onehot_C19	shuffle	tjupan_bacillus_subtilis_main_b541048ffbe461fc__dinucleotide_null	tjupan_bacillus_subtilis_main_b541048ffbe461fc	7.395670924594121	False	60	69	-	3.5
EMB_onehot_C19	shuffle	tjupan_bacillus_subtilis_main_0b4e887f7ea9c424__dinucleotide_null	dbtbs_bsub_core_0b4e887f7ea9c424	4.604350568188178	False	15	24	+	-41.5
EMB_onehot_C19	shuffle	tjupan_bacillus_subtilis_main_93a3a1679c7a73c9__dinucleotide_null	tjupan_bacillus_subtilis_main_93a3a1679c7a73c9	5.957613103081868	False	72	81	-	15.5
EMB_onehot_C19	shuffle	tjupan_bacillus_subtilis_main_e7e17b10ff25536a__dinucleotide_null	tjupan_bacillus_subtilis_main_1eb616e060615c81	6.589783899207218	False	35	44	-	-21.5
EMB_onehot_C19	shuffle	tjupan_bacillus_subtilis_main_d94f791dab569af4__dinucleotide_null	dbtbs_bsub_core_e72b843a494a35db	6.284037848502049	False	52	61	-	-4.5
EMB_onehot_C19	shuffle	tjupan_bacillus_subtilis_main_d75f323535d0e96f__dinucleotide_null	tjupan_bacillus_subtilis_main_d75f323535d0e96f	5.981706791979758	False	20	29	+	-36.5
EMB_onehot_C19	shuffle	tjupan_bacillus_subtilis_main_74379fc21a77213d__dinucleotide_null	tjupan_bacillus_subtilis_main_74379fc21a77213d	4.994364974537507	False	37	46	-	-19.5
EMB_onehot_C19	shuffle	tjupan_bacillus_subtilis_main_6f5bfd2e001a2697__dinucleotide_null	dbtbs_bsub_core_6f5bfd2e001a2697	9.030423440952417	False	56	65	-	-0.5
EMB_onehot_C19	shuffle	tjupan_bacillus_subtilis_main_1eb616e060615c81__dinucleotide_null	tjupan_bacillus_subtilis_main_1eb616e060615c81	4.903185476951427	False	26	35	-	-30.5
EMB_onehot_C19	shuffle	tjupan_bacillus_subtilis_main_409ff8a786357eb4__dinucleotide_null	dbtbs_bsub_core_3e3a825c0d09de99	4.467301987793131	False	25	34	-	-31.5
EMB_onehot_C19	shuffle	tjupan_bacillus_subtilis_main_1bc60721b4be672c__dinucleotide_null	dbtbs_bsub_core_cb8975beecd17a84	10.210023421018462	True	47	56	+	-9.5
EMB_onehot_C19	shuffle	tjupan_bacillus_subtilis_main_af44da9eb65c9b2b__dinucleotide_null	tjupan_bacillus_subtilis_main_af44da9eb65c9b2b	7.911533609146729	False	12	21	+	-44.5
EMB_onehot_C19	shuffle	tjupan_bacillus_subtilis_main_8f5b60fc07e381f2__dinucleotide_null	dbtbs_bsub_core_8f5b60fc07e381f2	7.050533600435171	False	27	36	+	-29.5
EMB_onehot_C19	shuffle	tjupan_bacillus_subtilis_main_5c9bf0eab187b5f5__dinucleotide_null	dbtbs_bsub_core_93f240a64705adb6	4.879260040596489	False	15	24	+	-41.5
EMB_onehot_C19	shuffle	tjupan_bacillus_subtilis_main_aaf138e1b23719d3__dinucleotide_null	dbtbs_bsub_core_380666e4ad2529dd	6.104752057441721	False	25	34	-	-31.5
EMB_onehot_C19	shuffle	tjupan_bacillus_subtilis_main_0fcba0431054cde6__dinucleotide_null	dbtbs_bsub_core_0fcba0431054cde6	5.339767946363862	False	22	31	-	-34.5
EMB_onehot_C19	shuffle	tjupan_bacillus_subtilis_main_6f6446b7ed912162__dinucleotide_null	dbtbs_bsub_core_6f6446b7ed912162	6.924805966239766	False	33	42	-	-23.5
EMB_onehot_C19	shuffle	tjupan_bacillus_subtilis_main_d434d749686b9e33__dinucleotide_null	dbtbs_bsub_core_137eff58d766cefa	3.0010663072759702	False	60	69	+	3.5
EMB_onehot_C19	shuffle	tjupan_bacillus_subtilis_main_96c549f1b176b111__dinucleotide_null	tjupan_bacillus_subtilis_main_96c549f1b176b111	5.487237933694295	False	34	43	-	-22.5
EMB_onehot_C19	shuffle	tjupan_bacillus_subtilis_main_a4db17c75fb94c83__dinucleotide_null	dbtbs_bsub_core_8c6f4b9eba960292	6.458129036514211	False	39	48	-	-17.5
EMB_onehot_C19	shuffle	tjupan_bacillus_subtilis_main_0e5e92df8dafa46f__dinucleotide_null	dbtbs_bsub_core_0e5e92df8dafa46f	5.436296623327178	False	58	67	+	1.5
EMB_onehot_C19	shuffle	tjupan_bacillus_subtilis_main_089b35a135bf8797__dinucleotide_null	tjupan_bacillus_subtilis_main_089b35a135bf8797	8.83330160897382	False	63	72	+	6.5
EMB_onehot_C19	shuffle	tjupan_bacillus_subtilis_main_2e3c51df0d86f79b__dinucleotide_null	dbtbs_bsub_core_245b899eb3255120	7.872086821874009	False	9	18	+	-47.5
EMB_onehot_C19	shuffle	tjupan_bacillus_subtilis_main_648aef9dba1f38c4__dinucleotide_null	tjupan_bacillus_subtilis_main_648aef9dba1f38c4	8.14040463181757	False	38	47	+	-18.5
EMB_onehot_C19	shuffle	tjupan_bacillus_subtilis_main_b809758bf01da07c__dinucleotide_null	tjupan_bacillus_subtilis_main_b809758bf01da07c	6.835994420516134	False	50	59	-	-6.5
EMB_onehot_C19	shuffle	tjupan_bacillus_subtilis_main_72db3945a2fcac01__dinucleotide_null	tjupan_bacillus_subtilis_main_72db3945a2fcac01	5.843991557406055	False	5	14	+	-51.5
EMB_onehot_C19	shuffle	tjupan_bacillus_subtilis_main_8d9a62a0fbc43019__dinucleotide_null	dbtbs_bsub_core_3348625232a23256	4.985122232179981	False	16	25	-	-40.5
EMB_onehot_C19	shuffle	tjupan_bacillus_subtilis_main_2fc6e10224ce632e__dinucleotide_null	dbtbs_bsub_core_2fc6e10224ce632e	9.29348005534245	False	40	49	+	-16.5
EMB_onehot_C19	shuffle	tjupan_bacillus_subtilis_main_4dd4acc476485632__dinucleotide_null	tjupan_bacillus_subtilis_main_4dd4acc476485632	9.741474786824709	False	24	33	-	-32.5
EMB_onehot_C19	shuffle	tjupan_bacillus_subtilis_main_5a1a4573de4d55b3__dinucleotide_null	dbtbs_bsub_core_af75962c5aaa60ac	6.394619452028782	False	31	40	+	-25.5
EMB_onehot_C19	shuffle	tjupan_bacillus_subtilis_main_fe854ef781d570c9__dinucleotide_null	dbtbs_bsub_core_79142b70125d7f77	7.01489926060232	False	43	52	+	-13.5
EMB_onehot_C20	positive	tjupan_bacillus_subtilis_main_089b35a135bf8797	tjupan_bacillus_subtilis_main_089b35a135bf8797	5.419790712781566	False	47	56	+	-9.5
EMB_onehot_C20	positive	tjupan_bacillus_subtilis_main_0b4e887f7ea9c424	dbtbs_bsub_core_0b4e887f7ea9c424	8.803890516141616	True	42	51	+	-14.5
EMB_onehot_C20	positive	tjupan_bacillus_subtilis_main_0dc2e54e8f0778d4	dbtbs_bsub_core_89ecb38b4ff0148f	7.481697692636789	False	60	69	+	3.5
EMB_onehot_C20	positive	tjupan_bacillus_subtilis_main_0e5e92df8dafa46f	dbtbs_bsub_core_0e5e92df8dafa46f	6.168731137249562	False	47	56	+	-9.5
EMB_onehot_C20	positive	tjupan_bacillus_subtilis_main_0fcba0431054cde6	dbtbs_bsub_core_0fcba0431054cde6	7.383960774329249	False	69	78	+	12.5
EMB_onehot_C20	positive	tjupan_bacillus_subtilis_main_103f2a1ec6daa8c4	dbtbs_bsub_core_103f2a1ec6daa8c4	6.009765489298554	False	5	14	-	-51.5
EMB_onehot_C20	positive	tjupan_bacillus_subtilis_main_1b58b9006f9baf4f	dbtbs_bsub_core_1b58b9006f9baf4f	3.984626733495242	False	3	12	+	-53.5
EMB_onehot_C20	positive	tjupan_bacillus_subtilis_main_1bc60721b4be672c	dbtbs_bsub_core_cb8975beecd17a84	8.453799272248078	False	15	24	-	-41.5
EMB_onehot_C20	positive	tjupan_bacillus_subtilis_main_1eb616e060615c81	tjupan_bacillus_subtilis_main_1eb616e060615c81	5.535860595495869	False	60	69	-	3.5
EMB_onehot_C20	positive	tjupan_bacillus_subtilis_main_2e3c51df0d86f79b	dbtbs_bsub_core_245b899eb3255120	5.5177200583757955	False	11	20	+	-45.5
EMB_onehot_C20	positive	tjupan_bacillus_subtilis_main_2fc6e10224ce632e	dbtbs_bsub_core_2fc6e10224ce632e	4.449903861044076	False	48	57	+	-8.5
EMB_onehot_C20	positive	tjupan_bacillus_subtilis_main_323902b09c4af7f6	dbtbs_bsub_core_bb1d2472f35efe20	8.746376785936137	True	47	56	+	-9.5
EMB_onehot_C20	positive	tjupan_bacillus_subtilis_main_3ec8c178aa138223	tjupan_bacillus_subtilis_main_3ec8c178aa138223	8.992401029350438	True	33	42	-	-23.5
EMB_onehot_C20	positive	tjupan_bacillus_subtilis_main_409ff8a786357eb4	dbtbs_bsub_core_3e3a825c0d09de99	6.083723551141714	False	46	55	+	-10.5
EMB_onehot_C20	positive	tjupan_bacillus_subtilis_main_42074f78c0199323	dbtbs_bsub_core_42074f78c0199323	8.861032817620934	True	49	58	-	-7.5
EMB_onehot_C20	positive	tjupan_bacillus_subtilis_main_42c1909004fe3d73	tjupan_bacillus_subtilis_main_42c1909004fe3d73	3.469004987210683	False	4	13	-	-52.5
EMB_onehot_C20	positive	tjupan_bacillus_subtilis_main_4a95c9a0c8c0dc5d	dbtbs_bsub_core_d38f72abf66add23	6.785864912736577	False	49	58	+	-7.5
EMB_onehot_C20	positive	tjupan_bacillus_subtilis_main_4dd4acc476485632	tjupan_bacillus_subtilis_main_4dd4acc476485632	8.397581194356787	False	29	38	+	-27.5
EMB_onehot_C20	positive	tjupan_bacillus_subtilis_main_5a1a4573de4d55b3	dbtbs_bsub_core_af75962c5aaa60ac	7.560526961149615	False	48	57	-	-8.5
EMB_onehot_C20	positive	tjupan_bacillus_subtilis_main_5bcbea22526b97af	dbtbs_bsub_core_2bafb1a73b5c7300	6.178801549452218	False	14	23	+	-42.5
EMB_onehot_C20	positive	tjupan_bacillus_subtilis_main_5c9bf0eab187b5f5	dbtbs_bsub_core_93f240a64705adb6	6.204148317799186	False	49	58	+	-7.5
EMB_onehot_C20	positive	tjupan_bacillus_subtilis_main_648aef9dba1f38c4	tjupan_bacillus_subtilis_main_648aef9dba1f38c4	6.009765489298554	False	7	16	-	-49.5
EMB_onehot_C20	positive	tjupan_bacillus_subtilis_main_682dcc155b9eb236	dbtbs_bsub_core_5d3712ff0aeb1916	5.692189079992338	False	65	74	+	8.5
EMB_onehot_C20	positive	tjupan_bacillus_subtilis_main_6cf2c0e47935a8c2	dbtbs_bsub_core_6cf2c0e47935a8c2	7.682656147333154	False	29	38	-	-27.5
EMB_onehot_C20	positive	tjupan_bacillus_subtilis_main_6f5bfd2e001a2697	dbtbs_bsub_core_6f5bfd2e001a2697	5.766917680957045	False	27	36	-	-29.5
EMB_onehot_C20	positive	tjupan_bacillus_subtilis_main_6f6446b7ed912162	dbtbs_bsub_core_6f6446b7ed912162	8.759394500990709	True	17	26	-	-39.5
EMB_onehot_C20	positive	tjupan_bacillus_subtilis_main_6fc8f7f57b8f5e9d	tjupan_bacillus_subtilis_main_6fc8f7f57b8f5e9d	2.57183324163446	False	20	29	+	-36.5
EMB_onehot_C20	positive	tjupan_bacillus_subtilis_main_72127e86172ad2be	tjupan_bacillus_subtilis_main_72127e86172ad2be	9.341196620929786	True	49	58	+	-7.5
EMB_onehot_C20	positive	tjupan_bacillus_subtilis_main_721ac29c5ef7c9f0	dbtbs_bsub_core_721ac29c5ef7c9f0	5.795187120524195	False	46	55	+	-10.5
EMB_onehot_C20	positive	tjupan_bacillus_subtilis_main_72db3945a2fcac01	tjupan_bacillus_subtilis_main_72db3945a2fcac01	4.838238491068249	False	64	73	-	7.5
EMB_onehot_C20	positive	tjupan_bacillus_subtilis_main_74379fc21a77213d	tjupan_bacillus_subtilis_main_74379fc21a77213d	8.397581194356787	False	47	56	+	-9.5
EMB_onehot_C20	positive	tjupan_bacillus_subtilis_main_79220287475133e5	dbtbs_bsub_core_79220287475133e5	5.966603153723469	False	68	77	+	11.5
EMB_onehot_C20	positive	tjupan_bacillus_subtilis_main_7c407bebf512b5e0	tjupan_bacillus_subtilis_main_7c407bebf512b5e0	6.455597726592884	False	16	25	-	-40.5
EMB_onehot_C20	positive	tjupan_bacillus_subtilis_main_824214e197f86545	tjupan_bacillus_subtilis_main_824214e197f86545	8.99959013882462	True	51	60	-	-5.5
EMB_onehot_C20	positive	tjupan_bacillus_subtilis_main_842f97f040946982	tjupan_bacillus_subtilis_main_842f97f040946982	6.562460940736251	False	59	68	+	2.5
EMB_onehot_C20	positive	tjupan_bacillus_subtilis_main_84cc0835204b8e58	dbtbs_bsub_core_396da27afda34e05	5.725092097288906	False	58	67	+	1.5
EMB_onehot_C20	positive	tjupan_bacillus_subtilis_main_89e75db25f32c6c9	dbtbs_bsub_core_66a79c370c059251	5.833326973452193	False	3	12	-	-53.5
EMB_onehot_C20	positive	tjupan_bacillus_subtilis_main_8d9a62a0fbc43019	dbtbs_bsub_core_3348625232a23256	7.659832094537243	False	30	39	-	-26.5
EMB_onehot_C20	positive	tjupan_bacillus_subtilis_main_8f5b60fc07e381f2	dbtbs_bsub_core_8f5b60fc07e381f2	3.9985573781441968	False	37	46	-	-19.5
EMB_onehot_C20	positive	tjupan_bacillus_subtilis_main_93a3a1679c7a73c9	tjupan_bacillus_subtilis_main_93a3a1679c7a73c9	5.295674190092709	False	9	18	+	-47.5
EMB_onehot_C20	positive	tjupan_bacillus_subtilis_main_96c549f1b176b111	tjupan_bacillus_subtilis_main_96c549f1b176b111	7.836508534827166	False	47	56	+	-9.5
EMB_onehot_C20	positive	tjupan_bacillus_subtilis_main_996c93274b7d349e	tjupan_bacillus_subtilis_main_996c93274b7d349e	8.23833310060159	False	48	57	+	-8.5
EMB_onehot_C20	positive	tjupan_bacillus_subtilis_main_9996ea2b61a7fc82	tjupan_bacillus_subtilis_main_9996ea2b61a7fc82	4.780245442628293	False	47	56	+	-9.5
EMB_onehot_C20	positive	tjupan_bacillus_subtilis_main_a2ab5f161ee68a0a	tjupan_bacillus_subtilis_main_a2ab5f161ee68a0a	4.100360065175243	False	47	56	+	-9.5
EMB_onehot_C20	positive	tjupan_bacillus_subtilis_main_a2bee6d81c2dad89	dbtbs_bsub_core_a2bee6d81c2dad89	4.729269037676514	False	50	59	-	-6.5
EMB_onehot_C20	positive	tjupan_bacillus_subtilis_main_a4db17c75fb94c83	dbtbs_bsub_core_8c6f4b9eba960292	5.287136135998166	False	50	59	-	-6.5
EMB_onehot_C20	positive	tjupan_bacillus_subtilis_main_a7eb317986e0a410	tjupan_bacillus_subtilis_main_a7eb317986e0a410	9.353422923263045	True	48	57	+	-8.5
EMB_onehot_C20	positive	tjupan_bacillus_subtilis_main_aaf138e1b23719d3	dbtbs_bsub_core_380666e4ad2529dd	6.6486453049126695	False	47	56	+	-9.5
EMB_onehot_C20	positive	tjupan_bacillus_subtilis_main_af44da9eb65c9b2b	tjupan_bacillus_subtilis_main_af44da9eb65c9b2b	7.000378525208021	False	2	11	+	-54.5
EMB_onehot_C20	positive	tjupan_bacillus_subtilis_main_b541048ffbe461fc	tjupan_bacillus_subtilis_main_b541048ffbe461fc	6.943824516033795	False	18	27	-	-38.5
EMB_onehot_C20	positive	tjupan_bacillus_subtilis_main_b558e80410906098	dbtbs_bsub_core_b558e80410906098	6.68225438651236	False	67	76	-	10.5
EMB_onehot_C20	positive	tjupan_bacillus_subtilis_main_b809758bf01da07c	tjupan_bacillus_subtilis_main_b809758bf01da07c	6.841931739867714	False	3	12	+	-53.5
EMB_onehot_C20	positive	tjupan_bacillus_subtilis_main_b86a1d8c42408cc4	tjupan_bacillus_subtilis_main_b86a1d8c42408cc4	5.591678120218955	False	52	61	-	-4.5
EMB_onehot_C20	positive	tjupan_bacillus_subtilis_main_c7551eecc12a98c1	tjupan_bacillus_subtilis_main_c7551eecc12a98c1	9.34836723566073	True	1	10	-	-55.5
EMB_onehot_C20	positive	tjupan_bacillus_subtilis_main_c897ab6e4a2d8869	tjupan_bacillus_subtilis_main_c897ab6e4a2d8869	6.083723551141714	False	55	64	+	-1.5
EMB_onehot_C20	positive	tjupan_bacillus_subtilis_main_cd9626c39ea075d5	dbtbs_bsub_core_cd9626c39ea075d5	6.5931449798351665	False	9	18	+	-47.5
EMB_onehot_C20	positive	tjupan_bacillus_subtilis_main_cf013234eecd796b	dbtbs_bsub_core_700614a2577d51a9	5.104536921327379	False	55	64	+	-1.5
EMB_onehot_C20	positive	tjupan_bacillus_subtilis_main_d072d578ae627246	tjupan_bacillus_subtilis_main_d072d578ae627246	2.2848279230803326	False	27	36	+	-29.5
EMB_onehot_C20	positive	tjupan_bacillus_subtilis_main_d434d749686b9e33	dbtbs_bsub_core_137eff58d766cefa	6.866507608392546	False	47	56	+	-9.5
EMB_onehot_C20	positive	tjupan_bacillus_subtilis_main_d75f323535d0e96f	tjupan_bacillus_subtilis_main_d75f323535d0e96f	9.878690795233574	True	56	65	-	-0.5
EMB_onehot_C20	positive	tjupan_bacillus_subtilis_main_d94f791dab569af4	dbtbs_bsub_core_e72b843a494a35db	5.199968715978236	False	55	64	+	-1.5
EMB_onehot_C20	positive	tjupan_bacillus_subtilis_main_dc95e7cdf3939931	dbtbs_bsub_core_dc95e7cdf3939931	4.445992648645832	False	48	57	-	-8.5
EMB_onehot_C20	positive	tjupan_bacillus_subtilis_main_dda9e4c6372ef204	dbtbs_bsub_core_50819f6cb2562fd8	5.39160156566172	False	49	58	+	-7.5
EMB_onehot_C20	positive	tjupan_bacillus_subtilis_main_e51e63a9cb3e9467	dbtbs_bsub_core_bb482769c888cf21	4.395731216901782	False	48	57	+	-8.5
EMB_onehot_C20	positive	tjupan_bacillus_subtilis_main_e7e17b10ff25536a	tjupan_bacillus_subtilis_main_1eb616e060615c81	5.535860595495869	False	63	72	-	6.5
EMB_onehot_C20	positive	tjupan_bacillus_subtilis_main_f2d1e33176b05430	dbtbs_bsub_core_f2d1e33176b05430	8.42639916785468	False	52	61	+	-4.5
EMB_onehot_C20	positive	tjupan_bacillus_subtilis_main_fe854ef781d570c9	dbtbs_bsub_core_79142b70125d7f77	5.023227045335329	False	46	55	+	-10.5
EMB_onehot_C20	natural	tjupan_bacillus_subtilis_main_01f49032fc924b2b	tjupan_bacillus_subtilis_main_01f49032fc924b2b	4.1502012797168195	False	11	20	+	-45.5
EMB_onehot_C20	natural	tjupan_bacillus_subtilis_main_0369fa5f1dde8889	tjupan_bacillus_subtilis_main_0369fa5f1dde8889	4.772753396804712	False	25	34	-	-31.5
EMB_onehot_C20	natural	tjupan_bacillus_subtilis_main_04bf0704019251eb	tjupan_bacillus_subtilis_main_04bf0704019251eb	2.6209050676447356	False	51	60	+	-5.5
EMB_onehot_C20	natural	tjupan_bacillus_subtilis_main_07a43cab15901fd0	tjupan_bacillus_subtilis_main_07a43cab15901fd0	3.799557429458758	False	2	11	+	-54.5
EMB_onehot_C20	natural	tjupan_bacillus_subtilis_main_0abf62f108ad9afa	tjupan_bacillus_subtilis_main_0abf62f108ad9afa	2.254174558515661	False	34	43	-	-22.5
EMB_onehot_C20	natural	tjupan_bacillus_subtilis_main_10a028761e096e6f	tjupan_bacillus_subtilis_main_10a028761e096e6f	5.71343689606341	False	23	32	-	-33.5
EMB_onehot_C20	natural	tjupan_bacillus_subtilis_main_1183c551e9c3884e	tjupan_bacillus_subtilis_main_1183c551e9c3884e	4.138101509241837	False	17	26	-	-39.5
EMB_onehot_C20	natural	tjupan_bacillus_subtilis_main_11c75fe7d070d91d	tjupan_bacillus_subtilis_main_11c75fe7d070d91d	3.284317364323592	False	1	10	+	-55.5
EMB_onehot_C20	natural	tjupan_bacillus_subtilis_main_13f81edc59432f39	tjupan_bacillus_subtilis_main_13f81edc59432f39	2.616555704153189	False	55	64	-	-1.5
EMB_onehot_C20	natural	tjupan_bacillus_subtilis_main_1a1965c69595e91c	tjupan_bacillus_subtilis_main_1a1965c69595e91c	4.790093005963451	False	25	34	-	-31.5
EMB_onehot_C20	natural	tjupan_bacillus_subtilis_main_28ceb7fd6ffaf1b1	tjupan_bacillus_subtilis_main_28ceb7fd6ffaf1b1	5.402226063830482	False	11	20	+	-45.5
EMB_onehot_C20	natural	tjupan_bacillus_subtilis_main_2a691ccdd9f8cd87	tjupan_bacillus_subtilis_main_2a691ccdd9f8cd87	6.493829424220847	False	18	27	+	-38.5
EMB_onehot_C20	natural	tjupan_bacillus_subtilis_main_3095b00d206277d2	tjupan_bacillus_subtilis_main_3095b00d206277d2	5.393365175161365	False	48	57	+	-8.5
EMB_onehot_C20	natural	tjupan_bacillus_subtilis_main_33ded6bc702ab6e3	tjupan_bacillus_subtilis_main_33ded6bc702ab6e3	2.902438207975684	False	31	40	+	-25.5
EMB_onehot_C20	natural	tjupan_bacillus_subtilis_main_3b669bfd8e8ecc5c	tjupan_bacillus_subtilis_main_3b669bfd8e8ecc5c	3.9821678219238517	False	44	53	-	-12.5
EMB_onehot_C20	natural	tjupan_bacillus_subtilis_main_3dfed0cfea4ace99	tjupan_bacillus_subtilis_main_3dfed0cfea4ace99	5.11482574944772	False	67	76	+	10.5
EMB_onehot_C20	natural	tjupan_bacillus_subtilis_main_3f82397c249b4c2e	tjupan_bacillus_subtilis_main_3f82397c249b4c2e	5.586226750757127	False	6	15	+	-50.5
EMB_onehot_C20	natural	tjupan_bacillus_subtilis_main_413de94f4b4cc894	tjupan_bacillus_subtilis_main_413de94f4b4cc894	10.6224338157551	True	70	79	-	13.5
EMB_onehot_C20	natural	tjupan_bacillus_subtilis_main_4225dc5bcf089682	tjupan_bacillus_subtilis_main_4225dc5bcf089682	8.320161639621167	False	4	13	-	-52.5
EMB_onehot_C20	natural	tjupan_bacillus_subtilis_main_43e8357a95b8acad	tjupan_bacillus_subtilis_main_43e8357a95b8acad	4.030893557193552	False	44	53	+	-12.5
EMB_onehot_C20	natural	tjupan_bacillus_subtilis_main_44b9e66950262593	tjupan_bacillus_subtilis_main_44b9e66950262593	3.7932857024443662	False	70	79	+	13.5
EMB_onehot_C20	natural	tjupan_bacillus_subtilis_main_4600103c5e396ab7	tjupan_bacillus_subtilis_main_4600103c5e396ab7	9.988664361647372	True	49	58	-	-7.5
EMB_onehot_C20	natural	tjupan_bacillus_subtilis_main_47b01646ad818f05	tjupan_bacillus_subtilis_main_47b01646ad818f05	3.148879707360435	False	38	47	+	-18.5
EMB_onehot_C20	natural	tjupan_bacillus_subtilis_main_47f3a0ce2d4034a8	tjupan_bacillus_subtilis_main_47f3a0ce2d4034a8	-0.6960340551910236	False	29	38	-	-27.5
EMB_onehot_C20	natural	tjupan_bacillus_subtilis_main_4c62636643ef908e	tjupan_bacillus_subtilis_main_4c62636643ef908e	6.174385622912552	False	10	19	+	-46.5
EMB_onehot_C20	natural	tjupan_bacillus_subtilis_main_4ec6f242d8a5df5c	tjupan_bacillus_subtilis_main_4ec6f242d8a5df5c	4.779488563597344	False	4	13	-	-52.5
EMB_onehot_C20	natural	tjupan_bacillus_subtilis_main_4efdcab552f8b70d	tjupan_bacillus_subtilis_main_4efdcab552f8b70d	2.329315021328952	False	64	73	-	7.5
EMB_onehot_C20	natural	tjupan_bacillus_subtilis_main_51577d89c939deba	tjupan_bacillus_subtilis_main_51577d89c939deba	6.500476508522701	False	14	23	+	-42.5
EMB_onehot_C20	natural	tjupan_bacillus_subtilis_main_52bff7f8e27d9410	tjupan_bacillus_subtilis_main_52bff7f8e27d9410	4.730105665070775	False	36	45	+	-20.5
EMB_onehot_C20	natural	tjupan_bacillus_subtilis_main_59901c21c497690b	tjupan_bacillus_subtilis_main_59901c21c497690b	6.68225438651236	False	10	19	-	-46.5
EMB_onehot_C20	natural	tjupan_bacillus_subtilis_main_5f953d4f57c1fa81	tjupan_bacillus_subtilis_main_5f953d4f57c1fa81	3.8572082821357228	False	5	14	-	-51.5
EMB_onehot_C20	natural	tjupan_bacillus_subtilis_main_669f9a1f1028b036	tjupan_bacillus_subtilis_main_669f9a1f1028b036	3.6438858386357658	False	64	73	+	7.5
EMB_onehot_C20	natural	tjupan_bacillus_subtilis_main_69dc5d058d63d549	tjupan_bacillus_subtilis_main_69dc5d058d63d549	6.039559656118216	False	60	69	-	3.5
EMB_onehot_C20	natural	tjupan_bacillus_subtilis_main_6cfe0a7e178b1651	tjupan_bacillus_subtilis_main_6cfe0a7e178b1651	1.5166640016165671	False	47	56	-	-9.5
EMB_onehot_C20	natural	tjupan_bacillus_subtilis_main_705ab5e790a4610d	tjupan_bacillus_subtilis_main_705ab5e790a4610d	6.145707580843634	False	58	67	-	1.5
EMB_onehot_C20	natural	tjupan_bacillus_subtilis_main_71852833d33a5887	tjupan_bacillus_subtilis_main_71852833d33a5887	3.0104809713640166	False	59	68	+	2.5
EMB_onehot_C20	natural	tjupan_bacillus_subtilis_main_76c86d1f05ca1d88	tjupan_bacillus_subtilis_main_76c86d1f05ca1d88	4.822725140944489	False	65	74	+	8.5
EMB_onehot_C20	natural	tjupan_bacillus_subtilis_main_777d2d2586a95fbc	tjupan_bacillus_subtilis_main_777d2d2586a95fbc	3.3556677626359694	False	39	48	-	-17.5
EMB_onehot_C20	natural	tjupan_bacillus_subtilis_main_7c99b9a8665786aa	tjupan_bacillus_subtilis_main_7c99b9a8665786aa	1.3545679959764758	False	53	62	+	-3.5
EMB_onehot_C20	natural	tjupan_bacillus_subtilis_main_82f0003647ec7740	tjupan_bacillus_subtilis_main_82f0003647ec7740	4.567392345105652	False	8	17	-	-48.5
EMB_onehot_C20	natural	tjupan_bacillus_subtilis_main_8a9952e5dc8e0bd1	tjupan_bacillus_subtilis_main_8a9952e5dc8e0bd1	2.822180686885515	False	69	78	-	12.5
EMB_onehot_C20	natural	tjupan_bacillus_subtilis_main_8c2afb751c3f9d92	tjupan_bacillus_subtilis_main_8c2afb751c3f9d92	7.962516749404539	False	44	53	-	-12.5
EMB_onehot_C20	natural	tjupan_bacillus_subtilis_main_8e1b3c58365d2bbd	tjupan_bacillus_subtilis_main_8e1b3c58365d2bbd	3.8348636001463916	False	53	62	-	-3.5
EMB_onehot_C20	natural	tjupan_bacillus_subtilis_main_906140fe2a990d8e	tjupan_bacillus_subtilis_main_906140fe2a990d8e	2.0670588940189667	False	69	78	+	12.5
EMB_onehot_C20	natural	tjupan_bacillus_subtilis_main_94dbc17f3078c678	tjupan_bacillus_subtilis_main_94dbc17f3078c678	4.952879373820119	False	37	46	-	-19.5
EMB_onehot_C20	natural	tjupan_bacillus_subtilis_main_9bf1d28c9aae3b2e	tjupan_bacillus_subtilis_main_9bf1d28c9aae3b2e	3.295756210596012	False	59	68	+	2.5
EMB_onehot_C20	natural	tjupan_bacillus_subtilis_main_9cc8f38cff175da4	tjupan_bacillus_subtilis_main_9cc8f38cff175da4	6.0185535275187725	False	22	31	-	-34.5
EMB_onehot_C20	natural	tjupan_bacillus_subtilis_main_9cceb700e3527301	tjupan_bacillus_subtilis_main_9cceb700e3527301	6.701740500321009	False	8	17	+	-48.5
EMB_onehot_C20	natural	tjupan_bacillus_subtilis_main_9d0345f875b7552c	tjupan_bacillus_subtilis_main_9d0345f875b7552c	5.3691422462754295	False	70	79	-	13.5
EMB_onehot_C20	natural	tjupan_bacillus_subtilis_main_a3fedb31fa6cc84b	tjupan_bacillus_subtilis_main_a3fedb31fa6cc84b	5.5635689396281816	False	59	68	+	2.5
EMB_onehot_C20	natural	tjupan_bacillus_subtilis_main_a54e7006d4699b67	tjupan_bacillus_subtilis_main_a54e7006d4699b67	3.7728211007369454	False	33	42	-	-23.5
EMB_onehot_C20	natural	tjupan_bacillus_subtilis_main_aaa45c891936f972	tjupan_bacillus_subtilis_main_aaa45c891936f972	2.4919303647747393	False	47	56	-	-9.5
EMB_onehot_C20	natural	tjupan_bacillus_subtilis_main_aec3d55ae2f9e509	tjupan_bacillus_subtilis_main_aec3d55ae2f9e509	8.468702305684756	True	27	36	+	-29.5
EMB_onehot_C20	natural	tjupan_bacillus_subtilis_main_b0b9cfd1b442c029	tjupan_bacillus_subtilis_main_b0b9cfd1b442c029	6.888571221529517	False	42	51	-	-14.5
EMB_onehot_C20	natural	tjupan_bacillus_subtilis_main_b161f4572a371b25	tjupan_bacillus_subtilis_main_b161f4572a371b25	7.634538091096869	False	47	56	+	-9.5
EMB_onehot_C20	natural	tjupan_bacillus_subtilis_main_b3e87bd1af1ccb1a	tjupan_bacillus_subtilis_main_b3e87bd1af1ccb1a	1.890092708733369	False	52	61	+	-4.5
EMB_onehot_C20	natural	tjupan_bacillus_subtilis_main_b5ddce4bc0328e2c	tjupan_bacillus_subtilis_main_b5ddce4bc0328e2c	6.828344611052774	False	6	15	+	-50.5
EMB_onehot_C20	natural	tjupan_bacillus_subtilis_main_b9d7835496546020	tjupan_bacillus_subtilis_main_b9d7835496546020	4.689099883715051	False	60	69	+	3.5
EMB_onehot_C20	natural	tjupan_bacillus_subtilis_main_bd36aa35d4edeb39	tjupan_bacillus_subtilis_main_bd36aa35d4edeb39	5.146180164208268	False	27	36	+	-29.5
EMB_onehot_C20	natural	tjupan_bacillus_subtilis_main_c24b04311bf8b4bf	tjupan_bacillus_subtilis_main_c24b04311bf8b4bf	3.1770218020876775	False	66	75	+	9.5
EMB_onehot_C20	natural	tjupan_bacillus_subtilis_main_c981e3412d58013c	tjupan_bacillus_subtilis_main_c981e3412d58013c	2.153547105146874	False	4	13	+	-52.5
EMB_onehot_C20	natural	tjupan_bacillus_subtilis_main_cbe667645cefe255	tjupan_bacillus_subtilis_main_cbe667645cefe255	1.6815229489938956	False	13	22	-	-43.5
EMB_onehot_C20	natural	tjupan_bacillus_subtilis_main_ced7dfa7b2671e00	tjupan_bacillus_subtilis_main_ced7dfa7b2671e00	4.807854096632707	False	51	60	+	-5.5
EMB_onehot_C20	natural	tjupan_bacillus_subtilis_main_d14a8947b06ae361	tjupan_bacillus_subtilis_main_d14a8947b06ae361	3.2221218534685336	False	36	45	+	-20.5
EMB_onehot_C20	natural	tjupan_bacillus_subtilis_main_dd7d0f632ba9b25f	tjupan_bacillus_subtilis_main_dd7d0f632ba9b25f	4.012011192190128	False	47	56	+	-9.5
EMB_onehot_C20	natural	tjupan_bacillus_subtilis_main_deeb9c19c390dc19	tjupan_bacillus_subtilis_main_deeb9c19c390dc19	5.595062565139971	False	55	64	-	-1.5
EMB_onehot_C20	natural	tjupan_bacillus_subtilis_main_dfdf3a9a774b0b36	tjupan_bacillus_subtilis_main_dfdf3a9a774b0b36	2.126136519056529	False	6	15	-	-50.5
EMB_onehot_C20	natural	tjupan_bacillus_subtilis_main_e05a9847e20fa44f	tjupan_bacillus_subtilis_main_e05a9847e20fa44f	5.456868441755157	False	7	16	-	-49.5
EMB_onehot_C20	natural	tjupan_bacillus_subtilis_main_e09693162cd1efc7	tjupan_bacillus_subtilis_main_e09693162cd1efc7	2.4749400575346012	False	22	31	-	-34.5
EMB_onehot_C20	natural	tjupan_bacillus_subtilis_main_e1df7768894b7e64	tjupan_bacillus_subtilis_main_e1df7768894b7e64	2.398899973879359	False	52	61	+	-4.5
EMB_onehot_C20	natural	tjupan_bacillus_subtilis_main_e4935e5203d5f4a1	tjupan_bacillus_subtilis_main_e4935e5203d5f4a1	8.250559402934849	False	14	23	-	-42.5
EMB_onehot_C20	natural	tjupan_bacillus_subtilis_main_e71258c4630ccafd	tjupan_bacillus_subtilis_main_e71258c4630ccafd	1.3347726426010786	False	15	24	+	-41.5
EMB_onehot_C20	natural	tjupan_bacillus_subtilis_main_ea6abbc438ac2020	tjupan_bacillus_subtilis_main_ea6abbc438ac2020	4.416661165768337	False	29	38	-	-27.5
EMB_onehot_C20	natural	tjupan_bacillus_subtilis_main_ede46bd107484afd	tjupan_bacillus_subtilis_main_ede46bd107484afd	6.588277910252854	False	34	43	-	-22.5
EMB_onehot_C20	natural	tjupan_bacillus_subtilis_main_f0317abbf46a2fa8	tjupan_bacillus_subtilis_main_f0317abbf46a2fa8	5.363632894897053	False	55	64	-	-1.5
EMB_onehot_C20	natural	tjupan_bacillus_subtilis_main_fe9f961ad53aca80	tjupan_bacillus_subtilis_main_fe9f961ad53aca80	4.464446605008801	False	33	42	+	-23.5
EMB_onehot_C20	natural	tjupan_bacillus_subtilis_main_fffb0162887a3736	tjupan_bacillus_subtilis_main_fffb0162887a3736	6.671929801614916	False	8	17	-	-48.5
EMB_onehot_C20	shuffle	tjupan_bacillus_subtilis_main_0dc2e54e8f0778d4__dinucleotide_null	dbtbs_bsub_core_89ecb38b4ff0148f	5.326029310960149	False	22	31	+	-34.5
EMB_onehot_C20	shuffle	tjupan_bacillus_subtilis_main_682dcc155b9eb236__dinucleotide_null	dbtbs_bsub_core_5d3712ff0aeb1916	5.85476223429656	False	27	36	-	-29.5
EMB_onehot_C20	shuffle	tjupan_bacillus_subtilis_main_f2d1e33176b05430__dinucleotide_null	dbtbs_bsub_core_f2d1e33176b05430	6.019521275890226	False	42	51	-	-14.5
EMB_onehot_C20	shuffle	tjupan_bacillus_subtilis_main_c7551eecc12a98c1__dinucleotide_null	tjupan_bacillus_subtilis_main_c7551eecc12a98c1	7.858773069556286	False	6	15	-	-50.5
EMB_onehot_C20	shuffle	tjupan_bacillus_subtilis_main_89e75db25f32c6c9__dinucleotide_null	dbtbs_bsub_core_66a79c370c059251	8.876234094754844	True	33	42	-	-23.5
EMB_onehot_C20	shuffle	tjupan_bacillus_subtilis_main_9996ea2b61a7fc82__dinucleotide_null	tjupan_bacillus_subtilis_main_9996ea2b61a7fc82	4.8034426935062955	False	49	58	-	-7.5
EMB_onehot_C20	shuffle	tjupan_bacillus_subtilis_main_b86a1d8c42408cc4__dinucleotide_null	tjupan_bacillus_subtilis_main_b86a1d8c42408cc4	5.474138190998371	False	20	29	-	-36.5
EMB_onehot_C20	shuffle	tjupan_bacillus_subtilis_main_79220287475133e5__dinucleotide_null	dbtbs_bsub_core_79220287475133e5	7.279359072930211	False	27	36	+	-29.5
EMB_onehot_C20	shuffle	tjupan_bacillus_subtilis_main_a2bee6d81c2dad89__dinucleotide_null	dbtbs_bsub_core_a2bee6d81c2dad89	3.650241058812438	False	42	51	+	-14.5
EMB_onehot_C20	shuffle	tjupan_bacillus_subtilis_main_103f2a1ec6daa8c4__dinucleotide_null	dbtbs_bsub_core_103f2a1ec6daa8c4	8.370420408148249	False	38	47	-	-18.5
EMB_onehot_C20	shuffle	tjupan_bacillus_subtilis_main_996c93274b7d349e__dinucleotide_null	tjupan_bacillus_subtilis_main_996c93274b7d349e	5.264487659613666	False	14	23	-	-42.5
EMB_onehot_C20	shuffle	tjupan_bacillus_subtilis_main_7c407bebf512b5e0__dinucleotide_null	tjupan_bacillus_subtilis_main_7c407bebf512b5e0	7.552601886100364	False	22	31	+	-34.5
EMB_onehot_C20	shuffle	tjupan_bacillus_subtilis_main_842f97f040946982__dinucleotide_null	tjupan_bacillus_subtilis_main_842f97f040946982	4.264424784674044	False	66	75	-	9.5
EMB_onehot_C20	shuffle	tjupan_bacillus_subtilis_main_42c1909004fe3d73__dinucleotide_null	tjupan_bacillus_subtilis_main_42c1909004fe3d73	5.334897644187573	False	32	41	-	-24.5
EMB_onehot_C20	shuffle	tjupan_bacillus_subtilis_main_42074f78c0199323__dinucleotide_null	dbtbs_bsub_core_42074f78c0199323	7.364960745967028	False	53	62	+	-3.5
EMB_onehot_C20	shuffle	tjupan_bacillus_subtilis_main_72127e86172ad2be__dinucleotide_null	tjupan_bacillus_subtilis_main_72127e86172ad2be	5.117534575047079	False	23	32	+	-33.5
EMB_onehot_C20	shuffle	tjupan_bacillus_subtilis_main_d072d578ae627246__dinucleotide_null	tjupan_bacillus_subtilis_main_d072d578ae627246	0.9455126770636102	False	65	74	-	8.5
EMB_onehot_C20	shuffle	tjupan_bacillus_subtilis_main_a2ab5f161ee68a0a__dinucleotide_null	tjupan_bacillus_subtilis_main_a2ab5f161ee68a0a	5.187068104878045	False	25	34	+	-31.5
EMB_onehot_C20	shuffle	tjupan_bacillus_subtilis_main_3ec8c178aa138223__dinucleotide_null	tjupan_bacillus_subtilis_main_3ec8c178aa138223	8.958780081701473	True	11	20	-	-45.5
EMB_onehot_C20	shuffle	tjupan_bacillus_subtilis_main_824214e197f86545__dinucleotide_null	tjupan_bacillus_subtilis_main_824214e197f86545	8.269779529481195	False	64	73	-	7.5
EMB_onehot_C20	shuffle	tjupan_bacillus_subtilis_main_721ac29c5ef7c9f0__dinucleotide_null	dbtbs_bsub_core_721ac29c5ef7c9f0	5.833176593870708	False	20	29	+	-36.5
EMB_onehot_C20	shuffle	tjupan_bacillus_subtilis_main_a7eb317986e0a410__dinucleotide_null	tjupan_bacillus_subtilis_main_a7eb317986e0a410	6.101862456991627	False	12	21	+	-44.5
EMB_onehot_C20	shuffle	tjupan_bacillus_subtilis_main_6cf2c0e47935a8c2__dinucleotide_null	dbtbs_bsub_core_6cf2c0e47935a8c2	5.833176593870708	False	56	65	-	-0.5
EMB_onehot_C20	shuffle	tjupan_bacillus_subtilis_main_cd9626c39ea075d5__dinucleotide_null	dbtbs_bsub_core_cd9626c39ea075d5	6.012570989375143	False	22	31	+	-34.5
EMB_onehot_C20	shuffle	tjupan_bacillus_subtilis_main_4a95c9a0c8c0dc5d__dinucleotide_null	dbtbs_bsub_core_d38f72abf66add23	4.245106568335287	False	66	75	-	9.5
EMB_onehot_C20	shuffle	tjupan_bacillus_subtilis_main_323902b09c4af7f6__dinucleotide_null	dbtbs_bsub_core_bb1d2472f35efe20	3.5029354486883557	False	27	36	+	-29.5
EMB_onehot_C20	shuffle	tjupan_bacillus_subtilis_main_dda9e4c6372ef204__dinucleotide_null	dbtbs_bsub_core_50819f6cb2562fd8	4.048388455780193	False	51	60	+	-5.5
EMB_onehot_C20	shuffle	tjupan_bacillus_subtilis_main_6fc8f7f57b8f5e9d__dinucleotide_null	tjupan_bacillus_subtilis_main_6fc8f7f57b8f5e9d	4.285045188717517	False	12	21	-	-44.5
EMB_onehot_C20	shuffle	tjupan_bacillus_subtilis_main_84cc0835204b8e58__dinucleotide_null	dbtbs_bsub_core_396da27afda34e05	5.7447115957206	False	55	64	+	-1.5
EMB_onehot_C20	shuffle	tjupan_bacillus_subtilis_main_c897ab6e4a2d8869__dinucleotide_null	tjupan_bacillus_subtilis_main_c897ab6e4a2d8869	5.138832885583319	False	25	34	-	-31.5
EMB_onehot_C20	shuffle	tjupan_bacillus_subtilis_main_1b58b9006f9baf4f__dinucleotide_null	dbtbs_bsub_core_1b58b9006f9baf4f	2.607020637566994	False	54	63	-	-2.5
EMB_onehot_C20	shuffle	tjupan_bacillus_subtilis_main_5bcbea22526b97af__dinucleotide_null	dbtbs_bsub_core_2bafb1a73b5c7300	7.44701207091724	False	56	65	+	-0.5
EMB_onehot_C20	shuffle	tjupan_bacillus_subtilis_main_e51e63a9cb3e9467__dinucleotide_null	dbtbs_bsub_core_bb482769c888cf21	3.758650994045742	False	65	74	+	8.5
EMB_onehot_C20	shuffle	tjupan_bacillus_subtilis_main_b558e80410906098__dinucleotide_null	dbtbs_bsub_core_b558e80410906098	6.866693534934509	False	4	13	-	-52.5
EMB_onehot_C20	shuffle	tjupan_bacillus_subtilis_main_dc95e7cdf3939931__dinucleotide_null	dbtbs_bsub_core_dc95e7cdf3939931	5.2028293505474075	False	55	64	-	-1.5
EMB_onehot_C20	shuffle	tjupan_bacillus_subtilis_main_cf013234eecd796b__dinucleotide_null	dbtbs_bsub_core_700614a2577d51a9	7.1362894505264185	False	67	76	-	10.5
EMB_onehot_C20	shuffle	tjupan_bacillus_subtilis_main_b541048ffbe461fc__dinucleotide_null	tjupan_bacillus_subtilis_main_b541048ffbe461fc	4.391212745243482	False	58	67	-	1.5
EMB_onehot_C20	shuffle	tjupan_bacillus_subtilis_main_0b4e887f7ea9c424__dinucleotide_null	dbtbs_bsub_core_0b4e887f7ea9c424	7.645293794510185	False	17	26	-	-39.5
EMB_onehot_C20	shuffle	tjupan_bacillus_subtilis_main_93a3a1679c7a73c9__dinucleotide_null	tjupan_bacillus_subtilis_main_93a3a1679c7a73c9	5.001163432198358	False	64	73	+	7.5
EMB_onehot_C20	shuffle	tjupan_bacillus_subtilis_main_e7e17b10ff25536a__dinucleotide_null	tjupan_bacillus_subtilis_main_1eb616e060615c81	6.160834091084819	False	52	61	+	-4.5
EMB_onehot_C20	shuffle	tjupan_bacillus_subtilis_main_d94f791dab569af4__dinucleotide_null	dbtbs_bsub_core_e72b843a494a35db	6.722539052336296	False	43	52	+	-13.5
EMB_onehot_C20	shuffle	tjupan_bacillus_subtilis_main_d75f323535d0e96f__dinucleotide_null	tjupan_bacillus_subtilis_main_d75f323535d0e96f	3.2703359002347407	False	44	53	+	-12.5
EMB_onehot_C20	shuffle	tjupan_bacillus_subtilis_main_74379fc21a77213d__dinucleotide_null	tjupan_bacillus_subtilis_main_74379fc21a77213d	4.606300492452661	False	8	17	+	-48.5
EMB_onehot_C20	shuffle	tjupan_bacillus_subtilis_main_6f5bfd2e001a2697__dinucleotide_null	dbtbs_bsub_core_6f5bfd2e001a2697	4.709879276369843	False	9	18	-	-47.5
EMB_onehot_C20	shuffle	tjupan_bacillus_subtilis_main_1eb616e060615c81__dinucleotide_null	tjupan_bacillus_subtilis_main_1eb616e060615c81	7.645293794510185	False	3	12	+	-53.5
EMB_onehot_C20	shuffle	tjupan_bacillus_subtilis_main_409ff8a786357eb4__dinucleotide_null	dbtbs_bsub_core_3e3a825c0d09de99	6.466362390422544	False	23	32	-	-33.5
EMB_onehot_C20	shuffle	tjupan_bacillus_subtilis_main_1bc60721b4be672c__dinucleotide_null	dbtbs_bsub_core_cb8975beecd17a84	6.25776462434766	False	37	46	+	-19.5
EMB_onehot_C20	shuffle	tjupan_bacillus_subtilis_main_af44da9eb65c9b2b__dinucleotide_null	tjupan_bacillus_subtilis_main_af44da9eb65c9b2b	3.892730867692814	False	23	32	+	-33.5
EMB_onehot_C20	shuffle	tjupan_bacillus_subtilis_main_8f5b60fc07e381f2__dinucleotide_null	dbtbs_bsub_core_8f5b60fc07e381f2	6.183331437174977	False	4	13	-	-52.5
EMB_onehot_C20	shuffle	tjupan_bacillus_subtilis_main_5c9bf0eab187b5f5__dinucleotide_null	dbtbs_bsub_core_93f240a64705adb6	7.064201113977774	False	53	62	+	-3.5
EMB_onehot_C20	shuffle	tjupan_bacillus_subtilis_main_aaf138e1b23719d3__dinucleotide_null	dbtbs_bsub_core_380666e4ad2529dd	4.217699545029971	False	69	78	+	12.5
EMB_onehot_C20	shuffle	tjupan_bacillus_subtilis_main_0fcba0431054cde6__dinucleotide_null	dbtbs_bsub_core_0fcba0431054cde6	4.1172296069592145	False	54	63	+	-2.5
EMB_onehot_C20	shuffle	tjupan_bacillus_subtilis_main_6f6446b7ed912162__dinucleotide_null	dbtbs_bsub_core_6f6446b7ed912162	6.478462160897528	False	18	27	+	-38.5
EMB_onehot_C20	shuffle	tjupan_bacillus_subtilis_main_d434d749686b9e33__dinucleotide_null	dbtbs_bsub_core_137eff58d766cefa	8.65938517818369	True	51	60	-	-5.5
EMB_onehot_C20	shuffle	tjupan_bacillus_subtilis_main_96c549f1b176b111__dinucleotide_null	tjupan_bacillus_subtilis_main_96c549f1b176b111	4.436279900491119	False	64	73	+	7.5
EMB_onehot_C20	shuffle	tjupan_bacillus_subtilis_main_a4db17c75fb94c83__dinucleotide_null	dbtbs_bsub_core_8c6f4b9eba960292	7.54867227603986	False	64	73	+	7.5
EMB_onehot_C20	shuffle	tjupan_bacillus_subtilis_main_0e5e92df8dafa46f__dinucleotide_null	dbtbs_bsub_core_0e5e92df8dafa46f	6.138744347539566	False	63	72	-	6.5
EMB_onehot_C20	shuffle	tjupan_bacillus_subtilis_main_089b35a135bf8797__dinucleotide_null	tjupan_bacillus_subtilis_main_089b35a135bf8797	3.085892941288944	False	67	76	+	10.5
EMB_onehot_C20	shuffle	tjupan_bacillus_subtilis_main_2e3c51df0d86f79b__dinucleotide_null	dbtbs_bsub_core_245b899eb3255120	6.706766674094622	False	49	58	-	-7.5
EMB_onehot_C20	shuffle	tjupan_bacillus_subtilis_main_648aef9dba1f38c4__dinucleotide_null	tjupan_bacillus_subtilis_main_648aef9dba1f38c4	6.720748130443763	False	12	21	+	-44.5
EMB_onehot_C20	shuffle	tjupan_bacillus_subtilis_main_b809758bf01da07c__dinucleotide_null	tjupan_bacillus_subtilis_main_b809758bf01da07c	6.707220548948612	False	8	17	-	-48.5
EMB_onehot_C20	shuffle	tjupan_bacillus_subtilis_main_72db3945a2fcac01__dinucleotide_null	tjupan_bacillus_subtilis_main_72db3945a2fcac01	3.8315347875794252	False	51	60	+	-5.5
EMB_onehot_C20	shuffle	tjupan_bacillus_subtilis_main_8d9a62a0fbc43019__dinucleotide_null	dbtbs_bsub_core_3348625232a23256	7.774006236195717	False	20	29	+	-36.5
EMB_onehot_C20	shuffle	tjupan_bacillus_subtilis_main_2fc6e10224ce632e__dinucleotide_null	dbtbs_bsub_core_2fc6e10224ce632e	4.88472991777356	False	58	67	+	1.5
EMB_onehot_C20	shuffle	tjupan_bacillus_subtilis_main_4dd4acc476485632__dinucleotide_null	tjupan_bacillus_subtilis_main_4dd4acc476485632	7.501128179339659	False	42	51	+	-14.5
EMB_onehot_C20	shuffle	tjupan_bacillus_subtilis_main_5a1a4573de4d55b3__dinucleotide_null	dbtbs_bsub_core_af75962c5aaa60ac	4.156481961125834	False	34	43	+	-22.5
EMB_onehot_C20	shuffle	tjupan_bacillus_subtilis_main_fe854ef781d570c9__dinucleotide_null	dbtbs_bsub_core_79142b70125d7f77	3.9614313999047646	False	71	80	+	14.5
EMB_onehot_C21	positive	tjupan_bacillus_subtilis_main_089b35a135bf8797	tjupan_bacillus_subtilis_main_089b35a135bf8797	6.480201107373719	False	16	25	-	-40.5
EMB_onehot_C21	positive	tjupan_bacillus_subtilis_main_0b4e887f7ea9c424	dbtbs_bsub_core_0b4e887f7ea9c424	7.884120979802951	False	13	22	-	-43.5
EMB_onehot_C21	positive	tjupan_bacillus_subtilis_main_0dc2e54e8f0778d4	dbtbs_bsub_core_89ecb38b4ff0148f	7.16119665681426	False	34	43	+	-22.5
EMB_onehot_C21	positive	tjupan_bacillus_subtilis_main_0e5e92df8dafa46f	dbtbs_bsub_core_0e5e92df8dafa46f	6.677212204290499	False	55	64	-	-1.5
EMB_onehot_C21	positive	tjupan_bacillus_subtilis_main_0fcba0431054cde6	dbtbs_bsub_core_0fcba0431054cde6	8.028521126484051	False	53	62	-	-3.5
EMB_onehot_C21	positive	tjupan_bacillus_subtilis_main_103f2a1ec6daa8c4	dbtbs_bsub_core_103f2a1ec6daa8c4	6.012616919128148	False	66	75	-	9.5
EMB_onehot_C21	positive	tjupan_bacillus_subtilis_main_1b58b9006f9baf4f	dbtbs_bsub_core_1b58b9006f9baf4f	9.26984218410617	True	66	75	-	9.5
EMB_onehot_C21	positive	tjupan_bacillus_subtilis_main_1bc60721b4be672c	dbtbs_bsub_core_cb8975beecd17a84	9.029633364785475	True	41	50	-	-15.5
EMB_onehot_C21	positive	tjupan_bacillus_subtilis_main_1eb616e060615c81	tjupan_bacillus_subtilis_main_1eb616e060615c81	5.704977946299222	False	6	15	-	-50.5
EMB_onehot_C21	positive	tjupan_bacillus_subtilis_main_2e3c51df0d86f79b	dbtbs_bsub_core_245b899eb3255120	5.106794342694264	False	19	28	-	-37.5
EMB_onehot_C21	positive	tjupan_bacillus_subtilis_main_2fc6e10224ce632e	dbtbs_bsub_core_2fc6e10224ce632e	5.837452431346947	False	30	39	-	-26.5
EMB_onehot_C21	positive	tjupan_bacillus_subtilis_main_323902b09c4af7f6	dbtbs_bsub_core_bb1d2472f35efe20	4.389620877054348	False	60	69	-	3.5
EMB_onehot_C21	positive	tjupan_bacillus_subtilis_main_3ec8c178aa138223	tjupan_bacillus_subtilis_main_3ec8c178aa138223	5.375396071315946	False	50	59	+	-6.5
EMB_onehot_C21	positive	tjupan_bacillus_subtilis_main_409ff8a786357eb4	dbtbs_bsub_core_3e3a825c0d09de99	7.5896837545979645	False	8	17	-	-48.5
EMB_onehot_C21	positive	tjupan_bacillus_subtilis_main_42074f78c0199323	dbtbs_bsub_core_42074f78c0199323	5.8919672467131985	False	68	77	-	11.5
EMB_onehot_C21	positive	tjupan_bacillus_subtilis_main_42c1909004fe3d73	tjupan_bacillus_subtilis_main_42c1909004fe3d73	7.691321341884057	False	66	75	+	9.5
EMB_onehot_C21	positive	tjupan_bacillus_subtilis_main_4a95c9a0c8c0dc5d	dbtbs_bsub_core_d38f72abf66add23	4.042963546495762	False	45	54	+	-11.5
EMB_onehot_C21	positive	tjupan_bacillus_subtilis_main_4dd4acc476485632	tjupan_bacillus_subtilis_main_4dd4acc476485632	6.389576260197292	False	33	42	+	-23.5
EMB_onehot_C21	positive	tjupan_bacillus_subtilis_main_5a1a4573de4d55b3	dbtbs_bsub_core_af75962c5aaa60ac	6.415120795540033	False	70	79	+	13.5
EMB_onehot_C21	positive	tjupan_bacillus_subtilis_main_5bcbea22526b97af	dbtbs_bsub_core_2bafb1a73b5c7300	5.039042816712855	False	27	36	+	-29.5
EMB_onehot_C21	positive	tjupan_bacillus_subtilis_main_5c9bf0eab187b5f5	dbtbs_bsub_core_93f240a64705adb6	6.6418281708973215	False	21	30	-	-35.5
EMB_onehot_C21	positive	tjupan_bacillus_subtilis_main_648aef9dba1f38c4	tjupan_bacillus_subtilis_main_648aef9dba1f38c4	8.682978040901052	False	1	10	-	-55.5
EMB_onehot_C21	positive	tjupan_bacillus_subtilis_main_682dcc155b9eb236	dbtbs_bsub_core_5d3712ff0aeb1916	7.725947684993691	False	15	24	-	-41.5
EMB_onehot_C21	positive	tjupan_bacillus_subtilis_main_6cf2c0e47935a8c2	dbtbs_bsub_core_6cf2c0e47935a8c2	5.347503400285677	False	62	71	-	5.5
EMB_onehot_C21	positive	tjupan_bacillus_subtilis_main_6f5bfd2e001a2697	dbtbs_bsub_core_6f5bfd2e001a2697	4.795766491453705	False	10	19	+	-46.5
EMB_onehot_C21	positive	tjupan_bacillus_subtilis_main_6f6446b7ed912162	dbtbs_bsub_core_6f6446b7ed912162	10.012371055957068	True	56	65	-	-0.5
EMB_onehot_C21	positive	tjupan_bacillus_subtilis_main_6fc8f7f57b8f5e9d	tjupan_bacillus_subtilis_main_6fc8f7f57b8f5e9d	7.719754853502649	False	21	30	-	-35.5
EMB_onehot_C21	positive	tjupan_bacillus_subtilis_main_72127e86172ad2be	tjupan_bacillus_subtilis_main_72127e86172ad2be	5.775781540561225	False	51	60	+	-5.5
EMB_onehot_C21	positive	tjupan_bacillus_subtilis_main_721ac29c5ef7c9f0	dbtbs_bsub_core_721ac29c5ef7c9f0	8.012411662572688	False	62	71	-	5.5
EMB_onehot_C21	positive	tjupan_bacillus_subtilis_main_72db3945a2fcac01	tjupan_bacillus_subtilis_main_72db3945a2fcac01	9.466782229735164	True	16	25	+	-40.5
EMB_onehot_C21	positive	tjupan_bacillus_subtilis_main_74379fc21a77213d	tjupan_bacillus_subtilis_main_74379fc21a77213d	5.177697695823365	False	37	46	+	-19.5
EMB_onehot_C21	positive	tjupan_bacillus_subtilis_main_79220287475133e5	dbtbs_bsub_core_79220287475133e5	5.247132009857269	False	11	20	-	-45.5
EMB_onehot_C21	positive	tjupan_bacillus_subtilis_main_7c407bebf512b5e0	tjupan_bacillus_subtilis_main_7c407bebf512b5e0	7.727548359698362	False	4	13	+	-52.5
EMB_onehot_C21	positive	tjupan_bacillus_subtilis_main_824214e197f86545	tjupan_bacillus_subtilis_main_824214e197f86545	6.18110023678629	False	29	38	-	-27.5
EMB_onehot_C21	positive	tjupan_bacillus_subtilis_main_842f97f040946982	tjupan_bacillus_subtilis_main_842f97f040946982	6.790826693499864	False	62	71	-	5.5
EMB_onehot_C21	positive	tjupan_bacillus_subtilis_main_84cc0835204b8e58	dbtbs_bsub_core_396da27afda34e05	5.973822210291538	False	15	24	-	-41.5
EMB_onehot_C21	positive	tjupan_bacillus_subtilis_main_89e75db25f32c6c9	dbtbs_bsub_core_66a79c370c059251	3.9099819618813174	False	18	27	+	-38.5
EMB_onehot_C21	positive	tjupan_bacillus_subtilis_main_8d9a62a0fbc43019	dbtbs_bsub_core_3348625232a23256	9.875478202140181	True	20	29	-	-36.5
EMB_onehot_C21	positive	tjupan_bacillus_subtilis_main_8f5b60fc07e381f2	dbtbs_bsub_core_8f5b60fc07e381f2	9.921537437942533	True	28	37	+	-28.5
EMB_onehot_C21	positive	tjupan_bacillus_subtilis_main_93a3a1679c7a73c9	tjupan_bacillus_subtilis_main_93a3a1679c7a73c9	6.840507450736407	False	3	12	+	-53.5
EMB_onehot_C21	positive	tjupan_bacillus_subtilis_main_96c549f1b176b111	tjupan_bacillus_subtilis_main_96c549f1b176b111	5.40885661813609	False	29	38	+	-27.5
EMB_onehot_C21	positive	tjupan_bacillus_subtilis_main_996c93274b7d349e	tjupan_bacillus_subtilis_main_996c93274b7d349e	5.404869901297921	False	27	36	+	-29.5
EMB_onehot_C21	positive	tjupan_bacillus_subtilis_main_9996ea2b61a7fc82	tjupan_bacillus_subtilis_main_9996ea2b61a7fc82	7.592868540575351	False	24	33	+	-32.5
EMB_onehot_C21	positive	tjupan_bacillus_subtilis_main_a2ab5f161ee68a0a	tjupan_bacillus_subtilis_main_a2ab5f161ee68a0a	7.072330240214435	False	35	44	+	-21.5
EMB_onehot_C21	positive	tjupan_bacillus_subtilis_main_a2bee6d81c2dad89	dbtbs_bsub_core_a2bee6d81c2dad89	5.625081931849677	False	58	67	-	1.5
EMB_onehot_C21	positive	tjupan_bacillus_subtilis_main_a4db17c75fb94c83	dbtbs_bsub_core_8c6f4b9eba960292	9.512841465537516	True	16	25	+	-40.5
EMB_onehot_C21	positive	tjupan_bacillus_subtilis_main_a7eb317986e0a410	tjupan_bacillus_subtilis_main_a7eb317986e0a410	7.277290856978632	False	40	49	-	-16.5
EMB_onehot_C21	positive	tjupan_bacillus_subtilis_main_aaf138e1b23719d3	dbtbs_bsub_core_380666e4ad2529dd	7.8380617440005995	False	2	11	-	-54.5
EMB_onehot_C21	positive	tjupan_bacillus_subtilis_main_af44da9eb65c9b2b	tjupan_bacillus_subtilis_main_af44da9eb65c9b2b	7.656672405706172	False	39	48	-	-17.5
EMB_onehot_C21	positive	tjupan_bacillus_subtilis_main_b541048ffbe461fc	tjupan_bacillus_subtilis_main_b541048ffbe461fc	4.815551546689369	False	26	35	+	-30.5
EMB_onehot_C21	positive	tjupan_bacillus_subtilis_main_b558e80410906098	dbtbs_bsub_core_b558e80410906098	2.7078381024728913	False	23	32	-	-33.5
EMB_onehot_C21	positive	tjupan_bacillus_subtilis_main_b809758bf01da07c	tjupan_bacillus_subtilis_main_b809758bf01da07c	6.147339695615986	False	53	62	-	-3.5
EMB_onehot_C21	positive	tjupan_bacillus_subtilis_main_b86a1d8c42408cc4	tjupan_bacillus_subtilis_main_b86a1d8c42408cc4	4.583502630066878	False	44	53	+	-12.5
EMB_onehot_C21	positive	tjupan_bacillus_subtilis_main_c7551eecc12a98c1	tjupan_bacillus_subtilis_main_c7551eecc12a98c1	6.203097586237453	False	28	37	+	-28.5
EMB_onehot_C21	positive	tjupan_bacillus_subtilis_main_c897ab6e4a2d8869	tjupan_bacillus_subtilis_main_c897ab6e4a2d8869	7.523702746010304	False	57	66	+	0.5
EMB_onehot_C21	positive	tjupan_bacillus_subtilis_main_cd9626c39ea075d5	dbtbs_bsub_core_cd9626c39ea075d5	10.543027924257283	True	19	28	-	-37.5
EMB_onehot_C21	positive	tjupan_bacillus_subtilis_main_cf013234eecd796b	dbtbs_bsub_core_700614a2577d51a9	8.916923462790237	False	20	29	+	-36.5
EMB_onehot_C21	positive	tjupan_bacillus_subtilis_main_d072d578ae627246	tjupan_bacillus_subtilis_main_d072d578ae627246	4.842091551087706	False	62	71	+	5.5
EMB_onehot_C21	positive	tjupan_bacillus_subtilis_main_d434d749686b9e33	dbtbs_bsub_core_137eff58d766cefa	7.756447624634363	False	14	23	+	-42.5
EMB_onehot_C21	positive	tjupan_bacillus_subtilis_main_d75f323535d0e96f	tjupan_bacillus_subtilis_main_d75f323535d0e96f	5.218107093263697	False	49	58	-	-7.5
EMB_onehot_C21	positive	tjupan_bacillus_subtilis_main_d94f791dab569af4	dbtbs_bsub_core_e72b843a494a35db	7.590264342307968	False	25	34	+	-31.5
EMB_onehot_C21	positive	tjupan_bacillus_subtilis_main_dc95e7cdf3939931	dbtbs_bsub_core_dc95e7cdf3939931	9.363842942934975	True	66	75	+	9.5
EMB_onehot_C21	positive	tjupan_bacillus_subtilis_main_dda9e4c6372ef204	dbtbs_bsub_core_50819f6cb2562fd8	3.619764947262834	False	60	69	+	3.5
EMB_onehot_C21	positive	tjupan_bacillus_subtilis_main_e51e63a9cb3e9467	dbtbs_bsub_core_bb482769c888cf21	7.549475616677478	False	38	47	+	-18.5
EMB_onehot_C21	positive	tjupan_bacillus_subtilis_main_e7e17b10ff25536a	tjupan_bacillus_subtilis_main_1eb616e060615c81	5.704977946299222	False	9	18	-	-47.5
EMB_onehot_C21	positive	tjupan_bacillus_subtilis_main_f2d1e33176b05430	dbtbs_bsub_core_f2d1e33176b05430	5.6835605625083225	False	34	43	+	-22.5
EMB_onehot_C21	positive	tjupan_bacillus_subtilis_main_fe854ef781d570c9	dbtbs_bsub_core_79142b70125d7f77	6.718280131198824	False	20	29	+	-36.5
EMB_onehot_C21	natural	tjupan_bacillus_subtilis_main_01f49032fc924b2b	tjupan_bacillus_subtilis_main_01f49032fc924b2b	5.07836174280212	False	16	25	-	-40.5
EMB_onehot_C21	natural	tjupan_bacillus_subtilis_main_0369fa5f1dde8889	tjupan_bacillus_subtilis_main_0369fa5f1dde8889	6.389576260197292	False	66	75	-	9.5
EMB_onehot_C21	natural	tjupan_bacillus_subtilis_main_04bf0704019251eb	tjupan_bacillus_subtilis_main_04bf0704019251eb	7.769524639769848	False	12	21	-	-44.5
EMB_onehot_C21	natural	tjupan_bacillus_subtilis_main_07a43cab15901fd0	tjupan_bacillus_subtilis_main_07a43cab15901fd0	6.849990641372346	False	2	11	-	-54.5
EMB_onehot_C21	natural	tjupan_bacillus_subtilis_main_0abf62f108ad9afa	tjupan_bacillus_subtilis_main_0abf62f108ad9afa	5.6844036497207755	False	4	13	-	-52.5
EMB_onehot_C21	natural	tjupan_bacillus_subtilis_main_10a028761e096e6f	tjupan_bacillus_subtilis_main_10a028761e096e6f	8.424925887205717	False	70	79	-	13.5
EMB_onehot_C21	natural	tjupan_bacillus_subtilis_main_1183c551e9c3884e	tjupan_bacillus_subtilis_main_1183c551e9c3884e	4.5586396079163345	False	54	63	-	-2.5
EMB_onehot_C21	natural	tjupan_bacillus_subtilis_main_11c75fe7d070d91d	tjupan_bacillus_subtilis_main_11c75fe7d070d91d	4.571396136267697	False	1	10	-	-55.5
EMB_onehot_C21	natural	tjupan_bacillus_subtilis_main_13f81edc59432f39	tjupan_bacillus_subtilis_main_13f81edc59432f39	6.420164427055473	False	25	34	-	-31.5
EMB_onehot_C21	natural	tjupan_bacillus_subtilis_main_1a1965c69595e91c	tjupan_bacillus_subtilis_main_1a1965c69595e91c	5.590719738051452	False	8	17	-	-48.5
EMB_onehot_C21	natural	tjupan_bacillus_subtilis_main_28ceb7fd6ffaf1b1	tjupan_bacillus_subtilis_main_28ceb7fd6ffaf1b1	7.314362000814914	False	11	20	-	-45.5
EMB_onehot_C21	natural	tjupan_bacillus_subtilis_main_2a691ccdd9f8cd87	tjupan_bacillus_subtilis_main_2a691ccdd9f8cd87	5.827872801981592	False	48	57	-	-8.5
EMB_onehot_C21	natural	tjupan_bacillus_subtilis_main_3095b00d206277d2	tjupan_bacillus_subtilis_main_3095b00d206277d2	6.133852191268338	False	58	67	-	1.5
EMB_onehot_C21	natural	tjupan_bacillus_subtilis_main_33ded6bc702ab6e3	tjupan_bacillus_subtilis_main_33ded6bc702ab6e3	6.291684876597734	False	60	69	+	3.5
EMB_onehot_C21	natural	tjupan_bacillus_subtilis_main_3b669bfd8e8ecc5c	tjupan_bacillus_subtilis_main_3b669bfd8e8ecc5c	4.607755083001558	False	15	24	+	-41.5
EMB_onehot_C21	natural	tjupan_bacillus_subtilis_main_3dfed0cfea4ace99	tjupan_bacillus_subtilis_main_3dfed0cfea4ace99	5.455848810690724	False	4	13	+	-52.5
EMB_onehot_C21	natural	tjupan_bacillus_subtilis_main_3f82397c249b4c2e	tjupan_bacillus_subtilis_main_3f82397c249b4c2e	9.041881365639568	True	13	22	+	-43.5
EMB_onehot_C21	natural	tjupan_bacillus_subtilis_main_413de94f4b4cc894	tjupan_bacillus_subtilis_main_413de94f4b4cc894	7.862102363753809	False	7	16	-	-49.5
EMB_onehot_C21	natural	tjupan_bacillus_subtilis_main_4225dc5bcf089682	tjupan_bacillus_subtilis_main_4225dc5bcf089682	8.424925887205717	False	36	45	-	-20.5
EMB_onehot_C21	natural	tjupan_bacillus_subtilis_main_43e8357a95b8acad	tjupan_bacillus_subtilis_main_43e8357a95b8acad	3.451476467549453	False	6	15	+	-50.5
EMB_onehot_C21	natural	tjupan_bacillus_subtilis_main_44b9e66950262593	tjupan_bacillus_subtilis_main_44b9e66950262593	2.653764272876903	False	71	80	-	14.5
EMB_onehot_C21	natural	tjupan_bacillus_subtilis_main_4600103c5e396ab7	tjupan_bacillus_subtilis_main_4600103c5e396ab7	3.8256062506243613	False	49	58	+	-7.5
EMB_onehot_C21	natural	tjupan_bacillus_subtilis_main_47b01646ad818f05	tjupan_bacillus_subtilis_main_47b01646ad818f05	4.3749461619203185	False	5	14	+	-51.5
EMB_onehot_C21	natural	tjupan_bacillus_subtilis_main_47f3a0ce2d4034a8	tjupan_bacillus_subtilis_main_47f3a0ce2d4034a8	5.733613390970845	False	66	75	+	9.5
EMB_onehot_C21	natural	tjupan_bacillus_subtilis_main_4c62636643ef908e	tjupan_bacillus_subtilis_main_4c62636643ef908e	5.681551418246561	False	10	19	-	-46.5
EMB_onehot_C21	natural	tjupan_bacillus_subtilis_main_4ec6f242d8a5df5c	tjupan_bacillus_subtilis_main_4ec6f242d8a5df5c	4.711063126796226	False	33	42	+	-23.5
EMB_onehot_C21	natural	tjupan_bacillus_subtilis_main_4efdcab552f8b70d	tjupan_bacillus_subtilis_main_4efdcab552f8b70d	2.8384971142985136	False	64	73	+	7.5
EMB_onehot_C21	natural	tjupan_bacillus_subtilis_main_51577d89c939deba	tjupan_bacillus_subtilis_main_51577d89c939deba	4.8901720298533	False	53	62	-	-3.5
EMB_onehot_C21	natural	tjupan_bacillus_subtilis_main_52bff7f8e27d9410	tjupan_bacillus_subtilis_main_52bff7f8e27d9410	4.1938834221591605	False	36	45	+	-20.5
EMB_onehot_C21	natural	tjupan_bacillus_subtilis_main_59901c21c497690b	tjupan_bacillus_subtilis_main_59901c21c497690b	6.883962488271375	False	45	54	-	-11.5
EMB_onehot_C21	natural	tjupan_bacillus_subtilis_main_5f953d4f57c1fa81	tjupan_bacillus_subtilis_main_5f953d4f57c1fa81	4.875979483254105	False	50	59	-	-6.5
EMB_onehot_C21	natural	tjupan_bacillus_subtilis_main_669f9a1f1028b036	tjupan_bacillus_subtilis_main_669f9a1f1028b036	4.008434125890656	False	58	67	-	1.5
EMB_onehot_C21	natural	tjupan_bacillus_subtilis_main_69dc5d058d63d549	tjupan_bacillus_subtilis_main_69dc5d058d63d549	4.01197115559372	False	60	69	+	3.5
EMB_onehot_C21	natural	tjupan_bacillus_subtilis_main_6cfe0a7e178b1651	tjupan_bacillus_subtilis_main_6cfe0a7e178b1651	4.256885146548005	False	68	77	-	11.5
EMB_onehot_C21	natural	tjupan_bacillus_subtilis_main_705ab5e790a4610d	tjupan_bacillus_subtilis_main_705ab5e790a4610d	3.5330105701948096	False	7	16	-	-49.5
EMB_onehot_C21	natural	tjupan_bacillus_subtilis_main_71852833d33a5887	tjupan_bacillus_subtilis_main_71852833d33a5887	6.147339695615986	False	1	10	-	-55.5
EMB_onehot_C21	natural	tjupan_bacillus_subtilis_main_76c86d1f05ca1d88	tjupan_bacillus_subtilis_main_76c86d1f05ca1d88	5.136250491716295	False	58	67	-	1.5
EMB_onehot_C21	natural	tjupan_bacillus_subtilis_main_777d2d2586a95fbc	tjupan_bacillus_subtilis_main_777d2d2586a95fbc	6.018329769875645	False	69	78	-	12.5
EMB_onehot_C21	natural	tjupan_bacillus_subtilis_main_7c99b9a8665786aa	tjupan_bacillus_subtilis_main_7c99b9a8665786aa	8.091786465268335	False	69	78	-	12.5
EMB_onehot_C21	natural	tjupan_bacillus_subtilis_main_82f0003647ec7740	tjupan_bacillus_subtilis_main_82f0003647ec7740	8.161431872910159	False	23	32	-	-33.5
EMB_onehot_C21	natural	tjupan_bacillus_subtilis_main_8a9952e5dc8e0bd1	tjupan_bacillus_subtilis_main_8a9952e5dc8e0bd1	4.240200059064862	False	6	15	-	-50.5
EMB_onehot_C21	natural	tjupan_bacillus_subtilis_main_8c2afb751c3f9d92	tjupan_bacillus_subtilis_main_8c2afb751c3f9d92	7.591329050705104	False	46	55	-	-10.5
EMB_onehot_C21	natural	tjupan_bacillus_subtilis_main_8e1b3c58365d2bbd	tjupan_bacillus_subtilis_main_8e1b3c58365d2bbd	9.453467049818345	True	59	68	-	2.5
EMB_onehot_C21	natural	tjupan_bacillus_subtilis_main_906140fe2a990d8e	tjupan_bacillus_subtilis_main_906140fe2a990d8e	7.128393004809893	False	70	79	-	13.5
EMB_onehot_C21	natural	tjupan_bacillus_subtilis_main_94dbc17f3078c678	tjupan_bacillus_subtilis_main_94dbc17f3078c678	7.987060266603142	False	4	13	-	-52.5
EMB_onehot_C21	natural	tjupan_bacillus_subtilis_main_9bf1d28c9aae3b2e	tjupan_bacillus_subtilis_main_9bf1d28c9aae3b2e	5.62069273954029	False	40	49	-	-16.5
EMB_onehot_C21	natural	tjupan_bacillus_subtilis_main_9cc8f38cff175da4	tjupan_bacillus_subtilis_main_9cc8f38cff175da4	6.8545084000496415	False	8	17	-	-48.5
EMB_onehot_C21	natural	tjupan_bacillus_subtilis_main_9cceb700e3527301	tjupan_bacillus_subtilis_main_9cceb700e3527301	4.158733110343797	False	50	59	+	-6.5
EMB_onehot_C21	natural	tjupan_bacillus_subtilis_main_9d0345f875b7552c	tjupan_bacillus_subtilis_main_9d0345f875b7552c	4.886098375921674	False	29	38	-	-27.5
EMB_onehot_C21	natural	tjupan_bacillus_subtilis_main_a3fedb31fa6cc84b	tjupan_bacillus_subtilis_main_a3fedb31fa6cc84b	5.500124216614899	False	65	74	-	8.5
EMB_onehot_C21	natural	tjupan_bacillus_subtilis_main_a54e7006d4699b67	tjupan_bacillus_subtilis_main_a54e7006d4699b67	4.447580297586295	False	33	42	+	-23.5
EMB_onehot_C21	natural	tjupan_bacillus_subtilis_main_aaa45c891936f972	tjupan_bacillus_subtilis_main_aaa45c891936f972	5.224069880878928	False	58	67	+	1.5
EMB_onehot_C21	natural	tjupan_bacillus_subtilis_main_aec3d55ae2f9e509	tjupan_bacillus_subtilis_main_aec3d55ae2f9e509	4.371706483334051	False	17	26	+	-39.5
EMB_onehot_C21	natural	tjupan_bacillus_subtilis_main_b0b9cfd1b442c029	tjupan_bacillus_subtilis_main_b0b9cfd1b442c029	4.710960879588973	False	46	55	-	-10.5
EMB_onehot_C21	natural	tjupan_bacillus_subtilis_main_b161f4572a371b25	tjupan_bacillus_subtilis_main_b161f4572a371b25	8.147958837315526	False	56	65	+	-0.5
EMB_onehot_C21	natural	tjupan_bacillus_subtilis_main_b3e87bd1af1ccb1a	tjupan_bacillus_subtilis_main_b3e87bd1af1ccb1a	5.315770604375986	False	67	76	-	10.5
EMB_onehot_C21	natural	tjupan_bacillus_subtilis_main_b5ddce4bc0328e2c	tjupan_bacillus_subtilis_main_b5ddce4bc0328e2c	2.518682777763844	False	2	11	+	-54.5
EMB_onehot_C21	natural	tjupan_bacillus_subtilis_main_b9d7835496546020	tjupan_bacillus_subtilis_main_b9d7835496546020	5.716341499785814	False	18	27	+	-38.5
EMB_onehot_C21	natural	tjupan_bacillus_subtilis_main_bd36aa35d4edeb39	tjupan_bacillus_subtilis_main_bd36aa35d4edeb39	7.833463368079157	False	4	13	+	-52.5
EMB_onehot_C21	natural	tjupan_bacillus_subtilis_main_c24b04311bf8b4bf	tjupan_bacillus_subtilis_main_c24b04311bf8b4bf	5.213196340041725	False	2	11	-	-54.5
EMB_onehot_C21	natural	tjupan_bacillus_subtilis_main_c981e3412d58013c	tjupan_bacillus_subtilis_main_c981e3412d58013c	4.555448424969462	False	12	21	+	-44.5
EMB_onehot_C21	natural	tjupan_bacillus_subtilis_main_cbe667645cefe255	tjupan_bacillus_subtilis_main_cbe667645cefe255	5.143064317873395	False	1	10	-	-55.5
EMB_onehot_C21	natural	tjupan_bacillus_subtilis_main_ced7dfa7b2671e00	tjupan_bacillus_subtilis_main_ced7dfa7b2671e00	6.336100480330587	False	67	76	-	10.5
EMB_onehot_C21	natural	tjupan_bacillus_subtilis_main_d14a8947b06ae361	tjupan_bacillus_subtilis_main_d14a8947b06ae361	8.021686609712773	False	12	21	-	-44.5
EMB_onehot_C21	natural	tjupan_bacillus_subtilis_main_dd7d0f632ba9b25f	tjupan_bacillus_subtilis_main_dd7d0f632ba9b25f	4.905849867891732	False	47	56	-	-9.5
EMB_onehot_C21	natural	tjupan_bacillus_subtilis_main_deeb9c19c390dc19	tjupan_bacillus_subtilis_main_deeb9c19c390dc19	4.358684214984772	False	8	17	-	-48.5
EMB_onehot_C21	natural	tjupan_bacillus_subtilis_main_dfdf3a9a774b0b36	tjupan_bacillus_subtilis_main_dfdf3a9a774b0b36	5.768254470169133	False	70	79	-	13.5
EMB_onehot_C21	natural	tjupan_bacillus_subtilis_main_e05a9847e20fa44f	tjupan_bacillus_subtilis_main_e05a9847e20fa44f	7.328902215472273	False	67	76	-	10.5
EMB_onehot_C21	natural	tjupan_bacillus_subtilis_main_e09693162cd1efc7	tjupan_bacillus_subtilis_main_e09693162cd1efc7	8.704026447529603	False	64	73	-	7.5
EMB_onehot_C21	natural	tjupan_bacillus_subtilis_main_e1df7768894b7e64	tjupan_bacillus_subtilis_main_e1df7768894b7e64	7.982212208835705	False	25	34	-	-31.5
EMB_onehot_C21	natural	tjupan_bacillus_subtilis_main_e4935e5203d5f4a1	tjupan_bacillus_subtilis_main_e4935e5203d5f4a1	7.641904735621806	False	20	29	+	-36.5
EMB_onehot_C21	natural	tjupan_bacillus_subtilis_main_e71258c4630ccafd	tjupan_bacillus_subtilis_main_e71258c4630ccafd	5.264620223711536	False	59	68	-	2.5
EMB_onehot_C21	natural	tjupan_bacillus_subtilis_main_ea6abbc438ac2020	tjupan_bacillus_subtilis_main_ea6abbc438ac2020	7.590264342307968	False	67	76	+	10.5
EMB_onehot_C21	natural	tjupan_bacillus_subtilis_main_ede46bd107484afd	tjupan_bacillus_subtilis_main_ede46bd107484afd	5.218515818832308	False	48	57	-	-8.5
EMB_onehot_C21	natural	tjupan_bacillus_subtilis_main_f0317abbf46a2fa8	tjupan_bacillus_subtilis_main_f0317abbf46a2fa8	5.6844036497207755	False	37	46	-	-19.5
EMB_onehot_C21	natural	tjupan_bacillus_subtilis_main_fe9f961ad53aca80	tjupan_bacillus_subtilis_main_fe9f961ad53aca80	5.109230545968894	False	59	68	-	2.5
EMB_onehot_C21	natural	tjupan_bacillus_subtilis_main_fffb0162887a3736	tjupan_bacillus_subtilis_main_fffb0162887a3736	3.4579258781339792	False	7	16	+	-49.5
EMB_onehot_C21	shuffle	tjupan_bacillus_subtilis_main_0dc2e54e8f0778d4__dinucleotide_null	dbtbs_bsub_core_89ecb38b4ff0148f	8.207720472198373	False	52	61	-	-4.5
EMB_onehot_C21	shuffle	tjupan_bacillus_subtilis_main_682dcc155b9eb236__dinucleotide_null	dbtbs_bsub_core_5d3712ff0aeb1916	10.496968688454931	True	4	13	+	-52.5
EMB_onehot_C21	shuffle	tjupan_bacillus_subtilis_main_f2d1e33176b05430__dinucleotide_null	dbtbs_bsub_core_f2d1e33176b05430	9.363842942934973	True	16	25	-	-40.5
EMB_onehot_C21	shuffle	tjupan_bacillus_subtilis_main_c7551eecc12a98c1__dinucleotide_null	tjupan_bacillus_subtilis_main_c7551eecc12a98c1	10.313343822742755	True	53	62	-	-3.5
EMB_onehot_C21	shuffle	tjupan_bacillus_subtilis_main_89e75db25f32c6c9__dinucleotide_null	dbtbs_bsub_core_66a79c370c059251	5.9173775839218115	False	26	35	-	-30.5
EMB_onehot_C21	shuffle	tjupan_bacillus_subtilis_main_9996ea2b61a7fc82__dinucleotide_null	tjupan_bacillus_subtilis_main_9996ea2b61a7fc82	5.5532390477418945	False	37	46	+	-19.5
EMB_onehot_C21	shuffle	tjupan_bacillus_subtilis_main_b86a1d8c42408cc4__dinucleotide_null	tjupan_bacillus_subtilis_main_b86a1d8c42408cc4	5.9863369827043496	False	16	25	-	-40.5
EMB_onehot_C21	shuffle	tjupan_bacillus_subtilis_main_79220287475133e5__dinucleotide_null	dbtbs_bsub_core_79220287475133e5	7.248216636560289	False	17	26	-	-39.5
EMB_onehot_C21	shuffle	tjupan_bacillus_subtilis_main_a2bee6d81c2dad89__dinucleotide_null	dbtbs_bsub_core_a2bee6d81c2dad89	3.393390723566605	False	31	40	-	-25.5
EMB_onehot_C21	shuffle	tjupan_bacillus_subtilis_main_103f2a1ec6daa8c4__dinucleotide_null	dbtbs_bsub_core_103f2a1ec6daa8c4	7.175004027911245	False	17	26	+	-39.5
EMB_onehot_C21	shuffle	tjupan_bacillus_subtilis_main_996c93274b7d349e__dinucleotide_null	tjupan_bacillus_subtilis_main_996c93274b7d349e	6.173844797156612	False	62	71	-	5.5
EMB_onehot_C21	shuffle	tjupan_bacillus_subtilis_main_7c407bebf512b5e0__dinucleotide_null	tjupan_bacillus_subtilis_main_7c407bebf512b5e0	8.22864441622751	False	61	70	-	4.5
EMB_onehot_C21	shuffle	tjupan_bacillus_subtilis_main_842f97f040946982__dinucleotide_null	tjupan_bacillus_subtilis_main_842f97f040946982	6.676253214866062	False	41	50	-	-15.5
EMB_onehot_C21	shuffle	tjupan_bacillus_subtilis_main_42c1909004fe3d73__dinucleotide_null	tjupan_bacillus_subtilis_main_42c1909004fe3d73	7.953149505482023	False	59	68	-	2.5
EMB_onehot_C21	shuffle	tjupan_bacillus_subtilis_main_42074f78c0199323__dinucleotide_null	dbtbs_bsub_core_42074f78c0199323	4.757786760435869	False	28	37	-	-28.5
EMB_onehot_C21	shuffle	tjupan_bacillus_subtilis_main_72127e86172ad2be__dinucleotide_null	tjupan_bacillus_subtilis_main_72127e86172ad2be	8.363385200844153	False	63	72	-	6.5
EMB_onehot_C21	shuffle	tjupan_bacillus_subtilis_main_d072d578ae627246__dinucleotide_null	tjupan_bacillus_subtilis_main_d072d578ae627246	6.25646861519245	False	45	54	-	-11.5
EMB_onehot_C21	shuffle	tjupan_bacillus_subtilis_main_a2ab5f161ee68a0a__dinucleotide_null	tjupan_bacillus_subtilis_main_a2ab5f161ee68a0a	5.36833799381521	False	25	34	+	-31.5
EMB_onehot_C21	shuffle	tjupan_bacillus_subtilis_main_3ec8c178aa138223__dinucleotide_null	tjupan_bacillus_subtilis_main_3ec8c178aa138223	9.582238662066224	True	31	40	+	-25.5
EMB_onehot_C21	shuffle	tjupan_bacillus_subtilis_main_824214e197f86545__dinucleotide_null	tjupan_bacillus_subtilis_main_824214e197f86545	5.069837428945589	False	25	34	-	-31.5
EMB_onehot_C21	shuffle	tjupan_bacillus_subtilis_main_721ac29c5ef7c9f0__dinucleotide_null	dbtbs_bsub_core_721ac29c5ef7c9f0	7.5611295969681205	False	29	38	-	-27.5
EMB_onehot_C21	shuffle	tjupan_bacillus_subtilis_main_a7eb317986e0a410__dinucleotide_null	tjupan_bacillus_subtilis_main_a7eb317986e0a410	6.170762255920532	False	12	21	+	-44.5
EMB_onehot_C21	shuffle	tjupan_bacillus_subtilis_main_6cf2c0e47935a8c2__dinucleotide_null	dbtbs_bsub_core_6cf2c0e47935a8c2	7.84938120440044	False	9	18	-	-47.5
EMB_onehot_C21	shuffle	tjupan_bacillus_subtilis_main_cd9626c39ea075d5__dinucleotide_null	dbtbs_bsub_core_cd9626c39ea075d5	7.987060266603142	False	52	61	-	-4.5
EMB_onehot_C21	shuffle	tjupan_bacillus_subtilis_main_4a95c9a0c8c0dc5d__dinucleotide_null	dbtbs_bsub_core_d38f72abf66add23	3.5130872220319995	False	32	41	-	-24.5
EMB_onehot_C21	shuffle	tjupan_bacillus_subtilis_main_323902b09c4af7f6__dinucleotide_null	dbtbs_bsub_core_bb1d2472f35efe20	7.175004027911245	False	8	17	-	-48.5
EMB_onehot_C21	shuffle	tjupan_bacillus_subtilis_main_dda9e4c6372ef204__dinucleotide_null	dbtbs_bsub_core_50819f6cb2562fd8	6.3933531459408774	False	4	13	+	-52.5
EMB_onehot_C21	shuffle	tjupan_bacillus_subtilis_main_6fc8f7f57b8f5e9d__dinucleotide_null	tjupan_bacillus_subtilis_main_6fc8f7f57b8f5e9d	6.546762703671381	False	67	76	-	10.5
EMB_onehot_C21	shuffle	tjupan_bacillus_subtilis_main_84cc0835204b8e58__dinucleotide_null	dbtbs_bsub_core_396da27afda34e05	6.358212051027409	False	2	11	-	-54.5
EMB_onehot_C21	shuffle	tjupan_bacillus_subtilis_main_c897ab6e4a2d8869__dinucleotide_null	tjupan_bacillus_subtilis_main_c897ab6e4a2d8869	4.875371162779868	False	8	17	+	-48.5
EMB_onehot_C21	shuffle	tjupan_bacillus_subtilis_main_1b58b9006f9baf4f__dinucleotide_null	dbtbs_bsub_core_1b58b9006f9baf4f	8.79994926327095	False	24	33	-	-32.5
EMB_onehot_C21	shuffle	tjupan_bacillus_subtilis_main_5bcbea22526b97af__dinucleotide_null	dbtbs_bsub_core_2bafb1a73b5c7300	4.847282435789484	False	31	40	+	-25.5
EMB_onehot_C21	shuffle	tjupan_bacillus_subtilis_main_e51e63a9cb3e9467__dinucleotide_null	dbtbs_bsub_core_bb482769c888cf21	4.626774220481301	False	46	55	+	-10.5
EMB_onehot_C21	shuffle	tjupan_bacillus_subtilis_main_b558e80410906098__dinucleotide_null	dbtbs_bsub_core_b558e80410906098	7.298355093677126	False	70	79	+	13.5
EMB_onehot_C21	shuffle	tjupan_bacillus_subtilis_main_dc95e7cdf3939931__dinucleotide_null	dbtbs_bsub_core_dc95e7cdf3939931	8.094778229567881	False	7	16	+	-49.5
EMB_onehot_C21	shuffle	tjupan_bacillus_subtilis_main_cf013234eecd796b__dinucleotide_null	dbtbs_bsub_core_700614a2577d51a9	9.875478202140181	True	36	45	-	-20.5
EMB_onehot_C21	shuffle	tjupan_bacillus_subtilis_main_b541048ffbe461fc__dinucleotide_null	tjupan_bacillus_subtilis_main_b541048ffbe461fc	7.998855413826536	False	66	75	+	9.5
EMB_onehot_C21	shuffle	tjupan_bacillus_subtilis_main_0b4e887f7ea9c424__dinucleotide_null	dbtbs_bsub_core_0b4e887f7ea9c424	6.196241784840323	False	70	79	-	13.5
EMB_onehot_C21	shuffle	tjupan_bacillus_subtilis_main_93a3a1679c7a73c9__dinucleotide_null	tjupan_bacillus_subtilis_main_93a3a1679c7a73c9	8.79994926327095	False	70	79	+	13.5
EMB_onehot_C21	shuffle	tjupan_bacillus_subtilis_main_e7e17b10ff25536a__dinucleotide_null	tjupan_bacillus_subtilis_main_1eb616e060615c81	5.562025776677447	False	7	16	+	-49.5
EMB_onehot_C21	shuffle	tjupan_bacillus_subtilis_main_d94f791dab569af4__dinucleotide_null	dbtbs_bsub_core_e72b843a494a35db	7.409243674863177	False	72	81	+	15.5
EMB_onehot_C21	shuffle	tjupan_bacillus_subtilis_main_d75f323535d0e96f__dinucleotide_null	tjupan_bacillus_subtilis_main_d75f323535d0e96f	3.312403277398425	False	13	22	+	-43.5
EMB_onehot_C21	shuffle	tjupan_bacillus_subtilis_main_74379fc21a77213d__dinucleotide_null	tjupan_bacillus_subtilis_main_74379fc21a77213d	2.2851501797376215	False	36	45	+	-20.5
EMB_onehot_C21	shuffle	tjupan_bacillus_subtilis_main_6f5bfd2e001a2697__dinucleotide_null	dbtbs_bsub_core_6f5bfd2e001a2697	6.545067120862675	False	54	63	+	-2.5
EMB_onehot_C21	shuffle	tjupan_bacillus_subtilis_main_1eb616e060615c81__dinucleotide_null	tjupan_bacillus_subtilis_main_1eb616e060615c81	5.242147713016907	False	46	55	-	-10.5
EMB_onehot_C21	shuffle	tjupan_bacillus_subtilis_main_409ff8a786357eb4__dinucleotide_null	dbtbs_bsub_core_3e3a825c0d09de99	6.330098759388833	False	47	56	-	-9.5
EMB_onehot_C21	shuffle	tjupan_bacillus_subtilis_main_1bc60721b4be672c__dinucleotide_null	dbtbs_bsub_core_cb8975beecd17a84	9.980204400805375	True	49	58	-	-7.5
EMB_onehot_C21	shuffle	tjupan_bacillus_subtilis_main_af44da9eb65c9b2b__dinucleotide_null	tjupan_bacillus_subtilis_main_af44da9eb65c9b2b	7.953387670263357	False	59	68	+	2.5
EMB_onehot_C21	shuffle	tjupan_bacillus_subtilis_main_8f5b60fc07e381f2__dinucleotide_null	dbtbs_bsub_core_8f5b60fc07e381f2	6.305486705287961	False	4	13	+	-52.5
EMB_onehot_C21	shuffle	tjupan_bacillus_subtilis_main_5c9bf0eab187b5f5__dinucleotide_null	dbtbs_bsub_core_93f240a64705adb6	9.726479679537638	True	29	38	-	-27.5
EMB_onehot_C21	shuffle	tjupan_bacillus_subtilis_main_aaf138e1b23719d3__dinucleotide_null	dbtbs_bsub_core_380666e4ad2529dd	9.200435806059108	True	69	78	+	12.5
EMB_onehot_C21	shuffle	tjupan_bacillus_subtilis_main_0fcba0431054cde6__dinucleotide_null	dbtbs_bsub_core_0fcba0431054cde6	9.062870176149286	True	20	29	+	-36.5
EMB_onehot_C21	shuffle	tjupan_bacillus_subtilis_main_6f6446b7ed912162__dinucleotide_null	dbtbs_bsub_core_6f6446b7ed912162	7.987060266603141	False	31	40	+	-25.5
EMB_onehot_C21	shuffle	tjupan_bacillus_subtilis_main_d434d749686b9e33__dinucleotide_null	dbtbs_bsub_core_137eff58d766cefa	9.791797654751862	True	64	73	-	7.5
EMB_onehot_C21	shuffle	tjupan_bacillus_subtilis_main_96c549f1b176b111__dinucleotide_null	tjupan_bacillus_subtilis_main_96c549f1b176b111	5.251748305102909	False	46	55	-	-10.5
EMB_onehot_C21	shuffle	tjupan_bacillus_subtilis_main_a4db17c75fb94c83__dinucleotide_null	dbtbs_bsub_core_8c6f4b9eba960292	4.7533483562632215	False	64	73	-	7.5
EMB_onehot_C21	shuffle	tjupan_bacillus_subtilis_main_0e5e92df8dafa46f__dinucleotide_null	dbtbs_bsub_core_0e5e92df8dafa46f	8.362083642668374	False	3	12	-	-53.5
EMB_onehot_C21	shuffle	tjupan_bacillus_subtilis_main_089b35a135bf8797__dinucleotide_null	tjupan_bacillus_subtilis_main_089b35a135bf8797	7.583148213017262	False	22	31	+	-34.5
EMB_onehot_C21	shuffle	tjupan_bacillus_subtilis_main_2e3c51df0d86f79b__dinucleotide_null	dbtbs_bsub_core_245b899eb3255120	6.0557164753211605	False	7	16	-	-49.5
EMB_onehot_C21	shuffle	tjupan_bacillus_subtilis_main_648aef9dba1f38c4__dinucleotide_null	tjupan_bacillus_subtilis_main_648aef9dba1f38c4	7.3279484687024254	False	40	49	-	-16.5
EMB_onehot_C21	shuffle	tjupan_bacillus_subtilis_main_b809758bf01da07c__dinucleotide_null	tjupan_bacillus_subtilis_main_b809758bf01da07c	7.719754853502649	False	57	66	-	0.5
EMB_onehot_C21	shuffle	tjupan_bacillus_subtilis_main_72db3945a2fcac01__dinucleotide_null	tjupan_bacillus_subtilis_main_72db3945a2fcac01	8.938942078839379	False	13	22	+	-43.5
EMB_onehot_C21	shuffle	tjupan_bacillus_subtilis_main_8d9a62a0fbc43019__dinucleotide_null	dbtbs_bsub_core_3348625232a23256	4.296166609014812	False	44	53	+	-12.5
EMB_onehot_C21	shuffle	tjupan_bacillus_subtilis_main_2fc6e10224ce632e__dinucleotide_null	dbtbs_bsub_core_2fc6e10224ce632e	7.362574811812058	False	44	53	-	-12.5
EMB_onehot_C21	shuffle	tjupan_bacillus_subtilis_main_4dd4acc476485632__dinucleotide_null	tjupan_bacillus_subtilis_main_4dd4acc476485632	7.429365771595583	False	22	31	+	-34.5
EMB_onehot_C21	shuffle	tjupan_bacillus_subtilis_main_5a1a4573de4d55b3__dinucleotide_null	dbtbs_bsub_core_af75962c5aaa60ac	10.359403058545109	True	71	80	+	14.5
EMB_onehot_C21	shuffle	tjupan_bacillus_subtilis_main_fe854ef781d570c9__dinucleotide_null	dbtbs_bsub_core_79142b70125d7f77	6.055090460194653	False	33	42	+	-23.5
EMB_onehot_C22	positive	tjupan_bacillus_subtilis_main_089b35a135bf8797	tjupan_bacillus_subtilis_main_089b35a135bf8797	7.301576834399194	False	7	16	+	-49.5
EMB_onehot_C22	positive	tjupan_bacillus_subtilis_main_0b4e887f7ea9c424	dbtbs_bsub_core_0b4e887f7ea9c424	8.497490694064034	True	2	11	+	-54.5
EMB_onehot_C22	positive	tjupan_bacillus_subtilis_main_0dc2e54e8f0778d4	dbtbs_bsub_core_89ecb38b4ff0148f	8.427497648623216	False	72	81	+	15.5
EMB_onehot_C22	positive	tjupan_bacillus_subtilis_main_0e5e92df8dafa46f	dbtbs_bsub_core_0e5e92df8dafa46f	8.463947296890563	True	29	38	-	-27.5
EMB_onehot_C22	positive	tjupan_bacillus_subtilis_main_0fcba0431054cde6	dbtbs_bsub_core_0fcba0431054cde6	4.465152146969861	False	42	51	+	-14.5
EMB_onehot_C22	positive	tjupan_bacillus_subtilis_main_103f2a1ec6daa8c4	dbtbs_bsub_core_103f2a1ec6daa8c4	8.601131021146912	True	51	60	-	-5.5
EMB_onehot_C22	positive	tjupan_bacillus_subtilis_main_1b58b9006f9baf4f	dbtbs_bsub_core_1b58b9006f9baf4f	6.387229960277166	False	57	66	-	0.5
EMB_onehot_C22	positive	tjupan_bacillus_subtilis_main_1bc60721b4be672c	dbtbs_bsub_core_cb8975beecd17a84	5.724525997866444	False	14	23	-	-42.5
EMB_onehot_C22	positive	tjupan_bacillus_subtilis_main_1eb616e060615c81	tjupan_bacillus_subtilis_main_1eb616e060615c81	3.6131319504717885	False	10	19	-	-46.5
EMB_onehot_C22	positive	tjupan_bacillus_subtilis_main_2e3c51df0d86f79b	dbtbs_bsub_core_245b899eb3255120	9.052014293113498	True	17	26	-	-39.5
EMB_onehot_C22	positive	tjupan_bacillus_subtilis_main_2fc6e10224ce632e	dbtbs_bsub_core_2fc6e10224ce632e	9.359940348261805	True	4	13	-	-52.5
EMB_onehot_C22	positive	tjupan_bacillus_subtilis_main_323902b09c4af7f6	dbtbs_bsub_core_bb1d2472f35efe20	2.974812139256798	False	34	43	+	-22.5
EMB_onehot_C22	positive	tjupan_bacillus_subtilis_main_3ec8c178aa138223	tjupan_bacillus_subtilis_main_3ec8c178aa138223	7.123883500425163	False	53	62	+	-3.5
EMB_onehot_C22	positive	tjupan_bacillus_subtilis_main_409ff8a786357eb4	dbtbs_bsub_core_3e3a825c0d09de99	5.436851034092667	False	9	18	-	-47.5
EMB_onehot_C22	positive	tjupan_bacillus_subtilis_main_42074f78c0199323	dbtbs_bsub_core_42074f78c0199323	4.5242799200209225	False	11	20	+	-45.5
EMB_onehot_C22	positive	tjupan_bacillus_subtilis_main_42c1909004fe3d73	tjupan_bacillus_subtilis_main_42c1909004fe3d73	6.7395953685475956	False	65	74	+	8.5
EMB_onehot_C22	positive	tjupan_bacillus_subtilis_main_4a95c9a0c8c0dc5d	dbtbs_bsub_core_d38f72abf66add23	6.996861589938245	False	29	38	-	-27.5
EMB_onehot_C22	positive	tjupan_bacillus_subtilis_main_4dd4acc476485632	tjupan_bacillus_subtilis_main_4dd4acc476485632	5.691230960201522	False	41	50	+	-15.5
EMB_onehot_C22	positive	tjupan_bacillus_subtilis_main_5a1a4573de4d55b3	dbtbs_bsub_core_af75962c5aaa60ac	6.985769529246244	False	62	71	+	5.5
EMB_onehot_C22	positive	tjupan_bacillus_subtilis_main_5bcbea22526b97af	dbtbs_bsub_core_2bafb1a73b5c7300	5.576647809924275	False	29	38	+	-27.5
EMB_onehot_C22	positive	tjupan_bacillus_subtilis_main_5c9bf0eab187b5f5	dbtbs_bsub_core_93f240a64705adb6	8.90661958271495	True	8	17	+	-48.5
EMB_onehot_C22	positive	tjupan_bacillus_subtilis_main_648aef9dba1f38c4	tjupan_bacillus_subtilis_main_648aef9dba1f38c4	8.122747665060736	False	68	77	-	11.5
EMB_onehot_C22	positive	tjupan_bacillus_subtilis_main_682dcc155b9eb236	dbtbs_bsub_core_5d3712ff0aeb1916	7.030520136463743	False	56	65	-	-0.5
EMB_onehot_C22	positive	tjupan_bacillus_subtilis_main_6cf2c0e47935a8c2	dbtbs_bsub_core_6cf2c0e47935a8c2	9.486168587249741	True	4	13	-	-52.5
EMB_onehot_C22	positive	tjupan_bacillus_subtilis_main_6f5bfd2e001a2697	dbtbs_bsub_core_6f5bfd2e001a2697	11.110171471931334	True	55	64	-	-1.5
EMB_onehot_C22	positive	tjupan_bacillus_subtilis_main_6f6446b7ed912162	dbtbs_bsub_core_6f6446b7ed912162	7.137653916186292	False	53	62	-	-3.5
EMB_onehot_C22	positive	tjupan_bacillus_subtilis_main_6fc8f7f57b8f5e9d	tjupan_bacillus_subtilis_main_6fc8f7f57b8f5e9d	6.154991604230925	False	18	27	-	-38.5
EMB_onehot_C22	positive	tjupan_bacillus_subtilis_main_72127e86172ad2be	tjupan_bacillus_subtilis_main_72127e86172ad2be	9.429761797759376	True	11	20	+	-45.5
EMB_onehot_C22	positive	tjupan_bacillus_subtilis_main_721ac29c5ef7c9f0	dbtbs_bsub_core_721ac29c5ef7c9f0	5.079761092835686	False	14	23	-	-42.5
EMB_onehot_C22	positive	tjupan_bacillus_subtilis_main_72db3945a2fcac01	tjupan_bacillus_subtilis_main_72db3945a2fcac01	8.11944460078818	False	19	28	+	-37.5
EMB_onehot_C22	positive	tjupan_bacillus_subtilis_main_74379fc21a77213d	tjupan_bacillus_subtilis_main_74379fc21a77213d	4.9391268250636795	False	15	24	-	-41.5
EMB_onehot_C22	positive	tjupan_bacillus_subtilis_main_79220287475133e5	dbtbs_bsub_core_79220287475133e5	7.41623033454078	False	18	27	-	-38.5
EMB_onehot_C22	positive	tjupan_bacillus_subtilis_main_7c407bebf512b5e0	tjupan_bacillus_subtilis_main_7c407bebf512b5e0	4.192034528469632	False	17	26	+	-39.5
EMB_onehot_C22	positive	tjupan_bacillus_subtilis_main_824214e197f86545	tjupan_bacillus_subtilis_main_824214e197f86545	5.970993037291711	False	32	41	-	-24.5
EMB_onehot_C22	positive	tjupan_bacillus_subtilis_main_842f97f040946982	tjupan_bacillus_subtilis_main_842f97f040946982	7.491283256663978	False	30	39	-	-26.5
EMB_onehot_C22	positive	tjupan_bacillus_subtilis_main_84cc0835204b8e58	dbtbs_bsub_core_396da27afda34e05	7.221281788906328	False	18	27	-	-38.5
EMB_onehot_C22	positive	tjupan_bacillus_subtilis_main_89e75db25f32c6c9	dbtbs_bsub_core_66a79c370c059251	5.64576900793681	False	55	64	+	-1.5
EMB_onehot_C22	positive	tjupan_bacillus_subtilis_main_8d9a62a0fbc43019	dbtbs_bsub_core_3348625232a23256	4.06609178277237	False	4	13	+	-52.5
EMB_onehot_C22	positive	tjupan_bacillus_subtilis_main_8f5b60fc07e381f2	dbtbs_bsub_core_8f5b60fc07e381f2	5.739318239112375	False	4	13	+	-52.5
EMB_onehot_C22	positive	tjupan_bacillus_subtilis_main_93a3a1679c7a73c9	tjupan_bacillus_subtilis_main_93a3a1679c7a73c9	5.428046976587763	False	66	75	-	9.5
EMB_onehot_C22	positive	tjupan_bacillus_subtilis_main_96c549f1b176b111	tjupan_bacillus_subtilis_main_96c549f1b176b111	9.64263363866051	True	28	37	+	-28.5
EMB_onehot_C22	positive	tjupan_bacillus_subtilis_main_996c93274b7d349e	tjupan_bacillus_subtilis_main_996c93274b7d349e	6.586727900223955	False	5	14	-	-51.5
EMB_onehot_C22	positive	tjupan_bacillus_subtilis_main_9996ea2b61a7fc82	tjupan_bacillus_subtilis_main_9996ea2b61a7fc82	3.778997293562702	False	56	65	-	-0.5
EMB_onehot_C22	positive	tjupan_bacillus_subtilis_main_a2ab5f161ee68a0a	tjupan_bacillus_subtilis_main_a2ab5f161ee68a0a	6.988422824757794	False	56	65	-	-0.5
EMB_onehot_C22	positive	tjupan_bacillus_subtilis_main_a2bee6d81c2dad89	dbtbs_bsub_core_a2bee6d81c2dad89	3.6310054362790884	False	66	75	-	9.5
EMB_onehot_C22	positive	tjupan_bacillus_subtilis_main_a4db17c75fb94c83	dbtbs_bsub_core_8c6f4b9eba960292	7.267733340956653	False	11	20	+	-45.5
EMB_onehot_C22	positive	tjupan_bacillus_subtilis_main_a7eb317986e0a410	tjupan_bacillus_subtilis_main_a7eb317986e0a410	4.70454037848341	False	29	38	+	-27.5
EMB_onehot_C22	positive	tjupan_bacillus_subtilis_main_aaf138e1b23719d3	dbtbs_bsub_core_380666e4ad2529dd	8.452257562330079	True	14	23	+	-42.5
EMB_onehot_C22	positive	tjupan_bacillus_subtilis_main_af44da9eb65c9b2b	tjupan_bacillus_subtilis_main_af44da9eb65c9b2b	6.6392396668977804	False	10	19	+	-46.5
EMB_onehot_C22	positive	tjupan_bacillus_subtilis_main_b541048ffbe461fc	tjupan_bacillus_subtilis_main_b541048ffbe461fc	4.425663913518029	False	1	10	+	-55.5
EMB_onehot_C22	positive	tjupan_bacillus_subtilis_main_b558e80410906098	dbtbs_bsub_core_b558e80410906098	5.115895703247811	False	5	14	+	-51.5
EMB_onehot_C22	positive	tjupan_bacillus_subtilis_main_b809758bf01da07c	tjupan_bacillus_subtilis_main_b809758bf01da07c	6.297175699420819	False	57	66	-	0.5
EMB_onehot_C22	positive	tjupan_bacillus_subtilis_main_b86a1d8c42408cc4	tjupan_bacillus_subtilis_main_b86a1d8c42408cc4	4.849483839520642	False	19	28	-	-37.5
EMB_onehot_C22	positive	tjupan_bacillus_subtilis_main_c7551eecc12a98c1	tjupan_bacillus_subtilis_main_c7551eecc12a98c1	9.859214384708682	True	38	47	+	-18.5
EMB_onehot_C22	positive	tjupan_bacillus_subtilis_main_c897ab6e4a2d8869	tjupan_bacillus_subtilis_main_c897ab6e4a2d8869	8.544325114876038	True	13	22	+	-43.5
EMB_onehot_C22	positive	tjupan_bacillus_subtilis_main_cd9626c39ea075d5	dbtbs_bsub_core_cd9626c39ea075d5	6.763149343264635	False	37	46	-	-19.5
EMB_onehot_C22	positive	tjupan_bacillus_subtilis_main_cf013234eecd796b	dbtbs_bsub_core_700614a2577d51a9	6.49167459568498	False	39	48	+	-17.5
EMB_onehot_C22	positive	tjupan_bacillus_subtilis_main_d072d578ae627246	tjupan_bacillus_subtilis_main_d072d578ae627246	6.476672305014237	False	40	49	-	-16.5
EMB_onehot_C22	positive	tjupan_bacillus_subtilis_main_d434d749686b9e33	dbtbs_bsub_core_137eff58d766cefa	7.424443942356533	False	10	19	+	-46.5
EMB_onehot_C22	positive	tjupan_bacillus_subtilis_main_d75f323535d0e96f	tjupan_bacillus_subtilis_main_d75f323535d0e96f	6.352614312329253	False	71	80	-	14.5
EMB_onehot_C22	positive	tjupan_bacillus_subtilis_main_d94f791dab569af4	dbtbs_bsub_core_e72b843a494a35db	6.180776346291729	False	22	31	+	-34.5
EMB_onehot_C22	positive	tjupan_bacillus_subtilis_main_dc95e7cdf3939931	dbtbs_bsub_core_dc95e7cdf3939931	9.176399842539649	True	63	72	+	6.5
EMB_onehot_C22	positive	tjupan_bacillus_subtilis_main_dda9e4c6372ef204	dbtbs_bsub_core_50819f6cb2562fd8	6.5841964393399675	False	59	68	-	2.5
EMB_onehot_C22	positive	tjupan_bacillus_subtilis_main_e51e63a9cb3e9467	dbtbs_bsub_core_bb482769c888cf21	7.141750651957832	False	59	68	-	2.5
EMB_onehot_C22	positive	tjupan_bacillus_subtilis_main_e7e17b10ff25536a	tjupan_bacillus_subtilis_main_1eb616e060615c81	3.6131319504717885	False	13	22	-	-43.5
EMB_onehot_C22	positive	tjupan_bacillus_subtilis_main_f2d1e33176b05430	dbtbs_bsub_core_f2d1e33176b05430	6.5868994961672005	False	67	76	-	10.5
EMB_onehot_C22	positive	tjupan_bacillus_subtilis_main_fe854ef781d570c9	dbtbs_bsub_core_79142b70125d7f77	5.644834546853779	False	11	20	+	-45.5
EMB_onehot_C22	natural	tjupan_bacillus_subtilis_main_01f49032fc924b2b	tjupan_bacillus_subtilis_main_01f49032fc924b2b	5.056566683473319	False	19	28	-	-37.5
EMB_onehot_C22	natural	tjupan_bacillus_subtilis_main_0369fa5f1dde8889	tjupan_bacillus_subtilis_main_0369fa5f1dde8889	7.0146620457044495	False	45	54	-	-11.5
EMB_onehot_C22	natural	tjupan_bacillus_subtilis_main_04bf0704019251eb	tjupan_bacillus_subtilis_main_04bf0704019251eb	4.322368459310871	False	3	12	+	-53.5
EMB_onehot_C22	natural	tjupan_bacillus_subtilis_main_07a43cab15901fd0	tjupan_bacillus_subtilis_main_07a43cab15901fd0	6.574326259631924	False	1	10	-	-55.5
EMB_onehot_C22	natural	tjupan_bacillus_subtilis_main_0abf62f108ad9afa	tjupan_bacillus_subtilis_main_0abf62f108ad9afa	4.427761528553137	False	9	18	-	-47.5
EMB_onehot_C22	natural	tjupan_bacillus_subtilis_main_10a028761e096e6f	tjupan_bacillus_subtilis_main_10a028761e096e6f	4.212728677151639	False	28	37	-	-28.5
EMB_onehot_C22	natural	tjupan_bacillus_subtilis_main_1183c551e9c3884e	tjupan_bacillus_subtilis_main_1183c551e9c3884e	5.467797292377171	False	52	61	-	-4.5
EMB_onehot_C22	natural	tjupan_bacillus_subtilis_main_11c75fe7d070d91d	tjupan_bacillus_subtilis_main_11c75fe7d070d91d	3.0998907743444546	False	25	34	-	-31.5
EMB_onehot_C22	natural	tjupan_bacillus_subtilis_main_13f81edc59432f39	tjupan_bacillus_subtilis_main_13f81edc59432f39	4.9990476454562325	False	10	19	+	-46.5
EMB_onehot_C22	natural	tjupan_bacillus_subtilis_main_1a1965c69595e91c	tjupan_bacillus_subtilis_main_1a1965c69595e91c	6.984459949346214	False	52	61	+	-4.5
EMB_onehot_C22	natural	tjupan_bacillus_subtilis_main_28ceb7fd6ffaf1b1	tjupan_bacillus_subtilis_main_28ceb7fd6ffaf1b1	9.510818881610206	True	20	29	-	-36.5
EMB_onehot_C22	natural	tjupan_bacillus_subtilis_main_2a691ccdd9f8cd87	tjupan_bacillus_subtilis_main_2a691ccdd9f8cd87	4.771583533004423	False	17	26	-	-39.5
EMB_onehot_C22	natural	tjupan_bacillus_subtilis_main_3095b00d206277d2	tjupan_bacillus_subtilis_main_3095b00d206277d2	5.517860648726574	False	13	22	-	-43.5
EMB_onehot_C22	natural	tjupan_bacillus_subtilis_main_33ded6bc702ab6e3	tjupan_bacillus_subtilis_main_33ded6bc702ab6e3	4.028563653615166	False	26	35	-	-30.5
EMB_onehot_C22	natural	tjupan_bacillus_subtilis_main_3b669bfd8e8ecc5c	tjupan_bacillus_subtilis_main_3b669bfd8e8ecc5c	6.749367473502739	False	18	27	+	-38.5
EMB_onehot_C22	natural	tjupan_bacillus_subtilis_main_3dfed0cfea4ace99	tjupan_bacillus_subtilis_main_3dfed0cfea4ace99	7.830409207438252	False	7	16	+	-49.5
EMB_onehot_C22	natural	tjupan_bacillus_subtilis_main_3f82397c249b4c2e	tjupan_bacillus_subtilis_main_3f82397c249b4c2e	6.525710508231288	False	16	25	+	-40.5
EMB_onehot_C22	natural	tjupan_bacillus_subtilis_main_413de94f4b4cc894	tjupan_bacillus_subtilis_main_413de94f4b4cc894	5.27108685596086	False	46	55	-	-10.5
EMB_onehot_C22	natural	tjupan_bacillus_subtilis_main_4225dc5bcf089682	tjupan_bacillus_subtilis_main_4225dc5bcf089682	5.182701358157451	False	34	43	-	-22.5
EMB_onehot_C22	natural	tjupan_bacillus_subtilis_main_43e8357a95b8acad	tjupan_bacillus_subtilis_main_43e8357a95b8acad	1.9363704851387649	False	7	16	+	-49.5
EMB_onehot_C22	natural	tjupan_bacillus_subtilis_main_44b9e66950262593	tjupan_bacillus_subtilis_main_44b9e66950262593	2.4050771664642805	False	57	66	+	0.5
EMB_onehot_C22	natural	tjupan_bacillus_subtilis_main_4600103c5e396ab7	tjupan_bacillus_subtilis_main_4600103c5e396ab7	2.7446125345153907	False	16	25	-	-40.5
EMB_onehot_C22	natural	tjupan_bacillus_subtilis_main_47b01646ad818f05	tjupan_bacillus_subtilis_main_47b01646ad818f05	6.326135418572063	False	47	56	-	-9.5
EMB_onehot_C22	natural	tjupan_bacillus_subtilis_main_47f3a0ce2d4034a8	tjupan_bacillus_subtilis_main_47f3a0ce2d4034a8	3.348925511598469	False	46	55	+	-10.5
EMB_onehot_C22	natural	tjupan_bacillus_subtilis_main_4c62636643ef908e	tjupan_bacillus_subtilis_main_4c62636643ef908e	3.905757455606823	False	14	23	-	-42.5
EMB_onehot_C22	natural	tjupan_bacillus_subtilis_main_4ec6f242d8a5df5c	tjupan_bacillus_subtilis_main_4ec6f242d8a5df5c	5.163452166829659	False	14	23	-	-42.5
EMB_onehot_C22	natural	tjupan_bacillus_subtilis_main_4efdcab552f8b70d	tjupan_bacillus_subtilis_main_4efdcab552f8b70d	1.5591190224361478	False	61	70	-	4.5
EMB_onehot_C22	natural	tjupan_bacillus_subtilis_main_51577d89c939deba	tjupan_bacillus_subtilis_main_51577d89c939deba	2.0075364433834393	False	63	72	-	6.5
EMB_onehot_C22	natural	tjupan_bacillus_subtilis_main_52bff7f8e27d9410	tjupan_bacillus_subtilis_main_52bff7f8e27d9410	2.4082860163958135	False	65	74	-	8.5
EMB_onehot_C22	natural	tjupan_bacillus_subtilis_main_59901c21c497690b	tjupan_bacillus_subtilis_main_59901c21c497690b	7.776667595453939	False	48	57	-	-8.5
EMB_onehot_C22	natural	tjupan_bacillus_subtilis_main_5f953d4f57c1fa81	tjupan_bacillus_subtilis_main_5f953d4f57c1fa81	2.919599645791471	False	49	58	-	-7.5
EMB_onehot_C22	natural	tjupan_bacillus_subtilis_main_669f9a1f1028b036	tjupan_bacillus_subtilis_main_669f9a1f1028b036	6.703555366476777	False	43	52	+	-13.5
EMB_onehot_C22	natural	tjupan_bacillus_subtilis_main_69dc5d058d63d549	tjupan_bacillus_subtilis_main_69dc5d058d63d549	5.3150142305046995	False	57	66	-	0.5
EMB_onehot_C22	natural	tjupan_bacillus_subtilis_main_6cfe0a7e178b1651	tjupan_bacillus_subtilis_main_6cfe0a7e178b1651	5.8781117771618066	False	22	31	+	-34.5
EMB_onehot_C22	natural	tjupan_bacillus_subtilis_main_705ab5e790a4610d	tjupan_bacillus_subtilis_main_705ab5e790a4610d	4.986668789048572	False	66	75	-	9.5
EMB_onehot_C22	natural	tjupan_bacillus_subtilis_main_71852833d33a5887	tjupan_bacillus_subtilis_main_71852833d33a5887	5.253414337601179	False	9	18	+	-47.5
EMB_onehot_C22	natural	tjupan_bacillus_subtilis_main_76c86d1f05ca1d88	tjupan_bacillus_subtilis_main_76c86d1f05ca1d88	3.044340446158065	False	64	73	-	7.5
EMB_onehot_C22	natural	tjupan_bacillus_subtilis_main_777d2d2586a95fbc	tjupan_bacillus_subtilis_main_777d2d2586a95fbc	6.880125125835585	False	36	45	-	-20.5
EMB_onehot_C22	natural	tjupan_bacillus_subtilis_main_7c99b9a8665786aa	tjupan_bacillus_subtilis_main_7c99b9a8665786aa	5.681502309844854	False	68	77	-	11.5
EMB_onehot_C22	natural	tjupan_bacillus_subtilis_main_82f0003647ec7740	tjupan_bacillus_subtilis_main_82f0003647ec7740	8.427497648623216	False	62	71	+	5.5
EMB_onehot_C22	natural	tjupan_bacillus_subtilis_main_8a9952e5dc8e0bd1	tjupan_bacillus_subtilis_main_8a9952e5dc8e0bd1	4.307275261938199	False	58	67	-	1.5
EMB_onehot_C22	natural	tjupan_bacillus_subtilis_main_8c2afb751c3f9d92	tjupan_bacillus_subtilis_main_8c2afb751c3f9d92	6.026436471784412	False	43	52	-	-13.5
EMB_onehot_C22	natural	tjupan_bacillus_subtilis_main_8e1b3c58365d2bbd	tjupan_bacillus_subtilis_main_8e1b3c58365d2bbd	6.863653361232578	False	60	69	-	3.5
EMB_onehot_C22	natural	tjupan_bacillus_subtilis_main_906140fe2a990d8e	tjupan_bacillus_subtilis_main_906140fe2a990d8e	3.846329203389825	False	67	76	-	10.5
EMB_onehot_C22	natural	tjupan_bacillus_subtilis_main_94dbc17f3078c678	tjupan_bacillus_subtilis_main_94dbc17f3078c678	5.877986769113333	False	2	11	-	-54.5
EMB_onehot_C22	natural	tjupan_bacillus_subtilis_main_9bf1d28c9aae3b2e	tjupan_bacillus_subtilis_main_9bf1d28c9aae3b2e	6.080902603210272	False	29	38	-	-27.5
EMB_onehot_C22	natural	tjupan_bacillus_subtilis_main_9cc8f38cff175da4	tjupan_bacillus_subtilis_main_9cc8f38cff175da4	5.271232313978289	False	23	32	+	-33.5
EMB_onehot_C22	natural	tjupan_bacillus_subtilis_main_9cceb700e3527301	tjupan_bacillus_subtilis_main_9cceb700e3527301	2.202195867823452	False	12	21	-	-44.5
EMB_onehot_C22	natural	tjupan_bacillus_subtilis_main_9d0345f875b7552c	tjupan_bacillus_subtilis_main_9d0345f875b7552c	5.301167021228066	False	28	37	-	-28.5
EMB_onehot_C22	natural	tjupan_bacillus_subtilis_main_a3fedb31fa6cc84b	tjupan_bacillus_subtilis_main_a3fedb31fa6cc84b	4.240637078158757	False	38	47	+	-18.5
EMB_onehot_C22	natural	tjupan_bacillus_subtilis_main_a54e7006d4699b67	tjupan_bacillus_subtilis_main_a54e7006d4699b67	3.837667208775663	False	40	49	-	-16.5
EMB_onehot_C22	natural	tjupan_bacillus_subtilis_main_aaa45c891936f972	tjupan_bacillus_subtilis_main_aaa45c891936f972	7.7751596448356635	False	8	17	+	-48.5
EMB_onehot_C22	natural	tjupan_bacillus_subtilis_main_aec3d55ae2f9e509	tjupan_bacillus_subtilis_main_aec3d55ae2f9e509	4.04208436437536	False	16	25	+	-40.5
EMB_onehot_C22	natural	tjupan_bacillus_subtilis_main_b0b9cfd1b442c029	tjupan_bacillus_subtilis_main_b0b9cfd1b442c029	6.84500515705919	False	55	64	+	-1.5
EMB_onehot_C22	natural	tjupan_bacillus_subtilis_main_b161f4572a371b25	tjupan_bacillus_subtilis_main_b161f4572a371b25	6.84878996063828	False	37	46	-	-19.5
EMB_onehot_C22	natural	tjupan_bacillus_subtilis_main_b3e87bd1af1ccb1a	tjupan_bacillus_subtilis_main_b3e87bd1af1ccb1a	5.222305359472014	False	14	23	-	-42.5
EMB_onehot_C22	natural	tjupan_bacillus_subtilis_main_b5ddce4bc0328e2c	tjupan_bacillus_subtilis_main_b5ddce4bc0328e2c	3.817247913305984	False	58	67	-	1.5
EMB_onehot_C22	natural	tjupan_bacillus_subtilis_main_b9d7835496546020	tjupan_bacillus_subtilis_main_b9d7835496546020	3.7115068168167324	False	19	28	+	-37.5
EMB_onehot_C22	natural	tjupan_bacillus_subtilis_main_bd36aa35d4edeb39	tjupan_bacillus_subtilis_main_bd36aa35d4edeb39	5.384538709966616	False	69	78	-	12.5
EMB_onehot_C22	natural	tjupan_bacillus_subtilis_main_c24b04311bf8b4bf	tjupan_bacillus_subtilis_main_c24b04311bf8b4bf	3.600852134053744	False	49	58	-	-7.5
EMB_onehot_C22	natural	tjupan_bacillus_subtilis_main_c981e3412d58013c	tjupan_bacillus_subtilis_main_c981e3412d58013c	4.0955286682229755	False	15	24	+	-41.5
EMB_onehot_C22	natural	tjupan_bacillus_subtilis_main_cbe667645cefe255	tjupan_bacillus_subtilis_main_cbe667645cefe255	7.919223055654397	False	30	39	-	-26.5
EMB_onehot_C22	natural	tjupan_bacillus_subtilis_main_ced7dfa7b2671e00	tjupan_bacillus_subtilis_main_ced7dfa7b2671e00	5.985596884280141	False	7	16	-	-49.5
EMB_onehot_C22	natural	tjupan_bacillus_subtilis_main_d14a8947b06ae361	tjupan_bacillus_subtilis_main_d14a8947b06ae361	8.682439086054956	True	10	19	-	-46.5
EMB_onehot_C22	natural	tjupan_bacillus_subtilis_main_dd7d0f632ba9b25f	tjupan_bacillus_subtilis_main_dd7d0f632ba9b25f	5.419263418004525	False	16	25	-	-40.5
EMB_onehot_C22	natural	tjupan_bacillus_subtilis_main_deeb9c19c390dc19	tjupan_bacillus_subtilis_main_deeb9c19c390dc19	5.018732070297126	False	41	50	+	-15.5
EMB_onehot_C22	natural	tjupan_bacillus_subtilis_main_dfdf3a9a774b0b36	tjupan_bacillus_subtilis_main_dfdf3a9a774b0b36	4.5606648224778406	False	9	18	-	-47.5
EMB_onehot_C22	natural	tjupan_bacillus_subtilis_main_e05a9847e20fa44f	tjupan_bacillus_subtilis_main_e05a9847e20fa44f	4.272766061145969	False	39	48	+	-17.5
EMB_onehot_C22	natural	tjupan_bacillus_subtilis_main_e09693162cd1efc7	tjupan_bacillus_subtilis_main_e09693162cd1efc7	7.403313559687745	False	8	17	-	-48.5
EMB_onehot_C22	natural	tjupan_bacillus_subtilis_main_e1df7768894b7e64	tjupan_bacillus_subtilis_main_e1df7768894b7e64	2.6030712123303106	False	11	20	+	-45.5
EMB_onehot_C22	natural	tjupan_bacillus_subtilis_main_e4935e5203d5f4a1	tjupan_bacillus_subtilis_main_e4935e5203d5f4a1	5.524459378510303	False	19	28	+	-37.5
EMB_onehot_C22	natural	tjupan_bacillus_subtilis_main_e71258c4630ccafd	tjupan_bacillus_subtilis_main_e71258c4630ccafd	8.956295282560744	True	29	38	+	-27.5
EMB_onehot_C22	natural	tjupan_bacillus_subtilis_main_ea6abbc438ac2020	tjupan_bacillus_subtilis_main_ea6abbc438ac2020	6.740536713884453	False	64	73	+	7.5
EMB_onehot_C22	natural	tjupan_bacillus_subtilis_main_ede46bd107484afd	tjupan_bacillus_subtilis_main_ede46bd107484afd	4.985988223301144	False	49	58	-	-7.5
EMB_onehot_C22	natural	tjupan_bacillus_subtilis_main_f0317abbf46a2fa8	tjupan_bacillus_subtilis_main_f0317abbf46a2fa8	6.286788633296282	False	12	21	+	-44.5
EMB_onehot_C22	natural	tjupan_bacillus_subtilis_main_fe9f961ad53aca80	tjupan_bacillus_subtilis_main_fe9f961ad53aca80	5.49461301796477	False	34	43	-	-22.5
EMB_onehot_C22	natural	tjupan_bacillus_subtilis_main_fffb0162887a3736	tjupan_bacillus_subtilis_main_fffb0162887a3736	2.1775495244110776	False	65	74	+	8.5
EMB_onehot_C22	shuffle	tjupan_bacillus_subtilis_main_0dc2e54e8f0778d4__dinucleotide_null	dbtbs_bsub_core_89ecb38b4ff0148f	7.710518581161112	False	17	26	+	-39.5
EMB_onehot_C22	shuffle	tjupan_bacillus_subtilis_main_682dcc155b9eb236__dinucleotide_null	dbtbs_bsub_core_5d3712ff0aeb1916	3.9656582428913953	False	72	81	-	15.5
EMB_onehot_C22	shuffle	tjupan_bacillus_subtilis_main_f2d1e33176b05430__dinucleotide_null	dbtbs_bsub_core_f2d1e33176b05430	8.305019138150243	False	19	28	-	-37.5
EMB_onehot_C22	shuffle	tjupan_bacillus_subtilis_main_c7551eecc12a98c1__dinucleotide_null	tjupan_bacillus_subtilis_main_c7551eecc12a98c1	8.895310926956087	True	38	47	+	-18.5
EMB_onehot_C22	shuffle	tjupan_bacillus_subtilis_main_89e75db25f32c6c9__dinucleotide_null	dbtbs_bsub_core_66a79c370c059251	5.823702935012872	False	27	36	-	-29.5
EMB_onehot_C22	shuffle	tjupan_bacillus_subtilis_main_9996ea2b61a7fc82__dinucleotide_null	tjupan_bacillus_subtilis_main_9996ea2b61a7fc82	8.339889304205581	False	38	47	+	-18.5
EMB_onehot_C22	shuffle	tjupan_bacillus_subtilis_main_b86a1d8c42408cc4__dinucleotide_null	tjupan_bacillus_subtilis_main_b86a1d8c42408cc4	3.5173836362884963	False	19	28	+	-37.5
EMB_onehot_C22	shuffle	tjupan_bacillus_subtilis_main_79220287475133e5__dinucleotide_null	dbtbs_bsub_core_79220287475133e5	5.2473088182991985	False	42	51	-	-14.5
EMB_onehot_C22	shuffle	tjupan_bacillus_subtilis_main_a2bee6d81c2dad89__dinucleotide_null	dbtbs_bsub_core_a2bee6d81c2dad89	4.333959672687285	False	50	59	+	-6.5
EMB_onehot_C22	shuffle	tjupan_bacillus_subtilis_main_103f2a1ec6daa8c4__dinucleotide_null	dbtbs_bsub_core_103f2a1ec6daa8c4	9.429761797759376	True	62	71	-	5.5
EMB_onehot_C22	shuffle	tjupan_bacillus_subtilis_main_996c93274b7d349e__dinucleotide_null	tjupan_bacillus_subtilis_main_996c93274b7d349e	5.086989042252577	False	36	45	+	-20.5
EMB_onehot_C22	shuffle	tjupan_bacillus_subtilis_main_7c407bebf512b5e0__dinucleotide_null	tjupan_bacillus_subtilis_main_7c407bebf512b5e0	5.012115370114961	False	64	73	-	7.5
EMB_onehot_C22	shuffle	tjupan_bacillus_subtilis_main_842f97f040946982__dinucleotide_null	tjupan_bacillus_subtilis_main_842f97f040946982	5.831912582615868	False	42	51	-	-14.5
EMB_onehot_C22	shuffle	tjupan_bacillus_subtilis_main_42c1909004fe3d73__dinucleotide_null	tjupan_bacillus_subtilis_main_42c1909004fe3d73	7.007696726520458	False	33	42	+	-23.5
EMB_onehot_C22	shuffle	tjupan_bacillus_subtilis_main_42074f78c0199323__dinucleotide_null	dbtbs_bsub_core_42074f78c0199323	3.173196344188379	False	7	16	+	-49.5
EMB_onehot_C22	shuffle	tjupan_bacillus_subtilis_main_72127e86172ad2be__dinucleotide_null	tjupan_bacillus_subtilis_main_72127e86172ad2be	9.615929393234925	True	66	75	+	9.5
EMB_onehot_C22	shuffle	tjupan_bacillus_subtilis_main_d072d578ae627246__dinucleotide_null	tjupan_bacillus_subtilis_main_d072d578ae627246	6.12548088554884	False	66	75	+	9.5
EMB_onehot_C22	shuffle	tjupan_bacillus_subtilis_main_a2ab5f161ee68a0a__dinucleotide_null	tjupan_bacillus_subtilis_main_a2ab5f161ee68a0a	6.284989022249233	False	26	35	+	-30.5
EMB_onehot_C22	shuffle	tjupan_bacillus_subtilis_main_3ec8c178aa138223__dinucleotide_null	tjupan_bacillus_subtilis_main_3ec8c178aa138223	8.310707162639416	False	22	31	-	-34.5
EMB_onehot_C22	shuffle	tjupan_bacillus_subtilis_main_824214e197f86545__dinucleotide_null	tjupan_bacillus_subtilis_main_824214e197f86545	7.6203734333651525	False	12	21	-	-44.5
EMB_onehot_C22	shuffle	tjupan_bacillus_subtilis_main_721ac29c5ef7c9f0__dinucleotide_null	dbtbs_bsub_core_721ac29c5ef7c9f0	6.148976023000585	False	26	35	-	-30.5
EMB_onehot_C22	shuffle	tjupan_bacillus_subtilis_main_a7eb317986e0a410__dinucleotide_null	tjupan_bacillus_subtilis_main_a7eb317986e0a410	6.441131944786107	False	35	44	+	-21.5
EMB_onehot_C22	shuffle	tjupan_bacillus_subtilis_main_6cf2c0e47935a8c2__dinucleotide_null	dbtbs_bsub_core_6cf2c0e47935a8c2	7.21472866506059	False	39	48	+	-17.5
EMB_onehot_C22	shuffle	tjupan_bacillus_subtilis_main_cd9626c39ea075d5__dinucleotide_null	dbtbs_bsub_core_cd9626c39ea075d5	6.1798972430313	False	50	59	-	-6.5
EMB_onehot_C22	shuffle	tjupan_bacillus_subtilis_main_4a95c9a0c8c0dc5d__dinucleotide_null	dbtbs_bsub_core_d38f72abf66add23	4.311428539957113	False	5	14	+	-51.5
EMB_onehot_C22	shuffle	tjupan_bacillus_subtilis_main_323902b09c4af7f6__dinucleotide_null	dbtbs_bsub_core_bb1d2472f35efe20	5.088295180326936	False	7	16	-	-49.5
EMB_onehot_C22	shuffle	tjupan_bacillus_subtilis_main_dda9e4c6372ef204__dinucleotide_null	dbtbs_bsub_core_50819f6cb2562fd8	4.815207143129069	False	47	56	-	-9.5
EMB_onehot_C22	shuffle	tjupan_bacillus_subtilis_main_6fc8f7f57b8f5e9d__dinucleotide_null	tjupan_bacillus_subtilis_main_6fc8f7f57b8f5e9d	6.348062615846278	False	1	10	-	-55.5
EMB_onehot_C22	shuffle	tjupan_bacillus_subtilis_main_84cc0835204b8e58__dinucleotide_null	dbtbs_bsub_core_396da27afda34e05	6.856833432361132	False	38	47	-	-18.5
EMB_onehot_C22	shuffle	tjupan_bacillus_subtilis_main_c897ab6e4a2d8869__dinucleotide_null	tjupan_bacillus_subtilis_main_c897ab6e4a2d8869	6.701807157995305	False	61	70	+	4.5
EMB_onehot_C22	shuffle	tjupan_bacillus_subtilis_main_1b58b9006f9baf4f__dinucleotide_null	dbtbs_bsub_core_1b58b9006f9baf4f	7.459810490113999	False	21	30	-	-35.5
EMB_onehot_C22	shuffle	tjupan_bacillus_subtilis_main_5bcbea22526b97af__dinucleotide_null	dbtbs_bsub_core_2bafb1a73b5c7300	4.883716669564922	False	4	13	+	-52.5
EMB_onehot_C22	shuffle	tjupan_bacillus_subtilis_main_e51e63a9cb3e9467__dinucleotide_null	dbtbs_bsub_core_bb482769c888cf21	4.487480504806001	False	65	74	+	8.5
EMB_onehot_C22	shuffle	tjupan_bacillus_subtilis_main_b558e80410906098__dinucleotide_null	dbtbs_bsub_core_b558e80410906098	5.769536170351893	False	62	71	-	5.5
EMB_onehot_C22	shuffle	tjupan_bacillus_subtilis_main_dc95e7cdf3939931__dinucleotide_null	dbtbs_bsub_core_dc95e7cdf3939931	6.831649145989797	False	50	59	-	-6.5
EMB_onehot_C22	shuffle	tjupan_bacillus_subtilis_main_cf013234eecd796b__dinucleotide_null	dbtbs_bsub_core_700614a2577d51a9	5.144465889061039	False	45	54	+	-11.5
EMB_onehot_C22	shuffle	tjupan_bacillus_subtilis_main_b541048ffbe461fc__dinucleotide_null	tjupan_bacillus_subtilis_main_b541048ffbe461fc	11.769805582605516	True	59	68	+	2.5
EMB_onehot_C22	shuffle	tjupan_bacillus_subtilis_main_0b4e887f7ea9c424__dinucleotide_null	dbtbs_bsub_core_0b4e887f7ea9c424	6.0870037033410895	False	31	40	-	-25.5
EMB_onehot_C22	shuffle	tjupan_bacillus_subtilis_main_93a3a1679c7a73c9__dinucleotide_null	tjupan_bacillus_subtilis_main_93a3a1679c7a73c9	8.208136045715698	False	26	35	-	-30.5
EMB_onehot_C22	shuffle	tjupan_bacillus_subtilis_main_e7e17b10ff25536a__dinucleotide_null	tjupan_bacillus_subtilis_main_1eb616e060615c81	6.554933472498144	False	51	60	-	-5.5
EMB_onehot_C22	shuffle	tjupan_bacillus_subtilis_main_d94f791dab569af4__dinucleotide_null	dbtbs_bsub_core_e72b843a494a35db	6.2149959768084155	False	6	15	-	-50.5
EMB_onehot_C22	shuffle	tjupan_bacillus_subtilis_main_d75f323535d0e96f__dinucleotide_null	tjupan_bacillus_subtilis_main_d75f323535d0e96f	3.915042424389757	False	67	76	-	10.5
EMB_onehot_C22	shuffle	tjupan_bacillus_subtilis_main_74379fc21a77213d__dinucleotide_null	tjupan_bacillus_subtilis_main_74379fc21a77213d	3.4269199337760803	False	16	25	-	-40.5
EMB_onehot_C22	shuffle	tjupan_bacillus_subtilis_main_6f5bfd2e001a2697__dinucleotide_null	dbtbs_bsub_core_6f5bfd2e001a2697	7.965044587845427	False	66	75	+	9.5
EMB_onehot_C22	shuffle	tjupan_bacillus_subtilis_main_1eb616e060615c81__dinucleotide_null	tjupan_bacillus_subtilis_main_1eb616e060615c81	5.001497099588168	False	2	11	+	-54.5
EMB_onehot_C22	shuffle	tjupan_bacillus_subtilis_main_409ff8a786357eb4__dinucleotide_null	dbtbs_bsub_core_3e3a825c0d09de99	6.056252308849808	False	24	33	+	-32.5
EMB_onehot_C22	shuffle	tjupan_bacillus_subtilis_main_1bc60721b4be672c__dinucleotide_null	dbtbs_bsub_core_cb8975beecd17a84	7.937027669681245	False	38	47	+	-18.5
EMB_onehot_C22	shuffle	tjupan_bacillus_subtilis_main_af44da9eb65c9b2b__dinucleotide_null	tjupan_bacillus_subtilis_main_af44da9eb65c9b2b	8.682439086054956	True	12	21	-	-44.5
EMB_onehot_C22	shuffle	tjupan_bacillus_subtilis_main_8f5b60fc07e381f2__dinucleotide_null	dbtbs_bsub_core_8f5b60fc07e381f2	5.012926597606039	False	3	12	+	-53.5
EMB_onehot_C22	shuffle	tjupan_bacillus_subtilis_main_5c9bf0eab187b5f5__dinucleotide_null	dbtbs_bsub_core_93f240a64705adb6	7.424116385615368	False	62	71	+	5.5
EMB_onehot_C22	shuffle	tjupan_bacillus_subtilis_main_aaf138e1b23719d3__dinucleotide_null	dbtbs_bsub_core_380666e4ad2529dd	10.022874209922097	True	39	48	+	-17.5
EMB_onehot_C22	shuffle	tjupan_bacillus_subtilis_main_0fcba0431054cde6__dinucleotide_null	dbtbs_bsub_core_0fcba0431054cde6	6.269576276069445	False	13	22	-	-43.5
EMB_onehot_C22	shuffle	tjupan_bacillus_subtilis_main_6f6446b7ed912162__dinucleotide_null	dbtbs_bsub_core_6f6446b7ed912162	5.877986769113333	False	33	42	+	-23.5
EMB_onehot_C22	shuffle	tjupan_bacillus_subtilis_main_d434d749686b9e33__dinucleotide_null	dbtbs_bsub_core_137eff58d766cefa	6.385636832194402	False	22	31	-	-34.5
EMB_onehot_C22	shuffle	tjupan_bacillus_subtilis_main_96c549f1b176b111__dinucleotide_null	tjupan_bacillus_subtilis_main_96c549f1b176b111	6.429298106308748	False	33	42	+	-23.5
EMB_onehot_C22	shuffle	tjupan_bacillus_subtilis_main_a4db17c75fb94c83__dinucleotide_null	dbtbs_bsub_core_8c6f4b9eba960292	6.525409742647488	False	5	14	+	-51.5
EMB_onehot_C22	shuffle	tjupan_bacillus_subtilis_main_0e5e92df8dafa46f__dinucleotide_null	dbtbs_bsub_core_0e5e92df8dafa46f	5.587729666894213	False	20	29	-	-36.5
EMB_onehot_C22	shuffle	tjupan_bacillus_subtilis_main_089b35a135bf8797__dinucleotide_null	tjupan_bacillus_subtilis_main_089b35a135bf8797	7.0932925560542825	False	63	72	-	6.5
EMB_onehot_C22	shuffle	tjupan_bacillus_subtilis_main_2e3c51df0d86f79b__dinucleotide_null	dbtbs_bsub_core_245b899eb3255120	5.886160542930231	False	10	19	-	-46.5
EMB_onehot_C22	shuffle	tjupan_bacillus_subtilis_main_648aef9dba1f38c4__dinucleotide_null	tjupan_bacillus_subtilis_main_648aef9dba1f38c4	6.260688119520264	False	55	64	-	-1.5
EMB_onehot_C22	shuffle	tjupan_bacillus_subtilis_main_b809758bf01da07c__dinucleotide_null	tjupan_bacillus_subtilis_main_b809758bf01da07c	11.022482870901094	True	65	74	+	8.5
EMB_onehot_C22	shuffle	tjupan_bacillus_subtilis_main_72db3945a2fcac01__dinucleotide_null	tjupan_bacillus_subtilis_main_72db3945a2fcac01	6.055659436051268	False	5	14	-	-51.5
EMB_onehot_C22	shuffle	tjupan_bacillus_subtilis_main_8d9a62a0fbc43019__dinucleotide_null	dbtbs_bsub_core_3348625232a23256	8.99676473051091	True	15	24	+	-41.5
EMB_onehot_C22	shuffle	tjupan_bacillus_subtilis_main_2fc6e10224ce632e__dinucleotide_null	dbtbs_bsub_core_2fc6e10224ce632e	9.357237291434574	True	12	21	+	-44.5
EMB_onehot_C22	shuffle	tjupan_bacillus_subtilis_main_4dd4acc476485632__dinucleotide_null	tjupan_bacillus_subtilis_main_4dd4acc476485632	7.024683779094364	False	41	50	-	-15.5
EMB_onehot_C22	shuffle	tjupan_bacillus_subtilis_main_5a1a4573de4d55b3__dinucleotide_null	dbtbs_bsub_core_af75962c5aaa60ac	9.394584963402961	True	33	42	-	-23.5
EMB_onehot_C22	shuffle	tjupan_bacillus_subtilis_main_fe854ef781d570c9__dinucleotide_null	dbtbs_bsub_core_79142b70125d7f77	10.679705865566852	True	48	57	-	-8.5
EMB_onehot_C23	positive	tjupan_bacillus_subtilis_main_089b35a135bf8797	tjupan_bacillus_subtilis_main_089b35a135bf8797	10.9991800642411	True	11	20	+	-45.5
EMB_onehot_C23	positive	tjupan_bacillus_subtilis_main_0b4e887f7ea9c424	dbtbs_bsub_core_0b4e887f7ea9c424	9.120910644381894	True	5	14	+	-51.5
EMB_onehot_C23	positive	tjupan_bacillus_subtilis_main_0dc2e54e8f0778d4	dbtbs_bsub_core_89ecb38b4ff0148f	7.074146177045971	False	65	74	-	8.5
EMB_onehot_C23	positive	tjupan_bacillus_subtilis_main_0e5e92df8dafa46f	dbtbs_bsub_core_0e5e92df8dafa46f	6.127532808392763	False	24	33	-	-32.5
EMB_onehot_C23	positive	tjupan_bacillus_subtilis_main_0fcba0431054cde6	dbtbs_bsub_core_0fcba0431054cde6	6.202783663306992	False	30	39	+	-26.5
EMB_onehot_C23	positive	tjupan_bacillus_subtilis_main_103f2a1ec6daa8c4	dbtbs_bsub_core_103f2a1ec6daa8c4	5.304158713630542	False	58	67	+	1.5
EMB_onehot_C23	positive	tjupan_bacillus_subtilis_main_1b58b9006f9baf4f	dbtbs_bsub_core_1b58b9006f9baf4f	5.686709240738258	False	28	37	+	-28.5
EMB_onehot_C23	positive	tjupan_bacillus_subtilis_main_1bc60721b4be672c	dbtbs_bsub_core_cb8975beecd17a84	12.042380981519557	True	69	78	-	12.5
EMB_onehot_C23	positive	tjupan_bacillus_subtilis_main_1eb616e060615c81	tjupan_bacillus_subtilis_main_1eb616e060615c81	3.3333099770945354	False	44	53	-	-12.5
EMB_onehot_C23	positive	tjupan_bacillus_subtilis_main_2e3c51df0d86f79b	dbtbs_bsub_core_245b899eb3255120	6.450104537819504	False	7	16	+	-49.5
EMB_onehot_C23	positive	tjupan_bacillus_subtilis_main_2fc6e10224ce632e	dbtbs_bsub_core_2fc6e10224ce632e	5.694757615332177	False	51	60	+	-5.5
EMB_onehot_C23	positive	tjupan_bacillus_subtilis_main_323902b09c4af7f6	dbtbs_bsub_core_bb1d2472f35efe20	1.6116997996326448	False	38	47	-	-18.5
EMB_onehot_C23	positive	tjupan_bacillus_subtilis_main_3ec8c178aa138223	tjupan_bacillus_subtilis_main_3ec8c178aa138223	7.661777486502294	False	58	67	-	1.5
EMB_onehot_C23	positive	tjupan_bacillus_subtilis_main_409ff8a786357eb4	dbtbs_bsub_core_3e3a825c0d09de99	10.269506267423974	True	51	60	+	-5.5
EMB_onehot_C23	positive	tjupan_bacillus_subtilis_main_42074f78c0199323	dbtbs_bsub_core_42074f78c0199323	6.2804161351872425	False	17	26	-	-39.5
EMB_onehot_C23	positive	tjupan_bacillus_subtilis_main_42c1909004fe3d73	tjupan_bacillus_subtilis_main_42c1909004fe3d73	4.241064883457207	False	23	32	+	-33.5
EMB_onehot_C23	positive	tjupan_bacillus_subtilis_main_4a95c9a0c8c0dc5d	dbtbs_bsub_core_d38f72abf66add23	4.152330730680197	False	25	34	-	-31.5
EMB_onehot_C23	positive	tjupan_bacillus_subtilis_main_4dd4acc476485632	tjupan_bacillus_subtilis_main_4dd4acc476485632	7.515272809087496	False	2	11	-	-54.5
EMB_onehot_C23	positive	tjupan_bacillus_subtilis_main_5a1a4573de4d55b3	dbtbs_bsub_core_af75962c5aaa60ac	6.900463109793449	False	45	54	-	-11.5
EMB_onehot_C23	positive	tjupan_bacillus_subtilis_main_5bcbea22526b97af	dbtbs_bsub_core_2bafb1a73b5c7300	5.4678042457881055	False	32	41	+	-24.5
EMB_onehot_C23	positive	tjupan_bacillus_subtilis_main_5c9bf0eab187b5f5	dbtbs_bsub_core_93f240a64705adb6	10.390144053737334	True	2	11	-	-54.5
EMB_onehot_C23	positive	tjupan_bacillus_subtilis_main_648aef9dba1f38c4	tjupan_bacillus_subtilis_main_648aef9dba1f38c4	7.937395819779755	False	13	22	-	-43.5
EMB_onehot_C23	positive	tjupan_bacillus_subtilis_main_682dcc155b9eb236	dbtbs_bsub_core_5d3712ff0aeb1916	9.939176340649947	True	63	72	-	6.5
EMB_onehot_C23	positive	tjupan_bacillus_subtilis_main_6cf2c0e47935a8c2	dbtbs_bsub_core_6cf2c0e47935a8c2	7.02803264776653	False	10	19	+	-46.5
EMB_onehot_C23	positive	tjupan_bacillus_subtilis_main_6f5bfd2e001a2697	dbtbs_bsub_core_6f5bfd2e001a2697	5.919926408432163	False	62	71	+	5.5
EMB_onehot_C23	positive	tjupan_bacillus_subtilis_main_6f6446b7ed912162	dbtbs_bsub_core_6f6446b7ed912162	4.748107143453128	False	47	56	-	-9.5
EMB_onehot_C23	positive	tjupan_bacillus_subtilis_main_6fc8f7f57b8f5e9d	tjupan_bacillus_subtilis_main_6fc8f7f57b8f5e9d	8.057441818937267	False	14	23	-	-42.5
EMB_onehot_C23	positive	tjupan_bacillus_subtilis_main_72127e86172ad2be	tjupan_bacillus_subtilis_main_72127e86172ad2be	10.390144053737334	True	15	24	-	-41.5
EMB_onehot_C23	positive	tjupan_bacillus_subtilis_main_721ac29c5ef7c9f0	dbtbs_bsub_core_721ac29c5ef7c9f0	4.917548465985394	False	33	42	-	-23.5
EMB_onehot_C23	positive	tjupan_bacillus_subtilis_main_72db3945a2fcac01	tjupan_bacillus_subtilis_main_72db3945a2fcac01	7.011472132595074	False	25	34	-	-31.5
EMB_onehot_C23	positive	tjupan_bacillus_subtilis_main_74379fc21a77213d	tjupan_bacillus_subtilis_main_74379fc21a77213d	4.204349561238008	False	8	17	-	-48.5
EMB_onehot_C23	positive	tjupan_bacillus_subtilis_main_79220287475133e5	dbtbs_bsub_core_79220287475133e5	7.5499306941977675	False	24	33	-	-32.5
EMB_onehot_C23	positive	tjupan_bacillus_subtilis_main_7c407bebf512b5e0	tjupan_bacillus_subtilis_main_7c407bebf512b5e0	4.1612312241500895	False	25	34	-	-31.5
EMB_onehot_C23	positive	tjupan_bacillus_subtilis_main_824214e197f86545	tjupan_bacillus_subtilis_main_824214e197f86545	7.251105799129816	False	25	34	+	-31.5
EMB_onehot_C23	positive	tjupan_bacillus_subtilis_main_842f97f040946982	tjupan_bacillus_subtilis_main_842f97f040946982	4.858878803317357	False	24	33	-	-32.5
EMB_onehot_C23	positive	tjupan_bacillus_subtilis_main_84cc0835204b8e58	dbtbs_bsub_core_396da27afda34e05	3.6020263177714575	False	13	22	-	-43.5
EMB_onehot_C23	positive	tjupan_bacillus_subtilis_main_89e75db25f32c6c9	dbtbs_bsub_core_66a79c370c059251	10.45228339307235	True	70	79	-	13.5
EMB_onehot_C23	positive	tjupan_bacillus_subtilis_main_8d9a62a0fbc43019	dbtbs_bsub_core_3348625232a23256	12.499047860408274	True	16	25	+	-40.5
EMB_onehot_C23	positive	tjupan_bacillus_subtilis_main_8f5b60fc07e381f2	dbtbs_bsub_core_8f5b60fc07e381f2	10.39032021338517	True	32	41	+	-24.5
EMB_onehot_C23	positive	tjupan_bacillus_subtilis_main_93a3a1679c7a73c9	tjupan_bacillus_subtilis_main_93a3a1679c7a73c9	5.877490232274473	False	37	46	+	-19.5
EMB_onehot_C23	positive	tjupan_bacillus_subtilis_main_96c549f1b176b111	tjupan_bacillus_subtilis_main_96c549f1b176b111	3.0938773575283793	False	31	40	+	-25.5
EMB_onehot_C23	positive	tjupan_bacillus_subtilis_main_996c93274b7d349e	tjupan_bacillus_subtilis_main_996c93274b7d349e	6.221397487567748	False	11	20	+	-45.5
EMB_onehot_C23	positive	tjupan_bacillus_subtilis_main_9996ea2b61a7fc82	tjupan_bacillus_subtilis_main_9996ea2b61a7fc82	6.745639541159873	False	71	80	-	14.5
EMB_onehot_C23	positive	tjupan_bacillus_subtilis_main_a2ab5f161ee68a0a	tjupan_bacillus_subtilis_main_a2ab5f161ee68a0a	3.7324007530269157	False	44	53	-	-12.5
EMB_onehot_C23	positive	tjupan_bacillus_subtilis_main_a2bee6d81c2dad89	dbtbs_bsub_core_a2bee6d81c2dad89	2.5298826117446227	False	16	25	-	-40.5
EMB_onehot_C23	positive	tjupan_bacillus_subtilis_main_a4db17c75fb94c83	dbtbs_bsub_core_8c6f4b9eba960292	3.9728179185120016	False	19	28	+	-37.5
EMB_onehot_C23	positive	tjupan_bacillus_subtilis_main_a7eb317986e0a410	tjupan_bacillus_subtilis_main_a7eb317986e0a410	4.0029806025632215	False	34	43	+	-22.5
EMB_onehot_C23	positive	tjupan_bacillus_subtilis_main_aaf138e1b23719d3	dbtbs_bsub_core_380666e4ad2529dd	6.467175098481431	False	36	45	+	-20.5
EMB_onehot_C23	positive	tjupan_bacillus_subtilis_main_af44da9eb65c9b2b	tjupan_bacillus_subtilis_main_af44da9eb65c9b2b	12.042380981519559	True	24	33	+	-32.5
EMB_onehot_C23	positive	tjupan_bacillus_subtilis_main_b541048ffbe461fc	tjupan_bacillus_subtilis_main_b541048ffbe461fc	3.5160871027429126	False	52	61	+	-4.5
EMB_onehot_C23	positive	tjupan_bacillus_subtilis_main_b558e80410906098	dbtbs_bsub_core_b558e80410906098	5.24767815294364	False	9	18	-	-47.5
EMB_onehot_C23	positive	tjupan_bacillus_subtilis_main_b809758bf01da07c	tjupan_bacillus_subtilis_main_b809758bf01da07c	5.615515523774308	False	7	16	+	-49.5
EMB_onehot_C23	positive	tjupan_bacillus_subtilis_main_b86a1d8c42408cc4	tjupan_bacillus_subtilis_main_b86a1d8c42408cc4	4.795588505490915	False	46	55	+	-10.5
EMB_onehot_C23	positive	tjupan_bacillus_subtilis_main_c7551eecc12a98c1	tjupan_bacillus_subtilis_main_c7551eecc12a98c1	9.939176340649947	True	30	39	+	-26.5
EMB_onehot_C23	positive	tjupan_bacillus_subtilis_main_c897ab6e4a2d8869	tjupan_bacillus_subtilis_main_c897ab6e4a2d8869	2.311682984122406	False	61	70	+	4.5
EMB_onehot_C23	positive	tjupan_bacillus_subtilis_main_cd9626c39ea075d5	dbtbs_bsub_core_cd9626c39ea075d5	9.120910644381894	True	13	22	+	-43.5
EMB_onehot_C23	positive	tjupan_bacillus_subtilis_main_cf013234eecd796b	dbtbs_bsub_core_700614a2577d51a9	7.575503704818081	False	6	15	+	-50.5
EMB_onehot_C23	positive	tjupan_bacillus_subtilis_main_d072d578ae627246	tjupan_bacillus_subtilis_main_d072d578ae627246	1.299215133079807	False	37	46	+	-19.5
EMB_onehot_C23	positive	tjupan_bacillus_subtilis_main_d434d749686b9e33	dbtbs_bsub_core_137eff58d766cefa	6.889275986043174	False	37	46	+	-19.5
EMB_onehot_C23	positive	tjupan_bacillus_subtilis_main_d75f323535d0e96f	tjupan_bacillus_subtilis_main_d75f323535d0e96f	6.827830457802224	False	64	73	-	7.5
EMB_onehot_C23	positive	tjupan_bacillus_subtilis_main_d94f791dab569af4	dbtbs_bsub_core_e72b843a494a35db	10.390144053737334	True	29	38	-	-27.5
EMB_onehot_C23	positive	tjupan_bacillus_subtilis_main_dc95e7cdf3939931	dbtbs_bsub_core_dc95e7cdf3939931	7.306319463216223	False	70	79	+	13.5
EMB_onehot_C23	positive	tjupan_bacillus_subtilis_main_dda9e4c6372ef204	dbtbs_bsub_core_50819f6cb2562fd8	4.955401289329171	False	54	63	+	-2.5
EMB_onehot_C23	positive	tjupan_bacillus_subtilis_main_e51e63a9cb3e9467	dbtbs_bsub_core_bb482769c888cf21	3.3333099770945354	False	46	55	-	-10.5
EMB_onehot_C23	positive	tjupan_bacillus_subtilis_main_e7e17b10ff25536a	tjupan_bacillus_subtilis_main_1eb616e060615c81	3.3333099770945354	False	47	56	-	-9.5
EMB_onehot_C23	positive	tjupan_bacillus_subtilis_main_f2d1e33176b05430	dbtbs_bsub_core_f2d1e33176b05430	6.110892476530906	False	72	81	+	15.5
EMB_onehot_C23	positive	tjupan_bacillus_subtilis_main_fe854ef781d570c9	dbtbs_bsub_core_79142b70125d7f77	5.572483810039724	False	53	62	-	-3.5
EMB_onehot_C23	natural	tjupan_bacillus_subtilis_main_01f49032fc924b2b	tjupan_bacillus_subtilis_main_01f49032fc924b2b	1.5615946490783605	False	7	16	-	-49.5
EMB_onehot_C23	natural	tjupan_bacillus_subtilis_main_0369fa5f1dde8889	tjupan_bacillus_subtilis_main_0369fa5f1dde8889	4.119746069960284	False	30	39	+	-26.5
EMB_onehot_C23	natural	tjupan_bacillus_subtilis_main_04bf0704019251eb	tjupan_bacillus_subtilis_main_04bf0704019251eb	6.675637485835008	False	45	54	+	-11.5
EMB_onehot_C23	natural	tjupan_bacillus_subtilis_main_07a43cab15901fd0	tjupan_bacillus_subtilis_main_07a43cab15901fd0	7.032118735912198	False	18	27	-	-38.5
EMB_onehot_C23	natural	tjupan_bacillus_subtilis_main_0abf62f108ad9afa	tjupan_bacillus_subtilis_main_0abf62f108ad9afa	3.8889305877223164	False	1	10	-	-55.5
EMB_onehot_C23	natural	tjupan_bacillus_subtilis_main_10a028761e096e6f	tjupan_bacillus_subtilis_main_10a028761e096e6f	9.48456736606125	True	43	52	-	-13.5
EMB_onehot_C23	natural	tjupan_bacillus_subtilis_main_1183c551e9c3884e	tjupan_bacillus_subtilis_main_1183c551e9c3884e	6.8385392025532115	False	51	60	-	-5.5
EMB_onehot_C23	natural	tjupan_bacillus_subtilis_main_11c75fe7d070d91d	tjupan_bacillus_subtilis_main_11c75fe7d070d91d	0.5849466019367194	False	22	31	-	-34.5
EMB_onehot_C23	natural	tjupan_bacillus_subtilis_main_13f81edc59432f39	tjupan_bacillus_subtilis_main_13f81edc59432f39	7.710134291727127	False	16	25	-	-40.5
EMB_onehot_C23	natural	tjupan_bacillus_subtilis_main_1a1965c69595e91c	tjupan_bacillus_subtilis_main_1a1965c69595e91c	3.216626018789187	False	56	65	+	-0.5
EMB_onehot_C23	natural	tjupan_bacillus_subtilis_main_28ceb7fd6ffaf1b1	tjupan_bacillus_subtilis_main_28ceb7fd6ffaf1b1	6.598373035082765	False	15	24	-	-41.5
EMB_onehot_C23	natural	tjupan_bacillus_subtilis_main_2a691ccdd9f8cd87	tjupan_bacillus_subtilis_main_2a691ccdd9f8cd87	2.8338237485849067	False	44	53	-	-12.5
EMB_onehot_C23	natural	tjupan_bacillus_subtilis_main_3095b00d206277d2	tjupan_bacillus_subtilis_main_3095b00d206277d2	5.260911131488511	False	54	63	+	-2.5
EMB_onehot_C23	natural	tjupan_bacillus_subtilis_main_33ded6bc702ab6e3	tjupan_bacillus_subtilis_main_33ded6bc702ab6e3	4.514954636697544	False	37	46	+	-19.5
EMB_onehot_C23	natural	tjupan_bacillus_subtilis_main_3b669bfd8e8ecc5c	tjupan_bacillus_subtilis_main_3b669bfd8e8ecc5c	7.460381941382443	False	21	30	-	-35.5
EMB_onehot_C23	natural	tjupan_bacillus_subtilis_main_3dfed0cfea4ace99	tjupan_bacillus_subtilis_main_3dfed0cfea4ace99	9.933477174848619	True	11	20	-	-45.5
EMB_onehot_C23	natural	tjupan_bacillus_subtilis_main_3f82397c249b4c2e	tjupan_bacillus_subtilis_main_3f82397c249b4c2e	5.098476792160587	False	47	56	+	-9.5
EMB_onehot_C23	natural	tjupan_bacillus_subtilis_main_413de94f4b4cc894	tjupan_bacillus_subtilis_main_413de94f4b4cc894	9.12970112993103	True	34	43	-	-22.5
EMB_onehot_C23	natural	tjupan_bacillus_subtilis_main_4225dc5bcf089682	tjupan_bacillus_subtilis_main_4225dc5bcf089682	2.2086293549051748	False	31	40	-	-25.5
EMB_onehot_C23	natural	tjupan_bacillus_subtilis_main_43e8357a95b8acad	tjupan_bacillus_subtilis_main_43e8357a95b8acad	3.2640540493176093	False	28	37	+	-28.5
EMB_onehot_C23	natural	tjupan_bacillus_subtilis_main_44b9e66950262593	tjupan_bacillus_subtilis_main_44b9e66950262593	6.128514153553961	False	43	52	-	-13.5
EMB_onehot_C23	natural	tjupan_bacillus_subtilis_main_4600103c5e396ab7	tjupan_bacillus_subtilis_main_4600103c5e396ab7	3.419668369936728	False	12	21	+	-44.5
EMB_onehot_C23	natural	tjupan_bacillus_subtilis_main_47b01646ad818f05	tjupan_bacillus_subtilis_main_47b01646ad818f05	9.819038098398064	True	41	50	+	-15.5
EMB_onehot_C23	natural	tjupan_bacillus_subtilis_main_47f3a0ce2d4034a8	tjupan_bacillus_subtilis_main_47f3a0ce2d4034a8	2.829936600381272	False	12	21	+	-44.5
EMB_onehot_C23	natural	tjupan_bacillus_subtilis_main_4c62636643ef908e	tjupan_bacillus_subtilis_main_4c62636643ef908e	4.175913532605085	False	46	55	-	-10.5
EMB_onehot_C23	natural	tjupan_bacillus_subtilis_main_4ec6f242d8a5df5c	tjupan_bacillus_subtilis_main_4ec6f242d8a5df5c	5.466893195729477	False	8	17	-	-48.5
EMB_onehot_C23	natural	tjupan_bacillus_subtilis_main_4efdcab552f8b70d	tjupan_bacillus_subtilis_main_4efdcab552f8b70d	2.168774793705139	False	37	46	+	-19.5
EMB_onehot_C23	natural	tjupan_bacillus_subtilis_main_51577d89c939deba	tjupan_bacillus_subtilis_main_51577d89c939deba	5.29723933084536	False	31	40	-	-25.5
EMB_onehot_C23	natural	tjupan_bacillus_subtilis_main_52bff7f8e27d9410	tjupan_bacillus_subtilis_main_52bff7f8e27d9410	7.393019876752039	False	40	49	+	-16.5
EMB_onehot_C23	natural	tjupan_bacillus_subtilis_main_59901c21c497690b	tjupan_bacillus_subtilis_main_59901c21c497690b	5.478231085034231	False	43	52	+	-13.5
EMB_onehot_C23	natural	tjupan_bacillus_subtilis_main_5f953d4f57c1fa81	tjupan_bacillus_subtilis_main_5f953d4f57c1fa81	4.720046268837668	False	29	38	-	-27.5
EMB_onehot_C23	natural	tjupan_bacillus_subtilis_main_669f9a1f1028b036	tjupan_bacillus_subtilis_main_669f9a1f1028b036	1.7762382034474045	False	37	46	-	-19.5
EMB_onehot_C23	natural	tjupan_bacillus_subtilis_main_69dc5d058d63d549	tjupan_bacillus_subtilis_main_69dc5d058d63d549	3.188869232935342	False	16	25	+	-40.5
EMB_onehot_C23	natural	tjupan_bacillus_subtilis_main_6cfe0a7e178b1651	tjupan_bacillus_subtilis_main_6cfe0a7e178b1651	2.0813681728856555	False	62	71	-	5.5
EMB_onehot_C23	natural	tjupan_bacillus_subtilis_main_705ab5e790a4610d	tjupan_bacillus_subtilis_main_705ab5e790a4610d	4.435567907620185	False	64	73	-	7.5
EMB_onehot_C23	natural	tjupan_bacillus_subtilis_main_71852833d33a5887	tjupan_bacillus_subtilis_main_71852833d33a5887	0.9517084896970395	False	67	76	-	10.5
EMB_onehot_C23	natural	tjupan_bacillus_subtilis_main_76c86d1f05ca1d88	tjupan_bacillus_subtilis_main_76c86d1f05ca1d88	1.8596184011502586	False	54	63	+	-2.5
EMB_onehot_C23	natural	tjupan_bacillus_subtilis_main_777d2d2586a95fbc	tjupan_bacillus_subtilis_main_777d2d2586a95fbc	2.2945255985218975	False	21	30	-	-35.5
EMB_onehot_C23	natural	tjupan_bacillus_subtilis_main_7c99b9a8665786aa	tjupan_bacillus_subtilis_main_7c99b9a8665786aa	4.0740758732038085	False	59	68	+	2.5
EMB_onehot_C23	natural	tjupan_bacillus_subtilis_main_82f0003647ec7740	tjupan_bacillus_subtilis_main_82f0003647ec7740	9.120910644381894	True	68	77	+	11.5
EMB_onehot_C23	natural	tjupan_bacillus_subtilis_main_8a9952e5dc8e0bd1	tjupan_bacillus_subtilis_main_8a9952e5dc8e0bd1	5.99904496488555	False	23	32	-	-33.5
EMB_onehot_C23	natural	tjupan_bacillus_subtilis_main_8c2afb751c3f9d92	tjupan_bacillus_subtilis_main_8c2afb751c3f9d92	4.145926078610254	False	56	65	-	-0.5
EMB_onehot_C23	natural	tjupan_bacillus_subtilis_main_8e1b3c58365d2bbd	tjupan_bacillus_subtilis_main_8e1b3c58365d2bbd	5.855204288214972	False	49	58	-	-7.5
EMB_onehot_C23	natural	tjupan_bacillus_subtilis_main_906140fe2a990d8e	tjupan_bacillus_subtilis_main_906140fe2a990d8e	3.3622287948288068	False	21	30	+	-35.5
EMB_onehot_C23	natural	tjupan_bacillus_subtilis_main_94dbc17f3078c678	tjupan_bacillus_subtilis_main_94dbc17f3078c678	4.27769577756039	False	33	42	-	-23.5
EMB_onehot_C23	natural	tjupan_bacillus_subtilis_main_9bf1d28c9aae3b2e	tjupan_bacillus_subtilis_main_9bf1d28c9aae3b2e	1.7279098623275777	False	14	23	-	-42.5
EMB_onehot_C23	natural	tjupan_bacillus_subtilis_main_9cc8f38cff175da4	tjupan_bacillus_subtilis_main_9cc8f38cff175da4	4.534011938093162	False	44	53	-	-12.5
EMB_onehot_C23	natural	tjupan_bacillus_subtilis_main_9cceb700e3527301	tjupan_bacillus_subtilis_main_9cceb700e3527301	3.4328384468920006	False	70	79	+	13.5
EMB_onehot_C23	natural	tjupan_bacillus_subtilis_main_9d0345f875b7552c	tjupan_bacillus_subtilis_main_9d0345f875b7552c	3.238131852088382	False	42	51	+	-14.5
EMB_onehot_C23	natural	tjupan_bacillus_subtilis_main_a3fedb31fa6cc84b	tjupan_bacillus_subtilis_main_a3fedb31fa6cc84b	8.14659763647477	False	62	71	+	5.5
EMB_onehot_C23	natural	tjupan_bacillus_subtilis_main_a54e7006d4699b67	tjupan_bacillus_subtilis_main_a54e7006d4699b67	0.4701669285409463	False	39	48	-	-17.5
EMB_onehot_C23	natural	tjupan_bacillus_subtilis_main_aaa45c891936f972	tjupan_bacillus_subtilis_main_aaa45c891936f972	5.902761174884027	False	62	71	+	5.5
EMB_onehot_C23	natural	tjupan_bacillus_subtilis_main_aec3d55ae2f9e509	tjupan_bacillus_subtilis_main_aec3d55ae2f9e509	4.628310008120444	False	9	18	+	-47.5
EMB_onehot_C23	natural	tjupan_bacillus_subtilis_main_b0b9cfd1b442c029	tjupan_bacillus_subtilis_main_b0b9cfd1b442c029	6.596250756757649	False	48	57	-	-8.5
EMB_onehot_C23	natural	tjupan_bacillus_subtilis_main_b161f4572a371b25	tjupan_bacillus_subtilis_main_b161f4572a371b25	10.070316930865392	True	62	71	-	5.5
EMB_onehot_C23	natural	tjupan_bacillus_subtilis_main_b3e87bd1af1ccb1a	tjupan_bacillus_subtilis_main_b3e87bd1af1ccb1a	3.4132383899703735	False	42	51	-	-14.5
EMB_onehot_C23	natural	tjupan_bacillus_subtilis_main_b5ddce4bc0328e2c	tjupan_bacillus_subtilis_main_b5ddce4bc0328e2c	6.615371680837058	False	35	44	-	-21.5
EMB_onehot_C23	natural	tjupan_bacillus_subtilis_main_b9d7835496546020	tjupan_bacillus_subtilis_main_b9d7835496546020	6.010677351601345	False	22	31	+	-34.5
EMB_onehot_C23	natural	tjupan_bacillus_subtilis_main_bd36aa35d4edeb39	tjupan_bacillus_subtilis_main_bd36aa35d4edeb39	7.503339861664052	False	30	39	+	-26.5
EMB_onehot_C23	natural	tjupan_bacillus_subtilis_main_c24b04311bf8b4bf	tjupan_bacillus_subtilis_main_c24b04311bf8b4bf	2.611142462166729	False	12	21	-	-44.5
EMB_onehot_C23	natural	tjupan_bacillus_subtilis_main_c981e3412d58013c	tjupan_bacillus_subtilis_main_c981e3412d58013c	2.5181896513432633	False	47	56	-	-9.5
EMB_onehot_C23	natural	tjupan_bacillus_subtilis_main_cbe667645cefe255	tjupan_bacillus_subtilis_main_cbe667645cefe255	3.63261184835134	False	25	34	-	-31.5
EMB_onehot_C23	natural	tjupan_bacillus_subtilis_main_ced7dfa7b2671e00	tjupan_bacillus_subtilis_main_ced7dfa7b2671e00	5.090665181561576	False	63	72	+	6.5
EMB_onehot_C23	natural	tjupan_bacillus_subtilis_main_d14a8947b06ae361	tjupan_bacillus_subtilis_main_d14a8947b06ae361	6.996466590863766	False	6	15	+	-50.5
EMB_onehot_C23	natural	tjupan_bacillus_subtilis_main_dd7d0f632ba9b25f	tjupan_bacillus_subtilis_main_dd7d0f632ba9b25f	5.126245467554104	False	45	54	-	-11.5
EMB_onehot_C23	natural	tjupan_bacillus_subtilis_main_deeb9c19c390dc19	tjupan_bacillus_subtilis_main_deeb9c19c390dc19	2.014674276627132	False	5	14	-	-51.5
EMB_onehot_C23	natural	tjupan_bacillus_subtilis_main_dfdf3a9a774b0b36	tjupan_bacillus_subtilis_main_dfdf3a9a774b0b36	6.399468806831007	False	35	44	+	-21.5
EMB_onehot_C23	natural	tjupan_bacillus_subtilis_main_e05a9847e20fa44f	tjupan_bacillus_subtilis_main_e05a9847e20fa44f	5.876790023161302	False	11	20	+	-45.5
EMB_onehot_C23	natural	tjupan_bacillus_subtilis_main_e09693162cd1efc7	tjupan_bacillus_subtilis_main_e09693162cd1efc7	8.765254816061534	False	60	69	+	3.5
EMB_onehot_C23	natural	tjupan_bacillus_subtilis_main_e1df7768894b7e64	tjupan_bacillus_subtilis_main_e1df7768894b7e64	0.0027816349950591235	False	20	29	-	-36.5
EMB_onehot_C23	natural	tjupan_bacillus_subtilis_main_e4935e5203d5f4a1	tjupan_bacillus_subtilis_main_e4935e5203d5f4a1	5.212124366568549	False	12	21	+	-44.5
EMB_onehot_C23	natural	tjupan_bacillus_subtilis_main_e71258c4630ccafd	tjupan_bacillus_subtilis_main_e71258c4630ccafd	8.285153307876563	False	56	65	-	-0.5
EMB_onehot_C23	natural	tjupan_bacillus_subtilis_main_ea6abbc438ac2020	tjupan_bacillus_subtilis_main_ea6abbc438ac2020	4.148271773884102	False	70	79	+	13.5
EMB_onehot_C23	natural	tjupan_bacillus_subtilis_main_ede46bd107484afd	tjupan_bacillus_subtilis_main_ede46bd107484afd	3.9454199954034	False	44	53	-	-12.5
EMB_onehot_C23	natural	tjupan_bacillus_subtilis_main_f0317abbf46a2fa8	tjupan_bacillus_subtilis_main_f0317abbf46a2fa8	5.503932115089881	False	51	60	-	-5.5
EMB_onehot_C23	natural	tjupan_bacillus_subtilis_main_fe9f961ad53aca80	tjupan_bacillus_subtilis_main_fe9f961ad53aca80	3.981504280131478	False	54	63	+	-2.5
EMB_onehot_C23	natural	tjupan_bacillus_subtilis_main_fffb0162887a3736	tjupan_bacillus_subtilis_main_fffb0162887a3736	1.5958522667231114	False	52	61	-	-4.5
EMB_onehot_C23	shuffle	tjupan_bacillus_subtilis_main_0dc2e54e8f0778d4__dinucleotide_null	dbtbs_bsub_core_89ecb38b4ff0148f	7.074146177045971	False	48	57	-	-8.5
EMB_onehot_C23	shuffle	tjupan_bacillus_subtilis_main_682dcc155b9eb236__dinucleotide_null	dbtbs_bsub_core_5d3712ff0aeb1916	9.770681293173233	True	24	33	-	-32.5
EMB_onehot_C23	shuffle	tjupan_bacillus_subtilis_main_f2d1e33176b05430__dinucleotide_null	dbtbs_bsub_core_f2d1e33176b05430	9.120910644381894	True	12	21	-	-44.5
EMB_onehot_C23	shuffle	tjupan_bacillus_subtilis_main_c7551eecc12a98c1__dinucleotide_null	tjupan_bacillus_subtilis_main_c7551eecc12a98c1	7.202982661752619	False	49	58	-	-7.5
EMB_onehot_C23	shuffle	tjupan_bacillus_subtilis_main_89e75db25f32c6c9__dinucleotide_null	dbtbs_bsub_core_66a79c370c059251	4.110472239126699	False	43	52	+	-13.5
EMB_onehot_C23	shuffle	tjupan_bacillus_subtilis_main_9996ea2b61a7fc82__dinucleotide_null	tjupan_bacillus_subtilis_main_9996ea2b61a7fc82	10.45228339307235	True	43	52	-	-13.5
EMB_onehot_C23	shuffle	tjupan_bacillus_subtilis_main_b86a1d8c42408cc4__dinucleotide_null	tjupan_bacillus_subtilis_main_b86a1d8c42408cc4	6.6633485769417655	False	6	15	-	-50.5
EMB_onehot_C23	shuffle	tjupan_bacillus_subtilis_main_79220287475133e5__dinucleotide_null	dbtbs_bsub_core_79220287475133e5	4.818145858546243	False	39	48	+	-17.5
EMB_onehot_C23	shuffle	tjupan_bacillus_subtilis_main_a2bee6d81c2dad89__dinucleotide_null	dbtbs_bsub_core_a2bee6d81c2dad89	5.0389773149296255	False	55	64	-	-1.5
EMB_onehot_C23	shuffle	tjupan_bacillus_subtilis_main_103f2a1ec6daa8c4__dinucleotide_null	dbtbs_bsub_core_103f2a1ec6daa8c4	9.210178247542135	True	7	16	-	-49.5
EMB_onehot_C23	shuffle	tjupan_bacillus_subtilis_main_996c93274b7d349e__dinucleotide_null	tjupan_bacillus_subtilis_main_996c93274b7d349e	3.314321993453415	False	46	55	-	-10.5
EMB_onehot_C23	shuffle	tjupan_bacillus_subtilis_main_7c407bebf512b5e0__dinucleotide_null	tjupan_bacillus_subtilis_main_7c407bebf512b5e0	4.3313830835974905	False	48	57	+	-8.5
EMB_onehot_C23	shuffle	tjupan_bacillus_subtilis_main_842f97f040946982__dinucleotide_null	tjupan_bacillus_subtilis_main_842f97f040946982	6.858249059118382	False	71	80	+	14.5
EMB_onehot_C23	shuffle	tjupan_bacillus_subtilis_main_42c1909004fe3d73__dinucleotide_null	tjupan_bacillus_subtilis_main_42c1909004fe3d73	6.571365768877815	False	6	15	+	-50.5
EMB_onehot_C23	shuffle	tjupan_bacillus_subtilis_main_42074f78c0199323__dinucleotide_null	dbtbs_bsub_core_42074f78c0199323	3.0786740936397554	False	42	51	-	-14.5
EMB_onehot_C23	shuffle	tjupan_bacillus_subtilis_main_72127e86172ad2be__dinucleotide_null	tjupan_bacillus_subtilis_main_72127e86172ad2be	5.242742448304677	False	72	81	+	15.5
EMB_onehot_C23	shuffle	tjupan_bacillus_subtilis_main_d072d578ae627246__dinucleotide_null	tjupan_bacillus_subtilis_main_d072d578ae627246	7.046672982775337	False	70	79	+	13.5
EMB_onehot_C23	shuffle	tjupan_bacillus_subtilis_main_a2ab5f161ee68a0a__dinucleotide_null	tjupan_bacillus_subtilis_main_a2ab5f161ee68a0a	8.765254816061532	False	29	38	-	-27.5
EMB_onehot_C23	shuffle	tjupan_bacillus_subtilis_main_3ec8c178aa138223__dinucleotide_null	tjupan_bacillus_subtilis_main_3ec8c178aa138223	5.918817317807904	False	35	44	+	-21.5
EMB_onehot_C23	shuffle	tjupan_bacillus_subtilis_main_824214e197f86545__dinucleotide_null	tjupan_bacillus_subtilis_main_824214e197f86545	8.910949602038858	False	20	29	-	-36.5
EMB_onehot_C23	shuffle	tjupan_bacillus_subtilis_main_721ac29c5ef7c9f0__dinucleotide_null	dbtbs_bsub_core_721ac29c5ef7c9f0	5.156218194416698	False	69	78	-	12.5
EMB_onehot_C23	shuffle	tjupan_bacillus_subtilis_main_a7eb317986e0a410__dinucleotide_null	tjupan_bacillus_subtilis_main_a7eb317986e0a410	5.060189499673884	False	66	75	-	9.5
EMB_onehot_C23	shuffle	tjupan_bacillus_subtilis_main_6cf2c0e47935a8c2__dinucleotide_null	dbtbs_bsub_core_6cf2c0e47935a8c2	9.81283938853526	True	72	81	+	15.5
EMB_onehot_C23	shuffle	tjupan_bacillus_subtilis_main_cd9626c39ea075d5__dinucleotide_null	dbtbs_bsub_core_cd9626c39ea075d5	6.981136019836614	False	56	65	-	-0.5
EMB_onehot_C23	shuffle	tjupan_bacillus_subtilis_main_4a95c9a0c8c0dc5d__dinucleotide_null	dbtbs_bsub_core_d38f72abf66add23	1.8247798012859446	False	12	21	-	-44.5
EMB_onehot_C23	shuffle	tjupan_bacillus_subtilis_main_323902b09c4af7f6__dinucleotide_null	dbtbs_bsub_core_bb1d2472f35efe20	3.5394141210587904	False	3	12	-	-53.5
EMB_onehot_C23	shuffle	tjupan_bacillus_subtilis_main_dda9e4c6372ef204__dinucleotide_null	dbtbs_bsub_core_50819f6cb2562fd8	8.394062698668469	False	54	63	+	-2.5
EMB_onehot_C23	shuffle	tjupan_bacillus_subtilis_main_6fc8f7f57b8f5e9d__dinucleotide_null	tjupan_bacillus_subtilis_main_6fc8f7f57b8f5e9d	4.178738687357987	False	34	43	-	-22.5
EMB_onehot_C23	shuffle	tjupan_bacillus_subtilis_main_84cc0835204b8e58__dinucleotide_null	dbtbs_bsub_core_396da27afda34e05	5.912977255311497	False	49	58	+	-7.5
EMB_onehot_C23	shuffle	tjupan_bacillus_subtilis_main_c897ab6e4a2d8869__dinucleotide_null	tjupan_bacillus_subtilis_main_c897ab6e4a2d8869	7.175120809837472	False	56	65	-	-0.5
EMB_onehot_C23	shuffle	tjupan_bacillus_subtilis_main_1b58b9006f9baf4f__dinucleotide_null	dbtbs_bsub_core_1b58b9006f9baf4f	9.210178247542135	True	56	65	+	-0.5
EMB_onehot_C23	shuffle	tjupan_bacillus_subtilis_main_5bcbea22526b97af__dinucleotide_null	dbtbs_bsub_core_2bafb1a73b5c7300	5.560168923481294	False	7	16	+	-49.5
EMB_onehot_C23	shuffle	tjupan_bacillus_subtilis_main_e51e63a9cb3e9467__dinucleotide_null	dbtbs_bsub_core_bb482769c888cf21	6.89831820451826	False	34	43	+	-22.5
EMB_onehot_C23	shuffle	tjupan_bacillus_subtilis_main_b558e80410906098__dinucleotide_null	dbtbs_bsub_core_b558e80410906098	2.440715361728733	False	31	40	-	-25.5
EMB_onehot_C23	shuffle	tjupan_bacillus_subtilis_main_dc95e7cdf3939931__dinucleotide_null	dbtbs_bsub_core_dc95e7cdf3939931	4.925337207566377	False	11	20	+	-45.5
EMB_onehot_C23	shuffle	tjupan_bacillus_subtilis_main_cf013234eecd796b__dinucleotide_null	dbtbs_bsub_core_700614a2577d51a9	11.680782164140219	True	32	41	+	-24.5
EMB_onehot_C23	shuffle	tjupan_bacillus_subtilis_main_b541048ffbe461fc__dinucleotide_null	tjupan_bacillus_subtilis_main_b541048ffbe461fc	2.5056010511060673	False	43	52	+	-13.5
EMB_onehot_C23	shuffle	tjupan_bacillus_subtilis_main_0b4e887f7ea9c424__dinucleotide_null	dbtbs_bsub_core_0b4e887f7ea9c424	5.7301091860986695	False	58	67	+	1.5
EMB_onehot_C23	shuffle	tjupan_bacillus_subtilis_main_93a3a1679c7a73c9__dinucleotide_null	tjupan_bacillus_subtilis_main_93a3a1679c7a73c9	5.223768036416017	False	21	30	-	-35.5
EMB_onehot_C23	shuffle	tjupan_bacillus_subtilis_main_e7e17b10ff25536a__dinucleotide_null	tjupan_bacillus_subtilis_main_1eb616e060615c81	4.7104723413853975	False	11	20	-	-45.5
EMB_onehot_C23	shuffle	tjupan_bacillus_subtilis_main_d94f791dab569af4__dinucleotide_null	dbtbs_bsub_core_e72b843a494a35db	7.3357470213930664	False	57	66	+	0.5
EMB_onehot_C23	shuffle	tjupan_bacillus_subtilis_main_d75f323535d0e96f__dinucleotide_null	tjupan_bacillus_subtilis_main_d75f323535d0e96f	9.276214575759635	True	19	28	-	-37.5
EMB_onehot_C23	shuffle	tjupan_bacillus_subtilis_main_74379fc21a77213d__dinucleotide_null	tjupan_bacillus_subtilis_main_74379fc21a77213d	0.5728683370058565	False	39	48	+	-17.5
EMB_onehot_C23	shuffle	tjupan_bacillus_subtilis_main_6f5bfd2e001a2697__dinucleotide_null	dbtbs_bsub_core_6f5bfd2e001a2697	9.426142209756955	True	1	10	+	-55.5
EMB_onehot_C23	shuffle	tjupan_bacillus_subtilis_main_1eb616e060615c81__dinucleotide_null	tjupan_bacillus_subtilis_main_1eb616e060615c81	4.031082410819596	False	6	15	+	-50.5
EMB_onehot_C23	shuffle	tjupan_bacillus_subtilis_main_409ff8a786357eb4__dinucleotide_null	dbtbs_bsub_core_3e3a825c0d09de99	5.9587221494869835	False	44	53	-	-12.5
EMB_onehot_C23	shuffle	tjupan_bacillus_subtilis_main_1bc60721b4be672c__dinucleotide_null	dbtbs_bsub_core_cb8975beecd17a84	9.120910644381894	True	43	52	+	-13.5
EMB_onehot_C23	shuffle	tjupan_bacillus_subtilis_main_af44da9eb65c9b2b__dinucleotide_null	tjupan_bacillus_subtilis_main_af44da9eb65c9b2b	7.453133469752482	False	8	17	+	-48.5
EMB_onehot_C23	shuffle	tjupan_bacillus_subtilis_main_8f5b60fc07e381f2__dinucleotide_null	dbtbs_bsub_core_8f5b60fc07e381f2	8.5660035264337	False	59	68	+	2.5
EMB_onehot_C23	shuffle	tjupan_bacillus_subtilis_main_5c9bf0eab187b5f5__dinucleotide_null	dbtbs_bsub_core_93f240a64705adb6	7.697345838772405	False	65	74	+	8.5
EMB_onehot_C23	shuffle	tjupan_bacillus_subtilis_main_aaf138e1b23719d3__dinucleotide_null	dbtbs_bsub_core_380666e4ad2529dd	9.562037276423418	True	27	36	-	-29.5
EMB_onehot_C23	shuffle	tjupan_bacillus_subtilis_main_0fcba0431054cde6__dinucleotide_null	dbtbs_bsub_core_0fcba0431054cde6	7.273050258810558	False	24	33	+	-32.5
EMB_onehot_C23	shuffle	tjupan_bacillus_subtilis_main_6f6446b7ed912162__dinucleotide_null	dbtbs_bsub_core_6f6446b7ed912162	4.329171780744019	False	16	25	-	-40.5
EMB_onehot_C23	shuffle	tjupan_bacillus_subtilis_main_d434d749686b9e33__dinucleotide_null	dbtbs_bsub_core_137eff58d766cefa	7.088420396301657	False	15	24	+	-41.5
EMB_onehot_C23	shuffle	tjupan_bacillus_subtilis_main_96c549f1b176b111__dinucleotide_null	tjupan_bacillus_subtilis_main_96c549f1b176b111	6.126177497373188	False	62	71	-	5.5
EMB_onehot_C23	shuffle	tjupan_bacillus_subtilis_main_a4db17c75fb94c83__dinucleotide_null	dbtbs_bsub_core_8c6f4b9eba960292	2.7453322845149124	False	47	56	+	-9.5
EMB_onehot_C23	shuffle	tjupan_bacillus_subtilis_main_0e5e92df8dafa46f__dinucleotide_null	dbtbs_bsub_core_0e5e92df8dafa46f	9.50174752377514	True	27	36	-	-29.5
EMB_onehot_C23	shuffle	tjupan_bacillus_subtilis_main_089b35a135bf8797__dinucleotide_null	tjupan_bacillus_subtilis_main_089b35a135bf8797	10.195641029574357	True	29	38	-	-27.5
EMB_onehot_C23	shuffle	tjupan_bacillus_subtilis_main_2e3c51df0d86f79b__dinucleotide_null	dbtbs_bsub_core_245b899eb3255120	7.509432557701341	False	3	12	+	-53.5
EMB_onehot_C23	shuffle	tjupan_bacillus_subtilis_main_648aef9dba1f38c4__dinucleotide_null	tjupan_bacillus_subtilis_main_648aef9dba1f38c4	8.291600543934885	False	61	70	+	4.5
EMB_onehot_C23	shuffle	tjupan_bacillus_subtilis_main_b809758bf01da07c__dinucleotide_null	tjupan_bacillus_subtilis_main_b809758bf01da07c	9.482509461761232	True	52	61	-	-4.5
EMB_onehot_C23	shuffle	tjupan_bacillus_subtilis_main_72db3945a2fcac01__dinucleotide_null	tjupan_bacillus_subtilis_main_72db3945a2fcac01	8.56896312947975	False	49	58	-	-7.5
EMB_onehot_C23	shuffle	tjupan_bacillus_subtilis_main_8d9a62a0fbc43019__dinucleotide_null	dbtbs_bsub_core_3348625232a23256	7.289683075288434	False	72	81	-	15.5
EMB_onehot_C23	shuffle	tjupan_bacillus_subtilis_main_2fc6e10224ce632e__dinucleotide_null	dbtbs_bsub_core_2fc6e10224ce632e	6.480439136109815	False	1	10	-	-55.5
EMB_onehot_C23	shuffle	tjupan_bacillus_subtilis_main_4dd4acc476485632__dinucleotide_null	tjupan_bacillus_subtilis_main_4dd4acc476485632	10.135375224576407	True	27	36	-	-29.5
EMB_onehot_C23	shuffle	tjupan_bacillus_subtilis_main_5a1a4573de4d55b3__dinucleotide_null	dbtbs_bsub_core_af75962c5aaa60ac	6.147340947970281	False	62	71	-	5.5
EMB_onehot_C23	shuffle	tjupan_bacillus_subtilis_main_fe854ef781d570c9__dinucleotide_null	dbtbs_bsub_core_79142b70125d7f77	4.016210574630102	False	19	28	+	-37.5
STREME_1-TATAATAAAWA	positive	tjupan_bacillus_subtilis_main_089b35a135bf8797	tjupan_bacillus_subtilis_main_089b35a135bf8797	7.009941898517804	False	35	45	+	-21.0
STREME_1-TATAATAAAWA	positive	tjupan_bacillus_subtilis_main_0b4e887f7ea9c424	dbtbs_bsub_core_0b4e887f7ea9c424	11.743310331794186	True	44	54	+	-12.0
STREME_1-TATAATAAAWA	positive	tjupan_bacillus_subtilis_main_0dc2e54e8f0778d4	dbtbs_bsub_core_89ecb38b4ff0148f	10.105245798533346	True	46	56	+	-10.0
STREME_1-TATAATAAAWA	positive	tjupan_bacillus_subtilis_main_0e5e92df8dafa46f	dbtbs_bsub_core_0e5e92df8dafa46f	7.637429172963859	False	52	62	+	-4.0
STREME_1-TATAATAAAWA	positive	tjupan_bacillus_subtilis_main_0fcba0431054cde6	dbtbs_bsub_core_0fcba0431054cde6	5.434901181933714	False	53	63	+	-3.0
STREME_1-TATAATAAAWA	positive	tjupan_bacillus_subtilis_main_103f2a1ec6daa8c4	dbtbs_bsub_core_103f2a1ec6daa8c4	9.3481875109396	True	49	59	+	-7.0
STREME_1-TATAATAAAWA	positive	tjupan_bacillus_subtilis_main_1b58b9006f9baf4f	dbtbs_bsub_core_1b58b9006f9baf4f	9.548278523119214	True	50	60	+	-6.0
STREME_1-TATAATAAAWA	positive	tjupan_bacillus_subtilis_main_1bc60721b4be672c	dbtbs_bsub_core_cb8975beecd17a84	6.203424373689729	False	66	76	-	10.0
STREME_1-TATAATAAAWA	positive	tjupan_bacillus_subtilis_main_1eb616e060615c81	tjupan_bacillus_subtilis_main_1eb616e060615c81	6.276716585846769	False	48	58	+	-8.0
STREME_1-TATAATAAAWA	positive	tjupan_bacillus_subtilis_main_2e3c51df0d86f79b	dbtbs_bsub_core_245b899eb3255120	7.590739718408531	False	48	58	+	-8.0
STREME_1-TATAATAAAWA	positive	tjupan_bacillus_subtilis_main_2fc6e10224ce632e	dbtbs_bsub_core_2fc6e10224ce632e	6.074030970154168	False	46	56	-	-10.0
STREME_1-TATAATAAAWA	positive	tjupan_bacillus_subtilis_main_323902b09c4af7f6	dbtbs_bsub_core_bb1d2472f35efe20	8.215476646773775	True	40	50	-	-16.0
STREME_1-TATAATAAAWA	positive	tjupan_bacillus_subtilis_main_3ec8c178aa138223	tjupan_bacillus_subtilis_main_3ec8c178aa138223	7.641922126103603	False	28	38	+	-28.0
STREME_1-TATAATAAAWA	positive	tjupan_bacillus_subtilis_main_409ff8a786357eb4	dbtbs_bsub_core_3e3a825c0d09de99	4.518533126218455	False	46	56	-	-10.0
STREME_1-TATAATAAAWA	positive	tjupan_bacillus_subtilis_main_42074f78c0199323	dbtbs_bsub_core_42074f78c0199323	9.812548676958874	True	5	15	+	-51.0
STREME_1-TATAATAAAWA	positive	tjupan_bacillus_subtilis_main_42c1909004fe3d73	tjupan_bacillus_subtilis_main_42c1909004fe3d73	5.91102027647904	False	56	66	+	0.0
STREME_1-TATAATAAAWA	positive	tjupan_bacillus_subtilis_main_4a95c9a0c8c0dc5d	dbtbs_bsub_core_d38f72abf66add23	6.760457233594072	False	42	52	-	-14.0
STREME_1-TATAATAAAWA	positive	tjupan_bacillus_subtilis_main_4dd4acc476485632	tjupan_bacillus_subtilis_main_4dd4acc476485632	7.791851446537651	False	41	51	-	-15.0
STREME_1-TATAATAAAWA	positive	tjupan_bacillus_subtilis_main_5a1a4573de4d55b3	dbtbs_bsub_core_af75962c5aaa60ac	7.852050848345	False	49	59	+	-7.0
STREME_1-TATAATAAAWA	positive	tjupan_bacillus_subtilis_main_5bcbea22526b97af	dbtbs_bsub_core_2bafb1a73b5c7300	5.175536958723708	False	29	39	-	-27.0
STREME_1-TATAATAAAWA	positive	tjupan_bacillus_subtilis_main_5c9bf0eab187b5f5	dbtbs_bsub_core_93f240a64705adb6	7.732413930380858	False	35	45	+	-21.0
STREME_1-TATAATAAAWA	positive	tjupan_bacillus_subtilis_main_648aef9dba1f38c4	tjupan_bacillus_subtilis_main_648aef9dba1f38c4	10.67499920202943	True	39	49	-	-17.0
STREME_1-TATAATAAAWA	positive	tjupan_bacillus_subtilis_main_682dcc155b9eb236	dbtbs_bsub_core_5d3712ff0aeb1916	7.038859194321336	False	65	75	+	9.0
STREME_1-TATAATAAAWA	positive	tjupan_bacillus_subtilis_main_6cf2c0e47935a8c2	dbtbs_bsub_core_6cf2c0e47935a8c2	8.647792967156471	True	2	12	+	-54.0
STREME_1-TATAATAAAWA	positive	tjupan_bacillus_subtilis_main_6f5bfd2e001a2697	dbtbs_bsub_core_6f5bfd2e001a2697	10.08974251617062	True	49	59	+	-7.0
STREME_1-TATAATAAAWA	positive	tjupan_bacillus_subtilis_main_6f6446b7ed912162	dbtbs_bsub_core_6f6446b7ed912162	8.05353641094701	True	51	61	+	-5.0
STREME_1-TATAATAAAWA	positive	tjupan_bacillus_subtilis_main_6fc8f7f57b8f5e9d	tjupan_bacillus_subtilis_main_6fc8f7f57b8f5e9d	5.619249099870428	False	16	26	+	-40.0
STREME_1-TATAATAAAWA	positive	tjupan_bacillus_subtilis_main_72127e86172ad2be	tjupan_bacillus_subtilis_main_72127e86172ad2be	6.255514960333108	False	50	60	-	-6.0
STREME_1-TATAATAAAWA	positive	tjupan_bacillus_subtilis_main_721ac29c5ef7c9f0	dbtbs_bsub_core_721ac29c5ef7c9f0	7.824281906808656	False	51	61	+	-5.0
STREME_1-TATAATAAAWA	positive	tjupan_bacillus_subtilis_main_72db3945a2fcac01	tjupan_bacillus_subtilis_main_72db3945a2fcac01	8.82640646662496	True	20	30	-	-36.0
STREME_1-TATAATAAAWA	positive	tjupan_bacillus_subtilis_main_74379fc21a77213d	tjupan_bacillus_subtilis_main_74379fc21a77213d	3.20589325838706	False	40	50	-	-16.0
STREME_1-TATAATAAAWA	positive	tjupan_bacillus_subtilis_main_79220287475133e5	dbtbs_bsub_core_79220287475133e5	9.889179261074997	True	49	59	+	-7.0
STREME_1-TATAATAAAWA	positive	tjupan_bacillus_subtilis_main_7c407bebf512b5e0	tjupan_bacillus_subtilis_main_7c407bebf512b5e0	6.1383040842144565	False	51	61	-	-5.0
STREME_1-TATAATAAAWA	positive	tjupan_bacillus_subtilis_main_824214e197f86545	tjupan_bacillus_subtilis_main_824214e197f86545	9.916785624912206	True	27	37	+	-29.0
STREME_1-TATAATAAAWA	positive	tjupan_bacillus_subtilis_main_842f97f040946982	tjupan_bacillus_subtilis_main_842f97f040946982	11.770950760284737	True	28	38	+	-28.0
STREME_1-TATAATAAAWA	positive	tjupan_bacillus_subtilis_main_84cc0835204b8e58	dbtbs_bsub_core_396da27afda34e05	8.140144650929301	True	34	44	+	-22.0
STREME_1-TATAATAAAWA	positive	tjupan_bacillus_subtilis_main_89e75db25f32c6c9	dbtbs_bsub_core_66a79c370c059251	7.271587025821461	False	48	58	+	-8.0
STREME_1-TATAATAAAWA	positive	tjupan_bacillus_subtilis_main_8d9a62a0fbc43019	dbtbs_bsub_core_3348625232a23256	11.95541308018925	True	11	21	-	-45.0
STREME_1-TATAATAAAWA	positive	tjupan_bacillus_subtilis_main_8f5b60fc07e381f2	dbtbs_bsub_core_8f5b60fc07e381f2	7.43196936217463	False	60	70	+	4.0
STREME_1-TATAATAAAWA	positive	tjupan_bacillus_subtilis_main_93a3a1679c7a73c9	tjupan_bacillus_subtilis_main_93a3a1679c7a73c9	6.293488454349648	False	60	70	+	4.0
STREME_1-TATAATAAAWA	positive	tjupan_bacillus_subtilis_main_96c549f1b176b111	tjupan_bacillus_subtilis_main_96c549f1b176b111	8.870290533499535	True	44	54	+	-12.0
STREME_1-TATAATAAAWA	positive	tjupan_bacillus_subtilis_main_996c93274b7d349e	tjupan_bacillus_subtilis_main_996c93274b7d349e	5.684679673996949	False	50	60	+	-6.0
STREME_1-TATAATAAAWA	positive	tjupan_bacillus_subtilis_main_9996ea2b61a7fc82	tjupan_bacillus_subtilis_main_9996ea2b61a7fc82	9.564111835916327	True	49	59	+	-7.0
STREME_1-TATAATAAAWA	positive	tjupan_bacillus_subtilis_main_a2ab5f161ee68a0a	tjupan_bacillus_subtilis_main_a2ab5f161ee68a0a	7.800967806316304	False	49	59	+	-7.0
STREME_1-TATAATAAAWA	positive	tjupan_bacillus_subtilis_main_a2bee6d81c2dad89	dbtbs_bsub_core_a2bee6d81c2dad89	4.8357503697367274	False	56	66	+	0.0
STREME_1-TATAATAAAWA	positive	tjupan_bacillus_subtilis_main_a4db17c75fb94c83	dbtbs_bsub_core_8c6f4b9eba960292	7.044176988108081	False	20	30	-	-36.0
STREME_1-TATAATAAAWA	positive	tjupan_bacillus_subtilis_main_a7eb317986e0a410	tjupan_bacillus_subtilis_main_a7eb317986e0a410	8.721698090879414	True	33	43	-	-23.0
STREME_1-TATAATAAAWA	positive	tjupan_bacillus_subtilis_main_aaf138e1b23719d3	dbtbs_bsub_core_380666e4ad2529dd	7.700951925308644	False	1	11	+	-55.0
STREME_1-TATAATAAAWA	positive	tjupan_bacillus_subtilis_main_af44da9eb65c9b2b	tjupan_bacillus_subtilis_main_af44da9eb65c9b2b	6.118502812034791	False	32	42	+	-24.0
STREME_1-TATAATAAAWA	positive	tjupan_bacillus_subtilis_main_b541048ffbe461fc	tjupan_bacillus_subtilis_main_b541048ffbe461fc	6.411915595068747	False	47	57	-	-9.0
STREME_1-TATAATAAAWA	positive	tjupan_bacillus_subtilis_main_b558e80410906098	dbtbs_bsub_core_b558e80410906098	6.9254950691335555	False	9	19	-	-47.0
STREME_1-TATAATAAAWA	positive	tjupan_bacillus_subtilis_main_b809758bf01da07c	tjupan_bacillus_subtilis_main_b809758bf01da07c	8.213753477229375	True	48	58	+	-8.0
STREME_1-TATAATAAAWA	positive	tjupan_bacillus_subtilis_main_b86a1d8c42408cc4	tjupan_bacillus_subtilis_main_b86a1d8c42408cc4	3.875149560121442	False	50	60	+	-6.0
STREME_1-TATAATAAAWA	positive	tjupan_bacillus_subtilis_main_c7551eecc12a98c1	tjupan_bacillus_subtilis_main_c7551eecc12a98c1	13.18861878372393	True	25	35	-	-31.0
STREME_1-TATAATAAAWA	positive	tjupan_bacillus_subtilis_main_c897ab6e4a2d8869	tjupan_bacillus_subtilis_main_c897ab6e4a2d8869	5.252230904697248	False	44	54	+	-12.0
STREME_1-TATAATAAAWA	positive	tjupan_bacillus_subtilis_main_cd9626c39ea075d5	dbtbs_bsub_core_cd9626c39ea075d5	10.679962610807355	True	52	62	+	-4.0
STREME_1-TATAATAAAWA	positive	tjupan_bacillus_subtilis_main_cf013234eecd796b	dbtbs_bsub_core_700614a2577d51a9	10.251758039122052	True	7	17	+	-49.0
STREME_1-TATAATAAAWA	positive	tjupan_bacillus_subtilis_main_d072d578ae627246	tjupan_bacillus_subtilis_main_d072d578ae627246	4.615799206357666	False	69	79	-	13.0
STREME_1-TATAATAAAWA	positive	tjupan_bacillus_subtilis_main_d434d749686b9e33	dbtbs_bsub_core_137eff58d766cefa	5.212578545676571	False	40	50	-	-16.0
STREME_1-TATAATAAAWA	positive	tjupan_bacillus_subtilis_main_d75f323535d0e96f	tjupan_bacillus_subtilis_main_d75f323535d0e96f	6.29821425994192	False	51	61	+	-5.0
STREME_1-TATAATAAAWA	positive	tjupan_bacillus_subtilis_main_d94f791dab569af4	dbtbs_bsub_core_e72b843a494a35db	6.6269367581363845	False	11	21	-	-45.0
STREME_1-TATAATAAAWA	positive	tjupan_bacillus_subtilis_main_dc95e7cdf3939931	dbtbs_bsub_core_dc95e7cdf3939931	5.703448745182639	False	49	59	+	-7.0
STREME_1-TATAATAAAWA	positive	tjupan_bacillus_subtilis_main_dda9e4c6372ef204	dbtbs_bsub_core_50819f6cb2562fd8	9.229043822809523	True	42	52	-	-14.0
STREME_1-TATAATAAAWA	positive	tjupan_bacillus_subtilis_main_e51e63a9cb3e9467	dbtbs_bsub_core_bb482769c888cf21	9.229043822809523	True	50	60	+	-6.0
STREME_1-TATAATAAAWA	positive	tjupan_bacillus_subtilis_main_e7e17b10ff25536a	tjupan_bacillus_subtilis_main_1eb616e060615c81	6.276716585846769	False	51	61	+	-5.0
STREME_1-TATAATAAAWA	positive	tjupan_bacillus_subtilis_main_f2d1e33176b05430	dbtbs_bsub_core_f2d1e33176b05430	5.858060674193153	False	53	63	-	-3.0
STREME_1-TATAATAAAWA	positive	tjupan_bacillus_subtilis_main_fe854ef781d570c9	dbtbs_bsub_core_79142b70125d7f77	4.20962380292412	False	32	42	-	-24.0
STREME_1-TATAATAAAWA	natural	tjupan_bacillus_subtilis_main_01f49032fc924b2b	tjupan_bacillus_subtilis_main_01f49032fc924b2b	4.37867288292712	False	9	19	-	-47.0
STREME_1-TATAATAAAWA	natural	tjupan_bacillus_subtilis_main_0369fa5f1dde8889	tjupan_bacillus_subtilis_main_0369fa5f1dde8889	2.4774946557910345	False	66	76	+	10.0
STREME_1-TATAATAAAWA	natural	tjupan_bacillus_subtilis_main_04bf0704019251eb	tjupan_bacillus_subtilis_main_04bf0704019251eb	3.0144025506746415	False	40	50	-	-16.0
STREME_1-TATAATAAAWA	natural	tjupan_bacillus_subtilis_main_07a43cab15901fd0	tjupan_bacillus_subtilis_main_07a43cab15901fd0	2.6903373826716708	False	20	30	+	-36.0
STREME_1-TATAATAAAWA	natural	tjupan_bacillus_subtilis_main_0abf62f108ad9afa	tjupan_bacillus_subtilis_main_0abf62f108ad9afa	1.0720446102732042	False	6	16	+	-50.0
STREME_1-TATAATAAAWA	natural	tjupan_bacillus_subtilis_main_10a028761e096e6f	tjupan_bacillus_subtilis_main_10a028761e096e6f	3.9521383990382857	False	66	76	+	10.0
STREME_1-TATAATAAAWA	natural	tjupan_bacillus_subtilis_main_1183c551e9c3884e	tjupan_bacillus_subtilis_main_1183c551e9c3884e	6.170390539821169	False	19	29	-	-37.0
STREME_1-TATAATAAAWA	natural	tjupan_bacillus_subtilis_main_11c75fe7d070d91d	tjupan_bacillus_subtilis_main_11c75fe7d070d91d	-3.542422497859977	False	23	33	+	-33.0
STREME_1-TATAATAAAWA	natural	tjupan_bacillus_subtilis_main_13f81edc59432f39	tjupan_bacillus_subtilis_main_13f81edc59432f39	-0.3060048274084104	False	1	11	+	-55.0
STREME_1-TATAATAAAWA	natural	tjupan_bacillus_subtilis_main_1a1965c69595e91c	tjupan_bacillus_subtilis_main_1a1965c69595e91c	1.7306625723124947	False	7	17	+	-49.0
STREME_1-TATAATAAAWA	natural	tjupan_bacillus_subtilis_main_28ceb7fd6ffaf1b1	tjupan_bacillus_subtilis_main_28ceb7fd6ffaf1b1	1.4376696383191105	False	13	23	+	-43.0
STREME_1-TATAATAAAWA	natural	tjupan_bacillus_subtilis_main_2a691ccdd9f8cd87	tjupan_bacillus_subtilis_main_2a691ccdd9f8cd87	2.802656557432939	False	46	56	+	-10.0
STREME_1-TATAATAAAWA	natural	tjupan_bacillus_subtilis_main_3095b00d206277d2	tjupan_bacillus_subtilis_main_3095b00d206277d2	2.03467641317358	False	39	49	-	-17.0
STREME_1-TATAATAAAWA	natural	tjupan_bacillus_subtilis_main_33ded6bc702ab6e3	tjupan_bacillus_subtilis_main_33ded6bc702ab6e3	-0.42665671100657865	False	10	20	-	-46.0
STREME_1-TATAATAAAWA	natural	tjupan_bacillus_subtilis_main_3b669bfd8e8ecc5c	tjupan_bacillus_subtilis_main_3b669bfd8e8ecc5c	2.202340949383326	False	40	50	+	-16.0
STREME_1-TATAATAAAWA	natural	tjupan_bacillus_subtilis_main_3dfed0cfea4ace99	tjupan_bacillus_subtilis_main_3dfed0cfea4ace99	2.883194281842612	False	68	78	-	12.0
STREME_1-TATAATAAAWA	natural	tjupan_bacillus_subtilis_main_3f82397c249b4c2e	tjupan_bacillus_subtilis_main_3f82397c249b4c2e	6.7167359330816225	False	8	18	+	-48.0
STREME_1-TATAATAAAWA	natural	tjupan_bacillus_subtilis_main_413de94f4b4cc894	tjupan_bacillus_subtilis_main_413de94f4b4cc894	5.504804733106311	False	68	78	+	12.0
STREME_1-TATAATAAAWA	natural	tjupan_bacillus_subtilis_main_4225dc5bcf089682	tjupan_bacillus_subtilis_main_4225dc5bcf089682	7.352653124042757	False	31	41	+	-25.0
STREME_1-TATAATAAAWA	natural	tjupan_bacillus_subtilis_main_43e8357a95b8acad	tjupan_bacillus_subtilis_main_43e8357a95b8acad	-1.24012001813346	False	57	67	-	1.0
STREME_1-TATAATAAAWA	natural	tjupan_bacillus_subtilis_main_44b9e66950262593	tjupan_bacillus_subtilis_main_44b9e66950262593	2.07287713326857	False	63	73	-	7.0
STREME_1-TATAATAAAWA	natural	tjupan_bacillus_subtilis_main_4600103c5e396ab7	tjupan_bacillus_subtilis_main_4600103c5e396ab7	5.8003327115501335	False	46	56	-	-10.0
STREME_1-TATAATAAAWA	natural	tjupan_bacillus_subtilis_main_47b01646ad818f05	tjupan_bacillus_subtilis_main_47b01646ad818f05	1.264107482525564	False	27	37	+	-29.0
STREME_1-TATAATAAAWA	natural	tjupan_bacillus_subtilis_main_47f3a0ce2d4034a8	tjupan_bacillus_subtilis_main_47f3a0ce2d4034a8	-0.2116330859954465	False	14	24	-	-42.0
STREME_1-TATAATAAAWA	natural	tjupan_bacillus_subtilis_main_4c62636643ef908e	tjupan_bacillus_subtilis_main_4c62636643ef908e	4.634940462234961	False	3	13	-	-53.0
STREME_1-TATAATAAAWA	natural	tjupan_bacillus_subtilis_main_4ec6f242d8a5df5c	tjupan_bacillus_subtilis_main_4ec6f242d8a5df5c	3.120684470986422	False	45	55	-	-11.0
STREME_1-TATAATAAAWA	natural	tjupan_bacillus_subtilis_main_4efdcab552f8b70d	tjupan_bacillus_subtilis_main_4efdcab552f8b70d	-0.6806612516417658	False	70	80	+	14.0
STREME_1-TATAATAAAWA	natural	tjupan_bacillus_subtilis_main_51577d89c939deba	tjupan_bacillus_subtilis_main_51577d89c939deba	1.987397210685371	False	36	46	+	-20.0
STREME_1-TATAATAAAWA	natural	tjupan_bacillus_subtilis_main_52bff7f8e27d9410	tjupan_bacillus_subtilis_main_52bff7f8e27d9410	2.6037047272843292	False	39	49	-	-17.0
STREME_1-TATAATAAAWA	natural	tjupan_bacillus_subtilis_main_59901c21c497690b	tjupan_bacillus_subtilis_main_59901c21c497690b	8.103990787138976	True	45	55	+	-11.0
STREME_1-TATAATAAAWA	natural	tjupan_bacillus_subtilis_main_5f953d4f57c1fa81	tjupan_bacillus_subtilis_main_5f953d4f57c1fa81	1.6715881726215043	False	34	44	+	-22.0
STREME_1-TATAATAAAWA	natural	tjupan_bacillus_subtilis_main_669f9a1f1028b036	tjupan_bacillus_subtilis_main_669f9a1f1028b036	0.24515286712572415	False	50	60	-	-6.0
STREME_1-TATAATAAAWA	natural	tjupan_bacillus_subtilis_main_69dc5d058d63d549	tjupan_bacillus_subtilis_main_69dc5d058d63d549	-0.7193290905179925	False	57	67	-	1.0
STREME_1-TATAATAAAWA	natural	tjupan_bacillus_subtilis_main_6cfe0a7e178b1651	tjupan_bacillus_subtilis_main_6cfe0a7e178b1651	-1.8087498556294845	False	44	54	-	-12.0
STREME_1-TATAATAAAWA	natural	tjupan_bacillus_subtilis_main_705ab5e790a4610d	tjupan_bacillus_subtilis_main_705ab5e790a4610d	2.984173628027663	False	55	65	-	-1.0
STREME_1-TATAATAAAWA	natural	tjupan_bacillus_subtilis_main_71852833d33a5887	tjupan_bacillus_subtilis_main_71852833d33a5887	0.5301412282507794	False	13	23	-	-43.0
STREME_1-TATAATAAAWA	natural	tjupan_bacillus_subtilis_main_76c86d1f05ca1d88	tjupan_bacillus_subtilis_main_76c86d1f05ca1d88	4.544903356537292	False	56	66	+	0.0
STREME_1-TATAATAAAWA	natural	tjupan_bacillus_subtilis_main_777d2d2586a95fbc	tjupan_bacillus_subtilis_main_777d2d2586a95fbc	0.9071950350338059	False	69	79	+	13.0
STREME_1-TATAATAAAWA	natural	tjupan_bacillus_subtilis_main_7c99b9a8665786aa	tjupan_bacillus_subtilis_main_7c99b9a8665786aa	3.834696203254853	False	63	73	+	7.0
STREME_1-TATAATAAAWA	natural	tjupan_bacillus_subtilis_main_82f0003647ec7740	tjupan_bacillus_subtilis_main_82f0003647ec7740	9.021743007493244	True	65	75	-	9.0
STREME_1-TATAATAAAWA	natural	tjupan_bacillus_subtilis_main_8a9952e5dc8e0bd1	tjupan_bacillus_subtilis_main_8a9952e5dc8e0bd1	1.81862798601204	False	66	76	-	10.0
STREME_1-TATAATAAAWA	natural	tjupan_bacillus_subtilis_main_8c2afb751c3f9d92	tjupan_bacillus_subtilis_main_8c2afb751c3f9d92	6.939264015535651	False	45	55	+	-11.0
STREME_1-TATAATAAAWA	natural	tjupan_bacillus_subtilis_main_8e1b3c58365d2bbd	tjupan_bacillus_subtilis_main_8e1b3c58365d2bbd	10.093492616411172	True	54	64	+	-2.0
STREME_1-TATAATAAAWA	natural	tjupan_bacillus_subtilis_main_906140fe2a990d8e	tjupan_bacillus_subtilis_main_906140fe2a990d8e	4.963528588047056	False	71	81	+	15.0
STREME_1-TATAATAAAWA	natural	tjupan_bacillus_subtilis_main_94dbc17f3078c678	tjupan_bacillus_subtilis_main_94dbc17f3078c678	1.9595052038273646	False	3	13	+	-53.0
STREME_1-TATAATAAAWA	natural	tjupan_bacillus_subtilis_main_9bf1d28c9aae3b2e	tjupan_bacillus_subtilis_main_9bf1d28c9aae3b2e	0.7317443544802068	False	5	15	+	-51.0
STREME_1-TATAATAAAWA	natural	tjupan_bacillus_subtilis_main_9cc8f38cff175da4	tjupan_bacillus_subtilis_main_9cc8f38cff175da4	6.9390780060702175	False	68	78	-	12.0
STREME_1-TATAATAAAWA	natural	tjupan_bacillus_subtilis_main_9cceb700e3527301	tjupan_bacillus_subtilis_main_9cceb700e3527301	-0.2443255374328681	False	7	17	+	-49.0
STREME_1-TATAATAAAWA	natural	tjupan_bacillus_subtilis_main_9d0345f875b7552c	tjupan_bacillus_subtilis_main_9d0345f875b7552c	3.727352361423736	False	44	54	-	-12.0
STREME_1-TATAATAAAWA	natural	tjupan_bacillus_subtilis_main_a3fedb31fa6cc84b	tjupan_bacillus_subtilis_main_a3fedb31fa6cc84b	6.250878596051516	False	59	69	+	3.0
STREME_1-TATAATAAAWA	natural	tjupan_bacillus_subtilis_main_a54e7006d4699b67	tjupan_bacillus_subtilis_main_a54e7006d4699b67	1.020958511680234	False	34	44	+	-22.0
STREME_1-TATAATAAAWA	natural	tjupan_bacillus_subtilis_main_aaa45c891936f972	tjupan_bacillus_subtilis_main_aaa45c891936f972	0.37685425816548745	False	48	58	+	-8.0
STREME_1-TATAATAAAWA	natural	tjupan_bacillus_subtilis_main_aec3d55ae2f9e509	tjupan_bacillus_subtilis_main_aec3d55ae2f9e509	2.8569843196639813	False	25	35	-	-31.0
STREME_1-TATAATAAAWA	natural	tjupan_bacillus_subtilis_main_b0b9cfd1b442c029	tjupan_bacillus_subtilis_main_b0b9cfd1b442c029	6.511884868178439	False	39	49	-	-17.0
STREME_1-TATAATAAAWA	natural	tjupan_bacillus_subtilis_main_b161f4572a371b25	tjupan_bacillus_subtilis_main_b161f4572a371b25	4.851709573653834	False	49	59	+	-7.0
STREME_1-TATAATAAAWA	natural	tjupan_bacillus_subtilis_main_b3e87bd1af1ccb1a	tjupan_bacillus_subtilis_main_b3e87bd1af1ccb1a	0.045903797357507464	False	34	44	+	-22.0
STREME_1-TATAATAAAWA	natural	tjupan_bacillus_subtilis_main_b5ddce4bc0328e2c	tjupan_bacillus_subtilis_main_b5ddce4bc0328e2c	0.5677906399664194	False	39	49	+	-17.0
STREME_1-TATAATAAAWA	natural	tjupan_bacillus_subtilis_main_b9d7835496546020	tjupan_bacillus_subtilis_main_b9d7835496546020	0.8908270059110299	False	24	34	-	-32.0
STREME_1-TATAATAAAWA	natural	tjupan_bacillus_subtilis_main_bd36aa35d4edeb39	tjupan_bacillus_subtilis_main_bd36aa35d4edeb39	3.090810308009946	False	3	13	-	-53.0
STREME_1-TATAATAAAWA	natural	tjupan_bacillus_subtilis_main_c24b04311bf8b4bf	tjupan_bacillus_subtilis_main_c24b04311bf8b4bf	1.624919583578258	False	18	28	+	-38.0
STREME_1-TATAATAAAWA	natural	tjupan_bacillus_subtilis_main_c981e3412d58013c	tjupan_bacillus_subtilis_main_c981e3412d58013c	2.8900219229589985	False	6	16	+	-50.0
STREME_1-TATAATAAAWA	natural	tjupan_bacillus_subtilis_main_cbe667645cefe255	tjupan_bacillus_subtilis_main_cbe667645cefe255	0.5899237450363704	False	11	21	+	-45.0
STREME_1-TATAATAAAWA	natural	tjupan_bacillus_subtilis_main_ced7dfa7b2671e00	tjupan_bacillus_subtilis_main_ced7dfa7b2671e00	1.1376329651222366	False	59	69	-	3.0
STREME_1-TATAATAAAWA	natural	tjupan_bacillus_subtilis_main_d14a8947b06ae361	tjupan_bacillus_subtilis_main_d14a8947b06ae361	5.816289428001824	False	34	44	-	-22.0
STREME_1-TATAATAAAWA	natural	tjupan_bacillus_subtilis_main_dd7d0f632ba9b25f	tjupan_bacillus_subtilis_main_dd7d0f632ba9b25f	5.570248051569051	False	47	57	+	-9.0
STREME_1-TATAATAAAWA	natural	tjupan_bacillus_subtilis_main_deeb9c19c390dc19	tjupan_bacillus_subtilis_main_deeb9c19c390dc19	0.9945971802767721	False	23	33	-	-33.0
STREME_1-TATAATAAAWA	natural	tjupan_bacillus_subtilis_main_dfdf3a9a774b0b36	tjupan_bacillus_subtilis_main_dfdf3a9a774b0b36	-1.9542348252238109	False	32	42	-	-24.0
STREME_1-TATAATAAAWA	natural	tjupan_bacillus_subtilis_main_e05a9847e20fa44f	tjupan_bacillus_subtilis_main_e05a9847e20fa44f	0.8871491737690298	False	58	68	+	2.0
STREME_1-TATAATAAAWA	natural	tjupan_bacillus_subtilis_main_e09693162cd1efc7	tjupan_bacillus_subtilis_main_e09693162cd1efc7	5.6074797520063004	False	66	76	+	10.0
STREME_1-TATAATAAAWA	natural	tjupan_bacillus_subtilis_main_e1df7768894b7e64	tjupan_bacillus_subtilis_main_e1df7768894b7e64	1.7790268844595645	False	9	19	-	-47.0
STREME_1-TATAATAAAWA	natural	tjupan_bacillus_subtilis_main_e4935e5203d5f4a1	tjupan_bacillus_subtilis_main_e4935e5203d5f4a1	11.521164260473407	True	11	21	-	-45.0
STREME_1-TATAATAAAWA	natural	tjupan_bacillus_subtilis_main_e71258c4630ccafd	tjupan_bacillus_subtilis_main_e71258c4630ccafd	4.199800531032228	False	61	71	+	5.0
STREME_1-TATAATAAAWA	natural	tjupan_bacillus_subtilis_main_ea6abbc438ac2020	tjupan_bacillus_subtilis_main_ea6abbc438ac2020	5.960095401593531	False	26	36	-	-30.0
STREME_1-TATAATAAAWA	natural	tjupan_bacillus_subtilis_main_ede46bd107484afd	tjupan_bacillus_subtilis_main_ede46bd107484afd	4.686003153100373	False	13	23	-	-43.0
STREME_1-TATAATAAAWA	natural	tjupan_bacillus_subtilis_main_f0317abbf46a2fa8	tjupan_bacillus_subtilis_main_f0317abbf46a2fa8	1.7724970704645182	False	29	39	+	-27.0
STREME_1-TATAATAAAWA	natural	tjupan_bacillus_subtilis_main_fe9f961ad53aca80	tjupan_bacillus_subtilis_main_fe9f961ad53aca80	3.2261383406606576	False	29	39	+	-27.0
STREME_1-TATAATAAAWA	natural	tjupan_bacillus_subtilis_main_fffb0162887a3736	tjupan_bacillus_subtilis_main_fffb0162887a3736	4.246459327072487	False	5	15	-	-51.0
STREME_1-TATAATAAAWA	shuffle	tjupan_bacillus_subtilis_main_0dc2e54e8f0778d4__dinucleotide_null	dbtbs_bsub_core_89ecb38b4ff0148f	9.262294587368162	True	50	60	+	-6.0
STREME_1-TATAATAAAWA	shuffle	tjupan_bacillus_subtilis_main_682dcc155b9eb236__dinucleotide_null	dbtbs_bsub_core_5d3712ff0aeb1916	8.653357363134921	True	51	61	+	-5.0
STREME_1-TATAATAAAWA	shuffle	tjupan_bacillus_subtilis_main_f2d1e33176b05430__dinucleotide_null	dbtbs_bsub_core_f2d1e33176b05430	10.023399162582463	True	14	24	+	-42.0
STREME_1-TATAATAAAWA	shuffle	tjupan_bacillus_subtilis_main_c7551eecc12a98c1__dinucleotide_null	tjupan_bacillus_subtilis_main_c7551eecc12a98c1	9.751007412392221	True	27	37	+	-29.0
STREME_1-TATAATAAAWA	shuffle	tjupan_bacillus_subtilis_main_89e75db25f32c6c9__dinucleotide_null	dbtbs_bsub_core_66a79c370c059251	9.47096206282032	True	30	40	-	-26.0
STREME_1-TATAATAAAWA	shuffle	tjupan_bacillus_subtilis_main_9996ea2b61a7fc82__dinucleotide_null	tjupan_bacillus_subtilis_main_9996ea2b61a7fc82	7.36515315254168	False	46	56	-	-10.0
STREME_1-TATAATAAAWA	shuffle	tjupan_bacillus_subtilis_main_b86a1d8c42408cc4__dinucleotide_null	tjupan_bacillus_subtilis_main_b86a1d8c42408cc4	4.052855342273305	False	47	57	-	-9.0
STREME_1-TATAATAAAWA	shuffle	tjupan_bacillus_subtilis_main_79220287475133e5__dinucleotide_null	dbtbs_bsub_core_79220287475133e5	7.967009283238664	True	4	14	+	-52.0
STREME_1-TATAATAAAWA	shuffle	tjupan_bacillus_subtilis_main_a2bee6d81c2dad89__dinucleotide_null	dbtbs_bsub_core_a2bee6d81c2dad89	0.3736610530303639	False	71	81	+	15.0
STREME_1-TATAATAAAWA	shuffle	tjupan_bacillus_subtilis_main_103f2a1ec6daa8c4__dinucleotide_null	dbtbs_bsub_core_103f2a1ec6daa8c4	9.373350354463978	True	30	40	+	-26.0
STREME_1-TATAATAAAWA	shuffle	tjupan_bacillus_subtilis_main_996c93274b7d349e__dinucleotide_null	tjupan_bacillus_subtilis_main_996c93274b7d349e	7.201061495317038	False	9	19	+	-47.0
STREME_1-TATAATAAAWA	shuffle	tjupan_bacillus_subtilis_main_7c407bebf512b5e0__dinucleotide_null	tjupan_bacillus_subtilis_main_7c407bebf512b5e0	6.867042975019817	False	24	34	+	-32.0
STREME_1-TATAATAAAWA	shuffle	tjupan_bacillus_subtilis_main_842f97f040946982__dinucleotide_null	tjupan_bacillus_subtilis_main_842f97f040946982	4.6877860422297	False	37	47	+	-19.0
STREME_1-TATAATAAAWA	shuffle	tjupan_bacillus_subtilis_main_42c1909004fe3d73__dinucleotide_null	tjupan_bacillus_subtilis_main_42c1909004fe3d73	6.998920351463703	False	36	46	-	-20.0
STREME_1-TATAATAAAWA	shuffle	tjupan_bacillus_subtilis_main_42074f78c0199323__dinucleotide_null	dbtbs_bsub_core_42074f78c0199323	6.234826553339778	False	11	21	-	-45.0
STREME_1-TATAATAAAWA	shuffle	tjupan_bacillus_subtilis_main_72127e86172ad2be__dinucleotide_null	tjupan_bacillus_subtilis_main_72127e86172ad2be	5.320986858922845	False	20	30	+	-36.0
STREME_1-TATAATAAAWA	shuffle	tjupan_bacillus_subtilis_main_d072d578ae627246__dinucleotide_null	tjupan_bacillus_subtilis_main_d072d578ae627246	3.4159709253523687	False	59	69	+	3.0
STREME_1-TATAATAAAWA	shuffle	tjupan_bacillus_subtilis_main_a2ab5f161ee68a0a__dinucleotide_null	tjupan_bacillus_subtilis_main_a2ab5f161ee68a0a	4.484305649375429	False	29	39	-	-27.0
STREME_1-TATAATAAAWA	shuffle	tjupan_bacillus_subtilis_main_3ec8c178aa138223__dinucleotide_null	tjupan_bacillus_subtilis_main_3ec8c178aa138223	11.521164260473407	True	17	27	+	-39.0
STREME_1-TATAATAAAWA	shuffle	tjupan_bacillus_subtilis_main_824214e197f86545__dinucleotide_null	tjupan_bacillus_subtilis_main_824214e197f86545	6.836196148783098	False	71	81	-	15.0
STREME_1-TATAATAAAWA	shuffle	tjupan_bacillus_subtilis_main_721ac29c5ef7c9f0__dinucleotide_null	dbtbs_bsub_core_721ac29c5ef7c9f0	10.605013980208895	True	22	32	+	-34.0
STREME_1-TATAATAAAWA	shuffle	tjupan_bacillus_subtilis_main_a7eb317986e0a410__dinucleotide_null	tjupan_bacillus_subtilis_main_a7eb317986e0a410	3.0750323870946037	False	39	49	-	-17.0
STREME_1-TATAATAAAWA	shuffle	tjupan_bacillus_subtilis_main_6cf2c0e47935a8c2__dinucleotide_null	dbtbs_bsub_core_6cf2c0e47935a8c2	9.155097715139213	True	11	21	+	-45.0
STREME_1-TATAATAAAWA	shuffle	tjupan_bacillus_subtilis_main_cd9626c39ea075d5__dinucleotide_null	dbtbs_bsub_core_cd9626c39ea075d5	10.67499920202943	True	24	34	+	-32.0
STREME_1-TATAATAAAWA	shuffle	tjupan_bacillus_subtilis_main_4a95c9a0c8c0dc5d__dinucleotide_null	dbtbs_bsub_core_d38f72abf66add23	2.9730246187667912	False	5	15	-	-51.0
STREME_1-TATAATAAAWA	shuffle	tjupan_bacillus_subtilis_main_323902b09c4af7f6__dinucleotide_null	dbtbs_bsub_core_bb1d2472f35efe20	5.856511888154523	False	70	80	+	14.0
STREME_1-TATAATAAAWA	shuffle	tjupan_bacillus_subtilis_main_dda9e4c6372ef204__dinucleotide_null	dbtbs_bsub_core_50819f6cb2562fd8	3.9393106883526503	False	53	63	-	-3.0
STREME_1-TATAATAAAWA	shuffle	tjupan_bacillus_subtilis_main_6fc8f7f57b8f5e9d__dinucleotide_null	tjupan_bacillus_subtilis_main_6fc8f7f57b8f5e9d	5.574052318707688	False	67	77	+	11.0
STREME_1-TATAATAAAWA	shuffle	tjupan_bacillus_subtilis_main_84cc0835204b8e58__dinucleotide_null	dbtbs_bsub_core_396da27afda34e05	7.93821523417336	True	46	56	-	-10.0
STREME_1-TATAATAAAWA	shuffle	tjupan_bacillus_subtilis_main_c897ab6e4a2d8869__dinucleotide_null	tjupan_bacillus_subtilis_main_c897ab6e4a2d8869	5.439395245262012	False	26	36	+	-30.0
STREME_1-TATAATAAAWA	shuffle	tjupan_bacillus_subtilis_main_1b58b9006f9baf4f__dinucleotide_null	dbtbs_bsub_core_1b58b9006f9baf4f	6.450858915059812	False	51	61	-	-5.0
STREME_1-TATAATAAAWA	shuffle	tjupan_bacillus_subtilis_main_5bcbea22526b97af__dinucleotide_null	dbtbs_bsub_core_2bafb1a73b5c7300	9.09840101112827	True	61	71	+	5.0
STREME_1-TATAATAAAWA	shuffle	tjupan_bacillus_subtilis_main_e51e63a9cb3e9467__dinucleotide_null	dbtbs_bsub_core_bb482769c888cf21	5.790579209648754	False	60	70	-	4.0
STREME_1-TATAATAAAWA	shuffle	tjupan_bacillus_subtilis_main_b558e80410906098__dinucleotide_null	dbtbs_bsub_core_b558e80410906098	6.531501506792404	False	1	11	-	-55.0
STREME_1-TATAATAAAWA	shuffle	tjupan_bacillus_subtilis_main_dc95e7cdf3939931__dinucleotide_null	dbtbs_bsub_core_dc95e7cdf3939931	6.863429657929096	False	44	54	+	-12.0
STREME_1-TATAATAAAWA	shuffle	tjupan_bacillus_subtilis_main_cf013234eecd796b__dinucleotide_null	dbtbs_bsub_core_700614a2577d51a9	5.596423591595225	False	64	74	-	8.0
STREME_1-TATAATAAAWA	shuffle	tjupan_bacillus_subtilis_main_b541048ffbe461fc__dinucleotide_null	tjupan_bacillus_subtilis_main_b541048ffbe461fc	4.076444977501041	False	57	67	-	1.0
STREME_1-TATAATAAAWA	shuffle	tjupan_bacillus_subtilis_main_0b4e887f7ea9c424__dinucleotide_null	dbtbs_bsub_core_0b4e887f7ea9c424	8.692152500464152	True	38	48	+	-18.0
STREME_1-TATAATAAAWA	shuffle	tjupan_bacillus_subtilis_main_93a3a1679c7a73c9__dinucleotide_null	tjupan_bacillus_subtilis_main_93a3a1679c7a73c9	3.567367135221784	False	68	78	-	12.0
STREME_1-TATAATAAAWA	shuffle	tjupan_bacillus_subtilis_main_e7e17b10ff25536a__dinucleotide_null	tjupan_bacillus_subtilis_main_1eb616e060615c81	6.133917655496766	False	66	76	-	10.0
STREME_1-TATAATAAAWA	shuffle	tjupan_bacillus_subtilis_main_d94f791dab569af4__dinucleotide_null	dbtbs_bsub_core_e72b843a494a35db	11.033667587141897	True	54	64	-	-2.0
STREME_1-TATAATAAAWA	shuffle	tjupan_bacillus_subtilis_main_d75f323535d0e96f__dinucleotide_null	tjupan_bacillus_subtilis_main_d75f323535d0e96f	2.0567196542234925	False	31	41	+	-25.0
STREME_1-TATAATAAAWA	shuffle	tjupan_bacillus_subtilis_main_74379fc21a77213d__dinucleotide_null	tjupan_bacillus_subtilis_main_74379fc21a77213d	1.9315037242247144	False	51	61	-	-5.0
STREME_1-TATAATAAAWA	shuffle	tjupan_bacillus_subtilis_main_6f5bfd2e001a2697__dinucleotide_null	dbtbs_bsub_core_6f5bfd2e001a2697	6.16220501127748	False	7	17	+	-49.0
STREME_1-TATAATAAAWA	shuffle	tjupan_bacillus_subtilis_main_1eb616e060615c81__dinucleotide_null	tjupan_bacillus_subtilis_main_1eb616e060615c81	6.744767558897131	False	7	17	-	-49.0
STREME_1-TATAATAAAWA	shuffle	tjupan_bacillus_subtilis_main_409ff8a786357eb4__dinucleotide_null	dbtbs_bsub_core_3e3a825c0d09de99	1.6213221315647628	False	10	20	+	-46.0
STREME_1-TATAATAAAWA	shuffle	tjupan_bacillus_subtilis_main_1bc60721b4be672c__dinucleotide_null	dbtbs_bsub_core_cb8975beecd17a84	10.526754036484112	True	40	50	-	-16.0
STREME_1-TATAATAAAWA	shuffle	tjupan_bacillus_subtilis_main_af44da9eb65c9b2b__dinucleotide_null	tjupan_bacillus_subtilis_main_af44da9eb65c9b2b	6.663298435991612	False	57	67	-	1.0
STREME_1-TATAATAAAWA	shuffle	tjupan_bacillus_subtilis_main_8f5b60fc07e381f2__dinucleotide_null	dbtbs_bsub_core_8f5b60fc07e381f2	5.58125232802451	False	6	16	-	-50.0
STREME_1-TATAATAAAWA	shuffle	tjupan_bacillus_subtilis_main_5c9bf0eab187b5f5__dinucleotide_null	dbtbs_bsub_core_93f240a64705adb6	8.083728061823647	True	1	11	+	-55.0
STREME_1-TATAATAAAWA	shuffle	tjupan_bacillus_subtilis_main_aaf138e1b23719d3__dinucleotide_null	dbtbs_bsub_core_380666e4ad2529dd	7.747870794531772	False	31	41	+	-25.0
STREME_1-TATAATAAAWA	shuffle	tjupan_bacillus_subtilis_main_0fcba0431054cde6__dinucleotide_null	dbtbs_bsub_core_0fcba0431054cde6	5.0880588044387345	False	28	38	+	-28.0
STREME_1-TATAATAAAWA	shuffle	tjupan_bacillus_subtilis_main_6f6446b7ed912162__dinucleotide_null	dbtbs_bsub_core_6f6446b7ed912162	6.91590316175785	False	18	28	+	-38.0
STREME_1-TATAATAAAWA	shuffle	tjupan_bacillus_subtilis_main_d434d749686b9e33__dinucleotide_null	dbtbs_bsub_core_137eff58d766cefa	6.218779391729538	False	10	20	-	-46.0
STREME_1-TATAATAAAWA	shuffle	tjupan_bacillus_subtilis_main_96c549f1b176b111__dinucleotide_null	tjupan_bacillus_subtilis_main_96c549f1b176b111	6.739793395976955	False	66	76	+	10.0
STREME_1-TATAATAAAWA	shuffle	tjupan_bacillus_subtilis_main_a4db17c75fb94c83__dinucleotide_null	dbtbs_bsub_core_8c6f4b9eba960292	6.174688588637947	False	50	60	+	-6.0
STREME_1-TATAATAAAWA	shuffle	tjupan_bacillus_subtilis_main_0e5e92df8dafa46f__dinucleotide_null	dbtbs_bsub_core_0e5e92df8dafa46f	3.8717199322811995	False	61	71	+	5.0
STREME_1-TATAATAAAWA	shuffle	tjupan_bacillus_subtilis_main_089b35a135bf8797__dinucleotide_null	tjupan_bacillus_subtilis_main_089b35a135bf8797	5.036922886447355	False	62	72	+	6.0
STREME_1-TATAATAAAWA	shuffle	tjupan_bacillus_subtilis_main_2e3c51df0d86f79b__dinucleotide_null	dbtbs_bsub_core_245b899eb3255120	7.513770692502243	False	42	52	+	-14.0
STREME_1-TATAATAAAWA	shuffle	tjupan_bacillus_subtilis_main_648aef9dba1f38c4__dinucleotide_null	tjupan_bacillus_subtilis_main_648aef9dba1f38c4	8.189841446288579	True	9	19	+	-47.0
STREME_1-TATAATAAAWA	shuffle	tjupan_bacillus_subtilis_main_b809758bf01da07c__dinucleotide_null	tjupan_bacillus_subtilis_main_b809758bf01da07c	4.764570623994038	False	54	64	+	-2.0
STREME_1-TATAATAAAWA	shuffle	tjupan_bacillus_subtilis_main_72db3945a2fcac01__dinucleotide_null	tjupan_bacillus_subtilis_main_72db3945a2fcac01	5.267993031877044	False	25	35	-	-31.0
STREME_1-TATAATAAAWA	shuffle	tjupan_bacillus_subtilis_main_8d9a62a0fbc43019__dinucleotide_null	dbtbs_bsub_core_3348625232a23256	12.731913586809851	True	22	32	+	-34.0
STREME_1-TATAATAAAWA	shuffle	tjupan_bacillus_subtilis_main_2fc6e10224ce632e__dinucleotide_null	dbtbs_bsub_core_2fc6e10224ce632e	5.710692515203758	False	5	15	+	-51.0
STREME_1-TATAATAAAWA	shuffle	tjupan_bacillus_subtilis_main_4dd4acc476485632__dinucleotide_null	tjupan_bacillus_subtilis_main_4dd4acc476485632	9.182738143629766	True	20	30	-	-36.0
STREME_1-TATAATAAAWA	shuffle	tjupan_bacillus_subtilis_main_5a1a4573de4d55b3__dinucleotide_null	dbtbs_bsub_core_af75962c5aaa60ac	6.451678702820391	False	8	18	-	-48.0
STREME_1-TATAATAAAWA	shuffle	tjupan_bacillus_subtilis_main_fe854ef781d570c9__dinucleotide_null	dbtbs_bsub_core_79142b70125d7f77	4.304195545773245	False	44	54	+	-12.0
STREME_2-TAAAAAWA	positive	tjupan_bacillus_subtilis_main_089b35a135bf8797	tjupan_bacillus_subtilis_main_089b35a135bf8797	10.148401658158797	True	40	47	+	-17.5
STREME_2-TAAAAAWA	positive	tjupan_bacillus_subtilis_main_0b4e887f7ea9c424	dbtbs_bsub_core_0b4e887f7ea9c424	11.631899593004498	True	11	18	+	-46.5
STREME_2-TAAAAAWA	positive	tjupan_bacillus_subtilis_main_0dc2e54e8f0778d4	dbtbs_bsub_core_89ecb38b4ff0148f	10.148401658158797	True	69	76	+	11.5
STREME_2-TAAAAAWA	positive	tjupan_bacillus_subtilis_main_0e5e92df8dafa46f	dbtbs_bsub_core_0e5e92df8dafa46f	8.365171149594413	False	54	61	+	-3.5
STREME_2-TAAAAAWA	positive	tjupan_bacillus_subtilis_main_0fcba0431054cde6	dbtbs_bsub_core_0fcba0431054cde6	6.720584943936561	False	47	54	-	-10.5
STREME_2-TAAAAAWA	positive	tjupan_bacillus_subtilis_main_103f2a1ec6daa8c4	dbtbs_bsub_core_103f2a1ec6daa8c4	6.7413595029129585	False	49	56	+	-8.5
STREME_2-TAAAAAWA	positive	tjupan_bacillus_subtilis_main_1b58b9006f9baf4f	dbtbs_bsub_core_1b58b9006f9baf4f	9.849334568303535	True	66	73	+	8.5
STREME_2-TAAAAAWA	positive	tjupan_bacillus_subtilis_main_1bc60721b4be672c	dbtbs_bsub_core_cb8975beecd17a84	8.750104338833225	False	14	21	+	-43.5
STREME_2-TAAAAAWA	positive	tjupan_bacillus_subtilis_main_1eb616e060615c81	tjupan_bacillus_subtilis_main_1eb616e060615c81	3.511306035072374	False	25	32	-	-32.5
STREME_2-TAAAAAWA	positive	tjupan_bacillus_subtilis_main_2e3c51df0d86f79b	dbtbs_bsub_core_245b899eb3255120	6.260300791794951	False	18	25	+	-39.5
STREME_2-TAAAAAWA	positive	tjupan_bacillus_subtilis_main_2fc6e10224ce632e	dbtbs_bsub_core_2fc6e10224ce632e	6.881173135171677	False	55	62	+	-2.5
STREME_2-TAAAAAWA	positive	tjupan_bacillus_subtilis_main_323902b09c4af7f6	dbtbs_bsub_core_bb1d2472f35efe20	6.619911760952936	False	56	63	+	-1.5
STREME_2-TAAAAAWA	positive	tjupan_bacillus_subtilis_main_3ec8c178aa138223	tjupan_bacillus_subtilis_main_3ec8c178aa138223	11.930966682859761	True	33	40	+	-24.5
STREME_2-TAAAAAWA	positive	tjupan_bacillus_subtilis_main_409ff8a786357eb4	dbtbs_bsub_core_3e3a825c0d09de99	6.783007290322231	False	8	15	+	-49.5
STREME_2-TAAAAAWA	positive	tjupan_bacillus_subtilis_main_42074f78c0199323	dbtbs_bsub_core_42074f78c0199323	6.68360297987298	False	40	47	-	-17.5
STREME_2-TAAAAAWA	positive	tjupan_bacillus_subtilis_main_42c1909004fe3d73	tjupan_bacillus_subtilis_main_42c1909004fe3d73	5.128278557396719	False	50	57	+	-7.5
STREME_2-TAAAAAWA	positive	tjupan_bacillus_subtilis_main_4a95c9a0c8c0dc5d	dbtbs_bsub_core_d38f72abf66add23	6.6272232780905105	False	27	34	+	-30.5
STREME_2-TAAAAAWA	positive	tjupan_bacillus_subtilis_main_4dd4acc476485632	tjupan_bacillus_subtilis_main_4dd4acc476485632	8.257028181763692	False	44	51	-	-13.5
STREME_2-TAAAAAWA	positive	tjupan_bacillus_subtilis_main_5a1a4573de4d55b3	dbtbs_bsub_core_af75962c5aaa60ac	7.737741350612094	False	13	20	+	-44.5
STREME_2-TAAAAAWA	positive	tjupan_bacillus_subtilis_main_5bcbea22526b97af	dbtbs_bsub_core_2bafb1a73b5c7300	6.421517854081298	False	32	39	-	-25.5
STREME_2-TAAAAAWA	positive	tjupan_bacillus_subtilis_main_5c9bf0eab187b5f5	dbtbs_bsub_core_93f240a64705adb6	11.930966682859761	True	37	44	+	-20.5
STREME_2-TAAAAAWA	positive	tjupan_bacillus_subtilis_main_648aef9dba1f38c4	tjupan_bacillus_subtilis_main_648aef9dba1f38c4	8.750104338833225	False	1	8	+	-56.5
STREME_2-TAAAAAWA	positive	tjupan_bacillus_subtilis_main_682dcc155b9eb236	dbtbs_bsub_core_5d3712ff0aeb1916	8.56554827977675	False	54	61	+	-3.5
STREME_2-TAAAAAWA	positive	tjupan_bacillus_subtilis_main_6cf2c0e47935a8c2	dbtbs_bsub_core_6cf2c0e47935a8c2	8.237305038378208	False	69	76	-	11.5
STREME_2-TAAAAAWA	positive	tjupan_bacillus_subtilis_main_6f5bfd2e001a2697	dbtbs_bsub_core_6f5bfd2e001a2697	7.438674260756831	False	54	61	+	-3.5
STREME_2-TAAAAAWA	positive	tjupan_bacillus_subtilis_main_6f6446b7ed912162	dbtbs_bsub_core_6f6446b7ed912162	8.409788302791474	False	4	11	-	-53.5
STREME_2-TAAAAAWA	positive	tjupan_bacillus_subtilis_main_6fc8f7f57b8f5e9d	tjupan_bacillus_subtilis_main_6fc8f7f57b8f5e9d	9.849334568303535	True	18	25	+	-39.5
STREME_2-TAAAAAWA	positive	tjupan_bacillus_subtilis_main_72127e86172ad2be	tjupan_bacillus_subtilis_main_72127e86172ad2be	8.503149968637526	False	53	60	-	-4.5
STREME_2-TAAAAAWA	positive	tjupan_bacillus_subtilis_main_721ac29c5ef7c9f0	dbtbs_bsub_core_721ac29c5ef7c9f0	6.629364769110731	False	25	32	+	-32.5
STREME_2-TAAAAAWA	positive	tjupan_bacillus_subtilis_main_72db3945a2fcac01	tjupan_bacillus_subtilis_main_72db3945a2fcac01	11.930966682859761	True	18	25	-	-39.5
STREME_2-TAAAAAWA	positive	tjupan_bacillus_subtilis_main_74379fc21a77213d	tjupan_bacillus_subtilis_main_74379fc21a77213d	5.038351290351708	False	43	50	-	-14.5
STREME_2-TAAAAAWA	positive	tjupan_bacillus_subtilis_main_79220287475133e5	dbtbs_bsub_core_79220287475133e5	6.931925339577262	False	54	61	+	-3.5
STREME_2-TAAAAAWA	positive	tjupan_bacillus_subtilis_main_7c407bebf512b5e0	tjupan_bacillus_subtilis_main_7c407bebf512b5e0	6.881173135171677	False	58	65	+	0.5
STREME_2-TAAAAAWA	positive	tjupan_bacillus_subtilis_main_824214e197f86545	tjupan_bacillus_subtilis_main_824214e197f86545	9.049171428688489	False	29	36	+	-28.5
STREME_2-TAAAAAWA	positive	tjupan_bacillus_subtilis_main_842f97f040946982	tjupan_bacillus_subtilis_main_842f97f040946982	8.269974670532758	False	28	35	+	-29.5
STREME_2-TAAAAAWA	positive	tjupan_bacillus_subtilis_main_84cc0835204b8e58	dbtbs_bsub_core_396da27afda34e05	9.849334568303535	True	15	22	+	-42.5
STREME_2-TAAAAAWA	positive	tjupan_bacillus_subtilis_main_89e75db25f32c6c9	dbtbs_bsub_core_66a79c370c059251	5.687246506216746	False	74	81	+	16.5
STREME_2-TAAAAAWA	positive	tjupan_bacillus_subtilis_main_8d9a62a0fbc43019	dbtbs_bsub_core_3348625232a23256	9.049171428688489	False	20	27	+	-37.5
STREME_2-TAAAAAWA	positive	tjupan_bacillus_subtilis_main_8f5b60fc07e381f2	dbtbs_bsub_core_8f5b60fc07e381f2	7.2214891712134275	False	30	37	-	-27.5
STREME_2-TAAAAAWA	positive	tjupan_bacillus_subtilis_main_93a3a1679c7a73c9	tjupan_bacillus_subtilis_main_93a3a1679c7a73c9	9.142096045966223	False	65	72	+	7.5
STREME_2-TAAAAAWA	positive	tjupan_bacillus_subtilis_main_96c549f1b176b111	tjupan_bacillus_subtilis_main_96c549f1b176b111	9.849334568303535	True	31	38	-	-26.5
STREME_2-TAAAAAWA	positive	tjupan_bacillus_subtilis_main_996c93274b7d349e	tjupan_bacillus_subtilis_main_996c93274b7d349e	6.918978850808198	False	50	57	-	-7.5
STREME_2-TAAAAAWA	positive	tjupan_bacillus_subtilis_main_9996ea2b61a7fc82	tjupan_bacillus_subtilis_main_9996ea2b61a7fc82	4.119854597736759	False	70	77	-	12.5
STREME_2-TAAAAAWA	positive	tjupan_bacillus_subtilis_main_a2ab5f161ee68a0a	tjupan_bacillus_subtilis_main_a2ab5f161ee68a0a	8.365171149594413	False	54	61	+	-3.5
STREME_2-TAAAAAWA	positive	tjupan_bacillus_subtilis_main_a2bee6d81c2dad89	dbtbs_bsub_core_a2bee6d81c2dad89	2.4822423789147976	False	56	63	+	-1.5
STREME_2-TAAAAAWA	positive	tjupan_bacillus_subtilis_main_a4db17c75fb94c83	dbtbs_bsub_core_8c6f4b9eba960292	10.1032844253847	True	18	25	-	-39.5
STREME_2-TAAAAAWA	positive	tjupan_bacillus_subtilis_main_a7eb317986e0a410	tjupan_bacillus_subtilis_main_a7eb317986e0a410	6.04572673530771	False	34	41	-	-23.5
STREME_2-TAAAAAWA	positive	tjupan_bacillus_subtilis_main_aaf138e1b23719d3	dbtbs_bsub_core_380666e4ad2529dd	8.750104338833225	False	1	8	+	-56.5
STREME_2-TAAAAAWA	positive	tjupan_bacillus_subtilis_main_af44da9eb65c9b2b	tjupan_bacillus_subtilis_main_af44da9eb65c9b2b	10.148401658158797	True	28	35	+	-29.5
STREME_2-TAAAAAWA	positive	tjupan_bacillus_subtilis_main_b541048ffbe461fc	tjupan_bacillus_subtilis_main_b541048ffbe461fc	4.309924636389858	False	54	61	+	-3.5
STREME_2-TAAAAAWA	positive	tjupan_bacillus_subtilis_main_b558e80410906098	dbtbs_bsub_core_b558e80410906098	5.584372750402672	False	7	14	-	-50.5
STREME_2-TAAAAAWA	positive	tjupan_bacillus_subtilis_main_b809758bf01da07c	tjupan_bacillus_subtilis_main_b809758bf01da07c	8.269974670532758	False	10	17	+	-47.5
STREME_2-TAAAAAWA	positive	tjupan_bacillus_subtilis_main_b86a1d8c42408cc4	tjupan_bacillus_subtilis_main_b86a1d8c42408cc4	4.8929026864615	False	46	53	-	-11.5
STREME_2-TAAAAAWA	positive	tjupan_bacillus_subtilis_main_c7551eecc12a98c1	tjupan_bacillus_subtilis_main_c7551eecc12a98c1	8.269974670532758	False	28	35	-	-29.5
STREME_2-TAAAAAWA	positive	tjupan_bacillus_subtilis_main_c897ab6e4a2d8869	tjupan_bacillus_subtilis_main_c897ab6e4a2d8869	8.409788302791474	False	1	8	+	-56.5
STREME_2-TAAAAAWA	positive	tjupan_bacillus_subtilis_main_cd9626c39ea075d5	dbtbs_bsub_core_cd9626c39ea075d5	11.930966682859761	True	11	18	-	-46.5
STREME_2-TAAAAAWA	positive	tjupan_bacillus_subtilis_main_cf013234eecd796b	dbtbs_bsub_core_700614a2577d51a9	9.142096045966223	False	12	19	+	-45.5
STREME_2-TAAAAAWA	positive	tjupan_bacillus_subtilis_main_d072d578ae627246	tjupan_bacillus_subtilis_main_d072d578ae627246	5.574176381039181	False	73	80	-	15.5
STREME_2-TAAAAAWA	positive	tjupan_bacillus_subtilis_main_d434d749686b9e33	dbtbs_bsub_core_137eff58d766cefa	5.083468523125804	False	51	58	-	-6.5
STREME_2-TAAAAAWA	positive	tjupan_bacillus_subtilis_main_d75f323535d0e96f	tjupan_bacillus_subtilis_main_d75f323535d0e96f	3.8531989890305356	False	56	63	+	-1.5
STREME_2-TAAAAAWA	positive	tjupan_bacillus_subtilis_main_d94f791dab569af4	dbtbs_bsub_core_e72b843a494a35db	7.2214891712134275	False	5	12	-	-52.5
STREME_2-TAAAAAWA	positive	tjupan_bacillus_subtilis_main_dc95e7cdf3939931	dbtbs_bsub_core_dc95e7cdf3939931	10.1032844253847	True	68	75	-	10.5
STREME_2-TAAAAAWA	positive	tjupan_bacillus_subtilis_main_dda9e4c6372ef204	dbtbs_bsub_core_50819f6cb2562fd8	5.621354714466252	False	54	61	-	-3.5
STREME_2-TAAAAAWA	positive	tjupan_bacillus_subtilis_main_e51e63a9cb3e9467	dbtbs_bsub_core_bb482769c888cf21	2.530499379970771	False	44	51	-	-13.5
STREME_2-TAAAAAWA	positive	tjupan_bacillus_subtilis_main_e7e17b10ff25536a	tjupan_bacillus_subtilis_main_1eb616e060615c81	3.511306035072374	False	28	35	-	-29.5
STREME_2-TAAAAAWA	positive	tjupan_bacillus_subtilis_main_f2d1e33176b05430	dbtbs_bsub_core_f2d1e33176b05430	9.049171428688489	False	68	75	+	10.5
STREME_2-TAAAAAWA	positive	tjupan_bacillus_subtilis_main_fe854ef781d570c9	dbtbs_bsub_core_79142b70125d7f77	6.836555981974616	False	69	76	+	11.5
STREME_2-TAAAAAWA	natural	tjupan_bacillus_subtilis_main_01f49032fc924b2b	tjupan_bacillus_subtilis_main_01f49032fc924b2b	3.46168457073381	False	18	25	+	-39.5
STREME_2-TAAAAAWA	natural	tjupan_bacillus_subtilis_main_0369fa5f1dde8889	tjupan_bacillus_subtilis_main_0369fa5f1dde8889	6.5826061248934495	False	66	73	+	8.5
STREME_2-TAAAAAWA	natural	tjupan_bacillus_subtilis_main_04bf0704019251eb	tjupan_bacillus_subtilis_main_04bf0704019251eb	5.034916891550669	False	38	45	-	-19.5
STREME_2-TAAAAAWA	natural	tjupan_bacillus_subtilis_main_07a43cab15901fd0	tjupan_bacillus_subtilis_main_07a43cab15901fd0	5.3555097842069355	False	22	29	+	-35.5
STREME_2-TAAAAAWA	natural	tjupan_bacillus_subtilis_main_0abf62f108ad9afa	tjupan_bacillus_subtilis_main_0abf62f108ad9afa	4.563366537282141	False	4	11	+	-53.5
STREME_2-TAAAAAWA	natural	tjupan_bacillus_subtilis_main_10a028761e096e6f	tjupan_bacillus_subtilis_main_10a028761e096e6f	4.904556267449747	False	41	48	-	-16.5
STREME_2-TAAAAAWA	natural	tjupan_bacillus_subtilis_main_1183c551e9c3884e	tjupan_bacillus_subtilis_main_1183c551e9c3884e	5.527993048620202	False	53	60	+	-4.5
STREME_2-TAAAAAWA	natural	tjupan_bacillus_subtilis_main_11c75fe7d070d91d	tjupan_bacillus_subtilis_main_11c75fe7d070d91d	3.0300630677368865	False	3	10	+	-54.5
STREME_2-TAAAAAWA	natural	tjupan_bacillus_subtilis_main_13f81edc59432f39	tjupan_bacillus_subtilis_main_13f81edc59432f39	3.9941126181822493	False	25	32	+	-32.5
STREME_2-TAAAAAWA	natural	tjupan_bacillus_subtilis_main_1a1965c69595e91c	tjupan_bacillus_subtilis_main_1a1965c69595e91c	4.01899281524511	False	12	19	+	-45.5
STREME_2-TAAAAAWA	natural	tjupan_bacillus_subtilis_main_28ceb7fd6ffaf1b1	tjupan_bacillus_subtilis_main_28ceb7fd6ffaf1b1	4.0771629109332315	False	29	36	+	-28.5
STREME_2-TAAAAAWA	natural	tjupan_bacillus_subtilis_main_2a691ccdd9f8cd87	tjupan_bacillus_subtilis_main_2a691ccdd9f8cd87	6.675467711162465	False	46	53	+	-11.5
STREME_2-TAAAAAWA	natural	tjupan_bacillus_subtilis_main_3095b00d206277d2	tjupan_bacillus_subtilis_main_3095b00d206277d2	5.584372750402672	False	52	59	-	-5.5
STREME_2-TAAAAAWA	natural	tjupan_bacillus_subtilis_main_33ded6bc702ab6e3	tjupan_bacillus_subtilis_main_33ded6bc702ab6e3	4.356523376452795	False	13	20	-	-44.5
STREME_2-TAAAAAWA	natural	tjupan_bacillus_subtilis_main_3b669bfd8e8ecc5c	tjupan_bacillus_subtilis_main_3b669bfd8e8ecc5c	5.7766776428832145	False	3	10	+	-54.5
STREME_2-TAAAAAWA	natural	tjupan_bacillus_subtilis_main_3dfed0cfea4ace99	tjupan_bacillus_subtilis_main_3dfed0cfea4ace99	8.266481189921489	False	10	17	-	-47.5
STREME_2-TAAAAAWA	natural	tjupan_bacillus_subtilis_main_3f82397c249b4c2e	tjupan_bacillus_subtilis_main_3f82397c249b4c2e	6.454740013677244	False	45	52	-	-12.5
STREME_2-TAAAAAWA	natural	tjupan_bacillus_subtilis_main_413de94f4b4cc894	tjupan_bacillus_subtilis_main_413de94f4b4cc894	3.358306309135428	False	3	10	+	-54.5
STREME_2-TAAAAAWA	natural	tjupan_bacillus_subtilis_main_4225dc5bcf089682	tjupan_bacillus_subtilis_main_4225dc5bcf089682	6.772671881980718	False	31	38	+	-26.5
STREME_2-TAAAAAWA	natural	tjupan_bacillus_subtilis_main_43e8357a95b8acad	tjupan_bacillus_subtilis_main_43e8357a95b8acad	5.14586683426503	False	61	68	-	3.5
STREME_2-TAAAAAWA	natural	tjupan_bacillus_subtilis_main_44b9e66950262593	tjupan_bacillus_subtilis_main_44b9e66950262593	6.632858249722	False	72	79	+	14.5
STREME_2-TAAAAAWA	natural	tjupan_bacillus_subtilis_main_4600103c5e396ab7	tjupan_bacillus_subtilis_main_4600103c5e396ab7	2.3523544092722464	False	49	56	-	-8.5
STREME_2-TAAAAAWA	natural	tjupan_bacillus_subtilis_main_47b01646ad818f05	tjupan_bacillus_subtilis_main_47b01646ad818f05	2.194378015152227	False	42	49	-	-15.5
STREME_2-TAAAAAWA	natural	tjupan_bacillus_subtilis_main_47f3a0ce2d4034a8	tjupan_bacillus_subtilis_main_47f3a0ce2d4034a8	0.8607656250259845	False	10	17	-	-47.5
STREME_2-TAAAAAWA	natural	tjupan_bacillus_subtilis_main_4c62636643ef908e	tjupan_bacillus_subtilis_main_4c62636643ef908e	4.480628788012856	False	69	76	-	11.5
STREME_2-TAAAAAWA	natural	tjupan_bacillus_subtilis_main_4ec6f242d8a5df5c	tjupan_bacillus_subtilis_main_4ec6f242d8a5df5c	2.8889878853364324	False	2	9	-	-55.5
STREME_2-TAAAAAWA	natural	tjupan_bacillus_subtilis_main_4efdcab552f8b70d	tjupan_bacillus_subtilis_main_4efdcab552f8b70d	0.6093668824146893	False	11	18	+	-46.5
STREME_2-TAAAAAWA	natural	tjupan_bacillus_subtilis_main_51577d89c939deba	tjupan_bacillus_subtilis_main_51577d89c939deba	2.5794465497330505	False	49	56	+	-8.5
STREME_2-TAAAAAWA	natural	tjupan_bacillus_subtilis_main_52bff7f8e27d9410	tjupan_bacillus_subtilis_main_52bff7f8e27d9410	5.574176381039181	False	25	32	+	-32.5
STREME_2-TAAAAAWA	natural	tjupan_bacillus_subtilis_main_59901c21c497690b	tjupan_bacillus_subtilis_main_59901c21c497690b	7.438674260756831	False	47	54	+	-10.5
STREME_2-TAAAAAWA	natural	tjupan_bacillus_subtilis_main_5f953d4f57c1fa81	tjupan_bacillus_subtilis_main_5f953d4f57c1fa81	7.74735723142294	False	3	10	-	-54.5
STREME_2-TAAAAAWA	natural	tjupan_bacillus_subtilis_main_669f9a1f1028b036	tjupan_bacillus_subtilis_main_669f9a1f1028b036	2.82661530105218	False	66	73	-	8.5
STREME_2-TAAAAAWA	natural	tjupan_bacillus_subtilis_main_69dc5d058d63d549	tjupan_bacillus_subtilis_main_69dc5d058d63d549	1.6246884541967435	False	16	23	-	-41.5
STREME_2-TAAAAAWA	natural	tjupan_bacillus_subtilis_main_6cfe0a7e178b1651	tjupan_bacillus_subtilis_main_6cfe0a7e178b1651	0.28740345576518855	False	12	19	-	-45.5
STREME_2-TAAAAAWA	natural	tjupan_bacillus_subtilis_main_705ab5e790a4610d	tjupan_bacillus_subtilis_main_705ab5e790a4610d	2.8733048134899537	False	64	71	+	6.5
STREME_2-TAAAAAWA	natural	tjupan_bacillus_subtilis_main_71852833d33a5887	tjupan_bacillus_subtilis_main_71852833d33a5887	5.574176381039181	False	11	18	-	-46.5
STREME_2-TAAAAAWA	natural	tjupan_bacillus_subtilis_main_76c86d1f05ca1d88	tjupan_bacillus_subtilis_main_76c86d1f05ca1d88	4.311406143678699	False	56	63	+	-1.5
STREME_2-TAAAAAWA	natural	tjupan_bacillus_subtilis_main_777d2d2586a95fbc	tjupan_bacillus_subtilis_main_777d2d2586a95fbc	3.5579931237878832	False	20	27	-	-37.5
STREME_2-TAAAAAWA	natural	tjupan_bacillus_subtilis_main_7c99b9a8665786aa	tjupan_bacillus_subtilis_main_7c99b9a8665786aa	4.073255857673821	False	63	70	+	5.5
STREME_2-TAAAAAWA	natural	tjupan_bacillus_subtilis_main_82f0003647ec7740	tjupan_bacillus_subtilis_main_82f0003647ec7740	9.849334568303535	True	74	81	+	16.5
STREME_2-TAAAAAWA	natural	tjupan_bacillus_subtilis_main_8a9952e5dc8e0bd1	tjupan_bacillus_subtilis_main_8a9952e5dc8e0bd1	0.9075242692432666	False	69	76	+	11.5
STREME_2-TAAAAAWA	natural	tjupan_bacillus_subtilis_main_8c2afb751c3f9d92	tjupan_bacillus_subtilis_main_8c2afb751c3f9d92	6.866033547826769	False	50	57	+	-7.5
STREME_2-TAAAAAWA	natural	tjupan_bacillus_subtilis_main_8e1b3c58365d2bbd	tjupan_bacillus_subtilis_main_8e1b3c58365d2bbd	11.930966682859761	True	53	60	+	-4.5
STREME_2-TAAAAAWA	natural	tjupan_bacillus_subtilis_main_906140fe2a990d8e	tjupan_bacillus_subtilis_main_906140fe2a990d8e	1.4420845671089935	False	67	74	+	9.5
STREME_2-TAAAAAWA	natural	tjupan_bacillus_subtilis_main_94dbc17f3078c678	tjupan_bacillus_subtilis_main_94dbc17f3078c678	8.266481189921489	False	2	9	+	-55.5
STREME_2-TAAAAAWA	natural	tjupan_bacillus_subtilis_main_9bf1d28c9aae3b2e	tjupan_bacillus_subtilis_main_9bf1d28c9aae3b2e	3.706320568752971	False	55	62	+	-2.5
STREME_2-TAAAAAWA	natural	tjupan_bacillus_subtilis_main_9cc8f38cff175da4	tjupan_bacillus_subtilis_main_9cc8f38cff175da4	4.842157956310521	False	71	78	-	13.5
STREME_2-TAAAAAWA	natural	tjupan_bacillus_subtilis_main_9cceb700e3527301	tjupan_bacillus_subtilis_main_9cceb700e3527301	4.418921687592022	False	69	76	-	11.5
STREME_2-TAAAAAWA	natural	tjupan_bacillus_subtilis_main_9d0345f875b7552c	tjupan_bacillus_subtilis_main_9d0345f875b7552c	2.8324840775727154	False	42	49	-	-15.5
STREME_2-TAAAAAWA	natural	tjupan_bacillus_subtilis_main_a3fedb31fa6cc84b	tjupan_bacillus_subtilis_main_a3fedb31fa6cc84b	3.8647165955589298	False	61	68	-	3.5
STREME_2-TAAAAAWA	natural	tjupan_bacillus_subtilis_main_a54e7006d4699b67	tjupan_bacillus_subtilis_main_a54e7006d4699b67	1.9276930699847	False	41	48	+	-16.5
STREME_2-TAAAAAWA	natural	tjupan_bacillus_subtilis_main_aaa45c891936f972	tjupan_bacillus_subtilis_main_aaa45c891936f972	-2.0380927794146952	False	60	67	-	2.5
STREME_2-TAAAAAWA	natural	tjupan_bacillus_subtilis_main_aec3d55ae2f9e509	tjupan_bacillus_subtilis_main_aec3d55ae2f9e509	2.5545663526701903	False	21	28	-	-36.5
STREME_2-TAAAAAWA	natural	tjupan_bacillus_subtilis_main_b0b9cfd1b442c029	tjupan_bacillus_subtilis_main_b0b9cfd1b442c029	6.836555981974616	False	59	66	-	1.5
STREME_2-TAAAAAWA	natural	tjupan_bacillus_subtilis_main_b161f4572a371b25	tjupan_bacillus_subtilis_main_b161f4572a371b25	8.266481189921489	False	17	24	+	-40.5
STREME_2-TAAAAAWA	natural	tjupan_bacillus_subtilis_main_b3e87bd1af1ccb1a	tjupan_bacillus_subtilis_main_b3e87bd1af1ccb1a	-0.6769705205819654	False	33	40	+	-24.5
STREME_2-TAAAAAWA	natural	tjupan_bacillus_subtilis_main_b5ddce4bc0328e2c	tjupan_bacillus_subtilis_main_b5ddce4bc0328e2c	3.0893456458406794	False	40	47	+	-17.5
STREME_2-TAAAAAWA	natural	tjupan_bacillus_subtilis_main_b9d7835496546020	tjupan_bacillus_subtilis_main_b9d7835496546020	6.260300791794951	False	20	27	-	-37.5
STREME_2-TAAAAAWA	natural	tjupan_bacillus_subtilis_main_bd36aa35d4edeb39	tjupan_bacillus_subtilis_main_bd36aa35d4edeb39	8.56554827977675	False	29	36	-	-28.5
STREME_2-TAAAAAWA	natural	tjupan_bacillus_subtilis_main_c24b04311bf8b4bf	tjupan_bacillus_subtilis_main_c24b04311bf8b4bf	2.3511362693991593	False	1	8	+	-56.5
STREME_2-TAAAAAWA	natural	tjupan_bacillus_subtilis_main_c981e3412d58013c	tjupan_bacillus_subtilis_main_c981e3412d58013c	6.685109861204722	False	14	21	-	-43.5
STREME_2-TAAAAAWA	natural	tjupan_bacillus_subtilis_main_cbe667645cefe255	tjupan_bacillus_subtilis_main_cbe667645cefe255	8.266481189921489	False	28	35	+	-29.5
STREME_2-TAAAAAWA	natural	tjupan_bacillus_subtilis_main_ced7dfa7b2671e00	tjupan_bacillus_subtilis_main_ced7dfa7b2671e00	3.0893456458406794	False	61	68	-	3.5
STREME_2-TAAAAAWA	natural	tjupan_bacillus_subtilis_main_d14a8947b06ae361	tjupan_bacillus_subtilis_main_d14a8947b06ae361	8.266481189921489	False	9	16	+	-48.5
STREME_2-TAAAAAWA	natural	tjupan_bacillus_subtilis_main_dd7d0f632ba9b25f	tjupan_bacillus_subtilis_main_dd7d0f632ba9b25f	7.938237948522946	False	15	22	+	-42.5
STREME_2-TAAAAAWA	natural	tjupan_bacillus_subtilis_main_deeb9c19c390dc19	tjupan_bacillus_subtilis_main_deeb9c19c390dc19	3.3181845767899696	False	29	36	+	-28.5
STREME_2-TAAAAAWA	natural	tjupan_bacillus_subtilis_main_dfdf3a9a774b0b36	tjupan_bacillus_subtilis_main_dfdf3a9a774b0b36	1.5840693903806924	False	38	45	+	-19.5
STREME_2-TAAAAAWA	natural	tjupan_bacillus_subtilis_main_e05a9847e20fa44f	tjupan_bacillus_subtilis_main_e05a9847e20fa44f	5.3434369895637275	False	19	26	+	-38.5
STREME_2-TAAAAAWA	natural	tjupan_bacillus_subtilis_main_e09693162cd1efc7	tjupan_bacillus_subtilis_main_e09693162cd1efc7	9.142096045966223	False	64	71	+	6.5
STREME_2-TAAAAAWA	natural	tjupan_bacillus_subtilis_main_e1df7768894b7e64	tjupan_bacillus_subtilis_main_e1df7768894b7e64	1.8826822731438597	False	4	11	-	-53.5
STREME_2-TAAAAAWA	natural	tjupan_bacillus_subtilis_main_e4935e5203d5f4a1	tjupan_bacillus_subtilis_main_e4935e5203d5f4a1	9.142096045966223	False	22	29	-	-35.5
STREME_2-TAAAAAWA	natural	tjupan_bacillus_subtilis_main_e71258c4630ccafd	tjupan_bacillus_subtilis_main_e71258c4630ccafd	0.7140198485884026	False	57	64	+	-0.5
STREME_2-TAAAAAWA	natural	tjupan_bacillus_subtilis_main_ea6abbc438ac2020	tjupan_bacillus_subtilis_main_ea6abbc438ac2020	5.384685935750216	False	70	77	-	12.5
STREME_2-TAAAAAWA	natural	tjupan_bacillus_subtilis_main_ede46bd107484afd	tjupan_bacillus_subtilis_main_ede46bd107484afd	5.9199847557532	False	46	53	+	-11.5
STREME_2-TAAAAAWA	natural	tjupan_bacillus_subtilis_main_f0317abbf46a2fa8	tjupan_bacillus_subtilis_main_f0317abbf46a2fa8	4.563366537282141	False	37	44	+	-20.5
STREME_2-TAAAAAWA	natural	tjupan_bacillus_subtilis_main_fe9f961ad53aca80	tjupan_bacillus_subtilis_main_fe9f961ad53aca80	-0.3774538334939157	False	57	64	+	-0.5
STREME_2-TAAAAAWA	natural	tjupan_bacillus_subtilis_main_fffb0162887a3736	tjupan_bacillus_subtilis_main_fffb0162887a3736	4.409468679434225	False	24	31	+	-33.5
STREME_2-TAAAAAWA	shuffle	tjupan_bacillus_subtilis_main_0dc2e54e8f0778d4__dinucleotide_null	dbtbs_bsub_core_89ecb38b4ff0148f	9.849334568303535	True	52	59	+	-5.5
STREME_2-TAAAAAWA	shuffle	tjupan_bacillus_subtilis_main_682dcc155b9eb236__dinucleotide_null	dbtbs_bsub_core_5d3712ff0aeb1916	10.148401658158797	True	6	13	-	-51.5
STREME_2-TAAAAAWA	shuffle	tjupan_bacillus_subtilis_main_f2d1e33176b05430__dinucleotide_null	dbtbs_bsub_core_f2d1e33176b05430	10.1032844253847	True	16	23	+	-41.5
STREME_2-TAAAAAWA	shuffle	tjupan_bacillus_subtilis_main_c7551eecc12a98c1__dinucleotide_null	tjupan_bacillus_subtilis_main_c7551eecc12a98c1	10.148401658158797	True	53	60	+	-4.5
STREME_2-TAAAAAWA	shuffle	tjupan_bacillus_subtilis_main_89e75db25f32c6c9__dinucleotide_null	dbtbs_bsub_core_66a79c370c059251	8.266481189921489	False	25	32	+	-32.5
STREME_2-TAAAAAWA	shuffle	tjupan_bacillus_subtilis_main_9996ea2b61a7fc82__dinucleotide_null	tjupan_bacillus_subtilis_main_9996ea2b61a7fc82	6.783007290322231	False	41	48	-	-16.5
STREME_2-TAAAAAWA	shuffle	tjupan_bacillus_subtilis_main_b86a1d8c42408cc4__dinucleotide_null	tjupan_bacillus_subtilis_main_b86a1d8c42408cc4	5.840021311298497	False	50	57	-	-7.5
STREME_2-TAAAAAWA	shuffle	tjupan_bacillus_subtilis_main_79220287475133e5__dinucleotide_null	dbtbs_bsub_core_79220287475133e5	9.994783172193742	True	42	49	+	-15.5
STREME_2-TAAAAAWA	shuffle	tjupan_bacillus_subtilis_main_a2bee6d81c2dad89__dinucleotide_null	dbtbs_bsub_core_a2bee6d81c2dad89	3.747569514939459	False	28	35	+	-29.5
STREME_2-TAAAAAWA	shuffle	tjupan_bacillus_subtilis_main_103f2a1ec6daa8c4__dinucleotide_null	dbtbs_bsub_core_103f2a1ec6daa8c4	8.56904176038802	False	11	18	+	-46.5
STREME_2-TAAAAAWA	shuffle	tjupan_bacillus_subtilis_main_996c93274b7d349e__dinucleotide_null	tjupan_bacillus_subtilis_main_996c93274b7d349e	7.412055007877731	False	14	21	+	-43.5
STREME_2-TAAAAAWA	shuffle	tjupan_bacillus_subtilis_main_7c407bebf512b5e0__dinucleotide_null	tjupan_bacillus_subtilis_main_7c407bebf512b5e0	6.483916165220524	False	60	67	+	2.5
STREME_2-TAAAAAWA	shuffle	tjupan_bacillus_subtilis_main_842f97f040946982__dinucleotide_null	tjupan_bacillus_subtilis_main_842f97f040946982	8.750104338833225	False	74	81	+	16.5
STREME_2-TAAAAAWA	shuffle	tjupan_bacillus_subtilis_main_42c1909004fe3d73__dinucleotide_null	tjupan_bacillus_subtilis_main_42c1909004fe3d73	4.941159687517474	False	6	13	-	-51.5
STREME_2-TAAAAAWA	shuffle	tjupan_bacillus_subtilis_main_42074f78c0199323__dinucleotide_null	dbtbs_bsub_core_42074f78c0199323	1.2503831242778272	False	32	39	+	-25.5
STREME_2-TAAAAAWA	shuffle	tjupan_bacillus_subtilis_main_72127e86172ad2be__dinucleotide_null	tjupan_bacillus_subtilis_main_72127e86172ad2be	8.257028181763692	False	14	21	-	-43.5
STREME_2-TAAAAAWA	shuffle	tjupan_bacillus_subtilis_main_d072d578ae627246__dinucleotide_null	tjupan_bacillus_subtilis_main_d072d578ae627246	6.737866022301691	False	69	76	-	11.5
STREME_2-TAAAAAWA	shuffle	tjupan_bacillus_subtilis_main_a2ab5f161ee68a0a__dinucleotide_null	tjupan_bacillus_subtilis_main_a2ab5f161ee68a0a	9.049171428688489	False	27	34	-	-30.5
STREME_2-TAAAAAWA	shuffle	tjupan_bacillus_subtilis_main_3ec8c178aa138223__dinucleotide_null	tjupan_bacillus_subtilis_main_3ec8c178aa138223	11.631899593004498	True	22	29	+	-35.5
STREME_2-TAAAAAWA	shuffle	tjupan_bacillus_subtilis_main_824214e197f86545__dinucleotide_null	tjupan_bacillus_subtilis_main_824214e197f86545	6.260300791794951	False	48	55	+	-9.5
STREME_2-TAAAAAWA	shuffle	tjupan_bacillus_subtilis_main_721ac29c5ef7c9f0__dinucleotide_null	dbtbs_bsub_core_721ac29c5ef7c9f0	10.293850262049006	True	62	69	+	4.5
STREME_2-TAAAAAWA	shuffle	tjupan_bacillus_subtilis_main_a7eb317986e0a410__dinucleotide_null	tjupan_bacillus_subtilis_main_a7eb317986e0a410	11.930966682859761	True	14	21	-	-43.5
STREME_2-TAAAAAWA	shuffle	tjupan_bacillus_subtilis_main_6cf2c0e47935a8c2__dinucleotide_null	dbtbs_bsub_core_6cf2c0e47935a8c2	8.503149968637526	False	7	14	+	-50.5
STREME_2-TAAAAAWA	shuffle	tjupan_bacillus_subtilis_main_cd9626c39ea075d5__dinucleotide_null	dbtbs_bsub_core_cd9626c39ea075d5	7.112987918022469	False	33	40	+	-24.5
STREME_2-TAAAAAWA	shuffle	tjupan_bacillus_subtilis_main_4a95c9a0c8c0dc5d__dinucleotide_null	dbtbs_bsub_core_d38f72abf66add23	4.145326564467647	False	3	10	+	-54.5
STREME_2-TAAAAAWA	shuffle	tjupan_bacillus_subtilis_main_323902b09c4af7f6__dinucleotide_null	dbtbs_bsub_core_bb1d2472f35efe20	0.7799081613846367	False	67	74	-	9.5
STREME_2-TAAAAAWA	shuffle	tjupan_bacillus_subtilis_main_dda9e4c6372ef204__dinucleotide_null	dbtbs_bsub_core_50819f6cb2562fd8	3.1920950467307	False	56	63	-	-1.5
STREME_2-TAAAAAWA	shuffle	tjupan_bacillus_subtilis_main_6fc8f7f57b8f5e9d__dinucleotide_null	tjupan_bacillus_subtilis_main_6fc8f7f57b8f5e9d	5.892966614279928	False	45	52	-	-12.5
STREME_2-TAAAAAWA	shuffle	tjupan_bacillus_subtilis_main_84cc0835204b8e58__dinucleotide_null	dbtbs_bsub_core_396da27afda34e05	8.664238239449677	False	47	54	-	-10.5
STREME_2-TAAAAAWA	shuffle	tjupan_bacillus_subtilis_main_c897ab6e4a2d8869__dinucleotide_null	tjupan_bacillus_subtilis_main_c897ab6e4a2d8869	5.921261819229725	False	25	32	+	-32.5
STREME_2-TAAAAAWA	shuffle	tjupan_bacillus_subtilis_main_1b58b9006f9baf4f__dinucleotide_null	dbtbs_bsub_core_1b58b9006f9baf4f	9.267838025520733	False	72	79	-	14.5
STREME_2-TAAAAAWA	shuffle	tjupan_bacillus_subtilis_main_5bcbea22526b97af__dinucleotide_null	dbtbs_bsub_core_2bafb1a73b5c7300	5.385675381262944	False	48	55	-	-9.5
STREME_2-TAAAAAWA	shuffle	tjupan_bacillus_subtilis_main_e51e63a9cb3e9467__dinucleotide_null	dbtbs_bsub_core_bb482769c888cf21	5.384685935750216	False	33	40	-	-24.5
STREME_2-TAAAAAWA	shuffle	tjupan_bacillus_subtilis_main_b558e80410906098__dinucleotide_null	dbtbs_bsub_core_b558e80410906098	2.0255167315554754	False	24	31	-	-33.5
STREME_2-TAAAAAWA	shuffle	tjupan_bacillus_subtilis_main_dc95e7cdf3939931__dinucleotide_null	dbtbs_bsub_core_dc95e7cdf3939931	7.438674260756831	False	49	56	+	-8.5
STREME_2-TAAAAAWA	shuffle	tjupan_bacillus_subtilis_main_cf013234eecd796b__dinucleotide_null	dbtbs_bsub_core_700614a2577d51a9	9.049171428688489	False	36	43	+	-21.5
STREME_2-TAAAAAWA	shuffle	tjupan_bacillus_subtilis_main_b541048ffbe461fc__dinucleotide_null	tjupan_bacillus_subtilis_main_b541048ffbe461fc	4.948870713718557	False	68	75	-	10.5
STREME_2-TAAAAAWA	shuffle	tjupan_bacillus_subtilis_main_0b4e887f7ea9c424__dinucleotide_null	dbtbs_bsub_core_0b4e887f7ea9c424	8.56554827977675	False	17	24	+	-40.5
STREME_2-TAAAAAWA	shuffle	tjupan_bacillus_subtilis_main_93a3a1679c7a73c9__dinucleotide_null	tjupan_bacillus_subtilis_main_93a3a1679c7a73c9	6.926290367945773	False	36	43	+	-21.5
STREME_2-TAAAAAWA	shuffle	tjupan_bacillus_subtilis_main_e7e17b10ff25536a__dinucleotide_null	tjupan_bacillus_subtilis_main_1eb616e060615c81	6.881173135171677	False	35	42	-	-22.5
STREME_2-TAAAAAWA	shuffle	tjupan_bacillus_subtilis_main_d94f791dab569af4__dinucleotide_null	dbtbs_bsub_core_e72b843a494a35db	8.750104338833225	False	55	62	-	-2.5
STREME_2-TAAAAAWA	shuffle	tjupan_bacillus_subtilis_main_d75f323535d0e96f__dinucleotide_null	tjupan_bacillus_subtilis_main_d75f323535d0e96f	4.955300997600727	False	22	29	+	-35.5
STREME_2-TAAAAAWA	shuffle	tjupan_bacillus_subtilis_main_74379fc21a77213d__dinucleotide_null	tjupan_bacillus_subtilis_main_74379fc21a77213d	1.0024265241883876	False	10	17	+	-47.5
STREME_2-TAAAAAWA	shuffle	tjupan_bacillus_subtilis_main_6f5bfd2e001a2697__dinucleotide_null	dbtbs_bsub_core_6f5bfd2e001a2697	9.142096045966223	False	58	65	-	0.5
STREME_2-TAAAAAWA	shuffle	tjupan_bacillus_subtilis_main_1eb616e060615c81__dinucleotide_null	tjupan_bacillus_subtilis_main_1eb616e060615c81	8.56554827977675	False	5	12	-	-52.5
STREME_2-TAAAAAWA	shuffle	tjupan_bacillus_subtilis_main_409ff8a786357eb4__dinucleotide_null	dbtbs_bsub_core_3e3a825c0d09de99	9.049171428688489	False	47	54	+	-10.5
STREME_2-TAAAAAWA	shuffle	tjupan_bacillus_subtilis_main_1bc60721b4be672c__dinucleotide_null	dbtbs_bsub_core_cb8975beecd17a84	11.631899593004498	True	41	48	-	-16.5
STREME_2-TAAAAAWA	shuffle	tjupan_bacillus_subtilis_main_af44da9eb65c9b2b__dinucleotide_null	tjupan_bacillus_subtilis_main_af44da9eb65c9b2b	8.266481189921489	False	11	18	+	-46.5
STREME_2-TAAAAAWA	shuffle	tjupan_bacillus_subtilis_main_8f5b60fc07e381f2__dinucleotide_null	dbtbs_bsub_core_8f5b60fc07e381f2	8.56904176038802	False	57	64	-	-0.5
STREME_2-TAAAAAWA	shuffle	tjupan_bacillus_subtilis_main_5c9bf0eab187b5f5__dinucleotide_null	dbtbs_bsub_core_93f240a64705adb6	9.049171428688489	False	29	36	+	-28.5
STREME_2-TAAAAAWA	shuffle	tjupan_bacillus_subtilis_main_aaf138e1b23719d3__dinucleotide_null	dbtbs_bsub_core_380666e4ad2529dd	11.930966682859761	True	25	32	-	-32.5
STREME_2-TAAAAAWA	shuffle	tjupan_bacillus_subtilis_main_0fcba0431054cde6__dinucleotide_null	dbtbs_bsub_core_0fcba0431054cde6	6.728413014143895	False	22	29	-	-35.5
STREME_2-TAAAAAWA	shuffle	tjupan_bacillus_subtilis_main_6f6446b7ed912162__dinucleotide_null	dbtbs_bsub_core_6f6446b7ed912162	8.266481189921489	False	35	42	-	-22.5
STREME_2-TAAAAAWA	shuffle	tjupan_bacillus_subtilis_main_d434d749686b9e33__dinucleotide_null	dbtbs_bsub_core_137eff58d766cefa	6.786476735687055	False	72	79	-	14.5
STREME_2-TAAAAAWA	shuffle	tjupan_bacillus_subtilis_main_96c549f1b176b111__dinucleotide_null	tjupan_bacillus_subtilis_main_96c549f1b176b111	6.7413595029129585	False	66	73	+	8.5
STREME_2-TAAAAAWA	shuffle	tjupan_bacillus_subtilis_main_a4db17c75fb94c83__dinucleotide_null	dbtbs_bsub_core_8c6f4b9eba960292	5.194170349147213	False	29	36	-	-28.5
STREME_2-TAAAAAWA	shuffle	tjupan_bacillus_subtilis_main_0e5e92df8dafa46f__dinucleotide_null	dbtbs_bsub_core_0e5e92df8dafa46f	9.994783172193742	True	19	26	+	-38.5
STREME_2-TAAAAAWA	shuffle	tjupan_bacillus_subtilis_main_089b35a135bf8797__dinucleotide_null	tjupan_bacillus_subtilis_main_089b35a135bf8797	11.631899593004498	True	62	69	+	4.5
STREME_2-TAAAAAWA	shuffle	tjupan_bacillus_subtilis_main_2e3c51df0d86f79b__dinucleotide_null	dbtbs_bsub_core_245b899eb3255120	4.990299738353608	False	59	66	+	1.5
STREME_2-TAAAAAWA	shuffle	tjupan_bacillus_subtilis_main_648aef9dba1f38c4__dinucleotide_null	tjupan_bacillus_subtilis_main_648aef9dba1f38c4	10.1032844253847	True	38	45	+	-19.5
STREME_2-TAAAAAWA	shuffle	tjupan_bacillus_subtilis_main_b809758bf01da07c__dinucleotide_null	tjupan_bacillus_subtilis_main_b809758bf01da07c	6.421517854081298	False	54	61	+	-3.5
STREME_2-TAAAAAWA	shuffle	tjupan_bacillus_subtilis_main_72db3945a2fcac01__dinucleotide_null	tjupan_bacillus_subtilis_main_72db3945a2fcac01	5.875367602556139	False	41	48	-	-16.5
STREME_2-TAAAAAWA	shuffle	tjupan_bacillus_subtilis_main_8d9a62a0fbc43019__dinucleotide_null	dbtbs_bsub_core_3348625232a23256	5.621354714466252	False	16	23	-	-41.5
STREME_2-TAAAAAWA	shuffle	tjupan_bacillus_subtilis_main_2fc6e10224ce632e__dinucleotide_null	dbtbs_bsub_core_2fc6e10224ce632e	11.631899593004498	True	5	12	+	-52.5
STREME_2-TAAAAAWA	shuffle	tjupan_bacillus_subtilis_main_4dd4acc476485632__dinucleotide_null	tjupan_bacillus_subtilis_main_4dd4acc476485632	11.631899593004498	True	26	33	-	-31.5
STREME_2-TAAAAAWA	shuffle	tjupan_bacillus_subtilis_main_5a1a4573de4d55b3__dinucleotide_null	dbtbs_bsub_core_af75962c5aaa60ac	8.320719400683736	False	73	80	-	15.5
STREME_2-TAAAAAWA	shuffle	tjupan_bacillus_subtilis_main_fe854ef781d570c9__dinucleotide_null	dbtbs_bsub_core_79142b70125d7f77	6.344793825162972	False	67	74	+	9.5
STREME_3-AAAGGAGG	positive	tjupan_bacillus_subtilis_main_089b35a135bf8797	tjupan_bacillus_subtilis_main_089b35a135bf8797	0.8631560374093521	False	55	62	+	-2.5
STREME_3-AAAGGAGG	positive	tjupan_bacillus_subtilis_main_0b4e887f7ea9c424	dbtbs_bsub_core_0b4e887f7ea9c424	6.84311421856277	False	69	76	+	11.5
STREME_3-AAAGGAGG	positive	tjupan_bacillus_subtilis_main_0dc2e54e8f0778d4	dbtbs_bsub_core_89ecb38b4ff0148f	1.388901450071048	False	54	61	+	-3.5
STREME_3-AAAGGAGG	positive	tjupan_bacillus_subtilis_main_0e5e92df8dafa46f	dbtbs_bsub_core_0e5e92df8dafa46f	-2.3532493954937106	False	74	81	+	16.5
STREME_3-AAAGGAGG	positive	tjupan_bacillus_subtilis_main_0fcba0431054cde6	dbtbs_bsub_core_0fcba0431054cde6	2.315276413160795	False	62	69	+	4.5
STREME_3-AAAGGAGG	positive	tjupan_bacillus_subtilis_main_103f2a1ec6daa8c4	dbtbs_bsub_core_103f2a1ec6daa8c4	9.555407115567782	True	39	46	+	-18.5
STREME_3-AAAGGAGG	positive	tjupan_bacillus_subtilis_main_1b58b9006f9baf4f	dbtbs_bsub_core_1b58b9006f9baf4f	-4.465612703653902	False	9	16	+	-48.5
STREME_3-AAAGGAGG	positive	tjupan_bacillus_subtilis_main_1bc60721b4be672c	dbtbs_bsub_core_cb8975beecd17a84	2.3284477254806273	False	74	81	+	16.5
STREME_3-AAAGGAGG	positive	tjupan_bacillus_subtilis_main_1eb616e060615c81	tjupan_bacillus_subtilis_main_1eb616e060615c81	-0.850410465417544	False	23	30	+	-34.5
STREME_3-AAAGGAGG	positive	tjupan_bacillus_subtilis_main_2e3c51df0d86f79b	dbtbs_bsub_core_245b899eb3255120	3.861483612034612	False	65	72	+	7.5
STREME_3-AAAGGAGG	positive	tjupan_bacillus_subtilis_main_2fc6e10224ce632e	dbtbs_bsub_core_2fc6e10224ce632e	8.254921646088919	True	73	80	+	15.5
STREME_3-AAAGGAGG	positive	tjupan_bacillus_subtilis_main_323902b09c4af7f6	dbtbs_bsub_core_bb1d2472f35efe20	-1.8358406529775282	False	74	81	-	16.5
STREME_3-AAAGGAGG	positive	tjupan_bacillus_subtilis_main_3ec8c178aa138223	tjupan_bacillus_subtilis_main_3ec8c178aa138223	3.4970352738029935	False	20	27	-	-37.5
STREME_3-AAAGGAGG	positive	tjupan_bacillus_subtilis_main_409ff8a786357eb4	dbtbs_bsub_core_3e3a825c0d09de99	13.574043112575485	True	74	81	+	16.5
STREME_3-AAAGGAGG	positive	tjupan_bacillus_subtilis_main_42074f78c0199323	dbtbs_bsub_core_42074f78c0199323	7.834675982654373	False	30	37	-	-27.5
STREME_3-AAAGGAGG	positive	tjupan_bacillus_subtilis_main_42c1909004fe3d73	tjupan_bacillus_subtilis_main_42c1909004fe3d73	9.362881633315748	True	64	71	-	6.5
STREME_3-AAAGGAGG	positive	tjupan_bacillus_subtilis_main_4a95c9a0c8c0dc5d	dbtbs_bsub_core_d38f72abf66add23	12.100856805875903	True	4	11	+	-53.5
STREME_3-AAAGGAGG	positive	tjupan_bacillus_subtilis_main_4dd4acc476485632	tjupan_bacillus_subtilis_main_4dd4acc476485632	1.707572381941282	False	20	27	+	-37.5
STREME_3-AAAGGAGG	positive	tjupan_bacillus_subtilis_main_5a1a4573de4d55b3	dbtbs_bsub_core_af75962c5aaa60ac	5.261087696997427	False	26	33	-	-31.5
STREME_3-AAAGGAGG	positive	tjupan_bacillus_subtilis_main_5bcbea22526b97af	dbtbs_bsub_core_2bafb1a73b5c7300	6.7241709580475035	False	28	35	-	-29.5
STREME_3-AAAGGAGG	positive	tjupan_bacillus_subtilis_main_5c9bf0eab187b5f5	dbtbs_bsub_core_93f240a64705adb6	-6.280645413367183	False	70	77	+	12.5
STREME_3-AAAGGAGG	positive	tjupan_bacillus_subtilis_main_648aef9dba1f38c4	tjupan_bacillus_subtilis_main_648aef9dba1f38c4	-1.0947816022049954	False	19	26	+	-38.5
STREME_3-AAAGGAGG	positive	tjupan_bacillus_subtilis_main_682dcc155b9eb236	dbtbs_bsub_core_5d3712ff0aeb1916	3.7267165051925177	False	44	51	+	-13.5
STREME_3-AAAGGAGG	positive	tjupan_bacillus_subtilis_main_6cf2c0e47935a8c2	dbtbs_bsub_core_6cf2c0e47935a8c2	-3.1060283030643205	False	29	36	+	-28.5
STREME_3-AAAGGAGG	positive	tjupan_bacillus_subtilis_main_6f5bfd2e001a2697	dbtbs_bsub_core_6f5bfd2e001a2697	-5.512927669502496	False	32	39	+	-25.5
STREME_3-AAAGGAGG	positive	tjupan_bacillus_subtilis_main_6f6446b7ed912162	dbtbs_bsub_core_6f6446b7ed912162	1.223810654483146	False	35	42	-	-22.5
STREME_3-AAAGGAGG	positive	tjupan_bacillus_subtilis_main_6fc8f7f57b8f5e9d	tjupan_bacillus_subtilis_main_6fc8f7f57b8f5e9d	10.935332437307238	True	73	80	+	15.5
STREME_3-AAAGGAGG	positive	tjupan_bacillus_subtilis_main_72127e86172ad2be	tjupan_bacillus_subtilis_main_72127e86172ad2be	-0.3680531305041672	False	36	43	+	-21.5
STREME_3-AAAGGAGG	positive	tjupan_bacillus_subtilis_main_721ac29c5ef7c9f0	dbtbs_bsub_core_721ac29c5ef7c9f0	4.454799076912226	False	39	46	+	-18.5
STREME_3-AAAGGAGG	positive	tjupan_bacillus_subtilis_main_72db3945a2fcac01	tjupan_bacillus_subtilis_main_72db3945a2fcac01	5.863704976811711	False	74	81	+	16.5
STREME_3-AAAGGAGG	positive	tjupan_bacillus_subtilis_main_74379fc21a77213d	tjupan_bacillus_subtilis_main_74379fc21a77213d	8.557444536469262	True	56	63	+	-1.5
STREME_3-AAAGGAGG	positive	tjupan_bacillus_subtilis_main_79220287475133e5	dbtbs_bsub_core_79220287475133e5	3.980474984810026	False	7	14	+	-50.5
STREME_3-AAAGGAGG	positive	tjupan_bacillus_subtilis_main_7c407bebf512b5e0	tjupan_bacillus_subtilis_main_7c407bebf512b5e0	5.3603521942893355	False	37	44	-	-20.5
STREME_3-AAAGGAGG	positive	tjupan_bacillus_subtilis_main_824214e197f86545	tjupan_bacillus_subtilis_main_824214e197f86545	11.320819272930096	True	21	28	-	-36.5
STREME_3-AAAGGAGG	positive	tjupan_bacillus_subtilis_main_842f97f040946982	tjupan_bacillus_subtilis_main_842f97f040946982	7.889695326616167	False	73	80	+	15.5
STREME_3-AAAGGAGG	positive	tjupan_bacillus_subtilis_main_84cc0835204b8e58	dbtbs_bsub_core_396da27afda34e05	11.300818493255637	True	65	72	+	7.5
STREME_3-AAAGGAGG	positive	tjupan_bacillus_subtilis_main_89e75db25f32c6c9	dbtbs_bsub_core_66a79c370c059251	8.998385182823982	True	23	30	+	-34.5
STREME_3-AAAGGAGG	positive	tjupan_bacillus_subtilis_main_8d9a62a0fbc43019	dbtbs_bsub_core_3348625232a23256	10.935332437307238	True	73	80	+	15.5
STREME_3-AAAGGAGG	positive	tjupan_bacillus_subtilis_main_8f5b60fc07e381f2	dbtbs_bsub_core_8f5b60fc07e381f2	-5.164854902050779	False	5	12	+	-52.5
STREME_3-AAAGGAGG	positive	tjupan_bacillus_subtilis_main_93a3a1679c7a73c9	tjupan_bacillus_subtilis_main_93a3a1679c7a73c9	5.434972133742881	False	54	61	-	-3.5
STREME_3-AAAGGAGG	positive	tjupan_bacillus_subtilis_main_96c549f1b176b111	tjupan_bacillus_subtilis_main_96c549f1b176b111	5.491546909628083	False	11	18	-	-46.5
STREME_3-AAAGGAGG	positive	tjupan_bacillus_subtilis_main_996c93274b7d349e	tjupan_bacillus_subtilis_main_996c93274b7d349e	-3.6460530140882392	False	20	27	+	-37.5
STREME_3-AAAGGAGG	positive	tjupan_bacillus_subtilis_main_9996ea2b61a7fc82	tjupan_bacillus_subtilis_main_9996ea2b61a7fc82	1.2059470596588429	False	19	26	-	-38.5
STREME_3-AAAGGAGG	positive	tjupan_bacillus_subtilis_main_a2ab5f161ee68a0a	tjupan_bacillus_subtilis_main_a2ab5f161ee68a0a	3.2335198760764743	False	16	23	-	-41.5
STREME_3-AAAGGAGG	positive	tjupan_bacillus_subtilis_main_a2bee6d81c2dad89	dbtbs_bsub_core_a2bee6d81c2dad89	13.574043112575485	True	66	73	+	8.5
STREME_3-AAAGGAGG	positive	tjupan_bacillus_subtilis_main_a4db17c75fb94c83	dbtbs_bsub_core_8c6f4b9eba960292	10.955011200530596	True	70	77	+	12.5
STREME_3-AAAGGAGG	positive	tjupan_bacillus_subtilis_main_a7eb317986e0a410	tjupan_bacillus_subtilis_main_a7eb317986e0a410	0.8780033617581058	False	44	51	+	-13.5
STREME_3-AAAGGAGG	positive	tjupan_bacillus_subtilis_main_aaf138e1b23719d3	dbtbs_bsub_core_380666e4ad2529dd	-1.568645595638176	False	47	54	-	-10.5
STREME_3-AAAGGAGG	positive	tjupan_bacillus_subtilis_main_af44da9eb65c9b2b	tjupan_bacillus_subtilis_main_af44da9eb65c9b2b	2.315276413160795	False	62	69	-	4.5
STREME_3-AAAGGAGG	positive	tjupan_bacillus_subtilis_main_b541048ffbe461fc	tjupan_bacillus_subtilis_main_b541048ffbe461fc	7.282504512699037	False	70	77	+	12.5
STREME_3-AAAGGAGG	positive	tjupan_bacillus_subtilis_main_b558e80410906098	dbtbs_bsub_core_b558e80410906098	4.787223703564247	False	27	34	-	-30.5
STREME_3-AAAGGAGG	positive	tjupan_bacillus_subtilis_main_b809758bf01da07c	tjupan_bacillus_subtilis_main_b809758bf01da07c	9.411064291151835	True	69	76	+	11.5
STREME_3-AAAGGAGG	positive	tjupan_bacillus_subtilis_main_b86a1d8c42408cc4	tjupan_bacillus_subtilis_main_b86a1d8c42408cc4	13.574043112575485	True	43	50	-	-14.5
STREME_3-AAAGGAGG	positive	tjupan_bacillus_subtilis_main_c7551eecc12a98c1	tjupan_bacillus_subtilis_main_c7551eecc12a98c1	-0.48952054624494945	False	52	59	+	-5.5
STREME_3-AAAGGAGG	positive	tjupan_bacillus_subtilis_main_c897ab6e4a2d8869	tjupan_bacillus_subtilis_main_c897ab6e4a2d8869	1.7981979438756563	False	36	43	+	-21.5
STREME_3-AAAGGAGG	positive	tjupan_bacillus_subtilis_main_cd9626c39ea075d5	dbtbs_bsub_core_cd9626c39ea075d5	3.5125969640190435	False	29	36	+	-28.5
STREME_3-AAAGGAGG	positive	tjupan_bacillus_subtilis_main_cf013234eecd796b	dbtbs_bsub_core_700614a2577d51a9	-1.7676572154669818	False	59	66	+	1.5
STREME_3-AAAGGAGG	positive	tjupan_bacillus_subtilis_main_d072d578ae627246	tjupan_bacillus_subtilis_main_d072d578ae627246	4.326282277535066	False	51	58	-	-6.5
STREME_3-AAAGGAGG	positive	tjupan_bacillus_subtilis_main_d434d749686b9e33	dbtbs_bsub_core_137eff58d766cefa	2.3152706840069004	False	12	19	-	-45.5
STREME_3-AAAGGAGG	positive	tjupan_bacillus_subtilis_main_d75f323535d0e96f	tjupan_bacillus_subtilis_main_d75f323535d0e96f	2.1586160739455065	False	6	13	-	-51.5
STREME_3-AAAGGAGG	positive	tjupan_bacillus_subtilis_main_d94f791dab569af4	dbtbs_bsub_core_e72b843a494a35db	-2.8624215916191256	False	40	47	-	-17.5
STREME_3-AAAGGAGG	positive	tjupan_bacillus_subtilis_main_dc95e7cdf3939931	dbtbs_bsub_core_dc95e7cdf3939931	5.270663414571279	False	41	48	-	-16.5
STREME_3-AAAGGAGG	positive	tjupan_bacillus_subtilis_main_dda9e4c6372ef204	dbtbs_bsub_core_50819f6cb2562fd8	7.963277548352933	True	71	78	-	13.5
STREME_3-AAAGGAGG	positive	tjupan_bacillus_subtilis_main_e51e63a9cb3e9467	dbtbs_bsub_core_bb482769c888cf21	7.708196753062728	False	53	60	+	-4.5
STREME_3-AAAGGAGG	positive	tjupan_bacillus_subtilis_main_e7e17b10ff25536a	tjupan_bacillus_subtilis_main_1eb616e060615c81	-0.850410465417544	False	26	33	+	-31.5
STREME_3-AAAGGAGG	positive	tjupan_bacillus_subtilis_main_f2d1e33176b05430	dbtbs_bsub_core_f2d1e33176b05430	-3.036393126261037	False	7	14	+	-50.5
STREME_3-AAAGGAGG	positive	tjupan_bacillus_subtilis_main_fe854ef781d570c9	dbtbs_bsub_core_79142b70125d7f77	3.0078638573520395	False	30	37	-	-27.5
STREME_3-AAAGGAGG	natural	tjupan_bacillus_subtilis_main_01f49032fc924b2b	tjupan_bacillus_subtilis_main_01f49032fc924b2b	-2.2603872457446013	False	49	56	+	-8.5
STREME_3-AAAGGAGG	natural	tjupan_bacillus_subtilis_main_0369fa5f1dde8889	tjupan_bacillus_subtilis_main_0369fa5f1dde8889	1.223810654483146	False	40	47	+	-17.5
STREME_3-AAAGGAGG	natural	tjupan_bacillus_subtilis_main_04bf0704019251eb	tjupan_bacillus_subtilis_main_04bf0704019251eb	7.963277548352933	True	63	70	+	5.5
STREME_3-AAAGGAGG	natural	tjupan_bacillus_subtilis_main_07a43cab15901fd0	tjupan_bacillus_subtilis_main_07a43cab15901fd0	4.944949194053213	False	48	55	+	-9.5
STREME_3-AAAGGAGG	natural	tjupan_bacillus_subtilis_main_0abf62f108ad9afa	tjupan_bacillus_subtilis_main_0abf62f108ad9afa	6.743849721270861	False	34	41	+	-23.5
STREME_3-AAAGGAGG	natural	tjupan_bacillus_subtilis_main_10a028761e096e6f	tjupan_bacillus_subtilis_main_10a028761e096e6f	1.8579120837660241	False	35	42	-	-22.5
STREME_3-AAAGGAGG	natural	tjupan_bacillus_subtilis_main_1183c551e9c3884e	tjupan_bacillus_subtilis_main_1183c551e9c3884e	3.0192601292497168	False	58	65	+	0.5
STREME_3-AAAGGAGG	natural	tjupan_bacillus_subtilis_main_11c75fe7d070d91d	tjupan_bacillus_subtilis_main_11c75fe7d070d91d	0.521042880342717	False	13	20	-	-44.5
STREME_3-AAAGGAGG	natural	tjupan_bacillus_subtilis_main_13f81edc59432f39	tjupan_bacillus_subtilis_main_13f81edc59432f39	-0.26741407228212033	False	68	75	-	10.5
STREME_3-AAAGGAGG	natural	tjupan_bacillus_subtilis_main_1a1965c69595e91c	tjupan_bacillus_subtilis_main_1a1965c69595e91c	11.300818493255637	True	63	70	+	5.5
STREME_3-AAAGGAGG	natural	tjupan_bacillus_subtilis_main_28ceb7fd6ffaf1b1	tjupan_bacillus_subtilis_main_28ceb7fd6ffaf1b1	-1.998904102911597	False	57	64	+	-0.5
STREME_3-AAAGGAGG	natural	tjupan_bacillus_subtilis_main_2a691ccdd9f8cd87	tjupan_bacillus_subtilis_main_2a691ccdd9f8cd87	2.811823148690687	False	69	76	+	11.5
STREME_3-AAAGGAGG	natural	tjupan_bacillus_subtilis_main_3095b00d206277d2	tjupan_bacillus_subtilis_main_3095b00d206277d2	0.43113764696181534	False	44	51	+	-13.5
STREME_3-AAAGGAGG	natural	tjupan_bacillus_subtilis_main_33ded6bc702ab6e3	tjupan_bacillus_subtilis_main_33ded6bc702ab6e3	6.260410010263827	False	9	16	-	-48.5
STREME_3-AAAGGAGG	natural	tjupan_bacillus_subtilis_main_3b669bfd8e8ecc5c	tjupan_bacillus_subtilis_main_3b669bfd8e8ecc5c	3.9617858270432995	False	13	20	-	-44.5
STREME_3-AAAGGAGG	natural	tjupan_bacillus_subtilis_main_3dfed0cfea4ace99	tjupan_bacillus_subtilis_main_3dfed0cfea4ace99	7.064257450095219	False	63	70	+	5.5
STREME_3-AAAGGAGG	natural	tjupan_bacillus_subtilis_main_3f82397c249b4c2e	tjupan_bacillus_subtilis_main_3f82397c249b4c2e	0.43306755820975473	False	32	39	+	-25.5
STREME_3-AAAGGAGG	natural	tjupan_bacillus_subtilis_main_413de94f4b4cc894	tjupan_bacillus_subtilis_main_413de94f4b4cc894	6.7241709580475035	False	40	47	+	-17.5
STREME_3-AAAGGAGG	natural	tjupan_bacillus_subtilis_main_4225dc5bcf089682	tjupan_bacillus_subtilis_main_4225dc5bcf089682	-2.1190018971944578	False	62	69	-	4.5
STREME_3-AAAGGAGG	natural	tjupan_bacillus_subtilis_main_43e8357a95b8acad	tjupan_bacillus_subtilis_main_43e8357a95b8acad	2.2239104184318226	False	17	24	+	-40.5
STREME_3-AAAGGAGG	natural	tjupan_bacillus_subtilis_main_44b9e66950262593	tjupan_bacillus_subtilis_main_44b9e66950262593	5.261087696997427	False	38	45	+	-19.5
STREME_3-AAAGGAGG	natural	tjupan_bacillus_subtilis_main_4600103c5e396ab7	tjupan_bacillus_subtilis_main_4600103c5e396ab7	6.743849721270861	False	1	8	+	-56.5
STREME_3-AAAGGAGG	natural	tjupan_bacillus_subtilis_main_47b01646ad818f05	tjupan_bacillus_subtilis_main_47b01646ad818f05	2.1172940507922817	False	12	19	-	-45.5
STREME_3-AAAGGAGG	natural	tjupan_bacillus_subtilis_main_47f3a0ce2d4034a8	tjupan_bacillus_subtilis_main_47f3a0ce2d4034a8	0.7376907455039274	False	54	61	+	-3.5
STREME_3-AAAGGAGG	natural	tjupan_bacillus_subtilis_main_4c62636643ef908e	tjupan_bacillus_subtilis_main_4c62636643ef908e	2.231936139571495	False	56	63	-	-1.5
STREME_3-AAAGGAGG	natural	tjupan_bacillus_subtilis_main_4ec6f242d8a5df5c	tjupan_bacillus_subtilis_main_4ec6f242d8a5df5c	2.3284477254806273	False	14	21	+	-43.5
STREME_3-AAAGGAGG	natural	tjupan_bacillus_subtilis_main_4efdcab552f8b70d	tjupan_bacillus_subtilis_main_4efdcab552f8b70d	6.121731752301637	False	33	40	-	-24.5
STREME_3-AAAGGAGG	natural	tjupan_bacillus_subtilis_main_51577d89c939deba	tjupan_bacillus_subtilis_main_51577d89c939deba	4.960383706817944	False	56	63	+	-1.5
STREME_3-AAAGGAGG	natural	tjupan_bacillus_subtilis_main_52bff7f8e27d9410	tjupan_bacillus_subtilis_main_52bff7f8e27d9410	1.8944860799767658	False	8	15	+	-49.5
STREME_3-AAAGGAGG	natural	tjupan_bacillus_subtilis_main_59901c21c497690b	tjupan_bacillus_subtilis_main_59901c21c497690b	6.743849721270861	False	72	79	+	14.5
STREME_3-AAAGGAGG	natural	tjupan_bacillus_subtilis_main_5f953d4f57c1fa81	tjupan_bacillus_subtilis_main_5f953d4f57c1fa81	-0.44810405245393437	False	35	42	+	-22.5
STREME_3-AAAGGAGG	natural	tjupan_bacillus_subtilis_main_669f9a1f1028b036	tjupan_bacillus_subtilis_main_669f9a1f1028b036	2.2239104184318226	False	74	81	+	16.5
STREME_3-AAAGGAGG	natural	tjupan_bacillus_subtilis_main_69dc5d058d63d549	tjupan_bacillus_subtilis_main_69dc5d058d63d549	4.08644988823589	False	49	56	+	-8.5
STREME_3-AAAGGAGG	natural	tjupan_bacillus_subtilis_main_6cfe0a7e178b1651	tjupan_bacillus_subtilis_main_6cfe0a7e178b1651	3.8513805663851075	False	38	45	+	-19.5
STREME_3-AAAGGAGG	natural	tjupan_bacillus_subtilis_main_705ab5e790a4610d	tjupan_bacillus_subtilis_main_705ab5e790a4610d	4.043760166829182	False	45	52	+	-12.5
STREME_3-AAAGGAGG	natural	tjupan_bacillus_subtilis_main_71852833d33a5887	tjupan_bacillus_subtilis_main_71852833d33a5887	3.3583570158408014	False	2	9	+	-55.5
STREME_3-AAAGGAGG	natural	tjupan_bacillus_subtilis_main_76c86d1f05ca1d88	tjupan_bacillus_subtilis_main_76c86d1f05ca1d88	4.64229912622155	False	10	17	+	-47.5
STREME_3-AAAGGAGG	natural	tjupan_bacillus_subtilis_main_777d2d2586a95fbc	tjupan_bacillus_subtilis_main_777d2d2586a95fbc	2.7484975385520936	False	47	54	-	-10.5
STREME_3-AAAGGAGG	natural	tjupan_bacillus_subtilis_main_7c99b9a8665786aa	tjupan_bacillus_subtilis_main_7c99b9a8665786aa	2.8877125833514343	False	16	23	-	-41.5
STREME_3-AAAGGAGG	natural	tjupan_bacillus_subtilis_main_82f0003647ec7740	tjupan_bacillus_subtilis_main_82f0003647ec7740	6.745161343178594	False	14	21	+	-43.5
STREME_3-AAAGGAGG	natural	tjupan_bacillus_subtilis_main_8a9952e5dc8e0bd1	tjupan_bacillus_subtilis_main_8a9952e5dc8e0bd1	5.863704976811711	False	34	41	-	-23.5
STREME_3-AAAGGAGG	natural	tjupan_bacillus_subtilis_main_8c2afb751c3f9d92	tjupan_bacillus_subtilis_main_8c2afb751c3f9d92	3.5607796218551293	False	4	11	+	-53.5
STREME_3-AAAGGAGG	natural	tjupan_bacillus_subtilis_main_8e1b3c58365d2bbd	tjupan_bacillus_subtilis_main_8e1b3c58365d2bbd	9.901214408292821	True	14	21	-	-43.5
STREME_3-AAAGGAGG	natural	tjupan_bacillus_subtilis_main_906140fe2a990d8e	tjupan_bacillus_subtilis_main_906140fe2a990d8e	0.8780033617581058	False	44	51	+	-13.5
STREME_3-AAAGGAGG	natural	tjupan_bacillus_subtilis_main_94dbc17f3078c678	tjupan_bacillus_subtilis_main_94dbc17f3078c678	0.07920259848913513	False	17	24	-	-40.5
STREME_3-AAAGGAGG	natural	tjupan_bacillus_subtilis_main_9bf1d28c9aae3b2e	tjupan_bacillus_subtilis_main_9bf1d28c9aae3b2e	3.623514503394637	False	67	74	-	9.5
STREME_3-AAAGGAGG	natural	tjupan_bacillus_subtilis_main_9cc8f38cff175da4	tjupan_bacillus_subtilis_main_9cc8f38cff175da4	2.7767950439758406	False	49	56	+	-8.5
STREME_3-AAAGGAGG	natural	tjupan_bacillus_subtilis_main_9cceb700e3527301	tjupan_bacillus_subtilis_main_9cceb700e3527301	4.766963187414141	False	30	37	+	-27.5
STREME_3-AAAGGAGG	natural	tjupan_bacillus_subtilis_main_9d0345f875b7552c	tjupan_bacillus_subtilis_main_9d0345f875b7552c	7.219025336611775	False	37	44	+	-20.5
STREME_3-AAAGGAGG	natural	tjupan_bacillus_subtilis_main_a3fedb31fa6cc84b	tjupan_bacillus_subtilis_main_a3fedb31fa6cc84b	4.732204359602452	False	15	22	+	-42.5
STREME_3-AAAGGAGG	natural	tjupan_bacillus_subtilis_main_a54e7006d4699b67	tjupan_bacillus_subtilis_main_a54e7006d4699b67	5.250984651347922	False	34	41	-	-23.5
STREME_3-AAAGGAGG	natural	tjupan_bacillus_subtilis_main_aaa45c891936f972	tjupan_bacillus_subtilis_main_aaa45c891936f972	0.7176899658294671	False	36	43	+	-21.5
STREME_3-AAAGGAGG	natural	tjupan_bacillus_subtilis_main_aec3d55ae2f9e509	tjupan_bacillus_subtilis_main_aec3d55ae2f9e509	10.810668376114648	True	5	12	-	-52.5
STREME_3-AAAGGAGG	natural	tjupan_bacillus_subtilis_main_b0b9cfd1b442c029	tjupan_bacillus_subtilis_main_b0b9cfd1b442c029	5.552925788801517	False	32	39	+	-25.5
STREME_3-AAAGGAGG	natural	tjupan_bacillus_subtilis_main_b161f4572a371b25	tjupan_bacillus_subtilis_main_b161f4572a371b25	-0.5993000179487822	False	3	10	-	-54.5
STREME_3-AAAGGAGG	natural	tjupan_bacillus_subtilis_main_b3e87bd1af1ccb1a	tjupan_bacillus_subtilis_main_b3e87bd1af1ccb1a	3.5026998402567493	False	21	28	-	-36.5
STREME_3-AAAGGAGG	natural	tjupan_bacillus_subtilis_main_b5ddce4bc0328e2c	tjupan_bacillus_subtilis_main_b5ddce4bc0328e2c	-0.013655592664612026	False	45	52	+	-12.5
STREME_3-AAAGGAGG	natural	tjupan_bacillus_subtilis_main_b9d7835496546020	tjupan_bacillus_subtilis_main_b9d7835496546020	-0.7191960484805793	False	65	72	+	7.5
STREME_3-AAAGGAGG	natural	tjupan_bacillus_subtilis_main_bd36aa35d4edeb39	tjupan_bacillus_subtilis_main_bd36aa35d4edeb39	3.590480357491863	False	49	56	+	-8.5
STREME_3-AAAGGAGG	natural	tjupan_bacillus_subtilis_main_c24b04311bf8b4bf	tjupan_bacillus_subtilis_main_c24b04311bf8b4bf	3.63154022453431	False	38	45	-	-19.5
STREME_3-AAAGGAGG	natural	tjupan_bacillus_subtilis_main_c981e3412d58013c	tjupan_bacillus_subtilis_main_c981e3412d58013c	3.2446730647668227	False	52	59	+	-5.5
STREME_3-AAAGGAGG	natural	tjupan_bacillus_subtilis_main_cbe667645cefe255	tjupan_bacillus_subtilis_main_cbe667645cefe255	2.622377021729182	False	33	40	+	-24.5
STREME_3-AAAGGAGG	natural	tjupan_bacillus_subtilis_main_ced7dfa7b2671e00	tjupan_bacillus_subtilis_main_ced7dfa7b2671e00	3.623514503394637	False	53	60	-	-4.5
STREME_3-AAAGGAGG	natural	tjupan_bacillus_subtilis_main_d14a8947b06ae361	tjupan_bacillus_subtilis_main_d14a8947b06ae361	4.952309873418124	False	46	53	+	-11.5
STREME_3-AAAGGAGG	natural	tjupan_bacillus_subtilis_main_dd7d0f632ba9b25f	tjupan_bacillus_subtilis_main_dd7d0f632ba9b25f	3.1400747923876047	False	30	37	+	-27.5
STREME_3-AAAGGAGG	natural	tjupan_bacillus_subtilis_main_deeb9c19c390dc19	tjupan_bacillus_subtilis_main_deeb9c19c390dc19	2.642055784952539	False	32	39	+	-25.5
STREME_3-AAAGGAGG	natural	tjupan_bacillus_subtilis_main_dfdf3a9a774b0b36	tjupan_bacillus_subtilis_main_dfdf3a9a774b0b36	2.622377021729182	False	32	39	-	-25.5
STREME_3-AAAGGAGG	natural	tjupan_bacillus_subtilis_main_e05a9847e20fa44f	tjupan_bacillus_subtilis_main_e05a9847e20fa44f	2.5339998639188592	False	17	24	-	-40.5
STREME_3-AAAGGAGG	natural	tjupan_bacillus_subtilis_main_e09693162cd1efc7	tjupan_bacillus_subtilis_main_e09693162cd1efc7	-1.9792253396882407	False	28	35	-	-29.5
STREME_3-AAAGGAGG	natural	tjupan_bacillus_subtilis_main_e1df7768894b7e64	tjupan_bacillus_subtilis_main_e1df7768894b7e64	3.1400747923876047	False	46	53	-	-11.5
STREME_3-AAAGGAGG	natural	tjupan_bacillus_subtilis_main_e4935e5203d5f4a1	tjupan_bacillus_subtilis_main_e4935e5203d5f4a1	3.9817866067177596	False	69	76	+	11.5
STREME_3-AAAGGAGG	natural	tjupan_bacillus_subtilis_main_e71258c4630ccafd	tjupan_bacillus_subtilis_main_e71258c4630ccafd	6.260410010263827	False	39	46	-	-18.5
STREME_3-AAAGGAGG	natural	tjupan_bacillus_subtilis_main_ea6abbc438ac2020	tjupan_bacillus_subtilis_main_ea6abbc438ac2020	2.644156081866368	False	42	49	+	-15.5
STREME_3-AAAGGAGG	natural	tjupan_bacillus_subtilis_main_ede46bd107484afd	tjupan_bacillus_subtilis_main_ede46bd107484afd	-2.228585334301121	False	5	12	+	-52.5
STREME_3-AAAGGAGG	natural	tjupan_bacillus_subtilis_main_f0317abbf46a2fa8	tjupan_bacillus_subtilis_main_f0317abbf46a2fa8	-0.38010489104338774	False	29	36	+	-28.5
STREME_3-AAAGGAGG	natural	tjupan_bacillus_subtilis_main_fe9f961ad53aca80	tjupan_bacillus_subtilis_main_fe9f961ad53aca80	-4.0052156894926965	False	14	21	+	-43.5
STREME_3-AAAGGAGG	natural	tjupan_bacillus_subtilis_main_fffb0162887a3736	tjupan_bacillus_subtilis_main_fffb0162887a3736	9.847632966230515	True	19	26	-	-38.5
STREME_3-AAAGGAGG	shuffle	tjupan_bacillus_subtilis_main_0dc2e54e8f0778d4__dinucleotide_null	dbtbs_bsub_core_89ecb38b4ff0148f	3.1163798770547393	False	56	63	+	-1.5
STREME_3-AAAGGAGG	shuffle	tjupan_bacillus_subtilis_main_682dcc155b9eb236__dinucleotide_null	dbtbs_bsub_core_5d3712ff0aeb1916	5.126320590155332	False	32	39	+	-25.5
STREME_3-AAAGGAGG	shuffle	tjupan_bacillus_subtilis_main_f2d1e33176b05430__dinucleotide_null	dbtbs_bsub_core_f2d1e33176b05430	-0.32567657907607916	False	2	9	+	-55.5
STREME_3-AAAGGAGG	shuffle	tjupan_bacillus_subtilis_main_c7551eecc12a98c1__dinucleotide_null	tjupan_bacillus_subtilis_main_c7551eecc12a98c1	-2.1190018971944578	False	23	30	+	-34.5
STREME_3-AAAGGAGG	shuffle	tjupan_bacillus_subtilis_main_89e75db25f32c6c9__dinucleotide_null	dbtbs_bsub_core_66a79c370c059251	3.980474984810026	False	69	76	+	11.5
STREME_3-AAAGGAGG	shuffle	tjupan_bacillus_subtilis_main_9996ea2b61a7fc82__dinucleotide_null	tjupan_bacillus_subtilis_main_9996ea2b61a7fc82	5.4549729134173415	False	13	20	+	-44.5
STREME_3-AAAGGAGG	shuffle	tjupan_bacillus_subtilis_main_b86a1d8c42408cc4__dinucleotide_null	tjupan_bacillus_subtilis_main_b86a1d8c42408cc4	4.3262341652749186	False	71	78	+	13.5
STREME_3-AAAGGAGG	shuffle	tjupan_bacillus_subtilis_main_79220287475133e5__dinucleotide_null	dbtbs_bsub_core_79220287475133e5	2.981612770212645	False	5	12	+	-52.5
STREME_3-AAAGGAGG	shuffle	tjupan_bacillus_subtilis_main_a2bee6d81c2dad89__dinucleotide_null	dbtbs_bsub_core_a2bee6d81c2dad89	2.8162622381490965	False	67	74	-	9.5
STREME_3-AAAGGAGG	shuffle	tjupan_bacillus_subtilis_main_103f2a1ec6daa8c4__dinucleotide_null	dbtbs_bsub_core_103f2a1ec6daa8c4	1.7968863219679223	False	48	55	+	-9.5
STREME_3-AAAGGAGG	shuffle	tjupan_bacillus_subtilis_main_996c93274b7d349e__dinucleotide_null	tjupan_bacillus_subtilis_main_996c93274b7d349e	1.7968863219679223	False	35	42	+	-22.5
STREME_3-AAAGGAGG	shuffle	tjupan_bacillus_subtilis_main_7c407bebf512b5e0__dinucleotide_null	tjupan_bacillus_subtilis_main_7c407bebf512b5e0	7.218173813373061	False	39	46	+	-18.5
STREME_3-AAAGGAGG	shuffle	tjupan_bacillus_subtilis_main_842f97f040946982__dinucleotide_null	tjupan_bacillus_subtilis_main_842f97f040946982	-0.44810405245393437	False	42	49	+	-15.5
STREME_3-AAAGGAGG	shuffle	tjupan_bacillus_subtilis_main_42c1909004fe3d73__dinucleotide_null	tjupan_bacillus_subtilis_main_42c1909004fe3d73	-0.11460854537434106	False	50	57	-	-7.5
STREME_3-AAAGGAGG	shuffle	tjupan_bacillus_subtilis_main_42074f78c0199323__dinucleotide_null	dbtbs_bsub_core_42074f78c0199323	2.7413202822444482	False	73	80	-	15.5
STREME_3-AAAGGAGG	shuffle	tjupan_bacillus_subtilis_main_72127e86172ad2be__dinucleotide_null	tjupan_bacillus_subtilis_main_72127e86172ad2be	2.8530959708354846	False	20	27	-	-37.5
STREME_3-AAAGGAGG	shuffle	tjupan_bacillus_subtilis_main_d072d578ae627246__dinucleotide_null	tjupan_bacillus_subtilis_main_d072d578ae627246	0.013908254002819032	False	57	64	+	-0.5
STREME_3-AAAGGAGG	shuffle	tjupan_bacillus_subtilis_main_a2ab5f161ee68a0a__dinucleotide_null	tjupan_bacillus_subtilis_main_a2ab5f161ee68a0a	0.9953669724449172	False	15	22	-	-42.5
STREME_3-AAAGGAGG	shuffle	tjupan_bacillus_subtilis_main_3ec8c178aa138223__dinucleotide_null	tjupan_bacillus_subtilis_main_3ec8c178aa138223	2.981612770212645	False	6	13	+	-51.5
STREME_3-AAAGGAGG	shuffle	tjupan_bacillus_subtilis_main_824214e197f86545__dinucleotide_null	tjupan_bacillus_subtilis_main_824214e197f86545	4.10645066791035	False	31	38	-	-26.5
STREME_3-AAAGGAGG	shuffle	tjupan_bacillus_subtilis_main_721ac29c5ef7c9f0__dinucleotide_null	dbtbs_bsub_core_721ac29c5ef7c9f0	-0.4349270109802079	False	37	44	+	-20.5
STREME_3-AAAGGAGG	shuffle	tjupan_bacillus_subtilis_main_a7eb317986e0a410__dinucleotide_null	tjupan_bacillus_subtilis_main_a7eb317986e0a410	8.072645091294348	True	73	80	+	15.5
STREME_3-AAAGGAGG	shuffle	tjupan_bacillus_subtilis_main_6cf2c0e47935a8c2__dinucleotide_null	dbtbs_bsub_core_6cf2c0e47935a8c2	2.201575237266839	False	16	23	+	-41.5
STREME_3-AAAGGAGG	shuffle	tjupan_bacillus_subtilis_main_cd9626c39ea075d5__dinucleotide_null	dbtbs_bsub_core_cd9626c39ea075d5	2.112992879056229	False	63	70	+	5.5
STREME_3-AAAGGAGG	shuffle	tjupan_bacillus_subtilis_main_4a95c9a0c8c0dc5d__dinucleotide_null	dbtbs_bsub_core_d38f72abf66add23	0.3922617461428204	False	53	60	+	-4.5
STREME_3-AAAGGAGG	shuffle	tjupan_bacillus_subtilis_main_323902b09c4af7f6__dinucleotide_null	dbtbs_bsub_core_bb1d2472f35efe20	-1.7345824789755637	False	12	19	+	-45.5
STREME_3-AAAGGAGG	shuffle	tjupan_bacillus_subtilis_main_dda9e4c6372ef204__dinucleotide_null	dbtbs_bsub_core_50819f6cb2562fd8	3.5026998402567493	False	13	20	-	-44.5
STREME_3-AAAGGAGG	shuffle	tjupan_bacillus_subtilis_main_6fc8f7f57b8f5e9d__dinucleotide_null	tjupan_bacillus_subtilis_main_6fc8f7f57b8f5e9d	11.320819272930096	True	51	58	+	-6.5
STREME_3-AAAGGAGG	shuffle	tjupan_bacillus_subtilis_main_84cc0835204b8e58__dinucleotide_null	dbtbs_bsub_core_396da27afda34e05	10.508145485734305	True	5	12	+	-52.5
STREME_3-AAAGGAGG	shuffle	tjupan_bacillus_subtilis_main_c897ab6e4a2d8869__dinucleotide_null	tjupan_bacillus_subtilis_main_c897ab6e4a2d8869	4.944949194053213	False	51	58	-	-6.5
STREME_3-AAAGGAGG	shuffle	tjupan_bacillus_subtilis_main_1b58b9006f9baf4f__dinucleotide_null	dbtbs_bsub_core_1b58b9006f9baf4f	-1.752446073799867	False	11	18	+	-46.5
STREME_3-AAAGGAGG	shuffle	tjupan_bacillus_subtilis_main_5bcbea22526b97af__dinucleotide_null	dbtbs_bsub_core_2bafb1a73b5c7300	1.533826027413744	False	57	64	+	-0.5
STREME_3-AAAGGAGG	shuffle	tjupan_bacillus_subtilis_main_e51e63a9cb3e9467__dinucleotide_null	dbtbs_bsub_core_bb482769c888cf21	-2.8686718990840596	False	62	69	-	4.5
STREME_3-AAAGGAGG	shuffle	tjupan_bacillus_subtilis_main_b558e80410906098__dinucleotide_null	dbtbs_bsub_core_b558e80410906098	4.346234944949378	False	57	64	-	-0.5
STREME_3-AAAGGAGG	shuffle	tjupan_bacillus_subtilis_main_dc95e7cdf3939931__dinucleotide_null	dbtbs_bsub_core_dc95e7cdf3939931	7.708196753062728	False	24	31	+	-33.5
STREME_3-AAAGGAGG	shuffle	tjupan_bacillus_subtilis_main_cf013234eecd796b__dinucleotide_null	dbtbs_bsub_core_700614a2577d51a9	-2.1912236632764204	False	1	8	+	-56.5
STREME_3-AAAGGAGG	shuffle	tjupan_bacillus_subtilis_main_b541048ffbe461fc__dinucleotide_null	tjupan_bacillus_subtilis_main_b541048ffbe461fc	5.3603521942893355	False	37	44	+	-20.5
STREME_3-AAAGGAGG	shuffle	tjupan_bacillus_subtilis_main_0b4e887f7ea9c424__dinucleotide_null	dbtbs_bsub_core_0b4e887f7ea9c424	0.894898594745491	False	51	58	+	-6.5
STREME_3-AAAGGAGG	shuffle	tjupan_bacillus_subtilis_main_93a3a1679c7a73c9__dinucleotide_null	tjupan_bacillus_subtilis_main_93a3a1679c7a73c9	5.5067444953963225	False	58	65	+	0.5
STREME_3-AAAGGAGG	shuffle	tjupan_bacillus_subtilis_main_e7e17b10ff25536a__dinucleotide_null	tjupan_bacillus_subtilis_main_1eb616e060615c81	7.708196753062728	False	66	73	-	8.5
STREME_3-AAAGGAGG	shuffle	tjupan_bacillus_subtilis_main_d94f791dab569af4__dinucleotide_null	dbtbs_bsub_core_e72b843a494a35db	3.615978534318259	False	35	42	+	-22.5
STREME_3-AAAGGAGG	shuffle	tjupan_bacillus_subtilis_main_d75f323535d0e96f__dinucleotide_null	tjupan_bacillus_subtilis_main_d75f323535d0e96f	-0.5575139785016012	False	64	71	+	6.5
STREME_3-AAAGGAGG	shuffle	tjupan_bacillus_subtilis_main_74379fc21a77213d__dinucleotide_null	tjupan_bacillus_subtilis_main_74379fc21a77213d	10.955011200530596	True	16	23	+	-41.5
STREME_3-AAAGGAGG	shuffle	tjupan_bacillus_subtilis_main_6f5bfd2e001a2697__dinucleotide_null	dbtbs_bsub_core_6f5bfd2e001a2697	5.6364714869707795	False	25	32	+	-32.5
STREME_3-AAAGGAGG	shuffle	tjupan_bacillus_subtilis_main_1eb616e060615c81__dinucleotide_null	tjupan_bacillus_subtilis_main_1eb616e060615c81	2.1951900701562486	False	23	30	-	-34.5
STREME_3-AAAGGAGG	shuffle	tjupan_bacillus_subtilis_main_409ff8a786357eb4__dinucleotide_null	dbtbs_bsub_core_3e3a825c0d09de99	-2.354298928271893	False	13	20	-	-44.5
STREME_3-AAAGGAGG	shuffle	tjupan_bacillus_subtilis_main_1bc60721b4be672c__dinucleotide_null	dbtbs_bsub_core_cb8975beecd17a84	-1.553578278747291	False	71	78	+	13.5
STREME_3-AAAGGAGG	shuffle	tjupan_bacillus_subtilis_main_af44da9eb65c9b2b__dinucleotide_null	tjupan_bacillus_subtilis_main_af44da9eb65c9b2b	-2.323596772117125	False	29	36	+	-28.5
STREME_3-AAAGGAGG	shuffle	tjupan_bacillus_subtilis_main_8f5b60fc07e381f2__dinucleotide_null	dbtbs_bsub_core_8f5b60fc07e381f2	-1.9702816103712257	False	44	51	+	-13.5
STREME_3-AAAGGAGG	shuffle	tjupan_bacillus_subtilis_main_5c9bf0eab187b5f5__dinucleotide_null	dbtbs_bsub_core_93f240a64705adb6	0.1510490326990146	False	47	54	-	-10.5
STREME_3-AAAGGAGG	shuffle	tjupan_bacillus_subtilis_main_aaf138e1b23719d3__dinucleotide_null	dbtbs_bsub_core_380666e4ad2529dd	-3.215794506814818	False	67	74	+	9.5
STREME_3-AAAGGAGG	shuffle	tjupan_bacillus_subtilis_main_0fcba0431054cde6__dinucleotide_null	dbtbs_bsub_core_0fcba0431054cde6	-1.100397401892908	False	58	65	+	0.5
STREME_3-AAAGGAGG	shuffle	tjupan_bacillus_subtilis_main_6f6446b7ed912162__dinucleotide_null	dbtbs_bsub_core_6f6446b7ed912162	3.6219645069604574	False	8	15	+	-49.5
STREME_3-AAAGGAGG	shuffle	tjupan_bacillus_subtilis_main_d434d749686b9e33__dinucleotide_null	dbtbs_bsub_core_137eff58d766cefa	2.76123335375979	False	10	17	-	-47.5
STREME_3-AAAGGAGG	shuffle	tjupan_bacillus_subtilis_main_96c549f1b176b111__dinucleotide_null	tjupan_bacillus_subtilis_main_96c549f1b176b111	2.4046369767922133	False	71	78	+	13.5
STREME_3-AAAGGAGG	shuffle	tjupan_bacillus_subtilis_main_a4db17c75fb94c83__dinucleotide_null	dbtbs_bsub_core_8c6f4b9eba960292	1.343075931449515	False	12	19	+	-45.5
STREME_3-AAAGGAGG	shuffle	tjupan_bacillus_subtilis_main_0e5e92df8dafa46f__dinucleotide_null	dbtbs_bsub_core_0e5e92df8dafa46f	3.0192601292497168	False	7	14	+	-50.5
STREME_3-AAAGGAGG	shuffle	tjupan_bacillus_subtilis_main_089b35a135bf8797__dinucleotide_null	tjupan_bacillus_subtilis_main_089b35a135bf8797	3.1163798770547393	False	5	12	+	-52.5
STREME_3-AAAGGAGG	shuffle	tjupan_bacillus_subtilis_main_2e3c51df0d86f79b__dinucleotide_null	dbtbs_bsub_core_245b899eb3255120	-2.99718869846122	False	19	26	+	-38.5
STREME_3-AAAGGAGG	shuffle	tjupan_bacillus_subtilis_main_648aef9dba1f38c4__dinucleotide_null	tjupan_bacillus_subtilis_main_648aef9dba1f38c4	-0.9536934227910439	False	31	38	+	-26.5
STREME_3-AAAGGAGG	shuffle	tjupan_bacillus_subtilis_main_b809758bf01da07c__dinucleotide_null	tjupan_bacillus_subtilis_main_b809758bf01da07c	4.326282277535066	False	8	15	+	-49.5
STREME_3-AAAGGAGG	shuffle	tjupan_bacillus_subtilis_main_72db3945a2fcac01__dinucleotide_null	tjupan_bacillus_subtilis_main_72db3945a2fcac01	0.7283889305672575	False	28	35	+	-29.5
STREME_3-AAAGGAGG	shuffle	tjupan_bacillus_subtilis_main_8d9a62a0fbc43019__dinucleotide_null	dbtbs_bsub_core_3348625232a23256	0.894898594745491	False	32	39	+	-25.5
STREME_3-AAAGGAGG	shuffle	tjupan_bacillus_subtilis_main_2fc6e10224ce632e__dinucleotide_null	dbtbs_bsub_core_2fc6e10224ce632e	8.191636464069761	True	27	34	+	-30.5
STREME_3-AAAGGAGG	shuffle	tjupan_bacillus_subtilis_main_4dd4acc476485632__dinucleotide_null	tjupan_bacillus_subtilis_main_4dd4acc476485632	4.345383421710665	False	9	16	+	-48.5
STREME_3-AAAGGAGG	shuffle	tjupan_bacillus_subtilis_main_5a1a4573de4d55b3__dinucleotide_null	dbtbs_bsub_core_af75962c5aaa60ac	-1.7185240909008748	False	70	77	-	12.5
STREME_3-AAAGGAGG	shuffle	tjupan_bacillus_subtilis_main_fe854ef781d570c9__dinucleotide_null	dbtbs_bsub_core_79142b70125d7f77	0.8948766738818907	False	55	62	+	-2.5
