motif	sequence_index	start0	end0	fragment
C00	14	5	11	AATGCC
C00	16	15	21	AATGCC
C00	128	32	38	AATGCC
C00	164	75	81	AATGCC
C00	176	31	37	AATGCC
C00	192	22	28	AATGCC
C00	220	73	79	AATGCC
C00	36	69	75	AATGTC
C00	65	74	80	AATGTC
C00	248	9	15	AATGTC
C00	4	28	34	AATGAC
C00	25	28	34	AATGAC
C00	126	18	24	AATGAC
C00	156	42	48	AATGAC
C00	175	66	72	AATGAC
C00	205	21	27	AATGAC
C00	96	67	73	AATGGC
C00	142	31	37	AATGGC
C00	198	40	46	AATGGC
C00	237	54	60	AATGGC
C00	8	64	70	AATACC
C00	18	74	80	AATACC
C00	39	50	56	AATACC
C00	53	47	53	AATACC
C00	74	66	72	AATACC
C00	76	72	78	AATACC
C00	85	71	77	AATACC
C00	88	9	15	AATACC
C00	91	30	36	AATACC
C00	193	1	7	AATACC
C00	216	17	23	AATACC
C00	227	53	59	AATACC
C00	98	35	41	AATTCC
C00	157	35	41	AATTCC
C00	159	9	15	AATTCC
C00	161	36	42	AATTCC
C00	184	57	63	AATTCC
C00	211	68	74	AATTCC
C00	17	25	31	AATCCC
C00	135	12	18	AATCCC
C00	167	65	71	AATCCC
C00	202	45	51	AATCCC
C00	203	53	59	AATCCC
C00	235	20	26	AATCCC
C00	41	5	11	AGTGCC
C00	115	47	53	AGTGCC
C00	120	23	29	AGTGCC
C00	145	26	32	AGTGCC
C00	180	19	25	AGTGCC
C00	210	31	37	AGTGCC
C00	6	62	68	ACTGCC
C00	34	27	33	ACTGCC
C00	233	34	40	ACTGCC
C00	11	69	75	ATTGCC
C00	61	32	38	ATTGCC
C00	252	0	6	ATTGCC
C00	64	12	18	AAAGCC
C00	81	69	75	AAAGCC
C00	132	57	63	AAAGCC
C00	139	75	81	AAAGCC
C00	172	44	50	AAAGCC
C00	35	56	62	AACGCC
C00	148	65	71	AACGCC
C00	212	13	19	AACGCC
C00	37	30	36	AAGGCC
C00	80	46	52	AAGGCC
C00	123	27	33	AAGGCC
C00	141	68	74	AAGGCC
C00	162	59	65	AAGGCC
C00	174	7	13	AAGGCC
C00	200	35	41	AAGGCC
C00	12	69	75	AATGCA
C00	129	51	57	AATGCA
C00	232	5	11	AATGCA
C00	243	36	42	AATGCA
C00	0	40	46	AATGCG
C00	9	24	30	AATGCG
C00	67	58	64	AATGCG
C00	118	56	62	AATGCG
C00	238	9	15	AATGCG
C00	92	3	9	AATATC
C00	134	70	76	AATATC
C00	206	23	29	AATATC
C00	208	7	13	AATATC
C00	250	67	73	AATATC
C00	38	43	49	AATAAC
C00	43	50	56	AATAAC
C00	57	12	18	AATAAC
C00	130	54	60	AATAAC
C00	137	23	29	AATAAC
C00	183	16	22	AATAAC
C00	222	67	73	AATAAC
C00	28	7	13	AATTTC
C00	71	48	54	AATTTC
C00	72	53	59	AATTTC
C00	79	57	63	AATTTC
C00	111	14	20	AATTTC
C00	127	56	62	AATTTC
C00	150	12	18	AATTTC
C00	178	63	69	AATTTC
C00	219	62	68	AATTTC
C00	223	59	65	AATTTC
C00	253	37	43	AATTTC
C00	59	53	59	AATAGC
C00	73	39	45	AATAGC
C00	82	12	18	AATAGC
C00	102	25	31	AATAGC
C00	104	33	39	AATAGC
C00	121	13	19	AATAGC
C00	125	62	68	AATAGC
C00	20	20	26	AATCTC
C00	103	25	31	AATCTC
C00	117	18	24	AATCTC
C00	131	41	47	AATCTC
C00	26	75	81	AATTAC
C00	40	62	68	AATTAC
C00	48	60	66	AATTAC
C00	124	21	27	AATTAC
C00	24	38	44	AATTGC
C00	66	39	45	AATTGC
C00	195	43	49	AATTGC
C00	221	64	70	AATTGC
C00	230	30	36	AATTGC
C00	47	32	38	AATCAC
C00	58	67	73	AATCAC
C00	112	36	42	AATCAC
C00	170	31	37	AATCAC
C00	179	30	36	AATCAC
C00	186	70	76	AATCAC
C00	231	10	16	AATCAC
C00	7	47	53	AATCGC
C00	15	36	42	AATCGC
C00	27	32	38	AATCGC
C00	51	5	11	AATCGC
C00	62	11	17	AATCGC
C00	5	55	61	AGTGTC
C00	10	8	14	AGTGTC
C00	46	32	38	AGTGTC
C00	75	33	39	ACTGTC
C00	144	25	31	AATGCT
C00	23	11	17	AGTGAC
C00	171	41	47	AGTGAC
C00	240	34	40	AGTGAC
C00	94	59	65	AGTGGC
C00	165	33	39	AGTGGC
C00	244	26	32	AGTGGC
C00	147	36	42	ACTGGC
C00	181	9	15	ACTGGC
C00	133	21	27	ATTGTC
C00	245	18	24	ATTGTC
C00	154	23	29	AAAGTC
C00	105	31	37	ACTACC
C00	31	36	42	ATTGGC
C00	93	60	66	ATTGGC
C00	77	28	34	AAGGTC
C00	169	28	34	AACGAC
C00	190	9	15	AACGAC
C00	177	35	41	AACGGC
C00	173	37	43	AGTTCC
C00	63	67	73	ACTTCC
C00	101	39	45	ACTTCC
C00	191	9	15	ACTTCC
C00	228	66	72	AAGGAC
C00	49	48	54	AGTCCC
C00	155	56	62	AATGTA
C00	246	62	68	AATGTA
C00	2	51	57	ACTCCC
C00	56	15	21	ACTCCC
C00	95	34	40	AATGTG
C00	106	45	51	AATGTG
C00	187	12	18	AATGTG
C00	214	64	70	AATGTG
C00	87	21	27	AATGAA
C00	100	42	48	AATGAA
C00	108	38	44	AATGGA
C00	226	69	75	AATGGA
C00	54	34	40	AATGAG
C00	163	40	46	AATGAG
C00	21	42	48	AACACC
C00	45	16	22	AACACC
C00	55	6	12	AACACC
C00	140	58	64	AACACC
C00	188	11	17	AACACC
C00	234	51	57	AACACC
C00	19	49	55	AATGGG
C00	194	19	25	AATGGG
C00	153	16	22	GATGCC
C00	207	51	57	ATTTCC
C00	119	31	37	AAATCC
C00	247	43	49	AAGACC
C00	70	59	65	AACTCC
C00	182	2	8	AAACCC
C00	50	27	33	CATGCC
C00	33	16	22	TATGCC
C00	97	8	14	TATGCC
C00	114	45	51	TATGCC
C00	213	7	13	TATGCC
C00	229	32	38	TATGCC
C00	86	5	11	AAGTCC
C00	68	65	71	AATACA
C00	89	75	81	AATACA
C00	110	7	13	AATACA
C00	149	8	14	AATACA
C00	30	28	34	AATACG
C00	138	38	44	AATACG
C00	42	2	8	AATTCA
C00	69	22	28	AATTCA
C00	204	67	73	AATTCA
C00	236	59	65	AATTCA
C00	13	66	72	AATCCA
C00	52	53	59	AATTCG
C00	107	72	78	AATTCG
C00	113	21	27	AATTCG
C00	78	57	63	ACAGCC
C00	109	0	6	ACAGCC
C00	166	61	67	AATCCG
C00	185	20	26	AATCCG
C00	143	42	48	ACGGCC
C00	168	36	42	ACGGCC
C00	32	36	42	ACTGCA
C00	84	63	69	ATCGCC
C00	151	49	55	ATGGCC
C00	254	16	22	ACTTTC
C00	189	43	49	AGTAGC
C00	241	1	7	AGTCTC
C00	122	68	74	AATTCT
C00	199	55	61	AATTCT
C00	201	54	60	AATTCT
C00	225	8	14	AATTCT
C00	1	44	50	AGTTAC
C00	242	57	63	AGTTAC
C00	239	3	9	AACGCG
C00	158	37	43	AGTCAC
C00	251	66	72	ACTCAC
C00	196	11	17	AGTCGC
C00	22	13	19	ATTTTC
C00	116	58	64	AAAAAC
C00	3	25	31	TATGTC
C00	218	31	37	TATGTC
C00	136	52	58	AAGAAC
C00	99	18	24	AAGAGC
C00	90	19	25	AACCAC
C00	60	56	62	AATAGG
C00	83	57	63	AATAGG
C00	44	4	10	AATCAG
C00	249	28	34	ACTGTA
C00	160	66	72	ACTGAA
C00	29	14	20	ATTGTA
C01	0	32	38	TGACAT
C01	1	2	8	TGACAT
C01	2	65	71	TGACAT
C01	3	70	76	TGACAT
C01	4	20	26	TGACAT
C01	5	16	22	TGACAT
C01	6	42	48	TGACAT
C01	7	39	45	TGACAT
C01	8	1	7	TGACAT
C01	9	53	59	TGACAT
C01	10	20	26	TGACAT
C01	11	48	54	TGACAT
C01	12	61	67	TGACAT
C01	13	34	40	TGACAT
C01	14	22	28	TGACAT
C01	15	28	34	TGACAT
C01	16	52	58	TGACAT
C01	17	69	75	TGACAT
C01	18	66	72	TGACAT
C01	19	41	47	TGACAT
C01	20	69	75	TGACAT
C01	21	64	70	TGACAT
C01	22	45	51	TGACAT
C01	23	36	42	TGACAT
C01	24	30	36	TGACAT
C01	25	63	69	TGACAT
C01	26	60	66	TGACAT
C01	27	57	63	TGACAT
C01	28	50	56	TGACAT
C01	29	22	28	TGACAT
C01	30	20	26	TGACAT
C01	31	27	33	TGACAT
C01	32	68	74	TGACAT
C01	33	37	43	TGACAT
C01	34	7	13	TGACAT
C01	35	29	35	TGACAT
C01	36	61	67	TGACAT
C01	37	1	7	TGACAT
C01	38	61	67	TGACAT
C01	39	42	48	TGACAT
C01	40	50	56	TGACAT
C01	41	13	19	TGACAT
C01	42	58	64	TGACAT
C01	43	14	20	TGACAT
C01	44	60	66	TGACAT
C01	45	23	29	TGACAT
C01	46	9	15	TGACAT
C01	47	5	11	TGACAT
C01	48	52	58	TGACAT
C01	49	17	23	TGACAT
C01	50	1	7	TGACAT
C01	51	64	70	TGACAT
C01	52	45	51	TGACAT
C01	53	39	45	TGACAT
C01	54	26	32	TGACAT
C01	55	70	76	TGACAT
C01	56	23	29	TGACAT
C01	57	4	10	TGACAT
C01	58	59	65	TGACAT
C01	59	7	13	TGACAT
C01	60	48	54	TGACAT
C01	61	15	21	TGACAT
C01	62	3	9	TGACAT
C01	63	36	42	TGACAT
C01	64	54	60	TGACAT
C01	65	39	45	TGACAT
C01	66	31	37	TGACAT
C01	67	34	40	TGACAT
C01	68	17	23	TGACAT
C01	69	14	20	TGACAT
C01	70	27	33	TGACAT
C01	71	40	46	TGACAT
C01	72	45	51	TGACAT
C01	73	59	65	TGACAT
C01	74	22	28	TGACAT
C01	75	22	28	TGACAT
C01	76	64	70	TGACAT
C01	77	6	12	TGACAT
C01	78	4	10	TGACAT
C01	79	24	30	TGACAT
C01	80	59	65	TGACAT
C01	81	26	32	TGACAT
C01	82	53	59	TGACAT
C01	83	42	48	TGACAT
C01	84	25	31	TGACAT
C01	85	63	69	TGACAT
C01	86	66	72	TGACAT
C01	87	13	19	TGACAT
C01	88	1	7	TGACAT
C01	89	67	73	TGACAT
C01	90	50	56	TGACAT
C01	91	22	28	TGACAT
C01	92	32	38	TGACAT
C01	93	37	43	TGACAT
C01	94	40	46	TGACAT
C01	95	26	32	TGACAT
C01	96	59	65	TGACAT
C01	97	22	28	TGACAT
C01	98	47	53	TGACAT
C01	99	28	34	TGACAT
C01	100	50	56	TGACAT
C01	101	62	68	TGACAT
C01	102	17	23	TGACAT
C01	103	17	23	TGACAT
C01	104	25	31	TGACAT
C01	105	18	24	TGACAT
C01	106	37	43	TGACAT
C01	107	64	70	TGACAT
C01	108	6	12	TGACAT
C01	109	39	45	TGACAT
C01	110	18	24	TGACAT
C01	111	34	40	TGACAT
C01	112	50	56	TGACAT
C01	113	13	19	TGACAT
C01	114	35	41	TGACAT
C01	115	16	22	TGACAT
C01	116	2	8	TGACAT
C01	117	10	16	TGACAT
C01	118	25	31	TGACAT
C01	119	55	61	TGACAT
C01	120	50	56	TGACAT
C01	121	53	59	TGACAT
C01	122	60	66	TGACAT
C01	123	51	57	TGACAT
C01	124	2	8	TGACAT
C01	125	21	27	TGACAT
C01	126	10	16	TGACAT
C01	127	48	54	TGACAT
C01	128	24	30	TGACAT
C01	129	34	40	TGACAT
C01	130	46	52	TGACAT
C01	131	33	39	TGACAT
C01	132	34	40	TGACAT
C01	133	31	37	TGACAT
C01	134	62	68	TGACAT
C01	135	34	40	TGACAT
C01	136	63	69	TGACAT
C01	137	5	11	TGACAT
C01	138	48	54	TGACAT
C01	139	8	14	TGACAT
C01	140	1	7	TGACAT
C01	141	8	14	TGACAT
C01	142	56	62	TGACAT
C01	143	2	8	TGACAT
C01	144	58	64	TGACAT
C01	145	41	47	TGACAT
C01	146	70	76	TGACAT
C01	147	44	50	TGACAT
C01	148	50	56	TGACAT
C01	149	43	49	TGACAT
C01	150	4	10	TGACAT
C01	151	16	22	TGACAT
C01	152	61	67	TGACAT
C01	153	43	49	TGACAT
C01	154	69	75	TGACAT
C01	155	48	54	TGACAT
C01	156	34	40	TGACAT
C01	157	27	33	TGACAT
C01	158	17	23	TGACAT
C01	159	1	7	TGACAT
C01	160	6	12	TGACAT
C01	161	28	34	TGACAT
C01	162	28	34	TGACAT
C01	163	13	19	TGACAT
C01	164	14	20	TGACAT
C01	165	41	47	TGACAT
C01	166	53	59	TGACAT
C01	167	24	30	TGACAT
C01	168	15	21	TGACAT
C01	169	36	42	TGACAT
C01	170	23	29	TGACAT
C01	171	5	11	TGACAT
C01	172	12	18	TGACAT
C01	173	16	22	TGACAT
C01	174	40	46	TGACAT
C01	175	58	64	TGACAT
C01	176	68	74	TGACAT
C01	177	13	19	TGACAT
C01	178	45	51	TGACAT
C01	179	22	28	TGACAT
C01	180	5	11	TGACAT
C01	181	61	67	TGACAT
C01	182	19	25	TGACAT
C01	183	8	14	TGACAT
C01	184	49	55	TGACAT
C01	185	12	18	TGACAT
C01	186	40	46	TGACAT
C01	187	4	10	TGACAT
C01	188	60	66	TGACAT
C01	189	57	63	TGACAT
C01	190	40	46	TGACAT
C01	191	24	30	TGACAT
C01	192	56	62	TGACAT
C01	193	41	47	TGACAT
C01	194	54	60	TGACAT
C01	195	35	41	TGACAT
C01	196	25	31	TGACAT
C01	197	68	74	TGACAT
C01	198	32	38	TGACAT
C01	199	68	74	TGACAT
C01	200	2	8	TGACAT
C01	201	35	41	TGACAT
C01	202	37	43	TGACAT
C01	203	15	21	TGACAT
C01	204	10	16	TGACAT
C01	205	56	62	TGACAT
C01	206	15	21	TGACAT
C01	207	26	32	TGACAT
C01	208	61	67	TGACAT
C01	209	28	34	TGACAT
C01	210	12	18	TGACAT
C01	211	60	66	TGACAT
C01	212	68	74	TGACAT
C01	213	28	34	TGACAT
C01	214	30	36	TGACAT
C01	215	56	62	TGACAT
C01	216	9	15	TGACAT
C01	217	59	65	TGACAT
C01	218	62	68	TGACAT
C01	219	54	60	TGACAT
C01	220	39	45	TGACAT
C01	221	52	58	TGACAT
C01	222	59	65	TGACAT
C01	223	51	57	TGACAT
C01	224	40	46	TGACAT
C01	225	14	20	TGACAT
C01	226	25	31	TGACAT
C01	227	5	11	TGACAT
C01	228	9	15	TGACAT
C01	229	53	59	TGACAT
C01	230	22	28	TGACAT
C01	231	2	8	TGACAT
C01	232	43	49	TGACAT
C01	233	18	24	TGACAT
C01	234	11	17	TGACAT
C01	235	32	38	TGACAT
C01	236	51	57	TGACAT
C01	237	46	52	TGACAT
C01	238	50	56	TGACAT
C01	239	41	47	TGACAT
C01	240	23	29	TGACAT
C01	241	40	46	TGACAT
C01	242	23	29	TGACAT
C01	243	15	21	TGACAT
C01	244	39	45	TGACAT
C01	245	9	15	TGACAT
C01	246	54	60	TGACAT
C01	247	51	57	TGACAT
C01	248	26	32	TGACAT
C01	249	35	41	TGACAT
C01	250	25	31	TGACAT
C01	251	4	10	TGACAT
C01	252	53	59	TGACAT
C01	253	54	60	TGACAT
C01	254	47	53	TGACAT
C01	255	20	26	TGACAT
C02	0	36	42	ATATAA
C02	1	6	12	ATATAA
C02	2	69	75	ATATAA
C02	3	74	80	ATATAA
C02	4	24	30	ATATAA
C02	5	20	26	ATATAA
C02	6	46	52	ATATAA
C02	7	43	49	ATATAA
C02	8	5	11	ATATAA
C02	9	57	63	ATATAA
C02	10	24	30	ATATAA
C02	11	52	58	ATATAA
C02	12	65	71	ATATAA
C02	13	38	44	ATATAA
C02	14	26	32	ATATAA
C02	15	32	38	ATATAA
C02	16	56	62	ATATAA
C02	17	73	79	ATATAA
C02	18	70	76	ATATAA
C02	19	45	51	ATATAA
C02	20	73	79	ATATAA
C02	21	68	74	ATATAA
C02	22	49	55	ATATAA
C02	23	40	46	ATATAA
C02	24	34	40	ATATAA
C02	25	67	73	ATATAA
C02	26	33	39	ATATAA
C02	27	61	67	ATATAA
C02	28	54	60	ATATAA
C02	29	26	32	ATATAA
C02	30	24	30	ATATAA
C02	31	31	37	ATATAA
C02	32	72	78	ATATAA
C02	33	41	47	ATATAA
C02	34	11	17	ATATAA
C02	35	33	39	ATATAA
C02	36	65	71	ATATAA
C02	37	5	11	ATATAA
C02	38	65	71	ATATAA
C02	39	46	52	ATATAA
C02	40	54	60	ATATAA
C02	41	17	23	ATATAA
C02	42	62	68	ATATAA
C02	43	46	52	ATATAA
C02	44	64	70	ATATAA
C02	45	27	33	ATATAA
C02	46	13	19	ATATAA
C02	47	9	15	ATATAA
C02	48	56	62	ATATAA
C02	49	21	27	ATATAA
C02	50	5	11	ATATAA
C02	51	68	74	ATATAA
C02	52	49	55	ATATAA
C02	53	43	49	ATATAA
C02	54	30	36	ATATAA
C02	55	74	80	ATATAA
C02	56	27	33	ATATAA
C02	57	8	14	ATATAA
C02	58	63	69	ATATAA
C02	59	11	17	ATATAA
C02	60	52	58	ATATAA
C02	61	19	25	ATATAA
C02	62	7	13	ATATAA
C02	63	40	46	ATATAA
C02	64	58	64	ATATAA
C02	65	43	49	ATATAA
C02	66	35	41	ATATAA
C02	67	38	44	ATATAA
C02	68	21	27	ATATAA
C02	69	18	24	ATATAA
C02	70	31	37	ATATAA
C02	71	44	50	ATATAA
C02	72	49	55	ATATAA
C02	73	63	69	ATATAA
C02	74	26	32	ATATAA
C02	75	26	32	ATATAA
C02	76	68	74	ATATAA
C02	77	10	16	ATATAA
C02	78	14	20	ATATAA
C02	79	28	34	ATATAA
C02	80	63	69	ATATAA
C02	81	30	36	ATATAA
C02	82	57	63	ATATAA
C02	83	46	52	ATATAA
C02	84	29	35	ATATAA
C02	85	67	73	ATATAA
C02	86	70	76	ATATAA
C02	87	17	23	ATATAA
C02	88	5	11	ATATAA
C02	89	71	77	ATATAA
C02	90	54	60	ATATAA
C02	91	26	32	ATATAA
C02	92	36	42	ATATAA
C02	93	41	47	ATATAA
C02	94	44	50	ATATAA
C02	95	30	36	ATATAA
C02	96	63	69	ATATAA
C02	97	26	32	ATATAA
C02	98	51	57	ATATAA
C02	99	32	38	ATATAA
C02	100	54	60	ATATAA
C02	101	66	72	ATATAA
C02	102	21	27	ATATAA
C02	103	21	27	ATATAA
C02	104	29	35	ATATAA
C02	105	22	28	ATATAA
C02	106	41	47	ATATAA
C02	107	68	74	ATATAA
C02	108	10	16	ATATAA
C02	109	43	49	ATATAA
C02	110	31	37	ATATAA
C02	111	38	44	ATATAA
C02	112	54	60	ATATAA
C02	113	17	23	ATATAA
C02	114	39	45	ATATAA
C02	115	20	26	ATATAA
C02	116	6	12	ATATAA
C02	117	14	20	ATATAA
C02	118	29	35	ATATAA
C02	119	59	65	ATATAA
C02	120	54	60	ATATAA
C02	121	57	63	ATATAA
C02	122	64	70	ATATAA
C02	123	55	61	ATATAA
C02	124	6	12	ATATAA
C02	125	25	31	ATATAA
C02	126	14	20	ATATAA
C02	127	52	58	ATATAA
C02	128	28	34	ATATAA
C02	129	38	44	ATATAA
C02	130	50	56	ATATAA
C02	131	37	43	ATATAA
C02	132	38	44	ATATAA
C02	133	35	41	ATATAA
C02	134	66	72	ATATAA
C02	135	38	44	ATATAA
C02	136	67	73	ATATAA
C02	137	9	15	ATATAA
C02	138	52	58	ATATAA
C02	139	12	18	ATATAA
C02	140	5	11	ATATAA
C02	141	12	18	ATATAA
C02	142	60	66	ATATAA
C02	143	6	12	ATATAA
C02	144	62	68	ATATAA
C02	145	45	51	ATATAA
C02	146	74	80	ATATAA
C02	147	48	54	ATATAA
C02	148	54	60	ATATAA
C02	149	47	53	ATATAA
C02	150	8	14	ATATAA
C02	151	20	26	ATATAA
C02	152	65	71	ATATAA
C02	153	47	53	ATATAA
C02	154	73	79	ATATAA
C02	155	52	58	ATATAA
C02	156	38	44	ATATAA
C02	157	31	37	ATATAA
C02	158	21	27	ATATAA
C02	159	5	11	ATATAA
C02	160	10	16	ATATAA
C02	161	32	38	ATATAA
C02	162	32	38	ATATAA
C02	163	17	23	ATATAA
C02	164	18	24	ATATAA
C02	165	45	51	ATATAA
C02	166	57	63	ATATAA
C02	167	28	34	ATATAA
C02	168	19	25	ATATAA
C02	169	40	46	ATATAA
C02	170	27	33	ATATAA
C02	171	9	15	ATATAA
C02	172	16	22	ATATAA
C02	173	20	26	ATATAA
C02	174	44	50	ATATAA
C02	175	62	68	ATATAA
C02	176	72	78	ATATAA
C02	177	17	23	ATATAA
C02	178	49	55	ATATAA
C02	179	26	32	ATATAA
C02	180	9	15	ATATAA
C02	181	65	71	ATATAA
C02	182	23	29	ATATAA
C02	183	12	18	ATATAA
C02	184	53	59	ATATAA
C02	185	16	22	ATATAA
C02	186	44	50	ATATAA
C02	187	8	14	ATATAA
C02	188	64	70	ATATAA
C02	189	61	67	ATATAA
C02	190	44	50	ATATAA
C02	191	28	34	ATATAA
C02	192	60	66	ATATAA
C02	193	45	51	ATATAA
C02	194	58	64	ATATAA
C02	195	39	45	ATATAA
C02	196	29	35	ATATAA
C02	197	72	78	ATATAA
C02	198	36	42	ATATAA
C02	199	72	78	ATATAA
C02	200	6	12	ATATAA
C02	201	39	45	ATATAA
C02	202	41	47	ATATAA
C02	203	19	25	ATATAA
C02	204	14	20	ATATAA
C02	205	60	66	ATATAA
C02	206	19	25	ATATAA
C02	207	30	36	ATATAA
C02	208	65	71	ATATAA
C02	209	32	38	ATATAA
C02	210	16	22	ATATAA
C02	211	64	70	ATATAA
C02	212	72	78	ATATAA
C02	213	32	38	ATATAA
C02	214	34	40	ATATAA
C02	215	60	66	ATATAA
C02	216	13	19	ATATAA
C02	217	63	69	ATATAA
C02	218	66	72	ATATAA
C02	219	58	64	ATATAA
C02	220	43	49	ATATAA
C02	221	56	62	ATATAA
C02	222	63	69	ATATAA
C02	223	55	61	ATATAA
C02	224	44	50	ATATAA
C02	225	18	24	ATATAA
C02	226	29	35	ATATAA
C02	227	9	15	ATATAA
C02	228	13	19	ATATAA
C02	229	57	63	ATATAA
C02	230	26	32	ATATAA
C02	231	6	12	ATATAA
C02	232	47	53	ATATAA
C02	233	22	28	ATATAA
C02	234	15	21	ATATAA
C02	235	36	42	ATATAA
C02	236	55	61	ATATAA
C02	237	50	56	ATATAA
C02	238	54	60	ATATAA
C02	239	45	51	ATATAA
C02	240	27	33	ATATAA
C02	241	44	50	ATATAA
C02	242	27	33	ATATAA
C02	243	32	38	ATATAA
C02	244	43	49	ATATAA
C02	245	13	19	ATATAA
C02	246	58	64	ATATAA
C02	247	55	61	ATATAA
C02	248	30	36	ATATAA
C02	249	39	45	ATATAA
C02	250	29	35	ATATAA
C02	251	8	14	ATATAA
C02	252	57	63	ATATAA
C02	253	58	64	ATATAA
C02	254	51	57	ATATAA
C02	255	24	30	ATATAA
C03	105	73	79	CCGACT
C03	141	54	60	CCGACT
C03	165	75	81	CCGACT
C03	88	56	62	CCGACC
C03	181	16	22	CCGACC
C03	215	23	29	CCGACC
C03	241	56	62	CCGACC
C03	34	24	30	GCGACT
C03	184	30	36	GCGACT
C03	207	74	80	GCGACT
C03	7	56	62	CCGAGT
C03	188	0	6	CCGAGT
C03	229	36	42	CCGAGT
C03	237	25	31	CCGAGT
C03	122	45	51	CCGACG
C03	0	53	59	GCGACC
C03	139	59	65	GCGACC
C03	144	9	15	GCGACC
C03	87	55	61	CCGAGC
C03	137	48	54	CCGAGC
C03	28	30	36	ACGACT
C03	180	53	59	ACGACT
C03	15	8	14	CCGACA
C03	25	6	12	CCGACA
C03	120	27	33	CCGACA
C03	74	75	81	TCGACT
C03	72	29	35	GCGAGT
C03	127	5	11	GCGAGT
C03	143	52	58	GCGAGT
C03	187	45	51	GCGAGT
C03	202	68	74	GCGAGT
C03	57	38	44	GCGACG
C03	131	13	19	GCGACG
C03	247	14	20	GCGACG
C03	148	41	47	CCGAGG
C03	217	0	6	CCGAGG
C03	5	44	50	CCGATT
C03	37	56	62	CCGATT
C03	39	54	60	CCGATT
C03	126	2	8	CCGATT
C03	142	22	28	CCGATT
C03	245	39	45	CCGATT
C03	169	29	35	ACGACC
C03	195	16	22	ACGACC
C03	219	20	26	ACGACC
C03	224	63	69	ACGACC
C03	103	39	45	TCGACC
C03	134	24	30	TCGACC
C03	21	46	52	CCGAAT
C03	69	57	63	CCGAAT
C03	216	0	6	CCGAAT
C03	6	27	33	GCGAGC
C03	73	22	28	GCGAGC
C03	227	65	71	GCGAGC
C03	18	0	6	GCGACA
C03	20	26	32	GCGACA
C03	60	26	32	GCGACA
C03	50	75	81	ACGAGT
C03	75	15	21	ACGAGT
C03	179	34	40	ACGAGT
C03	221	28	34	ACGAGT
C03	63	9	15	CCGAGA
C03	92	52	58	CCGAGA
C03	110	38	44	CCGAGA
C03	140	62	68	CCGAGA
C03	200	16	22	CCGAGA
C03	225	34	40	TCGAGT
C03	232	15	21	TCGAGT
C03	53	9	15	CCAACT
C03	93	20	26	CCCACT
C03	115	51	57	CCCACT
C03	192	74	80	CCCACT
C03	213	45	51	CCCACT
C03	23	26	32	ACGACG
C03	29	63	69	ACGACG
C03	91	11	17	ACGACG
C03	104	55	61	ACGACG
C03	190	10	16	ACGACG
C03	191	58	64	ACGACG
C03	236	64	70	ACGACG
C03	97	70	76	TCGACG
C03	199	36	42	TCGACG
C03	231	49	55	TCGACG
C03	43	62	68	GCGAGG
C03	107	5	11	GCGAGG
C03	65	51	57	CCGATC
C03	102	53	59	CCGATC
C03	159	44	50	CCGATC
C03	66	20	26	CCGAAC
C03	14	17	23	GCGATT
C03	117	4	10	GCGATT
C03	130	17	23	GCGATT
C03	222	26	32	GCGATT
C03	1	33	39	GCGAAT
C03	194	16	22	GCGAAT
C03	35	49	55	ACGAGC
C03	218	13	19	ACGAGC
C03	251	45	51	ACGAGC
C03	226	51	57	TCGAGC
C03	248	40	46	TCGAGC
C03	171	23	29	ACGACA
C03	189	18	24	CCAACC
C03	206	45	51	CCAACC
C03	238	43	49	CCAACC
C03	54	69	75	CCCACC
C03	203	56	62	CCCACC
C03	51	33	39	CCGATG
C03	114	2	8	CCGATG
C03	252	27	33	CCGATG
C03	121	25	31	CCTACT
C03	253	16	22	CCTACT
C03	32	33	39	GCAACT
C03	52	58	64	GCAACT
C03	124	15	21	GCAACT
C03	153	10	16	GCAACT
C03	186	55	61	GCAACT
C03	118	40	46	GCCACT
C03	125	70	76	GCCACT
C03	150	46	52	GCCACT
C03	158	4	10	GCCACT
C03	183	2	8	GCCACT
C03	212	5	11	GCCACT
C03	36	11	17	CCGAAG
C03	129	28	34	CCAAGT
C03	112	44	50	CCCAGT
C03	133	4	10	CCCAGT
C03	78	73	79	ACGAGG
C03	177	63	69	ACGAGG
C03	22	17	23	TCGAGG
C03	76	0	6	TCGAGG
C03	99	51	57	TCGAGG
C03	151	68	74	TCGAGG
C03	168	61	67	TCGAGG
C03	44	32	38	GCGATC
C03	89	60	66	GCGATC
C03	254	25	31	GCGATC
C03	2	32	38	CCAACG
C03	8	68	74	CCAACG
C03	128	70	76	CCAACG
C03	84	42	48	CCCACG
C03	90	42	48	GCGAAC
C03	182	46	52	GCGAAC
C03	11	66	72	ACGATT
C03	149	33	39	ACGATT
C03	240	75	81	ACGATT
C03	27	42	48	CCGATA
C03	79	61	67	TCGATT
C03	109	12	18	TCGATT
C03	113	24	30	TCGAAT
C03	204	2	8	TCGAAT
C03	31	63	69	CCTACC
C03	220	32	38	CCTACC
C03	9	35	41	GCCACC
C03	176	38	44	GCCACC
C03	233	64	70	GCGATG
C03	17	10	16	GCTACT
C03	58	53	59	GCTACT
C03	157	61	67	GCTACT
C03	172	59	65	ACGAGA
C03	38	15	21	CCCAGC
C03	19	23	29	ACAACT
C03	101	36	42	ACAACT
C03	155	62	68	ACAACT
C03	173	72	78	ACAACT
C03	239	27	33	ACAACT
C03	152	50	56	GCGAAG
C03	24	70	76	ACCACT
C03	175	9	15	ACCACT
C03	197	43	49	ACCACT
C03	244	58	64	CCTAGT
C03	12	17	23	CCAACA
C03	164	70	76	CCAACA
C03	138	2	8	TCAACT
C03	146	8	14	TCAACT
C03	223	63	69	TCAACT
C03	108	56	62	CCCACA
C03	235	23	29	CCCACA
C03	243	67	73	CCCACA
C03	111	19	25	CAGACT
C03	160	56	62	CAGACT
C03	55	44	50	CTGACT
C03	96	49	55	CTGACT
C03	70	18	24	TCGATC
C03	10	75	81	GCCACG
C03	178	71	77	GCCACG
C03	116	34	40	CCAAGG
C03	81	16	22	CCCAGG
C03	147	16	22	CCCAGG
C03	163	50	56	CCCAGG
C03	4	70	76	GCTACC
C03	61	41	47	CCAATT
C03	85	75	81	CCAATT
C03	13	29	35	CCCATT
C03	106	25	31	CCCATT
C03	249	21	27	CCCATT
C03	161	54	60	ACAACC
C03	98	73	79	TCAACC
C03	119	4	10	TCCACC
C03	145	68	74	GCAAGC
C03	47	29	35	CCCAAT
C03	209	49	55	ACTACT
C03	71	4	10	GCCAGC
C03	193	31	37	GCTAGT
C03	68	34	40	GCAACA
C03	228	75	81	ACGAAG
C03	48	10	16	TCGAAG
C03	242	62	68	CCAAGA
C03	41	73	79	TCAAGT
C03	67	44	50	TCCAGT
C03	94	56	62	TCCAGT
C03	208	71	77	TCCAGT
C03	210	39	45	GTGACT
C03	33	25	31	CTGAGT
C03	132	49	55	CTGAGT
C03	170	69	75	CTGAGT
C03	123	71	77	ACAACG
C03	30	49	55	ACCACG
C03	211	47	53	GCCAGG
C03	246	39	45	ACGATA
C03	46	37	43	CTGACG
C03	100	22	28	GCAATT
C03	166	64	70	CCGTCT
C03	59	41	47	GCCAAT
C03	196	5	11	GCTACA
C03	56	55	61	GTGACC
C03	45	14	20	ACAACA
C03	154	17	23	CAGAGC
C03	250	74	80	CTGAGC
C03	214	67	73	GTGAGT
C03	3	15	21	ACAAGG
C03	80	44	50	ACAAGG
C03	185	73	79	GAGACG
C03	234	72	78	ACCAGG
C03	40	69	75	GCAATC
C03	77	58	64	TCCAGG
C03	42	16	22	GCTATT
C03	64	64	70	TCAATT
C03	201	52	58	TCAATT
C03	82	9	15	CTGAAT
C03	95	7	13	GTGAGC
C03	16	37	43	TCAAGA
C03	83	3	9	TCAAGA
C03	174	19	25	TGGAGT
C03	162	2	8	GCGGCC
C03	26	12	18	GCAAAA
C03	230	34	40	GCAAAA
C03	135	16	22	CCGTCA
C03	167	47	53	GCGTGT
C03	198	50	56	GCGTGT
C03	86	10	16	CACAGT
C03	62	55	61	GAGAAC
C04	29	40	46	GGCGGG
C04	30	4	10	GGCGGG
C04	31	39	45	GGCGGA
C04	80	9	15	GGCGGA
C04	118	65	71	GGCGGA
C04	201	22	28	GGCGGA
C04	43	66	72	GGAGGG
C04	169	14	20	GGAGGG
C04	184	39	45	GGAGGG
C04	250	61	67	GGAGGG
C04	62	29	35	GGCGGC
C04	114	28	34	GGCGGC
C04	68	5	11	GGAGGA
C04	71	54	60	GGAGGA
C04	217	4	10	GGAGGA
C04	65	30	36	GGGGGG
C04	90	1	7	GGGGGG
C04	96	12	18	GGGGGG
C04	186	61	67	GGGGGG
C04	15	46	52	GGCGGT
C04	203	34	40	GGCGGT
C04	255	41	47	GGCGGT
C04	194	22	28	GGGGGA
C04	252	14	20	GGGGGA
C04	134	13	19	GGAGGC
C04	155	69	75	GGAGGC
C04	212	20	26	GGAGGC
C04	232	32	38	GGAGGC
C04	33	49	55	GGTGGG
C04	47	19	25	GGTGGG
C04	121	66	72	GGTGGG
C04	123	63	69	GGTGGG
C04	140	17	23	GGTGGG
C04	218	25	31	GGTGGG
C04	53	53	59	GGGGGC
C04	63	19	25	GGGGGC
C04	42	36	42	GGAGGT
C04	99	41	47	GGAGGT
C04	187	51	57	GGAGGT
C04	226	72	78	GGAGGT
C04	236	45	51	GGAGGT
C04	19	52	58	GGGGGT
C04	51	48	54	GGTGGC
C04	76	31	37	GGTGGC
C04	136	29	35	GGTGGC
C04	223	41	47	GGTGGC
C04	102	6	12	GGCGAG
C04	227	64	70	GGCGAG
C04	97	62	68	GGCGCG
C04	23	75	81	GGCGTG
C04	78	0	6	GGCGTG
C04	101	2	8	GGCGTG
C04	198	49	55	GGCGTG
C04	208	47	53	GGCGTG
C04	220	12	18	GGCGTG
C04	241	27	33	GGCGTG
C04	21	5	11	GGCCGG
C04	141	70	76	GGCCGG
C04	170	44	50	GGCCGG
C04	72	72	78	GGTGGT
C04	92	73	79	GGTGGT
C04	222	35	41	GGTGGT
C04	39	13	19	GGCGCA
C04	95	58	64	GGCGCA
C04	174	63	69	GGCGCA
C04	182	54	60	GGCGCA
C04	205	45	51	GGCGCA
C04	22	22	28	GGAGAG
C04	61	61	67	GGAGAG
C04	117	53	59	GGAGAG
C04	213	58	64	GGAGAG
C04	137	46	52	GGCCGA
C04	142	20	26	GGCCGA
C04	215	21	27	GGCCGA
C04	224	27	33	GGCCGA
C04	181	22	28	GGCTGG
C04	191	63	69	GGCTGG
C04	237	36	42	GGCTGG
C04	247	13	19	GGCGAC
C04	52	65	71	GGAGCG
C04	79	11	17	GGAGCG
C04	107	2	8	GGAGCG
C04	133	47	53	GGAGCG
C04	176	23	29	GGAGCG
C04	180	17	23	GGAGTG
C04	216	25	31	GGAGTG
C04	36	27	33	GGAGAA
C04	48	15	21	GGAGAA
C04	179	44	50	GGAGAA
C04	7	75	81	GGACGG
C04	55	38	44	GGACGG
C04	41	28	34	GGCGCC
C04	163	45	51	GGCGCC
C04	6	7	13	GGCAGG
C04	26	4	10	GGCAGG
C04	144	18	24	GGCGTC
C04	177	49	55	GGCGTC
C04	158	47	53	GGGGAG
C04	244	29	35	GGCTGA
C04	159	37	43	GGCCGC
C04	200	37	43	GGCCGC
C04	204	56	62	GGCCGC
C04	32	45	51	GGAGCA
C04	131	50	56	GGAGTA
C04	231	70	76	GGAGTA
C04	254	24	30	GGCGAT
C04	229	15	21	GGGGCG
C04	28	18	24	GGACGA
C04	44	15	21	GGACGA
C04	246	37	43	GGACGA
C04	210	55	61	GGGGTG
C04	12	47	53	GGCAGA
C04	58	10	16	GGCAGA
C04	91	49	55	GGGGAA
C04	214	47	53	GGGGAA
C04	225	68	74	GGGGAA
C04	151	47	53	GGATGG
C04	197	53	59	GGCGTT
C04	161	48	54	GGGGCA
C04	13	72	78	GGCTGC
C04	98	20	26	GGCTGC
C04	110	65	71	GGCTGC
C04	189	8	14	GGCTGC
C04	3	46	52	GGCCGT
C04	37	32	38	GGCCGT
C04	166	0	6	GGCCGT
C04	234	29	35	GGGGTA
C04	147	20	26	GGAGCC
C04	156	57	63	GTCGGG
C04	74	52	58	GCCGGG
C04	59	34	40	GGAAGG
C04	70	8	14	GGAAGG
C04	106	62	68	GGAAGG
C04	195	49	55	GGAGTC
C04	235	69	75	GGAGTC
C04	239	63	69	GGAGTC
C04	1	57	63	GGACGC
C04	54	42	48	GGACGC
C04	153	55	61	GGACGC
C04	193	14	20	GGTGCG
C04	86	17	23	GGGGAC
C04	85	50	56	GGAGAT
C04	0	71	77	GGTGTG
C04	185	35	41	GGTGTG
C04	14	1	7	GGTGAA
C04	104	3	9	GGTGAA
C04	135	8	14	GGTGAA
C04	149	54	60	GGTGAA
C04	100	68	74	GGAAGA
C04	242	43	49	GGAAGA
C04	132	74	80	GGTCGG
C04	57	43	49	GACGGG
C04	130	75	81	GACGGG
C04	81	20	26	GGCTGT
C04	88	32	38	GGCTGT
C04	167	39	45	GGCTGT
C04	190	72	78	GGCTGT
C04	35	2	8	GGGGCC
C04	82	4	10	GGGGTC
C04	11	37	43	GGAGTT
C04	152	55	61	GGAGTT
C04	34	43	49	GGTGCA
C04	109	27	33	GGTGCA
C04	172	5	11	GGTGCA
C04	150	74	80	GGTGTA
C04	199	12	18	GGTGTA
C04	230	53	59	GGTGTA
C04	83	61	67	GGATGC
C04	125	43	49	GCAGGG
C04	84	1	7	GCCGGC
C04	233	69	75	GCCGGC
C04	253	26	32	GGAAGC
C04	50	60	66	GGGGTT
C04	20	59	65	GTAGGA
C04	67	64	70	GTAGGA
C04	119	40	46	CGCGGG
C04	49	71	77	GGTGCC
C04	178	4	10	GGTGCC
C04	56	74	80	GGTGTC
C04	69	52	58	GGTGTC
C04	77	30	36	GGTCGC
C04	75	36	42	GTCGGT
C04	112	8	14	GTCGGT
C04	154	26	32	GTCGGT
C04	8	14	20	GGTGAT
C04	108	41	47	GGAAGT
C04	160	19	25	GGAAGT
C04	173	10	16	GGAAGT
C04	183	72	78	GGAAGT
C04	4	1	7	GAAGGA
C04	228	65	71	GAAGGA
C04	165	66	72	GTGGGA
C04	206	64	70	GTGGGA
C04	175	27	33	GTAGGC
C04	209	57	63	GTAGGC
C04	2	23	29	AGCGGA
C04	122	27	33	AGCGGA
C04	143	44	50	GGCCCA
C04	16	0	6	AGAGGG
C04	103	71	77	GGTAGC
C04	116	14	20	GGTAGC
C04	64	70	76	TGAGGA
C04	207	9	15	TGAGGA
C04	162	1	7	AGCGGC
C04	5	74	80	GGACCG
C04	120	35	41	GATGGG
C04	238	19	25	GGACTG
C04	18	31	37	AGAGGA
C04	94	26	32	AGAGGA
C04	211	26	32	GGCTCA
C04	9	29	35	GGCCTC
C04	168	38	44	GGCCTC
C04	251	56	62	GGTAGT
C04	243	3	9	GGACTA
C04	148	42	48	CGAGGC
C04	164	61	67	GCTGGC
C04	188	28	34	GGATCG
C04	87	59	65	GCCGAA
C04	124	59	65	CGGGGC
C04	93	63	69	GGCTAT
C04	157	41	47	GGGTCG
C04	138	75	81	GTCGCA
C04	202	14	20	GTCGCA
C04	240	13	19	GGATAC
C04	245	37	43	GTCCGA
C04	38	39	45	GGTCAA
C04	221	70	76	GGTCAA
C04	66	18	24	GCCCGA
C04	10	46	52	GGTCTA
C04	46	43	49	GTCAGG
C04	139	23	29	TGCGAA
C04	171	35	41	TGCGAA
C04	145	14	20	GTACGA
C04	105	6	12	TGCGTA
C04	113	3	9	TGCGTA
C04	219	3	9	GAAGCA
C04	40	13	19	GAACGA
C05	40	65	71	TACTGC
C05	157	63	69	TACTGC
C05	209	51	57	TACTGC
C05	253	2	8	TACTGC
C05	215	73	79	TGCTGC
C05	218	75	81	TGCTGC
C05	7	31	37	TCCTGC
C05	36	45	51	TCCTGC
C05	113	0	6	TCCTGC
C05	181	71	77	TCCTGC
C05	0	39	45	TAATGC
C05	9	23	29	TAATGC
C05	12	68	74	TAATGC
C05	16	14	20	TAATGC
C05	46	16	22	TAATGC
C05	67	57	63	TAATGC
C05	118	55	61	TAATGC
C05	128	31	37	TAATGC
C05	176	30	36	TAATGC
C05	203	22	28	TAATGC
C05	212	75	81	TAATGC
C05	232	4	10	TAATGC
C05	243	35	41	TAATGC
C05	41	4	10	TAGTGC
C05	115	46	52	TAGTGC
C05	138	23	29	TAGTGC
C05	151	4	10	TAGTGC
C05	210	30	36	TAGTGC
C05	244	60	66	TAGTGC
C05	49	9	15	TACTAC
C05	105	62	68	TACTAC
C05	219	42	48	TACTAC
C05	10	30	36	TACTTC
C05	17	12	18	TACTTC
C05	28	69	75	TACTTC
C05	59	19	25	TACTTC
C05	82	20	26	TACTTC
C05	185	58	64	TACTTC
C05	191	8	14	TACTTC
C05	140	72	78	TTCTGC
C05	144	49	55	TTCTGC
C05	199	6	12	TTCTGC
C05	85	43	49	TACTCC
C05	135	44	50	TATTGC
C05	242	33	39	TATTGC
C05	250	53	59	TATTGC
C05	195	7	13	TACAGC
C05	2	9	15	CACTGC
C05	69	75	81	CACTGC
C05	78	35	41	CACTGC
C05	62	65	71	TGATGC
C05	130	13	19	TGATGC
C05	153	15	21	TGATGC
C05	158	27	33	TGATGC
C05	15	51	57	TGGTGC
C05	19	72	78	TGGTGC
C05	184	73	79	TGGTGC
C05	193	13	19	TGGTGC
C05	11	62	68	TGCTAC
C05	110	68	74	TGCTAC
C05	125	49	55	TGCTAC
C05	131	64	70	TGCTAC
C05	211	41	47	TGCTAC
C05	99	11	17	TCATGC
C05	148	13	19	TCATGC
C05	178	67	73	TCATGC
C05	224	16	22	TCATGC
C05	152	15	21	TACGGC
C05	126	28	34	TCGTGC
C05	171	32	38	TCGTGC
C05	3	51	57	TGCTTC
C05	98	23	29	TGCTTC
C05	190	52	58	TGCTTC
C05	29	49	55	TCCTAC
C05	129	73	79	TCCTAC
C05	220	31	37	TCCTAC
C05	221	10	16	TCCTAC
C05	6	61	67	AACTGC
C05	32	35	41	AACTGC
C05	216	64	70	AACTGC
C05	233	33	39	AACTGC
C05	237	68	74	AACTGC
C05	88	37	43	TACCGC
C05	239	14	20	TACCGC
C05	18	73	79	TAATAC
C05	30	27	33	TAATAC
C05	39	49	55	TAATAC
C05	53	46	52	TAATAC
C05	57	29	35	TAATAC
C05	65	46	52	TAATAC
C05	74	65	71	TAATAC
C05	75	29	35	TAATAC
C05	76	71	77	TAATAC
C05	89	74	80	TAATAC
C05	91	29	35	TAATAC
C05	94	47	53	TAATAC
C05	141	15	21	TAATAC
C05	149	7	13	TAATAC
C05	172	19	25	TAATAC
C05	200	9	15	TAATAC
C05	227	52	58	TAATAC
C05	229	60	66	TAATAC
C05	248	33	39	TAATAC
C05	249	42	48	TAATAC
C05	34	26	32	GACTGC
C05	139	67	73	GACTGC
C05	192	69	75	TGCTCC
C05	44	21	27	TCCTTC
C05	108	29	35	TCCTTC
C05	127	60	66	TCCTTC
C05	228	39	45	TCCTTC
C05	163	69	75	TAGTAC
C05	166	31	37	TAGTAC
C05	66	75	81	TTATGC
C05	143	57	63	TTATGC
C05	189	75	81	TTATGC
C05	116	42	48	TAGTTC
C05	173	36	42	TAGTTC
C05	58	34	40	TCCTCC
C05	169	65	71	TCCTCC
C05	47	62	68	TGTTGC
C05	95	70	76	TGTTGC
C05	252	41	47	TGTTGC
C05	245	43	49	TTGTGC
C05	35	36	42	TAATCC
C05	80	66	72	TAATCC
C05	121	30	36	TAATCC
C05	133	38	44	TAATCC
C05	167	64	70	TAATCC
C05	202	44	50	TAATCC
C05	204	17	23	TAATCC
C05	208	68	74	TAATCC
C05	213	35	41	TAATCC
C05	235	19	25	TAATCC
C05	51	41	47	TTCTAC
C05	122	70	76	TTCTAC
C05	177	59	65	TTCTAC
C05	196	1	7	TGCAGC
C05	55	49	55	TAGTCC
C05	38	26	32	CGCTGC
C05	225	40	46	CGCTGC
C05	24	8	14	TTCTTC
C05	161	39	45	TCCAGC
C05	4	61	67	TTCTCC
C05	168	75	81	TTCTCC
C05	186	23	29	TTCTCC
C05	52	20	26	TAAAGC
C05	90	9	15	TAAAGC
C05	124	66	72	TAAAGC
C05	240	61	67	TAAAGC
C05	201	73	79	TATTAC
C05	164	74	80	CAATGC
C05	137	37	43	TAGAGC
C05	42	12	18	CAGTGC
C05	120	22	28	CAGTGC
C05	109	20	26	TACAAC
C05	54	47	53	CACTAC
C05	175	51	57	CACTAC
C05	197	45	51	CACTAC
C05	73	18	24	AGCTGC
C05	104	36	42	AGCTGC
C05	33	18	24	TGCCGC
C05	23	46	52	TATTTC
C05	14	36	42	TGATAC
C05	63	73	79	TGATAC
C05	13	2	8	TCCGGC
C05	93	25	31	TCCGGC
C05	48	29	35	TACATC
C05	92	66	72	TACATC
C05	160	27	33	TACATC
C05	5	4	10	TGGTAC
C05	71	21	27	TGGTAC
C05	72	74	80	TGGTAC
C05	134	31	37	TGGTAC
C05	162	39	45	TGGTAC
C05	207	39	45	TGGTAC
C05	241	74	80	TGGTAC
C05	246	15	21	TGGTAC
C05	251	62	68	TGGTAC
C05	217	38	44	CACTTC
C05	101	22	28	TTCAGC
C05	111	52	58	TTCAGC
C05	238	32	38	TTCAGC
C05	159	34	40	TAAGGC
C05	174	6	12	TAAGGC
C05	230	59	65	CTCTGC
C05	132	13	19	TCCCGC
C05	8	16	22	TGATTC
C05	194	75	81	TGATTC
C05	21	2	8	TAGGGC
C05	107	47	53	TAGGGC
C05	142	38	44	TAGGGC
C05	231	74	80	TAGGGC
C05	183	48	54	TACACC
C05	56	14	20	CACTCC
C05	103	50	56	CACTCC
C05	205	26	32	CACTCC
C05	255	71	77	TCGTAC
C05	147	54	60	TGATCC
C05	43	53	59	AACTAC
C05	145	25	31	GAGTGC
C05	180	18	24	GAGTGC
C05	100	16	22	TGGTCC
C05	37	60	66	TTCGGC
C05	77	44	50	TTCGGC
C05	25	20	26	TCGTTC
C05	188	5	11	TATAGC
C05	61	31	37	CATTGC
C05	156	63	69	AACTTC
C05	234	62	68	TACCTC
C05	102	49	55	TCATCC
C05	119	64	70	ATCTGC
C05	214	39	45	ATCTGC
C05	64	23	29	CACAGC
C05	146	63	69	TCGTCC
C05	31	11	17	TTATAC
C05	112	16	22	TTATAC
C05	117	73	79	TGTTAC
C05	236	7	13	TGTTAC
C05	106	20	26	CGATGC
C05	86	54	60	TGGAGC
C05	81	3	9	GACTCC
C05	79	15	21	CGGTGC
C05	84	46	52	CGCTAC
C05	50	50	56	TCTTAC
C05	150	51	57	TATCGC
C05	198	1	7	TGCATC
C05	1	60	66	CGCTTC
C05	179	69	75	CGCTTC
C05	20	51	57	GATTGC
C05	22	2	8	TGAGGC
C05	187	16	22	TGAGGC
C05	83	11	17	TAGAAC
C05	155	3	9	CCCTTC
C05	254	29	35	TCTTCC
C05	60	5	11	AGCTAC
C05	136	73	79	TAGATC
C05	26	52	58	GGCTAC
C05	87	74	80	GGCTAC
C05	68	42	48	AGCTTC
C05	226	57	63	TAAACC
C05	223	62	68	TTCAAC
C05	247	35	41	TTTTTC
C05	70	58	64	TAACTC
C05	96	42	48	GAGTAC
C05	222	13	19	TAAGCC
C05	27	23	29	ATGTGC
C05	97	1	7	CACAAC
C05	114	25	31	CCCGGC
C05	170	70	76	TGAGTC
C06	1	8	14	ATAATC
C06	2	71	77	ATAATC
C06	5	22	28	ATAATC
C06	7	45	51	ATAATC
C06	11	54	60	ATAATC
C06	15	34	40	ATAATC
C06	16	58	64	ATAATC
C06	21	70	76	ATAATC
C06	22	51	57	ATAATC
C06	25	69	75	ATAATC
C06	26	35	41	ATAATC
C06	29	28	34	ATAATC
C06	32	74	80	ATAATC
C06	35	35	41	ATAATC
C06	40	56	62	ATAATC
C06	41	19	25	ATAATC
C06	44	66	72	ATAATC
C06	47	11	17	ATAATC
C06	56	29	35	ATAATC
C06	58	65	71	ATAATC
C06	59	13	19	ATAATC
C06	62	9	15	ATAATC
C06	63	42	48	ATAATC
C06	64	60	66	ATAATC
C06	67	40	46	ATAATC
C06	68	23	29	ATAATC
C06	73	65	71	ATAATC
C06	78	16	22	ATAATC
C06	80	65	71	ATAATC
C06	93	43	49	ATAATC
C06	99	34	40	ATAATC
C06	103	23	29	ATAATC
C06	108	12	18	ATAATC
C06	109	45	51	ATAATC
C06	110	33	39	ATAATC
C06	115	22	28	ATAATC
C06	117	16	22	ATAATC
C06	119	61	67	ATAATC
C06	120	56	62	ATAATC
C06	125	27	33	ATAATC
C06	127	38	44	ATAATC
C06	129	40	46	ATAATC
C06	131	39	45	ATAATC
C06	133	37	43	ATAATC
C06	137	11	17	ATAATC
C06	138	54	60	ATAATC
C06	152	67	73	ATAATC
C06	166	59	65	ATAATC
C06	169	55	61	ATAATC
C06	170	29	35	ATAATC
C06	178	51	57	ATAATC
C06	179	28	34	ATAATC
C06	181	67	73	ATAATC
C06	185	18	24	ATAATC
C06	186	46	52	ATAATC
C06	189	63	69	ATAATC
C06	191	30	36	ATAATC
C06	192	62	68	ATAATC
C06	193	47	53	ATAATC
C06	194	60	66	ATAATC
C06	196	31	37	ATAATC
C06	202	43	49	ATAATC
C06	204	16	22	ATAATC
C06	208	67	73	ATAATC
C06	209	34	40	ATAATC
C06	210	18	24	ATAATC
C06	213	34	40	ATAATC
C06	214	36	42	ATAATC
C06	215	62	68	ATAATC
C06	218	68	74	ATAATC
C06	231	8	14	ATAATC
C06	233	24	30	ATAATC
C06	234	17	23	ATAATC
C06	235	38	44	ATAATC
C06	238	56	62	ATAATC
C06	241	46	52	ATAATC
C06	251	36	42	ATAATC
C06	255	26	32	ATAATC
C06	6	48	54	ATAATT
C06	8	7	13	ATAATT
C06	13	40	46	ATAATT
C06	24	36	42	ATAATT
C06	27	63	69	ATAATT
C06	31	33	39	ATAATT
C06	37	7	13	ATAATT
C06	38	67	73	ATAATT
C06	42	64	70	ATAATT
C06	45	29	35	ATAATT
C06	48	58	64	ATAATT
C06	49	23	29	ATAATT
C06	52	51	57	ATAATT
C06	61	21	27	ATAATT
C06	66	37	43	ATAATT
C06	69	20	26	ATAATT
C06	71	46	52	ATAATT
C06	72	51	57	ATAATT
C06	77	40	46	ATAATT
C06	82	59	65	ATAATT
C06	97	28	34	ATAATT
C06	98	53	59	ATAATT
C06	105	24	30	ATAATT
C06	107	70	76	ATAATT
C06	112	56	62	ATAATT
C06	113	19	25	ATAATT
C06	122	66	72	ATAATT
C06	140	7	13	ATAATT
C06	143	8	14	ATAATT
C06	145	47	53	ATAATT
C06	148	56	62	ATAATT
C06	150	10	16	ATAATT
C06	153	49	55	ATAATT
C06	154	75	81	ATAATT
C06	157	33	39	ATAATT
C06	159	7	13	ATAATT
C06	160	12	18	ATAATT
C06	161	34	40	ATAATT
C06	162	34	40	ATAATT
C06	163	19	25	ATAATT
C06	164	20	26	ATAATT
C06	167	30	36	ATAATT
C06	171	11	17	ATAATT
C06	173	22	28	ATAATT
C06	180	11	17	ATAATT
C06	184	55	61	ATAATT
C06	195	41	47	ATAATT
C06	197	74	80	ATAATT
C06	198	24	30	ATAATT
C06	205	62	68	ATAATT
C06	211	66	72	ATAATT
C06	219	60	66	ATAATT
C06	223	57	63	ATAATT
C06	226	31	37	ATAATT
C06	228	15	21	ATAATT
C06	230	28	34	ATAATT
C06	236	57	63	ATAATT
C06	239	47	53	ATAATT
C06	244	45	51	ATAATT
C06	245	15	21	ATAATT
C06	247	57	63	ATAATT
C06	250	31	37	ATAATT
C06	0	38	44	ATAATG
C06	4	26	32	ATAATG
C06	9	22	28	ATAATG
C06	12	67	73	ATAATG
C06	14	28	34	ATAATG
C06	17	75	81	ATAATG
C06	19	47	53	ATAATG
C06	20	75	81	ATAATG
C06	28	56	62	ATAATG
C06	36	67	73	ATAATG
C06	46	15	21	ATAATG
C06	50	7	13	ATAATG
C06	51	70	76	ATAATG
C06	54	32	38	ATAATG
C06	70	33	39	ATAATG
C06	84	31	37	ATAATG
C06	87	19	25	ATAATG
C06	95	32	38	ATAATG
C06	96	65	71	ATAATG
C06	106	43	49	ATAATG
C06	121	59	65	ATAATG
C06	126	16	22	ATAATG
C06	128	30	36	ATAATG
C06	132	40	46	ATAATG
C06	135	58	64	ATAATG
C06	144	64	70	ATAATG
C06	147	50	56	ATAATG
C06	149	49	55	ATAATG
C06	155	54	60	ATAATG
C06	156	40	46	ATAATG
C06	158	23	29	ATAATG
C06	165	47	53	ATAATG
C06	175	64	70	ATAATG
C06	176	74	80	ATAATG
C06	177	19	25	ATAATG
C06	182	25	31	ATAATG
C06	187	10	16	ATAATG
C06	188	66	72	ATAATG
C06	199	74	80	ATAATG
C06	203	21	27	ATAATG
C06	207	35	41	ATAATG
C06	212	74	80	ATAATG
C06	221	58	64	ATAATG
C06	225	20	26	ATAATG
C06	227	11	17	ATAATG
C06	232	49	55	ATAATG
C06	237	52	58	ATAATG
C06	243	34	40	ATAATG
C06	246	60	66	ATAATG
C06	252	59	65	ATAATG
C06	10	26	32	ATAATA
C06	18	72	78	ATAATA
C06	23	42	48	ATAATA
C06	30	26	32	ATAATA
C06	33	43	49	ATAATA
C06	34	13	19	ATAATA
C06	39	48	54	ATAATA
C06	43	48	54	ATAATA
C06	53	45	51	ATAATA
C06	57	10	16	ATAATA
C06	60	54	60	ATAATA
C06	65	45	51	ATAATA
C06	74	28	34	ATAATA
C06	75	28	34	ATAATA
C06	76	70	76	ATAATA
C06	79	30	36	ATAATA
C06	81	32	38	ATAATA
C06	83	48	54	ATAATA
C06	85	69	75	ATAATA
C06	86	72	78	ATAATA
C06	88	7	13	ATAATA
C06	89	73	79	ATAATA
C06	90	56	62	ATAATA
C06	91	28	34	ATAATA
C06	92	38	44	ATAATA
C06	94	46	52	ATAATA
C06	100	56	62	ATAATA
C06	101	68	74	ATAATA
C06	102	23	29	ATAATA
C06	104	31	37	ATAATA
C06	111	40	46	ATAATA
C06	114	41	47	ATAATA
C06	116	8	14	ATAATA
C06	118	31	37	ATAATA
C06	123	57	63	ATAATA
C06	124	8	14	ATAATA
C06	130	52	58	ATAATA
C06	134	68	74	ATAATA
C06	136	69	75	ATAATA
C06	139	14	20	ATAATA
C06	141	14	20	ATAATA
C06	142	62	68	ATAATA
C06	151	22	28	ATAATA
C06	168	21	27	ATAATA
C06	172	18	24	ATAATA
C06	174	46	52	ATAATA
C06	183	14	20	ATAATA
C06	190	46	52	ATAATA
C06	200	8	14	ATAATA
C06	201	41	47	ATAATA
C06	206	21	27	ATAATA
C06	216	15	21	ATAATA
C06	217	65	71	ATAATA
C06	220	45	51	ATAATA
C06	222	65	71	ATAATA
C06	224	46	52	ATAATA
C06	229	59	65	ATAATA
C06	240	29	35	ATAATA
C06	242	29	35	ATAATA
C06	248	32	38	ATAATA
C06	249	41	47	ATAATA
C06	253	60	66	ATAATA
C06	254	53	59	ATAATA
C06	3	23	29	ATTATG
C06	55	48	54	CTAGTC
C07	77	0	6	CATGTT
C07	85	13	19	CATGTT
C07	114	59	65	CATGTT
C07	115	34	40	CATGTT
C07	152	6	12	CATGTT
C07	206	10	16	CATGTT
C07	246	71	77	CATGTT
C07	250	20	26	CATGTT
C07	44	7	13	CAGGTT
C07	97	41	47	CAGGTT
C07	99	23	29	CAGGTT
C07	163	8	14	CAGGTT
C07	179	7	13	CAGGTT
C07	43	36	42	CATGGT
C07	49	35	41	CATGGT
C07	69	35	41	CATGGT
C07	82	26	32	CATGGT
C07	222	32	38	CATGGT
C07	226	20	26	CACGTT
C07	65	7	13	CAAGTT
C07	80	20	26	CAAGTT
C07	100	8	14	CAAGTT
C07	126	33	39	CAAGTT
C07	129	29	35	CAAGTT
C07	131	72	78	CAAGTT
C07	228	57	63	CAAGTT
C07	15	70	76	CAGGGT
C07	32	27	33	CAGGGT
C07	125	44	50	CAGGGT
C07	16	9	15	CCTGTT
C07	39	36	42	CCTGTT
C07	81	50	56	CCTGTT
C07	184	61	67	CCTGTT
C07	209	68	74	CCTGTT
C07	130	11	17	CATGAT
C07	135	49	55	CATGAT
C07	199	29	35	CATGAT
C07	37	69	75	CCGGTT
C07	84	19	25	CCGGTT
C07	98	2	8	CCGGTT
C07	122	21	27	CCGGTT
C07	178	27	33	CCGGTT
C07	185	23	29	CCGGTT
C07	210	25	31	CCGGTT
C07	255	60	66	CCGGTT
C07	25	57	63	CAGGAT
C07	169	51	57	CAGGAT
C07	188	26	32	CAGGAT
C07	42	70	76	CACGGT
C07	192	41	47	CACGGT
C07	231	15	21	CAAGGT
C07	187	26	32	CTTGTT
C07	11	60	66	CATGCT
C07	110	21	27	CATGCT
C07	148	14	20	CATGCT
C07	159	55	61	CATGCT
C07	224	17	23	CATGCT
C07	139	53	59	CTGGTT
C07	175	13	19	CTGGTT
C07	197	37	43	CTGGTT
C07	230	17	23	CTGGTT
C07	31	21	27	TATGTT
C07	94	1	7	TATGTT
C07	150	32	38	TATGTT
C07	13	70	76	CAGGCT
C07	147	26	32	CAGGCT
C07	189	6	12	CAGGCT
C07	212	61	67	CAGGCT
C07	1	65	71	CCTGGT
C07	21	55	61	CCTGGT
C07	71	19	25	CCTGGT
C07	154	5	11	CCTGGT
C07	2	60	66	CCCGTT
C07	56	18	24	CCCGTT
C07	128	3	9	CCCGTT
C07	215	28	34	CCCGTT
C07	108	1	7	CCAGTT
C07	112	45	51	CCAGTT
C07	133	5	11	CCAGTT
C07	208	72	78	CCAGTT
C07	36	40	46	CACGAT
C07	75	3	9	TAGGTT
C07	95	21	27	TAGGTT
C07	214	24	30	TAGGTT
C07	76	40	46	CAAGAT
C07	218	6	12	CAAGAT
C07	242	63	69	CAAGAT
C07	156	69	75	CCGGGT
C07	157	39	45	CCGGGT
C07	60	42	48	CGTGTT
C07	89	26	32	CGTGTT
C07	167	48	54	CGTGTT
C07	180	0	6	CGTGTT
C07	236	36	42	CGTGTT
C07	0	68	74	CTTGGT
C07	67	75	81	CTTGGT
C07	123	7	13	CTTGGT
C07	132	18	24	CTTGGT
C07	134	29	35	CTTGGT
C07	136	14	20	CTTGGT
C07	181	43	49	CTTGGT
C07	223	38	44	CTTGGT
C07	241	72	78	CTTGGT
C07	119	50	56	CTCGTT
C07	121	48	54	CTCGTT
C07	146	12	18	CTCGTT
C07	164	8	14	CTCGTT
C07	240	18	24	CTCGTT
C07	245	71	77	CTCGTT
C07	74	17	23	CTAGTT
C07	92	13	19	CTAGTT
C07	173	35	41	CTAGTT
C07	10	59	65	CCTGAT
C07	12	29	35	CCTGAT
C07	63	71	77	CCTGAT
C07	73	2	8	CCTGAT
C07	168	48	54	CCTGAT
C07	162	11	17	CACGCT
C07	40	37	43	CAAGCT
C07	107	33	39	CAAGCT
C07	243	59	65	CAAGCT
C07	29	42	48	CGGGTT
C07	109	34	40	CGGGTT
C07	127	43	49	CGGGTT
C07	253	7	13	CGGGTT
C07	35	19	25	CTGGGT
C07	55	21	27	CTGGGT
C07	161	66	72	CTGGGT
C07	52	35	41	TATGGT
C07	193	11	17	TATGGT
C07	26	55	61	TACGTT
C07	72	10	16	TACGTT
C07	140	68	74	TACGTT
C07	165	9	15	TACGTT
C07	238	2	8	TACGTT
C07	14	30	36	AATGTT
C07	38	53	59	AATGTT
C07	48	22	28	AATGTT
C07	50	9	15	AATGTT
C07	138	18	24	AATGTT
C07	225	22	28	AATGTT
C07	104	10	16	CCGGAT
C07	19	7	13	TAAGTT
C07	24	14	20	TAAGTT
C07	87	30	36	TAAGTT
C07	5	68	74	GATGTT
C07	118	69	75	GATGTT
C07	153	73	79	GATGTT
C07	155	26	32	CCAGGT
C07	211	48	54	CCAGGT
C07	234	73	79	CCAGGT
C07	102	12	18	AAGGTT
C07	191	19	25	AAGGTT
C07	229	0	6	AAGGTT
C07	252	8	14	AAGGTT
C07	4	12	18	CCTGCT
C07	7	32	38	CCTGCT
C07	23	17	23	GAGGTT
C07	151	70	76	GAGGTT
C07	254	61	67	GAGGTT
C07	54	57	63	TCTGTT
C07	248	51	57	TCTGTT
C07	101	56	62	CGTGGT
C07	144	41	47	CGTGGT
C07	149	66	72	CGTGGT
C07	239	9	15	CGTGGT
C07	68	11	17	CTGGAT
C07	111	3	9	CTGGAT
C07	3	65	71	CGCGTT
C07	30	43	49	CTCGGT
C07	186	1	7	CTCGGT
C07	143	53	59	CGAGTT
C07	221	29	35	CGAGTT
C07	232	16	22	CGAGTT
C07	51	32	38	CCCGAT
C07	47	16	22	CGGGGT
C07	170	47	53	CGGGGT
C07	70	63	69	CCAGAT
C07	158	67	73	CCAGAT
C07	83	59	65	TAGGAT
C07	62	37	43	TACGGT
C07	103	59	65	TACGGT
C07	219	45	51	TACGGT
C07	207	37	43	AATGGT
C07	18	9	15	TAAGGT
C07	59	68	74	GATGGT
C07	204	43	49	GATGGT
C07	216	55	61	GATGGT
C07	6	37	43	TTTGTT
C07	166	71	77	TTTGTT
C07	194	40	46	TTTGTT
C07	196	20	26	TTTGTT
C07	8	70	76	AACGTT
C07	79	3	9	GACGTT
C07	201	47	53	GACGTT
C07	46	4	10	AAAGTT
C07	53	69	75	AAAGTT
C07	249	14	20	AAAGTT
C07	58	50	56	CTGGCT
C07	190	50	56	TATGCT
C07	20	48	54	CGTGAT
C07	117	56	62	GAGGGT
C07	105	1	7	TTGGTT
C07	217	27	33	TAGGCT
C07	45	43	49	CGGGAT
C07	183	63	69	CGCGGT
C07	235	55	61	CGCGGT
C07	172	70	76	ACTGTT
C07	145	15	21	TACGAT
C07	57	49	55	AATGAT
C07	182	27	33	AATGAT
C07	171	68	74	TAAGAT
C07	200	62	68	TAAGAT
C07	220	53	59	CTCGCT
C07	93	53	59	CTAGCT
C07	247	6	12	CTAGCT
C07	174	31	37	AAGGAT
C07	106	47	53	TGTGTT
C07	61	44	50	ATTGTT
C07	17	7	13	TACGCT
C07	96	45	51	TACGCT
C07	9	18	24	CGCGAT
C07	33	51	57	TGGGTT
C07	34	40	46	TTGGGT
C07	22	71	77	TCGGAT
C07	198	64	70	TCCGGT
C07	213	61	67	GAGGCT
C07	113	8	14	ACCGTT
C07	86	47	53	TTGGAT
C07	244	14	20	TCGGCT
C07	202	56	62	TTAGGT
C07	251	60	66	GTTGGT
C07	27	41	47	TCCGAT
C07	142	68	74	TCCGAT
C07	227	15	21	TGGGGT
C07	66	58	64	TTTGCT
C07	88	59	65	ACCGGT
C07	195	60	66	TCCGCT
C07	233	50	56	TCCGCT
C07	28	59	65	ATGGAT
C07	116	11	17	ATAGGT
C07	203	9	15	GTAGAT
C07	160	39	45	TCTGTA
C07	237	26	32	CGAGTA
C08	56	47	53	GAGCTA
C08	122	31	37	GAGCTA
C08	171	55	61	GAGCTA
C08	216	70	76	GAGCTA
C08	226	53	59	GAGCTA
C08	128	40	46	GCGCTA
C08	175	20	26	GCGCTA
C08	176	26	32	GCGCTA
C08	26	51	57	GGGCTA
C08	142	40	46	GGGCTA
C08	183	31	37	GGGCTA
C08	186	64	70	GGGCTA
C08	42	14	20	GTGCTA
C08	125	48	54	GTGCTA
C08	217	72	78	GTGCTA
C08	60	69	75	AAGCTA
C08	157	59	65	AAGCTA
C08	180	26	32	AAGCTA
C08	240	63	69	AAGCTA
C08	59	55	61	TAGCTA
C08	93	54	60	TAGCTA
C08	247	26	32	TAGCTA
C08	12	2	8	ACGCTA
C08	17	8	14	ACGCTA
C08	84	45	51	ACGCTA
C08	179	49	55	ACGCTA
C08	218	51	57	ACGCTA
C08	101	24	30	CAGCTA
C08	195	9	15	CAGCTA
C08	196	3	9	CAGCTA
C08	87	73	79	AGGCTA
C08	65	55	61	TCGCTA
C08	114	70	76	TCGCTA
C08	220	54	60	TCGCTA
C08	245	22	28	TCGCTA
C08	154	19	25	GAGCAA
C08	22	36	42	GAGCTC
C08	85	23	29	GAGCTC
C08	86	56	62	GAGCTC
C08	109	61	67	GAGCTC
C08	131	24	30	GAGCTC
C08	137	50	56	GAGCTC
C08	11	61	67	ATGCTA
C08	99	13	19	ATGCTA
C08	58	51	57	TGGCTA
C08	94	61	67	TGGCTA
C08	227	24	30	TGGCTA
C08	27	1	7	GAGCTG
C08	54	37	43	GAGCTG
C08	120	8	14	GAGCTG
C08	174	0	6	GAGCTG
C08	248	42	48	GAGCTG
C08	88	39	45	CCGCTA
C08	97	53	59	CCGCTA
C08	193	29	35	CCGCTA
C08	6	0	6	GCGCAA
C08	24	40	46	TTGCTA
C08	33	74	80	TTGCTA
C08	211	40	46	TTGCTA
C08	242	35	41	TTGCTA
C08	252	43	49	TTGCTA
C08	4	68	74	CGGCTA
C08	110	2	8	CGGCTA
C08	155	73	79	GCGCTC
C08	98	60	66	GAGCCA
C08	209	74	80	GAGCCA
C08	229	18	24	GCGCTG
C08	236	74	80	GCGCTG
C08	21	9	15	GGGCAA
C08	28	36	42	GGGCAA
C08	63	53	59	GGGCAA
C08	71	28	34	GGGCAA
C08	161	49	55	GGGCAA
C08	0	51	57	GAGCGA
C08	14	15	21	GAGCGA
C08	35	51	57	GAGCGA
C08	57	36	42	GAGCGA
C08	72	27	33	GAGCGA
C08	107	3	9	GAGCGA
C08	184	28	34	GAGCGA
C08	13	10	16	GGGCTC
C08	36	6	12	GGGCTC
C08	141	39	45	GGGCTC
C08	162	52	58	GGGCTC
C08	191	40	46	GGGCTC
C08	117	25	31	GGGCTG
C08	169	8	14	GGGCTG
C08	237	35	41	GGGCTG
C08	32	31	37	GTGCAA
C08	34	44	50	GTGCAA
C08	126	30	36	GTGCAA
C08	138	34	40	GTGCAA
C08	150	44	50	GCGCCA
C08	47	39	45	GTGCTC
C08	40	2	8	AAGCAA
C08	9	17	23	GCGCGA
C08	44	30	36	GCGCGA
C08	1	14	20	GAGCTT
C08	67	68	74	GAGCTT
C08	62	41	47	GTGCTG
C08	113	71	77	AAGCTC
C08	124	68	74	AAGCTC
C08	160	70	76	AAGCTC
C08	224	70	76	AAGCTC
C08	243	60	66	AAGCTC
C08	52	22	28	AAGCTG
C08	80	74	80	AAGCTG
C08	187	43	49	GGGCGA
C08	254	23	29	GGGCGA
C08	188	7	13	TAGCAA
C08	103	73	79	TAGCTC
C08	153	22	28	TAGCTC
C08	235	46	52	TAGCTC
C08	118	38	44	GTGCCA
C08	135	73	79	GCGCTT
C08	2	35	41	ACGCTC
C08	163	73	79	ACGCTC
C08	178	74	80	ACGCTC
C08	20	5	11	TAGCTG
C08	73	17	23	TAGCTG
C08	82	14	20	TAGCTG
C08	104	35	41	TAGCTG
C08	144	7	13	GTGCGA
C08	64	13	19	AAGCCA
C08	81	70	76	AAGCCA
C08	172	45	51	AAGCCA
C08	212	3	9	AAGCCA
C08	222	14	20	AAGCCA
C08	96	46	52	ACGCTG
C08	140	23	29	CAGCAA
C08	221	16	22	CAGCAA
C08	83	7	13	GAGGTA
C08	168	63	69	GAGGTA
C08	112	26	32	AGGCAA
C08	219	28	34	AAGCGA
C08	51	1	7	TCGCAA
C08	55	2	8	TCGCAA
C08	31	69	75	CAGCTC
C08	50	46	52	CAGCTC
C08	238	34	40	CAGCTC
C08	74	55	61	GGGCTT
C08	37	15	21	AGGCTC
C08	76	3	9	AGGCTC
C08	213	62	68	AGGCTC
C08	95	46	52	TCGCTC
C08	166	16	22	TCGCTC
C08	38	17	23	CAGCTG
C08	189	7	13	AGGCTG
C08	190	71	77	AGGCTG
C08	7	58	64	GAGTTA
C08	70	2	8	GAGTTA
C08	143	54	60	GAGTTA
C08	214	69	75	GAGTTA
C08	246	25	31	GAGCAC
C08	251	47	53	GAGCAC
C08	164	59	65	TCGCTG
C08	207	45	51	TCGCTG
C08	225	39	45	TCGCTG
C08	249	55	61	ACGCCA
C08	3	50	56	GTGCTT
C08	91	16	22	GTGCTT
C08	200	73	79	GTGCTT
C08	92	21	27	TAGCGA
C08	233	62	68	TAGCGA
C08	61	55	61	CCGCAA
C08	100	20	26	CCGCAA
C08	182	7	13	CCGCAA
C08	148	15	21	ATGCTC
C08	203	35	41	GCGGTA
C08	255	42	48	GCGGTA
C08	136	31	37	TGGCTC
C08	159	56	62	ATGCTG
C08	239	16	22	CCGCTC
C08	167	38	44	TGGCTG
C08	244	28	34	TGGCTG
C08	10	73	79	CAGCCA
C08	111	54	60	CAGCCA
C08	23	21	27	TTGCAA
C08	230	32	38	TTGCAA
C08	253	33	39	TTGCAA
C08	15	41	47	CCGCTG
C08	123	28	34	AGGCCA
C08	158	2	8	AGGCCA
C08	130	68	74	CGGCAA
C08	208	3	9	CGGCAA
C08	46	62	68	GCGTTA
C08	90	27	33	GCGTTA
C08	16	45	51	GCGCAC
C08	115	2	8	GCGCAC
C08	119	68	74	GCGCAC
C08	152	74	80	GCGCAC
C08	89	58	64	CAGCGA
C08	127	3	9	CAGCGA
C08	202	66	72	CAGCGA
C08	43	60	66	AGGCGA
C08	66	59	65	TTGCTC
C08	102	5	11	AGGCGA
C08	134	15	21	AGGCGA
C08	192	68	74	TTGCTC
C08	194	14	20	AGGCGA
C08	39	14	20	GCGCAG
C08	205	46	52	GCGCAG
C08	68	41	47	TAGCTT
C08	116	16	22	TAGCTT
C08	250	36	42	TAGCTT
C08	215	72	78	TTGCTG
C08	45	38	44	GAGCCC
C08	147	21	27	GAGCCC
C08	129	62	68	ATGCCA
C08	181	21	27	CGGCTG
C08	149	2	8	ACGCTT
C08	121	71	77	GTGGTA
C08	198	54	60	GTGGTA
C08	241	9	15	GTGGTA
C08	228	0	6	GGGTTA
C08	78	32	38	GGGCAC
C08	18	47	53	GAGCGC
C08	25	3	9	GAGCCG
C08	29	35	41	GAGCCG
C08	19	27	33	CTGCTC
C08	106	64	70	AAGGTA
C08	79	12	18	GAGCGG
C08	53	34	40	AGGCTT
C08	177	37	43	CGGCCA
C08	156	50	56	AAGCAG
C08	132	15	21	CCGCTT
C08	234	57	63	CCGCTT
C08	206	33	39	TAGCAC
C08	145	72	78	GCGCAT
C08	8	26	32	ACGCAC
C08	30	31	37	ACGCAC
C08	75	37	43	TCGGTA
C08	232	73	79	GAGGAA
C08	210	32	38	GTGCCG
C08	105	68	74	CAGCAC
C08	204	44	50	ATGGTA
C08	151	71	77	AGGTTA
C08	165	58	64	TCGCAC
C08	197	38	44	TGGTTA
C08	41	38	44	ATGCAG
C08	146	28	34	CCGTTA
C08	185	54	60	CCGTTA
C08	49	59	65	GCGTAA
C08	173	62	68	AGGATA
C08	5	3	9	CTGGTA
C08	133	65	71	GCGTTC
C08	108	18	24	GTGGTC
C08	170	62	68	GAGATG
C08	231	22	28	GGGATC
C08	201	48	54	ACGTTC
C09	19	38	44	AGTTGA
C09	46	6	12	AGTTGA
C09	74	19	25	AGTTGA
C09	85	32	38	AGTTGA
C09	87	40	46	AGTTGA
C09	100	47	53	AGTTGA
C09	106	34	40	AGTTGA
C09	108	3	9	AGTTGA
C09	112	47	53	AGTTGA
C09	115	70	76	AGTTGA
C09	123	48	54	AGTTGA
C09	129	31	37	AGTTGA
C09	132	31	37	AGTTGA
C09	146	33	39	AGTTGA
C09	160	3	9	AGTTGA
C09	168	12	18	AGTTGA
C09	173	13	19	AGTTGA
C09	201	32	38	AGTTGA
C09	221	49	55	AGTTGA
C09	252	50	56	AGTTGA
C09	0	44	50	CGTTGA
C09	2	62	68	CGTTGA
C09	3	2	8	CGTTGA
C09	26	57	63	CGTTGA
C09	49	14	20	CGTTGA
C09	56	20	26	CGTTGA
C09	59	4	10	CGTTGA
C09	113	10	16	CGTTGA
C09	119	52	58	CGTTGA
C09	121	50	56	CGTTGA
C09	125	18	24	CGTTGA
C09	135	31	37	CGTTGA
C09	176	65	71	CGTTGA
C09	178	58	64	CGTTGA
C09	190	37	43	CGTTGA
C09	191	53	59	CGTTGA
C09	215	30	36	CGTTGA
C09	219	51	57	CGTTGA
C09	226	22	28	CGTTGA
C09	228	6	12	CGTTGA
C09	234	8	14	CGTTGA
C09	239	38	44	CGTTGA
C09	240	20	26	CGTTGA
C09	254	44	50	CGTTGA
C09	255	17	23	CGTTGA
C09	6	39	45	TGTTGA
C09	32	65	71	TGTTGA
C09	40	47	53	TGTTGA
C09	52	42	48	TGTTGA
C09	54	59	65	TGTTGA
C09	81	23	29	TGTTGA
C09	118	71	77	TGTTGA
C09	126	7	13	TGTTGA
C09	134	59	65	TGTTGA
C09	144	55	61	TGTTGA
C09	162	25	31	TGTTGA
C09	180	2	8	TGTTGA
C09	185	9	15	TGTTGA
C09	194	51	57	TGTTGA
C09	196	22	28	TGTTGA
C09	206	12	18	TGTTGA
C09	209	70	76	TGTTGA
C09	248	53	59	TGTTGA
C09	250	22	28	TGTTGA
C09	251	1	7	TGTTGA
C09	20	66	72	ATTTGA
C09	27	54	60	ATTTGA
C09	64	67	73	ATTTGA
C09	70	24	30	ATTTGA
C09	96	56	62	ATTTGA
C09	98	56	62	ATTTGA
C09	104	22	28	ATTTGA
C09	117	7	13	ATTTGA
C09	141	5	11	ATTTGA
C09	171	2	8	ATTTGA
C09	184	46	52	ATTTGA
C09	210	9	15	ATTTGA
C09	218	59	65	ATTTGA
C09	224	37	43	ATTTGA
C09	242	69	75	ATTTGA
C09	10	17	23	GGTTGA
C09	43	39	45	GGTTGA
C09	67	2	8	GGTTGA
C09	75	5	11	GGTTGA
C09	94	37	43	GGTTGA
C09	95	23	29	GGTTGA
C09	97	75	81	GGTTGA
C09	99	25	31	GGTTGA
C09	101	59	65	GGTTGA
C09	102	14	20	GGTTGA
C09	109	36	42	GGTTGA
C09	127	45	51	GGTTGA
C09	163	10	16	GGTTGA
C09	170	20	26	GGTTGA
C09	179	19	25	GGTTGA
C09	222	38	44	GGTTGA
C09	230	19	25	GGTTGA
C09	236	48	54	GGTTGA
C09	11	45	51	AATTGA
C09	15	25	31	AATTGA
C09	35	63	69	AATTGA
C09	41	52	58	AATTGA
C09	61	12	18	AATTGA
C09	65	36	42	AATTGA
C09	69	60	66	AATTGA
C09	76	61	67	AATTGA
C09	80	26	32	AATTGA
C09	120	47	53	AATTGA
C09	148	58	64	AATTGA
C09	195	32	38	AATTGA
C09	197	65	71	AATTGA
C09	205	33	39	AATTGA
C09	232	40	46	AATTGA
C09	245	6	12	AATTGA
C09	246	51	57	AATTGA
C09	16	49	55	ACTTGA
C09	17	66	72	ACTTGA
C09	29	19	25	ACTTGA
C09	58	56	62	ACTTGA
C09	83	39	45	ACTTGA
C09	103	14	20	ACTTGA
C09	122	4	10	ACTTGA
C09	152	27	33	ACTTGA
C09	174	37	43	ACTTGA
C09	175	55	61	ACTTGA
C09	182	16	22	ACTTGA
C09	183	5	11	ACTTGA
C09	193	38	44	ACTTGA
C09	213	25	31	ACTTGA
C09	237	43	49	ACTTGA
C09	244	36	42	ACTTGA
C09	7	36	42	CTTTGA
C09	21	61	67	CTTTGA
C09	33	34	40	CTTTGA
C09	34	4	10	CTTTGA
C09	91	19	25	CTTTGA
C09	105	15	21	CTTTGA
C09	107	61	67	CTTTGA
C09	145	38	44	CTTTGA
C09	155	45	51	CTTTGA
C09	165	38	44	CTTTGA
C09	177	10	16	CTTTGA
C09	189	29	35	CTTTGA
C09	199	65	71	CTTTGA
C09	202	34	40	CTTTGA
C09	212	65	71	CTTTGA
C09	223	48	54	CTTTGA
C09	241	37	43	CTTTGA
C09	247	48	54	CTTTGA
C09	23	33	39	TTTTGA
C09	38	58	64	TTTTGA
C09	60	18	24	TTTTGA
C09	62	0	6	TTTTGA
C09	72	42	48	TTTTGA
C09	153	40	46	TTTTGA
C09	186	37	43	TTTTGA
C09	198	29	35	TTTTGA
C09	204	7	13	TTTTGA
C09	229	50	56	TTTTGA
C09	13	31	37	CATTGA
C09	44	57	63	CATTGA
C09	51	61	67	CATTGA
C09	78	7	13	CATTGA
C09	138	45	51	CATTGA
C09	142	53	59	CATTGA
C09	147	41	47	CATTGA
C09	149	40	46	CATTGA
C09	172	9	15	CATTGA
C09	181	58	64	CATTGA
C09	233	15	21	CATTGA
C09	235	29	35	CATTGA
C09	5	13	19	CCTTGA
C09	24	27	33	CCTTGA
C09	30	17	23	CCTTGA
C09	45	20	26	CCTTGA
C09	71	37	43	CCTTGA
C09	79	21	27	CCTTGA
C09	90	47	53	CCTTGA
C09	154	66	72	CCTTGA
C09	169	33	39	CCTTGA
C09	211	57	63	CCTTGA
C09	220	36	42	CCTTGA
C09	238	47	53	CCTTGA
C09	253	51	57	CCTTGA
C09	4	17	23	TATTGA
C09	9	50	56	TATTGA
C09	28	47	53	TATTGA
C09	48	49	55	TATTGA
C09	66	28	34	TATTGA
C09	86	63	69	TATTGA
C09	93	34	40	TATTGA
C09	111	31	37	TATTGA
C09	131	30	36	TATTGA
C09	133	28	34	TATTGA
C09	136	40	46	TATTGA
C09	156	31	37	TATTGA
C09	161	25	31	TATTGA
C09	187	1	7	TATTGA
C09	216	6	12	TATTGA
C09	243	25	31	TATTGA
C09	249	32	38	TATTGA
C09	22	42	48	TCTTGA
C09	36	58	64	TCTTGA
C09	42	55	61	TCTTGA
C09	55	67	73	TCTTGA
C09	73	56	62	TCTTGA
C09	89	64	70	TCTTGA
C09	128	21	27	TCTTGA
C09	130	43	49	TCTTGA
C09	151	13	19	TCTTGA
C09	158	14	20	TCTTGA
C09	166	50	56	TCTTGA
C09	200	67	73	TCTTGA
C09	203	46	52	TCTTGA
C09	225	11	17	TCTTGA
C09	14	33	39	GTTTGA
C09	31	24	30	GTTTGA
C09	39	39	45	GTTTGA
C09	53	26	32	GTTTGA
C09	57	1	7	GTTTGA
C09	63	33	39	GTTTGA
C09	77	3	9	GTTTGA
C09	84	22	28	GTTTGA
C09	92	29	35	GTTTGA
C09	139	5	11	GTTTGA
C09	157	24	30	GTTTGA
C09	164	11	17	GTTTGA
C09	167	21	27	GTTTGA
C09	188	57	63	GTTTGA
C09	192	53	59	GTTTGA
C09	208	75	81	GTTTGA
C09	214	27	33	GTTTGA
C09	217	56	62	GTTTGA
C09	227	2	8	GTTTGA
C09	18	63	69	GATTGA
C09	25	60	66	GATTGA
C09	68	14	20	GATTGA
C09	82	50	56	GATTGA
C09	137	2	8	GATTGA
C09	150	1	7	GATTGA
C09	207	23	29	GATTGA
C09	1	16	22	GCTTGA
C09	12	58	64	GCTTGA
C09	47	2	8	GCTTGA
C09	110	24	30	GCTTGA
C09	114	32	38	GCTTGA
C09	116	18	24	GCTTGA
C09	8	13	19	CGGTGA
C09	159	57	63	TGCTGA
C09	88	46	52	CACTGA
C09	37	46	52	ATTCGA
C09	50	11	17	TGTTGT
C09	143	14	20	ATTTGT
C09	140	9	15	AATTAA
C09	231	67	73	CATGGA
C09	124	35	41	CCTTCA
C10	7	35	41	GCTTTG
C10	74	57	63	GCTTTG
C10	91	18	24	GCTTTG
C10	105	14	20	GCTTTG
C10	154	60	66	GCTTTG
C10	165	37	43	GCTTTG
C10	189	28	34	GCTTTG
C10	212	64	70	GCTTTG
C10	250	42	48	GCTTTG
C10	254	3	9	GCTTTG
C10	123	6	12	GCTTGG
C10	132	17	23	GCTTGG
C10	136	13	19	GCTTGG
C10	147	29	35	GCTTGG
C10	175	2	8	GCTTGG
C10	181	42	48	GCTTGG
C10	164	43	49	GCTTAG
C10	33	22	28	GCTCTG
C10	113	73	79	GCTCTG
C10	248	49	55	GCTCTG
C10	36	8	14	GCTCCG
C10	84	5	11	GCTCCG
C10	159	41	47	GCTCCG
C10	209	61	67	GCTCCG
C10	224	20	26	GCTCCG
C10	31	71	77	GCTCGG
C10	64	27	33	GCTCGG
C10	95	48	54	GCTCGG
C10	107	36	42	GCTCGG
C10	186	0	6	GCTCGG
C10	6	35	41	ACTTTG
C10	35	25	31	ACTTTG
C10	97	18	24	ACTTTG
C10	145	37	43	ACTTTG
C10	199	64	70	ACTTTG
C10	241	36	42	ACTTTG
C10	1	50	56	TCTTTG
C10	21	60	66	TCTTTG
C10	194	38	44	TCTTTG
C10	229	10	16	TCTTTG
C10	230	65	71	TCTTTG
C10	244	67	73	TCTTTG
C10	122	10	16	ACTTCG
C10	139	38	44	ACTTCG
C10	180	56	62	ACTTCG
C10	217	39	45	ACTTCG
C10	240	43	49	ACTTCG
C10	52	61	67	ACTTGG
C10	67	74	80	ACTTGG
C10	163	61	67	ACTTGG
C10	48	7	13	TCTTCG
C10	73	49	55	TCTTCG
C10	167	1	7	TCTTCG
C10	118	13	19	GCTGTG
C10	187	34	40	GCTGTG
C10	190	73	79	GCTGTG
C10	15	63	69	TCTTGG
C10	49	41	47	TCTTGG
C10	75	45	51	TCTTGG
C10	157	18	24	GCTGCG
C10	78	39	45	GCTGGG
C10	169	10	16	GCTGGG
C10	247	9	15	GCTGGG
C10	34	3	9	CCTTTG
C10	146	40	46	CCTTTG
C10	155	44	50	CCTTTG
C10	177	9	15	CCTTTG
C10	202	33	39	CCTTTG
C10	215	52	58	CCTTTG
C10	223	47	53	CCTTTG
C10	108	30	36	CCTTCG
C10	127	61	67	CCTTCG
C10	151	65	71	CCTTCG
C10	0	67	73	CCTTGG
C10	17	29	35	CCTTGG
C10	55	14	20	CCTTGG
C10	134	28	34	CCTTGG
C10	162	48	54	CCTTGG
C10	11	63	69	GCTACG
C10	26	53	59	GCTACG
C10	110	69	75	GCTACG
C10	125	50	56	GCTACG
C10	131	65	71	GCTACG
C10	211	42	48	GCTACG
C10	82	0	6	GCTAGG
C10	114	72	78	GCTAGG
C10	179	51	57	GCTAGG
C10	161	43	49	GCTCAG
C10	54	51	57	ACTTAG
C10	111	22	28	ACTTAG
C10	137	66	72	ACTTAG
C10	252	35	41	TCTTAG
C10	20	11	17	ACTCTG
C10	45	59	65	ACTCTG
C10	58	73	79	ACTCTG
C10	232	25	31	ACTCTG
C10	109	58	64	GCTGAG
C10	195	63	69	GCTGAG
C10	18	25	31	TCTCTG
C10	59	23	29	TCTCTG
C10	103	27	33	TCTCTG
C10	184	15	21	TCTCTG
C10	85	44	50	ACTCCG
C10	93	23	29	ACTCCG
C10	144	72	78	ACTCCG
C10	3	66	72	GCGTTG
C10	176	64	70	GCGTTG
C10	178	57	63	GCGTTG
C10	197	54	60	GCGTTG
C10	138	44	50	GCATTG
C10	142	52	58	GCATTG
C10	148	46	52	GCATTG
C10	172	8	14	GCATTG
C10	233	14	20	GCATTG
C10	89	4	10	TCTCCG
C10	39	28	34	CCTTAG
C10	214	21	27	CCTTAG
C10	156	55	61	GCGTCG
C10	30	42	48	TCTCGG
C10	117	20	26	TCTCGG
C10	222	21	27	TCTCGG
C10	236	41	47	TCTCGG
C10	129	54	60	GCATCG
C10	192	48	54	GCATCG
C10	12	4	10	GCTAAG
C10	29	0	6	GCTAAG
C10	99	15	21	GCTAAG
C10	115	37	43	GTTTTG
C10	196	18	24	GTTTTG
C10	101	3	9	GCGTGG
C10	208	48	54	GCGTGG
C10	239	8	14	GCGTGG
C10	83	65	71	GCATGG
C10	182	57	63	GCATGG
C10	231	66	72	GCATGG
C10	213	10	16	GCCTTG
C10	253	30	36	GCCTTG
C10	22	68	74	GTTTCG
C10	47	68	74	CCTCTG
C10	130	3	9	CCTCTG
C10	160	37	43	CCTCTG
C10	243	9	15	ACTGTG
C10	9	30	36	GCCTCG
C10	90	36	42	GCCTCG
C10	121	46	52	GCCTCG
C10	44	10	16	GTTTGG
C10	51	24	30	GATTTG
C10	79	63	69	GATTTG
C10	81	61	67	GATTTG
C10	86	50	56	GATTTG
C10	96	55	61	GATTTG
C10	173	5	11	GATTTG
C10	8	40	46	GCCTGG
C10	27	39	45	CCTCCG
C10	141	51	57	CCTCCG
C10	2	2	8	TCTGTG
C10	216	65	71	ACTGCG
C10	98	4	10	GGTTTG
C10	255	62	68	GGTTTG
C10	28	33	39	ACTGGG
C10	37	58	64	GATTCG
C10	119	65	71	TCTGCG
C10	140	73	79	TCTGCG
C10	152	71	77	TCTGCG
C10	227	18	24	GGTTCG
C10	149	14	20	ACTATG
C10	207	61	67	ACTATG
C10	235	64	70	ACTATG
C10	226	75	81	GGTTGG
C10	170	52	58	TCTATG
C10	100	63	69	ACTACG
C10	219	43	49	ACTACG
C10	56	60	66	CCTGTG
C10	62	16	22	CCTGTG
C10	237	10	16	CCTGTG
C10	42	32	38	ACTAGG
C10	70	74	80	ACTAGG
C10	14	72	78	ACTCAG
C10	188	23	29	ACTCAG
C10	10	48	54	TCTACG
C10	13	51	57	TCTCAG
C10	128	35	41	GCCTAG
C10	153	19	25	GCCTAG
C10	206	35	41	GCACTG
C10	24	48	54	ACTGAG
C10	57	33	39	ACTGAG
C10	69	6	12	ACTGAG
C10	88	47	53	ACTGAG
C10	41	29	35	GCGCCG
C10	143	33	39	GCGCCG
C10	25	36	42	GCTTTA
C10	116	48	54	GCTTTA
C10	53	30	36	GATTAG
C10	228	5	11	ACGTTG
C10	168	34	40	GCACGG
C10	246	33	39	GCACGG
C10	43	16	22	ACATTG
C10	46	20	26	GCTTTC
C10	68	43	49	GCTTCA
C10	135	75	81	GCTTTT
C10	150	39	45	TCGTTG
C10	171	16	22	TCGTTG
C10	234	7	13	TCGTTG
C10	112	6	12	ACGTCG
C10	120	3	9	ACGTCG
C10	210	2	8	ACGTCG
C10	133	60	66	GCCCCG
C10	166	4	10	GTTCGG
C10	106	0	6	GATCTG
C10	40	8	14	ACGTGG
C10	71	49	55	ATTTCG
C10	16	26	32	GCTTGT
C10	198	62	68	GATCCG
C10	104	21	27	AATTTG
C10	174	58	64	TTTTCG
C10	63	32	38	AGTTTG
C10	92	15	21	AGTTTG
C10	126	63	69	AGTTTG
C10	87	33	39	GTTGTG
C10	60	44	50	TGTTTG
C10	77	2	8	TGTTTG
C10	221	18	24	GCAATG
C10	225	44	50	GCAATG
C10	200	38	44	GCCGCG
C10	204	57	63	GCCGCG
C10	183	27	33	CCATGG
C10	19	61	67	CTTTCG
C10	242	15	21	GCACAG
C10	245	62	68	GTTCAG
C10	23	7	13	GCCCAG
C10	32	58	64	GATACG
C10	201	9	15	GATACG
C10	76	43	49	GATAGG
C10	102	55	61	GATCAG
C10	158	70	76	GATCAG
C10	205	48	54	GCAGAG
C10	50	56	62	ACACGG
C10	124	56	62	ACACGG
C10	203	7	13	CCGTAG
C10	218	19	25	CCGTAG
C10	38	8	14	TTTCCG
C10	4	73	79	ACCCGG
C10	193	26	32	TCCCCG
C10	66	45	51	GTATCG
C10	191	42	48	GCTCAA
C11	23	56	62	CGTAAG
C11	49	60	66	CGTAAG
C11	50	32	38	CGTAAG
C11	80	71	77	CGTAAG
C11	104	59	65	CGTAAG
C11	105	36	42	CGTAAG
C11	120	67	73	CGTAAG
C11	200	60	66	CGTAAG
C11	87	28	34	TGTAAG
C11	138	29	35	TGTAAG
C11	174	4	10	TGTAAG
C11	185	43	49	TGTAAG
C11	197	58	64	TGTAAG
C11	209	5	11	TGTAAG
C11	136	49	55	GGTAAG
C11	255	44	50	GGTAAG
C11	18	7	13	AGTAAG
C11	32	21	27	AGTAAG
C11	73	71	77	AGTAAG
C11	59	33	39	CGGAAG
C11	100	67	73	CGGAAG
C11	172	24	30	CGGAAG
C11	242	42	48	CGGAAG
C11	247	40	46	CGGAAG
C11	253	25	31	CGGAAG
C11	31	0	6	CGCAAG
C11	61	56	62	CGCAAG
C11	65	25	31	CGCAAG
C11	108	40	46	TGGAAG
C11	173	9	15	TGGAAG
C11	212	0	6	TGGAAG
C11	36	48	54	TGCAAG
C11	78	23	29	TGCAAG
C11	117	29	35	TGCAAG
C11	126	31	37	TGCAAG
C11	214	48	54	GGGAAG
C11	225	69	75	GGGAAG
C11	21	10	16	GGCAAG
C11	37	27	33	GGCAAG
C11	63	54	60	GGCAAG
C11	145	67	73	GGCAAG
C11	171	74	80	GGCAAG
C11	203	66	72	GGCAAG
C11	92	24	30	CGAAAG
C11	132	55	61	CGAAAG
C11	180	72	78	CGAAAG
C11	70	7	13	AGGAAG
C11	106	61	67	AGGAAG
C11	160	18	24	AGGAAG
C11	183	71	77	AGGAAG
C11	236	29	35	AGGAAG
C11	140	24	30	AGCAAG
C11	220	66	72	TGAAAG
C11	127	72	78	TGAAAG
C11	123	24	30	GGAAAG
C11	167	6	12	GGAAAG
C11	58	13	19	AGAAAG
C11	191	1	7	AGAAAG
C11	201	67	73	AGAAAG
C11	34	53	59	CGTCAG
C11	42	9	15	CGTCAG
C11	135	17	23	CGTCAG
C11	176	7	13	CGTCAG
C11	86	26	32	CGTATG
C11	150	30	36	CGTATG
C11	187	60	66	CGTATG
C11	190	14	20	CGTATG
C11	204	31	37	CGTATG
C11	251	22	28	CGTATG
C11	168	29	35	CGTACG
C11	224	9	15	CGTACG
C11	226	12	18	CGTACG
C11	232	62	68	CGTACG
C11	240	72	78	CGTACG
C11	175	26	32	CGTAGG
C11	218	20	26	CGTAGG
C11	118	8	14	CGTTAG
C11	146	29	35	CGTTAG
C11	20	34	40	CGTGAG
C11	71	10	16	CGTGAG
C11	84	9	15	CGTGAG
C11	192	14	20	CGTGAG
C11	207	7	13	CGTGAG
C11	228	46	52	TGTCAG
C11	239	58	64	TGTCAG
C11	248	11	17	TGTCAG
C11	213	5	11	TGTATG
C11	72	8	14	TGTACG
C11	46	42	48	GGTCAG
C11	54	11	17	AGTCAG
C11	60	1	7	AGTCAG
C11	143	69	75	CGTAAC
C11	148	4	10	CGTAAC
C11	246	45	51	CGTAAC
C11	11	29	35	TGTAGG
C11	48	41	47	TGTAGG
C11	210	74	80	TGTAGG
C11	129	59	65	GGTATG
C11	234	31	37	GGTATG
C11	5	5	11	GGTACG
C11	238	0	6	GGTACG
C11	116	67	73	AGTATG
C11	237	28	34	AGTATG
C11	96	43	49	AGTACG
C11	163	70	76	AGTACG
C11	67	63	69	GGTAGG
C11	7	65	71	AGTAGG
C11	231	72	78	AGTAGG
C11	99	4	10	TGTTAG
C11	147	72	78	CGTAAT
C11	45	63	69	TGTGAG
C11	52	4	10	TGTGAG
C11	186	10	16	TGTGAG
C11	6	6	12	CGGCAG
C11	26	40	46	CGGCAG
C11	94	73	79	CTTAAG
C11	137	16	22	CTTAAG
C11	155	24	30	CGCCAG
C11	206	57	63	CGCCAG
C11	211	46	52	CGCCAG
C11	122	23	29	GGTTAG
C11	230	41	47	GGTTAG
C11	156	20	26	AGTTAG
C11	151	46	52	CGGATG
C11	55	24	30	GGTGAG
C11	85	20	26	GGTGAG
C11	95	6	12	GGTGAG
C11	125	0	6	GGTGAG
C11	182	62	68	GGTGAG
C11	216	58	64	GGTGAG
C11	244	51	57	GGTGAG
C11	134	75	81	CGCATG
C11	1	56	62	CGGACG
C11	165	59	65	CGCACG
C11	9	6	12	AGTGAG
C11	62	52	58	AGTGAG
C11	194	10	16	AGTGAG
C11	202	71	77	AGTGAG
C11	254	58	64	AGTGAG
C11	68	4	10	CGGAGG
C11	184	38	44	CGGAGG
C11	235	8	14	CGCAGG
C11	19	5	11	CCTAAG
C11	141	65	71	CCTAAG
C11	188	44	50	CCTAAG
C11	157	74	80	CATAAG
C11	159	32	38	CATAAG
C11	219	25	31	CATAAG
C11	114	71	77	CGCTAG
C11	179	50	56	CGCTAG
C11	193	30	36	CGCTAG
C11	51	50	56	TGGCAG
C11	198	42	48	TGGCAG
C11	22	31	37	TTTAAG
C11	170	13	19	TTTAAG
C11	75	75	81	TGCCAG
C11	178	14	20	TGCCAG
C11	28	60	66	TGGATG
C11	111	4	10	TGGATG
C11	83	64	70	TGCATG
C11	130	9	15	TGCATG
C11	158	30	36	TGCATG
C11	164	1	7	TGCATG
C11	245	46	52	TGCATG
C11	128	75	81	GGGCAG
C11	153	54	60	TGGACG
C11	15	74	80	GTTAAG
C11	13	5	11	GGCCAG
C11	12	46	52	AGGCAG
C11	169	73	79	TGGAGG
C11	81	71	77	AGCCAG
C11	98	61	67	AGCCAG
C11	102	28	34	AGCCAG
C11	24	12	18	TCTAAG
C11	154	41	47	TCTAAG
C11	8	35	41	GGCATG
C11	29	60	66	GGGACG
C11	44	14	20	GGGACG
C11	79	1	7	GGGACG
C11	74	47	53	GGCACG
C11	35	54	60	CGAACG
C11	189	46	52	AGCATG
C11	152	51	57	CGAAGG
C11	43	65	71	AGGAGG
C11	217	3	9	AGGAGG
C11	103	70	76	TGGTAG
C11	241	10	16	TGGTAG
C11	56	0	6	GATAAG
C11	208	53	59	GATAAG
C11	33	75	81	TGCTAG
C11	252	44	50	TGCTAG
C11	131	5	11	ACTAAG
C11	205	9	15	ACTAAG
C11	101	70	76	AATAAG
C11	222	11	17	AATAAG
C11	133	45	51	TGGGAG
C11	10	41	47	CTGAAG
C11	76	54	60	CTGAAG
C11	121	37	43	CTGAAG
C11	227	25	31	GGCTAG
C11	112	69	75	CGATAG
C11	142	70	76	CGATAG
C11	107	4	10	AGCGAG
C11	40	11	17	TGGAAC
C11	88	13	19	CCCAAG
C11	3	56	62	CAGAAG
C11	89	11	17	CACAAG
C11	243	69	75	CACAAG
C11	14	3	9	TGAATG
C11	41	35	41	TGAATG
C11	119	43	49	GGGAAC
C11	181	5	11	GGGAAC
C11	124	14	20	GGCAAC
C11	161	50	56	GGCAAC
C11	39	2	8	CGAAAC
C11	91	7	13	CGAAAC
C11	97	48	54	CGAAAC
C11	4	3	9	AGGAAC
C11	77	61	67	AGGAAC
C11	57	47	53	GGAATG
C11	162	17	23	TGCAAA
C11	195	29	35	GGGAAT
C11	250	64	70	GGGAAT
C11	0	58	64	CGAAAA
C11	17	22	28	GGCAAT
C11	25	25	31	CGAAAT
C11	110	53	59	GTGAAG
C11	16	36	42	ATCAAG
C11	115	43	49	GGATAG
C11	113	68	74	GAGAAG
C11	221	75	81	ACCAAG
C11	233	48	54	CGTCCG
C11	144	6	12	CGTGCG
C11	82	75	81	TGTCTG
C11	223	18	24	TGTCTG
C11	69	54	60	TGTCCG
C11	66	49	55	CGTCAA
C11	90	28	34	CGTTAT
C11	229	29	35	CGTTAT
C11	93	3	9	GGTATC
C11	166	9	15	GGTATC
C11	30	46	52	GGTACC
C12	0	37	43	TATAAT
C12	1	7	13	TATAAT
C12	2	70	76	TATAAT
C12	3	75	81	TATAAT
C12	4	25	31	TATAAT
C12	5	21	27	TATAAT
C12	6	47	53	TATAAT
C12	7	44	50	TATAAT
C12	8	6	12	TATAAT
C12	9	58	64	TATAAT
C12	10	25	31	TATAAT
C12	11	53	59	TATAAT
C12	12	66	72	TATAAT
C12	13	39	45	TATAAT
C12	14	27	33	TATAAT
C12	15	33	39	TATAAT
C12	16	57	63	TATAAT
C12	17	74	80	TATAAT
C12	18	71	77	TATAAT
C12	19	46	52	TATAAT
C12	20	74	80	TATAAT
C12	21	69	75	TATAAT
C12	22	50	56	TATAAT
C12	23	41	47	TATAAT
C12	24	35	41	TATAAT
C12	25	68	74	TATAAT
C12	26	34	40	TATAAT
C12	27	62	68	TATAAT
C12	28	55	61	TATAAT
C12	29	27	33	TATAAT
C12	30	25	31	TATAAT
C12	31	32	38	TATAAT
C12	32	73	79	TATAAT
C12	33	42	48	TATAAT
C12	34	12	18	TATAAT
C12	35	34	40	TATAAT
C12	36	66	72	TATAAT
C12	37	6	12	TATAAT
C12	38	66	72	TATAAT
C12	39	47	53	TATAAT
C12	40	55	61	TATAAT
C12	41	18	24	TATAAT
C12	42	63	69	TATAAT
C12	43	47	53	TATAAT
C12	44	65	71	TATAAT
C12	45	28	34	TATAAT
C12	46	14	20	TATAAT
C12	47	10	16	TATAAT
C12	48	57	63	TATAAT
C12	49	22	28	TATAAT
C12	50	6	12	TATAAT
C12	51	69	75	TATAAT
C12	52	50	56	TATAAT
C12	53	44	50	TATAAT
C12	54	31	37	TATAAT
C12	55	75	81	TATAAT
C12	56	28	34	TATAAT
C12	57	9	15	TATAAT
C12	58	64	70	TATAAT
C12	59	12	18	TATAAT
C12	60	53	59	TATAAT
C12	61	20	26	TATAAT
C12	62	8	14	TATAAT
C12	63	41	47	TATAAT
C12	64	59	65	TATAAT
C12	65	44	50	TATAAT
C12	66	36	42	TATAAT
C12	67	39	45	TATAAT
C12	68	22	28	TATAAT
C12	69	19	25	TATAAT
C12	70	32	38	TATAAT
C12	71	45	51	TATAAT
C12	72	50	56	TATAAT
C12	73	64	70	TATAAT
C12	74	27	33	TATAAT
C12	75	27	33	TATAAT
C12	76	69	75	TATAAT
C12	77	11	17	TATAAT
C12	78	15	21	TATAAT
C12	79	29	35	TATAAT
C12	80	64	70	TATAAT
C12	81	31	37	TATAAT
C12	82	58	64	TATAAT
C12	83	47	53	TATAAT
C12	84	30	36	TATAAT
C12	85	68	74	TATAAT
C12	86	71	77	TATAAT
C12	87	18	24	TATAAT
C12	88	6	12	TATAAT
C12	89	72	78	TATAAT
C12	90	55	61	TATAAT
C12	91	27	33	TATAAT
C12	92	37	43	TATAAT
C12	93	42	48	TATAAT
C12	94	45	51	TATAAT
C12	95	31	37	TATAAT
C12	96	64	70	TATAAT
C12	97	27	33	TATAAT
C12	98	52	58	TATAAT
C12	99	33	39	TATAAT
C12	100	55	61	TATAAT
C12	101	67	73	TATAAT
C12	102	22	28	TATAAT
C12	103	22	28	TATAAT
C12	104	30	36	TATAAT
C12	105	23	29	TATAAT
C12	106	42	48	TATAAT
C12	107	69	75	TATAAT
C12	108	11	17	TATAAT
C12	109	44	50	TATAAT
C12	110	32	38	TATAAT
C12	111	39	45	TATAAT
C12	112	55	61	TATAAT
C12	113	18	24	TATAAT
C12	114	40	46	TATAAT
C12	115	21	27	TATAAT
C12	116	7	13	TATAAT
C12	117	15	21	TATAAT
C12	118	30	36	TATAAT
C12	119	60	66	TATAAT
C12	120	55	61	TATAAT
C12	121	58	64	TATAAT
C12	122	65	71	TATAAT
C12	123	56	62	TATAAT
C12	124	7	13	TATAAT
C12	125	26	32	TATAAT
C12	126	15	21	TATAAT
C12	127	53	59	TATAAT
C12	128	29	35	TATAAT
C12	129	39	45	TATAAT
C12	130	51	57	TATAAT
C12	131	38	44	TATAAT
C12	132	39	45	TATAAT
C12	133	36	42	TATAAT
C12	134	67	73	TATAAT
C12	135	39	45	TATAAT
C12	136	68	74	TATAAT
C12	137	10	16	TATAAT
C12	138	53	59	TATAAT
C12	139	13	19	TATAAT
C12	140	6	12	TATAAT
C12	141	13	19	TATAAT
C12	142	61	67	TATAAT
C12	143	7	13	TATAAT
C12	144	63	69	TATAAT
C12	145	46	52	TATAAT
C12	146	75	81	TATAAT
C12	147	49	55	TATAAT
C12	148	55	61	TATAAT
C12	149	48	54	TATAAT
C12	150	9	15	TATAAT
C12	151	21	27	TATAAT
C12	152	66	72	TATAAT
C12	153	48	54	TATAAT
C12	154	74	80	TATAAT
C12	155	53	59	TATAAT
C12	156	39	45	TATAAT
C12	157	32	38	TATAAT
C12	158	22	28	TATAAT
C12	159	6	12	TATAAT
C12	160	11	17	TATAAT
C12	161	33	39	TATAAT
C12	162	33	39	TATAAT
C12	163	18	24	TATAAT
C12	164	19	25	TATAAT
C12	165	46	52	TATAAT
C12	166	58	64	TATAAT
C12	167	29	35	TATAAT
C12	168	20	26	TATAAT
C12	169	41	47	TATAAT
C12	170	28	34	TATAAT
C12	171	10	16	TATAAT
C12	172	17	23	TATAAT
C12	173	21	27	TATAAT
C12	174	45	51	TATAAT
C12	175	63	69	TATAAT
C12	176	73	79	TATAAT
C12	177	18	24	TATAAT
C12	178	50	56	TATAAT
C12	179	27	33	TATAAT
C12	180	10	16	TATAAT
C12	181	66	72	TATAAT
C12	182	24	30	TATAAT
C12	183	13	19	TATAAT
C12	184	54	60	TATAAT
C12	185	17	23	TATAAT
C12	186	45	51	TATAAT
C12	187	9	15	TATAAT
C12	188	65	71	TATAAT
C12	189	62	68	TATAAT
C12	190	45	51	TATAAT
C12	191	29	35	TATAAT
C12	192	61	67	TATAAT
C12	193	46	52	TATAAT
C12	194	59	65	TATAAT
C12	195	40	46	TATAAT
C12	196	30	36	TATAAT
C12	197	73	79	TATAAT
C12	198	37	43	TATAAT
C12	199	73	79	TATAAT
C12	200	7	13	TATAAT
C12	201	40	46	TATAAT
C12	202	42	48	TATAAT
C12	203	20	26	TATAAT
C12	204	15	21	TATAAT
C12	205	61	67	TATAAT
C12	206	20	26	TATAAT
C12	207	31	37	TATAAT
C12	208	66	72	TATAAT
C12	209	33	39	TATAAT
C12	210	17	23	TATAAT
C12	211	65	71	TATAAT
C12	212	73	79	TATAAT
C12	213	33	39	TATAAT
C12	214	35	41	TATAAT
C12	215	61	67	TATAAT
C12	216	14	20	TATAAT
C12	217	64	70	TATAAT
C12	218	67	73	TATAAT
C12	219	59	65	TATAAT
C12	220	44	50	TATAAT
C12	221	57	63	TATAAT
C12	222	64	70	TATAAT
C12	223	56	62	TATAAT
C12	224	45	51	TATAAT
C12	225	19	25	TATAAT
C12	226	30	36	TATAAT
C12	227	10	16	TATAAT
C12	228	14	20	TATAAT
C12	229	58	64	TATAAT
C12	230	27	33	TATAAT
C12	231	7	13	TATAAT
C12	232	48	54	TATAAT
C12	233	23	29	TATAAT
C12	234	16	22	TATAAT
C12	235	37	43	TATAAT
C12	236	56	62	TATAAT
C12	237	51	57	TATAAT
C12	238	55	61	TATAAT
C12	239	46	52	TATAAT
C12	240	28	34	TATAAT
C12	241	45	51	TATAAT
C12	242	28	34	TATAAT
C12	243	33	39	TATAAT
C12	244	44	50	TATAAT
C12	245	14	20	TATAAT
C12	246	59	65	TATAAT
C12	247	56	62	TATAAT
C12	248	31	37	TATAAT
C12	249	40	46	TATAAT
C12	250	30	36	TATAAT
C12	251	9	15	TATAAT
C12	252	58	64	TATAAT
C12	253	59	65	TATAAT
C12	254	52	58	TATAAT
C12	255	25	31	TATAAT
C13	4	63	69	CTCCCC
C13	124	71	77	CTCCCC
C13	129	24	30	CTCCCC
C13	192	71	77	CTCCCC
C13	238	37	43	CTCCCC
C13	31	64	70	CTACCC
C13	133	70	76	CTACCC
C13	253	20	26	CTACCC
C13	0	6	12	CCCCCC
C13	84	15	21	CCCCCC
C13	112	41	47	CCCCCC
C13	203	75	81	CCCCCC
C13	208	12	18	CCCCCC
C13	27	35	41	CGCCCC
C13	38	12	18	CGCCCC
C13	131	17	23	CGCCCC
C13	163	47	53	CGCCCC
C13	181	53	59	CGCCCC
C13	202	2	8	CGCCCC
C13	6	66	72	CCACCC
C13	215	24	30	CGACCC
C13	57	66	72	GTCCCC
C13	193	25	31	GTCCCC
C13	148	33	39	CACCCC
C13	211	20	26	CACCCC
C13	234	53	59	CACCCC
C13	2	56	62	CTTCCC
C13	156	65	71	CTTCCC
C13	254	30	36	CTTCCC
C13	82	69	75	GTACCC
C13	138	8	14	GTACCC
C13	184	3	9	GTACCC
C13	233	43	49	GTACCC
C13	189	19	25	CAACCC
C13	218	43	49	CAACCC
C13	121	20	26	ATCCCC
C13	167	66	72	ATCCCC
C13	69	45	51	CCGCCC
C13	209	64	70	CCGCCC
C13	16	5	11	GCCCCC
C13	51	29	35	GCCCCC
C13	188	40	46	GCCCCC
C13	93	27	33	CGGCCC
C13	127	65	71	CGGCCC
C13	143	43	49	CGGCCC
C13	13	26	32	CCTCCC
C13	92	58	64	CCTCCC
C13	132	11	17	CCTCCC
C13	14	38	44	ATACCC
C13	63	75	81	ATACCC
C13	88	10	16	ATACCC
C13	100	75	81	ATACCC
C13	200	52	58	GGCCCC
C13	210	65	71	TTCCCC
C13	178	33	39	CGTCCC
C13	30	33	39	GCACCC
C13	122	17	23	GCACCC
C13	154	54	60	GCACCC
C13	157	53	59	GCACCC
C13	90	71	77	GGACCC
C13	98	67	73	GGACCC
C13	7	15	21	TTACCC
C13	39	58	64	TTACCC
C13	48	62	68	TTACCC
C13	161	13	19	TTACCC
C13	196	62	68	TTACCC
C13	19	74	80	GTGCCC
C13	41	6	12	GTGCCC
C13	49	72	78	GTGCCC
C13	79	17	23	GTGCCC
C13	115	48	54	GTGCCC
C13	186	30	36	GTGCCC
C13	66	16	22	CAGCCC
C13	140	44	50	CAGCCC
C13	116	72	78	GACCCC
C13	155	0	6	GTTCCC
C13	172	73	79	GTTCCC
C13	213	42	48	CATCCC
C13	239	21	27	CATCCC
C13	249	1	7	CATCCC
C13	103	47	53	CTCCAC
C13	141	42	48	CTCCAC
C13	91	40	46	AGCCCC
C13	81	5	11	CTCCTC
C13	169	67	73	CTCCTC
C13	142	13	19	ACACCC
C13	151	58	64	ACACCC
C13	183	49	55	ACACCC
C13	89	5	11	CTCCGC
C13	104	6	12	GAACCC
C13	165	70	76	GAACCC
C13	185	50	56	GAACCC
C13	243	74	80	GAACCC
C13	228	25	31	CTACAC
C13	159	51	57	CTCCCA
C13	244	18	24	CTCCCA
C13	94	18	24	AGACCC
C13	197	23	29	AGACCC
C13	97	9	15	ATGCCC
C13	106	22	28	ATGCCC
C13	220	74	80	ATGCCC
C13	74	71	77	CTACTC
C13	173	47	53	CTACTC
C13	177	29	35	CTACTC
C13	12	0	6	CTACGC
C13	176	51	57	CTACGC
C13	9	32	38	CTCGCC
C13	21	24	30	CTCGCC
C13	108	52	58	CTCGCC
C13	147	12	18	CTCGCC
C13	47	26	32	TCACCC
C13	128	0	6	TCACCC
C13	182	3	9	AACCCC
C13	105	64	70	CTACCA
C13	195	54	60	CTACCA
C13	216	73	79	CTACCA
C13	221	12	18	CTACCA
C13	43	27	33	CTCCCG
C13	56	16	22	CTCCCG
C13	120	61	67	CTCCCG
C13	113	41	47	CTAACC
C13	125	35	41	CTAACC
C13	153	34	40	CTAGCC
C13	54	66	72	GGGCCC
C13	11	70	76	TTGCCC
C13	60	7	13	CTACCG
C13	101	32	38	CGCCAC
C13	150	45	51	CGCCAC
C13	162	6	12	CCACAC
C13	235	24	30	CCACAC
C13	15	39	45	CGCCGC
C13	109	54	60	CGCCGC
C13	179	66	72	CGCCGC
C13	130	56	62	TAACCC
C13	222	69	75	TAACCC
C13	23	5	11	ACGCCC
C13	34	70	76	ACGCCC
C13	35	57	63	ACGCCC
C13	110	12	18	ACGCCC
C13	24	71	77	CCACTC
C13	232	11	17	CCACTC
C13	8	24	30	CCACGC
C13	18	1	7	CGACAC
C13	37	65	71	CCATCC
C13	44	46	52	CCATCC
C13	75	11	17	CTGCAC
C13	246	31	37	CTGCAC
C13	3	6	12	GATCCC
C13	231	24	30	GATCCC
C13	1	22	28	GTCCAC
C13	55	51	57	GTCCAC
C13	86	7	13	GTCCAC
C13	119	3	9	GTCCAC
C13	152	72	78	CTGCGC
C13	248	45	51	CTGCGC
C13	36	42	48	CGATCC
C13	236	68	74	CGATCC
C13	223	74	80	CACCAC
C13	245	35	41	CTGTCC
C13	160	35	41	GTCCTC
C13	71	5	11	CCAGCC
C13	227	33	39	CCAGCC
C13	219	21	27	CGACCA
C13	241	57	63	CGACCA
C13	59	21	27	CTTCTC
C13	96	0	6	CTTCTC
C13	212	33	39	CTGCCA
C13	107	56	62	GTCTCC
C13	230	12	18	CACCGC
C13	87	3	9	CGAACC
C13	52	29	35	CTTTCC
C13	149	23	29	CTTTCC
C13	76	33	39	TGGCCC
C13	170	42	48	CTGGCC
C13	45	15	21	CAACAC
C13	139	34	40	CAACAC
C13	134	33	39	GTACTC
C13	207	41	47	GTACTC
C13	251	64	70	GTACTC
C13	78	63	69	GTACGC
C13	168	30	36	GTACGC
C13	206	55	61	GTCGCC
C13	28	39	45	CAACTC
C13	53	10	16	CAACTC
C13	146	9	15	CAACTC
C13	10	55	61	CACACC
C13	190	63	69	CACACC
C13	33	29	35	GTATCC
C13	58	31	37	GTATCC
C13	166	10	16	GTATCC
C13	226	45	51	CAACGC
C13	164	66	72	CACGCC
C13	204	71	77	CACGCC
C13	17	24	30	CAATCC
C13	40	70	76	CAATCC
C13	137	30	36	CAATCC
C13	175	7	13	GTACCA
C13	67	10	16	GTAACC
C13	99	65	71	GTAGCC
C13	145	55	61	GTAGCC
C13	199	15	21	GTAGCC
C13	25	16	22	ATCCTC
C13	126	24	30	ATCCTC
C13	61	51	57	CAAGCC
C13	237	20	26	CAAGCC
C13	198	16	22	GTACCG
C13	77	46	52	CGGCAC
C13	174	62	68	CGGCGC
C13	205	44	50	CGGCGC
C13	5	9	15	CGGTCC
C13	32	48	54	GCACAC
C13	95	61	67	GCACAC
C13	255	56	62	GCCGCC
C13	135	13	19	ATCCCG
C13	229	68	74	CGTTCC
C13	64	73	79	GGACTC
C13	118	37	43	CGTGCC
C13	65	48	54	ATACCG
C13	117	0	6	ACCCGC
C13	114	21	27	TTAGCC
C13	62	57	63	GAACAC
C13	136	54	60	GAACAC
C13	158	1	7	CAGGCC
C13	85	26	32	CTCCAA
C13	50	41	47	ACACGC
C13	102	71	77	GAACGC
C14	28	6	12	GAATTT
C14	34	36	42	GAATTT
C14	54	5	11	GAATTT
C14	79	56	62	GAATTT
C14	110	42	48	GAATTT
C14	111	13	19	GAATTT
C14	141	3	9	GAATTT
C14	174	55	61	GAATTT
C14	178	62	68	GAATTT
C14	204	4	10	GAATTT
C14	213	0	6	GAATTT
C14	1	38	44	TAATTT
C14	6	49	55	TAATTT
C14	13	41	47	TAATTT
C14	38	68	74	TAATTT
C14	40	30	36	TAATTT
C14	71	47	53	TAATTT
C14	72	52	58	TAATTT
C14	98	54	60	TAATTT
C14	127	55	61	TAATTT
C14	138	69	75	TAATTT
C14	150	11	17	TAATTT
C14	163	20	26	TAATTT
C14	198	25	31	TAATTT
C14	205	63	69	TAATTT
C14	219	61	67	TAATTT
C14	223	58	64	TAATTT
C14	226	32	38	TAATTT
C14	228	16	22	TAATTT
C14	20	19	25	GAATCT
C14	76	25	31	GAATCT
C14	113	26	32	GAATCT
C14	134	19	25	GAATCT
C14	209	10	16	GAATCT
C14	33	57	63	CAATTT
C14	64	65	71	CAATTT
C14	104	20	26	CAATTT
C14	159	72	78	CAATTT
C14	164	32	38	CAATTT
C14	171	0	6	CAATTT
C14	253	36	42	CAATTT
C14	45	7	13	GTATTT
C14	115	61	67	GTATTT
C14	121	74	80	GTATTT
C14	210	7	13	GTATTT
C14	254	8	14	GTATTT
C14	68	56	62	GAATAT
C14	92	2	8	GAATAT
C14	118	19	25	GAATAT
C14	224	52	58	GAATAT
C14	250	0	6	GAATAT
C14	96	19	25	AAATTT
C14	236	13	19	AAATTT
C14	32	14	20	GCATTT
C14	51	9	15	GCATTT
C14	61	67	73	GCATTT
C14	67	27	33	GCATTT
C14	75	70	76	GCATTT
C14	78	67	73	GCATTT
C14	81	60	66	GGATTT
C14	86	49	55	GGATTT
C14	173	4	10	GGATTT
C14	184	44	50	GGATTT
C14	217	7	13	GGATTT
C14	238	72	78	GGATTT
C14	3	21	27	GAATTA
C14	49	65	71	GAATTA
C14	85	39	45	GAATTA
C14	216	2	8	GAATTA
C14	225	7	13	GAATTC
C14	0	26	32	GACTTT
C14	4	31	37	GACTTT
C14	19	59	65	GACTTT
C14	149	21	27	GACTTT
C14	160	58	64	GACTTT
C14	177	72	78	GACTTT
C14	243	53	59	GACTTT
C14	139	3	9	GAGTTT
C14	152	56	62	GAGTTT
C14	165	23	29	GAGTTT
C14	221	30	36	GAGTTT
C14	227	0	6	GAGTTT
C14	229	38	44	GAGTTT
C14	41	51	57	GAATTG
C14	65	35	41	GAATTG
C14	69	59	65	GAATTG
C14	114	11	17	GAATTG
C14	195	31	37	GAATTG
C14	197	64	70	GAATTG
C14	2	72	78	TAATCT
C14	16	59	65	TAATCT
C14	25	70	76	TAATCT
C14	29	29	35	TAATCT
C14	56	30	36	TAATCT
C14	59	14	20	TAATCT
C14	94	6	12	TAATCT
C14	103	24	30	TAATCT
C14	106	75	81	TAATCT
C14	117	17	23	TAATCT
C14	119	62	68	TAATCT
C14	120	57	63	TAATCT
C14	129	68	74	TAATCT
C14	131	40	46	TAATCT
C14	137	12	18	TAATCT
C14	147	74	80	TAATCT
C14	166	47	53	TAATCT
C14	189	64	70	TAATCT
C14	192	63	69	TAATCT
C14	214	37	43	TAATCT
C14	218	69	75	TAATCT
C14	234	18	24	TAATCT
C14	255	27	33	TAATCT
C14	5	46	52	GATTTT
C14	23	31	37	GATTTT
C14	14	29	35	TAATGT
C14	26	67	73	TAATGT
C14	36	68	74	TAATGT
C14	50	8	14	TAATGT
C14	84	32	38	TAATGT
C14	95	33	39	TAATGT
C14	144	65	71	TAATGT
C14	155	55	61	TAATGT
C14	187	11	17	TAATGT
C14	246	61	67	TAATGT
C14	252	60	66	TAATGT
C14	22	11	17	TTATTT
C14	27	52	58	TTATTT
C14	77	18	24	TTATTT
C14	143	12	18	TTATTT
C14	247	32	38	TTATTT
C14	9	60	66	TAATAT
C14	74	29	35	TAATAT
C14	135	41	47	TAATAT
C14	142	63	69	TAATAT
C14	151	23	29	TAATAT
C14	190	47	53	TAATAT
C14	206	22	28	TAATAT
C14	242	30	36	TAATAT
C14	251	11	17	TAATAT
C14	87	38	44	GAAGTT
C14	100	45	51	GAAGTT
C14	108	42	48	GAAGTT
C14	161	9	15	GAAGTT
C14	172	26	32	GAAGTT
C14	101	8	14	GAACTT
C14	122	8	14	GAACTT
C14	156	62	68	GAACTT
C14	211	36	42	GAACTT
C14	237	41	47	GAACTT
C14	180	39	45	GAAATT
C14	245	4	10	GAAATT
C14	53	19	25	TCATTT
C14	70	22	28	TCATTT
C14	175	42	48	TCATTT
C14	158	9	15	TGATTT
C14	207	49	55	TGATTT
C14	208	35	41	TGATTT
C14	18	16	22	TAATTA
C14	37	8	14	TAATTA
C14	48	59	65	TAATTA
C14	82	60	66	TAATTA
C14	112	57	63	TAATTA
C14	124	20	26	TAATTA
C14	140	8	14	TAATTA
C14	239	48	54	TAATTA
C14	8	8	14	TAATTC
C14	24	5	11	TAATTC
C14	42	65	71	TAATTC
C14	52	52	58	TAATTC
C14	80	0	6	TAATTC
C14	97	29	35	TAATTC
C14	105	25	31	TAATTC
C14	107	71	77	TAATTC
C14	145	48	54	TAATTC
C14	157	34	40	TAATTC
C14	167	31	37	TAATTC
C14	169	43	49	TAATTC
C14	35	24	30	TACTTT
C14	199	63	69	TACTTT
C14	241	35	41	TACTTT
C14	63	31	37	TAGTTT
C14	83	27	33	TAGTTT
C14	222	18	24	CAATCT
C14	170	6	12	GTATCT
C14	60	16	22	TATTTT
C14	66	71	77	TATTTT
C14	99	58	64	AAATCT
C14	233	57	63	CAATGT
C14	235	74	80	CTATTT
C14	11	24	30	GCATCT
C14	21	20	26	GCATCT
C14	220	2	8	GCATCT
C14	31	20	26	GTATGT
C14	185	40	46	GTATGT
C14	153	61	67	CAATAT
C14	194	32	38	CAATAT
C14	125	5	11	GAATCA
C14	148	10	16	GAATCA
C14	47	73	79	GTATAT
C14	123	11	17	GTATAT
C14	179	38	44	GTATAT
C14	203	52	58	GAATCC
C14	91	65	71	AAATGT
C14	248	8	14	AAATGT
C14	162	63	69	CCATTT
C14	186	34	40	CCATTT
C14	130	38	44	CGATTT
C14	126	72	78	CAATTA
C14	193	70	76	GCATGT
C14	57	48	54	GAATGA
C14	201	72	78	GTATTA
C14	58	1	7	AGATTT
C14	15	60	66	GACTCT
C14	196	46	52	GACTCT
C14	249	9	15	GCATTA
C14	240	1	7	GGATTA
C14	39	70	76	GGATTC
C14	109	7	13	CAGTTT
C14	244	66	72	GTCTTT
C14	202	10	16	GAGTGT
C14	7	7	13	GACTAT
C14	12	51	57	GACTAT
C14	230	70	76	GACTAT
C14	116	66	72	GAGTAT
C14	188	2	8	GAGTAT
C14	46	48	54	GTATTG
C14	73	46	52	TTATCT
C14	128	51	57	GATTGT
C14	215	51	57	GCCTTT
C14	133	17	23	GATTAT
C14	200	43	49	GATTAT
C14	212	63	69	GGCTTT
C14	90	44	50	GAACCT
C14	93	49	55	GAACCT
C14	132	45	51	GAACCT
C14	146	18	24	GAACCT
C14	232	17	23	GAGTTC
C14	231	9	15	TAATCA
C14	17	60	66	TTATAT
C14	182	14	20	GTACTT
C14	191	7	13	GTACTT
C14	102	63	69	GAGTTG
C14	10	7	13	TAGTGT
C14	89	47	53	TCGTTT
C14	44	3	9	CAATCA
C14	62	74	80	CACTCT
C14	43	52	58	TAACTA
C14	136	1	7	CAGTGT
C14	183	54	60	CTTTTT
C15	0	31	37	TTGACA
C15	1	1	7	TTGACA
C15	2	64	70	TTGACA
C15	3	69	75	TTGACA
C15	4	19	25	TTGACA
C15	5	15	21	TTGACA
C15	6	41	47	TTGACA
C15	7	38	44	TTGACA
C15	8	0	6	TTGACA
C15	9	52	58	TTGACA
C15	10	19	25	TTGACA
C15	11	47	53	TTGACA
C15	12	60	66	TTGACA
C15	13	33	39	TTGACA
C15	14	21	27	TTGACA
C15	15	27	33	TTGACA
C15	16	51	57	TTGACA
C15	17	68	74	TTGACA
C15	18	65	71	TTGACA
C15	19	40	46	TTGACA
C15	20	68	74	TTGACA
C15	21	63	69	TTGACA
C15	22	44	50	TTGACA
C15	23	35	41	TTGACA
C15	24	29	35	TTGACA
C15	25	62	68	TTGACA
C15	26	59	65	TTGACA
C15	27	56	62	TTGACA
C15	28	49	55	TTGACA
C15	29	21	27	TTGACA
C15	30	19	25	TTGACA
C15	31	26	32	TTGACA
C15	32	67	73	TTGACA
C15	33	36	42	TTGACA
C15	34	6	12	TTGACA
C15	35	28	34	TTGACA
C15	36	60	66	TTGACA
C15	37	0	6	TTGACA
C15	38	60	66	TTGACA
C15	39	41	47	TTGACA
C15	40	49	55	TTGACA
C15	41	12	18	TTGACA
C15	42	57	63	TTGACA
C15	43	13	19	TTGACA
C15	44	59	65	TTGACA
C15	45	22	28	TTGACA
C15	46	8	14	TTGACA
C15	47	4	10	TTGACA
C15	48	51	57	TTGACA
C15	49	16	22	TTGACA
C15	50	0	6	TTGACA
C15	51	63	69	TTGACA
C15	52	44	50	TTGACA
C15	53	38	44	TTGACA
C15	54	25	31	TTGACA
C15	55	69	75	TTGACA
C15	56	22	28	TTGACA
C15	57	3	9	TTGACA
C15	58	58	64	TTGACA
C15	59	6	12	TTGACA
C15	60	47	53	TTGACA
C15	61	14	20	TTGACA
C15	62	2	8	TTGACA
C15	63	35	41	TTGACA
C15	64	53	59	TTGACA
C15	65	38	44	TTGACA
C15	66	30	36	TTGACA
C15	67	4	10	TTGACA
C15	68	16	22	TTGACA
C15	69	13	19	TTGACA
C15	70	26	32	TTGACA
C15	71	39	45	TTGACA
C15	72	44	50	TTGACA
C15	73	58	64	TTGACA
C15	74	21	27	TTGACA
C15	75	21	27	TTGACA
C15	76	63	69	TTGACA
C15	77	5	11	TTGACA
C15	78	9	15	TTGACA
C15	79	23	29	TTGACA
C15	80	58	64	TTGACA
C15	81	25	31	TTGACA
C15	82	52	58	TTGACA
C15	83	41	47	TTGACA
C15	84	24	30	TTGACA
C15	85	62	68	TTGACA
C15	86	65	71	TTGACA
C15	87	12	18	TTGACA
C15	88	0	6	TTGACA
C15	89	66	72	TTGACA
C15	90	49	55	TTGACA
C15	91	21	27	TTGACA
C15	92	31	37	TTGACA
C15	93	36	42	TTGACA
C15	94	39	45	TTGACA
C15	95	25	31	TTGACA
C15	96	58	64	TTGACA
C15	97	21	27	TTGACA
C15	98	46	52	TTGACA
C15	99	27	33	TTGACA
C15	100	49	55	TTGACA
C15	101	61	67	TTGACA
C15	102	16	22	TTGACA
C15	103	16	22	TTGACA
C15	104	24	30	TTGACA
C15	105	17	23	TTGACA
C15	106	36	42	TTGACA
C15	107	63	69	TTGACA
C15	108	5	11	TTGACA
C15	109	38	44	TTGACA
C15	110	26	32	TTGACA
C15	111	33	39	TTGACA
C15	112	49	55	TTGACA
C15	113	12	18	TTGACA
C15	114	34	40	TTGACA
C15	115	15	21	TTGACA
C15	116	1	7	TTGACA
C15	117	9	15	TTGACA
C15	118	24	30	TTGACA
C15	119	54	60	TTGACA
C15	120	49	55	TTGACA
C15	121	52	58	TTGACA
C15	122	59	65	TTGACA
C15	123	50	56	TTGACA
C15	124	1	7	TTGACA
C15	125	20	26	TTGACA
C15	126	9	15	TTGACA
C15	127	47	53	TTGACA
C15	128	23	29	TTGACA
C15	129	33	39	TTGACA
C15	130	45	51	TTGACA
C15	131	32	38	TTGACA
C15	132	33	39	TTGACA
C15	133	30	36	TTGACA
C15	134	61	67	TTGACA
C15	135	33	39	TTGACA
C15	136	62	68	TTGACA
C15	137	4	10	TTGACA
C15	138	47	53	TTGACA
C15	139	7	13	TTGACA
C15	140	0	6	TTGACA
C15	141	7	13	TTGACA
C15	142	55	61	TTGACA
C15	143	1	7	TTGACA
C15	144	57	63	TTGACA
C15	145	40	46	TTGACA
C15	146	69	75	TTGACA
C15	147	43	49	TTGACA
C15	148	49	55	TTGACA
C15	149	42	48	TTGACA
C15	150	3	9	TTGACA
C15	151	15	21	TTGACA
C15	152	29	35	TTGACA
C15	153	42	48	TTGACA
C15	154	68	74	TTGACA
C15	155	47	53	TTGACA
C15	156	33	39	TTGACA
C15	157	26	32	TTGACA
C15	158	16	22	TTGACA
C15	159	0	6	TTGACA
C15	160	5	11	TTGACA
C15	161	27	33	TTGACA
C15	162	27	33	TTGACA
C15	163	12	18	TTGACA
C15	164	13	19	TTGACA
C15	165	40	46	TTGACA
C15	166	52	58	TTGACA
C15	167	23	29	TTGACA
C15	168	14	20	TTGACA
C15	169	35	41	TTGACA
C15	170	22	28	TTGACA
C15	171	4	10	TTGACA
C15	172	11	17	TTGACA
C15	173	15	21	TTGACA
C15	174	39	45	TTGACA
C15	175	57	63	TTGACA
C15	176	67	73	TTGACA
C15	177	12	18	TTGACA
C15	178	44	50	TTGACA
C15	179	21	27	TTGACA
C15	180	4	10	TTGACA
C15	181	60	66	TTGACA
C15	182	18	24	TTGACA
C15	183	7	13	TTGACA
C15	184	48	54	TTGACA
C15	185	11	17	TTGACA
C15	186	39	45	TTGACA
C15	187	3	9	TTGACA
C15	188	59	65	TTGACA
C15	189	56	62	TTGACA
C15	190	39	45	TTGACA
C15	191	23	29	TTGACA
C15	192	55	61	TTGACA
C15	193	40	46	TTGACA
C15	194	53	59	TTGACA
C15	195	34	40	TTGACA
C15	196	24	30	TTGACA
C15	197	67	73	TTGACA
C15	198	31	37	TTGACA
C15	199	67	73	TTGACA
C15	200	1	7	TTGACA
C15	201	34	40	TTGACA
C15	202	36	42	TTGACA
C15	203	14	20	TTGACA
C15	204	9	15	TTGACA
C15	205	55	61	TTGACA
C15	206	14	20	TTGACA
C15	207	25	31	TTGACA
C15	208	60	66	TTGACA
C15	209	27	33	TTGACA
C15	210	11	17	TTGACA
C15	211	59	65	TTGACA
C15	212	67	73	TTGACA
C15	213	27	33	TTGACA
C15	214	29	35	TTGACA
C15	215	55	61	TTGACA
C15	216	8	14	TTGACA
C15	217	58	64	TTGACA
C15	218	61	67	TTGACA
C15	219	53	59	TTGACA
C15	220	38	44	TTGACA
C15	221	51	57	TTGACA
C15	222	40	46	TTGACA
C15	223	50	56	TTGACA
C15	224	39	45	TTGACA
C15	225	13	19	TTGACA
C15	226	24	30	TTGACA
C15	227	4	10	TTGACA
C15	228	8	14	TTGACA
C15	229	52	58	TTGACA
C15	230	21	27	TTGACA
C15	231	1	7	TTGACA
C15	232	42	48	TTGACA
C15	233	17	23	TTGACA
C15	234	10	16	TTGACA
C15	235	31	37	TTGACA
C15	236	50	56	TTGACA
C15	237	45	51	TTGACA
C15	238	49	55	TTGACA
C15	239	40	46	TTGACA
C15	240	22	28	TTGACA
C15	241	39	45	TTGACA
C15	242	22	28	TTGACA
C15	243	27	33	TTGACA
C15	244	38	44	TTGACA
C15	245	8	14	TTGACA
C15	246	53	59	TTGACA
C15	247	50	56	TTGACA
C15	248	25	31	TTGACA
C15	249	34	40	TTGACA
C15	250	24	30	TTGACA
C15	251	3	9	TTGACA
C15	252	52	58	TTGACA
C15	253	53	59	TTGACA
C15	254	46	52	TTGACA
C15	255	19	25	TTGACA
C16	0	33	39	GACATA
C16	1	3	9	GACATA
C16	2	66	72	GACATA
C16	3	71	77	GACATA
C16	4	21	27	GACATA
C16	5	17	23	GACATA
C16	6	43	49	GACATA
C16	7	40	46	GACATA
C16	8	2	8	GACATA
C16	9	54	60	GACATA
C16	10	21	27	GACATA
C16	11	49	55	GACATA
C16	12	62	68	GACATA
C16	13	35	41	GACATA
C16	14	23	29	GACATA
C16	15	29	35	GACATA
C16	16	53	59	GACATA
C16	17	70	76	GACATA
C16	18	67	73	GACATA
C16	19	42	48	GACATA
C16	20	70	76	GACATA
C16	21	65	71	GACATA
C16	22	46	52	GACATA
C16	23	37	43	GACATA
C16	24	31	37	GACATA
C16	25	64	70	GACATA
C16	26	61	67	GACATA
C16	27	58	64	GACATA
C16	28	51	57	GACATA
C16	29	23	29	GACATA
C16	30	21	27	GACATA
C16	31	28	34	GACATA
C16	32	69	75	GACATA
C16	33	38	44	GACATA
C16	34	8	14	GACATA
C16	35	30	36	GACATA
C16	36	62	68	GACATA
C16	37	2	8	GACATA
C16	38	62	68	GACATA
C16	39	43	49	GACATA
C16	40	51	57	GACATA
C16	41	14	20	GACATA
C16	42	59	65	GACATA
C16	43	43	49	GACATA
C16	44	61	67	GACATA
C16	45	24	30	GACATA
C16	46	10	16	GACATA
C16	47	6	12	GACATA
C16	48	53	59	GACATA
C16	49	18	24	GACATA
C16	50	2	8	GACATA
C16	51	65	71	GACATA
C16	52	46	52	GACATA
C16	53	40	46	GACATA
C16	54	27	33	GACATA
C16	55	71	77	GACATA
C16	56	24	30	GACATA
C16	57	5	11	GACATA
C16	58	60	66	GACATA
C16	59	8	14	GACATA
C16	60	49	55	GACATA
C16	61	16	22	GACATA
C16	62	4	10	GACATA
C16	63	37	43	GACATA
C16	64	55	61	GACATA
C16	65	40	46	GACATA
C16	66	32	38	GACATA
C16	67	35	41	GACATA
C16	68	18	24	GACATA
C16	69	15	21	GACATA
C16	70	28	34	GACATA
C16	71	41	47	GACATA
C16	72	46	52	GACATA
C16	73	60	66	GACATA
C16	74	23	29	GACATA
C16	75	23	29	GACATA
C16	76	65	71	GACATA
C16	77	7	13	GACATA
C16	78	11	17	GACATA
C16	79	25	31	GACATA
C16	80	60	66	GACATA
C16	81	27	33	GACATA
C16	82	54	60	GACATA
C16	83	43	49	GACATA
C16	84	26	32	GACATA
C16	85	64	70	GACATA
C16	86	67	73	GACATA
C16	87	14	20	GACATA
C16	88	2	8	GACATA
C16	89	68	74	GACATA
C16	90	51	57	GACATA
C16	91	23	29	GACATA
C16	92	33	39	GACATA
C16	93	38	44	GACATA
C16	94	41	47	GACATA
C16	95	27	33	GACATA
C16	96	60	66	GACATA
C16	97	23	29	GACATA
C16	98	48	54	GACATA
C16	99	29	35	GACATA
C16	100	51	57	GACATA
C16	101	63	69	GACATA
C16	102	18	24	GACATA
C16	103	18	24	GACATA
C16	104	26	32	GACATA
C16	105	19	25	GACATA
C16	106	38	44	GACATA
C16	107	65	71	GACATA
C16	108	7	13	GACATA
C16	109	40	46	GACATA
C16	110	28	34	GACATA
C16	111	35	41	GACATA
C16	112	51	57	GACATA
C16	113	14	20	GACATA
C16	114	36	42	GACATA
C16	115	17	23	GACATA
C16	116	3	9	GACATA
C16	117	11	17	GACATA
C16	118	26	32	GACATA
C16	119	56	62	GACATA
C16	120	51	57	GACATA
C16	121	54	60	GACATA
C16	122	50	56	GACATA
C16	123	52	58	GACATA
C16	124	3	9	GACATA
C16	125	22	28	GACATA
C16	126	11	17	GACATA
C16	127	49	55	GACATA
C16	128	25	31	GACATA
C16	129	35	41	GACATA
C16	130	47	53	GACATA
C16	131	34	40	GACATA
C16	132	35	41	GACATA
C16	133	32	38	GACATA
C16	134	63	69	GACATA
C16	135	35	41	GACATA
C16	136	64	70	GACATA
C16	137	6	12	GACATA
C16	138	49	55	GACATA
C16	139	9	15	GACATA
C16	140	2	8	GACATA
C16	141	9	15	GACATA
C16	142	57	63	GACATA
C16	143	3	9	GACATA
C16	144	59	65	GACATA
C16	145	42	48	GACATA
C16	146	71	77	GACATA
C16	147	45	51	GACATA
C16	148	51	57	GACATA
C16	149	44	50	GACATA
C16	150	5	11	GACATA
C16	151	17	23	GACATA
C16	152	62	68	GACATA
C16	153	44	50	GACATA
C16	154	70	76	GACATA
C16	155	49	55	GACATA
C16	156	35	41	GACATA
C16	157	28	34	GACATA
C16	158	18	24	GACATA
C16	159	2	8	GACATA
C16	160	7	13	GACATA
C16	161	29	35	GACATA
C16	162	29	35	GACATA
C16	163	14	20	GACATA
C16	164	15	21	GACATA
C16	165	42	48	GACATA
C16	166	54	60	GACATA
C16	167	25	31	GACATA
C16	168	16	22	GACATA
C16	169	37	43	GACATA
C16	170	24	30	GACATA
C16	171	6	12	GACATA
C16	172	13	19	GACATA
C16	173	17	23	GACATA
C16	174	41	47	GACATA
C16	175	59	65	GACATA
C16	176	69	75	GACATA
C16	177	14	20	GACATA
C16	178	46	52	GACATA
C16	179	23	29	GACATA
C16	180	6	12	GACATA
C16	181	62	68	GACATA
C16	182	20	26	GACATA
C16	183	9	15	GACATA
C16	184	50	56	GACATA
C16	185	13	19	GACATA
C16	186	41	47	GACATA
C16	187	5	11	GACATA
C16	188	61	67	GACATA
C16	189	58	64	GACATA
C16	190	41	47	GACATA
C16	191	25	31	GACATA
C16	192	57	63	GACATA
C16	193	42	48	GACATA
C16	194	55	61	GACATA
C16	195	36	42	GACATA
C16	196	26	32	GACATA
C16	197	69	75	GACATA
C16	198	33	39	GACATA
C16	199	69	75	GACATA
C16	200	3	9	GACATA
C16	201	36	42	GACATA
C16	202	38	44	GACATA
C16	203	16	22	GACATA
C16	204	11	17	GACATA
C16	205	57	63	GACATA
C16	206	16	22	GACATA
C16	207	27	33	GACATA
C16	208	62	68	GACATA
C16	209	29	35	GACATA
C16	210	13	19	GACATA
C16	211	61	67	GACATA
C16	212	69	75	GACATA
C16	213	29	35	GACATA
C16	214	31	37	GACATA
C16	215	57	63	GACATA
C16	216	10	16	GACATA
C16	217	60	66	GACATA
C16	218	63	69	GACATA
C16	219	55	61	GACATA
C16	220	40	46	GACATA
C16	221	53	59	GACATA
C16	222	60	66	GACATA
C16	223	52	58	GACATA
C16	224	41	47	GACATA
C16	225	15	21	GACATA
C16	226	26	32	GACATA
C16	227	6	12	GACATA
C16	228	10	16	GACATA
C16	229	54	60	GACATA
C16	230	23	29	GACATA
C16	231	3	9	GACATA
C16	232	44	50	GACATA
C16	233	19	25	GACATA
C16	234	12	18	GACATA
C16	235	33	39	GACATA
C16	236	52	58	GACATA
C16	237	47	53	GACATA
C16	238	51	57	GACATA
C16	239	42	48	GACATA
C16	240	24	30	GACATA
C16	241	41	47	GACATA
C16	242	24	30	GACATA
C16	243	29	35	GACATA
C16	244	40	46	GACATA
C16	245	10	16	GACATA
C16	246	55	61	GACATA
C16	247	52	58	GACATA
C16	248	27	33	GACATA
C16	249	36	42	GACATA
C16	250	26	32	GACATA
C16	251	5	11	GACATA
C16	252	54	60	GACATA
C16	253	55	61	GACATA
C16	254	48	54	GACATA
C16	255	21	27	GACATA
C17	10	64	70	TAATAG
C17	33	44	50	TAATAG
C17	34	14	20	TAATAG
C17	60	55	61	TAATAG
C17	83	49	55	TAATAG
C17	90	57	63	TAATAG
C17	100	57	63	TAATAG
C17	102	24	30	TAATAG
C17	104	32	38	TAATAG
C17	111	41	47	TAATAG
C17	116	9	15	TAATAG
C17	123	58	64	TAATAG
C17	124	9	15	TAATAG
C17	136	70	76	TAATAG
C17	174	47	53	TAATAG
C17	201	42	48	TAATAG
C17	224	47	53	TAATAG
C17	240	30	36	TAATAG
C17	253	61	67	TAATAG
C17	254	54	60	TAATAG
C17	11	9	15	TAATTG
C17	24	37	43	TAATTG
C17	27	64	70	TAATTG
C17	31	34	40	TAATTG
C17	47	58	64	TAATTG
C17	53	60	66	TAATTG
C17	61	22	28	TAATTG
C17	66	38	44	TAATTG
C17	80	25	31	TAATTG
C17	93	58	64	TAATTG
C17	120	46	52	TAATTG
C17	148	57	63	TAATTG
C17	153	50	56	TAATTG
C17	162	35	41	TAATTG
C17	180	12	18	TAATTG
C17	192	29	35	TAATTG
C17	195	42	48	TAATTG
C17	205	32	38	TAATTG
C17	230	29	35	TAATTG
C17	232	39	45	TAATTG
C17	236	3	9	TAATTG
C17	244	46	52	TAATTG
C17	245	16	22	TAATTG
C17	247	58	64	TAATTG
C17	1	9	15	TAATCG
C17	5	23	29	TAATCG
C17	7	46	52	TAATCG
C17	15	35	41	TAATCG
C17	22	52	58	TAATCG
C17	26	36	42	TAATCG
C17	32	75	81	TAATCG
C17	44	67	73	TAATCG
C17	62	10	16	TAATCG
C17	68	24	30	TAATCG
C17	108	13	19	TAATCG
C17	125	28	34	TAATCG
C17	127	39	45	TAATCG
C17	178	52	58	TAATCG
C17	186	47	53	TAATCG
C17	191	31	37	TAATCG
C17	194	61	67	TAATCG
C17	215	63	69	TAATCG
C17	241	47	53	TAATCG
C17	251	37	43	TAATCG
C17	99	17	23	TAAGAG
C17	105	38	44	TAAGAG
C17	19	48	54	TAATGG
C17	28	57	63	TAATGG
C17	70	34	40	TAATGG
C17	96	66	72	TAATGG
C17	121	60	66	TAATGG
C17	135	59	65	TAATGG
C17	140	12	18	TAATGG
C17	149	50	56	TAATGG
C17	188	67	73	TAATGG
C17	198	39	45	TAATGG
C17	207	36	42	TAATGG
C17	226	68	74	TAATGG
C17	227	12	18	TAATGG
C17	237	53	59	TAATGG
C17	97	38	44	TAACAG
C17	64	10	16	TAAAAG
C17	189	36	42	TAGTAG
C17	17	17	23	CAATAG
C17	42	31	37	TACTAG
C17	65	15	21	TACTAG
C17	157	48	54	TACTAG
C17	165	0	6	TACTAG
C17	49	54	60	TAAGTG
C17	75	53	59	TAAGTG
C17	110	50	56	TAAGTG
C17	138	31	37	TAAGTG
C17	185	45	51	TAAGTG
C17	168	25	31	TAAGCG
C17	219	27	33	TAAGCG
C17	73	38	44	AAATAG
C17	95	18	24	AAATAG
C17	40	17	23	GAATAG
C17	59	52	58	GAATAG
C17	82	11	17	GAATAG
C17	182	34	40	GAATAG
C17	101	72	78	TAAGGG
C17	170	15	21	TAAGGG
C17	200	29	35	TAAGGG
C17	63	28	34	TATTAG
C17	203	29	35	TATTAG
C17	6	60	66	TAACTG
C17	72	4	10	TAACTG
C17	243	7	13	TAACTG
C17	249	26	32	TAACTG
C17	143	65	71	TAACCG
C17	91	64	70	TAAATG
C17	92	42	48	TAAATG
C17	238	7	13	TAAATG
C17	248	7	13	TAAATG
C17	38	33	39	TAAACG
C17	112	63	69	TAAACG
C17	37	12	18	TAAAGG
C17	74	18	24	TAGTTG
C17	139	46	52	TAGTTG
C17	146	32	38	TAGTTG
C17	173	27	33	TAGTTG
C17	179	13	19	TAGTTG
C17	221	48	54	TAGTTG
C17	35	62	68	CAATTG
C17	246	50	56	CAATTG
C17	29	18	24	TACTTG
C17	58	55	61	TACTTG
C17	67	73	79	TACTTG
C17	103	13	19	TACTTG
C17	122	35	41	TACTTG
C17	175	54	60	TACTTG
C17	213	24	30	TACTTG
C17	51	4	10	CAATCG
C17	45	2	8	TACTCG
C17	109	70	76	TCATAG
C17	107	0	6	TAGGAG
C17	114	74	80	TAGGAG
C17	142	73	79	TAGGAG
C17	155	67	73	TAGGAG
C17	216	23	29	TAGGAG
C17	23	70	76	CAAGAG
C17	141	33	39	CAAGAG
C17	16	21	27	AAATTG
C17	87	63	69	AAATTG
C17	98	43	49	AAATTG
C17	78	72	78	TACGAG
C17	177	62	68	TACGAG
C17	57	51	57	TGATAG
C17	130	64	70	GAATCG
C17	234	4	10	GAATCG
C17	119	24	30	TTATAG
C17	183	41	47	AAATGG
C17	77	19	25	TATTTG
C17	86	44	50	TATTTG
C17	106	10	16	TATTTG
C17	210	8	14	TATTTG
C17	218	58	64	TATTTG
C17	235	75	81	TATTTG
C17	242	68	74	TATTTG
C17	14	12	18	GAAGAG
C17	9	2	8	CAACAG
C17	46	28	34	CAACAG
C17	79	41	47	CAACAG
C17	25	0	6	TATGAG
C17	81	36	42	TATGAG
C17	113	65	71	TATGAG
C17	126	59	65	TACCAG
C17	145	20	26	TACCAG
C17	166	41	47	CAAAAG
C17	167	16	22	CAAAAG
C17	252	5	11	CAAAAG
C17	3	14	20	TACAAG
C17	43	56	62	TACAAG
C17	133	55	61	TACAAG
C17	134	0	6	TACAAG
C17	196	7	13	TACAAG
C17	208	18	24	TACAAG
C17	220	7	13	TACAAG
C17	132	5	11	GAACAG
C17	150	65	71	GAACAG
C17	129	45	51	CAGTAG
C17	147	3	9	GAAAAG
C17	181	37	43	GAAAAG
C17	39	65	71	CACTAG
C17	76	20	26	CAAGTG
C17	209	20	26	CAAGTG
C17	176	61	67	TAGGCG
C17	222	66	72	TAATAA
C17	118	35	41	TACGTG
C17	197	48	54	TACGCG
C17	117	32	38	AAGTAG
C17	20	50	56	TGATTG
C17	128	50	56	TGATTG
C17	84	61	67	TGATCG
C17	206	39	45	TGATCG
C17	225	48	54	TGATCG
C17	52	7	13	GAGTAG
C17	131	51	57	GAGTAG
C17	212	53	59	GAGTAG
C17	231	71	77	GAGTAG
C17	8	53	59	TCAGAG
C17	190	56	62	TCAGAG
C17	228	48	54	TCAGAG
C17	55	46	52	GACTAG
C17	151	74	80	TTATCG
C17	171	39	45	AAAGTG
C17	214	10	16	AAAGTG
C17	156	8	14	GAAGTG
C17	89	36	42	CATTAG
C17	18	29	35	TGAGAG
C17	12	31	37	TGATGG
C17	50	64	70	TTAGAG
C17	184	70	76	TTATGG
C17	223	64	70	CAACTG
C17	239	28	34	CAACTG
C17	199	16	22	TAGCCG
C17	193	61	67	TATGTG
C17	217	69	75	TATGTG
C17	204	33	39	TATGCG
C17	4	72	78	TACCCG
C17	48	63	69	TACCCG
C17	233	44	50	TACCCG
C17	160	14	20	AATTAG
C17	161	75	81	AATTAG
C17	250	33	39	AATTAG
C17	88	27	33	CAAACG
C17	172	42	48	TCAAAG
C17	94	25	31	TAGAGG
C17	211	6	12	CAAAGG
C17	71	24	30	TACAGG
C17	163	6	12	TACAGG
C17	137	59	65	GAAATG
C17	169	26	32	GAAACG
C17	255	13	19	CACTCG
C17	85	31	37	AAGTTG
C17	154	24	30	AAGTCG
C17	36	32	38	AACTCG
C17	54	13	19	TCAGTG
C17	13	62	68	TAAGAA
C17	152	53	59	AAGGAG
C17	202	73	79	TGAGTG
C17	2	21	27	TGAGCG
C17	187	47	53	GAGTGG
C17	0	48	54	GACGAG
C17	56	44	50	CATGAG
C17	41	59	65	CACCAG
C17	21	1	7	TTAGGG
C17	158	65	71	AACCAG
C17	115	56	62	TCACGG
C17	159	17	23	CATCAG
C17	30	10	16	TGGTCG
C17	164	71	77	CAACAA
C18	5	24	30	AATCGT
C18	22	53	59	AATCGT
C18	26	27	33	AATCGT
C18	108	14	20	AATCGT
C18	191	46	52	AATCGT
C18	215	64	70	AATCGT
C18	232	59	65	AATCGT
C18	234	5	11	AATCGT
C18	247	68	74	AATCGT
C18	107	73	79	ATTCGT
C18	171	14	20	ATTCGT
C18	219	8	14	ATTCGT
C18	2	73	79	AATCTT
C18	16	60	66	AATCTT
C18	56	31	37	AATCTT
C18	94	7	13	AATCTT
C18	101	18	24	AATCTT
C18	137	13	19	AATCTT
C18	147	75	81	AATCTT
C18	166	48	54	AATCTT
C18	189	65	71	AATCTT
C18	192	64	70	AATCTT
C18	218	70	76	AATCTT
C18	42	6	12	CATCGT
C18	124	26	32	CATCGT
C18	135	28	34	CATCGT
C18	45	3	9	ACTCGT
C18	116	23	29	ACTCGT
C18	119	49	55	ACTCGT
C18	146	11	17	ACTCGT
C18	167	59	65	ACTCGT
C18	240	17	23	ACTCGT
C18	245	70	76	ACTCGT
C18	255	14	20	ACTCGT
C18	181	69	75	AATCCT
C18	209	36	42	AATCCT
C18	213	36	42	AATCCT
C18	24	7	13	ATTCTT
C18	122	55	61	ATTCTT
C18	130	20	26	ATTCTT
C18	194	36	42	ATTCTT
C18	199	56	62	ATTCTT
C18	201	55	61	ATTCTT
C18	203	44	50	ATTCTT
C18	225	9	15	ATTCTT
C18	73	50	56	CTTCGT
C18	29	69	75	GATCGT
C18	21	72	78	AATCAT
C18	27	19	25	AATCAT
C18	78	18	24	AATCAT
C18	109	47	53	AATCAT
C18	125	6	12	AATCAT
C18	148	11	17	AATCAT
C18	157	8	14	AATCAT
C18	229	45	51	AATCAT
C18	8	48	54	ATTCCT
C18	12	26	32	ATTCCT
C18	64	45	51	ATTCCT
C18	184	58	64	ATTCCT
C18	248	20	26	ATTCCT
C18	133	8	14	GTTCGT
C18	178	30	36	GTTCGT
C18	227	19	25	GTTCGT
C18	253	10	16	GTTCGT
C18	30	67	73	ATTCAT
C18	53	3	9	ATTCAT
C18	222	29	35	ATTCAT
C18	66	46	52	TATCGT
C18	67	49	55	TATCGT
C18	92	5	11	TATCGT
C18	93	5	11	TATCGT
C18	104	65	71	TATCGT
C18	98	75	81	AACCGT
C18	141	21	27	AACCGT
C18	143	66	72	AACCGT
C18	118	5	11	AGTCGT
C18	160	22	28	AGTCGT
C18	6	55	61	CATCTT
C18	55	65	71	CATCTT
C18	75	43	49	CATCTT
C18	80	54	60	CATCTT
C18	19	62	68	TTTCGT
C18	46	22	28	TTTCGT
C18	89	45	51	TTTCGT
C18	48	32	38	ATCCGT
C18	57	62	68	ATCCGT
C18	251	19	25	ATCCGT
C18	1	48	54	ACTCTT
C18	15	61	67	ACTCTT
C18	128	19	25	ACTCTT
C18	173	49	55	ACTCTT
C18	196	47	53	ACTCTT
C18	238	62	68	ACTCTT
C18	249	68	74	ACTCTT
C18	25	18	24	CCTCGT
C18	121	47	53	CCTCGT
C18	126	26	32	CCTCGT
C18	188	15	21	CCTCGT
C18	7	29	35	CATCCT
C18	243	18	24	CATCCT
C18	36	56	62	CTTCTT
C18	155	5	11	CTTCTT
C18	81	4	10	ACTCCT
C18	162	45	51	ACTCCT
C18	205	27	33	ACTCCT
C18	220	61	67	ACTCCT
C18	200	65	71	GATCTT
C18	254	27	33	GATCTT
C18	44	23	29	CTTCCT
C18	63	68	74	CTTCCT
C18	129	18	24	CTTCCT
C18	179	71	77	CTTCCT
C18	237	7	13	CTTCCT
C18	47	41	47	GCTCGT
C18	76	5	11	GCTCGT
C18	206	7	13	ACTCAT
C18	223	34	40	GATCCT
C18	49	39	45	GTTCTT
C18	144	45	51	GTTCTT
C18	151	11	17	GTTCTT
C18	187	23	29	GTTCTT
C18	168	26	32	AAGCGT
C18	10	32	38	CTTCAT
C18	103	34	40	CTTCAT
C18	228	41	47	CTTCAT
C18	51	75	81	GATCAT
C18	70	20	26	GATCAT
C18	114	56	62	GATCAT
C18	246	10	16	GATCAT
C18	71	16	22	GTTCCT
C18	208	30	36	GTTCCT
C18	17	46	52	AAACGT
C18	40	6	12	AAACGT
C18	149	63	69	AAACGT
C18	226	9	15	AAACGT
C18	0	41	47	ATGCGT
C18	105	50	56	ATGCGT
C18	79	50	56	TATCTT
C18	139	18	24	TATCTT
C18	202	51	57	TATCTT
C18	221	35	41	TATCTT
C18	90	45	51	AACCTT
C18	115	11	17	AACCTT
C18	241	69	75	AACCTT
C18	190	65	71	CACCGT
C18	13	55	61	AGTCTT
C18	111	63	69	AGTCTT
C18	252	33	39	AGTCTT
C18	65	10	16	GTTCAT
C18	224	14	20	GTTCAT
C18	210	3	9	CGTCGT
C18	164	7	13	TCTCGT
C18	185	52	58	ACCCGT
C18	197	25	31	ACCCGT
C18	233	45	51	ACCCGT
C18	140	67	73	ATACGT
C18	165	8	14	ATACGT
C18	33	30	36	TATCCT
C18	58	32	38	TATCCT
C18	74	32	38	TATCCT
C18	211	54	60	AACCCT
C18	214	18	24	AACCCT
C18	150	14	20	TTTCTT
C18	158	12	18	TTTCTT
C18	84	6	12	CTCCGT
C18	43	21	27	GACCGT
C18	159	65	71	AACCAT
C18	161	56	62	AACCAT
C18	183	25	31	AACCAT
C18	52	30	36	TTTCCT
C18	72	55	61	TTTCCT
C18	127	58	64	TTTCCT
C18	169	63	69	TTTCCT
C18	3	7	13	ATCCCT
C18	31	51	57	GGTCGT
C18	186	4	10	GGTCGT
C18	195	2	8	GGTCGT
C18	175	40	46	AGTCAT
C18	138	12	18	CCTCCT
C18	204	28	34	GTCCGT
C18	28	9	15	TTTCAT
C18	11	57	63	ATCCAT
C18	35	38	44	ATCCAT
C18	50	48	54	GCTCTT
C18	207	66	72	GCTCTT
C18	230	63	69	GCTCTT
C18	14	42	48	CCTCAT
C18	34	50	56	CAGCGT
C18	156	53	59	CAGCGT
C18	113	7	13	TACCGT
C18	9	41	47	GCTCCT
C18	60	63	69	GCTCCT
C18	59	27	33	TGTCGT
C18	176	16	22	TGTCGT
C18	239	35	41	AGCCGT
C18	132	58	64	AAGCCT
C18	110	22	28	ATGCTT
C18	136	11	17	ATGCTT
C18	216	34	40	ATGCTT
C18	20	45	51	CAACGT
C18	123	72	78	CAACGT
C18	86	58	64	GCTCAT
C18	244	65	71	CGTCTT
C18	32	12	18	AAGCAT
C18	77	72	78	ATGCCT
C18	153	17	23	ATGCCT
C18	163	0	6	ACCCTT
C18	131	66	72	CTACGT
C18	177	51	57	CGTCCT
C18	193	15	21	GTGCGT
C18	217	22	28	AAACAT
C18	83	63	69	ATGCAT
C18	152	39	45	ATGCAT
C18	134	26	32	GACCTT
C18	18	75	81	ATACCT
C18	112	18	24	ATACCT
C18	82	34	40	GGTCTT
C18	69	32	38	CACCAT
C18	41	66	72	ATACAT
C18	68	66	72	ATACAT
C18	23	74	80	AGGCGT
C18	242	18	24	CAGCTT
C18	99	9	15	GGTCAT
C18	250	17	23	GGTCAT
C18	39	26	32	TACCTT
C18	88	64	70	TACCTT
C18	180	65	71	AGACGT
C18	236	33	39	AGACGT
C18	120	64	70	CCGCGT
C18	174	70	76	CAGCAT
C18	38	28	34	CTGCCT
C18	91	42	48	CCCCTT
C18	54	49	55	CTACTT
C18	145	35	41	CTACTT
C18	97	63	69	GCGCGT
C18	37	59	65	ATTCGG
C18	182	71	77	CAACAT
C18	95	11	17	GCCCTT
C18	102	40	46	GTGCAT
C18	172	6	12	GTGCAT
C18	231	64	70	GTGCAT
C18	198	48	54	CGGCGT
C18	106	24	30	GCCCAT
C18	85	54	60	ATTCAG
C18	4	53	59	ATTCTA
C18	62	13	19	TCGCCT
C18	154	25	31	AGTCGG
C18	142	67	73	ATCCGA
C18	235	71	77	AGTCTA
C19	15	62	68	CTCTTG
C19	22	41	47	CTCTTG
C19	42	54	60	CTCTTG
C19	128	20	26	CTCTTG
C19	76	6	12	CTCGTG
C19	126	27	33	CTCGTG
C19	188	16	22	CTCGTG
C19	215	16	22	CTCGTG
C19	53	13	19	CTCCTG
C19	186	25	31	CTCCTG
C19	220	62	68	CTCCTG
C19	241	4	10	CTCCTG
C19	54	58	64	CTGTTG
C19	81	22	28	CTGTTG
C19	103	66	72	CTGTTG
C19	144	54	60	CTGTTG
C19	194	50	56	CTGTTG
C19	209	69	75	CTGTTG
C19	248	52	58	CTGTTG
C19	16	61	67	ATCTTG
C19	48	70	76	ATCTTG
C19	55	66	72	ATCTTG
C19	75	44	50	ATCTTG
C19	79	51	57	ATCTTG
C19	80	55	61	ATCTTG
C19	89	63	69	ATCTTG
C19	139	19	25	ATCTTG
C19	160	30	36	ATCTTG
C19	166	49	55	ATCTTG
C19	192	65	71	ATCTTG
C19	200	66	72	ATCTTG
C19	218	71	77	ATCTTG
C19	1	66	72	CTGGTG
C19	19	71	77	CTGGTG
C19	69	50	56	CTGGTG
C19	154	6	12	CTGGTG
C19	223	67	73	CTGGTG
C19	255	31	37	CTGGTG
C19	5	25	31	ATCGTG
C19	56	52	58	ATCGTG
C19	92	6	12	ATCGTG
C19	108	15	21	ATCGTG
C19	247	69	75	ATCGTG
C19	36	57	63	TTCTTG
C19	49	40	46	TTCTTG
C19	73	55	61	TTCTTG
C19	122	56	62	TTCTTG
C19	130	42	48	TTCTTG
C19	151	12	18	TTCTTG
C19	158	13	19	TTCTTG
C19	187	24	30	TTCTTG
C19	199	57	63	TTCTTG
C19	201	56	62	TTCTTG
C19	203	45	51	TTCTTG
C19	225	10	16	TTCTTG
C19	17	28	34	CCCTTG
C19	41	9	15	CCCTTG
C19	57	74	80	CCCTTG
C19	95	12	18	CCCTTG
C19	127	68	74	CCCTTG
C19	210	47	53	CCCTTG
C19	211	56	62	CCCTTG
C19	2	17	23	CTCATG
C19	14	43	49	CTCATG
C19	40	41	47	CTCATG
C19	206	8	14	CTCATG
C19	233	75	81	CTCATG
C19	227	20	26	TTCGTG
C19	4	16	22	CTATTG
C19	7	9	15	CTATTG
C19	43	10	16	CTATTG
C19	66	27	33	CTATTG
C19	93	33	39	CTATTG
C19	111	30	36	CTATTG
C19	131	29	35	CTATTG
C19	133	27	33	CTATTG
C19	132	16	22	CGCTTG
C19	136	59	65	CGCTTG
C19	162	13	19	CGCTTG
C19	198	6	12	CTAGTG
C19	244	59	65	CTAGTG
C19	52	69	75	CGCGTG
C19	167	46	52	CGCGTG
C19	239	7	13	CGCGTG
C19	0	28	34	CTTTTG
C19	101	44	50	CTTTTG
C19	152	20	26	CTTTTG
C19	153	39	45	CTTTTG
C19	118	42	48	CACTTG
C19	163	60	66	CACTTG
C19	183	4	10	CACTTG
C19	58	74	80	CTCTGG
C19	169	70	76	CTCTGG
C19	184	16	22	CTCTGG
C19	232	26	32	CTCTGG
C19	171	31	37	GTCGTG
C19	78	37	43	CTGCTG
C19	189	10	16	CTGCTG
C19	31	72	78	CTCGGG
C19	67	15	21	CTCGGG
C19	82	45	51	CTCGGG
C19	117	21	27	CTCGGG
C19	224	73	79	CTCGGG
C19	181	70	76	ATCCTG
C19	32	64	70	ATGTTG
C19	50	10	16	ATGTTG
C19	85	14	20	ATGTTG
C19	150	33	39	ATGTTG
C19	250	21	27	ATGTTG
C19	253	75	81	ATGTTG
C19	12	27	33	TTCCTG
C19	63	69	75	TTCCTG
C19	71	17	23	TTCCTG
C19	179	72	78	TTCCTG
C19	208	31	37	TTCCTG
C19	237	8	14	TTCCTG
C19	30	41	47	CTCTCG
C19	140	31	37	CTCTCG
C19	147	10	16	CTCTCG
C19	149	52	58	ATGGTG
C19	185	33	39	ATGGTG
C19	193	12	18	ATGGTG
C19	216	56	62	ATGGTG
C19	222	33	39	ATGGTG
C19	6	38	44	TTGTTG
C19	47	61	67	TTGTTG
C19	65	66	72	TTGTTG
C19	72	21	27	TTGTTG
C19	196	21	27	TTGTTG
C19	251	0	6	TTGTTG
C19	3	1	7	CCGTTG
C19	113	9	15	CCGTTG
C19	125	17	23	CCGTTG
C19	148	69	75	CCGTTG
C19	190	36	42	CCGTTG
C19	191	52	58	CCGTTG
C19	168	49	55	CTGATG
C19	249	47	53	CTGATG
C19	99	50	56	CTCGAG
C19	180	46	52	CTCGAG
C19	226	50	56	CTCGAG
C19	20	23	29	CTCGCG
C19	96	3	9	CTCGCG
C19	45	19	25	ACCTTG
C19	90	46	52	ACCTTG
C19	115	12	18	ACCTTG
C19	134	27	33	ACCTTG
C19	238	46	52	ACCTTG
C19	141	58	64	CTACTG
C19	157	62	68	CTACTG
C19	172	68	74	CTACTG
C19	51	46	52	CCGGTG
C19	102	37	43	CCGGTG
C19	109	25	31	CCGGTG
C19	121	6	12	CCGGTG
C19	21	29	35	CGCCTG
C19	34	61	67	CGCCTG
C19	62	14	20	CGCCTG
C19	146	52	58	ACCGTG
C19	24	26	32	TCCTTG
C19	10	16	22	CGGTTG
C19	37	22	28	CGGTTG
C19	97	74	80	CGGTTG
C19	28	10	16	TTCATG
C19	178	66	72	TTCATG
C19	205	68	74	TTCATG
C19	228	42	48	TTCATG
C19	159	53	59	CCCATG
C19	254	34	40	CCCATG
C19	116	17	23	AGCTTG
C19	123	5	11	AGCTTG
C19	173	56	62	AGCTTG
C19	175	1	7	AGCTTG
C19	242	19	25	AGCTTG
C19	84	7	13	TCCGTG
C19	207	54	60	TCCGTG
C19	156	70	76	CGGGTG
C19	245	32	38	GTCCTG
C19	9	49	55	TTATTG
C19	26	19	25	TTATTG
C19	27	75	81	TTATTG
C19	13	30	36	CCATTG
C19	35	40	46	CCATTG
C19	246	20	26	CCATTG
C19	39	34	40	CACCTG
C19	170	34	40	CACCTG
C19	83	21	27	AGCGTG
C19	252	40	46	GTGTTG
C19	110	23	29	TGCTTG
C19	106	33	39	CAGTTG
C19	112	46	52	CAGTTG
C19	114	50	56	CAGTTG
C19	94	12	18	TTAGTG
C19	138	22	28	TTAGTG
C19	23	9	15	CCAGTG
C19	104	1	7	GTGGTG
C19	129	11	17	GTGGTG
C19	33	59	65	ATTTTG
C19	60	17	23	ATTTTG
C19	98	15	21	ATTTTG
C19	204	6	12	ATTTTG
C19	229	49	55	ATTTTG
C19	213	65	71	CTCTTA
C19	135	6	12	CAGGTG
C19	234	74	80	CAGGTG
C19	107	11	17	ATCTGG
C19	11	67	73	CGATTG
C19	74	41	47	CGATTG
C19	142	23	29	CGATTG
C19	61	24	30	ATTGTG
C19	87	65	71	ATTGTG
C19	230	64	70	CTCTTT
C19	77	64	70	AACGTG
C19	155	36	42	AACGTG
C19	29	55	61	TTTTTG
C19	38	57	63	TTTTTG
C19	64	50	56	TTTTTG
C19	70	61	67	CTCCAG
C19	235	49	55	CTCCAG
C19	165	63	69	CGAGTG
C19	202	69	75	CGAGTG
C19	143	35	41	GCCGTG
C19	161	44	50	CTCAGG
C19	59	26	32	CTGTCG
C19	176	15	21	CTGTCG
C19	91	46	52	TTCGGG
C19	217	41	47	TTCGGG
C19	164	10	16	CGTTTG
C19	236	75	81	CGCTGG
C19	44	69	75	ATCGAG
C19	68	0	6	ATCGCG
C19	86	32	38	ATCGCG
C19	219	65	71	TTCGAG
C19	105	56	62	TTCGCG
C19	120	63	69	CCCGCG
C19	214	57	63	GTCTGG
C19	8	12	18	TCGGTG
C19	197	13	19	TCGGTG
C19	88	45	51	CCACTG
C19	212	6	12	CCACTG
C19	46	59	65	CTAGCG
C19	124	57	63	CACGGG
C19	221	9	15	CTCCTA
C19	119	33	39	ATCCGG
C19	182	60	66	TGGGTG
C19	177	45	51	ATGTGG
C19	145	62	68	ACAGTG
C19	18	62	68	AGATTG
C19	137	1	7	AGATTG
C19	195	69	75	CTGCAG
C19	100	64	70	CTACGG
C19	231	68	74	ATGGAG
C20	0	30	36	TTTGAC
C20	7	37	43	TTTGAC
C20	20	67	73	TTTGAC
C20	21	62	68	TTTGAC
C20	23	34	40	TTTGAC
C20	27	55	61	TTTGAC
C20	31	25	31	TTTGAC
C20	33	35	41	TTTGAC
C20	34	5	11	TTTGAC
C20	35	27	33	TTTGAC
C20	38	59	65	TTTGAC
C20	39	40	46	TTTGAC
C20	57	2	8	TTTGAC
C20	60	46	52	TTTGAC
C20	62	1	7	TTTGAC
C20	63	34	40	TTTGAC
C20	64	52	58	TTTGAC
C20	67	32	38	TTTGAC
C20	70	25	31	TTTGAC
C20	72	43	49	TTTGAC
C20	75	20	26	TTTGAC
C20	77	4	10	TTTGAC
C20	84	23	29	TTTGAC
C20	91	20	26	TTTGAC
C20	92	30	36	TTTGAC
C20	96	57	63	TTTGAC
C20	97	20	26	TTTGAC
C20	104	23	29	TTTGAC
C20	105	16	22	TTTGAC
C20	107	62	68	TTTGAC
C20	117	8	14	TTTGAC
C20	139	6	12	TTTGAC
C20	141	6	12	TTTGAC
C20	145	39	45	TTTGAC
C20	152	59	65	TTTGAC
C20	153	41	47	TTTGAC
C20	155	46	52	TTTGAC
C20	157	25	31	TTTGAC
C20	164	12	18	TTTGAC
C20	165	39	45	TTTGAC
C20	167	22	28	TTTGAC
C20	171	3	9	TTTGAC
C20	177	11	17	TTTGAC
C20	184	47	53	TTTGAC
C20	186	38	44	TTTGAC
C20	188	58	64	TTTGAC
C20	189	55	61	TTTGAC
C20	192	54	60	TTTGAC
C20	198	30	36	TTTGAC
C20	199	66	72	TTTGAC
C20	202	35	41	TTTGAC
C20	204	8	14	TTTGAC
C20	210	10	16	TTTGAC
C20	212	66	72	TTTGAC
C20	214	28	34	TTTGAC
C20	215	54	60	TTTGAC
C20	217	57	63	TTTGAC
C20	218	60	66	TTTGAC
C20	223	49	55	TTTGAC
C20	224	38	44	TTTGAC
C20	227	3	9	TTTGAC
C20	229	51	57	TTTGAC
C20	230	67	73	TTTGAC
C20	241	38	44	TTTGAC
C20	242	70	76	TTTGAC
C20	244	69	75	TTTGAC
C20	247	49	55	TTTGAC
C20	1	0	6	GTTGAC
C20	2	63	69	GTTGAC
C20	3	68	74	GTTGAC
C20	6	40	46	GTTGAC
C20	10	18	24	GTTGAC
C20	19	39	45	GTTGAC
C20	26	58	64	GTTGAC
C20	32	66	72	GTTGAC
C20	40	48	54	GTTGAC
C20	43	40	46	GTTGAC
C20	46	7	13	GTTGAC
C20	49	15	21	GTTGAC
C20	52	43	49	GTTGAC
C20	56	21	27	GTTGAC
C20	59	5	11	GTTGAC
C20	74	20	26	GTTGAC
C20	81	24	30	GTTGAC
C20	85	61	67	GTTGAC
C20	94	38	44	GTTGAC
C20	95	24	30	GTTGAC
C20	99	26	32	GTTGAC
C20	100	48	54	GTTGAC
C20	101	60	66	GTTGAC
C20	102	15	21	GTTGAC
C20	106	35	41	GTTGAC
C20	108	4	10	GTTGAC
C20	109	37	43	GTTGAC
C20	112	2	8	GTTGAC
C20	113	11	17	GTTGAC
C20	116	0	6	GTTGAC
C20	118	72	78	GTTGAC
C20	119	53	59	GTTGAC
C20	121	51	57	GTTGAC
C20	123	49	55	GTTGAC
C20	125	19	25	GTTGAC
C20	126	8	14	GTTGAC
C20	127	46	52	GTTGAC
C20	129	32	38	GTTGAC
C20	132	32	38	GTTGAC
C20	134	60	66	GTTGAC
C20	135	32	38	GTTGAC
C20	144	56	62	GTTGAC
C20	160	4	10	GTTGAC
C20	162	26	32	GTTGAC
C20	163	11	17	GTTGAC
C20	168	13	19	GTTGAC
C20	170	21	27	GTTGAC
C20	173	14	20	GTTGAC
C20	176	66	72	GTTGAC
C20	179	20	26	GTTGAC
C20	180	3	9	GTTGAC
C20	185	10	16	GTTGAC
C20	190	38	44	GTTGAC
C20	191	22	28	GTTGAC
C20	194	52	58	GTTGAC
C20	196	23	29	GTTGAC
C20	201	33	39	GTTGAC
C20	206	13	19	GTTGAC
C20	219	52	58	GTTGAC
C20	221	50	56	GTTGAC
C20	222	39	45	GTTGAC
C20	226	23	29	GTTGAC
C20	228	7	13	GTTGAC
C20	231	0	6	GTTGAC
C20	234	9	15	GTTGAC
C20	236	49	55	GTTGAC
C20	239	39	45	GTTGAC
C20	240	21	27	GTTGAC
C20	248	54	60	GTTGAC
C20	250	23	29	GTTGAC
C20	251	2	8	GTTGAC
C20	252	51	57	GTTGAC
C20	254	45	51	GTTGAC
C20	255	18	24	GTTGAC
C20	5	14	20	CTTGAC
C20	12	59	65	CTTGAC
C20	16	50	56	CTTGAC
C20	17	67	73	CTTGAC
C20	22	43	49	CTTGAC
C20	24	28	34	CTTGAC
C20	29	20	26	CTTGAC
C20	30	18	24	CTTGAC
C20	36	59	65	CTTGAC
C20	41	11	17	CTTGAC
C20	42	56	62	CTTGAC
C20	45	21	27	CTTGAC
C20	47	3	9	CTTGAC
C20	53	37	43	CTTGAC
C20	55	68	74	CTTGAC
C20	58	57	63	CTTGAC
C20	71	38	44	CTTGAC
C20	73	57	63	CTTGAC
C20	79	22	28	CTTGAC
C20	80	57	63	CTTGAC
C20	83	40	46	CTTGAC
C20	89	65	71	CTTGAC
C20	90	48	54	CTTGAC
C20	103	15	21	CTTGAC
C20	110	25	31	CTTGAC
C20	114	33	39	CTTGAC
C20	115	14	20	CTTGAC
C20	122	58	64	CTTGAC
C20	128	22	28	CTTGAC
C20	130	44	50	CTTGAC
C20	136	61	67	CTTGAC
C20	146	68	74	CTTGAC
C20	151	14	20	CTTGAC
C20	154	67	73	CTTGAC
C20	158	15	21	CTTGAC
C20	166	51	57	CTTGAC
C20	169	34	40	CTTGAC
C20	174	38	44	CTTGAC
C20	175	56	62	CTTGAC
C20	178	43	49	CTTGAC
C20	182	17	23	CTTGAC
C20	183	6	12	CTTGAC
C20	193	39	45	CTTGAC
C20	200	0	6	CTTGAC
C20	209	26	32	CTTGAC
C20	211	58	64	CTTGAC
C20	213	26	32	CTTGAC
C20	220	37	43	CTTGAC
C20	225	12	18	CTTGAC
C20	237	44	50	CTTGAC
C20	238	48	54	CTTGAC
C20	253	52	58	CTTGAC
C20	4	18	24	ATTGAC
C20	9	51	57	ATTGAC
C20	11	46	52	ATTGAC
C20	13	32	38	ATTGAC
C20	14	20	26	ATTGAC
C20	15	26	32	ATTGAC
C20	18	64	70	ATTGAC
C20	25	61	67	ATTGAC
C20	28	48	54	ATTGAC
C20	44	58	64	ATTGAC
C20	48	50	56	ATTGAC
C20	51	62	68	ATTGAC
C20	54	24	30	ATTGAC
C20	61	13	19	ATTGAC
C20	65	37	43	ATTGAC
C20	66	29	35	ATTGAC
C20	68	15	21	ATTGAC
C20	69	12	18	ATTGAC
C20	76	62	68	ATTGAC
C20	78	8	14	ATTGAC
C20	82	51	57	ATTGAC
C20	86	64	70	ATTGAC
C20	87	11	17	ATTGAC
C20	93	35	41	ATTGAC
C20	98	45	51	ATTGAC
C20	111	32	38	ATTGAC
C20	120	48	54	ATTGAC
C20	124	0	6	ATTGAC
C20	131	31	37	ATTGAC
C20	133	29	35	ATTGAC
C20	137	3	9	ATTGAC
C20	138	46	52	ATTGAC
C20	142	54	60	ATTGAC
C20	143	0	6	ATTGAC
C20	147	42	48	ATTGAC
C20	148	48	54	ATTGAC
C20	149	41	47	ATTGAC
C20	150	2	8	ATTGAC
C20	156	32	38	ATTGAC
C20	161	26	32	ATTGAC
C20	172	10	16	ATTGAC
C20	181	59	65	ATTGAC
C20	187	2	8	ATTGAC
C20	195	33	39	ATTGAC
C20	197	66	72	ATTGAC
C20	203	13	19	ATTGAC
C20	205	54	60	ATTGAC
C20	207	24	30	ATTGAC
C20	208	59	65	ATTGAC
C20	216	7	13	ATTGAC
C20	232	41	47	ATTGAC
C20	233	16	22	ATTGAC
C20	235	30	36	ATTGAC
C20	243	26	32	ATTGAC
C20	245	7	13	ATTGAC
C20	246	52	58	ATTGAC
C20	249	33	39	ATTGAC
C20	50	22	28	GTTCAC
C20	159	58	64	GCTGAC
C20	8	42	48	CTGGAC
C20	37	24	30	GTTGGC
C20	140	52	58	ATTAAC
C20	88	68	74	TTTCAA
C21	0	35	41	CATATA
C21	1	5	11	CATATA
C21	2	68	74	CATATA
C21	3	73	79	CATATA
C21	4	23	29	CATATA
C21	5	19	25	CATATA
C21	6	45	51	CATATA
C21	7	42	48	CATATA
C21	8	4	10	CATATA
C21	9	56	62	CATATA
C21	10	23	29	CATATA
C21	11	51	57	CATATA
C21	12	64	70	CATATA
C21	13	37	43	CATATA
C21	14	25	31	CATATA
C21	15	31	37	CATATA
C21	16	55	61	CATATA
C21	17	72	78	CATATA
C21	18	69	75	CATATA
C21	19	44	50	CATATA
C21	20	72	78	CATATA
C21	21	67	73	CATATA
C21	22	48	54	CATATA
C21	23	39	45	CATATA
C21	24	33	39	CATATA
C21	25	66	72	CATATA
C21	26	63	69	CATATA
C21	27	60	66	CATATA
C21	28	53	59	CATATA
C21	29	25	31	CATATA
C21	30	23	29	CATATA
C21	31	30	36	CATATA
C21	32	71	77	CATATA
C21	33	40	46	CATATA
C21	34	10	16	CATATA
C21	35	32	38	CATATA
C21	36	64	70	CATATA
C21	37	4	10	CATATA
C21	38	64	70	CATATA
C21	39	45	51	CATATA
C21	40	53	59	CATATA
C21	41	16	22	CATATA
C21	42	61	67	CATATA
C21	43	45	51	CATATA
C21	44	63	69	CATATA
C21	45	26	32	CATATA
C21	46	12	18	CATATA
C21	47	8	14	CATATA
C21	48	55	61	CATATA
C21	49	20	26	CATATA
C21	50	4	10	CATATA
C21	51	67	73	CATATA
C21	52	48	54	CATATA
C21	53	42	48	CATATA
C21	54	29	35	CATATA
C21	55	73	79	CATATA
C21	56	26	32	CATATA
C21	57	7	13	CATATA
C21	58	62	68	CATATA
C21	59	10	16	CATATA
C21	60	51	57	CATATA
C21	61	18	24	CATATA
C21	62	6	12	CATATA
C21	63	39	45	CATATA
C21	64	57	63	CATATA
C21	65	42	48	CATATA
C21	66	34	40	CATATA
C21	67	37	43	CATATA
C21	68	20	26	CATATA
C21	69	17	23	CATATA
C21	70	30	36	CATATA
C21	71	43	49	CATATA
C21	72	48	54	CATATA
C21	73	62	68	CATATA
C21	74	25	31	CATATA
C21	75	25	31	CATATA
C21	76	67	73	CATATA
C21	77	9	15	CATATA
C21	78	13	19	CATATA
C21	79	27	33	CATATA
C21	80	62	68	CATATA
C21	81	29	35	CATATA
C21	82	56	62	CATATA
C21	83	45	51	CATATA
C21	84	28	34	CATATA
C21	85	66	72	CATATA
C21	86	69	75	CATATA
C21	87	16	22	CATATA
C21	88	4	10	CATATA
C21	89	70	76	CATATA
C21	90	53	59	CATATA
C21	91	25	31	CATATA
C21	92	35	41	CATATA
C21	93	40	46	CATATA
C21	94	43	49	CATATA
C21	95	29	35	CATATA
C21	96	62	68	CATATA
C21	97	25	31	CATATA
C21	98	50	56	CATATA
C21	99	31	37	CATATA
C21	100	53	59	CATATA
C21	101	65	71	CATATA
C21	102	20	26	CATATA
C21	103	20	26	CATATA
C21	104	28	34	CATATA
C21	105	21	27	CATATA
C21	106	40	46	CATATA
C21	107	67	73	CATATA
C21	108	9	15	CATATA
C21	109	42	48	CATATA
C21	110	30	36	CATATA
C21	111	37	43	CATATA
C21	112	53	59	CATATA
C21	113	16	22	CATATA
C21	114	38	44	CATATA
C21	115	19	25	CATATA
C21	116	5	11	CATATA
C21	117	13	19	CATATA
C21	118	28	34	CATATA
C21	119	58	64	CATATA
C21	120	53	59	CATATA
C21	121	56	62	CATATA
C21	122	63	69	CATATA
C21	123	54	60	CATATA
C21	124	5	11	CATATA
C21	125	24	30	CATATA
C21	126	13	19	CATATA
C21	127	51	57	CATATA
C21	128	27	33	CATATA
C21	129	37	43	CATATA
C21	130	49	55	CATATA
C21	131	36	42	CATATA
C21	132	37	43	CATATA
C21	133	34	40	CATATA
C21	134	65	71	CATATA
C21	135	37	43	CATATA
C21	136	66	72	CATATA
C21	137	8	14	CATATA
C21	138	51	57	CATATA
C21	139	11	17	CATATA
C21	140	4	10	CATATA
C21	141	11	17	CATATA
C21	142	59	65	CATATA
C21	143	5	11	CATATA
C21	144	61	67	CATATA
C21	145	44	50	CATATA
C21	146	73	79	CATATA
C21	147	47	53	CATATA
C21	148	53	59	CATATA
C21	149	46	52	CATATA
C21	150	7	13	CATATA
C21	151	19	25	CATATA
C21	152	64	70	CATATA
C21	153	46	52	CATATA
C21	154	72	78	CATATA
C21	155	51	57	CATATA
C21	156	37	43	CATATA
C21	157	30	36	CATATA
C21	158	20	26	CATATA
C21	159	4	10	CATATA
C21	160	9	15	CATATA
C21	161	31	37	CATATA
C21	162	31	37	CATATA
C21	163	16	22	CATATA
C21	164	17	23	CATATA
C21	165	44	50	CATATA
C21	166	56	62	CATATA
C21	167	27	33	CATATA
C21	168	18	24	CATATA
C21	169	39	45	CATATA
C21	170	26	32	CATATA
C21	171	8	14	CATATA
C21	172	15	21	CATATA
C21	173	19	25	CATATA
C21	174	43	49	CATATA
C21	175	61	67	CATATA
C21	176	57	63	CATATA
C21	177	16	22	CATATA
C21	178	48	54	CATATA
C21	179	25	31	CATATA
C21	180	8	14	CATATA
C21	181	64	70	CATATA
C21	182	22	28	CATATA
C21	183	11	17	CATATA
C21	184	52	58	CATATA
C21	185	15	21	CATATA
C21	186	43	49	CATATA
C21	187	7	13	CATATA
C21	188	63	69	CATATA
C21	189	60	66	CATATA
C21	190	43	49	CATATA
C21	191	27	33	CATATA
C21	192	59	65	CATATA
C21	193	44	50	CATATA
C21	194	57	63	CATATA
C21	195	38	44	CATATA
C21	196	28	34	CATATA
C21	197	71	77	CATATA
C21	198	35	41	CATATA
C21	199	71	77	CATATA
C21	200	5	11	CATATA
C21	201	38	44	CATATA
C21	202	40	46	CATATA
C21	203	18	24	CATATA
C21	204	13	19	CATATA
C21	205	59	65	CATATA
C21	206	18	24	CATATA
C21	207	29	35	CATATA
C21	208	64	70	CATATA
C21	209	31	37	CATATA
C21	210	15	21	CATATA
C21	211	63	69	CATATA
C21	212	71	77	CATATA
C21	213	31	37	CATATA
C21	214	33	39	CATATA
C21	215	59	65	CATATA
C21	216	12	18	CATATA
C21	217	62	68	CATATA
C21	218	65	71	CATATA
C21	219	57	63	CATATA
C21	220	42	48	CATATA
C21	221	55	61	CATATA
C21	222	62	68	CATATA
C21	223	54	60	CATATA
C21	224	43	49	CATATA
C21	225	17	23	CATATA
C21	226	28	34	CATATA
C21	227	8	14	CATATA
C21	228	12	18	CATATA
C21	229	56	62	CATATA
C21	230	25	31	CATATA
C21	231	5	11	CATATA
C21	232	46	52	CATATA
C21	233	21	27	CATATA
C21	234	14	20	CATATA
C21	235	35	41	CATATA
C21	236	54	60	CATATA
C21	237	49	55	CATATA
C21	238	53	59	CATATA
C21	239	44	50	CATATA
C21	240	26	32	CATATA
C21	241	43	49	CATATA
C21	242	26	32	CATATA
C21	243	31	37	CATATA
C21	244	42	48	CATATA
C21	245	12	18	CATATA
C21	246	57	63	CATATA
C21	247	54	60	CATATA
C21	248	29	35	CATATA
C21	249	38	44	CATATA
C21	250	28	34	CATATA
C21	251	7	13	CATATA
C21	252	56	62	CATATA
C21	253	57	63	CATATA
C21	254	50	56	CATATA
C21	255	23	29	CATATA
C22	0	34	40	ACATAT
C22	1	4	10	ACATAT
C22	2	67	73	ACATAT
C22	3	72	78	ACATAT
C22	4	22	28	ACATAT
C22	5	18	24	ACATAT
C22	6	44	50	ACATAT
C22	7	41	47	ACATAT
C22	8	3	9	ACATAT
C22	9	55	61	ACATAT
C22	10	22	28	ACATAT
C22	11	50	56	ACATAT
C22	12	63	69	ACATAT
C22	13	36	42	ACATAT
C22	14	24	30	ACATAT
C22	15	30	36	ACATAT
C22	16	54	60	ACATAT
C22	17	71	77	ACATAT
C22	18	68	74	ACATAT
C22	19	43	49	ACATAT
C22	20	71	77	ACATAT
C22	21	66	72	ACATAT
C22	22	47	53	ACATAT
C22	23	38	44	ACATAT
C22	24	32	38	ACATAT
C22	25	65	71	ACATAT
C22	26	62	68	ACATAT
C22	27	59	65	ACATAT
C22	28	52	58	ACATAT
C22	29	24	30	ACATAT
C22	30	22	28	ACATAT
C22	31	29	35	ACATAT
C22	32	70	76	ACATAT
C22	33	39	45	ACATAT
C22	34	9	15	ACATAT
C22	35	31	37	ACATAT
C22	36	63	69	ACATAT
C22	37	3	9	ACATAT
C22	38	63	69	ACATAT
C22	39	44	50	ACATAT
C22	40	52	58	ACATAT
C22	41	15	21	ACATAT
C22	42	60	66	ACATAT
C22	43	44	50	ACATAT
C22	44	62	68	ACATAT
C22	45	25	31	ACATAT
C22	46	11	17	ACATAT
C22	47	7	13	ACATAT
C22	48	54	60	ACATAT
C22	49	19	25	ACATAT
C22	50	3	9	ACATAT
C22	51	66	72	ACATAT
C22	52	47	53	ACATAT
C22	53	41	47	ACATAT
C22	54	28	34	ACATAT
C22	55	72	78	ACATAT
C22	56	25	31	ACATAT
C22	57	6	12	ACATAT
C22	58	61	67	ACATAT
C22	59	9	15	ACATAT
C22	60	50	56	ACATAT
C22	61	17	23	ACATAT
C22	62	5	11	ACATAT
C22	63	38	44	ACATAT
C22	64	56	62	ACATAT
C22	65	41	47	ACATAT
C22	66	33	39	ACATAT
C22	67	36	42	ACATAT
C22	68	19	25	ACATAT
C22	69	16	22	ACATAT
C22	70	29	35	ACATAT
C22	71	42	48	ACATAT
C22	72	47	53	ACATAT
C22	73	61	67	ACATAT
C22	74	24	30	ACATAT
C22	75	24	30	ACATAT
C22	76	66	72	ACATAT
C22	77	8	14	ACATAT
C22	78	12	18	ACATAT
C22	79	26	32	ACATAT
C22	80	61	67	ACATAT
C22	81	28	34	ACATAT
C22	82	55	61	ACATAT
C22	83	44	50	ACATAT
C22	84	27	33	ACATAT
C22	85	65	71	ACATAT
C22	86	68	74	ACATAT
C22	87	15	21	ACATAT
C22	88	3	9	ACATAT
C22	89	69	75	ACATAT
C22	90	52	58	ACATAT
C22	91	24	30	ACATAT
C22	92	34	40	ACATAT
C22	93	39	45	ACATAT
C22	94	42	48	ACATAT
C22	95	28	34	ACATAT
C22	96	61	67	ACATAT
C22	97	5	11	ACATAT
C22	98	49	55	ACATAT
C22	99	30	36	ACATAT
C22	100	52	58	ACATAT
C22	101	64	70	ACATAT
C22	102	19	25	ACATAT
C22	103	19	25	ACATAT
C22	104	27	33	ACATAT
C22	105	20	26	ACATAT
C22	106	39	45	ACATAT
C22	107	66	72	ACATAT
C22	108	8	14	ACATAT
C22	109	41	47	ACATAT
C22	110	29	35	ACATAT
C22	111	36	42	ACATAT
C22	112	52	58	ACATAT
C22	113	15	21	ACATAT
C22	114	37	43	ACATAT
C22	115	18	24	ACATAT
C22	116	4	10	ACATAT
C22	117	12	18	ACATAT
C22	118	27	33	ACATAT
C22	119	57	63	ACATAT
C22	120	52	58	ACATAT
C22	121	55	61	ACATAT
C22	122	51	57	ACATAT
C22	123	53	59	ACATAT
C22	124	4	10	ACATAT
C22	125	23	29	ACATAT
C22	126	12	18	ACATAT
C22	127	50	56	ACATAT
C22	128	26	32	ACATAT
C22	129	36	42	ACATAT
C22	130	48	54	ACATAT
C22	131	35	41	ACATAT
C22	132	36	42	ACATAT
C22	133	33	39	ACATAT
C22	134	64	70	ACATAT
C22	135	36	42	ACATAT
C22	136	65	71	ACATAT
C22	137	7	13	ACATAT
C22	138	50	56	ACATAT
C22	139	10	16	ACATAT
C22	140	3	9	ACATAT
C22	141	10	16	ACATAT
C22	142	58	64	ACATAT
C22	143	4	10	ACATAT
C22	144	60	66	ACATAT
C22	145	43	49	ACATAT
C22	146	72	78	ACATAT
C22	147	46	52	ACATAT
C22	148	52	58	ACATAT
C22	149	45	51	ACATAT
C22	150	6	12	ACATAT
C22	151	18	24	ACATAT
C22	152	63	69	ACATAT
C22	153	45	51	ACATAT
C22	154	71	77	ACATAT
C22	155	50	56	ACATAT
C22	156	36	42	ACATAT
C22	157	29	35	ACATAT
C22	158	19	25	ACATAT
C22	159	3	9	ACATAT
C22	160	8	14	ACATAT
C22	161	30	36	ACATAT
C22	162	30	36	ACATAT
C22	163	15	21	ACATAT
C22	164	16	22	ACATAT
C22	165	43	49	ACATAT
C22	166	55	61	ACATAT
C22	167	26	32	ACATAT
C22	168	17	23	ACATAT
C22	169	38	44	ACATAT
C22	170	25	31	ACATAT
C22	171	7	13	ACATAT
C22	172	14	20	ACATAT
C22	173	18	24	ACATAT
C22	174	42	48	ACATAT
C22	175	60	66	ACATAT
C22	176	70	76	ACATAT
C22	177	15	21	ACATAT
C22	178	47	53	ACATAT
C22	179	24	30	ACATAT
C22	180	7	13	ACATAT
C22	181	63	69	ACATAT
C22	182	21	27	ACATAT
C22	183	10	16	ACATAT
C22	184	51	57	ACATAT
C22	185	14	20	ACATAT
C22	186	42	48	ACATAT
C22	187	6	12	ACATAT
C22	188	62	68	ACATAT
C22	189	59	65	ACATAT
C22	190	42	48	ACATAT
C22	191	26	32	ACATAT
C22	192	58	64	ACATAT
C22	193	43	49	ACATAT
C22	194	56	62	ACATAT
C22	195	37	43	ACATAT
C22	196	27	33	ACATAT
C22	197	70	76	ACATAT
C22	198	34	40	ACATAT
C22	199	70	76	ACATAT
C22	200	4	10	ACATAT
C22	201	37	43	ACATAT
C22	202	39	45	ACATAT
C22	203	17	23	ACATAT
C22	204	12	18	ACATAT
C22	205	58	64	ACATAT
C22	206	17	23	ACATAT
C22	207	28	34	ACATAT
C22	208	63	69	ACATAT
C22	209	30	36	ACATAT
C22	210	14	20	ACATAT
C22	211	62	68	ACATAT
C22	212	70	76	ACATAT
C22	213	30	36	ACATAT
C22	214	32	38	ACATAT
C22	215	58	64	ACATAT
C22	216	11	17	ACATAT
C22	217	61	67	ACATAT
C22	218	64	70	ACATAT
C22	219	56	62	ACATAT
C22	220	41	47	ACATAT
C22	221	54	60	ACATAT
C22	222	61	67	ACATAT
C22	223	53	59	ACATAT
C22	224	42	48	ACATAT
C22	225	16	22	ACATAT
C22	226	27	33	ACATAT
C22	227	7	13	ACATAT
C22	228	11	17	ACATAT
C22	229	55	61	ACATAT
C22	230	24	30	ACATAT
C22	231	4	10	ACATAT
C22	232	45	51	ACATAT
C22	233	20	26	ACATAT
C22	234	13	19	ACATAT
C22	235	34	40	ACATAT
C22	236	53	59	ACATAT
C22	237	48	54	ACATAT
C22	238	52	58	ACATAT
C22	239	43	49	ACATAT
C22	240	25	31	ACATAT
C22	241	42	48	ACATAT
C22	242	25	31	ACATAT
C22	243	30	36	ACATAT
C22	244	41	47	ACATAT
C22	245	11	17	ACATAT
C22	246	56	62	ACATAT
C22	247	53	59	ACATAT
C22	248	28	34	ACATAT
C22	249	37	43	ACATAT
C22	250	27	33	ACATAT
C22	251	6	12	ACATAT
C22	252	55	61	ACATAT
C22	253	56	62	ACATAT
C22	254	49	55	ACATAT
C22	255	22	28	ACATAT
C23	128	39	45	AGCGCT
C23	135	72	78	AGCGCT
C23	175	19	25	AGCGCT
C23	176	25	31	AGCGCT
C23	22	37	43	AGCTCT
C23	42	52	58	AGCTCT
C23	50	47	53	AGCTCT
C23	103	74	80	AGCTCT
C23	113	72	78	AGCTCT
C23	131	25	31	AGCTCT
C23	137	51	57	AGCTCT
C23	153	23	29	AGCTCT
C23	111	26	32	AGCACT
C23	206	34	40	AGCACT
C23	13	9	15	AGGGCT
C23	26	50	56	AGGGCT
C23	142	39	45	AGGGCT
C23	73	75	81	AGCCCT
C23	89	40	46	AGCCCT
C23	95	10	16	AGCCCT
C23	140	45	51	AGCCCT
C23	154	2	8	AGCCCT
C23	157	15	21	AGAGCT
C23	14	53	59	AGTGCT
C23	138	24	30	AGTGCT
C23	200	72	78	AGTGCT
C23	209	22	28	AGTGCT
C23	86	34	40	CGCGCT
C23	236	73	79	CGCGCT
C23	248	46	52	TGCGCT
C23	10	45	51	AGGTCT
C23	18	11	17	AGGTCT
C23	60	60	66	GGCGCT
C23	155	72	78	GGCGCT
C23	229	17	23	GGCGCT
C23	136	74	80	AGATCT
C23	205	1	7	AGATCT
C23	64	72	78	AGGACT
C23	68	7	13	AGGACT
C23	79	45	51	AGGACT
C23	196	44	50	AGGACT
C23	228	67	73	AGGACT
C23	238	18	24	AGGACT
C23	243	2	8	AGGACT
C23	211	35	41	AGAACT
C23	216	62	68	AGAACT
C23	90	12	18	AGCGCA
C23	145	71	77	AGCGCA
C23	51	39	45	AGTTCT
C23	164	54	60	AGTTCT
C23	232	18	24	AGTTCT
C23	76	46	52	AGGCCT
C23	177	66	72	AGGCCT
C23	36	52	58	AGACCT
C23	92	55	61	AGACCT
C23	141	48	54	AGACCT
C23	197	33	39	AGACCT
C23	244	55	61	AGACCT
C23	247	44	50	AGACCT
C23	251	73	79	AGACCT
C23	9	16	22	AGCGCG
C23	44	29	35	AGCGCG
C23	52	67	73	AGCGCG
C23	235	53	59	AGCGCG
C23	31	6	12	AGTACT
C23	58	17	23	AGTACT
C23	166	32	38	AGTACT
C23	182	13	19	AGTACT
C23	33	21	27	CGCTCT
C23	150	54	60	CGCTCT
C23	207	65	71	TGCTCT
C23	230	62	68	TGCTCT
C23	168	45	51	AGTCCT
C23	34	59	65	AGCGCC
C23	88	51	57	AGCGCC
C23	227	68	74	AGCGCC
C23	16	46	52	CGCACT
C23	54	45	51	CGCACT
C23	63	64	70	CGCACT
C23	115	3	9	CGCACT
C23	152	75	81	CGCACT
C23	56	12	18	TGCACT
C23	69	67	73	TGCACT
C23	172	31	37	TGCACT
C23	65	54	60	ATCGCT
C23	220	26	32	ATCGCT
C23	213	63	69	GGCTCT
C23	46	61	67	AGCGTT
C23	74	54	60	CGGGCT
C23	237	34	40	CGGGCT
C23	162	51	57	TGGGCT
C23	169	7	13	TGGGCT
C23	183	30	36	TGGGCT
C23	78	33	39	GGCACT
C23	81	42	48	GGCACT
C23	108	48	54	GGCACT
C23	147	33	39	GGCACT
C23	97	52	58	ACCGCT
C23	189	25	31	ACCGCT
C23	239	15	21	ACCGCT
C23	110	13	19	CGCCCT
C23	1	13	19	CGAGCT
C23	120	7	13	CGAGCT
C23	226	52	58	CGAGCT
C23	11	71	77	TGCCCT
C23	19	75	81	TGCCCT
C23	41	7	13	TGCCCT
C23	47	65	71	TGCCCT
C23	49	73	79	TGCCCT
C23	27	0	6	TGAGCT
C23	85	22	28	TGAGCT
C23	109	60	66	TGAGCT
C23	171	54	60	TGAGCT
C23	195	65	71	TGAGCT
C23	219	29	35	AGCGAT
C23	233	63	69	AGCGAT
C23	40	39	45	AGCTCA
C23	160	71	77	AGCTCA
C23	161	42	48	AGCTCA
C23	179	3	9	AGCTCA
C23	2	34	40	AACGCT
C23	91	56	62	AACGCT
C23	117	24	30	GGGGCT
C23	124	60	66	GGGGCT
C23	186	63	69	GGGGCT
C23	191	39	45	GGGGCT
C23	6	11	17	GGCCCT
C23	57	72	78	GGCCCT
C23	127	66	72	GGCCCT
C23	223	44	50	GGCCCT
C23	67	67	73	GGAGCT
C23	122	30	36	GGAGCT
C23	107	35	41	AGCTCG
C23	224	71	77	AGCTCG
C23	32	47	53	AGCACA
C23	80	16	22	AGCACA
C23	212	57	63	AGCACA
C23	3	49	55	CGTGCT
C23	217	71	77	TGTGCT
C23	252	65	71	TGTGCT
C23	71	27	33	AGGGCA
C23	231	41	47	AGGGCA
C23	214	52	58	AGCACG
C23	62	40	46	GGTGCT
C23	112	11	17	GGTGCT
C23	125	47	53	GGTGCT
C23	99	19	25	AGAGCA
C23	249	60	66	ATCTCT
C23	118	63	69	AGGGCG
C23	144	16	22	AGGGCG
C23	187	42	48	AGGGCG
C23	201	20	26	AGGGCG
C23	254	22	28	AGGGCG
C23	25	35	41	AGCTTT
C23	105	13	19	AGCTTT
C23	45	39	45	AGCCCG
C23	66	17	23	AGCCCG
C23	114	23	29	AGCCCG
C23	218	16	22	AGCCCG
C23	119	74	80	AGAGCG
C23	39	32	38	AGCACC
C23	246	26	32	AGCACC
C23	82	33	39	CGGTCT
C23	198	66	72	CGGTCT
C23	21	57	63	TGGTCT
C23	181	45	51	TGGTCT
C23	255	35	41	TGGTCT
C23	93	67	73	ATCACT
C23	159	47	53	ATCACT
C23	250	70	76	ATCACT
C23	43	6	12	ACCTCT
C23	130	2	8	ACCTCT
C23	174	1	7	AGCTGT
C23	173	31	37	TGATCT
C23	59	56	62	AGCTAT
C23	101	25	31	AGCTAT
C23	15	16	22	TGGACT
C23	12	55	61	ATGGCT
C23	167	37	43	ATGGCT
C23	151	5	11	AGTGCG
C23	170	49	55	GGGTCT
C23	106	31	37	AGCAGT
C23	104	34	40	ATAGCT
C23	123	3	9	ATAGCT
C23	178	39	45	ATAGCT
C23	222	53	59	ATAGCT
C23	221	17	23	AGCAAT
C23	133	66	72	CGTTCT
C23	215	67	73	CGTTCT
C23	55	12	18	AGCCTT
C23	132	59	65	AGCCTT
C23	253	29	35	AGCCTT
C23	139	35	41	AACACT
C23	102	62	68	AGAGTT
C23	0	13	19	GGGACT
C23	35	70	76	GGGACT
C23	149	19	25	GGGACT
C23	84	68	74	CGGCCT
C23	116	37	43	AGGGAT
C23	20	41	47	AGGTCA
C23	4	4	10	GGAACT
C23	156	61	67	GGAACT
C23	242	17	23	ACAGCT
C23	134	25	31	CGACCT
C23	24	52	58	AGAGGT
C23	83	6	12	AGAGGT
C23	121	16	22	AGCCAT
C23	100	71	77	AGAGAT
C23	29	44	50	GGTTCT
C23	158	69	75	AGATCA
C23	240	62	68	AAAGCT
C23	53	55	61	GGGCCT
C23	77	29	35	AGGTCG
C23	7	68	74	AGGACA
C23	241	75	81	GGTACT
C23	126	41	47	AGAACA
C23	38	2	8	AGTGGT
C23	72	69	75	AGTGGT
C23	75	55	61	AGTGAT
C23	8	59	65	AGACCA
C23	188	50	56	ATGTCT
C23	146	24	30	AGATCC
C23	225	38	44	GTCGCT
C23	245	21	27	GTCGCT
C23	37	31	37	AGGCCG
C23	17	38	44	AGTCCA
C23	208	37	43	ATTTCT
C23	165	24	30	AGTTTT
C23	87	1	7	AGCGAA
C23	30	2	8	TGGGCG
C23	184	27	33	CGAGCG
C23	143	37	43	CGTGCA
C23	129	20	26	TCCTCT
C23	98	59	65	TGAGCC
C23	234	63	69	ACCTCA
C23	70	19	25	CGATCA
