motif	sequence_index	start0	end0	fragment
C00	240	35	45	GTTACATGAA
C00	51	56	66	CATTACATTG
C00	111	55	65	ATCCATACAG
C00	235	27	37	AACATTGACA
C00	125	68	78	TATACAATCG
C00	142	6	16	TGACATAACA
C00	207	12	22	TTAACATTAA
C00	158	2	12	AGTACAATGA
C00	67	10	20	TTAACATAGG
C00	210	21	31	ATAACATGTT
C00	8	43	53	TTGACATTCA
C00	195	5	15	CTTACATCTA
C00	134	7	17	ATTACATGAG
C00	104	15	25	TATCACAATT
C00	163	55	65	GAATACAATT
C00	206	67	77	TGACATACAA
C00	194	1	11	AATACATTGA
C00	55	53	63	CAACATTACA
C00	82	22	32	CTTACATTGT
C00	244	18	28	ATACCATAAG
C00	61	38	48	ATTACAATTG
C00	128	55	65	TTACATTGAC
C00	45	18	28	CACATTGACA
C00	43	31	41	AGTACAATGT
C00	13	22	32	ATTACATCAA
C00	105	28	38	TTCAATACAG
C00	92	48	58	AATACATAGA
C00	181	56	66	ACCATTGACA
C00	251	47	57	GATCACATGG
C00	231	24	34	TATCACATAG
C00	198	15	25	AGTACATTAA
C00	247	42	52	TAATACATTT
C00	113	58	68	ATTACAATAT
C00	41	64	74	GAATACATTT
C00	2	6	16	TGACAATTAG
C00	246	17	27	TTACCATTGA
C00	178	34	44	TTAACATATC
C00	90	42	52	GATAACATTG
C00	68	33	43	GGCAACATTA
C00	172	45	55	AATACATTTC
C00	57	14	24	TAACCATAAT
C00	14	37	47	GATAACATAA
C00	71	35	45	CACATTGACA
C00	217	21	31	TAAACATAGG
C00	168	65	75	GGTACATGTT
C00	171	22	32	TAATACAAAT
C00	188	38	48	TATCACCATA
C00	132	4	14	ATAACATAAT
C00	84	47	57	GATACATTAA
C00	146	50	60	AGACATTGTA
C00	126	38	48	TTCATAACAC
C00	209	63	73	TACTACATGT
C00	222	1	11	TATACATGTA
C00	124	42	52	ATTACATTAA
C00	107	18	28	ATCACATCGA
C00	160	25	35	ATTACATCTT
C00	74	66	76	AATACATACT
C00	110	16	26	ACTGACATGC
C00	164	64	74	TTCAATACAA
C00	89	14	24	AATACATTTA
C00	22	58	68	TTAACATTTA
C00	192	68	78	TTGATACCAA
C00	117	44	54	AACAATACAG
C00	249	1	11	CATACATATC
C00	5	40	50	ACATCAGATT
C00	78	23	33	TGCAATACTG
C00	23	66	76	ATAACAATAG
C00	162	41	51	GTACAATCAT
C00	212	32	42	GCTTACATTA
C00	122	45	55	ACGAATACAT
C00	97	53	63	CAGATAACAG
C00	148	39	49	TACCGATGCA
C00	243	47	57	GTTACAGAAT
C00	223	27	37	ATCACCATAT
C00	50	23	33	TTCACATTCA
C00	238	33	43	TCAGATACCC
C00	95	9	19	TAGCCATTTA
C00	58	35	45	CCTACATAAA
C00	234	60	70	ATTACATCAC
C00	227	53	63	AATACATTTA
C00	175	66	76	AATGACAATA
C00	21	36	46	AGCATTAACA
C00	9	0	10	AACAACATTT
C00	155	23	33	TATACATTTA
C00	248	34	44	AATACATAGA
C00	52	10	20	TATACAATAA
C00	30	14	24	CGTCATTGAC
C00	7	28	38	ACATCATGAT
C00	187	56	66	TTACATTATG
C00	219	20	30	ACGACAATAA
C00	56	56	66	TTACCATGTT
C00	157	69	79	CTAGACATAA
C00	127	34	44	CCACATAATC
C00	48	62	72	TTAACAGTAT
C00	233	12	22	CATCATTGAC
C00	73	25	35	AGCATAACAA
C00	254	30	40	ATTACACATT
C00	3	11	21	CTATACAAGG
C00	152	1	11	ATTGACATTT
C00	62	59	69	AAACATTGAT
C00	199	24	34	TTAGACATGA
C00	65	23	33	AACGCAATGG
C00	121	15	25	TATACATAAC
C00	83	52	62	TATACAATAG
C00	64	4	14	TAAACATAAA
C00	27	46	56	TAAGCATTAT
C00	34	69	79	TACGACATTT
C00	215	20	30	TTGCATACCC
C00	133	2	12	TCACCATTTC
C00	118	34	44	ATACTTGCAA
C00	11	58	68	TCCATGATAC
C00	213	42	52	AATACCACTG
C00	154	14	24	AATCATAGAA
C00	174	66	76	TCATCATAAT
C00	94	18	28	ATAAACATAT
C00	214	19	29	AACATTATGT
C00	193	4	14	ACAACAATAT
C00	208	68	78	TAATACAGTT
C00	18	0	10	TCGACAAATT
C00	183	24	34	AAACCATTGG
C00	20	36	46	TTAGCATTTA
C00	253	12	22	TCGTCATAAT
C00	161	54	64	ACAAACATAT
C00	204	27	37	TGTCATTATG
C00	190	56	66	TCATAGACAA
C00	141	29	39	AACACAATAG
C00	32	8	18	AGACAAGCAT
C00	150	44	54	TCTACAATAT
C00	216	71	81	ATATACAAAT
C00	221	9	19	CTAATACAAG
C00	87	5	15	AAACAGATTG
C00	129	61	71	TATGCCATAA
C00	49	26	36	ATTCACGTAA
C00	6	66	76	AAAACATTCA
C00	140	27	37	AAGCATATCG
C00	69	45	55	ACGCCATTGT
C00	120	30	40	AAACAGATTG
C00	202	2	12	AGCACACATA
C00	136	56	66	AAACGATTGA
C00	81	15	25	TCCCATGATT
C00	63	52	62	TGTGCAATAA
C00	0	7	17	AACACAGTTA
C00	197	24	34	GACCATTCAA
C00	46	28	38	CAACAGTGTA
C00	252	24	34	AGCCATATGA
C00	159	24	34	TGCGCATTCA
C00	114	46	56	ATGCCATTTT
C00	72	15	25	TAAACATTTT
C00	201	45	55	TATACGTTCA
C00	35	2	12	GGTGCATTTA
C00	119	69	79	CTCACAGAGA
C00	186	30	40	GTGCCAATTT
C01	81	47	57	TTACCTTTTA
C01	118	41	51	CAACTTTCAT
C01	39	71	81	GATTCTTTAT
C01	254	1	11	AGTCTTTGTA
C01	207	66	76	GATCTTTAGC
C01	241	69	79	AACCTTGTTA
C01	0	25	35	TGACTTTTGA
C01	196	63	73	TAACCTTTCA
C01	135	28	38	AATCTTTGAC
C01	224	10	20	GTACTTTCAT
C01	177	7	17	TACCTTTGAC
C01	253	4	14	CTTAGTTTTC
C01	96	31	41	TAACTTTAGG
C01	126	33	43	CAAGTTTCAT
C01	244	24	34	TAAGTTTCTT
C01	226	18	28	TTAACTTTGA
C01	40	71	81	AATCCTTTAT
C01	120	8	18	TAGCTTTAAT
C01	155	41	51	GTTACTTTGA
C01	111	62	72	CAGTCTTTAT
C01	191	48	58	TCTTACTTTT
C01	192	2	12	TAACCTTTAC
C01	82	15	25	AGCTTTACTT
C01	160	28	38	ACATCTTTTA
C01	80	3	13	TTCACTTTAT
C01	127	66	76	TTAACTTTAA
C01	4	30	40	TGACTTTAAC
C01	89	40	50	ATACCTTTAT
C01	228	2	12	GTTACTTTGA
C01	21	58	68	GGTCTTTGAC
C01	56	17	27	TACCTTTGAC
C01	221	41	51	ATGCCTTTAT
C01	49	54	64	TAAGTTCTTA
C01	245	32	42	GTACTTTACT
C01	231	60	70	TGACTTTAAT
C01	152	17	27	CGTCTTTTGA
C01	223	11	21	TTACCTTTGT
C01	114	63	73	TTCACTTTCG
C01	185	53	63	AACTTTACTT
C01	165	35	45	TGTCTTTGAC
C01	35	17	27	ATCTGTTTAA
C01	237	6	16	AATTCCTTTG
C01	200	65	75	GATCTTTAGT
C01	6	33	43	GTACTTTGTT
C01	97	16	26	CAACTTTGAC
C01	219	48	58	TGTCTTTGAC
C01	116	16	26	TATCTTTAAT
C01	214	53	63	GAACTTATTT
C01	130	38	48	CGATTTCTTG
C01	103	63	73	TTACTTTTGT
C01	158	9	19	TGATTTCTTG
C01	232	27	37	TCTGTTTAGG
C01	22	53	63	AATCTTTAAC
C01	53	22	32	TTTCGTTTGA
C01	79	12	22	TATCTTTGAA
C01	99	21	31	ATCAGTTTGA
C01	238	68	78	CAAGTTATTT
C01	5	43	53	TCAGATTTTC
C01	20	31	41	AGACTTTAGC
C01	14	51	61	TAAGTTCTTA
C01	190	71	81	ATGCTTTTCC
C01	88	63	73	TTACCTTTCA
C01	52	59	69	CAACTTTTAG
C01	78	36	46	AATTCTTTTG
C01	84	52	62	ATTAACTTTT
C01	216	33	43	GATTCTTTTA
C01	157	19	29	CTTAGTTTTG
C01	154	58	68	AAGCTTTGAA
C01	215	50	60	AGACTTTGAC
C01	239	70	80	TACTGTTTTT
C01	252	36	46	ATTAGTTTTG
C01	206	59	69	ACAGTTTTTG
C01	186	18	28	TCAACTTATC
C01	211	69	79	ATTACTTTAC
C01	48	68	78	GTATCTTTTC
C01	19	58	68	TGACTTTATT
C01	148	67	77	CTAAGTTTAC
C01	234	25	35	ACACTTTGTA
C01	172	26	36	GAAGTTTCAC
C01	50	15	25	TTAAGTTTTT
C01	76	27	37	ATCTGTTTGA
C01	16	63	73	ATTTCCTTTA
C01	184	58	68	ATTACTTTTT
C01	133	63	73	AAGCTTTCTA
C01	36	53	63	GACCTTATTG
C01	179	56	66	GTCCTTTAGA
C01	229	25	35	ATTTCTTTAT
C01	138	14	24	TCCTAATTTT
C01	109	5	15	CTCAGTTTAT
C01	217	37	47	TCACTTATTG
C01	181	18	28	GACCTTATTT
C01	119	48	58	CACTATTTGA
C01	121	47	57	CATCTTTGAC
C01	33	1	11	CATCTTTGAA
C01	67	71	81	ATTACTTGTT
C01	12	52	62	ACTATTTCTT
C01	37	68	78	TCCGTTTCAG
C01	146	36	46	TGAAACTTTT
C01	139	26	36	TAAGTTTCAA
C01	131	57	67	TAAGTTTTGA
C01	72	33	43	TTACCTTATT
C01	153	36	46	ATACTTTTGA
C01	218	28	38	GGTTATTTCC
C01	175	40	50	AGTCATTTTA
C01	17	10	20	TCTACTTCAA
C01	77	62	72	GTAACTTGAA
C01	101	40	50	ATTCCTTTTG
C01	161	6	16	CTCGAATTTA
C01	105	51	61	TTAGTTTAGC
C01	249	14	24	AAAGTTTCCC
C01	141	70	80	GGACTTTCTA
C01	3	64	74	TCTCTTTGAC
C01	115	59	69	AGGTATTTCT
C01	202	31	41	AAACTTTGAC
C01	194	47	57	ATACTTTTGA
C01	167	18	28	AAAGTTTGAC
C01	236	44	54	CGGAGTTTGA
C01	91	16	26	GTGCTTTGAC
C01	188	51	61	TGTCTTGTTT
C01	25	34	44	AAGCTTTATG
C01	169	68	78	TACTCTTTAT
C01	10	13	23	AAACTTTTGA
C01	117	68	78	GTTAGTTTTA
C01	156	61	71	TGAACTTAAA
C01	136	11	21	ATGCTTTTTA
C01	124	57	67	AACTTTTATT
C01	15	61	71	ACTCTTTTCA
C01	178	7	17	GCCTTAATTC
C01	8	70	80	AAAGTTTATC
C01	98	10	20	ACGTTATTTT
C01	65	29	39	ATGGTTTAAT
C01	248	48	58	CTATCTTTTG
C01	164	7	17	TCTCTTTTGA
C01	64	44	54	AATTCCTTTT
C01	235	55	65	ATCGTTTTTA
C01	166	65	75	CTTCTTTTTG
C01	170	14	24	TTAAGTTTTT
C01	255	14	24	ACTCTTTGAC
C01	122	34	44	CTACTTGATT
C01	189	49	59	ATTACCTTTG
C01	69	62	72	TTTACTTCAA
C01	75	16	26	AGAGTTTGAC
C01	11	71	81	TTCCCTTTAC
C01	187	24	34	TTCTTGTTTA
C01	230	1	11	GTAGTTTTAA
C01	183	51	61	AAACTTTTTA
C01	42	35	45	AGGATTTCAT
C01	198	5	15	TATAGTTTTA
C01	168	69	79	CATGTTTTCT
C01	46	18	28	ATGATTTCTT
C01	47	67	77	AACTCTTTAT
C01	182	54	64	GGCTAATTTG
C01	23	7	17	TCCCATTTAA
C01	44	6	16	TCAGGTTTTG
C01	45	3	13	ACTCTTATTT
C01	210	67	77	CACCTTATGT
C01	123	71	81	ACAACTTCTT
C01	246	10	20	GATCATTTTA
C01	71	8	18	TCCGTTATTT
C01	28	19	29	GACGAATTTG
C01	149	64	74	AACGTTTTTT
C01	163	0	10	ACCCTTTAAA
C01	60	38	48	ATAACTTTTT
C01	38	50	60	AGTAATTTTT
C01	162	61	71	TGACATTTTG
C01	128	2	12	ACACTTTAAA
C01	250	38	48	GCTTGCTTTG
C01	30	3	13	GGGCTTTTTT
C01	102	35	45	TACCGTTTAA
C01	94	54	64	GTTCCATTTT
C02	172	60	70	AGATAAGTAT
C02	31	2	12	CAATAGTAAT
C02	240	15	25	ATAATAGTTG
C02	81	54	64	TTATAAGTAT
C02	198	60	70	TAGATAAGTT
C02	238	15	25	AATAGTAATG
C02	140	64	74	GATATAAGTT
C02	193	30	40	CTATAGTAAC
C02	224	4	14	ATATAAGTAC
C02	165	49	59	AATTAGTATT
C02	50	31	41	CATTAAGTAT
C02	144	11	21	TAAATAGTTA
C02	14	47	57	TTAATAAGTT
C02	24	10	20	CTTATAAGTT
C02	2	10	20	AATTAGTATC
C02	83	5	15	AATAGTTAGA
C02	254	53	63	ATAATAGTGA
C02	49	8	18	TTAATAAGTT
C02	180	41	51	AATTAATAGA
C02	54	50	60	TAATTAGTAT
C02	100	67	77	CGTAATAGAT
C02	236	19	29	AATTATAGGC
C02	176	6	16	ACTTAATAGA
C02	102	54	64	CGATAAGTAG
C02	85	42	52	TTAATAAGGT
C02	41	21	31	AATATTAGTA
C02	229	34	44	TTAATAGTTT
C02	111	66	76	CTTTATAAGT
C02	129	41	51	TAATAAGTAT
C02	221	25	35	GTTAATAGTT
C02	228	49	59	CAGATAGTAA
C02	63	25	35	AAGTATTAGT
C02	157	46	56	GATAATAGAA
C02	113	20	30	TAATTAGAAT
C02	29	7	17	CAATTAGATT
C02	77	24	34	TTATAAGGTA
C02	95	16	26	TTAAATAGTT
C02	59	31	41	GTATTAAGTT
C02	215	45	55	TTATAAGACT
C02	173	34	44	TATAGTTAAT
C02	75	50	60	TATTAAGTTA
C02	58	23	33	GTATAAGCGT
C02	212	21	31	TAGTATAAGA
C02	205	7	17	ATACTAAGTC
C02	86	0	10	TATATAAGTC
C02	18	39	49	TATAAGATTA
C02	93	11	21	ACTATAAGCC
C02	153	66	76	TAGATAAGAT
C02	201	27	37	ATGATAGTTG
C02	139	42	52	ATATTAGTTG
C02	25	17	27	TCATAGTTAT
C02	120	3	13	AAGTATAGCT
C02	99	14	24	TGATAAGATC
C02	145	49	59	AATTAAGTAT
C02	178	50	60	TATAATAGCG
C02	21	47	57	CTAATAAGCA
C02	150	25	35	TTAATAGTAT
C02	40	16	26	ATAATAGATT
C02	133	46	56	GTTATAGTAT
C02	160	41	51	TGTATAGTGA
C02	203	27	37	AATATTAGTC
C02	9	22	32	ATAATTAGTA
C02	146	0	10	TATAGTATTC
C02	233	37	47	GAAATAGTAA
C02	171	28	38	AAATTAGTGC
C02	186	45	55	TATAATAGGA
C02	27	42	52	ACGATAAGCA
C02	109	70	80	TCATAGATAA
C02	168	21	31	ATAATAAGAT
C02	232	59	69	AATATTAAGT
C02	48	29	39	TAAATAAGTA
C02	88	16	26	AATTATAGCG
C02	231	29	39	CATAGTAATT
C02	87	20	30	TAATTAAGTG
C02	125	12	22	ATACTAAGTT
C02	13	52	62	CTAAGTATTC
C02	112	68	78	TCGATAGTAT
C02	190	28	38	GCATAAGTAA
C02	90	55	65	TATAATAGAT
C02	26	25	35	TGAATAGTAT
C02	137	35	45	CGTATAGATC
C02	56	0	10	TATAAGTAAA
C02	96	42	52	TATTAAGATG
C02	62	33	43	GCAATAAGTT
C02	241	1	11	ATTCTAATGT
C02	199	20	30	CTAATTAGAC
C02	244	21	31	CCATAAGTTT
C02	104	30	40	TATAATAGAT
C02	177	57	67	TATTATAAGA
C02	248	9	19	AATGTAAGCT
C02	211	9	19	AGGATAAGTT
C02	182	32	42	TTTAATAGGA
C02	131	53	63	TTATTAAGTT
C02	34	17	27	TATAATAGAG
C02	227	58	68	ATTTAAGTAT
C02	47	10	20	TATAATAGTG
C02	155	65	75	AATATTAGGA
C02	179	30	40	AATAACTAGT
C02	192	47	57	TGAATAGTTT
C02	143	52	62	TCTAGTTATG
C02	8	49	59	TTCATAAGAG
C02	52	51	61	ATAATTAGCA
C02	106	60	70	TATTAAGTTA
C02	67	44	54	TAAAGTATCG
C02	135	69	79	ATTATAGATT
C02	136	69	79	ATAATAGATC
C02	105	47	57	TATATTAGTT
C02	7	59	69	ATTTATAGTA
C02	152	43	53	ATAATAAGAG
C02	251	35	45	AATAATAGAA
C02	250	31	41	ATAATTAGCT
C02	185	69	79	TTATTAGAAG
C02	187	43	53	TGGATAGTGT
C02	42	4	14	TTCATAGTAA
C02	60	0	10	AAGTAAGATA
C02	235	0	10	GAGATAAGCT
C02	206	0	10	TTTAGTTAAT
C02	1	40	50	ATTTAGTTAA
C02	219	63	73	ATTTATAGAA
C02	4	0	10	ATAAGTAAAT
C02	57	37	47	ATCTAATACG
C02	119	23	33	TTTATAGTAA
C02	239	1	11	TTAAATAGCG
C02	191	12	22	TACTATAAAG
C02	80	31	41	ATTAATAGAA
C02	114	71	81	CGATAGTATA
C02	217	0	10	AATAGTAGGA
C02	74	14	24	TAACTAGTTG
C02	23	68	78	AACAATAGGA
C02	216	21	31	ACTAGTATTT
C02	225	35	45	CTAGTATCTG
C02	82	10	20	TGAATAGCTT
C02	220	25	35	AATAGATACT
C02	32	0	10	TTATAGATAG
C02	117	30	40	TAAATTAGTT
C02	22	62	72	CATTTAGTTT
C02	38	20	30	ATTAATAGAT
C02	91	34	44	CCAATTAGCC
C02	72	62	72	TTAAAGTATT
C02	127	4	14	ATCTAGTATT
C02	208	67	77	ATAATACAGT
C02	148	65	75	AACTAAGTTT
C02	174	26	36	TGATTAAGGA
C02	247	66	76	TCAATAGTTG
C02	12	69	79	AATTAACAGG
C02	39	28	38	AATTAGCAAC
C02	188	30	40	ATCTAAGATA
C02	123	34	44	TTATTAGATT
C02	245	18	28	ATTGTAGATA
C02	210	70	80	CTTATGTAGG
C02	252	33	43	ATTATTAGTT
C02	28	10	20	TTCATTAGGG
C02	20	34	44	CTTTAGCATT
C02	167	7	17	TAAAGTATAA
C02	159	30	40	TTCATAAGTC
C02	218	15	25	GATACAGTAG
C02	11	11	21	ATTGATAGAG
C02	213	11	21	CATTTAGATA
C02	170	12	22	ATTTAAGTTT
C02	15	0	10	TTTAGTAAAC
C02	107	53	63	AAAGTATAAT
C02	3	36	46	GCATAAGTTC
C02	71	50	60	TTTATTAGGA
C02	154	15	25	ATCATAGAAA
C02	200	18	28	TATATACGTT
C02	44	70	80	TATATAACGT
C02	45	49	59	ATATCTAGGA
C02	33	27	37	GAGTATACTT
C02	138	20	30	TTTTAGTTCT
C02	156	16	26	TTTTAGTTAT
C02	141	31	41	CACAATAGGG
C02	181	24	34	ATTTTAGTCT
C03	75	3	13	TATTTTTAAT
C03	225	57	67	AATTTTTGTA
C03	29	12	22	AGATTTTAAT
C03	219	34	44	TTATTTTGTA
C03	65	64	74	AATTTTTGTA
C03	81	20	30	TGATTTTGAC
C03	72	39	49	TATTTTTGAC
C03	70	35	45	AATTTTTGAT
C03	67	28	38	AATTTTTGAC
C03	77	0	10	CATTTTTGAC
C03	175	12	22	AATTTTTATC
C03	136	13	23	GCTTTTTATG
C03	162	22	32	AATTTTTGAC
C03	54	57	67	TATTTTTAGG
C03	183	53	63	ACTTTTTATC
C03	134	56	66	GATTTTTGAC
C03	26	68	78	AATTTTTAAT
C03	245	40	50	CTATTTTTCA
C03	23	30	40	CTATTTTGAC
C03	184	61	71	ACTTTTTAAT
C03	50	9	19	AATTTTTTAA
C03	39	36	46	ACTTTTTGAC
C03	168	53	63	TGATTTTGTC
C03	47	52	62	GATTTTTAAT
C03	217	7	17	GGATTTTAAT
C03	33	69	79	GATTTTTGAT
C03	195	25	35	AATTTTTAAT
C03	0	26	36	GACTTTTGAC
C03	10	34	44	TAATTTTCTG
C03	166	67	77	TCTTTTTGTT
C03	206	9	19	TAATTTTGAC
C03	128	50	60	TGATTTTACA
C03	198	26	36	AATTTTTGAC
C03	86	50	60	GATTTTTATC
C03	114	12	22	AATTTTTATT
C03	146	40	50	ACTTTTTGAC
C03	139	2	12	CTATTTTGAC
C03	144	52	62	TGATTTTGAC
C03	51	23	33	TTATTTTAAC
C03	178	27	37	AATTTTCTTA
C03	247	33	43	TATTTTTATT
C03	98	54	64	TAATTTTATC
C03	123	61	71	TATTTTTGAG
C03	138	17	27	TAATTTTAGT
C03	99	1	11	CATTTTTATG
C03	14	30	40	AATTTTTGAT
C03	103	65	75	ACTTTTGTTA
C03	204	4	14	TAATTTTGAC
C03	64	48	58	CCTTTTTGAC
C03	186	6	16	TCTTTTTGAG
C03	170	17	27	AGTTTTTGAC
C03	192	28	38	TTAATTTTGA
C03	153	37	47	TACTTTTGAC
C03	60	42	52	CTTTTTTGAC
C03	157	21	31	TAGTTTTGAC
C03	61	22	32	TAATTTTGTA
C03	181	42	52	GCTTTTTATT
C03	89	46	56	TTATTTTTCA
C03	40	29	39	TTAATTTTAA
C03	132	19	29	TTGTTTTTAC
C03	210	48	58	AATTTTTTGG
C03	226	32	42	TAATTTTCGA
C03	143	12	22	TTATTTTTCA
C03	34	39	49	TTTGTTTTCA
C03	85	30	40	AAATTTTAGT
C03	194	48	58	TACTTTTGAC
C03	92	13	23	ATATTTTGTA
C03	241	7	17	ATGTTTTAGT
C03	5	67	77	CGATTTTGGA
C03	187	51	61	GTATTTTACA
C03	235	57	67	CGTTTTTAAT
C03	229	47	57	TAATTTTGAC
C03	165	9	19	TAATTTTTAT
C03	152	5	15	ACATTTTGGT
C03	130	22	32	TCTTTTTACA
C03	35	66	76	TGATTTTACT
C03	133	19	29	TTATTTTCAT
C03	108	42	52	GAATTTTGAA
C03	156	12	22	TTTGTTTTAG
C03	142	23	33	CTATTTTAAA
C03	149	67	77	GTTTTTTTAT
C03	252	61	71	AATTTTTTCT
C03	202	9	19	ATATTTTCGA
C03	173	40	50	TAATTTTCTA
C03	236	34	44	GACTTTTTCT
C03	160	30	40	ATCTTTTACT
C03	242	67	77	ATATTTTACT
C03	253	6	16	TAGTTTTCGT
C03	228	17	27	AATTTTTTCT
C03	53	60	70	TAATTTTAAA
C03	158	40	50	CAATTTTGTG
C03	246	12	22	TCATTTTACC
C03	95	68	78	AATTTTTCTC
C03	216	34	44	ATTCTTTTAA
C03	84	55	65	AACTTTTTAT
C03	205	63	73	TAATTTTCAT
C03	82	37	47	CTTTTTTTAT
C03	191	51	61	TACTTTTACG
C03	248	50	60	ATCTTTTGAA
C03	79	64	74	ATTTGTTTAA
C03	106	46	56	ATTTGTTTAA
C03	52	60	70	AACTTTTAGA
C03	9	62	72	ATATTTTCAC
C03	193	61	71	TATTTTAAGG
C03	15	47	57	GATTTTTTGC
C03	13	42	52	AATTTTTTCT
C03	48	70	80	ATCTTTTCTT
C03	126	63	73	AGTTTTATTC
C03	49	35	45	AATTTTTCTT
C03	209	0	10	ACTTTTGTAA
C03	38	54	64	ATTTTTTTGA
C03	131	58	68	AAGTTTTGAT
C03	223	66	76	ACTTTTTTAA
C03	30	6	16	CTTTTTTTCG
C03	27	11	21	ACATTTTAAA
C03	167	39	49	TGCTTTTAGC
C03	196	19	29	TTTTTTTGAC
C03	66	55	65	AAATTTTCTA
C03	164	8	18	CTCTTTTGAC
C03	151	2	12	TTTATTTCGG
C03	22	26	36	ATTTTTTTAA
C03	78	38	48	TTCTTTTGAA
C03	69	59	69	GAATTTACTT
C03	244	66	76	TTCTTTTACA
C03	121	70	80	GGTTTTATTT
C03	105	1	11	TTGTTTTATT
C03	16	8	18	CCCTTTTAAT
C03	44	8	18	AGGTTTTGGA
C03	255	61	71	CTTTTTTATT
C03	230	2	12	TAGTTTTAAA
C03	119	14	24	CCTTTTTCTT
C03	112	0	10	AGTTTTAAGT
C03	46	19	29	TGATTTCTTC
C03	42	36	46	GGATTTCATT
C03	101	56	66	AGTTTTTGAC
C03	150	38	48	GTATTTTCTA
C03	71	11	21	GTTATTTTCA
C03	115	37	47	TTTTTTTTAT
C03	37	22	32	CGGTTTTAAA
C03	111	12	22	AGAATTTCAT
C03	254	66	76	TTTTTTTTAA
C03	169	5	15	TGTTTTCTGT
C03	117	70	80	TAGTTTTAAA
C04	138	43	53	TGAATTGACA
C04	180	12	22	TAATTTGATT
C04	7	33	43	ATGATTTGAC
C04	70	21	31	ATCATTTGAC
C04	35	23	33	TTAATTTGAC
C04	254	7	17	TGTATTTGTA
C04	65	34	44	TTAATTGACA
C04	190	34	44	GTAATTTGAC
C04	73	54	64	GTTATTGACA
C04	162	34	44	ATAATTTGTA
C04	199	62	72	GTAATTTGAC
C04	79	51	61	ATATTGAATT
C04	29	17	27	TTAATTGACA
C04	230	63	73	GCTATTTGAC
C04	5	11	21	GTAATTGACA
C04	160	0	10	ATGATTTGAC
C04	214	64	74	AATTTGATTT
C04	197	63	73	TGAATTGACA
C04	136	38	48	CTTATTGACT
C04	130	4	14	CTATTTGAAT
C04	56	70	80	ATGATTTGTA
C04	16	22	32	AATTGATTGT
C04	151	11	21	GTTATTGACA
C04	31	34	44	TAATTTGATG
C04	103	12	22	CTAATTGACA
C04	118	12	22	ATATTTGTAA
C04	207	54	64	TAATTTGAAT
C04	95	20	30	ATAGTTTGAC
C04	253	49	59	ATAATTGACA
C04	149	15	25	ATATTTGAAT
C04	123	45	55	ATTATTTGAC
C04	107	11	21	ATATTTGATC
C04	28	45	55	AATATTGACA
C04	209	22	32	AGTTATTGAC
C04	3	0	10	AAATTTGATA
C04	241	34	44	TTAATTTGAC
C04	11	8	18	TTAATTGATA
C04	134	40	50	AATTTGAATT
C04	20	47	57	AATTGATTGA
C04	68	9	19	GAATTGATTG
C04	100	27	37	TGTATTTGTA
C04	76	59	69	TGAATTGACA
C04	62	14	24	CTAATTTGTT
C04	195	30	40	TTAATTGACA
C04	64	64	74	TCAATTTGAG
C04	96	53	63	ATTATTTGAC
C04	194	17	27	CGAATTGTTG
C04	248	21	31	TTAATTGACA
C04	210	6	16	ATTATTTGAC
C04	225	65	75	TAATTTGAAG
C04	36	56	66	CTTATTGACA
C04	244	34	44	ATAATTGACA
C04	145	36	46	TAATTTGACA
C04	187	10	20	ATAATTTGAG
C04	156	29	39	AATATTGACA
C04	40	43	53	AATTTGTTGA
C04	247	45	55	TACATTTGAC
C04	2	0	10	ATTATTTGAC
C04	175	53	63	CTAATTGACA
C04	85	55	65	TTAATTGTTG
C04	221	61	71	ATTAATTGAG
C04	87	37	47	TGAATTTGAA
C04	212	62	72	ATTATTTGAC
C04	133	26	36	CATATTGACA
C04	104	20	30	CAATTTGACA
C04	82	48	58	TGTATTGACA
C04	53	24	34	TCGTTTGATT
C04	246	49	59	ACAATTGACA
C04	46	46	56	ATTTATTGCA
C04	182	14	24	TTAATTGACA
C04	154	63	73	TTGAATTGAC
C04	213	23	33	CTAATTGACA
C04	12	6	16	TAATTTGGTT
C04	208	56	66	AATATTGACA
C04	106	45	55	AATTTGTTTA
C04	86	61	71	CATATTGACA
C04	236	2	12	CTAATTGTTA
C04	171	0	10	AAATTTGACA
C04	163	20	30	TAATTTGGAG
C04	142	51	61	ATAATTGACA
C04	27	51	61	ATTATTTGAC
C04	43	36	46	AATGTTTGAC
C04	249	29	39	ATTTATTGAC
C04	48	47	57	AATATTGACA
C04	26	54	64	CTAATTTGAC
C04	13	29	39	CAAATTGACA
C04	108	37	47	GAATTGAATT
C04	176	62	72	ATTATTTGAC
C04	60	16	26	TATTTTGATA
C04	109	33	43	TATGTTTGAC
C04	188	54	64	CTTGTTTGAC
C04	223	45	55	TAAATTTGAC
C04	110	49	59	ATAATTGAAT
C04	229	9	19	CTATTTGTTG
C04	105	12	22	AATATTTGAC
C04	119	49	59	ACTATTTGAC
C04	59	64	74	AATTGATTGT
C04	128	19	29	AATATTGACA
C04	237	60	70	AATATTGGAA
C04	131	28	38	TCTATTGACA
C04	239	35	45	AGAATTTGAC
C04	132	29	39	AAATTTGACA
C04	232	38	48	ATAATTGACA
C04	84	19	29	AATGTTTGAC
C04	217	39	49	ACTTATTGGA
C04	120	45	55	ATAATTGACA
C04	174	35	45	ATAATTGACA
C04	242	49	59	CTTATTGTAG
C04	15	14	24	AATTGAATTC
C04	166	48	58	AATATTGACA
C04	30	15	25	GTCATTGACA
C04	99	22	32	TCAGTTTGAC
C04	41	50	60	TTAATTGATC
C04	202	71	81	AGTTATTGTA
C04	61	28	38	TGTAATTGAA
C04	204	5	15	AATTTTGACA
C04	115	67	77	CTAATTTGAA
C04	93	57	67	CTAATTTGCT
C04	117	5	15	CGATTTGACA
C04	159	18	28	ATCATTTGCG
C04	126	4	14	TATTGTTGAC
C04	168	9	19	ATTATTTGAC
C04	224	35	45	AAATTTGACA
C04	215	15	25	AATATTTGCA
C04	1	49	59	ATATTTGAGT
C04	222	54	64	TAGATTGACA
C04	250	51	61	GTTATTGATT
C04	127	42	52	TCTGTTTGAC
C04	122	35	45	TACTTGATTT
C04	245	4	14	TAAATTGACA
C04	152	55	65	GTATTTTGAC
C04	98	42	52	CAAATTGACA
C04	226	65	75	TATTAATGGA
C04	203	43	53	CATTATTGAT
C04	9	47	57	ATTTATTGAC
C04	72	66	76	AGTATTGGTT
C04	158	6	16	CAATGATTTC
C04	34	35	45	ATAATTTGTT
C04	114	2	12	CATATTGGTG
C04	243	23	33	TATATTGACA
C04	74	40	50	AAGATTTGGA
C04	184	44	54	GGATTTGACA
C04	173	4	14	TTATTTGTAA
C04	164	31	41	ACAATTTGCG
C04	139	50	60	TGAATGTTTT
C04	52	24	34	TATTGATTTC
C04	80	7	17	CTTTATGAAA
C04	141	3	13	GAATTTGACA
C04	218	56	66	AATATTTGAC
C04	192	50	60	ATAGTTTGAC
C04	220	34	44	TAAATTGACA
C04	92	14	24	TATTTTGTAT
C04	94	11	21	TTTATTGATA
C04	144	0	10	TCATTTCGTT
C04	19	62	72	TTTATTGTAA
C04	198	47	57	TAGGATTGTG
C04	255	30	40	TATGTTTGTA
C04	78	5	15	GAAATTGACA
C04	63	30	40	TTAGTTTGAC
C04	66	26	36	AATATTGACA
C04	185	1	11	GAAATGTTTG
C04	51	34	44	ATATGATTTC
C04	75	69	79	GGAATTTGAA
C04	91	65	75	AAATTTGACC
C04	183	41	51	AAATTTGTAC
C04	172	47	57	TACATTTCCG
C04	170	63	73	ATATTTCTGA
C04	81	18	28	CATGATTTTG
C04	234	26	36	CACTTTGTAT
C04	178	58	68	CGTTGAATTT
C04	44	54	64	GATCATTGAC
C04	33	2	12	ATCTTTGAAA
C04	231	43	53	TGAATTTCGA
C04	4	27	37	TAATGACTTT
C04	169	13	23	GTGATTGGAT
C04	23	44	54	AATATTTCAG
C04	227	0	10	TATTTTGACA
C04	189	28	38	TCTTTGATTA
C04	116	34	44	CCAATTGATA
C04	201	0	10	TTAATTGTGT
C04	25	36	46	GCTTTATGAA
C04	165	31	41	AAATTGTCTT
C04	111	11	21	TAGAATTTCA
C04	49	40	50	TTCTTTGAAT
C04	6	36	46	CTTTGTTGAC
C04	179	13	23	TAGTTTGGTT
C04	167	34	44	TTCATTGCTT
C04	140	10	20	ATTAATGGGT
C04	252	8	18	AAGTTTGGGG
C04	101	43	53	CCTTTTGTGT
C04	47	18	28	TGTTTTGGTC
C04	186	56	66	AAAATGGGGG
C05	35	26	36	ATTTGACATA
C05	156	31	41	TATTGACATA
C05	7	36	46	ATTTGACATA
C05	135	31	41	CTTTGACATA
C05	20	66	76	ATTTGACATA
C05	171	2	12	ATTTGACATA
C05	96	56	66	ATTTGACATA
C05	165	38	48	CTTTGACATA
C05	155	45	55	CTTTGACATA
C05	136	60	70	GATTGACATA
C05	57	1	11	GTTTGACATA
C05	123	48	58	ATTTGACATA
C05	160	3	13	ATTTGACATA
C05	108	3	13	ATTTGACATA
C05	118	22	32	TATTGACATA
C05	97	19	29	CTTTGACATA
C05	95	22	32	AGTTTGACAT
C05	5	13	23	AATTGACATA
C05	73	56	66	TATTGACATA
C05	46	6	16	ATTTGACATA
C05	51	61	71	CATTGACATA
C05	177	10	20	CTTTGACATA
C05	253	51	61	AATTGACATA
C05	70	24	34	ATTTGACATA
C05	228	6	16	CTTTGACATA
C05	138	44	54	GAATTGACAT
C05	68	13	23	TGATTGACAT
C05	56	20	30	CTTTGACATA
C05	151	13	23	TATTGACATA
C05	14	19	29	GATTGACATA
C05	208	58	68	TATTGACATA
C05	207	23	33	GATTGACATA
C05	31	24	34	GTTTGACATA
C05	132	31	41	ATTTGACATA
C05	234	8	18	CTTTGACATA
C05	28	47	57	TATTGACATA
C05	119	52	62	ATTTGACATA
C05	221	49	59	ATTTGACATA
C05	226	22	32	CTTTGACATA
C05	48	49	59	TATTGACATA
C05	223	48	58	ATTTGACATA
C05	82	50	60	TATTGACATA
C05	178	42	52	TCTTGACATA
C05	65	36	46	AATTGACATA
C05	147	41	51	CATTGACATA
C05	36	58	68	TATTGACATA
C05	247	48	58	ATTTGACATA
C05	219	51	61	CTTTGACATA
C05	210	9	19	ATTTGACATA
C05	29	19	29	AATTGACATA
C05	13	31	41	AATTGACATA
C05	181	57	67	CCATTGACAT
C05	244	36	46	AATTGACATA
C05	241	37	47	ATTTGACATA
C05	128	21	31	TATTGACATA
C05	3	67	77	CTTTGACATA
C05	217	56	66	GTTTGACATA
C05	76	61	71	AATTGACATA
C05	4	17	27	TATTGACATA
C05	105	15	25	ATTTGACATA
C05	2	3	13	ATTTGACAAT
C05	239	38	48	ATTTGACATA
C05	133	28	38	TATTGACATA
C05	127	45	55	GTTTGACATA
C05	9	50	60	TATTGACATA
C05	30	17	27	CATTGACATA
C05	16	49	59	ACTTGACATA
C05	87	10	20	GATTGACATA
C05	79	21	31	ACTTGACATA
C05	139	5	15	TTTTGACATA
C05	154	65	75	GAATTGACAT
C05	99	25	35	GTTTGACATA
C05	195	32	42	AATTGACATA
C05	190	37	47	ATTTGACATA
C05	109	36	46	GTTTGACATA
C05	53	36	46	GCTTGACATA
C05	131	30	40	TATTGACATA
C05	243	25	35	TATTGACATA
C05	111	31	41	TATTGACATA
C05	23	33	43	TTTTGACATA
C05	209	25	35	TATTGACATA
C05	110	24	34	GCTTGACATA
C05	152	58	68	TTTTGACATA
C05	122	57	67	TCTTGACATA
C05	197	65	75	AATTGACATA
C05	235	29	39	CATTGACATA
C05	114	32	42	TCTTGACATA
C05	10	17	27	TTTTGACATA
C05	161	25	35	TATTGACATA
C05	86	63	73	TATTGACATA
C05	246	51	61	AATTGACATA
C05	175	55	65	AATTGACATA
C05	158	14	24	TCTTGACATA
C05	237	43	53	AATTGACATA
C05	184	46	56	ATTTGACATA
C05	162	25	35	TTTTGACATA
C05	188	57	67	GTTTGACATA
C05	18	63	73	TATTGACATA
C05	117	7	17	ATTTGACATA
C05	166	50	60	TATTGACATA
C05	199	65	75	ATTTGACATA
C05	192	66	76	TCTTGATACC
C05	64	51	61	TTTTGACATA
C05	222	56	66	GATTGACATA
C05	164	11	21	TTTTGACATA
C05	75	19	29	GTTTGACATA
C05	176	65	75	ATTTGACATA
C05	71	37	47	CATTGACATA
C05	34	3	13	ACTTTGACAT
C05	27	54	64	ATTTGACATA
C05	115	13	23	AATTGACATA
C05	55	67	77	TATTGACATA
C05	242	20	30	GCTTGACATA
C05	63	33	43	GTTTGACATA
C05	24	26	36	TCATTGACAT
C05	146	67	77	CATTGACATA
C05	182	16	26	AATTGACATA
C05	21	61	71	CTTTGACATA
C05	249	32	42	TATTGACATA
C05	202	34	44	CTTTGACATA
C05	121	50	60	CTTTGACATA
C05	120	47	57	AATTGACATA
C05	212	65	75	ATTTGACATA
C05	204	7	17	TTTTGACATA
C05	66	28	38	TATTGACATA
C05	233	14	24	TCATTGACAT
C05	103	14	24	AATTGACATA
C05	206	12	22	TTTTGACATA
C05	69	11	21	GATTGACATA
C05	170	20	30	TTTTGACATA
C05	11	45	55	AATTGACATA
C05	58	56	66	ACTTGACATA
C05	15	25	35	AATTGACATA
C05	196	22	32	TTTTGACATA
C05	142	53	63	AATTGACATA
C05	205	53	63	TATTGACATA
C05	157	24	34	TTTTGACATA
C05	236	48	58	GTTTGACATA
C05	168	12	22	ATTTGACATA
C05	90	47	57	CATTGACATA
C05	145	37	47	AATTTGACAT
C05	169	33	43	CCTTGACATA
C05	106	34	44	AGTTGACATA
C05	42	55	65	TCTTGACATA
C05	238	47	57	CCTTGACATA
C05	25	59	69	GGATTGACAT
C05	61	12	22	AATTGACATA
C05	22	42	52	TCTTGACATA
C05	43	11	21	TATTGACATT
C05	130	43	53	TCTTGACATA
C05	19	38	48	AGTTGACATA
C05	54	23	33	TATTGACATA
C05	33	33	43	ACTTTGACAT
C05	107	61	71	ATTTGACATA
C05	198	29	39	TTTTGACATA
C05	187	1	11	TATTGACATA
C05	81	23	33	TTTTGACATA
C05	78	7	17	AATTGACATA
C05	93	34	44	TATTGACATA
C05	17	66	76	ACTTGACATA
C05	62	0	10	TTTTGACATA
C05	77	3	13	TTTTGACATA
C05	193	38	48	ACTTGACATA
C05	104	21	31	AATTTGACAT
C05	172	9	19	CATTGACATA
C05	40	46	56	TTGTTGACAT
C05	41	10	20	CATTGACATA
C05	225	11	21	TATTGACATA
C05	89	64	74	TCTTGACATA
C05	98	44	54	AATTGACATA
C05	134	59	69	TTTTGACATA
C05	60	45	55	TTTTGACATA
C05	153	40	50	TTTTGACATA
C05	113	10	20	CGTTGACATA
C05	230	18	28	TGTTTGACAT
C05	39	39	49	TTTTGACATA
C05	45	20	30	CATTGACATA
C05	47	2	12	GCTTGACATA
C05	183	5	15	AATTGACATA
C05	215	53	63	CTTTGACATA
C05	149	40	50	AATTGACATA
C05	248	23	33	AATTGACATA
C05	92	29	39	TTTTGACATA
C05	167	21	31	GTTTGACATA
C05	148	46	56	GCATTGACAT
C05	83	39	49	ACTTGACATA
C05	12	58	68	TCTTGACATA
C05	240	20	30	AGTTGACATA
C05	214	27	37	GTTTGACATA
C05	174	37	47	AATTGACATA
C05	137	2	12	TATTGACATA
C05	232	40	50	AATTGACATA
C05	141	5	15	ATTTGACATA
C05	144	55	65	TTTTGACATA
C05	0	29	39	TTTTGACATA
C05	213	24	34	TAATTGACAT
C05	49	14	24	AGTTGACATA
C05	84	22	32	GTTTGACATA
C05	211	57	67	AATTGACATA
C05	229	50	60	TTTTGACATA
C05	85	60	70	TGTTGACATA
C05	254	44	54	CGTTGACATA
C05	72	42	52	TTTTGACATA
C05	44	56	66	TCATTGACAT
C05	185	9	19	TGTTGACATA
C05	201	31	41	TAGTTGACAT
C05	112	47	57	AGTTGACATA
C05	67	31	41	TTTTGACATA
C05	91	19	29	CTTTGACATA
C05	126	5	15	ATTGTTGACA
C05	255	17	27	CTTTGACATA
C05	38	58	68	TTTTGACATA
C05	80	56	66	TCTTGACATA
C05	59	37	47	AGTTGACAAT
C05	26	57	67	ATTTGACATA
C05	173	13	23	AGTTGACATA
C05	224	37	47	ATTTGACATA
C05	129	30	40	AAGTTGACAT
C05	74	18	28	TAGTTGACAT
C05	194	51	61	TTTTGACATA
C05	245	6	16	AATTGACATA
C05	180	2	12	TGTTGACATA
C05	191	20	30	AGGTTGACAT
C05	227	2	12	TTTTGACATA
C05	220	36	46	AATTGACATA
C05	218	59	69	ATTTGACATA
C05	163	10	20	TGTTGACATA
C05	100	47	57	AGTTGACATA
C05	203	12	22	TATTGACATA
C05	52	42	52	TTTTGACATA
C05	8	41	51	CCTTGACATT
C05	32	64	74	ATGTTGACAT
C05	252	50	60	AGTTGACATA
C05	216	6	16	TATTGACATA
C05	250	21	31	ATGTTGACAT
C05	186	37	47	TTTTGACATA
C05	6	39	49	TGTTGACATA
C05	189	54	64	CTTTGACATA
C05	94	35	45	ATTGTTGACA
C05	125	17	27	AAGTTGACAT
C05	251	1	11	TTTTGACATA
C05	102	13	23	ATGTTGACAT
C05	150	1	11	GATTGACATA
C05	179	19	29	GGTTGACATA
C05	1	51	61	ATTTGAGTAA
C05	101	59	69	TTTTGACATA
C05	50	20	30	TTTTTCACAT
C06	111	53	63	TAATCCATAC
C06	191	41	51	TGATCAATCT
C06	173	49	59	ACTATTCAGA
C06	105	25	35	TAATTCAATA
C06	77	71	81	AATTCATTAT
C06	238	62	72	AATATTCAAG
C06	217	31	41	ATCAATTCAC
C06	196	38	48	GTTATCATTA
C06	219	2	12	CGAATCATTA
C06	190	52	62	TGATTCATAG
C06	151	37	47	TTATTCAATA
C06	209	14	24	CTAATTCAAG
C06	57	59	69	TTAATCATTA
C06	84	2	12	CCTTATCAGT
C06	2	16	26	TATCATTAGC
C06	212	38	48	ATTATCAATT
C06	189	43	53	ATTATCATTA
C06	35	43	53	TTTATCAATA
C06	233	64	74	GCTATTCAGG
C06	202	43	53	ATAATCCATA
C06	146	3	13	AGTATTCAAC
C06	4	48	58	ATTTCATTCT
C06	28	68	78	TTAATTCAAG
C06	126	68	78	TATTCAATTA
C06	42	1	11	AAATTCATAG
C06	64	60	70	ATAATCAATT
C06	15	16	26	TTGAATTCAA
C06	241	18	28	TATCTTCATG
C06	14	3	13	TTAATTCACT
C06	8	46	56	ACATTCATAA
C06	133	38	48	TAATCCATGT
C06	24	23	33	ATATCATTGA
C06	226	39	49	CGAATTCAAC
C06	144	26	36	ATGATCCATG
C06	203	38	48	GTATTCATTA
C06	169	45	55	ATTCATCAGG
C06	186	21	31	ACTTATCATG
C06	240	52	62	GTATTCAATT
C06	253	37	47	AATTTCAGAT
C06	114	19	29	ATTTATCAAG
C06	58	2	12	GATTTCATGG
C06	249	5	15	CATATCATTA
C06	224	56	66	ATGATTCACG
C06	16	33	43	TTTATCAATA
C06	101	18	28	AATCTTCATC
C06	165	56	66	ATTATCACTA
C06	65	57	67	GCTATCAAAT
C06	75	8	18	TTAATTCAAG
C06	12	24	34	TTATTCATGA
C06	73	65	75	ATAATCATTA
C06	228	41	51	CTTCATTTCA
C06	68	41	51	TATCTTCATA
C06	245	48	58	CATTTCATGA
C06	183	58	68	TTATCATCGT
C06	205	37	47	TATTTCAATT
C06	208	7	17	AATATCAACA
C06	152	38	48	TATTCATAAT
C06	157	34	44	TAATTCATGT
C06	149	22	32	AATTTCATAT
C06	254	17	27	ATTTCATTGC
C06	11	55	65	TAATCCATGA
C06	98	59	69	TTATCAATTG
C06	106	27	37	AATTATCAGT
C06	163	42	52	TGATTATCCC
C06	13	8	18	AATTGATCAA
C06	59	56	66	AGCTATCAAA
C06	167	32	42	AATTCATTGC
C06	247	0	10	TAATCACTAT
C06	69	64	74	TACTTCAATA
C06	25	1	11	ATTATCATAA
C06	89	51	61	TTTCAATCAT
C06	147	53	63	ATGATCAAAT
C06	181	67	77	ATAATCATGA
C06	50	28	38	ATTCATTAAG
C06	51	3	13	GCAATCGCAT
C06	109	67	77	AAATCATAGA
C06	154	12	22	ATAATCATAG
C06	129	50	60	TAATTCATAT
C06	236	57	67	ATAATTCACT
C06	80	0	10	TAATTCACTT
C06	132	8	18	CATAATCACT
C06	66	2	12	AACTTCCAAT
C06	159	45	55	AGATCAATCC
C06	81	3	13	TACTCATCTA
C06	121	29	39	CTAATCCAAT
C06	17	12	22	TACTTCAATA
C06	93	64	74	GCTATCAATA
C06	53	2	12	AATTCATCAA
C06	118	43	53	ACTTTCATTT
C06	201	49	59	CGTTCAATTA
C06	134	46	56	AATTTCATTT
C06	96	4	14	TATCTTCATG
C06	44	0	10	CTTCAATCAG
C06	124	11	21	ATATTCAAAT
C06	30	67	77	ATTAATCAAA
C06	214	36	46	ATAATCTGCA
C06	172	38	48	AGTATCAAAT
C06	164	61	71	TATTTCAATA
C06	90	32	42	ATACTCATAG
C06	3	57	67	ATAATCATCT
C06	110	32	42	TATAATCAGA
C06	137	39	49	TAGATCAGTA
C06	49	23	33	ATAATTCACG
C06	156	22	32	TTATTCAAAT
C06	29	2	12	TAAGTCAATT
C06	18	47	57	TATCTCATAA
C06	204	52	62	GTGATTCAGA
C06	237	2	12	ATAGAATTCC
C06	125	70	80	TACAATCGGT
C06	231	21	31	ATTTATCACA
C06	32	22	32	TTAATCATGT
C06	70	18	28	TCGATCATTT
C06	234	1	11	CTTGAATCTT
C06	99	16	26	ATAAGATCAG
C06	41	52	62	AATTGATCAA
C06	206	39	49	TTATATCCAA
C06	34	58	68	GATCTCATTT
C06	188	36	46	GATATCACCA
C06	120	19	29	TTTCATTGAC
C06	235	46	56	TATCTCAATA
C06	37	63	73	TGCAATCCGT
C06	79	7	17	TTCATTATCT
C06	123	28	38	AGTCCATTAT
C06	176	52	62	TACTCAATAT
C06	153	56	66	TAATCCAATA
C06	210	63	73	TATTCACCTT
C06	248	68	78	TATTTCAAAT
C06	6	68	78	AACATTCAAA
C06	36	15	25	AGCTTCAAAT
C06	138	54	64	ATAATCAGAG
C06	178	11	21	TAATTCCAGA
C06	199	13	23	TTGTATCCTA
C06	92	66	76	TAAATCATGT
C06	174	63	73	TTCTCATCAT
C06	223	23	33	TTTCATCACC
C06	162	42	52	TACAATCATT
C06	60	30	40	AATCTCAAAT
C06	27	45	55	ATAAGCATTA
C06	86	56	66	TATCTCATAT
C06	175	38	48	AAAGTCATTT
C06	239	57	67	ATTTCAGTAT
C06	104	13	23	TATATCACAA
C06	232	63	73	TTAAGTCATT
C06	107	14	24	TTTGATCACA
C06	7	20	30	AAAATCAAAC
C06	148	9	19	ATAATCATGC
C06	46	41	51	CGTTCATTTA
C06	250	14	24	TAGGTTCATG
C06	246	8	18	TTGATCATTT
C06	161	40	50	AAATATCAGG
C06	103	48	58	TCCAATCCTA
C06	95	8	18	TTAGCCATTT
C06	220	58	68	TAGAATCCTG
C06	158	36	46	AAGTCAATTT
C06	227	36	46	GAAATCAAGT
C06	23	46	56	TATTTCAGGA
C06	102	48	58	ATAATCCGAT
C06	116	19	29	CTTTAATCGT
C06	143	16	26	TTTTCATATA
C06	171	71	81	TATGTCAATA
C06	31	65	75	TACCCATCTC
C06	155	71	81	AGGATCTCAA
C06	119	66	76	ATTCTCACAG
C06	140	29	39	GCATATCGCC
C06	197	25	35	ACCATTCAAG
C06	230	29	39	TAATTTCAAA
C06	9	39	49	CAGCTCATAT
C06	135	8	18	GGTTAATCCC
C06	115	4	14	TAACTTCAAA
C06	71	14	24	ATTTTCATGG
C06	243	62	72	TATATCCCAC
C06	94	52	62	CTGTTCCATT
C06	38	70	80	ATTTTCAGTC
C06	194	60	70	ATAATCGGAT
C06	39	20	30	TTTTCATAAA
C06	179	2	12	AATATCAGGT
C06	88	66	76	CCTTTCAAAT
C07	253	53	63	TTGACATATA
C07	19	40	50	TTGACATATA
C07	73	58	68	TTGACATATA
C07	138	47	57	TTGACATATA
C07	95	25	35	TTGACATATA
C07	151	15	25	TTGACATATA
C07	118	24	34	TTGACATATA
C07	208	60	70	TTGACATATA
C07	63	35	45	TTGACATATA
C07	14	21	31	TTGACATATA
C07	136	62	72	TTGACATATA
C07	231	1	11	TTGACATATA
C07	68	16	26	TTGACATATA
C07	165	40	50	TTGACATATA
C07	207	25	35	TTGACATATA
C07	171	4	14	TTGACATATA
C07	122	59	69	TTGACATATA
C07	20	68	78	TTGACATATA
C07	13	33	43	TTGACATATA
C07	23	35	45	TTGACATATA
C07	123	50	60	TTGACATATA
C07	31	26	36	TTGACATATA
C07	135	33	43	TTGACATATA
C07	46	8	18	TTGACATATA
C07	147	43	53	TTGACATATA
C07	244	38	48	TTGACATATA
C07	156	33	43	TTGACATATA
C07	178	44	54	TTGACATATA
C07	35	28	38	TTGACATATA
C07	76	63	73	TTGACATATA
C07	177	12	22	TTGACATATA
C07	254	46	56	TTGACATATA
C07	210	11	21	TTGACATATA
C07	113	12	22	TTGACATATA
C07	2	64	74	TTGACATATA
C07	51	63	73	TTGACATATA
C07	139	7	17	TTGACATATA
C07	79	23	33	TTGACATATA
C07	58	58	68	TTGACATATA
C07	219	53	63	TTGACATATA
C07	7	38	48	TTGACATATA
C07	57	3	13	TTGACATATA
C07	64	53	63	TTGACATATA
C07	3	69	79	TTGACATATA
C07	155	47	57	TTGACATATA
C07	127	47	57	TTGACATATA
C07	240	22	32	TTGACATATA
C07	5	15	25	TTGACATATA
C07	75	21	31	TTGACATATA
C07	8	0	10	TTGACATATA
C07	39	41	51	TTGACATATA
C07	9	52	62	TTGACATATA
C07	81	25	35	TTGACATATA
C07	162	27	37	TTGACATATA
C07	181	60	70	TTGACATATA
C07	193	40	50	TTGACATATA
C07	161	27	37	TTGACATATA
C07	65	38	48	TTGACATATA
C07	243	27	37	TTGACATATA
C07	132	33	43	TTGACATATA
C07	108	5	15	TTGACATATA
C07	112	49	59	TTGACATATA
C07	18	65	75	TTGACATATA
C07	48	51	61	TTGACATATA
C07	10	19	29	TTGACATATA
C07	195	34	44	TTGACATATA
C07	36	60	70	TTGACATATA
C07	206	14	24	TTGACATATA
C07	238	49	59	TTGACATATA
C07	134	61	71	TTGACATATA
C07	29	21	31	TTGACATATA
C07	99	27	37	TTGACATATA
C07	143	1	11	TTGACATATA
C07	40	49	59	TTGACATATA
C07	217	58	68	TTGACATATA
C07	53	38	48	TTGACATATA
C07	185	11	21	TTGACATATA
C07	170	22	32	TTGACATATA
C07	228	8	18	TTGACATATA
C07	4	19	29	TTGACATATA
C07	28	49	59	TTGACATATA
C07	237	45	55	TTGACATATA
C07	41	12	22	TTGACATATA
C07	246	53	63	TTGACATATA
C07	204	9	19	TTGACATATA
C07	85	62	72	TTGACATATA
C07	100	49	59	TTGACATATA
C07	119	54	64	TTGACATATA
C07	97	21	31	TTGACATATA
C07	82	52	62	TTGACATATA
C07	164	13	23	TTGACATATA
C07	96	58	68	TTGACATATA
C07	196	24	34	TTGACATATA
C07	110	26	36	TTGACATATA
C07	221	51	61	TTGACATATA
C07	146	69	79	TTGACATATA
C07	242	22	32	TTGACATATA
C07	56	22	32	TTGACATATA
C07	92	31	41	TTGACATATA
C07	180	4	14	TTGACATATA
C07	234	10	20	TTGACATATA
C07	192	55	65	TTGACATATA
C07	34	6	16	TTGACATATA
C07	109	38	48	TTGACATATA
C07	142	55	65	TTGACATATA
C07	154	68	78	TTGACATATA
C07	152	60	70	TTGACATATA
C07	71	39	49	TTGACATATA
C07	70	26	36	TTGACATATA
C07	111	33	43	TTGACATATA
C07	222	58	68	TTGACATATA
C07	45	22	32	TTGACATATA
C07	55	69	79	TTGACATATA
C07	17	68	78	TTGACATATA
C07	190	39	49	TTGACATATA
C07	191	23	33	TTGACATATA
C07	114	34	44	TTGACATATA
C07	131	32	42	TTGACATATA
C07	173	15	25	TTGACATATA
C07	49	16	26	TTGACATATA
C07	175	57	67	TTGACATATA
C07	16	51	61	TTGACATATA
C07	149	42	52	TTGACATATA
C07	83	41	51	TTGACATATA
C07	197	67	77	TTGACATATA
C07	128	23	33	TTGACATATA
C07	38	60	70	TTGACATATA
C07	133	30	40	TTGACATATA
C07	183	7	17	TTGACATATA
C07	236	50	60	TTGACATATA
C07	106	36	46	TTGACATATA
C07	54	25	35	TTGACATATA
C07	198	31	41	TTGACATATA
C07	209	27	37	TTGACATATA
C07	89	66	76	TTGACATATA
C07	144	57	67	TTGACATATA
C07	42	57	67	TTGACATATA
C07	169	35	45	TTGACATATA
C07	86	65	75	TTGACATATA
C07	160	5	15	TTGACATATA
C07	157	26	36	TTGACATATA
C07	117	9	19	TTGACATATA
C07	201	34	44	TTGACATATA
C07	163	12	22	TTGACATATA
C07	0	31	41	TTGACATATA
C07	105	17	27	TTGACATATA
C07	11	47	57	TTGACATATA
C07	226	24	34	TTGACATATA
C07	235	31	41	TTGACATATA
C07	24	29	39	TTGACATATA
C07	50	0	10	TTGACATATA
C07	249	34	44	TTGACATATA
C07	205	55	65	TTGACATATA
C07	115	15	25	TTGACATATA
C07	12	60	70	TTGACATATA
C07	148	49	59	TTGACATATA
C07	93	36	46	TTGACATATA
C07	248	25	35	TTGACATATA
C07	61	14	24	TTGACATATA
C07	60	47	57	TTGACATATA
C07	66	30	40	TTGACATATA
C07	202	36	46	TTGACATATA
C07	78	9	19	TTGACATATA
C07	140	0	10	TTGACATATA
C07	158	16	26	TTGACATATA
C07	74	21	31	TTGACATATA
C07	174	39	49	TTGACATATA
C07	67	33	43	TTGACATATA
C07	184	48	58	TTGACATATA
C07	120	49	59	TTGACATATA
C07	87	12	22	TTGACATATA
C07	129	33	43	TTGACATATA
C07	230	21	31	TTGACATATA
C07	90	49	59	TTGACATATA
C07	137	4	14	TTGACATATA
C07	172	11	21	TTGACATATA
C07	47	4	14	TTGACATATA
C07	166	52	62	TTGACATATA
C07	182	18	28	TTGACATATA
C07	247	50	60	TTGACATATA
C07	188	59	69	TTGACATATA
C07	126	9	19	TTGACATATA
C07	103	16	26	TTGACATATA
C07	27	56	66	TTGACATATA
C07	239	40	50	TTGACATATA
C07	77	5	15	TTGACATATA
C07	186	39	49	TTGACATATA
C07	224	39	49	TTGACATATA
C07	252	52	62	TTGACATATA
C07	214	29	39	TTGACATATA
C07	241	39	49	TTGACATATA
C07	69	13	23	TTGACATATA
C07	30	19	29	TTGACATATA
C07	22	44	54	TTGACATATA
C07	232	42	52	TTGACATATA
C07	223	50	60	TTGACATATA
C07	168	14	24	TTGACATATA
C07	32	67	77	TTGACATATA
C07	59	6	16	TTGACATATA
C07	229	52	62	TTGACATATA
C07	21	63	73	TTGACATATA
C07	153	42	52	TTGACATATA
C07	199	67	77	TTGACATATA
C07	141	7	17	TTGACATATA
C07	213	27	37	TTGACATATA
C07	62	2	12	TTGACATATA
C07	211	59	69	TTGACATATA
C07	130	45	55	TTGACATATA
C07	220	38	48	TTGACATATA
C07	72	44	54	TTGACATATA
C07	104	24	34	TTGACATATA
C07	25	62	72	TTGACATATA
C07	187	3	13	TTGACATATA
C07	212	67	77	TTGACATATA
C07	98	46	56	TTGACATATA
C07	84	24	34	TTGACATATA
C07	176	67	77	TTGACATATA
C07	121	52	62	TTGACATATA
C07	107	63	73	TTGACATATA
C07	145	40	50	TTGACATATA
C07	194	53	63	TTGACATATA
C07	225	13	23	TTGACATATA
C07	91	21	31	TTGACATATA
C07	255	19	29	TTGACATATA
C07	233	17	27	TTGACATATA
C07	159	0	10	TTGACATATA
C07	43	41	51	TTGACATATA
C07	227	4	14	TTGACATATA
C07	250	24	34	TTGACATATA
C07	216	8	18	TTGACATATA
C07	52	44	54	TTGACATATA
C07	116	1	11	TTGACATATA
C07	1	1	11	TTGACATATA
C07	203	14	24	TTGACATATA
C07	6	41	51	TTGACATATA
C07	33	36	46	TTGACATATA
C07	124	1	11	TTGACATATA
C07	245	8	18	TTGACATATA
C07	102	16	26	TTGACATATA
C07	15	27	37	TTGACATATA
C07	167	23	33	TTGACATATA
C07	80	58	68	TTGACATATA
C07	251	3	13	TTGACATATA
C07	179	21	31	TTGACATATA
C07	215	55	65	TTGACATATA
C07	94	39	49	TTGACATATA
C07	125	20	30	TTGACATATA
C07	44	59	69	TTGACATATA
C07	189	56	66	TTGACATATA
C07	200	1	11	TTGACATATA
C07	26	59	69	TTGACATATA
C07	218	61	71	TTGACATATA
C07	37	0	10	TTGACATATA
C07	150	3	13	TTGACATATA
C07	88	0	10	TTGACATATA
C07	101	61	71	TTGACATATA
C08	243	71	81	CAAGAAAACA
C08	233	27	37	ATCAAAAACT
C08	95	59	69	GATAAAACAA
C08	69	69	79	CAATAAAAAT
C08	219	68	78	TAGAAAAATC
C08	126	56	66	GAATAAAAGT
C08	143	69	79	ATTAAAAATA
C08	136	51	61	TAATAAAACG
C08	128	42	52	GATAAAAATG
C08	198	70	80	CTAAAAATAA
C08	85	25	35	GATAAAAATT
C08	132	42	52	AATTAAAATG
C08	205	16	26	CTGAAAATTA
C08	79	71	81	TAACAAAAAT
C08	182	67	77	GAATAAAAAT
C08	202	16	26	CGAAAAATTG
C08	106	22	32	ATGAAAATTA
C08	27	4	14	ATTAAAAACA
C08	66	20	30	CAGAAAAATA
C08	18	17	27	AATTAAAATC
C08	54	67	77	TTCAAAAATA
C08	158	50	60	GATAAAATTA
C08	86	7	17	GTCAAAATTA
C08	235	10	20	AATTAAAATT
C08	146	16	26	TTGAAAATAG
C08	37	35	45	AGTAAAATGA
C08	97	36	46	GATAAAATGT
C08	161	15	25	ACCAAAATTA
C08	0	1	11	AAATAAAACA
C08	178	19	29	GATAAAATAA
C08	155	30	40	TTAAAAAACT
C08	149	8	18	AATAAAAATA
C08	55	59	69	TACAAAAATA
C08	12	37	47	ATAAAAAATA
C08	196	5	15	GATAAAATTA
C08	6	71	81	ATTCAAAATT
C08	137	69	79	TAGAAAACAA
C08	120	39	49	GTCAAAATAA
C08	7	16	26	TAACAAAATC
C08	217	46	56	GGAAAAATTA
C08	144	20	30	AGTAAAATGA
C08	99	54	64	ATGAAAATCT
C08	166	39	49	TACAAAATTA
C08	61	7	17	CCTAAAATTG
C08	211	52	62	GTAAAAATTG
C08	3	27	37	TGTAAAAATG
C08	153	8	18	CCGAAAATGA
C08	30	46	56	GTTAAAAAGT
C08	41	57	67	ATCAAAAGAA
C08	111	44	54	TATAAAAATT
C08	195	17	27	CGAAATAAAA
C08	246	64	74	TGTAAAACAT
C08	25	41	51	ATGAAAAATT
C08	90	64	74	TTTAAAATTA
C08	107	26	36	GATAAAACAA
C08	11	40	50	GTTAAAATTG
C08	164	25	35	TATAAAACAA
C08	73	29	39	TAACAAAGTA
C08	124	51	61	ACCAAAAACT
C08	192	17	27	GATAAAATGA
C08	63	56	66	CAATAAAAAG
C08	64	8	18	CATAAAATAC
C08	173	69	79	TTAAAAAATT
C08	100	2	12	AGAAAACAAG
C08	116	70	80	ATTAAAACTG
C08	46	66	76	TAAAAAATAA
C08	159	12	22	TACAAAATCA
C08	130	28	38	TACAAAACTT
C08	138	0	10	TGTAAAATGT
C08	80	15	25	AAGCAAAAGT
C08	239	23	33	TACCAAAACT
C08	89	9	19	TACAAAATAC
C08	188	8	18	ATAAAAAACT
C08	62	22	32	TTCAAAAGGA
C08	16	17	27	TGCAAAATTG
C08	242	59	69	TTAAAAAGAT
C08	140	39	49	TAAAAAAGAA
C08	4	36	46	TAACAAAATA
C08	32	46	56	GATAAAACTA
C08	236	9	19	TTAAAAATTT
C08	229	60	70	TAATAAAACT
C08	162	4	14	TTAAAAACAA
C08	226	57	67	TAAACAAATA
C08	186	53	63	GAGAAAATGG
C08	31	12	22	TATAAAATGT
C08	91	51	61	GGAAAAAATC
C08	127	26	36	TGTAAAAACC
C08	214	14	24	TTTAAAACAT
C08	101	13	23	TATAAAATCT
C08	19	29	39	TATAAAAGAA
C08	88	23	33	GCGAAAAACT
C08	175	34	44	TGTAAAAGTC
C08	218	41	51	GTCAAAACTT
C08	222	69	79	TAAACAAAAA
C08	139	33	43	CAAAAAATTA
C08	190	61	71	GACAAAAAGT
C08	53	7	17	ATCAAAATAA
C08	160	62	72	TTAAAATTAA
C08	76	36	46	AACAAAAGAT
C08	148	30	40	AATAAAAACT
C08	119	2	12	AGTAAAAAGT
C08	10	53	63	GGAAAAAATT
C08	83	11	21	TAGAAAAGAT
C08	181	34	44	TAGGAAAAGC
C08	112	33	43	AAAAATAAAC
C08	38	30	40	GACTAAAAGG
C08	24	67	77	TATAAAACTA
C08	115	8	18	TTCAAAATTG
C08	241	62	72	AAAAATAAAC
C08	84	13	23	ATCCAAAATG
C08	231	51	61	GAAGAAAACT
C08	230	33	43	TTCAAAAAGG
C08	208	15	25	CAATAAAAGA
C08	113	40	50	ACTAAAAAGT
C08	154	18	28	ATAGAAAAGT
C08	26	10	20	TAGAAAAAGT
C08	141	16	26	AATAAAAAAT
C08	135	23	33	TTAAAAATCT
C08	87	42	52	TTGAAAATGT
C08	117	40	50	TAGAAACAAT
C08	234	45	55	TAATAAAACA
C08	81	67	77	GCAAATAAAT
C08	183	36	46	ATAAAAAATT
C08	167	13	23	ATAAAAAAGT
C08	157	52	62	AGAAACAAAG
C08	96	70	80	GTCAAAATAT
C08	45	71	81	ATTAAAAAAC
C08	2	29	39	CACAAAAATA
C08	39	49	59	TAATAAAGAT
C08	8	63	73	CAATAAAAAA
C08	252	3	13	GCCAAAAGTT
C08	104	70	80	TATAAAACAA
C08	71	27	37	ATGGAAAACA
C08	237	64	74	TTGGAAATGC
C08	48	16	26	TATAAAAATT
C08	129	25	35	TACCAAAGTT
C08	200	10	20	AATAAAACTA
C08	68	49	59	TACAAAGGAA
C08	17	0	10	CAAAAAATAC
C08	220	66	76	TGAAAGAAAT
C08	110	58	68	TATCAAAGGC
C08	65	18	28	TATAAAACGC
C08	185	49	59	TTAAAACTTT
C08	1	71	81	GTAAAAAGAT
C08	197	40	50	GTTAAAACTA
C08	5	49	59	TTTCAAAGTG
C08	150	63	73	ACTAAAAGTA
C08	98	26	36	TTCCAAATTA
C09	238	60	70	TCAATATTCA
C09	224	53	63	AATATGATTC
C09	133	25	35	TCATATTGAC
C09	48	45	55	TGAATATTGA
C09	208	55	65	TAATATTGAC
C09	207	59	69	TGAATATGAT
C09	118	19	29	TAATATTGAC
C09	250	66	76	TAATATCAAT
C09	73	0	10	TTAATGATAA
C09	187	60	70	ATTATGATTA
C09	189	4	14	ATAATGATTA
C09	20	9	19	TTAATATGAG
C09	156	28	38	AAATATTGAC
C09	41	20	30	TAATATTAGT
C09	28	44	54	CAATATTGAC
C09	248	40	50	TAGATATGCT
C09	59	19	29	TAATTATCTG
C09	190	47	57	TAATATGATT
C09	54	34	44	AATGATATGT
C09	213	15	25	TAGATAATCT
C09	209	32	42	ATATAATCAT
C09	51	70	80	ATAATGATAA
C09	56	6	16	TAAATATGAA
C09	86	60	70	TCATATTGAC
C09	62	47	57	ACAATATTGA
C09	4	14	24	TTATATTGAC
C09	160	13	23	TAATTATGAA
C09	152	34	44	ACTATATTCA
C09	199	55	65	AATTATTGTA
C09	163	41	51	ATGATTATCC
C09	151	42	52	CAATATGATT
C09	147	48	58	ATATAATGAT
C09	253	60	70	ATAATATGGT
C09	99	13	23	ATGATAAGAT
C09	242	40	50	ATATGAATAC
C09	97	30	40	AATTATGATA
C09	128	34	44	TTAATATCGA
C09	203	0	10	TGATAATCAG
C09	46	13	23	ATATAATGAT
C09	125	59	69	ATGAATAGAT
C09	154	10	20	TGATAATCAT
C09	166	47	57	TAATATTGAC
C09	129	47	57	GTATAATTCA
C09	123	0	10	TCAATATCTT
C09	168	48	58	ACTTATGATT
C09	60	54	64	ATAATATGAG
C09	135	48	58	TAATTATGTA
C09	111	28	38	AAATATTGAC
C09	43	8	18	ATATATTGAC
C09	33	18	28	TTAATATCTG
C09	227	69	79	TAGAATATCT
C09	110	53	63	TTGAATATCA
C09	158	26	36	ATGATTAATG
C09	142	50	60	TATAATTGAC
C09	2	40	50	CATATATGAT
C09	195	70	80	TGAATAGATT
C09	240	11	21	AATGATAATA
C09	26	35	45	ATAATATGCA
C09	205	43	53	AATTATCATA
C09	83	62	72	TATTAATGTA
C09	104	32	42	TAATAGATGC
C09	18	60	70	AAATATTGAC
C09	140	71	81	GTTATGATTC
C09	32	20	30	AATTAATCAT
C09	251	10	20	ATAATATGCA
C09	161	22	32	TTATATTGAC
C09	188	25	35	TAATTATCTA
C09	204	29	39	TCATTATGAT
C09	79	49	59	ATATATTGAA
C09	243	32	42	ATATAATGCA
C09	55	64	74	AAATATTGAC
C09	81	32	42	ATAATATGAG
C09	237	29	39	GTATTATGTA
C09	174	34	44	GATAATTGAC
C09	70	10	20	AAGTATGATC
C09	63	46	56	TAATTATGTG
C09	181	66	76	TATAATCATG
C09	171	67	77	TTAATATGTC
C09	109	68	78	AATCATAGAT
C09	127	20	30	AATATATGTA
C09	220	24	34	TAATAGATAC
C09	25	0	10	TATTATCATA
C09	144	46	56	TTATTATGAT
C09	36	66	76	TATAATGTAA
C09	53	29	39	TGATTATGCT
C09	42	17	27	CTATTATGTT
C09	44	35	45	ATAATATGAA
C09	214	34	44	ATATAATCTG
C09	114	41	51	ATAATATGCC
C09	244	33	43	TATAATTGAC
C09	67	54	64	TATTAATGCT
C09	225	8	18	AATTATTGAC
C09	3	21	31	TAATTATGTA
C09	103	3	13	TATCTATGTC
C09	215	60	70	ATATAATCGT
C09	57	32	42	TAATTATCTA
C09	137	0	10	CATATTGACA
C09	122	50	60	TACATATTCT
C09	191	32	42	AATATATGGT
C09	212	35	45	TACATTATCA
C09	5	20	30	ATATAATCTT
C09	235	50	60	TCAATATCGT
C09	64	59	69	TATAATCAAT
C09	246	59	69	TATAATGTAA
C09	153	12	22	AAATGATTAC
C09	179	0	10	CAAATATCAG
C09	108	13	23	TAATATTGGT
C09	1	61	71	TATTAATGGT
C09	172	19	29	TAATAATGAA
C09	157	32	42	TATAATTCAT
C09	95	30	40	ATATAATGTG
C09	201	25	35	GTATGATAGT
C09	102	46	56	ATATAATCCG
C09	247	41	51	TTAATACATT
C09	22	16	26	TTATATGGAT
C09	37	57	67	CTATTATGCA
C09	132	7	17	ACATAATCAC
C09	68	24	34	TAATATTCTG
C09	49	64	74	AGAATTATGT
C09	113	24	34	TAGAATATAC
C09	249	4	14	ACATATCATT
C09	139	14	24	ATAATATCTT
C09	176	9	19	TAATAGATTT
C09	206	38	48	ATTATATCCA
C09	165	53	63	AGTATTATCA
C09	239	49	59	AATTAATGAT
C09	21	21	31	AATATATCAT
C09	24	20	30	ATTATATCAT
C09	93	63	73	TGCTATCAAT
C09	198	36	46	ATATAATGTC
C09	136	70	80	TAATAGATCT
C09	216	3	13	AATTATTGAC
C09	232	47	57	ATATAATGCG
C09	66	25	35	AAATATTGAC
C09	210	60	70	TTATATTCAC
C09	175	63	73	TATAATGACA
C09	115	43	53	TTATATTGCA
C09	126	14	24	ATATAATGAC
C09	121	40	50	AATATATCAT
C09	236	66	76	TACTATCATA
C09	7	7	17	GAATATTGTT
C09	178	36	46	AACATATCTT
C09	52	21	31	AAATATTGAT
C09	150	16	26	TATTATCATT
C09	11	10	20	AATTGATAGA
C09	94	30	40	TAAATATTGT
C09	230	44	54	TAGAATATGT
C09	105	11	21	AAATATTTGA
C09	124	9	19	TAATATTCAA
C09	117	18	28	AATATATGGG
C09	138	53	63	TATAATCAGA
C09	35	47	57	TCAATATCGA
C09	193	7	17	ACAATATTGT
C09	65	49	59	TAAATATCGC
C09	74	1	11	AACATTAGAT
C09	197	7	17	ATTATATCTG
C09	202	54	64	ATTTATGTAA
C09	222	0	10	TTATACATGT
C09	75	30	40	AATAATGTAG
C09	84	61	71	TTATATCATT
C09	76	0	10	TAGATTATCT
C09	177	0	10	TAATATCTAC
C09	134	68	78	ATAATATCTC
C09	170	60	70	ATGATATTTC
C09	107	43	53	CAAATATGTA
C09	184	14	24	TTATATGTTT
C09	120	54	64	ATATAATCTC
C09	8	6	16	TATAATTCGT
C09	196	52	62	TAATTATCGC
C09	255	27	37	TAATATGTTT
C09	45	46	56	TATATATCTA
C09	29	66	76	ACTGATATTT
C09	185	29	39	AAATATTGTG
C09	50	42	52	AAATAATCTC
C09	148	8	18	AATAATCATG
C09	143	20	30	CATATATCAC
C09	194	59	69	TATAATCGGA
C09	145	29	39	GCATATCTAA
C09	92	18	28	TTGTATCTAA
C09	252	29	39	TATGATTATT
C10	131	66	76	ATAATTAAAG
C10	95	14	24	ATTTAAATAG
C10	42	42	52	CATTAAATAA
C10	18	16	26	TAATTAAAAT
C10	40	65	75	TACTTAAATC
C10	235	9	19	TAATTAAAAT
C10	238	3	13	AATTTAAATG
C10	147	67	77	GTTAAATTAA
C10	85	40	50	AATTAATAAG
C10	97	43	53	TGTTAATAAA
C10	72	0	10	AAATTAAATG
C10	233	52	62	AGATTAAATG
C10	20	40	50	CATTTAAAAT
C10	231	33	43	GTAATTAAAG
C10	45	29	39	ATAATTAAAG
C10	249	9	19	TCATTAAAGT
C10	185	46	56	AATTTAAAAC
C10	206	32	42	TTATAAATTA
C10	70	45	55	TTAATTAAAT
C10	132	41	51	TAATTAAAAT
C10	117	27	37	GATTAAATTA
C10	58	42	52	AAATTAAAAT
C10	240	57	67	CAATTAAATA
C10	127	70	80	CTTTAAATTG
C10	204	65	75	TAAATTAAAG
C10	64	33	43	AATTTAAATA
C10	136	50	60	GTAATAAAAC
C10	31	9	19	AATTATAAAA
C10	232	2	12	TTTAATTAAC
C10	67	4	14	TTTAAATTAA
C10	48	27	37	TTTAAATAAG
C10	160	59	69	AATTTAAAAT
C10	2	53	63	TAAATTAAAC
C10	164	23	33	ATTATAAAAC
C10	98	32	42	ATTAATTAAG
C10	222	7	17	TGTAAATAAG
C10	116	67	77	AGTATTAAAA
C10	101	11	21	ATTATAAAAT
C10	24	65	75	CTTATAAAAC
C10	82	59	69	ATAATTAAAG
C10	50	37	47	GTATAAAATA
C10	218	0	10	TGAATAAAAG
C10	139	69	79	CTTATTAAAG
C10	14	45	55	AATTAATAAG
C10	96	24	34	TTATAAATAA
C10	205	20	30	AAATTAAACT
C10	126	71	81	TCAATTAACA
C10	47	43	53	TATTAAATAG
C10	49	6	16	TCTTAATAAG
C10	6	58	68	CTTAAATTAA
C10	167	51	61	GTTTAATAAA
C10	100	37	47	ATCTAAATTA
C10	161	35	45	TAATTAAATA
C10	36	45	55	TACTTAAAGA
C10	137	21	31	TTAATAAAAC
C10	77	54	64	TATTTAAAGT
C10	245	22	32	TAGATAAATG
C10	158	61	71	AATTAACAAT
C10	90	62	72	GATTTAAAAT
C10	191	13	23	ACTATAAAGG
C10	149	5	15	ATTAATAAAA
C10	19	26	36	AATTATAAAA
C10	75	37	47	TAGTTAAATC
C10	192	16	26	TGATAAAATG
C10	181	48	58	TATTAATAAC
C10	4	3	13	AGTAAATAAC
C10	214	71	81	TTTAATTAAG
C10	212	42	52	TCAATTAAGA
C10	196	3	13	AAGATAAAAT
C10	68	61	71	TATAAATAAA
C10	178	18	28	AGATAAAATA
C10	112	59	69	ATTATAAACT
C10	25	27	37	AAATTAAAAG
C10	144	19	29	TAGTAAAATG
C10	190	20	30	TCAATAAAGC
C10	183	18	28	TAAATTAAAC
C10	243	54	64	AATTTAAATA
C10	61	47	57	GTTTAAATAC
C10	244	6	16	TATTAAAATA
C10	37	8	18	TAATTAAATT
C10	180	37	47	GGTAAATTAA
C10	99	43	53	ATGTTAAATA
C10	32	45	55	TGATAAAACT
C10	69	20	30	ATAATTAACA
C10	87	19	29	ATAATTAAGT
C10	56	2	12	TAAGTAAATA
C10	104	68	78	ATTATAAAAC
C10	226	54	64	AGATAAACAA
C10	216	59	69	TTTATAAATG
C10	143	62	72	CGTTAAAATT
C10	140	49	59	ATTATTAACA
C10	105	7	17	TATTAAATAT
C10	217	18	28	TACTAAACAT
C10	65	45	55	ATAATAAATA
C10	228	53	63	TAGTAAATTT
C10	221	24	34	TGTTAATAGT
C10	11	39	49	AGTTAAAATT
C10	83	0	10	AGATAAATAG
C10	219	13	23	TTATAAAACG
C10	239	0	10	ATTAAATAGC
C10	73	3	13	ATGATAAATC
C10	133	52	62	GTATAAAATA
C10	141	23	33	AATTTAAACA
C10	156	23	33	TATTCAAATA
C10	129	1	11	ATATTAAAAT
C10	193	18	28	CGTTAAATTA
C10	88	33	43	TATTTAAATC
C10	41	70	80	ATTTAAAGTA
C10	39	23	33	TCATAAATTA
C10	92	62	72	AAGTTAAATC
C10	38	39	49	GGTAAATAAC
C10	229	59	69	ATAATAAAAC
C10	187	35	45	ATGTTAAATG
C10	215	43	53	CTTTATAAGA
C10	124	62	72	TTATTAAAGC
C10	30	44	54	TCGTTAAAAA
C10	172	39	49	GTATCAAATA
C10	223	42	52	GTTTAAATTT
C10	234	44	54	CTAATAAAAC
C10	78	31	41	TGGTAAATTC
C10	10	66	76	ATATAAACAG
C10	248	2	12	GGTAATAAAT
C10	3	52	62	TATTAATAAT
C10	128	4	14	ACTTTAAAGC
C10	241	50	60	TAGAATAAGA
C10	168	28	38	GATTAAGAAC
C10	63	71	81	CCTTATAAAA
C10	27	2	12	AGATTAAAAA
C10	110	5	15	ATAATAAACT
C10	84	71	81	ACTTAAACTA
C10	200	29	39	TAATTTAAGG
C10	194	27	37	ACGTAAAATA
C10	186	65	75	GGATAAATCA
C10	111	24	34	TTAGAAATAT
C10	171	56	66	ATCTAAAATA
C10	15	2	12	TAGTAAACTA
C10	207	10	20	TATTAACATT
C10	182	31	41	ATTTAATAGG
C10	106	3	13	ATGTAAATAT
C10	7	67	77	TAGTAAATTG
C10	155	56	66	AATTTAAAAA
C10	227	42	52	AAGTTAAATA
C10	165	27	37	TTTAAAATTG
C10	148	3	13	ACGTAAATAA
C10	175	32	42	CTTGTAAAAG
C10	22	56	66	CTTTAACATT
C10	170	29	39	ATAATAAACT
C10	199	18	28	TCCTAATTAG
C10	255	71	81	TATTAAATAA
C10	130	51	61	TATAATAAAA
C10	74	8	18	GATAAATAAC
C10	12	34	44	TGGATAAAAA
C10	162	0	10	TATATTAAAA
C10	211	14	24	AAGTTAAAAC
C10	79	68	78	GTTTAACAAA
C10	142	26	36	TTTTAAATGT
C10	23	20	30	GTTTAAACTA
C10	152	41	51	TCATAATAAG
C10	173	66	76	TACTTAAAAA
C10	81	68	78	CAAATAAATC
C10	242	56	66	TAGTTAAAAA
C10	166	18	28	GATCTAAAAA
C10	246	63	73	ATGTAAAACA
C10	103	29	39	TCTTAATTAA
C10	220	30	40	ATACTAAATT
C10	188	19	29	TTTTAATAAT
C10	1	20	30	TAGTAAAATT
C10	125	54	64	CTTTAATGAA
C10	94	15	25	TTGATAAACA
C10	119	27	37	TAGTAAATAC
C10	80	30	40	GATTAATAGA
C10	91	61	71	TTATAAATTT
C10	8	62	72	CCAATAAAAA
C10	28	35	45	TTGTAAACTC
C10	44	45	55	GCAATAAAGG
C10	208	1	11	TTATGAAATA
C10	209	4	14	TTGTAATAAT
C10	159	9	19	AATTACAAAA
C10	252	68	78	TCTTTAAATT
C10	66	10	20	ATTTAACAGA
C10	16	10	20	CTTTTAATGC
C10	107	48	58	ATGTAAAAGT
C10	174	2	12	GATTTAAGGA
C10	151	26	36	TATAACAAAT
C10	201	60	70	TTTATAAAGA
C10	236	7	17	TGTTAAAAAT
C10	202	57	67	TATGTAAAGA
C10	0	11	21	CAGTTAATAT
C10	57	63	73	TCATTAACAG
C10	54	71	81	AAAATAAACA
C10	55	56	66	CATTACAAAA
C10	198	67	77	GTTCTAAAAA
C10	163	3	13	CTTTAAATGT
C10	89	7	17	AATACAAAAT
C10	138	62	72	AGGTAATTAA
C10	46	61	71	ATCTTTAAAA
C10	195	15	25	TACGAAATAA
C10	51	25	35	ATTTTAACCA
C10	33	52	62	GGTTTAAATT
C10	71	20	30	ATGGTAAATG
C10	150	61	71	TAACTAAAAG
C10	135	20	30	AAGTTAAAAA
C10	254	70	80	TTTTAAAGTT
C10	53	62	72	ATTTTAAAAA
C10	122	13	23	TCGGTAAACA
C10	113	38	48	TTACTAAAAA
C10	230	4	14	GTTTTAAAAA
C10	154	16	26	TCATAGAAAA
C10	153	6	16	TTCCGAAAAT
C10	17	19	29	ATATGAAATA
C10	197	38	48	TGGTTAAAAC
C10	146	14	24	CGTTGAAAAT
C11	196	45	55	TTAATCTTAA
C11	29	28	38	ATAATCTTAG
C11	206	51	61	TTAATTCTAC
C11	151	64	74	TAATTCTATT
C11	24	5	15	TAATTCTTAT
C11	215	7	17	ATAATCTTAA
C11	191	44	54	TCAATCTTAC
C11	56	29	39	ATAATCTTAA
C11	221	34	44	TTATCTTATG
C11	195	61	71	AATCTTATCT
C11	80	65	75	ATAATCCTTA
C11	160	68	78	TTAATCTAAT
C11	178	38	48	CATATCTTGA
C11	103	25	35	AATATCTTAA
C11	122	67	77	TAATTCTAAT
C11	136	33	43	GCTATCTTAT
C11	192	62	72	ATAATCTTGA
C11	62	9	19	ATAATCTAAT
C11	4	51	61	TCATTCTAAC
C11	6	53	63	TTAATCTTAA
C11	5	22	32	ATAATCTTTA
C11	199	3	13	TAATTCTTAT
C11	13	55	65	AGTATTCTAA
C11	209	9	19	ATAATCTAAT
C11	137	11	21	ATAATCTTAA
C11	241	17	27	CTATCTTCAT
C11	164	40	50	GTATCTTAGA
C11	213	18	28	ATAATCTAAT
C11	60	66	76	CCTAATCTAA
C11	14	54	64	GTTCTTATCT
C11	7	51	61	TAATTCCTAT
C11	157	14	24	TAGATCTTAG
C11	234	39	49	TAATTCTAAT
C11	116	14	24	TTTATCTTTA
C11	68	40	50	TTATCTTCAT
C11	22	51	61	ATAATCTTTA
C11	247	5	15	ACTATCTTGG
C11	139	16	26	AATATCTTGA
C11	57	34	44	ATTATCTAAT
C11	84	0	10	TGCCTTATCA
C11	100	34	44	GTAATCTAAA
C11	127	38	48	ATAATCTGTT
C11	219	26	36	ATAATCTATT
C11	11	23	33	GTAATCTGTA
C11	75	40	50	TTAAATCTTG
C11	207	64	74	ATGATCTTTA
C11	104	48	58	TTATTCTAAT
C11	79	10	20	ATTATCTTTG
C11	76	3	13	ATTATCTTGT
C11	77	40	50	ATAATTCTGA
C11	2	17	27	ATCATTAGCT
C11	46	57	67	ATCTATCTTT
C11	167	59	69	AATCTTAATC
C11	228	30	40	CCAATCTATT
C11	63	67	77	AATTCCTTAT
C11	40	70	80	AAATCCTTTA
C11	115	62	72	TATTTCTAAT
C11	51	38	48	GATTTCTAAC
C11	185	58	68	TACTTCTGTA
C11	253	26	36	GTAATCCTTT
C11	233	62	72	TAGCTATTCA
C11	89	60	70	TCTATCTTGA
C11	175	28	38	TATTCTTGTA
C11	123	2	12	AATATCTTTG
C11	232	23	33	TAAATCTGTT
C11	119	63	73	AATATTCTCA
C11	96	3	13	CTATCTTCAT
C11	208	36	46	GATTTCTAAT
C11	240	41	51	TGAATTCTTT
C11	142	38	48	TATTTCTAAA
C11	188	27	37	ATTATCTAAG
C11	97	63	73	GATATTCTCG
C11	130	61	71	AGCTAATCGT
C11	42	12	22	AAGTTCTATT
C11	59	20	30	AATTATCTGT
C11	44	20	30	ATCATTCCTA
C11	152	67	77	ATAATCTGCT
C11	225	29	39	TTATTTCTAG
C11	15	34	44	ATAATCTACG
C11	147	6	16	AATTATCTCG
C11	101	17	27	AAATCTTCAT
C11	48	67	77	AGTATCTTTT
C11	121	45	55	ATCATCTTTG
C11	135	26	36	AAAATCTTTG
C11	248	46	56	TGCTATCTTT
C11	8	7	17	ATAATTCGTT
C11	238	24	34	GTATCTGATT
C11	0	63	73	ATATCCTTTG
C11	9	28	38	AGTAATCTCC
C11	229	17	27	TGATCTTGAT
C11	73	48	58	ATATTCGTTA
C11	126	47	57	CATTCTTAAG
C11	109	57	67	CGATTATCTC
C11	108	22	32	TATTTCCTAC
C11	235	42	52	TAACTATCTC
C11	18	46	56	TTATCTCATA
C11	58	30	40	CGTATCCTAC
C11	158	11	21	ATTTCTTGAC
C11	93	54	64	TATCTAATTT
C11	19	2	12	GATCCTAATT
C11	65	54	64	ATCGCTATCA
C11	237	70	80	ATGCCTTCTT
C11	107	70	80	ATAATTCGTA
C11	166	16	26	TCGATCTAAA
C11	216	29	39	TTAAGATTCT
C11	143	49	59	AAATCTAGTT
C11	171	11	21	ATAATTCGTT
C11	88	36	46	TTAAATCTAC
C11	154	37	47	ATTATCTAAT
C11	131	27	37	CTCTATTGAC
C11	12	2	12	ACTCTAATTT
C11	82	42	52	TTTATCTGTA
C11	35	15	25	ATATCTGTTT
C11	170	64	74	TATTTCTGAG
C11	218	68	78	ATAATCTTTC
C11	81	6	16	TCATCTAGTT
C11	198	64	74	TAAGTTCTAA
C11	78	34	44	TAAATTCTTT
C11	244	27	37	GTTTCTTATA
C11	50	46	56	AATCTCTTAC
C11	204	0	10	TATCTAATTT
C11	181	28	38	TAGTCTTAGG
C11	36	13	23	TAAGCTTCAA
C11	200	63	73	AAGATCTTTA
C11	49	53	63	CTAAGTTCTT
C11	179	47	57	GAAATCTAGG
C11	174	61	71	TATTCTCATC
C11	145	31	41	ATATCTAATT
C11	165	32	42	AATTGTCTTT
C11	64	42	52	ATAATTCCTT
C11	144	5	15	TCGTTCTAAA
C11	91	55	65	AAAATCTTAT
C11	86	55	65	TTATCTCATA
C11	34	54	64	TTAAGATCTC
C11	20	17	27	AGTAATCTCG
C11	149	71	81	TTTTATCCTA
C11	129	69	79	AATATCCTAA
C11	30	40	50	ACTATCGTTA
C11	47	65	75	TTAACTCTTT
C11	25	69	79	ATAATCTAAA
C11	133	64	74	AGCTTTCTAC
C11	92	20	30	GTATCTAAAT
C11	120	55	65	TATAATCTCC
C11	177	1	11	AATATCTACC
C11	140	31	41	ATATCGCCTA
C11	205	0	10	AATATCTATA
C11	161	0	10	AGTCTTCTCG
C11	37	14	24	AATTCTCACG
C11	146	61	71	ACTCTTCATT
C11	33	20	30	AATATCTGAG
C11	10	45	55	ATGTCTAAGG
C11	26	50	60	ATGTCTAATT
C11	249	59	69	CATCTCTTAA
C11	210	32	42	TTGCCTATTT
C11	45	1	11	ATACTCTTAT
C11	1	13	23	ATATCTTTAG
C11	52	31	41	TTCCTATTGT
C11	169	67	77	ATACTCTTTA
C11	3	62	72	CATCTCTTTG
C11	220	59	69	AGAATCCTGA
C11	173	42	52	ATTTTCTACT
C11	224	15	25	TTCATTCTCC
C11	16	61	71	ATATTTCCTT
C11	99	58	68	AAATCTGGTA
C11	53	71	81	ATTTTCTAAA
C11	155	70	80	TAGGATCTCA
C11	141	60	70	AATTTCCTAA
C11	43	20	30	TGAACTTCTA
C11	66	57	67	ATTTTCTAAA
C11	118	2	12	TGAAGTCTTT
C11	217	70	80	ATTTTCTAGC
C11	132	56	66	GAAATCCTTG
C11	255	11	21	TTAACTCTTT
C11	168	58	68	TTGTCTAGGT
C11	222	23	33	TCGTCTATTA
C11	95	71	81	TTTTCTCAAG
C11	250	36	46	TAGCTTGCTT
C11	236	38	48	TTTTCTCGGA
C11	138	12	22	CCTCCTAATT
C11	150	40	50	ATTTTCTACA
C11	172	0	10	TTTTCTGTGC
C11	189	23	33	CCACCTCTTT
C12	7	41	51	ACATATAATA
C12	23	38	48	ACATATAATA
C12	231	4	14	ACATATAATA
C12	240	25	35	ACATATAATA
C12	41	15	25	ACATATAATA
C12	253	56	66	ACATATAATA
C12	108	8	18	ACATATAATA
C12	118	27	37	ACATATAATA
C12	193	43	53	ACATATAATA
C12	57	6	16	ACATATAATA
C12	207	28	38	ACATATAATA
C12	111	36	46	ACATATAATA
C12	151	18	28	ACATATAATA
C12	135	36	46	ACATATAATA
C12	100	52	62	ACATATAATA
C12	208	63	73	ACATATAATA
C12	254	49	59	ACATATAATA
C12	204	12	22	ACATATAATA
C12	73	61	71	ACATATAATC
C12	34	9	19	ACATATAATA
C12	178	47	57	ACATATAATA
C12	75	24	34	ACATATAATA
C12	139	10	20	ACATATAATA
C12	224	42	52	ACATATAATA
C12	234	13	23	ACATATAATA
C12	113	14	24	GACATATAAT
C12	174	42	52	ACATATAATA
C12	9	55	65	ACATATAATA
C12	134	64	74	ACATATAATA
C12	217	61	71	ACATATAATA
C12	63	38	48	ACATATAATA
C12	123	53	63	ACATATAATA
C12	18	68	78	ACATATAATA
C12	81	28	38	ACATATAATA
C12	79	26	36	ACATATAATA
C12	122	62	72	ACATATAATT
C12	242	25	35	ACATATAATA
C12	85	65	75	ACATATAATA
C12	186	42	52	ACATATAATA
C12	68	19	29	ACATATAATA
C12	165	42	52	GACATATAAT
C12	222	61	71	ACATATAATA
C12	3	71	81	GACATATAAT
C12	83	44	54	ACATATAATA
C12	142	58	68	ACATATAATA
C12	119	57	67	ACATATAATA
C12	76	66	76	ACATATAATA
C12	114	37	47	ACATATAATA
C12	117	12	22	ACATATAATA
C12	190	42	52	ACATATAATA
C12	48	54	64	ACATATAATT
C12	191	26	36	ACATATAATA
C12	92	34	44	ACATATAATA
C12	46	10	20	GACATATAAT
C12	36	63	73	ACATATAATG
C12	65	41	51	ACATATAATA
C12	95	27	37	GACATATAAT
C12	19	42	52	GACATATAAT
C12	51	65	75	GACATATAAT
C12	249	37	47	ACATATAATA
C12	59	9	19	ACATATAATA
C12	177	14	24	GACATATAAT
C12	56	25	35	ACATATAATC
C12	78	12	22	ACATATAATA
C12	110	29	39	ACATATAATC
C12	160	8	18	ACATATAATT
C12	74	24	34	ACATATAATA
C12	157	28	38	GACATATAAT
C12	161	30	40	ACATATAATT
C12	64	56	66	ACATATAATC
C12	138	49	59	GACATATAAT
C12	77	8	18	ACATATAATA
C12	5	18	28	ACATATAATC
C12	152	63	73	ACATATAATC
C12	2	66	76	GACATATAAT
C12	127	50	60	ACATATAATT
C12	244	41	51	ACATATAATT
C12	86	68	78	ACATATAATA
C12	201	37	47	ACATATAATA
C12	136	65	75	ACATATAATA
C12	40	52	62	ACATATAATA
C12	181	62	72	GACATATAAT
C12	219	55	65	GACATATAAT
C12	45	25	35	ACATATAATT
C12	112	52	62	ACATATAATT
C12	89	69	79	ACATATAATA
C12	248	28	38	ACATATAATA
C12	155	49	59	GACATATAAT
C12	67	36	46	ACATATAATA
C12	210	14	24	ACATATAATA
C12	10	22	32	ACATATAATA
C12	141	10	20	ACATATAATA
C12	109	41	51	ACATATAATA
C12	131	34	44	GACATATAAT
C12	14	24	34	ACATATAATT
C12	162	30	40	ACATATAATT
C12	172	14	24	ACATATAATA
C12	102	19	29	ACATATAATA
C12	17	71	81	ACATATAATT
C12	164	16	26	ACATATAATT
C12	238	51	61	GACATATAAT
C12	146	71	81	GACATATAAT
C12	104	27	37	ACATATAATA
C12	66	32	42	GACATATAAT
C12	220	19	29	ACATATAATA
C12	154	71	81	ACATATAATT
C12	99	30	40	ACATATAATC
C12	60	50	60	ACATATAATA
C12	229	55	65	ACATATAATA
C12	206	17	27	ACATATAATA
C12	128	26	36	ACATATAATT
C12	171	7	17	ACATATAATT
C12	31	29	39	ACATATAATT
C12	230	24	34	ACATATAATT
C12	93	39	49	ACATATAATA
C12	8	2	12	GACATATAAT
C12	137	6	16	GACATATAAT
C12	4	21	31	GACATATAAT
C12	168	17	27	ACATATAATA
C12	90	52	62	ACATATAATA
C12	221	54	64	ACATATAATT
C12	170	25	35	ACATATAATA
C12	16	54	64	ACATATAATA
C12	251	6	16	ACATATAATA
C12	243	29	39	GACATATAAT
C12	29	23	33	GACATATAAT
C12	12	62	72	GACATATAAT
C12	147	46	56	ACATATAATG
C12	143	4	14	ACATATAATT
C12	39	44	54	ACATATAATA
C12	43	44	54	ACATATAATA
C12	209	30	40	ACATATAATC
C12	105	20	30	ACATATAATT
C12	55	71	81	GACATATAAT
C12	180	7	17	ACATATAATT
C12	195	36	46	GACATATAAT
C12	130	48	58	ACATATAATA
C12	192	58	68	ACATATAATC
C12	71	41	51	GACATATAAT
C12	183	10	20	ACATATAATA
C12	148	52	62	ACATATAATT
C12	241	42	52	ACATATAATA
C12	246	55	65	GACATATAAT
C12	32	70	80	ACATATAATC
C12	21	66	76	ACATATAATA
C12	20	70	80	GACATATAAT
C12	235	34	44	ACATATAATA
C12	28	51	61	GACATATAAT
C12	202	39	49	ACATATAATC
C12	213	30	40	ACATATAATC
C12	205	58	68	ACATATAATT
C12	97	23	33	GACATATAAT
C12	47	7	17	ACATATAATA
C12	163	15	25	ACATATAATT
C12	11	49	59	GACATATAAT
C12	53	41	51	ACATATAATA
C12	255	22	32	ACATATAATA
C12	216	11	21	ACATATAATA
C12	70	29	39	ACATATAATT
C12	158	66	76	ACAATATAAT
C12	176	70	80	ACATATAATG
C12	132	35	45	GACATATAAT
C12	197	70	80	ACATATAATT
C12	236	53	63	ACATATAATT
C12	13	35	45	GACATATAAT
C12	237	47	57	GACATATAAT
C12	199	70	80	ACATATAATT
C12	35	30	40	GACATATAAT
C12	106	39	49	ACATATAATT
C12	49	18	28	GACATATAAT
C12	156	35	45	GACATATAAT
C12	38	62	72	GACATATAAT
C12	228	10	20	GACATATAAT
C12	129	36	46	ACATATAATA
C12	144	59	69	GACATATAAT
C12	1	4	14	ACATATAATA
C12	24	32	42	ACATATAATT
C12	185	13	23	GACATATAAT
C12	125	23	33	ACATATAATA
C12	96	60	70	GACATATAAT
C12	54	28	38	ACATATAATG
C12	233	20	30	ACATATAATC
C12	149	44	54	GACATATAAT
C12	0	34	44	ACATATAATT
C12	124	4	14	ACATATAATA
C12	116	4	14	ACATATAATA
C12	173	18	28	ACATATAATT
C12	214	32	42	ACATATAATC
C12	58	60	70	GACATATAAT
C12	226	26	36	GACATATAAT
C12	30	22	32	ACATATAATA
C12	42	60	70	ACATATAATT
C12	179	24	34	ACATATAATA
C12	133	32	42	GACATATAAT
C12	87	15	25	ACATATAATT
C12	184	51	61	ACATATAATT
C12	115	17	27	GACATATAAT
C12	103	19	29	ACATATAATA
C12	82	55	65	ACATATAATT
C12	120	51	61	GACATATAAT
C12	62	5	15	ACATATAATC
C12	239	42	52	GACATATAAT
C12	203	17	27	ACATATAATT
C12	61	16	26	GACATATAAT
C12	140	3	13	ACATATAATT
C12	227	7	17	ACATATAATG
C12	169	37	47	GACATATAAT
C12	50	3	13	ACATATAATT
C12	196	26	36	GACATATAAT
C12	145	43	53	ACATATAATT
C12	175	59	69	GACATATAAT
C12	153	44	54	GACATATAAT
C12	245	10	20	GACATATAAT
C12	198	34	44	ACATATAATG
C12	232	44	54	GACATATAAT
C12	212	70	80	ACATATAATG
C12	250	27	37	ACATATAATT
C12	69	15	25	GACATATAAT
C12	27	59	69	ACATATAATT
C12	166	55	65	ACATATAATA
C12	159	3	13	ACATATAATT
C12	187	6	16	ACATATAATT
C12	215	58	68	ACATATAATC
C12	182	21	31	ACATATAATT
C12	94	42	52	ACATATAATA
C12	22	46	56	GACATATAAT
C12	33	39	49	ACATATAATA
C12	247	53	63	ACATATAATT
C12	84	26	36	GACATATAAT
C12	189	59	69	ACATATAATA
C12	98	48	58	GACATATAAT
C12	91	24	34	ACATATAATA
C12	188	62	72	ACATATAATG
C12	80	60	70	GACATATAAT
C12	107	66	76	ACATATAATT
C12	211	61	71	GACATATAAT
C12	252	54	64	GACATATAAT
C12	6	44	54	ACATATAATT
C12	26	30	40	AGTATATAAT
C12	126	11	21	GACATATAAT
C12	72	47	57	ACATATAATT
C12	200	4	14	ACATATAATA
C12	223	52	62	GACATATAAT
C12	52	46	56	GACATATAAT
C12	225	16	26	ACATATAATT
C12	121	54	64	GACATATAAT
C12	44	62	72	ACATATAATA
C12	25	64	74	GACATATAAT
C12	88	3	13	ACATATAATA
C12	194	56	66	ACATATAATC
C12	218	64	74	ACATATAATC
C12	167	25	35	GACATATAAT
C12	37	3	13	ACATATAATT
C12	15	29	39	GACATATAAT
C12	150	6	16	ACATATAATT
C12	101	64	74	ACATATAATA
C13	176	3	13	ATTACTTAAT
C13	191	8	18	TACTTACTAT
C13	138	36	46	GCAATACTGA
C13	40	62	72	AATTACTTAA
C13	249	43	53	AATACTTATG
C13	3	5	15	TGATAACTAT
C13	10	28	38	AATACTTAAT
C13	230	71	81	ACTATAACTT
C13	73	10	20	ATCTACTTAG
C13	86	19	29	TGACTAACGT
C13	78	24	34	GCAATACTGG
C13	137	62	72	ATTAACTTAG
C13	82	18	28	TTTACTTACA
C13	207	40	50	GTTACTATCT
C13	153	16	26	GATTACTATA
C13	205	5	15	CTATACTAAG
C13	173	47	57	CTACTATTCA
C13	148	62	72	TATAACTAAG
C13	111	18	28	TCATACTTAG
C13	177	27	37	GAATACTAAA
C13	49	48	58	ATTAACTAAG
C13	250	7	17	TATTACCTAG
C13	41	41	51	AATTACCTAT
C13	58	32	42	TATCCTACAT
C13	190	0	10	GTAACCTATA
C13	14	6	16	ATTCACTAAT
C13	180	63	73	CTATACTTAC
C13	228	34	44	TCTATTACTT
C13	63	0	10	CTTAACTATA
C13	62	70	80	CATTAACTCT
C13	217	15	25	ATTTACTAAA
C13	122	32	42	ATCTACTTGA
C13	42	28	38	GATTACTAGG
C13	81	44	54	CAATTACCTT
C13	236	64	74	ACTACTATCA
C13	251	71	81	CTAGAACTAA
C13	43	51	61	ATAACTACAA
C13	21	26	36	ATCATACTTG
C13	210	39	49	TTTACTTACA
C13	193	33	43	TAGTAACTTG
C13	4	54	64	TTCTAACTTC
C13	108	26	36	TCCTACTTAT
C13	168	45	55	AGTACTTATG
C13	185	54	64	ACTTTACTTC
C13	113	57	67	AATTACAATA
C13	56	13	23	GAACTACCTT
C13	17	63	73	TATACTTGAC
C13	156	44	54	TGAACTAAGC
C13	139	64	74	AGATACTTAT
C13	84	50	60	ACATTAACTT
C13	218	46	56	AACTTACTAT
C13	5	5	15	GTTACTGTAA
C13	90	31	41	TATACTCATA
C13	245	35	45	CTTTACTATT
C13	248	63	73	TATACTATTT
C13	204	17	27	TAATACTGTA
C13	239	67	77	TATTACTGTT
C13	169	20	30	GATTACTAAA
C13	37	53	63	GTACCTATTA
C13	213	66	76	TCTTACTTAT
C13	118	32	42	TAATACTTGC
C13	36	7	17	GTATACTAAG
C13	209	61	71	GATACTACAT
C13	219	41	51	GTACTACTGT
C13	242	44	54	GAATACTTAT
C13	93	29	39	TAACCTATTG
C13	121	26	36	CTACTAATCC
C13	206	53	63	AATTCTACAG
C13	28	30	40	AATACTTGTA
C13	165	58	68	TATCACTAGT
C13	157	1	11	GTTTACTAAT
C13	186	19	29	CAACTTATCA
C13	61	2	12	CGTAACCTAA
C13	2	22	32	TAGCTTACAC
C13	15	5	15	TAAACTACAA
C13	11	63	73	GATACTATTT
C13	215	35	45	ATACTAAACT
C13	253	0	10	TTTACTTAGT
C13	70	71	81	TTTACTATTC
C13	172	65	75	AGTATACTGT
C13	19	17	27	CTATCTACAA
C13	74	68	78	TACATACTCG
C13	16	44	54	TTATAACTTG
C13	65	12	22	TCATACTATA
C13	67	69	79	AGATTACTTG
C13	195	3	13	GTCTTACATC
C13	235	41	51	ATAACTATCT
C13	24	61	71	TGTACTTATA
C13	142	44	54	TAAACCTATA
C13	224	7	17	TAAGTACTTT
C13	171	20	30	TGTAATACAA
C13	105	59	69	GCTTAATACC
C13	127	64	74	TCTTAACTTT
C13	115	1	11	TTCTAACTTC
C13	212	31	41	AGCTTACATT
C13	175	47	57	TTAGAACTAA
C13	35	70	80	TTTACTTGTA
C13	125	10	20	ATATACTAAG
C13	247	1	11	AATCACTATC
C13	240	32	42	ATAGTTACAT
C13	23	22	32	TTAAACTACT
C13	132	11	21	AATCACTATT
C13	211	68	78	AATTACTTTA
C13	196	59	69	CGCTTAACCT
C13	220	29	39	GATACTAAAT
C13	51	40	50	TTTCTAACTG
C13	124	31	41	TCTAACTTCA
C13	38	43	53	AATAACTAGT
C13	181	4	14	ATGTAACTGG
C13	229	67	77	ACTTTACTGG
C13	178	32	42	TCTTAACATA
C13	60	68	78	TAATCTAACA
C13	145	14	24	GTACTATACC
C13	160	22	32	AGTATTACAT
C13	128	60	70	TTGACTTACA
C13	135	0	10	CTCTTACAGG
C13	88	39	49	AATCTACCAA
C13	30	37	47	ACGACTATCG
C13	155	10	20	TATACTTTAT
C13	104	51	61	TTCTAATACG
C13	9	4	14	ACATTTAGCC
C13	45	36	46	AAGATACCGT
C13	96	29	39	AATAACTTTA
C13	72	31	41	TATTACCTTA
C13	106	71	81	GACCTAATAT
C13	110	10	20	AAACTAACTG
C13	154	0	10	ATATACCTTG
C13	226	8	18	TAAACTTAAT
C13	184	23	33	TTTACTATAT
C13	29	31	41	ATCTTAGACT
C13	131	44	54	ATAAACTTAT
C13	119	44	54	GTAACACTAT
C13	77	60	70	AAGTAACTTG
C13	189	47	57	TCATTACCTT
C13	12	0	10	CTACTCTAAT
C13	152	30	40	TGAAACTATA
C13	69	61	71	ATTTACTTCA
C13	91	8	18	TAAACTACGT
C13	55	36	46	ACTTACTTAT
C13	87	52	62	TTAACGATAC
C13	179	62	72	TAGACTAAGA
C13	80	44	54	ACAATTACGT
C13	83	35	45	ATGTACTTGA
C13	133	67	77	TTTCTACCAG
C13	243	39	49	GCAATTACGT
C13	216	48	58	ATATTACGAT
C13	163	69	79	TATTACGCTC
C13	221	8	18	GCTAATACAA
C13	94	69	79	TTTACTTAAT
C13	233	61	71	GTAGCTATTC
C13	234	21	31	TATTACACTT
C13	27	36	46	TACACTACGA
C13	130	71	81	AAAATACTTG
C13	89	37	47	ATTATACCTT
C13	166	35	45	AATTTACAAA
C13	103	60	70	AATTTACTTT
C13	57	39	49	CTAATACGTT
C13	161	10	20	AATTTACCAA
C13	237	19	29	TCAATAACGA
C13	151	60	70	AACCTAATTC
C13	0	16	26	AATATACTTT
C13	6	30	40	ATCGTACTTT
C13	244	56	66	GACCTATTGC
C13	34	0	10	TATACTTTGA
C13	53	46	56	TAATACCTGT
C13	75	59	69	ATTTACAACG
C13	192	0	10	AATAACCTTT
C13	140	32	42	TATCGCCTAA
C13	20	33	43	ACTTTAGCAT
C13	246	23	33	TTGATAACCT
C13	112	62	72	ATAAACTCGA
C13	254	27	37	GATATTACAC
C13	50	48	58	TCTCTTACAC
C13	214	51	61	AAGAACTTAT
C13	194	44	54	TTTATACTTT
C13	33	28	38	AGTATACTTT
C13	164	42	52	ATCTTAGACA
C13	39	54	64	AAGATTACCA
C13	52	55	65	TTAGCAACTT
C13	102	31	41	AAGATACCGT
C13	99	63	73	TGGTATACGG
C13	129	71	81	TATCCTAACT
C13	100	62	72	TAATACGTAA
C13	98	7	17	TTTACGTTAT
C13	200	12	22	TAAAACTATA
C13	150	42	52	TTTCTACAAT
C13	201	7	17	TGTATACGGA
C13	197	43	53	AAAACTACGA
C13	47	63	73	TTTTAACTCT
C13	188	12	22	AAAACTATTT
C13	32	49	59	AAAACTATAT
C13	146	57	67	GTACACTCTT
C13	255	9	19	TTTTAACTCT
C14	147	38	48	TTGCATTGAC
C14	254	20	30	TCATTGCGAT
C14	232	49	59	ATAATGCGTT
C14	29	38	48	ACTGATGGTT
C14	10	41	51	CTGAATGTCT
C14	151	45	55	TATGATTGCA
C14	138	32	42	AATTGCAATA
C14	238	19	29	GTAATGTATC
C14	110	70	80	CTAATGGTAT
C14	246	2	12	AATGTATTGA
C14	207	35	45	ATAATGTTAC
C14	186	24	34	TATCATGTGC
C14	125	40	50	CATGAATGGT
C14	148	44	54	ATGCATTGAC
C14	243	34	44	ATAATGCAAT
C14	21	53	63	AGCATGGTCT
C14	143	56	66	GTTATGCGTT
C14	204	32	42	TTATGATGTA
C14	216	63	73	TAAATGCGAT
C14	30	60	70	CAATGTGATT
C14	86	26	36	CGTATGATCT
C14	237	52	62	ATAATGGCAA
C14	158	30	40	TTAATGAAGT
C14	132	69	79	AATATGTTAG
C14	3	22	32	AATTATGTAA
C14	180	17	27	TGATTGCATA
C14	191	35	45	ATATGGTGAT
C14	233	56	66	TAAATGTAGC
C14	214	20	30	ACATTATGTT
C14	46	33	43	GTGTATGACG
C14	67	57	67	TAATGCTGTA
C14	157	36	46	ATTCATGTTA
C14	62	62	72	CATTGATGCA
C14	250	18	28	TTCATGTTGA
C14	100	23	33	AAATTGTATT
C14	36	67	77	ATAATGTAAT
C14	20	11	21	AATATGAGTA
C14	198	38	48	ATAATGTCAT
C14	170	37	47	CTGTAATGGC
C14	177	42	52	ATAATGTGGA
C14	59	65	75	ATTGATTGTA
C14	187	42	52	ATGGATAGTG
C14	114	43	53	AATATGCCAT
C14	63	48	58	ATTATGTGCA
C14	96	65	75	ATAATGTCAA
C14	144	33	43	ATGATATGCT
C14	156	40	50	ATAATGAACT
C14	51	33	43	CATATGATTT
C14	139	48	58	GTTGAATGTT
C14	41	51	61	TAATTGATCA
C14	179	71	81	ATTAATGTCC
C14	103	5	15	TCTATGTCTA
C14	253	63	73	ATATGGTAAT
C14	48	40	50	TTGTATGAAT
C14	49	67	77	ATTATGTGCA
C14	31	17	27	AATGTATGTT
C14	118	67	77	ATGATGTTTA
C14	95	32	42	ATAATGTGAA
C14	240	38	48	ACATGAATTC
C14	197	60	70	TAATGAATTG
C14	109	31	41	AATATGTTTG
C14	193	9	19	AATATTGTGC
C14	208	43	53	AATATGAGTG
C14	58	5	15	TTCATGGCAT
C14	99	7	17	TATGTCATGA
C14	230	14	24	AAGATGTTTG
C14	241	21	31	CTTCATGTAG
C14	34	25	35	AGAATGCCAT
C14	146	51	61	GACATTGTAC
C14	199	44	54	ATTATGTAAC
C14	142	29	39	TAAATGTAAT
C14	221	37	47	TCTTATGCCT
C14	134	9	19	TACATGAGTA
C14	116	35	45	CAATTGATAG
C14	92	68	78	AATCATGTGT
C14	83	32	42	TAAATGTACT
C14	7	30	40	ATCATGATTT
C14	97	6	16	AATATGAACG
C14	70	64	74	CAGATGGTTT
C14	160	15	25	ATTATGAAGT
C14	38	24	34	ATAGATGACT
C14	135	50	60	ATTATGTAAT
C14	108	31	41	CTTATGGAAT
C14	72	4	14	TAAATGTACG
C14	19	66	76	TTGTAATGGT
C14	82	24	34	TACATTGTTA
C14	111	2	12	TCTGTATGAT
C14	79	33	43	ATAATGAACA
C14	133	40	50	ATCCATGTTA
C14	178	0	10	ATCATGTGCC
C14	172	21	31	ATAATGAAGT
C14	222	30	40	TTAATGGTTG
C14	65	25	35	CGCAATGGTT
C14	8	30	40	ACATTGGCAT
C14	12	30	40	ATGATGGATA
C14	75	31	41	ATAATGTAGT
C14	11	28	38	CTGTATGTTG
C14	13	67	77	ATCCATGCTT
C14	166	25	35	AAATTGTATT
C14	129	57	67	TATGTATGCC
C14	120	33	43	CAGATTGTCA
C14	54	37	47	GATATGTAAG
C14	255	35	45	TTGTATGGAT
C14	252	27	37	CATATGATTA
C14	136	7	17	TCGTATGCTT
C14	37	58	68	TATTATGCAA
C14	106	0	10	GATATGTAAA
C14	104	34	44	ATAGATGCAC
C14	32	23	33	TAATCATGTT
C14	244	59	69	CTATTGCTTC
C14	176	28	38	GATAATGCAA
C14	43	33	43	TACAATGTTT
C14	188	47	57	AATATGTCTT
C14	76	52	62	TTATGAATGA
C14	190	67	77	AAGTATGCTT
C14	171	69	79	AATATGTCAA
C14	248	7	17	TAAATGTAAG
C14	213	4	14	TTGTATGCAT
C14	169	11	21	CTGTGATTGG
C14	53	32	42	TTATGCTTGA
C14	69	47	57	GCCATTGTGT
C14	71	17	27	TTCATGGTAA
C14	16	12	22	TTTAATGCAA
C14	126	15	25	TATAATGACA
C14	78	19	29	ATAATGCAAT
C14	6	5	15	ACGTAATGCC
C14	26	47	57	TATATGTCTA
C14	181	69	79	AATCATGAGA
C14	145	3	13	TGAAATGACC
C14	55	40	50	ACTTATGACT
C14	185	30	40	AATATTGTGT
C14	245	26	36	TAAATGGTAC
C14	215	18	28	ATTTGCATAC
C14	161	63	73	TAAATGGTTA
C14	122	19	29	AACATGTTAT
C14	1	62	72	ATTAATGGTG
C14	159	53	63	CCAATGCTGA
C14	182	41	51	AAAATGCGAA
C14	60	56	66	AATATGAGAT
C14	164	33	43	AATTTGCGTA
C14	162	57	67	CAAATGACAT
C14	163	7	17	AAATGTTGAC
C14	209	66	76	TACATGTTTA
C14	247	67	77	CAATAGTTGA
C14	107	45	55	AATATGTAAA
C14	115	44	54	TATATTGCAA
C14	28	57	67	TAATGGATGA
C14	56	58	68	ACCATGTTTA
C14	183	27	37	CCATTGGCTA
C14	249	46	56	ACTTATGAAA
C14	227	11	21	ATAATGTGTT
C14	81	16	26	CCCATGATTT
C14	242	7	17	TTTATGTGGA
C14	123	19	29	ATTATGGAAA
C14	210	30	40	TATTGCCTAT
C14	173	59	69	TTGATGATAC
C14	33	45	55	AATATGTGGT
C14	102	64	74	AGTTGCTGAA
C14	17	16	26	TCAATATGAA
C14	101	70	80	AATAATGGGA
C14	117	20	30	TATATGGGAT
C14	201	1	11	TAATTGTGTA
C14	84	17	27	AAAATGTTTG
C14	220	71	81	GAAATGCACA
C14	35	0	10	GAGGTGCATT
C14	150	30	40	AGTATGTTGT
C14	45	59	69	AATCTGTGAG
C14	168	67	77	TACATGTTTT
C14	87	63	73	AAATTGTGTT
C14	251	50	60	CACATGGGTA
C14	44	38	48	ATATGAAGCA
C14	140	17	27	GGTTGGCATA
C14	61	62	72	GAGATGCATT
C14	47	12	22	TAATAGTGTT
C14	98	18	28	TTTGATGCTT
C15	59	15	25	AATATAATTA
C15	122	63	73	CATATAATTC
C15	158	56	66	ATTATAATTA
C15	165	45	55	ATATAATTAG
C15	7	47	57	AATATAATTC
C15	164	18	28	ATATAATTAT
C15	112	54	64	ATATAATTAT
C15	160	10	20	ATATAATTAT
C15	143	6	16	ATATAATTAT
C15	113	16	26	CATATAATTA
C15	19	44	54	CATATAATTG
C15	48	55	65	CATATAATTA
C15	118	52	62	TTATAATTAT
C15	23	40	50	ATATAATATT
C15	128	27	37	CATATAATTA
C15	9	71	81	CTTATAATTC
C15	135	38	48	ATATAATATT
C15	147	71	81	AATTAATATT
C15	56	35	45	TTAATAATTA
C15	108	10	20	ATATAATATT
C15	127	51	61	CATATAATTT
C15	234	16	26	TATAATATTA
C15	226	63	73	AATATTAATG
C15	77	37	47	TATATAATTC
C15	195	38	48	CATATAATTG
C15	41	18	28	TATAATATTA
C15	21	70	80	ATAATAATTC
C15	75	26	36	ATATAATAAT
C15	64	39	49	AATATAATTC
C15	33	14	24	AATATTAATA
C15	1	58	68	TAATATTAAT
C15	157	6	16	CTAATAATTA
C15	161	31	41	CATATAATTA
C15	45	26	36	CATATAATTA
C15	221	56	66	ATATAATTAA
C15	171	8	18	CATATAATTC
C15	244	31	41	CTTATAATTG
C15	253	58	68	ATATAATATG
C15	155	51	61	CATATAATTT
C15	224	49	59	ATATAATATG
C15	217	63	73	ATATAATATT
C15	236	54	64	CATATAATTC
C15	219	57	67	CATATAATTT
C15	105	21	31	CATATAATTC
C15	166	45	55	ATTAATATTG
C15	190	44	54	ATATAATATG
C15	184	52	62	CATATAATTA
C15	20	6	16	ATATTAATAT
C15	149	30	40	ATTAATATTA
C15	18	13	23	TTATAATTAA
C15	132	37	47	CATATAATTA
C15	97	26	36	ATATAATTAT
C15	188	21	31	TTAATAATTA
C15	8	4	14	CATATAATTC
C15	174	44	54	ATATAATATC
C15	0	35	45	CATATAATTC
C15	139	12	22	ATATAATATC
C15	42	61	71	CATATAATTC
C15	34	15	25	AATATAATAG
C15	207	30	40	ATATAATAAT
C15	46	12	22	CATATAATGA
C15	151	21	31	TATAATATAA
C15	79	28	38	ATATAATAAT
C15	197	71	81	CATATAATTA
C15	81	30	40	ATATAATATG
C15	173	19	29	CATATAATTA
C15	181	64	74	CATATAATCA
C15	203	25	35	TTAATATTAG
C15	14	25	35	CATATAATTT
C15	4	42	52	AATATAATTT
C15	68	21	31	ATATAATATT
C15	12	64	74	CATATAATTA
C15	230	25	35	CATATAATTT
C15	162	31	41	CATATAATTT
C15	63	42	52	ATAATAATTA
C15	249	67	77	AAATATTAAC
C15	245	12	22	CATATAATTG
C15	178	49	59	ATATAATAGC
C15	73	62	72	CATATAATCA
C15	240	26	36	CATATAATAG
C15	114	39	49	ATATAATATG
C15	36	64	74	CATATAATGT
C15	134	66	76	ATATAATATC
C15	242	27	37	ATATAATATT
C15	227	48	58	AATATAATAC
C15	148	53	63	CATATAATTT
C15	87	17	27	ATATAATTAA
C15	152	64	74	CATATAATCT
C15	100	57	67	TAATATAATA
C15	116	6	16	ATATAATATT
C15	10	61	71	TTATAATATA
C15	125	30	40	ATATAATAAC
C15	119	59	69	ATATAATATT
C15	29	25	35	CATATAATCT
C15	107	67	77	CATATAATTC
C15	208	53	63	GATAATATTG
C15	182	23	33	ATATAATTAT
C15	239	44	54	CATATAATTA
C15	109	43	53	ATATAATAAT
C15	57	28	38	ATAATAATTA
C15	140	5	15	ATATAATTAA
C15	78	14	24	ATATAATAAT
C15	163	16	26	CATATAATTT
C15	31	30	40	CATATAATTT
C15	66	34	44	CATATAATTT
C15	111	38	48	ATATAATATA
C15	169	39	49	CATATAATTC
C15	159	5	15	ATATAATTAC
C15	123	55	65	ATATAATATT
C15	192	59	69	CATATAATCT
C15	69	17	27	CATATAATTA
C15	205	28	38	CTAATAATTT
C15	131	40	50	TAATATAAAC
C15	71	43	53	CATATAATTT
C15	27	28	38	ATATAATATA
C15	211	64	74	ATATAATTAC
C15	177	16	26	CATATAATTT
C15	153	25	35	ATATATTAAC
C15	138	51	61	CATATAATCA
C15	32	57	67	ATATAATATG
C15	198	19	29	CATTAATAAT
C15	232	57	67	TTAATATTAA
C15	117	14	24	ATATAATATA
C15	11	3	13	CATAATTAAT
C15	255	24	34	ATATAATATG
C15	5	19	29	CATATAATCT
C15	137	8	18	CATATAATCT
C15	49	20	30	CATATAATTC
C15	199	71	81	CATATAATTA
C15	191	28	38	ATATAATATA
C15	185	15	25	CATATAATCC
C15	142	48	58	CCTATAATTG
C15	106	40	50	CATATAATTT
C15	250	29	39	ATATAATTAG
C15	231	6	16	ATATAATAAC
C15	121	36	46	AATTAATATA
C15	51	67	77	CATATAATGA
C15	202	40	50	CATATAATCC
C15	175	71	81	CAATATAATT
C15	74	26	36	ATATAATATA
C15	176	71	81	CATATAATGA
C15	115	28	38	TAATATAATT
C15	214	33	43	CATATAATCT
C15	70	30	40	CATATAATTT
C15	180	8	18	CATATAATTT
C15	76	67	77	CATATAATAA
C15	251	8	18	ATATAATATG
C15	16	56	66	ATATAATATT
C15	124	6	16	ATATAATATT
C15	209	31	41	CATATAATCA
C15	206	19	29	ATATAATATC
C15	24	33	43	CATATAATTT
C15	86	70	80	ATATAATATG
C15	172	16	26	ATATAATAAT
C15	201	39	49	ATATAATATA
C15	60	52	62	ATATAATATG
C15	96	62	72	CATATAATGT
C15	204	14	24	ATATAATACT
C15	133	34	44	CATATAATCC
C15	254	51	61	ATATAATAGT
C15	136	66	76	CATATAATAG
C15	193	45	55	ATATAATAAG
C15	129	17	27	AATTAATATA
C15	61	18	28	CATATAATTT
C15	99	31	41	CATATAATCA
C15	26	33	43	ATATAATATG
C15	246	57	67	CATATAATGT
C15	220	21	31	ATATAATAGA
C15	83	46	56	ATATAATATA
C15	95	29	39	CATATAATGT
C15	110	30	40	CATATAATCA
C15	243	31	41	CATATAATGC
C15	247	54	64	CATATAATTG
C15	35	32	42	CATATAATCC
C15	53	42	52	CATATAATAC
C15	222	63	73	ATATAATAAA
C15	82	56	66	CATATAATTA
C15	52	48	58	CATATAATTA
C15	38	64	74	CATATAATTT
C15	93	69	79	CAATATTAAA
C15	103	21	31	ATATAATATC
C15	104	29	39	ATATAATAGA
C15	2	68	78	CATATAATCT
C15	67	37	47	CATATAATAA
C15	186	44	54	ATATAATAGG
C15	210	15	25	CATATAATAA
C15	47	8	18	CATATAATAG
C15	102	21	31	ATATAATAGA
C15	223	54	64	CATATAATTT
C15	85	38	48	GTAATTAATA
C15	89	3	13	TTATAATACA
C15	90	54	64	ATATAATAGA
C15	145	45	55	ATATAATTAA
C15	54	29	39	CATATAATGA
C15	215	4	14	GATATAATCT
C15	30	23	33	CATATAATAC
C15	183	11	21	CATATAATAA
C15	248	30	40	ATATAATACA
C15	98	50	60	CATATAATTT
C15	72	48	58	CATATAATTT
C15	187	7	17	CATATAATTT
C15	235	36	46	ATATAATAAC
C15	13	17	27	AATATATTAC
C15	238	53	63	CATATAATCA
C15	50	4	14	CATATAATTT
C15	84	28	38	CATATAATTT
C15	130	49	59	CATATAATAA
C15	144	61	71	CATATAATGT
C15	233	21	31	CATATAATCA
C15	94	43	53	CATATAATAC
C15	179	26	36	ATATAATAAC
C15	22	48	58	CATATAATCT
C15	237	49	59	CATATAATGG
C15	6	45	55	CATATAATTT
C15	43	46	56	ATATAATAAC
C15	62	6	16	CATATAATCT
C15	91	26	36	ATATAATACC
C15	28	53	63	CATATAATGG
C15	216	13	23	ATATAATAAC
C15	252	56	66	CATATAATTT
C15	189	0	10	AATTATAATG
C15	218	52	62	CTATAATATT
C15	80	62	72	CATATAATCC
C15	37	4	14	CATATAATTA
C15	213	31	41	CATATAATCA
C15	194	57	67	CATATAATCG
C15	241	44	54	ATATAATAGA
C15	228	12	22	CATATAATTT
C15	92	36	46	ATATAATAAA
C15	168	19	29	ATATAATAAG
C15	167	27	37	CATATAATTC
C15	40	13	23	TAAATAATAG
C15	225	51	61	TATATAAATT
C15	212	71	81	CATATAATGA
C15	15	31	41	CATATAATCT
C15	156	37	47	CATATAATGA
C15	101	66	76	ATATAATAAT
C15	120	53	63	CATATAATCT
C15	196	28	38	CATATAATCA
C15	65	43	53	ATATAATAAA
C15	58	62	72	CATATAATAA
C15	141	12	22	ATATAATAAA
C15	229	32	42	TATTAATAGT
C15	25	4	14	ATCATAAATC
C15	150	7	17	CATATAATTT
C15	126	13	23	CATATAATGA
C15	44	34	44	GATAATATGA
C15	170	7	17	TATATATTTA
C15	3	20	30	GTAATTATGT
C15	88	15	25	AAATTATAGC
C15	146	23	33	TAGATAATTT
C15	200	6	16	ATATAATAAA
C15	39	46	56	ATATAATAAA
C15	17	60	70	TTATATACTT
C16	245	68	78	ATACTCGTTA
C16	80	54	64	AATCTTGACA
C16	238	31	41	ATTCAGATAC
C16	70	60	70	AATCCAGATG
C16	178	12	22	AATTCCAGAT
C16	55	45	55	TGACTAGTCA
C16	37	46	56	ATTCGAAGTA
C16	143	26	36	TCACGAATCT
C16	233	68	78	TTCAGGACTC
C16	92	51	61	ACATAGACCT
C16	247	13	23	GGCGAAGTCG
C16	122	9	19	AACTTCGGTA
C16	146	11	21	ACTCGTTGAA
C16	147	21	31	TAGACCAGTA
C16	232	13	23	ACTCGAGTTA
C16	108	48	58	TGAACTCGAC
C16	226	43	53	TTCAACGATC
C16	166	1	11	TCAGTTCGTG
C16	103	37	47	AATCGACAAG
C16	24	48	58	ACTGATAGGT
C16	106	30	40	TATCAGTTGA
C16	130	33	43	AACTTCGATT
C16	128	58	68	CATTGACTTA
C16	197	29	39	TTCAAGACCT
C16	244	51	61	TGTTAGACCT
C16	203	64	74	ACGTCAAGCT
C16	88	54	64	TCCAGAACTT
C16	42	66	76	AATTCACGGT
C16	71	5	15	ACATCCGTTA
C16	109	52	62	TAAGCCGATT
C16	82	70	80	TAACCTGTAT
C16	134	22	32	TATCGACCTT
C16	8	9	19	AATTCGTTGA
C16	91	0	10	TTCAAGACTA
C16	208	26	36	ATCTGTTCAT
C16	131	20	30	CCCTGATCTC
C16	132	49	59	ATGAGTCGAA
C16	116	25	35	TCGTAGAACC
C16	202	66	76	AAGCGAGTTA
C16	74	71	81	ATACTCGAAT
C16	79	2	12	TGACGTTCAT
C16	107	36	46	TATCGGTCAA
C16	120	22	32	CATTGACGAA
C16	3	41	51	AGTTCTGCAG
C16	114	29	39	TAGTCTTGAC
C16	6	26	36	TGAGATCGTA
C16	224	58	68	GATTCACGAC
C16	126	27	37	ATCGTTCAAG
C16	78	71	81	TTACGAGTAA
C16	81	9	19	TCTAGTTCCC
C16	170	69	79	CTGAGTCTGG
C16	211	29	39	TAACGCAGAA
C16	159	42	52	CTAAGATCAA
C16	38	25	35	TAGATGACTA
C16	29	34	44	TTAGACTGAT
C16	181	6	16	GTAACTGGAA
C16	39	10	20	CCAGTCGCAG
C16	195	0	10	CAGGTCTTAC
C16	46	35	45	GTATGACGTT
C16	237	23	33	TAACGAGTAT
C16	119	37	47	GTTCTCGGTA
C16	15	40	50	TACGCTGGAT
C16	253	10	20	TTTCGTCATA
C16	36	32	42	AACTCGGACA
C16	219	44	54	CTACTGTCTT
C16	148	38	48	CTACCGATGC
C16	13	1	11	TTCCGTCAAT
C16	205	11	21	TAAGTCTGAA
C16	9	8	18	TTAGCCGTAT
C16	124	27	37	ATCGTCTAAC
C16	218	35	45	TCCGTAGTCA
C16	145	7	17	ATGACCTGTA
C16	251	43	53	AAACGATCAC
C16	17	51	61	TGCAGTTCAT
C16	102	49	59	TAATCCGATA
C16	152	13	23	GTTACGTCTT
C16	113	31	41	TACCGTCTTA
C16	20	25	35	CGAGACAGAC
C16	191	57	67	TACGACTGCT
C16	246	27	37	TAACCTGAAA
C16	194	12	22	TGATTCGAAT
C16	200	36	46	AGGCCGAGAT
C16	31	68	78	CCATCTCGGG
C16	164	43	53	TCTTAGACAT
C16	231	45	55	AATTTCGAAG
C16	157	67	77	GCCTAGACAT
C16	240	47	57	CTTTCGTATT
C16	254	38	48	TTGGAACGTT
C16	76	10	20	TGTTCGTACA
C16	133	9	19	TTCGTATCGA
C16	242	17	27	ACAGCTTGAC
C16	222	22	32	ATCGTCTATT
C16	60	60	70	TGAGATCCTA
C16	87	57	67	GATACGAAAT
C16	112	65	75	AACTCGATAG
C16	248	56	66	TGAACGATAT
C16	35	49	59	AATATCGAAA
C16	204	39	49	GTACGATGGT
C16	141	48	58	AGAACTAAGA
C16	192	11	21	CAACGTGATA
C16	111	59	69	ATACAGTCTT
C16	0	47	57	TTACGAGATA
C16	68	28	38	ATTCTGGCAA
C16	98	21	31	GATGCTTCCA
C16	153	4	14	AATTCCGAAA
C16	161	4	14	TTCTCGAATT
C16	165	60	70	TCACTAGTGG
C16	97	67	77	TTCTCGACTT
C16	23	51	61	CAGGACGTAA
C16	162	51	61	TGGGATCAAA
C16	154	23	33	AAAGTCGGTT
C16	43	58	68	CAAGTCTAGG
C16	69	54	64	TGTACGAATT
C16	174	9	19	GGACTCTAAT
C16	84	43	53	CCACGATACA
C16	236	40	50	TTCTCGGAGT
C16	28	17	27	GGGACGAATT
C16	220	50	60	ACACTCGCTA
C16	182	43	53	AATGCGAAAT
C16	59	23	33	TATCTGTCGT
C16	47	34	44	TAACAGTGCT
C16	12	47	57	GGAAGACTAT
C16	213	45	55	ACCACTGAGA
C16	138	10	20	ACCCTCCTAA
C16	169	7	17	TTTTCTGTGA
C16	255	50	60	CCGGGTGCCG
C16	110	64	74	AGGCTGCTAA
C16	101	49	59	GTGTCAAAGT
C16	89	28	38	TTTTCGAAAA
C16	16	1	11	TAGGTCCCCC
C17	217	11	21	TTTAATTTAC
C17	127	8	18	AGTATTTAAT
C17	151	0	10	ACTTTATTTC
C17	214	55	65	ACTTATTTAA
C17	67	22	32	CAATTTAATT
C17	166	31	41	TATTAATTTA
C17	185	43	53	TTTAATTTAA
C17	205	33	43	AATTTATTTC
C17	231	16	26	AATTTATTTA
C17	207	50	60	GATTTAATTT
C17	35	6	16	CATTTATTTA
C17	96	51	61	GAATTATTTG
C17	123	13	23	ATATTTATTA
C17	135	43	53	ATATTTAATT
C17	18	8	18	TTAATTTATA
C17	155	14	24	CTTTATTTAT
C17	131	49	59	CTTATTATTA
C17	36	71	81	TGTAATTTAG
C17	238	70	80	AGTTATTTAC
C17	75	55	65	AGTTATTTAC
C17	221	59	69	TAATTAATTG
C17	219	60	70	ATAATTTATA
C17	236	15	25	ATTTAATTAT
C17	32	14	24	GCATTTAATT
C17	173	1	11	TAATTATTTG
C17	200	27	37	TTTAATTTAA
C17	178	62	72	GAATTTAATG
C17	70	42	52	GATTTAATTA
C17	250	2	12	ATATTTATTA
C17	71	47	57	TAATTTATTA
C17	16	39	49	AATATTTATA
C17	11	5	15	TAATTAATTG
C17	226	12	22	CTTAATTTAA
C17	114	16	26	TTTATTTATC
C17	190	13	23	ACTTATTTCA
C17	192	25	35	GAATTAATTT
C17	216	24	34	AGTATTTAAG
C17	148	56	66	ATAATTTATA
C17	248	18	28	TAATTAATTG
C17	210	3	13	CTTATTATTT
C17	46	44	54	TCATTTATTG
C17	28	65	75	GAATTAATTC
C17	53	15	25	AATTTAATTT
C17	251	22	32	ATTATTATTA
C17	19	60	70	ACTTTATTGT
C17	41	31	41	GAATTTAATG
C17	45	5	15	TCTTATTTAA
C17	199	8	18	CTTATTTGTA
C17	56	39	49	TAATTAATTA
C17	184	67	77	TAATTATTTT
C17	29	14	24	ATTTTAATTG
C17	174	56	66	AATTTTATTC
C17	241	32	42	GTTTAATTTG
C17	249	28	38	AATTTATTGA
C17	134	3	13	AATTATTACA
C17	61	68	78	CATTTATTAA
C17	118	47	57	TCATTTTATA
C17	130	9	19	TGAATTATTA
C17	113	52	62	AGATTAATTA
C17	9	45	55	ATATTTATTG
C17	54	7	17	ATTTATTAAT
C17	7	56	66	CCTATTTATA
C17	234	34	44	ATTATTAATT
C17	170	9	19	TATATTTAAG
C17	146	25	35	GATAATTTAG
C17	116	10	20	AATATTTATC
C17	215	66	76	TCGTTATTTC
C17	20	57	67	AGTTATTAAA
C17	51	22	32	ATTATTTTAA
C17	253	43	53	AGATTTATAA
C17	171	62	72	AATATTTAAT
C17	92	6	16	ATATTTTATA
C17	85	52	62	AGATTAATTG
C17	202	52	62	ATATTTATGT
C17	73	41	51	TATATTTATA
C17	79	55	65	TGAATTTAGA
C17	66	70	80	ATATTTTATG
C17	182	28	38	ATTATTTAAT
C17	242	47	57	TACTTATTGT
C17	177	18	28	TATAATTTAG
C17	229	29	39	CTTTATTAAT
C17	138	65	75	TAATTAATTT
C17	247	36	46	TTTTATTAAT
C17	89	17	27	ACATTTATAA
C17	225	1	11	GTTATTTAAT
C17	239	63	73	GTATTATTAC
C17	10	31	41	ACTTAATTTT
C17	161	68	78	GGTTATTAAT
C17	122	2	12	TGAATTTAAC
C17	58	48	58	AAATTTATAC
C17	27	49	59	GCATTATTTG
C17	57	45	55	CGTTAATTAT
C17	110	43	53	AATTTTATAA
C17	40	28	38	CTTAATTTTA
C17	14	1	11	TGTTAATTCA
C17	136	36	46	ATCTTATTGA
C17	64	31	41	TGAATTTAAA
C17	163	66	76	GGTTATTACG
C17	255	67	77	TATTTATTAA
C17	77	51	61	CAATATTTAA
C17	139	68	78	ACTTATTAAA
C17	143	9	19	TAATTATTTT
C17	6	49	59	TAATTTAATC
C17	188	16	26	CTATTTTAAT
C17	22	10	20	CTTATTTTAT
C17	72	51	61	ATAATTTAAT
C17	76	48	58	GAATTTATGA
C17	95	48	58	TATATTTAGA
C17	206	28	38	CATTTTATAA
C17	252	31	41	TGATTATTAG
C17	175	23	33	ATAATTATTC
C17	240	68	78	AGTTATTACG
C17	83	71	81	AATATTTACA
C17	196	41	51	ATCATTAATC
C17	142	22	32	ACTATTTTAA
C17	156	0	10	TTTTATTTGA
C17	88	30	40	ACTTATTTAA
C17	103	58	68	ATAATTTACT
C17	65	31	41	GGTTTAATTG
C17	144	44	54	GGTTATTATG
C17	201	55	65	ATTATTTTAT
C17	133	16	26	CGATTATTTT
C17	140	47	57	AAATTATTAA
C17	193	60	70	ATATTTTAAG
C17	125	52	62	TACTTTAATG
C17	94	8	18	ATATTTATTG
C17	212	60	70	ACATTATTTG
C17	86	40	50	ATATTATTTT
C17	120	9	19	AGCTTTAATG
C17	181	45	55	TTTTATTAAT
C17	203	42	52	TCATTATTGA
C17	26	71	81	TTTTAATTAA
C17	228	56	66	TAAATTTAAG
C17	243	53	63	GAATTTAAAT
C17	232	1	11	TTTTAATTAA
C17	74	53	63	CATTTATTTT
C17	153	50	60	TAATTTTAAT
C17	176	61	71	TATTATTTGA
C17	34	62	72	TCATTTATAC
C17	105	3	13	GTTTTATTAA
C17	150	11	21	TAATTTATTA
C17	112	10	20	AGTTTATTAT
C17	168	7	17	CTATTATTTG
C17	137	14	24	ATCTTAATTA
C17	12	21	31	CAATTATTCA
C17	23	43	53	TAATATTTCA
C17	195	46	56	TGCTTATTAT
C17	90	59	69	ATAGATTTAA
C17	189	33	43	GATTATTAGA
C17	180	10	20	TATAATTTGA
C17	227	55	65	TACATTTAAG
C17	81	59	69	AGTATTTTGC
C17	167	1	11	TATTATTAAA
C17	108	19	29	TGGTATTTCC
C17	106	7	17	AAATATTTGC
C17	93	56	66	TCTAATTTGC
C17	179	69	79	AGATTAATGT
C17	60	14	24	TATATTTTGA
C17	209	20	30	CAAGTTATTG
C17	187	50	60	TGTATTTTAC
C17	244	44	54	TATAATTTGT
C17	42	39	49	TTTCATTAAA
C17	1	37	47	ATAATTTAGT
C17	3	49	59	AGTTATTAAT
C17	104	45	55	AAGTTATTCT
C17	24	16	26	AGTTATTATA
C17	126	64	74	GTTTTATTCA
C17	8	71	81	AAGTTTATCA
C17	107	9	19	GTATATTTGA
C17	204	3	13	CTAATTTTGA
C17	4	44	54	TATAATTTCA
C17	230	27	37	TATAATTTCA
C17	62	12	22	ATCTAATTTG
C17	121	71	81	GTTTTATTTA
C17	149	2	12	AAGATTAATA
C17	124	60	70	TTTTATTAAA
C17	198	22	32	TAATAATTTT
C17	211	66	76	ATAATTACTT
C17	254	12	22	TTGTAATTTC
C17	80	5	15	CACTTTATGA
C17	69	58	68	CGAATTTACT
C17	98	53	63	ATAATTTTAT
C17	109	11	21	TTATATTTGT
C17	245	38	48	TACTATTTTT
C17	111	64	74	GTCTTTATAA
C17	47	55	65	TTTTAATTTT
C17	159	7	17	ATAATTACAA
C17	84	30	40	TATAATTTTA
C17	145	33	43	ATCTAATTTG
C17	38	65	75	ATATAATTTT
C17	115	41	51	TTTTATATTG
C17	164	50	60	CATAATTTCT
C17	128	52	62	ATTTTACATT
C17	152	53	63	AAGTATTTTG
C17	246	11	21	ATCATTTTAC
C17	25	35	45	AGCTTTATGA
C17	102	38	48	CGTTTAATAT
C17	160	57	67	AGAATTTAAA
C17	194	34	44	ATATTATTTT
C17	119	20	30	TCTTTTATAG
C17	165	11	21	ATTTTTATAT
C17	223	56	66	TATAATTTCA
C17	33	59	69	ATTTTTATAT
C17	50	6	16	TATAATTTTT
C17	213	8	18	ATGCATTTAG
C17	235	59	69	TTTTTAATAT
C17	99	3	13	TTTTTATGTC
C17	78	66	76	CGCATTTACG
C17	169	70	80	CTCTTTATGA
C17	13	39	49	TATAATTTTT
C17	183	55	65	TTTTTATCAT
C17	82	40	50	TTTTTATCTG
C17	49	32	42	GTAAATTTTT
C18	172	57	67	TAAAGATAAG
C18	45	33	43	TTAAAGATAC
C18	102	69	79	CTGAAAGCGT
C18	157	56	66	ACAAAGATAA
C18	233	36	46	TGAAATAGTA
C18	204	70	80	TAAAGAATTC
C18	123	23	33	TGGAAAGTCC
C18	83	13	23	GAAAAGATAG
C18	80	11	21	ATGAAAGCAA
C18	40	35	45	TTAAAGCTAA
C18	190	22	32	AATAAAGCAT
C18	36	48	58	TTAAAGACCT
C18	77	58	68	TAAAGTAACT
C18	139	60	70	AGAAAGATAC
C18	211	45	55	ACGAAAGGTA
C18	107	51	61	TAAAAGTATA
C18	120	67	77	AGTAAGAACA
C18	182	47	57	CGAAATAGGC
C18	87	3	13	AGAAACAGAT
C18	112	44	54	CAAAGTTGAC
C18	76	38	48	CAAAAGATAG
C18	39	51	61	ATAAAGATTA
C18	151	52	62	GCAAAGACAA
C18	13	61	71	CTAAGAATCC
C18	116	61	71	AAAATGAGTA
C18	156	45	55	GAACTAAGCA
C18	62	35	45	AATAAGTTGA
C18	19	32	42	AAAAGAAGTT
C18	222	10	20	AAATAAGACA
C18	74	46	56	TGGAAAGCAT
C18	109	50	60	AATAAGCCGA
C18	79	41	51	CAAAAGTAAT
C18	158	33	43	ATGAAGTCAA
C18	168	31	41	TAAGAACTGC
C18	146	18	28	GAAAATAGAT
C18	90	22	32	CAAAAGATTT
C18	3	14	24	TACAAGGTAA
C18	73	32	42	CAAAGTAAAT
C18	51	49	59	GTGGAAGCAT
C18	67	43	53	ATAAAGTATC
C18	231	37	47	TTAAAGTGAA
C18	140	23	33	CATAAAGCAT
C18	29	1	11	ATAAGTCAAT
C18	82	64	74	TAAAGGTAAC
C18	246	31	41	CTGAAAGTAC
C18	34	52	62	GCTTAAGATC
C18	191	1	11	ATAAAGTTAC
C18	58	12	22	CATAAAGTAC
C18	179	45	55	GAGAAATCTA
C18	236	28	38	CAGTAAGACT
C18	198	62	72	GATAAGTTCT
C18	68	50	60	ACAAAGGAAT
C18	175	36	46	TAAAAGTCAT
C18	218	4	14	TAAAAGATGA
C18	170	31	41	AATAAACTGT
C18	41	60	70	AAAAGAATAC
C18	251	39	49	ATAGAAACGA
C18	202	61	71	TAAAGAAGCG
C18	126	51	61	CTTAAGAATA
C18	63	22	32	GTAAAGTATT
C18	20	52	62	ATTGAAGTTA
C18	21	10	20	TGAAAGAAGA
C18	212	25	35	ATAAGAAGCT
C18	214	49	59	TTAAGAACTT
C18	66	63	73	TAAAAGAATA
C18	49	10	20	AATAAGTTGA
C18	162	9	19	AACAAGATTG
C18	249	12	22	TTAAAGTTTC
C18	117	63	73	ATAAAGTTAG
C18	180	71	81	ACTAAAGTAA
C18	42	47	57	AATAAAGCTC
C18	25	53	63	AAATAAGGAT
C18	18	52	62	CATAAGACAA
C18	71	68	78	ACAAAGTCAA
C18	205	9	19	ACTAAGTCTG
C18	239	31	41	CTGAAGAATT
C18	226	5	15	AAGTAAACTT
C18	37	48	58	TCGAAGTACC
C18	207	0	10	CTTAAGACTT
C18	99	15	25	GATAAGATCA
C18	129	28	38	CAAAGTTGAC
C18	176	41	51	ACCAAAGTTA
C18	232	62	72	ATTAAGTCAT
C18	128	70	80	ACAAAGGTCA
C18	159	40	50	AGCTAAGATC
C18	131	71	81	TAAAGTTAAC
C18	100	5	15	AAACAAGTTA
C18	24	69	79	TAAAACTAAT
C18	181	36	46	GGAAAAGCTT
C18	193	50	60	ATAAGTGAAT
C18	10	68	78	ATAAACAGAA
C18	61	55	65	ACGAAAGGAG
C18	183	67	77	TTAAAGGAAT
C18	220	68	78	AAAGAAATGC
C18	177	31	41	ACTAAACGGA
C18	154	20	30	AGAAAAGTCG
C18	59	33	43	ATTAAGTTGA
C18	113	43	53	AAAAAGTCTA
C18	110	59	69	ATCAAAGGCT
C18	230	11	21	AAAAAGATGT
C18	141	44	54	CAAAAGAACT
C18	119	6	16	AAAAGTATCC
C18	118	0	10	TATGAAGTCT
C18	8	24	34	CAAAGAACAT
C18	137	71	81	GAAAACAAGG
C18	201	65	75	AAAGAAAGTA
C18	104	42	52	ACAAAGTTAT
C18	217	49	59	AAAATTAGTT
C18	160	53	63	AAAAAGAATT
C18	130	59	69	AAAGCTAATC
C18	92	59	69	CTCAAGTTAA
C18	93	45	55	AATAGAACCT
C18	60	25	35	AGAGAAATCT
C18	12	40	50	AAAAATAGGA
C18	152	29	39	TTGAAACTAT
C18	200	59	69	CAGTAAGATC
C18	97	47	57	AATAAACAGA
C18	5	51	61	TCAAAGTGTA
C18	115	55	65	CTCAAGGTAT
C18	124	64	74	ATTAAAGCTC
C18	227	33	43	ACAGAAATCA
C18	208	20	30	AAAGAAATCT
C18	86	3	13	ATAAGTCAAA
C18	136	53	63	ATAAAACGAT
C18	143	47	57	CAAAATCTAG
C18	28	71	81	ATTCAAGAAA
C18	44	47	57	AATAAAGGAT
C18	132	45	55	TAAAATGAGT
C18	242	61	71	AAAAAGATAT
C18	241	64	74	AAATAAACCT
C18	55	10	20	CCAGAATTGT
C18	192	40	50	AAAAGGTTGA
C18	30	49	59	AAAAAGTGGG
C18	213	51	61	GAGAAGTTGA
C18	224	66	76	ACCTAAGCTA
C18	114	23	33	ATCAAGTAGT
C18	26	13	23	AAAAAGTTAT
C18	252	4	14	CCAAAAGTTT
C18	145	66	76	TTGAAAGAGA
C18	38	33	43	TAAAAGGGTA
C18	150	65	75	TAAAAGTATT
C18	155	33	43	AAAAACTTGT
C18	167	17	27	AAAAGTTTGA
C18	197	41	51	TTAAAACTAC
C18	221	4	14	CAAGGCTAAT
C18	101	51	61	GTCAAAGTTT
C18	255	43	53	ATTTAAGCCG
C18	88	26	36	AAAAACTTAT
C18	219	15	25	ATAAAACGAC
C18	17	44	54	AAAAACGTGC
C19	217	25	35	CATAGGATCA
C19	77	26	36	ATAAGGTAGA
C19	90	36	46	TCATAGGATA
C19	174	17	27	ATTGGAGTAT
C19	43	63	73	CTAGGAGTTG
C19	176	18	28	TAGTAGGAGC
C19	85	45	55	ATAAGGTAGA
C19	68	3	13	TCTTAGGAAT
C19	76	42	52	AGATAGGAAT
C19	23	71	81	AATAGGAGTG
C19	228	62	72	TAAGAAGGAC
C19	138	57	67	ATCAGAGGTA
C19	28	12	22	CATTAGGGAC
C19	71	54	64	TTAGGAAGGA
C19	67	14	24	CATAGGGACA
C19	233	67	77	ATTCAGGACT
C19	232	30	40	GTTTAGGAAT
C19	221	64	74	AATTGAGGTC
C19	37	29	39	AAAGGAAGTA
C19	155	68	78	ATTAGGATCT
C19	95	53	63	TTAGAGGATA
C19	24	49	59	CTGATAGGTT
C19	204	55	65	ATTCAGAGTA
C19	186	48	58	AATAGGAGAA
C19	106	64	74	AAGTTAGGAC
C19	75	13	23	TCAAGAGTTT
C19	181	31	41	TCTTAGGAAA
C19	81	36	46	TATGAGGGCA
C19	54	61	71	TTTAGGTTCA
C19	12	43	53	AATAGGAAGA
C19	230	39	49	AAGGTTAGAA
C19	50	66	76	ATAGAGTGAA
C19	226	68	78	TAATGGAGTT
C19	250	12	22	CCTAGGTTCA
C19	224	71	81	AGCTAGGTGT
C19	198	45	55	CATAGGATTG
C19	42	31	41	TACTAGGATT
C19	99	36	46	AATCAGGATG
C19	11	34	44	GTTGGAGTTA
C19	45	51	61	ATCTAGGAAA
C19	236	23	33	ATAGGCAGTA
C19	161	43	53	TATCAGGGTA
C19	163	23	33	TTTGGAGTAT
C19	10	47	57	GTCTAAGGAA
C19	96	35	45	TTTAGGGTAT
C19	26	2	12	TTGGAAGGTA
C19	39	66	76	ACTAGGATTC
C19	182	34	44	TAATAGGAAA
C19	222	42	52	TAAAGAGTTG
C19	201	29	39	GATAGTTGAC
C19	156	48	58	CTAAGCAGAG
C19	169	48	58	CATCAGGATA
C19	25	55	65	ATAAGGATTG
C19	200	33	43	TTAAGGCCGA
C19	51	48	58	TGTGGAAGCA
C19	36	0	10	ACAAGCGGTA
C19	229	71	81	TACTGGATAG
C19	117	49	59	TACAGGAGAG
C19	177	61	71	ATAAGAGTAA
C19	185	71	81	ATTAGAAGCG
C19	61	56	66	CGAAAGGAGA
C19	141	33	43	CAATAGGGGA
C19	118	59	69	TATGAGGGAT
C19	252	45	55	GATAGAGTTG
C19	105	35	45	CAGTAAGAGT
C19	8	51	61	CATAAGAGAT
C19	22	32	42	TTAAGAGCTA
C19	213	53	63	GAAGTTGAGA
C19	179	50	60	ATCTAGGTCC
C19	29	32	42	TCTTAGACTG
C19	199	35	45	ATAGAAGAGA
C19	202	64	74	AGAAGCGAGT
C19	243	0	10	TAAGGACTAA
C19	135	3	13	TTACAGGTTA
C19	73	15	25	CTTAGATGAG
C19	57	66	76	TTAACAGGAC
C19	165	62	72	ACTAGTGGGA
C19	152	46	56	ATAAGAGAAG
C19	74	35	45	ACTAGAAGAT
C19	15	67	77	TTCAAGGGTT
C19	212	53	63	TAGTAGAACA
C19	238	8	18	AAATGAGAAT
C19	168	61	71	TCTAGGTACA
C19	134	12	22	ATGAGTAGAA
C19	44	13	23	TTGGAAGATC
C19	191	64	74	GCTTGAGCAG
C19	225	68	78	TTTGAAGTGT
C19	145	21	31	ACCAGAGTGC
C19	123	21	31	TATGGAAAGT
C19	193	65	75	TTAAGGCATG
C19	203	30	40	ATTAGTCGGT
C19	192	41	51	AAAGGTTGAA
C19	82	0	10	GCTAGGGGTC
C19	102	59	69	AGTAGAGTTG
C19	60	20	30	TTGATAGAGA
C19	31	47	57	AATGGGTAGT
C19	33	23	33	ATCTGAGTAT
C19	110	35	45	AATCAGAGAA
C19	30	50	60	AAAAGTGGGC
C19	255	45	55	TTAAGCCGGG
C19	112	23	33	TATAGGAAAA
C19	34	20	30	AATAGAGAAT
C19	251	52	62	CATGGGTAGT
C19	107	0	10	TATTAGAGAG
C19	247	60	70	ATTGGGTCAA
C19	52	64	74	TTTAGATCGT
C19	7	0	10	AAGAAGAGAA
C19	184	35	45	TTTCGGAGGG
C19	38	35	45	AAAGGGTAAA
C19	162	48	58	CATTGGGATC
C19	231	48	58	TTCGAAGAAA
C19	69	4	14	ATACTGAGAT
C19	119	71	81	CACAGAGAGT
C19	55	24	34	GGTGAGGACC
C19	140	13	23	AATGGGTTGG
C19	154	29	39	GGTTGGAAAT
C19	91	47	57	TCTTGGAAAA
C19	16	0	10	ATAGGTCCCC
C20	171	25	35	TACAAATTAG
C20	100	39	49	CTAAATTAAG
C20	29	5	15	GTCAATTAGA
C20	147	68	78	TTAAATTAAT
C20	156	26	36	TCAAATATTG
C20	126	70	80	TTCAATTAAC
C20	19	22	32	TACAAATTAT
C20	15	22	32	TCAAATTGAC
C20	120	42	52	AAAATAATTG
C20	208	3	13	ATGAAATATC
C20	85	6	16	CAAATTAAAT
C20	18	3	13	ACAAATTAAT
C20	40	58	68	AATAAATTAC
C20	232	35	45	GGAATAATTG
C20	2	50	60	CAATAAATTA
C20	219	23	33	ACAATAATCT
C20	111	48	58	AAAATTAATC
C20	61	34	44	TGAAATTACA
C20	59	60	70	ATCAAATTGA
C20	199	51	61	AACAAATTAT
C20	152	24	34	TGAAATTGAA
C20	172	40	50	TATCAAATAC
C20	235	14	24	AAAATTAATC
C20	243	38	48	TGCAATTACG
C20	158	51	61	ATAAAATTAT
C20	73	4	14	TGATAAATCT
C20	233	54	64	ATTAAATGTA
C20	137	58	68	TGAAATTAAC
C20	124	16	26	CAAATAATTA
C20	49	62	72	TAAGAATTAT
C20	238	58	68	AATCAATATT
C20	86	8	18	TCAAAATTAG
C20	13	27	37	ATCAAATTGA
C20	240	55	65	TTCAATTAAA
C20	28	66	76	AATTAATTCA
C20	58	38	48	ACATAAATTA
C20	192	23	33	ATGAATTAAT
C20	205	40	50	TTCAATTATC
C20	226	60	70	ACAAATATTA
C20	106	24	34	GAAAATTATC
C20	178	22	32	AAAATAATTT
C20	39	24	34	CATAAATTAG
C20	153	11	21	AAAATGATTA
C20	180	38	48	GTAAATTAAT
C20	60	34	44	TCAAATAACT
C20	78	32	42	GGTAAATTCT
C20	206	33	43	TATAAATTAT
C20	7	18	28	ACAAAATCAA
C20	204	64	74	ATAAATTAAA
C20	207	14	24	AACATTAATG
C20	12	19	29	AACAATTATT
C20	98	41	51	GCAAATTGAC
C20	65	47	57	AATAAATATC
C20	50	71	81	GTGAAATATT
C20	20	44	54	TAAAATTGAT
C20	151	30	40	ACAAATATTA
C20	237	15	25	GAAATCAATA
C20	194	29	39	GTAAAATATT
C20	92	41	51	ATAAATTAAT
C20	103	11	21	TCTAATTGAC
C20	144	21	31	GTAAAATGAT
C20	177	39	49	GAAATAATGT
C20	212	41	51	ATCAATTAAG
C20	91	33	43	ACCAATTAGC
C20	64	62	72	AATCAATTTG
C20	249	24	34	ATTAAATTTA
C20	16	18	28	GCAAAATTGA
C20	88	70	80	TCAAATTAGA
C20	161	16	26	CCAAAATTAT
C20	193	19	29	GTTAAATTAC
C20	77	67	77	TTGAAATTCA
C20	37	36	46	GTAAAATGAA
C20	201	50	60	GTTCAATTAT
C20	166	41	51	CAAAATTAAT
C20	160	64	74	AAAATTAATC
C20	248	71	81	TTCAAATTAT
C20	246	48	58	AACAATTGAC
C20	11	6	16	AATTAATTGA
C20	33	10	20	AATCAATATT
C20	182	11	21	AAATTAATTG
C20	35	46	56	ATCAATATCG
C20	175	52	62	ACTAATTGAC
C20	143	64	74	TTAAAATTAA
C20	87	60	70	ACGAAATTGT
C20	190	32	42	AAGTAATTTG
C20	97	38	48	TAAAATGTTA
C20	90	66	76	TAAAATTAAA
C20	121	33	43	TCCAATTAAT
C20	31	13	23	ATAAAATGTA
C20	25	5	15	TCATAAATCT
C20	72	2	12	ATTAAATGTA
C20	53	10	20	AAAATAATTT
C20	107	42	52	TCAAATATGT
C20	70	50	60	TAAATAATTA
C20	155	62	72	AAAAATATTA
C20	30	71	81	ATCAAATTGA
C20	225	42	52	CTGAAATTAT
C20	196	40	50	TATCATTAAT
C20	220	32	42	ACTAAATTGA
C20	101	6	16	TGTAAATTAT
C20	46	69	79	AAAATAATCA
C20	56	4	14	AGTAAATATG
C20	81	42	52	GGCAATTACC
C20	3	19	29	GGTAATTATG
C20	76	71	81	TAATAAATTC
C20	140	45	55	AGAAATTATT
C20	211	21	31	AACAATTATA
C20	55	62	72	AAAAATATTG
C20	129	14	24	TTGAATTAAT
C20	0	58	68	CGAAAATATC
C20	54	45	55	AGCAATAATT
C20	96	49	59	ATGAATTATT
C20	202	18	28	AAAAATTGAA
C20	142	28	38	TTAAATGTAA
C20	115	10	20	CAAAATTGAC
C20	89	11	21	CAAAATACAT
C20	27	70	80	GAAAATTATT
C20	80	43	53	AACAATTACG
C20	231	10	20	AATAACAATT
C20	62	56	66	AGAAAACATT
C20	68	65	75	AATAAATTTC
C20	181	0	10	CAAAATGTAA
C20	132	26	36	TACAAATTTG
C20	41	37	47	AATGAATTAC
C20	164	49	59	ACATAATTTC
C20	159	13	23	ACAAAATCAT
C20	228	54	64	AGTAAATTTA
C20	23	67	77	TAACAATAGG
C20	217	48	58	AAAAATTAGT
C20	67	20	30	GACAATTTAA
C20	117	29	39	TTAAATTAGT
C20	134	0	10	TAAAATTATT
C20	109	65	75	TCAAATCATA
C20	245	24	34	GATAAATGGT
C20	66	23	33	AAAAATATTG
C20	183	16	26	AATAAATTAA
C20	83	31	41	TTAAATGTAC
C20	244	9	19	TAAAATATTA
C20	186	66	76	GATAAATCAC
C20	149	12	22	AAAATATTTG
C20	165	28	38	TTAAAATTGT
C20	163	52	62	AATGAATACA
C20	138	1	11	GTAAAATGTA
C20	94	17	27	GATAAACATA
C20	75	39	49	GTTAAATCTT
C20	216	61	71	TATAAATGCG
C20	133	55	65	TAAAATACAA
C20	4	64	74	TCCAATTATA
C20	236	1	11	TCTAATTGTT
C20	214	61	71	TTAAATTTGA
C20	36	18	28	TTCAAATGAT
C20	148	7	17	AAATAATCAT
C20	128	9	19	AAAGCAATAT
C20	154	33	43	GGAAATTATC
C20	223	43	53	TTTAAATTTG
C20	99	55	65	TGAAAATCTG
C20	224	32	42	AACAAATTTG
C20	210	19	29	TAATAACATG
C20	119	28	38	AGTAAATACG
C20	185	0	10	TGAAATGTTT
C20	162	55	65	ATCAAATGAC
C20	32	32	42	TTAAAATGCA
C20	84	15	25	CCAAAATGTT
C20	6	65	75	TAAAACATTC
C20	71	22	32	GGTAAATGGA
C20	17	14	24	CTTCAATATG
C20	10	56	66	AAAAATTATA
C20	1	22	32	GTAAAATTAT
C20	145	2	12	ATGAAATGAC
C20	239	34	44	AAGAATTTGA
C20	125	33	43	TAATAACCAT
C20	229	42	52	TTGAATAATT
C20	95	63	73	AAACAAATTT
C20	221	17	27	AGCAATTTGT
C20	227	34	44	CAGAAATCAA
C20	167	55	65	AATAAATCTT
C20	57	11	21	TAATAACCAT
C20	187	37	47	GTTAAATGGA
C20	247	20	30	TCGAAATATA
C20	209	45	55	GGTAAATAAT
C20	141	56	66	GAATAATTTC
C20	139	35	45	AAAAATTATA
C20	79	43	53	AAAGTAATAT
C20	26	52	62	GTCTAATTTG
C20	135	24	34	TAAAAATCTT
C20	174	12	22	CTCTAATTGG
C20	104	18	28	CACAATTTGA
C20	69	57	67	ACGAATTTAC
C20	176	53	63	ACTCAATATA
C20	130	70	80	TAAAATACTT
C20	195	21	31	ATAAAATTTT
C20	116	33	43	CCCAATTGAT
C20	136	55	65	AAAACGATTG
C20	74	50	60	AAGCATTTAT
C20	108	58	68	AACAATCGTG
C20	44	43	53	AAGCAATAAA
C20	63	64	74	AGAAATTCCT
C20	188	10	20	AAAAAACTAT
C20	48	18	28	TAAAAATTTT
C21	103	39	49	TCGACAAGCT
C21	176	37	47	AGCAACCAAA
C21	151	56	66	AGACAACCTA
C21	232	7	17	TTAACAACTC
C21	253	19	29	AATACCAGTA
C21	40	2	12	AAGCAAACGT
C21	91	70	80	TGACCAACAA
C21	208	10	20	ATCAACAATA
C21	147	13	23	TCGAACAGTA
C21	97	55	65	GATAACAGGA
C21	108	54	64	CGACAACAAT
C21	78	54	64	CTAACAGACT
C21	226	42	52	ATTCAACGAT
C21	34	45	55	TTCAACAGCT
C21	55	50	60	AGTCAACATT
C21	109	19	29	GTACAAACGG
C21	133	58	68	AATACAAGCT
C21	203	56	66	CCAAACAGAC
C21	202	26	36	AACGCAAACT
C21	31	41	51	ATGAACAATG
C21	65	22	32	AAACGCAATG
C21	158	62	72	ATTAACAATA
C21	146	6	16	ATTCAACTCG
C21	43	53	63	AACTACAAGT
C21	212	11	21	TAAACGCCAG
C21	121	0	10	TAACGCAAGT
C21	18	54	64	TAAGACAAAT
C21	246	44	54	ACGTAACAAT
C21	126	39	49	TCATAACACA
C21	68	32	42	TGGCAACATT
C21	192	70	80	GATACCAAAT
C21	120	28	38	CGAAACAGAT
C21	221	12	22	ATACAAGCAA
C21	15	7	17	AACTACAAAT
C21	128	63	73	ACTTACAACA
C21	28	38	48	TAAACTCAAT
C21	5	36	46	TGAAACATCA
C21	149	59	69	ACACAAACGT
C21	80	40	50	AGTAACAATT
C21	66	12	22	TTAACAGACA
C21	77	46	56	CTGAACAATA
C21	141	27	37	TAAACACAAT
C21	124	45	55	ACATTAACCA
C21	39	30	40	TTAGCAACTT
C21	3	13	23	ATACAAGGTA
C21	242	13	23	TGGAACAGCT
C21	193	2	12	ATACAACAAT
C21	223	26	36	CATCACCATA
C21	215	22	32	GCATACCCAG
C21	30	31	41	ACGCAAACGA
C21	140	54	64	TAACAACACC
C21	219	19	29	AACGACAATA
C21	181	52	62	AATAACCATT
C21	243	66	76	TCCCACAAGA
C21	69	42	52	GTAACGCCAT
C21	186	16	26	CATCAACTTA
C21	115	50	60	GCAAACTCAA
C21	161	51	61	TAAACAAACA
C21	19	19	29	ATCTACAAAT
C21	233	42	52	AGTAACAGTC
C21	21	40	50	TTAACACCTA
C21	154	53	63	AGCACAAGCT
C21	222	13	23	TAAGACAATA
C21	142	9	19	CATAACACAA
C21	51	27	37	TTTAACCATA
C21	12	15	25	TTCAAACAAT
C21	167	66	76	ATCCAAGCAC
C21	84	40	50	AAACCACGAT
C21	118	36	46	ACTTGCAACT
C21	184	3	13	TTACCAACTT
C21	119	42	52	CGGTAACACT
C21	131	0	10	TACCCACTAA
C21	239	20	30	TAATACCAAA
C21	7	23	33	ATCAAACATC
C21	164	68	78	ATACAACAAT
C21	134	33	43	GTACTCAAAT
C21	106	52	62	TTAACAAATA
C21	104	5	15	TTAACCAGTA
C21	9	34	44	CTCCACAGCT
C21	238	37	47	ATACCCACAA
C21	57	12	22	AATAACCATA
C21	183	46	56	TGTACAAACT
C21	117	42	52	GAAACAATAC
C21	122	15	25	GGTAAACATG
C21	73	27	37	CATAACAAAG
C21	123	69	79	AGACAACTTC
C21	143	40	50	TCAAGTACAA
C21	249	51	61	TGAAACTCCA
C21	88	41	51	TCTACCAATT
C21	45	11	21	TTAACAACAC
C21	75	61	71	TTACAACGGG
C21	211	28	38	ATAACGCAGA
C21	92	56	66	GACCTCAAGT
C21	234	69	79	CAAACAAGTT
C21	60	71	81	TCTAACAAAT
C21	46	26	36	TTCAACAGTG
C21	50	52	62	TTACACAAGG
C21	82	69	79	GTAACCTGTA
C21	228	26	36	TAAACCAATC
C21	206	44	54	TCCAAACTTA
C21	224	29	39	CAGAACAAAT
C21	159	65	75	AACCATCCAA
C21	79	36	46	ATGAACAAAA
C21	112	39	49	AAACCCAAAG
C21	67	17	27	AGGGACAATT
C21	200	54	64	CCCCACAGTA
C21	190	58	68	ATAGACAAAA
C21	116	30	40	GAACCCAATT
C21	127	30	40	AAAACCACAT
C21	38	11	21	AAGCCCAAGA
C21	129	23	33	TATACCAAAG
C21	145	17	27	CTATACCAGA
C21	47	31	41	CAATAACAGT
C21	71	61	71	GGAACAAACA
C21	189	15	25	GATCAAACCC
C21	4	70	80	TATAACCGGT
C21	85	1	11	TTTACCAAAT
C21	8	26	36	AAGAACATTG
C21	35	58	68	ATCCCAATTG
C21	98	66	76	TTGACCCTAA
C21	23	0	10	TAGACACTCC
C21	17	25	35	AATACCTTGG
C21	197	22	32	TAGACCATTC
C21	6	0	10	TCGAAACGTA
C21	76	13	23	TCGTACAAAA
C21	241	66	76	ATAAACCTTG
C21	148	37	47	ACTACCGATG
C21	0	6	16	AAACACAGTT
C21	2	57	67	TTAAACGTTG
C21	218	39	49	TAGTCAAAAC
C21	162	53	63	GGATCAAATG
C21	107	39	49	CGGTCAAATA
C21	90	11	21	AAGCTCAAAA
C21	37	17	27	TCTCACGGTT
C21	93	18	28	GCCCCACTAC
C21	138	6	16	ATGTACCCTC
C21	165	69	79	GGAAACCCGA
C21	252	22	32	AAAGCCATAT
C21	54	64	74	AGGTTCAAAA
C21	101	50	60	TGTCAAAGTT
C21	16	2	12	AGGTCCCCCT
C22	85	49	59	GGTAGATTAA
C22	90	38	48	ATAGGATAAC
C22	77	30	40	GGTAGAATAT
C22	67	66	76	AGTAGATTAC
C22	177	24	34	TTAGAATACT
C22	238	11	21	TGAGAATAGT
C22	59	49	59	AGTGAATAGC
C22	169	50	60	TCAGGATAAT
C22	233	50	60	TCAGATTAAA
C22	230	41	51	GGTTAGAATA
C22	116	64	74	ATGAGTATTA
C22	226	52	62	CGAGATAAAC
C22	42	24	34	GTTAGATTAC
C22	179	66	76	CTAAGATTAA
C22	0	50	60	CGAGATAACG
C22	111	8	18	TGATAGAATT
C22	113	49	59	TCTAGATTAA
C22	222	50	60	TGGATAGATT
C22	97	52	62	ACAGATAACA
C22	232	32	42	TTAGGAATAA
C22	20	14	24	ATGAGTAATC
C22	11	20	30	GAGGTAATCT
C22	21	14	24	AGAAGATAAT
C22	211	8	18	AAGGATAAGT
C22	41	27	37	AGTAGAATTT
C22	212	46	56	TTAAGATTAG
C22	49	61	71	TTAAGAATTA
C22	82	8	18	TCTGAATAGC
C22	102	52	62	TCCGATAAGT
C22	160	19	29	TGAAGTATTA
C22	174	30	40	TAAGGATAAT
C22	64	70	80	TGAGTAATCT
C22	237	25	35	ACGAGTATTA
C22	157	42	52	GTTAGATAAT
C22	70	8	18	TGAAGTATGA
C22	168	25	35	TAAGATTAAG
C22	196	1	11	TTAAGATAAA
C22	213	14	24	TTAGATAATC
C22	218	10	20	ATGAAGATAC
C22	28	0	10	ATAAGATAAT
C22	193	52	62	AAGTGAATAT
C22	192	46	56	TTGAATAGTT
C22	208	49	59	AGTGGATAAT
C22	68	5	15	TTAGGAATTG
C22	123	36	46	ATTAGATTAA
C22	109	71	81	CATAGATAAA
C22	245	63	73	TTCAGATACT
C22	27	0	10	TGAGATTAAA
C22	163	33	43	ATGGATTAAT
C22	1	53	63	TTGAGTAATA
C22	182	63	73	GTGAGAATAA
C22	146	21	31	AATAGATAAT
C22	153	67	77	AGATAAGATT
C22	95	56	66	GAGGATAAAA
C22	126	52	62	TTAAGAATAA
C22	189	37	47	ATTAGAATTA
C22	60	1	11	AGTAAGATAA
C22	117	25	35	GGGATTAAAT
C22	38	16	26	CAAGATTAAT
C22	173	53	63	TTCAGATTGA
C22	241	49	59	ATAGAATAAG
C22	3	16	26	CAAGGTAATT
C22	139	21	31	CTTGATAAGT
C22	152	51	61	AGAAGTATTT
C22	122	44	54	TACGAATACA
C22	134	15	25	AGTAGAATAT
C22	50	70	80	AGTGAAATAT
C22	158	47	57	GTGGATAAAA
C22	9	17	27	TCTAGATAAT
C22	239	32	42	TGAAGAATTT
C22	202	68	78	GCGAGTTATT
C22	204	58	68	CAGAGTATAA
C22	138	39	49	ATACTGAATT
C22	40	38	48	AAGCTAATTT
C22	30	64	74	GTGATTAATC
C22	178	16	26	CCAGATAAAA
C22	243	49	59	TACAGAATTT
C22	74	37	47	TAGAAGATTT
C22	176	10	20	AATAGATTTA
C22	96	39	49	GGGTATTAAG
C22	120	65	75	CGAGTAAGAA
C22	220	56	66	GCTAGAATCC
C22	22	71	81	TCGGATTATA
C22	76	44	54	ATAGGAATTT
C22	197	16	26	GTGAATTAGA
C22	29	8	18	AATTAGATTT
C22	248	14	24	AAGCTAATTA
C22	215	0	10	GTGAGATATA
C22	14	15	25	TAGCGATTGA
C22	110	51	61	AATTGAATAT
C22	253	23	33	CCAGTAATCC
C22	87	7	17	ACAGATTGAC
C22	125	2	12	TGAGAATCAT
C22	228	47	57	TTCAGATAGT
C22	8	55	65	AGAGATACCA
C22	149	0	10	TGAAGATTAA
C22	83	7	17	TAGTTAGAAA
C22	45	67	77	AGAGATTAAA
C22	39	67	77	CTAGGATTCT
C22	154	8	18	TGTGATAATC
C22	131	62	72	TTTGATAATT
C22	32	38	48	TGCAGAATGA
C22	12	32	42	GATGGATAAA
C22	188	31	41	TCTAAGATAT
C22	79	58	68	ATTTAGATTT
C22	54	1	11	CATAGAATTT
C22	34	22	32	TAGAGAATGC
C22	73	14	24	ACTTAGATGA
C22	24	14	24	TAAGTTATTA
C22	246	22	32	ATTGATAACC
C22	80	20	30	AAAGTTAATT
C22	23	53	63	GGACGTAATT
C22	231	40	50	AAGTGAATTT
C22	180	35	45	TAGGTAAATT
C22	195	68	78	TCTGAATAGA
C22	156	58	68	TAGTGAACTT
C22	36	35	45	TCGGACAATA
C22	191	39	49	GGTGATCAAT
C22	44	31	41	AGAGATAATA
C22	33	24	34	TCTGAGTATA
C22	198	55	65	TGGTATAGAT
C22	199	40	50	AGAGATTATG
C22	115	57	67	CAAGGTATTT
C22	141	53	63	TAAGAATAAT
C22	7	3	13	AAGAGAATAT
C22	171	33	43	AGTGCTAAAT
C22	5	31	41	ACAGATGAAA
C22	69	7	17	CTGAGATTGA
C22	114	69	79	TTCGATAGTA
C22	51	51	61	GGAAGCATTA
C22	18	28	38	CTTAGATGAT
C22	112	66	76	ACTCGATAGT
C22	129	13	23	GTTGAATTAA
C22	105	71	81	CACAGAATAG
C22	107	5	15	GAGAGTATAT
C22	37	31	41	AGGAAGTAAA
C22	186	63	73	GGGGATAAAT
C22	225	40	50	ATCTGAAATT
C22	175	19	29	ATCGATAATT
C22	200	40	50	CGAGATTATA
C22	15	54	64	TGCGAATACT
C22	52	66	76	TAGATCGTTA
C22	217	3	13	AGTAGGATTT
C22	104	44	54	AAAGTTATTC
C22	25	57	67	AAGGATTGAC
C22	236	26	36	GGCAGTAAGA
C22	252	42	52	TTTGATAGAG
C22	145	71	81	AGAGAATTGG
C22	26	51	61	TGTCTAATTT
C22	53	54	64	GTTGAATAAT
C22	58	27	37	AAGCGTATCC
C22	190	25	35	AAAGCATAAG
C22	247	19	29	GTCGAAATAT
C22	187	14	24	TTTGAGTATT
C22	128	38	48	TATCGATAAA
C22	221	6	16	AGGCTAATAC
C22	227	32	42	AACAGAAATC
C22	81	40	50	AGGGCAATTA
C22	201	68	78	GAAAGTATTA
C22	254	23	33	TTGCGATATT
C22	137	31	41	AATCCGTATA
C22	106	18	28	GACGATGAAA
C22	140	20	30	TGGCATAAAG
C22	75	67	77	CGGGAATTTG
C22	205	13	23	AGTCTGAAAA
C22	183	31	41	TGGCTATAAA
C22	47	39	49	GTGCTATTAA
C22	61	60	70	AGGAGATGCA
C22	88	20	30	ATAGCGAAAA
C22	118	63	73	AGGGATGATG
C22	184	41	51	AGGGGATTTG
C23	5	7	17	TACTGTAATT
C23	171	16	26	TCGTTGTAAT
C23	75	45	55	TCTTGTATTA
C23	42	20	30	TTATGTTAGA
C23	28	32	42	TACTTGTAAA
C23	132	71	81	TATGTTAGTC
C23	48	36	46	GTAGTTGTAT
C23	155	37	47	ACTTGTTACT
C23	136	45	55	ACTTGGTAAT
C23	83	22	32	GCTTGTATTT
C23	100	14	24	AATTGTAATA
C23	241	71	81	CCTTGTTACT
C23	138	26	36	TTCTGTAATT
C23	82	27	37	ATTGTTATGT
C23	31	52	62	GTAGTTGTTA
C23	29	40	50	TGATGGTTAT
C23	106	31	41	ATCAGTTGAC
C23	232	52	62	ATGCGTTAAT
C23	234	28	38	CTTTGTATTA
C23	199	59	69	ATTGTAATTT
C23	157	39	49	CATGTTAGAT
C23	196	35	45	TCAGTTATCA
C23	251	57	67	GTAGTTGGTA
C23	50	59	69	AGGTGTTATA
C23	118	14	24	ATTTGTAATA
C23	86	14	24	TTAGTTGACT
C23	84	7	17	TCAGTTATCC
C23	166	26	36	AATTGTATTA
C23	242	53	63	TTGTAGTTAA
C23	203	35	45	TCGGTATTCA
C23	254	10	20	ATTTGTAATT
C23	185	61	71	TTCTGTAATT
C23	244	49	59	TTTGTTAGAC
C23	253	64	74	TATGGTAATG
C23	108	17	27	ATTGGTATTT
C23	197	54	64	TAGTTGTAAT
C23	178	55	65	TAGCGTTGAA
C23	78	27	37	ATACTGGTAA
C23	172	69	79	TACTGTTACC
C23	7	10	20	TATTGTTAAC
C23	52	69	79	ATCGTTAAGT
C23	207	37	47	AATGTTACTA
C23	245	71	81	CTCGTTAACT
C23	36	68	78	TAATGTAATT
C23	16	25	35	TGATTGTATT
C23	40	22	32	GATTGTCTTA
C23	140	68	78	TAAGTTATGA
C23	59	29	39	TCGTATTAAG
C23	8	10	20	ATTCGTTGAT
C23	58	19	29	TACTGTATAA
C23	97	41	51	AATGTTAATA
C23	87	67	77	TGTGTTAGTA
C23	46	32	42	AGTGTATGAC
C23	133	42	52	CCATGTTATA
C23	225	61	71	TTTGTAATTT
C23	35	71	81	TTACTTGTAA
C23	144	41	51	CTTGGTTATT
C23	143	53	63	CTAGTTATGC
C23	221	29	39	ATAGTTTATC
C23	180	0	10	AGTGTTGACA
C23	201	30	40	ATAGTTGACA
C23	147	25	35	CCAGTATTGT
C23	187	46	56	ATAGTGTATT
C23	170	35	45	AACTGTAATG
C23	95	4	14	TTGGTTAGCC
C23	135	51	61	TTATGTAATA
C23	99	60	70	ATCTGGTATA
C23	204	20	30	TACTGTATGT
C23	152	10	20	TTGGTTACGT
C23	127	14	24	TAATGTAATA
C23	250	46	56	TGAGTGTTAT
C23	163	64	74	TTGGTTATTA
C23	94	1	11	TATGTTAATA
C23	239	59	69	TTCAGTATTA
C23	113	8	18	AACGTTGACA
C23	19	64	74	TATTGTAATG
C23	236	4	14	AATTGTTAAA
C23	116	39	49	TGATAGTTAT
C23	51	14	24	TAACGTTAAT
C23	109	15	25	ATTTGTACAA
C23	67	49	59	TATCGTATTA
C23	23	54	64	GACGTAATTA
C23	104	0	10	TGTTGTTAAC
C23	63	17	27	AAGTGGTAAA
C23	255	33	43	GTTTGTATGG
C23	80	49	59	TACGTAATCT
C23	146	52	62	ACATTGTACA
C23	173	8	18	TTGTAAGTTG
C23	238	66	76	TTCAAGTTAT
C23	154	5	15	CCTTGTGATA
C23	210	24	34	ACATGTTATT
C23	181	3	13	AATGTAACTG
C23	111	1	11	TTCTGTATGA
C23	61	26	36	TTTGTAATTG
C23	231	66	76	TAATGTAGTA
C23	122	20	30	ACATGTTATA
C23	103	7	17	TATGTCTAAT
C23	3	46	56	TGCAGTTATT
C23	215	64	74	AATCGTTATT
C23	246	71	81	CATGTTCAAT
C23	11	27	37	TCTGTATGTT
C23	218	25	35	TTTGGTTATT
C23	121	5	15	CAAGTTGAAA
C23	71	19	29	CATGGTAAAT
C23	139	45	55	TTAGTTGAAT
C23	164	36	46	TTGCGTATCT
C23	160	39	49	TCTGTATAGT
C23	76	8	18	CTTGTTCGTA
C23	240	49	59	TTCGTATTCA
C23	10	43	53	GAATGTCTAA
C23	198	52	62	TTGTGGTATA
C23	96	37	47	TAGGGTATTA
C23	214	44	54	CATGTTTAAG
C23	156	57	67	GTAGTGAACT
C23	243	44	54	TACGTTACAG
C23	72	9	19	GTACGTTAAA
C23	30	62	72	ATGTGATTAA
C23	14	60	70	ATCTGTATAA
C23	192	49	59	AATAGTTTGA
C23	45	40	50	TACCGTTATA
C23	183	43	53	ATTTGTACAA
C23	222	34	44	TGGTTGTTTA
C23	247	68	78	AATAGTTGAA
C23	202	56	66	TTATGTAAAG
C23	134	29	39	CTTGGTACTC
C23	193	15	25	GTGCGTTAAA
C23	38	0	10	ATAGTGGTTT
C23	24	58	68	TACTGTACTT
C23	114	5	15	ATTGGTGAAT
C23	161	65	75	AATGGTTATT
C23	73	50	60	ATTCGTTATT
C23	115	58	68	AAGGTATTTC
C23	6	4	14	AACGTAATGC
C23	53	50	60	ACCTGTTGAA
C23	26	49	59	TATGTCTAAT
C23	209	18	28	TTCAAGTTAT
C23	56	59	69	CCATGTTTAT
C23	92	60	70	TCAAGTTAAA
C23	167	46	56	AGCGTGTTTA
C23	227	21	31	TATTGTATAT
C23	69	36	46	ATGTTTGTAA
C23	9	10	20	AGCCGTATCT
C23	220	12	22	GTATTGTACA
C23	213	2	12	ATTTGTATGC
C23	219	37	47	TTTTGTACTA
C23	179	9	19	GGTTTAGTTT
C23	208	47	57	TGAGTGGATA
C23	43	66	76	GGAGTTGTGA
C23	123	6	16	TCTTTGTATA
C23	57	42	52	ATACGTTAAT
C23	151	7	17	TTCGGTTATT
C23	20	0	10	TTTGTTATAT
C23	162	38	48	TTTGTACAAT
C23	85	16	26	GTTTGTTGAG
C23	150	33	43	ATGTTGTATT
C23	248	0	10	ATGGTAATAA
C23	117	33	43	ATTAGTTTAG
C23	49	28	38	TCACGTAAAT
C23	191	38	48	TGGTGATCAA
C23	70	66	76	GATGGTTTAC
C23	175	30	40	TTCTTGTAAA
C23	101	3	13	GCGTGTAAAT
C23	32	27	37	CATGTTTAAA
C23	223	38	48	ATTGGTTTAA
C23	0	9	19	CACAGTTAAT
C23	65	67	77	TTTTGTAAAT
C23	129	10	20	TGTGTTGAAT
C23	120	35	45	GATTGTCAAA
C23	15	71	81	AGGGTTAAGT
C23	145	9	19	GACCTGTACT
C23	21	55	65	CATGGTCTTT
C23	125	46	56	TGGTGATACT
C23	1	66	76	ATGGTGTAAA
C23	98	8	18	TTACGTTATT
C23	158	45	55	TTGTGGATAA
C23	102	63	73	GAGTTGCTGA
C23	168	62	72	CTAGGTACAT
C23	230	53	63	TGTGTAATAT
C23	137	32	42	ATCCGTATAG
C23	169	0	10	ATCGGTGTTT
C23	194	24	34	TTGACGTAAA
C23	112	7	17	AGTAGTTTAT
C23	91	13	23	TACGTGCTTT
C23	119	41	51	TCGGTAACAC
C23	2	59	69	AAACGTTGAC
C23	54	63	73	TAGGTTCAAA
C23	212	17	27	CCAGTAGTAT
C23	47	14	24	ATAGTGTTTT
C23	182	59	69	ATTTGTGAGA
C23	148	1	11	TTACGTAAAT
C23	90	0	10	TGTGTTTTAT
C23	33	48	58	ATGTGGTTTA
C23	235	67	77	ATGTAGTCTA
C23	107	46	56	ATATGTAAAA
C23	200	57	67	CACAGTAAGA
