motif	sequence_index	start0	end0	fragment
C00	128	64	74	AATAAATTAT
C00	230	22	32	AAAAAATTAT
C00	204	58	68	ACCAAATTAT
C00	166	16	26	ACGAAATTAT
C00	232	39	49	AATCAATTAT
C00	254	69	79	AAATAATTAT
C00	34	41	51	AAGTAATTAT
C00	101	33	43	AACCAATTAT
C00	13	46	56	AGTAAATCAT
C00	53	5	15	CCACAATTAT
C00	228	43	53	AGTTAATCAT
C00	47	38	48	CACAAATTAT
C00	122	47	57	TCTCAATTAT
C00	90	24	34	ATTCAATTAT
C00	75	1	11	ATTTAATTAT
C00	153	43	53	ATTTAATTAT
C00	208	57	67	AGTGAATTTT
C00	66	57	67	GGATAATTAT
C00	1	67	77	AATAAATGAT
C00	114	39	49	AGATAATTCT
C00	73	59	69	ACACAAGTAT
C00	68	25	35	GAAAAATTAT
C00	175	36	46	GAAAAATTAT
C00	141	69	79	ATGTAATTAT
C00	234	29	39	AGGAGATTAT
C00	83	50	60	ATAGAATTAT
C00	240	65	75	AATAAATTCT
C00	18	31	41	CCCCAGTTAT
C00	253	43	53	AATTAATCAT
C00	162	24	34	AAAAAATTCT
C00	62	65	75	GAACAATTAT
C00	199	23	33	AAACAATGAT
C00	155	37	47	AGCTAAGTAT
C00	41	29	39	ACAAAATGAT
C00	87	22	32	ACACAATAAT
C00	221	30	40	ACTAAACTAT
C00	192	38	48	AATCAATCAT
C00	25	54	64	AATAAAGTAT
C00	238	49	59	AATTAATTCT
C00	233	65	75	AGAAAATAAT
C00	86	29	39	AGTTAATAAT
C00	206	45	55	CATCAATTAT
C00	218	23	33	TGAAAATTAT
C00	82	26	36	CGCGAATTTT
C00	184	23	33	CGCGAATAAT
C00	24	42	52	ACTTAACTAT
C00	79	21	31	CCCTAATCAT
C00	117	45	55	AATCAATTGT
C00	171	14	24	TGCAAATTAT
C00	123	43	53	GGTAAATCAT
C00	35	46	56	AGTTACTTAT
C00	151	32	42	ATTAAATGAT
C00	69	40	50	AATAAATTTT
C00	8	58	68	ATCAAATCAT
C00	239	59	69	AGCTAATTGT
C00	97	36	46	AAAGAGTTAT
C00	138	67	77	TAAAAATTAT
C00	26	29	39	AAAAAATTTT
C00	116	64	74	AAAAAATTTT
C00	134	22	32	ATAAAATGAT
C00	213	20	30	ATAAAATGAT
C00	44	60	70	AATTAATTTT
C00	115	47	57	AATTAATAAT
C00	143	58	68	AAATAACTAT
C00	229	14	24	AAGAAATAAT
C00	45	8	18	TAGCAATTAT
C00	167	7	17	GGTTAAGTAT
C00	14	51	61	ACAAAATAAT
C00	169	23	33	AATGAATTTT
C00	145	11	21	TAATAATTAT
C00	181	64	74	TAATAATTAT
C00	170	15	25	ACTTAATAAT
C00	4	43	53	AGTAAAATAT
C00	210	51	61	AGTAAAATAT
C00	222	21	31	AGTAAAATAT
C00	245	67	77	TAACAATTAT
C00	27	10	20	AATCAATTTT
C00	98	53	63	AAATAATTTT
C00	224	60	70	AAATAATTTT
C00	84	19	29	GGGAAATAAT
C00	113	45	55	ACCTAATAAT
C00	118	66	76	ACGAAATAAT
C00	52	62	72	AACTCATTAT
C00	180	38	48	AATGAATAAT
C00	111	57	67	ACAAAAGTGT
C00	127	12	22	AAGTAATAAT
C00	176	14	24	AATCGATTAT
C00	106	14	24	AAAAAGTTAT
C00	48	27	37	AAAACATTAT
C00	120	27	37	AAAACATTAT
C00	209	12	22	CTTTAATTAT
C00	0	14	24	CTTTAATTAT
C00	177	3	13	ACCGAATGAT
C00	244	23	33	ACGTAATTTT
C00	104	40	50	AAATCATTAT
C00	235	67	77	GATAAATTCT
C00	137	21	31	AATAAAATAT
C00	142	30	40	AATAAAATAT
C00	242	37	47	AATAAAATAT
C00	5	27	37	ACCCTATTAT
C00	188	31	41	AGAAGATCAT
C00	30	41	51	GGTAAATAAT
C00	131	69	79	ATTAAATAAT
C00	212	1	11	ACATAACTCT
C00	63	20	30	AGGCAATCAT
C00	20	1	11	ATAAAACTAT
C00	19	36	46	CTCTAATTCT
C00	173	45	55	GAATAACTAT
C00	105	52	62	CATAAATCAT
C00	215	30	40	CGCTCATTAT
C00	12	21	31	CAACAATGAT
C00	36	6	16	TTCAAATTAT
C00	158	23	33	TTCAAATTAT
C00	211	55	65	TTCAAATTAT
C00	56	40	50	TTTTAATTAT
C00	241	1	11	AGCGCATTTT
C00	186	58	68	TCAGAATTAT
C00	197	43	53	ATAGAAGTAT
C00	205	49	59	ATTAGATTAT
C00	220	56	66	GACTAATTAT
C00	39	9	19	ATTCAATAAT
C00	200	45	55	ATAAGATTAT
C00	21	66	76	ATTGAATTTT
C00	132	41	51	ATTCAAGTGT
C00	64	68	78	AGATAAGTTT
C00	42	0	10	AAGGAGTTCT
C00	32	59	69	TATAAATTCT
C00	107	66	76	TATAAATTCT
C00	223	54	64	TATAAATTCT
C00	148	21	31	ATGAAACTCT
C00	17	40	50	AAACAACGAT
C00	196	3	13	CGAAAATAAT
C00	252	15	25	GATTAATAAT
C00	190	4	14	GCATAATCAT
C00	255	48	58	GCATAATCAT
C00	202	26	36	ATACACTTAT
C00	135	13	23	GTTAAACTAT
C00	207	29	39	AATTAATCTT
C00	133	12	22	ATAAAACTCT
C00	11	31	41	ATAACATTAT
C00	43	58	68	ATAACATTAT
C00	251	1	11	GTTTAATGAT
C00	77	58	68	TAAAAATCAT
C00	108	1	11	CTCAAATTTT
C00	243	46	56	CTCAAATTTT
C00	15	71	81	TACCAATCAT
C00	96	59	69	AGTTAACGCT
C00	227	59	69	ACAGCATTAT
C00	40	53	63	ACATAACGAT
C00	80	39	49	AGTAAACTTT
C00	231	11	21	GTTTAATCAT
C00	161	47	57	AGCTCATTTT
C00	214	20	30	AATCAATCTT
C00	95	13	23	GCAAAATAAT
C00	54	36	46	TTGGAATTAT
C00	159	31	41	GATTAGTTAT
C00	160	40	50	TGTTAATTTT
C00	93	5	15	AGTTCATAAT
C00	74	16	26	TGTTAATAAT
C00	147	21	31	TCAAAACTAT
C00	183	64	74	AATTAAGTTT
C00	144	38	48	AAAAAAGTTT
C00	37	45	55	TATTAAGTAT
C00	22	9	19	AATAAATAGT
C00	38	55	65	AATAAACTTT
C00	29	19	29	ACACGATTTT
C00	191	4	14	AGAACATTTT
C00	46	40	50	TGAAAATTGT
C00	201	31	41	AGAAACTTTT
C00	126	59	69	AACTAAGAAT
C00	57	3	13	AATCAATACT
C00	193	69	79	AATAAATATT
C00	81	22	32	ACTTAAGTTT
C00	249	48	58	ACGAACTTCT
C00	78	29	39	AGTTACCTAT
C00	217	4	14	ACTTAGGTAT
C00	219	17	27	AGGAAAGCGT
C00	125	56	66	TATTAATAAT
C00	94	51	61	AGGATATTCT
C00	28	63	73	ACGAAATTAG
C00	65	57	67	AAACAATACT
C00	178	9	19	TAGAAACTAT
C00	225	52	62	TAGAAACTAT
C00	168	4	14	AAATAACTTT
C00	136	33	43	GAATAACGAT
C00	130	55	65	AGTAAAATGT
C00	195	56	66	AGAAAATCAG
C00	182	16	26	AGGGTATGAT
C00	61	12	22	GCTGAACTCT
C00	146	5	15	AATGAACAAT
C00	179	40	50	ACTAAAATCT
C00	49	40	50	GAATAATGGT
C00	89	37	47	AAACCAGTGT
C00	31	14	24	TATTCATTAT
C00	7	1	11	AACGAATATT
C00	157	21	31	TATTGATTAT
C00	124	59	69	TAGCAATAAT
C00	248	2	12	GAATAATCCT
C00	246	45	55	ACAAACTGAT
C00	100	15	25	CAAAACTTAT
C00	59	0	10	TAAAAGTTAT
C00	6	65	75	TAGCAATTTT
C00	226	19	29	ACTTAAATGT
C00	88	3	13	AATCCATAAT
C00	129	1	11	CTTCAATTGT
C00	72	44	54	AATTACTAAT
C00	102	70	80	CCTTGATTCT
C00	165	58	68	CAAAAAATAT
C00	172	38	48	TAACCATTAT
C00	185	55	65	CTAAAATCCT
C00	247	57	67	TAAAACTTAT
C00	91	71	81	AATGAAACAT
C00	70	40	50	CTTTAACTAT
C00	203	2	12	TATGGATTAT
C00	60	48	58	AGTAATGTAT
C00	189	33	43	CTAAAGTTAT
C00	156	55	65	ACAGATTTAT
C00	194	60	70	AGTTCATGCT
C00	99	17	27	ATAGTATTAT
C00	119	0	10	AGAAAATGAA
C00	152	3	13	TGGAAGTTAT
C00	149	48	58	GGAGAAATTT
C00	85	70	80	ACATCACTCT
C00	250	38	48	ATAGGATGAT
C00	198	20	30	TGAAAATGGT
C00	216	70	80	AACTCAGGAT
C00	33	27	37	AATAAACCTT
C00	16	0	10	TGAATATTAT
C00	236	33	43	AAAAAATGCG
C00	187	23	33	TCATACTTAT
C00	109	0	10	TTTTCATTAT
C00	2	7	17	CGATATTTAT
C00	23	69	79	GAGCGAATAT
C00	121	40	50	ACATCAATAT
C00	140	48	58	GCCGCATTAT
C00	71	47	57	TTATCATTAT
C00	139	19	29	GCGCTATTAC
C00	163	24	34	CCAAACTGAT
C00	10	22	32	CTACGAGTAT
C00	76	10	20	ACATCAGCAT
C00	110	63	73	GTCGAATTTT
C00	67	60	70	GATTAAGTCT
C00	103	27	37	TCGAAGTAAT
C00	51	51	61	AAGGAAGGCT
C00	9	71	81	TATCTATGAT
C00	164	12	22	AATACGGTAT
C00	112	7	17	AGTAAATAGC
C00	174	27	37	TATTAAGTCT
C00	237	25	35	CAAAAATCAG
C00	150	15	25	GCTTAATTTG
C00	92	3	13	AGCGAACTGG
C00	55	56	66	TCGAAATCGG
C01	0	32	42	ACATATAATT
C01	6	49	59	ACATATAATT
C01	7	43	53	ACATATAATT
C01	10	10	20	ACATATAATT
C01	14	26	36	ACATATAATT
C01	19	6	16	ACATATAATT
C01	21	15	25	ACATATAATT
C01	23	41	51	ACATATAATT
C01	28	8	18	ACATATAATT
C01	29	37	47	ACATATAATT
C01	30	16	26	ACATATAATT
C01	33	38	48	ACATATAATT
C01	36	71	81	ACATATAATT
C01	38	27	37	ACATATAATT
C01	40	12	22	ACATATAATT
C01	41	47	57	ACATATAATT
C01	42	67	77	ACATATAATT
C01	45	20	30	ACATATAATT
C01	47	14	24	ACATATAATT
C01	49	14	24	ACATATAATT
C01	51	33	43	ACATATAATT
C01	52	46	56	ACATATAATT
C01	55	46	56	ACATATAATT
C01	56	62	72	ACATATAATT
C01	58	64	74	ACATATAATT
C01	61	56	66	ACATATAATT
C01	63	54	64	ACATATAATT
C01	66	7	17	ACATATAATT
C01	69	11	21	ACATATAATT
C01	70	7	17	ACATATAATT
C01	71	29	39	ACATATAATT
C01	72	62	72	ACATATAATT
C01	75	30	40	ACATATAATT
C01	76	65	75	ACATATAATT
C01	80	16	26	ACATATAATT
C01	82	59	69	ACATATAATT
C01	83	9	19	ACATATAATT
C01	84	40	50	ACATATAATT
C01	86	10	20	ACATATAATT
C01	88	61	71	ACATATAATT
C01	89	24	34	ACATATAATT
C01	95	28	38	ACATATAATT
C01	99	64	74	ACATATAATT
C01	101	19	29	ACATATAATT
C01	103	10	20	ACATATAATT
C01	104	29	39	ACATATAATT
C01	105	11	21	ACATATAATT
C01	108	19	29	ACATATAATT
C01	110	53	63	ACATATAATT
C01	111	42	52	ACATATAATT
C01	113	23	33	ACATATAATT
C01	114	3	13	ACATATAATT
C01	118	40	50	ACATATAATT
C01	119	35	45	ACATATAATT
C01	120	45	55	ACATATAATT
C01	123	21	31	ACATATAATT
C01	125	36	46	ACATATAATT
C01	131	17	27	ACATATAATT
C01	132	69	79	ACATATAATT
C01	134	37	47	ACATATAATT
C01	135	55	65	ACATATAATT
C01	136	17	27	ACATATAATT
C01	137	39	49	ACATATAATT
C01	142	42	52	ACATATAATT
C01	143	44	54	ACATATAATT
C01	148	4	14	ACATATAATT
C01	150	25	35	ACATATAATT
C01	151	10	20	ACATATAATT
C01	154	29	39	ACATATAATT
C01	155	18	28	ACATATAATT
C01	156	29	39	ACATATAATT
C01	160	19	29	ACATATAATT
C01	163	37	47	ACATATAATT
C01	166	58	68	ACATATAATT
C01	169	70	80	ACATATAATT
C01	172	54	64	ACATATAATT
C01	174	45	55	ACATATAATT
C01	189	51	61	ACATATAATT
C01	191	47	57	ACATATAATT
C01	192	24	34	ACATATAATT
C01	194	9	19	ACATATAATT
C01	200	61	71	ACATATAATT
C01	201	46	56	ACATATAATT
C01	204	40	50	ACATATAATT
C01	205	65	75	ACATATAATT
C01	206	65	75	ACATATAATT
C01	211	13	23	ACATATAATT
C01	212	56	66	ACATATAATT
C01	214	9	19	ACATATAATT
C01	215	14	24	ACATATAATT
C01	216	57	67	ACATATAATT
C01	217	25	35	ACATATAATT
C01	221	9	19	ACATATAATT
C01	222	11	21	ACATATAATT
C01	228	23	33	ACATATAATT
C01	230	41	51	ACATATAATT
C01	231	50	60	ACATATAATT
C01	234	44	54	ACATATAATT
C01	237	64	74	ACATATAATT
C01	240	22	32	ACATATAATT
C01	241	60	70	ACATATAATT
C01	244	55	65	ACATATAATT
C01	245	42	52	ACATATAATT
C01	247	12	22	ACATATAATT
C01	248	27	37	ACATATAATT
C01	251	64	74	ACATATAATT
C01	253	37	47	ACATATAATT
C01	255	60	70	ACATATAATT
C01	3	45	55	ACATATAATC
C01	11	47	57	ACATATAATC
C01	59	49	59	ACATATAATC
C01	62	39	49	ACATATAATC
C01	74	71	81	ACATATAATC
C01	79	36	46	ACATATAATC
C01	90	8	18	ACATATAATC
C01	94	67	77	ACATATAATC
C01	106	64	74	ACATATAATC
C01	117	39	49	ACATATAATC
C01	128	24	34	ACATATAATC
C01	129	48	58	ACATATAATC
C01	144	14	24	ACATATAATC
C01	149	59	69	ACATATAATC
C01	152	55	65	ACATATAATC
C01	158	8	18	ACATATAATC
C01	168	47	57	ACATATAATC
C01	170	60	70	ACATATAATC
C01	177	41	51	ACATATAATC
C01	180	66	76	ACATATAATC
C01	185	41	51	ACATATAATC
C01	186	50	60	ACATATAATC
C01	196	24	34	ACATATAATC
C01	197	55	65	ACATATAATC
C01	210	25	35	ACATATAATC
C01	218	52	62	ACATATAATC
C01	220	5	15	ACATATAATC
C01	232	33	43	ACATATAATC
C01	250	10	20	ACATATAATC
C01	252	69	79	ACATATAATC
C01	254	37	47	ACATATAATC
C01	1	61	71	ACATATAATA
C01	2	50	60	ACATATAATA
C01	4	23	33	ACATATAATA
C01	5	39	49	ACATATAATA
C01	8	15	25	ACATATAATA
C01	12	47	57	ACATATAATA
C01	13	9	19	ACATATAATA
C01	16	20	30	ACATATAATA
C01	17	62	72	ACATATAATA
C01	20	41	51	ACATATAATA
C01	22	21	31	ACATATAATA
C01	27	50	60	ACATATAATA
C01	31	6	16	ACATATAATA
C01	32	46	56	ACATATAATA
C01	34	6	16	ACATATAATA
C01	35	69	79	ACATATAATA
C01	39	29	39	ACATATAATA
C01	43	12	22	ACATATAATA
C01	46	4	14	ACATATAATA
C01	50	13	23	ACATATAATA
C01	53	64	74	ACATATAATA
C01	54	70	80	ACATATAATA
C01	57	31	41	ACATATAATA
C01	64	32	42	ACATATAATA
C01	67	28	38	ACATATAATA
C01	68	65	75	ACATATAATA
C01	73	47	57	ACATATAATA
C01	78	50	60	ACATATAATA
C01	85	17	27	ACATATAATA
C01	92	62	72	ACATATAATA
C01	96	13	23	ACATATAATA
C01	97	4	14	ACATATAATA
C01	98	37	47	ACATATAATA
C01	100	61	71	ACATATAATA
C01	102	22	32	ACATATAATA
C01	107	14	24	ACATATAATA
C01	109	25	35	ACATATAATA
C01	112	58	68	ACATATAATA
C01	115	12	22	ACATATAATA
C01	116	52	62	ACATATAATA
C01	121	14	24	ACATATAATA
C01	122	18	28	ACATATAATA
C01	124	41	51	ACATATAATA
C01	126	9	19	ACATATAATA
C01	127	43	53	ACATATAATA
C01	130	67	77	ACATATAATA
C01	139	43	53	ACATATAATA
C01	145	6	16	ACATATAATA
C01	146	40	50	ACATATAATA
C01	147	36	46	ACATATAATA
C01	153	13	23	ACATATAATA
C01	157	60	70	ACATATAATA
C01	159	10	20	ACATATAATA
C01	162	48	58	ACATATAATA
C01	164	45	55	ACATATAATA
C01	165	38	48	ACATATAATA
C01	167	56	66	ACATATAATA
C01	173	16	26	ACATATAATA
C01	176	43	53	ACATATAATA
C01	178	44	54	ACATATAATA
C01	179	31	41	ACATATAATA
C01	181	11	21	ACATATAATA
C01	182	45	55	ACATATAATA
C01	183	4	14	ACATATAATA
C01	184	38	48	ACATATAATA
C01	187	11	21	ACATATAATA
C01	188	44	54	ACATATAATA
C01	190	54	64	ACATATAATA
C01	193	63	73	ACATATAATA
C01	195	33	43	ACATATAATA
C01	198	60	70	ACATATAATA
C01	199	59	69	ACATATAATA
C01	203	51	61	ACATATAATA
C01	207	57	67	ACATATAATA
C01	208	4	14	ACATATAATA
C01	209	71	81	ACATATAATA
C01	213	56	66	ACATATAATA
C01	219	60	70	ACATATAATA
C01	223	71	81	ACATATAATA
C01	225	21	31	ACATATAATA
C01	227	19	29	ACATATAATA
C01	233	7	17	ACATATAATA
C01	235	6	16	ACATATAATA
C01	236	71	81	ACATATAATA
C01	238	68	78	ACATATAATA
C01	242	49	59	ACATATAATA
C01	243	57	67	ACATATAATA
C01	246	68	78	ACATATAATA
C01	9	35	45	ACATATAATG
C01	15	28	38	ACATATAATG
C01	18	70	80	ACATATAATG
C01	24	19	29	ACATATAATG
C01	25	39	49	ACATATAATG
C01	37	29	39	ACATATAATG
C01	44	14	24	ACATATAATG
C01	48	46	56	ACATATAATG
C01	60	30	40	ACATATAATG
C01	65	4	14	ACATATAATG
C01	77	44	54	ACATATAATG
C01	81	37	47	ACATATAATG
C01	87	50	60	ACATATAATG
C01	91	65	75	ACATATAATG
C01	93	69	79	ACATATAATG
C01	133	52	62	ACATATAATG
C01	138	11	21	ACATATAATG
C01	140	33	43	ACATATAATG
C01	141	58	68	ACATATAATG
C01	161	62	72	ACATATAATG
C01	171	6	16	ACATATAATG
C01	175	56	66	ACATATAATG
C01	202	16	26	ACATATAATG
C01	224	14	24	ACATATAATG
C01	226	55	65	ACATATAATG
C01	229	27	37	ACATATAATG
C01	249	60	70	ACATATAATG
C01	239	53	63	ACAGTTAGCT
C02	64	36	46	ATAATAATTA
C02	145	10	20	ATAATAATTA
C02	173	20	30	ATAATAATTA
C02	233	70	80	ATAATAATTA
C02	255	50	60	ATAATCATTG
C02	113	50	60	ATAATAATTT
C02	119	11	21	ATAATAATTT
C02	139	47	57	ATAATAATTT
C02	248	37	47	ATAATAATTT
C02	194	13	23	ATAATTATTA
C02	74	3	13	ATAATAGTTA
C02	98	41	51	ATAATAGTTA
C02	164	49	59	ATAATAGTTA
C02	3	49	59	ATAATCATTT
C02	85	21	31	ATAATACTTA
C02	96	48	58	ATAATACTTA
C02	181	15	25	ATAATACTTA
C02	6	53	63	ATAATTATTT
C02	15	32	42	ATAATGATTG
C02	184	28	38	ATAATGATTG
C02	120	6	16	ATAGTGATTC
C02	126	13	23	ATAATAAGTA
C02	162	55	65	ATAATGGTTA
C02	36	14	24	ATAATGGTTC
C02	123	69	79	ATAATTGTTA
C02	129	52	62	ATAATCCTTA
C02	114	41	51	ATAATTCTTC
C02	115	16	26	ATAATACTTT
C02	130	71	81	ATAATATTTA
C02	190	58	68	ATAATATTTA
C02	46	8	18	ATAATATTTC
C02	124	48	58	ATAATCACTT
C02	4	27	37	ATAATAAGTT
C02	87	24	34	ACAATAATTC
C02	86	34	44	ATAATAATCA
C02	22	7	17	ATAATAAATA
C02	193	67	77	ATAATAAATA
C02	214	54	64	ATAATAAATA
C02	211	17	27	ATAATTAGTA
C02	222	15	25	ATAATTAGTA
C02	14	30	40	ATAATTGTTG
C02	72	39	49	ACAATAATTA
C02	136	21	31	ATAATTACTA
C02	192	28	38	ATAATTGTTT
C02	231	54	64	ATAATTGTTT
C02	244	59	69	ATAATTGTTT
C02	226	59	69	ATAATGTTTA
C02	13	13	23	ATAATATTTG
C02	95	18	28	ATAATATTTG
C02	178	34	44	ATAATATTTG
C02	94	71	81	ATAATCAATG
C02	27	54	64	ATAATATTTT
C02	156	42	52	ATAATAAATC
C02	69	15	25	ATAATTTTTA
C02	206	69	79	ATAATTTTTA
C02	251	68	78	ATAATTTTTA
C02	143	33	43	AGAATAATTT
C02	1	65	75	ATAATAAATG
C02	182	49	59	ATAATAAATG
C02	196	5	15	AAAATAATTA
C02	20	31	41	AGAATTATTG
C02	224	62	72	ATAATTTTTC
C02	127	47	57	ATAATAGGTA
C02	232	6	16	ATAATAGCTA
C02	245	66	76	ATAACAATTA
C02	92	66	76	ATAATAATCT
C02	203	55	65	ATAATAATCT
C02	25	43	53	ATAATGAATA
C02	48	50	60	ATAATGAATA
C02	180	36	46	ATAATGAATA
C02	30	46	56	ATAATAATAC
C02	93	35	45	ATAATTGGTG
C02	90	70	80	ATAATAAATT
C02	128	62	72	ATAATAAATT
C02	175	60	70	ATAATGCGTA
C02	199	25	35	ACAATGATTT
C02	105	15	25	ATAATTAATA
C02	240	26	36	ATAATTAATA
C02	65	43	53	ACAATAATTT
C02	89	28	38	ATAATTCTCA
C02	249	64	74	ATAATGTTTT
C02	170	64	74	ATAATCTTTT
C02	84	29	39	ATAAGAATTT
C02	99	30	40	ATAATTACTT
C02	142	61	71	ATAATTACTT
C02	50	42	52	GTAATAATTT
C02	49	42	52	ATAATGGTGA
C02	202	20	30	ATAATGATAC
C02	43	2	12	ATAACAATTG
C02	186	60	70	AGAATTATTT
C02	141	71	81	GTAATTATTA
C02	146	44	54	ATAATAATAT
C02	217	15	25	AAAATAATTG
C02	79	26	36	ATCATAATTG
C02	61	68	78	ATAATTAATC
C02	253	41	51	ATAATTAATC
C02	131	63	73	AAAATCATTA
C02	183	8	18	ATAATAGATA
C02	10	30	40	ATAATAGTGT
C02	102	26	36	ATAATAGTGT
C02	83	13	23	ATAATTATGA
C02	82	63	73	ATAATTATAA
C02	33	56	66	ATAAGTATTC
C02	177	14	24	ATAAGTATTC
C02	213	22	32	AAAATGATTC
C02	144	18	28	ATAATCATGA
C02	117	43	53	ATAATCAATT
C02	150	29	39	ATAATTATCG
C02	168	51	61	ATAATCTCTA
C02	71	49	59	ATCATTATTA
C02	230	24	34	AAAATTATTA
C02	219	64	74	ATAATAAGTC
C02	149	63	73	ATAATCCCTT
C02	37	33	43	ATAATGAATT
C02	97	23	33	AGAGTAATTA
C02	241	33	43	ATAATGCGTT
C02	39	65	75	ATAATTGGTA
C02	40	55	65	ATAACGATTC
C02	44	58	68	ATAATTAATT
C02	108	23	33	ATAATTAATT
C02	238	47	57	ATAATTAATT
C02	235	29	39	ATTATAATTA
C02	250	14	24	ATAATCACCA
C02	125	58	68	TTAATAATTA
C02	252	17	27	TTAATAATTA
C02	53	68	78	ATAATACATA
C02	31	13	23	ATATTCATTA
C02	24	23	33	ATAATGATAT
C02	12	6	16	ATAGTTATTT
C02	133	56	66	ATAATGCTCG
C02	62	67	77	ACAATTATTT
C02	45	24	34	ATAATTTGTG
C02	116	56	66	ATAATAGTAA
C02	66	59	69	ATAATTATAG
C02	254	71	81	ATAATTATAG
C02	179	35	45	ATAATACTAA
C02	225	25	35	ATAATACTAA
C02	77	60	70	AAAATCATTT
C02	106	54	64	AAAATTATTG
C02	243	61	71	ATAATAGATT
C02	7	47	57	ATAATTATAT
C02	38	31	41	ATAATTATAT
C02	197	59	69	ATAATCATAC
C02	57	35	45	ATAATAGTAC
C02	73	51	61	ATAATAGTAC
C02	147	45	55	ATAGTGTTTA
C02	163	60	70	ATAAAGATTC
C02	138	15	25	ATAATGCATA
C02	104	42	52	ATCATTATTT
C02	234	34	44	ATTATAATTG
C02	153	51	61	ATAATCACAC
C02	210	7	17	ATAAGTACTC
C02	103	58	68	ATAAAAATTT
C02	132	1	11	TTAATCATTA
C02	76	69	79	ATAATTAGAG
C02	229	51	61	AGAATAAATG
C02	167	15	25	ATAAATATTA
C02	107	18	28	ATAATATATA
C02	242	53	63	ATAATAAGGA
C02	151	26	36	TTAATTATTA
C02	63	25	35	ATCATTACTC
C02	88	17	27	ATAGTCATTC
C02	80	20	30	ATAATTTGTA
C02	118	71	81	ATAATTTGTA
C02	201	50	60	ATAATTTGTA
C02	81	41	51	ATAATGGTAA
C02	59	53	63	ATAATCGATT
C02	29	41	51	ATAATTCATC
C02	140	56	66	ATAAGATTTC
C02	2	54	64	ATAATAAGCT
C02	174	10	20	ATAATACTAT
C02	198	64	74	ATAATACTAT
C02	228	48	58	ATCATTCTTA
C02	134	27	37	ATGATAGTTG
C02	160	23	33	ATAATTGATT
C02	5	43	53	ATAATATTCT
C02	109	29	39	ATAATATTCT
C02	21	36	46	ATACTCTTTA
C02	187	15	25	ATAATACGTC
C02	112	62	72	ATAATATATG
C02	236	47	57	ATTATCATTT
C02	176	47	57	ATAATATCTG
C02	28	12	22	ATAATTCATG
C02	135	29	39	ATGATACTTT
C02	34	49	59	ATAGTTGTTT
C02	207	61	71	ATAATATTAC
C02	122	60	70	ATCATATTTC
C02	32	50	60	ATAATATATT
C02	157	64	74	ATAATATATT
C02	189	5	15	ATAATATATT
C02	195	37	47	ATAATATATT
C02	75	34	44	ATAATTCATT
C02	58	68	78	ATAATTTGTT
C02	17	66	76	ATAATAAAAA
C02	227	23	33	ATAATAAAAA
C02	204	24	34	ATAGTATTTT
C02	218	56	66	ATAATCCTAC
C02	154	33	43	ATAATTGTAG
C02	11	51	61	ATAATCTTCT
C02	42	71	81	ATAATTCTAG
C02	51	37	47	ATAATTCTAG
C02	166	62	72	ATAATTCTAG
C02	220	9	19	ATAATCCTGA
C02	8	19	29	ATAATAACAT
C02	172	58	68	ATAATTTTCG
C02	155	22	32	ATAATTACCT
C02	215	18	28	ATAATTACCT
C02	239	30	40	AAAATACTCA
C02	185	45	55	ATAATCTATT
C02	91	33	43	ATCATATTTT
C02	41	37	47	ATAGTATTTG
C02	221	38	48	ATAATCAAAA
C02	137	15	25	ATATTAAATA
C02	161	66	76	ATAATGAAAA
C02	165	42	52	ATAATAGAGT
C02	52	61	71	AAACTCATTA
C02	212	9	19	CTAAGTATTA
C02	101	70	80	TGAATCATTG
C02	19	38	48	CTAATTCTTG
C02	169	10	20	ATAATGAACT
C02	16	49	59	TGAATAATTA
C02	35	44	54	ATAGTTACTT
C02	60	12	22	AGATTAATTT
C02	158	12	22	ATAATCAACC
C02	26	8	18	ATATTCATCA
C02	223	16	26	CTAATTTTTC
C02	23	45	55	ATAATTTTAT
C02	148	8	18	ATAATTTTAT
C02	0	47	57	TTAATTGTTG
C02	70	71	81	ATACTGTTTG
C02	246	47	57	AAACTGATTA
C02	110	57	67	ATAATTGTCG
C02	188	1	11	AGAATTATGT
C02	78	71	81	ATATCAATTC
C02	18	12	22	ATATTACTCT
C02	247	65	75	ATATTGATAA
C02	209	60	70	AGAATTTCTT
C02	159	33	43	TTAGTTATTA
C02	68	27	37	AAAATTATAT
C02	208	8	18	ATAATACAAG
C02	56	69	79	ATTAGCATTA
C02	55	20	30	ATTAGAATTG
C02	100	65	75	ATAATACCAG
C02	121	18	28	ATAATACCAG
C02	47	48	58	ATTAAAATTA
C02	152	68	78	ACGATCCTTA
C02	205	55	65	TTATTAATTG
C02	171	61	71	AAAATAACAA
C02	237	27	37	AAAATCAGAA
C02	67	32	42	ATAATATCGG
C02	54	38	48	GGAATTATGT
C02	216	69	79	AAACTCAGGA
C02	200	21	31	ATCCTCAGCT
C02	9	20	30	GCAGTTAGTC
C03	17	67	77	TAATAAAAAA
C03	138	33	43	TAATAAAAAA
C03	227	24	34	TAATAAAAAA
C03	221	39	49	TAATCAAAAA
C03	143	54	64	TAATAAATAA
C03	214	55	65	TAATAAATAA
C03	43	17	27	TAATAAAAAG
C03	13	37	47	TAATCAAAGA
C03	16	53	63	TAATTAAAAA
C03	66	12	22	TAATTAAAAA
C03	95	33	43	TAATTAAAAA
C03	124	0	10	TAATTAAAAA
C03	116	60	70	TAGTAAAAAA
C03	131	56	66	TAATACAAAA
C03	91	70	80	TAATGAAACA
C03	222	32	42	TAATAAAAAT
C03	156	43	53	TAATAAATCA
C03	79	41	51	TAATCAAATA
C03	1	66	76	TAATAAATGA
C03	182	50	60	TAATAAATGA
C03	48	51	61	TAATGAATAA
C03	180	37	47	TAATGAATAA
C03	68	70	80	TAATACACAA
C03	64	1	11	TATTAAAAAA
C03	193	34	44	TATTAAAAAA
C03	142	47	57	TAATTAAACA
C03	25	53	63	TAATAAAGTA
C03	115	61	71	TAATAAAGTA
C03	161	67	77	TAATGAAAAG
C03	12	52	62	TAATACAAAG
C03	110	25	35	TAATACAAAG
C03	53	44	54	TAATAAATTA
C03	128	63	73	TAATAAATTA
C03	22	8	18	TAATAAATAG
C03	20	16	26	TAATTAAAGA
C03	40	17	27	TAATTAAAGA
C03	15	12	22	TAATATAAAA
C03	76	51	61	TTATAAAAGA
C03	149	33	43	TAGTAAATAA
C03	242	54	64	TAATAAGGAA
C03	196	9	19	TAATTAACAA
C03	69	23	33	TAATTAAATA
C03	101	24	34	TAATTAAATA
C03	213	61	71	TAATAAGAGC
C03	209	49	59	GAATAAAATA
C03	19	15	25	TTATAAATAA
C03	168	0	10	TTATAAATAA
C03	240	60	70	TTATAAATAA
C03	4	42	52	TAGTAAAATA
C03	74	47	57	TAATAAGTAA
C03	126	14	24	TAATAAGTAA
C03	26	24	34	TAACGAAAAA
C03	130	28	38	TACTAAATAA
C03	51	12	22	AAATCAAAAA
C03	31	31	41	TAACAAAAAC
C03	122	23	33	TAATAAAATT
C03	178	65	75	CAATAAAATA
C03	216	62	72	TAATTCAAAA
C03	186	35	45	TAGTTAAAAA
C03	230	46	56	TAATTAACAC
C03	8	20	30	TAATAACATA
C03	106	9	19	TATTCAAAAA
C03	158	13	23	TAATCAACCA
C03	52	31	41	TCATGAAACA
C03	192	37	47	TAATCAATCA
C03	57	48	58	TTATACAAAA
C03	165	53	63	TCATACAAAA
C03	169	8	18	TAATAATGAA
C03	137	20	30	AAATAAAATA
C03	210	30	40	TAATCACAGA
C03	162	19	29	GAAGAAAAAA
C03	173	24	34	TAATTAAAAT
C03	232	38	48	TAATCAATTA
C03	183	56	66	TAAACAAAAA
C03	132	54	64	TACTAAGAGA
C03	167	61	71	TAATACAAAT
C03	253	42	52	TAATTAATCA
C03	73	2	12	TAATAGAAAT
C03	146	45	55	TAATAATATA
C03	181	23	33	TAATAATATA
C03	98	49	59	TATTAAATAA
C03	195	70	80	TTACAAAAAA
C03	92	44	54	TAATAGAAGC
C03	3	5	15	ACATAAAAAA
C03	123	33	43	ACATAAAAAA
C03	228	5	15	TAATATAGAA
C03	33	26	36	TAATAAACCT
C03	84	25	35	TAATATAAGA
C03	119	64	74	TAATATAAGA
C03	104	5	15	TAATAGACAA
C03	97	49	59	TAATTAAGGA
C03	208	9	19	TAATACAAGG
C03	236	21	31	AAATACAAAA
C03	207	7	17	AAATAAGAAA
C03	88	2	12	TAATCCATAA
C03	29	8	18	TAATAACAAT
C03	202	21	31	TAATGATACA
C03	134	4	14	TGATTAAATA
C03	187	40	50	TAATGAAGAT
C03	54	11	21	TATTTAAAAA
C03	217	30	40	TAATTAAGTA
C03	179	36	46	TAATACTAAA
C03	225	26	36	TAATACTAAA
C03	72	17	27	AGATAAAACA
C03	96	31	41	GAATAAATTA
C03	144	34	44	TTTTAAAAAA
C03	30	47	57	TAATAATACC
C03	191	0	10	CAATAGAACA
C03	41	67	77	CAATTAAACA
C03	93	53	63	TGATAAGTAA
C03	112	6	16	TAGTAAATAG
C03	105	16	26	TAATTAATAG
C03	86	32	42	TAATAATAAT
C03	113	48	58	TAATAATAAT
C03	136	29	39	TACTGAATAA
C03	34	11	21	TAATAAAGTT
C03	175	8	18	TAACCAAAAC
C03	56	6	16	TAAGCAACAA
C03	121	0	10	TAATTTAAAA
C03	188	49	59	TAATAGAACT
C03	203	15	25	AAATCAAACA
C03	233	31	41	TTATAAATAG
C03	133	10	20	TTATAAAACT
C03	199	18	28	TGAAAAAACA
C03	164	7	17	CAATAAATAC
C03	38	54	64	TAATAAACTT
C03	90	71	81	TAATAAATTT
C03	87	65	75	TTCTAAAAGA
C03	140	16	26	CAATCAAATA
C03	226	5	15	GAATAGATAA
C03	102	3	13	TATTCAAAAG
C03	10	52	62	TCATAAGTAA
C03	65	51	61	TTATAGAAAC
C03	21	27	37	TGATCCAATA
C03	171	11	21	TAATGCAAAT
C03	125	55	65	TTATTAATAA
C03	78	5	15	AAATTAAACA
C03	254	50	60	TAATACGATA
C03	163	58	68	TTATAAAGAT
C03	111	22	32	TTATAAGATA
C03	148	15	25	TATTAAATGA
C03	151	31	41	TATTAAATGA
C03	75	63	73	CAATCACAAA
C03	120	23	33	TCTTAAAACA
C03	77	68	78	TTGTAAAAAG
C03	114	8	18	TAATTAAATT
C03	239	47	57	TTATAAACAG
C03	94	22	32	TAGGAAATAA
C03	153	52	62	TAATCACACT
C03	127	48	58	TAATAGGTAA
C03	237	28	38	AAATCAGAAA
C03	219	15	25	TAAGGAAAGC
C03	238	27	37	TTATACACAC
C03	32	1	11	TTATAACTAA
C03	18	21	31	TTATTAAGAG
C03	81	45	55	TGGTAAAAAT
C03	177	22	32	TCATTACAAA
C03	235	66	76	TGATAAATTC
C03	50	18	28	TAATAATAGG
C03	42	46	56	TCGTAAAAAT
C03	247	53	63	AAATTAAAAC
C03	229	13	23	CAAGAAATAA
C03	215	39	49	TTATAACATA
C03	62	3	13	TAAGAACATA
C03	198	16	26	TGATTGAAAA
C03	218	19	29	TAGTTGAAAA
C03	47	34	44	TGCTCACAAA
C03	206	44	54	TCATCAATTA
C03	28	59	69	TTATACGAAA
C03	103	70	80	CAATAAGGAG
C03	82	46	56	GAGTAGAAAC
C03	174	19	29	TACTAATATA
C03	241	26	36	TACTAATATA
C03	251	7	17	TGATGGAGAA
C03	249	35	45	GAATATAACA
C03	244	9	19	TTAAAAAAGA
C03	194	45	55	GAGTAAAGGG
C03	224	55	65	CAGTAAAATA
C03	83	56	66	TTATAAGAAT
C03	220	16	26	TGATAAGTTA
C03	250	15	25	TAATCACCAG
C03	46	36	46	TAACTGAAAA
C03	23	15	25	TTATCACAAG
C03	176	56	66	GAAGCAAATA
C03	200	0	10	TATTAAATAT
C03	89	3	13	CAATACACAG
C03	5	4	14	TTATTAAGGA
C03	45	50	60	GGATGAGAAA
C03	24	41	51	TACTTAACTA
C03	185	53	63	TTCTAAAATC
C03	135	68	78	TACTTAAAGG
C03	252	21	31	TAATTAACGG
C03	108	28	38	TAATTAAGTT
C03	155	63	73	TTACACAACA
C03	70	43	53	TAACTATAAA
C03	58	20	30	GAGTAAAGCT
C03	184	58	68	TCTTCAAGAA
C03	67	55	65	TTATAGATTA
C03	117	51	61	TTGTACAAAG
C03	118	65	75	CACGAAATAA
C03	160	67	77	TAACTCAAGA
C03	234	24	34	TGGTAAGGAG
C03	49	46	56	TGGTGAAATC
C03	9	59	69	TCCTCAAATC
C03	109	47	57	TTATAACAGC
C03	59	67	77	TGATCAACCT
C03	147	10	20	TTATAGATCC
C03	204	57	67	TACCAAATTA
C03	7	7	17	TATTTCAACA
C03	201	29	39	TAAGAAACTT
C03	246	43	53	TAACAAACTG
C03	100	66	76	TAATACCAGG
C03	255	34	44	TTTTAAATGA
C03	0	54	64	TTGTAAATCG
C03	14	47	57	AGCTACAAAA
C03	39	50	60	TAGCAACTAA
C03	243	19	29	GGGTATAAAA
C03	61	24	34	TAGAGGAACA
C03	27	25	35	CAATAACATG
C03	11	21	31	TTACAACAAG
C03	60	41	51	CAATACAAGT
C03	159	47	57	GTATTAACGA
C03	85	62	72	TGTTAGAAAC
C03	99	49	59	TAAGTAGAGG
C03	248	11	21	TATTACCTAA
C03	129	17	27	TAATGCGACC
C03	55	11	21	GCATGACAAA
C03	80	35	45	TCAAAGTAAA
C03	36	54	64	TAAAGACCAC
C03	166	12	22	TTAGACGAAA
C03	141	7	17	CGATTATAAG
C03	139	13	23	TCAGAGGCGC
C03	6	61	71	TTAGTAGCAA
C03	145	32	42	CCATCAAGGT
C03	205	11	21	TACGTCAAGA
C04	233	62	72	TATAGAAAAT
C04	41	26	36	TATACAAAAT
C04	57	49	59	TATACAAAAT
C04	245	13	23	TATAGAAATT
C04	62	22	32	TTTAGAAATT
C04	186	37	47	GTTAAAAAAT
C04	177	24	34	ATTACAAAAT
C04	14	48	58	GCTACAAAAT
C04	103	57	67	TATAAAAATT
C04	25	1	11	TTTATAAAAT
C04	121	3	13	TTTAAAAATT
C04	193	35	45	ATTAAAAAAT
C04	116	61	71	AGTAAAAAAT
C04	53	29	39	AATACAAAGT
C04	171	56	66	TGTATAAAAT
C04	22	52	62	CTTAGAAATT
C04	195	53	63	GTTAGAAAAT
C04	3	6	16	CATAAAAAAT
C04	82	47	57	AGTAGAAACT
C04	225	50	60	AATAGAAACT
C04	20	20	30	TAAAGAAAAT
C04	138	65	75	TCTAAAAATT
C04	27	71	81	TATATAAACT
C04	181	46	56	TATATAAACT
C04	243	20	30	GGTATAAAAT
C04	206	33	43	AGTAAAAACT
C04	122	31	41	TTTAGAGAAT
C04	72	26	36	AATAGAAATT
C04	219	48	58	AATACAAATT
C04	165	56	66	TACAAAAAAT
C04	66	15	25	TTAAAAAAAT
C04	95	36	46	TTAAAAAAAT
C04	201	28	38	TTAAGAAACT
C04	5	15	25	CTAAGAAAAT
C04	107	57	67	GAGACAAAAT
C04	15	13	23	AATATAAAAT
C04	124	2	12	ATTAAAAATT
C04	178	7	17	GTTAGAAACT
C04	68	22	32	TATGAAAAAT
C04	47	36	46	CTCACAAATT
C04	134	19	29	CTTATAAAAT
C04	45	52	62	ATGAGAAATT
C04	149	47	57	AGGAGAAATT
C04	37	71	81	CTTACAAATT
C04	236	30	40	AAGAAAAAAT
C04	74	37	47	TAGAAAAATT
C04	87	38	48	TTTTCAAAAT
C04	237	30	40	ATCAGAAAAT
C04	175	34	44	TTGAAAAATT
C04	196	12	22	TTAACAAATT
C04	230	20	30	TGAAAAAATT
C04	91	10	20	ATTATAAACT
C04	213	12	22	TTTAAACAAT
C04	130	31	41	TAAATAAAAT
C04	137	19	29	TAAATAAAAT
C04	227	27	37	TAAAAAAATT
C04	106	11	21	TTCAAAAAGT
C04	162	21	31	AGAAAAAAAT
C04	54	14	24	TTAAAAAAGT
C04	144	36	46	TTAAAAAAGT
C04	34	71	81	TATAGAAGAT
C04	32	57	67	ATTATAAATT
C04	228	58	68	GAGATAAATT
C04	238	30	40	TACACACAAT
C04	199	38	48	TTCACACACT
C04	75	65	75	ATCACAAATT
C04	115	37	47	AAAACAAAGT
C04	51	13	23	AATCAAAAAT
C04	239	25	35	TCTGCAAAAT
C04	188	28	38	TAGAGAAGAT
C04	120	59	69	TTTAGATAAT
C04	145	60	70	GGGATAAATT
C04	76	52	62	TATAAAAGAT
C04	163	21	31	TATCCAAACT
C04	26	26	36	ACGAAAAAAT
C04	204	68	78	TTTTGAAACT
C04	235	65	75	GTGATAAATT
C04	44	68	78	TTTATAGAGT
C04	142	23	33	TCAATAAAAT
C04	33	10	20	TTAATAAACT
C04	38	53	63	TTAATAAACT
C04	209	48	58	GGAATAAAAT
C04	97	33	43	AGTAAAGAGT
C04	64	6	16	AAAAAAAACT
C04	28	60	70	TATACGAAAT
C04	89	12	22	GATGGAAAAT
C04	7	24	34	TATACATAAT
C04	78	9	19	TAAACACAAT
C04	48	34	44	TATAAATAAT
C04	156	2	12	TATAAATAAT
C04	123	1	11	TTTAAATAAT
C04	73	23	33	TTACGAAAAT
C04	112	24	34	AATACACATT
C04	39	48	58	TTTAGCAACT
C04	147	19	29	CTTCAAAACT
C04	70	45	55	ACTATAAATT
C04	253	63	73	TATAAACATT
C04	240	63	73	TAAATAAATT
C04	179	20	30	TGTTAAAATT
C04	50	0	10	GATAAAAGAT
C04	218	20	30	AGTTGAAAAT
C04	183	58	68	AACAAAAATT
C04	202	39	49	AACAAAAATT
C04	208	21	31	TCGAGAAAAC
C04	207	23	33	TATTAAAATT
C04	132	27	37	TTTTTAAAAT
C04	36	4	14	GTTTCAAATT
C04	251	10	20	TGGAGAACAT
C04	117	52	62	TGTACAAAGC
C04	185	52	62	ATTCTAAAAT
C04	244	1	11	TATAGAAGTT
C04	216	64	74	ATTCAAAACT
C04	198	17	27	GATTGAAAAT
C04	254	66	76	TCTAAATAAT
C04	250	67	77	TCTACATAAT
C04	52	56	66	TCAATAAACT
C04	246	42	52	CTAACAAACT
C04	111	21	31	TTTATAAGAT
C04	191	1	11	AATAGAACAT
C04	249	4	14	TATGTAAAGT
C04	93	58	68	AGTAAAGATT
C04	229	46	56	TAGAAAGAAT
C04	192	62	72	AAGAGAGATT
C04	133	9	19	TTTATAAAAC
C04	99	9	19	TCTTTAAAAT
C04	69	38	48	TCAATAAATT
C04	0	71	81	TTTAAAAAAA
C04	77	55	65	CTCTAAAAAT
C04	86	64	74	TGTTTAAACT
C04	223	39	49	GGATCAAAAT
C04	49	23	33	TATACATATT
C04	140	22	32	AATAAAGATT
C04	247	48	58	ATTTCAAATT
C04	65	54	64	TAGAAACAAT
C04	84	28	38	TATAAGAATT
C04	94	20	30	AATAGGAAAT
C04	71	12	22	TTCCAAAACT
C04	92	45	55	AATAGAAGCT
C04	210	49	59	GGAGTAAAAT
C04	222	54	64	TTGTAAAAAT
C04	252	34	44	TGTGCATAAT
C04	100	12	22	TGTCAAAACT
C04	214	49	59	CTGAGATAAT
C04	9	7	17	TGAAGAACAT
C04	17	68	78	AATAAAAAAG
C04	88	12	22	TTTAGATAGT
C04	173	63	73	ATTCTAAAGT
C04	55	13	23	ATGACAAATT
C04	174	67	77	TTTTTAAATT
C04	197	14	24	GTTACTAAAT
C04	176	55	65	TGAAGCAAAT
C04	6	63	73	AGTAGCAATT
C04	155	62	72	TTTACACAAC
C04	61	34	44	GGTACACCAT
C04	180	47	57	TTTAACAAGT
C04	4	41	51	TTAGTAAAAT
C04	96	30	40	CGAATAAATT
C04	131	58	68	ATACAAAAAT
C04	13	39	49	ATCAAAGAGT
C04	187	49	59	TCTAAATAGT
C04	90	17	27	CATACAGATT
C04	81	46	56	GGTAAAAATG
C04	242	30	40	TAAAGGAAAT
C04	159	67	77	ATTAGAAGTT
C04	211	53	63	CTTTCAAATT
C04	182	1	11	TTCAAAAGAT
C04	104	55	65	TCTAAATATT
C04	109	13	23	AGTACATATT
C04	43	1	11	GATAACAATT
C04	220	61	71	ATTATAAGAT
C04	158	21	31	CATTCAAATT
C04	16	56	66	TTAAAAACAT
C04	110	37	47	GTAACAAGAT
C04	119	6	16	TGAACATAAT
C04	46	38	48	ACTGAAAATT
C04	42	56	66	GAGGTAAATT
C04	12	53	63	AATACAAAGA
C04	200	28	38	GCTTAAAATT
C04	118	22	32	TGCGCGAAAT
C04	215	38	48	ATTATAACAT
C04	102	31	41	AGTGTACACT
C04	114	52	62	TATGGAAGAT
C04	23	17	27	ATCACAAGAT
C04	67	11	21	TCCAAAAGAT
C04	146	70	80	TAACTAAACT
C04	232	44	54	ATTATACATT
C04	160	32	42	TTTATAAATG
C04	154	69	79	TATCAACATT
C04	125	45	55	TTAACAAAGG
C04	19	20	30	AATAAAAATG
C04	248	14	24	TACCTAAAGT
C04	153	30	40	GTTAAAAACG
C04	226	12	22	TAAAAATACT
C04	139	64	74	TTAAAATACT
C04	184	59	69	CTTCAAGAAT
C04	148	68	78	ATTTTAAATT
C04	80	26	36	TGTATAGACT
C04	152	43	53	TTTCTAAGAT
C04	31	34	44	CAAAAACAAT
C04	1	21	31	TTAATAAGAT
C04	217	9	19	GGTATAAAAA
C04	83	47	57	TCAATAGAAT
C04	128	8	18	AAACGAAAGT
C04	2	17	27	CTTTTAAATT
C04	40	19	29	ATTAAAGACT
C04	241	11	21	CTTAAATAGT
C04	212	37	47	GCTAAATATT
C04	60	7	17	ACTCAAGATT
C04	166	13	23	TAGACGAAAT
C04	221	41	51	ATCAAAAAAG
C04	234	27	37	TAAGGAGATT
C04	150	4	14	CAAAAAGATT
C04	161	23	33	CATTTAAAGT
C04	105	45	55	TTCGCAACAT
C04	58	37	47	ATTCTAGAAT
C04	85	63	73	GTTAGAAACA
C04	168	10	20	CTTTAAGAAT
C04	11	23	33	ACAACAAGAT
C04	113	68	78	TATTCATAGT
C04	169	17	27	ACTAGAAATG
C04	224	37	47	TACCAAACAT
C04	59	20	30	TTCTAACAAT
C04	203	17	27	ATCAAACAGT
C04	101	30	40	AATAACCAAT
C04	189	25	35	TAAACAGACT
C04	98	0	10	TACGCAACTT
C04	135	11	21	CGGTTAAACT
C04	194	20	30	TTACGATACT
C04	190	18	28	ATTGTAGATT
C04	126	27	37	ATAAGGAAGT
C04	56	8	18	AGCAACAAGT
C04	127	6	16	GTCCGAAAGT
C04	30	38	48	AATGGTAAAT
C04	255	69	79	TTTTTAAACC
C04	35	20	30	ATGTTAAAGT
C04	8	50	60	GATGCCCAAT
C04	63	61	71	ATTCTATAGT
C04	170	8	18	TTGCAAGACT
C04	136	27	37	ACTACTGAAT
C04	167	66	76	CAAATACAGT
C04	18	28	38	GAGCCCCAGT
C04	79	68	78	CGTTAGAAGT
C04	24	57	67	AACAGGAAGC
C04	129	20	30	TGCGACCAGT
C05	3	24	34	ATATAATATA
C05	32	48	58	ATATAATATA
C05	39	31	41	ATATAATATA
C05	107	16	26	ATATAATATA
C05	112	60	70	ATATAATATA
C05	147	38	48	ATATAATATA
C05	157	62	72	ATATAATATA
C05	165	64	74	ATATAATATA
C05	178	46	56	ATATAATATA
C05	195	35	45	ATATAATATA
C05	235	8	18	ATATAATATA
C05	168	49	59	ATATAATCTC
C05	5	41	51	ATATAATATT
C05	13	11	21	ATATAATATT
C05	27	52	62	ATATAATATT
C05	31	8	18	ATATAATATT
C05	46	6	16	ATATAATATT
C05	78	52	62	ATATAATATT
C05	97	6	16	ATATAATATT
C05	109	27	37	ATATAATATT
C05	130	69	79	ATATAATATT
C05	159	12	22	ATATAATATT
C05	190	56	66	ATATAATATT
C05	199	61	71	ATATAATATT
C05	207	59	69	ATATAATATT
C05	233	9	19	ATATAATATT
C05	238	70	80	ATATAATATT
C05	246	70	80	ATATAATATT
C05	1	63	73	ATATAATAAA
C05	17	64	74	ATATAATAAA
C05	25	50	60	ATATAATAAA
C05	34	8	18	ATATAATAAA
C05	43	14	24	ATATAATAAA
C05	122	20	30	ATATAATAAA
C05	182	47	57	ATATAATAAA
C05	193	65	75	ATATAATAAA
C05	222	29	39	ATATAATAAA
C05	227	21	31	ATATAATAAA
C05	12	49	59	ATATAATACA
C05	53	66	76	ATATAATACA
C05	68	67	77	ATATAATACA
C05	131	53	63	ATATAATACA
C05	167	58	68	ATATAATACA
C05	208	6	16	ATATAATACA
C05	253	10	20	ATATAATACA
C05	67	30	40	ATATAATATC
C05	176	45	55	ATATAATATC
C05	184	40	50	ATATAATATC
C05	19	8	18	ATATAATTTA
C05	21	17	27	ATATAATTTA
C05	33	40	50	ATATAATTTA
C05	72	64	74	ATATAATTTA
C05	113	25	35	ATATAATTTA
C05	120	47	57	ATATAATTTA
C05	125	38	48	ATATAATTTA
C05	137	41	51	ATATAATTTA
C05	143	46	56	ATATAATTTA
C05	200	63	73	ATATAATTTA
C05	204	42	52	ATATAATTTA
C05	205	67	77	ATATAATTTA
C05	221	11	21	ATATAATTTA
C05	247	14	24	ATATAATTTA
C05	177	43	53	ATATAATCTA
C05	185	43	53	ATATAATCTA
C05	140	35	45	ATATAATGTA
C05	141	60	70	ATATAATGTA
C05	224	16	26	ATATAATGTA
C05	16	22	32	ATATAATAGA
C05	92	41	51	ATATAATAGA
C05	183	6	16	ATATAATAGA
C05	188	46	56	ATATAATAGA
C05	243	59	69	ATATAATAGA
C05	149	61	71	ATATAATCCC
C05	35	71	81	ATATAATACT
C05	85	19	29	ATATAATACT
C05	115	14	24	ATATAATACT
C05	174	8	18	ATATAATACT
C05	179	33	43	ATATAATACT
C05	181	13	23	ATATAATACT
C05	198	62	72	ATATAATACT
C05	225	23	33	ATATAATACT
C05	50	15	25	ATATAATAAT
C05	64	34	44	ATATAATAAT
C05	124	43	53	ATATAATAAT
C05	139	45	55	ATATAATAAT
C05	145	8	18	ATATAATAAT
C05	146	42	52	ATATAATAAT
C05	162	50	60	ATATAATAAT
C05	173	18	28	ATATAATAAT
C05	203	53	63	ATATAATAAT
C05	175	58	68	ATATAATGCG
C05	241	31	41	ATATAATGCG
C05	210	27	37	ATATAATCAC
C05	250	12	22	ATATAATCAC
C05	52	48	58	ATATAATTTC
C05	55	48	58	ATATAATTTC
C05	135	57	67	ATATAATTTC
C05	100	63	73	ATATAATACC
C05	121	16	26	ATATAATACC
C05	8	17	27	ATATAATAAC
C05	0	34	44	ATATAATTTT
C05	23	43	53	ATATAATTTT
C05	41	49	59	ATATAATTTT
C05	69	13	23	ATATAATTTT
C05	148	6	16	ATATAATTTT
C05	156	31	41	ATATAATTTT
C05	163	39	49	ATATAATTTT
C05	172	56	66	ATATAATTTT
C05	206	67	77	ATATAATTTT
C05	212	58	68	ATATAATTTT
C05	245	44	54	ATATAATTTT
C05	251	66	76	ATATAATTTT
C05	255	62	72	ATATAATTTT
C05	28	10	20	ATATAATTCA
C05	29	39	49	ATATAATTCA
C05	47	16	26	ATATAATTCA
C05	75	32	42	ATATAATTCA
C05	191	49	59	ATATAATTCA
C05	216	59	69	ATATAATTCA
C05	228	25	35	ATATAATTCA
C05	44	16	26	ATATAATGTT
C05	226	57	67	ATATAATGTT
C05	249	62	72	ATATAATGTT
C05	2	52	62	ATATAATAAG
C05	4	25	35	ATATAATAAG
C05	126	11	21	ATATAATAAG
C05	213	58	68	ATATAATAAG
C05	219	62	72	ATATAATAAG
C05	242	51	61	ATATAATAAG
C05	40	14	24	ATATAATTAA
C05	66	9	19	ATATAATTAA
C05	88	63	73	ATATAATTAA
C05	95	30	40	ATATAATTAA
C05	101	21	31	ATATAATTAA
C05	105	13	23	ATATAATTAA
C05	108	21	31	ATATAATTAA
C05	111	44	54	ATATAATTAA
C05	114	5	15	ATATAATTAA
C05	142	44	54	ATATAATTAA
C05	214	11	21	ATATAATTAA
C05	217	27	37	ATATAATTAA
C05	230	43	53	ATATAATTAA
C05	240	24	34	ATATAATTAA
C05	37	31	41	ATATAATGAA
C05	48	48	58	ATATAATGAA
C05	91	67	77	ATATAATGAA
C05	93	71	81	ATATAATGAA
C05	161	64	74	ATATAATGAA
C05	22	23	33	ATATAATACG
C05	187	13	23	ATATAATACG
C05	138	13	23	ATATAATGCA
C05	171	8	18	ATATAATGCA
C05	11	49	59	ATATAATCTT
C05	45	40	50	ATATAATCTT
C05	62	41	51	ATATAATCTT
C05	128	26	36	ATATAATCTT
C05	152	57	67	ATATAATCTT
C05	170	62	72	ATATAATCTT
C05	254	39	49	ATATAATCTT
C05	57	33	43	ATATAATAGT
C05	73	49	59	ATATAATAGT
C05	96	15	25	ATATAATAGT
C05	98	39	49	ATATAATAGT
C05	102	24	34	ATATAATAGT
C05	116	54	64	ATATAATAGT
C05	153	15	25	ATATAATAGT
C05	164	47	57	ATATAATAGT
C05	79	38	48	ATATAATCAA
C05	94	69	79	ATATAATCAA
C05	117	41	51	ATATAATCAA
C05	158	10	20	ATATAATCAA
C05	232	35	45	ATATAATCAA
C05	104	31	41	ATATAATTGA
C05	160	21	31	ATATAATTGA
C05	211	4	14	ATATAATTGA
C05	58	66	76	ATATAATTTG
C05	70	9	19	ATATAATTTG
C05	80	18	28	ATATAATTTG
C05	103	12	22	ATATAATTTG
C05	118	42	52	ATATAATTTG
C05	201	48	58	ATATAATTTG
C05	237	66	76	ATATAATTTG
C05	42	69	79	ATATAATTCT
C05	51	35	45	ATATAATTCT
C05	63	56	66	ATATAATTCT
C05	89	26	36	ATATAATTCT
C05	123	23	33	ATATAATTCT
C05	166	60	70	ATATAATTCT
C05	20	43	53	ATATAATAGG
C05	127	45	55	ATATAATAGG
C05	229	29	39	ATATAATGGA
C05	15	30	40	ATATAATGAT
C05	24	21	31	ATATAATGAT
C05	202	18	28	ATATAATGAT
C05	133	54	64	ATATAATGCT
C05	6	51	61	ATATAATTAT
C05	7	45	55	ATATAATTAT
C05	10	12	22	ATATAATTAT
C05	30	18	28	ATATAATTAT
C05	38	29	39	ATATAATTAT
C05	49	16	26	ATATAATTAT
C05	82	61	71	ATATAATTAT
C05	83	11	21	ATATAATTAT
C05	119	37	47	ATATAATTAT
C05	132	71	81	ATATAATTAT
C05	150	27	37	ATATAATTAT
C05	194	11	21	ATATAATTAT
C05	248	29	39	ATATAATTAT
C05	106	66	76	ATATAATCCT
C05	129	50	60	ATATAATCCT
C05	218	54	64	ATATAATCCT
C05	220	7	17	ATATAATCCT
C05	59	51	61	ATATAATCGA
C05	180	68	78	ATATAATCGA
C05	84	42	52	ATATAATTAC
C05	99	66	76	ATATAATTAC
C05	136	19	29	ATATAATTAC
C05	155	20	30	ATATAATTAC
C05	215	16	26	ATATAATTAC
C05	234	46	56	ATATAATTAC
C05	90	10	20	ATATAATCAT
C05	144	16	26	ATATAATCAT
C05	197	57	67	ATATAATCAT
C05	252	71	81	ATATAATCAT
C05	14	28	38	ATATAATTGT
C05	61	58	68	ATATAATTGT
C05	110	55	65	ATATAATTGT
C05	154	31	41	ATATAATTGT
C05	192	26	36	ATATAATTGT
C05	231	52	62	ATATAATTGT
C05	244	57	67	ATATAATTGT
C05	86	12	22	ATATAATTCG
C05	151	12	22	ATATAATTCG
C05	56	64	74	ATATAATTAG
C05	76	67	77	ATATAATTAG
C05	134	39	49	ATATAATTAG
C05	81	39	49	ATATAATGGT
C05	87	52	62	ATATAATGGT
C05	71	31	41	ATATAATTGG
C05	189	53	63	ATATAATTGG
C05	186	52	62	ATATAATCAG
C05	196	26	36	ATATAATCAG
C05	9	37	47	ATATAATGTC
C05	60	32	42	ATATAATGTC
C05	77	46	56	ATATAATGTC
C05	209	58	68	ATAGAATTTC
C05	65	6	16	ATATAATGGC
C05	239	17	27	ATACAATTTC
C05	74	44	54	ATTTAATAAG
C05	169	43	53	ATATTATGTG
C05	223	53	63	ATATAAATTC
C05	36	12	22	TTATAATGGT
C05	236	45	55	ATATTATCAT
C05	54	26	36	ATTTAGTGAA
C05	26	61	71	GTTTAATGTT
C06	165	41	51	TATAATAGAG
C06	68	68	78	TATAATACAC
C06	92	42	52	TATAATAGAA
C06	188	47	57	TATAATAGAA
C06	12	50	60	TATAATACAA
C06	131	54	64	TATAATACAA
C06	167	59	69	TATAATACAA
C06	208	7	17	TATAATACAA
C06	73	0	10	GATAATAGAA
C06	84	23	33	AATAATATAA
C06	146	46	56	AATAATATAA
C06	184	41	51	TATAATATCA
C06	78	53	63	TATAATATTA
C06	199	62	72	TATAATATTA
C06	207	60	70	TATAATATTA
C06	100	64	74	TATAATACCA
C06	121	17	27	TATAATACCA
C06	17	65	75	TATAATAAAA
C06	43	15	25	TATAATAAAA
C06	122	21	31	TATAATAAAA
C06	128	71	81	TATAATAAAA
C06	138	31	41	TATAATAAAA
C06	222	30	40	TATAATAAAA
C06	227	22	32	TATAATAAAA
C06	174	9	19	TATAATACTA
C06	179	34	44	TATAATACTA
C06	198	63	73	TATAATACTA
C06	225	24	34	TATAATACTA
C06	22	24	34	TATAATACGC
C06	10	29	39	TATAATAGTG
C06	102	25	35	TATAATAGTG
C06	250	71	81	CATAATAGAA
C06	39	32	42	TATAATATAG
C06	147	39	49	TATAATATAG
C06	187	67	77	TATAATATAG
C06	235	9	19	TATAATATAG
C06	57	34	44	TATAATAGTA
C06	116	55	65	TATAATAGTA
C06	3	25	35	TATAATATAT
C06	32	49	59	TATAATATAT
C06	107	17	27	TATAATATAT
C06	112	61	71	TATAATATAT
C06	157	63	73	TATAATATAT
C06	178	47	57	TATAATATAT
C06	195	36	46	TATAATATAT
C06	183	7	17	TATAATAGAT
C06	243	60	70	TATAATAGAT
C06	29	63	73	GATAATATTA
C06	53	67	77	TATAATACAT
C06	253	11	21	TATAATACAT
C06	20	44	54	TATAATAGGG
C06	110	23	33	TGTAATACAA
C06	5	42	52	TATAATATTC
C06	31	9	19	TATAATATTC
C06	82	68	78	TATAATATTC
C06	109	28	38	TATAATATTC
C06	123	57	67	TTTAATAGAG
C06	213	43	53	TATAATAAAC
C06	25	51	61	TATAATAAAG
C06	34	9	19	TATAATAAAG
C06	119	62	72	GGTAATATAA
C06	181	24	34	AATAATATAT
C06	189	4	14	AATAATATAT
C06	176	46	56	TATAATATCT
C06	67	31	41	TATAATATCG
C06	13	12	22	TATAATATTT
C06	27	53	63	TATAATATTT
C06	46	7	17	TATAATATTT
C06	130	70	80	TATAATATTT
C06	190	57	67	TATAATATTT
C06	233	10	20	TATAATATTT
C06	238	71	81	TATAATATTT
C06	246	71	81	TATAATATTT
C06	97	7	17	TATAATATTG
C06	159	13	23	TATAATATTG
C06	14	55	65	AATAATAGAT
C06	1	64	74	TATAATAAAT
C06	90	69	79	TATAATAAAT
C06	156	41	51	TATAATAAAT
C06	182	48	58	TATAATAAAT
C06	193	66	76	TATAATAAAT
C06	164	21	31	TATAAGATAA
C06	98	40	50	TATAATAGTT
C06	85	20	30	TATAATACTT
C06	115	15	25	TATAATACTT
C06	7	28	38	CATAATATAT
C06	245	6	16	CATAATATAT
C06	228	3	13	TGTAATATAG
C06	158	53	63	TTTAATATAC
C06	134	10	20	AATAATATGC
C06	127	46	56	TATAATAGGT
C06	16	23	33	TATAATAGAC
C06	241	27	37	ACTAATATAA
C06	15	10	20	ATTAATATAA
C06	214	53	63	GATAATAAAT
C06	30	45	55	AATAATAATA
C06	2	53	63	TATAATAAGC
C06	254	48	58	TGTAATACGA
C06	95	17	27	AATAATATTT
C06	168	57	67	TCTAATATCC
C06	232	5	15	GATAATAGCT
C06	74	2	12	AATAATAGTT
C06	201	21	31	TATAAGATTA
C06	215	40	50	TATAACATAG
C06	242	52	62	TATAATAAGG
C06	63	40	50	GTTAATATTA
C06	33	24	34	TCTAATAAAC
C06	96	47	57	CATAATACTT
C06	72	23	33	AACAATAGAA
C06	89	1	11	TCCAATACAC
C06	120	63	73	GATAATAAGT
C06	202	22	32	AATGATACAC
C06	172	66	76	CGTAATAGTA
C06	153	16	26	TATAATAGTC
C06	4	67	77	AATGATATAA
C06	197	5	15	GATAATAAGG
C06	86	33	43	AATAATAATC
C06	111	23	33	TATAAGATAG
C06	175	68	78	TATACTATTA
C06	171	58	68	TATAAAATAA
C06	6	17	27	TTTAATACAG
C06	23	71	81	GCGAATATAA
C06	137	23	33	TAAAATATTA
C06	249	38	48	TATAACAGTA
C06	65	58	68	AACAATACTA
C06	117	16	26	TCTAATATTT
C06	44	41	51	TATACTAGTA
C06	139	54	64	TTTAATAAGA
C06	200	41	51	TTTAATAAGA
C06	142	27	37	TAAAATAAAA
C06	211	0	10	TTCAATATAA
C06	59	9	19	TTTAAGATAA
C06	192	53	63	TTTAAGATAA
C06	113	49	59	AATAATAATT
C06	143	52	62	TTTAATAAAT
C06	154	64	74	TATCATATCA
C06	236	19	29	AAAAATACAA
C06	103	31	41	AGTAATATTG
C06	83	60	70	AAGAATAGTG
C06	11	30	40	GATAACATTA
C06	99	13	23	TAAAATAGTA
C06	209	52	62	TAAAATATAG
C06	24	36	46	TTTAATACTT
C06	38	52	62	GTTAATAAAC
C06	177	28	38	CAAAATACAA
C06	132	55	65	ACTAAGAGAA
C06	114	59	69	GATACTATGT
C06	194	24	34	GATACTATGT
C06	21	30	40	TCCAATATAC
C06	251	25	35	TCTAATAATC
C06	26	45	55	CATAGTAAAA
C06	185	66	76	GGGAATACCA
C06	210	53	63	TAAAATATTC
C06	104	3	13	TGTAATAGAC
C06	50	41	51	TGTAATAATT
C06	133	11	21	TATAAAACTC
C06	118	15	25	AATAAGATGC
C06	230	29	39	TATTATATAT
C06	220	63	73	TATAAGATTG
C06	237	11	21	TTGAATATAC
C06	8	21	31	AATAACATAC
C06	151	69	79	CGTAATATTT
C06	124	18	28	ATTAATAAAT
C06	41	33	43	AATGATAGTA
C06	204	23	33	TATAGTATTT
C06	239	29	39	CAAAATACTC
C06	252	10	20	TTTAAGATTA
C06	40	66	76	TATAAGACAT
C06	47	45	55	TATATTAAAA
C06	52	5	15	ATTAATATGT
C06	105	18	28	ATTAATAGTT
C06	91	32	42	TATCATATTT
C06	126	42	52	GTGAATAGTA
C06	87	23	33	CACAATAATT
C06	212	65	75	TTTAATAAGT
C06	144	60	70	AAGAATATTT
C06	64	62	72	TTGAATAGAT
C06	206	10	20	GCAAATACAC
C06	94	17	27	AAAAATAGGA
C06	19	59	69	CATAACATTG
C06	229	50	60	AAGAATAAAT
C06	161	5	15	ACTAATATGG
C06	163	56	66	TATTATAAAG
C06	160	47	57	TTTAAGACAA
C06	223	9	19	GATATTACTA
C06	80	51	61	TGCAATATTC
C06	219	45	55	ACGAATACAA
C06	224	50	60	AGTAACAGTA
C06	66	40	50	GTGAATAGCT
C06	28	22	32	TAAAACAGAA
C06	88	23	33	ATTCATACAC
C06	170	71	81	TTTATTATAA
C06	173	43	53	AAGAATAACT
C06	150	45	55	TTTAATCTAA
C06	125	44	54	TTTAACAAAG
C06	186	67	77	TTTAACAAAG
C06	101	47	57	TCTGATATTA
C06	169	57	67	TATGCTATAC
C06	255	11	21	TCCAATATTT
C06	226	3	13	ATGAATAGAT
C06	93	42	52	GTGAATAAAT
C06	48	53	63	ATGAATAAAA
C06	155	66	76	CACAACACTT
C06	49	32	42	TCAAATACGA
C06	166	67	77	TCTAGGATAA
C06	129	15	25	GTTAATGCGA
C06	152	45	55	TCTAAGATTG
C06	60	39	49	GTCAATACAA
C06	221	27	37	TCTACTAAAC
C06	76	49	59	TCTTATAAAA
C06	162	14	24	GTTAAGAAGA
C06	0	18	28	AATTATACCT
C06	218	27	37	AATTATACCT
C06	247	20	30	TTTAGTATCG
C06	61	71	81	ATTAATCTAA
C06	135	15	25	TAAACTATTA
C06	141	8	18	GATTATAAGT
C06	140	52	62	CATTATAAGA
C06	62	1	11	ATTAAGAACA
C06	81	62	72	CATAACAGAC
C06	69	26	36	TTAAATATGT
C06	191	71	81	ACAAATAGCA
C06	79	44	54	TCAAATAGCT
C06	205	48	58	GATTAGATTA
C06	36	30	40	CATCGTATAG
C06	9	9	19	AAGAACATGA
C06	42	44	54	TCTCGTAAAA
C06	58	36	46	CATTCTAGAA
C06	106	40	50	TAAACTATGT
C06	71	67	77	TTAAGTACCC
C06	18	8	18	CAGCATATTA
C06	136	31	41	CTGAATAACG
C06	148	20	30	AATGAAACTC
C06	55	17	27	CAAATTAGAA
C06	234	28	38	AAGGAGATTA
C06	217	50	60	TCAAATAAGG
C06	196	2	12	ACGAAAATAA
C06	248	9	19	CCTATTACCT
C06	108	50	60	TAGATCAGCA
C06	203	18	28	TCAAACAGTA
C06	35	28	38	GTGAATGTAG
C06	51	69	79	ATCAAAACCA
C06	145	28	38	GCTACCATCA
C06	70	28	38	GATCTTAGCT
C06	216	39	49	AATGGTAGCC
C06	45	49	59	TGGATGAGAA
C07	6	54	64	TAATTATTTA
C07	75	4	14	TAATTATTTA
C07	209	15	25	TAATTATTTA
C07	192	29	39	TAATTGTTTA
C07	67	48	58	TAATTTTTTA
C07	255	65	75	TAATTTTTTA
C07	62	56	66	TAATTATTTG
C07	14	31	41	TAATTGTTGA
C07	244	26	36	TAATTTTTCA
C07	119	40	50	TAATTATTTT
C07	114	42	52	TAATTCTTCG
C07	151	27	37	TAATTATTAA
C07	186	61	71	GAATTATTTA
C07	231	55	65	TAATTGTTTG
C07	239	62	72	TAATTGTTTG
C07	120	19	29	TAATTCTTAA
C07	2	29	39	TAATCTTTTA
C07	170	65	75	TAATCTTTTA
C07	11	71	81	GAATTCTTTA
C07	206	56	66	TAATCATTGA
C07	69	16	26	TAATTTTTAA
C07	251	69	79	TAATTTTTAA
C07	50	43	53	TAATAATTTA
C07	74	19	29	TAATAATTTA
C07	113	51	61	TAATAATTTA
C07	139	48	58	TAATAATTTA
C07	19	39	49	TAATTCTTGG
C07	200	71	81	TACTTATTTA
C07	224	63	73	TAATTTTTCC
C07	115	17	27	TAATACTTTA
C07	20	32	42	GAATTATTGA
C07	10	15	25	TAATTATCTA
C07	221	68	78	TAATTACTTA
C07	211	58	68	AAATTATTTA
C07	93	36	46	TAATTGGTGA
C07	27	55	65	TAATATTTTA
C07	30	21	31	TAATTATGTA
C07	15	33	43	TAATGATTGA
C07	184	29	39	TAATGATTGA
C07	194	14	24	TAATTATTAC
C07	0	48	58	TAATTGTTGT
C07	123	70	80	TAATTGTTAC
C07	223	17	27	TAATTTTTCT
C07	32	62	72	AAATTCTTTA
C07	191	61	71	TAATTCCTTA
C07	58	69	79	TAATTTGTTA
C07	3	50	60	TAATCATTTT
C07	45	25	35	TAATTTGTGA
C07	135	60	70	TAATTTCTTA
C07	248	41	51	TAATTTCTTA
C07	249	65	75	TAATGTTTTT
C07	108	24	34	TAATTAATTA
C07	110	66	76	GAATTTTTCA
C07	7	48	58	TAATTATATA
C07	146	53	63	TAATTATATA
C07	203	59	69	TAATCTTTTT
C07	155	56	66	TACTCCTTTA
C07	109	3	13	TCATTATTTC
C07	63	59	69	TAATTCTATA
C07	169	26	36	GAATTTTTTG
C07	36	15	25	TAATGGTTCT
C07	44	63	73	TAATTTTTAT
C07	156	34	44	TAATTTTTAT
C07	175	18	28	TAATTTTTAT
C07	34	50	60	TAGTTGTTTC
C07	132	23	33	TAACTTTTTA
C07	174	63	73	TAACTTTTTA
C07	213	6	16	TAACTTTTTA
C07	89	29	39	TAATTCTCAA
C07	61	61	71	TAATTGTATA
C07	12	7	17	TAGTTATTTG
C07	162	27	37	AAATTCTTCA
C07	33	57	67	TAAGTATTCA
C07	177	15	25	TAAGTATTCA
C07	240	31	41	TAATATTTTC
C07	64	37	47	TAATAATTAA
C07	173	21	31	TAATAATTAA
C07	252	18	28	TAATAATTAA
C07	140	7	17	TAAGTTTTTC
C07	163	42	52	TAATTTTATA
C07	106	55	65	AAATTATTGA
C07	228	63	73	AAATTATTGA
C07	245	70	80	CAATTATTGA
C07	183	26	36	GAATTACTTA
C07	98	27	37	TAATATTTTG
C07	56	43	53	TAATTATCGA
C07	150	30	40	TAATTATCGA
C07	199	26	36	CAATGATTTC
C07	180	41	51	GAATAATTTA
C07	129	4	14	CAATTGTTAA
C07	80	0	10	TATTTCTTTG
C07	95	19	29	TAATATTTGA
C07	178	35	45	TAATATTTGA
C07	222	16	26	TAATTAGTAA
C07	105	2	12	TAGTTATTGA
C07	99	31	41	TAATTACTTT
C07	142	62	72	TAATTACTTT
C07	204	61	71	AAATTATTTT
C07	24	38	48	TAATACTTAA
C07	181	16	26	TAATACTTAA
C07	72	43	53	TAATTACTAA
C07	83	14	24	TAATTATGAG
C07	116	67	77	AAATTTTTTC
C07	136	36	46	TAACGATTTA
C07	104	43	53	TCATTATTTT
C07	202	44	54	AAATTTTTTG
C07	190	59	69	TAATATTTAA
C07	145	64	74	TAAATTTTTA
C07	39	66	76	TAATTGGTAA
C07	179	5	15	AAATGTTTTA
C07	65	44	54	CAATAATTTA
C07	124	62	72	CAATAATTTA
C07	127	32	42	TGATTTTTTT
C07	49	19	29	TAATTATACA
C07	31	17	27	TCATTATTTG
C07	214	40	50	TATTTGTTTC
C07	238	48	58	TAATTAATTC
C07	53	55	65	AAATTTTTGA
C07	185	0	10	TAATTTCTCT
C07	4	28	38	TAATAAGTTA
C07	102	27	37	TAATAGTGTA
C07	254	42	52	TAATCTTGTA
C07	97	39	49	GAGTTATTTT
C07	226	60	70	TAATGTTTAG
C07	25	16	26	TAATTATAGA
C07	201	51	61	TAATTTGTAA
C07	253	46	56	TAATCATTAT
C07	117	18	28	TAATATTTCC
C07	159	30	40	TGATTAGTTA
C07	87	61	71	TAATTTCTAA
C07	23	61	71	TAAGTTTTGA
C07	101	71	81	GAATCATTGT
C07	233	15	25	TATTTATTTT
C07	96	49	59	TAATACTTAG
C07	41	52	62	TAATTTTGAG
C07	172	44	54	TTATTATTTG
C07	57	60	70	TAATCATATA
C07	157	24	34	TGATTATTCC
C07	81	25	35	TAAGTTTTTT
C07	216	11	21	TTATGGTTTA
C07	38	32	42	TAATTATATT
C07	168	13	23	TAAGAATTTA
C07	59	40	50	GCATTGTTGA
C07	196	54	64	TCATCGTTGC
C07	167	25	35	TACTTCTCTC
C07	77	32	42	TATTTCTTTT
C07	241	34	44	TAATGCGTTT
C07	51	38	48	TAATTCTAGA
C07	152	39	49	GAATTTTCTA
C07	13	52	62	TCATTCTTAA
C07	160	24	34	TAATTGATTT
C07	164	56	66	TTATTATTTT
C07	149	64	74	TAATCCCTTT
C07	47	60	70	TAGTACTTTA
C07	133	57	67	TAATGCTCGA
C07	247	3	13	TATTTTTTGA
C07	187	26	36	TACTTATCTC
C07	73	16	26	TGGTTCTTTA
C07	125	59	69	TAATAATTAG
C07	21	20	30	TAATTTATGA
C07	46	9	19	TAATATTTCT
C07	17	31	41	TAATGGTCTA
C07	82	29	39	GAATTTTGTA
C07	144	28	38	TAACTTTTTT
C07	29	42	52	TAATTCATCG
C07	148	48	58	TAATTCCTAG
C07	37	6	16	TAATTTTATC
C07	210	63	73	GAATGATTAA
C07	66	21	31	AAATGATTTT
C07	137	30	40	TTATTTTTGA
C07	122	50	60	CAATTATTAC
C07	35	45	55	TAGTTACTTA
C07	86	15	25	TAATTCGGTA
C07	143	34	44	GAATAATTTG
C07	227	65	75	TTATTCTTAA
C07	250	49	59	TTATCTTTTA
C07	232	10	20	TAGCTATTTA
C07	197	66	76	TACTTTTTCT
C07	166	63	73	TAATTCTAGG
C07	234	49	59	TAATTACGTG
C07	246	3	13	TACTAATTCA
C07	212	67	77	TAATAAGTTC
C07	16	50	60	GAATAATTAA
C07	161	19	29	GAGTCATTTA
C07	237	69	79	TAATTTGGTA
C07	26	56	66	TCTTTGTTTA
C07	100	52	62	TAAATTTTGA
C07	131	64	74	AAATCATTAA
C07	242	14	24	TACCTGTTTA
C07	138	23	33	TATTACTTTA
C07	230	25	35	AAATTATTAT
C07	71	50	60	TCATTATTAT
C07	215	33	43	TCATTATTAT
C07	85	22	32	TAATACTTAC
C07	54	39	49	GAATTATGTT
C07	188	2	12	GAATTATGTT
C07	79	27	37	TCATAATTGA
C07	225	32	42	TAAATATTCG
C07	154	10	20	TAAATTTTAA
C07	111	15	25	CCCTTATTTA
C07	76	1	11	CAATAATTGA
C07	103	59	69	TAAAAATTTA
C07	236	48	58	TTATCATTTG
C07	220	59	69	TAATTATAAG
C07	60	21	31	TGATGTTTGA
C07	22	12	22	AAATAGTTGA
C07	207	32	42	TAATCTTGAA
C07	88	18	28	TAGTCATTCA
C07	219	20	30	AAAGCGTTTA
C07	235	70	80	AAATTCTTAC
C07	153	18	28	TAATAGTCTC
C07	91	24	34	AGATCATTTA
C07	176	27	37	GAGTTTCTTA
C07	198	44	54	TACTGTTTCG
C07	126	62	72	TAAGAATTGA
C07	147	46	56	TAGTGTTTAG
C07	43	3	13	TAACAATTGA
C07	182	36	46	TAACAATTGA
C07	92	67	77	TAATAATCTT
C07	229	56	66	AAATGTGTTA
C07	18	55	65	TAACGATTCT
C07	40	56	66	TAACGATTCT
C07	28	13	23	TAATTCATGT
C07	218	57	67	TAATCCTACG
C07	189	17	27	GTATCCTTTA
C07	84	30	40	TAAGAATTTG
C07	205	56	66	TATTAATTGA
C07	9	25	35	TAGTCGTTTG
C07	78	15	25	CAATTCGTTT
C07	243	9	19	CTATGTTTTA
C07	42	17	27	TGATCTTTGT
C07	134	28	38	TGATAGTTGA
C07	90	40	50	CAACTATTAA
C07	193	15	25	GAATAACTTC
C07	107	68	78	TAAATTCTCA
C07	68	28	38	AAATTATATG
C07	52	65	75	TCATTATGAA
C07	141	3	13	TCATCGATTA
C07	70	18	28	GAATTTTAAA
C07	128	14	24	AAGTGGTTTG
C07	55	51	61	TAATTTCGAA
C07	217	43	53	AAATAGCTCA
C07	171	17	27	AAATTATATT
C07	8	39	49	TCGTAATTTA
C07	130	37	47	AAATTTTATG
C07	195	59	69	AAATCAGTTT
C07	158	32	42	TACGGATTGA
C07	208	60	70	GAATTTTACT
C07	94	43	53	TAAGTAGTAG
C07	112	43	53	TATTGGGTAG
C07	1	36	46	TAAATGGCGA
C07	48	60	70	AAACCGCTGC
C08	255	17	27	ATTTTTTTTT
C08	77	33	43	ATTTCTTTTT
C08	249	25	35	ATTTCTTTTT
C08	78	17	27	ATTCGTTTTT
C08	244	62	72	ATTGTTTTTT
C08	212	44	54	ATTGGTTTTT
C08	210	13	23	ACTCTTTTTT
C08	246	16	26	AGTTCTTTTT
C08	97	40	50	AGTTATTTTT
C08	99	33	43	ATTACTTTTT
C08	81	27	37	AGTTTTTTTG
C08	62	15	25	AATGTTTTTT
C08	175	20	30	ATTTTTATTT
C08	3	55	65	ATTTTTTTTA
C08	64	17	27	ATTTGTATTT
C08	103	37	47	ATTGTGTTTT
C08	214	41	51	ATTTGTTTCT
C08	116	69	79	ATTTTTTCTT
C08	169	28	38	ATTTTTTGTT
C08	204	62	72	AATTATTTTT
C08	86	58	68	ATTTGTTGTT
C08	142	2	12	ATTTGTTGTT
C08	44	61	71	ATTAATTTTT
C08	185	2	12	ATTTCTCTTG
C08	63	28	38	ATTACTCTTT
C08	183	69	79	AGTTTTATTT
C08	178	17	27	ATTGGTTTTA
C08	2	11	21	ATTTATCTTT
C08	38	16	26	CTTCGTTTTT
C08	170	28	38	ATTGTTTTTG
C08	46	65	75	ATTCTTTGTT
C08	42	34	44	ATTTATTTTG
C08	153	3	13	ATTTATTTTG
C08	157	48	58	ACTTTTCTTT
C08	201	35	45	ACTTTTCTTT
C08	127	30	40	AATGATTTTT
C08	114	15	25	ATTTTTTTGT
C08	150	54	64	ATTTCGTTTT
C08	34	51	61	AGTTGTTTCT
C08	137	29	39	ATTATTTTTG
C08	50	48	58	ATTTATATTT
C08	233	16	26	ATTTATTTTA
C08	73	14	24	ATTGGTTCTT
C08	26	54	64	ACTCTTTGTT
C08	140	61	71	ATTTCTTATT
C08	98	57	67	AATTTTATTT
C08	193	52	62	AATTTTATTT
C08	172	43	53	ATTATTATTT
C08	211	33	43	ATTACTGTTT
C08	104	45	55	ATTATTTTTA
C08	146	22	32	ATTTCTCCTT
C08	240	9	19	ATTTCTCCTT
C08	203	60	70	AATCTTTTTC
C08	159	0	10	ATTTCTATTG
C08	14	10	20	ATTGATTTTA
C08	160	26	36	ATTGATTTTA
C08	18	60	70	ATTCTTCTTG
C08	109	41	51	ATTTTTTTAT
C08	31	46	56	ATTTGTTTAT
C08	164	58	68	ATTATTTTCT
C08	224	61	71	AATAATTTTT
C08	223	15	25	ACTAATTTTT
C08	72	51	61	AATAGTGTTT
C08	101	1	11	AATGTTTTTA
C08	176	24	34	ATTGAGTTTC
C08	138	0	10	ATTTTTGCTT
C08	241	35	45	AATGCGTTTT
C08	13	61	71	AATGTTTTTG
C08	231	5	15	GTTTCTGTTT
C08	122	71	81	ATCCATTTTT
C08	119	41	51	AATTATTTTG
C08	209	20	30	ATTTATTATT
C08	80	57	67	ATTCTATTTT
C08	58	45	55	ATTCAGTTTT
C08	239	1	11	ATCTCTTTTA
C08	202	45	55	AATTTTTTGT
C08	105	0	10	ATTAGTTATT
C08	189	41	51	ATTAGTGTTG
C08	154	19	29	ATTTATGTTG
C08	54	49	59	ATGTTTATTT
C08	167	26	36	ACTTCTCTCT
C08	200	11	21	AGTTTATTTT
C08	76	18	28	ATTCTTGGTT
C08	6	39	49	AATAGTTTTG
C08	243	5	15	ATTCCTATGT
C08	247	1	11	GGTATTTTTT
C08	57	40	50	AGTACTTGTT
C08	145	67	77	ATTTTTATCT
C08	207	17	27	ACTTGTTATT
C08	166	39	49	ATCTTTATTT
C08	129	67	77	ATTTGTTGTA
C08	186	11	21	ATTTGTATCT
C08	161	52	62	ATTTTGTTTG
C08	133	3	13	AATATTTTTA
C08	23	9	19	ATTTATTTAT
C08	93	25	35	ATTTATTTAT
C08	187	53	63	AATAGTTTTA
C08	190	43	53	AATAGTATTT
C08	90	58	68	ATTTCACTTT
C08	47	26	36	ACTTTTTGTG
C08	27	11	21	ATCAATTTTT
C08	21	70	80	AATTTTATTC
C08	141	48	58	AATCTCTTTG
C08	216	47	57	CCTCGTTTTG
C08	149	65	75	AATCCCTTTG
C08	199	3	13	ATCTCTTCTC
C08	134	44	54	ATTAGATTTT
C08	218	70	80	ATGAGTTGTT
C08	56	35	45	GGTTCTTTTA
C08	106	29	39	AGTTATATTG
C08	67	49	59	AATTTTTTAT
C08	69	18	28	ATTTTTAATT
C08	248	43	53	ATTTCTTATC
C08	94	56	66	ATTCTTACTT
C08	227	64	74	ATTATTCTTA
C08	66	22	32	AATGATTTTG
C08	144	66	76	ATTTATGGTT
C08	29	21	31	ACGATTTTTT
C08	0	1	11	AATCATTTTA
C08	25	25	35	ATTCCTTGTA
C08	92	51	61	AGCTCTTGTT
C08	37	40	50	ATTTATATTA
C08	245	32	42	AGTCCCTTTG
C08	124	50	60	AATCACTTTT
C08	174	61	71	ATTAACTTTT
C08	17	9	19	AGGTTTCTTT
C08	238	50	60	ATTAATTCTC
C08	118	29	39	AATATCTTTT
C08	108	5	15	AATTTTATTA
C08	148	10	20	AATTTTATTA
C08	222	48	58	ATTAATTTGT
C08	32	18	28	ACTCGTATGT
C08	228	47	57	AATCATTCTT
C08	35	9	19	ATTCGTAGTG
C08	132	22	32	ATAACTTTTT
C08	151	22	32	ATTCTTAATT
C08	100	5	15	ATTGGGTTGT
C08	60	52	62	ATGTATATTT
C08	121	30	40	ACTACGCTTT
C08	51	23	33	AATGTTGTTG
C08	10	35	45	AGTGTTATGT
C08	139	24	34	ATTACTATTA
C08	1	14	24	CTTTCTTTTA
C08	61	16	26	AACTCTTTTA
C08	74	8	18	AGTTATTATG
C08	179	6	16	AATGTTTTAT
C08	113	56	66	ATTTAGTTTG
C08	220	30	40	ATCCGGTTTT
C08	237	71	81	ATTTGGTATT
C08	252	48	58	ATTTCTATGC
C08	70	14	24	ATTTGAATTT
C08	152	35	45	ATTTGAATTT
C08	156	65	75	AATCGTATTG
C08	173	71	81	GTTTGTTGTT
C08	79	1	11	ATTCACTGTG
C08	15	38	48	ATTGATGCTT
C08	195	44	54	ATTATGTTTG
C08	130	39	49	ATTTTATGTT
C08	11	7	17	ATTTATTTGA
C08	188	3	13	AATTATGTTA
C08	250	46	56	ATTTTATCTT
C08	197	67	77	ACTTTTTCTA
C08	242	67	77	ATTTCCTCTA
C08	128	15	25	AGTGGTTTGA
C08	19	40	50	AATTCTTGGT
C08	253	26	36	AGTTACATTT
C08	84	54	64	GTTTCATTTT
C08	22	28	38	ATACGCTTTT
C08	135	62	72	ATTTCTTACT
C08	205	54	64	ATTATTAATT
C08	12	8	18	AGTTATTTGG
C08	136	41	51	ATTTATTTAG
C08	88	34	44	GATCATCTTT
C08	117	64	74	AGTTGTATGT
C08	7	16	26	ATTTTGGTTA
C08	43	44	54	GGTCTTCTTT
C08	36	16	26	AATGGTTCTA
C08	226	33	43	ATTCGTTCAT
C08	234	0	10	AAGGGTTATT
C08	75	41	51	ATTGTCTTTA
C08	65	33	43	AACCGTTTTA
C08	162	29	39	ATTCTTCATC
C08	163	44	54	ATTTTATATT
C08	236	4	14	ACACGTTTTA
C08	123	71	81	AATTGTTACT
C08	229	58	68	ATGTGTTATA
C08	120	70	80	AGTCTCATTT
C08	225	34	44	AATATTCGTT
C08	107	71	81	ATTCTCATTC
C08	196	56	66	ATCGTTGCTT
C08	24	9	19	ACTATTATTG
C08	96	19	29	AATAGTCTTC
C08	219	22	32	AGCGTTTATC
C08	177	17	27	AGTATTCATT
C08	52	63	73	ACTCATTATG
C08	230	2	12	AGTTTGTATT
C08	8	5	15	ATTCTGATTG
C08	102	55	65	ATTAGCCTTT
C08	87	56	66	AATGGTAATT
C08	215	56	66	ACTGCCTTTT
C08	191	6	16	AACATTTTTA
C08	89	63	73	CGTGGGTTTA
C08	30	26	36	ATGTATATTG
C08	168	37	47	AATCGCATTG
C08	184	12	22	AGTATGTTTA
C08	53	53	63	AAAAATTTTT
C08	39	17	27	ATCCGCATTT
C08	206	2	12	ATTATTCTGC
C08	49	4	14	CTATGTTTTG
C08	115	0	10	AGTTCCATGT
C08	40	57	67	AACGATTCTT
C08	251	47	57	ACCCCTCTGA
C08	83	66	76	AGTGCTATAC
C08	82	25	35	ACGCGAATTT
C08	221	70	80	ATTACTTACT
C08	208	61	71	AATTTTACTG
C08	147	47	57	AGTGTTTAGC
C08	5	45	55	AATATTCTAT
C08	71	19	29	ACTTCGATTG
C08	235	22	32	CATGTTTATT
C08	158	70	80	CGGAGTTTTG
C08	9	54	64	AACTTTCCTC
C08	232	8	18	AATAGCTATT
C08	91	38	48	ATTTTCAATG
C08	198	45	55	ACTGTTTCGT
C08	180	26	36	ATAACTTATT
C08	125	51	61	AAGGTTATTA
C08	194	61	71	GTTCATGCTC
C08	95	55	65	ATTTGAATGT
C08	28	15	25	ATTCATGTAA
C08	181	39	49	ACTAGTCTAT
C08	55	2	12	ACGTATCTTG
C08	4	56	66	ACTTAGTTCG
C08	111	9	19	AAGGTTCCCT
C08	110	15	25	ACGGGTTCTG
C08	16	8	18	ATGTGCCACT
C08	182	9	19	ATTGGTAAGG
C08	171	30	40	AGGCTTTAGT
C09	108	69	79	TTTATTTAAT
C09	17	12	22	TTTCTTTAAT
C09	0	11	21	TTTCTTTAAT
C09	26	58	68	TTTGTTTAAT
C09	46	69	79	TTTGTTTAAT
C09	3	70	80	TTATTTTAAT
C09	7	70	80	TTTATTTAAC
C09	1	16	26	TTCTTTTAAT
C09	56	37	47	TTCTTTTAAT
C09	96	38	48	TTAATTTAAC
C09	252	6	16	TTTATTTAAG
C09	11	8	18	TTTATTTGAT
C09	170	33	43	TTTTGTTAAT
C09	123	53	63	GTTATTTAAT
C09	31	65	75	CTCATTTAAT
C09	60	15	25	TTAATTTGAT
C09	32	29	39	GTGTTTTAAT
C09	21	63	73	TTAATTGAAT
C09	119	43	53	TTATTTTGAT
C09	150	41	51	CTCTTTTAAT
C09	74	13	23	TTATGTTAAT
C09	142	18	28	TTAATTCAAT
C09	143	4	14	TTAATTCAAT
C09	191	55	65	TTCAGTTAAT
C09	148	13	23	TTTATTAAAT
C09	153	40	50	GTAATTTAAT
C09	37	0	10	TGTATTTAAT
C09	203	33	43	TGTATTTAAT
C09	106	19	29	GTTATTTAAC
C09	34	19	29	TTTATCTAAT
C09	99	22	32	ATTATTTAAT
C09	190	36	46	ATTATTTAAT
C09	206	50	60	ATTATTTAAT
C09	200	13	23	TTTATTTTAT
C09	233	17	27	TTTATTTTAT
C09	192	49	59	TTAGTTTAAG
C09	197	69	79	TTTTTCTAAT
C09	75	17	27	TTTATGTAAT
C09	54	53	63	TTATTTTCAT
C09	241	8	18	TTTCTTAAAT
C09	80	3	13	TTCTTTGAAT
C09	63	36	46	TTCCGTTAAT
C09	226	65	75	TTTAGTGAAT
C09	209	9	19	GTACTTTAAT
C09	212	21	31	TTCCTTCAAT
C09	224	26	36	TGAATTTAAT
C09	204	2	12	TTTATTTACT
C09	69	22	32	TTAATTAAAT
C09	230	10	20	TTAATTGAAC
C09	14	12	22	TGATTTTAAT
C09	104	65	75	TTCGTTGAAC
C09	33	42	52	ATAATTTAAT
C09	139	50	60	ATAATTTAAT
C09	205	69	79	ATAATTTAAT
C09	81	2	12	GTGATTTGAT
C09	62	59	69	TTATTTGAAC
C09	215	2	12	ATATTTTAAT
C09	134	3	13	TTGATTAAAT
C09	185	25	35	TTTTGTTAAG
C09	208	37	47	TTGATCTAAT
C09	160	27	37	TTGATTTTAT
C09	140	10	20	GTTTTTCAAT
C09	186	63	73	ATTATTTAAC
C09	76	22	32	TTGGTTCAAT
C09	59	5	15	GTTATTTAAG
C09	255	68	78	TTTTTTAAAC
C09	220	36	46	TTTTTTCCAC
C09	218	36	46	TTCTTTAAAT
C09	98	21	31	ATGTTTTAAT
C09	93	30	40	TTTATATAAT
C09	25	70	80	TTCGTTAAAT
C09	225	38	48	TTCGTTAAAT
C09	2	31	41	ATCTTTTAAT
C09	43	47	57	CTTCTTTAAG
C09	129	35	45	TTGTTGTAAT
C09	97	43	53	TATTTTTAAT
C09	90	55	65	CTCATTTCAC
C09	156	37	47	TTTTTATAAT
C09	49	70	80	TTCCTTGAAC
C09	92	33	43	TTCTTGTAAT
C09	86	50	60	TTTTTGTGAT
C09	52	1	11	TTCCATTAAT
C09	246	24	34	TTCATTTACT
C09	125	40	50	ATAATTTAAC
C09	180	43	53	ATAATTTAAC
C09	221	13	23	ATAATTTAAC
C09	151	2	12	TTTATTTGAC
C09	193	55	65	TTTATTTGAC
C09	12	67	77	TTTGTTCAAG
C09	231	8	18	TCTGTTTAAT
C09	64	24	34	TTTGTTTGAC
C09	161	54	64	TTTGTTTGAC
C09	8	41	51	GTAATTTAAG
C09	211	38	48	TGTTTTGAAT
C09	223	28	38	GTAATTTCAC
C09	19	66	76	TTGTCTTAAT
C09	201	9	19	TTTATCTCAC
C09	181	58	68	TAAATTTAAT
C09	13	63	73	TGTTTTTGAT
C09	127	35	45	TTTTTTTGAC
C09	210	17	27	TTTTTTTGAC
C09	179	56	66	TTAATATAAT
C09	131	5	15	TTTAGTAAAT
C09	138	48	58	TTATGTTCAT
C09	228	65	75	ATTATTGAAT
C09	44	23	33	GTTGTTTAAA
C09	249	29	39	CTTTTTGAAT
C09	235	27	37	TTATTATAAT
C09	66	69	79	TTTATTGTAT
C09	137	7	17	GTTATTTTAT
C09	113	27	37	ATAATTTAAG
C09	58	5	15	TTTATTGAGC
C09	144	31	41	CTTTTTTAAA
C09	35	61	71	TTAATTTGAC
C09	29	29	39	TTAGTTTGAC
C09	20	10	20	TTAGTATAAT
C09	114	17	27	TTTTTTGTAT
C09	244	68	78	TTTTTTGTAT
C09	169	35	45	GTTTTTTTAT
C09	23	49	59	TTTTATGAAT
C09	175	41	51	ATTATTTCAT
C09	135	67	77	TTACTTAAAG
C09	39	44	54	TTAATTTAGC
C09	24	32	42	TAGCTTTAAT
C09	149	23	33	TTAAATTAAG
C09	109	44	54	TTTTTATAAC
C09	243	69	79	TTGATTCCAC
C09	9	57	67	TTTCCTCAAA
C09	122	44	54	GTATCTCAAT
C09	67	71	81	TTAATCGAAT
C09	172	62	72	TTTTCGTAAT
C09	178	19	29	TGGTTTTAAC
C09	120	13	23	TTCGTATAAT
C09	107	50	60	TTCCGTTGAG
C09	187	34	44	TCACCTTAAT
C09	196	60	70	TTGCTTTACC
C09	133	44	54	TTGCTTTGAC
C09	152	21	31	ATACTTTGAT
C09	250	28	38	TTACTTCTAT
C09	70	37	47	TATCTTTAAC
C09	168	30	40	ATAATTCAAT
C09	247	63	73	TTATATTGAT
C09	110	19	29	GTTCTGTAAT
C09	71	62	72	TTACATTAAG
C09	117	68	78	GTATGTTAAT
C09	84	56	66	TTCATTTTAG
C09	145	50	60	AGTTTTTAAT
C09	199	29	39	TGATTTCAAT
C09	174	66	76	CTTTTTAAAT
C09	214	17	27	TTAAATCAAT
C09	183	50	60	TTAATCTAAA
C09	194	33	43	TTAGTGTCAC
C09	83	42	52	ATACTTCAAT
C09	198	70	80	CTATCTTAAT
C09	50	37	47	CTTTTGTAAT
C09	239	2	12	TCTCTTTTAC
C09	216	5	15	TTATCTTTAT
C09	245	53	63	TGCATTTGAT
C09	78	3	13	TTAAATTAAA
C09	157	52	62	TTCTTTTGAC
C09	121	38	48	TTACATCAAT
C09	176	20	30	TTATATTGAG
C09	242	68	78	TTTCCTCTAT
C09	57	19	29	TTACATGAAT
C09	154	15	25	TTTAATTTAT
C09	47	44	54	TTATATTAAA
C09	16	44	54	TATTTTGAAT
C09	217	33	43	TTAAGTAAAC
C09	51	60	70	TTTATTTAGA
C09	136	42	52	TTTATTTAGA
C09	28	16	26	TTCATGTAAA
C09	91	37	47	TATTTTCAAT
C09	18	15	25	TTACTCTTAT
C09	88	65	75	ATAATTAAAT
C09	101	23	33	ATAATTAAAT
C09	111	46	56	ATAATTAAAT
C09	240	37	47	TTTCCTAGAG
C09	38	48	58	TCCTGTTAAT
C09	128	16	26	GTGGTTTGAC
C09	173	33	43	TTTGTGGAAA
C09	15	6	16	ATAAATTAAT
C09	141	66	76	TGTATGTAAT
C09	147	0	10	ATAAGTGAAT
C09	55	32	42	ATATTTTTAT
C09	237	50	60	TTCCTGTAAA
C09	202	47	57	TTTTTTGTAG
C09	40	62	72	TTCTTATAAG
C09	82	33	43	TTTGTACAAC
C09	102	47	57	ATGTTCTAAT
C09	6	56	66	ATTATTTAGT
C09	251	71	81	ATTTTTAAAC
C09	219	34	44	TTTAGGTAAG
C09	72	34	44	TTACTACAAT
C09	112	0	10	TTACGTTAGT
C09	155	26	36	TTACCTAAAG
C09	248	13	23	TTACCTAAAG
C09	213	9	19	CTTTTTAAAC
C09	22	31	41	CGCTTTTAAC
C09	253	54	64	ATCAATTAAT
C09	105	43	53	TTTTCGCAAC
C09	132	7	17	ATTATGTGAT
C09	115	55	65	ATACATTAAT
C09	146	25	35	TCTCCTTCAT
C09	45	60	70	TTGACTAAAT
C09	163	55	65	TTATTATAAA
C09	184	0	10	GTTATTACAT
C09	222	40	50	ATGTTGTAAT
C09	10	64	74	TTCCTTATAT
C09	4	58	68	TTAGTTCGAA
C09	89	64	74	GTGGGTTTAT
C09	254	23	33	TTTCTGGAAG
C09	195	50	60	TTTGTTAGAA
C09	79	56	66	ATTATTAGAT
C09	42	55	65	TGAGGTAAAT
C09	61	63	73	ATTGTATAAT
C09	227	67	77	ATTCTTAAAG
C09	65	23	33	CTATTATAAT
C09	5	54	64	TTCGGATAAC
C09	162	33	43	TTCATCAAAG
C09	171	38	48	GTCAGTTAAT
C09	27	16	26	TTTTTGTAGC
C09	165	47	57	AGAGTTTCAT
C09	166	22	32	TTATATCGAT
C09	73	34	44	CTTATTACAT
C09	130	41	51	TTTATGTTAG
C09	77	36	46	TCTTTTTGAC
C09	118	49	59	TTGCCTGAAG
C09	177	52	62	ATATTCTAAC
C09	124	56	66	TTTTAGCAAT
C09	116	12	22	AGTGCTCAAT
C09	189	20	30	TCCTTTAAAC
C09	68	10	20	TCCAGTTAAG
C09	95	58	68	TGAATGTAAC
C09	87	16	26	TGAATTACAC
C09	100	24	34	TCAATTTGAA
C09	48	0	10	GTGTCTCCAC
C09	30	24	34	TTATGTATAT
C09	126	38	48	AGAGGTGAAT
C09	188	5	15	TTATGTTAGG
C09	103	43	53	TTTTTCTCGC
C09	85	39	49	TGACTATAAT
C09	159	39	49	ATTATGTAGT
C09	167	30	40	CTCTCTCCAA
C09	229	7	17	CTACATCAAG
C09	94	46	56	GTAGTAGGAT
C09	36	23	33	CTAGATCCAT
C09	234	67	77	ATTATGTCAG
C10	28	9	19	CATATAATTC
C10	29	38	48	CATATAATTC
C10	42	68	78	CATATAATTC
C10	47	15	25	CATATAATTC
C10	51	34	44	CATATAATTC
C10	63	55	65	CATATAATTC
C10	75	31	41	CATATAATTC
C10	86	11	21	CATATAATTC
C10	89	25	35	CATATAATTC
C10	123	22	32	CATATAATTC
C10	151	11	21	CATATAATTC
C10	166	59	69	CATATAATTC
C10	191	48	58	CATATAATTC
C10	216	58	68	CATATAATTC
C10	228	24	34	CATATAATTC
C10	5	40	50	CATATAATAT
C10	13	10	20	CATATAATAT
C10	27	51	61	CATATAATAT
C10	31	7	17	CATATAATAT
C10	32	47	57	CATATAATAT
C10	39	30	40	CATATAATAT
C10	46	5	15	CATATAATAT
C10	67	29	39	CATATAATAT
C10	78	51	61	CATATAATAT
C10	97	5	15	CATATAATAT
C10	107	15	25	CATATAATAT
C10	109	26	36	CATATAATAT
C10	112	59	69	CATATAATAT
C10	130	68	78	CATATAATAT
C10	147	37	47	CATATAATAT
C10	157	61	71	CATATAATAT
C10	159	11	21	CATATAATAT
C10	176	44	54	CATATAATAT
C10	178	45	55	CATATAATAT
C10	184	39	49	CATATAATAT
C10	190	55	65	CATATAATAT
C10	195	34	44	CATATAATAT
C10	199	60	70	CATATAATAT
C10	207	58	68	CATATAATAT
C10	233	8	18	CATATAATAT
C10	235	7	17	CATATAATAT
C10	238	69	79	CATATAATAT
C10	246	69	79	CATATAATAT
C10	12	48	58	CATATAATAC
C10	22	22	32	CATATAATAC
C10	35	70	80	CATATAATAC
C10	53	65	75	CATATAATAC
C10	68	66	76	CATATAATAC
C10	85	18	28	CATATAATAC
C10	100	62	72	CATATAATAC
C10	115	13	23	CATATAATAC
C10	121	15	25	CATATAATAC
C10	167	57	67	CATATAATAC
C10	179	32	42	CATATAATAC
C10	181	12	22	CATATAATAC
C10	187	12	22	CATATAATAC
C10	198	61	71	CATATAATAC
C10	208	5	15	CATATAATAC
C10	225	22	32	CATATAATAC
C10	0	33	43	CATATAATTT
C10	19	7	17	CATATAATTT
C10	21	16	26	CATATAATTT
C10	23	42	52	CATATAATTT
C10	33	39	49	CATATAATTT
C10	41	48	58	CATATAATTT
C10	45	21	31	CATATAATTT
C10	52	47	57	CATATAATTT
C10	55	47	57	CATATAATTT
C10	58	65	75	CATATAATTT
C10	69	12	22	CATATAATTT
C10	70	8	18	CATATAATTT
C10	72	63	73	CATATAATTT
C10	80	17	27	CATATAATTT
C10	103	11	21	CATATAATTT
C10	113	24	34	CATATAATTT
C10	118	41	51	CATATAATTT
C10	120	46	56	CATATAATTT
C10	125	37	47	CATATAATTT
C10	135	56	66	CATATAATTT
C10	137	40	50	CATATAATTT
C10	143	45	55	CATATAATTT
C10	148	5	15	CATATAATTT
C10	156	30	40	CATATAATTT
C10	163	38	48	CATATAATTT
C10	172	55	65	CATATAATTT
C10	174	46	56	CATATAATTT
C10	200	62	72	CATATAATTT
C10	201	47	57	CATATAATTT
C10	204	41	51	CATATAATTT
C10	205	66	76	CATATAATTT
C10	206	66	76	CATATAATTT
C10	212	57	67	CATATAATTT
C10	221	10	20	CATATAATTT
C10	237	65	75	CATATAATTT
C10	241	61	71	CATATAATTT
C10	245	43	53	CATATAATTT
C10	247	13	23	CATATAATTT
C10	251	65	75	CATATAATTT
C10	255	61	71	CATATAATTT
C10	1	62	72	CATATAATAA
C10	2	51	61	CATATAATAA
C10	4	24	34	CATATAATAA
C10	8	16	26	CATATAATAA
C10	17	63	73	CATATAATAA
C10	34	7	17	CATATAATAA
C10	43	13	23	CATATAATAA
C10	50	14	24	CATATAATAA
C10	54	71	81	CATATAATAA
C10	64	33	43	CATATAATAA
C10	92	63	73	CATATAATAA
C10	122	19	29	CATATAATAA
C10	124	42	52	CATATAATAA
C10	126	10	20	CATATAATAA
C10	139	44	54	CATATAATAA
C10	145	7	17	CATATAATAA
C10	146	41	51	CATATAATAA
C10	162	49	59	CATATAATAA
C10	173	17	27	CATATAATAA
C10	182	46	56	CATATAATAA
C10	193	64	74	CATATAATAA
C10	203	52	62	CATATAATAA
C10	213	57	67	CATATAATAA
C10	219	61	71	CATATAATAA
C10	227	20	30	CATATAATAA
C10	242	50	60	CATATAATAA
C10	16	21	31	CATATAATAG
C10	20	42	52	CATATAATAG
C10	57	32	42	CATATAATAG
C10	73	48	58	CATATAATAG
C10	96	14	24	CATATAATAG
C10	98	38	48	CATATAATAG
C10	102	23	33	CATATAATAG
C10	116	53	63	CATATAATAG
C10	127	44	54	CATATAATAG
C10	153	14	24	CATATAATAG
C10	164	46	56	CATATAATAG
C10	165	39	49	CATATAATAG
C10	183	5	15	CATATAATAG
C10	188	45	55	CATATAATAG
C10	243	58	68	CATATAATAG
C10	6	50	60	CATATAATTA
C10	7	44	54	CATATAATTA
C10	10	11	21	CATATAATTA
C10	30	17	27	CATATAATTA
C10	38	28	38	CATATAATTA
C10	40	13	23	CATATAATTA
C10	49	15	25	CATATAATTA
C10	56	63	73	CATATAATTA
C10	66	8	18	CATATAATTA
C10	76	66	76	CATATAATTA
C10	82	60	70	CATATAATTA
C10	83	10	20	CATATAATTA
C10	84	41	51	CATATAATTA
C10	88	62	72	CATATAATTA
C10	95	29	39	CATATAATTA
C10	99	65	75	CATATAATTA
C10	101	20	30	CATATAATTA
C10	105	12	22	CATATAATTA
C10	108	20	30	CATATAATTA
C10	111	43	53	CATATAATTA
C10	114	4	14	CATATAATTA
C10	119	36	46	CATATAATTA
C10	131	18	28	CATATAATTA
C10	132	70	80	CATATAATTA
C10	134	38	48	CATATAATTA
C10	136	18	28	CATATAATTA
C10	142	43	53	CATATAATTA
C10	150	26	36	CATATAATTA
C10	155	19	29	CATATAATTA
C10	169	71	81	CATATAATTA
C10	194	10	20	CATATAATTA
C10	211	14	24	CATATAATTA
C10	214	10	20	CATATAATTA
C10	215	15	25	CATATAATTA
C10	217	26	36	CATATAATTA
C10	222	12	22	CATATAATTA
C10	230	42	52	CATATAATTA
C10	234	45	55	CATATAATTA
C10	240	23	33	CATATAATTA
C10	248	28	38	CATATAATTA
C10	253	38	48	CATATAATTA
C10	106	65	75	CATATAATCC
C10	129	49	59	CATATAATCC
C10	149	60	70	CATATAATCC
C10	218	53	63	CATATAATCC
C10	220	6	16	CATATAATCC
C10	11	48	58	CATATAATCT
C10	62	40	50	CATATAATCT
C10	128	25	35	CATATAATCT
C10	152	56	66	CATATAATCT
C10	168	48	58	CATATAATCT
C10	170	61	71	CATATAATCT
C10	177	42	52	CATATAATCT
C10	185	42	52	CATATAATCT
C10	254	38	48	CATATAATCT
C10	14	27	37	CATATAATTG
C10	61	57	67	CATATAATTG
C10	71	30	40	CATATAATTG
C10	104	30	40	CATATAATTG
C10	110	54	64	CATATAATTG
C10	154	30	40	CATATAATTG
C10	160	20	30	CATATAATTG
C10	189	52	62	CATATAATTG
C10	192	25	35	CATATAATTG
C10	231	51	61	CATATAATTG
C10	244	56	66	CATATAATTG
C10	3	46	56	CATATAATCA
C10	79	37	47	CATATAATCA
C10	90	9	19	CATATAATCA
C10	94	68	78	CATATAATCA
C10	117	40	50	CATATAATCA
C10	144	15	25	CATATAATCA
C10	158	9	19	CATATAATCA
C10	186	51	61	CATATAATCA
C10	196	25	35	CATATAATCA
C10	197	56	66	CATATAATCA
C10	210	26	36	CATATAATCA
C10	232	34	44	CATATAATCA
C10	250	11	21	CATATAATCA
C10	252	70	80	CATATAATCA
C10	59	50	60	CATATAATCG
C10	180	67	77	CATATAATCG
C10	133	53	63	CATATAATGC
C10	138	12	22	CATATAATGC
C10	171	7	17	CATATAATGC
C10	175	57	67	CATATAATGC
C10	9	36	46	CATATAATGT
C10	18	71	81	CATATAATGT
C10	44	15	25	CATATAATGT
C10	60	31	41	CATATAATGT
C10	77	45	55	CATATAATGT
C10	140	34	44	CATATAATGT
C10	141	59	69	CATATAATGT
C10	224	15	25	CATATAATGT
C10	226	56	66	CATATAATGT
C10	249	61	71	CATATAATGT
C10	15	29	39	CATATAATGA
C10	24	20	30	CATATAATGA
C10	25	40	50	CATATAATGA
C10	37	30	40	CATATAATGA
C10	48	47	57	CATATAATGA
C10	91	66	76	CATATAATGA
C10	93	70	80	CATATAATGA
C10	161	63	73	CATATAATGA
C10	202	17	27	CATATAATGA
C10	65	5	15	CATATAATGG
C10	81	38	48	CATATAATGG
C10	87	51	61	CATATAATGG
C10	229	28	38	CATATAATGG
C10	223	52	62	CATATAAATT
C10	239	16	26	TATACAATTT
C10	209	57	67	TATAGAATTT
C10	236	44	54	GATATTATCA
C10	36	50	60	TATATAAAGA
C10	74	27	37	TATATCCTAC
C10	26	60	70	TGTTTAATGT
C11	0	29	39	TTGACATATA
C11	1	58	68	TTGACATATA
C11	2	47	57	TTGACATATA
C11	3	42	52	TTGACATATA
C11	4	20	30	TTGACATATA
C11	5	36	46	TTGACATATA
C11	6	46	56	TTGACATATA
C11	7	40	50	TTGACATATA
C11	8	12	22	TTGACATATA
C11	9	32	42	TTGACATATA
C11	10	7	17	TTGACATATA
C11	11	44	54	TTGACATATA
C11	12	44	54	TTGACATATA
C11	13	6	16	TTGACATATA
C11	14	23	33	TTGACATATA
C11	15	25	35	TTGACATATA
C11	16	17	27	TTGACATATA
C11	17	59	69	TTGACATATA
C11	18	67	77	TTGACATATA
C11	19	3	13	TTGACATATA
C11	20	38	48	TTGACATATA
C11	21	12	22	TTGACATATA
C11	22	18	28	TTGACATATA
C11	23	38	48	TTGACATATA
C11	24	16	26	TTGACATATA
C11	25	36	46	TTGACATATA
C11	26	69	79	TTGACATATA
C11	27	47	57	TTGACATATA
C11	28	5	15	TTGACATATA
C11	29	34	44	TTGACATATA
C11	30	13	23	TTGACATATA
C11	31	3	13	TTGACATATA
C11	32	43	53	TTGACATATA
C11	33	35	45	TTGACATATA
C11	34	3	13	TTGACATATA
C11	35	66	76	TTGACATATA
C11	36	68	78	TTGACATATA
C11	37	26	36	TTGACATATA
C11	38	24	34	TTGACATATA
C11	39	26	36	TTGACATATA
C11	40	9	19	TTGACATATA
C11	41	44	54	TTGACATATA
C11	42	64	74	TTGACATATA
C11	43	9	19	TTGACATATA
C11	44	11	21	TTGACATATA
C11	45	17	27	TTGACATATA
C11	46	1	11	TTGACATATA
C11	47	11	21	TTGACATATA
C11	48	43	53	TTGACATATA
C11	49	11	21	TTGACATATA
C11	50	10	20	TTGACATATA
C11	51	30	40	TTGACATATA
C11	52	43	53	TTGACATATA
C11	53	61	71	TTGACATATA
C11	54	67	77	TTGACATATA
C11	55	43	53	TTGACATATA
C11	56	59	69	TTGACATATA
C11	57	28	38	TTGACATATA
C11	58	61	71	TTGACATATA
C11	59	46	56	TTGACATATA
C11	60	27	37	TTGACATATA
C11	61	53	63	TTGACATATA
C11	62	36	46	TTGACATATA
C11	63	51	61	TTGACATATA
C11	64	29	39	TTGACATATA
C11	65	1	11	TTGACATATA
C11	66	4	14	TTGACATATA
C11	67	25	35	TTGACATATA
C11	68	62	72	TTGACATATA
C11	69	8	18	TTGACATATA
C11	70	4	14	TTGACATATA
C11	71	26	36	TTGACATATA
C11	72	59	69	TTGACATATA
C11	73	44	54	TTGACATATA
C11	74	68	78	TTGACATATA
C11	75	27	37	TTGACATATA
C11	76	62	72	TTGACATATA
C11	77	41	51	TTGACATATA
C11	78	47	57	TTGACATATA
C11	79	33	43	TTGACATATA
C11	80	13	23	TTGACATATA
C11	81	34	44	TTGACATATA
C11	82	56	66	TTGACATATA
C11	83	6	16	TTGACATATA
C11	84	37	47	TTGACATATA
C11	85	14	24	TTGACATATA
C11	86	7	17	TTGACATATA
C11	87	47	57	TTGACATATA
C11	88	58	68	TTGACATATA
C11	89	21	31	TTGACATATA
C11	90	5	15	TTGACATATA
C11	91	62	72	TTGACATATA
C11	92	59	69	TTGACATATA
C11	93	66	76	TTGACATATA
C11	94	64	74	TTGACATATA
C11	95	25	35	TTGACATATA
C11	96	10	20	TTGACATATA
C11	97	1	11	TTGACATATA
C11	98	34	44	TTGACATATA
C11	99	61	71	TTGACATATA
C11	100	58	68	TTGACATATA
C11	101	16	26	TTGACATATA
C11	102	19	29	TTGACATATA
C11	103	7	17	TTGACATATA
C11	104	26	36	TTGACATATA
C11	105	8	18	TTGACATATA
C11	106	61	71	TTGACATATA
C11	107	11	21	TTGACATATA
C11	108	16	26	TTGACATATA
C11	109	22	32	TTGACATATA
C11	110	50	60	TTGACATATA
C11	111	39	49	TTGACATATA
C11	112	55	65	TTGACATATA
C11	113	20	30	TTGACATATA
C11	114	0	10	TTGACATATA
C11	115	9	19	TTGACATATA
C11	116	49	59	TTGACATATA
C11	117	36	46	TTGACATATA
C11	118	37	47	TTGACATATA
C11	119	32	42	TTGACATATA
C11	120	42	52	TTGACATATA
C11	121	11	21	TTGACATATA
C11	122	15	25	TTGACATATA
C11	123	18	28	TTGACATATA
C11	124	38	48	TTGACATATA
C11	125	33	43	TTGACATATA
C11	126	6	16	TTGACATATA
C11	127	40	50	TTGACATATA
C11	128	21	31	TTGACATATA
C11	129	45	55	TTGACATATA
C11	130	64	74	TTGACATATA
C11	131	14	24	TTGACATATA
C11	132	66	76	TTGACATATA
C11	133	49	59	TTGACATATA
C11	134	34	44	TTGACATATA
C11	135	52	62	TTGACATATA
C11	136	14	24	TTGACATATA
C11	137	36	46	TTGACATATA
C11	138	8	18	TTGACATATA
C11	139	40	50	TTGACATATA
C11	140	30	40	TTGACATATA
C11	141	55	65	TTGACATATA
C11	142	39	49	TTGACATATA
C11	143	41	51	TTGACATATA
C11	144	11	21	TTGACATATA
C11	145	3	13	TTGACATATA
C11	146	37	47	TTGACATATA
C11	147	33	43	TTGACATATA
C11	148	1	11	TTGACATATA
C11	149	56	66	TTGACATATA
C11	150	22	32	TTGACATATA
C11	151	7	17	TTGACATATA
C11	152	52	62	TTGACATATA
C11	153	10	20	TTGACATATA
C11	154	26	36	TTGACATATA
C11	155	15	25	TTGACATATA
C11	156	26	36	TTGACATATA
C11	157	57	67	TTGACATATA
C11	158	5	15	TTGACATATA
C11	159	7	17	TTGACATATA
C11	160	16	26	TTGACATATA
C11	161	59	69	TTGACATATA
C11	162	45	55	TTGACATATA
C11	163	34	44	TTGACATATA
C11	164	42	52	TTGACATATA
C11	165	35	45	TTGACATATA
C11	166	55	65	TTGACATATA
C11	167	53	63	TTGACATATA
C11	168	44	54	TTGACATATA
C11	169	67	77	TTGACATATA
C11	170	57	67	TTGACATATA
C11	171	3	13	TTGACATATA
C11	172	51	61	TTGACATATA
C11	173	13	23	TTGACATATA
C11	174	42	52	TTGACATATA
C11	175	53	63	TTGACATATA
C11	176	40	50	TTGACATATA
C11	177	38	48	TTGACATATA
C11	178	41	51	TTGACATATA
C11	179	28	38	TTGACATATA
C11	180	63	73	TTGACATATA
C11	181	8	18	TTGACATATA
C11	182	42	52	TTGACATATA
C11	183	1	11	TTGACATATA
C11	184	35	45	TTGACATATA
C11	185	38	48	TTGACATATA
C11	186	47	57	TTGACATATA
C11	187	8	18	TTGACATATA
C11	188	41	51	TTGACATATA
C11	189	48	58	TTGACATATA
C11	190	51	61	TTGACATATA
C11	191	44	54	TTGACATATA
C11	192	21	31	TTGACATATA
C11	193	60	70	TTGACATATA
C11	194	6	16	TTGACATATA
C11	195	30	40	TTGACATATA
C11	196	21	31	TTGACATATA
C11	197	52	62	TTGACATATA
C11	198	57	67	TTGACATATA
C11	199	56	66	TTGACATATA
C11	200	58	68	TTGACATATA
C11	201	43	53	TTGACATATA
C11	202	13	23	TTGACATATA
C11	203	48	58	TTGACATATA
C11	204	37	47	TTGACATATA
C11	205	62	72	TTGACATATA
C11	206	62	72	TTGACATATA
C11	207	54	64	TTGACATATA
C11	208	1	11	TTGACATATA
C11	209	68	78	TTGACATATA
C11	210	22	32	TTGACATATA
C11	211	10	20	TTGACATATA
C11	212	53	63	TTGACATATA
C11	213	53	63	TTGACATATA
C11	214	6	16	TTGACATATA
C11	215	11	21	TTGACATATA
C11	216	54	64	TTGACATATA
C11	217	22	32	TTGACATATA
C11	218	49	59	TTGACATATA
C11	219	57	67	TTGACATATA
C11	220	2	12	TTGACATATA
C11	221	6	16	TTGACATATA
C11	222	8	18	TTGACATATA
C11	223	68	78	TTGACATATA
C11	224	11	21	TTGACATATA
C11	225	18	28	TTGACATATA
C11	226	52	62	TTGACATATA
C11	227	16	26	TTGACATATA
C11	228	20	30	TTGACATATA
C11	229	24	34	TTGACATATA
C11	230	38	48	TTGACATATA
C11	231	47	57	TTGACATATA
C11	232	30	40	TTGACATATA
C11	233	4	14	TTGACATATA
C11	234	41	51	TTGACATATA
C11	235	3	13	TTGACATATA
C11	236	68	78	TTGACATATA
C11	237	61	71	TTGACATATA
C11	238	65	75	TTGACATATA
C11	239	69	79	TTGACATATA
C11	240	19	29	TTGACATATA
C11	241	57	67	TTGACATATA
C11	242	46	56	TTGACATATA
C11	243	54	64	TTGACATATA
C11	244	52	62	TTGACATATA
C11	245	39	49	TTGACATATA
C11	246	65	75	TTGACATATA
C11	247	9	19	TTGACATATA
C11	248	24	34	TTGACATATA
C11	249	57	67	TTGACATATA
C11	250	7	17	TTGACATATA
C11	251	61	71	TTGACATATA
C11	252	66	76	TTGACATATA
C11	253	34	44	TTGACATATA
C11	254	34	44	TTGACATATA
C11	255	57	67	TTGACATATA
C12	42	61	71	AAATTGACAT
C12	47	8	18	AAATTGACAT
C12	62	33	43	AAATTGACAT
C12	70	1	11	AAATTGACAT
C12	87	44	54	AAATTGACAT
C12	89	18	28	AAATTGACAT
C12	121	8	18	AAATTGACAT
C12	131	11	21	AAATTGACAT
C12	156	23	33	AAATTGACAT
C12	158	2	12	AAATTGACAT
C12	179	25	35	AAATTGACAT
C12	11	41	51	TAATTGACAT
C12	12	41	51	TAATTGACAT
C12	15	22	32	TAATTGACAT
C12	48	40	50	TAATTGACAT
C12	76	4	14	TAATTGACAT
C12	79	30	40	TAATTGACAT
C12	108	13	23	TAATTGACAT
C12	205	59	69	TAATTGACAT
C12	211	7	17	TAATTGACAT
C12	215	8	18	TAATTGACAT
C12	217	19	29	TAATTGACAT
C12	224	8	18	TAATTGACAT
C12	234	38	48	TAATTGACAT
C12	244	49	59	TAATTGACAT
C12	250	4	14	TAATTGACAT
C12	55	24	34	GAATTGACAT
C12	57	25	35	GAATTGACAT
C12	99	58	68	GAATTGACAT
C12	103	4	14	GAATTGACAT
C12	111	36	46	GAATTGACAT
C12	112	52	62	GAATTGACAT
C12	165	32	42	GAATTGACAT
C12	214	3	13	GAATTGACAT
C12	251	58	68	GAATTGACAT
C12	4	17	27	CAATTGACAT
C12	43	6	16	CAATTGACAT
C12	78	44	54	CAATTGACAT
C12	177	35	45	CAATTGACAT
C12	182	39	49	CAATTGACAT
C12	16	14	24	CACTTGACAT
C12	28	2	12	ATATTGACAT
C12	120	39	49	ATATTGACAT
C12	142	36	46	ATATTGACAT
C12	174	39	49	ATATTGACAT
C12	200	55	65	ATATTGACAT
C12	230	35	45	ATATTGACAT
C12	242	43	53	ATATTGACAT
C12	93	63	73	AGATTGACAT
C12	123	15	25	AGATTGACAT
C12	140	27	37	AGATTGACAT
C12	152	49	59	AGATTGACAT
C12	254	31	41	AGATTGACAT
C12	5	33	43	TTATTGACAT
C12	20	35	45	TTATTGACAT
C12	24	13	23	TTATTGACAT
C12	45	14	24	TTATTGACAT
C12	69	5	15	TTATTGACAT
C12	90	2	12	TTATTGACAT
C12	105	5	15	TTATTGACAT
C12	106	58	68	TTATTGACAT
C12	136	11	21	TTATTGACAT
C12	139	37	47	TTATTGACAT
C12	145	0	10	TTATTGACAT
C12	175	50	60	TTATTGACAT
C12	187	5	15	TTATTGACAT
C12	122	12	22	ACATTGACAT
C12	192	18	28	ACATTGACAT
C12	225	15	25	ACATTGACAT
C12	35	63	73	AATTTGACAT
C12	37	23	33	AATTTGACAT
C12	40	6	16	AATTTGACAT
C12	56	56	66	AATTTGACAT
C12	75	24	34	AATTTGACAT
C12	80	10	20	AATTTGACAT
C12	84	34	44	AATTTGACAT
C12	96	7	17	AATTTGACAT
C12	129	42	52	AATTTGACAT
C12	132	63	73	AATTTGACAT
C12	143	38	48	AATTTGACAT
C12	149	53	63	AATTTGACAT
C12	150	19	29	AATTTGACAT
C12	186	44	54	AATTTGACAT
C12	191	41	51	AATTTGACAT
C12	196	18	28	AATTTGACAT
C12	219	54	64	AATTTGACAT
C12	227	13	23	AATTTGACAT
C12	229	21	31	AATTTGACAT
C12	236	65	75	AATTTGACAT
C12	82	53	63	AACTTGACAT
C12	126	3	13	AACTTGACAT
C12	213	50	60	AACTTGACAT
C12	235	0	10	AACTTGACAT
C12	27	44	54	AAGTTGACAT
C12	30	10	20	AAGTTGACAT
C12	237	58	68	AAGTTGACAT
C12	66	1	11	TCATTGACAT
C12	86	4	14	TCATTGACAT
C12	206	59	69	TCATTGACAT
C12	221	3	13	TCATTGACAT
C12	255	54	64	TCATTGACAT
C12	8	9	19	TGATTGACAT
C12	91	59	69	TGATTGACAT
C12	176	37	47	TGATTGACAT
C12	184	32	42	TGATTGACAT
C12	63	48	58	TACTTGACAT
C12	94	61	71	TACTTGACAT
C12	117	33	43	TACTTGACAT
C12	147	30	40	TACTTGACAT
C12	169	64	74	TACTTGACAT
C12	185	35	45	TACTTGACAT
C12	2	44	54	TATTTGACAT
C12	17	56	66	TATTTGACAT
C12	41	41	51	TATTTGACAT
C12	83	3	13	TATTTGACAT
C12	88	55	65	TATTTGACAT
C12	95	22	32	TATTTGACAT
C12	109	19	29	TATTTGACAT
C12	144	8	18	TATTTGACAT
C12	151	4	14	TATTTGACAT
C12	166	52	62	TATTTGACAT
C12	172	48	58	TATTTGACAT
C12	178	38	48	TATTTGACAT
C12	190	48	58	TATTTGACAT
C12	193	57	67	TATTTGACAT
C12	252	63	73	TATTTGACAT
C12	58	58	68	CCCTTGACAT
C12	124	35	45	GTATTGACAT
C12	162	42	52	GTATTGACAT
C12	197	49	59	GTATTGACAT
C12	7	37	47	TAGTTGACAT
C12	22	15	25	TAGTTGACAT
C12	25	33	43	TAGTTGACAT
C12	134	31	41	TAGTTGACAT
C12	155	12	22	TAGTTGACAT
C12	180	60	70	TAGTTGACAT
C12	218	46	56	CTCTTGACAT
C12	19	0	10	GATTTGACAT
C12	50	7	17	GATTTGACAT
C12	163	31	41	GATTTGACAT
C12	207	51	61	GATTTGACAT
C12	159	4	14	CTATTGACAT
C12	160	13	23	CTATTGACAT
C12	173	10	20	CTATTGACAT
C12	226	49	59	CTATTGACAT
C12	228	17	27	CTATTGACAT
C12	195	27	37	CCATTGACAT
C12	68	59	69	GCATTGACAT
C12	168	41	51	GCATTGACAT
C12	189	45	55	GTGTTGACAT
C12	238	62	72	GTGTTGACAT
C12	67	22	32	CGATTGACAT
C12	71	23	33	CGATTGACAT
C12	107	8	18	CGATTGACAT
C12	104	34	44	TAATTGAAAT
C12	73	41	51	CATTTGACAT
C12	74	65	75	CATTTGACAT
C12	113	17	27	CATTTGACAT
C12	188	38	48	CATTTGACAT
C12	202	10	20	CATTTGACAT
C12	253	31	41	CATTTGACAT
C12	13	3	13	ATCTTGACAT
C12	110	47	57	ATCTTGACAT
C12	223	65	75	ATCTTGACAT
C12	232	27	37	ATCTTGACAT
C12	34	0	10	GCGTTGACAT
C12	10	4	14	ATTTTGACAT
C12	23	35	45	ATTTTGACAT
C12	31	0	10	ATTTTGACAT
C12	39	23	33	ATTTTGACAT
C12	98	31	41	ATTTTGACAT
C12	100	55	65	ATTTTGACAT
C12	153	7	17	ATTTTGACAT
C12	170	54	64	ATTTTGACAT
C12	199	53	63	ATTTTGACAT
C12	204	34	44	ATTTTGACAT
C12	243	51	61	ATTTTGACAT
C12	246	62	72	ATTTTGACAT
C12	18	64	74	TTCTTGACAT
C12	164	39	49	TTCTTGACAT
C12	209	65	75	TTCTTGACAT
C12	249	54	64	TTCTTGACAT
C12	33	32	42	ACCTTGACAT
C12	1	55	65	ATGTTGACAT
C12	14	20	30	ATGTTGACAT
C12	26	66	76	ATGTTGACAT
C12	32	40	50	ATGTTGACAT
C12	36	65	75	ATGTTGACAT
C12	115	6	16	ATGTTGACAT
C12	130	61	71	ATGTTGACAT
C12	154	23	33	ATGTTGACAT
C12	194	3	13	ATGTTGACAT
C12	231	44	54	ATGTTGACAT
C12	29	31	41	AGTTTGACAT
C12	135	49	59	AGTTTGACAT
C12	171	0	10	AGTTTGACAT
C12	248	21	31	AGTTTGACAT
C12	38	21	31	TTTTTGACAT
C12	53	58	68	TTTTTGACAT
C12	77	38	48	TTTTTGACAT
C12	81	31	41	TTTTTGACAT
C12	127	37	47	TTTTTGACAT
C12	137	33	43	TTTTTGACAT
C12	146	34	44	TTTTTGACAT
C12	210	19	29	TTTTTGACAT
C12	212	50	60	TTTTTGACAT
C12	247	6	16	TTTTTGACAT
C12	3	39	49	ACTTTGACAT
C12	141	52	62	TCTTTGACAT
C12	198	54	64	TCTTTGACAT
C12	201	40	50	TCTTTGACAT
C12	125	30	40	ACGTTGACAT
C12	51	27	37	TTGTTGACAT
C12	59	43	53	TTGTTGACAT
C12	92	56	66	TTGTTGACAT
C12	116	46	56	TTGTTGACAT
C12	222	5	15	TTGTTGACAT
C12	52	40	50	AGGTTGACAT
C12	181	5	15	AGGTTGACAT
C12	138	5	15	TGCTTGACAT
C12	167	50	60	TGCTTGACAT
C12	60	24	34	TGTTTGACAT
C12	61	50	60	TGTTTGACAT
C12	64	26	36	TGTTTGACAT
C12	72	56	66	TGTTTGACAT
C12	161	56	66	TGTTTGACAT
C12	233	1	11	TGTTTGACAT
C12	239	66	76	TGTTTGACAT
C12	6	43	53	GTTTTGACAT
C12	49	8	18	GTTTTGACAT
C12	101	13	23	GTTTTGACAT
C12	216	51	61	GTTTTGACAT
C12	54	64	74	CAGTTGACAT
C12	128	18	28	GGTTTGACAT
C12	21	9	19	TGGTTGACAT
C12	44	8	18	TGGTTGACAT
C12	133	46	56	GCTTTGACAT
C12	203	45	55	GCTTTGACAT
C12	0	26	36	CTTTTGACAT
C12	85	11	21	CTTTTGACAT
C12	118	34	44	CTTTTGACAT
C12	119	29	39	CTTTTGACAT
C12	157	54	64	CTTTTGACAT
C12	240	16	26	CTTTTGACAT
C12	245	36	46	CCTTTGACAT
C12	9	29	39	CGTTTGACAT
C12	102	16	26	CGTTTGACAT
C12	241	54	64	CGTTTGACAT
C12	46	43	53	AAATTGTGAT
C12	208	34	44	TAATTGATCT
C12	148	67	77	AATTTTAAAT
C12	65	65	75	CTATTAATAT
C12	97	12	22	TATTGGGGAT
C12	183	63	73	AAATTAAGTT
C12	114	45	55	TTCTTCGTAT
C13	197	32	42	ATAACATTGA
C13	47	5	15	ATAAAATTGA
C13	225	12	22	TTAACATTGA
C13	152	46	56	CTAAGATTGA
C13	179	22	32	TTAAAATTGA
C13	237	55	65	GTAAAGTTGA
C13	31	10	20	ATAATATTCA
C13	32	37	47	ATAATGTTGA
C13	213	47	57	ATAAACTTGA
C13	139	58	68	ATAAGATTAA
C13	201	22	32	ATAAGATTAA
C13	122	9	19	AGAACATTGA
C13	64	70	80	ATAAGTTTCA
C13	92	69	79	ATAATCTTGA
C13	44	28	38	TTAAAATTCA
C13	200	30	40	TTAAAATTCA
C13	3	36	46	TTAACTTTGA
C13	232	24	34	GTAATCTTGA
C13	10	45	55	ATAATCTTCA
C13	128	28	38	ATAATCTTCA
C13	41	51	61	ATAATTTTGA
C13	119	14	24	ATAATTTTGA
C13	14	17	27	TTAATGTTGA
C13	26	63	73	TTAATGTTGA
C13	252	11	21	TTAAGATTAA
C13	108	31	41	TTAAGTTTCA
C13	5	18	28	AGAAAATTGA
C13	78	54	64	ATAATATTAA
C13	207	31	41	TTAATCTTGA
C13	236	62	72	TTAAATTTGA
C13	177	32	42	ATACAATTGA
C13	192	15	25	AAAACATTGA
C13	86	1	11	ATATCATTGA
C13	176	19	29	ATTATATTGA
C13	87	34	44	ATAATTTTCA
C13	241	64	74	ATAATTTTCA
C13	89	15	25	GGAAAATTGA
C13	58	55	65	TTACCCTTGA
C13	170	51	61	TTAATTTTGA
C13	74	53	63	GTAAAATTAA
C13	141	19	29	ATAACTTTCA
C13	133	24	34	CGCAGATTCA
C13	243	23	33	ATAAAATTTA
C13	30	7	17	ATTAAGTTGA
C13	125	27	37	AGAACGTTGA
C13	129	10	20	TTAAGGTTAA
C13	208	45	55	ATAAGATTGC
C13	13	0	10	CTAATCTTGA
C13	107	5	15	TTACGATTGA
C13	112	49	59	GTAGAATTGA
C13	62	30	40	TTTAAATTGA
C13	168	38	48	ATCGCATTGA
C13	100	29	39	TTGAAATTGA
C13	24	69	79	ATAAGCTTTA
C13	172	3	13	ATAAGCTTTA
C13	82	50	60	AGAAACTTGA
C13	37	20	30	GTGAATTTGA
C13	254	28	38	GGAAGATTGA
C13	175	28	38	TTACAATTGA
C13	126	0	10	ATTAACTTGA
C13	55	37	47	TTTATATTGA
C13	226	46	56	TTACTATTGA
C13	189	42	52	TTAGTGTTGA
C13	142	33	43	AAAATATTGA
C13	242	40	50	AAAATATTGA
C13	104	20	30	ATTATCTTGA
C13	223	62	72	CTCATCTTGA
C13	132	30	40	TTAAAATTTA
C13	246	28	38	TTTACTTTGA
C13	34	13	23	ATAAAGTTTA
C13	149	50	60	AGAAATTTGA
C13	60	14	24	ATTAATTTGA
C13	220	64	74	ATAAGATTGG
C13	93	60	70	TAAAGATTGA
C13	140	24	34	TAAAGATTGA
C13	124	32	42	TTAGTATTGA
C13	0	36	46	ATAATTTTAA
C13	212	60	70	ATAATTTTAA
C13	198	13	23	CTATGATTGA
C13	91	13	23	ATAAACTTTA
C13	251	36	46	CTAAGTTTTA
C13	19	60	70	ATAACATTGT
C13	181	2	12	ACGAGGTTGA
C13	39	38	48	ATAGGGTTAA
C13	247	62	72	CTTATATTGA
C13	71	61	71	ATTACATTAA
C13	161	35	45	ATTACATTAA
C13	121	5	15	TAAAAATTGA
C13	131	36	46	TTAATATTTA
C13	28	28	38	AGAAGATTTA
C13	154	20	30	TTTATGTTGA
C13	231	41	51	TTTATGTTGA
C13	195	8	18	ATACCCTTCA
C13	111	7	17	ATAAGGTTCC
C13	187	33	43	CTCACCTTAA
C13	101	56	66	ATAAATGTGA
C13	12	38	48	TTATAATTGA
C13	234	35	45	TTATAATTGA
C13	196	31	41	ATCAGATTTA
C13	167	47	57	ATATGCTTGA
C13	97	8	18	ATAATATTGG
C13	159	14	24	ATAATATTGG
C13	148	71	81	TTAAATTTAA
C13	138	47	57	ATTATGTTCA
C13	33	29	39	TAAACCTTGA
C13	1	24	34	ATAAGATAGA
C13	130	58	68	AAAATGTTGA
C13	194	0	10	AAAATGTTGA
C13	29	28	38	TTTAGTTTGA
C13	120	36	46	TAAATATTGA
C13	193	71	81	TAAATATTGA
C13	67	19	29	ATTCGATTGA
C13	219	51	61	ACAAATTTGA
C13	150	11	21	ATTAGCTTAA
C13	6	40	50	ATAGTTTTGA
C13	183	66	76	TTAAGTTTTA
C13	45	54	64	GAGAAATTGA
C13	35	60	70	TTTAATTTGA
C13	221	17	27	TTTAACTTCA
C13	160	42	52	TTAATTTTAA
C13	80	7	17	TTGAATTTGA
C13	42	48	58	GTAAAAATGA
C13	186	41	51	AAAAATTTGA
C13	73	38	48	TTACATTTGA
C13	253	28	38	TTACATTTGA
C13	143	26	36	ATAACGTAGA
C13	38	57	67	TAAACTTTGA
C13	153	4	14	TTTATTTTGA
C13	204	31	41	TTTATTTTGA
C13	156	66	76	ATCGTATTGA
C13	65	62	72	ATACTATTAA
C13	199	41	51	ACACACTTGA
C13	184	3	13	ATTACATCGA
C13	20	66	76	ATGAAAGTGA
C13	96	55	65	TTAGAGTTAA
C13	94	8	18	CAAACGTTGA
C13	61	39	49	ACCATATTGA
C13	9	61	71	CTCAAATCGA
C13	103	32	42	GTAATATTGT
C13	157	17	27	CTATTATTGA
C13	227	29	39	AAAAAATTAA
C13	235	59	69	ATTAGGGTGA
C13	102	66	76	CCAACCTTGA
C13	77	9	19	TCAAATTTGA
C13	245	46	56	ATAATTTTGC
C13	224	25	35	ATGAATTTAA
C13	48	67	77	TGCAAATTGA
C13	63	5	15	ATATTTTTGA
C13	69	60	70	GGAATTTTCA
C13	52	24	34	GTAAATCTCA
C13	203	7	17	ATTATCTTAA
C13	137	12	22	TTTATATTAA
C13	248	18	28	TAAAGTTTGA
C13	54	61	71	ATTCAGTTGA
C13	51	42	52	TCTAGATTGA
C13	36	62	72	ACTATGTTGA
C13	228	4	14	GTAATATAGA
C13	233	52	62	ATATTGTTCA
C13	84	9	19	ATTACCCTCA
C13	214	0	10	AAAGAATTGA
C13	85	32	42	AATATATTGA
C13	66	50	60	TTAAACTGGA
C13	171	50	60	ATAAGATGTA
C13	249	39	49	ATAACAGTAA
C13	68	50	60	ATCAAATTGG
C13	115	3	13	TCCATGTTGA
C13	147	27	37	CTATACTTGA
C13	169	61	71	CTATACTTGA
C13	206	16	26	ACACTTTTGA
C13	123	12	22	CATAGATTGA
C13	99	71	81	ATTACGTTTA
C13	8	6	16	TTCTGATTGA
C13	83	40	50	GTATACTTCA
C13	118	16	26	ATAAGATGCG
C13	185	3	13	TTTCTCTTGA
C13	90	19	29	TACAGATTCA
C13	162	39	49	AAAGTATTGA
C13	218	8	18	TTAAGCTTGT
C13	166	21	31	ATTATATCGA
C13	240	13	23	CTCCTTTTGA
C13	53	37	47	GTAACAGTAA
C13	4	14	24	TCCCAATTGA
C13	2	57	67	ATAAGCTTAC
C13	205	31	41	TATAGATTCA
C13	113	64	74	TGTATATTCA
C13	216	4	14	ATTATCTTTA
C13	202	55	65	AGATCATTCA
C13	215	5	15	TTTTAATTGA
C13	151	42	52	TTAAAATCAA
C13	105	31	41	GGGGAGTTCA
C13	174	36	46	TACATATTGA
C13	56	53	63	ACTAATTTGA
C13	144	68	78	TTATGGTTAA
C13	158	40	50	GAGAGATTTA
C13	98	2	12	CGCAACTTAA
C13	188	51	61	ATAGAACTGA
C13	217	54	64	ATAAGGTTAT
C13	106	33	43	ATATTGTTAA
C13	244	38	48	AACAGATTAA
C13	146	0	10	AAAACAATGA
C13	43	52	62	TTAAGAATAA
C13	110	44	54	GATATCTTGA
C13	23	54	64	TGAATGTTAA
C13	57	13	23	TTAAAGTTAC
C13	190	21	31	GTAGATTTAA
C13	95	51	61	AAGAATTTGA
C13	182	4	14	AAAAGATTGG
C13	135	46	56	GGTAGTTTGA
C13	59	15	25	ATAAGTTCTA
C13	165	71	81	ATACCTTTTA
C13	21	67	77	TTGAATTTTA
C13	70	16	26	TTGAATTTTA
C13	22	1	11	CTAAGGATAA
C13	211	49	59	CTATCTTTCA
C13	40	69	79	AAGACATTCA
C13	222	56	66	GTAAAAATAA
C13	50	4	14	AAAGATTTGA
C13	76	56	66	AAAGATTTGA
C13	25	30	40	TTGTAGTTGA
C13	49	25	35	TACATATTCA
C13	136	8	18	CTTTTATTGA
C13	18	18	28	CTCTTATTAA
C13	27	41	51	CGTAAGTTGA
C13	173	27	37	TTAAAATTTG
C13	127	25	35	GTTAGAATGA
C13	81	28	38	GTTTTTTTGA
C13	75	67	77	CACAAATTTA
C13	191	54	64	ATTCAGTTAA
C13	109	16	26	ACATATTTGA
C13	134	1	11	TTTTGATTAA
C13	230	4	14	TTTGTATTAA
C13	209	53	63	AAAATATAGA
C13	116	31	41	GTAAATCTCC
C13	11	2	12	TTTGAATTTA
C13	46	60	70	GTTAGATTCT
C13	178	2	12	ATGAAGTTAG
C13	117	56	66	CAAAGCTTAG
C13	210	16	26	CTTTTTTTGA
C13	145	35	45	TCAAGGTACA
C13	163	23	33	TCCAAACTGA
C13	15	70	80	GTACCAATCA
C13	88	69	79	TTAAATCGCA
C13	16	59	69	AAAACATACA
C13	114	48	58	TTCGTATGGA
C13	79	60	70	TTAGATTTCG
C13	7	69	79	CTTTATTTAA
C13	255	71	81	TTTAAACCGA
C13	250	21	31	CCAGGCTTTA
C14	20	11	21	TAGTATAATT
C14	146	48	58	TAATATAATT
C14	179	57	67	TAATATAATT
C14	235	11	21	TAATATAGTT
C14	183	16	26	TACTATACTT
C14	83	38	48	TAGTATACTT
C14	147	41	51	TAATATAGTG
C14	99	18	28	TAGTATTATT
C14	189	6	16	TAATATATTT
C14	134	12	22	TAATATGCTT
C14	167	45	55	TAATATGCTT
C14	93	19	29	TACTATATTT
C14	241	17	27	TAGTATGTTT
C14	236	46	56	TATTATCATT
C14	201	58	68	TAATATCTTT
C14	68	2	12	TACTATAATC
C14	211	47	57	TACTATCTTT
C14	61	64	74	TTGTATAATT
C14	168	26	36	TTGTATAATT
C14	184	43	53	TAATATCATC
C14	169	59	69	TGCTATACTT
C14	142	57	67	TTATATAATT
C14	199	67	77	TATTATATTT
C14	120	14	24	TCGTATAATT
C14	23	2	12	TTATATGATT
C14	71	54	64	TATTATTATT
C14	163	50	60	TATTATTATT
C14	216	3	13	TATTATCTTT
C14	103	33	43	TAATATTGTG
C14	151	71	81	TAATATTTTT
C14	157	65	75	TAATATATTC
C14	150	47	57	TAATCTAATT
C14	195	43	53	TATTATGTTT
C14	12	36	46	TGTTATAATT
C14	204	8	18	TACTCTAGTT
C14	92	39	49	TAATATAATA
C14	152	17	27	TTATATACTT
C14	180	32	42	TATTATAATG
C14	63	62	72	TTCTATAGTG
C14	175	70	80	TACTATTATG
C14	88	50	60	TTATATATTT
C14	166	47	57	TTATATATTT
C14	0	43	53	TAATTTAATT
C14	21	59	69	TAATTTAATT
C14	153	41	51	TAATTTAATT
C14	155	51	61	TACTGTACTC
C14	209	10	20	TACTTTAATT
C14	174	14	24	TACTATACTA
C14	18	16	26	TACTCTTATT
C14	165	43	53	TAATAGAGTT
C14	197	25	35	TAGTATCATA
C14	137	28	38	TATTATTTTT
C14	245	22	32	TTCTATCATC
C14	78	23	33	TTTTATAGTT
C14	33	64	74	TCATATATTT
C14	121	29	39	TACTACGCTT
C14	113	54	64	TAATTTAGTT
C14	200	17	27	TTTTATCCTC
C14	65	24	34	TATTATAATA
C14	59	62	72	TTATATGATC
C14	8	4	14	TATTCTGATT
C14	49	2	12	TCCTATGTTT
C14	243	7	17	TCCTATGTTT
C14	250	54	64	TTTTATACTT
C14	176	32	42	TCTTATGATT
C14	32	51	61	TAATATATTA
C14	203	39	49	TAATCTGCTT
C14	170	24	34	TTCTATTGTT
C14	106	31	41	TTATATTGTT
C14	247	0	10	TGGTATTTTT
C14	3	71	81	TATTTTAATT
C14	215	3	13	TATTTTAATT
C14	22	26	36	TAATACGCTT
C14	29	65	75	TAATATTATA
C14	54	45	55	TGTTATGTTT
C14	70	57	67	TCTTATAGTT
C14	230	58	68	TACTATGCGT
C14	198	68	78	TACTATCTTA
C14	114	61	71	TACTATGTTA
C14	194	26	36	TACTATGTTA
C14	72	67	77	TAATTTATTT
C14	10	34	44	TAGTGTTATG
C14	90	66	76	TTCTATAATA
C14	85	57	67	TAATATGTTA
C14	44	19	29	TAATGTTGTT
C14	51	22	32	TAATGTTGTT
C14	75	18	28	TTATGTAATT
C14	104	16	26	TTCTATTATC
C14	130	22	32	TAGTATTACT
C14	98	56	66	TAATTTTATT
C14	148	9	19	TAATTTTATT
C14	64	54	64	TCCTATTTTT
C14	7	67	77	TACTTTATTT
C14	80	56	66	TATTCTATTT
C14	173	57	67	TGGTATATTC
C14	202	24	34	TGATACACTT
C14	210	12	22	TACTCTTTTT
C14	6	19	29	TAATACAGTT
C14	102	48	58	TGTTCTAATT
C14	24	8	18	CACTATTATT
C14	77	22	32	TTATATTATC
C14	164	57	67	TATTATTTTC
C14	212	14	24	TATTATTTTC
C14	46	70	80	TTGTTTAATT
C14	15	47	57	TATTAGCATT
C14	5	44	54	TAATATTCTA
C14	82	70	80	TAATATTCTA
C14	17	13	23	TTCTTTAATT
C14	218	14	24	TTGTTTAGTT
C14	86	51	61	TTTTGTGATT
C14	139	29	39	TATTAGGGTT
C14	87	2	12	TAGGATCATT
C14	190	42	52	TAATAGTATT
C14	109	30	40	TAATATTCTG
C14	129	36	46	TGTTGTAATT
C14	222	41	51	TGTTGTAATT
C14	185	46	56	TAATCTATTC
C14	74	60	70	TAATACATTT
C14	119	55	65	TAATATAGGT
C14	26	4	14	TTTTATATTC
C14	60	16	26	TAATTTGATG
C14	254	4	14	TTATATAGTA
C14	234	33	43	GATTATAATT
C14	50	64	74	GATTATCATT
C14	58	38	48	TTCTAGAATT
C14	132	8	18	TTATGTGATC
C14	101	49	59	TGATATTATA
C14	207	62	72	TAATATTACT
C14	91	34	44	TCATATTTTC
C14	143	32	42	TAGAATAATT
C14	79	58	68	TATTAGATTT
C14	34	28	38	TACTCTAAGT
C14	156	38	48	TTTTATAATA
C14	219	27	37	TTATCTATTT
C14	47	29	39	TTTTGTGCTC
C14	69	46	56	TTTTCTGATT
C14	186	27	37	TCGTATCATA
C14	252	3	13	TTGTTTATTT
C14	94	50	60	TAGGATATTC
C14	112	63	73	TAATATATGT
C14	39	34	44	TAATATAGGG
C14	205	70	80	TAATTTAATA
C14	214	32	42	TGTTATAGTA
C14	208	43	53	TAATAAGATT
C14	239	15	25	TTATACAATT
C14	240	71	81	TTCTCTGAGT
C14	66	66	76	TAGTTTATTG
C14	125	10	20	TGATGTTGTG
C14	11	32	42	TAACATTATT
C14	224	58	68	TAAAATAATT
C14	35	40	50	GCGTATAGTT
C14	206	1	11	TATTATTCTG
C14	73	36	46	TATTACATTT
C14	123	49	59	TCATGTTATT
C14	55	36	46	TTTTATATTG
C14	141	47	57	GAATCTCTTT
C14	223	29	39	TAATTTCACT
C14	117	66	76	TTGTATGTTA
C14	233	26	36	TACTGTTATA
C14	213	21	31	TAAAATGATT
C14	187	69	79	TAATATAGAT
C14	16	25	35	TAATAGACTT
C14	231	24	34	TTATTTCTTT
C14	225	1	11	TAGTATATAT
C14	172	68	78	TAATAGTATC
C14	56	38	48	TCTTTTAATT
C14	192	32	42	TTGTTTAATC
C14	135	28	38	TATGATACTT
C14	145	69	79	TTTTATCTTG
C14	43	70	80	CAATATATTT
C14	37	9	19	TTTTATCGCT
C14	96	21	31	TAGTCTTCTC
C14	246	25	35	TCATTTACTT
C14	2	55	65	TAATAAGCTT
C14	52	7	17	TAATATGTGG
C14	244	63	73	TTGTTTTTTT
C14	107	19	29	TAATATATAT
C14	110	20	30	TTCTGTAATA
C14	232	45	55	TTATACATTT
C14	136	47	57	TTAGATATTT
C14	154	0	10	GAGCATAATT
C14	36	61	71	CACTATGTTG
C14	14	57	67	TAATAGATTG
C14	100	42	52	TGATACCTTT
C14	221	14	24	TAATTTAACT
C14	19	46	56	TGGTATAGGT
C14	97	9	19	TAATATTGGG
C14	41	35	45	TGATAGTATT
C14	105	29	39	TAGGGGAGTT
C14	138	57	67	TTGGATGATC
C14	25	19	29	TTATAGATTC
C14	249	71	81	TTTTATCGTC
C14	181	55	65	TATTAAATTT
C14	161	50	60	TCATTTTGTT
C14	255	28	38	GCGTATTTTT
C14	182	17	27	GGGTATGATA
C14	38	40	50	TTTTATGGTC
C14	89	70	80	TTATATTGCT
C14	116	2	12	TTATGTAGTA
C14	159	40	50	TTATGTAGTA
C14	118	17	27	TAAGATGCGC
C14	84	48	58	TTACATGTTT
C14	31	11	21	TAATATTCAT
C14	122	32	42	TTAGAGAATT
C14	227	63	73	CATTATTCTT
C14	111	61	71	AAGTGTACTC
C14	62	11	21	TATTAATGTT
C14	196	29	39	TAATCAGATT
C14	177	53	63	TATTCTAACT
C14	124	11	21	TAACCTTATT
C14	27	60	70	TTTTATCAGT
C14	248	8	18	TCCTATTACC
C14	229	63	73	TTATATAAGG
C14	238	1	11	TTGTATACAT
C14	42	41	51	TTGTCTCGTA
C14	4	54	64	TCACTTAGTT
C14	188	32	42	GAAGATCATT
C14	171	20	30	TTATATTACC
C14	57	36	46	TAATAGTACT
C14	127	18	28	TAATCAGGTT
C14	1	17	27	TCTTTTAATA
C14	144	25	35	TGATAACTTT
C14	133	60	70	TGCTCGAATG
C14	9	49	59	TTTTAAACTT
C14	67	33	43	TAATATCGGA
C14	237	13	23	GAATATACGT
C14	115	2	12	TTCCATGTTG
C14	108	33	43	AAGTTTCATT
C14	160	9	19	TCCCCTATTG
C14	30	6	16	TATTAAGTTG
C14	76	23	33	TGGTTCAATA
C14	220	51	61	TACTCGACTA
C14	128	52	62	TAGGACAGTG
C14	242	70	80	TCCTCTATGA
C14	81	20	30	TAACTTAAGT
C14	140	11	21	TTTTTCAATC
C14	40	68	78	TAAGACATTC
C14	131	28	38	CCCGATTGTT
C14	191	11	21	TTTTAGTCTA
C14	95	64	74	TAACCGACTC
C15	1	59	69	TGACATATAA
C15	2	48	58	TGACATATAA
C15	3	43	53	TGACATATAA
C15	4	21	31	TGACATATAA
C15	5	37	47	TGACATATAA
C15	6	47	57	TGACATATAA
C15	7	41	51	TGACATATAA
C15	8	13	23	TGACATATAA
C15	9	33	43	TGACATATAA
C15	10	8	18	TGACATATAA
C15	11	45	55	TGACATATAA
C15	12	45	55	TGACATATAA
C15	13	7	17	TGACATATAA
C15	14	24	34	TGACATATAA
C15	15	26	36	TGACATATAA
C15	16	18	28	TGACATATAA
C15	17	60	70	TGACATATAA
C15	18	68	78	TGACATATAA
C15	19	4	14	TGACATATAA
C15	20	39	49	TGACATATAA
C15	21	13	23	TGACATATAA
C15	22	19	29	TGACATATAA
C15	23	39	49	TGACATATAA
C15	24	17	27	TGACATATAA
C15	25	37	47	TGACATATAA
C15	26	70	80	TGACATATAA
C15	27	48	58	TGACATATAA
C15	28	6	16	TGACATATAA
C15	29	35	45	TGACATATAA
C15	30	14	24	TGACATATAA
C15	31	4	14	TGACATATAA
C15	32	44	54	TGACATATAA
C15	33	36	46	TGACATATAA
C15	34	4	14	TGACATATAA
C15	35	67	77	TGACATATAA
C15	36	69	79	TGACATATAA
C15	37	27	37	TGACATATAA
C15	38	25	35	TGACATATAA
C15	39	27	37	TGACATATAA
C15	40	10	20	TGACATATAA
C15	41	45	55	TGACATATAA
C15	42	65	75	TGACATATAA
C15	43	10	20	TGACATATAA
C15	44	12	22	TGACATATAA
C15	45	18	28	TGACATATAA
C15	46	2	12	TGACATATAA
C15	47	12	22	TGACATATAA
C15	48	44	54	TGACATATAA
C15	49	12	22	TGACATATAA
C15	50	11	21	TGACATATAA
C15	51	31	41	TGACATATAA
C15	52	44	54	TGACATATAA
C15	53	62	72	TGACATATAA
C15	54	68	78	TGACATATAA
C15	55	44	54	TGACATATAA
C15	56	60	70	TGACATATAA
C15	57	29	39	TGACATATAA
C15	58	62	72	TGACATATAA
C15	59	47	57	TGACATATAA
C15	60	28	38	TGACATATAA
C15	61	54	64	TGACATATAA
C15	62	37	47	TGACATATAA
C15	63	52	62	TGACATATAA
C15	64	30	40	TGACATATAA
C15	65	2	12	TGACATATAA
C15	66	5	15	TGACATATAA
C15	67	26	36	TGACATATAA
C15	68	63	73	TGACATATAA
C15	69	9	19	TGACATATAA
C15	70	5	15	TGACATATAA
C15	71	27	37	TGACATATAA
C15	72	60	70	TGACATATAA
C15	73	45	55	TGACATATAA
C15	74	69	79	TGACATATAA
C15	75	28	38	TGACATATAA
C15	76	63	73	TGACATATAA
C15	77	42	52	TGACATATAA
C15	78	48	58	TGACATATAA
C15	79	34	44	TGACATATAA
C15	80	14	24	TGACATATAA
C15	81	35	45	TGACATATAA
C15	82	57	67	TGACATATAA
C15	83	7	17	TGACATATAA
C15	84	38	48	TGACATATAA
C15	85	15	25	TGACATATAA
C15	86	8	18	TGACATATAA
C15	87	48	58	TGACATATAA
C15	88	59	69	TGACATATAA
C15	89	22	32	TGACATATAA
C15	90	6	16	TGACATATAA
C15	91	63	73	TGACATATAA
C15	92	60	70	TGACATATAA
C15	93	67	77	TGACATATAA
C15	94	65	75	TGACATATAA
C15	95	26	36	TGACATATAA
C15	96	11	21	TGACATATAA
C15	97	2	12	TGACATATAA
C15	98	35	45	TGACATATAA
C15	99	62	72	TGACATATAA
C15	100	59	69	TGACATATAA
C15	101	17	27	TGACATATAA
C15	102	20	30	TGACATATAA
C15	103	8	18	TGACATATAA
C15	104	27	37	TGACATATAA
C15	105	9	19	TGACATATAA
C15	106	62	72	TGACATATAA
C15	107	12	22	TGACATATAA
C15	108	17	27	TGACATATAA
C15	109	23	33	TGACATATAA
C15	110	51	61	TGACATATAA
C15	111	40	50	TGACATATAA
C15	112	56	66	TGACATATAA
C15	113	21	31	TGACATATAA
C15	114	1	11	TGACATATAA
C15	115	10	20	TGACATATAA
C15	116	50	60	TGACATATAA
C15	117	37	47	TGACATATAA
C15	118	38	48	TGACATATAA
C15	119	33	43	TGACATATAA
C15	120	43	53	TGACATATAA
C15	121	12	22	TGACATATAA
C15	122	16	26	TGACATATAA
C15	123	19	29	TGACATATAA
C15	124	39	49	TGACATATAA
C15	125	34	44	TGACATATAA
C15	126	7	17	TGACATATAA
C15	127	41	51	TGACATATAA
C15	128	22	32	TGACATATAA
C15	129	46	56	TGACATATAA
C15	130	65	75	TGACATATAA
C15	131	15	25	TGACATATAA
C15	132	67	77	TGACATATAA
C15	133	50	60	TGACATATAA
C15	134	35	45	TGACATATAA
C15	135	53	63	TGACATATAA
C15	136	15	25	TGACATATAA
C15	137	37	47	TGACATATAA
C15	138	9	19	TGACATATAA
C15	139	41	51	TGACATATAA
C15	140	31	41	TGACATATAA
C15	141	56	66	TGACATATAA
C15	142	40	50	TGACATATAA
C15	143	42	52	TGACATATAA
C15	144	12	22	TGACATATAA
C15	145	4	14	TGACATATAA
C15	146	38	48	TGACATATAA
C15	147	34	44	TGACATATAA
C15	148	2	12	TGACATATAA
C15	149	57	67	TGACATATAA
C15	150	23	33	TGACATATAA
C15	151	8	18	TGACATATAA
C15	152	53	63	TGACATATAA
C15	153	11	21	TGACATATAA
C15	154	27	37	TGACATATAA
C15	155	16	26	TGACATATAA
C15	156	27	37	TGACATATAA
C15	157	58	68	TGACATATAA
C15	158	6	16	TGACATATAA
C15	159	8	18	TGACATATAA
C15	160	17	27	TGACATATAA
C15	161	60	70	TGACATATAA
C15	162	46	56	TGACATATAA
C15	163	35	45	TGACATATAA
C15	164	43	53	TGACATATAA
C15	165	36	46	TGACATATAA
C15	166	56	66	TGACATATAA
C15	167	54	64	TGACATATAA
C15	168	45	55	TGACATATAA
C15	169	68	78	TGACATATAA
C15	170	58	68	TGACATATAA
C15	171	4	14	TGACATATAA
C15	172	52	62	TGACATATAA
C15	173	14	24	TGACATATAA
C15	174	43	53	TGACATATAA
C15	175	54	64	TGACATATAA
C15	176	41	51	TGACATATAA
C15	177	39	49	TGACATATAA
C15	178	42	52	TGACATATAA
C15	179	29	39	TGACATATAA
C15	180	64	74	TGACATATAA
C15	181	9	19	TGACATATAA
C15	182	43	53	TGACATATAA
C15	183	2	12	TGACATATAA
C15	184	36	46	TGACATATAA
C15	185	39	49	TGACATATAA
C15	186	48	58	TGACATATAA
C15	187	9	19	TGACATATAA
C15	188	42	52	TGACATATAA
C15	189	49	59	TGACATATAA
C15	190	52	62	TGACATATAA
C15	191	45	55	TGACATATAA
C15	192	22	32	TGACATATAA
C15	193	61	71	TGACATATAA
C15	194	7	17	TGACATATAA
C15	195	31	41	TGACATATAA
C15	196	22	32	TGACATATAA
C15	197	53	63	TGACATATAA
C15	198	58	68	TGACATATAA
C15	199	57	67	TGACATATAA
C15	200	59	69	TGACATATAA
C15	201	44	54	TGACATATAA
C15	202	14	24	TGACATATAA
C15	203	49	59	TGACATATAA
C15	204	38	48	TGACATATAA
C15	205	63	73	TGACATATAA
C15	206	63	73	TGACATATAA
C15	207	55	65	TGACATATAA
C15	208	2	12	TGACATATAA
C15	209	69	79	TGACATATAA
C15	210	23	33	TGACATATAA
C15	211	11	21	TGACATATAA
C15	212	54	64	TGACATATAA
C15	213	54	64	TGACATATAA
C15	214	7	17	TGACATATAA
C15	215	12	22	TGACATATAA
C15	216	55	65	TGACATATAA
C15	217	23	33	TGACATATAA
C15	218	50	60	TGACATATAA
C15	219	58	68	TGACATATAA
C15	220	3	13	TGACATATAA
C15	221	7	17	TGACATATAA
C15	222	9	19	TGACATATAA
C15	223	69	79	TGACATATAA
C15	224	12	22	TGACATATAA
C15	225	19	29	TGACATATAA
C15	226	53	63	TGACATATAA
C15	227	17	27	TGACATATAA
C15	228	21	31	TGACATATAA
C15	229	25	35	TGACATATAA
C15	230	39	49	TGACATATAA
C15	231	48	58	TGACATATAA
C15	232	31	41	TGACATATAA
C15	233	5	15	TGACATATAA
C15	234	42	52	TGACATATAA
C15	235	4	14	TGACATATAA
C15	236	69	79	TGACATATAA
C15	237	62	72	TGACATATAA
C15	238	66	76	TGACATATAA
C15	239	70	80	TGACATATAA
C15	240	20	30	TGACATATAA
C15	241	58	68	TGACATATAA
C15	242	47	57	TGACATATAA
C15	243	55	65	TGACATATAA
C15	244	53	63	TGACATATAA
C15	245	40	50	TGACATATAA
C15	246	66	76	TGACATATAA
C15	247	10	20	TGACATATAA
C15	248	25	35	TGACATATAA
C15	249	58	68	TGACATATAA
C15	250	8	18	TGACATATAA
C15	251	62	72	TGACATATAA
C15	252	67	77	TGACATATAA
C15	253	35	45	TGACATATAA
C15	254	35	45	TGACATATAA
C15	255	58	68	TGACATATAA
C15	0	30	40	TGACATATAA
C16	1	60	70	GACATATAAT
C16	2	49	59	GACATATAAT
C16	3	44	54	GACATATAAT
C16	4	22	32	GACATATAAT
C16	5	38	48	GACATATAAT
C16	6	48	58	GACATATAAT
C16	7	42	52	GACATATAAT
C16	8	14	24	GACATATAAT
C16	9	34	44	GACATATAAT
C16	10	9	19	GACATATAAT
C16	11	46	56	GACATATAAT
C16	12	46	56	GACATATAAT
C16	13	8	18	GACATATAAT
C16	14	25	35	GACATATAAT
C16	15	27	37	GACATATAAT
C16	16	19	29	GACATATAAT
C16	17	61	71	GACATATAAT
C16	18	69	79	GACATATAAT
C16	19	5	15	GACATATAAT
C16	20	40	50	GACATATAAT
C16	21	14	24	GACATATAAT
C16	22	20	30	GACATATAAT
C16	23	40	50	GACATATAAT
C16	24	18	28	GACATATAAT
C16	25	38	48	GACATATAAT
C16	26	71	81	GACATATAAT
C16	27	49	59	GACATATAAT
C16	28	7	17	GACATATAAT
C16	29	36	46	GACATATAAT
C16	30	15	25	GACATATAAT
C16	31	5	15	GACATATAAT
C16	32	45	55	GACATATAAT
C16	33	37	47	GACATATAAT
C16	34	5	15	GACATATAAT
C16	35	68	78	GACATATAAT
C16	36	70	80	GACATATAAT
C16	37	28	38	GACATATAAT
C16	38	26	36	GACATATAAT
C16	39	28	38	GACATATAAT
C16	40	11	21	GACATATAAT
C16	41	46	56	GACATATAAT
C16	42	66	76	GACATATAAT
C16	43	11	21	GACATATAAT
C16	44	13	23	GACATATAAT
C16	45	19	29	GACATATAAT
C16	46	3	13	GACATATAAT
C16	47	13	23	GACATATAAT
C16	48	45	55	GACATATAAT
C16	49	13	23	GACATATAAT
C16	50	12	22	GACATATAAT
C16	51	32	42	GACATATAAT
C16	52	45	55	GACATATAAT
C16	53	63	73	GACATATAAT
C16	54	69	79	GACATATAAT
C16	55	45	55	GACATATAAT
C16	56	61	71	GACATATAAT
C16	57	30	40	GACATATAAT
C16	58	63	73	GACATATAAT
C16	59	48	58	GACATATAAT
C16	60	29	39	GACATATAAT
C16	61	55	65	GACATATAAT
C16	62	38	48	GACATATAAT
C16	63	53	63	GACATATAAT
C16	64	31	41	GACATATAAT
C16	65	3	13	GACATATAAT
C16	66	6	16	GACATATAAT
C16	67	27	37	GACATATAAT
C16	68	64	74	GACATATAAT
C16	69	10	20	GACATATAAT
C16	70	6	16	GACATATAAT
C16	71	28	38	GACATATAAT
C16	72	61	71	GACATATAAT
C16	73	46	56	GACATATAAT
C16	74	70	80	GACATATAAT
C16	75	29	39	GACATATAAT
C16	76	64	74	GACATATAAT
C16	77	43	53	GACATATAAT
C16	78	49	59	GACATATAAT
C16	79	35	45	GACATATAAT
C16	80	15	25	GACATATAAT
C16	81	36	46	GACATATAAT
C16	82	58	68	GACATATAAT
C16	83	8	18	GACATATAAT
C16	84	39	49	GACATATAAT
C16	85	16	26	GACATATAAT
C16	86	9	19	GACATATAAT
C16	87	49	59	GACATATAAT
C16	88	60	70	GACATATAAT
C16	89	23	33	GACATATAAT
C16	90	7	17	GACATATAAT
C16	91	64	74	GACATATAAT
C16	92	61	71	GACATATAAT
C16	93	68	78	GACATATAAT
C16	94	66	76	GACATATAAT
C16	95	27	37	GACATATAAT
C16	96	12	22	GACATATAAT
C16	97	3	13	GACATATAAT
C16	98	36	46	GACATATAAT
C16	99	63	73	GACATATAAT
C16	100	60	70	GACATATAAT
C16	101	18	28	GACATATAAT
C16	102	21	31	GACATATAAT
C16	103	9	19	GACATATAAT
C16	104	28	38	GACATATAAT
C16	105	10	20	GACATATAAT
C16	106	63	73	GACATATAAT
C16	107	13	23	GACATATAAT
C16	108	18	28	GACATATAAT
C16	109	24	34	GACATATAAT
C16	110	52	62	GACATATAAT
C16	111	41	51	GACATATAAT
C16	112	57	67	GACATATAAT
C16	113	22	32	GACATATAAT
C16	114	2	12	GACATATAAT
C16	115	11	21	GACATATAAT
C16	116	51	61	GACATATAAT
C16	117	38	48	GACATATAAT
C16	118	39	49	GACATATAAT
C16	119	34	44	GACATATAAT
C16	120	44	54	GACATATAAT
C16	121	13	23	GACATATAAT
C16	122	17	27	GACATATAAT
C16	123	20	30	GACATATAAT
C16	124	40	50	GACATATAAT
C16	125	35	45	GACATATAAT
C16	126	8	18	GACATATAAT
C16	127	42	52	GACATATAAT
C16	128	23	33	GACATATAAT
C16	129	47	57	GACATATAAT
C16	130	66	76	GACATATAAT
C16	131	16	26	GACATATAAT
C16	132	68	78	GACATATAAT
C16	133	51	61	GACATATAAT
C16	134	36	46	GACATATAAT
C16	135	54	64	GACATATAAT
C16	136	16	26	GACATATAAT
C16	137	38	48	GACATATAAT
C16	138	10	20	GACATATAAT
C16	139	42	52	GACATATAAT
C16	140	32	42	GACATATAAT
C16	141	57	67	GACATATAAT
C16	142	41	51	GACATATAAT
C16	143	43	53	GACATATAAT
C16	144	13	23	GACATATAAT
C16	145	5	15	GACATATAAT
C16	146	39	49	GACATATAAT
C16	147	35	45	GACATATAAT
C16	148	3	13	GACATATAAT
C16	149	58	68	GACATATAAT
C16	150	24	34	GACATATAAT
C16	151	9	19	GACATATAAT
C16	152	54	64	GACATATAAT
C16	153	12	22	GACATATAAT
C16	154	28	38	GACATATAAT
C16	155	17	27	GACATATAAT
C16	156	28	38	GACATATAAT
C16	157	59	69	GACATATAAT
C16	158	7	17	GACATATAAT
C16	159	9	19	GACATATAAT
C16	160	18	28	GACATATAAT
C16	161	61	71	GACATATAAT
C16	162	47	57	GACATATAAT
C16	163	36	46	GACATATAAT
C16	164	44	54	GACATATAAT
C16	165	37	47	GACATATAAT
C16	166	57	67	GACATATAAT
C16	167	55	65	GACATATAAT
C16	168	46	56	GACATATAAT
C16	169	69	79	GACATATAAT
C16	170	59	69	GACATATAAT
C16	171	5	15	GACATATAAT
C16	172	53	63	GACATATAAT
C16	173	15	25	GACATATAAT
C16	174	44	54	GACATATAAT
C16	175	55	65	GACATATAAT
C16	176	42	52	GACATATAAT
C16	177	40	50	GACATATAAT
C16	178	43	53	GACATATAAT
C16	179	30	40	GACATATAAT
C16	180	65	75	GACATATAAT
C16	181	10	20	GACATATAAT
C16	182	44	54	GACATATAAT
C16	183	3	13	GACATATAAT
C16	184	37	47	GACATATAAT
C16	185	40	50	GACATATAAT
C16	186	49	59	GACATATAAT
C16	187	10	20	GACATATAAT
C16	188	43	53	GACATATAAT
C16	189	50	60	GACATATAAT
C16	190	53	63	GACATATAAT
C16	191	46	56	GACATATAAT
C16	192	23	33	GACATATAAT
C16	193	62	72	GACATATAAT
C16	194	8	18	GACATATAAT
C16	195	32	42	GACATATAAT
C16	196	23	33	GACATATAAT
C16	197	54	64	GACATATAAT
C16	198	59	69	GACATATAAT
C16	199	58	68	GACATATAAT
C16	200	60	70	GACATATAAT
C16	201	45	55	GACATATAAT
C16	202	15	25	GACATATAAT
C16	203	50	60	GACATATAAT
C16	204	39	49	GACATATAAT
C16	205	64	74	GACATATAAT
C16	206	64	74	GACATATAAT
C16	207	56	66	GACATATAAT
C16	208	3	13	GACATATAAT
C16	209	70	80	GACATATAAT
C16	210	24	34	GACATATAAT
C16	211	12	22	GACATATAAT
C16	212	55	65	GACATATAAT
C16	213	55	65	GACATATAAT
C16	214	8	18	GACATATAAT
C16	215	13	23	GACATATAAT
C16	216	56	66	GACATATAAT
C16	217	24	34	GACATATAAT
C16	218	51	61	GACATATAAT
C16	219	59	69	GACATATAAT
C16	220	4	14	GACATATAAT
C16	221	8	18	GACATATAAT
C16	222	10	20	GACATATAAT
C16	223	70	80	GACATATAAT
C16	224	13	23	GACATATAAT
C16	225	20	30	GACATATAAT
C16	226	54	64	GACATATAAT
C16	227	18	28	GACATATAAT
C16	228	22	32	GACATATAAT
C16	229	26	36	GACATATAAT
C16	230	40	50	GACATATAAT
C16	231	49	59	GACATATAAT
C16	232	32	42	GACATATAAT
C16	233	6	16	GACATATAAT
C16	234	43	53	GACATATAAT
C16	235	5	15	GACATATAAT
C16	236	70	80	GACATATAAT
C16	237	63	73	GACATATAAT
C16	238	67	77	GACATATAAT
C16	239	71	81	GACATATAAT
C16	240	21	31	GACATATAAT
C16	241	59	69	GACATATAAT
C16	242	48	58	GACATATAAT
C16	243	56	66	GACATATAAT
C16	244	54	64	GACATATAAT
C16	245	41	51	GACATATAAT
C16	246	67	77	GACATATAAT
C16	247	11	21	GACATATAAT
C16	248	26	36	GACATATAAT
C16	249	59	69	GACATATAAT
C16	250	9	19	GACATATAAT
C16	251	63	73	GACATATAAT
C16	252	68	78	GACATATAAT
C16	253	36	46	GACATATAAT
C16	254	36	46	GACATATAAT
C16	255	59	69	GACATATAAT
C16	0	31	41	GACATATAAT
C17	214	1	11	AAGAATTGAC
C17	251	56	66	AAGAATTGAC
C17	15	20	30	AATAATTGAC
C17	48	38	48	AATAATTGAC
C17	76	2	12	AATAATTGAC
C17	217	17	27	AATAATTGAC
C17	121	6	16	AAAAATTGAC
C17	43	4	14	AACAATTGAC
C17	182	37	47	AACAATTGAC
C17	168	14	24	AAGAATTTAC
C17	22	13	23	AATAGTTGAC
C17	126	63	73	AAGAATTGAT
C17	124	5	15	AAAAATTAAC
C17	196	7	17	AATAATTAAC
C17	252	19	29	AATAATTAAC
C17	224	6	16	GATAATTGAC
C17	93	61	71	AAAGATTGAC
C17	140	25	35	AAAGATTGAC
C17	5	19	29	GAAAATTGAC
C17	89	16	26	GAAAATTGAC
C17	184	30	40	AATGATTGAC
C17	50	5	15	AAGATTTGAC
C17	17	54	64	AATATTTGAC
C17	95	20	30	AATATTTGAC
C17	178	36	46	AATATTTGAC
C17	186	42	52	AAAATTTGAC
C17	206	57	67	AATCATTGAC
C17	255	52	62	AATCATTGAC
C17	45	55	65	AGAAATTGAC
C17	200	31	41	TAAAATTCAC
C17	20	33	43	AATTATTGAC
C17	106	56	66	AATTATTGAC
C17	120	37	47	AAATATTGAC
C17	142	34	44	AAATATTGAC
C17	242	41	51	AAATATTGAC
C17	192	16	26	AAACATTGAC
C17	162	40	50	AAGTATTGAC
C17	197	47	57	AAGTATTGAC
C17	244	47	57	ACTAATTGAC
C17	99	56	66	AGGAATTGAC
C17	82	51	61	GAAACTTGAC
C17	87	42	52	CAAAATTGAC
C17	79	28	38	CATAATTGAC
C17	24	39	49	AATACTTAAC
C17	12	39	49	TATAATTGAC
C17	211	5	15	TATAATTGAC
C17	234	36	46	TATAATTGAC
C17	250	2	12	TATAATTGAC
C17	47	6	16	TAAAATTGAC
C17	179	23	33	TAAAATTGAC
C17	55	22	32	TAGAATTGAC
C17	112	50	60	TAGAATTGAC
C17	11	39	49	ATTAATTGAC
C17	108	11	21	ATTAATTGAC
C17	205	57	67	ATTAATTGAC
C17	156	21	31	ATAAATTGAC
C17	57	23	33	ATGAATTGAC
C17	165	30	40	ATGAATTGAC
C17	177	33	43	TACAATTGAC
C17	221	1	11	ACTCATTGAC
C17	4	15	25	CCCAATTGAC
C17	117	31	41	AGTACTTGAC
C17	185	33	43	AGTACTTGAC
C17	103	2	12	CAGAATTGAC
C17	23	62	72	AAGTTTTGAG
C17	33	30	40	AAACCTTGAC
C17	2	42	52	GATATTTGAC
C17	254	29	39	GAAGATTGAC
C17	243	25	35	AAAATTTAAC
C17	130	59	69	AAATGTTGAC
C17	194	1	11	AAATGTTGAC
C17	111	34	44	GTGAATTGAC
C17	149	51	61	GAAATTTGAC
C17	155	10	20	AGTAGTTGAC
C17	56	11	21	AACAAGTGAG
C17	180	58	68	ACTAGTTGAC
C17	134	29	39	GATAGTTGAC
C17	248	19	29	AAAGTTTGAC
C17	61	48	58	AATGTTTGAC
C17	69	3	13	GATTATTGAC
C17	237	56	66	TAAAGTTGAC
C17	199	42	52	CACACTTGAA
C17	122	10	20	GAACATTGAC
C17	7	35	45	TATAGTTGAC
C17	113	52	62	AATAATTTAG
C17	63	46	56	ATTACTTGAC
C17	147	28	38	TATACTTGAC
C17	169	62	72	TATACTTGAC
C17	228	64	74	AATTATTGAA
C17	245	71	81	AATTATTGAA
C17	58	13	23	GCGAATTGAG
C17	213	48	58	TAAACTTGAC
C17	129	24	34	ACCAGTTGAG
C17	158	42	52	GAGATTTAAC
C17	84	32	42	AGAATTTGAC
C17	132	61	71	AGAATTTGAC
C17	227	11	21	AGAATTTGAC
C17	53	56	66	AATTTTTGAC
C17	100	53	63	AAATTTTGAC
C17	41	39	49	AGTATTTGAC
C17	190	46	56	AGTATTTGAC
C17	163	10	20	AAATCTTTAC
C17	30	59	69	AATAATTAAG
C17	83	1	11	ACTATTTGAC
C17	183	61	71	AAAAATTAAG
C17	28	0	10	AGATATTGAC
C17	40	4	14	ACAATTTGAC
C17	96	5	15	ACAATTTGAC
C17	105	3	13	AGTTATTGAC
C17	164	37	47	GATTCTTGAC
C17	152	47	57	TAAGATTGAC
C17	123	13	23	ATAGATTGAC
C17	49	53	63	ATCAATTGAT
C17	176	35	45	TATGATTGAC
C17	91	57	67	ATTGATTGAC
C17	107	6	16	TACGATTGAC
C17	65	45	55	AATAATTTAT
C17	74	20	30	AATAATTTAT
C17	42	59	69	GTAAATTGAC
C17	131	9	19	GTAAATTGAC
C17	219	52	62	CAAATTTGAC
C17	230	9	19	ATTAATTGAA
C17	88	53	63	TATATTTGAC
C17	144	6	16	TATATTTGAC
C17	166	50	60	TATATTTGAC
C17	109	17	27	CATATTTGAC
C17	236	63	73	TAAATTTGAC
C17	62	70	80	ATTATTTGAC
C17	172	46	56	ATTATTTGAC
C17	175	29	39	TACAATTGAA
C17	115	18	28	AATACTTTAG
C17	143	36	46	ATAATTTGAC
C17	191	39	49	ATAATTTGAC
C17	229	19	29	ATAATTTGAC
C17	174	37	47	ACATATTGAC
C17	207	49	59	ATGATTTGAC
C17	86	2	12	TATCATTGAC
C17	225	13	23	TAACATTGAC
C17	188	36	46	ATCATTTGAC
C17	202	8	18	ATCATTTGAC
C17	72	54	64	AGTGTTTGAC
C17	73	39	49	TACATTTGAC
C17	253	29	39	TACATTTGAC
C17	238	60	70	ACGTGTTGAC
C17	85	33	43	ATATATTGAC
C17	92	70	80	TAATCTTGAG
C17	173	8	18	ATCTATTGAC
C17	3	10	20	AAAAATTAAT
C17	226	47	57	TACTATTGAC
C17	189	43	53	TAGTGTTGAC
C17	102	14	24	CACGTTTGAC
C17	136	63	73	CTTAATTGAC
C17	78	42	52	TGCAATTGAC
C17	94	9	19	AAACGTTGAA
C17	64	9	19	AAAAACTGAT
C17	60	22	32	GATGTTTGAC
C17	160	11	21	CCCTATTGAC
C17	215	6	16	TTTAATTGAC
C17	59	41	51	CATTGTTGAC
C17	218	44	54	ATCTCTTGAC
C17	97	25	35	AGTAATTAAG
C17	167	48	58	TATGCTTGAC
C17	204	1	11	ATTTATTTAC
C17	249	52	62	ACTTCTTGAC
C17	209	30	40	AAAACTTTAT
C17	38	58	68	AAACTTTGAA
C17	146	2	12	AACAATGAAC
C17	125	28	38	GAACGTTGAC
C17	246	49	59	ACTGATTAAC
C17	110	32	42	AAGAGGTAAC
C17	6	55	65	AATTATTTAG
C17	139	35	45	GGTTATTGAC
C17	13	1	11	TAATCTTGAC
C17	232	25	35	TAATCTTGAC
C17	32	68	78	TTTAATTTAC
C17	14	18	28	TAATGTTGAC
C17	26	64	74	TAATGTTGAC
C17	181	3	13	CGAGGTTGAC
C17	52	38	48	ACAGGTTGAC
C17	1	53	63	ATATGTTGAC
C17	77	10	20	CAAATTTGAA
C17	198	37	47	CATCGTTTAC
C17	21	7	17	ACTGGTTGAC
C17	222	3	13	ATTTGTTGAC
C17	25	31	41	TGTAGTTGAC
C17	208	32	42	GTTAATTGAT
C17	159	16	26	AATATTGGAC
C17	37	66	76	AAAACCTTAC
C17	18	49	59	GAGTTTTAAC
C17	75	22	32	GTAATTTGAC
C17	157	18	28	TATTATTGAT
C17	27	56	66	AATATTTTAT
C17	240	32	42	AATATTTTCC
C17	239	64	74	ATTGTTTGAC
C17	70	11	21	ATAATTTGAA
C17	119	27	37	AGCTTTTGAC
C17	16	12	22	GCCACTTGAC
C17	241	52	62	TACGTTTGAC
C17	54	62	72	TTCAGTTGAC
C17	0	24	34	ACCTTTTGAC
C17	151	36	46	AATGATTTAA
C17	137	31	41	TATTTTTGAC
C17	170	52	62	TAATTTTGAC
C17	247	4	14	ATTTTTTGAC
C17	187	54	64	ATAGTTTTAC
C17	98	29	39	ATATTTTGAC
C17	46	41	51	GAAAATTGTG
C17	9	10	20	AGAACATGAG
C17	80	8	18	TGAATTTGAC
C17	223	55	65	ATAAATTCTC
C17	150	7	17	AAAGATTAGC
C17	101	11	21	GGGTTTTGAC
C17	81	49	59	AAAAATGGGG
C17	118	32	42	ATCTTTTGAC
C17	67	20	30	TTCGATTGAC
C17	71	21	31	TTCGATTGAC
C17	44	29	39	TAAAATTCAT
C17	135	17	27	AACTATTAAT
C17	10	16	26	AATTATCTAC
C17	90	41	51	AACTATTAAA
C17	8	7	17	TCTGATTGAC
C17	116	44	54	CCTTGTTGAC
C17	220	44	54	ACGGTTTTAC
C17	36	63	73	CTATGTTGAC
C17	141	33	43	CATATGTGAC
C17	31	64	74	ACTCATTTAA
C17	114	62	72	ACTATGTTAC
C17	201	32	42	GAAACTTTTC
C17	212	40	50	AAATATTGGT
C17	34	14	24	TAAAGTTTAT
C17	39	21	31	GCATTTTGAC
C17	195	61	71	ATCAGTTTAT
C17	51	25	35	TGTTGTTGAC
C17	145	19	29	ATCATTTCAG
C17	216	67	77	CAAAACTCAG
C17	203	21	31	AACAGTAAAC
C17	193	43	53	ATCAATGGAA
C17	68	51	61	TCAAATTGGC
C17	138	39	49	AAAAATCCAT
C17	133	15	25	AAACTCTAAC
C17	66	51	61	TAAACTGGAT
C17	153	64	74	AAGTCTTGTC
C17	233	36	46	AATAGCGGGG
C17	161	40	50	ATTAACTAGC
C17	171	29	39	CAGGCTTTAG
C18	156	71	81	ATTGAGATAT
C18	4	19	29	ATTGACATAT
C18	5	35	45	ATTGACATAT
C18	8	11	21	ATTGACATAT
C18	11	43	53	ATTGACATAT
C18	12	43	53	ATTGACATAT
C18	15	24	34	ATTGACATAT
C18	20	37	47	ATTGACATAT
C18	24	15	25	ATTGACATAT
C18	28	4	14	ATTGACATAT
C18	42	63	73	ATTGACATAT
C18	43	8	18	ATTGACATAT
C18	45	16	26	ATTGACATAT
C18	47	10	20	ATTGACATAT
C18	48	42	52	ATTGACATAT
C18	55	26	36	ATTGACATAT
C18	57	27	37	ATTGACATAT
C18	62	35	45	ATTGACATAT
C18	65	0	10	ATTGACATAT
C18	66	3	13	ATTGACATAT
C18	67	24	34	ATTGACATAT
C18	68	61	71	ATTGACATAT
C18	69	7	17	ATTGACATAT
C18	70	3	13	ATTGACATAT
C18	71	25	35	ATTGACATAT
C18	78	46	56	ATTGACATAT
C18	79	32	42	ATTGACATAT
C18	86	6	16	ATTGACATAT
C18	87	46	56	ATTGACATAT
C18	89	20	30	ATTGACATAT
C18	90	4	14	ATTGACATAT
C18	91	61	71	ATTGACATAT
C18	93	65	75	ATTGACATAT
C18	99	60	70	ATTGACATAT
C18	103	6	16	ATTGACATAT
C18	105	7	17	ATTGACATAT
C18	106	60	70	ATTGACATAT
C18	107	10	20	ATTGACATAT
C18	108	15	25	ATTGACATAT
C18	111	38	48	ATTGACATAT
C18	112	54	64	ATTGACATAT
C18	120	41	51	ATTGACATAT
C18	121	10	20	ATTGACATAT
C18	122	14	24	ATTGACATAT
C18	123	17	27	ATTGACATAT
C18	124	37	47	ATTGACATAT
C18	131	13	23	ATTGACATAT
C18	136	13	23	ATTGACATAT
C18	139	39	49	ATTGACATAT
C18	140	29	39	ATTGACATAT
C18	142	38	48	ATTGACATAT
C18	145	2	12	ATTGACATAT
C18	152	51	61	ATTGACATAT
C18	158	4	14	ATTGACATAT
C18	159	6	16	ATTGACATAT
C18	160	15	25	ATTGACATAT
C18	162	44	54	ATTGACATAT
C18	165	34	44	ATTGACATAT
C18	168	43	53	ATTGACATAT
C18	173	12	22	ATTGACATAT
C18	174	41	51	ATTGACATAT
C18	175	52	62	ATTGACATAT
C18	176	39	49	ATTGACATAT
C18	177	37	47	ATTGACATAT
C18	179	27	37	ATTGACATAT
C18	182	41	51	ATTGACATAT
C18	184	34	44	ATTGACATAT
C18	187	7	17	ATTGACATAT
C18	192	20	30	ATTGACATAT
C18	195	29	39	ATTGACATAT
C18	197	51	61	ATTGACATAT
C18	200	57	67	ATTGACATAT
C18	205	61	71	ATTGACATAT
C18	206	61	71	ATTGACATAT
C18	211	9	19	ATTGACATAT
C18	214	5	15	ATTGACATAT
C18	215	10	20	ATTGACATAT
C18	217	21	31	ATTGACATAT
C18	220	1	11	ATTGACATAT
C18	221	5	15	ATTGACATAT
C18	224	10	20	ATTGACATAT
C18	225	17	27	ATTGACATAT
C18	226	51	61	ATTGACATAT
C18	228	19	29	ATTGACATAT
C18	230	37	47	ATTGACATAT
C18	234	40	50	ATTGACATAT
C18	242	45	55	ATTGACATAT
C18	244	51	61	ATTGACATAT
C18	250	6	16	ATTGACATAT
C18	251	60	70	ATTGACATAT
C18	254	33	43	ATTGACATAT
C18	255	56	66	ATTGACATAT
C18	0	28	38	TTTGACATAT
C18	2	46	56	TTTGACATAT
C18	3	41	51	TTTGACATAT
C18	6	45	55	TTTGACATAT
C18	9	31	41	TTTGACATAT
C18	10	6	16	TTTGACATAT
C18	17	58	68	TTTGACATAT
C18	19	2	12	TTTGACATAT
C18	23	37	47	TTTGACATAT
C18	29	33	43	TTTGACATAT
C18	31	2	12	TTTGACATAT
C18	35	65	75	TTTGACATAT
C18	37	25	35	TTTGACATAT
C18	38	23	33	TTTGACATAT
C18	39	25	35	TTTGACATAT
C18	40	8	18	TTTGACATAT
C18	41	43	53	TTTGACATAT
C18	49	10	20	TTTGACATAT
C18	50	9	19	TTTGACATAT
C18	53	60	70	TTTGACATAT
C18	56	58	68	TTTGACATAT
C18	60	26	36	TTTGACATAT
C18	61	52	62	TTTGACATAT
C18	64	28	38	TTTGACATAT
C18	72	58	68	TTTGACATAT
C18	73	43	53	TTTGACATAT
C18	74	67	77	TTTGACATAT
C18	75	26	36	TTTGACATAT
C18	76	61	71	TTTGACATAT
C18	77	40	50	TTTGACATAT
C18	80	12	22	TTTGACATAT
C18	81	33	43	TTTGACATAT
C18	83	5	15	TTTGACATAT
C18	84	36	46	TTTGACATAT
C18	85	13	23	TTTGACATAT
C18	88	57	67	TTTGACATAT
C18	95	24	34	TTTGACATAT
C18	96	9	19	TTTGACATAT
C18	97	0	10	TTTGACATAT
C18	98	33	43	TTTGACATAT
C18	100	57	67	TTTGACATAT
C18	101	15	25	TTTGACATAT
C18	102	18	28	TTTGACATAT
C18	109	21	31	TTTGACATAT
C18	113	19	29	TTTGACATAT
C18	118	36	46	TTTGACATAT
C18	119	31	41	TTTGACATAT
C18	127	39	49	TTTGACATAT
C18	128	20	30	TTTGACATAT
C18	129	44	54	TTTGACATAT
C18	132	65	75	TTTGACATAT
C18	133	48	58	TTTGACATAT
C18	135	51	61	TTTGACATAT
C18	137	35	45	TTTGACATAT
C18	141	54	64	TTTGACATAT
C18	143	40	50	TTTGACATAT
C18	144	10	20	TTTGACATAT
C18	146	36	46	TTTGACATAT
C18	148	0	10	TTTGACATAT
C18	149	55	65	TTTGACATAT
C18	150	21	31	TTTGACATAT
C18	151	6	16	TTTGACATAT
C18	153	9	19	TTTGACATAT
C18	157	56	66	TTTGACATAT
C18	161	58	68	TTTGACATAT
C18	163	33	43	TTTGACATAT
C18	166	54	64	TTTGACATAT
C18	170	56	66	TTTGACATAT
C18	171	2	12	TTTGACATAT
C18	172	50	60	TTTGACATAT
C18	178	40	50	TTTGACATAT
C18	186	46	56	TTTGACATAT
C18	188	40	50	TTTGACATAT
C18	190	50	60	TTTGACATAT
C18	191	43	53	TTTGACATAT
C18	193	59	69	TTTGACATAT
C18	196	20	30	TTTGACATAT
C18	198	56	66	TTTGACATAT
C18	199	55	65	TTTGACATAT
C18	201	42	52	TTTGACATAT
C18	202	12	22	TTTGACATAT
C18	203	47	57	TTTGACATAT
C18	204	36	46	TTTGACATAT
C18	207	53	63	TTTGACATAT
C18	208	0	10	TTTGACATAT
C18	210	21	31	TTTGACATAT
C18	212	52	62	TTTGACATAT
C18	216	53	63	TTTGACATAT
C18	219	56	66	TTTGACATAT
C18	227	15	25	TTTGACATAT
C18	229	23	33	TTTGACATAT
C18	233	3	13	TTTGACATAT
C18	236	67	77	TTTGACATAT
C18	239	68	78	TTTGACATAT
C18	240	18	28	TTTGACATAT
C18	241	56	66	TTTGACATAT
C18	243	53	63	TTTGACATAT
C18	245	38	48	TTTGACATAT
C18	246	64	74	TTTGACATAT
C18	247	8	18	TTTGACATAT
C18	248	23	33	TTTGACATAT
C18	252	65	75	TTTGACATAT
C18	253	33	43	TTTGACATAT
C18	1	57	67	GTTGACATAT
C18	7	39	49	GTTGACATAT
C18	14	22	32	GTTGACATAT
C18	21	11	21	GTTGACATAT
C18	22	17	27	GTTGACATAT
C18	25	35	45	GTTGACATAT
C18	26	68	78	GTTGACATAT
C18	27	46	56	GTTGACATAT
C18	30	12	22	GTTGACATAT
C18	32	42	52	GTTGACATAT
C18	34	2	12	GTTGACATAT
C18	36	67	77	GTTGACATAT
C18	44	10	20	GTTGACATAT
C18	46	0	10	GTTGACATAT
C18	51	29	39	GTTGACATAT
C18	52	42	52	GTTGACATAT
C18	54	66	76	GTTGACATAT
C18	59	45	55	GTTGACATAT
C18	92	58	68	GTTGACATAT
C18	115	8	18	GTTGACATAT
C18	116	48	58	GTTGACATAT
C18	125	32	42	GTTGACATAT
C18	130	63	73	GTTGACATAT
C18	134	33	43	GTTGACATAT
C18	154	25	35	GTTGACATAT
C18	155	14	24	GTTGACATAT
C18	180	62	72	GTTGACATAT
C18	181	7	17	GTTGACATAT
C18	189	47	57	GTTGACATAT
C18	194	5	15	GTTGACATAT
C18	222	7	17	GTTGACATAT
C18	231	46	56	GTTGACATAT
C18	237	60	70	GTTGACATAT
C18	238	64	74	GTTGACATAT
C18	13	5	15	CTTGACATAT
C18	16	16	26	CTTGACATAT
C18	18	66	76	CTTGACATAT
C18	33	34	44	CTTGACATAT
C18	58	60	70	CTTGACATAT
C18	63	50	60	CTTGACATAT
C18	82	55	65	CTTGACATAT
C18	94	63	73	CTTGACATAT
C18	104	25	35	CTTGACATAT
C18	110	49	59	CTTGACATAT
C18	117	35	45	CTTGACATAT
C18	126	5	15	CTTGACATAT
C18	138	7	17	CTTGACATAT
C18	147	32	42	CTTGACATAT
C18	164	41	51	CTTGACATAT
C18	167	52	62	CTTGACATAT
C18	169	66	76	CTTGACATAT
C18	183	0	10	CTTGACATAT
C18	185	37	47	CTTGACATAT
C18	209	67	77	CTTGACATAT
C18	213	52	62	CTTGACATAT
C18	218	48	58	CTTGACATAT
C18	223	67	77	CTTGACATAT
C18	232	29	39	CTTGACATAT
C18	235	2	12	CTTGACATAT
C18	249	56	66	CTTGACATAT
C18	114	33	43	ATACATAGAT
C19	19	12	22	AATTTATAAA
C19	121	1	11	AATTTAAAAA
C19	39	46	56	AATTTAGCAA
C19	103	63	73	AATTTAGCAA
C19	45	26	36	AATTTGTGAA
C19	87	62	72	AATTTCTAAA
C19	125	42	52	AATTTAACAA
C19	180	45	55	AATTTAACAA
C19	89	42	52	AGTGTATAAA
C19	222	51	61	AATTTGTAAA
C19	55	52	62	AATTTCGAAA
C19	226	24	34	AATGTGTGAA
C19	74	43	53	AATTTAATAA
C19	139	52	62	AATTTAATAA
C19	143	50	60	AATTTAATAA
C19	181	60	70	AATTTAATAA
C19	205	71	81	AATTTAATAA
C19	58	70	80	AATTTGTTAA
C19	206	71	81	AATTTTTAAA
C19	251	70	80	AATTTTTAAA
C19	224	20	30	AATGTATGAA
C19	160	30	40	ATTTTATAAA
C19	122	29	39	AATTTAGAGA
C19	209	33	43	ACTTTATTAA
C19	36	48	58	AATATATAAA
C19	178	50	60	AATATATAAA
C19	23	48	58	ATTTTATGAA
C19	50	54	64	ATTTTAGAAA
C19	255	66	76	AATTTTTTAA
C19	168	9	19	ACTTTAAGAA
C19	108	6	16	ATTTTATTAA
C19	148	11	21	ATTTTATTAA
C19	93	49	59	AATGTGATAA
C19	140	9	19	AGTTTTTCAA
C19	228	6	16	AATATAGAAA
C19	116	34	44	AATCTCCGAA
C19	200	39	49	ACTTTAATAA
C19	105	42	52	ATTTTCGCAA
C19	174	23	33	AATATATTAA
C19	175	32	42	AATTGAAAAA
C19	152	40	50	AATTTTCTAA
C19	65	48	58	AATTTATAGA
C19	147	7	17	AATTTATAGA
C19	100	18	28	AACTTATCAA
C19	72	1	11	AATTCAAGAA
C19	232	51	61	ATTTTAACAA
C19	238	24	34	AGTTTATACA
C19	13	34	44	AATTAATCAA
C19	84	26	36	AATATAAGAA
C19	119	65	75	AATATAAGAA
C19	132	25	35	ACTTTTTAAA
C19	213	8	18	ACTTTTTAAA
C19	212	63	73	ATTTTAATAA
C19	244	6	16	AAGTTAAAAA
C19	28	32	42	GATTTATGAA
C19	204	46	56	AATTTATCGA
C19	142	20	30	AATTCAATAA
C19	196	10	20	AATTAACAAA
C19	66	13	23	AATTAAAAAA
C19	95	34	44	AATTAAAAAA
C19	241	6	16	ATTTTCTTAA
C19	176	49	59	AATATCTGAA
C19	193	30	40	AACTTATTAA
C19	98	20	30	AATGTTTTAA
C19	0	69	79	GATTTAAAAA
C19	239	21	31	AATTTCTGCA
C19	184	66	76	AATTTATCTA
C19	163	66	76	ATTCTACAAA
C19	207	33	43	AATCTTGAAA
C19	191	62	72	AATTCCTTAA
C19	117	50	60	ATTGTACAAA
C19	20	17	27	AATTAAAGAA
C19	144	30	40	ACTTTTTTAA
C19	2	30	40	AATCTTTTAA
C19	75	15	25	AATTTATGTA
C19	86	28	38	AAGTTAATAA
C19	97	28	38	AATTAAGTAA
C19	217	31	41	AATTAAGTAA
C19	173	31	41	AATTTGTGGA
C19	138	70	80	AAATTATAAA
C19	120	20	30	AATTCTTAAA
C19	48	52	62	AATGAATAAA
C19	56	3	13	AGTTAAGCAA
C19	68	20	30	AATATGAAAA
C19	126	52	62	AATGTGTAAC
C19	34	17	27	AGTTTATCTA
C19	243	18	28	AGGGTATAAA
C19	172	61	71	ATTTTCGTAA
C19	12	65	75	AATTTGTTCA
C19	91	17	27	ACTTTATAGA
C19	170	45	55	AAGTTGTTAA
C19	101	25	35	AATTAAATAA
C19	137	45	55	AATTTAAAAG
C19	14	32	42	AATTGTTGAA
C19	156	9	19	AATCAATAAA
C19	77	65	75	CATTTGTAAA
C19	7	5	15	AATATTTCAA
C19	186	36	46	AGTTAAAAAA
C19	171	54	64	GATGTATAAA
C19	254	43	53	AATCTTGTAA
C19	123	8	18	AATTCATAGA
C19	29	4	14	ATTGTAATAA
C19	26	34	44	ATTTTTGGAA
C19	192	30	40	AATTGTTTAA
C19	183	27	37	AATTACTTAA
C19	76	48	58	ATCTTATAAA
C19	22	58	68	AATTACAAAA
C19	111	53	63	AATTACAAAA
C19	151	28	38	AATTATTAAA
C19	11	18	28	ACTTTACAAC
C19	37	69	79	ACCTTACAAA
C19	32	63	73	AATTCTTTAA
C19	21	21	31	AATTTATGAT
C19	135	24	34	AATTTATGAT
C19	80	22	32	AATTTGTATA
C19	67	65	75	AGTCTATTAA
C19	4	39	49	ACTTAGTAAA
C19	43	33	43	ACTTAATCAA
C19	124	13	23	ACCTTATTAA
C19	47	64	74	ACTTTAGAAC
C19	177	69	79	AGGTTAGTAA
C19	145	57	67	AATGGGATAA
C19	237	19	29	ACGTTACAAA
C19	82	10	20	AATACATCAA
C19	134	48	58	GATTTTCAAA
C19	33	49	59	AATCTATATA
C19	221	40	50	AATCAAAAAA
C19	49	44	54	AATGGTGAAA
C19	210	56	66	AATATTCGAA
C19	149	38	48	AATAAATAAA
C19	133	6	16	ATTTTTATAA
C19	62	61	71	ATTTGAACAA
C19	52	52	62	AATTTCAATA
C19	42	53	63	AATGAGGTAA
C19	195	64	74	AGTTTATTAC
C19	85	61	71	ATGTTAGAAA
C19	131	57	67	AATACAAAAA
C19	236	22	32	AATACAAAAA
C19	83	55	65	ATTATAAGAA
C19	81	4	14	GATTTGATAA
C19	245	9	19	AATATATAGA
C19	44	64	74	AATTTTTATA
C19	141	64	74	AATGTATGTA
C19	115	54	64	AATACATTAA
C19	31	45	55	AATTTGTTTA
C19	155	24	34	AATTACCTAA
C19	9	55	65	ACTTTCCTCA
C19	249	0	10	AATCTATGTA
C19	112	2	12	ACGTTAGTAA
C19	127	49	59	AATAGGTAAA
C19	219	11	21	ACTTTAAGGA
C19	188	7	17	ATGTTAGGAA
C19	162	12	22	GAGTTAAGAA
C19	246	7	17	AATTCATACA
C19	1	26	36	AAGATAGAAA
C19	99	51	61	AGTAGAGGAA
C19	3	12	22	AAATTAATAA
C19	53	9	19	AATTATAAAA
C19	201	17	27	ACTTTATAAG
C19	107	35	45	GATTTTCTAA
C19	94	11	21	ACGTTGAAAA
C19	30	51	61	AATACCGCAA
C19	197	12	22	AGGTTACTAA
C19	51	9	19	AATAAATCAA
C19	61	62	72	AATTGTATAA
C19	70	20	30	ATTTTAAAGA
C19	54	12	22	ATTTAAAAAA
C19	118	20	30	GATGCGCGAA
C19	220	52	62	ACTCGACTAA
C19	247	18	28	AATTTAGTAT
C19	240	70	80	ATTCTCTGAG
C19	218	43	53	AATCTCTTGA
C19	253	61	71	AATATAAACA
C19	198	69	79	ACTATCTTAA
C19	182	59	69	AGTACATGAA
C19	27	14	24	AATTTTTGTA
C19	187	45	55	AAGATCTAAA
C19	96	32	42	AATAAATTAA
C19	102	60	70	CCTTTACCAA
C19	230	17	27	AACTGAAAAA
C19	227	33	43	AATTAAGCAC
C19	24	71	81	AAGCTTTAAA
C19	113	44	54	AACCTAATAA
C19	223	36	46	ACTGGATCAA
C19	199	14	24	AAGCTGAAAA
C19	71	9	19	ACCTTCCAAA
C19	157	39	49	AATCTACTTA
C19	41	60	70	AGCTTTACAA
C19	233	60	70	CATATAGAAA
C19	248	42	52	AATTTCTTAT
C19	6	69	79	AATTTTGGTA
C19	59	4	14	AGTTATTTAA
C19	106	18	28	AGTTATTTAA
C19	235	62	72	AGGGTGATAA
C19	242	23	33	AAAGTAGTAA
C19	159	53	63	ACGATATAAA
C19	64	57	67	TATTTTTGAA
C19	78	6	16	AATTAAACAC
C19	69	17	27	AATTTTTAAT
C19	252	14	24	AGATTAATAA
C19	164	61	71	ATTTTCTATA
C19	110	59	69	AATTGTCGAA
C19	90	63	73	ACTTTCTATA
C19	92	32	42	ATTCTTGTAA
C19	73	20	30	TCTTTACGAA
C19	215	43	53	AACATAGTAA
C19	216	63	73	AATTCAAAAC
C19	229	57	67	AATGTGTTAT
C19	130	29	39	ACTAAATAAA
C19	40	27	37	CTTTTACGAA
C19	88	37	47	CATCTTTAAA
C19	79	5	15	ACTGTGTGTA
C19	5	12	22	GAGCTAAGAA
C19	16	68	78	ATTGTATATA
C19	146	62	72	ATTGTATATA
C19	179	50	60	GATTAATTAA
C19	25	6	16	AAAATATCAA
C19	167	31	41	TCTCTCCAAA
C19	208	62	72	ATTTTACTGA
C19	104	67	77	CGTTGAACAA
C19	189	36	46	AAGTTATTAG
C19	214	15	25	AATTAAATCA
C19	194	41	51	ACCTGAGTAA
C19	46	45	55	ATTGTGATCA
C19	234	50	60	AATTACGTGA
C19	114	65	75	ATGTTACTCA
C19	166	64	74	AATTCTAGGA
C19	165	49	59	AGTTTCATAC
C19	18	3	13	AAGCTCAGCA
C19	10	48	58	ATCTTCATAA
C19	231	65	75	AGCTTCTATA
C19	128	44	54	AATGTTCCTA
C19	57	47	57	GTTATACAAA
C19	38	67	77	ATGCTCCTAA
C19	17	32	42	AATGGTCTAA
C19	185	24	34	TTTTTGTTAA
C19	211	50	60	TATCTTTCAA
C19	60	36	46	AATGTCAATA
C19	15	67	77	CCTGTACCAA
C19	35	27	37	AGTGAATGTA
C19	202	31	41	CTTATAGAAA
C19	109	58	68	ACTATAAATA
C19	136	71	81	ACTATAAATA
C19	150	0	10	AGGGCAAAAA
C19	8	57	67	AATCAAATCA
C19	158	28	38	ATTATACGGA
C19	161	8	18	AATATGGCTA
C19	129	18	28	AATGCGACCA
C19	203	20	30	AAACAGTAAA
C19	225	2	12	AGTATATATC
C19	153	59	69	ACTCTAAGTC
C20	2	12	22	TTTATCTTTT
C20	250	48	58	TTTATCTTTT
C20	216	10	20	TTTATGGTTT
C20	50	49	59	TTTATATTTT
C20	3	61	71	TTTATCTCTT
C20	37	10	20	TTTATCGCTT
C20	101	7	17	TTTAGGGTTT
C20	75	10	20	TTTATAATTT
C20	62	13	23	TTAATGTTTT
C20	213	4	14	TTTAACTTTT
C20	17	5	15	TTTAAGGTTT
C20	100	50	60	TTTAAATTTT
C20	154	8	18	TTTAAATTTT
C20	219	26	36	TTTATCTATT
C20	239	7	17	TTTACCATTT
C20	98	26	36	TTAATATTTT
C20	240	30	40	TTAATATTTT
C20	109	38	48	TGTATTTTTT
C20	199	0	10	TTAATCTCTT
C20	251	35	45	TCTAAGTTTT
C20	21	47	57	TATATGGTTT
C20	86	52	62	TTTGTGATTT
C20	235	46	56	TGTATAATTT
C20	203	0	10	TTTATGGATT
C20	0	7	17	TTTATTTCTT
C20	102	44	54	TTTATGTTCT
C20	158	46	56	TTTAACATTT
C20	141	46	56	TGAATCTCTT
C20	11	13	23	TTGATACTTT
C20	166	46	56	TTTATATATT
C20	179	11	21	TTTATATATT
C20	254	16	26	TATATAGTTT
C20	87	31	41	TTCATAATTT
C20	9	50	60	TTTAAACTTT
C20	67	46	56	TTTAATTTTT
C20	198	42	52	TTTACTGTTT
C20	23	3	13	TATATGATTT
C20	205	29	39	TTTATAGATT
C20	132	29	39	TTTAAAATTT
C20	144	45	55	TTTAAAATTT
C20	105	37	47	TTCAGATTTT
C20	74	18	28	TTAATAATTT
C20	47	22	32	TTCAACTTTT
C20	207	46	56	TCCATGATTT
C20	84	61	71	TTTAGGAGTT
C20	202	5	15	TGGATCATTT
C20	170	25	35	TCTATTGTTT
C20	28	34	44	TTTATGAATT
C20	152	18	28	TATATACTTT
C20	31	16	26	TTCATTATTT
C20	165	70	80	TATACCTTTT
C20	231	62	72	TTGAGCTTCT
C20	173	5	15	TTGATCTATT
C20	41	56	66	TTTGAGCTTT
C20	140	69	79	TTTATTACTT
C20	64	20	30	TGTATTTGTT
C20	252	24	34	TTAACGGTTT
C20	209	14	24	TTAATTATTT
C20	58	46	56	TTCAGTTTTT
C20	169	30	40	TTTTTGTTTT
C20	13	59	69	TAAATGTTTT
C20	157	68	78	TATATTCTTT
C20	35	53	63	TATAGATTTT
C20	136	48	58	TAGATATTTT
C20	220	41	51	TCCACGGTTT
C20	145	70	80	TTTATCTTGT
C20	49	58	68	TTGATAAGTT
C20	81	24	34	TTAAGTTTTT
C20	24	68	78	TATAAGCTTT
C20	189	16	26	GGTATCCTTT
C20	106	23	33	TTTAACAGTT
C20	123	10	20	TTCATAGATT
C20	7	10	20	TTCAACATTT
C20	142	3	13	TTTGTTGTTT
C20	232	46	56	TATACATTTT
C20	18	53	63	TTTAACGATT
C20	91	23	33	TAGATCATTT
C20	225	4	14	TATATATCTT
C20	180	40	50	TGAATAATTT
C20	214	28	38	TTTATGTTAT
C20	57	5	15	TCAATACTTT
C20	88	5	15	TCCATAATTT
C20	104	57	67	TAAATATTTT
C20	108	8	18	TTTATTAATT
C20	150	36	46	TCGATCTCTT
C20	168	12	22	TTAAGAATTT
C20	107	31	41	TGCAGATTTT
C20	243	8	18	CCTATGTTTT
C20	147	44	54	TATAGTGTTT
C20	29	26	36	TTTTTAGTTT
C20	218	41	51	TAAATCTCTT
C20	124	68	78	TTTAAATATT
C20	174	62	72	TTAACTTTTT
C20	241	48	58	TTAATACGTT
C20	212	66	76	TTAATAAGTT
C20	246	21	31	TTTTTCATTT
C20	187	51	61	TAAATAGTTT
C20	148	22	32	TGAAACTCTT
C20	66	41	51	TGAATAGCTT
C20	114	11	21	TTAAATTTTT
C20	63	8	18	TTTTTGATTT
C20	77	30	40	TCTATTTCTT
C20	1	50	60	TGCATATGTT
C20	151	34	44	TAAATGATTT
C20	34	54	64	TGTTTCTCTT
C20	40	29	39	TTTACGAATT
C20	155	54	64	TGTACTCCTT
C20	61	45	55	TTGAATGTTT
C20	53	51	61	TTAAAAATTT
C20	226	38	48	TTCATTACTT
C20	237	39	49	TCTCCCGTTT
C20	229	55	65	TAAATGTGTT
C20	255	27	37	TGCGTATTTT
C20	211	34	44	TTACTGTTTT
C20	163	46	56	TTTATATTAT
C20	193	48	58	TGGAAATTTT
C20	70	15	25	TTTGAATTTT
C20	164	55	65	GTTATTATTT
C20	125	16	26	TGTGGATTTT
C20	92	27	37	TCTATATTCT
C20	177	49	59	TCTATATTCT
C20	42	35	45	TTTATTTTGT
C20	78	24	34	TTTATAGTTA
C20	176	25	35	TTGAGTTTCT
C20	233	47	57	TATATATATT
C20	224	22	32	TGTATGAATT
C20	200	69	79	TTTACTTATT
C20	38	34	44	ATTATATTTT
C20	191	60	70	TTAATTCCTT
C20	89	71	81	TATATTGCTT
C20	186	12	22	TTTGTATCTT
C20	244	71	81	TTTGTATCTT
C20	32	25	35	TGTGGTGTTT
C20	71	46	56	TTTATCATTA
C20	99	40	50	TTTATACTGT
C20	60	20	30	TTGATGTTTG
C20	129	62	72	TTTACATTTG
C20	230	6	16	TGTATTAATT
C20	54	50	60	TGTTTATTTT
C20	206	47	57	TCAATTATTT
C20	46	62	72	TAGATTCTTT
C20	201	65	75	TTTAAGTTTG
C20	79	2	12	TTCACTGTGT
C20	80	59	69	TCTATTTTCT
C20	113	62	72	TTTGTATATT
C20	184	68	78	TTTATCTATC
C20	153	61	71	TCTAAGTCTT
C20	44	27	37	TTTAAAATTC
C20	135	14	24	TTAAACTATT
C20	195	14	24	TTCAAAACTT
C20	69	27	37	TAAATATGTT
C20	172	36	46	TGTAACCATT
C20	228	31	41	TTCACAGTTC
C20	110	64	74	TCGAATTTTT
C20	93	7	17	TTCATAATCT
C20	116	1	11	TTTATGTAGT
C20	146	30	40	TTCATTTTTG
C20	52	6	16	TTAATATGTG
C20	175	27	37	TTTACAATTG
C20	234	4	14	GTTATTGGTT
C20	183	25	35	TGAATTACTT
C20	223	13	23	TTACTAATTT
C20	238	57	67	CTCACGTGTT
C20	245	50	60	TTTTGCATTT
C20	227	70	80	CTTAAAGTTT
C20	76	54	64	TAAAAGATTT
C20	96	61	71	TTAACGCTGT
C20	26	50	60	TAAAACTCTT
C20	15	39	49	TTGATGCTTA
C20	221	23	33	TTCATCTACT
C20	12	63	73	TCAATTTGTT
C20	6	3	13	CTTATTTCTT
C20	73	15	25	TTGGTTCTTT
C20	16	9	19	TGTGCCACTT
C20	95	49	59	TAAAGAATTT
C20	138	58	68	TGGATGATCT
C20	122	68	78	TCGATCCATT
C20	161	46	56	TAGCTCATTT
C20	127	70	80	TGAATACATT
C20	55	35	45	TTTTTATATT
C20	14	37	47	TTGAATGCTT
C20	185	30	40	TTAAGTACTT
C20	188	65	75	TCTAAGACTT
C20	133	41	51	TCGTTGCTTT
C20	196	57	67	TCGTTGCTTT
C20	143	8	18	TTCAATAGTT
C20	59	39	49	TGCATTGTTG
C20	159	68	78	TTAGAAGTTT
C20	167	1	11	TCTGAGGGTT
C20	111	14	24	TCCCTTATTT
C20	162	37	47	TCAAAGTATT
C20	190	41	51	TTAATAGTAT
C20	103	18	28	TTTGTATTGT
C20	85	6	16	CGAAGCTTTT
C20	90	60	70	TTCACTTTCT
C20	210	4	14	TTTATAAGTA
C20	204	48	58	TTTATCGACT
C20	128	34	44	TTCATCCGCG
C20	192	1	11	CGTAAGTTTT
C20	117	54	64	TACAAAGCTT
C20	25	22	32	TAGATTCCTT
C20	236	54	64	TTTGGGCATT
C20	194	62	72	TTCATGCTCG
C20	222	35	45	TAAAAATGTT
C20	5	7	17	TTAAGGAGCT
C20	27	61	71	TTTATCAGTC
C20	39	18	28	TCCGCATTTT
C20	242	12	22	GATACCTGTT
C20	30	25	35	TATGTATATT
C20	112	70	80	TGTATCGTAG
C20	208	51	61	TTGCGCAGTG
C20	131	25	35	TTACCCGATT
C20	248	70	80	TGAAAGTTTC
C20	36	28	38	TCCATCGTAT
C20	119	21	31	TGAATGAGCT
C20	4	5	15	TGGGTCGATT
C20	97	52	62	TTAAGGATAT
C20	253	27	37	GTTACATTTG
C20	171	35	45	TTAGTCAGTT
C20	8	65	75	CATACCGCTT
C20	121	49	59	TCCCTCGTAT
C20	249	6	16	TGTAAAGTGC
C20	65	18	28	TCTGTCTATT
C20	115	1	11	GTTCCATGTT
C20	83	32	42	TCCATCTAGT
C20	94	7	17	TCAAACGTTG
C20	56	30	40	CGTAGGGTTC
C20	10	65	75	TCCTTATATT
C20	137	63	73	TCCTTATATT
C20	215	62	72	TTTTTCGGTA
C20	48	58	68	TAAAACCGCT
C20	149	9	19	ACTACCGGTT
C20	51	53	63	GGAAGGCTTT
C20	82	49	59	TAGAAACTTG
C20	43	39	49	TCAACGGTCT
C20	181	37	47	TTACTAGTCT
C20	20	59	69	TCAAACTATG
C20	247	68	78	TTGATAAGCC
C21	4	18	28	AATTGACATA
C21	11	42	52	AATTGACATA
C21	12	42	52	AATTGACATA
C21	15	23	33	AATTGACATA
C21	42	62	72	AATTGACATA
C21	43	7	17	AATTGACATA
C21	47	9	19	AATTGACATA
C21	48	41	51	AATTGACATA
C21	55	25	35	AATTGACATA
C21	57	26	36	AATTGACATA
C21	62	34	44	AATTGACATA
C21	70	2	12	AATTGACATA
C21	78	45	55	AATTGACATA
C21	79	31	41	AATTGACATA
C21	87	45	55	AATTGACATA
C21	89	19	29	AATTGACATA
C21	99	59	69	AATTGACATA
C21	103	5	15	AATTGACATA
C21	108	14	24	AATTGACATA
C21	111	37	47	AATTGACATA
C21	112	53	63	AATTGACATA
C21	121	9	19	AATTGACATA
C21	131	12	22	AATTGACATA
C21	156	24	34	AATTGACATA
C21	158	3	13	AATTGACATA
C21	165	33	43	AATTGACATA
C21	177	36	46	AATTGACATA
C21	179	26	36	AATTGACATA
C21	182	40	50	AATTGACATA
C21	205	60	70	AATTGACATA
C21	211	8	18	AATTGACATA
C21	214	4	14	AATTGACATA
C21	215	9	19	AATTGACATA
C21	217	20	30	AATTGACATA
C21	220	0	10	AATTGACATA
C21	224	9	19	AATTGACATA
C21	234	39	49	AATTGACATA
C21	244	50	60	AATTGACATA
C21	250	5	15	AATTGACATA
C21	251	59	69	AATTGACATA
C21	8	10	20	GATTGACATA
C21	67	23	33	GATTGACATA
C21	71	24	34	GATTGACATA
C21	91	60	70	GATTGACATA
C21	93	64	74	GATTGACATA
C21	107	9	19	GATTGACATA
C21	123	16	26	GATTGACATA
C21	140	28	38	GATTGACATA
C21	152	50	60	GATTGACATA
C21	176	38	48	GATTGACATA
C21	184	33	43	GATTGACATA
C21	254	32	42	GATTGACATA
C21	5	34	44	TATTGACATA
C21	20	36	46	TATTGACATA
C21	24	14	24	TATTGACATA
C21	28	3	13	TATTGACATA
C21	45	15	25	TATTGACATA
C21	69	6	16	TATTGACATA
C21	90	3	13	TATTGACATA
C21	105	6	16	TATTGACATA
C21	106	59	69	TATTGACATA
C21	120	40	50	TATTGACATA
C21	124	36	46	TATTGACATA
C21	136	12	22	TATTGACATA
C21	139	38	48	TATTGACATA
C21	142	37	47	TATTGACATA
C21	145	1	11	TATTGACATA
C21	159	5	15	TATTGACATA
C21	160	14	24	TATTGACATA
C21	162	43	53	TATTGACATA
C21	173	11	21	TATTGACATA
C21	174	40	50	TATTGACATA
C21	175	51	61	TATTGACATA
C21	187	6	16	TATTGACATA
C21	197	50	60	TATTGACATA
C21	200	56	66	TATTGACATA
C21	226	50	60	TATTGACATA
C21	228	18	28	TATTGACATA
C21	230	36	46	TATTGACATA
C21	242	44	54	TATTGACATA
C21	66	2	12	CATTGACATA
C21	68	60	70	CATTGACATA
C21	86	5	15	CATTGACATA
C21	122	13	23	CATTGACATA
C21	168	42	52	CATTGACATA
C21	192	19	29	CATTGACATA
C21	195	28	38	CATTGACATA
C21	206	60	70	CATTGACATA
C21	221	4	14	CATTGACATA
C21	225	16	26	CATTGACATA
C21	255	55	65	CATTGACATA
C21	2	45	55	ATTTGACATA
C21	17	57	67	ATTTGACATA
C21	19	1	11	ATTTGACATA
C21	35	64	74	ATTTGACATA
C21	37	24	34	ATTTGACATA
C21	40	7	17	ATTTGACATA
C21	41	42	52	ATTTGACATA
C21	50	8	18	ATTTGACATA
C21	56	57	67	ATTTGACATA
C21	73	42	52	ATTTGACATA
C21	74	66	76	ATTTGACATA
C21	75	25	35	ATTTGACATA
C21	76	60	70	ATTTGACATA
C21	80	11	21	ATTTGACATA
C21	83	4	14	ATTTGACATA
C21	84	35	45	ATTTGACATA
C21	88	56	66	ATTTGACATA
C21	95	23	33	ATTTGACATA
C21	96	8	18	ATTTGACATA
C21	109	20	30	ATTTGACATA
C21	113	18	28	ATTTGACATA
C21	129	43	53	ATTTGACATA
C21	132	64	74	ATTTGACATA
C21	143	39	49	ATTTGACATA
C21	144	9	19	ATTTGACATA
C21	149	54	64	ATTTGACATA
C21	150	20	30	ATTTGACATA
C21	151	5	15	ATTTGACATA
C21	163	32	42	ATTTGACATA
C21	166	53	63	ATTTGACATA
C21	172	49	59	ATTTGACATA
C21	178	39	49	ATTTGACATA
C21	186	45	55	ATTTGACATA
C21	188	39	49	ATTTGACATA
C21	190	49	59	ATTTGACATA
C21	191	42	52	ATTTGACATA
C21	193	58	68	ATTTGACATA
C21	196	19	29	ATTTGACATA
C21	202	11	21	ATTTGACATA
C21	207	52	62	ATTTGACATA
C21	219	55	65	ATTTGACATA
C21	227	14	24	ATTTGACATA
C21	229	22	32	ATTTGACATA
C21	236	66	76	ATTTGACATA
C21	252	64	74	ATTTGACATA
C21	253	32	42	ATTTGACATA
C21	7	38	48	AGTTGACATA
C21	22	16	26	AGTTGACATA
C21	25	34	44	AGTTGACATA
C21	27	45	55	AGTTGACATA
C21	30	11	21	AGTTGACATA
C21	54	65	75	AGTTGACATA
C21	134	32	42	AGTTGACATA
C21	155	13	23	AGTTGACATA
C21	180	61	71	AGTTGACATA
C21	237	59	69	AGTTGACATA
C21	16	15	25	ACTTGACATA
C21	63	49	59	ACTTGACATA
C21	82	54	64	ACTTGACATA
C21	94	62	72	ACTTGACATA
C21	117	34	44	ACTTGACATA
C21	126	4	14	ACTTGACATA
C21	147	31	41	ACTTGACATA
C21	169	65	75	ACTTGACATA
C21	185	36	46	ACTTGACATA
C21	213	51	61	ACTTGACATA
C21	235	1	11	ACTTGACATA
C21	3	40	50	CTTTGACATA
C21	133	47	57	CTTTGACATA
C21	141	53	63	CTTTGACATA
C21	198	55	65	CTTTGACATA
C21	201	41	51	CTTTGACATA
C21	203	46	56	CTTTGACATA
C21	245	37	47	CTTTGACATA
C21	9	30	40	GTTTGACATA
C21	29	32	42	GTTTGACATA
C21	60	25	35	GTTTGACATA
C21	61	51	61	GTTTGACATA
C21	64	27	37	GTTTGACATA
C21	72	57	67	GTTTGACATA
C21	102	17	27	GTTTGACATA
C21	128	19	29	GTTTGACATA
C21	135	50	60	GTTTGACATA
C21	161	57	67	GTTTGACATA
C21	171	1	11	GTTTGACATA
C21	233	2	12	GTTTGACATA
C21	239	67	77	GTTTGACATA
C21	241	55	65	GTTTGACATA
C21	248	22	32	GTTTGACATA
C21	0	27	37	TTTTGACATA
C21	6	44	54	TTTTGACATA
C21	10	5	15	TTTTGACATA
C21	23	36	46	TTTTGACATA
C21	31	1	11	TTTTGACATA
C21	38	22	32	TTTTGACATA
C21	39	24	34	TTTTGACATA
C21	49	9	19	TTTTGACATA
C21	53	59	69	TTTTGACATA
C21	77	39	49	TTTTGACATA
C21	81	32	42	TTTTGACATA
C21	85	12	22	TTTTGACATA
C21	98	32	42	TTTTGACATA
C21	100	56	66	TTTTGACATA
C21	101	14	24	TTTTGACATA
C21	118	35	45	TTTTGACATA
C21	119	30	40	TTTTGACATA
C21	127	38	48	TTTTGACATA
C21	137	34	44	TTTTGACATA
C21	146	35	45	TTTTGACATA
C21	153	8	18	TTTTGACATA
C21	157	55	65	TTTTGACATA
C21	170	55	65	TTTTGACATA
C21	199	54	64	TTTTGACATA
C21	204	35	45	TTTTGACATA
C21	210	20	30	TTTTGACATA
C21	212	51	61	TTTTGACATA
C21	216	52	62	TTTTGACATA
C21	240	17	27	TTTTGACATA
C21	243	52	62	TTTTGACATA
C21	246	63	73	TTTTGACATA
C21	247	7	17	TTTTGACATA
C21	21	10	20	GGTTGACATA
C21	44	9	19	GGTTGACATA
C21	52	41	51	GGTTGACATA
C21	181	6	16	GGTTGACATA
C21	1	56	66	TGTTGACATA
C21	14	21	31	TGTTGACATA
C21	26	67	77	TGTTGACATA
C21	32	41	51	TGTTGACATA
C21	36	66	76	TGTTGACATA
C21	51	28	38	TGTTGACATA
C21	59	44	54	TGTTGACATA
C21	92	57	67	TGTTGACATA
C21	115	7	17	TGTTGACATA
C21	116	47	57	TGTTGACATA
C21	130	62	72	TGTTGACATA
C21	154	24	34	TGTTGACATA
C21	189	46	56	TGTTGACATA
C21	194	4	14	TGTTGACATA
C21	222	6	16	TGTTGACATA
C21	231	45	55	TGTTGACATA
C21	238	63	73	TGTTGACATA
C21	33	33	43	CCTTGACATA
C21	58	59	69	CCTTGACATA
C21	34	1	11	CGTTGACATA
C21	125	31	41	CGTTGACATA
C21	13	4	14	TCTTGACATA
C21	18	65	75	TCTTGACATA
C21	104	24	34	TCTTGACATA
C21	110	48	58	TCTTGACATA
C21	164	40	50	TCTTGACATA
C21	209	66	76	TCTTGACATA
C21	218	47	57	TCTTGACATA
C21	223	66	76	TCTTGACATA
C21	232	28	38	TCTTGACATA
C21	249	55	65	TCTTGACATA
C21	138	6	16	GCTTGACATA
C21	167	51	61	GCTTGACATA
C21	208	35	45	AATTGATCTA
C21	46	17	27	CTTTCAAATA
C21	183	22	32	ACTTGAATTA
C21	65	66	76	TATTAATATC
C21	97	13	23	ATTGGGGATG
C22	228	27	37	ATAATTCACA
C22	12	40	50	ATAATTGACA
C22	15	21	31	ATAATTGACA
C22	48	39	49	ATAATTGACA
C22	76	3	13	ATAATTGACA
C22	79	29	39	ATAATTGACA
C22	211	6	16	ATAATTGACA
C22	217	18	28	ATAATTGACA
C22	224	7	17	ATAATTGACA
C22	234	37	47	ATAATTGACA
C22	250	3	13	ATAATTGACA
C22	196	8	18	ATAATTAACA
C22	230	45	55	ATAATTAACA
C22	7	36	46	ATAGTTGACA
C22	22	14	24	ATAGTTGACA
C22	134	30	40	ATAGTTGACA
C22	2	43	53	ATATTTGACA
C22	17	55	65	ATATTTGACA
C22	88	54	64	ATATTTGACA
C22	95	21	31	ATATTTGACA
C22	109	18	28	ATATTTGACA
C22	144	7	17	ATATTTGACA
C22	166	51	61	ATATTTGACA
C22	178	37	47	ATATTTGACA
C22	55	23	33	AGAATTGACA
C22	103	3	13	AGAATTGACA
C22	112	51	61	AGAATTGACA
C22	214	2	12	AGAATTGACA
C22	251	57	67	AGAATTGACA
C22	147	29	39	ATACTTGACA
C22	169	63	73	ATACTTGACA
C22	104	33	43	ATAATTGAAA
C22	244	48	58	CTAATTGACA
C22	176	36	46	ATGATTGACA
C22	184	31	41	ATGATTGACA
C22	86	3	13	ATCATTGACA
C22	206	58	68	ATCATTGACA
C22	255	53	63	ATCATTGACA
C22	221	2	12	CTCATTGACA
C22	11	40	50	TTAATTGACA
C22	108	12	22	TTAATTGACA
C22	205	58	68	TTAATTGACA
C22	215	7	17	TTAATTGACA
C22	50	6	16	AGATTTGACA
C22	5	32	42	ATTATTGACA
C22	20	34	44	ATTATTGACA
C22	24	12	22	ATTATTGACA
C22	45	13	23	ATTATTGACA
C22	69	4	14	ATTATTGACA
C22	106	57	67	ATTATTGACA
C22	175	49	59	ATTATTGACA
C22	47	7	17	AAAATTGACA
C22	87	43	53	AAAATTGACA
C22	89	17	27	AAAATTGACA
C22	121	7	17	AAAATTGACA
C22	179	24	34	AAAATTGACA
C22	43	5	15	ACAATTGACA
C22	177	34	44	ACAATTGACA
C22	182	38	48	ACAATTGACA
C22	41	40	50	GTATTTGACA
C22	190	47	57	GTATTTGACA
C22	25	32	42	GTAGTTGACA
C22	155	11	21	GTAGTTGACA
C22	180	59	69	CTAGTTGACA
C22	204	12	22	CTAGTTGACA
C22	126	64	74	AGAATTGATA
C22	99	57	67	GGAATTGACA
C22	83	2	12	CTATTTGACA
C22	229	31	41	ATAATGGAGA
C22	117	32	42	GTACTTGACA
C22	185	34	44	GTACTTGACA
C22	60	23	33	ATGTTTGACA
C22	61	49	59	ATGTTTGACA
C22	167	49	59	ATGCTTGACA
C22	141	51	61	CTCTTTGACA
C22	151	3	13	TTATTTGACA
C22	172	47	57	TTATTTGACA
C22	193	56	66	TTATTTGACA
C22	252	62	72	TTATTTGACA
C22	158	43	53	AGATTTAACA
C22	8	27	37	ATACTCCACA
C22	63	47	57	TTACTTGACA
C22	94	60	70	TTACTTGACA
C22	72	55	65	GTGTTTGACA
C22	57	24	34	TGAATTGACA
C22	111	35	45	TGAATTGACA
C22	165	31	41	TGAATTGACA
C22	53	57	67	ATTTTTGACA
C22	137	32	42	ATTTTTGACA
C22	146	33	43	ATTTTTGACA
C22	237	57	67	AAAGTTGACA
C22	199	34	44	TCAATTCACA
C22	149	52	62	AAATTTGACA
C22	186	43	53	AAATTTGACA
C22	219	53	63	AAATTTGACA
C22	236	64	74	AAATTTGACA
C22	59	42	52	ATTGTTGACA
C22	164	38	48	ATTCTTGACA
C22	189	44	54	AGTGTTGACA
C22	124	34	44	AGTATTGACA
C22	162	41	51	AGTATTGACA
C22	197	48	58	AGTATTGACA
C22	73	40	50	ACATTTGACA
C22	74	64	74	ACATTTGACA
C22	253	30	40	ACATTTGACA
C22	168	40	50	CGCATTGACA
C22	16	13	23	CCACTTGACA
C22	198	15	25	ATGATTGAAA
C22	82	52	62	AAACTTGACA
C22	213	49	59	AAACTTGACA
C22	91	58	68	TTGATTGACA
C22	42	25	35	GTGATTGAAA
C22	105	4	14	GTTATTGACA
C22	139	36	46	GTTATTGACA
C22	58	57	67	ACCCTTGACA
C22	4	16	26	CCAATTGACA
C22	93	62	72	AAGATTGACA
C22	140	26	36	AAGATTGACA
C22	152	48	58	AAGATTGACA
C22	254	30	40	AAGATTGACA
C22	78	43	53	GCAATTGACA
C22	107	7	17	ACGATTGACA
C22	163	30	40	TGATTTGACA
C22	207	50	60	TGATTTGACA
C22	216	61	71	ATAATTCAAA
C22	66	11	21	ATAATTAAAA
C22	173	23	33	ATAATTAAAA
C22	90	1	11	TTTATTGACA
C22	136	10	20	TTTATTGACA
C22	187	4	14	TTTATTGACA
C22	122	11	21	AACATTGACA
C22	192	17	27	AACATTGACA
C22	225	14	24	AACATTGACA
C22	62	32	42	TAAATTGACA
C22	70	0	10	TAAATTGACA
C22	131	10	20	TAAATTGACA
C22	156	22	32	TAAATTGACA
C22	68	69	79	ATAATACACA
C22	123	6	16	ATAATTCATA
C22	10	54	64	ATAAGTAACA
C22	6	42	52	AGTTTTGACA
C22	218	18	28	TTAGTTGAAA
C22	92	71	81	AATCTTGAGA
C22	120	38	48	AATATTGACA
C22	142	35	45	AATATTGACA
C22	242	42	52	AATATTGACA
C22	157	71	81	ATTCTTTACA
C22	201	39	49	TTCTTTGACA
C22	102	29	39	ATAGTGTACA
C22	226	48	58	ACTATTGACA
C22	37	22	32	GAATTTGACA
C22	80	9	19	GAATTTGACA
C22	84	33	43	GAATTTGACA
C22	132	62	72	GAATTTGACA
C22	227	12	22	GAATTTGACA
C22	77	11	21	AAATTTGAAA
C22	38	20	30	GTTTTTGACA
C22	138	4	14	TTGCTTGACA
C22	64	25	35	TTGTTTGACA
C22	161	55	65	TTGTTTGACA
C22	233	0	10	TTGTTTGACA
C22	239	65	75	TTGTTTGACA
C22	154	4	14	ATAATTTAAA
C22	249	13	23	TGCGTTCACA
C22	51	26	36	GTTGTTGACA
C22	129	58	68	CTTATTTACA
C22	19	10	20	ATAATTTATA
C22	65	46	56	ATAATTTATA
C22	248	20	30	AAGTTTGACA
C22	18	63	73	CTTCTTGACA
C22	56	12	22	ACAAGTGAGA
C22	115	19	29	ATACTTTAGA
C22	116	45	55	CTTGTTGACA
C22	44	7	17	TTGGTTGACA
C22	245	35	45	CCCTTTGACA
C22	125	29	39	AACGTTGACA
C22	40	5	15	CAATTTGACA
C22	96	6	16	CAATTTGACA
C22	54	10	20	ATATTTAAAA
C22	3	38	48	AACTTTGACA
C22	81	30	40	TTTTTTGACA
C22	127	36	46	TTTTTTGACA
C22	210	18	28	TTTTTTGACA
C22	212	49	59	TTTTTTGACA
C22	247	5	15	TTTTTTGACA
C22	241	53	63	ACGTTTGACA
C22	27	43	53	TAAGTTGACA
C22	30	9	19	TAAGTTGACA
C22	35	62	72	TAATTTGACA
C22	75	23	33	TAATTTGACA
C22	143	37	47	TAATTTGACA
C22	150	18	28	TAATTTGACA
C22	191	40	50	TAATTTGACA
C22	209	64	74	TTTCTTGACA
C22	222	4	14	TTTGTTGACA
C22	113	16	26	TCATTTGACA
C22	188	37	47	TCATTTGACA
C22	202	9	19	TCATTTGACA
C22	181	18	28	ATACTTAATA
C22	33	31	41	AACCTTGACA
C22	21	8	18	CTGGTTGACA
C22	238	61	71	CGTGTTGACA
C22	100	54	64	AATTTTGACA
C22	170	53	63	AATTTTGACA
C22	243	50	60	AATTTTGACA
C22	14	19	29	AATGTTGACA
C22	26	65	75	AATGTTGACA
C22	32	39	49	AATGTTGACA
C22	130	60	70	AATGTTGACA
C22	194	2	12	AATGTTGACA
C22	195	26	36	TCCATTGACA
C22	49	54	64	TCAATTGATA
C22	13	2	12	AATCTTGACA
C22	232	26	36	AATCTTGACA
C22	101	12	22	GGTTTTGACA
C22	110	33	43	AGAGGTAACA
C22	200	65	75	ATAATTTACT
C22	28	1	11	GATATTGACA
C22	67	21	31	TCGATTGACA
C22	71	22	32	TCGATTGACA
C22	133	45	55	TGCTTTGACA
C22	203	44	54	TGCTTTGACA
C22	46	35	45	GTAACTGAAA
C22	160	12	22	CCTATTGACA
C22	128	17	27	TGGTTTGACA
C22	223	44	54	AAAATCAACA
C22	174	38	48	CATATTGACA
C22	159	3	13	TCTATTGACA
C22	119	2	12	AAAATGAACA
C22	246	5	15	CTAATTCATA
C22	0	68	78	AGATTTAAAA
C22	23	34	44	GATTTTGACA
C22	29	30	40	TAGTTTGACA
C22	135	48	58	TAGTTTGACA
C22	208	17	27	GGTATCGAGA
C22	9	28	38	TCGTTTGACA
C22	183	20	30	ATACTTGAAT
C22	85	10	20	GCTTTTGACA
C22	240	15	25	CCTTTTGACA
C22	171	10	20	ATAATGCAAA
C22	39	22	32	CATTTTGACA
C22	98	30	40	TATTTTGACA
C22	153	6	16	TATTTTGACA
C22	118	33	43	TCTTTTGACA
C22	1	54	64	TATGTTGACA
C22	36	64	74	TATGTTGACA
C22	231	43	53	TATGTTGACA
C22	148	27	37	CTCTTTCATA
C22	52	39	49	CAGGTTGACA
C22	97	11	21	ATATTGGGGA
C22	145	40	50	GTACATAAGA
C22	220	50	60	TTACTCGACT
C22	114	26	36	TTAGTCCATA
C23	7	46	56	TATAATTATA
C23	38	30	40	TATAATTATA
C23	49	17	27	TATAATTATA
C23	82	62	72	TATAATTATA
C23	146	51	61	TATAATTATA
C23	248	30	40	TATAATTATA
C23	84	43	53	TATAATTACA
C23	235	31	41	TATAATTACA
C23	76	68	78	TATAATTAGA
C23	134	40	50	TATAATTAGA
C23	153	50	60	TATAATCACA
C23	210	28	38	TATAATCACA
C23	20	14	24	TATAATTAAA
C23	40	15	25	TATAATTAAA
C23	66	10	20	TATAATTAAA
C23	88	64	74	TATAATTAAA
C23	95	31	41	TATAATTAAA
C23	101	22	32	TATAATTAAA
C23	111	45	55	TATAATTAAA
C23	114	6	16	TATAATTAAA
C23	142	45	55	TATAATTAAA
C23	214	12	22	TATAATTAAA
C23	24	22	32	TATAATGATA
C23	202	19	29	TATAATGATA
C23	52	49	59	TATAATTTCA
C23	174	48	58	TATAATTTCA
C23	10	13	23	TATAATTATC
C23	150	28	38	TATAATTATC
C23	136	20	30	TATAATTACT
C23	131	20	30	TATAATTACC
C23	155	21	31	TATAATTACC
C23	215	17	27	TATAATTACC
C23	6	52	62	TATAATTATT
C23	119	38	48	TATAATTATT
C23	194	12	22	TATAATTATT
C23	0	35	45	TATAATTTTA
C23	23	44	54	TATAATTTTA
C23	85	43	53	TATAATTTTA
C23	148	7	17	TATAATTTTA
C23	163	40	50	TATAATTTTA
C23	212	59	69	TATAATTTTA
C23	61	59	69	TATAATTGTA
C23	154	32	42	TATAATTGTA
C23	179	60	70	TATAATTGTA
C23	42	70	80	TATAATTCTA
C23	51	36	46	TATAATTCTA
C23	63	57	67	TATAATTCTA
C23	123	24	34	TATAATTCTA
C23	166	61	71	TATAATTCTA
C23	99	67	77	TATAATTACG
C23	234	47	57	TATAATTACG
C23	30	19	29	TATAATTATG
C23	83	12	22	TATAATTATG
C23	90	11	21	TATAATCATA
C23	197	58	68	TATAATCATA
C23	56	65	75	TATAATTAGC
C23	89	27	37	TATAATTCTC
C23	211	16	26	TATAATTAGT
C23	222	14	24	TATAATTAGT
C23	70	10	20	TATAATTTGA
C23	189	54	64	TATAATTGGA
C23	250	13	23	TATAATCACC
C23	151	13	23	TATAATTCGA
C23	91	68	78	TATAATGAAA
C23	161	65	75	TATAATGAAA
C23	104	32	42	TATAATTGAA
C23	46	25	35	TATAATTAAT
C23	105	14	24	TATAATTAAT
C23	108	22	32	TATAATTAAT
C23	238	46	56	TATAATTAAT
C23	240	25	35	TATAATTAAT
C23	253	40	50	TATAATTAAT
C23	33	41	51	TATAATTTAA
C23	113	26	36	TATAATTTAA
C23	120	48	58	TATAATTTAA
C23	125	39	49	TATAATTTAA
C23	137	42	52	TATAATTTAA
C23	143	47	57	TATAATTTAA
C23	205	68	78	TATAATTTAA
C23	221	12	22	TATAATTTAA
C23	230	44	54	TATAATTAAC
C23	47	17	27	TATAATTCAA
C23	168	29	39	TATAATTCAA
C23	216	60	70	TATAATTCAA
C23	217	28	38	TATAATTAAG
C23	79	39	49	TATAATCAAA
C23	186	53	63	TATAATCAGA
C23	196	27	37	TATAATCAGA
C23	172	57	67	TATAATTTTC
C23	241	63	73	TATAATTTTC
C23	15	31	41	TATAATGATT
C23	135	58	68	TATAATTTCT
C23	25	14	24	AATAATTATA
C23	181	65	75	AATAATTATA
C23	254	70	80	AATAATTATA
C23	50	16	26	TATAATAATA
C23	81	40	50	TATAATGGTA
C23	87	53	63	TATAATGGTA
C23	14	29	39	TATAATTGTT
C23	192	27	37	TATAATTGTT
C23	231	53	63	TATAATTGTT
C23	244	58	68	TATAATTGTT
C23	69	14	24	TATAATTTTT
C23	156	32	42	TATAATTTTT
C23	206	68	78	TATAATTTTT
C23	251	67	77	TATAATTTTT
C23	255	63	73	TATAATTTTT
C23	228	26	36	TATAATTCAC
C23	8	18	28	TATAATAACA
C23	152	58	68	TATAATCTTA
C23	118	43	53	TATAATTTGC
C23	3	48	58	TATAATCATT
C23	55	49	59	TATAATTTCG
C23	106	67	77	TATAATCCTA
C23	218	55	65	TATAATCCTA
C23	213	59	69	TATAATAAGA
C23	133	55	65	TATAATGCTC
C23	41	50	60	TATAATTTTG
C23	245	45	55	TATAATTTTG
C23	45	23	33	TATAATTTGT
C23	58	67	77	TATAATTTGT
C23	80	19	29	TATAATTTGT
C23	103	13	23	TATAATTTGT
C23	201	49	59	TATAATTTGT
C23	93	34	44	TATAATTGGT
C23	144	17	27	TATAATCATG
C23	252	38	48	CATAATTACG
C23	191	38	48	GATAATTTGA
C23	149	62	72	TATAATCCCT
C23	35	43	53	TATAGTTACT
C23	200	64	74	TATAATTTAC
C23	160	22	32	TATAATTGAT
C23	37	32	42	TATAATGAAT
C23	48	49	59	TATAATGAAT
C23	180	13	23	TATAATGAAT
C23	78	26	36	TATAGTTACC
C23	32	2	12	TATAACTAAA
C23	16	51	61	AATAATTAAA
C23	173	22	32	AATAATTAAA
C23	19	9	19	TATAATTTAT
C23	21	18	28	TATAATTTAT
C23	72	65	75	TATAATTTAT
C23	75	12	22	TATAATTTAT
C23	204	43	53	TATAATTTAT
C23	109	60	70	TATAAATATA
C23	175	59	69	TATAATGCGT
C23	60	55	65	TATATTTAGA
C23	171	9	19	TATAATGCAA
C23	158	11	21	TATAATCAAC
C23	237	67	77	TATAATTTGG
C23	28	11	21	TATAATTCAT
C23	29	40	50	TATAATTCAT
C23	71	57	67	TATTATTACA
C23	94	70	80	TATAATCAAT
C23	117	42	52	TATAATCAAT
C23	232	36	46	TATAATCAAT
C23	247	15	25	TATAATTTAG
C23	4	36	46	TATACTTAGT
C23	11	50	60	TATAATCTTC
C23	128	27	37	TATAATCTTC
C23	53	6	16	CACAATTATA
C23	229	30	40	TATAATGGAG
C23	145	12	22	AATAATTATC
C23	36	13	23	TATAATGGTT
C23	92	65	75	TATAATAATC
C23	124	44	54	TATAATAATC
C23	203	54	64	TATAATAATC
C23	98	54	64	AATAATTTTA
C23	64	35	45	TATAATAATT
C23	139	46	56	TATAATAATT
C23	226	58	68	TATAATGTTT
C23	249	63	73	TATAATGTTT
C23	170	19	29	AATAATTCTA
C23	190	5	15	CATAATCATA
C23	110	56	66	TATAATTGTC
C23	65	27	37	TATAATAACC
C23	162	51	61	TATAATAATG
C23	86	36	46	AATAATCATA
C23	243	41	51	TATAACTCAA
C23	141	70	80	TGTAATTATT
C23	97	59	69	TATGATTATT
C23	44	17	27	TATAATGTTG
C23	126	12	22	TATAATAAGT
C23	219	63	73	TATAATAAGT
C23	129	51	61	TATAATCCTT
C23	167	23	33	TATACTTCTC
C23	209	23	33	TATTATTAAA
C23	18	38	48	TATATTTCTA
C23	102	51	61	TCTAATTAGC
C23	183	19	29	TATACTTGAA
C23	62	42	52	TATAATCTTG
C23	140	36	46	TATAATGTAC
C23	39	64	74	GATAATTGGT
C23	224	17	27	TATAATGTAT
C23	34	48	58	TATAGTTGTT
C23	130	35	45	TAAAATTTTA
C23	57	58	68	TCTAATCATA
C23	96	50	60	AATACTTAGA
C23	165	15	25	TATAGTCATA
C23	177	44	54	TATAATCTAT
C23	185	44	54	TATAATCTAT
C23	176	21	31	TATATTGAGT
C23	59	52	62	TATAATCGAT
C23	138	14	24	TATAATGCAT
C23	233	24	34	TATACTGTTA
C23	184	27	37	AATAATGATT
C23	178	54	64	TATAAATACG
C23	227	10	20	TAGAATTTGA
C23	220	8	18	TATAATCCTG
C23	198	14	24	TATGATTGAA
C23	27	7	17	GATAATCAAT
C23	9	38	48	TATAATGTCC
C23	77	47	57	TATAATGTCT
C23	169	44	54	TATTATGTGA
C23	239	18	28	TACAATTTCT
C23	127	27	37	TAGAATGATT
C23	107	26	36	TATAATGCAG
C23	182	70	80	TATTATGAGG
C23	74	54	64	TAAAATTAAT
C23	207	26	36	TAAAATTAAT
C23	132	31	41	TAAAATTTAA
C23	26	7	17	TATATTCATC
C23	68	5	15	TATAATCCAG
C23	188	35	45	GATCATTTGA
C23	12	5	15	GATAGTTATT
C23	17	16	26	TTTAATTTAA
C23	2	8	18	GATATTTATC
C23	164	51	61	AATAGTTATT
C23	54	9	19	CATATTTAAA
C23	236	49	59	TATCATTTGG
C23	122	51	61	AATTATTACA
C23	223	27	37	GGTAATTTCA
C23	193	16	26	AATAACTTCA
C23	187	24	34	CATACTTATC
C23	43	59	69	TAACATTATA
C23	121	59	69	TAACATTATA
C23	159	69	79	TAGAAGTTTA
C23	199	27	37	AATGATTTCA
C23	1	0	10	TACAATCAAT
C23	22	0	10	TCTAAGGATA
C23	112	66	76	TATATGTATC
C23	157	25	35	GATTATTCCA
C23	73	33	43	TCTTATTACA
C23	5	58	68	GATAACGCAA
C23	116	19	29	AATACTGCTA
C23	225	6	16	TATATCTTAA
C23	147	59	69	ACTAATTCGA
C23	115	30	40	CAAAATCAAA
C23	195	57	67	GAAAATCAGT
C23	100	22	32	TATCAATTTG
C23	31	18	28	CATTATTTGG
C23	67	5	15	CATCAGTCCA
C23	246	46	56	CAAACTGATT
