sequence_id	upstream	downstream	gap	center_distance	up_strand	down_strand
tjupan_staphylococcus_main_008ebdfd3755b914	EMB_onehot_C18	EMB_onehot_C23	-8	2.0	-	+
tjupan_staphylococcus_main_008ebdfd3755b914	EMB_onehot_C18	EMB_onehot_C14	-7	3.0	-	+
tjupan_staphylococcus_main_008ebdfd3755b914	EMB_onehot_C18	EMB_onehot_C12	31	41.0	-	-
tjupan_staphylococcus_main_008ebdfd3755b914	EMB_onehot_C18	EMB_onehot_C07	43	53.0	-	-
tjupan_staphylococcus_main_008ebdfd3755b914	EMB_onehot_C18	EMB_onehot_C17	43	53.0	-	+
tjupan_staphylococcus_main_008ebdfd3755b914	EMB_onehot_C18	EMB_onehot_C21	46	56.0	-	-
tjupan_staphylococcus_main_008ebdfd3755b914	EMB_onehot_C18	EMB_onehot_C04	53	63.0	-	-
tjupan_staphylococcus_main_008ebdfd3755b914	EMB_onehot_C23	EMB_onehot_C14	-9	1.0	+	+
tjupan_staphylococcus_main_008ebdfd3755b914	EMB_onehot_C23	EMB_onehot_C12	29	39.0	+	-
tjupan_staphylococcus_main_008ebdfd3755b914	EMB_onehot_C23	EMB_onehot_C07	41	51.0	+	-
tjupan_staphylococcus_main_008ebdfd3755b914	EMB_onehot_C23	EMB_onehot_C17	41	51.0	+	+
tjupan_staphylococcus_main_008ebdfd3755b914	EMB_onehot_C23	EMB_onehot_C21	44	54.0	+	-
tjupan_staphylococcus_main_008ebdfd3755b914	EMB_onehot_C23	EMB_onehot_C04	51	61.0	+	-
tjupan_staphylococcus_main_008ebdfd3755b914	EMB_onehot_C14	EMB_onehot_C12	28	38.0	+	-
tjupan_staphylococcus_main_008ebdfd3755b914	EMB_onehot_C14	EMB_onehot_C07	40	50.0	+	-
tjupan_staphylococcus_main_008ebdfd3755b914	EMB_onehot_C14	EMB_onehot_C17	40	50.0	+	+
tjupan_staphylococcus_main_008ebdfd3755b914	EMB_onehot_C14	EMB_onehot_C21	43	53.0	+	-
tjupan_staphylococcus_main_008ebdfd3755b914	EMB_onehot_C14	EMB_onehot_C04	50	60.0	+	-
tjupan_staphylococcus_main_008ebdfd3755b914	EMB_onehot_C12	EMB_onehot_C07	2	12.0	-	-
tjupan_staphylococcus_main_008ebdfd3755b914	EMB_onehot_C12	EMB_onehot_C17	2	12.0	-	+
tjupan_staphylococcus_main_008ebdfd3755b914	EMB_onehot_C12	EMB_onehot_C21	5	15.0	-	-
tjupan_staphylococcus_main_008ebdfd3755b914	EMB_onehot_C12	EMB_onehot_C04	12	22.0	-	-
tjupan_staphylococcus_main_008ebdfd3755b914	EMB_onehot_C07	EMB_onehot_C17	-10	0.0	-	+
tjupan_staphylococcus_main_008ebdfd3755b914	EMB_onehot_C07	EMB_onehot_C21	-7	3.0	-	-
tjupan_staphylococcus_main_008ebdfd3755b914	EMB_onehot_C07	EMB_onehot_C04	0	10.0	-	-
tjupan_staphylococcus_main_008ebdfd3755b914	EMB_onehot_C17	EMB_onehot_C21	-7	3.0	+	-
tjupan_staphylococcus_main_008ebdfd3755b914	EMB_onehot_C17	EMB_onehot_C04	0	10.0	+	-
tjupan_staphylococcus_main_008ebdfd3755b914	EMB_onehot_C21	EMB_onehot_C04	-3	7.0	-	-
tjupan_staphylococcus_main_028fcc8360a98705	EMB_onehot_C23	EMB_onehot_C01	-9	1.0	-	+
tjupan_staphylococcus_main_028fcc8360a98705	EMB_onehot_C23	EMB_onehot_C11	-6	4.0	-	-
tjupan_staphylococcus_main_028fcc8360a98705	EMB_onehot_C23	EMB_onehot_C08	9	19.0	-	+
tjupan_staphylococcus_main_028fcc8360a98705	EMB_onehot_C23	EMB_onehot_C12	13	23.0	-	-
tjupan_staphylococcus_main_028fcc8360a98705	EMB_onehot_C23	EMB_onehot_C18	14	24.0	-	+
tjupan_staphylococcus_main_028fcc8360a98705	EMB_onehot_C23	EMB_onehot_C07	16	26.0	-	+
tjupan_staphylococcus_main_028fcc8360a98705	EMB_onehot_C01	EMB_onehot_C11	-7	3.0	+	-
tjupan_staphylococcus_main_028fcc8360a98705	EMB_onehot_C01	EMB_onehot_C08	8	18.0	+	+
tjupan_staphylococcus_main_028fcc8360a98705	EMB_onehot_C01	EMB_onehot_C12	12	22.0	+	-
tjupan_staphylococcus_main_028fcc8360a98705	EMB_onehot_C01	EMB_onehot_C18	13	23.0	+	+
tjupan_staphylococcus_main_028fcc8360a98705	EMB_onehot_C01	EMB_onehot_C07	15	25.0	+	+
tjupan_staphylococcus_main_028fcc8360a98705	EMB_onehot_C11	EMB_onehot_C08	5	15.0	-	+
tjupan_staphylococcus_main_028fcc8360a98705	EMB_onehot_C11	EMB_onehot_C12	9	19.0	-	-
tjupan_staphylococcus_main_028fcc8360a98705	EMB_onehot_C11	EMB_onehot_C18	10	20.0	-	+
tjupan_staphylococcus_main_028fcc8360a98705	EMB_onehot_C11	EMB_onehot_C07	12	22.0	-	+
tjupan_staphylococcus_main_028fcc8360a98705	EMB_onehot_C08	EMB_onehot_C12	-6	4.0	+	-
tjupan_staphylococcus_main_028fcc8360a98705	EMB_onehot_C08	EMB_onehot_C18	-5	5.0	+	+
tjupan_staphylococcus_main_028fcc8360a98705	EMB_onehot_C08	EMB_onehot_C07	-3	7.0	+	+
tjupan_staphylococcus_main_028fcc8360a98705	EMB_onehot_C12	EMB_onehot_C18	-9	1.0	-	+
tjupan_staphylococcus_main_028fcc8360a98705	EMB_onehot_C12	EMB_onehot_C07	-7	3.0	-	+
tjupan_staphylococcus_main_028fcc8360a98705	EMB_onehot_C18	EMB_onehot_C07	-8	2.0	+	+
tjupan_staphylococcus_main_0316bd8ed724dfdb	EMB_onehot_C07	EMB_onehot_C23	-9	1.0	+	-
tjupan_staphylococcus_main_0316bd8ed724dfdb	EMB_onehot_C07	EMB_onehot_C15	-4	6.0	+	+
tjupan_staphylococcus_main_0316bd8ed724dfdb	EMB_onehot_C23	EMB_onehot_C15	-5	5.0	-	+
tjupan_staphylococcus_main_04c402cdcbe38b42	EMB_onehot_C14	EMB_onehot_C05	-7	3.0	+	-
tjupan_staphylococcus_main_04c402cdcbe38b42	EMB_onehot_C14	EMB_onehot_C18	7	17.0	+	+
tjupan_staphylococcus_main_04c402cdcbe38b42	EMB_onehot_C14	EMB_onehot_C12	36	46.0	+	+
tjupan_staphylococcus_main_04c402cdcbe38b42	EMB_onehot_C14	EMB_onehot_C10	39	49.0	+	-
tjupan_staphylococcus_main_04c402cdcbe38b42	EMB_onehot_C14	EMB_onehot_C23	39	49.0	+	+
tjupan_staphylococcus_main_04c402cdcbe38b42	EMB_onehot_C05	EMB_onehot_C18	4	14.0	-	+
tjupan_staphylococcus_main_04c402cdcbe38b42	EMB_onehot_C05	EMB_onehot_C12	33	43.0	-	+
tjupan_staphylococcus_main_04c402cdcbe38b42	EMB_onehot_C05	EMB_onehot_C10	36	46.0	-	-
tjupan_staphylococcus_main_04c402cdcbe38b42	EMB_onehot_C05	EMB_onehot_C23	36	46.0	-	+
tjupan_staphylococcus_main_04c402cdcbe38b42	EMB_onehot_C18	EMB_onehot_C12	19	29.0	+	+
tjupan_staphylococcus_main_04c402cdcbe38b42	EMB_onehot_C18	EMB_onehot_C10	22	32.0	+	-
tjupan_staphylococcus_main_04c402cdcbe38b42	EMB_onehot_C18	EMB_onehot_C23	22	32.0	+	+
tjupan_staphylococcus_main_04c402cdcbe38b42	EMB_onehot_C12	EMB_onehot_C10	-7	3.0	+	-
tjupan_staphylococcus_main_04c402cdcbe38b42	EMB_onehot_C12	EMB_onehot_C23	-7	3.0	+	+
tjupan_staphylococcus_main_04c402cdcbe38b42	EMB_onehot_C10	EMB_onehot_C23	-10	0.0	-	+
tjupan_staphylococcus_main_062f7173d1a816c7	EMB_onehot_C14	EMB_onehot_C18	-7	3.0	-	+
tjupan_staphylococcus_main_062f7173d1a816c7	EMB_onehot_C14	EMB_onehot_C16	17	27.0	-	-
tjupan_staphylococcus_main_062f7173d1a816c7	EMB_onehot_C14	EMB_onehot_C21	24	34.0	-	+
tjupan_staphylococcus_main_062f7173d1a816c7	EMB_onehot_C14	EMB_onehot_C10	52	62.0	-	+
tjupan_staphylococcus_main_062f7173d1a816c7	EMB_onehot_C14	EMB_onehot_C19	53	63.0	-	-
tjupan_staphylococcus_main_062f7173d1a816c7	EMB_onehot_C14	EMB_onehot_C07	54	64.0	-	-
tjupan_staphylococcus_main_062f7173d1a816c7	EMB_onehot_C14	EMB_onehot_C13	55	65.0	-	+
tjupan_staphylococcus_main_062f7173d1a816c7	EMB_onehot_C18	EMB_onehot_C16	14	24.0	+	-
tjupan_staphylococcus_main_062f7173d1a816c7	EMB_onehot_C18	EMB_onehot_C21	21	31.0	+	+
tjupan_staphylococcus_main_062f7173d1a816c7	EMB_onehot_C18	EMB_onehot_C10	49	59.0	+	+
tjupan_staphylococcus_main_062f7173d1a816c7	EMB_onehot_C18	EMB_onehot_C19	50	60.0	+	-
tjupan_staphylococcus_main_062f7173d1a816c7	EMB_onehot_C18	EMB_onehot_C07	51	61.0	+	-
tjupan_staphylococcus_main_062f7173d1a816c7	EMB_onehot_C18	EMB_onehot_C13	52	62.0	+	+
tjupan_staphylococcus_main_062f7173d1a816c7	EMB_onehot_C16	EMB_onehot_C21	-3	7.0	-	+
tjupan_staphylococcus_main_062f7173d1a816c7	EMB_onehot_C16	EMB_onehot_C10	25	35.0	-	+
tjupan_staphylococcus_main_062f7173d1a816c7	EMB_onehot_C16	EMB_onehot_C19	26	36.0	-	-
tjupan_staphylococcus_main_062f7173d1a816c7	EMB_onehot_C16	EMB_onehot_C07	27	37.0	-	-
tjupan_staphylococcus_main_062f7173d1a816c7	EMB_onehot_C16	EMB_onehot_C13	28	38.0	-	+
tjupan_staphylococcus_main_062f7173d1a816c7	EMB_onehot_C21	EMB_onehot_C10	18	28.0	+	+
tjupan_staphylococcus_main_062f7173d1a816c7	EMB_onehot_C21	EMB_onehot_C19	19	29.0	+	-
tjupan_staphylococcus_main_062f7173d1a816c7	EMB_onehot_C21	EMB_onehot_C07	20	30.0	+	-
tjupan_staphylococcus_main_062f7173d1a816c7	EMB_onehot_C21	EMB_onehot_C13	21	31.0	+	+
tjupan_staphylococcus_main_062f7173d1a816c7	EMB_onehot_C10	EMB_onehot_C19	-9	1.0	+	-
tjupan_staphylococcus_main_062f7173d1a816c7	EMB_onehot_C10	EMB_onehot_C07	-8	2.0	+	-
tjupan_staphylococcus_main_062f7173d1a816c7	EMB_onehot_C10	EMB_onehot_C13	-7	3.0	+	+
tjupan_staphylococcus_main_062f7173d1a816c7	EMB_onehot_C19	EMB_onehot_C07	-9	1.0	-	-
tjupan_staphylococcus_main_062f7173d1a816c7	EMB_onehot_C19	EMB_onehot_C13	-8	2.0	-	+
tjupan_staphylococcus_main_062f7173d1a816c7	EMB_onehot_C07	EMB_onehot_C13	-9	1.0	-	+
tjupan_staphylococcus_main_0714f5c886168e4e	EMB_onehot_C01	EMB_onehot_C08	-10	0.0	+	-
tjupan_staphylococcus_main_0714f5c886168e4e	EMB_onehot_C01	EMB_onehot_C10	59	69.0	+	-
tjupan_staphylococcus_main_0714f5c886168e4e	EMB_onehot_C08	EMB_onehot_C10	59	69.0	-	-
tjupan_staphylococcus_main_086abbbd50364e2a	EMB_onehot_C10	EMB_onehot_C21	-8	2.0	+	+
tjupan_staphylococcus_main_086abbbd50364e2a	EMB_onehot_C10	EMB_onehot_C09	-7	3.0	+	-
tjupan_staphylococcus_main_086abbbd50364e2a	EMB_onehot_C10	EMB_onehot_C23	3	13.0	+	+
tjupan_staphylococcus_main_086abbbd50364e2a	EMB_onehot_C10	EMB_onehot_C12	10	20.0	+	+
tjupan_staphylococcus_main_086abbbd50364e2a	EMB_onehot_C10	EMB_onehot_C15	21	31.0	+	-
tjupan_staphylococcus_main_086abbbd50364e2a	EMB_onehot_C10	EMB_onehot_C18	31	41.0	+	+
tjupan_staphylococcus_main_086abbbd50364e2a	EMB_onehot_C10	EMB_onehot_C01	45	55.0	+	-
tjupan_staphylococcus_main_086abbbd50364e2a	EMB_onehot_C10	EMB_onehot_C08	47	57.0	+	-
tjupan_staphylococcus_main_086abbbd50364e2a	EMB_onehot_C21	EMB_onehot_C09	-9	1.0	+	-
tjupan_staphylococcus_main_086abbbd50364e2a	EMB_onehot_C21	EMB_onehot_C23	1	11.0	+	+
tjupan_staphylococcus_main_086abbbd50364e2a	EMB_onehot_C21	EMB_onehot_C12	8	18.0	+	+
tjupan_staphylococcus_main_086abbbd50364e2a	EMB_onehot_C21	EMB_onehot_C15	19	29.0	+	-
tjupan_staphylococcus_main_086abbbd50364e2a	EMB_onehot_C21	EMB_onehot_C18	29	39.0	+	+
tjupan_staphylococcus_main_086abbbd50364e2a	EMB_onehot_C21	EMB_onehot_C01	43	53.0	+	-
tjupan_staphylococcus_main_086abbbd50364e2a	EMB_onehot_C21	EMB_onehot_C08	45	55.0	+	-
tjupan_staphylococcus_main_086abbbd50364e2a	EMB_onehot_C09	EMB_onehot_C23	0	10.0	-	+
tjupan_staphylococcus_main_086abbbd50364e2a	EMB_onehot_C09	EMB_onehot_C12	7	17.0	-	+
tjupan_staphylococcus_main_086abbbd50364e2a	EMB_onehot_C09	EMB_onehot_C15	18	28.0	-	-
tjupan_staphylococcus_main_086abbbd50364e2a	EMB_onehot_C09	EMB_onehot_C18	28	38.0	-	+
tjupan_staphylococcus_main_086abbbd50364e2a	EMB_onehot_C09	EMB_onehot_C01	42	52.0	-	-
tjupan_staphylococcus_main_086abbbd50364e2a	EMB_onehot_C09	EMB_onehot_C08	44	54.0	-	-
tjupan_staphylococcus_main_086abbbd50364e2a	EMB_onehot_C23	EMB_onehot_C12	-3	7.0	+	+
tjupan_staphylococcus_main_086abbbd50364e2a	EMB_onehot_C23	EMB_onehot_C15	8	18.0	+	-
tjupan_staphylococcus_main_086abbbd50364e2a	EMB_onehot_C23	EMB_onehot_C18	18	28.0	+	+
tjupan_staphylococcus_main_086abbbd50364e2a	EMB_onehot_C23	EMB_onehot_C01	32	42.0	+	-
tjupan_staphylococcus_main_086abbbd50364e2a	EMB_onehot_C23	EMB_onehot_C08	34	44.0	+	-
tjupan_staphylococcus_main_086abbbd50364e2a	EMB_onehot_C12	EMB_onehot_C15	1	11.0	+	-
tjupan_staphylococcus_main_086abbbd50364e2a	EMB_onehot_C12	EMB_onehot_C18	11	21.0	+	+
tjupan_staphylococcus_main_086abbbd50364e2a	EMB_onehot_C12	EMB_onehot_C01	25	35.0	+	-
tjupan_staphylococcus_main_086abbbd50364e2a	EMB_onehot_C12	EMB_onehot_C08	27	37.0	+	-
tjupan_staphylococcus_main_086abbbd50364e2a	EMB_onehot_C15	EMB_onehot_C18	0	10.0	-	+
tjupan_staphylococcus_main_086abbbd50364e2a	EMB_onehot_C15	EMB_onehot_C01	14	24.0	-	-
tjupan_staphylococcus_main_086abbbd50364e2a	EMB_onehot_C15	EMB_onehot_C08	16	26.0	-	-
tjupan_staphylococcus_main_086abbbd50364e2a	EMB_onehot_C18	EMB_onehot_C01	4	14.0	+	-
tjupan_staphylococcus_main_086abbbd50364e2a	EMB_onehot_C18	EMB_onehot_C08	6	16.0	+	-
tjupan_staphylococcus_main_086abbbd50364e2a	EMB_onehot_C01	EMB_onehot_C08	-8	2.0	-	-
tjupan_staphylococcus_main_088f0d2ad1c7e5e7	EMB_onehot_C11	EMB_onehot_C14	2	12.0	-	-
tjupan_staphylococcus_main_088f0d2ad1c7e5e7	EMB_onehot_C11	EMB_onehot_C21	3	13.0	-	+
tjupan_staphylococcus_main_088f0d2ad1c7e5e7	EMB_onehot_C11	EMB_onehot_C07	5	15.0	-	-
tjupan_staphylococcus_main_088f0d2ad1c7e5e7	EMB_onehot_C11	EMB_onehot_C01	10	20.0	-	-
tjupan_staphylococcus_main_088f0d2ad1c7e5e7	EMB_onehot_C11	EMB_onehot_C10	30	40.0	-	-
tjupan_staphylococcus_main_088f0d2ad1c7e5e7	EMB_onehot_C11	EMB_onehot_C12	38	48.0	-	+
tjupan_staphylococcus_main_088f0d2ad1c7e5e7	EMB_onehot_C11	EMB_onehot_C23	41	51.0	-	+
tjupan_staphylococcus_main_088f0d2ad1c7e5e7	EMB_onehot_C11	EMB_onehot_C20	47	57.0	-	+
tjupan_staphylococcus_main_088f0d2ad1c7e5e7	EMB_onehot_C11	EMB_onehot_C03	51	61.0	-	-
tjupan_staphylococcus_main_088f0d2ad1c7e5e7	EMB_onehot_C14	EMB_onehot_C21	-9	1.0	-	+
tjupan_staphylococcus_main_088f0d2ad1c7e5e7	EMB_onehot_C14	EMB_onehot_C07	-7	3.0	-	-
tjupan_staphylococcus_main_088f0d2ad1c7e5e7	EMB_onehot_C14	EMB_onehot_C01	-2	8.0	-	-
tjupan_staphylococcus_main_088f0d2ad1c7e5e7	EMB_onehot_C14	EMB_onehot_C10	18	28.0	-	-
tjupan_staphylococcus_main_088f0d2ad1c7e5e7	EMB_onehot_C14	EMB_onehot_C12	26	36.0	-	+
tjupan_staphylococcus_main_088f0d2ad1c7e5e7	EMB_onehot_C14	EMB_onehot_C23	29	39.0	-	+
tjupan_staphylococcus_main_088f0d2ad1c7e5e7	EMB_onehot_C14	EMB_onehot_C20	35	45.0	-	+
tjupan_staphylococcus_main_088f0d2ad1c7e5e7	EMB_onehot_C14	EMB_onehot_C03	39	49.0	-	-
tjupan_staphylococcus_main_088f0d2ad1c7e5e7	EMB_onehot_C21	EMB_onehot_C07	-8	2.0	+	-
tjupan_staphylococcus_main_088f0d2ad1c7e5e7	EMB_onehot_C21	EMB_onehot_C01	-3	7.0	+	-
tjupan_staphylococcus_main_088f0d2ad1c7e5e7	EMB_onehot_C21	EMB_onehot_C10	17	27.0	+	-
tjupan_staphylococcus_main_088f0d2ad1c7e5e7	EMB_onehot_C21	EMB_onehot_C12	25	35.0	+	+
tjupan_staphylococcus_main_088f0d2ad1c7e5e7	EMB_onehot_C21	EMB_onehot_C23	28	38.0	+	+
tjupan_staphylococcus_main_088f0d2ad1c7e5e7	EMB_onehot_C21	EMB_onehot_C20	34	44.0	+	+
tjupan_staphylococcus_main_088f0d2ad1c7e5e7	EMB_onehot_C21	EMB_onehot_C03	38	48.0	+	-
tjupan_staphylococcus_main_088f0d2ad1c7e5e7	EMB_onehot_C07	EMB_onehot_C01	-5	5.0	-	-
tjupan_staphylococcus_main_088f0d2ad1c7e5e7	EMB_onehot_C07	EMB_onehot_C10	15	25.0	-	-
tjupan_staphylococcus_main_088f0d2ad1c7e5e7	EMB_onehot_C07	EMB_onehot_C12	23	33.0	-	+
tjupan_staphylococcus_main_088f0d2ad1c7e5e7	EMB_onehot_C07	EMB_onehot_C23	26	36.0	-	+
tjupan_staphylococcus_main_088f0d2ad1c7e5e7	EMB_onehot_C07	EMB_onehot_C20	32	42.0	-	+
tjupan_staphylococcus_main_088f0d2ad1c7e5e7	EMB_onehot_C07	EMB_onehot_C03	36	46.0	-	-
tjupan_staphylococcus_main_088f0d2ad1c7e5e7	EMB_onehot_C01	EMB_onehot_C10	10	20.0	-	-
tjupan_staphylococcus_main_088f0d2ad1c7e5e7	EMB_onehot_C01	EMB_onehot_C12	18	28.0	-	+
tjupan_staphylococcus_main_088f0d2ad1c7e5e7	EMB_onehot_C01	EMB_onehot_C23	21	31.0	-	+
tjupan_staphylococcus_main_088f0d2ad1c7e5e7	EMB_onehot_C01	EMB_onehot_C20	27	37.0	-	+
tjupan_staphylococcus_main_088f0d2ad1c7e5e7	EMB_onehot_C01	EMB_onehot_C03	31	41.0	-	-
tjupan_staphylococcus_main_088f0d2ad1c7e5e7	EMB_onehot_C10	EMB_onehot_C12	-2	8.0	-	+
tjupan_staphylococcus_main_088f0d2ad1c7e5e7	EMB_onehot_C10	EMB_onehot_C23	1	11.0	-	+
tjupan_staphylococcus_main_088f0d2ad1c7e5e7	EMB_onehot_C10	EMB_onehot_C20	7	17.0	-	+
tjupan_staphylococcus_main_088f0d2ad1c7e5e7	EMB_onehot_C10	EMB_onehot_C03	11	21.0	-	-
tjupan_staphylococcus_main_088f0d2ad1c7e5e7	EMB_onehot_C12	EMB_onehot_C23	-7	3.0	+	+
tjupan_staphylococcus_main_088f0d2ad1c7e5e7	EMB_onehot_C12	EMB_onehot_C20	-1	9.0	+	+
tjupan_staphylococcus_main_088f0d2ad1c7e5e7	EMB_onehot_C12	EMB_onehot_C03	3	13.0	+	-
tjupan_staphylococcus_main_088f0d2ad1c7e5e7	EMB_onehot_C23	EMB_onehot_C20	-4	6.0	+	+
tjupan_staphylococcus_main_088f0d2ad1c7e5e7	EMB_onehot_C23	EMB_onehot_C03	0	10.0	+	-
tjupan_staphylococcus_main_088f0d2ad1c7e5e7	EMB_onehot_C20	EMB_onehot_C03	-6	4.0	+	-
tjupan_staphylococcus_main_0923973388823e53	EMB_onehot_C19	EMB_onehot_C10	-5	5.0	-	-
tjupan_staphylococcus_main_0923973388823e53	EMB_onehot_C19	EMB_onehot_C01	-1	9.0	-	+
tjupan_staphylococcus_main_0923973388823e53	EMB_onehot_C19	EMB_onehot_C02	46	56.0	-	-
tjupan_staphylococcus_main_0923973388823e53	EMB_onehot_C10	EMB_onehot_C01	-6	4.0	-	+
tjupan_staphylococcus_main_0923973388823e53	EMB_onehot_C10	EMB_onehot_C02	41	51.0	-	-
tjupan_staphylococcus_main_0923973388823e53	EMB_onehot_C01	EMB_onehot_C02	37	47.0	+	-
tjupan_staphylococcus_main_0947a2f02b06f874	EMB_onehot_C07	EMB_onehot_C23	-9	1.0	+	-
tjupan_staphylococcus_main_0947a2f02b06f874	EMB_onehot_C07	EMB_onehot_C15	-4	6.0	+	+
tjupan_staphylococcus_main_0947a2f02b06f874	EMB_onehot_C23	EMB_onehot_C15	-5	5.0	-	+
tjupan_staphylococcus_main_097c2bef342f698c	EMB_onehot_C10	EMB_onehot_C12	-7	3.0	+	-
tjupan_staphylococcus_main_0ba9f0acde547f9f	EMB_onehot_C12	EMB_onehot_C09	23	33.0	-	+
tjupan_staphylococcus_main_0c62a4dae1955b8b	EMB_onehot_C23	EMB_onehot_C12	-7	3.0	-	+
tjupan_staphylococcus_main_0c62a4dae1955b8b	EMB_onehot_C23	EMB_onehot_C08	0	10.0	-	+
tjupan_staphylococcus_main_0c62a4dae1955b8b	EMB_onehot_C23	EMB_onehot_C19	9	19.0	-	-
tjupan_staphylococcus_main_0c62a4dae1955b8b	EMB_onehot_C12	EMB_onehot_C08	-3	7.0	+	+
tjupan_staphylococcus_main_0c62a4dae1955b8b	EMB_onehot_C12	EMB_onehot_C19	6	16.0	+	-
tjupan_staphylococcus_main_0c62a4dae1955b8b	EMB_onehot_C08	EMB_onehot_C19	-1	9.0	+	-
tjupan_staphylococcus_main_0e8db4136ac4b05a	EMB_onehot_C01	EMB_onehot_C12	-1	9.0	+	+
tjupan_staphylococcus_main_0e8db4136ac4b05a	EMB_onehot_C01	EMB_onehot_C23	2	12.0	+	+
tjupan_staphylococcus_main_0e8db4136ac4b05a	EMB_onehot_C12	EMB_onehot_C23	-7	3.0	+	+
tjupan_staphylococcus_main_0f2b3dfd709cb14a	EMB_onehot_C09	EMB_onehot_C13	-10	0.0	-	+
tjupan_staphylococcus_main_11f65d0ba7681c06	EMB_onehot_C01	EMB_onehot_C08	-10	0.0	+	-
tjupan_staphylococcus_main_123aee80cb1466af	EMB_onehot_C08	EMB_onehot_C03	36	46.0	-	+
tjupan_staphylococcus_main_1276bfe719a6a8c2	EMB_onehot_C22	EMB_onehot_C05	0	10.0	+	+
tjupan_staphylococcus_main_13a6db7b24b94d0e	EMB_onehot_C10	EMB_onehot_C00	0	10.0	-	-
tjupan_staphylococcus_main_1463abd40999a586	EMB_onehot_C05	EMB_onehot_C03	17	27.0	-	+
tjupan_staphylococcus_main_1463abd40999a586	EMB_onehot_C05	EMB_onehot_C16	26	36.0	-	-
tjupan_staphylococcus_main_1463abd40999a586	EMB_onehot_C05	EMB_onehot_C14	27	37.0	-	+
tjupan_staphylococcus_main_1463abd40999a586	EMB_onehot_C03	EMB_onehot_C16	-1	9.0	+	-
tjupan_staphylococcus_main_1463abd40999a586	EMB_onehot_C03	EMB_onehot_C14	0	10.0	+	+
tjupan_staphylococcus_main_1463abd40999a586	EMB_onehot_C16	EMB_onehot_C14	-9	1.0	-	+
tjupan_staphylococcus_main_150330b98c639aa0	EMB_onehot_C22	EMB_onehot_C05	41	51.0	+	+
tjupan_staphylococcus_main_150330b98c639aa0	EMB_onehot_C22	EMB_onehot_C02	53	63.0	+	-
tjupan_staphylococcus_main_150330b98c639aa0	EMB_onehot_C05	EMB_onehot_C02	2	12.0	+	-
tjupan_staphylococcus_main_16704040321da763	EMB_onehot_C22	EMB_onehot_C12	20	30.0	-	+
tjupan_staphylococcus_main_16704040321da763	EMB_onehot_C22	EMB_onehot_C07	21	31.0	-	+
tjupan_staphylococcus_main_16704040321da763	EMB_onehot_C22	EMB_onehot_C10	23	33.0	-	-
tjupan_staphylococcus_main_16704040321da763	EMB_onehot_C22	EMB_onehot_C08	27	37.0	-	+
tjupan_staphylococcus_main_16704040321da763	EMB_onehot_C22	EMB_onehot_C23	34	44.0	-	-
tjupan_staphylococcus_main_16704040321da763	EMB_onehot_C12	EMB_onehot_C07	-9	1.0	+	+
tjupan_staphylococcus_main_16704040321da763	EMB_onehot_C12	EMB_onehot_C10	-7	3.0	+	-
tjupan_staphylococcus_main_16704040321da763	EMB_onehot_C12	EMB_onehot_C08	-3	7.0	+	+
tjupan_staphylococcus_main_16704040321da763	EMB_onehot_C12	EMB_onehot_C23	4	14.0	+	-
tjupan_staphylococcus_main_16704040321da763	EMB_onehot_C07	EMB_onehot_C10	-8	2.0	+	-
tjupan_staphylococcus_main_16704040321da763	EMB_onehot_C07	EMB_onehot_C08	-4	6.0	+	+
tjupan_staphylococcus_main_16704040321da763	EMB_onehot_C07	EMB_onehot_C23	3	13.0	+	-
tjupan_staphylococcus_main_16704040321da763	EMB_onehot_C10	EMB_onehot_C08	-6	4.0	-	+
tjupan_staphylococcus_main_16704040321da763	EMB_onehot_C10	EMB_onehot_C23	1	11.0	-	-
tjupan_staphylococcus_main_16704040321da763	EMB_onehot_C08	EMB_onehot_C23	-3	7.0	+	-
tjupan_staphylococcus_main_1692b915e0901ae5	EMB_onehot_C16	EMB_onehot_C14	-9	1.0	-	+
tjupan_staphylococcus_main_16f0ba2105d5591d	EMB_onehot_C19	EMB_onehot_C10	-8	2.0	-	+
tjupan_staphylococcus_main_16f0ba2105d5591d	EMB_onehot_C19	EMB_onehot_C01	29	39.0	-	-
tjupan_staphylococcus_main_16f0ba2105d5591d	EMB_onehot_C19	EMB_onehot_C20	40	50.0	-	-
tjupan_staphylococcus_main_16f0ba2105d5591d	EMB_onehot_C10	EMB_onehot_C01	27	37.0	+	-
tjupan_staphylococcus_main_16f0ba2105d5591d	EMB_onehot_C10	EMB_onehot_C20	38	48.0	+	-
tjupan_staphylococcus_main_16f0ba2105d5591d	EMB_onehot_C01	EMB_onehot_C20	1	11.0	-	-
tjupan_staphylococcus_main_1805c17e0c25a52d	EMB_onehot_C23	EMB_onehot_C12	9	19.0	+	+
tjupan_staphylococcus_main_1805c17e0c25a52d	EMB_onehot_C23	EMB_onehot_C10	36	46.0	+	-
tjupan_staphylococcus_main_1805c17e0c25a52d	EMB_onehot_C12	EMB_onehot_C10	17	27.0	+	-
tjupan_staphylococcus_main_182a808439b787bf	EMB_onehot_C15	EMB_onehot_C20	-3	7.0	-	-
tjupan_staphylococcus_main_182a808439b787bf	EMB_onehot_C15	EMB_onehot_C23	29	39.0	-	+
tjupan_staphylococcus_main_182a808439b787bf	EMB_onehot_C15	EMB_onehot_C19	42	52.0	-	+
tjupan_staphylococcus_main_182a808439b787bf	EMB_onehot_C20	EMB_onehot_C23	22	32.0	-	+
tjupan_staphylococcus_main_182a808439b787bf	EMB_onehot_C20	EMB_onehot_C19	35	45.0	-	+
tjupan_staphylococcus_main_182a808439b787bf	EMB_onehot_C23	EMB_onehot_C19	3	13.0	+	+
tjupan_staphylococcus_main_18508ab64fb1ba7f	EMB_onehot_C14	EMB_onehot_C13	-6	4.0	-	-
tjupan_staphylococcus_main_18508ab64fb1ba7f	EMB_onehot_C14	EMB_onehot_C05	8	18.0	-	+
tjupan_staphylococcus_main_18508ab64fb1ba7f	EMB_onehot_C14	EMB_onehot_C15	46	56.0	-	+
tjupan_staphylococcus_main_18508ab64fb1ba7f	EMB_onehot_C14	EMB_onehot_C12	53	63.0	-	-
tjupan_staphylococcus_main_18508ab64fb1ba7f	EMB_onehot_C14	EMB_onehot_C10	56	66.0	-	-
tjupan_staphylococcus_main_18508ab64fb1ba7f	EMB_onehot_C13	EMB_onehot_C05	4	14.0	-	+
tjupan_staphylococcus_main_18508ab64fb1ba7f	EMB_onehot_C13	EMB_onehot_C15	42	52.0	-	+
tjupan_staphylococcus_main_18508ab64fb1ba7f	EMB_onehot_C13	EMB_onehot_C12	49	59.0	-	-
tjupan_staphylococcus_main_18508ab64fb1ba7f	EMB_onehot_C13	EMB_onehot_C10	52	62.0	-	-
tjupan_staphylococcus_main_18508ab64fb1ba7f	EMB_onehot_C05	EMB_onehot_C15	28	38.0	+	+
tjupan_staphylococcus_main_18508ab64fb1ba7f	EMB_onehot_C05	EMB_onehot_C12	35	45.0	+	-
tjupan_staphylococcus_main_18508ab64fb1ba7f	EMB_onehot_C05	EMB_onehot_C10	38	48.0	+	-
tjupan_staphylococcus_main_18508ab64fb1ba7f	EMB_onehot_C15	EMB_onehot_C12	-3	7.0	+	-
tjupan_staphylococcus_main_18508ab64fb1ba7f	EMB_onehot_C15	EMB_onehot_C10	0	10.0	+	-
tjupan_staphylococcus_main_18508ab64fb1ba7f	EMB_onehot_C12	EMB_onehot_C10	-7	3.0	-	-
tjupan_staphylococcus_main_18632fd95ca95db9	EMB_onehot_C18	EMB_onehot_C09	-9	1.0	-	+
tjupan_staphylococcus_main_18632fd95ca95db9	EMB_onehot_C18	EMB_onehot_C02	-4	6.0	-	+
tjupan_staphylococcus_main_18632fd95ca95db9	EMB_onehot_C18	EMB_onehot_C23	-1	9.0	-	-
tjupan_staphylococcus_main_18632fd95ca95db9	EMB_onehot_C18	EMB_onehot_C07	1	11.0	-	-
tjupan_staphylococcus_main_18632fd95ca95db9	EMB_onehot_C18	EMB_onehot_C17	1	11.0	-	+
tjupan_staphylococcus_main_18632fd95ca95db9	EMB_onehot_C18	EMB_onehot_C12	2	12.0	-	-
tjupan_staphylococcus_main_18632fd95ca95db9	EMB_onehot_C18	EMB_onehot_C10	5	15.0	-	-
tjupan_staphylococcus_main_18632fd95ca95db9	EMB_onehot_C09	EMB_onehot_C02	-5	5.0	+	+
tjupan_staphylococcus_main_18632fd95ca95db9	EMB_onehot_C09	EMB_onehot_C23	-2	8.0	+	-
tjupan_staphylococcus_main_18632fd95ca95db9	EMB_onehot_C09	EMB_onehot_C07	0	10.0	+	-
tjupan_staphylococcus_main_18632fd95ca95db9	EMB_onehot_C09	EMB_onehot_C17	0	10.0	+	+
tjupan_staphylococcus_main_18632fd95ca95db9	EMB_onehot_C09	EMB_onehot_C12	1	11.0	+	-
tjupan_staphylococcus_main_18632fd95ca95db9	EMB_onehot_C09	EMB_onehot_C10	4	14.0	+	-
tjupan_staphylococcus_main_18632fd95ca95db9	EMB_onehot_C02	EMB_onehot_C23	-7	3.0	+	-
tjupan_staphylococcus_main_18632fd95ca95db9	EMB_onehot_C02	EMB_onehot_C07	-5	5.0	+	-
tjupan_staphylococcus_main_18632fd95ca95db9	EMB_onehot_C02	EMB_onehot_C17	-5	5.0	+	+
tjupan_staphylococcus_main_18632fd95ca95db9	EMB_onehot_C02	EMB_onehot_C12	-4	6.0	+	-
tjupan_staphylococcus_main_18632fd95ca95db9	EMB_onehot_C02	EMB_onehot_C10	-1	9.0	+	-
tjupan_staphylococcus_main_18632fd95ca95db9	EMB_onehot_C23	EMB_onehot_C07	-8	2.0	-	-
tjupan_staphylococcus_main_18632fd95ca95db9	EMB_onehot_C23	EMB_onehot_C17	-8	2.0	-	+
tjupan_staphylococcus_main_18632fd95ca95db9	EMB_onehot_C23	EMB_onehot_C12	-7	3.0	-	-
tjupan_staphylococcus_main_18632fd95ca95db9	EMB_onehot_C23	EMB_onehot_C10	-4	6.0	-	-
tjupan_staphylococcus_main_18632fd95ca95db9	EMB_onehot_C07	EMB_onehot_C17	-10	0.0	-	+
tjupan_staphylococcus_main_18632fd95ca95db9	EMB_onehot_C07	EMB_onehot_C12	-9	1.0	-	-
tjupan_staphylococcus_main_18632fd95ca95db9	EMB_onehot_C07	EMB_onehot_C10	-6	4.0	-	-
tjupan_staphylococcus_main_18632fd95ca95db9	EMB_onehot_C17	EMB_onehot_C12	-9	1.0	+	-
tjupan_staphylococcus_main_18632fd95ca95db9	EMB_onehot_C17	EMB_onehot_C10	-6	4.0	+	-
tjupan_staphylococcus_main_18632fd95ca95db9	EMB_onehot_C12	EMB_onehot_C10	-7	3.0	-	-
tjupan_staphylococcus_main_18e0bb552fc28ffd	EMB_onehot_C02	EMB_onehot_C06	5	15.0	+	-
tjupan_staphylococcus_main_1a28b181cd781020	EMB_onehot_C19	EMB_onehot_C08	-1	9.0	-	-
tjupan_staphylococcus_main_1a28b181cd781020	EMB_onehot_C19	EMB_onehot_C15	0	10.0	-	+
tjupan_staphylococcus_main_1a28b181cd781020	EMB_onehot_C19	EMB_onehot_C09	3	13.0	-	-
tjupan_staphylococcus_main_1a28b181cd781020	EMB_onehot_C08	EMB_onehot_C15	-9	1.0	-	+
tjupan_staphylococcus_main_1a28b181cd781020	EMB_onehot_C08	EMB_onehot_C09	-6	4.0	-	-
tjupan_staphylococcus_main_1a28b181cd781020	EMB_onehot_C15	EMB_onehot_C09	-7	3.0	+	-
tjupan_staphylococcus_main_1afcf3893ecdf1af	EMB_onehot_C12	EMB_onehot_C14	-3	7.0	+	+
tjupan_staphylococcus_main_1afcf3893ecdf1af	EMB_onehot_C12	EMB_onehot_C21	32	42.0	+	-
tjupan_staphylococcus_main_1afcf3893ecdf1af	EMB_onehot_C14	EMB_onehot_C21	25	35.0	+	-
tjupan_staphylococcus_main_1b3ddc0442a443ea	EMB_onehot_C23	EMB_onehot_C07	-8	2.0	-	-
tjupan_staphylococcus_main_1f041b4b51733195	EMB_onehot_C01	EMB_onehot_C15	-4	6.0	+	+
tjupan_staphylococcus_main_1f041b4b51733195	EMB_onehot_C01	EMB_onehot_C05	15	25.0	+	-
tjupan_staphylococcus_main_1f041b4b51733195	EMB_onehot_C01	EMB_onehot_C19	33	43.0	+	+
tjupan_staphylococcus_main_1f041b4b51733195	EMB_onehot_C15	EMB_onehot_C05	9	19.0	+	-
tjupan_staphylococcus_main_1f041b4b51733195	EMB_onehot_C15	EMB_onehot_C19	27	37.0	+	+
tjupan_staphylococcus_main_1f041b4b51733195	EMB_onehot_C05	EMB_onehot_C19	8	18.0	-	+
tjupan_staphylococcus_main_1f135140a39d9b6c	EMB_onehot_C23	EMB_onehot_C07	-8	2.0	-	-
tjupan_staphylococcus_main_1f135140a39d9b6c	EMB_onehot_C23	EMB_onehot_C16	-1	9.0	-	-
tjupan_staphylococcus_main_1f135140a39d9b6c	EMB_onehot_C23	EMB_onehot_C05	3	13.0	-	-
tjupan_staphylococcus_main_1f135140a39d9b6c	EMB_onehot_C23	EMB_onehot_C17	3	13.0	-	+
tjupan_staphylococcus_main_1f135140a39d9b6c	EMB_onehot_C23	EMB_onehot_C18	12	22.0	-	-
tjupan_staphylococcus_main_1f135140a39d9b6c	EMB_onehot_C23	EMB_onehot_C14	15	25.0	-	+
tjupan_staphylococcus_main_1f135140a39d9b6c	EMB_onehot_C07	EMB_onehot_C16	-3	7.0	-	-
tjupan_staphylococcus_main_1f135140a39d9b6c	EMB_onehot_C07	EMB_onehot_C05	1	11.0	-	-
tjupan_staphylococcus_main_1f135140a39d9b6c	EMB_onehot_C07	EMB_onehot_C17	1	11.0	-	+
tjupan_staphylococcus_main_1f135140a39d9b6c	EMB_onehot_C07	EMB_onehot_C18	10	20.0	-	-
tjupan_staphylococcus_main_1f135140a39d9b6c	EMB_onehot_C07	EMB_onehot_C14	13	23.0	-	+
tjupan_staphylococcus_main_1f135140a39d9b6c	EMB_onehot_C16	EMB_onehot_C05	-6	4.0	-	-
tjupan_staphylococcus_main_1f135140a39d9b6c	EMB_onehot_C16	EMB_onehot_C17	-6	4.0	-	+
tjupan_staphylococcus_main_1f135140a39d9b6c	EMB_onehot_C16	EMB_onehot_C18	3	13.0	-	-
tjupan_staphylococcus_main_1f135140a39d9b6c	EMB_onehot_C16	EMB_onehot_C14	6	16.0	-	+
tjupan_staphylococcus_main_1f135140a39d9b6c	EMB_onehot_C05	EMB_onehot_C17	-10	0.0	-	+
tjupan_staphylococcus_main_1f135140a39d9b6c	EMB_onehot_C05	EMB_onehot_C18	-1	9.0	-	-
tjupan_staphylococcus_main_1f135140a39d9b6c	EMB_onehot_C05	EMB_onehot_C14	2	12.0	-	+
tjupan_staphylococcus_main_1f135140a39d9b6c	EMB_onehot_C17	EMB_onehot_C18	-1	9.0	+	-
tjupan_staphylococcus_main_1f135140a39d9b6c	EMB_onehot_C17	EMB_onehot_C14	2	12.0	+	+
tjupan_staphylococcus_main_1f135140a39d9b6c	EMB_onehot_C18	EMB_onehot_C14	-7	3.0	-	+
tjupan_staphylococcus_main_1f315c3c1e6417fa	EMB_onehot_C22	EMB_onehot_C08	-3	7.0	-	-
tjupan_staphylococcus_main_1f315c3c1e6417fa	EMB_onehot_C22	EMB_onehot_C23	3	13.0	-	-
tjupan_staphylococcus_main_1f315c3c1e6417fa	EMB_onehot_C22	EMB_onehot_C12	6	16.0	-	+
tjupan_staphylococcus_main_1f315c3c1e6417fa	EMB_onehot_C22	EMB_onehot_C07	7	17.0	-	+
tjupan_staphylococcus_main_1f315c3c1e6417fa	EMB_onehot_C22	EMB_onehot_C19	8	18.0	-	+
tjupan_staphylococcus_main_1f315c3c1e6417fa	EMB_onehot_C22	EMB_onehot_C10	9	19.0	-	-
tjupan_staphylococcus_main_1f315c3c1e6417fa	EMB_onehot_C08	EMB_onehot_C23	-4	6.0	-	-
tjupan_staphylococcus_main_1f315c3c1e6417fa	EMB_onehot_C08	EMB_onehot_C12	-1	9.0	-	+
tjupan_staphylococcus_main_1f315c3c1e6417fa	EMB_onehot_C08	EMB_onehot_C07	0	10.0	-	+
tjupan_staphylococcus_main_1f315c3c1e6417fa	EMB_onehot_C08	EMB_onehot_C19	1	11.0	-	+
tjupan_staphylococcus_main_1f315c3c1e6417fa	EMB_onehot_C08	EMB_onehot_C10	2	12.0	-	-
tjupan_staphylococcus_main_1f315c3c1e6417fa	EMB_onehot_C23	EMB_onehot_C12	-7	3.0	-	+
tjupan_staphylococcus_main_1f315c3c1e6417fa	EMB_onehot_C23	EMB_onehot_C07	-6	4.0	-	+
tjupan_staphylococcus_main_1f315c3c1e6417fa	EMB_onehot_C23	EMB_onehot_C19	-5	5.0	-	+
tjupan_staphylococcus_main_1f315c3c1e6417fa	EMB_onehot_C23	EMB_onehot_C10	-4	6.0	-	-
tjupan_staphylococcus_main_1f315c3c1e6417fa	EMB_onehot_C12	EMB_onehot_C07	-9	1.0	+	+
tjupan_staphylococcus_main_1f315c3c1e6417fa	EMB_onehot_C12	EMB_onehot_C19	-8	2.0	+	+
tjupan_staphylococcus_main_1f315c3c1e6417fa	EMB_onehot_C12	EMB_onehot_C10	-7	3.0	+	-
tjupan_staphylococcus_main_1f315c3c1e6417fa	EMB_onehot_C07	EMB_onehot_C19	-9	1.0	+	+
tjupan_staphylococcus_main_1f315c3c1e6417fa	EMB_onehot_C07	EMB_onehot_C10	-8	2.0	+	-
tjupan_staphylococcus_main_1f315c3c1e6417fa	EMB_onehot_C19	EMB_onehot_C10	-9	1.0	+	-
tjupan_staphylococcus_main_258a728f6f2c5ea9	EMB_onehot_C10	EMB_onehot_C23	-10	0.0	+	-
tjupan_staphylococcus_main_258a728f6f2c5ea9	EMB_onehot_C10	EMB_onehot_C01	-9	1.0	+	+
tjupan_staphylococcus_main_258a728f6f2c5ea9	EMB_onehot_C10	EMB_onehot_C12	-7	3.0	+	-
tjupan_staphylococcus_main_258a728f6f2c5ea9	EMB_onehot_C10	EMB_onehot_C20	-1	9.0	+	+
tjupan_staphylococcus_main_258a728f6f2c5ea9	EMB_onehot_C23	EMB_onehot_C01	-9	1.0	-	+
tjupan_staphylococcus_main_258a728f6f2c5ea9	EMB_onehot_C23	EMB_onehot_C12	-7	3.0	-	-
tjupan_staphylococcus_main_258a728f6f2c5ea9	EMB_onehot_C23	EMB_onehot_C20	-1	9.0	-	+
tjupan_staphylococcus_main_258a728f6f2c5ea9	EMB_onehot_C01	EMB_onehot_C12	-8	2.0	+	-
tjupan_staphylococcus_main_258a728f6f2c5ea9	EMB_onehot_C01	EMB_onehot_C20	-2	8.0	+	+
tjupan_staphylococcus_main_258a728f6f2c5ea9	EMB_onehot_C12	EMB_onehot_C20	-4	6.0	-	+
tjupan_staphylococcus_main_2722f955756ee451	EMB_onehot_C01	EMB_onehot_C02	44	54.0	+	+
tjupan_staphylococcus_main_2722f955756ee451	EMB_onehot_C01	EMB_onehot_C00	53	63.0	+	+
tjupan_staphylococcus_main_2722f955756ee451	EMB_onehot_C02	EMB_onehot_C00	-1	9.0	+	+
tjupan_staphylococcus_main_2733f52f29b2956f	EMB_onehot_C07	EMB_onehot_C08	7	17.0	+	+
tjupan_staphylococcus_main_2733f52f29b2956f	EMB_onehot_C07	EMB_onehot_C01	25	35.0	+	+
tjupan_staphylococcus_main_2733f52f29b2956f	EMB_onehot_C07	EMB_onehot_C18	26	36.0	+	+
tjupan_staphylococcus_main_2733f52f29b2956f	EMB_onehot_C08	EMB_onehot_C01	8	18.0	+	+
tjupan_staphylococcus_main_2733f52f29b2956f	EMB_onehot_C08	EMB_onehot_C18	9	19.0	+	+
tjupan_staphylococcus_main_2733f52f29b2956f	EMB_onehot_C01	EMB_onehot_C18	-9	1.0	+	+
tjupan_staphylococcus_main_286ed54bc5b24ddc	EMB_onehot_C09	EMB_onehot_C05	4	14.0	+	+
tjupan_staphylococcus_main_286ed54bc5b24ddc	EMB_onehot_C09	EMB_onehot_C23	6	16.0	+	-
tjupan_staphylococcus_main_286ed54bc5b24ddc	EMB_onehot_C09	EMB_onehot_C12	9	19.0	+	-
tjupan_staphylococcus_main_286ed54bc5b24ddc	EMB_onehot_C09	EMB_onehot_C10	12	22.0	+	-
tjupan_staphylococcus_main_286ed54bc5b24ddc	EMB_onehot_C05	EMB_onehot_C23	-8	2.0	+	-
tjupan_staphylococcus_main_286ed54bc5b24ddc	EMB_onehot_C05	EMB_onehot_C12	-5	5.0	+	-
tjupan_staphylococcus_main_286ed54bc5b24ddc	EMB_onehot_C05	EMB_onehot_C10	-2	8.0	+	-
tjupan_staphylococcus_main_286ed54bc5b24ddc	EMB_onehot_C23	EMB_onehot_C12	-7	3.0	-	-
tjupan_staphylococcus_main_286ed54bc5b24ddc	EMB_onehot_C23	EMB_onehot_C10	-4	6.0	-	-
tjupan_staphylococcus_main_286ed54bc5b24ddc	EMB_onehot_C12	EMB_onehot_C10	-7	3.0	-	-
tjupan_staphylococcus_main_2945dd1f481196a4	EMB_onehot_C15	EMB_onehot_C20	-3	7.0	-	-
tjupan_staphylococcus_main_2945dd1f481196a4	EMB_onehot_C15	EMB_onehot_C23	29	39.0	-	+
tjupan_staphylococcus_main_2945dd1f481196a4	EMB_onehot_C15	EMB_onehot_C19	42	52.0	-	+
tjupan_staphylococcus_main_2945dd1f481196a4	EMB_onehot_C20	EMB_onehot_C23	22	32.0	-	+
tjupan_staphylococcus_main_2945dd1f481196a4	EMB_onehot_C20	EMB_onehot_C19	35	45.0	-	+
tjupan_staphylococcus_main_2945dd1f481196a4	EMB_onehot_C23	EMB_onehot_C19	3	13.0	+	+
tjupan_staphylococcus_main_2aa62655b71bbb8f	EMB_onehot_C10	EMB_onehot_C14	-3	7.0	+	+
tjupan_staphylococcus_main_2bb50b818e4dc360	EMB_onehot_C11	EMB_onehot_C23	-1	9.0	+	-
tjupan_staphylococcus_main_2bb50b818e4dc360	EMB_onehot_C11	EMB_onehot_C03	10	20.0	+	+
tjupan_staphylococcus_main_2bb50b818e4dc360	EMB_onehot_C23	EMB_onehot_C03	1	11.0	-	+
tjupan_staphylococcus_main_2d99708175c35cf1	EMB_onehot_C18	EMB_onehot_C23	-8	2.0	-	+
tjupan_staphylococcus_main_2d99708175c35cf1	EMB_onehot_C18	EMB_onehot_C14	-7	3.0	-	+
tjupan_staphylococcus_main_2d99708175c35cf1	EMB_onehot_C18	EMB_onehot_C12	31	41.0	-	-
tjupan_staphylococcus_main_2d99708175c35cf1	EMB_onehot_C18	EMB_onehot_C07	43	53.0	-	-
tjupan_staphylococcus_main_2d99708175c35cf1	EMB_onehot_C18	EMB_onehot_C17	43	53.0	-	+
tjupan_staphylococcus_main_2d99708175c35cf1	EMB_onehot_C18	EMB_onehot_C21	46	56.0	-	-
tjupan_staphylococcus_main_2d99708175c35cf1	EMB_onehot_C18	EMB_onehot_C04	53	63.0	-	-
tjupan_staphylococcus_main_2d99708175c35cf1	EMB_onehot_C23	EMB_onehot_C14	-9	1.0	+	+
tjupan_staphylococcus_main_2d99708175c35cf1	EMB_onehot_C23	EMB_onehot_C12	29	39.0	+	-
tjupan_staphylococcus_main_2d99708175c35cf1	EMB_onehot_C23	EMB_onehot_C07	41	51.0	+	-
tjupan_staphylococcus_main_2d99708175c35cf1	EMB_onehot_C23	EMB_onehot_C17	41	51.0	+	+
tjupan_staphylococcus_main_2d99708175c35cf1	EMB_onehot_C23	EMB_onehot_C21	44	54.0	+	-
tjupan_staphylococcus_main_2d99708175c35cf1	EMB_onehot_C23	EMB_onehot_C04	51	61.0	+	-
tjupan_staphylococcus_main_2d99708175c35cf1	EMB_onehot_C14	EMB_onehot_C12	28	38.0	+	-
tjupan_staphylococcus_main_2d99708175c35cf1	EMB_onehot_C14	EMB_onehot_C07	40	50.0	+	-
tjupan_staphylococcus_main_2d99708175c35cf1	EMB_onehot_C14	EMB_onehot_C17	40	50.0	+	+
tjupan_staphylococcus_main_2d99708175c35cf1	EMB_onehot_C14	EMB_onehot_C21	43	53.0	+	-
tjupan_staphylococcus_main_2d99708175c35cf1	EMB_onehot_C14	EMB_onehot_C04	50	60.0	+	-
tjupan_staphylococcus_main_2d99708175c35cf1	EMB_onehot_C12	EMB_onehot_C07	2	12.0	-	-
tjupan_staphylococcus_main_2d99708175c35cf1	EMB_onehot_C12	EMB_onehot_C17	2	12.0	-	+
tjupan_staphylococcus_main_2d99708175c35cf1	EMB_onehot_C12	EMB_onehot_C21	5	15.0	-	-
tjupan_staphylococcus_main_2d99708175c35cf1	EMB_onehot_C12	EMB_onehot_C04	12	22.0	-	-
tjupan_staphylococcus_main_2d99708175c35cf1	EMB_onehot_C07	EMB_onehot_C17	-10	0.0	-	+
tjupan_staphylococcus_main_2d99708175c35cf1	EMB_onehot_C07	EMB_onehot_C21	-7	3.0	-	-
tjupan_staphylococcus_main_2d99708175c35cf1	EMB_onehot_C07	EMB_onehot_C04	0	10.0	-	-
tjupan_staphylococcus_main_2d99708175c35cf1	EMB_onehot_C17	EMB_onehot_C21	-7	3.0	+	-
tjupan_staphylococcus_main_2d99708175c35cf1	EMB_onehot_C17	EMB_onehot_C04	0	10.0	+	-
tjupan_staphylococcus_main_2d99708175c35cf1	EMB_onehot_C21	EMB_onehot_C04	-3	7.0	-	-
tjupan_staphylococcus_main_2fb3d58498aace2a	EMB_onehot_C14	EMB_onehot_C12	27	37.0	+	+
tjupan_staphylococcus_main_2fb3d58498aace2a	EMB_onehot_C14	EMB_onehot_C10	30	40.0	+	-
tjupan_staphylococcus_main_2fb3d58498aace2a	EMB_onehot_C12	EMB_onehot_C10	-7	3.0	+	-
tjupan_staphylococcus_main_30df1f538bf16941	EMB_onehot_C01	EMB_onehot_C10	11	21.0	+	-
tjupan_staphylococcus_main_30df1f538bf16941	EMB_onehot_C01	EMB_onehot_C11	16	26.0	+	+
tjupan_staphylococcus_main_30df1f538bf16941	EMB_onehot_C01	EMB_onehot_C23	19	29.0	+	-
tjupan_staphylococcus_main_30df1f538bf16941	EMB_onehot_C01	EMB_onehot_C07	21	31.0	+	-
tjupan_staphylococcus_main_30df1f538bf16941	EMB_onehot_C01	EMB_onehot_C17	21	31.0	+	+
tjupan_staphylococcus_main_30df1f538bf16941	EMB_onehot_C10	EMB_onehot_C11	-5	5.0	-	+
tjupan_staphylococcus_main_30df1f538bf16941	EMB_onehot_C10	EMB_onehot_C23	-2	8.0	-	-
tjupan_staphylococcus_main_30df1f538bf16941	EMB_onehot_C10	EMB_onehot_C07	0	10.0	-	-
tjupan_staphylococcus_main_30df1f538bf16941	EMB_onehot_C10	EMB_onehot_C17	0	10.0	-	+
tjupan_staphylococcus_main_30df1f538bf16941	EMB_onehot_C11	EMB_onehot_C23	-7	3.0	+	-
tjupan_staphylococcus_main_30df1f538bf16941	EMB_onehot_C11	EMB_onehot_C07	-5	5.0	+	-
tjupan_staphylococcus_main_30df1f538bf16941	EMB_onehot_C11	EMB_onehot_C17	-5	5.0	+	+
tjupan_staphylococcus_main_30df1f538bf16941	EMB_onehot_C23	EMB_onehot_C07	-8	2.0	-	-
tjupan_staphylococcus_main_30df1f538bf16941	EMB_onehot_C23	EMB_onehot_C17	-8	2.0	-	+
tjupan_staphylococcus_main_30df1f538bf16941	EMB_onehot_C07	EMB_onehot_C17	-10	0.0	-	+
tjupan_staphylococcus_main_31e96d6c4223f4a1	EMB_onehot_C16	EMB_onehot_C19	-6	4.0	+	-
tjupan_staphylococcus_main_31e96d6c4223f4a1	EMB_onehot_C16	EMB_onehot_C10	-4	6.0	+	+
tjupan_staphylococcus_main_31e96d6c4223f4a1	EMB_onehot_C16	EMB_onehot_C06	2	12.0	+	+
tjupan_staphylococcus_main_31e96d6c4223f4a1	EMB_onehot_C16	EMB_onehot_C14	40	50.0	+	-
tjupan_staphylococcus_main_31e96d6c4223f4a1	EMB_onehot_C16	EMB_onehot_C21	41	51.0	+	+
tjupan_staphylococcus_main_31e96d6c4223f4a1	EMB_onehot_C16	EMB_onehot_C23	41	51.0	+	-
tjupan_staphylococcus_main_31e96d6c4223f4a1	EMB_onehot_C16	EMB_onehot_C12	44	54.0	+	-
tjupan_staphylococcus_main_31e96d6c4223f4a1	EMB_onehot_C19	EMB_onehot_C10	-8	2.0	-	+
tjupan_staphylococcus_main_31e96d6c4223f4a1	EMB_onehot_C19	EMB_onehot_C06	-2	8.0	-	+
tjupan_staphylococcus_main_31e96d6c4223f4a1	EMB_onehot_C19	EMB_onehot_C14	36	46.0	-	-
tjupan_staphylococcus_main_31e96d6c4223f4a1	EMB_onehot_C19	EMB_onehot_C21	37	47.0	-	+
tjupan_staphylococcus_main_31e96d6c4223f4a1	EMB_onehot_C19	EMB_onehot_C23	37	47.0	-	-
tjupan_staphylococcus_main_31e96d6c4223f4a1	EMB_onehot_C19	EMB_onehot_C12	40	50.0	-	-
tjupan_staphylococcus_main_31e96d6c4223f4a1	EMB_onehot_C10	EMB_onehot_C06	-4	6.0	+	+
tjupan_staphylococcus_main_31e96d6c4223f4a1	EMB_onehot_C10	EMB_onehot_C14	34	44.0	+	-
tjupan_staphylococcus_main_31e96d6c4223f4a1	EMB_onehot_C10	EMB_onehot_C21	35	45.0	+	+
tjupan_staphylococcus_main_31e96d6c4223f4a1	EMB_onehot_C10	EMB_onehot_C23	35	45.0	+	-
tjupan_staphylococcus_main_31e96d6c4223f4a1	EMB_onehot_C10	EMB_onehot_C12	38	48.0	+	-
tjupan_staphylococcus_main_31e96d6c4223f4a1	EMB_onehot_C06	EMB_onehot_C14	28	38.0	+	-
tjupan_staphylococcus_main_31e96d6c4223f4a1	EMB_onehot_C06	EMB_onehot_C21	29	39.0	+	+
tjupan_staphylococcus_main_31e96d6c4223f4a1	EMB_onehot_C06	EMB_onehot_C23	29	39.0	+	-
tjupan_staphylococcus_main_31e96d6c4223f4a1	EMB_onehot_C06	EMB_onehot_C12	32	42.0	+	-
tjupan_staphylococcus_main_31e96d6c4223f4a1	EMB_onehot_C14	EMB_onehot_C21	-9	1.0	-	+
tjupan_staphylococcus_main_31e96d6c4223f4a1	EMB_onehot_C14	EMB_onehot_C23	-9	1.0	-	-
tjupan_staphylococcus_main_31e96d6c4223f4a1	EMB_onehot_C14	EMB_onehot_C12	-6	4.0	-	-
tjupan_staphylococcus_main_31e96d6c4223f4a1	EMB_onehot_C21	EMB_onehot_C23	-10	0.0	+	-
tjupan_staphylococcus_main_31e96d6c4223f4a1	EMB_onehot_C21	EMB_onehot_C12	-7	3.0	+	-
tjupan_staphylococcus_main_31e96d6c4223f4a1	EMB_onehot_C23	EMB_onehot_C12	-7	3.0	-	-
tjupan_staphylococcus_main_3200bf29a69711b9	EMB_onehot_C22	EMB_onehot_C21	4	14.0	-	-
tjupan_staphylococcus_main_3200bf29a69711b9	EMB_onehot_C22	EMB_onehot_C01	29	39.0	-	+
tjupan_staphylococcus_main_3200bf29a69711b9	EMB_onehot_C22	EMB_onehot_C10	30	40.0	-	+
tjupan_staphylococcus_main_3200bf29a69711b9	EMB_onehot_C22	EMB_onehot_C12	33	43.0	-	-
tjupan_staphylococcus_main_3200bf29a69711b9	EMB_onehot_C21	EMB_onehot_C01	15	25.0	-	+
tjupan_staphylococcus_main_3200bf29a69711b9	EMB_onehot_C21	EMB_onehot_C10	16	26.0	-	+
tjupan_staphylococcus_main_3200bf29a69711b9	EMB_onehot_C21	EMB_onehot_C12	19	29.0	-	-
tjupan_staphylococcus_main_3200bf29a69711b9	EMB_onehot_C01	EMB_onehot_C10	-9	1.0	+	+
tjupan_staphylococcus_main_3200bf29a69711b9	EMB_onehot_C01	EMB_onehot_C12	-6	4.0	+	-
tjupan_staphylococcus_main_3200bf29a69711b9	EMB_onehot_C10	EMB_onehot_C12	-7	3.0	+	-
tjupan_staphylococcus_main_350e6aacfd899952	EMB_onehot_C18	EMB_onehot_C09	-9	1.0	-	+
tjupan_staphylococcus_main_350e6aacfd899952	EMB_onehot_C18	EMB_onehot_C02	-4	6.0	-	+
tjupan_staphylococcus_main_350e6aacfd899952	EMB_onehot_C18	EMB_onehot_C23	-1	9.0	-	-
tjupan_staphylococcus_main_350e6aacfd899952	EMB_onehot_C18	EMB_onehot_C07	1	11.0	-	-
tjupan_staphylococcus_main_350e6aacfd899952	EMB_onehot_C18	EMB_onehot_C17	1	11.0	-	+
tjupan_staphylococcus_main_350e6aacfd899952	EMB_onehot_C18	EMB_onehot_C12	2	12.0	-	-
tjupan_staphylococcus_main_350e6aacfd899952	EMB_onehot_C18	EMB_onehot_C10	5	15.0	-	-
tjupan_staphylococcus_main_350e6aacfd899952	EMB_onehot_C09	EMB_onehot_C02	-5	5.0	+	+
tjupan_staphylococcus_main_350e6aacfd899952	EMB_onehot_C09	EMB_onehot_C23	-2	8.0	+	-
tjupan_staphylococcus_main_350e6aacfd899952	EMB_onehot_C09	EMB_onehot_C07	0	10.0	+	-
tjupan_staphylococcus_main_350e6aacfd899952	EMB_onehot_C09	EMB_onehot_C17	0	10.0	+	+
tjupan_staphylococcus_main_350e6aacfd899952	EMB_onehot_C09	EMB_onehot_C12	1	11.0	+	-
tjupan_staphylococcus_main_350e6aacfd899952	EMB_onehot_C09	EMB_onehot_C10	4	14.0	+	-
tjupan_staphylococcus_main_350e6aacfd899952	EMB_onehot_C02	EMB_onehot_C23	-7	3.0	+	-
tjupan_staphylococcus_main_350e6aacfd899952	EMB_onehot_C02	EMB_onehot_C07	-5	5.0	+	-
tjupan_staphylococcus_main_350e6aacfd899952	EMB_onehot_C02	EMB_onehot_C17	-5	5.0	+	+
tjupan_staphylococcus_main_350e6aacfd899952	EMB_onehot_C02	EMB_onehot_C12	-4	6.0	+	-
tjupan_staphylococcus_main_350e6aacfd899952	EMB_onehot_C02	EMB_onehot_C10	-1	9.0	+	-
tjupan_staphylococcus_main_350e6aacfd899952	EMB_onehot_C23	EMB_onehot_C07	-8	2.0	-	-
tjupan_staphylococcus_main_350e6aacfd899952	EMB_onehot_C23	EMB_onehot_C17	-8	2.0	-	+
tjupan_staphylococcus_main_350e6aacfd899952	EMB_onehot_C23	EMB_onehot_C12	-7	3.0	-	-
tjupan_staphylococcus_main_350e6aacfd899952	EMB_onehot_C23	EMB_onehot_C10	-4	6.0	-	-
tjupan_staphylococcus_main_350e6aacfd899952	EMB_onehot_C07	EMB_onehot_C17	-10	0.0	-	+
tjupan_staphylococcus_main_350e6aacfd899952	EMB_onehot_C07	EMB_onehot_C12	-9	1.0	-	-
tjupan_staphylococcus_main_350e6aacfd899952	EMB_onehot_C07	EMB_onehot_C10	-6	4.0	-	-
tjupan_staphylococcus_main_350e6aacfd899952	EMB_onehot_C17	EMB_onehot_C12	-9	1.0	+	-
tjupan_staphylococcus_main_350e6aacfd899952	EMB_onehot_C17	EMB_onehot_C10	-6	4.0	+	-
tjupan_staphylococcus_main_350e6aacfd899952	EMB_onehot_C12	EMB_onehot_C10	-7	3.0	-	-
tjupan_staphylococcus_main_35429b320b609994	EMB_onehot_C07	EMB_onehot_C17	-10	0.0	-	+
tjupan_staphylococcus_main_35429b320b609994	EMB_onehot_C07	EMB_onehot_C18	-8	2.0	-	-
tjupan_staphylococcus_main_35429b320b609994	EMB_onehot_C07	EMB_onehot_C14	-5	5.0	-	+
tjupan_staphylococcus_main_35429b320b609994	EMB_onehot_C17	EMB_onehot_C18	-8	2.0	+	-
tjupan_staphylococcus_main_35429b320b609994	EMB_onehot_C17	EMB_onehot_C14	-5	5.0	+	+
tjupan_staphylococcus_main_35429b320b609994	EMB_onehot_C18	EMB_onehot_C14	-7	3.0	-	+
tjupan_staphylococcus_main_36339086bd4cf511	EMB_onehot_C15	EMB_onehot_C08	-9	1.0	-	-
tjupan_staphylococcus_main_36339086bd4cf511	EMB_onehot_C15	EMB_onehot_C02	-7	3.0	-	-
tjupan_staphylococcus_main_36339086bd4cf511	EMB_onehot_C15	EMB_onehot_C23	25	35.0	-	+
tjupan_staphylococcus_main_36339086bd4cf511	EMB_onehot_C08	EMB_onehot_C02	-8	2.0	-	-
tjupan_staphylococcus_main_36339086bd4cf511	EMB_onehot_C08	EMB_onehot_C23	24	34.0	-	+
tjupan_staphylococcus_main_36339086bd4cf511	EMB_onehot_C02	EMB_onehot_C23	22	32.0	-	+
tjupan_staphylococcus_main_37105a8cda15cd77	EMB_onehot_C23	EMB_onehot_C08	41	51.0	-	+
tjupan_staphylococcus_main_37fa2b84534f74d5	EMB_onehot_C09	EMB_onehot_C18	-9	1.0	-	+
tjupan_staphylococcus_main_37fa2b84534f74d5	EMB_onehot_C09	EMB_onehot_C15	11	21.0	-	-
tjupan_staphylococcus_main_37fa2b84534f74d5	EMB_onehot_C09	EMB_onehot_C20	18	28.0	-	-
tjupan_staphylococcus_main_37fa2b84534f74d5	EMB_onehot_C18	EMB_onehot_C15	10	20.0	+	-
tjupan_staphylococcus_main_37fa2b84534f74d5	EMB_onehot_C18	EMB_onehot_C20	17	27.0	+	-
tjupan_staphylococcus_main_37fa2b84534f74d5	EMB_onehot_C15	EMB_onehot_C20	-3	7.0	-	-
tjupan_staphylococcus_main_39865d6ee297cbec	EMB_onehot_C17	EMB_onehot_C14	-7	3.0	-	-
tjupan_staphylococcus_main_39865d6ee297cbec	EMB_onehot_C17	EMB_onehot_C07	13	23.0	-	+
tjupan_staphylococcus_main_39865d6ee297cbec	EMB_onehot_C17	EMB_onehot_C10	15	25.0	-	-
tjupan_staphylococcus_main_39865d6ee297cbec	EMB_onehot_C17	EMB_onehot_C19	19	29.0	-	-
tjupan_staphylococcus_main_39865d6ee297cbec	EMB_onehot_C17	EMB_onehot_C11	20	30.0	-	+
tjupan_staphylococcus_main_39865d6ee297cbec	EMB_onehot_C17	EMB_onehot_C13	21	31.0	-	+
tjupan_staphylococcus_main_39865d6ee297cbec	EMB_onehot_C14	EMB_onehot_C07	10	20.0	-	+
tjupan_staphylococcus_main_39865d6ee297cbec	EMB_onehot_C14	EMB_onehot_C10	12	22.0	-	-
tjupan_staphylococcus_main_39865d6ee297cbec	EMB_onehot_C14	EMB_onehot_C19	16	26.0	-	-
tjupan_staphylococcus_main_39865d6ee297cbec	EMB_onehot_C14	EMB_onehot_C11	17	27.0	-	+
tjupan_staphylococcus_main_39865d6ee297cbec	EMB_onehot_C14	EMB_onehot_C13	18	28.0	-	+
tjupan_staphylococcus_main_39865d6ee297cbec	EMB_onehot_C07	EMB_onehot_C10	-8	2.0	+	-
tjupan_staphylococcus_main_39865d6ee297cbec	EMB_onehot_C07	EMB_onehot_C19	-4	6.0	+	-
tjupan_staphylococcus_main_39865d6ee297cbec	EMB_onehot_C07	EMB_onehot_C11	-3	7.0	+	+
tjupan_staphylococcus_main_39865d6ee297cbec	EMB_onehot_C07	EMB_onehot_C13	-2	8.0	+	+
tjupan_staphylococcus_main_39865d6ee297cbec	EMB_onehot_C10	EMB_onehot_C19	-6	4.0	-	-
tjupan_staphylococcus_main_39865d6ee297cbec	EMB_onehot_C10	EMB_onehot_C11	-5	5.0	-	+
tjupan_staphylococcus_main_39865d6ee297cbec	EMB_onehot_C10	EMB_onehot_C13	-4	6.0	-	+
tjupan_staphylococcus_main_39865d6ee297cbec	EMB_onehot_C19	EMB_onehot_C11	-9	1.0	-	+
tjupan_staphylococcus_main_39865d6ee297cbec	EMB_onehot_C19	EMB_onehot_C13	-8	2.0	-	+
tjupan_staphylococcus_main_39865d6ee297cbec	EMB_onehot_C11	EMB_onehot_C13	-9	1.0	+	+
tjupan_staphylococcus_main_39d92502a49a73ba	EMB_onehot_C23	EMB_onehot_C07	-8	2.0	-	-
tjupan_staphylococcus_main_39d92502a49a73ba	EMB_onehot_C23	EMB_onehot_C11	1	11.0	-	-
tjupan_staphylococcus_main_39d92502a49a73ba	EMB_onehot_C23	EMB_onehot_C10	3	13.0	-	-
tjupan_staphylococcus_main_39d92502a49a73ba	EMB_onehot_C23	EMB_onehot_C19	4	14.0	-	-
tjupan_staphylococcus_main_39d92502a49a73ba	EMB_onehot_C23	EMB_onehot_C13	26	36.0	-	-
tjupan_staphylococcus_main_39d92502a49a73ba	EMB_onehot_C07	EMB_onehot_C11	-1	9.0	-	-
tjupan_staphylococcus_main_39d92502a49a73ba	EMB_onehot_C07	EMB_onehot_C10	1	11.0	-	-
tjupan_staphylococcus_main_39d92502a49a73ba	EMB_onehot_C07	EMB_onehot_C19	2	12.0	-	-
tjupan_staphylococcus_main_39d92502a49a73ba	EMB_onehot_C07	EMB_onehot_C13	24	34.0	-	-
tjupan_staphylococcus_main_39d92502a49a73ba	EMB_onehot_C11	EMB_onehot_C10	-8	2.0	-	-
tjupan_staphylococcus_main_39d92502a49a73ba	EMB_onehot_C11	EMB_onehot_C19	-7	3.0	-	-
tjupan_staphylococcus_main_39d92502a49a73ba	EMB_onehot_C11	EMB_onehot_C13	15	25.0	-	-
tjupan_staphylococcus_main_39d92502a49a73ba	EMB_onehot_C10	EMB_onehot_C19	-9	1.0	-	-
tjupan_staphylococcus_main_39d92502a49a73ba	EMB_onehot_C10	EMB_onehot_C13	13	23.0	-	-
tjupan_staphylococcus_main_39d92502a49a73ba	EMB_onehot_C19	EMB_onehot_C13	12	22.0	-	-
tjupan_staphylococcus_main_3e7dab7d5c22ef00	EMB_onehot_C19	EMB_onehot_C10	-6	4.0	+	+
tjupan_staphylococcus_main_3e7dab7d5c22ef00	EMB_onehot_C19	EMB_onehot_C13	4	14.0	+	+
tjupan_staphylococcus_main_3e7dab7d5c22ef00	EMB_onehot_C19	EMB_onehot_C20	5	15.0	+	+
tjupan_staphylococcus_main_3e7dab7d5c22ef00	EMB_onehot_C10	EMB_onehot_C13	0	10.0	+	+
tjupan_staphylococcus_main_3e7dab7d5c22ef00	EMB_onehot_C10	EMB_onehot_C20	1	11.0	+	+
tjupan_staphylococcus_main_3e7dab7d5c22ef00	EMB_onehot_C13	EMB_onehot_C20	-9	1.0	+	+
tjupan_staphylococcus_main_400b54ff3000f198	EMB_onehot_C12	EMB_onehot_C14	35	45.0	-	-
tjupan_staphylococcus_main_400b54ff3000f198	EMB_onehot_C12	EMB_onehot_C21	36	46.0	-	+
tjupan_staphylococcus_main_400b54ff3000f198	EMB_onehot_C12	EMB_onehot_C23	36	46.0	-	-
tjupan_staphylococcus_main_400b54ff3000f198	EMB_onehot_C14	EMB_onehot_C21	-9	1.0	-	+
tjupan_staphylococcus_main_400b54ff3000f198	EMB_onehot_C14	EMB_onehot_C23	-9	1.0	-	-
tjupan_staphylococcus_main_400b54ff3000f198	EMB_onehot_C21	EMB_onehot_C23	-10	0.0	+	-
tjupan_staphylococcus_main_401f9f2b3f115c18	EMB_onehot_C12	EMB_onehot_C02	16	26.0	-	-
tjupan_staphylococcus_main_401f9f2b3f115c18	EMB_onehot_C12	EMB_onehot_C11	26	36.0	-	-
tjupan_staphylococcus_main_401f9f2b3f115c18	EMB_onehot_C12	EMB_onehot_C23	38	48.0	-	+
tjupan_staphylococcus_main_401f9f2b3f115c18	EMB_onehot_C02	EMB_onehot_C11	0	10.0	-	-
tjupan_staphylococcus_main_401f9f2b3f115c18	EMB_onehot_C02	EMB_onehot_C23	12	22.0	-	+
tjupan_staphylococcus_main_401f9f2b3f115c18	EMB_onehot_C11	EMB_onehot_C23	2	12.0	-	+
tjupan_staphylococcus_main_40f84f7e1be420f7	EMB_onehot_C23	EMB_onehot_C12	9	19.0	+	+
tjupan_staphylococcus_main_40f84f7e1be420f7	EMB_onehot_C23	EMB_onehot_C10	36	46.0	+	-
tjupan_staphylococcus_main_40f84f7e1be420f7	EMB_onehot_C12	EMB_onehot_C10	17	27.0	+	-
tjupan_staphylococcus_main_41801630cc03b977	EMB_onehot_C07	EMB_onehot_C10	-8	2.0	+	-
tjupan_staphylococcus_main_41801630cc03b977	EMB_onehot_C07	EMB_onehot_C19	-6	4.0	+	+
tjupan_staphylococcus_main_41801630cc03b977	EMB_onehot_C07	EMB_onehot_C14	-1	9.0	+	-
tjupan_staphylococcus_main_41801630cc03b977	EMB_onehot_C10	EMB_onehot_C19	-8	2.0	-	+
tjupan_staphylococcus_main_41801630cc03b977	EMB_onehot_C10	EMB_onehot_C14	-3	7.0	-	-
tjupan_staphylococcus_main_41801630cc03b977	EMB_onehot_C19	EMB_onehot_C14	-5	5.0	+	-
tjupan_staphylococcus_main_421ee4e34eca0df1	EMB_onehot_C10	EMB_onehot_C12	-7	3.0	+	-
tjupan_staphylococcus_main_421ee4e34eca0df1	EMB_onehot_C10	EMB_onehot_C07	4	14.0	+	+
tjupan_staphylococcus_main_421ee4e34eca0df1	EMB_onehot_C10	EMB_onehot_C17	4	14.0	+	-
tjupan_staphylococcus_main_421ee4e34eca0df1	EMB_onehot_C10	EMB_onehot_C23	5	15.0	+	-
tjupan_staphylococcus_main_421ee4e34eca0df1	EMB_onehot_C12	EMB_onehot_C07	1	11.0	-	+
tjupan_staphylococcus_main_421ee4e34eca0df1	EMB_onehot_C12	EMB_onehot_C17	1	11.0	-	-
tjupan_staphylococcus_main_421ee4e34eca0df1	EMB_onehot_C12	EMB_onehot_C23	2	12.0	-	-
tjupan_staphylococcus_main_421ee4e34eca0df1	EMB_onehot_C07	EMB_onehot_C17	-10	0.0	+	-
tjupan_staphylococcus_main_421ee4e34eca0df1	EMB_onehot_C07	EMB_onehot_C23	-9	1.0	+	-
tjupan_staphylococcus_main_421ee4e34eca0df1	EMB_onehot_C17	EMB_onehot_C23	-9	1.0	-	-
tjupan_staphylococcus_main_42ca073d0777cece	EMB_onehot_C14	EMB_onehot_C07	58	68.0	-	-
tjupan_staphylococcus_main_44b898b63f6eda4e	EMB_onehot_C03	EMB_onehot_C12	34	44.0	+	+
tjupan_staphylococcus_main_44b898b63f6eda4e	EMB_onehot_C03	EMB_onehot_C23	37	47.0	+	+
tjupan_staphylococcus_main_44b898b63f6eda4e	EMB_onehot_C03	EMB_onehot_C05	39	49.0	+	-
tjupan_staphylococcus_main_44b898b63f6eda4e	EMB_onehot_C12	EMB_onehot_C23	-7	3.0	+	+
tjupan_staphylococcus_main_44b898b63f6eda4e	EMB_onehot_C12	EMB_onehot_C05	-5	5.0	+	-
tjupan_staphylococcus_main_44b898b63f6eda4e	EMB_onehot_C23	EMB_onehot_C05	-8	2.0	+	-
tjupan_staphylococcus_main_453b4fbb73e0c083	EMB_onehot_C03	EMB_onehot_C15	-9	1.0	-	-
tjupan_staphylococcus_main_453b4fbb73e0c083	EMB_onehot_C03	EMB_onehot_C18	6	16.0	-	+
tjupan_staphylococcus_main_453b4fbb73e0c083	EMB_onehot_C03	EMB_onehot_C04	35	45.0	-	-
tjupan_staphylococcus_main_453b4fbb73e0c083	EMB_onehot_C15	EMB_onehot_C18	5	15.0	-	+
tjupan_staphylococcus_main_453b4fbb73e0c083	EMB_onehot_C15	EMB_onehot_C04	34	44.0	-	-
tjupan_staphylococcus_main_453b4fbb73e0c083	EMB_onehot_C18	EMB_onehot_C04	19	29.0	+	-
tjupan_staphylococcus_main_4799a7bf82d3f817	EMB_onehot_C06	EMB_onehot_C19	24	34.0	-	+
tjupan_staphylococcus_main_4799a7bf82d3f817	EMB_onehot_C06	EMB_onehot_C20	24	34.0	-	-
tjupan_staphylococcus_main_4799a7bf82d3f817	EMB_onehot_C19	EMB_onehot_C20	-10	0.0	+	-
tjupan_staphylococcus_main_483209b91f7a2997	EMB_onehot_C11	EMB_onehot_C06	4	14.0	+	-
tjupan_staphylococcus_main_483209b91f7a2997	EMB_onehot_C11	EMB_onehot_C19	38	48.0	+	+
tjupan_staphylococcus_main_483209b91f7a2997	EMB_onehot_C11	EMB_onehot_C20	38	48.0	+	-
tjupan_staphylococcus_main_483209b91f7a2997	EMB_onehot_C06	EMB_onehot_C19	24	34.0	-	+
tjupan_staphylococcus_main_483209b91f7a2997	EMB_onehot_C06	EMB_onehot_C20	24	34.0	-	-
tjupan_staphylococcus_main_483209b91f7a2997	EMB_onehot_C19	EMB_onehot_C20	-10	0.0	+	-
tjupan_staphylococcus_main_499fb7d045b74ff6	EMB_onehot_C09	EMB_onehot_C19	25	35.0	+	+
tjupan_staphylococcus_main_49dc0a8295e05840	EMB_onehot_C10	EMB_onehot_C12	14	24.0	-	+
tjupan_staphylococcus_main_49dc0a8295e05840	EMB_onehot_C10	EMB_onehot_C07	15	25.0	-	+
tjupan_staphylococcus_main_49dc0a8295e05840	EMB_onehot_C10	EMB_onehot_C23	17	27.0	-	+
tjupan_staphylococcus_main_49dc0a8295e05840	EMB_onehot_C12	EMB_onehot_C07	-9	1.0	+	+
tjupan_staphylococcus_main_49dc0a8295e05840	EMB_onehot_C12	EMB_onehot_C23	-7	3.0	+	+
tjupan_staphylococcus_main_49dc0a8295e05840	EMB_onehot_C07	EMB_onehot_C23	-8	2.0	+	+
tjupan_staphylococcus_main_4ac3930f5455f18e	EMB_onehot_C23	EMB_onehot_C12	-8	2.0	+	+
tjupan_staphylococcus_main_4ae6976a39143e58	EMB_onehot_C01	EMB_onehot_C10	0	10.0	+	+
tjupan_staphylococcus_main_4ae6976a39143e58	EMB_onehot_C01	EMB_onehot_C16	51	61.0	+	+
tjupan_staphylococcus_main_4ae6976a39143e58	EMB_onehot_C10	EMB_onehot_C16	41	51.0	+	+
tjupan_staphylococcus_main_4b8d0c8393a6a1a0	EMB_onehot_C12	EMB_onehot_C20	13	23.0	+	-
tjupan_staphylococcus_main_4b8d0c8393a6a1a0	EMB_onehot_C12	EMB_onehot_C11	16	26.0	+	+
tjupan_staphylococcus_main_4b8d0c8393a6a1a0	EMB_onehot_C12	EMB_onehot_C23	19	29.0	+	-
tjupan_staphylococcus_main_4b8d0c8393a6a1a0	EMB_onehot_C12	EMB_onehot_C01	21	31.0	+	-
tjupan_staphylococcus_main_4b8d0c8393a6a1a0	EMB_onehot_C20	EMB_onehot_C11	-7	3.0	-	+
tjupan_staphylococcus_main_4b8d0c8393a6a1a0	EMB_onehot_C20	EMB_onehot_C23	-4	6.0	-	-
tjupan_staphylococcus_main_4b8d0c8393a6a1a0	EMB_onehot_C20	EMB_onehot_C01	-2	8.0	-	-
tjupan_staphylococcus_main_4b8d0c8393a6a1a0	EMB_onehot_C11	EMB_onehot_C23	-7	3.0	+	-
tjupan_staphylococcus_main_4b8d0c8393a6a1a0	EMB_onehot_C11	EMB_onehot_C01	-5	5.0	+	-
tjupan_staphylococcus_main_4b8d0c8393a6a1a0	EMB_onehot_C23	EMB_onehot_C01	-8	2.0	-	-
tjupan_staphylococcus_main_4cd7e8217cb4f3d8	EMB_onehot_C05	EMB_onehot_C23	19	29.0	+	+
tjupan_staphylococcus_main_4cd7e8217cb4f3d8	EMB_onehot_C05	EMB_onehot_C02	39	49.0	+	+
tjupan_staphylococcus_main_4cd7e8217cb4f3d8	EMB_onehot_C23	EMB_onehot_C02	10	20.0	+	+
tjupan_staphylococcus_main_5041f7d099fafec3	EMB_onehot_C04	EMB_onehot_C21	-10	0.0	-	+
tjupan_staphylococcus_main_5041f7d099fafec3	EMB_onehot_C04	EMB_onehot_C23	21	31.0	-	-
tjupan_staphylococcus_main_5041f7d099fafec3	EMB_onehot_C04	EMB_onehot_C07	23	33.0	-	-
tjupan_staphylococcus_main_5041f7d099fafec3	EMB_onehot_C04	EMB_onehot_C12	24	34.0	-	-
tjupan_staphylococcus_main_5041f7d099fafec3	EMB_onehot_C04	EMB_onehot_C19	26	36.0	-	+
tjupan_staphylococcus_main_5041f7d099fafec3	EMB_onehot_C04	EMB_onehot_C10	27	37.0	-	-
tjupan_staphylococcus_main_5041f7d099fafec3	EMB_onehot_C21	EMB_onehot_C23	21	31.0	+	-
tjupan_staphylococcus_main_5041f7d099fafec3	EMB_onehot_C21	EMB_onehot_C07	23	33.0	+	-
tjupan_staphylococcus_main_5041f7d099fafec3	EMB_onehot_C21	EMB_onehot_C12	24	34.0	+	-
tjupan_staphylococcus_main_5041f7d099fafec3	EMB_onehot_C21	EMB_onehot_C19	26	36.0	+	+
tjupan_staphylococcus_main_5041f7d099fafec3	EMB_onehot_C21	EMB_onehot_C10	27	37.0	+	-
tjupan_staphylococcus_main_5041f7d099fafec3	EMB_onehot_C23	EMB_onehot_C07	-8	2.0	-	-
tjupan_staphylococcus_main_5041f7d099fafec3	EMB_onehot_C23	EMB_onehot_C12	-7	3.0	-	-
tjupan_staphylococcus_main_5041f7d099fafec3	EMB_onehot_C23	EMB_onehot_C19	-5	5.0	-	+
tjupan_staphylococcus_main_5041f7d099fafec3	EMB_onehot_C23	EMB_onehot_C10	-4	6.0	-	-
tjupan_staphylococcus_main_5041f7d099fafec3	EMB_onehot_C07	EMB_onehot_C12	-9	1.0	-	-
tjupan_staphylococcus_main_5041f7d099fafec3	EMB_onehot_C07	EMB_onehot_C19	-7	3.0	-	+
tjupan_staphylococcus_main_5041f7d099fafec3	EMB_onehot_C07	EMB_onehot_C10	-6	4.0	-	-
tjupan_staphylococcus_main_5041f7d099fafec3	EMB_onehot_C12	EMB_onehot_C19	-8	2.0	-	+
tjupan_staphylococcus_main_5041f7d099fafec3	EMB_onehot_C12	EMB_onehot_C10	-7	3.0	-	-
tjupan_staphylococcus_main_5041f7d099fafec3	EMB_onehot_C19	EMB_onehot_C10	-9	1.0	+	-
tjupan_staphylococcus_main_5131e990198b4e64	EMB_onehot_C12	EMB_onehot_C23	-7	3.0	+	+
tjupan_staphylococcus_main_5131e990198b4e64	EMB_onehot_C12	EMB_onehot_C19	9	19.0	+	+
tjupan_staphylococcus_main_5131e990198b4e64	EMB_onehot_C12	EMB_onehot_C16	15	25.0	+	+
tjupan_staphylococcus_main_5131e990198b4e64	EMB_onehot_C12	EMB_onehot_C01	17	27.0	+	-
tjupan_staphylococcus_main_5131e990198b4e64	EMB_onehot_C23	EMB_onehot_C19	6	16.0	+	+
tjupan_staphylococcus_main_5131e990198b4e64	EMB_onehot_C23	EMB_onehot_C16	12	22.0	+	+
tjupan_staphylococcus_main_5131e990198b4e64	EMB_onehot_C23	EMB_onehot_C01	14	24.0	+	-
tjupan_staphylococcus_main_5131e990198b4e64	EMB_onehot_C19	EMB_onehot_C16	-4	6.0	+	+
tjupan_staphylococcus_main_5131e990198b4e64	EMB_onehot_C19	EMB_onehot_C01	-2	8.0	+	-
tjupan_staphylococcus_main_5131e990198b4e64	EMB_onehot_C16	EMB_onehot_C01	-8	2.0	+	-
tjupan_staphylococcus_main_528417146fca1976	EMB_onehot_C05	EMB_onehot_C14	-7	3.0	+	-
tjupan_staphylococcus_main_5463a03e04dc9c6f	EMB_onehot_C02	EMB_onehot_C23	-7	3.0	-	-
tjupan_staphylococcus_main_55f5d4cf543b0ec9	EMB_onehot_C13	EMB_onehot_C21	9	19.0	-	-
tjupan_staphylococcus_main_55f5d4cf543b0ec9	EMB_onehot_C13	EMB_onehot_C23	9	19.0	-	+
tjupan_staphylococcus_main_55f5d4cf543b0ec9	EMB_onehot_C13	EMB_onehot_C14	10	20.0	-	+
tjupan_staphylococcus_main_55f5d4cf543b0ec9	EMB_onehot_C21	EMB_onehot_C23	-10	0.0	-	+
tjupan_staphylococcus_main_55f5d4cf543b0ec9	EMB_onehot_C21	EMB_onehot_C14	-9	1.0	-	+
tjupan_staphylococcus_main_55f5d4cf543b0ec9	EMB_onehot_C23	EMB_onehot_C14	-9	1.0	+	+
tjupan_staphylococcus_main_566c30841cae5324	EMB_onehot_C18	EMB_onehot_C10	-9	1.0	+	+
tjupan_staphylococcus_main_566c30841cae5324	EMB_onehot_C18	EMB_onehot_C07	-7	3.0	+	-
tjupan_staphylococcus_main_566c30841cae5324	EMB_onehot_C18	EMB_onehot_C09	11	21.0	+	+
tjupan_staphylococcus_main_566c30841cae5324	EMB_onehot_C18	EMB_onehot_C03	18	28.0	+	-
tjupan_staphylococcus_main_566c30841cae5324	EMB_onehot_C18	EMB_onehot_C15	19	29.0	+	-
tjupan_staphylococcus_main_566c30841cae5324	EMB_onehot_C10	EMB_onehot_C07	-8	2.0	+	-
tjupan_staphylococcus_main_566c30841cae5324	EMB_onehot_C10	EMB_onehot_C09	10	20.0	+	+
tjupan_staphylococcus_main_566c30841cae5324	EMB_onehot_C10	EMB_onehot_C03	17	27.0	+	-
tjupan_staphylococcus_main_566c30841cae5324	EMB_onehot_C10	EMB_onehot_C15	18	28.0	+	-
tjupan_staphylococcus_main_566c30841cae5324	EMB_onehot_C07	EMB_onehot_C09	8	18.0	-	+
tjupan_staphylococcus_main_566c30841cae5324	EMB_onehot_C07	EMB_onehot_C03	15	25.0	-	-
tjupan_staphylococcus_main_566c30841cae5324	EMB_onehot_C07	EMB_onehot_C15	16	26.0	-	-
tjupan_staphylococcus_main_566c30841cae5324	EMB_onehot_C09	EMB_onehot_C03	-3	7.0	+	-
tjupan_staphylococcus_main_566c30841cae5324	EMB_onehot_C09	EMB_onehot_C15	-2	8.0	+	-
tjupan_staphylococcus_main_566c30841cae5324	EMB_onehot_C03	EMB_onehot_C15	-9	1.0	-	-
tjupan_staphylococcus_main_5990e9d9fecccdb1	EMB_onehot_C16	EMB_onehot_C11	-5	5.0	+	+
tjupan_staphylococcus_main_5990e9d9fecccdb1	EMB_onehot_C16	EMB_onehot_C12	-4	6.0	+	-
tjupan_staphylococcus_main_5990e9d9fecccdb1	EMB_onehot_C16	EMB_onehot_C23	6	16.0	+	+
tjupan_staphylococcus_main_5990e9d9fecccdb1	EMB_onehot_C16	EMB_onehot_C10	17	27.0	+	+
tjupan_staphylococcus_main_5990e9d9fecccdb1	EMB_onehot_C16	EMB_onehot_C01	24	34.0	+	-
tjupan_staphylococcus_main_5990e9d9fecccdb1	EMB_onehot_C16	EMB_onehot_C04	27	37.0	+	-
tjupan_staphylococcus_main_5990e9d9fecccdb1	EMB_onehot_C16	EMB_onehot_C05	31	41.0	+	+
tjupan_staphylococcus_main_5990e9d9fecccdb1	EMB_onehot_C16	EMB_onehot_C07	35	45.0	+	-
tjupan_staphylococcus_main_5990e9d9fecccdb1	EMB_onehot_C16	EMB_onehot_C09	37	47.0	+	+
tjupan_staphylococcus_main_5990e9d9fecccdb1	EMB_onehot_C16	EMB_onehot_C21	38	48.0	+	-
tjupan_staphylococcus_main_5990e9d9fecccdb1	EMB_onehot_C11	EMB_onehot_C12	-9	1.0	+	-
tjupan_staphylococcus_main_5990e9d9fecccdb1	EMB_onehot_C11	EMB_onehot_C23	1	11.0	+	+
tjupan_staphylococcus_main_5990e9d9fecccdb1	EMB_onehot_C11	EMB_onehot_C10	12	22.0	+	+
tjupan_staphylococcus_main_5990e9d9fecccdb1	EMB_onehot_C11	EMB_onehot_C01	19	29.0	+	-
tjupan_staphylococcus_main_5990e9d9fecccdb1	EMB_onehot_C11	EMB_onehot_C04	22	32.0	+	-
tjupan_staphylococcus_main_5990e9d9fecccdb1	EMB_onehot_C11	EMB_onehot_C05	26	36.0	+	+
tjupan_staphylococcus_main_5990e9d9fecccdb1	EMB_onehot_C11	EMB_onehot_C07	30	40.0	+	-
tjupan_staphylococcus_main_5990e9d9fecccdb1	EMB_onehot_C11	EMB_onehot_C09	32	42.0	+	+
tjupan_staphylococcus_main_5990e9d9fecccdb1	EMB_onehot_C11	EMB_onehot_C21	33	43.0	+	-
tjupan_staphylococcus_main_5990e9d9fecccdb1	EMB_onehot_C12	EMB_onehot_C23	0	10.0	-	+
tjupan_staphylococcus_main_5990e9d9fecccdb1	EMB_onehot_C12	EMB_onehot_C10	11	21.0	-	+
tjupan_staphylococcus_main_5990e9d9fecccdb1	EMB_onehot_C12	EMB_onehot_C01	18	28.0	-	-
tjupan_staphylococcus_main_5990e9d9fecccdb1	EMB_onehot_C12	EMB_onehot_C04	21	31.0	-	-
tjupan_staphylococcus_main_5990e9d9fecccdb1	EMB_onehot_C12	EMB_onehot_C05	25	35.0	-	+
tjupan_staphylococcus_main_5990e9d9fecccdb1	EMB_onehot_C12	EMB_onehot_C07	29	39.0	-	-
tjupan_staphylococcus_main_5990e9d9fecccdb1	EMB_onehot_C12	EMB_onehot_C09	31	41.0	-	+
tjupan_staphylococcus_main_5990e9d9fecccdb1	EMB_onehot_C12	EMB_onehot_C21	32	42.0	-	-
tjupan_staphylococcus_main_5990e9d9fecccdb1	EMB_onehot_C23	EMB_onehot_C10	1	11.0	+	+
tjupan_staphylococcus_main_5990e9d9fecccdb1	EMB_onehot_C23	EMB_onehot_C01	8	18.0	+	-
tjupan_staphylococcus_main_5990e9d9fecccdb1	EMB_onehot_C23	EMB_onehot_C04	11	21.0	+	-
tjupan_staphylococcus_main_5990e9d9fecccdb1	EMB_onehot_C23	EMB_onehot_C05	15	25.0	+	+
tjupan_staphylococcus_main_5990e9d9fecccdb1	EMB_onehot_C23	EMB_onehot_C07	19	29.0	+	-
tjupan_staphylococcus_main_5990e9d9fecccdb1	EMB_onehot_C23	EMB_onehot_C09	21	31.0	+	+
tjupan_staphylococcus_main_5990e9d9fecccdb1	EMB_onehot_C23	EMB_onehot_C21	22	32.0	+	-
tjupan_staphylococcus_main_5990e9d9fecccdb1	EMB_onehot_C10	EMB_onehot_C01	-3	7.0	+	-
tjupan_staphylococcus_main_5990e9d9fecccdb1	EMB_onehot_C10	EMB_onehot_C04	0	10.0	+	-
tjupan_staphylococcus_main_5990e9d9fecccdb1	EMB_onehot_C10	EMB_onehot_C05	4	14.0	+	+
tjupan_staphylococcus_main_5990e9d9fecccdb1	EMB_onehot_C10	EMB_onehot_C07	8	18.0	+	-
tjupan_staphylococcus_main_5990e9d9fecccdb1	EMB_onehot_C10	EMB_onehot_C09	10	20.0	+	+
tjupan_staphylococcus_main_5990e9d9fecccdb1	EMB_onehot_C10	EMB_onehot_C21	11	21.0	+	-
tjupan_staphylococcus_main_5990e9d9fecccdb1	EMB_onehot_C01	EMB_onehot_C04	-7	3.0	-	-
tjupan_staphylococcus_main_5990e9d9fecccdb1	EMB_onehot_C01	EMB_onehot_C05	-3	7.0	-	+
tjupan_staphylococcus_main_5990e9d9fecccdb1	EMB_onehot_C01	EMB_onehot_C07	1	11.0	-	-
tjupan_staphylococcus_main_5990e9d9fecccdb1	EMB_onehot_C01	EMB_onehot_C09	3	13.0	-	+
tjupan_staphylococcus_main_5990e9d9fecccdb1	EMB_onehot_C01	EMB_onehot_C21	4	14.0	-	-
tjupan_staphylococcus_main_5990e9d9fecccdb1	EMB_onehot_C04	EMB_onehot_C05	-6	4.0	-	+
tjupan_staphylococcus_main_5990e9d9fecccdb1	EMB_onehot_C04	EMB_onehot_C07	-2	8.0	-	-
tjupan_staphylococcus_main_5990e9d9fecccdb1	EMB_onehot_C04	EMB_onehot_C09	0	10.0	-	+
tjupan_staphylococcus_main_5990e9d9fecccdb1	EMB_onehot_C04	EMB_onehot_C21	1	11.0	-	-
tjupan_staphylococcus_main_5990e9d9fecccdb1	EMB_onehot_C05	EMB_onehot_C07	-6	4.0	+	-
tjupan_staphylococcus_main_5990e9d9fecccdb1	EMB_onehot_C05	EMB_onehot_C09	-4	6.0	+	+
tjupan_staphylococcus_main_5990e9d9fecccdb1	EMB_onehot_C05	EMB_onehot_C21	-3	7.0	+	-
tjupan_staphylococcus_main_5990e9d9fecccdb1	EMB_onehot_C07	EMB_onehot_C09	-8	2.0	-	+
tjupan_staphylococcus_main_5990e9d9fecccdb1	EMB_onehot_C07	EMB_onehot_C21	-7	3.0	-	-
tjupan_staphylococcus_main_5990e9d9fecccdb1	EMB_onehot_C09	EMB_onehot_C21	-9	1.0	+	-
tjupan_staphylococcus_main_5b8e52ca7dd25666	EMB_onehot_C23	EMB_onehot_C02	-4	6.0	+	+
tjupan_staphylococcus_main_5b8e52ca7dd25666	EMB_onehot_C23	EMB_onehot_C15	21	31.0	+	+
tjupan_staphylococcus_main_5b8e52ca7dd25666	EMB_onehot_C23	EMB_onehot_C13	25	35.0	+	-
tjupan_staphylococcus_main_5b8e52ca7dd25666	EMB_onehot_C02	EMB_onehot_C15	15	25.0	+	+
tjupan_staphylococcus_main_5b8e52ca7dd25666	EMB_onehot_C02	EMB_onehot_C13	19	29.0	+	-
tjupan_staphylococcus_main_5b8e52ca7dd25666	EMB_onehot_C15	EMB_onehot_C13	-6	4.0	+	-
tjupan_staphylococcus_main_5bcb25fee1f7774b	EMB_onehot_C15	EMB_onehot_C04	24	34.0	+	+
tjupan_staphylococcus_main_5bcb25fee1f7774b	EMB_onehot_C15	EMB_onehot_C21	24	34.0	+	-
tjupan_staphylococcus_main_5bcb25fee1f7774b	EMB_onehot_C15	EMB_onehot_C02	50	60.0	+	-
tjupan_staphylococcus_main_5bcb25fee1f7774b	EMB_onehot_C15	EMB_onehot_C05	51	61.0	+	+
tjupan_staphylococcus_main_5bcb25fee1f7774b	EMB_onehot_C04	EMB_onehot_C21	-10	0.0	+	-
tjupan_staphylococcus_main_5bcb25fee1f7774b	EMB_onehot_C04	EMB_onehot_C02	16	26.0	+	-
tjupan_staphylococcus_main_5bcb25fee1f7774b	EMB_onehot_C04	EMB_onehot_C05	17	27.0	+	+
tjupan_staphylococcus_main_5bcb25fee1f7774b	EMB_onehot_C21	EMB_onehot_C02	16	26.0	-	-
tjupan_staphylococcus_main_5bcb25fee1f7774b	EMB_onehot_C21	EMB_onehot_C05	17	27.0	-	+
tjupan_staphylococcus_main_5bcb25fee1f7774b	EMB_onehot_C02	EMB_onehot_C05	-9	1.0	-	+
tjupan_staphylococcus_main_5c259f251b01f776	EMB_onehot_C10	EMB_onehot_C07	7	17.0	+	+
tjupan_staphylococcus_main_5c259f251b01f776	EMB_onehot_C10	EMB_onehot_C23	9	19.0	+	+
tjupan_staphylococcus_main_5c259f251b01f776	EMB_onehot_C10	EMB_onehot_C08	17	27.0	+	-
tjupan_staphylococcus_main_5c259f251b01f776	EMB_onehot_C10	EMB_onehot_C15	18	28.0	+	+
tjupan_staphylococcus_main_5c259f251b01f776	EMB_onehot_C10	EMB_onehot_C01	19	29.0	+	+
tjupan_staphylococcus_main_5c259f251b01f776	EMB_onehot_C10	EMB_onehot_C18	22	32.0	+	+
tjupan_staphylococcus_main_5c259f251b01f776	EMB_onehot_C07	EMB_onehot_C23	-8	2.0	+	+
tjupan_staphylococcus_main_5c259f251b01f776	EMB_onehot_C07	EMB_onehot_C08	0	10.0	+	-
tjupan_staphylococcus_main_5c259f251b01f776	EMB_onehot_C07	EMB_onehot_C15	1	11.0	+	+
tjupan_staphylococcus_main_5c259f251b01f776	EMB_onehot_C07	EMB_onehot_C01	2	12.0	+	+
tjupan_staphylococcus_main_5c259f251b01f776	EMB_onehot_C07	EMB_onehot_C18	5	15.0	+	+
tjupan_staphylococcus_main_5c259f251b01f776	EMB_onehot_C23	EMB_onehot_C08	-2	8.0	+	-
tjupan_staphylococcus_main_5c259f251b01f776	EMB_onehot_C23	EMB_onehot_C15	-1	9.0	+	+
tjupan_staphylococcus_main_5c259f251b01f776	EMB_onehot_C23	EMB_onehot_C01	0	10.0	+	+
tjupan_staphylococcus_main_5c259f251b01f776	EMB_onehot_C23	EMB_onehot_C18	3	13.0	+	+
tjupan_staphylococcus_main_5c259f251b01f776	EMB_onehot_C08	EMB_onehot_C15	-9	1.0	-	+
tjupan_staphylococcus_main_5c259f251b01f776	EMB_onehot_C08	EMB_onehot_C01	-8	2.0	-	+
tjupan_staphylococcus_main_5c259f251b01f776	EMB_onehot_C08	EMB_onehot_C18	-5	5.0	-	+
tjupan_staphylococcus_main_5c259f251b01f776	EMB_onehot_C15	EMB_onehot_C01	-9	1.0	+	+
tjupan_staphylococcus_main_5c259f251b01f776	EMB_onehot_C15	EMB_onehot_C18	-6	4.0	+	+
tjupan_staphylococcus_main_5c259f251b01f776	EMB_onehot_C01	EMB_onehot_C18	-7	3.0	+	+
tjupan_staphylococcus_main_5dfdba4fc25a47e3	EMB_onehot_C15	EMB_onehot_C11	-9	1.0	-	+
tjupan_staphylococcus_main_5dfdba4fc25a47e3	EMB_onehot_C15	EMB_onehot_C23	-5	5.0	-	+
tjupan_staphylococcus_main_5dfdba4fc25a47e3	EMB_onehot_C15	EMB_onehot_C10	-3	7.0	-	-
tjupan_staphylococcus_main_5dfdba4fc25a47e3	EMB_onehot_C11	EMB_onehot_C23	-6	4.0	+	+
tjupan_staphylococcus_main_5dfdba4fc25a47e3	EMB_onehot_C11	EMB_onehot_C10	-4	6.0	+	-
tjupan_staphylococcus_main_5dfdba4fc25a47e3	EMB_onehot_C23	EMB_onehot_C10	-8	2.0	+	-
tjupan_staphylococcus_main_5f74987e54f8221a	EMB_onehot_C09	EMB_onehot_C03	-6	4.0	-	-
tjupan_staphylococcus_main_5f74987e54f8221a	EMB_onehot_C09	EMB_onehot_C01	18	28.0	-	+
tjupan_staphylococcus_main_5f74987e54f8221a	EMB_onehot_C09	EMB_onehot_C12	22	32.0	-	+
tjupan_staphylococcus_main_5f74987e54f8221a	EMB_onehot_C09	EMB_onehot_C19	43	53.0	-	-
tjupan_staphylococcus_main_5f74987e54f8221a	EMB_onehot_C09	EMB_onehot_C07	46	56.0	-	+
tjupan_staphylococcus_main_5f74987e54f8221a	EMB_onehot_C03	EMB_onehot_C01	14	24.0	-	+
tjupan_staphylococcus_main_5f74987e54f8221a	EMB_onehot_C03	EMB_onehot_C12	18	28.0	-	+
tjupan_staphylococcus_main_5f74987e54f8221a	EMB_onehot_C03	EMB_onehot_C19	39	49.0	-	-
tjupan_staphylococcus_main_5f74987e54f8221a	EMB_onehot_C03	EMB_onehot_C07	42	52.0	-	+
tjupan_staphylococcus_main_5f74987e54f8221a	EMB_onehot_C01	EMB_onehot_C12	-6	4.0	+	+
tjupan_staphylococcus_main_5f74987e54f8221a	EMB_onehot_C01	EMB_onehot_C19	15	25.0	+	-
tjupan_staphylococcus_main_5f74987e54f8221a	EMB_onehot_C01	EMB_onehot_C07	18	28.0	+	+
tjupan_staphylococcus_main_5f74987e54f8221a	EMB_onehot_C12	EMB_onehot_C19	11	21.0	+	-
tjupan_staphylococcus_main_5f74987e54f8221a	EMB_onehot_C12	EMB_onehot_C07	14	24.0	+	+
tjupan_staphylococcus_main_5f74987e54f8221a	EMB_onehot_C19	EMB_onehot_C07	-7	3.0	-	+
tjupan_staphylococcus_main_601869e6ad514e8b	EMB_onehot_C01	EMB_onehot_C12	1	11.0	+	+
tjupan_staphylococcus_main_601869e6ad514e8b	EMB_onehot_C01	EMB_onehot_C08	5	15.0	+	-
tjupan_staphylococcus_main_601869e6ad514e8b	EMB_onehot_C01	EMB_onehot_C13	13	23.0	+	-
tjupan_staphylococcus_main_601869e6ad514e8b	EMB_onehot_C01	EMB_onehot_C07	14	24.0	+	+
tjupan_staphylococcus_main_601869e6ad514e8b	EMB_onehot_C01	EMB_onehot_C15	53	63.0	+	-
tjupan_staphylococcus_main_601869e6ad514e8b	EMB_onehot_C01	EMB_onehot_C11	54	64.0	+	+
tjupan_staphylococcus_main_601869e6ad514e8b	EMB_onehot_C12	EMB_onehot_C08	-6	4.0	+	-
tjupan_staphylococcus_main_601869e6ad514e8b	EMB_onehot_C12	EMB_onehot_C13	2	12.0	+	-
tjupan_staphylococcus_main_601869e6ad514e8b	EMB_onehot_C12	EMB_onehot_C07	3	13.0	+	+
tjupan_staphylococcus_main_601869e6ad514e8b	EMB_onehot_C12	EMB_onehot_C15	42	52.0	+	-
tjupan_staphylococcus_main_601869e6ad514e8b	EMB_onehot_C12	EMB_onehot_C11	43	53.0	+	+
tjupan_staphylococcus_main_601869e6ad514e8b	EMB_onehot_C08	EMB_onehot_C13	-2	8.0	-	-
tjupan_staphylococcus_main_601869e6ad514e8b	EMB_onehot_C08	EMB_onehot_C07	-1	9.0	-	+
tjupan_staphylococcus_main_601869e6ad514e8b	EMB_onehot_C08	EMB_onehot_C15	38	48.0	-	-
tjupan_staphylococcus_main_601869e6ad514e8b	EMB_onehot_C08	EMB_onehot_C11	39	49.0	-	+
tjupan_staphylococcus_main_601869e6ad514e8b	EMB_onehot_C13	EMB_onehot_C07	-9	1.0	-	+
tjupan_staphylococcus_main_601869e6ad514e8b	EMB_onehot_C13	EMB_onehot_C15	30	40.0	-	-
tjupan_staphylococcus_main_601869e6ad514e8b	EMB_onehot_C13	EMB_onehot_C11	31	41.0	-	+
tjupan_staphylococcus_main_601869e6ad514e8b	EMB_onehot_C07	EMB_onehot_C15	29	39.0	+	-
tjupan_staphylococcus_main_601869e6ad514e8b	EMB_onehot_C07	EMB_onehot_C11	30	40.0	+	+
tjupan_staphylococcus_main_601869e6ad514e8b	EMB_onehot_C15	EMB_onehot_C11	-9	1.0	-	+
tjupan_staphylococcus_main_60cea4d4d44797f8	EMB_onehot_C10	EMB_onehot_C19	-9	1.0	+	-
tjupan_staphylococcus_main_6101df2d14cc3da6	EMB_onehot_C23	EMB_onehot_C07	-8	2.0	-	-
tjupan_staphylococcus_main_6101df2d14cc3da6	EMB_onehot_C23	EMB_onehot_C13	27	37.0	-	+
tjupan_staphylococcus_main_6101df2d14cc3da6	EMB_onehot_C07	EMB_onehot_C13	25	35.0	-	+
tjupan_staphylococcus_main_63ae7f78d9e68989	EMB_onehot_C18	EMB_onehot_C10	-9	1.0	+	+
tjupan_staphylococcus_main_63ae7f78d9e68989	EMB_onehot_C18	EMB_onehot_C07	-7	3.0	+	-
tjupan_staphylococcus_main_63ae7f78d9e68989	EMB_onehot_C18	EMB_onehot_C09	11	21.0	+	+
tjupan_staphylococcus_main_63ae7f78d9e68989	EMB_onehot_C18	EMB_onehot_C03	18	28.0	+	-
tjupan_staphylococcus_main_63ae7f78d9e68989	EMB_onehot_C18	EMB_onehot_C15	19	29.0	+	-
tjupan_staphylococcus_main_63ae7f78d9e68989	EMB_onehot_C10	EMB_onehot_C07	-8	2.0	+	-
tjupan_staphylococcus_main_63ae7f78d9e68989	EMB_onehot_C10	EMB_onehot_C09	10	20.0	+	+
tjupan_staphylococcus_main_63ae7f78d9e68989	EMB_onehot_C10	EMB_onehot_C03	17	27.0	+	-
tjupan_staphylococcus_main_63ae7f78d9e68989	EMB_onehot_C10	EMB_onehot_C15	18	28.0	+	-
tjupan_staphylococcus_main_63ae7f78d9e68989	EMB_onehot_C07	EMB_onehot_C09	8	18.0	-	+
tjupan_staphylococcus_main_63ae7f78d9e68989	EMB_onehot_C07	EMB_onehot_C03	15	25.0	-	-
tjupan_staphylococcus_main_63ae7f78d9e68989	EMB_onehot_C07	EMB_onehot_C15	16	26.0	-	-
tjupan_staphylococcus_main_63ae7f78d9e68989	EMB_onehot_C09	EMB_onehot_C03	-3	7.0	+	-
tjupan_staphylococcus_main_63ae7f78d9e68989	EMB_onehot_C09	EMB_onehot_C15	-2	8.0	+	-
tjupan_staphylococcus_main_63ae7f78d9e68989	EMB_onehot_C03	EMB_onehot_C15	-9	1.0	-	-
tjupan_staphylococcus_main_64988bb012cf81f8	EMB_onehot_C18	EMB_onehot_C04	1	11.0	+	-
tjupan_staphylococcus_main_64988bb012cf81f8	EMB_onehot_C18	EMB_onehot_C10	14	24.0	+	+
tjupan_staphylococcus_main_64988bb012cf81f8	EMB_onehot_C18	EMB_onehot_C12	17	27.0	+	-
tjupan_staphylococcus_main_64988bb012cf81f8	EMB_onehot_C04	EMB_onehot_C10	3	13.0	-	+
tjupan_staphylococcus_main_64988bb012cf81f8	EMB_onehot_C04	EMB_onehot_C12	6	16.0	-	-
tjupan_staphylococcus_main_64988bb012cf81f8	EMB_onehot_C10	EMB_onehot_C12	-7	3.0	+	-
tjupan_staphylococcus_main_66bfa8916264757f	EMB_onehot_C09	EMB_onehot_C21	-9	1.0	+	-
tjupan_staphylococcus_main_66bfa8916264757f	EMB_onehot_C09	EMB_onehot_C10	-4	6.0	+	+
tjupan_staphylococcus_main_66bfa8916264757f	EMB_onehot_C09	EMB_onehot_C19	-3	7.0	+	-
tjupan_staphylococcus_main_66bfa8916264757f	EMB_onehot_C09	EMB_onehot_C11	-2	8.0	+	+
tjupan_staphylococcus_main_66bfa8916264757f	EMB_onehot_C09	EMB_onehot_C13	-1	9.0	+	+
tjupan_staphylococcus_main_66bfa8916264757f	EMB_onehot_C09	EMB_onehot_C20	20	30.0	+	+
tjupan_staphylococcus_main_66bfa8916264757f	EMB_onehot_C09	EMB_onehot_C04	25	35.0	+	+
tjupan_staphylococcus_main_66bfa8916264757f	EMB_onehot_C21	EMB_onehot_C10	-5	5.0	-	+
tjupan_staphylococcus_main_66bfa8916264757f	EMB_onehot_C21	EMB_onehot_C19	-4	6.0	-	-
tjupan_staphylococcus_main_66bfa8916264757f	EMB_onehot_C21	EMB_onehot_C11	-3	7.0	-	+
tjupan_staphylococcus_main_66bfa8916264757f	EMB_onehot_C21	EMB_onehot_C13	-2	8.0	-	+
tjupan_staphylococcus_main_66bfa8916264757f	EMB_onehot_C21	EMB_onehot_C20	19	29.0	-	+
tjupan_staphylococcus_main_66bfa8916264757f	EMB_onehot_C21	EMB_onehot_C04	24	34.0	-	+
tjupan_staphylococcus_main_66bfa8916264757f	EMB_onehot_C10	EMB_onehot_C19	-9	1.0	+	-
tjupan_staphylococcus_main_66bfa8916264757f	EMB_onehot_C10	EMB_onehot_C11	-8	2.0	+	+
tjupan_staphylococcus_main_66bfa8916264757f	EMB_onehot_C10	EMB_onehot_C13	-7	3.0	+	+
tjupan_staphylococcus_main_66bfa8916264757f	EMB_onehot_C10	EMB_onehot_C20	14	24.0	+	+
tjupan_staphylococcus_main_66bfa8916264757f	EMB_onehot_C10	EMB_onehot_C04	19	29.0	+	+
tjupan_staphylococcus_main_66bfa8916264757f	EMB_onehot_C19	EMB_onehot_C11	-9	1.0	-	+
tjupan_staphylococcus_main_66bfa8916264757f	EMB_onehot_C19	EMB_onehot_C13	-8	2.0	-	+
tjupan_staphylococcus_main_66bfa8916264757f	EMB_onehot_C19	EMB_onehot_C20	13	23.0	-	+
tjupan_staphylococcus_main_66bfa8916264757f	EMB_onehot_C19	EMB_onehot_C04	18	28.0	-	+
tjupan_staphylococcus_main_66bfa8916264757f	EMB_onehot_C11	EMB_onehot_C13	-9	1.0	+	+
tjupan_staphylococcus_main_66bfa8916264757f	EMB_onehot_C11	EMB_onehot_C20	12	22.0	+	+
tjupan_staphylococcus_main_66bfa8916264757f	EMB_onehot_C11	EMB_onehot_C04	17	27.0	+	+
tjupan_staphylococcus_main_66bfa8916264757f	EMB_onehot_C13	EMB_onehot_C20	11	21.0	+	+
tjupan_staphylococcus_main_66bfa8916264757f	EMB_onehot_C13	EMB_onehot_C04	16	26.0	+	+
tjupan_staphylococcus_main_66bfa8916264757f	EMB_onehot_C20	EMB_onehot_C04	-5	5.0	+	+
tjupan_staphylococcus_main_68901ccc3d88ffe1	EMB_onehot_C10	EMB_onehot_C21	-8	2.0	+	+
tjupan_staphylococcus_main_68901ccc3d88ffe1	EMB_onehot_C10	EMB_onehot_C09	-7	3.0	+	-
tjupan_staphylococcus_main_68901ccc3d88ffe1	EMB_onehot_C10	EMB_onehot_C23	3	13.0	+	+
tjupan_staphylococcus_main_68901ccc3d88ffe1	EMB_onehot_C10	EMB_onehot_C12	10	20.0	+	+
tjupan_staphylococcus_main_68901ccc3d88ffe1	EMB_onehot_C10	EMB_onehot_C15	21	31.0	+	-
tjupan_staphylococcus_main_68901ccc3d88ffe1	EMB_onehot_C10	EMB_onehot_C18	31	41.0	+	+
tjupan_staphylococcus_main_68901ccc3d88ffe1	EMB_onehot_C10	EMB_onehot_C01	45	55.0	+	-
tjupan_staphylococcus_main_68901ccc3d88ffe1	EMB_onehot_C21	EMB_onehot_C09	-9	1.0	+	-
tjupan_staphylococcus_main_68901ccc3d88ffe1	EMB_onehot_C21	EMB_onehot_C23	1	11.0	+	+
tjupan_staphylococcus_main_68901ccc3d88ffe1	EMB_onehot_C21	EMB_onehot_C12	8	18.0	+	+
tjupan_staphylococcus_main_68901ccc3d88ffe1	EMB_onehot_C21	EMB_onehot_C15	19	29.0	+	-
tjupan_staphylococcus_main_68901ccc3d88ffe1	EMB_onehot_C21	EMB_onehot_C18	29	39.0	+	+
tjupan_staphylococcus_main_68901ccc3d88ffe1	EMB_onehot_C21	EMB_onehot_C01	43	53.0	+	-
tjupan_staphylococcus_main_68901ccc3d88ffe1	EMB_onehot_C09	EMB_onehot_C23	0	10.0	-	+
tjupan_staphylococcus_main_68901ccc3d88ffe1	EMB_onehot_C09	EMB_onehot_C12	7	17.0	-	+
tjupan_staphylococcus_main_68901ccc3d88ffe1	EMB_onehot_C09	EMB_onehot_C15	18	28.0	-	-
tjupan_staphylococcus_main_68901ccc3d88ffe1	EMB_onehot_C09	EMB_onehot_C18	28	38.0	-	+
tjupan_staphylococcus_main_68901ccc3d88ffe1	EMB_onehot_C09	EMB_onehot_C01	42	52.0	-	-
tjupan_staphylococcus_main_68901ccc3d88ffe1	EMB_onehot_C23	EMB_onehot_C12	-3	7.0	+	+
tjupan_staphylococcus_main_68901ccc3d88ffe1	EMB_onehot_C23	EMB_onehot_C15	8	18.0	+	-
tjupan_staphylococcus_main_68901ccc3d88ffe1	EMB_onehot_C23	EMB_onehot_C18	18	28.0	+	+
tjupan_staphylococcus_main_68901ccc3d88ffe1	EMB_onehot_C23	EMB_onehot_C01	32	42.0	+	-
tjupan_staphylococcus_main_68901ccc3d88ffe1	EMB_onehot_C12	EMB_onehot_C15	1	11.0	+	-
tjupan_staphylococcus_main_68901ccc3d88ffe1	EMB_onehot_C12	EMB_onehot_C18	11	21.0	+	+
tjupan_staphylococcus_main_68901ccc3d88ffe1	EMB_onehot_C12	EMB_onehot_C01	25	35.0	+	-
tjupan_staphylococcus_main_68901ccc3d88ffe1	EMB_onehot_C15	EMB_onehot_C18	0	10.0	-	+
tjupan_staphylococcus_main_68901ccc3d88ffe1	EMB_onehot_C15	EMB_onehot_C01	14	24.0	-	-
tjupan_staphylococcus_main_68901ccc3d88ffe1	EMB_onehot_C18	EMB_onehot_C01	4	14.0	+	-
tjupan_staphylococcus_main_68c6264c6300944d	EMB_onehot_C03	EMB_onehot_C23	-3	7.0	+	-
tjupan_staphylococcus_main_68c6264c6300944d	EMB_onehot_C03	EMB_onehot_C07	21	31.0	+	+
tjupan_staphylococcus_main_68c6264c6300944d	EMB_onehot_C03	EMB_onehot_C06	39	49.0	+	+
tjupan_staphylococcus_main_68c6264c6300944d	EMB_onehot_C23	EMB_onehot_C07	14	24.0	-	+
tjupan_staphylococcus_main_68c6264c6300944d	EMB_onehot_C23	EMB_onehot_C06	32	42.0	-	+
tjupan_staphylococcus_main_68c6264c6300944d	EMB_onehot_C07	EMB_onehot_C06	8	18.0	+	+
tjupan_staphylococcus_main_692ad27574d19dff	EMB_onehot_C15	EMB_onehot_C12	-4	6.0	+	-
tjupan_staphylococcus_main_692ad27574d19dff	EMB_onehot_C15	EMB_onehot_C23	-2	8.0	+	-
tjupan_staphylococcus_main_692ad27574d19dff	EMB_onehot_C12	EMB_onehot_C23	-8	2.0	-	-
tjupan_staphylococcus_main_6ad3f4650c1fb223	EMB_onehot_C08	EMB_onehot_C03	36	46.0	-	+
tjupan_staphylococcus_main_6ddc5619ba83450d	EMB_onehot_C23	EMB_onehot_C11	-4	6.0	-	-
tjupan_staphylococcus_main_6ddc5619ba83450d	EMB_onehot_C23	EMB_onehot_C15	-3	7.0	-	+
tjupan_staphylococcus_main_6ddc5619ba83450d	EMB_onehot_C23	EMB_onehot_C19	-1	9.0	-	-
tjupan_staphylococcus_main_6ddc5619ba83450d	EMB_onehot_C23	EMB_onehot_C13	1	11.0	-	+
tjupan_staphylococcus_main_6ddc5619ba83450d	EMB_onehot_C23	EMB_onehot_C14	5	15.0	-	+
tjupan_staphylococcus_main_6ddc5619ba83450d	EMB_onehot_C11	EMB_onehot_C15	-9	1.0	-	+
tjupan_staphylococcus_main_6ddc5619ba83450d	EMB_onehot_C11	EMB_onehot_C19	-7	3.0	-	-
tjupan_staphylococcus_main_6ddc5619ba83450d	EMB_onehot_C11	EMB_onehot_C13	-5	5.0	-	+
tjupan_staphylococcus_main_6ddc5619ba83450d	EMB_onehot_C11	EMB_onehot_C14	-1	9.0	-	+
tjupan_staphylococcus_main_6ddc5619ba83450d	EMB_onehot_C15	EMB_onehot_C19	-8	2.0	+	-
tjupan_staphylococcus_main_6ddc5619ba83450d	EMB_onehot_C15	EMB_onehot_C13	-6	4.0	+	+
tjupan_staphylococcus_main_6ddc5619ba83450d	EMB_onehot_C15	EMB_onehot_C14	-2	8.0	+	+
tjupan_staphylococcus_main_6ddc5619ba83450d	EMB_onehot_C19	EMB_onehot_C13	-8	2.0	-	+
tjupan_staphylococcus_main_6ddc5619ba83450d	EMB_onehot_C19	EMB_onehot_C14	-4	6.0	-	+
tjupan_staphylococcus_main_6ddc5619ba83450d	EMB_onehot_C13	EMB_onehot_C14	-6	4.0	+	+
tjupan_staphylococcus_main_6ed7557e3a387864	EMB_onehot_C16	EMB_onehot_C11	-5	5.0	+	+
tjupan_staphylococcus_main_6ed7557e3a387864	EMB_onehot_C16	EMB_onehot_C12	-4	6.0	+	-
tjupan_staphylococcus_main_6ed7557e3a387864	EMB_onehot_C16	EMB_onehot_C23	6	16.0	+	+
tjupan_staphylococcus_main_6ed7557e3a387864	EMB_onehot_C16	EMB_onehot_C10	17	27.0	+	+
tjupan_staphylococcus_main_6ed7557e3a387864	EMB_onehot_C16	EMB_onehot_C01	24	34.0	+	-
tjupan_staphylococcus_main_6ed7557e3a387864	EMB_onehot_C16	EMB_onehot_C04	27	37.0	+	-
tjupan_staphylococcus_main_6ed7557e3a387864	EMB_onehot_C16	EMB_onehot_C05	31	41.0	+	+
tjupan_staphylococcus_main_6ed7557e3a387864	EMB_onehot_C16	EMB_onehot_C07	35	45.0	+	-
tjupan_staphylococcus_main_6ed7557e3a387864	EMB_onehot_C16	EMB_onehot_C09	37	47.0	+	+
tjupan_staphylococcus_main_6ed7557e3a387864	EMB_onehot_C16	EMB_onehot_C21	38	48.0	+	-
tjupan_staphylococcus_main_6ed7557e3a387864	EMB_onehot_C11	EMB_onehot_C12	-9	1.0	+	-
tjupan_staphylococcus_main_6ed7557e3a387864	EMB_onehot_C11	EMB_onehot_C23	1	11.0	+	+
tjupan_staphylococcus_main_6ed7557e3a387864	EMB_onehot_C11	EMB_onehot_C10	12	22.0	+	+
tjupan_staphylococcus_main_6ed7557e3a387864	EMB_onehot_C11	EMB_onehot_C01	19	29.0	+	-
tjupan_staphylococcus_main_6ed7557e3a387864	EMB_onehot_C11	EMB_onehot_C04	22	32.0	+	-
tjupan_staphylococcus_main_6ed7557e3a387864	EMB_onehot_C11	EMB_onehot_C05	26	36.0	+	+
tjupan_staphylococcus_main_6ed7557e3a387864	EMB_onehot_C11	EMB_onehot_C07	30	40.0	+	-
tjupan_staphylococcus_main_6ed7557e3a387864	EMB_onehot_C11	EMB_onehot_C09	32	42.0	+	+
tjupan_staphylococcus_main_6ed7557e3a387864	EMB_onehot_C11	EMB_onehot_C21	33	43.0	+	-
tjupan_staphylococcus_main_6ed7557e3a387864	EMB_onehot_C12	EMB_onehot_C23	0	10.0	-	+
tjupan_staphylococcus_main_6ed7557e3a387864	EMB_onehot_C12	EMB_onehot_C10	11	21.0	-	+
tjupan_staphylococcus_main_6ed7557e3a387864	EMB_onehot_C12	EMB_onehot_C01	18	28.0	-	-
tjupan_staphylococcus_main_6ed7557e3a387864	EMB_onehot_C12	EMB_onehot_C04	21	31.0	-	-
tjupan_staphylococcus_main_6ed7557e3a387864	EMB_onehot_C12	EMB_onehot_C05	25	35.0	-	+
tjupan_staphylococcus_main_6ed7557e3a387864	EMB_onehot_C12	EMB_onehot_C07	29	39.0	-	-
tjupan_staphylococcus_main_6ed7557e3a387864	EMB_onehot_C12	EMB_onehot_C09	31	41.0	-	+
tjupan_staphylococcus_main_6ed7557e3a387864	EMB_onehot_C12	EMB_onehot_C21	32	42.0	-	-
tjupan_staphylococcus_main_6ed7557e3a387864	EMB_onehot_C23	EMB_onehot_C10	1	11.0	+	+
tjupan_staphylococcus_main_6ed7557e3a387864	EMB_onehot_C23	EMB_onehot_C01	8	18.0	+	-
tjupan_staphylococcus_main_6ed7557e3a387864	EMB_onehot_C23	EMB_onehot_C04	11	21.0	+	-
tjupan_staphylococcus_main_6ed7557e3a387864	EMB_onehot_C23	EMB_onehot_C05	15	25.0	+	+
tjupan_staphylococcus_main_6ed7557e3a387864	EMB_onehot_C23	EMB_onehot_C07	19	29.0	+	-
tjupan_staphylococcus_main_6ed7557e3a387864	EMB_onehot_C23	EMB_onehot_C09	21	31.0	+	+
tjupan_staphylococcus_main_6ed7557e3a387864	EMB_onehot_C23	EMB_onehot_C21	22	32.0	+	-
tjupan_staphylococcus_main_6ed7557e3a387864	EMB_onehot_C10	EMB_onehot_C01	-3	7.0	+	-
tjupan_staphylococcus_main_6ed7557e3a387864	EMB_onehot_C10	EMB_onehot_C04	0	10.0	+	-
tjupan_staphylococcus_main_6ed7557e3a387864	EMB_onehot_C10	EMB_onehot_C05	4	14.0	+	+
tjupan_staphylococcus_main_6ed7557e3a387864	EMB_onehot_C10	EMB_onehot_C07	8	18.0	+	-
tjupan_staphylococcus_main_6ed7557e3a387864	EMB_onehot_C10	EMB_onehot_C09	10	20.0	+	+
tjupan_staphylococcus_main_6ed7557e3a387864	EMB_onehot_C10	EMB_onehot_C21	11	21.0	+	-
tjupan_staphylococcus_main_6ed7557e3a387864	EMB_onehot_C01	EMB_onehot_C04	-7	3.0	-	-
tjupan_staphylococcus_main_6ed7557e3a387864	EMB_onehot_C01	EMB_onehot_C05	-3	7.0	-	+
tjupan_staphylococcus_main_6ed7557e3a387864	EMB_onehot_C01	EMB_onehot_C07	1	11.0	-	-
tjupan_staphylococcus_main_6ed7557e3a387864	EMB_onehot_C01	EMB_onehot_C09	3	13.0	-	+
tjupan_staphylococcus_main_6ed7557e3a387864	EMB_onehot_C01	EMB_onehot_C21	4	14.0	-	-
tjupan_staphylococcus_main_6ed7557e3a387864	EMB_onehot_C04	EMB_onehot_C05	-6	4.0	-	+
tjupan_staphylococcus_main_6ed7557e3a387864	EMB_onehot_C04	EMB_onehot_C07	-2	8.0	-	-
tjupan_staphylococcus_main_6ed7557e3a387864	EMB_onehot_C04	EMB_onehot_C09	0	10.0	-	+
tjupan_staphylococcus_main_6ed7557e3a387864	EMB_onehot_C04	EMB_onehot_C21	1	11.0	-	-
tjupan_staphylococcus_main_6ed7557e3a387864	EMB_onehot_C05	EMB_onehot_C07	-6	4.0	+	-
tjupan_staphylococcus_main_6ed7557e3a387864	EMB_onehot_C05	EMB_onehot_C09	-4	6.0	+	+
tjupan_staphylococcus_main_6ed7557e3a387864	EMB_onehot_C05	EMB_onehot_C21	-3	7.0	+	-
tjupan_staphylococcus_main_6ed7557e3a387864	EMB_onehot_C07	EMB_onehot_C09	-8	2.0	-	+
tjupan_staphylococcus_main_6ed7557e3a387864	EMB_onehot_C07	EMB_onehot_C21	-7	3.0	-	-
tjupan_staphylococcus_main_6ed7557e3a387864	EMB_onehot_C09	EMB_onehot_C21	-9	1.0	+	-
tjupan_staphylococcus_main_702c5bdbd8dd3321	EMB_onehot_C11	EMB_onehot_C18	6	16.0	-	+
tjupan_staphylococcus_main_702c5bdbd8dd3321	EMB_onehot_C11	EMB_onehot_C12	10	20.0	-	-
tjupan_staphylococcus_main_702c5bdbd8dd3321	EMB_onehot_C11	EMB_onehot_C23	25	35.0	-	-
tjupan_staphylococcus_main_702c5bdbd8dd3321	EMB_onehot_C11	EMB_onehot_C08	35	45.0	-	+
tjupan_staphylococcus_main_702c5bdbd8dd3321	EMB_onehot_C11	EMB_onehot_C20	41	51.0	-	-
tjupan_staphylococcus_main_702c5bdbd8dd3321	EMB_onehot_C11	EMB_onehot_C22	45	55.0	-	-
tjupan_staphylococcus_main_702c5bdbd8dd3321	EMB_onehot_C18	EMB_onehot_C12	-6	4.0	+	-
tjupan_staphylococcus_main_702c5bdbd8dd3321	EMB_onehot_C18	EMB_onehot_C23	9	19.0	+	-
tjupan_staphylococcus_main_702c5bdbd8dd3321	EMB_onehot_C18	EMB_onehot_C08	19	29.0	+	+
tjupan_staphylococcus_main_702c5bdbd8dd3321	EMB_onehot_C18	EMB_onehot_C20	25	35.0	+	-
tjupan_staphylococcus_main_702c5bdbd8dd3321	EMB_onehot_C18	EMB_onehot_C22	29	39.0	+	-
tjupan_staphylococcus_main_702c5bdbd8dd3321	EMB_onehot_C12	EMB_onehot_C23	5	15.0	-	-
tjupan_staphylococcus_main_702c5bdbd8dd3321	EMB_onehot_C12	EMB_onehot_C08	15	25.0	-	+
tjupan_staphylococcus_main_702c5bdbd8dd3321	EMB_onehot_C12	EMB_onehot_C20	21	31.0	-	-
tjupan_staphylococcus_main_702c5bdbd8dd3321	EMB_onehot_C12	EMB_onehot_C22	25	35.0	-	-
tjupan_staphylococcus_main_702c5bdbd8dd3321	EMB_onehot_C23	EMB_onehot_C08	0	10.0	-	+
tjupan_staphylococcus_main_702c5bdbd8dd3321	EMB_onehot_C23	EMB_onehot_C20	6	16.0	-	-
tjupan_staphylococcus_main_702c5bdbd8dd3321	EMB_onehot_C23	EMB_onehot_C22	10	20.0	-	-
tjupan_staphylococcus_main_702c5bdbd8dd3321	EMB_onehot_C08	EMB_onehot_C20	-4	6.0	+	-
tjupan_staphylococcus_main_702c5bdbd8dd3321	EMB_onehot_C08	EMB_onehot_C22	0	10.0	+	-
tjupan_staphylococcus_main_702c5bdbd8dd3321	EMB_onehot_C20	EMB_onehot_C22	-6	4.0	-	-
tjupan_staphylococcus_main_71e69c771ddea7d0	EMB_onehot_C20	EMB_onehot_C11	-7	3.0	-	+
tjupan_staphylococcus_main_71e69c771ddea7d0	EMB_onehot_C20	EMB_onehot_C12	-6	4.0	-	-
tjupan_staphylococcus_main_71e69c771ddea7d0	EMB_onehot_C20	EMB_onehot_C23	-4	6.0	-	-
tjupan_staphylococcus_main_71e69c771ddea7d0	EMB_onehot_C20	EMB_onehot_C08	0	10.0	-	+
tjupan_staphylococcus_main_71e69c771ddea7d0	EMB_onehot_C20	EMB_onehot_C15	22	32.0	-	+
tjupan_staphylococcus_main_71e69c771ddea7d0	EMB_onehot_C20	EMB_onehot_C09	25	35.0	-	-
tjupan_staphylococcus_main_71e69c771ddea7d0	EMB_onehot_C11	EMB_onehot_C12	-9	1.0	+	-
tjupan_staphylococcus_main_71e69c771ddea7d0	EMB_onehot_C11	EMB_onehot_C23	-7	3.0	+	-
tjupan_staphylococcus_main_71e69c771ddea7d0	EMB_onehot_C11	EMB_onehot_C08	-3	7.0	+	+
tjupan_staphylococcus_main_71e69c771ddea7d0	EMB_onehot_C11	EMB_onehot_C15	19	29.0	+	+
tjupan_staphylococcus_main_71e69c771ddea7d0	EMB_onehot_C11	EMB_onehot_C09	22	32.0	+	-
tjupan_staphylococcus_main_71e69c771ddea7d0	EMB_onehot_C12	EMB_onehot_C23	-8	2.0	-	-
tjupan_staphylococcus_main_71e69c771ddea7d0	EMB_onehot_C12	EMB_onehot_C08	-4	6.0	-	+
tjupan_staphylococcus_main_71e69c771ddea7d0	EMB_onehot_C12	EMB_onehot_C15	18	28.0	-	+
tjupan_staphylococcus_main_71e69c771ddea7d0	EMB_onehot_C12	EMB_onehot_C09	21	31.0	-	-
tjupan_staphylococcus_main_71e69c771ddea7d0	EMB_onehot_C23	EMB_onehot_C08	-6	4.0	-	+
tjupan_staphylococcus_main_71e69c771ddea7d0	EMB_onehot_C23	EMB_onehot_C15	16	26.0	-	+
tjupan_staphylococcus_main_71e69c771ddea7d0	EMB_onehot_C23	EMB_onehot_C09	19	29.0	-	-
tjupan_staphylococcus_main_71e69c771ddea7d0	EMB_onehot_C08	EMB_onehot_C15	12	22.0	+	+
tjupan_staphylococcus_main_71e69c771ddea7d0	EMB_onehot_C08	EMB_onehot_C09	15	25.0	+	-
tjupan_staphylococcus_main_71e69c771ddea7d0	EMB_onehot_C15	EMB_onehot_C09	-7	3.0	+	-
tjupan_staphylococcus_main_7401a8a950285ec8	EMB_onehot_C07	EMB_onehot_C13	-9	1.0	-	+
tjupan_staphylococcus_main_7401a8a950285ec8	EMB_onehot_C07	EMB_onehot_C18	-8	2.0	-	-
tjupan_staphylococcus_main_7401a8a950285ec8	EMB_onehot_C07	EMB_onehot_C11	-1	9.0	-	-
tjupan_staphylococcus_main_7401a8a950285ec8	EMB_onehot_C07	EMB_onehot_C10	1	11.0	-	-
tjupan_staphylococcus_main_7401a8a950285ec8	EMB_onehot_C07	EMB_onehot_C19	2	12.0	-	-
tjupan_staphylococcus_main_7401a8a950285ec8	EMB_onehot_C07	EMB_onehot_C01	20	30.0	-	-
tjupan_staphylococcus_main_7401a8a950285ec8	EMB_onehot_C13	EMB_onehot_C18	-9	1.0	+	-
tjupan_staphylococcus_main_7401a8a950285ec8	EMB_onehot_C13	EMB_onehot_C11	-2	8.0	+	-
tjupan_staphylococcus_main_7401a8a950285ec8	EMB_onehot_C13	EMB_onehot_C10	0	10.0	+	-
tjupan_staphylococcus_main_7401a8a950285ec8	EMB_onehot_C13	EMB_onehot_C19	1	11.0	+	-
tjupan_staphylococcus_main_7401a8a950285ec8	EMB_onehot_C13	EMB_onehot_C01	19	29.0	+	-
tjupan_staphylococcus_main_7401a8a950285ec8	EMB_onehot_C18	EMB_onehot_C11	-3	7.0	-	-
tjupan_staphylococcus_main_7401a8a950285ec8	EMB_onehot_C18	EMB_onehot_C10	-1	9.0	-	-
tjupan_staphylococcus_main_7401a8a950285ec8	EMB_onehot_C18	EMB_onehot_C19	0	10.0	-	-
tjupan_staphylococcus_main_7401a8a950285ec8	EMB_onehot_C18	EMB_onehot_C01	18	28.0	-	-
tjupan_staphylococcus_main_7401a8a950285ec8	EMB_onehot_C11	EMB_onehot_C10	-8	2.0	-	-
tjupan_staphylococcus_main_7401a8a950285ec8	EMB_onehot_C11	EMB_onehot_C19	-7	3.0	-	-
tjupan_staphylococcus_main_7401a8a950285ec8	EMB_onehot_C11	EMB_onehot_C01	11	21.0	-	-
tjupan_staphylococcus_main_7401a8a950285ec8	EMB_onehot_C10	EMB_onehot_C19	-9	1.0	-	-
tjupan_staphylococcus_main_7401a8a950285ec8	EMB_onehot_C10	EMB_onehot_C01	9	19.0	-	-
tjupan_staphylococcus_main_7401a8a950285ec8	EMB_onehot_C19	EMB_onehot_C01	8	18.0	-	-
tjupan_staphylococcus_main_7509f55022796107	EMB_onehot_C12	EMB_onehot_C10	-7	3.0	+	-
tjupan_staphylococcus_main_7509f55022796107	EMB_onehot_C12	EMB_onehot_C18	-6	4.0	+	-
tjupan_staphylococcus_main_7509f55022796107	EMB_onehot_C10	EMB_onehot_C18	-9	1.0	-	-
tjupan_staphylococcus_main_755fad79b70f7f11	EMB_onehot_C16	EMB_onehot_C14	-9	1.0	-	+
tjupan_staphylococcus_main_75fc5101b138191a	EMB_onehot_C17	EMB_onehot_C13	24	34.0	-	+
tjupan_staphylococcus_main_75fc5101b138191a	EMB_onehot_C17	EMB_onehot_C19	26	36.0	-	+
tjupan_staphylococcus_main_75fc5101b138191a	EMB_onehot_C17	EMB_onehot_C08	29	39.0	-	-
tjupan_staphylococcus_main_75fc5101b138191a	EMB_onehot_C17	EMB_onehot_C10	30	40.0	-	+
tjupan_staphylococcus_main_75fc5101b138191a	EMB_onehot_C17	EMB_onehot_C01	31	41.0	-	+
tjupan_staphylococcus_main_75fc5101b138191a	EMB_onehot_C13	EMB_onehot_C19	-8	2.0	+	+
tjupan_staphylococcus_main_75fc5101b138191a	EMB_onehot_C13	EMB_onehot_C08	-5	5.0	+	-
tjupan_staphylococcus_main_75fc5101b138191a	EMB_onehot_C13	EMB_onehot_C10	-4	6.0	+	+
tjupan_staphylococcus_main_75fc5101b138191a	EMB_onehot_C13	EMB_onehot_C01	-3	7.0	+	+
tjupan_staphylococcus_main_75fc5101b138191a	EMB_onehot_C19	EMB_onehot_C08	-7	3.0	+	-
tjupan_staphylococcus_main_75fc5101b138191a	EMB_onehot_C19	EMB_onehot_C10	-6	4.0	+	+
tjupan_staphylococcus_main_75fc5101b138191a	EMB_onehot_C19	EMB_onehot_C01	-5	5.0	+	+
tjupan_staphylococcus_main_75fc5101b138191a	EMB_onehot_C08	EMB_onehot_C10	-9	1.0	-	+
tjupan_staphylococcus_main_75fc5101b138191a	EMB_onehot_C08	EMB_onehot_C01	-8	2.0	-	+
tjupan_staphylococcus_main_75fc5101b138191a	EMB_onehot_C10	EMB_onehot_C01	-9	1.0	+	+
tjupan_staphylococcus_main_77436b724cad4684	EMB_onehot_C13	EMB_onehot_C07	-2	8.0	+	+
tjupan_staphylococcus_main_77436b724cad4684	EMB_onehot_C13	EMB_onehot_C10	0	10.0	+	-
tjupan_staphylococcus_main_77436b724cad4684	EMB_onehot_C13	EMB_onehot_C22	3	13.0	+	-
tjupan_staphylococcus_main_77436b724cad4684	EMB_onehot_C13	EMB_onehot_C05	6	16.0	+	-
tjupan_staphylococcus_main_77436b724cad4684	EMB_onehot_C07	EMB_onehot_C10	-8	2.0	+	-
tjupan_staphylococcus_main_77436b724cad4684	EMB_onehot_C07	EMB_onehot_C22	-5	5.0	+	-
tjupan_staphylococcus_main_77436b724cad4684	EMB_onehot_C07	EMB_onehot_C05	-2	8.0	+	-
tjupan_staphylococcus_main_77436b724cad4684	EMB_onehot_C10	EMB_onehot_C22	-7	3.0	-	-
tjupan_staphylococcus_main_77436b724cad4684	EMB_onehot_C10	EMB_onehot_C05	-4	6.0	-	-
tjupan_staphylococcus_main_77436b724cad4684	EMB_onehot_C22	EMB_onehot_C05	-7	3.0	-	-
tjupan_staphylococcus_main_77f5e3d556ffe618	EMB_onehot_C20	EMB_onehot_C23	32	42.0	-	+
tjupan_staphylococcus_main_7a834ec6da6cdc7e	EMB_onehot_C12	EMB_onehot_C14	-3	7.0	+	+
tjupan_staphylococcus_main_7a834ec6da6cdc7e	EMB_onehot_C12	EMB_onehot_C21	32	42.0	+	-
tjupan_staphylococcus_main_7a834ec6da6cdc7e	EMB_onehot_C14	EMB_onehot_C21	25	35.0	+	-
tjupan_staphylococcus_main_7d8ded7b0b26d5db	EMB_onehot_C12	EMB_onehot_C14	-3	7.0	+	+
tjupan_staphylococcus_main_7d8ded7b0b26d5db	EMB_onehot_C12	EMB_onehot_C21	32	42.0	+	-
tjupan_staphylococcus_main_7d8ded7b0b26d5db	EMB_onehot_C14	EMB_onehot_C21	25	35.0	+	-
tjupan_staphylococcus_main_7fd3f0084c98aec6	EMB_onehot_C23	EMB_onehot_C12	-7	3.0	-	+
tjupan_staphylococcus_main_7fd3f0084c98aec6	EMB_onehot_C23	EMB_onehot_C08	0	10.0	-	+
tjupan_staphylococcus_main_7fd3f0084c98aec6	EMB_onehot_C23	EMB_onehot_C19	9	19.0	-	-
tjupan_staphylococcus_main_7fd3f0084c98aec6	EMB_onehot_C12	EMB_onehot_C08	-3	7.0	+	+
tjupan_staphylococcus_main_7fd3f0084c98aec6	EMB_onehot_C12	EMB_onehot_C19	6	16.0	+	-
tjupan_staphylococcus_main_7fd3f0084c98aec6	EMB_onehot_C08	EMB_onehot_C19	-1	9.0	+	-
tjupan_staphylococcus_main_8197994202069eec	EMB_onehot_C15	EMB_onehot_C13	16	26.0	-	+
tjupan_staphylococcus_main_8197994202069eec	EMB_onehot_C15	EMB_onehot_C10	30	40.0	-	-
tjupan_staphylococcus_main_8197994202069eec	EMB_onehot_C15	EMB_onehot_C19	31	41.0	-	-
tjupan_staphylococcus_main_8197994202069eec	EMB_onehot_C15	EMB_onehot_C09	40	50.0	-	+
tjupan_staphylococcus_main_8197994202069eec	EMB_onehot_C15	EMB_onehot_C21	41	51.0	-	-
tjupan_staphylococcus_main_8197994202069eec	EMB_onehot_C13	EMB_onehot_C10	4	14.0	+	-
tjupan_staphylococcus_main_8197994202069eec	EMB_onehot_C13	EMB_onehot_C19	5	15.0	+	-
tjupan_staphylococcus_main_8197994202069eec	EMB_onehot_C13	EMB_onehot_C09	14	24.0	+	+
tjupan_staphylococcus_main_8197994202069eec	EMB_onehot_C13	EMB_onehot_C21	15	25.0	+	-
tjupan_staphylococcus_main_8197994202069eec	EMB_onehot_C10	EMB_onehot_C19	-9	1.0	-	-
tjupan_staphylococcus_main_8197994202069eec	EMB_onehot_C10	EMB_onehot_C09	0	10.0	-	+
tjupan_staphylococcus_main_8197994202069eec	EMB_onehot_C10	EMB_onehot_C21	1	11.0	-	-
tjupan_staphylococcus_main_8197994202069eec	EMB_onehot_C19	EMB_onehot_C09	-1	9.0	-	+
tjupan_staphylococcus_main_8197994202069eec	EMB_onehot_C19	EMB_onehot_C21	0	10.0	-	-
tjupan_staphylococcus_main_8197994202069eec	EMB_onehot_C09	EMB_onehot_C21	-9	1.0	+	-
tjupan_staphylococcus_main_83386ad54bf4a5aa	EMB_onehot_C17	EMB_onehot_C13	24	34.0	-	+
tjupan_staphylococcus_main_83386ad54bf4a5aa	EMB_onehot_C17	EMB_onehot_C19	26	36.0	-	+
tjupan_staphylococcus_main_83386ad54bf4a5aa	EMB_onehot_C17	EMB_onehot_C08	29	39.0	-	-
tjupan_staphylococcus_main_83386ad54bf4a5aa	EMB_onehot_C17	EMB_onehot_C10	30	40.0	-	+
tjupan_staphylococcus_main_83386ad54bf4a5aa	EMB_onehot_C17	EMB_onehot_C01	31	41.0	-	+
tjupan_staphylococcus_main_83386ad54bf4a5aa	EMB_onehot_C13	EMB_onehot_C19	-8	2.0	+	+
tjupan_staphylococcus_main_83386ad54bf4a5aa	EMB_onehot_C13	EMB_onehot_C08	-5	5.0	+	-
tjupan_staphylococcus_main_83386ad54bf4a5aa	EMB_onehot_C13	EMB_onehot_C10	-4	6.0	+	+
tjupan_staphylococcus_main_83386ad54bf4a5aa	EMB_onehot_C13	EMB_onehot_C01	-3	7.0	+	+
tjupan_staphylococcus_main_83386ad54bf4a5aa	EMB_onehot_C19	EMB_onehot_C08	-7	3.0	+	-
tjupan_staphylococcus_main_83386ad54bf4a5aa	EMB_onehot_C19	EMB_onehot_C10	-6	4.0	+	+
tjupan_staphylococcus_main_83386ad54bf4a5aa	EMB_onehot_C19	EMB_onehot_C01	-5	5.0	+	+
tjupan_staphylococcus_main_83386ad54bf4a5aa	EMB_onehot_C08	EMB_onehot_C10	-9	1.0	-	+
tjupan_staphylococcus_main_83386ad54bf4a5aa	EMB_onehot_C08	EMB_onehot_C01	-8	2.0	-	+
tjupan_staphylococcus_main_83386ad54bf4a5aa	EMB_onehot_C10	EMB_onehot_C01	-9	1.0	+	+
tjupan_staphylococcus_main_8344abfdb643af27	EMB_onehot_C23	EMB_onehot_C00	27	37.0	+	+
tjupan_staphylococcus_main_8383809c46166952	EMB_onehot_C12	EMB_onehot_C07	16	26.0	-	+
tjupan_staphylococcus_main_8383809c46166952	EMB_onehot_C12	EMB_onehot_C23	18	28.0	-	+
tjupan_staphylococcus_main_8383809c46166952	EMB_onehot_C07	EMB_onehot_C23	-8	2.0	+	+
tjupan_staphylococcus_main_8399708740d54e14	EMB_onehot_C15	EMB_onehot_C18	0	10.0	-	+
tjupan_staphylococcus_main_8399708740d54e14	EMB_onehot_C15	EMB_onehot_C08	16	26.0	-	-
tjupan_staphylococcus_main_8399708740d54e14	EMB_onehot_C15	EMB_onehot_C01	18	28.0	-	+
tjupan_staphylococcus_main_8399708740d54e14	EMB_onehot_C15	EMB_onehot_C12	20	30.0	-	-
tjupan_staphylococcus_main_8399708740d54e14	EMB_onehot_C15	EMB_onehot_C23	22	32.0	-	-
tjupan_staphylococcus_main_8399708740d54e14	EMB_onehot_C18	EMB_onehot_C08	6	16.0	+	-
tjupan_staphylococcus_main_8399708740d54e14	EMB_onehot_C18	EMB_onehot_C01	8	18.0	+	+
tjupan_staphylococcus_main_8399708740d54e14	EMB_onehot_C18	EMB_onehot_C12	10	20.0	+	-
tjupan_staphylococcus_main_8399708740d54e14	EMB_onehot_C18	EMB_onehot_C23	12	22.0	+	-
tjupan_staphylococcus_main_8399708740d54e14	EMB_onehot_C08	EMB_onehot_C01	-8	2.0	-	+
tjupan_staphylococcus_main_8399708740d54e14	EMB_onehot_C08	EMB_onehot_C12	-6	4.0	-	-
tjupan_staphylococcus_main_8399708740d54e14	EMB_onehot_C08	EMB_onehot_C23	-4	6.0	-	-
tjupan_staphylococcus_main_8399708740d54e14	EMB_onehot_C01	EMB_onehot_C12	-8	2.0	+	-
tjupan_staphylococcus_main_8399708740d54e14	EMB_onehot_C01	EMB_onehot_C23	-6	4.0	+	-
tjupan_staphylococcus_main_8399708740d54e14	EMB_onehot_C12	EMB_onehot_C23	-8	2.0	-	-
tjupan_staphylococcus_main_84176be39c48984d	EMB_onehot_C10	EMB_onehot_C12	-7	3.0	+	-
tjupan_staphylococcus_main_862c055548971958	EMB_onehot_C10	EMB_onehot_C21	-8	2.0	+	+
tjupan_staphylococcus_main_862c055548971958	EMB_onehot_C10	EMB_onehot_C09	-7	3.0	+	-
tjupan_staphylococcus_main_862c055548971958	EMB_onehot_C10	EMB_onehot_C23	3	13.0	+	+
tjupan_staphylococcus_main_862c055548971958	EMB_onehot_C10	EMB_onehot_C12	10	20.0	+	+
tjupan_staphylococcus_main_862c055548971958	EMB_onehot_C10	EMB_onehot_C15	21	31.0	+	-
tjupan_staphylococcus_main_862c055548971958	EMB_onehot_C10	EMB_onehot_C18	31	41.0	+	+
tjupan_staphylococcus_main_862c055548971958	EMB_onehot_C10	EMB_onehot_C01	45	55.0	+	-
tjupan_staphylococcus_main_862c055548971958	EMB_onehot_C21	EMB_onehot_C09	-9	1.0	+	-
tjupan_staphylococcus_main_862c055548971958	EMB_onehot_C21	EMB_onehot_C23	1	11.0	+	+
tjupan_staphylococcus_main_862c055548971958	EMB_onehot_C21	EMB_onehot_C12	8	18.0	+	+
tjupan_staphylococcus_main_862c055548971958	EMB_onehot_C21	EMB_onehot_C15	19	29.0	+	-
tjupan_staphylococcus_main_862c055548971958	EMB_onehot_C21	EMB_onehot_C18	29	39.0	+	+
tjupan_staphylococcus_main_862c055548971958	EMB_onehot_C21	EMB_onehot_C01	43	53.0	+	-
tjupan_staphylococcus_main_862c055548971958	EMB_onehot_C09	EMB_onehot_C23	0	10.0	-	+
tjupan_staphylococcus_main_862c055548971958	EMB_onehot_C09	EMB_onehot_C12	7	17.0	-	+
tjupan_staphylococcus_main_862c055548971958	EMB_onehot_C09	EMB_onehot_C15	18	28.0	-	-
tjupan_staphylococcus_main_862c055548971958	EMB_onehot_C09	EMB_onehot_C18	28	38.0	-	+
tjupan_staphylococcus_main_862c055548971958	EMB_onehot_C09	EMB_onehot_C01	42	52.0	-	-
tjupan_staphylococcus_main_862c055548971958	EMB_onehot_C23	EMB_onehot_C12	-3	7.0	+	+
tjupan_staphylococcus_main_862c055548971958	EMB_onehot_C23	EMB_onehot_C15	8	18.0	+	-
tjupan_staphylococcus_main_862c055548971958	EMB_onehot_C23	EMB_onehot_C18	18	28.0	+	+
tjupan_staphylococcus_main_862c055548971958	EMB_onehot_C23	EMB_onehot_C01	32	42.0	+	-
tjupan_staphylococcus_main_862c055548971958	EMB_onehot_C12	EMB_onehot_C15	1	11.0	+	-
tjupan_staphylococcus_main_862c055548971958	EMB_onehot_C12	EMB_onehot_C18	11	21.0	+	+
tjupan_staphylococcus_main_862c055548971958	EMB_onehot_C12	EMB_onehot_C01	25	35.0	+	-
tjupan_staphylococcus_main_862c055548971958	EMB_onehot_C15	EMB_onehot_C18	0	10.0	-	+
tjupan_staphylococcus_main_862c055548971958	EMB_onehot_C15	EMB_onehot_C01	14	24.0	-	-
tjupan_staphylococcus_main_862c055548971958	EMB_onehot_C18	EMB_onehot_C01	4	14.0	+	-
tjupan_staphylococcus_main_871c0e25acfe0619	EMB_onehot_C23	EMB_onehot_C12	-7	3.0	-	+
tjupan_staphylococcus_main_871c0e25acfe0619	EMB_onehot_C23	EMB_onehot_C05	13	23.0	-	-
tjupan_staphylococcus_main_871c0e25acfe0619	EMB_onehot_C12	EMB_onehot_C05	10	20.0	+	-
tjupan_staphylococcus_main_8769d311335eece1	EMB_onehot_C20	EMB_onehot_C17	9	19.0	-	+
tjupan_staphylococcus_main_8769d311335eece1	EMB_onehot_C20	EMB_onehot_C13	10	20.0	-	+
tjupan_staphylococcus_main_8769d311335eece1	EMB_onehot_C17	EMB_onehot_C13	-9	1.0	+	+
tjupan_staphylococcus_main_8d7b2882e4997819	EMB_onehot_C09	EMB_onehot_C05	4	14.0	+	+
tjupan_staphylococcus_main_8d7b2882e4997819	EMB_onehot_C09	EMB_onehot_C23	6	16.0	+	-
tjupan_staphylococcus_main_8d7b2882e4997819	EMB_onehot_C09	EMB_onehot_C12	9	19.0	+	-
tjupan_staphylococcus_main_8d7b2882e4997819	EMB_onehot_C09	EMB_onehot_C10	12	22.0	+	-
tjupan_staphylococcus_main_8d7b2882e4997819	EMB_onehot_C05	EMB_onehot_C23	-8	2.0	+	-
tjupan_staphylococcus_main_8d7b2882e4997819	EMB_onehot_C05	EMB_onehot_C12	-5	5.0	+	-
tjupan_staphylococcus_main_8d7b2882e4997819	EMB_onehot_C05	EMB_onehot_C10	-2	8.0	+	-
tjupan_staphylococcus_main_8d7b2882e4997819	EMB_onehot_C23	EMB_onehot_C12	-7	3.0	-	-
tjupan_staphylococcus_main_8d7b2882e4997819	EMB_onehot_C23	EMB_onehot_C10	-4	6.0	-	-
tjupan_staphylococcus_main_8d7b2882e4997819	EMB_onehot_C12	EMB_onehot_C10	-7	3.0	-	-
tjupan_staphylococcus_main_911331aa495b8884	EMB_onehot_C23	EMB_onehot_C12	-7	3.0	-	+
tjupan_staphylococcus_main_911331aa495b8884	EMB_onehot_C23	EMB_onehot_C08	0	10.0	-	+
tjupan_staphylococcus_main_911331aa495b8884	EMB_onehot_C23	EMB_onehot_C19	9	19.0	-	-
tjupan_staphylococcus_main_911331aa495b8884	EMB_onehot_C12	EMB_onehot_C08	-3	7.0	+	+
tjupan_staphylococcus_main_911331aa495b8884	EMB_onehot_C12	EMB_onehot_C19	6	16.0	+	-
tjupan_staphylococcus_main_911331aa495b8884	EMB_onehot_C08	EMB_onehot_C19	-1	9.0	+	-
tjupan_staphylococcus_main_9295682bc7675a28	EMB_onehot_C15	EMB_onehot_C08	-9	1.0	-	-
tjupan_staphylococcus_main_9295682bc7675a28	EMB_onehot_C15	EMB_onehot_C01	-7	3.0	-	+
tjupan_staphylococcus_main_9295682bc7675a28	EMB_onehot_C08	EMB_onehot_C01	-8	2.0	-	+
tjupan_staphylococcus_main_9443a38e8a4a87c6	EMB_onehot_C11	EMB_onehot_C14	2	12.0	-	-
tjupan_staphylococcus_main_9443a38e8a4a87c6	EMB_onehot_C11	EMB_onehot_C21	3	13.0	-	+
tjupan_staphylococcus_main_9443a38e8a4a87c6	EMB_onehot_C11	EMB_onehot_C07	5	15.0	-	-
tjupan_staphylococcus_main_9443a38e8a4a87c6	EMB_onehot_C11	EMB_onehot_C01	10	20.0	-	-
tjupan_staphylococcus_main_9443a38e8a4a87c6	EMB_onehot_C11	EMB_onehot_C10	30	40.0	-	-
tjupan_staphylococcus_main_9443a38e8a4a87c6	EMB_onehot_C11	EMB_onehot_C12	38	48.0	-	+
tjupan_staphylococcus_main_9443a38e8a4a87c6	EMB_onehot_C11	EMB_onehot_C23	41	51.0	-	+
tjupan_staphylococcus_main_9443a38e8a4a87c6	EMB_onehot_C11	EMB_onehot_C20	47	57.0	-	+
tjupan_staphylococcus_main_9443a38e8a4a87c6	EMB_onehot_C11	EMB_onehot_C03	51	61.0	-	-
tjupan_staphylococcus_main_9443a38e8a4a87c6	EMB_onehot_C11	EMB_onehot_C06	53	63.0	-	-
tjupan_staphylococcus_main_9443a38e8a4a87c6	EMB_onehot_C14	EMB_onehot_C21	-9	1.0	-	+
tjupan_staphylococcus_main_9443a38e8a4a87c6	EMB_onehot_C14	EMB_onehot_C07	-7	3.0	-	-
tjupan_staphylococcus_main_9443a38e8a4a87c6	EMB_onehot_C14	EMB_onehot_C01	-2	8.0	-	-
tjupan_staphylococcus_main_9443a38e8a4a87c6	EMB_onehot_C14	EMB_onehot_C10	18	28.0	-	-
tjupan_staphylococcus_main_9443a38e8a4a87c6	EMB_onehot_C14	EMB_onehot_C12	26	36.0	-	+
tjupan_staphylococcus_main_9443a38e8a4a87c6	EMB_onehot_C14	EMB_onehot_C23	29	39.0	-	+
tjupan_staphylococcus_main_9443a38e8a4a87c6	EMB_onehot_C14	EMB_onehot_C20	35	45.0	-	+
tjupan_staphylococcus_main_9443a38e8a4a87c6	EMB_onehot_C14	EMB_onehot_C03	39	49.0	-	-
tjupan_staphylococcus_main_9443a38e8a4a87c6	EMB_onehot_C14	EMB_onehot_C06	41	51.0	-	-
tjupan_staphylococcus_main_9443a38e8a4a87c6	EMB_onehot_C21	EMB_onehot_C07	-8	2.0	+	-
tjupan_staphylococcus_main_9443a38e8a4a87c6	EMB_onehot_C21	EMB_onehot_C01	-3	7.0	+	-
tjupan_staphylococcus_main_9443a38e8a4a87c6	EMB_onehot_C21	EMB_onehot_C10	17	27.0	+	-
tjupan_staphylococcus_main_9443a38e8a4a87c6	EMB_onehot_C21	EMB_onehot_C12	25	35.0	+	+
tjupan_staphylococcus_main_9443a38e8a4a87c6	EMB_onehot_C21	EMB_onehot_C23	28	38.0	+	+
tjupan_staphylococcus_main_9443a38e8a4a87c6	EMB_onehot_C21	EMB_onehot_C20	34	44.0	+	+
tjupan_staphylococcus_main_9443a38e8a4a87c6	EMB_onehot_C21	EMB_onehot_C03	38	48.0	+	-
tjupan_staphylococcus_main_9443a38e8a4a87c6	EMB_onehot_C21	EMB_onehot_C06	40	50.0	+	-
tjupan_staphylococcus_main_9443a38e8a4a87c6	EMB_onehot_C07	EMB_onehot_C01	-5	5.0	-	-
tjupan_staphylococcus_main_9443a38e8a4a87c6	EMB_onehot_C07	EMB_onehot_C10	15	25.0	-	-
tjupan_staphylococcus_main_9443a38e8a4a87c6	EMB_onehot_C07	EMB_onehot_C12	23	33.0	-	+
tjupan_staphylococcus_main_9443a38e8a4a87c6	EMB_onehot_C07	EMB_onehot_C23	26	36.0	-	+
tjupan_staphylococcus_main_9443a38e8a4a87c6	EMB_onehot_C07	EMB_onehot_C20	32	42.0	-	+
tjupan_staphylococcus_main_9443a38e8a4a87c6	EMB_onehot_C07	EMB_onehot_C03	36	46.0	-	-
tjupan_staphylococcus_main_9443a38e8a4a87c6	EMB_onehot_C07	EMB_onehot_C06	38	48.0	-	-
tjupan_staphylococcus_main_9443a38e8a4a87c6	EMB_onehot_C01	EMB_onehot_C10	10	20.0	-	-
tjupan_staphylococcus_main_9443a38e8a4a87c6	EMB_onehot_C01	EMB_onehot_C12	18	28.0	-	+
tjupan_staphylococcus_main_9443a38e8a4a87c6	EMB_onehot_C01	EMB_onehot_C23	21	31.0	-	+
tjupan_staphylococcus_main_9443a38e8a4a87c6	EMB_onehot_C01	EMB_onehot_C20	27	37.0	-	+
tjupan_staphylococcus_main_9443a38e8a4a87c6	EMB_onehot_C01	EMB_onehot_C03	31	41.0	-	-
tjupan_staphylococcus_main_9443a38e8a4a87c6	EMB_onehot_C01	EMB_onehot_C06	33	43.0	-	-
tjupan_staphylococcus_main_9443a38e8a4a87c6	EMB_onehot_C10	EMB_onehot_C12	-2	8.0	-	+
tjupan_staphylococcus_main_9443a38e8a4a87c6	EMB_onehot_C10	EMB_onehot_C23	1	11.0	-	+
tjupan_staphylococcus_main_9443a38e8a4a87c6	EMB_onehot_C10	EMB_onehot_C20	7	17.0	-	+
tjupan_staphylococcus_main_9443a38e8a4a87c6	EMB_onehot_C10	EMB_onehot_C03	11	21.0	-	-
tjupan_staphylococcus_main_9443a38e8a4a87c6	EMB_onehot_C10	EMB_onehot_C06	13	23.0	-	-
tjupan_staphylococcus_main_9443a38e8a4a87c6	EMB_onehot_C12	EMB_onehot_C23	-7	3.0	+	+
tjupan_staphylococcus_main_9443a38e8a4a87c6	EMB_onehot_C12	EMB_onehot_C20	-1	9.0	+	+
tjupan_staphylococcus_main_9443a38e8a4a87c6	EMB_onehot_C12	EMB_onehot_C03	3	13.0	+	-
tjupan_staphylococcus_main_9443a38e8a4a87c6	EMB_onehot_C12	EMB_onehot_C06	5	15.0	+	-
tjupan_staphylococcus_main_9443a38e8a4a87c6	EMB_onehot_C23	EMB_onehot_C20	-4	6.0	+	+
tjupan_staphylococcus_main_9443a38e8a4a87c6	EMB_onehot_C23	EMB_onehot_C03	0	10.0	+	-
tjupan_staphylococcus_main_9443a38e8a4a87c6	EMB_onehot_C23	EMB_onehot_C06	2	12.0	+	-
tjupan_staphylococcus_main_9443a38e8a4a87c6	EMB_onehot_C20	EMB_onehot_C03	-6	4.0	+	-
tjupan_staphylococcus_main_9443a38e8a4a87c6	EMB_onehot_C20	EMB_onehot_C06	-4	6.0	+	-
tjupan_staphylococcus_main_9443a38e8a4a87c6	EMB_onehot_C03	EMB_onehot_C06	-8	2.0	-	-
tjupan_staphylococcus_main_9448c1ecad79bd07	EMB_onehot_C15	EMB_onehot_C04	24	34.0	+	+
tjupan_staphylococcus_main_9448c1ecad79bd07	EMB_onehot_C15	EMB_onehot_C21	24	34.0	+	-
tjupan_staphylococcus_main_9448c1ecad79bd07	EMB_onehot_C15	EMB_onehot_C02	50	60.0	+	-
tjupan_staphylococcus_main_9448c1ecad79bd07	EMB_onehot_C15	EMB_onehot_C05	51	61.0	+	+
tjupan_staphylococcus_main_9448c1ecad79bd07	EMB_onehot_C04	EMB_onehot_C21	-10	0.0	+	-
tjupan_staphylococcus_main_9448c1ecad79bd07	EMB_onehot_C04	EMB_onehot_C02	16	26.0	+	-
tjupan_staphylococcus_main_9448c1ecad79bd07	EMB_onehot_C04	EMB_onehot_C05	17	27.0	+	+
tjupan_staphylococcus_main_9448c1ecad79bd07	EMB_onehot_C21	EMB_onehot_C02	16	26.0	-	-
tjupan_staphylococcus_main_9448c1ecad79bd07	EMB_onehot_C21	EMB_onehot_C05	17	27.0	-	+
tjupan_staphylococcus_main_9448c1ecad79bd07	EMB_onehot_C02	EMB_onehot_C05	-9	1.0	-	+
tjupan_staphylococcus_main_946ee8cbbf690800	EMB_onehot_C01	EMB_onehot_C12	-1	9.0	+	+
tjupan_staphylococcus_main_946ee8cbbf690800	EMB_onehot_C01	EMB_onehot_C23	2	12.0	+	+
tjupan_staphylococcus_main_946ee8cbbf690800	EMB_onehot_C12	EMB_onehot_C23	-7	3.0	+	+
tjupan_staphylococcus_main_94861674c5b0d9c4	EMB_onehot_C23	EMB_onehot_C12	9	19.0	+	+
tjupan_staphylococcus_main_94861674c5b0d9c4	EMB_onehot_C23	EMB_onehot_C10	36	46.0	+	-
tjupan_staphylococcus_main_94861674c5b0d9c4	EMB_onehot_C12	EMB_onehot_C10	17	27.0	+	-
tjupan_staphylococcus_main_951206d5b69ce62f	EMB_onehot_C19	EMB_onehot_C09	-9	1.0	-	-
tjupan_staphylococcus_main_951206d5b69ce62f	EMB_onehot_C19	EMB_onehot_C01	7	17.0	-	-
tjupan_staphylococcus_main_951206d5b69ce62f	EMB_onehot_C19	EMB_onehot_C08	7	17.0	-	+
tjupan_staphylococcus_main_951206d5b69ce62f	EMB_onehot_C19	EMB_onehot_C22	16	26.0	-	+
tjupan_staphylococcus_main_951206d5b69ce62f	EMB_onehot_C09	EMB_onehot_C01	6	16.0	-	-
tjupan_staphylococcus_main_951206d5b69ce62f	EMB_onehot_C09	EMB_onehot_C08	6	16.0	-	+
tjupan_staphylococcus_main_951206d5b69ce62f	EMB_onehot_C09	EMB_onehot_C22	15	25.0	-	+
tjupan_staphylococcus_main_951206d5b69ce62f	EMB_onehot_C01	EMB_onehot_C08	-10	0.0	-	+
tjupan_staphylococcus_main_951206d5b69ce62f	EMB_onehot_C01	EMB_onehot_C22	-1	9.0	-	+
tjupan_staphylococcus_main_951206d5b69ce62f	EMB_onehot_C08	EMB_onehot_C22	-1	9.0	+	+
tjupan_staphylococcus_main_967b7c4915bf6107	EMB_onehot_C10	EMB_onehot_C21	-8	2.0	+	+
tjupan_staphylococcus_main_967b7c4915bf6107	EMB_onehot_C10	EMB_onehot_C09	-7	3.0	+	-
tjupan_staphylococcus_main_967b7c4915bf6107	EMB_onehot_C10	EMB_onehot_C23	3	13.0	+	+
tjupan_staphylococcus_main_967b7c4915bf6107	EMB_onehot_C10	EMB_onehot_C12	10	20.0	+	+
tjupan_staphylococcus_main_967b7c4915bf6107	EMB_onehot_C10	EMB_onehot_C15	21	31.0	+	-
tjupan_staphylococcus_main_967b7c4915bf6107	EMB_onehot_C10	EMB_onehot_C18	31	41.0	+	+
tjupan_staphylococcus_main_967b7c4915bf6107	EMB_onehot_C21	EMB_onehot_C09	-9	1.0	+	-
tjupan_staphylococcus_main_967b7c4915bf6107	EMB_onehot_C21	EMB_onehot_C23	1	11.0	+	+
tjupan_staphylococcus_main_967b7c4915bf6107	EMB_onehot_C21	EMB_onehot_C12	8	18.0	+	+
tjupan_staphylococcus_main_967b7c4915bf6107	EMB_onehot_C21	EMB_onehot_C15	19	29.0	+	-
tjupan_staphylococcus_main_967b7c4915bf6107	EMB_onehot_C21	EMB_onehot_C18	29	39.0	+	+
tjupan_staphylococcus_main_967b7c4915bf6107	EMB_onehot_C09	EMB_onehot_C23	0	10.0	-	+
tjupan_staphylococcus_main_967b7c4915bf6107	EMB_onehot_C09	EMB_onehot_C12	7	17.0	-	+
tjupan_staphylococcus_main_967b7c4915bf6107	EMB_onehot_C09	EMB_onehot_C15	18	28.0	-	-
tjupan_staphylococcus_main_967b7c4915bf6107	EMB_onehot_C09	EMB_onehot_C18	28	38.0	-	+
tjupan_staphylococcus_main_967b7c4915bf6107	EMB_onehot_C23	EMB_onehot_C12	-3	7.0	+	+
tjupan_staphylococcus_main_967b7c4915bf6107	EMB_onehot_C23	EMB_onehot_C15	8	18.0	+	-
tjupan_staphylococcus_main_967b7c4915bf6107	EMB_onehot_C23	EMB_onehot_C18	18	28.0	+	+
tjupan_staphylococcus_main_967b7c4915bf6107	EMB_onehot_C12	EMB_onehot_C15	1	11.0	+	-
tjupan_staphylococcus_main_967b7c4915bf6107	EMB_onehot_C12	EMB_onehot_C18	11	21.0	+	+
tjupan_staphylococcus_main_967b7c4915bf6107	EMB_onehot_C15	EMB_onehot_C18	0	10.0	-	+
tjupan_staphylococcus_main_98b3ce96055aff4d	EMB_onehot_C04	EMB_onehot_C19	19	29.0	-	+
tjupan_staphylococcus_main_98b3ce96055aff4d	EMB_onehot_C04	EMB_onehot_C08	24	34.0	-	+
tjupan_staphylococcus_main_98b3ce96055aff4d	EMB_onehot_C04	EMB_onehot_C21	37	47.0	-	+
tjupan_staphylococcus_main_98b3ce96055aff4d	EMB_onehot_C19	EMB_onehot_C08	-5	5.0	+	+
tjupan_staphylococcus_main_98b3ce96055aff4d	EMB_onehot_C19	EMB_onehot_C21	8	18.0	+	+
tjupan_staphylococcus_main_98b3ce96055aff4d	EMB_onehot_C08	EMB_onehot_C21	3	13.0	+	+
tjupan_staphylococcus_main_98e2eaa1e23f6e68	EMB_onehot_C10	EMB_onehot_C12	14	24.0	-	+
tjupan_staphylococcus_main_98e2eaa1e23f6e68	EMB_onehot_C10	EMB_onehot_C07	15	25.0	-	+
tjupan_staphylococcus_main_98e2eaa1e23f6e68	EMB_onehot_C10	EMB_onehot_C23	17	27.0	-	+
tjupan_staphylococcus_main_98e2eaa1e23f6e68	EMB_onehot_C10	EMB_onehot_C08	46	56.0	-	-
tjupan_staphylococcus_main_98e2eaa1e23f6e68	EMB_onehot_C12	EMB_onehot_C07	-9	1.0	+	+
tjupan_staphylococcus_main_98e2eaa1e23f6e68	EMB_onehot_C12	EMB_onehot_C23	-7	3.0	+	+
tjupan_staphylococcus_main_98e2eaa1e23f6e68	EMB_onehot_C12	EMB_onehot_C08	22	32.0	+	-
tjupan_staphylococcus_main_98e2eaa1e23f6e68	EMB_onehot_C07	EMB_onehot_C23	-8	2.0	+	+
tjupan_staphylococcus_main_98e2eaa1e23f6e68	EMB_onehot_C07	EMB_onehot_C08	21	31.0	+	-
tjupan_staphylococcus_main_98e2eaa1e23f6e68	EMB_onehot_C23	EMB_onehot_C08	19	29.0	+	-
tjupan_staphylococcus_main_991e586b69c26a78	EMB_onehot_C12	EMB_onehot_C02	16	26.0	-	-
tjupan_staphylococcus_main_991e586b69c26a78	EMB_onehot_C12	EMB_onehot_C11	26	36.0	-	-
tjupan_staphylococcus_main_991e586b69c26a78	EMB_onehot_C12	EMB_onehot_C23	38	48.0	-	+
tjupan_staphylococcus_main_991e586b69c26a78	EMB_onehot_C02	EMB_onehot_C11	0	10.0	-	-
tjupan_staphylococcus_main_991e586b69c26a78	EMB_onehot_C02	EMB_onehot_C23	12	22.0	-	+
tjupan_staphylococcus_main_991e586b69c26a78	EMB_onehot_C11	EMB_onehot_C23	2	12.0	-	+
tjupan_staphylococcus_main_9a3dfdce29f9df41	EMB_onehot_C19	EMB_onehot_C08	-1	9.0	-	-
tjupan_staphylococcus_main_9a3dfdce29f9df41	EMB_onehot_C19	EMB_onehot_C15	0	10.0	-	+
tjupan_staphylococcus_main_9a3dfdce29f9df41	EMB_onehot_C19	EMB_onehot_C09	3	13.0	-	-
tjupan_staphylococcus_main_9a3dfdce29f9df41	EMB_onehot_C08	EMB_onehot_C15	-9	1.0	-	+
tjupan_staphylococcus_main_9a3dfdce29f9df41	EMB_onehot_C08	EMB_onehot_C09	-6	4.0	-	-
tjupan_staphylococcus_main_9a3dfdce29f9df41	EMB_onehot_C15	EMB_onehot_C09	-7	3.0	+	-
tjupan_staphylococcus_main_9a42541a269a06c9	EMB_onehot_C18	EMB_onehot_C10	-9	1.0	+	+
tjupan_staphylococcus_main_9a42541a269a06c9	EMB_onehot_C18	EMB_onehot_C07	-7	3.0	+	-
tjupan_staphylococcus_main_9a42541a269a06c9	EMB_onehot_C18	EMB_onehot_C12	-6	4.0	+	-
tjupan_staphylococcus_main_9a42541a269a06c9	EMB_onehot_C18	EMB_onehot_C03	4	14.0	+	+
tjupan_staphylococcus_main_9a42541a269a06c9	EMB_onehot_C18	EMB_onehot_C02	12	22.0	+	+
tjupan_staphylococcus_main_9a42541a269a06c9	EMB_onehot_C18	EMB_onehot_C17	17	27.0	+	+
tjupan_staphylococcus_main_9a42541a269a06c9	EMB_onehot_C10	EMB_onehot_C07	-8	2.0	+	-
tjupan_staphylococcus_main_9a42541a269a06c9	EMB_onehot_C10	EMB_onehot_C12	-7	3.0	+	-
tjupan_staphylococcus_main_9a42541a269a06c9	EMB_onehot_C10	EMB_onehot_C03	3	13.0	+	+
tjupan_staphylococcus_main_9a42541a269a06c9	EMB_onehot_C10	EMB_onehot_C02	11	21.0	+	+
tjupan_staphylococcus_main_9a42541a269a06c9	EMB_onehot_C10	EMB_onehot_C17	16	26.0	+	+
tjupan_staphylococcus_main_9a42541a269a06c9	EMB_onehot_C07	EMB_onehot_C12	-9	1.0	-	-
tjupan_staphylococcus_main_9a42541a269a06c9	EMB_onehot_C07	EMB_onehot_C03	1	11.0	-	+
tjupan_staphylococcus_main_9a42541a269a06c9	EMB_onehot_C07	EMB_onehot_C02	9	19.0	-	+
tjupan_staphylococcus_main_9a42541a269a06c9	EMB_onehot_C07	EMB_onehot_C17	14	24.0	-	+
tjupan_staphylococcus_main_9a42541a269a06c9	EMB_onehot_C12	EMB_onehot_C03	0	10.0	-	+
tjupan_staphylococcus_main_9a42541a269a06c9	EMB_onehot_C12	EMB_onehot_C02	8	18.0	-	+
tjupan_staphylococcus_main_9a42541a269a06c9	EMB_onehot_C12	EMB_onehot_C17	13	23.0	-	+
tjupan_staphylococcus_main_9a42541a269a06c9	EMB_onehot_C03	EMB_onehot_C02	-2	8.0	+	+
tjupan_staphylococcus_main_9a42541a269a06c9	EMB_onehot_C03	EMB_onehot_C17	3	13.0	+	+
tjupan_staphylococcus_main_9a42541a269a06c9	EMB_onehot_C02	EMB_onehot_C17	-5	5.0	+	+
tjupan_staphylococcus_main_9b54b708a31e8b0b	EMB_onehot_C13	EMB_onehot_C18	22	32.0	+	+
tjupan_staphylococcus_main_9c9c3917de817a24	EMB_onehot_C23	EMB_onehot_C08	41	51.0	-	+
tjupan_staphylococcus_main_9e1adb8925b28309	EMB_onehot_C08	EMB_onehot_C12	2	12.0	+	-
tjupan_staphylococcus_main_a400f6191ac2e921	EMB_onehot_C07	EMB_onehot_C09	-8	2.0	-	+
tjupan_staphylococcus_main_a400f6191ac2e921	EMB_onehot_C07	EMB_onehot_C21	-7	3.0	-	-
tjupan_staphylococcus_main_a400f6191ac2e921	EMB_onehot_C09	EMB_onehot_C21	-9	1.0	+	-
tjupan_staphylococcus_main_a540cd297d8b1a8e	EMB_onehot_C11	EMB_onehot_C03	-3	7.0	-	-
tjupan_staphylococcus_main_a540cd297d8b1a8e	EMB_onehot_C11	EMB_onehot_C21	-2	8.0	-	-
tjupan_staphylococcus_main_a540cd297d8b1a8e	EMB_onehot_C11	EMB_onehot_C22	-1	9.0	-	-
tjupan_staphylococcus_main_a540cd297d8b1a8e	EMB_onehot_C11	EMB_onehot_C18	1	11.0	-	-
tjupan_staphylococcus_main_a540cd297d8b1a8e	EMB_onehot_C11	EMB_onehot_C15	5	15.0	-	-
tjupan_staphylococcus_main_a540cd297d8b1a8e	EMB_onehot_C11	EMB_onehot_C08	26	36.0	-	-
tjupan_staphylococcus_main_a540cd297d8b1a8e	EMB_onehot_C11	EMB_onehot_C23	30	40.0	-	+
tjupan_staphylococcus_main_a540cd297d8b1a8e	EMB_onehot_C11	EMB_onehot_C12	32	42.0	-	+
tjupan_staphylococcus_main_a540cd297d8b1a8e	EMB_onehot_C03	EMB_onehot_C21	-9	1.0	-	-
tjupan_staphylococcus_main_a540cd297d8b1a8e	EMB_onehot_C03	EMB_onehot_C22	-8	2.0	-	-
tjupan_staphylococcus_main_a540cd297d8b1a8e	EMB_onehot_C03	EMB_onehot_C18	-6	4.0	-	-
tjupan_staphylococcus_main_a540cd297d8b1a8e	EMB_onehot_C03	EMB_onehot_C15	-2	8.0	-	-
tjupan_staphylococcus_main_a540cd297d8b1a8e	EMB_onehot_C03	EMB_onehot_C08	19	29.0	-	-
tjupan_staphylococcus_main_a540cd297d8b1a8e	EMB_onehot_C03	EMB_onehot_C23	23	33.0	-	+
tjupan_staphylococcus_main_a540cd297d8b1a8e	EMB_onehot_C03	EMB_onehot_C12	25	35.0	-	+
tjupan_staphylococcus_main_a540cd297d8b1a8e	EMB_onehot_C21	EMB_onehot_C22	-9	1.0	-	-
tjupan_staphylococcus_main_a540cd297d8b1a8e	EMB_onehot_C21	EMB_onehot_C18	-7	3.0	-	-
tjupan_staphylococcus_main_a540cd297d8b1a8e	EMB_onehot_C21	EMB_onehot_C15	-3	7.0	-	-
tjupan_staphylococcus_main_a540cd297d8b1a8e	EMB_onehot_C21	EMB_onehot_C08	18	28.0	-	-
tjupan_staphylococcus_main_a540cd297d8b1a8e	EMB_onehot_C21	EMB_onehot_C23	22	32.0	-	+
tjupan_staphylococcus_main_a540cd297d8b1a8e	EMB_onehot_C21	EMB_onehot_C12	24	34.0	-	+
tjupan_staphylococcus_main_a540cd297d8b1a8e	EMB_onehot_C22	EMB_onehot_C18	-8	2.0	-	-
tjupan_staphylococcus_main_a540cd297d8b1a8e	EMB_onehot_C22	EMB_onehot_C15	-4	6.0	-	-
tjupan_staphylococcus_main_a540cd297d8b1a8e	EMB_onehot_C22	EMB_onehot_C08	17	27.0	-	-
tjupan_staphylococcus_main_a540cd297d8b1a8e	EMB_onehot_C22	EMB_onehot_C23	21	31.0	-	+
tjupan_staphylococcus_main_a540cd297d8b1a8e	EMB_onehot_C22	EMB_onehot_C12	23	33.0	-	+
tjupan_staphylococcus_main_a540cd297d8b1a8e	EMB_onehot_C18	EMB_onehot_C15	-6	4.0	-	-
tjupan_staphylococcus_main_a540cd297d8b1a8e	EMB_onehot_C18	EMB_onehot_C08	15	25.0	-	-
tjupan_staphylococcus_main_a540cd297d8b1a8e	EMB_onehot_C18	EMB_onehot_C23	19	29.0	-	+
tjupan_staphylococcus_main_a540cd297d8b1a8e	EMB_onehot_C18	EMB_onehot_C12	21	31.0	-	+
tjupan_staphylococcus_main_a540cd297d8b1a8e	EMB_onehot_C15	EMB_onehot_C08	11	21.0	-	-
tjupan_staphylococcus_main_a540cd297d8b1a8e	EMB_onehot_C15	EMB_onehot_C23	15	25.0	-	+
tjupan_staphylococcus_main_a540cd297d8b1a8e	EMB_onehot_C15	EMB_onehot_C12	17	27.0	-	+
tjupan_staphylococcus_main_a540cd297d8b1a8e	EMB_onehot_C08	EMB_onehot_C23	-6	4.0	-	+
tjupan_staphylococcus_main_a540cd297d8b1a8e	EMB_onehot_C08	EMB_onehot_C12	-4	6.0	-	+
tjupan_staphylococcus_main_a540cd297d8b1a8e	EMB_onehot_C23	EMB_onehot_C12	-8	2.0	+	+
tjupan_staphylococcus_main_a5695bef0b1269ad	EMB_onehot_C22	EMB_onehot_C12	-1	9.0	+	+
tjupan_staphylococcus_main_a5695bef0b1269ad	EMB_onehot_C22	EMB_onehot_C06	9	19.0	+	-
tjupan_staphylococcus_main_a5695bef0b1269ad	EMB_onehot_C12	EMB_onehot_C06	0	10.0	+	-
tjupan_staphylococcus_main_a5cd41d1046fac47	EMB_onehot_C09	EMB_onehot_C15	-7	3.0	+	-
tjupan_staphylococcus_main_a5cd41d1046fac47	EMB_onehot_C09	EMB_onehot_C18	36	46.0	+	-
tjupan_staphylococcus_main_a5cd41d1046fac47	EMB_onehot_C15	EMB_onehot_C18	33	43.0	-	-
tjupan_staphylococcus_main_a66a48aa6a3fc4ff	EMB_onehot_C08	EMB_onehot_C23	29	39.0	+	-
tjupan_staphylococcus_main_a66a48aa6a3fc4ff	EMB_onehot_C08	EMB_onehot_C07	31	41.0	+	-
tjupan_staphylococcus_main_a66a48aa6a3fc4ff	EMB_onehot_C08	EMB_onehot_C17	31	41.0	+	+
tjupan_staphylococcus_main_a66a48aa6a3fc4ff	EMB_onehot_C08	EMB_onehot_C13	32	42.0	+	+
tjupan_staphylococcus_main_a66a48aa6a3fc4ff	EMB_onehot_C23	EMB_onehot_C07	-8	2.0	-	-
tjupan_staphylococcus_main_a66a48aa6a3fc4ff	EMB_onehot_C23	EMB_onehot_C17	-8	2.0	-	+
tjupan_staphylococcus_main_a66a48aa6a3fc4ff	EMB_onehot_C23	EMB_onehot_C13	-7	3.0	-	+
tjupan_staphylococcus_main_a66a48aa6a3fc4ff	EMB_onehot_C07	EMB_onehot_C17	-10	0.0	-	+
tjupan_staphylococcus_main_a66a48aa6a3fc4ff	EMB_onehot_C07	EMB_onehot_C13	-9	1.0	-	+
tjupan_staphylococcus_main_a66a48aa6a3fc4ff	EMB_onehot_C17	EMB_onehot_C13	-9	1.0	+	+
tjupan_staphylococcus_main_a6e96ed0deea370f	EMB_onehot_C15	EMB_onehot_C20	-3	7.0	-	-
tjupan_staphylococcus_main_a6e96ed0deea370f	EMB_onehot_C15	EMB_onehot_C23	29	39.0	-	+
tjupan_staphylococcus_main_a6e96ed0deea370f	EMB_onehot_C15	EMB_onehot_C19	42	52.0	-	+
tjupan_staphylococcus_main_a6e96ed0deea370f	EMB_onehot_C20	EMB_onehot_C23	22	32.0	-	+
tjupan_staphylococcus_main_a6e96ed0deea370f	EMB_onehot_C20	EMB_onehot_C19	35	45.0	-	+
tjupan_staphylococcus_main_a6e96ed0deea370f	EMB_onehot_C23	EMB_onehot_C19	3	13.0	+	+
tjupan_staphylococcus_main_a87e6bf8239921e6	EMB_onehot_C12	EMB_onehot_C02	5	15.0	-	+
tjupan_staphylococcus_main_a87e6bf8239921e6	EMB_onehot_C12	EMB_onehot_C01	20	30.0	-	-
tjupan_staphylococcus_main_a87e6bf8239921e6	EMB_onehot_C02	EMB_onehot_C01	5	15.0	+	-
tjupan_staphylococcus_main_a9f5b34f750c83db	EMB_onehot_C01	EMB_onehot_C11	-7	3.0	+	-
tjupan_staphylococcus_main_a9f5b34f750c83db	EMB_onehot_C01	EMB_onehot_C06	16	26.0	+	-
tjupan_staphylococcus_main_a9f5b34f750c83db	EMB_onehot_C11	EMB_onehot_C06	13	23.0	-	-
tjupan_staphylococcus_main_ac15b24e7f42fd62	EMB_onehot_C19	EMB_onehot_C09	-6	4.0	-	+
tjupan_staphylococcus_main_ac15b24e7f42fd62	EMB_onehot_C19	EMB_onehot_C21	-5	5.0	-	-
tjupan_staphylococcus_main_ac15b24e7f42fd62	EMB_onehot_C19	EMB_onehot_C03	33	43.0	-	-
tjupan_staphylococcus_main_ac15b24e7f42fd62	EMB_onehot_C09	EMB_onehot_C21	-9	1.0	+	-
tjupan_staphylococcus_main_ac15b24e7f42fd62	EMB_onehot_C09	EMB_onehot_C03	29	39.0	+	-
tjupan_staphylococcus_main_ac15b24e7f42fd62	EMB_onehot_C21	EMB_onehot_C03	28	38.0	-	-
tjupan_staphylococcus_main_ac58cb392261c5f2	EMB_onehot_C23	EMB_onehot_C07	-8	2.0	-	-
tjupan_staphylococcus_main_ad36ff47a8e98518	EMB_onehot_C09	EMB_onehot_C15	-7	3.0	+	-
tjupan_staphylococcus_main_ad36ff47a8e98518	EMB_onehot_C09	EMB_onehot_C18	36	46.0	+	-
tjupan_staphylococcus_main_ad36ff47a8e98518	EMB_onehot_C15	EMB_onehot_C18	33	43.0	-	-
tjupan_staphylococcus_main_ad9413737d07a024	EMB_onehot_C19	EMB_onehot_C09	-6	4.0	-	+
tjupan_staphylococcus_main_ad9413737d07a024	EMB_onehot_C19	EMB_onehot_C21	-5	5.0	-	-
tjupan_staphylococcus_main_ad9413737d07a024	EMB_onehot_C19	EMB_onehot_C03	33	43.0	-	-
tjupan_staphylococcus_main_ad9413737d07a024	EMB_onehot_C09	EMB_onehot_C21	-9	1.0	+	-
tjupan_staphylococcus_main_ad9413737d07a024	EMB_onehot_C09	EMB_onehot_C03	29	39.0	+	-
tjupan_staphylococcus_main_ad9413737d07a024	EMB_onehot_C21	EMB_onehot_C03	28	38.0	-	-
tjupan_staphylococcus_main_ade3b54641e64771	EMB_onehot_C23	EMB_onehot_C00	27	37.0	+	+
tjupan_staphylococcus_main_aef7a9cc7c707321	EMB_onehot_C19	EMB_onehot_C08	-1	9.0	-	-
tjupan_staphylococcus_main_aef7a9cc7c707321	EMB_onehot_C19	EMB_onehot_C15	0	10.0	-	+
tjupan_staphylococcus_main_aef7a9cc7c707321	EMB_onehot_C19	EMB_onehot_C09	3	13.0	-	-
tjupan_staphylococcus_main_aef7a9cc7c707321	EMB_onehot_C08	EMB_onehot_C15	-9	1.0	-	+
tjupan_staphylococcus_main_aef7a9cc7c707321	EMB_onehot_C08	EMB_onehot_C09	-6	4.0	-	-
tjupan_staphylococcus_main_aef7a9cc7c707321	EMB_onehot_C15	EMB_onehot_C09	-7	3.0	+	-
tjupan_staphylococcus_main_af9ed47cace0da8d	EMB_onehot_C05	EMB_onehot_C07	29	39.0	+	-
tjupan_staphylococcus_main_b027931c63c34821	EMB_onehot_C12	EMB_onehot_C10	-7	3.0	+	-
tjupan_staphylococcus_main_b027931c63c34821	EMB_onehot_C12	EMB_onehot_C23	1	11.0	+	+
tjupan_staphylococcus_main_b027931c63c34821	EMB_onehot_C12	EMB_onehot_C16	8	18.0	+	+
tjupan_staphylococcus_main_b027931c63c34821	EMB_onehot_C12	EMB_onehot_C22	11	21.0	+	+
tjupan_staphylococcus_main_b027931c63c34821	EMB_onehot_C12	EMB_onehot_C04	13	23.0	+	-
tjupan_staphylococcus_main_b027931c63c34821	EMB_onehot_C12	EMB_onehot_C11	19	29.0	+	-
tjupan_staphylococcus_main_b027931c63c34821	EMB_onehot_C12	EMB_onehot_C19	20	30.0	+	+
tjupan_staphylococcus_main_b027931c63c34821	EMB_onehot_C10	EMB_onehot_C23	-2	8.0	-	+
tjupan_staphylococcus_main_b027931c63c34821	EMB_onehot_C10	EMB_onehot_C16	5	15.0	-	+
tjupan_staphylococcus_main_b027931c63c34821	EMB_onehot_C10	EMB_onehot_C22	8	18.0	-	+
tjupan_staphylococcus_main_b027931c63c34821	EMB_onehot_C10	EMB_onehot_C04	10	20.0	-	-
tjupan_staphylococcus_main_b027931c63c34821	EMB_onehot_C10	EMB_onehot_C11	16	26.0	-	-
tjupan_staphylococcus_main_b027931c63c34821	EMB_onehot_C10	EMB_onehot_C19	17	27.0	-	+
tjupan_staphylococcus_main_b027931c63c34821	EMB_onehot_C23	EMB_onehot_C16	-3	7.0	+	+
tjupan_staphylococcus_main_b027931c63c34821	EMB_onehot_C23	EMB_onehot_C22	0	10.0	+	+
tjupan_staphylococcus_main_b027931c63c34821	EMB_onehot_C23	EMB_onehot_C04	2	12.0	+	-
tjupan_staphylococcus_main_b027931c63c34821	EMB_onehot_C23	EMB_onehot_C11	8	18.0	+	-
tjupan_staphylococcus_main_b027931c63c34821	EMB_onehot_C23	EMB_onehot_C19	9	19.0	+	+
tjupan_staphylococcus_main_b027931c63c34821	EMB_onehot_C16	EMB_onehot_C22	-7	3.0	+	+
tjupan_staphylococcus_main_b027931c63c34821	EMB_onehot_C16	EMB_onehot_C04	-5	5.0	+	-
tjupan_staphylococcus_main_b027931c63c34821	EMB_onehot_C16	EMB_onehot_C11	1	11.0	+	-
tjupan_staphylococcus_main_b027931c63c34821	EMB_onehot_C16	EMB_onehot_C19	2	12.0	+	+
tjupan_staphylococcus_main_b027931c63c34821	EMB_onehot_C22	EMB_onehot_C04	-8	2.0	+	-
tjupan_staphylococcus_main_b027931c63c34821	EMB_onehot_C22	EMB_onehot_C11	-2	8.0	+	-
tjupan_staphylococcus_main_b027931c63c34821	EMB_onehot_C22	EMB_onehot_C19	-1	9.0	+	+
tjupan_staphylococcus_main_b027931c63c34821	EMB_onehot_C04	EMB_onehot_C11	-4	6.0	-	-
tjupan_staphylococcus_main_b027931c63c34821	EMB_onehot_C04	EMB_onehot_C19	-3	7.0	-	+
tjupan_staphylococcus_main_b027931c63c34821	EMB_onehot_C11	EMB_onehot_C19	-9	1.0	-	+
tjupan_staphylococcus_main_b2a711e5bca201c4	EMB_onehot_C18	EMB_onehot_C10	-9	1.0	+	+
tjupan_staphylococcus_main_b2a711e5bca201c4	EMB_onehot_C18	EMB_onehot_C07	-7	3.0	+	-
tjupan_staphylococcus_main_b2a711e5bca201c4	EMB_onehot_C18	EMB_onehot_C12	-6	4.0	+	-
tjupan_staphylococcus_main_b2a711e5bca201c4	EMB_onehot_C18	EMB_onehot_C03	4	14.0	+	+
tjupan_staphylococcus_main_b2a711e5bca201c4	EMB_onehot_C18	EMB_onehot_C02	12	22.0	+	+
tjupan_staphylococcus_main_b2a711e5bca201c4	EMB_onehot_C18	EMB_onehot_C17	17	27.0	+	+
tjupan_staphylococcus_main_b2a711e5bca201c4	EMB_onehot_C10	EMB_onehot_C07	-8	2.0	+	-
tjupan_staphylococcus_main_b2a711e5bca201c4	EMB_onehot_C10	EMB_onehot_C12	-7	3.0	+	-
tjupan_staphylococcus_main_b2a711e5bca201c4	EMB_onehot_C10	EMB_onehot_C03	3	13.0	+	+
tjupan_staphylococcus_main_b2a711e5bca201c4	EMB_onehot_C10	EMB_onehot_C02	11	21.0	+	+
tjupan_staphylococcus_main_b2a711e5bca201c4	EMB_onehot_C10	EMB_onehot_C17	16	26.0	+	+
tjupan_staphylococcus_main_b2a711e5bca201c4	EMB_onehot_C07	EMB_onehot_C12	-9	1.0	-	-
tjupan_staphylococcus_main_b2a711e5bca201c4	EMB_onehot_C07	EMB_onehot_C03	1	11.0	-	+
tjupan_staphylococcus_main_b2a711e5bca201c4	EMB_onehot_C07	EMB_onehot_C02	9	19.0	-	+
tjupan_staphylococcus_main_b2a711e5bca201c4	EMB_onehot_C07	EMB_onehot_C17	14	24.0	-	+
tjupan_staphylococcus_main_b2a711e5bca201c4	EMB_onehot_C12	EMB_onehot_C03	0	10.0	-	+
tjupan_staphylococcus_main_b2a711e5bca201c4	EMB_onehot_C12	EMB_onehot_C02	8	18.0	-	+
tjupan_staphylococcus_main_b2a711e5bca201c4	EMB_onehot_C12	EMB_onehot_C17	13	23.0	-	+
tjupan_staphylococcus_main_b2a711e5bca201c4	EMB_onehot_C03	EMB_onehot_C02	-2	8.0	+	+
tjupan_staphylococcus_main_b2a711e5bca201c4	EMB_onehot_C03	EMB_onehot_C17	3	13.0	+	+
tjupan_staphylococcus_main_b2a711e5bca201c4	EMB_onehot_C02	EMB_onehot_C17	-5	5.0	+	+
tjupan_staphylococcus_main_b33a6ffda9166b06	EMB_onehot_C23	EMB_onehot_C12	-7	3.0	-	-
tjupan_staphylococcus_main_b33a6ffda9166b06	EMB_onehot_C23	EMB_onehot_C10	34	44.0	-	+
tjupan_staphylococcus_main_b33a6ffda9166b06	EMB_onehot_C23	EMB_onehot_C01	43	53.0	-	-
tjupan_staphylococcus_main_b33a6ffda9166b06	EMB_onehot_C23	EMB_onehot_C14	45	55.0	-	+
tjupan_staphylococcus_main_b33a6ffda9166b06	EMB_onehot_C12	EMB_onehot_C10	31	41.0	-	+
tjupan_staphylococcus_main_b33a6ffda9166b06	EMB_onehot_C12	EMB_onehot_C01	40	50.0	-	-
tjupan_staphylococcus_main_b33a6ffda9166b06	EMB_onehot_C12	EMB_onehot_C14	42	52.0	-	+
tjupan_staphylococcus_main_b33a6ffda9166b06	EMB_onehot_C10	EMB_onehot_C01	-1	9.0	+	-
tjupan_staphylococcus_main_b33a6ffda9166b06	EMB_onehot_C10	EMB_onehot_C14	1	11.0	+	+
tjupan_staphylococcus_main_b33a6ffda9166b06	EMB_onehot_C01	EMB_onehot_C14	-8	2.0	-	+
tjupan_staphylococcus_main_b3a5c9e2207e7f39	EMB_onehot_C01	EMB_onehot_C03	2	12.0	+	-
tjupan_staphylococcus_main_b3a5c9e2207e7f39	EMB_onehot_C01	EMB_onehot_C15	8	18.0	+	-
tjupan_staphylococcus_main_b3a5c9e2207e7f39	EMB_onehot_C01	EMB_onehot_C06	9	19.0	+	-
tjupan_staphylococcus_main_b3a5c9e2207e7f39	EMB_onehot_C01	EMB_onehot_C11	13	23.0	+	-
tjupan_staphylococcus_main_b3a5c9e2207e7f39	EMB_onehot_C03	EMB_onehot_C15	-4	6.0	-	-
tjupan_staphylococcus_main_b3a5c9e2207e7f39	EMB_onehot_C03	EMB_onehot_C06	-3	7.0	-	-
tjupan_staphylococcus_main_b3a5c9e2207e7f39	EMB_onehot_C03	EMB_onehot_C11	1	11.0	-	-
tjupan_staphylococcus_main_b3a5c9e2207e7f39	EMB_onehot_C15	EMB_onehot_C06	-9	1.0	-	-
tjupan_staphylococcus_main_b3a5c9e2207e7f39	EMB_onehot_C15	EMB_onehot_C11	-5	5.0	-	-
tjupan_staphylococcus_main_b3a5c9e2207e7f39	EMB_onehot_C06	EMB_onehot_C11	-6	4.0	-	-
tjupan_staphylococcus_main_b45fc8628e23f777	EMB_onehot_C08	EMB_onehot_C23	16	26.0	-	+
tjupan_staphylococcus_main_b45fc8628e23f777	EMB_onehot_C08	EMB_onehot_C12	18	28.0	-	+
tjupan_staphylococcus_main_b45fc8628e23f777	EMB_onehot_C08	EMB_onehot_C10	21	31.0	-	-
tjupan_staphylococcus_main_b45fc8628e23f777	EMB_onehot_C08	EMB_onehot_C18	22	32.0	-	-
tjupan_staphylococcus_main_b45fc8628e23f777	EMB_onehot_C08	EMB_onehot_C01	57	67.0	-	+
tjupan_staphylococcus_main_b45fc8628e23f777	EMB_onehot_C23	EMB_onehot_C12	-8	2.0	+	+
tjupan_staphylococcus_main_b45fc8628e23f777	EMB_onehot_C23	EMB_onehot_C10	-5	5.0	+	-
tjupan_staphylococcus_main_b45fc8628e23f777	EMB_onehot_C23	EMB_onehot_C18	-4	6.0	+	-
tjupan_staphylococcus_main_b45fc8628e23f777	EMB_onehot_C23	EMB_onehot_C01	31	41.0	+	+
tjupan_staphylococcus_main_b45fc8628e23f777	EMB_onehot_C12	EMB_onehot_C10	-7	3.0	+	-
tjupan_staphylococcus_main_b45fc8628e23f777	EMB_onehot_C12	EMB_onehot_C18	-6	4.0	+	-
tjupan_staphylococcus_main_b45fc8628e23f777	EMB_onehot_C12	EMB_onehot_C01	29	39.0	+	+
tjupan_staphylococcus_main_b45fc8628e23f777	EMB_onehot_C10	EMB_onehot_C18	-9	1.0	-	-
tjupan_staphylococcus_main_b45fc8628e23f777	EMB_onehot_C10	EMB_onehot_C01	26	36.0	-	+
tjupan_staphylococcus_main_b45fc8628e23f777	EMB_onehot_C18	EMB_onehot_C01	25	35.0	-	+
tjupan_staphylococcus_main_b6f625827307b736	EMB_onehot_C23	EMB_onehot_C02	-4	6.0	+	+
tjupan_staphylococcus_main_b6f625827307b736	EMB_onehot_C23	EMB_onehot_C15	21	31.0	+	+
tjupan_staphylococcus_main_b6f625827307b736	EMB_onehot_C23	EMB_onehot_C13	25	35.0	+	-
tjupan_staphylococcus_main_b6f625827307b736	EMB_onehot_C02	EMB_onehot_C15	15	25.0	+	+
tjupan_staphylococcus_main_b6f625827307b736	EMB_onehot_C02	EMB_onehot_C13	19	29.0	+	-
tjupan_staphylococcus_main_b6f625827307b736	EMB_onehot_C15	EMB_onehot_C13	-6	4.0	+	-
tjupan_staphylococcus_main_b7e34c0b8773617a	EMB_onehot_C19	EMB_onehot_C10	-8	2.0	-	+
tjupan_staphylococcus_main_b7e34c0b8773617a	EMB_onehot_C19	EMB_onehot_C21	13	23.0	-	+
tjupan_staphylococcus_main_b7e34c0b8773617a	EMB_onehot_C10	EMB_onehot_C21	11	21.0	+	+
tjupan_staphylococcus_main_bb1345017c48d853	EMB_onehot_C15	EMB_onehot_C18	0	10.0	-	+
tjupan_staphylococcus_main_bb1345017c48d853	EMB_onehot_C15	EMB_onehot_C08	16	26.0	-	-
tjupan_staphylococcus_main_bb1345017c48d853	EMB_onehot_C15	EMB_onehot_C01	18	28.0	-	+
tjupan_staphylococcus_main_bb1345017c48d853	EMB_onehot_C15	EMB_onehot_C12	20	30.0	-	-
tjupan_staphylococcus_main_bb1345017c48d853	EMB_onehot_C15	EMB_onehot_C23	22	32.0	-	-
tjupan_staphylococcus_main_bb1345017c48d853	EMB_onehot_C18	EMB_onehot_C08	6	16.0	+	-
tjupan_staphylococcus_main_bb1345017c48d853	EMB_onehot_C18	EMB_onehot_C01	8	18.0	+	+
tjupan_staphylococcus_main_bb1345017c48d853	EMB_onehot_C18	EMB_onehot_C12	10	20.0	+	-
tjupan_staphylococcus_main_bb1345017c48d853	EMB_onehot_C18	EMB_onehot_C23	12	22.0	+	-
tjupan_staphylococcus_main_bb1345017c48d853	EMB_onehot_C08	EMB_onehot_C01	-8	2.0	-	+
tjupan_staphylococcus_main_bb1345017c48d853	EMB_onehot_C08	EMB_onehot_C12	-6	4.0	-	-
tjupan_staphylococcus_main_bb1345017c48d853	EMB_onehot_C08	EMB_onehot_C23	-4	6.0	-	-
tjupan_staphylococcus_main_bb1345017c48d853	EMB_onehot_C01	EMB_onehot_C12	-8	2.0	+	-
tjupan_staphylococcus_main_bb1345017c48d853	EMB_onehot_C01	EMB_onehot_C23	-6	4.0	+	-
tjupan_staphylococcus_main_bb1345017c48d853	EMB_onehot_C12	EMB_onehot_C23	-8	2.0	-	-
tjupan_staphylococcus_main_bb329d71e864e80c	EMB_onehot_C23	EMB_onehot_C00	27	37.0	+	+
tjupan_staphylococcus_main_bbf04dcdc01ff610	EMB_onehot_C15	EMB_onehot_C19	9	19.0	-	+
tjupan_staphylococcus_main_bbf04dcdc01ff610	EMB_onehot_C15	EMB_onehot_C05	23	33.0	-	-
tjupan_staphylococcus_main_bbf04dcdc01ff610	EMB_onehot_C19	EMB_onehot_C05	4	14.0	+	-
tjupan_staphylococcus_main_bee2b500f82af2d9	EMB_onehot_C21	EMB_onehot_C07	2	12.0	-	+
tjupan_staphylococcus_main_bee2b500f82af2d9	EMB_onehot_C21	EMB_onehot_C03	11	21.0	-	-
tjupan_staphylococcus_main_bee2b500f82af2d9	EMB_onehot_C07	EMB_onehot_C03	-1	9.0	+	-
tjupan_staphylococcus_main_bf5d4c99ba0debe9	EMB_onehot_C09	EMB_onehot_C21	-9	1.0	+	-
tjupan_staphylococcus_main_bf5d4c99ba0debe9	EMB_onehot_C09	EMB_onehot_C05	-5	5.0	+	-
tjupan_staphylococcus_main_bf5d4c99ba0debe9	EMB_onehot_C09	EMB_onehot_C10	14	24.0	+	+
tjupan_staphylococcus_main_bf5d4c99ba0debe9	EMB_onehot_C09	EMB_onehot_C17	18	28.0	+	-
tjupan_staphylococcus_main_bf5d4c99ba0debe9	EMB_onehot_C09	EMB_onehot_C19	19	29.0	+	+
tjupan_staphylococcus_main_bf5d4c99ba0debe9	EMB_onehot_C21	EMB_onehot_C05	-6	4.0	-	-
tjupan_staphylococcus_main_bf5d4c99ba0debe9	EMB_onehot_C21	EMB_onehot_C10	13	23.0	-	+
tjupan_staphylococcus_main_bf5d4c99ba0debe9	EMB_onehot_C21	EMB_onehot_C17	17	27.0	-	-
tjupan_staphylococcus_main_bf5d4c99ba0debe9	EMB_onehot_C21	EMB_onehot_C19	18	28.0	-	+
tjupan_staphylococcus_main_bf5d4c99ba0debe9	EMB_onehot_C05	EMB_onehot_C10	9	19.0	-	+
tjupan_staphylococcus_main_bf5d4c99ba0debe9	EMB_onehot_C05	EMB_onehot_C17	13	23.0	-	-
tjupan_staphylococcus_main_bf5d4c99ba0debe9	EMB_onehot_C05	EMB_onehot_C19	14	24.0	-	+
tjupan_staphylococcus_main_bf5d4c99ba0debe9	EMB_onehot_C10	EMB_onehot_C17	-6	4.0	+	-
tjupan_staphylococcus_main_bf5d4c99ba0debe9	EMB_onehot_C10	EMB_onehot_C19	-5	5.0	+	+
tjupan_staphylococcus_main_bf5d4c99ba0debe9	EMB_onehot_C17	EMB_onehot_C19	-9	1.0	-	+
tjupan_staphylococcus_main_c026693aed4fa528	EMB_onehot_C18	EMB_onehot_C23	-9	1.0	+	-
tjupan_staphylococcus_main_c026693aed4fa528	EMB_onehot_C18	EMB_onehot_C07	-7	3.0	+	-
tjupan_staphylococcus_main_c026693aed4fa528	EMB_onehot_C18	EMB_onehot_C10	-6	4.0	+	-
tjupan_staphylococcus_main_c026693aed4fa528	EMB_onehot_C18	EMB_onehot_C11	11	21.0	+	+
tjupan_staphylococcus_main_c026693aed4fa528	EMB_onehot_C18	EMB_onehot_C17	42	52.0	+	+
tjupan_staphylococcus_main_c026693aed4fa528	EMB_onehot_C23	EMB_onehot_C07	-8	2.0	-	-
tjupan_staphylococcus_main_c026693aed4fa528	EMB_onehot_C23	EMB_onehot_C10	-7	3.0	-	-
tjupan_staphylococcus_main_c026693aed4fa528	EMB_onehot_C23	EMB_onehot_C11	10	20.0	-	+
tjupan_staphylococcus_main_c026693aed4fa528	EMB_onehot_C23	EMB_onehot_C17	41	51.0	-	+
tjupan_staphylococcus_main_c026693aed4fa528	EMB_onehot_C07	EMB_onehot_C10	-9	1.0	-	-
tjupan_staphylococcus_main_c026693aed4fa528	EMB_onehot_C07	EMB_onehot_C11	8	18.0	-	+
tjupan_staphylococcus_main_c026693aed4fa528	EMB_onehot_C07	EMB_onehot_C17	39	49.0	-	+
tjupan_staphylococcus_main_c026693aed4fa528	EMB_onehot_C10	EMB_onehot_C11	7	17.0	-	+
tjupan_staphylococcus_main_c026693aed4fa528	EMB_onehot_C10	EMB_onehot_C17	38	48.0	-	+
tjupan_staphylococcus_main_c026693aed4fa528	EMB_onehot_C11	EMB_onehot_C17	21	31.0	+	+
tjupan_staphylococcus_main_c03733d1815fc76b	EMB_onehot_C19	EMB_onehot_C09	-6	4.0	-	+
tjupan_staphylococcus_main_c03733d1815fc76b	EMB_onehot_C19	EMB_onehot_C21	-5	5.0	-	-
tjupan_staphylococcus_main_c03733d1815fc76b	EMB_onehot_C19	EMB_onehot_C03	33	43.0	-	-
tjupan_staphylococcus_main_c03733d1815fc76b	EMB_onehot_C09	EMB_onehot_C21	-9	1.0	+	-
tjupan_staphylococcus_main_c03733d1815fc76b	EMB_onehot_C09	EMB_onehot_C03	29	39.0	+	-
tjupan_staphylococcus_main_c03733d1815fc76b	EMB_onehot_C21	EMB_onehot_C03	28	38.0	-	-
tjupan_staphylococcus_main_c30af3fd489f9da3	EMB_onehot_C07	EMB_onehot_C10	-5	5.0	+	+
tjupan_staphylococcus_main_c30af3fd489f9da3	EMB_onehot_C07	EMB_onehot_C20	5	15.0	+	-
tjupan_staphylococcus_main_c30af3fd489f9da3	EMB_onehot_C07	EMB_onehot_C09	40	50.0	+	-
tjupan_staphylococcus_main_c30af3fd489f9da3	EMB_onehot_C07	EMB_onehot_C18	48	58.0	+	-
tjupan_staphylococcus_main_c30af3fd489f9da3	EMB_onehot_C10	EMB_onehot_C20	0	10.0	+	-
tjupan_staphylococcus_main_c30af3fd489f9da3	EMB_onehot_C10	EMB_onehot_C09	35	45.0	+	-
tjupan_staphylococcus_main_c30af3fd489f9da3	EMB_onehot_C10	EMB_onehot_C18	43	53.0	+	-
tjupan_staphylococcus_main_c30af3fd489f9da3	EMB_onehot_C20	EMB_onehot_C09	25	35.0	-	-
tjupan_staphylococcus_main_c30af3fd489f9da3	EMB_onehot_C20	EMB_onehot_C18	33	43.0	-	-
tjupan_staphylococcus_main_c30af3fd489f9da3	EMB_onehot_C09	EMB_onehot_C18	-2	8.0	-	-
tjupan_staphylococcus_main_c588acf3e48019d0	EMB_onehot_C10	EMB_onehot_C19	-9	1.0	+	-
tjupan_staphylococcus_main_c588acf3e48019d0	EMB_onehot_C10	EMB_onehot_C11	-8	2.0	+	+
tjupan_staphylococcus_main_c588acf3e48019d0	EMB_onehot_C10	EMB_onehot_C14	1	11.0	+	+
tjupan_staphylococcus_main_c588acf3e48019d0	EMB_onehot_C10	EMB_onehot_C23	37	47.0	+	+
tjupan_staphylococcus_main_c588acf3e48019d0	EMB_onehot_C19	EMB_onehot_C11	-9	1.0	-	+
tjupan_staphylococcus_main_c588acf3e48019d0	EMB_onehot_C19	EMB_onehot_C14	0	10.0	-	+
tjupan_staphylococcus_main_c588acf3e48019d0	EMB_onehot_C19	EMB_onehot_C23	36	46.0	-	+
tjupan_staphylococcus_main_c588acf3e48019d0	EMB_onehot_C11	EMB_onehot_C14	-1	9.0	+	+
tjupan_staphylococcus_main_c588acf3e48019d0	EMB_onehot_C11	EMB_onehot_C23	35	45.0	+	+
tjupan_staphylococcus_main_c588acf3e48019d0	EMB_onehot_C14	EMB_onehot_C23	26	36.0	+	+
tjupan_staphylococcus_main_c86c0d5e16f792b6	EMB_onehot_C10	EMB_onehot_C12	-7	3.0	+	-
tjupan_staphylococcus_main_c8a50043c7b8aed2	EMB_onehot_C22	EMB_onehot_C12	9	19.0	+	+
tjupan_staphylococcus_main_c8a50043c7b8aed2	EMB_onehot_C22	EMB_onehot_C01	15	25.0	+	+
tjupan_staphylococcus_main_c8a50043c7b8aed2	EMB_onehot_C22	EMB_onehot_C14	23	33.0	+	+
tjupan_staphylococcus_main_c8a50043c7b8aed2	EMB_onehot_C22	EMB_onehot_C17	26	36.0	+	+
tjupan_staphylococcus_main_c8a50043c7b8aed2	EMB_onehot_C22	EMB_onehot_C03	29	39.0	+	-
tjupan_staphylococcus_main_c8a50043c7b8aed2	EMB_onehot_C12	EMB_onehot_C01	-4	6.0	+	+
tjupan_staphylococcus_main_c8a50043c7b8aed2	EMB_onehot_C12	EMB_onehot_C14	4	14.0	+	+
tjupan_staphylococcus_main_c8a50043c7b8aed2	EMB_onehot_C12	EMB_onehot_C17	7	17.0	+	+
tjupan_staphylococcus_main_c8a50043c7b8aed2	EMB_onehot_C12	EMB_onehot_C03	10	20.0	+	-
tjupan_staphylococcus_main_c8a50043c7b8aed2	EMB_onehot_C01	EMB_onehot_C14	-2	8.0	+	+
tjupan_staphylococcus_main_c8a50043c7b8aed2	EMB_onehot_C01	EMB_onehot_C17	1	11.0	+	+
tjupan_staphylococcus_main_c8a50043c7b8aed2	EMB_onehot_C01	EMB_onehot_C03	4	14.0	+	-
tjupan_staphylococcus_main_c8a50043c7b8aed2	EMB_onehot_C14	EMB_onehot_C17	-7	3.0	+	+
tjupan_staphylococcus_main_c8a50043c7b8aed2	EMB_onehot_C14	EMB_onehot_C03	-4	6.0	+	-
tjupan_staphylococcus_main_c8a50043c7b8aed2	EMB_onehot_C17	EMB_onehot_C03	-7	3.0	+	-
tjupan_staphylococcus_main_c9235b40e608c6d7	EMB_onehot_C15	EMB_onehot_C06	10	20.0	-	+
tjupan_staphylococcus_main_c98f58188be59f82	EMB_onehot_C19	EMB_onehot_C07	-7	3.0	-	+
tjupan_staphylococcus_main_c98f58188be59f82	EMB_onehot_C19	EMB_onehot_C04	7	17.0	-	+
tjupan_staphylococcus_main_c98f58188be59f82	EMB_onehot_C19	EMB_onehot_C08	8	18.0	-	-
tjupan_staphylococcus_main_c98f58188be59f82	EMB_onehot_C19	EMB_onehot_C10	9	19.0	-	+
tjupan_staphylococcus_main_c98f58188be59f82	EMB_onehot_C19	EMB_onehot_C01	10	20.0	-	+
tjupan_staphylococcus_main_c98f58188be59f82	EMB_onehot_C19	EMB_onehot_C14	40	50.0	-	-
tjupan_staphylococcus_main_c98f58188be59f82	EMB_onehot_C07	EMB_onehot_C04	4	14.0	+	+
tjupan_staphylococcus_main_c98f58188be59f82	EMB_onehot_C07	EMB_onehot_C08	5	15.0	+	-
tjupan_staphylococcus_main_c98f58188be59f82	EMB_onehot_C07	EMB_onehot_C10	6	16.0	+	+
tjupan_staphylococcus_main_c98f58188be59f82	EMB_onehot_C07	EMB_onehot_C01	7	17.0	+	+
tjupan_staphylococcus_main_c98f58188be59f82	EMB_onehot_C07	EMB_onehot_C14	37	47.0	+	-
tjupan_staphylococcus_main_c98f58188be59f82	EMB_onehot_C04	EMB_onehot_C08	-9	1.0	+	-
tjupan_staphylococcus_main_c98f58188be59f82	EMB_onehot_C04	EMB_onehot_C10	-8	2.0	+	+
tjupan_staphylococcus_main_c98f58188be59f82	EMB_onehot_C04	EMB_onehot_C01	-7	3.0	+	+
tjupan_staphylococcus_main_c98f58188be59f82	EMB_onehot_C04	EMB_onehot_C14	23	33.0	+	-
tjupan_staphylococcus_main_c98f58188be59f82	EMB_onehot_C08	EMB_onehot_C10	-9	1.0	-	+
tjupan_staphylococcus_main_c98f58188be59f82	EMB_onehot_C08	EMB_onehot_C01	-8	2.0	-	+
tjupan_staphylococcus_main_c98f58188be59f82	EMB_onehot_C08	EMB_onehot_C14	22	32.0	-	-
tjupan_staphylococcus_main_c98f58188be59f82	EMB_onehot_C10	EMB_onehot_C01	-9	1.0	+	+
tjupan_staphylococcus_main_c98f58188be59f82	EMB_onehot_C10	EMB_onehot_C14	21	31.0	+	-
tjupan_staphylococcus_main_c98f58188be59f82	EMB_onehot_C01	EMB_onehot_C14	20	30.0	+	-
tjupan_staphylococcus_main_cec99f6e5c45e041	EMB_onehot_C17	EMB_onehot_C04	-6	4.0	-	-
tjupan_staphylococcus_main_cec99f6e5c45e041	EMB_onehot_C17	EMB_onehot_C21	-6	4.0	-	+
tjupan_staphylococcus_main_cec99f6e5c45e041	EMB_onehot_C17	EMB_onehot_C15	15	25.0	-	-
tjupan_staphylococcus_main_cec99f6e5c45e041	EMB_onehot_C17	EMB_onehot_C23	33	43.0	-	-
tjupan_staphylococcus_main_cec99f6e5c45e041	EMB_onehot_C17	EMB_onehot_C12	36	46.0	-	-
tjupan_staphylococcus_main_cec99f6e5c45e041	EMB_onehot_C17	EMB_onehot_C10	39	49.0	-	-
tjupan_staphylococcus_main_cec99f6e5c45e041	EMB_onehot_C17	EMB_onehot_C20	41	51.0	-	-
tjupan_staphylococcus_main_cec99f6e5c45e041	EMB_onehot_C04	EMB_onehot_C21	-10	0.0	-	+
tjupan_staphylococcus_main_cec99f6e5c45e041	EMB_onehot_C04	EMB_onehot_C15	11	21.0	-	-
tjupan_staphylococcus_main_cec99f6e5c45e041	EMB_onehot_C04	EMB_onehot_C23	29	39.0	-	-
tjupan_staphylococcus_main_cec99f6e5c45e041	EMB_onehot_C04	EMB_onehot_C12	32	42.0	-	-
tjupan_staphylococcus_main_cec99f6e5c45e041	EMB_onehot_C04	EMB_onehot_C10	35	45.0	-	-
tjupan_staphylococcus_main_cec99f6e5c45e041	EMB_onehot_C04	EMB_onehot_C20	37	47.0	-	-
tjupan_staphylococcus_main_cec99f6e5c45e041	EMB_onehot_C21	EMB_onehot_C15	11	21.0	+	-
tjupan_staphylococcus_main_cec99f6e5c45e041	EMB_onehot_C21	EMB_onehot_C23	29	39.0	+	-
tjupan_staphylococcus_main_cec99f6e5c45e041	EMB_onehot_C21	EMB_onehot_C12	32	42.0	+	-
tjupan_staphylococcus_main_cec99f6e5c45e041	EMB_onehot_C21	EMB_onehot_C10	35	45.0	+	-
tjupan_staphylococcus_main_cec99f6e5c45e041	EMB_onehot_C21	EMB_onehot_C20	37	47.0	+	-
tjupan_staphylococcus_main_cec99f6e5c45e041	EMB_onehot_C15	EMB_onehot_C23	8	18.0	-	-
tjupan_staphylococcus_main_cec99f6e5c45e041	EMB_onehot_C15	EMB_onehot_C12	11	21.0	-	-
tjupan_staphylococcus_main_cec99f6e5c45e041	EMB_onehot_C15	EMB_onehot_C10	14	24.0	-	-
tjupan_staphylococcus_main_cec99f6e5c45e041	EMB_onehot_C15	EMB_onehot_C20	16	26.0	-	-
tjupan_staphylococcus_main_cec99f6e5c45e041	EMB_onehot_C23	EMB_onehot_C12	-7	3.0	-	-
tjupan_staphylococcus_main_cec99f6e5c45e041	EMB_onehot_C23	EMB_onehot_C10	-4	6.0	-	-
tjupan_staphylococcus_main_cec99f6e5c45e041	EMB_onehot_C23	EMB_onehot_C20	-2	8.0	-	-
tjupan_staphylococcus_main_cec99f6e5c45e041	EMB_onehot_C12	EMB_onehot_C10	-7	3.0	-	-
tjupan_staphylococcus_main_cec99f6e5c45e041	EMB_onehot_C12	EMB_onehot_C20	-5	5.0	-	-
tjupan_staphylococcus_main_cec99f6e5c45e041	EMB_onehot_C10	EMB_onehot_C20	-8	2.0	-	-
tjupan_staphylococcus_main_cfc7a7f2d5aaa465	EMB_onehot_C01	EMB_onehot_C15	-4	6.0	+	+
tjupan_staphylococcus_main_cfc7a7f2d5aaa465	EMB_onehot_C01	EMB_onehot_C05	15	25.0	+	-
tjupan_staphylococcus_main_cfc7a7f2d5aaa465	EMB_onehot_C01	EMB_onehot_C19	33	43.0	+	+
tjupan_staphylococcus_main_cfc7a7f2d5aaa465	EMB_onehot_C15	EMB_onehot_C05	9	19.0	+	-
tjupan_staphylococcus_main_cfc7a7f2d5aaa465	EMB_onehot_C15	EMB_onehot_C19	27	37.0	+	+
tjupan_staphylococcus_main_cfc7a7f2d5aaa465	EMB_onehot_C05	EMB_onehot_C19	8	18.0	-	+
tjupan_staphylococcus_main_cfe8c3e56c2be986	EMB_onehot_C01	EMB_onehot_C19	33	43.0	-	+
tjupan_staphylococcus_main_cfe8c3e56c2be986	EMB_onehot_C01	EMB_onehot_C10	34	44.0	-	-
tjupan_staphylococcus_main_cfe8c3e56c2be986	EMB_onehot_C19	EMB_onehot_C10	-9	1.0	+	-
tjupan_staphylococcus_main_d1e2efe0499561bd	EMB_onehot_C15	EMB_onehot_C02	3	13.0	-	+
tjupan_staphylococcus_main_d7c1e89d43d06348	EMB_onehot_C16	EMB_onehot_C20	-5	5.0	-	-
tjupan_staphylococcus_main_d7c1e89d43d06348	EMB_onehot_C16	EMB_onehot_C11	-2	8.0	-	+
tjupan_staphylococcus_main_d7c1e89d43d06348	EMB_onehot_C16	EMB_onehot_C12	-1	9.0	-	-
tjupan_staphylococcus_main_d7c1e89d43d06348	EMB_onehot_C16	EMB_onehot_C23	1	11.0	-	-
tjupan_staphylococcus_main_d7c1e89d43d06348	EMB_onehot_C16	EMB_onehot_C01	3	13.0	-	-
tjupan_staphylococcus_main_d7c1e89d43d06348	EMB_onehot_C20	EMB_onehot_C11	-7	3.0	-	+
tjupan_staphylococcus_main_d7c1e89d43d06348	EMB_onehot_C20	EMB_onehot_C12	-6	4.0	-	-
tjupan_staphylococcus_main_d7c1e89d43d06348	EMB_onehot_C20	EMB_onehot_C23	-4	6.0	-	-
tjupan_staphylococcus_main_d7c1e89d43d06348	EMB_onehot_C20	EMB_onehot_C01	-2	8.0	-	-
tjupan_staphylococcus_main_d7c1e89d43d06348	EMB_onehot_C11	EMB_onehot_C12	-9	1.0	+	-
tjupan_staphylococcus_main_d7c1e89d43d06348	EMB_onehot_C11	EMB_onehot_C23	-7	3.0	+	-
tjupan_staphylococcus_main_d7c1e89d43d06348	EMB_onehot_C11	EMB_onehot_C01	-5	5.0	+	-
tjupan_staphylococcus_main_d7c1e89d43d06348	EMB_onehot_C12	EMB_onehot_C23	-8	2.0	-	-
tjupan_staphylococcus_main_d7c1e89d43d06348	EMB_onehot_C12	EMB_onehot_C01	-6	4.0	-	-
tjupan_staphylococcus_main_d7c1e89d43d06348	EMB_onehot_C23	EMB_onehot_C01	-8	2.0	-	-
tjupan_staphylococcus_main_d9fafbdb392461dc	EMB_onehot_C12	EMB_onehot_C23	-7	3.0	-	+
tjupan_staphylococcus_main_d9fafbdb392461dc	EMB_onehot_C12	EMB_onehot_C09	16	26.0	-	+
tjupan_staphylococcus_main_d9fafbdb392461dc	EMB_onehot_C12	EMB_onehot_C21	17	27.0	-	-
tjupan_staphylococcus_main_d9fafbdb392461dc	EMB_onehot_C12	EMB_onehot_C10	22	32.0	-	+
tjupan_staphylococcus_main_d9fafbdb392461dc	EMB_onehot_C12	EMB_onehot_C19	23	33.0	-	-
tjupan_staphylococcus_main_d9fafbdb392461dc	EMB_onehot_C12	EMB_onehot_C11	24	34.0	-	+
tjupan_staphylococcus_main_d9fafbdb392461dc	EMB_onehot_C12	EMB_onehot_C13	25	35.0	-	+
tjupan_staphylococcus_main_d9fafbdb392461dc	EMB_onehot_C12	EMB_onehot_C20	46	56.0	-	+
tjupan_staphylococcus_main_d9fafbdb392461dc	EMB_onehot_C23	EMB_onehot_C09	13	23.0	+	+
tjupan_staphylococcus_main_d9fafbdb392461dc	EMB_onehot_C23	EMB_onehot_C21	14	24.0	+	-
tjupan_staphylococcus_main_d9fafbdb392461dc	EMB_onehot_C23	EMB_onehot_C10	19	29.0	+	+
tjupan_staphylococcus_main_d9fafbdb392461dc	EMB_onehot_C23	EMB_onehot_C19	20	30.0	+	-
tjupan_staphylococcus_main_d9fafbdb392461dc	EMB_onehot_C23	EMB_onehot_C11	21	31.0	+	+
tjupan_staphylococcus_main_d9fafbdb392461dc	EMB_onehot_C23	EMB_onehot_C13	22	32.0	+	+
tjupan_staphylococcus_main_d9fafbdb392461dc	EMB_onehot_C23	EMB_onehot_C20	43	53.0	+	+
tjupan_staphylococcus_main_d9fafbdb392461dc	EMB_onehot_C09	EMB_onehot_C21	-9	1.0	+	-
tjupan_staphylococcus_main_d9fafbdb392461dc	EMB_onehot_C09	EMB_onehot_C10	-4	6.0	+	+
tjupan_staphylococcus_main_d9fafbdb392461dc	EMB_onehot_C09	EMB_onehot_C19	-3	7.0	+	-
tjupan_staphylococcus_main_d9fafbdb392461dc	EMB_onehot_C09	EMB_onehot_C11	-2	8.0	+	+
tjupan_staphylococcus_main_d9fafbdb392461dc	EMB_onehot_C09	EMB_onehot_C13	-1	9.0	+	+
tjupan_staphylococcus_main_d9fafbdb392461dc	EMB_onehot_C09	EMB_onehot_C20	20	30.0	+	+
tjupan_staphylococcus_main_d9fafbdb392461dc	EMB_onehot_C21	EMB_onehot_C10	-5	5.0	-	+
tjupan_staphylococcus_main_d9fafbdb392461dc	EMB_onehot_C21	EMB_onehot_C19	-4	6.0	-	-
tjupan_staphylococcus_main_d9fafbdb392461dc	EMB_onehot_C21	EMB_onehot_C11	-3	7.0	-	+
tjupan_staphylococcus_main_d9fafbdb392461dc	EMB_onehot_C21	EMB_onehot_C13	-2	8.0	-	+
tjupan_staphylococcus_main_d9fafbdb392461dc	EMB_onehot_C21	EMB_onehot_C20	19	29.0	-	+
tjupan_staphylococcus_main_d9fafbdb392461dc	EMB_onehot_C10	EMB_onehot_C19	-9	1.0	+	-
tjupan_staphylococcus_main_d9fafbdb392461dc	EMB_onehot_C10	EMB_onehot_C11	-8	2.0	+	+
tjupan_staphylococcus_main_d9fafbdb392461dc	EMB_onehot_C10	EMB_onehot_C13	-7	3.0	+	+
tjupan_staphylococcus_main_d9fafbdb392461dc	EMB_onehot_C10	EMB_onehot_C20	14	24.0	+	+
tjupan_staphylococcus_main_d9fafbdb392461dc	EMB_onehot_C19	EMB_onehot_C11	-9	1.0	-	+
tjupan_staphylococcus_main_d9fafbdb392461dc	EMB_onehot_C19	EMB_onehot_C13	-8	2.0	-	+
tjupan_staphylococcus_main_d9fafbdb392461dc	EMB_onehot_C19	EMB_onehot_C20	13	23.0	-	+
tjupan_staphylococcus_main_d9fafbdb392461dc	EMB_onehot_C11	EMB_onehot_C13	-9	1.0	+	+
tjupan_staphylococcus_main_d9fafbdb392461dc	EMB_onehot_C11	EMB_onehot_C20	12	22.0	+	+
tjupan_staphylococcus_main_d9fafbdb392461dc	EMB_onehot_C13	EMB_onehot_C20	11	21.0	+	+
tjupan_staphylococcus_main_dbc2b6962b226f48	EMB_onehot_C23	EMB_onehot_C12	-7	3.0	-	+
tjupan_staphylococcus_main_dbc2b6962b226f48	EMB_onehot_C23	EMB_onehot_C08	0	10.0	-	+
tjupan_staphylococcus_main_dbc2b6962b226f48	EMB_onehot_C23	EMB_onehot_C19	9	19.0	-	-
tjupan_staphylococcus_main_dbc2b6962b226f48	EMB_onehot_C12	EMB_onehot_C08	-3	7.0	+	+
tjupan_staphylococcus_main_dbc2b6962b226f48	EMB_onehot_C12	EMB_onehot_C19	6	16.0	+	-
tjupan_staphylococcus_main_dbc2b6962b226f48	EMB_onehot_C08	EMB_onehot_C19	-1	9.0	+	-
tjupan_staphylococcus_main_dbcf5cb591963cf5	EMB_onehot_C07	EMB_onehot_C10	-6	4.0	-	-
tjupan_staphylococcus_main_dbcf5cb591963cf5	EMB_onehot_C07	EMB_onehot_C04	13	23.0	-	-
tjupan_staphylococcus_main_dbcf5cb591963cf5	EMB_onehot_C07	EMB_onehot_C19	31	41.0	-	-
tjupan_staphylococcus_main_dbcf5cb591963cf5	EMB_onehot_C07	EMB_onehot_C11	32	42.0	-	+
tjupan_staphylococcus_main_dbcf5cb591963cf5	EMB_onehot_C07	EMB_onehot_C08	42	52.0	-	+
tjupan_staphylococcus_main_dbcf5cb591963cf5	EMB_onehot_C10	EMB_onehot_C04	9	19.0	-	-
tjupan_staphylococcus_main_dbcf5cb591963cf5	EMB_onehot_C10	EMB_onehot_C19	27	37.0	-	-
tjupan_staphylococcus_main_dbcf5cb591963cf5	EMB_onehot_C10	EMB_onehot_C11	28	38.0	-	+
tjupan_staphylococcus_main_dbcf5cb591963cf5	EMB_onehot_C10	EMB_onehot_C08	38	48.0	-	+
tjupan_staphylococcus_main_dbcf5cb591963cf5	EMB_onehot_C04	EMB_onehot_C19	8	18.0	-	-
tjupan_staphylococcus_main_dbcf5cb591963cf5	EMB_onehot_C04	EMB_onehot_C11	9	19.0	-	+
tjupan_staphylococcus_main_dbcf5cb591963cf5	EMB_onehot_C04	EMB_onehot_C08	19	29.0	-	+
tjupan_staphylococcus_main_dbcf5cb591963cf5	EMB_onehot_C19	EMB_onehot_C11	-9	1.0	-	+
tjupan_staphylococcus_main_dbcf5cb591963cf5	EMB_onehot_C19	EMB_onehot_C08	1	11.0	-	+
tjupan_staphylococcus_main_dbcf5cb591963cf5	EMB_onehot_C11	EMB_onehot_C08	0	10.0	+	+
tjupan_staphylococcus_main_dc73b4b29385d732	EMB_onehot_C15	EMB_onehot_C18	0	10.0	-	+
tjupan_staphylococcus_main_dc73b4b29385d732	EMB_onehot_C15	EMB_onehot_C08	16	26.0	-	-
tjupan_staphylococcus_main_dc73b4b29385d732	EMB_onehot_C15	EMB_onehot_C01	18	28.0	-	+
tjupan_staphylococcus_main_dc73b4b29385d732	EMB_onehot_C15	EMB_onehot_C12	20	30.0	-	-
tjupan_staphylococcus_main_dc73b4b29385d732	EMB_onehot_C15	EMB_onehot_C23	22	32.0	-	-
tjupan_staphylococcus_main_dc73b4b29385d732	EMB_onehot_C18	EMB_onehot_C08	6	16.0	+	-
tjupan_staphylococcus_main_dc73b4b29385d732	EMB_onehot_C18	EMB_onehot_C01	8	18.0	+	+
tjupan_staphylococcus_main_dc73b4b29385d732	EMB_onehot_C18	EMB_onehot_C12	10	20.0	+	-
tjupan_staphylococcus_main_dc73b4b29385d732	EMB_onehot_C18	EMB_onehot_C23	12	22.0	+	-
tjupan_staphylococcus_main_dc73b4b29385d732	EMB_onehot_C08	EMB_onehot_C01	-8	2.0	-	+
tjupan_staphylococcus_main_dc73b4b29385d732	EMB_onehot_C08	EMB_onehot_C12	-6	4.0	-	-
tjupan_staphylococcus_main_dc73b4b29385d732	EMB_onehot_C08	EMB_onehot_C23	-4	6.0	-	-
tjupan_staphylococcus_main_dc73b4b29385d732	EMB_onehot_C01	EMB_onehot_C12	-8	2.0	+	-
tjupan_staphylococcus_main_dc73b4b29385d732	EMB_onehot_C01	EMB_onehot_C23	-6	4.0	+	-
tjupan_staphylococcus_main_dc73b4b29385d732	EMB_onehot_C12	EMB_onehot_C23	-8	2.0	-	-
tjupan_staphylococcus_main_dce905404b18c5ea	EMB_onehot_C19	EMB_onehot_C04	7	17.0	+	+
tjupan_staphylococcus_main_dce905404b18c5ea	EMB_onehot_C19	EMB_onehot_C21	7	17.0	+	-
tjupan_staphylococcus_main_dce905404b18c5ea	EMB_onehot_C19	EMB_onehot_C22	8	18.0	+	-
tjupan_staphylococcus_main_dce905404b18c5ea	EMB_onehot_C19	EMB_onehot_C12	18	28.0	+	+
tjupan_staphylococcus_main_dce905404b18c5ea	EMB_onehot_C19	EMB_onehot_C23	21	31.0	+	+
tjupan_staphylococcus_main_dce905404b18c5ea	EMB_onehot_C19	EMB_onehot_C02	30	40.0	+	+
tjupan_staphylococcus_main_dce905404b18c5ea	EMB_onehot_C04	EMB_onehot_C21	-10	0.0	+	-
tjupan_staphylococcus_main_dce905404b18c5ea	EMB_onehot_C04	EMB_onehot_C22	-9	1.0	+	-
tjupan_staphylococcus_main_dce905404b18c5ea	EMB_onehot_C04	EMB_onehot_C12	1	11.0	+	+
tjupan_staphylococcus_main_dce905404b18c5ea	EMB_onehot_C04	EMB_onehot_C23	4	14.0	+	+
tjupan_staphylococcus_main_dce905404b18c5ea	EMB_onehot_C04	EMB_onehot_C02	13	23.0	+	+
tjupan_staphylococcus_main_dce905404b18c5ea	EMB_onehot_C21	EMB_onehot_C22	-9	1.0	-	-
tjupan_staphylococcus_main_dce905404b18c5ea	EMB_onehot_C21	EMB_onehot_C12	1	11.0	-	+
tjupan_staphylococcus_main_dce905404b18c5ea	EMB_onehot_C21	EMB_onehot_C23	4	14.0	-	+
tjupan_staphylococcus_main_dce905404b18c5ea	EMB_onehot_C21	EMB_onehot_C02	13	23.0	-	+
tjupan_staphylococcus_main_dce905404b18c5ea	EMB_onehot_C22	EMB_onehot_C12	0	10.0	-	+
tjupan_staphylococcus_main_dce905404b18c5ea	EMB_onehot_C22	EMB_onehot_C23	3	13.0	-	+
tjupan_staphylococcus_main_dce905404b18c5ea	EMB_onehot_C22	EMB_onehot_C02	12	22.0	-	+
tjupan_staphylococcus_main_dce905404b18c5ea	EMB_onehot_C12	EMB_onehot_C23	-7	3.0	+	+
tjupan_staphylococcus_main_dce905404b18c5ea	EMB_onehot_C12	EMB_onehot_C02	2	12.0	+	+
tjupan_staphylococcus_main_dce905404b18c5ea	EMB_onehot_C23	EMB_onehot_C02	-1	9.0	+	+
tjupan_staphylococcus_main_dd27ce09b3894937	EMB_onehot_C20	EMB_onehot_C10	-6	4.0	-	+
tjupan_staphylococcus_main_dd27ce09b3894937	EMB_onehot_C20	EMB_onehot_C01	14	24.0	-	-
tjupan_staphylococcus_main_dd27ce09b3894937	EMB_onehot_C20	EMB_onehot_C08	14	24.0	-	+
tjupan_staphylococcus_main_dd27ce09b3894937	EMB_onehot_C10	EMB_onehot_C01	10	20.0	+	-
tjupan_staphylococcus_main_dd27ce09b3894937	EMB_onehot_C10	EMB_onehot_C08	10	20.0	+	+
tjupan_staphylococcus_main_dd27ce09b3894937	EMB_onehot_C01	EMB_onehot_C08	-10	0.0	-	+
tjupan_staphylococcus_main_ddcde9fdab14e2c4	EMB_onehot_C10	EMB_onehot_C12	14	24.0	-	+
tjupan_staphylococcus_main_ddcde9fdab14e2c4	EMB_onehot_C10	EMB_onehot_C07	15	25.0	-	+
tjupan_staphylococcus_main_ddcde9fdab14e2c4	EMB_onehot_C10	EMB_onehot_C23	17	27.0	-	+
tjupan_staphylococcus_main_ddcde9fdab14e2c4	EMB_onehot_C12	EMB_onehot_C07	-9	1.0	+	+
tjupan_staphylococcus_main_ddcde9fdab14e2c4	EMB_onehot_C12	EMB_onehot_C23	-7	3.0	+	+
tjupan_staphylococcus_main_ddcde9fdab14e2c4	EMB_onehot_C07	EMB_onehot_C23	-8	2.0	+	+
tjupan_staphylococcus_main_e031fd3efb2783fc	EMB_onehot_C15	EMB_onehot_C12	0	10.0	+	-
tjupan_staphylococcus_main_e031fd3efb2783fc	EMB_onehot_C15	EMB_onehot_C23	2	12.0	+	-
tjupan_staphylococcus_main_e031fd3efb2783fc	EMB_onehot_C15	EMB_onehot_C16	15	25.0	+	+
tjupan_staphylococcus_main_e031fd3efb2783fc	EMB_onehot_C12	EMB_onehot_C23	-8	2.0	-	-
tjupan_staphylococcus_main_e031fd3efb2783fc	EMB_onehot_C12	EMB_onehot_C16	5	15.0	-	+
tjupan_staphylococcus_main_e031fd3efb2783fc	EMB_onehot_C23	EMB_onehot_C16	3	13.0	-	+
tjupan_staphylococcus_main_e18e04595f6672c0	EMB_onehot_C16	EMB_onehot_C20	-5	5.0	-	-
tjupan_staphylococcus_main_e18e04595f6672c0	EMB_onehot_C16	EMB_onehot_C11	-2	8.0	-	+
tjupan_staphylococcus_main_e18e04595f6672c0	EMB_onehot_C16	EMB_onehot_C12	-1	9.0	-	-
tjupan_staphylococcus_main_e18e04595f6672c0	EMB_onehot_C16	EMB_onehot_C23	1	11.0	-	-
tjupan_staphylococcus_main_e18e04595f6672c0	EMB_onehot_C16	EMB_onehot_C01	3	13.0	-	-
tjupan_staphylococcus_main_e18e04595f6672c0	EMB_onehot_C20	EMB_onehot_C11	-7	3.0	-	+
tjupan_staphylococcus_main_e18e04595f6672c0	EMB_onehot_C20	EMB_onehot_C12	-6	4.0	-	-
tjupan_staphylococcus_main_e18e04595f6672c0	EMB_onehot_C20	EMB_onehot_C23	-4	6.0	-	-
tjupan_staphylococcus_main_e18e04595f6672c0	EMB_onehot_C20	EMB_onehot_C01	-2	8.0	-	-
tjupan_staphylococcus_main_e18e04595f6672c0	EMB_onehot_C11	EMB_onehot_C12	-9	1.0	+	-
tjupan_staphylococcus_main_e18e04595f6672c0	EMB_onehot_C11	EMB_onehot_C23	-7	3.0	+	-
tjupan_staphylococcus_main_e18e04595f6672c0	EMB_onehot_C11	EMB_onehot_C01	-5	5.0	+	-
tjupan_staphylococcus_main_e18e04595f6672c0	EMB_onehot_C12	EMB_onehot_C23	-8	2.0	-	-
tjupan_staphylococcus_main_e18e04595f6672c0	EMB_onehot_C12	EMB_onehot_C01	-6	4.0	-	-
tjupan_staphylococcus_main_e18e04595f6672c0	EMB_onehot_C23	EMB_onehot_C01	-8	2.0	-	-
tjupan_staphylococcus_main_e20b446267709640	EMB_onehot_C12	EMB_onehot_C07	16	26.0	-	+
tjupan_staphylococcus_main_e20b446267709640	EMB_onehot_C12	EMB_onehot_C23	18	28.0	-	+
tjupan_staphylococcus_main_e20b446267709640	EMB_onehot_C07	EMB_onehot_C23	-8	2.0	+	+
tjupan_staphylococcus_main_e4daad4437d7ce32	EMB_onehot_C07	EMB_onehot_C17	-10	0.0	-	+
tjupan_staphylococcus_main_e4daad4437d7ce32	EMB_onehot_C07	EMB_onehot_C23	16	26.0	-	+
tjupan_staphylococcus_main_e4daad4437d7ce32	EMB_onehot_C07	EMB_onehot_C06	24	34.0	-	-
tjupan_staphylococcus_main_e4daad4437d7ce32	EMB_onehot_C07	EMB_onehot_C08	28	38.0	-	-
tjupan_staphylococcus_main_e4daad4437d7ce32	EMB_onehot_C07	EMB_onehot_C02	30	40.0	-	-
tjupan_staphylococcus_main_e4daad4437d7ce32	EMB_onehot_C07	EMB_onehot_C10	51	61.0	-	-
tjupan_staphylococcus_main_e4daad4437d7ce32	EMB_onehot_C17	EMB_onehot_C23	16	26.0	+	+
tjupan_staphylococcus_main_e4daad4437d7ce32	EMB_onehot_C17	EMB_onehot_C06	24	34.0	+	-
tjupan_staphylococcus_main_e4daad4437d7ce32	EMB_onehot_C17	EMB_onehot_C08	28	38.0	+	-
tjupan_staphylococcus_main_e4daad4437d7ce32	EMB_onehot_C17	EMB_onehot_C02	30	40.0	+	-
tjupan_staphylococcus_main_e4daad4437d7ce32	EMB_onehot_C17	EMB_onehot_C10	51	61.0	+	-
tjupan_staphylococcus_main_e4daad4437d7ce32	EMB_onehot_C23	EMB_onehot_C06	-2	8.0	+	-
tjupan_staphylococcus_main_e4daad4437d7ce32	EMB_onehot_C23	EMB_onehot_C08	2	12.0	+	-
tjupan_staphylococcus_main_e4daad4437d7ce32	EMB_onehot_C23	EMB_onehot_C02	4	14.0	+	-
tjupan_staphylococcus_main_e4daad4437d7ce32	EMB_onehot_C23	EMB_onehot_C10	25	35.0	+	-
tjupan_staphylococcus_main_e4daad4437d7ce32	EMB_onehot_C06	EMB_onehot_C08	-6	4.0	-	-
tjupan_staphylococcus_main_e4daad4437d7ce32	EMB_onehot_C06	EMB_onehot_C02	-4	6.0	-	-
tjupan_staphylococcus_main_e4daad4437d7ce32	EMB_onehot_C06	EMB_onehot_C10	17	27.0	-	-
tjupan_staphylococcus_main_e4daad4437d7ce32	EMB_onehot_C08	EMB_onehot_C02	-8	2.0	-	-
tjupan_staphylococcus_main_e4daad4437d7ce32	EMB_onehot_C08	EMB_onehot_C10	13	23.0	-	-
tjupan_staphylococcus_main_e4daad4437d7ce32	EMB_onehot_C02	EMB_onehot_C10	11	21.0	-	-
tjupan_staphylococcus_main_e8c88bc86aaba30f	EMB_onehot_C01	EMB_onehot_C03	2	12.0	+	-
tjupan_staphylococcus_main_e8c88bc86aaba30f	EMB_onehot_C01	EMB_onehot_C15	8	18.0	+	-
tjupan_staphylococcus_main_e8c88bc86aaba30f	EMB_onehot_C01	EMB_onehot_C06	9	19.0	+	-
tjupan_staphylococcus_main_e8c88bc86aaba30f	EMB_onehot_C01	EMB_onehot_C11	13	23.0	+	-
tjupan_staphylococcus_main_e8c88bc86aaba30f	EMB_onehot_C03	EMB_onehot_C15	-4	6.0	-	-
tjupan_staphylococcus_main_e8c88bc86aaba30f	EMB_onehot_C03	EMB_onehot_C06	-3	7.0	-	-
tjupan_staphylococcus_main_e8c88bc86aaba30f	EMB_onehot_C03	EMB_onehot_C11	1	11.0	-	-
tjupan_staphylococcus_main_e8c88bc86aaba30f	EMB_onehot_C15	EMB_onehot_C06	-9	1.0	-	-
tjupan_staphylococcus_main_e8c88bc86aaba30f	EMB_onehot_C15	EMB_onehot_C11	-5	5.0	-	-
tjupan_staphylococcus_main_e8c88bc86aaba30f	EMB_onehot_C06	EMB_onehot_C11	-6	4.0	-	-
tjupan_staphylococcus_main_e9228e13b8c60a49	EMB_onehot_C10	EMB_onehot_C07	-8	2.0	+	-
tjupan_staphylococcus_main_e9228e13b8c60a49	EMB_onehot_C10	EMB_onehot_C11	-6	4.0	+	-
tjupan_staphylococcus_main_e9228e13b8c60a49	EMB_onehot_C10	EMB_onehot_C19	-5	5.0	+	+
tjupan_staphylococcus_main_e9228e13b8c60a49	EMB_onehot_C07	EMB_onehot_C11	-8	2.0	-	-
tjupan_staphylococcus_main_e9228e13b8c60a49	EMB_onehot_C07	EMB_onehot_C19	-7	3.0	-	+
tjupan_staphylococcus_main_e9228e13b8c60a49	EMB_onehot_C11	EMB_onehot_C19	-9	1.0	-	+
tjupan_staphylococcus_main_ea3222325d4fb440	EMB_onehot_C13	EMB_onehot_C15	-4	6.0	+	+
tjupan_staphylococcus_main_eadf5d0c38f44d89	EMB_onehot_C23	EMB_onehot_C12	15	25.0	+	-
tjupan_staphylococcus_main_eadf5d0c38f44d89	EMB_onehot_C23	EMB_onehot_C07	16	26.0	+	+
tjupan_staphylococcus_main_eadf5d0c38f44d89	EMB_onehot_C23	EMB_onehot_C10	18	28.0	+	-
tjupan_staphylococcus_main_eadf5d0c38f44d89	EMB_onehot_C23	EMB_onehot_C08	19	29.0	+	+
tjupan_staphylococcus_main_eadf5d0c38f44d89	EMB_onehot_C12	EMB_onehot_C07	-9	1.0	-	+
tjupan_staphylococcus_main_eadf5d0c38f44d89	EMB_onehot_C12	EMB_onehot_C10	-7	3.0	-	-
tjupan_staphylococcus_main_eadf5d0c38f44d89	EMB_onehot_C12	EMB_onehot_C08	-6	4.0	-	+
tjupan_staphylococcus_main_eadf5d0c38f44d89	EMB_onehot_C07	EMB_onehot_C10	-8	2.0	+	-
tjupan_staphylococcus_main_eadf5d0c38f44d89	EMB_onehot_C07	EMB_onehot_C08	-7	3.0	+	+
tjupan_staphylococcus_main_eadf5d0c38f44d89	EMB_onehot_C10	EMB_onehot_C08	-9	1.0	-	+
tjupan_staphylococcus_main_ec435c414aafdb31	EMB_onehot_C03	EMB_onehot_C23	-3	7.0	+	-
tjupan_staphylococcus_main_ec435c414aafdb31	EMB_onehot_C03	EMB_onehot_C07	21	31.0	+	+
tjupan_staphylococcus_main_ec435c414aafdb31	EMB_onehot_C03	EMB_onehot_C06	39	49.0	+	+
tjupan_staphylococcus_main_ec435c414aafdb31	EMB_onehot_C23	EMB_onehot_C07	14	24.0	-	+
tjupan_staphylococcus_main_ec435c414aafdb31	EMB_onehot_C23	EMB_onehot_C06	32	42.0	-	+
tjupan_staphylococcus_main_ec435c414aafdb31	EMB_onehot_C07	EMB_onehot_C06	8	18.0	+	+
tjupan_staphylococcus_main_ec650576c6c153b4	EMB_onehot_C19	EMB_onehot_C10	-6	4.0	+	+
tjupan_staphylococcus_main_ec650576c6c153b4	EMB_onehot_C19	EMB_onehot_C12	-3	7.0	+	-
tjupan_staphylococcus_main_ec650576c6c153b4	EMB_onehot_C19	EMB_onehot_C17	24	34.0	+	+
tjupan_staphylococcus_main_ec650576c6c153b4	EMB_onehot_C19	EMB_onehot_C08	37	47.0	+	+
tjupan_staphylococcus_main_ec650576c6c153b4	EMB_onehot_C10	EMB_onehot_C12	-7	3.0	+	-
tjupan_staphylococcus_main_ec650576c6c153b4	EMB_onehot_C10	EMB_onehot_C17	20	30.0	+	+
tjupan_staphylococcus_main_ec650576c6c153b4	EMB_onehot_C10	EMB_onehot_C08	33	43.0	+	+
tjupan_staphylococcus_main_ec650576c6c153b4	EMB_onehot_C12	EMB_onehot_C17	17	27.0	-	+
tjupan_staphylococcus_main_ec650576c6c153b4	EMB_onehot_C12	EMB_onehot_C08	30	40.0	-	+
tjupan_staphylococcus_main_ec650576c6c153b4	EMB_onehot_C17	EMB_onehot_C08	3	13.0	+	+
tjupan_staphylococcus_main_ee81a50aeb760ffd	EMB_onehot_C09	EMB_onehot_C12	34	44.0	-	+
tjupan_staphylococcus_main_ef357c8972740b1b	EMB_onehot_C18	EMB_onehot_C23	-8	2.0	-	+
tjupan_staphylococcus_main_ef357c8972740b1b	EMB_onehot_C18	EMB_onehot_C14	-7	3.0	-	+
tjupan_staphylococcus_main_ef357c8972740b1b	EMB_onehot_C18	EMB_onehot_C12	31	41.0	-	-
tjupan_staphylococcus_main_ef357c8972740b1b	EMB_onehot_C18	EMB_onehot_C07	43	53.0	-	-
tjupan_staphylococcus_main_ef357c8972740b1b	EMB_onehot_C18	EMB_onehot_C17	43	53.0	-	+
tjupan_staphylococcus_main_ef357c8972740b1b	EMB_onehot_C18	EMB_onehot_C21	46	56.0	-	-
tjupan_staphylococcus_main_ef357c8972740b1b	EMB_onehot_C18	EMB_onehot_C04	53	63.0	-	-
tjupan_staphylococcus_main_ef357c8972740b1b	EMB_onehot_C23	EMB_onehot_C14	-9	1.0	+	+
tjupan_staphylococcus_main_ef357c8972740b1b	EMB_onehot_C23	EMB_onehot_C12	29	39.0	+	-
tjupan_staphylococcus_main_ef357c8972740b1b	EMB_onehot_C23	EMB_onehot_C07	41	51.0	+	-
tjupan_staphylococcus_main_ef357c8972740b1b	EMB_onehot_C23	EMB_onehot_C17	41	51.0	+	+
tjupan_staphylococcus_main_ef357c8972740b1b	EMB_onehot_C23	EMB_onehot_C21	44	54.0	+	-
tjupan_staphylococcus_main_ef357c8972740b1b	EMB_onehot_C23	EMB_onehot_C04	51	61.0	+	-
tjupan_staphylococcus_main_ef357c8972740b1b	EMB_onehot_C14	EMB_onehot_C12	28	38.0	+	-
tjupan_staphylococcus_main_ef357c8972740b1b	EMB_onehot_C14	EMB_onehot_C07	40	50.0	+	-
tjupan_staphylococcus_main_ef357c8972740b1b	EMB_onehot_C14	EMB_onehot_C17	40	50.0	+	+
tjupan_staphylococcus_main_ef357c8972740b1b	EMB_onehot_C14	EMB_onehot_C21	43	53.0	+	-
tjupan_staphylococcus_main_ef357c8972740b1b	EMB_onehot_C14	EMB_onehot_C04	50	60.0	+	-
tjupan_staphylococcus_main_ef357c8972740b1b	EMB_onehot_C12	EMB_onehot_C07	2	12.0	-	-
tjupan_staphylococcus_main_ef357c8972740b1b	EMB_onehot_C12	EMB_onehot_C17	2	12.0	-	+
tjupan_staphylococcus_main_ef357c8972740b1b	EMB_onehot_C12	EMB_onehot_C21	5	15.0	-	-
tjupan_staphylococcus_main_ef357c8972740b1b	EMB_onehot_C12	EMB_onehot_C04	12	22.0	-	-
tjupan_staphylococcus_main_ef357c8972740b1b	EMB_onehot_C07	EMB_onehot_C17	-10	0.0	-	+
tjupan_staphylococcus_main_ef357c8972740b1b	EMB_onehot_C07	EMB_onehot_C21	-7	3.0	-	-
tjupan_staphylococcus_main_ef357c8972740b1b	EMB_onehot_C07	EMB_onehot_C04	0	10.0	-	-
tjupan_staphylococcus_main_ef357c8972740b1b	EMB_onehot_C17	EMB_onehot_C21	-7	3.0	+	-
tjupan_staphylococcus_main_ef357c8972740b1b	EMB_onehot_C17	EMB_onehot_C04	0	10.0	+	-
tjupan_staphylococcus_main_ef357c8972740b1b	EMB_onehot_C21	EMB_onehot_C04	-3	7.0	-	-
tjupan_staphylococcus_main_f12c204fc9203964	EMB_onehot_C05	EMB_onehot_C12	-5	5.0	+	-
tjupan_staphylococcus_main_f12c204fc9203964	EMB_onehot_C05	EMB_onehot_C18	-4	6.0	+	+
tjupan_staphylococcus_main_f12c204fc9203964	EMB_onehot_C05	EMB_onehot_C00	40	50.0	+	+
tjupan_staphylococcus_main_f12c204fc9203964	EMB_onehot_C12	EMB_onehot_C18	-9	1.0	-	+
tjupan_staphylococcus_main_f12c204fc9203964	EMB_onehot_C12	EMB_onehot_C00	35	45.0	-	+
tjupan_staphylococcus_main_f12c204fc9203964	EMB_onehot_C18	EMB_onehot_C00	34	44.0	+	+
tjupan_staphylococcus_main_f1b0252d8eeb589b	EMB_onehot_C17	EMB_onehot_C13	24	34.0	-	+
tjupan_staphylococcus_main_f1b0252d8eeb589b	EMB_onehot_C17	EMB_onehot_C19	26	36.0	-	+
tjupan_staphylococcus_main_f1b0252d8eeb589b	EMB_onehot_C17	EMB_onehot_C08	29	39.0	-	-
tjupan_staphylococcus_main_f1b0252d8eeb589b	EMB_onehot_C17	EMB_onehot_C10	30	40.0	-	+
tjupan_staphylococcus_main_f1b0252d8eeb589b	EMB_onehot_C17	EMB_onehot_C01	31	41.0	-	+
tjupan_staphylococcus_main_f1b0252d8eeb589b	EMB_onehot_C13	EMB_onehot_C19	-8	2.0	+	+
tjupan_staphylococcus_main_f1b0252d8eeb589b	EMB_onehot_C13	EMB_onehot_C08	-5	5.0	+	-
tjupan_staphylococcus_main_f1b0252d8eeb589b	EMB_onehot_C13	EMB_onehot_C10	-4	6.0	+	+
tjupan_staphylococcus_main_f1b0252d8eeb589b	EMB_onehot_C13	EMB_onehot_C01	-3	7.0	+	+
tjupan_staphylococcus_main_f1b0252d8eeb589b	EMB_onehot_C19	EMB_onehot_C08	-7	3.0	+	-
tjupan_staphylococcus_main_f1b0252d8eeb589b	EMB_onehot_C19	EMB_onehot_C10	-6	4.0	+	+
tjupan_staphylococcus_main_f1b0252d8eeb589b	EMB_onehot_C19	EMB_onehot_C01	-5	5.0	+	+
tjupan_staphylococcus_main_f1b0252d8eeb589b	EMB_onehot_C08	EMB_onehot_C10	-9	1.0	-	+
tjupan_staphylococcus_main_f1b0252d8eeb589b	EMB_onehot_C08	EMB_onehot_C01	-8	2.0	-	+
tjupan_staphylococcus_main_f1b0252d8eeb589b	EMB_onehot_C10	EMB_onehot_C01	-9	1.0	+	+
tjupan_staphylococcus_main_f224ea13988afb75	EMB_onehot_C18	EMB_onehot_C04	1	11.0	+	-
tjupan_staphylococcus_main_f224ea13988afb75	EMB_onehot_C18	EMB_onehot_C10	14	24.0	+	+
tjupan_staphylococcus_main_f224ea13988afb75	EMB_onehot_C18	EMB_onehot_C12	17	27.0	+	-
tjupan_staphylococcus_main_f224ea13988afb75	EMB_onehot_C04	EMB_onehot_C10	3	13.0	-	+
tjupan_staphylococcus_main_f224ea13988afb75	EMB_onehot_C04	EMB_onehot_C12	6	16.0	-	-
tjupan_staphylococcus_main_f224ea13988afb75	EMB_onehot_C10	EMB_onehot_C12	-7	3.0	+	-
tjupan_staphylococcus_main_f46801c20f702136	EMB_onehot_C19	EMB_onehot_C21	-9	1.0	-	+
tjupan_staphylococcus_main_f46801c20f702136	EMB_onehot_C19	EMB_onehot_C09	-8	2.0	-	-
tjupan_staphylococcus_main_f46801c20f702136	EMB_onehot_C19	EMB_onehot_C13	-8	2.0	-	+
tjupan_staphylococcus_main_f46801c20f702136	EMB_onehot_C19	EMB_onehot_C11	-3	7.0	-	+
tjupan_staphylococcus_main_f46801c20f702136	EMB_onehot_C19	EMB_onehot_C15	17	27.0	-	-
tjupan_staphylococcus_main_f46801c20f702136	EMB_onehot_C21	EMB_onehot_C09	-9	1.0	+	-
tjupan_staphylococcus_main_f46801c20f702136	EMB_onehot_C21	EMB_onehot_C13	-9	1.0	+	+
tjupan_staphylococcus_main_f46801c20f702136	EMB_onehot_C21	EMB_onehot_C11	-4	6.0	+	+
tjupan_staphylococcus_main_f46801c20f702136	EMB_onehot_C21	EMB_onehot_C15	16	26.0	+	-
tjupan_staphylococcus_main_f46801c20f702136	EMB_onehot_C09	EMB_onehot_C13	-10	0.0	-	+
tjupan_staphylococcus_main_f46801c20f702136	EMB_onehot_C09	EMB_onehot_C11	-5	5.0	-	+
tjupan_staphylococcus_main_f46801c20f702136	EMB_onehot_C09	EMB_onehot_C15	15	25.0	-	-
tjupan_staphylococcus_main_f46801c20f702136	EMB_onehot_C13	EMB_onehot_C11	-5	5.0	+	+
tjupan_staphylococcus_main_f46801c20f702136	EMB_onehot_C13	EMB_onehot_C15	15	25.0	+	-
tjupan_staphylococcus_main_f46801c20f702136	EMB_onehot_C11	EMB_onehot_C15	10	20.0	+	-
tjupan_staphylococcus_main_f5da1ec41a6ad562	EMB_onehot_C10	EMB_onehot_C23	-4	6.0	+	+
tjupan_staphylococcus_main_f99d7bf95b89026f	EMB_onehot_C22	EMB_onehot_C00	5	15.0	+	-
tjupan_staphylococcus_main_f99d7bf95b89026f	EMB_onehot_C22	EMB_onehot_C12	13	23.0	+	-
tjupan_staphylococcus_main_f99d7bf95b89026f	EMB_onehot_C22	EMB_onehot_C23	41	51.0	+	+
tjupan_staphylococcus_main_f99d7bf95b89026f	EMB_onehot_C22	EMB_onehot_C10	43	53.0	+	-
tjupan_staphylococcus_main_f99d7bf95b89026f	EMB_onehot_C00	EMB_onehot_C12	-2	8.0	-	-
tjupan_staphylococcus_main_f99d7bf95b89026f	EMB_onehot_C00	EMB_onehot_C23	26	36.0	-	+
tjupan_staphylococcus_main_f99d7bf95b89026f	EMB_onehot_C00	EMB_onehot_C10	28	38.0	-	-
tjupan_staphylococcus_main_f99d7bf95b89026f	EMB_onehot_C12	EMB_onehot_C23	18	28.0	-	+
tjupan_staphylococcus_main_f99d7bf95b89026f	EMB_onehot_C12	EMB_onehot_C10	20	30.0	-	-
tjupan_staphylococcus_main_f99d7bf95b89026f	EMB_onehot_C23	EMB_onehot_C10	-8	2.0	+	-
tjupan_staphylococcus_main_fa31cf4f60c0f1dc	EMB_onehot_C23	EMB_onehot_C12	15	25.0	+	-
tjupan_staphylococcus_main_fa31cf4f60c0f1dc	EMB_onehot_C23	EMB_onehot_C07	16	26.0	+	+
tjupan_staphylococcus_main_fa31cf4f60c0f1dc	EMB_onehot_C23	EMB_onehot_C10	18	28.0	+	-
tjupan_staphylococcus_main_fa31cf4f60c0f1dc	EMB_onehot_C23	EMB_onehot_C08	19	29.0	+	+
tjupan_staphylococcus_main_fa31cf4f60c0f1dc	EMB_onehot_C12	EMB_onehot_C07	-9	1.0	-	+
tjupan_staphylococcus_main_fa31cf4f60c0f1dc	EMB_onehot_C12	EMB_onehot_C10	-7	3.0	-	-
tjupan_staphylococcus_main_fa31cf4f60c0f1dc	EMB_onehot_C12	EMB_onehot_C08	-6	4.0	-	+
tjupan_staphylococcus_main_fa31cf4f60c0f1dc	EMB_onehot_C07	EMB_onehot_C10	-8	2.0	+	-
tjupan_staphylococcus_main_fa31cf4f60c0f1dc	EMB_onehot_C07	EMB_onehot_C08	-7	3.0	+	+
tjupan_staphylococcus_main_fa31cf4f60c0f1dc	EMB_onehot_C10	EMB_onehot_C08	-9	1.0	-	+
tjupan_staphylococcus_main_faa6c6784b7e889b	EMB_onehot_C22	EMB_onehot_C07	1	11.0	+	+
tjupan_staphylococcus_main_faa6c6784b7e889b	EMB_onehot_C22	EMB_onehot_C16	51	61.0	+	-
tjupan_staphylococcus_main_faa6c6784b7e889b	EMB_onehot_C22	EMB_onehot_C14	52	62.0	+	+
tjupan_staphylococcus_main_faa6c6784b7e889b	EMB_onehot_C07	EMB_onehot_C16	40	50.0	+	-
tjupan_staphylococcus_main_faa6c6784b7e889b	EMB_onehot_C07	EMB_onehot_C14	41	51.0	+	+
tjupan_staphylococcus_main_faa6c6784b7e889b	EMB_onehot_C16	EMB_onehot_C14	-9	1.0	-	+
tjupan_staphylococcus_main_fad5f5a9ccd211e1	EMB_onehot_C11	EMB_onehot_C09	25	35.0	-	-
tjupan_staphylococcus_main_ff0eae9c3d1b5554	EMB_onehot_C18	EMB_onehot_C04	1	11.0	+	-
tjupan_staphylococcus_main_ff0eae9c3d1b5554	EMB_onehot_C18	EMB_onehot_C10	14	24.0	+	+
tjupan_staphylococcus_main_ff0eae9c3d1b5554	EMB_onehot_C18	EMB_onehot_C12	17	27.0	+	-
tjupan_staphylococcus_main_ff0eae9c3d1b5554	EMB_onehot_C04	EMB_onehot_C10	3	13.0	-	+
tjupan_staphylococcus_main_ff0eae9c3d1b5554	EMB_onehot_C04	EMB_onehot_C12	6	16.0	-	-
tjupan_staphylococcus_main_ff0eae9c3d1b5554	EMB_onehot_C10	EMB_onehot_C12	-7	3.0	+	-
tjupan_staphylococcus_main_ffeb58d22b2935f4	EMB_onehot_C20	EMB_onehot_C11	-7	3.0	-	+
tjupan_staphylococcus_main_ffeb58d22b2935f4	EMB_onehot_C20	EMB_onehot_C12	19	29.0	-	+
tjupan_staphylococcus_main_ffeb58d22b2935f4	EMB_onehot_C20	EMB_onehot_C02	27	37.0	-	+
tjupan_staphylococcus_main_ffeb58d22b2935f4	EMB_onehot_C11	EMB_onehot_C12	16	26.0	+	+
tjupan_staphylococcus_main_ffeb58d22b2935f4	EMB_onehot_C11	EMB_onehot_C02	24	34.0	+	+
tjupan_staphylococcus_main_ffeb58d22b2935f4	EMB_onehot_C12	EMB_onehot_C02	-2	8.0	+	+
