sequence_id	upstream	downstream	gap	center_distance	up_strand	down_strand
tjupan_staphylococcus_main_008ebdfd3755b914	EMB_onehot_C02	EMB_onehot_C01	-9	1.0	+	+
tjupan_staphylococcus_main_008ebdfd3755b914	EMB_onehot_C02	EMB_onehot_C05	-9	1.0	+	-
tjupan_staphylococcus_main_008ebdfd3755b914	EMB_onehot_C02	EMB_onehot_C06	-8	2.0	+	-
tjupan_staphylococcus_main_008ebdfd3755b914	EMB_onehot_C02	EMB_onehot_C10	5	15.0	+	-
tjupan_staphylococcus_main_008ebdfd3755b914	EMB_onehot_C02	EMB_onehot_C04	6	16.0	+	+
tjupan_staphylococcus_main_008ebdfd3755b914	EMB_onehot_C02	EMB_onehot_C20	7	17.0	+	+
tjupan_staphylococcus_main_008ebdfd3755b914	EMB_onehot_C02	EMB_onehot_C00	25	35.0	+	+
tjupan_staphylococcus_main_008ebdfd3755b914	EMB_onehot_C02	EMB_onehot_C07	35	45.0	+	+
tjupan_staphylococcus_main_008ebdfd3755b914	EMB_onehot_C02	EMB_onehot_C15	38	48.0	+	-
tjupan_staphylococcus_main_008ebdfd3755b914	EMB_onehot_C02	EMB_onehot_C16	41	51.0	+	+
tjupan_staphylococcus_main_008ebdfd3755b914	EMB_onehot_C01	EMB_onehot_C05	-10	0.0	+	-
tjupan_staphylococcus_main_008ebdfd3755b914	EMB_onehot_C01	EMB_onehot_C06	-9	1.0	+	-
tjupan_staphylococcus_main_008ebdfd3755b914	EMB_onehot_C01	EMB_onehot_C10	4	14.0	+	-
tjupan_staphylococcus_main_008ebdfd3755b914	EMB_onehot_C01	EMB_onehot_C04	5	15.0	+	+
tjupan_staphylococcus_main_008ebdfd3755b914	EMB_onehot_C01	EMB_onehot_C20	6	16.0	+	+
tjupan_staphylococcus_main_008ebdfd3755b914	EMB_onehot_C01	EMB_onehot_C00	24	34.0	+	+
tjupan_staphylococcus_main_008ebdfd3755b914	EMB_onehot_C01	EMB_onehot_C07	34	44.0	+	+
tjupan_staphylococcus_main_008ebdfd3755b914	EMB_onehot_C01	EMB_onehot_C15	37	47.0	+	-
tjupan_staphylococcus_main_008ebdfd3755b914	EMB_onehot_C01	EMB_onehot_C16	40	50.0	+	+
tjupan_staphylococcus_main_008ebdfd3755b914	EMB_onehot_C05	EMB_onehot_C06	-9	1.0	-	-
tjupan_staphylococcus_main_008ebdfd3755b914	EMB_onehot_C05	EMB_onehot_C10	4	14.0	-	-
tjupan_staphylococcus_main_008ebdfd3755b914	EMB_onehot_C05	EMB_onehot_C04	5	15.0	-	+
tjupan_staphylococcus_main_008ebdfd3755b914	EMB_onehot_C05	EMB_onehot_C20	6	16.0	-	+
tjupan_staphylococcus_main_008ebdfd3755b914	EMB_onehot_C05	EMB_onehot_C00	24	34.0	-	+
tjupan_staphylococcus_main_008ebdfd3755b914	EMB_onehot_C05	EMB_onehot_C07	34	44.0	-	+
tjupan_staphylococcus_main_008ebdfd3755b914	EMB_onehot_C05	EMB_onehot_C15	37	47.0	-	-
tjupan_staphylococcus_main_008ebdfd3755b914	EMB_onehot_C05	EMB_onehot_C16	40	50.0	-	+
tjupan_staphylococcus_main_008ebdfd3755b914	EMB_onehot_C06	EMB_onehot_C10	3	13.0	-	-
tjupan_staphylococcus_main_008ebdfd3755b914	EMB_onehot_C06	EMB_onehot_C04	4	14.0	-	+
tjupan_staphylococcus_main_008ebdfd3755b914	EMB_onehot_C06	EMB_onehot_C20	5	15.0	-	+
tjupan_staphylococcus_main_008ebdfd3755b914	EMB_onehot_C06	EMB_onehot_C00	23	33.0	-	+
tjupan_staphylococcus_main_008ebdfd3755b914	EMB_onehot_C06	EMB_onehot_C07	33	43.0	-	+
tjupan_staphylococcus_main_008ebdfd3755b914	EMB_onehot_C06	EMB_onehot_C15	36	46.0	-	-
tjupan_staphylococcus_main_008ebdfd3755b914	EMB_onehot_C06	EMB_onehot_C16	39	49.0	-	+
tjupan_staphylococcus_main_008ebdfd3755b914	EMB_onehot_C10	EMB_onehot_C04	-9	1.0	-	+
tjupan_staphylococcus_main_008ebdfd3755b914	EMB_onehot_C10	EMB_onehot_C20	-8	2.0	-	+
tjupan_staphylococcus_main_008ebdfd3755b914	EMB_onehot_C10	EMB_onehot_C00	10	20.0	-	+
tjupan_staphylococcus_main_008ebdfd3755b914	EMB_onehot_C10	EMB_onehot_C07	20	30.0	-	+
tjupan_staphylococcus_main_008ebdfd3755b914	EMB_onehot_C10	EMB_onehot_C15	23	33.0	-	-
tjupan_staphylococcus_main_008ebdfd3755b914	EMB_onehot_C10	EMB_onehot_C16	26	36.0	-	+
tjupan_staphylococcus_main_008ebdfd3755b914	EMB_onehot_C04	EMB_onehot_C20	-9	1.0	+	+
tjupan_staphylococcus_main_008ebdfd3755b914	EMB_onehot_C04	EMB_onehot_C00	9	19.0	+	+
tjupan_staphylococcus_main_008ebdfd3755b914	EMB_onehot_C04	EMB_onehot_C07	19	29.0	+	+
tjupan_staphylococcus_main_008ebdfd3755b914	EMB_onehot_C04	EMB_onehot_C15	22	32.0	+	-
tjupan_staphylococcus_main_008ebdfd3755b914	EMB_onehot_C04	EMB_onehot_C16	25	35.0	+	+
tjupan_staphylococcus_main_008ebdfd3755b914	EMB_onehot_C20	EMB_onehot_C00	8	18.0	+	+
tjupan_staphylococcus_main_008ebdfd3755b914	EMB_onehot_C20	EMB_onehot_C07	18	28.0	+	+
tjupan_staphylococcus_main_008ebdfd3755b914	EMB_onehot_C20	EMB_onehot_C15	21	31.0	+	-
tjupan_staphylococcus_main_008ebdfd3755b914	EMB_onehot_C20	EMB_onehot_C16	24	34.0	+	+
tjupan_staphylococcus_main_008ebdfd3755b914	EMB_onehot_C00	EMB_onehot_C07	0	10.0	+	+
tjupan_staphylococcus_main_008ebdfd3755b914	EMB_onehot_C00	EMB_onehot_C15	3	13.0	+	-
tjupan_staphylococcus_main_008ebdfd3755b914	EMB_onehot_C00	EMB_onehot_C16	6	16.0	+	+
tjupan_staphylococcus_main_008ebdfd3755b914	EMB_onehot_C07	EMB_onehot_C15	-7	3.0	+	-
tjupan_staphylococcus_main_008ebdfd3755b914	EMB_onehot_C07	EMB_onehot_C16	-4	6.0	+	+
tjupan_staphylococcus_main_008ebdfd3755b914	EMB_onehot_C15	EMB_onehot_C16	-7	3.0	-	+
tjupan_staphylococcus_main_028fcc8360a98705	EMB_onehot_C02	EMB_onehot_C14	-8	2.0	-	-
tjupan_staphylococcus_main_028fcc8360a98705	EMB_onehot_C02	EMB_onehot_C19	-8	2.0	-	+
tjupan_staphylococcus_main_028fcc8360a98705	EMB_onehot_C02	EMB_onehot_C11	-7	3.0	-	-
tjupan_staphylococcus_main_028fcc8360a98705	EMB_onehot_C02	EMB_onehot_C21	-7	3.0	-	+
tjupan_staphylococcus_main_028fcc8360a98705	EMB_onehot_C02	EMB_onehot_C13	-4	6.0	-	+
tjupan_staphylococcus_main_028fcc8360a98705	EMB_onehot_C02	EMB_onehot_C06	19	29.0	-	-
tjupan_staphylococcus_main_028fcc8360a98705	EMB_onehot_C14	EMB_onehot_C19	-10	0.0	-	+
tjupan_staphylococcus_main_028fcc8360a98705	EMB_onehot_C14	EMB_onehot_C11	-9	1.0	-	-
tjupan_staphylococcus_main_028fcc8360a98705	EMB_onehot_C14	EMB_onehot_C21	-9	1.0	-	+
tjupan_staphylococcus_main_028fcc8360a98705	EMB_onehot_C14	EMB_onehot_C13	-6	4.0	-	+
tjupan_staphylococcus_main_028fcc8360a98705	EMB_onehot_C14	EMB_onehot_C06	17	27.0	-	-
tjupan_staphylococcus_main_028fcc8360a98705	EMB_onehot_C19	EMB_onehot_C11	-9	1.0	+	-
tjupan_staphylococcus_main_028fcc8360a98705	EMB_onehot_C19	EMB_onehot_C21	-9	1.0	+	+
tjupan_staphylococcus_main_028fcc8360a98705	EMB_onehot_C19	EMB_onehot_C13	-6	4.0	+	+
tjupan_staphylococcus_main_028fcc8360a98705	EMB_onehot_C19	EMB_onehot_C06	17	27.0	+	-
tjupan_staphylococcus_main_028fcc8360a98705	EMB_onehot_C11	EMB_onehot_C21	-10	0.0	-	+
tjupan_staphylococcus_main_028fcc8360a98705	EMB_onehot_C11	EMB_onehot_C13	-7	3.0	-	+
tjupan_staphylococcus_main_028fcc8360a98705	EMB_onehot_C11	EMB_onehot_C06	16	26.0	-	-
tjupan_staphylococcus_main_028fcc8360a98705	EMB_onehot_C21	EMB_onehot_C13	-7	3.0	+	+
tjupan_staphylococcus_main_028fcc8360a98705	EMB_onehot_C21	EMB_onehot_C06	16	26.0	+	-
tjupan_staphylococcus_main_028fcc8360a98705	EMB_onehot_C13	EMB_onehot_C06	13	23.0	+	-
tjupan_staphylococcus_main_0316bd8ed724dfdb	EMB_onehot_C07	EMB_onehot_C13	-3	7.0	-	+
tjupan_staphylococcus_main_0316bd8ed724dfdb	EMB_onehot_C07	EMB_onehot_C22	-3	7.0	-	-
tjupan_staphylococcus_main_0316bd8ed724dfdb	EMB_onehot_C13	EMB_onehot_C22	-10	0.0	+	-
tjupan_staphylococcus_main_04c402cdcbe38b42	EMB_onehot_C02	EMB_onehot_C01	-9	1.0	+	+
tjupan_staphylococcus_main_04c402cdcbe38b42	EMB_onehot_C02	EMB_onehot_C05	-9	1.0	+	-
tjupan_staphylococcus_main_04c402cdcbe38b42	EMB_onehot_C02	EMB_onehot_C06	-8	2.0	+	-
tjupan_staphylococcus_main_04c402cdcbe38b42	EMB_onehot_C02	EMB_onehot_C17	4	14.0	+	+
tjupan_staphylococcus_main_04c402cdcbe38b42	EMB_onehot_C02	EMB_onehot_C00	5	15.0	+	+
tjupan_staphylococcus_main_04c402cdcbe38b42	EMB_onehot_C02	EMB_onehot_C09	5	15.0	+	-
tjupan_staphylococcus_main_04c402cdcbe38b42	EMB_onehot_C02	EMB_onehot_C13	37	47.0	+	-
tjupan_staphylococcus_main_04c402cdcbe38b42	EMB_onehot_C01	EMB_onehot_C05	-10	0.0	+	-
tjupan_staphylococcus_main_04c402cdcbe38b42	EMB_onehot_C01	EMB_onehot_C06	-9	1.0	+	-
tjupan_staphylococcus_main_04c402cdcbe38b42	EMB_onehot_C01	EMB_onehot_C17	3	13.0	+	+
tjupan_staphylococcus_main_04c402cdcbe38b42	EMB_onehot_C01	EMB_onehot_C00	4	14.0	+	+
tjupan_staphylococcus_main_04c402cdcbe38b42	EMB_onehot_C01	EMB_onehot_C09	4	14.0	+	-
tjupan_staphylococcus_main_04c402cdcbe38b42	EMB_onehot_C01	EMB_onehot_C13	36	46.0	+	-
tjupan_staphylococcus_main_04c402cdcbe38b42	EMB_onehot_C05	EMB_onehot_C06	-9	1.0	-	-
tjupan_staphylococcus_main_04c402cdcbe38b42	EMB_onehot_C05	EMB_onehot_C17	3	13.0	-	+
tjupan_staphylococcus_main_04c402cdcbe38b42	EMB_onehot_C05	EMB_onehot_C00	4	14.0	-	+
tjupan_staphylococcus_main_04c402cdcbe38b42	EMB_onehot_C05	EMB_onehot_C09	4	14.0	-	-
tjupan_staphylococcus_main_04c402cdcbe38b42	EMB_onehot_C05	EMB_onehot_C13	36	46.0	-	-
tjupan_staphylococcus_main_04c402cdcbe38b42	EMB_onehot_C06	EMB_onehot_C17	2	12.0	-	+
tjupan_staphylococcus_main_04c402cdcbe38b42	EMB_onehot_C06	EMB_onehot_C00	3	13.0	-	+
tjupan_staphylococcus_main_04c402cdcbe38b42	EMB_onehot_C06	EMB_onehot_C09	3	13.0	-	-
tjupan_staphylococcus_main_04c402cdcbe38b42	EMB_onehot_C06	EMB_onehot_C13	35	45.0	-	-
tjupan_staphylococcus_main_04c402cdcbe38b42	EMB_onehot_C17	EMB_onehot_C00	-9	1.0	+	+
tjupan_staphylococcus_main_04c402cdcbe38b42	EMB_onehot_C17	EMB_onehot_C09	-9	1.0	+	-
tjupan_staphylococcus_main_04c402cdcbe38b42	EMB_onehot_C17	EMB_onehot_C13	23	33.0	+	-
tjupan_staphylococcus_main_04c402cdcbe38b42	EMB_onehot_C00	EMB_onehot_C09	-10	0.0	+	-
tjupan_staphylococcus_main_04c402cdcbe38b42	EMB_onehot_C00	EMB_onehot_C13	22	32.0	+	-
tjupan_staphylococcus_main_04c402cdcbe38b42	EMB_onehot_C09	EMB_onehot_C13	22	32.0	-	-
tjupan_staphylococcus_main_062f7173d1a816c7	EMB_onehot_C02	EMB_onehot_C17	-10	0.0	-	+
tjupan_staphylococcus_main_062f7173d1a816c7	EMB_onehot_C02	EMB_onehot_C09	-9	1.0	-	-
tjupan_staphylococcus_main_062f7173d1a816c7	EMB_onehot_C02	EMB_onehot_C14	-8	2.0	-	-
tjupan_staphylococcus_main_062f7173d1a816c7	EMB_onehot_C02	EMB_onehot_C19	-8	2.0	-	+
tjupan_staphylococcus_main_062f7173d1a816c7	EMB_onehot_C02	EMB_onehot_C21	-7	3.0	-	+
tjupan_staphylococcus_main_062f7173d1a816c7	EMB_onehot_C02	EMB_onehot_C03	51	61.0	-	-
tjupan_staphylococcus_main_062f7173d1a816c7	EMB_onehot_C02	EMB_onehot_C13	54	64.0	-	+
tjupan_staphylococcus_main_062f7173d1a816c7	EMB_onehot_C02	EMB_onehot_C05	55	65.0	-	-
tjupan_staphylococcus_main_062f7173d1a816c7	EMB_onehot_C02	EMB_onehot_C16	58	68.0	-	+
tjupan_staphylococcus_main_062f7173d1a816c7	EMB_onehot_C17	EMB_onehot_C09	-9	1.0	+	-
tjupan_staphylococcus_main_062f7173d1a816c7	EMB_onehot_C17	EMB_onehot_C14	-8	2.0	+	-
tjupan_staphylococcus_main_062f7173d1a816c7	EMB_onehot_C17	EMB_onehot_C19	-8	2.0	+	+
tjupan_staphylococcus_main_062f7173d1a816c7	EMB_onehot_C17	EMB_onehot_C21	-7	3.0	+	+
tjupan_staphylococcus_main_062f7173d1a816c7	EMB_onehot_C17	EMB_onehot_C03	51	61.0	+	-
tjupan_staphylococcus_main_062f7173d1a816c7	EMB_onehot_C17	EMB_onehot_C13	54	64.0	+	+
tjupan_staphylococcus_main_062f7173d1a816c7	EMB_onehot_C17	EMB_onehot_C05	55	65.0	+	-
tjupan_staphylococcus_main_062f7173d1a816c7	EMB_onehot_C17	EMB_onehot_C16	58	68.0	+	+
tjupan_staphylococcus_main_062f7173d1a816c7	EMB_onehot_C09	EMB_onehot_C14	-9	1.0	-	-
tjupan_staphylococcus_main_062f7173d1a816c7	EMB_onehot_C09	EMB_onehot_C19	-9	1.0	-	+
tjupan_staphylococcus_main_062f7173d1a816c7	EMB_onehot_C09	EMB_onehot_C21	-8	2.0	-	+
tjupan_staphylococcus_main_062f7173d1a816c7	EMB_onehot_C09	EMB_onehot_C03	50	60.0	-	-
tjupan_staphylococcus_main_062f7173d1a816c7	EMB_onehot_C09	EMB_onehot_C13	53	63.0	-	+
tjupan_staphylococcus_main_062f7173d1a816c7	EMB_onehot_C09	EMB_onehot_C05	54	64.0	-	-
tjupan_staphylococcus_main_062f7173d1a816c7	EMB_onehot_C09	EMB_onehot_C16	57	67.0	-	+
tjupan_staphylococcus_main_062f7173d1a816c7	EMB_onehot_C14	EMB_onehot_C19	-10	0.0	-	+
tjupan_staphylococcus_main_062f7173d1a816c7	EMB_onehot_C14	EMB_onehot_C21	-9	1.0	-	+
tjupan_staphylococcus_main_062f7173d1a816c7	EMB_onehot_C14	EMB_onehot_C03	49	59.0	-	-
tjupan_staphylococcus_main_062f7173d1a816c7	EMB_onehot_C14	EMB_onehot_C13	52	62.0	-	+
tjupan_staphylococcus_main_062f7173d1a816c7	EMB_onehot_C14	EMB_onehot_C05	53	63.0	-	-
tjupan_staphylococcus_main_062f7173d1a816c7	EMB_onehot_C14	EMB_onehot_C16	56	66.0	-	+
tjupan_staphylococcus_main_062f7173d1a816c7	EMB_onehot_C19	EMB_onehot_C21	-9	1.0	+	+
tjupan_staphylococcus_main_062f7173d1a816c7	EMB_onehot_C19	EMB_onehot_C03	49	59.0	+	-
tjupan_staphylococcus_main_062f7173d1a816c7	EMB_onehot_C19	EMB_onehot_C13	52	62.0	+	+
tjupan_staphylococcus_main_062f7173d1a816c7	EMB_onehot_C19	EMB_onehot_C05	53	63.0	+	-
tjupan_staphylococcus_main_062f7173d1a816c7	EMB_onehot_C19	EMB_onehot_C16	56	66.0	+	+
tjupan_staphylococcus_main_062f7173d1a816c7	EMB_onehot_C21	EMB_onehot_C03	48	58.0	+	-
tjupan_staphylococcus_main_062f7173d1a816c7	EMB_onehot_C21	EMB_onehot_C13	51	61.0	+	+
tjupan_staphylococcus_main_062f7173d1a816c7	EMB_onehot_C21	EMB_onehot_C05	52	62.0	+	-
tjupan_staphylococcus_main_062f7173d1a816c7	EMB_onehot_C21	EMB_onehot_C16	55	65.0	+	+
tjupan_staphylococcus_main_062f7173d1a816c7	EMB_onehot_C03	EMB_onehot_C13	-7	3.0	-	+
tjupan_staphylococcus_main_062f7173d1a816c7	EMB_onehot_C03	EMB_onehot_C05	-6	4.0	-	-
tjupan_staphylococcus_main_062f7173d1a816c7	EMB_onehot_C03	EMB_onehot_C16	-3	7.0	-	+
tjupan_staphylococcus_main_062f7173d1a816c7	EMB_onehot_C13	EMB_onehot_C05	-9	1.0	+	-
tjupan_staphylococcus_main_062f7173d1a816c7	EMB_onehot_C13	EMB_onehot_C16	-6	4.0	+	+
tjupan_staphylococcus_main_062f7173d1a816c7	EMB_onehot_C05	EMB_onehot_C16	-7	3.0	-	+
tjupan_staphylococcus_main_0714f5c886168e4e	EMB_onehot_C14	EMB_onehot_C16	57	67.0	-	+
tjupan_staphylococcus_main_086abbbd50364e2a	EMB_onehot_C04	EMB_onehot_C05	-3	7.0	+	+
tjupan_staphylococcus_main_086abbbd50364e2a	EMB_onehot_C04	EMB_onehot_C02	35	45.0	+	-
tjupan_staphylococcus_main_086abbbd50364e2a	EMB_onehot_C05	EMB_onehot_C02	28	38.0	+	-
tjupan_staphylococcus_main_088f0d2ad1c7e5e7	EMB_onehot_C02	EMB_onehot_C23	-2	8.0	-	+
tjupan_staphylococcus_main_088f0d2ad1c7e5e7	EMB_onehot_C02	EMB_onehot_C03	2	12.0	-	-
tjupan_staphylococcus_main_088f0d2ad1c7e5e7	EMB_onehot_C02	EMB_onehot_C00	8	18.0	-	+
tjupan_staphylococcus_main_088f0d2ad1c7e5e7	EMB_onehot_C02	EMB_onehot_C14	9	19.0	-	-
tjupan_staphylococcus_main_088f0d2ad1c7e5e7	EMB_onehot_C02	EMB_onehot_C08	11	21.0	-	+
tjupan_staphylococcus_main_088f0d2ad1c7e5e7	EMB_onehot_C02	EMB_onehot_C16	14	24.0	-	+
tjupan_staphylococcus_main_088f0d2ad1c7e5e7	EMB_onehot_C02	EMB_onehot_C13	33	43.0	-	-
tjupan_staphylococcus_main_088f0d2ad1c7e5e7	EMB_onehot_C02	EMB_onehot_C22	45	55.0	-	-
tjupan_staphylococcus_main_088f0d2ad1c7e5e7	EMB_onehot_C02	EMB_onehot_C05	48	58.0	-	-
tjupan_staphylococcus_main_088f0d2ad1c7e5e7	EMB_onehot_C23	EMB_onehot_C03	-6	4.0	+	-
tjupan_staphylococcus_main_088f0d2ad1c7e5e7	EMB_onehot_C23	EMB_onehot_C00	0	10.0	+	+
tjupan_staphylococcus_main_088f0d2ad1c7e5e7	EMB_onehot_C23	EMB_onehot_C14	1	11.0	+	-
tjupan_staphylococcus_main_088f0d2ad1c7e5e7	EMB_onehot_C23	EMB_onehot_C08	3	13.0	+	+
tjupan_staphylococcus_main_088f0d2ad1c7e5e7	EMB_onehot_C23	EMB_onehot_C16	6	16.0	+	+
tjupan_staphylococcus_main_088f0d2ad1c7e5e7	EMB_onehot_C23	EMB_onehot_C13	25	35.0	+	-
tjupan_staphylococcus_main_088f0d2ad1c7e5e7	EMB_onehot_C23	EMB_onehot_C22	37	47.0	+	-
tjupan_staphylococcus_main_088f0d2ad1c7e5e7	EMB_onehot_C23	EMB_onehot_C05	40	50.0	+	-
tjupan_staphylococcus_main_088f0d2ad1c7e5e7	EMB_onehot_C03	EMB_onehot_C00	-4	6.0	-	+
tjupan_staphylococcus_main_088f0d2ad1c7e5e7	EMB_onehot_C03	EMB_onehot_C14	-3	7.0	-	-
tjupan_staphylococcus_main_088f0d2ad1c7e5e7	EMB_onehot_C03	EMB_onehot_C08	-1	9.0	-	+
tjupan_staphylococcus_main_088f0d2ad1c7e5e7	EMB_onehot_C03	EMB_onehot_C16	2	12.0	-	+
tjupan_staphylococcus_main_088f0d2ad1c7e5e7	EMB_onehot_C03	EMB_onehot_C13	21	31.0	-	-
tjupan_staphylococcus_main_088f0d2ad1c7e5e7	EMB_onehot_C03	EMB_onehot_C22	33	43.0	-	-
tjupan_staphylococcus_main_088f0d2ad1c7e5e7	EMB_onehot_C03	EMB_onehot_C05	36	46.0	-	-
tjupan_staphylococcus_main_088f0d2ad1c7e5e7	EMB_onehot_C00	EMB_onehot_C14	-9	1.0	+	-
tjupan_staphylococcus_main_088f0d2ad1c7e5e7	EMB_onehot_C00	EMB_onehot_C08	-7	3.0	+	+
tjupan_staphylococcus_main_088f0d2ad1c7e5e7	EMB_onehot_C00	EMB_onehot_C16	-4	6.0	+	+
tjupan_staphylococcus_main_088f0d2ad1c7e5e7	EMB_onehot_C00	EMB_onehot_C13	15	25.0	+	-
tjupan_staphylococcus_main_088f0d2ad1c7e5e7	EMB_onehot_C00	EMB_onehot_C22	27	37.0	+	-
tjupan_staphylococcus_main_088f0d2ad1c7e5e7	EMB_onehot_C00	EMB_onehot_C05	30	40.0	+	-
tjupan_staphylococcus_main_088f0d2ad1c7e5e7	EMB_onehot_C14	EMB_onehot_C08	-8	2.0	-	+
tjupan_staphylococcus_main_088f0d2ad1c7e5e7	EMB_onehot_C14	EMB_onehot_C16	-5	5.0	-	+
tjupan_staphylococcus_main_088f0d2ad1c7e5e7	EMB_onehot_C14	EMB_onehot_C13	14	24.0	-	-
tjupan_staphylococcus_main_088f0d2ad1c7e5e7	EMB_onehot_C14	EMB_onehot_C22	26	36.0	-	-
tjupan_staphylococcus_main_088f0d2ad1c7e5e7	EMB_onehot_C14	EMB_onehot_C05	29	39.0	-	-
tjupan_staphylococcus_main_088f0d2ad1c7e5e7	EMB_onehot_C08	EMB_onehot_C16	-7	3.0	+	+
tjupan_staphylococcus_main_088f0d2ad1c7e5e7	EMB_onehot_C08	EMB_onehot_C13	12	22.0	+	-
tjupan_staphylococcus_main_088f0d2ad1c7e5e7	EMB_onehot_C08	EMB_onehot_C22	24	34.0	+	-
tjupan_staphylococcus_main_088f0d2ad1c7e5e7	EMB_onehot_C08	EMB_onehot_C05	27	37.0	+	-
tjupan_staphylococcus_main_088f0d2ad1c7e5e7	EMB_onehot_C16	EMB_onehot_C13	9	19.0	+	-
tjupan_staphylococcus_main_088f0d2ad1c7e5e7	EMB_onehot_C16	EMB_onehot_C22	21	31.0	+	-
tjupan_staphylococcus_main_088f0d2ad1c7e5e7	EMB_onehot_C16	EMB_onehot_C05	24	34.0	+	-
tjupan_staphylococcus_main_088f0d2ad1c7e5e7	EMB_onehot_C13	EMB_onehot_C22	2	12.0	-	-
tjupan_staphylococcus_main_088f0d2ad1c7e5e7	EMB_onehot_C13	EMB_onehot_C05	5	15.0	-	-
tjupan_staphylococcus_main_088f0d2ad1c7e5e7	EMB_onehot_C22	EMB_onehot_C05	-7	3.0	-	-
tjupan_staphylococcus_main_0923973388823e53	EMB_onehot_C14	EMB_onehot_C16	-9	1.0	+	+
tjupan_staphylococcus_main_0923973388823e53	EMB_onehot_C14	EMB_onehot_C10	0	10.0	+	+
tjupan_staphylococcus_main_0923973388823e53	EMB_onehot_C14	EMB_onehot_C08	33	43.0	+	+
tjupan_staphylococcus_main_0923973388823e53	EMB_onehot_C14	EMB_onehot_C18	42	52.0	+	+
tjupan_staphylococcus_main_0923973388823e53	EMB_onehot_C16	EMB_onehot_C10	-1	9.0	+	+
tjupan_staphylococcus_main_0923973388823e53	EMB_onehot_C16	EMB_onehot_C08	32	42.0	+	+
tjupan_staphylococcus_main_0923973388823e53	EMB_onehot_C16	EMB_onehot_C18	41	51.0	+	+
tjupan_staphylococcus_main_0923973388823e53	EMB_onehot_C10	EMB_onehot_C08	23	33.0	+	+
tjupan_staphylococcus_main_0923973388823e53	EMB_onehot_C10	EMB_onehot_C18	32	42.0	+	+
tjupan_staphylococcus_main_0923973388823e53	EMB_onehot_C08	EMB_onehot_C18	-1	9.0	+	+
tjupan_staphylococcus_main_0947a2f02b06f874	EMB_onehot_C07	EMB_onehot_C13	-3	7.0	-	+
tjupan_staphylococcus_main_0947a2f02b06f874	EMB_onehot_C07	EMB_onehot_C22	-3	7.0	-	-
tjupan_staphylococcus_main_0947a2f02b06f874	EMB_onehot_C13	EMB_onehot_C22	-10	0.0	+	-
tjupan_staphylococcus_main_097c2bef342f698c	EMB_onehot_C02	EMB_onehot_C13	-9	1.0	-	+
tjupan_staphylococcus_main_0b19ce0449d634c1	EMB_onehot_C22	EMB_onehot_C03	-3	7.0	-	-
tjupan_staphylococcus_main_0b19ce0449d634c1	EMB_onehot_C22	EMB_onehot_C09	9	19.0	-	-
tjupan_staphylococcus_main_0b19ce0449d634c1	EMB_onehot_C03	EMB_onehot_C09	2	12.0	-	-
tjupan_staphylococcus_main_0ba9f0acde547f9f	EMB_onehot_C22	EMB_onehot_C13	-9	1.0	+	+
tjupan_staphylococcus_main_0ba9f0acde547f9f	EMB_onehot_C22	EMB_onehot_C00	-5	5.0	+	-
tjupan_staphylococcus_main_0ba9f0acde547f9f	EMB_onehot_C22	EMB_onehot_C10	10	20.0	+	-
tjupan_staphylococcus_main_0ba9f0acde547f9f	EMB_onehot_C22	EMB_onehot_C11	24	34.0	+	+
tjupan_staphylococcus_main_0ba9f0acde547f9f	EMB_onehot_C13	EMB_onehot_C00	-6	4.0	+	-
tjupan_staphylococcus_main_0ba9f0acde547f9f	EMB_onehot_C13	EMB_onehot_C10	9	19.0	+	-
tjupan_staphylococcus_main_0ba9f0acde547f9f	EMB_onehot_C13	EMB_onehot_C11	23	33.0	+	+
tjupan_staphylococcus_main_0ba9f0acde547f9f	EMB_onehot_C00	EMB_onehot_C10	5	15.0	-	-
tjupan_staphylococcus_main_0ba9f0acde547f9f	EMB_onehot_C00	EMB_onehot_C11	19	29.0	-	+
tjupan_staphylococcus_main_0ba9f0acde547f9f	EMB_onehot_C10	EMB_onehot_C11	4	14.0	-	+
tjupan_staphylococcus_main_0c62a4dae1955b8b	EMB_onehot_C13	EMB_onehot_C23	-1	9.0	-	+
tjupan_staphylococcus_main_0c62a4dae1955b8b	EMB_onehot_C13	EMB_onehot_C06	0	10.0	-	+
tjupan_staphylococcus_main_0c62a4dae1955b8b	EMB_onehot_C23	EMB_onehot_C06	-9	1.0	+	+
tjupan_staphylococcus_main_0e8db4136ac4b05a	EMB_onehot_C13	EMB_onehot_C22	-9	1.0	-	-
tjupan_staphylococcus_main_0e8db4136ac4b05a	EMB_onehot_C13	EMB_onehot_C05	-6	4.0	-	-
tjupan_staphylococcus_main_0e8db4136ac4b05a	EMB_onehot_C13	EMB_onehot_C02	-2	8.0	-	+
tjupan_staphylococcus_main_0e8db4136ac4b05a	EMB_onehot_C22	EMB_onehot_C05	-7	3.0	-	-
tjupan_staphylococcus_main_0e8db4136ac4b05a	EMB_onehot_C22	EMB_onehot_C02	-3	7.0	-	+
tjupan_staphylococcus_main_0e8db4136ac4b05a	EMB_onehot_C05	EMB_onehot_C02	-6	4.0	-	+
tjupan_staphylococcus_main_123aee80cb1466af	EMB_onehot_C03	EMB_onehot_C13	-7	3.0	-	+
tjupan_staphylococcus_main_123aee80cb1466af	EMB_onehot_C03	EMB_onehot_C12	5	15.0	-	-
tjupan_staphylococcus_main_123aee80cb1466af	EMB_onehot_C03	EMB_onehot_C11	6	16.0	-	-
tjupan_staphylococcus_main_123aee80cb1466af	EMB_onehot_C03	EMB_onehot_C15	22	32.0	-	-
tjupan_staphylococcus_main_123aee80cb1466af	EMB_onehot_C03	EMB_onehot_C22	35	45.0	-	-
tjupan_staphylococcus_main_123aee80cb1466af	EMB_onehot_C13	EMB_onehot_C12	2	12.0	+	-
tjupan_staphylococcus_main_123aee80cb1466af	EMB_onehot_C13	EMB_onehot_C11	3	13.0	+	-
tjupan_staphylococcus_main_123aee80cb1466af	EMB_onehot_C13	EMB_onehot_C15	19	29.0	+	-
tjupan_staphylococcus_main_123aee80cb1466af	EMB_onehot_C13	EMB_onehot_C22	32	42.0	+	-
tjupan_staphylococcus_main_123aee80cb1466af	EMB_onehot_C12	EMB_onehot_C11	-9	1.0	-	-
tjupan_staphylococcus_main_123aee80cb1466af	EMB_onehot_C12	EMB_onehot_C15	7	17.0	-	-
tjupan_staphylococcus_main_123aee80cb1466af	EMB_onehot_C12	EMB_onehot_C22	20	30.0	-	-
tjupan_staphylococcus_main_123aee80cb1466af	EMB_onehot_C11	EMB_onehot_C15	6	16.0	-	-
tjupan_staphylococcus_main_123aee80cb1466af	EMB_onehot_C11	EMB_onehot_C22	19	29.0	-	-
tjupan_staphylococcus_main_123aee80cb1466af	EMB_onehot_C15	EMB_onehot_C22	3	13.0	-	-
tjupan_staphylococcus_main_1276bfe719a6a8c2	EMB_onehot_C02	EMB_onehot_C00	-9	1.0	-	+
tjupan_staphylococcus_main_1276bfe719a6a8c2	EMB_onehot_C02	EMB_onehot_C09	-9	1.0	-	-
tjupan_staphylococcus_main_1276bfe719a6a8c2	EMB_onehot_C02	EMB_onehot_C12	-5	5.0	-	+
tjupan_staphylococcus_main_1276bfe719a6a8c2	EMB_onehot_C02	EMB_onehot_C18	-2	8.0	-	+
tjupan_staphylococcus_main_1276bfe719a6a8c2	EMB_onehot_C02	EMB_onehot_C10	-1	9.0	-	-
tjupan_staphylococcus_main_1276bfe719a6a8c2	EMB_onehot_C00	EMB_onehot_C09	-10	0.0	+	-
tjupan_staphylococcus_main_1276bfe719a6a8c2	EMB_onehot_C00	EMB_onehot_C12	-6	4.0	+	+
tjupan_staphylococcus_main_1276bfe719a6a8c2	EMB_onehot_C00	EMB_onehot_C18	-3	7.0	+	+
tjupan_staphylococcus_main_1276bfe719a6a8c2	EMB_onehot_C00	EMB_onehot_C10	-2	8.0	+	-
tjupan_staphylococcus_main_1276bfe719a6a8c2	EMB_onehot_C09	EMB_onehot_C12	-6	4.0	-	+
tjupan_staphylococcus_main_1276bfe719a6a8c2	EMB_onehot_C09	EMB_onehot_C18	-3	7.0	-	+
tjupan_staphylococcus_main_1276bfe719a6a8c2	EMB_onehot_C09	EMB_onehot_C10	-2	8.0	-	-
tjupan_staphylococcus_main_1276bfe719a6a8c2	EMB_onehot_C12	EMB_onehot_C18	-7	3.0	+	+
tjupan_staphylococcus_main_1276bfe719a6a8c2	EMB_onehot_C12	EMB_onehot_C10	-6	4.0	+	-
tjupan_staphylococcus_main_1276bfe719a6a8c2	EMB_onehot_C18	EMB_onehot_C10	-9	1.0	+	-
tjupan_staphylococcus_main_13a6db7b24b94d0e	EMB_onehot_C10	EMB_onehot_C06	18	28.0	-	+
tjupan_staphylococcus_main_13a6db7b24b94d0e	EMB_onehot_C10	EMB_onehot_C02	20	30.0	-	-
tjupan_staphylococcus_main_13a6db7b24b94d0e	EMB_onehot_C06	EMB_onehot_C02	-8	2.0	+	-
tjupan_staphylococcus_main_1463abd40999a586	EMB_onehot_C01	EMB_onehot_C06	-9	1.0	+	-
tjupan_staphylococcus_main_1463abd40999a586	EMB_onehot_C01	EMB_onehot_C11	21	31.0	+	+
tjupan_staphylococcus_main_1463abd40999a586	EMB_onehot_C01	EMB_onehot_C00	28	38.0	+	-
tjupan_staphylococcus_main_1463abd40999a586	EMB_onehot_C01	EMB_onehot_C09	28	38.0	+	+
tjupan_staphylococcus_main_1463abd40999a586	EMB_onehot_C06	EMB_onehot_C11	20	30.0	-	+
tjupan_staphylococcus_main_1463abd40999a586	EMB_onehot_C06	EMB_onehot_C00	27	37.0	-	-
tjupan_staphylococcus_main_1463abd40999a586	EMB_onehot_C06	EMB_onehot_C09	27	37.0	-	+
tjupan_staphylococcus_main_1463abd40999a586	EMB_onehot_C11	EMB_onehot_C00	-3	7.0	+	-
tjupan_staphylococcus_main_1463abd40999a586	EMB_onehot_C11	EMB_onehot_C09	-3	7.0	+	+
tjupan_staphylococcus_main_1463abd40999a586	EMB_onehot_C00	EMB_onehot_C09	-10	0.0	-	+
tjupan_staphylococcus_main_150330b98c639aa0	EMB_onehot_C06	EMB_onehot_C01	-9	1.0	+	-
tjupan_staphylococcus_main_15b2d3c6e0e600ea	EMB_onehot_C00	EMB_onehot_C18	3	13.0	-	-
tjupan_staphylococcus_main_15b2d3c6e0e600ea	EMB_onehot_C00	EMB_onehot_C23	4	14.0	-	+
tjupan_staphylococcus_main_15b2d3c6e0e600ea	EMB_onehot_C18	EMB_onehot_C23	-9	1.0	-	+
tjupan_staphylococcus_main_16704040321da763	EMB_onehot_C13	EMB_onehot_C03	-7	3.0	-	+
tjupan_staphylococcus_main_16704040321da763	EMB_onehot_C13	EMB_onehot_C04	-3	7.0	-	+
tjupan_staphylococcus_main_16704040321da763	EMB_onehot_C13	EMB_onehot_C16	-2	8.0	-	-
tjupan_staphylococcus_main_16704040321da763	EMB_onehot_C13	EMB_onehot_C20	-2	8.0	-	+
tjupan_staphylococcus_main_16704040321da763	EMB_onehot_C13	EMB_onehot_C05	1	11.0	-	+
tjupan_staphylococcus_main_16704040321da763	EMB_onehot_C03	EMB_onehot_C04	-6	4.0	+	+
tjupan_staphylococcus_main_16704040321da763	EMB_onehot_C03	EMB_onehot_C16	-5	5.0	+	-
tjupan_staphylococcus_main_16704040321da763	EMB_onehot_C03	EMB_onehot_C20	-5	5.0	+	+
tjupan_staphylococcus_main_16704040321da763	EMB_onehot_C03	EMB_onehot_C05	-2	8.0	+	+
tjupan_staphylococcus_main_16704040321da763	EMB_onehot_C04	EMB_onehot_C16	-9	1.0	+	-
tjupan_staphylococcus_main_16704040321da763	EMB_onehot_C04	EMB_onehot_C20	-9	1.0	+	+
tjupan_staphylococcus_main_16704040321da763	EMB_onehot_C04	EMB_onehot_C05	-6	4.0	+	+
tjupan_staphylococcus_main_16704040321da763	EMB_onehot_C16	EMB_onehot_C20	-10	0.0	-	+
tjupan_staphylococcus_main_16704040321da763	EMB_onehot_C16	EMB_onehot_C05	-7	3.0	-	+
tjupan_staphylococcus_main_16704040321da763	EMB_onehot_C20	EMB_onehot_C05	-7	3.0	+	+
tjupan_staphylococcus_main_1692b915e0901ae5	EMB_onehot_C22	EMB_onehot_C18	-8	2.0	-	-
tjupan_staphylococcus_main_1692b915e0901ae5	EMB_onehot_C22	EMB_onehot_C19	-6	4.0	-	+
tjupan_staphylococcus_main_1692b915e0901ae5	EMB_onehot_C22	EMB_onehot_C08	-4	6.0	-	-
tjupan_staphylococcus_main_1692b915e0901ae5	EMB_onehot_C22	EMB_onehot_C14	-2	8.0	-	+
tjupan_staphylococcus_main_1692b915e0901ae5	EMB_onehot_C22	EMB_onehot_C00	-1	9.0	-	-
tjupan_staphylococcus_main_1692b915e0901ae5	EMB_onehot_C22	EMB_onehot_C09	-1	9.0	-	+
tjupan_staphylococcus_main_1692b915e0901ae5	EMB_onehot_C22	EMB_onehot_C02	0	10.0	-	+
tjupan_staphylococcus_main_1692b915e0901ae5	EMB_onehot_C22	EMB_onehot_C21	17	27.0	-	+
tjupan_staphylococcus_main_1692b915e0901ae5	EMB_onehot_C22	EMB_onehot_C11	22	32.0	-	+
tjupan_staphylococcus_main_1692b915e0901ae5	EMB_onehot_C18	EMB_onehot_C19	-8	2.0	-	+
tjupan_staphylococcus_main_1692b915e0901ae5	EMB_onehot_C18	EMB_onehot_C08	-6	4.0	-	-
tjupan_staphylococcus_main_1692b915e0901ae5	EMB_onehot_C18	EMB_onehot_C14	-4	6.0	-	+
tjupan_staphylococcus_main_1692b915e0901ae5	EMB_onehot_C18	EMB_onehot_C00	-3	7.0	-	-
tjupan_staphylococcus_main_1692b915e0901ae5	EMB_onehot_C18	EMB_onehot_C09	-3	7.0	-	+
tjupan_staphylococcus_main_1692b915e0901ae5	EMB_onehot_C18	EMB_onehot_C02	-2	8.0	-	+
tjupan_staphylococcus_main_1692b915e0901ae5	EMB_onehot_C18	EMB_onehot_C21	15	25.0	-	+
tjupan_staphylococcus_main_1692b915e0901ae5	EMB_onehot_C18	EMB_onehot_C11	20	30.0	-	+
tjupan_staphylococcus_main_1692b915e0901ae5	EMB_onehot_C19	EMB_onehot_C08	-8	2.0	+	-
tjupan_staphylococcus_main_1692b915e0901ae5	EMB_onehot_C19	EMB_onehot_C14	-6	4.0	+	+
tjupan_staphylococcus_main_1692b915e0901ae5	EMB_onehot_C19	EMB_onehot_C00	-5	5.0	+	-
tjupan_staphylococcus_main_1692b915e0901ae5	EMB_onehot_C19	EMB_onehot_C09	-5	5.0	+	+
tjupan_staphylococcus_main_1692b915e0901ae5	EMB_onehot_C19	EMB_onehot_C02	-4	6.0	+	+
tjupan_staphylococcus_main_1692b915e0901ae5	EMB_onehot_C19	EMB_onehot_C21	13	23.0	+	+
tjupan_staphylococcus_main_1692b915e0901ae5	EMB_onehot_C19	EMB_onehot_C11	18	28.0	+	+
tjupan_staphylococcus_main_1692b915e0901ae5	EMB_onehot_C08	EMB_onehot_C14	-8	2.0	-	+
tjupan_staphylococcus_main_1692b915e0901ae5	EMB_onehot_C08	EMB_onehot_C00	-7	3.0	-	-
tjupan_staphylococcus_main_1692b915e0901ae5	EMB_onehot_C08	EMB_onehot_C09	-7	3.0	-	+
tjupan_staphylococcus_main_1692b915e0901ae5	EMB_onehot_C08	EMB_onehot_C02	-6	4.0	-	+
tjupan_staphylococcus_main_1692b915e0901ae5	EMB_onehot_C08	EMB_onehot_C21	11	21.0	-	+
tjupan_staphylococcus_main_1692b915e0901ae5	EMB_onehot_C08	EMB_onehot_C11	16	26.0	-	+
tjupan_staphylococcus_main_1692b915e0901ae5	EMB_onehot_C14	EMB_onehot_C00	-9	1.0	+	-
tjupan_staphylococcus_main_1692b915e0901ae5	EMB_onehot_C14	EMB_onehot_C09	-9	1.0	+	+
tjupan_staphylococcus_main_1692b915e0901ae5	EMB_onehot_C14	EMB_onehot_C02	-8	2.0	+	+
tjupan_staphylococcus_main_1692b915e0901ae5	EMB_onehot_C14	EMB_onehot_C21	9	19.0	+	+
tjupan_staphylococcus_main_1692b915e0901ae5	EMB_onehot_C14	EMB_onehot_C11	14	24.0	+	+
tjupan_staphylococcus_main_1692b915e0901ae5	EMB_onehot_C00	EMB_onehot_C09	-10	0.0	-	+
tjupan_staphylococcus_main_1692b915e0901ae5	EMB_onehot_C00	EMB_onehot_C02	-9	1.0	-	+
tjupan_staphylococcus_main_1692b915e0901ae5	EMB_onehot_C00	EMB_onehot_C21	8	18.0	-	+
tjupan_staphylococcus_main_1692b915e0901ae5	EMB_onehot_C00	EMB_onehot_C11	13	23.0	-	+
tjupan_staphylococcus_main_1692b915e0901ae5	EMB_onehot_C09	EMB_onehot_C02	-9	1.0	+	+
tjupan_staphylococcus_main_1692b915e0901ae5	EMB_onehot_C09	EMB_onehot_C21	8	18.0	+	+
tjupan_staphylococcus_main_1692b915e0901ae5	EMB_onehot_C09	EMB_onehot_C11	13	23.0	+	+
tjupan_staphylococcus_main_1692b915e0901ae5	EMB_onehot_C02	EMB_onehot_C21	7	17.0	+	+
tjupan_staphylococcus_main_1692b915e0901ae5	EMB_onehot_C02	EMB_onehot_C11	12	22.0	+	+
tjupan_staphylococcus_main_1692b915e0901ae5	EMB_onehot_C21	EMB_onehot_C11	-5	5.0	+	+
tjupan_staphylococcus_main_16f0ba2105d5591d	EMB_onehot_C23	EMB_onehot_C05	-8	2.0	+	+
tjupan_staphylococcus_main_16f0ba2105d5591d	EMB_onehot_C23	EMB_onehot_C13	-6	4.0	+	+
tjupan_staphylococcus_main_16f0ba2105d5591d	EMB_onehot_C23	EMB_onehot_C00	28	38.0	+	-
tjupan_staphylococcus_main_16f0ba2105d5591d	EMB_onehot_C23	EMB_onehot_C16	28	38.0	+	+
tjupan_staphylococcus_main_16f0ba2105d5591d	EMB_onehot_C05	EMB_onehot_C13	-8	2.0	+	+
tjupan_staphylococcus_main_16f0ba2105d5591d	EMB_onehot_C05	EMB_onehot_C00	26	36.0	+	-
tjupan_staphylococcus_main_16f0ba2105d5591d	EMB_onehot_C05	EMB_onehot_C16	26	36.0	+	+
tjupan_staphylococcus_main_16f0ba2105d5591d	EMB_onehot_C13	EMB_onehot_C00	24	34.0	+	-
tjupan_staphylococcus_main_16f0ba2105d5591d	EMB_onehot_C13	EMB_onehot_C16	24	34.0	+	+
tjupan_staphylococcus_main_16f0ba2105d5591d	EMB_onehot_C00	EMB_onehot_C16	-10	0.0	-	+
tjupan_staphylococcus_main_182a808439b787bf	EMB_onehot_C04	EMB_onehot_C23	-10	0.0	-	+
tjupan_staphylococcus_main_18508ab64fb1ba7f	EMB_onehot_C12	EMB_onehot_C14	-7	3.0	-	+
tjupan_staphylococcus_main_18508ab64fb1ba7f	EMB_onehot_C12	EMB_onehot_C06	6	16.0	-	+
tjupan_staphylococcus_main_18508ab64fb1ba7f	EMB_onehot_C12	EMB_onehot_C01	7	17.0	-	-
tjupan_staphylococcus_main_18508ab64fb1ba7f	EMB_onehot_C12	EMB_onehot_C05	7	17.0	-	+
tjupan_staphylococcus_main_18508ab64fb1ba7f	EMB_onehot_C12	EMB_onehot_C00	25	35.0	-	+
tjupan_staphylococcus_main_18508ab64fb1ba7f	EMB_onehot_C12	EMB_onehot_C16	47	57.0	-	-
tjupan_staphylococcus_main_18508ab64fb1ba7f	EMB_onehot_C14	EMB_onehot_C06	3	13.0	+	+
tjupan_staphylococcus_main_18508ab64fb1ba7f	EMB_onehot_C14	EMB_onehot_C01	4	14.0	+	-
tjupan_staphylococcus_main_18508ab64fb1ba7f	EMB_onehot_C14	EMB_onehot_C05	4	14.0	+	+
tjupan_staphylococcus_main_18508ab64fb1ba7f	EMB_onehot_C14	EMB_onehot_C00	22	32.0	+	+
tjupan_staphylococcus_main_18508ab64fb1ba7f	EMB_onehot_C14	EMB_onehot_C16	44	54.0	+	-
tjupan_staphylococcus_main_18508ab64fb1ba7f	EMB_onehot_C06	EMB_onehot_C01	-9	1.0	+	-
tjupan_staphylococcus_main_18508ab64fb1ba7f	EMB_onehot_C06	EMB_onehot_C05	-9	1.0	+	+
tjupan_staphylococcus_main_18508ab64fb1ba7f	EMB_onehot_C06	EMB_onehot_C00	9	19.0	+	+
tjupan_staphylococcus_main_18508ab64fb1ba7f	EMB_onehot_C06	EMB_onehot_C16	31	41.0	+	-
tjupan_staphylococcus_main_18508ab64fb1ba7f	EMB_onehot_C01	EMB_onehot_C05	-10	0.0	-	+
tjupan_staphylococcus_main_18508ab64fb1ba7f	EMB_onehot_C01	EMB_onehot_C00	8	18.0	-	+
tjupan_staphylococcus_main_18508ab64fb1ba7f	EMB_onehot_C01	EMB_onehot_C16	30	40.0	-	-
tjupan_staphylococcus_main_18508ab64fb1ba7f	EMB_onehot_C05	EMB_onehot_C00	8	18.0	+	+
tjupan_staphylococcus_main_18508ab64fb1ba7f	EMB_onehot_C05	EMB_onehot_C16	30	40.0	+	-
tjupan_staphylococcus_main_18508ab64fb1ba7f	EMB_onehot_C00	EMB_onehot_C16	12	22.0	+	-
tjupan_staphylococcus_main_18632fd95ca95db9	EMB_onehot_C11	EMB_onehot_C22	0	10.0	+	+
tjupan_staphylococcus_main_18632fd95ca95db9	EMB_onehot_C11	EMB_onehot_C13	1	11.0	+	+
tjupan_staphylococcus_main_18632fd95ca95db9	EMB_onehot_C11	EMB_onehot_C14	4	14.0	+	+
tjupan_staphylococcus_main_18632fd95ca95db9	EMB_onehot_C11	EMB_onehot_C16	5	15.0	+	+
tjupan_staphylococcus_main_18632fd95ca95db9	EMB_onehot_C11	EMB_onehot_C18	8	18.0	+	-
tjupan_staphylococcus_main_18632fd95ca95db9	EMB_onehot_C22	EMB_onehot_C13	-9	1.0	+	+
tjupan_staphylococcus_main_18632fd95ca95db9	EMB_onehot_C22	EMB_onehot_C14	-6	4.0	+	+
tjupan_staphylococcus_main_18632fd95ca95db9	EMB_onehot_C22	EMB_onehot_C16	-5	5.0	+	+
tjupan_staphylococcus_main_18632fd95ca95db9	EMB_onehot_C22	EMB_onehot_C18	-2	8.0	+	-
tjupan_staphylococcus_main_18632fd95ca95db9	EMB_onehot_C13	EMB_onehot_C14	-7	3.0	+	+
tjupan_staphylococcus_main_18632fd95ca95db9	EMB_onehot_C13	EMB_onehot_C16	-6	4.0	+	+
tjupan_staphylococcus_main_18632fd95ca95db9	EMB_onehot_C13	EMB_onehot_C18	-3	7.0	+	-
tjupan_staphylococcus_main_18632fd95ca95db9	EMB_onehot_C14	EMB_onehot_C16	-9	1.0	+	+
tjupan_staphylococcus_main_18632fd95ca95db9	EMB_onehot_C14	EMB_onehot_C18	-6	4.0	+	-
tjupan_staphylococcus_main_18632fd95ca95db9	EMB_onehot_C16	EMB_onehot_C18	-7	3.0	+	-
tjupan_staphylococcus_main_1a28b181cd781020	EMB_onehot_C07	EMB_onehot_C11	-3	7.0	+	+
tjupan_staphylococcus_main_1afcf3893ecdf1af	EMB_onehot_C13	EMB_onehot_C02	-4	6.0	-	+
tjupan_staphylococcus_main_1afcf3893ecdf1af	EMB_onehot_C13	EMB_onehot_C21	20	30.0	-	-
tjupan_staphylococcus_main_1afcf3893ecdf1af	EMB_onehot_C13	EMB_onehot_C15	32	42.0	-	-
tjupan_staphylococcus_main_1afcf3893ecdf1af	EMB_onehot_C13	EMB_onehot_C11	34	44.0	-	+
tjupan_staphylococcus_main_1afcf3893ecdf1af	EMB_onehot_C02	EMB_onehot_C21	14	24.0	+	-
tjupan_staphylococcus_main_1afcf3893ecdf1af	EMB_onehot_C02	EMB_onehot_C15	26	36.0	+	-
tjupan_staphylococcus_main_1afcf3893ecdf1af	EMB_onehot_C02	EMB_onehot_C11	28	38.0	+	+
tjupan_staphylococcus_main_1afcf3893ecdf1af	EMB_onehot_C21	EMB_onehot_C15	2	12.0	-	-
tjupan_staphylococcus_main_1afcf3893ecdf1af	EMB_onehot_C21	EMB_onehot_C11	4	14.0	-	+
tjupan_staphylococcus_main_1afcf3893ecdf1af	EMB_onehot_C15	EMB_onehot_C11	-8	2.0	-	+
tjupan_staphylococcus_main_1b3ddc0442a443ea	EMB_onehot_C15	EMB_onehot_C13	10	20.0	-	+
tjupan_staphylococcus_main_1b3ddc0442a443ea	EMB_onehot_C15	EMB_onehot_C23	17	27.0	-	+
tjupan_staphylococcus_main_1b3ddc0442a443ea	EMB_onehot_C15	EMB_onehot_C16	19	29.0	-	-
tjupan_staphylococcus_main_1b3ddc0442a443ea	EMB_onehot_C13	EMB_onehot_C23	-3	7.0	+	+
tjupan_staphylococcus_main_1b3ddc0442a443ea	EMB_onehot_C13	EMB_onehot_C16	-1	9.0	+	-
tjupan_staphylococcus_main_1b3ddc0442a443ea	EMB_onehot_C23	EMB_onehot_C16	-8	2.0	+	-
tjupan_staphylococcus_main_1f135140a39d9b6c	EMB_onehot_C11	EMB_onehot_C14	-9	1.0	+	+
tjupan_staphylococcus_main_1f135140a39d9b6c	EMB_onehot_C11	EMB_onehot_C19	-9	1.0	+	-
tjupan_staphylococcus_main_1f135140a39d9b6c	EMB_onehot_C11	EMB_onehot_C13	37	47.0	+	+
tjupan_staphylococcus_main_1f135140a39d9b6c	EMB_onehot_C11	EMB_onehot_C03	39	49.0	+	+
tjupan_staphylococcus_main_1f135140a39d9b6c	EMB_onehot_C11	EMB_onehot_C22	40	50.0	+	-
tjupan_staphylococcus_main_1f135140a39d9b6c	EMB_onehot_C11	EMB_onehot_C00	59	69.0	+	-
tjupan_staphylococcus_main_1f135140a39d9b6c	EMB_onehot_C11	EMB_onehot_C09	59	69.0	+	+
tjupan_staphylococcus_main_1f135140a39d9b6c	EMB_onehot_C11	EMB_onehot_C02	60	70.0	+	+
tjupan_staphylococcus_main_1f135140a39d9b6c	EMB_onehot_C11	EMB_onehot_C17	60	70.0	+	-
tjupan_staphylococcus_main_1f135140a39d9b6c	EMB_onehot_C14	EMB_onehot_C19	-10	0.0	+	-
tjupan_staphylococcus_main_1f135140a39d9b6c	EMB_onehot_C14	EMB_onehot_C13	36	46.0	+	+
tjupan_staphylococcus_main_1f135140a39d9b6c	EMB_onehot_C14	EMB_onehot_C03	38	48.0	+	+
tjupan_staphylococcus_main_1f135140a39d9b6c	EMB_onehot_C14	EMB_onehot_C22	39	49.0	+	-
tjupan_staphylococcus_main_1f135140a39d9b6c	EMB_onehot_C14	EMB_onehot_C00	58	68.0	+	-
tjupan_staphylococcus_main_1f135140a39d9b6c	EMB_onehot_C14	EMB_onehot_C09	58	68.0	+	+
tjupan_staphylococcus_main_1f135140a39d9b6c	EMB_onehot_C14	EMB_onehot_C02	59	69.0	+	+
tjupan_staphylococcus_main_1f135140a39d9b6c	EMB_onehot_C14	EMB_onehot_C17	59	69.0	+	-
tjupan_staphylococcus_main_1f135140a39d9b6c	EMB_onehot_C19	EMB_onehot_C13	36	46.0	-	+
tjupan_staphylococcus_main_1f135140a39d9b6c	EMB_onehot_C19	EMB_onehot_C03	38	48.0	-	+
tjupan_staphylococcus_main_1f135140a39d9b6c	EMB_onehot_C19	EMB_onehot_C22	39	49.0	-	-
tjupan_staphylococcus_main_1f135140a39d9b6c	EMB_onehot_C19	EMB_onehot_C00	58	68.0	-	-
tjupan_staphylococcus_main_1f135140a39d9b6c	EMB_onehot_C19	EMB_onehot_C09	58	68.0	-	+
tjupan_staphylococcus_main_1f135140a39d9b6c	EMB_onehot_C19	EMB_onehot_C02	59	69.0	-	+
tjupan_staphylococcus_main_1f135140a39d9b6c	EMB_onehot_C19	EMB_onehot_C17	59	69.0	-	-
tjupan_staphylococcus_main_1f135140a39d9b6c	EMB_onehot_C13	EMB_onehot_C03	-8	2.0	+	+
tjupan_staphylococcus_main_1f135140a39d9b6c	EMB_onehot_C13	EMB_onehot_C22	-7	3.0	+	-
tjupan_staphylococcus_main_1f135140a39d9b6c	EMB_onehot_C13	EMB_onehot_C00	12	22.0	+	-
tjupan_staphylococcus_main_1f135140a39d9b6c	EMB_onehot_C13	EMB_onehot_C09	12	22.0	+	+
tjupan_staphylococcus_main_1f135140a39d9b6c	EMB_onehot_C13	EMB_onehot_C02	13	23.0	+	+
tjupan_staphylococcus_main_1f135140a39d9b6c	EMB_onehot_C13	EMB_onehot_C17	13	23.0	+	-
tjupan_staphylococcus_main_1f135140a39d9b6c	EMB_onehot_C03	EMB_onehot_C22	-9	1.0	+	-
tjupan_staphylococcus_main_1f135140a39d9b6c	EMB_onehot_C03	EMB_onehot_C00	10	20.0	+	-
tjupan_staphylococcus_main_1f135140a39d9b6c	EMB_onehot_C03	EMB_onehot_C09	10	20.0	+	+
tjupan_staphylococcus_main_1f135140a39d9b6c	EMB_onehot_C03	EMB_onehot_C02	11	21.0	+	+
tjupan_staphylococcus_main_1f135140a39d9b6c	EMB_onehot_C03	EMB_onehot_C17	11	21.0	+	-
tjupan_staphylococcus_main_1f135140a39d9b6c	EMB_onehot_C22	EMB_onehot_C00	9	19.0	-	-
tjupan_staphylococcus_main_1f135140a39d9b6c	EMB_onehot_C22	EMB_onehot_C09	9	19.0	-	+
tjupan_staphylococcus_main_1f135140a39d9b6c	EMB_onehot_C22	EMB_onehot_C02	10	20.0	-	+
tjupan_staphylococcus_main_1f135140a39d9b6c	EMB_onehot_C22	EMB_onehot_C17	10	20.0	-	-
tjupan_staphylococcus_main_1f135140a39d9b6c	EMB_onehot_C00	EMB_onehot_C09	-10	0.0	-	+
tjupan_staphylococcus_main_1f135140a39d9b6c	EMB_onehot_C00	EMB_onehot_C02	-9	1.0	-	+
tjupan_staphylococcus_main_1f135140a39d9b6c	EMB_onehot_C00	EMB_onehot_C17	-9	1.0	-	-
tjupan_staphylococcus_main_1f135140a39d9b6c	EMB_onehot_C09	EMB_onehot_C02	-9	1.0	+	+
tjupan_staphylococcus_main_1f135140a39d9b6c	EMB_onehot_C09	EMB_onehot_C17	-9	1.0	+	-
tjupan_staphylococcus_main_1f135140a39d9b6c	EMB_onehot_C02	EMB_onehot_C17	-10	0.0	+	-
tjupan_staphylococcus_main_1f315c3c1e6417fa	EMB_onehot_C09	EMB_onehot_C00	27	37.0	-	+
tjupan_staphylococcus_main_1f315c3c1e6417fa	EMB_onehot_C09	EMB_onehot_C13	31	41.0	-	-
tjupan_staphylococcus_main_1f315c3c1e6417fa	EMB_onehot_C09	EMB_onehot_C16	48	58.0	-	+
tjupan_staphylococcus_main_1f315c3c1e6417fa	EMB_onehot_C00	EMB_onehot_C13	-6	4.0	+	-
tjupan_staphylococcus_main_1f315c3c1e6417fa	EMB_onehot_C00	EMB_onehot_C16	11	21.0	+	+
tjupan_staphylococcus_main_1f315c3c1e6417fa	EMB_onehot_C13	EMB_onehot_C16	7	17.0	-	+
tjupan_staphylococcus_main_2506d1f0e33663f3	EMB_onehot_C02	EMB_onehot_C11	8	18.0	+	-
tjupan_staphylococcus_main_2506d1f0e33663f3	EMB_onehot_C02	EMB_onehot_C20	9	19.0	+	-
tjupan_staphylococcus_main_2506d1f0e33663f3	EMB_onehot_C11	EMB_onehot_C20	-9	1.0	-	-
tjupan_staphylococcus_main_258a728f6f2c5ea9	EMB_onehot_C13	EMB_onehot_C05	8	18.0	+	+
tjupan_staphylococcus_main_25fb0ed894dbc3db	EMB_onehot_C11	EMB_onehot_C03	-7	3.0	-	-
tjupan_staphylococcus_main_25fb0ed894dbc3db	EMB_onehot_C11	EMB_onehot_C21	25	35.0	-	-
tjupan_staphylococcus_main_25fb0ed894dbc3db	EMB_onehot_C03	EMB_onehot_C21	22	32.0	-	-
tjupan_staphylococcus_main_260fa091df10b265	EMB_onehot_C13	EMB_onehot_C02	-1	9.0	-	+
tjupan_staphylococcus_main_260fa091df10b265	EMB_onehot_C13	EMB_onehot_C09	3	13.0	-	+
tjupan_staphylococcus_main_260fa091df10b265	EMB_onehot_C02	EMB_onehot_C09	-6	4.0	+	+
tjupan_staphylococcus_main_2722f955756ee451	EMB_onehot_C15	EMB_onehot_C20	52	62.0	+	+
tjupan_staphylococcus_main_2733f52f29b2956f	EMB_onehot_C22	EMB_onehot_C11	-6	4.0	-	-
tjupan_staphylococcus_main_286ed54bc5b24ddc	EMB_onehot_C13	EMB_onehot_C03	18	28.0	+	-
tjupan_staphylococcus_main_286ed54bc5b24ddc	EMB_onehot_C13	EMB_onehot_C22	21	31.0	+	-
tjupan_staphylococcus_main_286ed54bc5b24ddc	EMB_onehot_C03	EMB_onehot_C22	-7	3.0	-	-
tjupan_staphylococcus_main_2945dd1f481196a4	EMB_onehot_C04	EMB_onehot_C23	-10	0.0	-	+
tjupan_staphylococcus_main_2aa62655b71bbb8f	EMB_onehot_C09	EMB_onehot_C05	27	37.0	+	-
tjupan_staphylococcus_main_2bb50b818e4dc360	EMB_onehot_C07	EMB_onehot_C20	15	25.0	+	-
tjupan_staphylococcus_main_2bb50b818e4dc360	EMB_onehot_C07	EMB_onehot_C04	16	26.0	+	-
tjupan_staphylococcus_main_2bb50b818e4dc360	EMB_onehot_C20	EMB_onehot_C04	-9	1.0	-	-
tjupan_staphylococcus_main_2d99708175c35cf1	EMB_onehot_C02	EMB_onehot_C01	-9	1.0	+	+
tjupan_staphylococcus_main_2d99708175c35cf1	EMB_onehot_C02	EMB_onehot_C05	-9	1.0	+	-
tjupan_staphylococcus_main_2d99708175c35cf1	EMB_onehot_C02	EMB_onehot_C06	-8	2.0	+	-
tjupan_staphylococcus_main_2d99708175c35cf1	EMB_onehot_C02	EMB_onehot_C10	5	15.0	+	-
tjupan_staphylococcus_main_2d99708175c35cf1	EMB_onehot_C02	EMB_onehot_C04	6	16.0	+	+
tjupan_staphylococcus_main_2d99708175c35cf1	EMB_onehot_C02	EMB_onehot_C20	7	17.0	+	+
tjupan_staphylococcus_main_2d99708175c35cf1	EMB_onehot_C02	EMB_onehot_C00	25	35.0	+	+
tjupan_staphylococcus_main_2d99708175c35cf1	EMB_onehot_C02	EMB_onehot_C07	35	45.0	+	+
tjupan_staphylococcus_main_2d99708175c35cf1	EMB_onehot_C02	EMB_onehot_C15	38	48.0	+	-
tjupan_staphylococcus_main_2d99708175c35cf1	EMB_onehot_C02	EMB_onehot_C16	41	51.0	+	+
tjupan_staphylococcus_main_2d99708175c35cf1	EMB_onehot_C01	EMB_onehot_C05	-10	0.0	+	-
tjupan_staphylococcus_main_2d99708175c35cf1	EMB_onehot_C01	EMB_onehot_C06	-9	1.0	+	-
tjupan_staphylococcus_main_2d99708175c35cf1	EMB_onehot_C01	EMB_onehot_C10	4	14.0	+	-
tjupan_staphylococcus_main_2d99708175c35cf1	EMB_onehot_C01	EMB_onehot_C04	5	15.0	+	+
tjupan_staphylococcus_main_2d99708175c35cf1	EMB_onehot_C01	EMB_onehot_C20	6	16.0	+	+
tjupan_staphylococcus_main_2d99708175c35cf1	EMB_onehot_C01	EMB_onehot_C00	24	34.0	+	+
tjupan_staphylococcus_main_2d99708175c35cf1	EMB_onehot_C01	EMB_onehot_C07	34	44.0	+	+
tjupan_staphylococcus_main_2d99708175c35cf1	EMB_onehot_C01	EMB_onehot_C15	37	47.0	+	-
tjupan_staphylococcus_main_2d99708175c35cf1	EMB_onehot_C01	EMB_onehot_C16	40	50.0	+	+
tjupan_staphylococcus_main_2d99708175c35cf1	EMB_onehot_C05	EMB_onehot_C06	-9	1.0	-	-
tjupan_staphylococcus_main_2d99708175c35cf1	EMB_onehot_C05	EMB_onehot_C10	4	14.0	-	-
tjupan_staphylococcus_main_2d99708175c35cf1	EMB_onehot_C05	EMB_onehot_C04	5	15.0	-	+
tjupan_staphylococcus_main_2d99708175c35cf1	EMB_onehot_C05	EMB_onehot_C20	6	16.0	-	+
tjupan_staphylococcus_main_2d99708175c35cf1	EMB_onehot_C05	EMB_onehot_C00	24	34.0	-	+
tjupan_staphylococcus_main_2d99708175c35cf1	EMB_onehot_C05	EMB_onehot_C07	34	44.0	-	+
tjupan_staphylococcus_main_2d99708175c35cf1	EMB_onehot_C05	EMB_onehot_C15	37	47.0	-	-
tjupan_staphylococcus_main_2d99708175c35cf1	EMB_onehot_C05	EMB_onehot_C16	40	50.0	-	+
tjupan_staphylococcus_main_2d99708175c35cf1	EMB_onehot_C06	EMB_onehot_C10	3	13.0	-	-
tjupan_staphylococcus_main_2d99708175c35cf1	EMB_onehot_C06	EMB_onehot_C04	4	14.0	-	+
tjupan_staphylococcus_main_2d99708175c35cf1	EMB_onehot_C06	EMB_onehot_C20	5	15.0	-	+
tjupan_staphylococcus_main_2d99708175c35cf1	EMB_onehot_C06	EMB_onehot_C00	23	33.0	-	+
tjupan_staphylococcus_main_2d99708175c35cf1	EMB_onehot_C06	EMB_onehot_C07	33	43.0	-	+
tjupan_staphylococcus_main_2d99708175c35cf1	EMB_onehot_C06	EMB_onehot_C15	36	46.0	-	-
tjupan_staphylococcus_main_2d99708175c35cf1	EMB_onehot_C06	EMB_onehot_C16	39	49.0	-	+
tjupan_staphylococcus_main_2d99708175c35cf1	EMB_onehot_C10	EMB_onehot_C04	-9	1.0	-	+
tjupan_staphylococcus_main_2d99708175c35cf1	EMB_onehot_C10	EMB_onehot_C20	-8	2.0	-	+
tjupan_staphylococcus_main_2d99708175c35cf1	EMB_onehot_C10	EMB_onehot_C00	10	20.0	-	+
tjupan_staphylococcus_main_2d99708175c35cf1	EMB_onehot_C10	EMB_onehot_C07	20	30.0	-	+
tjupan_staphylococcus_main_2d99708175c35cf1	EMB_onehot_C10	EMB_onehot_C15	23	33.0	-	-
tjupan_staphylococcus_main_2d99708175c35cf1	EMB_onehot_C10	EMB_onehot_C16	26	36.0	-	+
tjupan_staphylococcus_main_2d99708175c35cf1	EMB_onehot_C04	EMB_onehot_C20	-9	1.0	+	+
tjupan_staphylococcus_main_2d99708175c35cf1	EMB_onehot_C04	EMB_onehot_C00	9	19.0	+	+
tjupan_staphylococcus_main_2d99708175c35cf1	EMB_onehot_C04	EMB_onehot_C07	19	29.0	+	+
tjupan_staphylococcus_main_2d99708175c35cf1	EMB_onehot_C04	EMB_onehot_C15	22	32.0	+	-
tjupan_staphylococcus_main_2d99708175c35cf1	EMB_onehot_C04	EMB_onehot_C16	25	35.0	+	+
tjupan_staphylococcus_main_2d99708175c35cf1	EMB_onehot_C20	EMB_onehot_C00	8	18.0	+	+
tjupan_staphylococcus_main_2d99708175c35cf1	EMB_onehot_C20	EMB_onehot_C07	18	28.0	+	+
tjupan_staphylococcus_main_2d99708175c35cf1	EMB_onehot_C20	EMB_onehot_C15	21	31.0	+	-
tjupan_staphylococcus_main_2d99708175c35cf1	EMB_onehot_C20	EMB_onehot_C16	24	34.0	+	+
tjupan_staphylococcus_main_2d99708175c35cf1	EMB_onehot_C00	EMB_onehot_C07	0	10.0	+	+
tjupan_staphylococcus_main_2d99708175c35cf1	EMB_onehot_C00	EMB_onehot_C15	3	13.0	+	-
tjupan_staphylococcus_main_2d99708175c35cf1	EMB_onehot_C00	EMB_onehot_C16	6	16.0	+	+
tjupan_staphylococcus_main_2d99708175c35cf1	EMB_onehot_C07	EMB_onehot_C15	-7	3.0	+	-
tjupan_staphylococcus_main_2d99708175c35cf1	EMB_onehot_C07	EMB_onehot_C16	-4	6.0	+	+
tjupan_staphylococcus_main_2d99708175c35cf1	EMB_onehot_C15	EMB_onehot_C16	-7	3.0	-	+
tjupan_staphylococcus_main_2fb3d58498aace2a	EMB_onehot_C08	EMB_onehot_C14	-8	2.0	-	+
tjupan_staphylococcus_main_2fb3d58498aace2a	EMB_onehot_C08	EMB_onehot_C00	-7	3.0	-	-
tjupan_staphylococcus_main_2fb3d58498aace2a	EMB_onehot_C08	EMB_onehot_C09	-7	3.0	-	+
tjupan_staphylococcus_main_2fb3d58498aace2a	EMB_onehot_C08	EMB_onehot_C02	-6	4.0	-	+
tjupan_staphylococcus_main_2fb3d58498aace2a	EMB_onehot_C08	EMB_onehot_C17	-6	4.0	-	-
tjupan_staphylococcus_main_2fb3d58498aace2a	EMB_onehot_C08	EMB_onehot_C13	48	58.0	-	-
tjupan_staphylococcus_main_2fb3d58498aace2a	EMB_onehot_C14	EMB_onehot_C00	-9	1.0	+	-
tjupan_staphylococcus_main_2fb3d58498aace2a	EMB_onehot_C14	EMB_onehot_C09	-9	1.0	+	+
tjupan_staphylococcus_main_2fb3d58498aace2a	EMB_onehot_C14	EMB_onehot_C02	-8	2.0	+	+
tjupan_staphylococcus_main_2fb3d58498aace2a	EMB_onehot_C14	EMB_onehot_C17	-8	2.0	+	-
tjupan_staphylococcus_main_2fb3d58498aace2a	EMB_onehot_C14	EMB_onehot_C13	46	56.0	+	-
tjupan_staphylococcus_main_2fb3d58498aace2a	EMB_onehot_C00	EMB_onehot_C09	-10	0.0	-	+
tjupan_staphylococcus_main_2fb3d58498aace2a	EMB_onehot_C00	EMB_onehot_C02	-9	1.0	-	+
tjupan_staphylococcus_main_2fb3d58498aace2a	EMB_onehot_C00	EMB_onehot_C17	-9	1.0	-	-
tjupan_staphylococcus_main_2fb3d58498aace2a	EMB_onehot_C00	EMB_onehot_C13	45	55.0	-	-
tjupan_staphylococcus_main_2fb3d58498aace2a	EMB_onehot_C09	EMB_onehot_C02	-9	1.0	+	+
tjupan_staphylococcus_main_2fb3d58498aace2a	EMB_onehot_C09	EMB_onehot_C17	-9	1.0	+	-
tjupan_staphylococcus_main_2fb3d58498aace2a	EMB_onehot_C09	EMB_onehot_C13	45	55.0	+	-
tjupan_staphylococcus_main_2fb3d58498aace2a	EMB_onehot_C02	EMB_onehot_C17	-10	0.0	+	-
tjupan_staphylococcus_main_2fb3d58498aace2a	EMB_onehot_C02	EMB_onehot_C13	44	54.0	+	-
tjupan_staphylococcus_main_2fb3d58498aace2a	EMB_onehot_C17	EMB_onehot_C13	44	54.0	-	-
tjupan_staphylococcus_main_30df1f538bf16941	EMB_onehot_C01	EMB_onehot_C14	19	29.0	-	-
tjupan_staphylococcus_main_30df1f538bf16941	EMB_onehot_C01	EMB_onehot_C05	44	54.0	-	+
tjupan_staphylococcus_main_30df1f538bf16941	EMB_onehot_C14	EMB_onehot_C05	15	25.0	-	+
tjupan_staphylococcus_main_30e5f23d95f8c0c6	EMB_onehot_C00	EMB_onehot_C09	-10	0.0	-	+
tjupan_staphylococcus_main_31e96d6c4223f4a1	EMB_onehot_C23	EMB_onehot_C03	-9	1.0	+	-
tjupan_staphylococcus_main_31e96d6c4223f4a1	EMB_onehot_C23	EMB_onehot_C13	-6	4.0	+	+
tjupan_staphylococcus_main_31e96d6c4223f4a1	EMB_onehot_C23	EMB_onehot_C22	-6	4.0	+	-
tjupan_staphylococcus_main_31e96d6c4223f4a1	EMB_onehot_C23	EMB_onehot_C05	35	45.0	+	+
tjupan_staphylococcus_main_31e96d6c4223f4a1	EMB_onehot_C23	EMB_onehot_C02	36	46.0	+	-
tjupan_staphylococcus_main_31e96d6c4223f4a1	EMB_onehot_C23	EMB_onehot_C00	37	47.0	+	+
tjupan_staphylococcus_main_31e96d6c4223f4a1	EMB_onehot_C03	EMB_onehot_C13	-7	3.0	-	+
tjupan_staphylococcus_main_31e96d6c4223f4a1	EMB_onehot_C03	EMB_onehot_C22	-7	3.0	-	-
tjupan_staphylococcus_main_31e96d6c4223f4a1	EMB_onehot_C03	EMB_onehot_C05	34	44.0	-	+
tjupan_staphylococcus_main_31e96d6c4223f4a1	EMB_onehot_C03	EMB_onehot_C02	35	45.0	-	-
tjupan_staphylococcus_main_31e96d6c4223f4a1	EMB_onehot_C03	EMB_onehot_C00	36	46.0	-	+
tjupan_staphylococcus_main_31e96d6c4223f4a1	EMB_onehot_C13	EMB_onehot_C22	-10	0.0	+	-
tjupan_staphylococcus_main_31e96d6c4223f4a1	EMB_onehot_C13	EMB_onehot_C05	31	41.0	+	+
tjupan_staphylococcus_main_31e96d6c4223f4a1	EMB_onehot_C13	EMB_onehot_C02	32	42.0	+	-
tjupan_staphylococcus_main_31e96d6c4223f4a1	EMB_onehot_C13	EMB_onehot_C00	33	43.0	+	+
tjupan_staphylococcus_main_31e96d6c4223f4a1	EMB_onehot_C22	EMB_onehot_C05	31	41.0	-	+
tjupan_staphylococcus_main_31e96d6c4223f4a1	EMB_onehot_C22	EMB_onehot_C02	32	42.0	-	-
tjupan_staphylococcus_main_31e96d6c4223f4a1	EMB_onehot_C22	EMB_onehot_C00	33	43.0	-	+
tjupan_staphylococcus_main_31e96d6c4223f4a1	EMB_onehot_C05	EMB_onehot_C02	-9	1.0	+	-
tjupan_staphylococcus_main_31e96d6c4223f4a1	EMB_onehot_C05	EMB_onehot_C00	-8	2.0	+	+
tjupan_staphylococcus_main_31e96d6c4223f4a1	EMB_onehot_C02	EMB_onehot_C00	-9	1.0	-	+
tjupan_staphylococcus_main_3200bf29a69711b9	EMB_onehot_C16	EMB_onehot_C13	-8	2.0	-	+
tjupan_staphylococcus_main_3200bf29a69711b9	EMB_onehot_C16	EMB_onehot_C08	12	22.0	-	+
tjupan_staphylococcus_main_3200bf29a69711b9	EMB_onehot_C13	EMB_onehot_C08	10	20.0	+	+
tjupan_staphylococcus_main_327dd9f66f82a157	EMB_onehot_C08	EMB_onehot_C04	15	25.0	-	-
tjupan_staphylococcus_main_327dd9f66f82a157	EMB_onehot_C08	EMB_onehot_C10	16	26.0	-	+
tjupan_staphylococcus_main_327dd9f66f82a157	EMB_onehot_C04	EMB_onehot_C10	-9	1.0	-	+
tjupan_staphylococcus_main_350e6aacfd899952	EMB_onehot_C11	EMB_onehot_C22	0	10.0	+	+
tjupan_staphylococcus_main_350e6aacfd899952	EMB_onehot_C11	EMB_onehot_C13	1	11.0	+	+
tjupan_staphylococcus_main_350e6aacfd899952	EMB_onehot_C11	EMB_onehot_C14	4	14.0	+	+
tjupan_staphylococcus_main_350e6aacfd899952	EMB_onehot_C11	EMB_onehot_C16	5	15.0	+	+
tjupan_staphylococcus_main_350e6aacfd899952	EMB_onehot_C11	EMB_onehot_C18	8	18.0	+	-
tjupan_staphylococcus_main_350e6aacfd899952	EMB_onehot_C22	EMB_onehot_C13	-9	1.0	+	+
tjupan_staphylococcus_main_350e6aacfd899952	EMB_onehot_C22	EMB_onehot_C14	-6	4.0	+	+
tjupan_staphylococcus_main_350e6aacfd899952	EMB_onehot_C22	EMB_onehot_C16	-5	5.0	+	+
tjupan_staphylococcus_main_350e6aacfd899952	EMB_onehot_C22	EMB_onehot_C18	-2	8.0	+	-
tjupan_staphylococcus_main_350e6aacfd899952	EMB_onehot_C13	EMB_onehot_C14	-7	3.0	+	+
tjupan_staphylococcus_main_350e6aacfd899952	EMB_onehot_C13	EMB_onehot_C16	-6	4.0	+	+
tjupan_staphylococcus_main_350e6aacfd899952	EMB_onehot_C13	EMB_onehot_C18	-3	7.0	+	-
tjupan_staphylococcus_main_350e6aacfd899952	EMB_onehot_C14	EMB_onehot_C16	-9	1.0	+	+
tjupan_staphylococcus_main_350e6aacfd899952	EMB_onehot_C14	EMB_onehot_C18	-6	4.0	+	-
tjupan_staphylococcus_main_350e6aacfd899952	EMB_onehot_C16	EMB_onehot_C18	-7	3.0	+	-
tjupan_staphylococcus_main_35429b320b609994	EMB_onehot_C11	EMB_onehot_C21	-10	0.0	+	-
tjupan_staphylococcus_main_35429b320b609994	EMB_onehot_C11	EMB_onehot_C14	-9	1.0	+	+
tjupan_staphylococcus_main_35429b320b609994	EMB_onehot_C11	EMB_onehot_C19	-9	1.0	+	-
tjupan_staphylococcus_main_35429b320b609994	EMB_onehot_C11	EMB_onehot_C00	-8	2.0	+	-
tjupan_staphylococcus_main_35429b320b609994	EMB_onehot_C11	EMB_onehot_C09	-8	2.0	+	+
tjupan_staphylococcus_main_35429b320b609994	EMB_onehot_C11	EMB_onehot_C07	-6	4.0	+	+
tjupan_staphylococcus_main_35429b320b609994	EMB_onehot_C21	EMB_onehot_C14	-9	1.0	-	+
tjupan_staphylococcus_main_35429b320b609994	EMB_onehot_C21	EMB_onehot_C19	-9	1.0	-	-
tjupan_staphylococcus_main_35429b320b609994	EMB_onehot_C21	EMB_onehot_C00	-8	2.0	-	-
tjupan_staphylococcus_main_35429b320b609994	EMB_onehot_C21	EMB_onehot_C09	-8	2.0	-	+
tjupan_staphylococcus_main_35429b320b609994	EMB_onehot_C21	EMB_onehot_C07	-6	4.0	-	+
tjupan_staphylococcus_main_35429b320b609994	EMB_onehot_C14	EMB_onehot_C19	-10	0.0	+	-
tjupan_staphylococcus_main_35429b320b609994	EMB_onehot_C14	EMB_onehot_C00	-9	1.0	+	-
tjupan_staphylococcus_main_35429b320b609994	EMB_onehot_C14	EMB_onehot_C09	-9	1.0	+	+
tjupan_staphylococcus_main_35429b320b609994	EMB_onehot_C14	EMB_onehot_C07	-7	3.0	+	+
tjupan_staphylococcus_main_35429b320b609994	EMB_onehot_C19	EMB_onehot_C00	-9	1.0	-	-
tjupan_staphylococcus_main_35429b320b609994	EMB_onehot_C19	EMB_onehot_C09	-9	1.0	-	+
tjupan_staphylococcus_main_35429b320b609994	EMB_onehot_C19	EMB_onehot_C07	-7	3.0	-	+
tjupan_staphylococcus_main_35429b320b609994	EMB_onehot_C00	EMB_onehot_C09	-10	0.0	-	+
tjupan_staphylococcus_main_35429b320b609994	EMB_onehot_C00	EMB_onehot_C07	-8	2.0	-	+
tjupan_staphylococcus_main_35429b320b609994	EMB_onehot_C09	EMB_onehot_C07	-8	2.0	+	+
tjupan_staphylococcus_main_36339086bd4cf511	EMB_onehot_C02	EMB_onehot_C05	-9	1.0	+	-
tjupan_staphylococcus_main_37fa2b84534f74d5	EMB_onehot_C16	EMB_onehot_C10	-4	6.0	-	+
tjupan_staphylococcus_main_37fa2b84534f74d5	EMB_onehot_C16	EMB_onehot_C23	3	13.0	-	-
tjupan_staphylococcus_main_37fa2b84534f74d5	EMB_onehot_C16	EMB_onehot_C11	16	26.0	-	-
tjupan_staphylococcus_main_37fa2b84534f74d5	EMB_onehot_C10	EMB_onehot_C23	-3	7.0	+	-
tjupan_staphylococcus_main_37fa2b84534f74d5	EMB_onehot_C10	EMB_onehot_C11	10	20.0	+	-
tjupan_staphylococcus_main_37fa2b84534f74d5	EMB_onehot_C23	EMB_onehot_C11	3	13.0	-	-
tjupan_staphylococcus_main_39865d6ee297cbec	EMB_onehot_C17	EMB_onehot_C19	-8	2.0	+	+
tjupan_staphylococcus_main_39865d6ee297cbec	EMB_onehot_C17	EMB_onehot_C11	-7	3.0	+	-
tjupan_staphylococcus_main_39865d6ee297cbec	EMB_onehot_C17	EMB_onehot_C21	-2	8.0	+	-
tjupan_staphylococcus_main_39865d6ee297cbec	EMB_onehot_C17	EMB_onehot_C18	1	11.0	+	+
tjupan_staphylococcus_main_39865d6ee297cbec	EMB_onehot_C17	EMB_onehot_C13	10	20.0	+	-
tjupan_staphylococcus_main_39865d6ee297cbec	EMB_onehot_C17	EMB_onehot_C05	12	22.0	+	-
tjupan_staphylococcus_main_39865d6ee297cbec	EMB_onehot_C17	EMB_onehot_C03	13	23.0	+	+
tjupan_staphylococcus_main_39865d6ee297cbec	EMB_onehot_C17	EMB_onehot_C23	14	24.0	+	-
tjupan_staphylococcus_main_39865d6ee297cbec	EMB_onehot_C19	EMB_onehot_C11	-9	1.0	+	-
tjupan_staphylococcus_main_39865d6ee297cbec	EMB_onehot_C19	EMB_onehot_C21	-4	6.0	+	-
tjupan_staphylococcus_main_39865d6ee297cbec	EMB_onehot_C19	EMB_onehot_C18	-1	9.0	+	+
tjupan_staphylococcus_main_39865d6ee297cbec	EMB_onehot_C19	EMB_onehot_C13	8	18.0	+	-
tjupan_staphylococcus_main_39865d6ee297cbec	EMB_onehot_C19	EMB_onehot_C05	10	20.0	+	-
tjupan_staphylococcus_main_39865d6ee297cbec	EMB_onehot_C19	EMB_onehot_C03	11	21.0	+	+
tjupan_staphylococcus_main_39865d6ee297cbec	EMB_onehot_C19	EMB_onehot_C23	12	22.0	+	-
tjupan_staphylococcus_main_39865d6ee297cbec	EMB_onehot_C11	EMB_onehot_C21	-5	5.0	-	-
tjupan_staphylococcus_main_39865d6ee297cbec	EMB_onehot_C11	EMB_onehot_C18	-2	8.0	-	+
tjupan_staphylococcus_main_39865d6ee297cbec	EMB_onehot_C11	EMB_onehot_C13	7	17.0	-	-
tjupan_staphylococcus_main_39865d6ee297cbec	EMB_onehot_C11	EMB_onehot_C05	9	19.0	-	-
tjupan_staphylococcus_main_39865d6ee297cbec	EMB_onehot_C11	EMB_onehot_C03	10	20.0	-	+
tjupan_staphylococcus_main_39865d6ee297cbec	EMB_onehot_C11	EMB_onehot_C23	11	21.0	-	-
tjupan_staphylococcus_main_39865d6ee297cbec	EMB_onehot_C21	EMB_onehot_C18	-7	3.0	-	+
tjupan_staphylococcus_main_39865d6ee297cbec	EMB_onehot_C21	EMB_onehot_C13	2	12.0	-	-
tjupan_staphylococcus_main_39865d6ee297cbec	EMB_onehot_C21	EMB_onehot_C05	4	14.0	-	-
tjupan_staphylococcus_main_39865d6ee297cbec	EMB_onehot_C21	EMB_onehot_C03	5	15.0	-	+
tjupan_staphylococcus_main_39865d6ee297cbec	EMB_onehot_C21	EMB_onehot_C23	6	16.0	-	-
tjupan_staphylococcus_main_39865d6ee297cbec	EMB_onehot_C18	EMB_onehot_C13	-1	9.0	+	-
tjupan_staphylococcus_main_39865d6ee297cbec	EMB_onehot_C18	EMB_onehot_C05	1	11.0	+	-
tjupan_staphylococcus_main_39865d6ee297cbec	EMB_onehot_C18	EMB_onehot_C03	2	12.0	+	+
tjupan_staphylococcus_main_39865d6ee297cbec	EMB_onehot_C18	EMB_onehot_C23	3	13.0	+	-
tjupan_staphylococcus_main_39865d6ee297cbec	EMB_onehot_C13	EMB_onehot_C05	-8	2.0	-	-
tjupan_staphylococcus_main_39865d6ee297cbec	EMB_onehot_C13	EMB_onehot_C03	-7	3.0	-	+
tjupan_staphylococcus_main_39865d6ee297cbec	EMB_onehot_C13	EMB_onehot_C23	-6	4.0	-	-
tjupan_staphylococcus_main_39865d6ee297cbec	EMB_onehot_C05	EMB_onehot_C03	-9	1.0	-	+
tjupan_staphylococcus_main_39865d6ee297cbec	EMB_onehot_C05	EMB_onehot_C23	-8	2.0	-	-
tjupan_staphylococcus_main_39865d6ee297cbec	EMB_onehot_C03	EMB_onehot_C23	-9	1.0	+	-
tjupan_staphylococcus_main_39d92502a49a73ba	EMB_onehot_C17	EMB_onehot_C13	-7	3.0	+	+
tjupan_staphylococcus_main_39d92502a49a73ba	EMB_onehot_C17	EMB_onehot_C23	5	15.0	+	+
tjupan_staphylococcus_main_39d92502a49a73ba	EMB_onehot_C17	EMB_onehot_C10	6	16.0	+	+
tjupan_staphylococcus_main_39d92502a49a73ba	EMB_onehot_C17	EMB_onehot_C12	8	18.0	+	+
tjupan_staphylococcus_main_39d92502a49a73ba	EMB_onehot_C17	EMB_onehot_C14	25	35.0	+	-
tjupan_staphylococcus_main_39d92502a49a73ba	EMB_onehot_C17	EMB_onehot_C19	25	35.0	+	+
tjupan_staphylococcus_main_39d92502a49a73ba	EMB_onehot_C17	EMB_onehot_C21	26	36.0	+	+
tjupan_staphylococcus_main_39d92502a49a73ba	EMB_onehot_C13	EMB_onehot_C23	2	12.0	+	+
tjupan_staphylococcus_main_39d92502a49a73ba	EMB_onehot_C13	EMB_onehot_C10	3	13.0	+	+
tjupan_staphylococcus_main_39d92502a49a73ba	EMB_onehot_C13	EMB_onehot_C12	5	15.0	+	+
tjupan_staphylococcus_main_39d92502a49a73ba	EMB_onehot_C13	EMB_onehot_C14	22	32.0	+	-
tjupan_staphylococcus_main_39d92502a49a73ba	EMB_onehot_C13	EMB_onehot_C19	22	32.0	+	+
tjupan_staphylococcus_main_39d92502a49a73ba	EMB_onehot_C13	EMB_onehot_C21	23	33.0	+	+
tjupan_staphylococcus_main_39d92502a49a73ba	EMB_onehot_C23	EMB_onehot_C10	-9	1.0	+	+
tjupan_staphylococcus_main_39d92502a49a73ba	EMB_onehot_C23	EMB_onehot_C12	-7	3.0	+	+
tjupan_staphylococcus_main_39d92502a49a73ba	EMB_onehot_C23	EMB_onehot_C14	10	20.0	+	-
tjupan_staphylococcus_main_39d92502a49a73ba	EMB_onehot_C23	EMB_onehot_C19	10	20.0	+	+
tjupan_staphylococcus_main_39d92502a49a73ba	EMB_onehot_C23	EMB_onehot_C21	11	21.0	+	+
tjupan_staphylococcus_main_39d92502a49a73ba	EMB_onehot_C10	EMB_onehot_C12	-8	2.0	+	+
tjupan_staphylococcus_main_39d92502a49a73ba	EMB_onehot_C10	EMB_onehot_C14	9	19.0	+	-
tjupan_staphylococcus_main_39d92502a49a73ba	EMB_onehot_C10	EMB_onehot_C19	9	19.0	+	+
tjupan_staphylococcus_main_39d92502a49a73ba	EMB_onehot_C10	EMB_onehot_C21	10	20.0	+	+
tjupan_staphylococcus_main_39d92502a49a73ba	EMB_onehot_C12	EMB_onehot_C14	7	17.0	+	-
tjupan_staphylococcus_main_39d92502a49a73ba	EMB_onehot_C12	EMB_onehot_C19	7	17.0	+	+
tjupan_staphylococcus_main_39d92502a49a73ba	EMB_onehot_C12	EMB_onehot_C21	8	18.0	+	+
tjupan_staphylococcus_main_39d92502a49a73ba	EMB_onehot_C14	EMB_onehot_C19	-10	0.0	-	+
tjupan_staphylococcus_main_39d92502a49a73ba	EMB_onehot_C14	EMB_onehot_C21	-9	1.0	-	+
tjupan_staphylococcus_main_39d92502a49a73ba	EMB_onehot_C19	EMB_onehot_C21	-9	1.0	+	+
tjupan_staphylococcus_main_3a1a1deb0f34cc51	EMB_onehot_C11	EMB_onehot_C20	-9	1.0	-	-
tjupan_staphylococcus_main_3e7dab7d5c22ef00	EMB_onehot_C08	EMB_onehot_C03	-2	8.0	-	-
tjupan_staphylococcus_main_3e7dab7d5c22ef00	EMB_onehot_C08	EMB_onehot_C05	-1	9.0	-	+
tjupan_staphylococcus_main_3e7dab7d5c22ef00	EMB_onehot_C08	EMB_onehot_C13	1	11.0	-	+
tjupan_staphylococcus_main_3e7dab7d5c22ef00	EMB_onehot_C03	EMB_onehot_C05	-9	1.0	-	+
tjupan_staphylococcus_main_3e7dab7d5c22ef00	EMB_onehot_C03	EMB_onehot_C13	-7	3.0	-	+
tjupan_staphylococcus_main_3e7dab7d5c22ef00	EMB_onehot_C05	EMB_onehot_C13	-8	2.0	+	+
tjupan_staphylococcus_main_400b54ff3000f198	EMB_onehot_C16	EMB_onehot_C05	-7	3.0	-	+
tjupan_staphylococcus_main_400b54ff3000f198	EMB_onehot_C16	EMB_onehot_C13	-6	4.0	-	-
tjupan_staphylococcus_main_400b54ff3000f198	EMB_onehot_C16	EMB_onehot_C03	15	25.0	-	+
tjupan_staphylococcus_main_400b54ff3000f198	EMB_onehot_C16	EMB_onehot_C02	29	39.0	-	-
tjupan_staphylococcus_main_400b54ff3000f198	EMB_onehot_C16	EMB_onehot_C00	30	40.0	-	+
tjupan_staphylococcus_main_400b54ff3000f198	EMB_onehot_C05	EMB_onehot_C13	-9	1.0	+	-
tjupan_staphylococcus_main_400b54ff3000f198	EMB_onehot_C05	EMB_onehot_C03	12	22.0	+	+
tjupan_staphylococcus_main_400b54ff3000f198	EMB_onehot_C05	EMB_onehot_C02	26	36.0	+	-
tjupan_staphylococcus_main_400b54ff3000f198	EMB_onehot_C05	EMB_onehot_C00	27	37.0	+	+
tjupan_staphylococcus_main_400b54ff3000f198	EMB_onehot_C13	EMB_onehot_C03	11	21.0	-	+
tjupan_staphylococcus_main_400b54ff3000f198	EMB_onehot_C13	EMB_onehot_C02	25	35.0	-	-
tjupan_staphylococcus_main_400b54ff3000f198	EMB_onehot_C13	EMB_onehot_C00	26	36.0	-	+
tjupan_staphylococcus_main_400b54ff3000f198	EMB_onehot_C03	EMB_onehot_C02	4	14.0	+	-
tjupan_staphylococcus_main_400b54ff3000f198	EMB_onehot_C03	EMB_onehot_C00	5	15.0	+	+
tjupan_staphylococcus_main_400b54ff3000f198	EMB_onehot_C02	EMB_onehot_C00	-9	1.0	-	+
tjupan_staphylococcus_main_401f9f2b3f115c18	EMB_onehot_C13	EMB_onehot_C22	-9	1.0	-	-
tjupan_staphylococcus_main_401f9f2b3f115c18	EMB_onehot_C13	EMB_onehot_C19	-1	9.0	-	+
tjupan_staphylococcus_main_401f9f2b3f115c18	EMB_onehot_C13	EMB_onehot_C15	2	12.0	-	+
tjupan_staphylococcus_main_401f9f2b3f115c18	EMB_onehot_C13	EMB_onehot_C20	17	27.0	-	+
tjupan_staphylococcus_main_401f9f2b3f115c18	EMB_onehot_C13	EMB_onehot_C00	27	37.0	-	-
tjupan_staphylococcus_main_401f9f2b3f115c18	EMB_onehot_C22	EMB_onehot_C19	-2	8.0	-	+
tjupan_staphylococcus_main_401f9f2b3f115c18	EMB_onehot_C22	EMB_onehot_C15	1	11.0	-	+
tjupan_staphylococcus_main_401f9f2b3f115c18	EMB_onehot_C22	EMB_onehot_C20	16	26.0	-	+
tjupan_staphylococcus_main_401f9f2b3f115c18	EMB_onehot_C22	EMB_onehot_C00	26	36.0	-	-
tjupan_staphylococcus_main_401f9f2b3f115c18	EMB_onehot_C19	EMB_onehot_C15	-7	3.0	+	+
tjupan_staphylococcus_main_401f9f2b3f115c18	EMB_onehot_C19	EMB_onehot_C20	8	18.0	+	+
tjupan_staphylococcus_main_401f9f2b3f115c18	EMB_onehot_C19	EMB_onehot_C00	18	28.0	+	-
tjupan_staphylococcus_main_401f9f2b3f115c18	EMB_onehot_C15	EMB_onehot_C20	5	15.0	+	+
tjupan_staphylococcus_main_401f9f2b3f115c18	EMB_onehot_C15	EMB_onehot_C00	15	25.0	+	-
tjupan_staphylococcus_main_401f9f2b3f115c18	EMB_onehot_C20	EMB_onehot_C00	0	10.0	+	-
tjupan_staphylococcus_main_41801630cc03b977	EMB_onehot_C01	EMB_onehot_C13	0	10.0	-	-
tjupan_staphylococcus_main_41801630cc03b977	EMB_onehot_C01	EMB_onehot_C03	3	13.0	-	+
tjupan_staphylococcus_main_41801630cc03b977	EMB_onehot_C01	EMB_onehot_C00	10	20.0	-	+
tjupan_staphylococcus_main_41801630cc03b977	EMB_onehot_C01	EMB_onehot_C09	10	20.0	-	-
tjupan_staphylococcus_main_41801630cc03b977	EMB_onehot_C01	EMB_onehot_C14	11	21.0	-	-
tjupan_staphylococcus_main_41801630cc03b977	EMB_onehot_C01	EMB_onehot_C19	11	21.0	-	+
tjupan_staphylococcus_main_41801630cc03b977	EMB_onehot_C01	EMB_onehot_C17	23	33.0	-	-
tjupan_staphylococcus_main_41801630cc03b977	EMB_onehot_C13	EMB_onehot_C03	-7	3.0	-	+
tjupan_staphylococcus_main_41801630cc03b977	EMB_onehot_C13	EMB_onehot_C00	0	10.0	-	+
tjupan_staphylococcus_main_41801630cc03b977	EMB_onehot_C13	EMB_onehot_C09	0	10.0	-	-
tjupan_staphylococcus_main_41801630cc03b977	EMB_onehot_C13	EMB_onehot_C14	1	11.0	-	-
tjupan_staphylococcus_main_41801630cc03b977	EMB_onehot_C13	EMB_onehot_C19	1	11.0	-	+
tjupan_staphylococcus_main_41801630cc03b977	EMB_onehot_C13	EMB_onehot_C17	13	23.0	-	-
tjupan_staphylococcus_main_41801630cc03b977	EMB_onehot_C03	EMB_onehot_C00	-3	7.0	+	+
tjupan_staphylococcus_main_41801630cc03b977	EMB_onehot_C03	EMB_onehot_C09	-3	7.0	+	-
tjupan_staphylococcus_main_41801630cc03b977	EMB_onehot_C03	EMB_onehot_C14	-2	8.0	+	-
tjupan_staphylococcus_main_41801630cc03b977	EMB_onehot_C03	EMB_onehot_C19	-2	8.0	+	+
tjupan_staphylococcus_main_41801630cc03b977	EMB_onehot_C03	EMB_onehot_C17	10	20.0	+	-
tjupan_staphylococcus_main_41801630cc03b977	EMB_onehot_C00	EMB_onehot_C09	-10	0.0	+	-
tjupan_staphylococcus_main_41801630cc03b977	EMB_onehot_C00	EMB_onehot_C14	-9	1.0	+	-
tjupan_staphylococcus_main_41801630cc03b977	EMB_onehot_C00	EMB_onehot_C19	-9	1.0	+	+
tjupan_staphylococcus_main_41801630cc03b977	EMB_onehot_C00	EMB_onehot_C17	3	13.0	+	-
tjupan_staphylococcus_main_41801630cc03b977	EMB_onehot_C09	EMB_onehot_C14	-9	1.0	-	-
tjupan_staphylococcus_main_41801630cc03b977	EMB_onehot_C09	EMB_onehot_C19	-9	1.0	-	+
tjupan_staphylococcus_main_41801630cc03b977	EMB_onehot_C09	EMB_onehot_C17	3	13.0	-	-
tjupan_staphylococcus_main_41801630cc03b977	EMB_onehot_C14	EMB_onehot_C19	-10	0.0	-	+
tjupan_staphylococcus_main_41801630cc03b977	EMB_onehot_C14	EMB_onehot_C17	2	12.0	-	-
tjupan_staphylococcus_main_41801630cc03b977	EMB_onehot_C19	EMB_onehot_C17	2	12.0	+	-
tjupan_staphylococcus_main_421ee4e34eca0df1	EMB_onehot_C05	EMB_onehot_C16	-10	0.0	+	-
tjupan_staphylococcus_main_421ee4e34eca0df1	EMB_onehot_C05	EMB_onehot_C02	-9	1.0	+	-
tjupan_staphylococcus_main_421ee4e34eca0df1	EMB_onehot_C05	EMB_onehot_C13	-8	2.0	+	+
tjupan_staphylococcus_main_421ee4e34eca0df1	EMB_onehot_C05	EMB_onehot_C17	-6	4.0	+	-
tjupan_staphylococcus_main_421ee4e34eca0df1	EMB_onehot_C05	EMB_onehot_C18	-1	9.0	+	+
tjupan_staphylococcus_main_421ee4e34eca0df1	EMB_onehot_C05	EMB_onehot_C10	0	10.0	+	-
tjupan_staphylococcus_main_421ee4e34eca0df1	EMB_onehot_C05	EMB_onehot_C01	24	34.0	+	-
tjupan_staphylococcus_main_421ee4e34eca0df1	EMB_onehot_C16	EMB_onehot_C02	-9	1.0	-	-
tjupan_staphylococcus_main_421ee4e34eca0df1	EMB_onehot_C16	EMB_onehot_C13	-8	2.0	-	+
tjupan_staphylococcus_main_421ee4e34eca0df1	EMB_onehot_C16	EMB_onehot_C17	-6	4.0	-	-
tjupan_staphylococcus_main_421ee4e34eca0df1	EMB_onehot_C16	EMB_onehot_C18	-1	9.0	-	+
tjupan_staphylococcus_main_421ee4e34eca0df1	EMB_onehot_C16	EMB_onehot_C10	0	10.0	-	-
tjupan_staphylococcus_main_421ee4e34eca0df1	EMB_onehot_C16	EMB_onehot_C01	24	34.0	-	-
tjupan_staphylococcus_main_421ee4e34eca0df1	EMB_onehot_C02	EMB_onehot_C13	-9	1.0	-	+
tjupan_staphylococcus_main_421ee4e34eca0df1	EMB_onehot_C02	EMB_onehot_C17	-7	3.0	-	-
tjupan_staphylococcus_main_421ee4e34eca0df1	EMB_onehot_C02	EMB_onehot_C18	-2	8.0	-	+
tjupan_staphylococcus_main_421ee4e34eca0df1	EMB_onehot_C02	EMB_onehot_C10	-1	9.0	-	-
tjupan_staphylococcus_main_421ee4e34eca0df1	EMB_onehot_C02	EMB_onehot_C01	23	33.0	-	-
tjupan_staphylococcus_main_421ee4e34eca0df1	EMB_onehot_C13	EMB_onehot_C17	-8	2.0	+	-
tjupan_staphylococcus_main_421ee4e34eca0df1	EMB_onehot_C13	EMB_onehot_C18	-3	7.0	+	+
tjupan_staphylococcus_main_421ee4e34eca0df1	EMB_onehot_C13	EMB_onehot_C10	-2	8.0	+	-
tjupan_staphylococcus_main_421ee4e34eca0df1	EMB_onehot_C13	EMB_onehot_C01	22	32.0	+	-
tjupan_staphylococcus_main_421ee4e34eca0df1	EMB_onehot_C17	EMB_onehot_C18	-5	5.0	-	+
tjupan_staphylococcus_main_421ee4e34eca0df1	EMB_onehot_C17	EMB_onehot_C10	-4	6.0	-	-
tjupan_staphylococcus_main_421ee4e34eca0df1	EMB_onehot_C17	EMB_onehot_C01	20	30.0	-	-
tjupan_staphylococcus_main_421ee4e34eca0df1	EMB_onehot_C18	EMB_onehot_C10	-9	1.0	+	-
tjupan_staphylococcus_main_421ee4e34eca0df1	EMB_onehot_C18	EMB_onehot_C01	15	25.0	+	-
tjupan_staphylococcus_main_421ee4e34eca0df1	EMB_onehot_C10	EMB_onehot_C01	14	24.0	-	-
tjupan_staphylococcus_main_42ca073d0777cece	EMB_onehot_C05	EMB_onehot_C10	-9	1.0	+	+
tjupan_staphylococcus_main_42ca073d0777cece	EMB_onehot_C05	EMB_onehot_C16	-5	5.0	+	+
tjupan_staphylococcus_main_42ca073d0777cece	EMB_onehot_C10	EMB_onehot_C16	-6	4.0	+	+
tjupan_staphylococcus_main_44b898b63f6eda4e	EMB_onehot_C23	EMB_onehot_C13	-1	9.0	+	-
tjupan_staphylococcus_main_44b898b63f6eda4e	EMB_onehot_C23	EMB_onehot_C22	0	10.0	+	-
tjupan_staphylococcus_main_44b898b63f6eda4e	EMB_onehot_C13	EMB_onehot_C22	-9	1.0	-	-
tjupan_staphylococcus_main_453b4fbb73e0c083	EMB_onehot_C11	EMB_onehot_C09	7	17.0	+	-
tjupan_staphylococcus_main_453b4fbb73e0c083	EMB_onehot_C11	EMB_onehot_C15	11	21.0	+	+
tjupan_staphylococcus_main_453b4fbb73e0c083	EMB_onehot_C11	EMB_onehot_C20	20	30.0	+	-
tjupan_staphylococcus_main_453b4fbb73e0c083	EMB_onehot_C11	EMB_onehot_C23	35	45.0	+	-
tjupan_staphylococcus_main_453b4fbb73e0c083	EMB_onehot_C11	EMB_onehot_C18	36	46.0	+	+
tjupan_staphylococcus_main_453b4fbb73e0c083	EMB_onehot_C09	EMB_onehot_C15	-6	4.0	-	+
tjupan_staphylococcus_main_453b4fbb73e0c083	EMB_onehot_C09	EMB_onehot_C20	3	13.0	-	-
tjupan_staphylococcus_main_453b4fbb73e0c083	EMB_onehot_C09	EMB_onehot_C23	18	28.0	-	-
tjupan_staphylococcus_main_453b4fbb73e0c083	EMB_onehot_C09	EMB_onehot_C18	19	29.0	-	+
tjupan_staphylococcus_main_453b4fbb73e0c083	EMB_onehot_C15	EMB_onehot_C20	-1	9.0	+	-
tjupan_staphylococcus_main_453b4fbb73e0c083	EMB_onehot_C15	EMB_onehot_C23	14	24.0	+	-
tjupan_staphylococcus_main_453b4fbb73e0c083	EMB_onehot_C15	EMB_onehot_C18	15	25.0	+	+
tjupan_staphylococcus_main_453b4fbb73e0c083	EMB_onehot_C20	EMB_onehot_C23	5	15.0	-	-
tjupan_staphylococcus_main_453b4fbb73e0c083	EMB_onehot_C20	EMB_onehot_C18	6	16.0	-	+
tjupan_staphylococcus_main_453b4fbb73e0c083	EMB_onehot_C23	EMB_onehot_C18	-9	1.0	-	+
tjupan_staphylococcus_main_499fb7d045b74ff6	EMB_onehot_C09	EMB_onehot_C03	24	34.0	+	+
tjupan_staphylococcus_main_49dc0a8295e05840	EMB_onehot_C02	EMB_onehot_C13	-5	5.0	-	-
tjupan_staphylococcus_main_49dc0a8295e05840	EMB_onehot_C02	EMB_onehot_C22	-4	6.0	-	-
tjupan_staphylococcus_main_49dc0a8295e05840	EMB_onehot_C02	EMB_onehot_C05	-1	9.0	-	-
tjupan_staphylococcus_main_49dc0a8295e05840	EMB_onehot_C13	EMB_onehot_C22	-9	1.0	-	-
tjupan_staphylococcus_main_49dc0a8295e05840	EMB_onehot_C13	EMB_onehot_C05	-6	4.0	-	-
tjupan_staphylococcus_main_49dc0a8295e05840	EMB_onehot_C22	EMB_onehot_C05	-7	3.0	-	-
tjupan_staphylococcus_main_4ac3930f5455f18e	EMB_onehot_C22	EMB_onehot_C04	-3	7.0	+	+
tjupan_staphylococcus_main_4ae6976a39143e58	EMB_onehot_C13	EMB_onehot_C22	-10	0.0	+	-
tjupan_staphylococcus_main_4b8d0c8393a6a1a0	EMB_onehot_C22	EMB_onehot_C13	-9	1.0	+	+
tjupan_staphylococcus_main_5041f7d099fafec3	EMB_onehot_C05	EMB_onehot_C00	-5	5.0	+	+
tjupan_staphylococcus_main_5041f7d099fafec3	EMB_onehot_C05	EMB_onehot_C13	-1	9.0	+	-
tjupan_staphylococcus_main_5041f7d099fafec3	EMB_onehot_C05	EMB_onehot_C03	5	15.0	+	+
tjupan_staphylococcus_main_5041f7d099fafec3	EMB_onehot_C00	EMB_onehot_C13	-6	4.0	+	-
tjupan_staphylococcus_main_5041f7d099fafec3	EMB_onehot_C00	EMB_onehot_C03	0	10.0	+	+
tjupan_staphylococcus_main_5041f7d099fafec3	EMB_onehot_C13	EMB_onehot_C03	-4	6.0	-	+
tjupan_staphylococcus_main_55806b4e4bc941a1	EMB_onehot_C18	EMB_onehot_C17	-9	1.0	+	+
tjupan_staphylococcus_main_55806b4e4bc941a1	EMB_onehot_C18	EMB_onehot_C03	19	29.0	+	-
tjupan_staphylococcus_main_55806b4e4bc941a1	EMB_onehot_C18	EMB_onehot_C13	22	32.0	+	+
tjupan_staphylococcus_main_55806b4e4bc941a1	EMB_onehot_C17	EMB_onehot_C03	18	28.0	+	-
tjupan_staphylococcus_main_55806b4e4bc941a1	EMB_onehot_C17	EMB_onehot_C13	21	31.0	+	+
tjupan_staphylococcus_main_55806b4e4bc941a1	EMB_onehot_C03	EMB_onehot_C13	-7	3.0	-	+
tjupan_staphylococcus_main_55f5d4cf543b0ec9	EMB_onehot_C18	EMB_onehot_C22	26	36.0	+	-
tjupan_staphylococcus_main_55f5d4cf543b0ec9	EMB_onehot_C18	EMB_onehot_C12	30	40.0	+	-
tjupan_staphylococcus_main_55f5d4cf543b0ec9	EMB_onehot_C18	EMB_onehot_C21	30	40.0	+	+
tjupan_staphylococcus_main_55f5d4cf543b0ec9	EMB_onehot_C18	EMB_onehot_C00	50	60.0	+	-
tjupan_staphylococcus_main_55f5d4cf543b0ec9	EMB_onehot_C18	EMB_onehot_C02	51	61.0	+	+
tjupan_staphylococcus_main_55f5d4cf543b0ec9	EMB_onehot_C22	EMB_onehot_C12	-6	4.0	-	-
tjupan_staphylococcus_main_55f5d4cf543b0ec9	EMB_onehot_C22	EMB_onehot_C21	-6	4.0	-	+
tjupan_staphylococcus_main_55f5d4cf543b0ec9	EMB_onehot_C22	EMB_onehot_C00	14	24.0	-	-
tjupan_staphylococcus_main_55f5d4cf543b0ec9	EMB_onehot_C22	EMB_onehot_C02	15	25.0	-	+
tjupan_staphylococcus_main_55f5d4cf543b0ec9	EMB_onehot_C12	EMB_onehot_C21	-10	0.0	-	+
tjupan_staphylococcus_main_55f5d4cf543b0ec9	EMB_onehot_C12	EMB_onehot_C00	10	20.0	-	-
tjupan_staphylococcus_main_55f5d4cf543b0ec9	EMB_onehot_C12	EMB_onehot_C02	11	21.0	-	+
tjupan_staphylococcus_main_55f5d4cf543b0ec9	EMB_onehot_C21	EMB_onehot_C00	10	20.0	+	-
tjupan_staphylococcus_main_55f5d4cf543b0ec9	EMB_onehot_C21	EMB_onehot_C02	11	21.0	+	+
tjupan_staphylococcus_main_55f5d4cf543b0ec9	EMB_onehot_C00	EMB_onehot_C02	-9	1.0	-	+
tjupan_staphylococcus_main_566c30841cae5324	EMB_onehot_C21	EMB_onehot_C05	-9	1.0	+	+
tjupan_staphylococcus_main_566c30841cae5324	EMB_onehot_C21	EMB_onehot_C16	-9	1.0	+	-
tjupan_staphylococcus_main_566c30841cae5324	EMB_onehot_C21	EMB_onehot_C22	-8	2.0	+	+
tjupan_staphylococcus_main_566c30841cae5324	EMB_onehot_C21	EMB_onehot_C13	-7	3.0	+	+
tjupan_staphylococcus_main_566c30841cae5324	EMB_onehot_C05	EMB_onehot_C16	-10	0.0	+	-
tjupan_staphylococcus_main_566c30841cae5324	EMB_onehot_C05	EMB_onehot_C22	-9	1.0	+	+
tjupan_staphylococcus_main_566c30841cae5324	EMB_onehot_C05	EMB_onehot_C13	-8	2.0	+	+
tjupan_staphylococcus_main_566c30841cae5324	EMB_onehot_C16	EMB_onehot_C22	-9	1.0	-	+
tjupan_staphylococcus_main_566c30841cae5324	EMB_onehot_C16	EMB_onehot_C13	-8	2.0	-	+
tjupan_staphylococcus_main_566c30841cae5324	EMB_onehot_C22	EMB_onehot_C13	-9	1.0	+	+
tjupan_staphylococcus_main_5990e9d9fecccdb1	EMB_onehot_C22	EMB_onehot_C13	-9	1.0	+	+
tjupan_staphylococcus_main_5990e9d9fecccdb1	EMB_onehot_C22	EMB_onehot_C04	12	22.0	+	+
tjupan_staphylococcus_main_5990e9d9fecccdb1	EMB_onehot_C22	EMB_onehot_C08	29	39.0	+	+
tjupan_staphylococcus_main_5990e9d9fecccdb1	EMB_onehot_C22	EMB_onehot_C16	32	42.0	+	+
tjupan_staphylococcus_main_5990e9d9fecccdb1	EMB_onehot_C22	EMB_onehot_C09	33	43.0	+	+
tjupan_staphylococcus_main_5990e9d9fecccdb1	EMB_onehot_C22	EMB_onehot_C06	37	47.0	+	-
tjupan_staphylococcus_main_5990e9d9fecccdb1	EMB_onehot_C13	EMB_onehot_C04	11	21.0	+	+
tjupan_staphylococcus_main_5990e9d9fecccdb1	EMB_onehot_C13	EMB_onehot_C08	28	38.0	+	+
tjupan_staphylococcus_main_5990e9d9fecccdb1	EMB_onehot_C13	EMB_onehot_C16	31	41.0	+	+
tjupan_staphylococcus_main_5990e9d9fecccdb1	EMB_onehot_C13	EMB_onehot_C09	32	42.0	+	+
tjupan_staphylococcus_main_5990e9d9fecccdb1	EMB_onehot_C13	EMB_onehot_C06	36	46.0	+	-
tjupan_staphylococcus_main_5990e9d9fecccdb1	EMB_onehot_C04	EMB_onehot_C08	7	17.0	+	+
tjupan_staphylococcus_main_5990e9d9fecccdb1	EMB_onehot_C04	EMB_onehot_C16	10	20.0	+	+
tjupan_staphylococcus_main_5990e9d9fecccdb1	EMB_onehot_C04	EMB_onehot_C09	11	21.0	+	+
tjupan_staphylococcus_main_5990e9d9fecccdb1	EMB_onehot_C04	EMB_onehot_C06	15	25.0	+	-
tjupan_staphylococcus_main_5990e9d9fecccdb1	EMB_onehot_C08	EMB_onehot_C16	-7	3.0	+	+
tjupan_staphylococcus_main_5990e9d9fecccdb1	EMB_onehot_C08	EMB_onehot_C09	-6	4.0	+	+
tjupan_staphylococcus_main_5990e9d9fecccdb1	EMB_onehot_C08	EMB_onehot_C06	-2	8.0	+	-
tjupan_staphylococcus_main_5990e9d9fecccdb1	EMB_onehot_C16	EMB_onehot_C09	-9	1.0	+	+
tjupan_staphylococcus_main_5990e9d9fecccdb1	EMB_onehot_C16	EMB_onehot_C06	-5	5.0	+	-
tjupan_staphylococcus_main_5990e9d9fecccdb1	EMB_onehot_C09	EMB_onehot_C06	-6	4.0	+	-
tjupan_staphylococcus_main_5bcb25fee1f7774b	EMB_onehot_C06	EMB_onehot_C01	-9	1.0	+	-
tjupan_staphylococcus_main_5bcb25fee1f7774b	EMB_onehot_C06	EMB_onehot_C05	-9	1.0	+	+
tjupan_staphylococcus_main_5bcb25fee1f7774b	EMB_onehot_C06	EMB_onehot_C02	-8	2.0	+	-
tjupan_staphylococcus_main_5bcb25fee1f7774b	EMB_onehot_C06	EMB_onehot_C09	-7	3.0	+	-
tjupan_staphylococcus_main_5bcb25fee1f7774b	EMB_onehot_C01	EMB_onehot_C05	-10	0.0	-	+
tjupan_staphylococcus_main_5bcb25fee1f7774b	EMB_onehot_C01	EMB_onehot_C02	-9	1.0	-	-
tjupan_staphylococcus_main_5bcb25fee1f7774b	EMB_onehot_C01	EMB_onehot_C09	-8	2.0	-	-
tjupan_staphylococcus_main_5bcb25fee1f7774b	EMB_onehot_C05	EMB_onehot_C02	-9	1.0	+	-
tjupan_staphylococcus_main_5bcb25fee1f7774b	EMB_onehot_C05	EMB_onehot_C09	-8	2.0	+	-
tjupan_staphylococcus_main_5bcb25fee1f7774b	EMB_onehot_C02	EMB_onehot_C09	-9	1.0	-	-
tjupan_staphylococcus_main_5dfdba4fc25a47e3	EMB_onehot_C05	EMB_onehot_C10	3	13.0	-	-
tjupan_staphylococcus_main_5dfdba4fc25a47e3	EMB_onehot_C05	EMB_onehot_C13	7	17.0	-	-
tjupan_staphylococcus_main_5dfdba4fc25a47e3	EMB_onehot_C05	EMB_onehot_C22	7	17.0	-	+
tjupan_staphylococcus_main_5dfdba4fc25a47e3	EMB_onehot_C05	EMB_onehot_C03	10	20.0	-	+
tjupan_staphylococcus_main_5dfdba4fc25a47e3	EMB_onehot_C10	EMB_onehot_C13	-6	4.0	-	-
tjupan_staphylococcus_main_5dfdba4fc25a47e3	EMB_onehot_C10	EMB_onehot_C22	-6	4.0	-	+
tjupan_staphylococcus_main_5dfdba4fc25a47e3	EMB_onehot_C10	EMB_onehot_C03	-3	7.0	-	+
tjupan_staphylococcus_main_5dfdba4fc25a47e3	EMB_onehot_C13	EMB_onehot_C22	-10	0.0	-	+
tjupan_staphylococcus_main_5dfdba4fc25a47e3	EMB_onehot_C13	EMB_onehot_C03	-7	3.0	-	+
tjupan_staphylococcus_main_5dfdba4fc25a47e3	EMB_onehot_C22	EMB_onehot_C03	-7	3.0	+	+
tjupan_staphylococcus_main_5f74987e54f8221a	EMB_onehot_C18	EMB_onehot_C23	39	49.0	-	-
tjupan_staphylococcus_main_5f74987e54f8221a	EMB_onehot_C18	EMB_onehot_C04	41	51.0	-	-
tjupan_staphylococcus_main_5f74987e54f8221a	EMB_onehot_C18	EMB_onehot_C07	51	61.0	-	-
tjupan_staphylococcus_main_5f74987e54f8221a	EMB_onehot_C18	EMB_onehot_C09	53	63.0	-	-
tjupan_staphylococcus_main_5f74987e54f8221a	EMB_onehot_C18	EMB_onehot_C16	54	64.0	-	-
tjupan_staphylococcus_main_5f74987e54f8221a	EMB_onehot_C23	EMB_onehot_C04	-8	2.0	-	-
tjupan_staphylococcus_main_5f74987e54f8221a	EMB_onehot_C23	EMB_onehot_C07	2	12.0	-	-
tjupan_staphylococcus_main_5f74987e54f8221a	EMB_onehot_C23	EMB_onehot_C09	4	14.0	-	-
tjupan_staphylococcus_main_5f74987e54f8221a	EMB_onehot_C23	EMB_onehot_C16	5	15.0	-	-
tjupan_staphylococcus_main_5f74987e54f8221a	EMB_onehot_C04	EMB_onehot_C07	0	10.0	-	-
tjupan_staphylococcus_main_5f74987e54f8221a	EMB_onehot_C04	EMB_onehot_C09	2	12.0	-	-
tjupan_staphylococcus_main_5f74987e54f8221a	EMB_onehot_C04	EMB_onehot_C16	3	13.0	-	-
tjupan_staphylococcus_main_5f74987e54f8221a	EMB_onehot_C07	EMB_onehot_C09	-8	2.0	-	-
tjupan_staphylococcus_main_5f74987e54f8221a	EMB_onehot_C07	EMB_onehot_C16	-7	3.0	-	-
tjupan_staphylococcus_main_5f74987e54f8221a	EMB_onehot_C09	EMB_onehot_C16	-9	1.0	-	-
tjupan_staphylococcus_main_601869e6ad514e8b	EMB_onehot_C22	EMB_onehot_C14	-7	3.0	-	-
tjupan_staphylococcus_main_601869e6ad514e8b	EMB_onehot_C22	EMB_onehot_C21	-6	4.0	-	+
tjupan_staphylococcus_main_601869e6ad514e8b	EMB_onehot_C22	EMB_onehot_C05	-5	5.0	-	+
tjupan_staphylococcus_main_601869e6ad514e8b	EMB_onehot_C22	EMB_onehot_C13	-3	7.0	-	+
tjupan_staphylococcus_main_601869e6ad514e8b	EMB_onehot_C14	EMB_onehot_C21	-9	1.0	-	+
tjupan_staphylococcus_main_601869e6ad514e8b	EMB_onehot_C14	EMB_onehot_C05	-8	2.0	-	+
tjupan_staphylococcus_main_601869e6ad514e8b	EMB_onehot_C14	EMB_onehot_C13	-6	4.0	-	+
tjupan_staphylococcus_main_601869e6ad514e8b	EMB_onehot_C21	EMB_onehot_C05	-9	1.0	+	+
tjupan_staphylococcus_main_601869e6ad514e8b	EMB_onehot_C21	EMB_onehot_C13	-7	3.0	+	+
tjupan_staphylococcus_main_601869e6ad514e8b	EMB_onehot_C05	EMB_onehot_C13	-8	2.0	+	+
tjupan_staphylococcus_main_60cea4d4d44797f8	EMB_onehot_C13	EMB_onehot_C03	17	27.0	-	-
tjupan_staphylococcus_main_60cea4d4d44797f8	EMB_onehot_C13	EMB_onehot_C05	18	28.0	-	+
tjupan_staphylococcus_main_60cea4d4d44797f8	EMB_onehot_C03	EMB_onehot_C05	-9	1.0	-	+
tjupan_staphylococcus_main_6101df2d14cc3da6	EMB_onehot_C13	EMB_onehot_C12	26	36.0	+	+
tjupan_staphylococcus_main_6101df2d14cc3da6	EMB_onehot_C13	EMB_onehot_C08	35	45.0	+	-
tjupan_staphylococcus_main_6101df2d14cc3da6	EMB_onehot_C12	EMB_onehot_C08	-1	9.0	+	-
tjupan_staphylococcus_main_63ae7f78d9e68989	EMB_onehot_C21	EMB_onehot_C05	-9	1.0	+	+
tjupan_staphylococcus_main_63ae7f78d9e68989	EMB_onehot_C21	EMB_onehot_C16	-9	1.0	+	-
tjupan_staphylococcus_main_63ae7f78d9e68989	EMB_onehot_C21	EMB_onehot_C22	-8	2.0	+	+
tjupan_staphylococcus_main_63ae7f78d9e68989	EMB_onehot_C21	EMB_onehot_C13	-7	3.0	+	+
tjupan_staphylococcus_main_63ae7f78d9e68989	EMB_onehot_C05	EMB_onehot_C16	-10	0.0	+	-
tjupan_staphylococcus_main_63ae7f78d9e68989	EMB_onehot_C05	EMB_onehot_C22	-9	1.0	+	+
tjupan_staphylococcus_main_63ae7f78d9e68989	EMB_onehot_C05	EMB_onehot_C13	-8	2.0	+	+
tjupan_staphylococcus_main_63ae7f78d9e68989	EMB_onehot_C16	EMB_onehot_C22	-9	1.0	-	+
tjupan_staphylococcus_main_63ae7f78d9e68989	EMB_onehot_C16	EMB_onehot_C13	-8	2.0	-	+
tjupan_staphylococcus_main_63ae7f78d9e68989	EMB_onehot_C22	EMB_onehot_C13	-9	1.0	+	+
tjupan_staphylococcus_main_64988bb012cf81f8	EMB_onehot_C09	EMB_onehot_C16	16	26.0	-	-
tjupan_staphylococcus_main_64988bb012cf81f8	EMB_onehot_C09	EMB_onehot_C05	33	43.0	-	+
tjupan_staphylococcus_main_64988bb012cf81f8	EMB_onehot_C09	EMB_onehot_C23	41	51.0	-	-
tjupan_staphylococcus_main_64988bb012cf81f8	EMB_onehot_C09	EMB_onehot_C13	53	63.0	-	+
tjupan_staphylococcus_main_64988bb012cf81f8	EMB_onehot_C16	EMB_onehot_C05	7	17.0	-	+
tjupan_staphylococcus_main_64988bb012cf81f8	EMB_onehot_C16	EMB_onehot_C23	15	25.0	-	-
tjupan_staphylococcus_main_64988bb012cf81f8	EMB_onehot_C16	EMB_onehot_C13	27	37.0	-	+
tjupan_staphylococcus_main_64988bb012cf81f8	EMB_onehot_C05	EMB_onehot_C23	-2	8.0	+	-
tjupan_staphylococcus_main_64988bb012cf81f8	EMB_onehot_C05	EMB_onehot_C13	10	20.0	+	+
tjupan_staphylococcus_main_64988bb012cf81f8	EMB_onehot_C23	EMB_onehot_C13	2	12.0	-	+
tjupan_staphylococcus_main_66bfa8916264757f	EMB_onehot_C10	EMB_onehot_C13	9	19.0	+	+
tjupan_staphylococcus_main_66bfa8916264757f	EMB_onehot_C10	EMB_onehot_C04	14	24.0	+	-
tjupan_staphylococcus_main_66bfa8916264757f	EMB_onehot_C10	EMB_onehot_C22	29	39.0	+	-
tjupan_staphylococcus_main_66bfa8916264757f	EMB_onehot_C10	EMB_onehot_C20	35	45.0	+	-
tjupan_staphylococcus_main_66bfa8916264757f	EMB_onehot_C10	EMB_onehot_C15	38	48.0	+	-
tjupan_staphylococcus_main_66bfa8916264757f	EMB_onehot_C10	EMB_onehot_C18	42	52.0	+	+
tjupan_staphylococcus_main_66bfa8916264757f	EMB_onehot_C10	EMB_onehot_C05	50	60.0	+	+
tjupan_staphylococcus_main_66bfa8916264757f	EMB_onehot_C10	EMB_onehot_C02	51	61.0	+	-
tjupan_staphylococcus_main_66bfa8916264757f	EMB_onehot_C13	EMB_onehot_C04	-5	5.0	+	-
tjupan_staphylococcus_main_66bfa8916264757f	EMB_onehot_C13	EMB_onehot_C22	10	20.0	+	-
tjupan_staphylococcus_main_66bfa8916264757f	EMB_onehot_C13	EMB_onehot_C20	16	26.0	+	-
tjupan_staphylococcus_main_66bfa8916264757f	EMB_onehot_C13	EMB_onehot_C15	19	29.0	+	-
tjupan_staphylococcus_main_66bfa8916264757f	EMB_onehot_C13	EMB_onehot_C18	23	33.0	+	+
tjupan_staphylococcus_main_66bfa8916264757f	EMB_onehot_C13	EMB_onehot_C05	31	41.0	+	+
tjupan_staphylococcus_main_66bfa8916264757f	EMB_onehot_C13	EMB_onehot_C02	32	42.0	+	-
tjupan_staphylococcus_main_66bfa8916264757f	EMB_onehot_C04	EMB_onehot_C22	5	15.0	-	-
tjupan_staphylococcus_main_66bfa8916264757f	EMB_onehot_C04	EMB_onehot_C20	11	21.0	-	-
tjupan_staphylococcus_main_66bfa8916264757f	EMB_onehot_C04	EMB_onehot_C15	14	24.0	-	-
tjupan_staphylococcus_main_66bfa8916264757f	EMB_onehot_C04	EMB_onehot_C18	18	28.0	-	+
tjupan_staphylococcus_main_66bfa8916264757f	EMB_onehot_C04	EMB_onehot_C05	26	36.0	-	+
tjupan_staphylococcus_main_66bfa8916264757f	EMB_onehot_C04	EMB_onehot_C02	27	37.0	-	-
tjupan_staphylococcus_main_66bfa8916264757f	EMB_onehot_C22	EMB_onehot_C20	-4	6.0	-	-
tjupan_staphylococcus_main_66bfa8916264757f	EMB_onehot_C22	EMB_onehot_C15	-1	9.0	-	-
tjupan_staphylococcus_main_66bfa8916264757f	EMB_onehot_C22	EMB_onehot_C18	3	13.0	-	+
tjupan_staphylococcus_main_66bfa8916264757f	EMB_onehot_C22	EMB_onehot_C05	11	21.0	-	+
tjupan_staphylococcus_main_66bfa8916264757f	EMB_onehot_C22	EMB_onehot_C02	12	22.0	-	-
tjupan_staphylococcus_main_66bfa8916264757f	EMB_onehot_C20	EMB_onehot_C15	-7	3.0	-	-
tjupan_staphylococcus_main_66bfa8916264757f	EMB_onehot_C20	EMB_onehot_C18	-3	7.0	-	+
tjupan_staphylococcus_main_66bfa8916264757f	EMB_onehot_C20	EMB_onehot_C05	5	15.0	-	+
tjupan_staphylococcus_main_66bfa8916264757f	EMB_onehot_C20	EMB_onehot_C02	6	16.0	-	-
tjupan_staphylococcus_main_66bfa8916264757f	EMB_onehot_C15	EMB_onehot_C18	-6	4.0	-	+
tjupan_staphylococcus_main_66bfa8916264757f	EMB_onehot_C15	EMB_onehot_C05	2	12.0	-	+
tjupan_staphylococcus_main_66bfa8916264757f	EMB_onehot_C15	EMB_onehot_C02	3	13.0	-	-
tjupan_staphylococcus_main_66bfa8916264757f	EMB_onehot_C18	EMB_onehot_C05	-2	8.0	+	+
tjupan_staphylococcus_main_66bfa8916264757f	EMB_onehot_C18	EMB_onehot_C02	-1	9.0	+	-
tjupan_staphylococcus_main_66bfa8916264757f	EMB_onehot_C05	EMB_onehot_C02	-9	1.0	+	-
tjupan_staphylococcus_main_68901ccc3d88ffe1	EMB_onehot_C04	EMB_onehot_C05	-3	7.0	+	+
tjupan_staphylococcus_main_68901ccc3d88ffe1	EMB_onehot_C04	EMB_onehot_C02	35	45.0	+	-
tjupan_staphylococcus_main_68901ccc3d88ffe1	EMB_onehot_C05	EMB_onehot_C02	28	38.0	+	-
tjupan_staphylococcus_main_68bcea71e23e1fda	EMB_onehot_C18	EMB_onehot_C17	-9	1.0	+	+
tjupan_staphylococcus_main_68bcea71e23e1fda	EMB_onehot_C18	EMB_onehot_C03	19	29.0	+	-
tjupan_staphylococcus_main_68bcea71e23e1fda	EMB_onehot_C18	EMB_onehot_C13	22	32.0	+	+
tjupan_staphylococcus_main_68bcea71e23e1fda	EMB_onehot_C17	EMB_onehot_C03	18	28.0	+	-
tjupan_staphylococcus_main_68bcea71e23e1fda	EMB_onehot_C17	EMB_onehot_C13	21	31.0	+	+
tjupan_staphylococcus_main_68bcea71e23e1fda	EMB_onehot_C03	EMB_onehot_C13	-7	3.0	-	+
tjupan_staphylococcus_main_692ad27574d19dff	EMB_onehot_C00	EMB_onehot_C07	8	18.0	+	-
tjupan_staphylococcus_main_692ad27574d19dff	EMB_onehot_C00	EMB_onehot_C13	16	26.0	+	-
tjupan_staphylococcus_main_692ad27574d19dff	EMB_onehot_C00	EMB_onehot_C22	16	26.0	+	+
tjupan_staphylococcus_main_692ad27574d19dff	EMB_onehot_C07	EMB_onehot_C13	-2	8.0	-	-
tjupan_staphylococcus_main_692ad27574d19dff	EMB_onehot_C07	EMB_onehot_C22	-2	8.0	-	+
tjupan_staphylococcus_main_692ad27574d19dff	EMB_onehot_C13	EMB_onehot_C22	-10	0.0	-	+
tjupan_staphylococcus_main_6ad3f4650c1fb223	EMB_onehot_C03	EMB_onehot_C13	-7	3.0	-	+
tjupan_staphylococcus_main_6ad3f4650c1fb223	EMB_onehot_C03	EMB_onehot_C12	5	15.0	-	-
tjupan_staphylococcus_main_6ad3f4650c1fb223	EMB_onehot_C03	EMB_onehot_C11	6	16.0	-	-
tjupan_staphylococcus_main_6ad3f4650c1fb223	EMB_onehot_C03	EMB_onehot_C15	22	32.0	-	-
tjupan_staphylococcus_main_6ad3f4650c1fb223	EMB_onehot_C03	EMB_onehot_C22	35	45.0	-	-
tjupan_staphylococcus_main_6ad3f4650c1fb223	EMB_onehot_C13	EMB_onehot_C12	2	12.0	+	-
tjupan_staphylococcus_main_6ad3f4650c1fb223	EMB_onehot_C13	EMB_onehot_C11	3	13.0	+	-
tjupan_staphylococcus_main_6ad3f4650c1fb223	EMB_onehot_C13	EMB_onehot_C15	19	29.0	+	-
tjupan_staphylococcus_main_6ad3f4650c1fb223	EMB_onehot_C13	EMB_onehot_C22	32	42.0	+	-
tjupan_staphylococcus_main_6ad3f4650c1fb223	EMB_onehot_C12	EMB_onehot_C11	-9	1.0	-	-
tjupan_staphylococcus_main_6ad3f4650c1fb223	EMB_onehot_C12	EMB_onehot_C15	7	17.0	-	-
tjupan_staphylococcus_main_6ad3f4650c1fb223	EMB_onehot_C12	EMB_onehot_C22	20	30.0	-	-
tjupan_staphylococcus_main_6ad3f4650c1fb223	EMB_onehot_C11	EMB_onehot_C15	6	16.0	-	-
tjupan_staphylococcus_main_6ad3f4650c1fb223	EMB_onehot_C11	EMB_onehot_C22	19	29.0	-	-
tjupan_staphylococcus_main_6ad3f4650c1fb223	EMB_onehot_C15	EMB_onehot_C22	3	13.0	-	-
tjupan_staphylococcus_main_6ddc5619ba83450d	EMB_onehot_C20	EMB_onehot_C10	9	19.0	+	+
tjupan_staphylococcus_main_6ddc5619ba83450d	EMB_onehot_C20	EMB_onehot_C12	15	25.0	+	+
tjupan_staphylococcus_main_6ddc5619ba83450d	EMB_onehot_C20	EMB_onehot_C14	16	26.0	+	+
tjupan_staphylococcus_main_6ddc5619ba83450d	EMB_onehot_C20	EMB_onehot_C09	33	43.0	+	-
tjupan_staphylococcus_main_6ddc5619ba83450d	EMB_onehot_C20	EMB_onehot_C08	36	46.0	+	+
tjupan_staphylococcus_main_6ddc5619ba83450d	EMB_onehot_C10	EMB_onehot_C12	-4	6.0	+	+
tjupan_staphylococcus_main_6ddc5619ba83450d	EMB_onehot_C10	EMB_onehot_C14	-3	7.0	+	+
tjupan_staphylococcus_main_6ddc5619ba83450d	EMB_onehot_C10	EMB_onehot_C09	14	24.0	+	-
tjupan_staphylococcus_main_6ddc5619ba83450d	EMB_onehot_C10	EMB_onehot_C08	17	27.0	+	+
tjupan_staphylococcus_main_6ddc5619ba83450d	EMB_onehot_C12	EMB_onehot_C14	-9	1.0	+	+
tjupan_staphylococcus_main_6ddc5619ba83450d	EMB_onehot_C12	EMB_onehot_C09	8	18.0	+	-
tjupan_staphylococcus_main_6ddc5619ba83450d	EMB_onehot_C12	EMB_onehot_C08	11	21.0	+	+
tjupan_staphylococcus_main_6ddc5619ba83450d	EMB_onehot_C14	EMB_onehot_C09	7	17.0	+	-
tjupan_staphylococcus_main_6ddc5619ba83450d	EMB_onehot_C14	EMB_onehot_C08	10	20.0	+	+
tjupan_staphylococcus_main_6ddc5619ba83450d	EMB_onehot_C09	EMB_onehot_C08	-7	3.0	-	+
tjupan_staphylococcus_main_6ed7557e3a387864	EMB_onehot_C22	EMB_onehot_C13	-9	1.0	+	+
tjupan_staphylococcus_main_6ed7557e3a387864	EMB_onehot_C22	EMB_onehot_C04	12	22.0	+	+
tjupan_staphylococcus_main_6ed7557e3a387864	EMB_onehot_C22	EMB_onehot_C08	29	39.0	+	+
tjupan_staphylococcus_main_6ed7557e3a387864	EMB_onehot_C22	EMB_onehot_C16	32	42.0	+	+
tjupan_staphylococcus_main_6ed7557e3a387864	EMB_onehot_C22	EMB_onehot_C09	33	43.0	+	+
tjupan_staphylococcus_main_6ed7557e3a387864	EMB_onehot_C22	EMB_onehot_C06	37	47.0	+	-
tjupan_staphylococcus_main_6ed7557e3a387864	EMB_onehot_C13	EMB_onehot_C04	11	21.0	+	+
tjupan_staphylococcus_main_6ed7557e3a387864	EMB_onehot_C13	EMB_onehot_C08	28	38.0	+	+
tjupan_staphylococcus_main_6ed7557e3a387864	EMB_onehot_C13	EMB_onehot_C16	31	41.0	+	+
tjupan_staphylococcus_main_6ed7557e3a387864	EMB_onehot_C13	EMB_onehot_C09	32	42.0	+	+
tjupan_staphylococcus_main_6ed7557e3a387864	EMB_onehot_C13	EMB_onehot_C06	36	46.0	+	-
tjupan_staphylococcus_main_6ed7557e3a387864	EMB_onehot_C04	EMB_onehot_C08	7	17.0	+	+
tjupan_staphylococcus_main_6ed7557e3a387864	EMB_onehot_C04	EMB_onehot_C16	10	20.0	+	+
tjupan_staphylococcus_main_6ed7557e3a387864	EMB_onehot_C04	EMB_onehot_C09	11	21.0	+	+
tjupan_staphylococcus_main_6ed7557e3a387864	EMB_onehot_C04	EMB_onehot_C06	15	25.0	+	-
tjupan_staphylococcus_main_6ed7557e3a387864	EMB_onehot_C08	EMB_onehot_C16	-7	3.0	+	+
tjupan_staphylococcus_main_6ed7557e3a387864	EMB_onehot_C08	EMB_onehot_C09	-6	4.0	+	+
tjupan_staphylococcus_main_6ed7557e3a387864	EMB_onehot_C08	EMB_onehot_C06	-2	8.0	+	-
tjupan_staphylococcus_main_6ed7557e3a387864	EMB_onehot_C16	EMB_onehot_C09	-9	1.0	+	+
tjupan_staphylococcus_main_6ed7557e3a387864	EMB_onehot_C16	EMB_onehot_C06	-5	5.0	+	-
tjupan_staphylococcus_main_6ed7557e3a387864	EMB_onehot_C09	EMB_onehot_C06	-6	4.0	+	-
tjupan_staphylococcus_main_702c5bdbd8dd3321	EMB_onehot_C23	EMB_onehot_C13	6	16.0	+	+
tjupan_staphylococcus_main_702c5bdbd8dd3321	EMB_onehot_C23	EMB_onehot_C05	20	30.0	+	+
tjupan_staphylococcus_main_702c5bdbd8dd3321	EMB_onehot_C23	EMB_onehot_C10	40	50.0	+	-
tjupan_staphylococcus_main_702c5bdbd8dd3321	EMB_onehot_C13	EMB_onehot_C05	4	14.0	+	+
tjupan_staphylococcus_main_702c5bdbd8dd3321	EMB_onehot_C13	EMB_onehot_C10	24	34.0	+	-
tjupan_staphylococcus_main_702c5bdbd8dd3321	EMB_onehot_C05	EMB_onehot_C10	10	20.0	+	-
tjupan_staphylococcus_main_71e69c771ddea7d0	EMB_onehot_C22	EMB_onehot_C13	-9	1.0	+	+
tjupan_staphylococcus_main_71e69c771ddea7d0	EMB_onehot_C22	EMB_onehot_C03	-2	8.0	+	+
tjupan_staphylococcus_main_71e69c771ddea7d0	EMB_onehot_C13	EMB_onehot_C03	-3	7.0	+	+
tjupan_staphylococcus_main_72e3e0426740ced3	EMB_onehot_C23	EMB_onehot_C16	37	47.0	-	-
tjupan_staphylococcus_main_72e3e0426740ced3	EMB_onehot_C23	EMB_onehot_C14	49	59.0	-	-
tjupan_staphylococcus_main_72e3e0426740ced3	EMB_onehot_C16	EMB_onehot_C14	2	12.0	-	-
tjupan_staphylococcus_main_7401a8a950285ec8	EMB_onehot_C13	EMB_onehot_C05	-9	1.0	+	-
tjupan_staphylococcus_main_7401a8a950285ec8	EMB_onehot_C13	EMB_onehot_C14	-7	3.0	+	+
tjupan_staphylococcus_main_7401a8a950285ec8	EMB_onehot_C13	EMB_onehot_C22	-4	6.0	+	+
tjupan_staphylococcus_main_7401a8a950285ec8	EMB_onehot_C13	EMB_onehot_C03	-3	7.0	+	-
tjupan_staphylococcus_main_7401a8a950285ec8	EMB_onehot_C13	EMB_onehot_C21	5	15.0	+	-
tjupan_staphylococcus_main_7401a8a950285ec8	EMB_onehot_C13	EMB_onehot_C18	8	18.0	+	+
tjupan_staphylococcus_main_7401a8a950285ec8	EMB_onehot_C05	EMB_onehot_C14	-8	2.0	-	+
tjupan_staphylococcus_main_7401a8a950285ec8	EMB_onehot_C05	EMB_onehot_C22	-5	5.0	-	+
tjupan_staphylococcus_main_7401a8a950285ec8	EMB_onehot_C05	EMB_onehot_C03	-4	6.0	-	-
tjupan_staphylococcus_main_7401a8a950285ec8	EMB_onehot_C05	EMB_onehot_C21	4	14.0	-	-
tjupan_staphylococcus_main_7401a8a950285ec8	EMB_onehot_C05	EMB_onehot_C18	7	17.0	-	+
tjupan_staphylococcus_main_7401a8a950285ec8	EMB_onehot_C14	EMB_onehot_C22	-7	3.0	+	+
tjupan_staphylococcus_main_7401a8a950285ec8	EMB_onehot_C14	EMB_onehot_C03	-6	4.0	+	-
tjupan_staphylococcus_main_7401a8a950285ec8	EMB_onehot_C14	EMB_onehot_C21	2	12.0	+	-
tjupan_staphylococcus_main_7401a8a950285ec8	EMB_onehot_C14	EMB_onehot_C18	5	15.0	+	+
tjupan_staphylococcus_main_7401a8a950285ec8	EMB_onehot_C22	EMB_onehot_C03	-9	1.0	+	-
tjupan_staphylococcus_main_7401a8a950285ec8	EMB_onehot_C22	EMB_onehot_C21	-1	9.0	+	-
tjupan_staphylococcus_main_7401a8a950285ec8	EMB_onehot_C22	EMB_onehot_C18	2	12.0	+	+
tjupan_staphylococcus_main_7401a8a950285ec8	EMB_onehot_C03	EMB_onehot_C21	-2	8.0	-	-
tjupan_staphylococcus_main_7401a8a950285ec8	EMB_onehot_C03	EMB_onehot_C18	1	11.0	-	+
tjupan_staphylococcus_main_7401a8a950285ec8	EMB_onehot_C21	EMB_onehot_C18	-7	3.0	-	+
tjupan_staphylococcus_main_7509f55022796107	EMB_onehot_C08	EMB_onehot_C10	-5	5.0	+	+
tjupan_staphylococcus_main_7509f55022796107	EMB_onehot_C08	EMB_onehot_C18	-4	6.0	+	-
tjupan_staphylococcus_main_7509f55022796107	EMB_onehot_C08	EMB_onehot_C13	36	46.0	+	-
tjupan_staphylococcus_main_7509f55022796107	EMB_onehot_C08	EMB_onehot_C22	37	47.0	+	-
tjupan_staphylococcus_main_7509f55022796107	EMB_onehot_C08	EMB_onehot_C05	38	48.0	+	-
tjupan_staphylococcus_main_7509f55022796107	EMB_onehot_C08	EMB_onehot_C16	38	48.0	+	+
tjupan_staphylococcus_main_7509f55022796107	EMB_onehot_C08	EMB_onehot_C21	39	49.0	+	-
tjupan_staphylococcus_main_7509f55022796107	EMB_onehot_C08	EMB_onehot_C14	40	50.0	+	+
tjupan_staphylococcus_main_7509f55022796107	EMB_onehot_C08	EMB_onehot_C19	45	55.0	+	+
tjupan_staphylococcus_main_7509f55022796107	EMB_onehot_C08	EMB_onehot_C11	46	56.0	+	-
tjupan_staphylococcus_main_7509f55022796107	EMB_onehot_C10	EMB_onehot_C18	-9	1.0	+	-
tjupan_staphylococcus_main_7509f55022796107	EMB_onehot_C10	EMB_onehot_C13	31	41.0	+	-
tjupan_staphylococcus_main_7509f55022796107	EMB_onehot_C10	EMB_onehot_C22	32	42.0	+	-
tjupan_staphylococcus_main_7509f55022796107	EMB_onehot_C10	EMB_onehot_C05	33	43.0	+	-
tjupan_staphylococcus_main_7509f55022796107	EMB_onehot_C10	EMB_onehot_C16	33	43.0	+	+
tjupan_staphylococcus_main_7509f55022796107	EMB_onehot_C10	EMB_onehot_C21	34	44.0	+	-
tjupan_staphylococcus_main_7509f55022796107	EMB_onehot_C10	EMB_onehot_C14	35	45.0	+	+
tjupan_staphylococcus_main_7509f55022796107	EMB_onehot_C10	EMB_onehot_C19	40	50.0	+	+
tjupan_staphylococcus_main_7509f55022796107	EMB_onehot_C10	EMB_onehot_C11	41	51.0	+	-
tjupan_staphylococcus_main_7509f55022796107	EMB_onehot_C18	EMB_onehot_C13	30	40.0	-	-
tjupan_staphylococcus_main_7509f55022796107	EMB_onehot_C18	EMB_onehot_C22	31	41.0	-	-
tjupan_staphylococcus_main_7509f55022796107	EMB_onehot_C18	EMB_onehot_C05	32	42.0	-	-
tjupan_staphylococcus_main_7509f55022796107	EMB_onehot_C18	EMB_onehot_C16	32	42.0	-	+
tjupan_staphylococcus_main_7509f55022796107	EMB_onehot_C18	EMB_onehot_C21	33	43.0	-	-
tjupan_staphylococcus_main_7509f55022796107	EMB_onehot_C18	EMB_onehot_C14	34	44.0	-	+
tjupan_staphylococcus_main_7509f55022796107	EMB_onehot_C18	EMB_onehot_C19	39	49.0	-	+
tjupan_staphylococcus_main_7509f55022796107	EMB_onehot_C18	EMB_onehot_C11	40	50.0	-	-
tjupan_staphylococcus_main_7509f55022796107	EMB_onehot_C13	EMB_onehot_C22	-9	1.0	-	-
tjupan_staphylococcus_main_7509f55022796107	EMB_onehot_C13	EMB_onehot_C05	-8	2.0	-	-
tjupan_staphylococcus_main_7509f55022796107	EMB_onehot_C13	EMB_onehot_C16	-8	2.0	-	+
tjupan_staphylococcus_main_7509f55022796107	EMB_onehot_C13	EMB_onehot_C21	-7	3.0	-	-
tjupan_staphylococcus_main_7509f55022796107	EMB_onehot_C13	EMB_onehot_C14	-6	4.0	-	+
tjupan_staphylococcus_main_7509f55022796107	EMB_onehot_C13	EMB_onehot_C19	-1	9.0	-	+
tjupan_staphylococcus_main_7509f55022796107	EMB_onehot_C13	EMB_onehot_C11	0	10.0	-	-
tjupan_staphylococcus_main_7509f55022796107	EMB_onehot_C22	EMB_onehot_C05	-9	1.0	-	-
tjupan_staphylococcus_main_7509f55022796107	EMB_onehot_C22	EMB_onehot_C16	-9	1.0	-	+
tjupan_staphylococcus_main_7509f55022796107	EMB_onehot_C22	EMB_onehot_C21	-8	2.0	-	-
tjupan_staphylococcus_main_7509f55022796107	EMB_onehot_C22	EMB_onehot_C14	-7	3.0	-	+
tjupan_staphylococcus_main_7509f55022796107	EMB_onehot_C22	EMB_onehot_C19	-2	8.0	-	+
tjupan_staphylococcus_main_7509f55022796107	EMB_onehot_C22	EMB_onehot_C11	-1	9.0	-	-
tjupan_staphylococcus_main_7509f55022796107	EMB_onehot_C05	EMB_onehot_C16	-10	0.0	-	+
tjupan_staphylococcus_main_7509f55022796107	EMB_onehot_C05	EMB_onehot_C21	-9	1.0	-	-
tjupan_staphylococcus_main_7509f55022796107	EMB_onehot_C05	EMB_onehot_C14	-8	2.0	-	+
tjupan_staphylococcus_main_7509f55022796107	EMB_onehot_C05	EMB_onehot_C19	-3	7.0	-	+
tjupan_staphylococcus_main_7509f55022796107	EMB_onehot_C05	EMB_onehot_C11	-2	8.0	-	-
tjupan_staphylococcus_main_7509f55022796107	EMB_onehot_C16	EMB_onehot_C21	-9	1.0	+	-
tjupan_staphylococcus_main_7509f55022796107	EMB_onehot_C16	EMB_onehot_C14	-8	2.0	+	+
tjupan_staphylococcus_main_7509f55022796107	EMB_onehot_C16	EMB_onehot_C19	-3	7.0	+	+
tjupan_staphylococcus_main_7509f55022796107	EMB_onehot_C16	EMB_onehot_C11	-2	8.0	+	-
tjupan_staphylococcus_main_7509f55022796107	EMB_onehot_C21	EMB_onehot_C14	-9	1.0	-	+
tjupan_staphylococcus_main_7509f55022796107	EMB_onehot_C21	EMB_onehot_C19	-4	6.0	-	+
tjupan_staphylococcus_main_7509f55022796107	EMB_onehot_C21	EMB_onehot_C11	-3	7.0	-	-
tjupan_staphylococcus_main_7509f55022796107	EMB_onehot_C14	EMB_onehot_C19	-5	5.0	+	+
tjupan_staphylococcus_main_7509f55022796107	EMB_onehot_C14	EMB_onehot_C11	-4	6.0	+	-
tjupan_staphylococcus_main_7509f55022796107	EMB_onehot_C19	EMB_onehot_C11	-9	1.0	+	-
tjupan_staphylococcus_main_755fad79b70f7f11	EMB_onehot_C22	EMB_onehot_C18	-8	2.0	-	-
tjupan_staphylococcus_main_755fad79b70f7f11	EMB_onehot_C22	EMB_onehot_C19	-6	4.0	-	+
tjupan_staphylococcus_main_755fad79b70f7f11	EMB_onehot_C22	EMB_onehot_C08	-4	6.0	-	-
tjupan_staphylococcus_main_755fad79b70f7f11	EMB_onehot_C22	EMB_onehot_C14	-2	8.0	-	+
tjupan_staphylococcus_main_755fad79b70f7f11	EMB_onehot_C22	EMB_onehot_C00	-1	9.0	-	-
tjupan_staphylococcus_main_755fad79b70f7f11	EMB_onehot_C22	EMB_onehot_C09	-1	9.0	-	+
tjupan_staphylococcus_main_755fad79b70f7f11	EMB_onehot_C22	EMB_onehot_C02	0	10.0	-	+
tjupan_staphylococcus_main_755fad79b70f7f11	EMB_onehot_C22	EMB_onehot_C21	17	27.0	-	+
tjupan_staphylococcus_main_755fad79b70f7f11	EMB_onehot_C22	EMB_onehot_C11	22	32.0	-	+
tjupan_staphylococcus_main_755fad79b70f7f11	EMB_onehot_C18	EMB_onehot_C19	-8	2.0	-	+
tjupan_staphylococcus_main_755fad79b70f7f11	EMB_onehot_C18	EMB_onehot_C08	-6	4.0	-	-
tjupan_staphylococcus_main_755fad79b70f7f11	EMB_onehot_C18	EMB_onehot_C14	-4	6.0	-	+
tjupan_staphylococcus_main_755fad79b70f7f11	EMB_onehot_C18	EMB_onehot_C00	-3	7.0	-	-
tjupan_staphylococcus_main_755fad79b70f7f11	EMB_onehot_C18	EMB_onehot_C09	-3	7.0	-	+
tjupan_staphylococcus_main_755fad79b70f7f11	EMB_onehot_C18	EMB_onehot_C02	-2	8.0	-	+
tjupan_staphylococcus_main_755fad79b70f7f11	EMB_onehot_C18	EMB_onehot_C21	15	25.0	-	+
tjupan_staphylococcus_main_755fad79b70f7f11	EMB_onehot_C18	EMB_onehot_C11	20	30.0	-	+
tjupan_staphylococcus_main_755fad79b70f7f11	EMB_onehot_C19	EMB_onehot_C08	-8	2.0	+	-
tjupan_staphylococcus_main_755fad79b70f7f11	EMB_onehot_C19	EMB_onehot_C14	-6	4.0	+	+
tjupan_staphylococcus_main_755fad79b70f7f11	EMB_onehot_C19	EMB_onehot_C00	-5	5.0	+	-
tjupan_staphylococcus_main_755fad79b70f7f11	EMB_onehot_C19	EMB_onehot_C09	-5	5.0	+	+
tjupan_staphylococcus_main_755fad79b70f7f11	EMB_onehot_C19	EMB_onehot_C02	-4	6.0	+	+
tjupan_staphylococcus_main_755fad79b70f7f11	EMB_onehot_C19	EMB_onehot_C21	13	23.0	+	+
tjupan_staphylococcus_main_755fad79b70f7f11	EMB_onehot_C19	EMB_onehot_C11	18	28.0	+	+
tjupan_staphylococcus_main_755fad79b70f7f11	EMB_onehot_C08	EMB_onehot_C14	-8	2.0	-	+
tjupan_staphylococcus_main_755fad79b70f7f11	EMB_onehot_C08	EMB_onehot_C00	-7	3.0	-	-
tjupan_staphylococcus_main_755fad79b70f7f11	EMB_onehot_C08	EMB_onehot_C09	-7	3.0	-	+
tjupan_staphylococcus_main_755fad79b70f7f11	EMB_onehot_C08	EMB_onehot_C02	-6	4.0	-	+
tjupan_staphylococcus_main_755fad79b70f7f11	EMB_onehot_C08	EMB_onehot_C21	11	21.0	-	+
tjupan_staphylococcus_main_755fad79b70f7f11	EMB_onehot_C08	EMB_onehot_C11	16	26.0	-	+
tjupan_staphylococcus_main_755fad79b70f7f11	EMB_onehot_C14	EMB_onehot_C00	-9	1.0	+	-
tjupan_staphylococcus_main_755fad79b70f7f11	EMB_onehot_C14	EMB_onehot_C09	-9	1.0	+	+
tjupan_staphylococcus_main_755fad79b70f7f11	EMB_onehot_C14	EMB_onehot_C02	-8	2.0	+	+
tjupan_staphylococcus_main_755fad79b70f7f11	EMB_onehot_C14	EMB_onehot_C21	9	19.0	+	+
tjupan_staphylococcus_main_755fad79b70f7f11	EMB_onehot_C14	EMB_onehot_C11	14	24.0	+	+
tjupan_staphylococcus_main_755fad79b70f7f11	EMB_onehot_C00	EMB_onehot_C09	-10	0.0	-	+
tjupan_staphylococcus_main_755fad79b70f7f11	EMB_onehot_C00	EMB_onehot_C02	-9	1.0	-	+
tjupan_staphylococcus_main_755fad79b70f7f11	EMB_onehot_C00	EMB_onehot_C21	8	18.0	-	+
tjupan_staphylococcus_main_755fad79b70f7f11	EMB_onehot_C00	EMB_onehot_C11	13	23.0	-	+
tjupan_staphylococcus_main_755fad79b70f7f11	EMB_onehot_C09	EMB_onehot_C02	-9	1.0	+	+
tjupan_staphylococcus_main_755fad79b70f7f11	EMB_onehot_C09	EMB_onehot_C21	8	18.0	+	+
tjupan_staphylococcus_main_755fad79b70f7f11	EMB_onehot_C09	EMB_onehot_C11	13	23.0	+	+
tjupan_staphylococcus_main_755fad79b70f7f11	EMB_onehot_C02	EMB_onehot_C21	7	17.0	+	+
tjupan_staphylococcus_main_755fad79b70f7f11	EMB_onehot_C02	EMB_onehot_C11	12	22.0	+	+
tjupan_staphylococcus_main_755fad79b70f7f11	EMB_onehot_C21	EMB_onehot_C11	-5	5.0	+	+
tjupan_staphylococcus_main_75fc5101b138191a	EMB_onehot_C17	EMB_onehot_C20	-3	7.0	+	+
tjupan_staphylococcus_main_75fc5101b138191a	EMB_onehot_C17	EMB_onehot_C22	19	29.0	+	+
tjupan_staphylococcus_main_75fc5101b138191a	EMB_onehot_C17	EMB_onehot_C04	25	35.0	+	-
tjupan_staphylococcus_main_75fc5101b138191a	EMB_onehot_C17	EMB_onehot_C13	29	39.0	+	+
tjupan_staphylococcus_main_75fc5101b138191a	EMB_onehot_C20	EMB_onehot_C22	12	22.0	+	+
tjupan_staphylococcus_main_75fc5101b138191a	EMB_onehot_C20	EMB_onehot_C04	18	28.0	+	-
tjupan_staphylococcus_main_75fc5101b138191a	EMB_onehot_C20	EMB_onehot_C13	22	32.0	+	+
tjupan_staphylococcus_main_75fc5101b138191a	EMB_onehot_C22	EMB_onehot_C04	-4	6.0	+	-
tjupan_staphylococcus_main_75fc5101b138191a	EMB_onehot_C22	EMB_onehot_C13	0	10.0	+	+
tjupan_staphylococcus_main_75fc5101b138191a	EMB_onehot_C04	EMB_onehot_C13	-6	4.0	-	+
tjupan_staphylococcus_main_77436b724cad4684	EMB_onehot_C11	EMB_onehot_C12	21	31.0	+	+
tjupan_staphylococcus_main_77436b724cad4684	EMB_onehot_C11	EMB_onehot_C14	22	32.0	+	+
tjupan_staphylococcus_main_77436b724cad4684	EMB_onehot_C11	EMB_onehot_C22	25	35.0	+	+
tjupan_staphylococcus_main_77436b724cad4684	EMB_onehot_C11	EMB_onehot_C03	26	36.0	+	-
tjupan_staphylococcus_main_77436b724cad4684	EMB_onehot_C11	EMB_onehot_C13	28	38.0	+	-
tjupan_staphylococcus_main_77436b724cad4684	EMB_onehot_C11	EMB_onehot_C05	30	40.0	+	-
tjupan_staphylococcus_main_77436b724cad4684	EMB_onehot_C11	EMB_onehot_C16	30	40.0	+	+
tjupan_staphylococcus_main_77436b724cad4684	EMB_onehot_C12	EMB_onehot_C14	-9	1.0	+	+
tjupan_staphylococcus_main_77436b724cad4684	EMB_onehot_C12	EMB_onehot_C22	-6	4.0	+	+
tjupan_staphylococcus_main_77436b724cad4684	EMB_onehot_C12	EMB_onehot_C03	-5	5.0	+	-
tjupan_staphylococcus_main_77436b724cad4684	EMB_onehot_C12	EMB_onehot_C13	-3	7.0	+	-
tjupan_staphylococcus_main_77436b724cad4684	EMB_onehot_C12	EMB_onehot_C05	-1	9.0	+	-
tjupan_staphylococcus_main_77436b724cad4684	EMB_onehot_C12	EMB_onehot_C16	-1	9.0	+	+
tjupan_staphylococcus_main_77436b724cad4684	EMB_onehot_C14	EMB_onehot_C22	-7	3.0	+	+
tjupan_staphylococcus_main_77436b724cad4684	EMB_onehot_C14	EMB_onehot_C03	-6	4.0	+	-
tjupan_staphylococcus_main_77436b724cad4684	EMB_onehot_C14	EMB_onehot_C13	-4	6.0	+	-
tjupan_staphylococcus_main_77436b724cad4684	EMB_onehot_C14	EMB_onehot_C05	-2	8.0	+	-
tjupan_staphylococcus_main_77436b724cad4684	EMB_onehot_C14	EMB_onehot_C16	-2	8.0	+	+
tjupan_staphylococcus_main_77436b724cad4684	EMB_onehot_C22	EMB_onehot_C03	-9	1.0	+	-
tjupan_staphylococcus_main_77436b724cad4684	EMB_onehot_C22	EMB_onehot_C13	-7	3.0	+	-
tjupan_staphylococcus_main_77436b724cad4684	EMB_onehot_C22	EMB_onehot_C05	-5	5.0	+	-
tjupan_staphylococcus_main_77436b724cad4684	EMB_onehot_C22	EMB_onehot_C16	-5	5.0	+	+
tjupan_staphylococcus_main_77436b724cad4684	EMB_onehot_C03	EMB_onehot_C13	-8	2.0	-	-
tjupan_staphylococcus_main_77436b724cad4684	EMB_onehot_C03	EMB_onehot_C05	-6	4.0	-	-
tjupan_staphylococcus_main_77436b724cad4684	EMB_onehot_C03	EMB_onehot_C16	-6	4.0	-	+
tjupan_staphylococcus_main_77436b724cad4684	EMB_onehot_C13	EMB_onehot_C05	-8	2.0	-	-
tjupan_staphylococcus_main_77436b724cad4684	EMB_onehot_C13	EMB_onehot_C16	-8	2.0	-	+
tjupan_staphylococcus_main_77436b724cad4684	EMB_onehot_C05	EMB_onehot_C16	-10	0.0	-	+
tjupan_staphylococcus_main_77f5e3d556ffe618	EMB_onehot_C02	EMB_onehot_C10	0	10.0	-	+
tjupan_staphylococcus_main_77f5e3d556ffe618	EMB_onehot_C02	EMB_onehot_C18	5	15.0	-	+
tjupan_staphylococcus_main_77f5e3d556ffe618	EMB_onehot_C02	EMB_onehot_C06	23	33.0	-	+
tjupan_staphylococcus_main_77f5e3d556ffe618	EMB_onehot_C02	EMB_onehot_C01	24	34.0	-	-
tjupan_staphylococcus_main_77f5e3d556ffe618	EMB_onehot_C02	EMB_onehot_C05	55	65.0	-	-
tjupan_staphylococcus_main_77f5e3d556ffe618	EMB_onehot_C10	EMB_onehot_C18	-5	5.0	+	+
tjupan_staphylococcus_main_77f5e3d556ffe618	EMB_onehot_C10	EMB_onehot_C06	13	23.0	+	+
tjupan_staphylococcus_main_77f5e3d556ffe618	EMB_onehot_C10	EMB_onehot_C01	14	24.0	+	-
tjupan_staphylococcus_main_77f5e3d556ffe618	EMB_onehot_C10	EMB_onehot_C05	45	55.0	+	-
tjupan_staphylococcus_main_77f5e3d556ffe618	EMB_onehot_C18	EMB_onehot_C06	8	18.0	+	+
tjupan_staphylococcus_main_77f5e3d556ffe618	EMB_onehot_C18	EMB_onehot_C01	9	19.0	+	-
tjupan_staphylococcus_main_77f5e3d556ffe618	EMB_onehot_C18	EMB_onehot_C05	40	50.0	+	-
tjupan_staphylococcus_main_77f5e3d556ffe618	EMB_onehot_C06	EMB_onehot_C01	-9	1.0	+	-
tjupan_staphylococcus_main_77f5e3d556ffe618	EMB_onehot_C06	EMB_onehot_C05	22	32.0	+	-
tjupan_staphylococcus_main_77f5e3d556ffe618	EMB_onehot_C01	EMB_onehot_C05	21	31.0	-	-
tjupan_staphylococcus_main_7a834ec6da6cdc7e	EMB_onehot_C13	EMB_onehot_C02	-4	6.0	-	+
tjupan_staphylococcus_main_7a834ec6da6cdc7e	EMB_onehot_C13	EMB_onehot_C21	20	30.0	-	-
tjupan_staphylococcus_main_7a834ec6da6cdc7e	EMB_onehot_C13	EMB_onehot_C15	32	42.0	-	-
tjupan_staphylococcus_main_7a834ec6da6cdc7e	EMB_onehot_C13	EMB_onehot_C11	34	44.0	-	+
tjupan_staphylococcus_main_7a834ec6da6cdc7e	EMB_onehot_C02	EMB_onehot_C21	14	24.0	+	-
tjupan_staphylococcus_main_7a834ec6da6cdc7e	EMB_onehot_C02	EMB_onehot_C15	26	36.0	+	-
tjupan_staphylococcus_main_7a834ec6da6cdc7e	EMB_onehot_C02	EMB_onehot_C11	28	38.0	+	+
tjupan_staphylococcus_main_7a834ec6da6cdc7e	EMB_onehot_C21	EMB_onehot_C15	2	12.0	-	-
tjupan_staphylococcus_main_7a834ec6da6cdc7e	EMB_onehot_C21	EMB_onehot_C11	4	14.0	-	+
tjupan_staphylococcus_main_7a834ec6da6cdc7e	EMB_onehot_C15	EMB_onehot_C11	-8	2.0	-	+
tjupan_staphylococcus_main_7c94b10f1b250910	EMB_onehot_C12	EMB_onehot_C18	-7	3.0	+	+
tjupan_staphylococcus_main_7c94b10f1b250910	EMB_onehot_C12	EMB_onehot_C10	-6	4.0	+	-
tjupan_staphylococcus_main_7c94b10f1b250910	EMB_onehot_C18	EMB_onehot_C10	-9	1.0	+	-
tjupan_staphylococcus_main_7d8ded7b0b26d5db	EMB_onehot_C13	EMB_onehot_C02	-4	6.0	-	+
tjupan_staphylococcus_main_7d8ded7b0b26d5db	EMB_onehot_C13	EMB_onehot_C21	20	30.0	-	-
tjupan_staphylococcus_main_7d8ded7b0b26d5db	EMB_onehot_C13	EMB_onehot_C15	32	42.0	-	-
tjupan_staphylococcus_main_7d8ded7b0b26d5db	EMB_onehot_C13	EMB_onehot_C11	34	44.0	-	+
tjupan_staphylococcus_main_7d8ded7b0b26d5db	EMB_onehot_C02	EMB_onehot_C21	14	24.0	+	-
tjupan_staphylococcus_main_7d8ded7b0b26d5db	EMB_onehot_C02	EMB_onehot_C15	26	36.0	+	-
tjupan_staphylococcus_main_7d8ded7b0b26d5db	EMB_onehot_C02	EMB_onehot_C11	28	38.0	+	+
tjupan_staphylococcus_main_7d8ded7b0b26d5db	EMB_onehot_C21	EMB_onehot_C15	2	12.0	-	-
tjupan_staphylococcus_main_7d8ded7b0b26d5db	EMB_onehot_C21	EMB_onehot_C11	4	14.0	-	+
tjupan_staphylococcus_main_7d8ded7b0b26d5db	EMB_onehot_C15	EMB_onehot_C11	-8	2.0	-	+
tjupan_staphylococcus_main_7fd3f0084c98aec6	EMB_onehot_C13	EMB_onehot_C23	-1	9.0	-	+
tjupan_staphylococcus_main_7fd3f0084c98aec6	EMB_onehot_C13	EMB_onehot_C06	0	10.0	-	+
tjupan_staphylococcus_main_7fd3f0084c98aec6	EMB_onehot_C23	EMB_onehot_C06	-9	1.0	+	+
tjupan_staphylococcus_main_80376c7ccdeb79ae	EMB_onehot_C13	EMB_onehot_C02	-1	9.0	-	+
tjupan_staphylococcus_main_80376c7ccdeb79ae	EMB_onehot_C13	EMB_onehot_C09	3	13.0	-	+
tjupan_staphylococcus_main_80376c7ccdeb79ae	EMB_onehot_C02	EMB_onehot_C09	-6	4.0	+	+
tjupan_staphylococcus_main_8197994202069eec	EMB_onehot_C02	EMB_onehot_C13	29	39.0	+	-
tjupan_staphylococcus_main_8197994202069eec	EMB_onehot_C02	EMB_onehot_C03	35	45.0	+	+
tjupan_staphylococcus_main_8197994202069eec	EMB_onehot_C02	EMB_onehot_C12	40	50.0	+	-
tjupan_staphylococcus_main_8197994202069eec	EMB_onehot_C13	EMB_onehot_C03	-4	6.0	-	+
tjupan_staphylococcus_main_8197994202069eec	EMB_onehot_C13	EMB_onehot_C12	1	11.0	-	-
tjupan_staphylococcus_main_8197994202069eec	EMB_onehot_C03	EMB_onehot_C12	-5	5.0	+	-
tjupan_staphylococcus_main_83386ad54bf4a5aa	EMB_onehot_C17	EMB_onehot_C20	-3	7.0	+	+
tjupan_staphylococcus_main_83386ad54bf4a5aa	EMB_onehot_C17	EMB_onehot_C22	19	29.0	+	+
tjupan_staphylococcus_main_83386ad54bf4a5aa	EMB_onehot_C17	EMB_onehot_C04	25	35.0	+	-
tjupan_staphylococcus_main_83386ad54bf4a5aa	EMB_onehot_C17	EMB_onehot_C13	29	39.0	+	+
tjupan_staphylococcus_main_83386ad54bf4a5aa	EMB_onehot_C20	EMB_onehot_C22	12	22.0	+	+
tjupan_staphylococcus_main_83386ad54bf4a5aa	EMB_onehot_C20	EMB_onehot_C04	18	28.0	+	-
tjupan_staphylococcus_main_83386ad54bf4a5aa	EMB_onehot_C20	EMB_onehot_C13	22	32.0	+	+
tjupan_staphylococcus_main_83386ad54bf4a5aa	EMB_onehot_C22	EMB_onehot_C04	-4	6.0	+	-
tjupan_staphylococcus_main_83386ad54bf4a5aa	EMB_onehot_C22	EMB_onehot_C13	0	10.0	+	+
tjupan_staphylococcus_main_83386ad54bf4a5aa	EMB_onehot_C04	EMB_onehot_C13	-6	4.0	-	+
tjupan_staphylococcus_main_8344abfdb643af27	EMB_onehot_C02	EMB_onehot_C05	-9	1.0	+	-
tjupan_staphylococcus_main_8383809c46166952	EMB_onehot_C13	EMB_onehot_C22	-9	1.0	-	-
tjupan_staphylococcus_main_8399708740d54e14	EMB_onehot_C02	EMB_onehot_C16	19	29.0	-	-
tjupan_staphylococcus_main_8399708740d54e14	EMB_onehot_C02	EMB_onehot_C05	22	32.0	-	+
tjupan_staphylococcus_main_8399708740d54e14	EMB_onehot_C02	EMB_onehot_C13	23	33.0	-	-
tjupan_staphylococcus_main_8399708740d54e14	EMB_onehot_C02	EMB_onehot_C03	44	54.0	-	+
tjupan_staphylococcus_main_8399708740d54e14	EMB_onehot_C16	EMB_onehot_C05	-7	3.0	-	+
tjupan_staphylococcus_main_8399708740d54e14	EMB_onehot_C16	EMB_onehot_C13	-6	4.0	-	-
tjupan_staphylococcus_main_8399708740d54e14	EMB_onehot_C16	EMB_onehot_C03	15	25.0	-	+
tjupan_staphylococcus_main_8399708740d54e14	EMB_onehot_C05	EMB_onehot_C13	-9	1.0	+	-
tjupan_staphylococcus_main_8399708740d54e14	EMB_onehot_C05	EMB_onehot_C03	12	22.0	+	+
tjupan_staphylococcus_main_8399708740d54e14	EMB_onehot_C13	EMB_onehot_C03	11	21.0	-	+
tjupan_staphylococcus_main_84176be39c48984d	EMB_onehot_C02	EMB_onehot_C13	-9	1.0	-	+
tjupan_staphylococcus_main_862c055548971958	EMB_onehot_C04	EMB_onehot_C05	-3	7.0	+	+
tjupan_staphylococcus_main_862c055548971958	EMB_onehot_C04	EMB_onehot_C02	35	45.0	+	-
tjupan_staphylococcus_main_862c055548971958	EMB_onehot_C05	EMB_onehot_C02	28	38.0	+	-
tjupan_staphylococcus_main_871c0e25acfe0619	EMB_onehot_C00	EMB_onehot_C09	-10	0.0	-	+
tjupan_staphylococcus_main_8769d311335eece1	EMB_onehot_C01	EMB_onehot_C05	-10	0.0	+	-
tjupan_staphylococcus_main_8769d311335eece1	EMB_onehot_C01	EMB_onehot_C18	-7	3.0	+	+
tjupan_staphylococcus_main_8769d311335eece1	EMB_onehot_C01	EMB_onehot_C22	-5	5.0	+	+
tjupan_staphylococcus_main_8769d311335eece1	EMB_onehot_C01	EMB_onehot_C12	-2	8.0	+	+
tjupan_staphylococcus_main_8769d311335eece1	EMB_onehot_C05	EMB_onehot_C18	-7	3.0	-	+
tjupan_staphylococcus_main_8769d311335eece1	EMB_onehot_C05	EMB_onehot_C22	-5	5.0	-	+
tjupan_staphylococcus_main_8769d311335eece1	EMB_onehot_C05	EMB_onehot_C12	-2	8.0	-	+
tjupan_staphylococcus_main_8769d311335eece1	EMB_onehot_C18	EMB_onehot_C22	-8	2.0	+	+
tjupan_staphylococcus_main_8769d311335eece1	EMB_onehot_C18	EMB_onehot_C12	-5	5.0	+	+
tjupan_staphylococcus_main_8769d311335eece1	EMB_onehot_C22	EMB_onehot_C12	-7	3.0	+	+
tjupan_staphylococcus_main_8d7b2882e4997819	EMB_onehot_C13	EMB_onehot_C03	18	28.0	+	-
tjupan_staphylococcus_main_8d7b2882e4997819	EMB_onehot_C13	EMB_onehot_C22	21	31.0	+	-
tjupan_staphylococcus_main_8d7b2882e4997819	EMB_onehot_C03	EMB_onehot_C22	-7	3.0	-	-
tjupan_staphylococcus_main_911331aa495b8884	EMB_onehot_C13	EMB_onehot_C23	-1	9.0	-	+
tjupan_staphylococcus_main_911331aa495b8884	EMB_onehot_C13	EMB_onehot_C06	0	10.0	-	+
tjupan_staphylococcus_main_911331aa495b8884	EMB_onehot_C23	EMB_onehot_C06	-9	1.0	+	+
tjupan_staphylococcus_main_9295682bc7675a28	EMB_onehot_C09	EMB_onehot_C07	-8	2.0	+	+
tjupan_staphylococcus_main_9295682bc7675a28	EMB_onehot_C09	EMB_onehot_C23	43	53.0	+	-
tjupan_staphylococcus_main_9295682bc7675a28	EMB_onehot_C07	EMB_onehot_C23	41	51.0	+	-
tjupan_staphylococcus_main_9443a38e8a4a87c6	EMB_onehot_C02	EMB_onehot_C23	-2	8.0	-	+
tjupan_staphylococcus_main_9443a38e8a4a87c6	EMB_onehot_C02	EMB_onehot_C03	2	12.0	-	-
tjupan_staphylococcus_main_9443a38e8a4a87c6	EMB_onehot_C02	EMB_onehot_C00	8	18.0	-	+
tjupan_staphylococcus_main_9443a38e8a4a87c6	EMB_onehot_C02	EMB_onehot_C14	9	19.0	-	-
tjupan_staphylococcus_main_9443a38e8a4a87c6	EMB_onehot_C02	EMB_onehot_C08	11	21.0	-	+
tjupan_staphylococcus_main_9443a38e8a4a87c6	EMB_onehot_C02	EMB_onehot_C16	14	24.0	-	+
tjupan_staphylococcus_main_9443a38e8a4a87c6	EMB_onehot_C02	EMB_onehot_C13	33	43.0	-	-
tjupan_staphylococcus_main_9443a38e8a4a87c6	EMB_onehot_C02	EMB_onehot_C22	45	55.0	-	-
tjupan_staphylococcus_main_9443a38e8a4a87c6	EMB_onehot_C02	EMB_onehot_C05	48	58.0	-	-
tjupan_staphylococcus_main_9443a38e8a4a87c6	EMB_onehot_C23	EMB_onehot_C03	-6	4.0	+	-
tjupan_staphylococcus_main_9443a38e8a4a87c6	EMB_onehot_C23	EMB_onehot_C00	0	10.0	+	+
tjupan_staphylococcus_main_9443a38e8a4a87c6	EMB_onehot_C23	EMB_onehot_C14	1	11.0	+	-
tjupan_staphylococcus_main_9443a38e8a4a87c6	EMB_onehot_C23	EMB_onehot_C08	3	13.0	+	+
tjupan_staphylococcus_main_9443a38e8a4a87c6	EMB_onehot_C23	EMB_onehot_C16	6	16.0	+	+
tjupan_staphylococcus_main_9443a38e8a4a87c6	EMB_onehot_C23	EMB_onehot_C13	25	35.0	+	-
tjupan_staphylococcus_main_9443a38e8a4a87c6	EMB_onehot_C23	EMB_onehot_C22	37	47.0	+	-
tjupan_staphylococcus_main_9443a38e8a4a87c6	EMB_onehot_C23	EMB_onehot_C05	40	50.0	+	-
tjupan_staphylococcus_main_9443a38e8a4a87c6	EMB_onehot_C03	EMB_onehot_C00	-4	6.0	-	+
tjupan_staphylococcus_main_9443a38e8a4a87c6	EMB_onehot_C03	EMB_onehot_C14	-3	7.0	-	-
tjupan_staphylococcus_main_9443a38e8a4a87c6	EMB_onehot_C03	EMB_onehot_C08	-1	9.0	-	+
tjupan_staphylococcus_main_9443a38e8a4a87c6	EMB_onehot_C03	EMB_onehot_C16	2	12.0	-	+
tjupan_staphylococcus_main_9443a38e8a4a87c6	EMB_onehot_C03	EMB_onehot_C13	21	31.0	-	-
tjupan_staphylococcus_main_9443a38e8a4a87c6	EMB_onehot_C03	EMB_onehot_C22	33	43.0	-	-
tjupan_staphylococcus_main_9443a38e8a4a87c6	EMB_onehot_C03	EMB_onehot_C05	36	46.0	-	-
tjupan_staphylococcus_main_9443a38e8a4a87c6	EMB_onehot_C00	EMB_onehot_C14	-9	1.0	+	-
tjupan_staphylococcus_main_9443a38e8a4a87c6	EMB_onehot_C00	EMB_onehot_C08	-7	3.0	+	+
tjupan_staphylococcus_main_9443a38e8a4a87c6	EMB_onehot_C00	EMB_onehot_C16	-4	6.0	+	+
tjupan_staphylococcus_main_9443a38e8a4a87c6	EMB_onehot_C00	EMB_onehot_C13	15	25.0	+	-
tjupan_staphylococcus_main_9443a38e8a4a87c6	EMB_onehot_C00	EMB_onehot_C22	27	37.0	+	-
tjupan_staphylococcus_main_9443a38e8a4a87c6	EMB_onehot_C00	EMB_onehot_C05	30	40.0	+	-
tjupan_staphylococcus_main_9443a38e8a4a87c6	EMB_onehot_C14	EMB_onehot_C08	-8	2.0	-	+
tjupan_staphylococcus_main_9443a38e8a4a87c6	EMB_onehot_C14	EMB_onehot_C16	-5	5.0	-	+
tjupan_staphylococcus_main_9443a38e8a4a87c6	EMB_onehot_C14	EMB_onehot_C13	14	24.0	-	-
tjupan_staphylococcus_main_9443a38e8a4a87c6	EMB_onehot_C14	EMB_onehot_C22	26	36.0	-	-
tjupan_staphylococcus_main_9443a38e8a4a87c6	EMB_onehot_C14	EMB_onehot_C05	29	39.0	-	-
tjupan_staphylococcus_main_9443a38e8a4a87c6	EMB_onehot_C08	EMB_onehot_C16	-7	3.0	+	+
tjupan_staphylococcus_main_9443a38e8a4a87c6	EMB_onehot_C08	EMB_onehot_C13	12	22.0	+	-
tjupan_staphylococcus_main_9443a38e8a4a87c6	EMB_onehot_C08	EMB_onehot_C22	24	34.0	+	-
tjupan_staphylococcus_main_9443a38e8a4a87c6	EMB_onehot_C08	EMB_onehot_C05	27	37.0	+	-
tjupan_staphylococcus_main_9443a38e8a4a87c6	EMB_onehot_C16	EMB_onehot_C13	9	19.0	+	-
tjupan_staphylococcus_main_9443a38e8a4a87c6	EMB_onehot_C16	EMB_onehot_C22	21	31.0	+	-
tjupan_staphylococcus_main_9443a38e8a4a87c6	EMB_onehot_C16	EMB_onehot_C05	24	34.0	+	-
tjupan_staphylococcus_main_9443a38e8a4a87c6	EMB_onehot_C13	EMB_onehot_C22	2	12.0	-	-
tjupan_staphylococcus_main_9443a38e8a4a87c6	EMB_onehot_C13	EMB_onehot_C05	5	15.0	-	-
tjupan_staphylococcus_main_9443a38e8a4a87c6	EMB_onehot_C22	EMB_onehot_C05	-7	3.0	-	-
tjupan_staphylococcus_main_9448c1ecad79bd07	EMB_onehot_C06	EMB_onehot_C01	-9	1.0	+	-
tjupan_staphylococcus_main_9448c1ecad79bd07	EMB_onehot_C06	EMB_onehot_C05	-9	1.0	+	+
tjupan_staphylococcus_main_9448c1ecad79bd07	EMB_onehot_C06	EMB_onehot_C02	-8	2.0	+	-
tjupan_staphylococcus_main_9448c1ecad79bd07	EMB_onehot_C06	EMB_onehot_C09	-7	3.0	+	-
tjupan_staphylococcus_main_9448c1ecad79bd07	EMB_onehot_C01	EMB_onehot_C05	-10	0.0	-	+
tjupan_staphylococcus_main_9448c1ecad79bd07	EMB_onehot_C01	EMB_onehot_C02	-9	1.0	-	-
tjupan_staphylococcus_main_9448c1ecad79bd07	EMB_onehot_C01	EMB_onehot_C09	-8	2.0	-	-
tjupan_staphylococcus_main_9448c1ecad79bd07	EMB_onehot_C05	EMB_onehot_C02	-9	1.0	+	-
tjupan_staphylococcus_main_9448c1ecad79bd07	EMB_onehot_C05	EMB_onehot_C09	-8	2.0	+	-
tjupan_staphylococcus_main_9448c1ecad79bd07	EMB_onehot_C02	EMB_onehot_C09	-9	1.0	-	-
tjupan_staphylococcus_main_946ee8cbbf690800	EMB_onehot_C13	EMB_onehot_C22	-9	1.0	-	-
tjupan_staphylococcus_main_946ee8cbbf690800	EMB_onehot_C13	EMB_onehot_C05	-6	4.0	-	-
tjupan_staphylococcus_main_946ee8cbbf690800	EMB_onehot_C13	EMB_onehot_C02	-2	8.0	-	+
tjupan_staphylococcus_main_946ee8cbbf690800	EMB_onehot_C22	EMB_onehot_C05	-7	3.0	-	-
tjupan_staphylococcus_main_946ee8cbbf690800	EMB_onehot_C22	EMB_onehot_C02	-3	7.0	-	+
tjupan_staphylococcus_main_946ee8cbbf690800	EMB_onehot_C05	EMB_onehot_C02	-6	4.0	-	+
tjupan_staphylococcus_main_951206d5b69ce62f	EMB_onehot_C05	EMB_onehot_C07	-1	9.0	+	-
tjupan_staphylococcus_main_951206d5b69ce62f	EMB_onehot_C05	EMB_onehot_C09	1	11.0	+	-
tjupan_staphylococcus_main_951206d5b69ce62f	EMB_onehot_C05	EMB_onehot_C12	12	22.0	+	-
tjupan_staphylococcus_main_951206d5b69ce62f	EMB_onehot_C07	EMB_onehot_C09	-8	2.0	-	-
tjupan_staphylococcus_main_951206d5b69ce62f	EMB_onehot_C07	EMB_onehot_C12	3	13.0	-	-
tjupan_staphylococcus_main_951206d5b69ce62f	EMB_onehot_C09	EMB_onehot_C12	1	11.0	-	-
tjupan_staphylococcus_main_967b7c4915bf6107	EMB_onehot_C04	EMB_onehot_C05	-3	7.0	+	+
tjupan_staphylococcus_main_967b7c4915bf6107	EMB_onehot_C04	EMB_onehot_C02	35	45.0	+	-
tjupan_staphylococcus_main_967b7c4915bf6107	EMB_onehot_C05	EMB_onehot_C02	28	38.0	+	-
tjupan_staphylococcus_main_98b3ce96055aff4d	EMB_onehot_C13	EMB_onehot_C04	-3	7.0	-	+
tjupan_staphylococcus_main_98b3ce96055aff4d	EMB_onehot_C13	EMB_onehot_C20	-2	8.0	-	+
tjupan_staphylococcus_main_98b3ce96055aff4d	EMB_onehot_C04	EMB_onehot_C20	-9	1.0	+	+
tjupan_staphylococcus_main_98e2eaa1e23f6e68	EMB_onehot_C02	EMB_onehot_C13	-5	5.0	-	-
tjupan_staphylococcus_main_98e2eaa1e23f6e68	EMB_onehot_C02	EMB_onehot_C22	-4	6.0	-	-
tjupan_staphylococcus_main_98e2eaa1e23f6e68	EMB_onehot_C02	EMB_onehot_C05	-1	9.0	-	-
tjupan_staphylococcus_main_98e2eaa1e23f6e68	EMB_onehot_C02	EMB_onehot_C11	37	47.0	-	-
tjupan_staphylococcus_main_98e2eaa1e23f6e68	EMB_onehot_C13	EMB_onehot_C22	-9	1.0	-	-
tjupan_staphylococcus_main_98e2eaa1e23f6e68	EMB_onehot_C13	EMB_onehot_C05	-6	4.0	-	-
tjupan_staphylococcus_main_98e2eaa1e23f6e68	EMB_onehot_C13	EMB_onehot_C11	32	42.0	-	-
tjupan_staphylococcus_main_98e2eaa1e23f6e68	EMB_onehot_C22	EMB_onehot_C05	-7	3.0	-	-
tjupan_staphylococcus_main_98e2eaa1e23f6e68	EMB_onehot_C22	EMB_onehot_C11	31	41.0	-	-
tjupan_staphylococcus_main_98e2eaa1e23f6e68	EMB_onehot_C05	EMB_onehot_C11	28	38.0	-	-
tjupan_staphylococcus_main_991e586b69c26a78	EMB_onehot_C13	EMB_onehot_C22	-9	1.0	-	-
tjupan_staphylococcus_main_991e586b69c26a78	EMB_onehot_C13	EMB_onehot_C19	-1	9.0	-	+
tjupan_staphylococcus_main_991e586b69c26a78	EMB_onehot_C13	EMB_onehot_C15	2	12.0	-	+
tjupan_staphylococcus_main_991e586b69c26a78	EMB_onehot_C13	EMB_onehot_C20	17	27.0	-	+
tjupan_staphylococcus_main_991e586b69c26a78	EMB_onehot_C13	EMB_onehot_C00	27	37.0	-	-
tjupan_staphylococcus_main_991e586b69c26a78	EMB_onehot_C22	EMB_onehot_C19	-2	8.0	-	+
tjupan_staphylococcus_main_991e586b69c26a78	EMB_onehot_C22	EMB_onehot_C15	1	11.0	-	+
tjupan_staphylococcus_main_991e586b69c26a78	EMB_onehot_C22	EMB_onehot_C20	16	26.0	-	+
tjupan_staphylococcus_main_991e586b69c26a78	EMB_onehot_C22	EMB_onehot_C00	26	36.0	-	-
tjupan_staphylococcus_main_991e586b69c26a78	EMB_onehot_C19	EMB_onehot_C15	-7	3.0	+	+
tjupan_staphylococcus_main_991e586b69c26a78	EMB_onehot_C19	EMB_onehot_C20	8	18.0	+	+
tjupan_staphylococcus_main_991e586b69c26a78	EMB_onehot_C19	EMB_onehot_C00	18	28.0	+	-
tjupan_staphylococcus_main_991e586b69c26a78	EMB_onehot_C15	EMB_onehot_C20	5	15.0	+	+
tjupan_staphylococcus_main_991e586b69c26a78	EMB_onehot_C15	EMB_onehot_C00	15	25.0	+	-
tjupan_staphylococcus_main_991e586b69c26a78	EMB_onehot_C20	EMB_onehot_C00	0	10.0	+	-
tjupan_staphylococcus_main_9a3dfdce29f9df41	EMB_onehot_C07	EMB_onehot_C11	-3	7.0	+	+
tjupan_staphylococcus_main_9a42541a269a06c9	EMB_onehot_C18	EMB_onehot_C21	-7	3.0	+	+
tjupan_staphylococcus_main_9a42541a269a06c9	EMB_onehot_C18	EMB_onehot_C05	-6	4.0	+	+
tjupan_staphylococcus_main_9a42541a269a06c9	EMB_onehot_C18	EMB_onehot_C16	-6	4.0	+	-
tjupan_staphylococcus_main_9a42541a269a06c9	EMB_onehot_C18	EMB_onehot_C22	-5	5.0	+	+
tjupan_staphylococcus_main_9a42541a269a06c9	EMB_onehot_C18	EMB_onehot_C13	-4	6.0	+	+
tjupan_staphylococcus_main_9a42541a269a06c9	EMB_onehot_C18	EMB_onehot_C15	18	28.0	+	-
tjupan_staphylococcus_main_9a42541a269a06c9	EMB_onehot_C21	EMB_onehot_C05	-9	1.0	+	+
tjupan_staphylococcus_main_9a42541a269a06c9	EMB_onehot_C21	EMB_onehot_C16	-9	1.0	+	-
tjupan_staphylococcus_main_9a42541a269a06c9	EMB_onehot_C21	EMB_onehot_C22	-8	2.0	+	+
tjupan_staphylococcus_main_9a42541a269a06c9	EMB_onehot_C21	EMB_onehot_C13	-7	3.0	+	+
tjupan_staphylococcus_main_9a42541a269a06c9	EMB_onehot_C21	EMB_onehot_C15	15	25.0	+	-
tjupan_staphylococcus_main_9a42541a269a06c9	EMB_onehot_C05	EMB_onehot_C16	-10	0.0	+	-
tjupan_staphylococcus_main_9a42541a269a06c9	EMB_onehot_C05	EMB_onehot_C22	-9	1.0	+	+
tjupan_staphylococcus_main_9a42541a269a06c9	EMB_onehot_C05	EMB_onehot_C13	-8	2.0	+	+
tjupan_staphylococcus_main_9a42541a269a06c9	EMB_onehot_C05	EMB_onehot_C15	14	24.0	+	-
tjupan_staphylococcus_main_9a42541a269a06c9	EMB_onehot_C16	EMB_onehot_C22	-9	1.0	-	+
tjupan_staphylococcus_main_9a42541a269a06c9	EMB_onehot_C16	EMB_onehot_C13	-8	2.0	-	+
tjupan_staphylococcus_main_9a42541a269a06c9	EMB_onehot_C16	EMB_onehot_C15	14	24.0	-	-
tjupan_staphylococcus_main_9a42541a269a06c9	EMB_onehot_C22	EMB_onehot_C13	-9	1.0	+	+
tjupan_staphylococcus_main_9a42541a269a06c9	EMB_onehot_C22	EMB_onehot_C15	13	23.0	+	-
tjupan_staphylococcus_main_9a42541a269a06c9	EMB_onehot_C13	EMB_onehot_C15	12	22.0	+	-
tjupan_staphylococcus_main_9b54b708a31e8b0b	EMB_onehot_C12	EMB_onehot_C06	7	17.0	-	+
tjupan_staphylococcus_main_9b54b708a31e8b0b	EMB_onehot_C12	EMB_onehot_C09	27	37.0	-	-
tjupan_staphylococcus_main_9b54b708a31e8b0b	EMB_onehot_C12	EMB_onehot_C19	28	38.0	-	+
tjupan_staphylococcus_main_9b54b708a31e8b0b	EMB_onehot_C12	EMB_onehot_C11	29	39.0	-	-
tjupan_staphylococcus_main_9b54b708a31e8b0b	EMB_onehot_C06	EMB_onehot_C09	10	20.0	+	-
tjupan_staphylococcus_main_9b54b708a31e8b0b	EMB_onehot_C06	EMB_onehot_C19	11	21.0	+	+
tjupan_staphylococcus_main_9b54b708a31e8b0b	EMB_onehot_C06	EMB_onehot_C11	12	22.0	+	-
tjupan_staphylococcus_main_9b54b708a31e8b0b	EMB_onehot_C09	EMB_onehot_C19	-9	1.0	-	+
tjupan_staphylococcus_main_9b54b708a31e8b0b	EMB_onehot_C09	EMB_onehot_C11	-8	2.0	-	-
tjupan_staphylococcus_main_9b54b708a31e8b0b	EMB_onehot_C19	EMB_onehot_C11	-9	1.0	+	-
tjupan_staphylococcus_main_9e1adb8925b28309	EMB_onehot_C13	EMB_onehot_C20	34	44.0	+	-
tjupan_staphylococcus_main_9e1adb8925b28309	EMB_onehot_C13	EMB_onehot_C04	35	45.0	+	-
tjupan_staphylococcus_main_9e1adb8925b28309	EMB_onehot_C13	EMB_onehot_C15	35	45.0	+	+
tjupan_staphylococcus_main_9e1adb8925b28309	EMB_onehot_C20	EMB_onehot_C04	-9	1.0	-	-
tjupan_staphylococcus_main_9e1adb8925b28309	EMB_onehot_C20	EMB_onehot_C15	-9	1.0	-	+
tjupan_staphylococcus_main_9e1adb8925b28309	EMB_onehot_C04	EMB_onehot_C15	-10	0.0	-	+
tjupan_staphylococcus_main_a400f6191ac2e921	EMB_onehot_C23	EMB_onehot_C16	6	16.0	+	+
tjupan_staphylococcus_main_a400f6191ac2e921	EMB_onehot_C23	EMB_onehot_C09	7	17.0	+	+
tjupan_staphylococcus_main_a400f6191ac2e921	EMB_onehot_C16	EMB_onehot_C09	-9	1.0	+	+
tjupan_staphylococcus_main_a540cd297d8b1a8e	EMB_onehot_C01	EMB_onehot_C02	-6	4.0	+	+
tjupan_staphylococcus_main_a540cd297d8b1a8e	EMB_onehot_C01	EMB_onehot_C22	8	18.0	+	+
tjupan_staphylococcus_main_a540cd297d8b1a8e	EMB_onehot_C01	EMB_onehot_C21	11	21.0	+	-
tjupan_staphylococcus_main_a540cd297d8b1a8e	EMB_onehot_C01	EMB_onehot_C14	12	22.0	+	+
tjupan_staphylococcus_main_a540cd297d8b1a8e	EMB_onehot_C01	EMB_onehot_C00	25	35.0	+	-
tjupan_staphylococcus_main_a540cd297d8b1a8e	EMB_onehot_C02	EMB_onehot_C22	4	14.0	+	+
tjupan_staphylococcus_main_a540cd297d8b1a8e	EMB_onehot_C02	EMB_onehot_C21	7	17.0	+	-
tjupan_staphylococcus_main_a540cd297d8b1a8e	EMB_onehot_C02	EMB_onehot_C14	8	18.0	+	+
tjupan_staphylococcus_main_a540cd297d8b1a8e	EMB_onehot_C02	EMB_onehot_C00	21	31.0	+	-
tjupan_staphylococcus_main_a540cd297d8b1a8e	EMB_onehot_C22	EMB_onehot_C21	-7	3.0	+	-
tjupan_staphylococcus_main_a540cd297d8b1a8e	EMB_onehot_C22	EMB_onehot_C14	-6	4.0	+	+
tjupan_staphylococcus_main_a540cd297d8b1a8e	EMB_onehot_C22	EMB_onehot_C00	7	17.0	+	-
tjupan_staphylococcus_main_a540cd297d8b1a8e	EMB_onehot_C21	EMB_onehot_C14	-9	1.0	-	+
tjupan_staphylococcus_main_a540cd297d8b1a8e	EMB_onehot_C21	EMB_onehot_C00	4	14.0	-	-
tjupan_staphylococcus_main_a540cd297d8b1a8e	EMB_onehot_C14	EMB_onehot_C00	3	13.0	+	-
tjupan_staphylococcus_main_a5572249a8a2a11e	EMB_onehot_C23	EMB_onehot_C01	37	47.0	+	+
tjupan_staphylococcus_main_a5695bef0b1269ad	EMB_onehot_C06	EMB_onehot_C01	-9	1.0	+	-
tjupan_staphylococcus_main_a5695bef0b1269ad	EMB_onehot_C06	EMB_onehot_C08	-1	9.0	+	-
tjupan_staphylococcus_main_a5695bef0b1269ad	EMB_onehot_C06	EMB_onehot_C14	1	11.0	+	+
tjupan_staphylococcus_main_a5695bef0b1269ad	EMB_onehot_C06	EMB_onehot_C19	1	11.0	+	-
tjupan_staphylococcus_main_a5695bef0b1269ad	EMB_onehot_C06	EMB_onehot_C02	3	13.0	+	+
tjupan_staphylococcus_main_a5695bef0b1269ad	EMB_onehot_C01	EMB_onehot_C08	-2	8.0	-	-
tjupan_staphylococcus_main_a5695bef0b1269ad	EMB_onehot_C01	EMB_onehot_C14	0	10.0	-	+
tjupan_staphylococcus_main_a5695bef0b1269ad	EMB_onehot_C01	EMB_onehot_C19	0	10.0	-	-
tjupan_staphylococcus_main_a5695bef0b1269ad	EMB_onehot_C01	EMB_onehot_C02	2	12.0	-	+
tjupan_staphylococcus_main_a5695bef0b1269ad	EMB_onehot_C08	EMB_onehot_C14	-8	2.0	-	+
tjupan_staphylococcus_main_a5695bef0b1269ad	EMB_onehot_C08	EMB_onehot_C19	-8	2.0	-	-
tjupan_staphylococcus_main_a5695bef0b1269ad	EMB_onehot_C08	EMB_onehot_C02	-6	4.0	-	+
tjupan_staphylococcus_main_a5695bef0b1269ad	EMB_onehot_C14	EMB_onehot_C19	-10	0.0	+	-
tjupan_staphylococcus_main_a5695bef0b1269ad	EMB_onehot_C14	EMB_onehot_C02	-8	2.0	+	+
tjupan_staphylococcus_main_a5695bef0b1269ad	EMB_onehot_C19	EMB_onehot_C02	-8	2.0	-	+
tjupan_staphylococcus_main_a5cd41d1046fac47	EMB_onehot_C15	EMB_onehot_C20	-9	1.0	-	+
tjupan_staphylococcus_main_a5cd41d1046fac47	EMB_onehot_C15	EMB_onehot_C11	-8	2.0	-	+
tjupan_staphylococcus_main_a5cd41d1046fac47	EMB_onehot_C15	EMB_onehot_C04	-4	6.0	-	-
tjupan_staphylococcus_main_a5cd41d1046fac47	EMB_onehot_C15	EMB_onehot_C10	-3	7.0	-	+
tjupan_staphylococcus_main_a5cd41d1046fac47	EMB_onehot_C15	EMB_onehot_C08	25	35.0	-	-
tjupan_staphylococcus_main_a5cd41d1046fac47	EMB_onehot_C15	EMB_onehot_C02	29	39.0	-	+
tjupan_staphylococcus_main_a5cd41d1046fac47	EMB_onehot_C15	EMB_onehot_C01	30	40.0	-	+
tjupan_staphylococcus_main_a5cd41d1046fac47	EMB_onehot_C15	EMB_onehot_C05	30	40.0	-	-
tjupan_staphylococcus_main_a5cd41d1046fac47	EMB_onehot_C20	EMB_onehot_C11	-9	1.0	+	+
tjupan_staphylococcus_main_a5cd41d1046fac47	EMB_onehot_C20	EMB_onehot_C04	-5	5.0	+	-
tjupan_staphylococcus_main_a5cd41d1046fac47	EMB_onehot_C20	EMB_onehot_C10	-4	6.0	+	+
tjupan_staphylococcus_main_a5cd41d1046fac47	EMB_onehot_C20	EMB_onehot_C08	24	34.0	+	-
tjupan_staphylococcus_main_a5cd41d1046fac47	EMB_onehot_C20	EMB_onehot_C02	28	38.0	+	+
tjupan_staphylococcus_main_a5cd41d1046fac47	EMB_onehot_C20	EMB_onehot_C01	29	39.0	+	+
tjupan_staphylococcus_main_a5cd41d1046fac47	EMB_onehot_C20	EMB_onehot_C05	29	39.0	+	-
tjupan_staphylococcus_main_a5cd41d1046fac47	EMB_onehot_C11	EMB_onehot_C04	-6	4.0	+	-
tjupan_staphylococcus_main_a5cd41d1046fac47	EMB_onehot_C11	EMB_onehot_C10	-5	5.0	+	+
tjupan_staphylococcus_main_a5cd41d1046fac47	EMB_onehot_C11	EMB_onehot_C08	23	33.0	+	-
tjupan_staphylococcus_main_a5cd41d1046fac47	EMB_onehot_C11	EMB_onehot_C02	27	37.0	+	+
tjupan_staphylococcus_main_a5cd41d1046fac47	EMB_onehot_C11	EMB_onehot_C01	28	38.0	+	+
tjupan_staphylococcus_main_a5cd41d1046fac47	EMB_onehot_C11	EMB_onehot_C05	28	38.0	+	-
tjupan_staphylococcus_main_a5cd41d1046fac47	EMB_onehot_C04	EMB_onehot_C10	-9	1.0	-	+
tjupan_staphylococcus_main_a5cd41d1046fac47	EMB_onehot_C04	EMB_onehot_C08	19	29.0	-	-
tjupan_staphylococcus_main_a5cd41d1046fac47	EMB_onehot_C04	EMB_onehot_C02	23	33.0	-	+
tjupan_staphylococcus_main_a5cd41d1046fac47	EMB_onehot_C04	EMB_onehot_C01	24	34.0	-	+
tjupan_staphylococcus_main_a5cd41d1046fac47	EMB_onehot_C04	EMB_onehot_C05	24	34.0	-	-
tjupan_staphylococcus_main_a5cd41d1046fac47	EMB_onehot_C10	EMB_onehot_C08	18	28.0	+	-
tjupan_staphylococcus_main_a5cd41d1046fac47	EMB_onehot_C10	EMB_onehot_C02	22	32.0	+	+
tjupan_staphylococcus_main_a5cd41d1046fac47	EMB_onehot_C10	EMB_onehot_C01	23	33.0	+	+
tjupan_staphylococcus_main_a5cd41d1046fac47	EMB_onehot_C10	EMB_onehot_C05	23	33.0	+	-
tjupan_staphylococcus_main_a5cd41d1046fac47	EMB_onehot_C08	EMB_onehot_C02	-6	4.0	-	+
tjupan_staphylococcus_main_a5cd41d1046fac47	EMB_onehot_C08	EMB_onehot_C01	-5	5.0	-	+
tjupan_staphylococcus_main_a5cd41d1046fac47	EMB_onehot_C08	EMB_onehot_C05	-5	5.0	-	-
tjupan_staphylococcus_main_a5cd41d1046fac47	EMB_onehot_C02	EMB_onehot_C01	-9	1.0	+	+
tjupan_staphylococcus_main_a5cd41d1046fac47	EMB_onehot_C02	EMB_onehot_C05	-9	1.0	+	-
tjupan_staphylococcus_main_a5cd41d1046fac47	EMB_onehot_C01	EMB_onehot_C05	-10	0.0	+	-
tjupan_staphylococcus_main_a66a48aa6a3fc4ff	EMB_onehot_C22	EMB_onehot_C13	-9	1.0	+	+
tjupan_staphylococcus_main_a66a48aa6a3fc4ff	EMB_onehot_C22	EMB_onehot_C05	-8	2.0	+	-
tjupan_staphylococcus_main_a66a48aa6a3fc4ff	EMB_onehot_C22	EMB_onehot_C12	-7	3.0	+	+
tjupan_staphylococcus_main_a66a48aa6a3fc4ff	EMB_onehot_C13	EMB_onehot_C05	-9	1.0	+	-
tjupan_staphylococcus_main_a66a48aa6a3fc4ff	EMB_onehot_C13	EMB_onehot_C12	-8	2.0	+	+
tjupan_staphylococcus_main_a66a48aa6a3fc4ff	EMB_onehot_C05	EMB_onehot_C12	-9	1.0	-	+
tjupan_staphylococcus_main_a6e96ed0deea370f	EMB_onehot_C04	EMB_onehot_C23	-10	0.0	-	+
tjupan_staphylococcus_main_a87e6bf8239921e6	EMB_onehot_C13	EMB_onehot_C22	-10	0.0	-	+
tjupan_staphylococcus_main_a87e6bf8239921e6	EMB_onehot_C13	EMB_onehot_C03	-7	3.0	-	+
tjupan_staphylococcus_main_a87e6bf8239921e6	EMB_onehot_C13	EMB_onehot_C04	3	13.0	-	-
tjupan_staphylococcus_main_a87e6bf8239921e6	EMB_onehot_C13	EMB_onehot_C08	25	35.0	-	+
tjupan_staphylococcus_main_a87e6bf8239921e6	EMB_onehot_C13	EMB_onehot_C17	29	39.0	-	-
tjupan_staphylococcus_main_a87e6bf8239921e6	EMB_onehot_C22	EMB_onehot_C03	-7	3.0	+	+
tjupan_staphylococcus_main_a87e6bf8239921e6	EMB_onehot_C22	EMB_onehot_C04	3	13.0	+	-
tjupan_staphylococcus_main_a87e6bf8239921e6	EMB_onehot_C22	EMB_onehot_C08	25	35.0	+	+
tjupan_staphylococcus_main_a87e6bf8239921e6	EMB_onehot_C22	EMB_onehot_C17	29	39.0	+	-
tjupan_staphylococcus_main_a87e6bf8239921e6	EMB_onehot_C03	EMB_onehot_C04	0	10.0	+	-
tjupan_staphylococcus_main_a87e6bf8239921e6	EMB_onehot_C03	EMB_onehot_C08	22	32.0	+	+
tjupan_staphylococcus_main_a87e6bf8239921e6	EMB_onehot_C03	EMB_onehot_C17	26	36.0	+	-
tjupan_staphylococcus_main_a87e6bf8239921e6	EMB_onehot_C04	EMB_onehot_C08	12	22.0	-	+
tjupan_staphylococcus_main_a87e6bf8239921e6	EMB_onehot_C04	EMB_onehot_C17	16	26.0	-	-
tjupan_staphylococcus_main_a87e6bf8239921e6	EMB_onehot_C08	EMB_onehot_C17	-6	4.0	+	-
tjupan_staphylococcus_main_a9f5b34f750c83db	EMB_onehot_C01	EMB_onehot_C09	10	20.0	-	+
tjupan_staphylococcus_main_ac15b24e7f42fd62	EMB_onehot_C07	EMB_onehot_C11	-6	4.0	-	+
tjupan_staphylococcus_main_ac15b24e7f42fd62	EMB_onehot_C07	EMB_onehot_C05	-2	8.0	-	-
tjupan_staphylococcus_main_ac15b24e7f42fd62	EMB_onehot_C07	EMB_onehot_C08	29	39.0	-	+
tjupan_staphylococcus_main_ac15b24e7f42fd62	EMB_onehot_C07	EMB_onehot_C04	56	66.0	-	-
tjupan_staphylococcus_main_ac15b24e7f42fd62	EMB_onehot_C11	EMB_onehot_C05	-6	4.0	+	-
tjupan_staphylococcus_main_ac15b24e7f42fd62	EMB_onehot_C11	EMB_onehot_C08	25	35.0	+	+
tjupan_staphylococcus_main_ac15b24e7f42fd62	EMB_onehot_C11	EMB_onehot_C04	52	62.0	+	-
tjupan_staphylococcus_main_ac15b24e7f42fd62	EMB_onehot_C05	EMB_onehot_C08	21	31.0	-	+
tjupan_staphylococcus_main_ac15b24e7f42fd62	EMB_onehot_C05	EMB_onehot_C04	48	58.0	-	-
tjupan_staphylococcus_main_ac15b24e7f42fd62	EMB_onehot_C08	EMB_onehot_C04	17	27.0	+	-
tjupan_staphylococcus_main_ac58cb392261c5f2	EMB_onehot_C15	EMB_onehot_C13	10	20.0	-	+
tjupan_staphylococcus_main_ac58cb392261c5f2	EMB_onehot_C15	EMB_onehot_C23	17	27.0	-	+
tjupan_staphylococcus_main_ac58cb392261c5f2	EMB_onehot_C15	EMB_onehot_C16	19	29.0	-	-
tjupan_staphylococcus_main_ac58cb392261c5f2	EMB_onehot_C13	EMB_onehot_C23	-3	7.0	+	+
tjupan_staphylococcus_main_ac58cb392261c5f2	EMB_onehot_C13	EMB_onehot_C16	-1	9.0	+	-
tjupan_staphylococcus_main_ac58cb392261c5f2	EMB_onehot_C23	EMB_onehot_C16	-8	2.0	+	-
tjupan_staphylococcus_main_ad36ff47a8e98518	EMB_onehot_C15	EMB_onehot_C20	-9	1.0	-	+
tjupan_staphylococcus_main_ad36ff47a8e98518	EMB_onehot_C15	EMB_onehot_C11	-8	2.0	-	+
tjupan_staphylococcus_main_ad36ff47a8e98518	EMB_onehot_C15	EMB_onehot_C04	-4	6.0	-	-
tjupan_staphylococcus_main_ad36ff47a8e98518	EMB_onehot_C15	EMB_onehot_C10	-3	7.0	-	+
tjupan_staphylococcus_main_ad36ff47a8e98518	EMB_onehot_C15	EMB_onehot_C08	25	35.0	-	-
tjupan_staphylococcus_main_ad36ff47a8e98518	EMB_onehot_C15	EMB_onehot_C02	29	39.0	-	+
tjupan_staphylococcus_main_ad36ff47a8e98518	EMB_onehot_C15	EMB_onehot_C01	30	40.0	-	+
tjupan_staphylococcus_main_ad36ff47a8e98518	EMB_onehot_C15	EMB_onehot_C05	30	40.0	-	-
tjupan_staphylococcus_main_ad36ff47a8e98518	EMB_onehot_C20	EMB_onehot_C11	-9	1.0	+	+
tjupan_staphylococcus_main_ad36ff47a8e98518	EMB_onehot_C20	EMB_onehot_C04	-5	5.0	+	-
tjupan_staphylococcus_main_ad36ff47a8e98518	EMB_onehot_C20	EMB_onehot_C10	-4	6.0	+	+
tjupan_staphylococcus_main_ad36ff47a8e98518	EMB_onehot_C20	EMB_onehot_C08	24	34.0	+	-
tjupan_staphylococcus_main_ad36ff47a8e98518	EMB_onehot_C20	EMB_onehot_C02	28	38.0	+	+
tjupan_staphylococcus_main_ad36ff47a8e98518	EMB_onehot_C20	EMB_onehot_C01	29	39.0	+	+
tjupan_staphylococcus_main_ad36ff47a8e98518	EMB_onehot_C20	EMB_onehot_C05	29	39.0	+	-
tjupan_staphylococcus_main_ad36ff47a8e98518	EMB_onehot_C11	EMB_onehot_C04	-6	4.0	+	-
tjupan_staphylococcus_main_ad36ff47a8e98518	EMB_onehot_C11	EMB_onehot_C10	-5	5.0	+	+
tjupan_staphylococcus_main_ad36ff47a8e98518	EMB_onehot_C11	EMB_onehot_C08	23	33.0	+	-
tjupan_staphylococcus_main_ad36ff47a8e98518	EMB_onehot_C11	EMB_onehot_C02	27	37.0	+	+
tjupan_staphylococcus_main_ad36ff47a8e98518	EMB_onehot_C11	EMB_onehot_C01	28	38.0	+	+
tjupan_staphylococcus_main_ad36ff47a8e98518	EMB_onehot_C11	EMB_onehot_C05	28	38.0	+	-
tjupan_staphylococcus_main_ad36ff47a8e98518	EMB_onehot_C04	EMB_onehot_C10	-9	1.0	-	+
tjupan_staphylococcus_main_ad36ff47a8e98518	EMB_onehot_C04	EMB_onehot_C08	19	29.0	-	-
tjupan_staphylococcus_main_ad36ff47a8e98518	EMB_onehot_C04	EMB_onehot_C02	23	33.0	-	+
tjupan_staphylococcus_main_ad36ff47a8e98518	EMB_onehot_C04	EMB_onehot_C01	24	34.0	-	+
tjupan_staphylococcus_main_ad36ff47a8e98518	EMB_onehot_C04	EMB_onehot_C05	24	34.0	-	-
tjupan_staphylococcus_main_ad36ff47a8e98518	EMB_onehot_C10	EMB_onehot_C08	18	28.0	+	-
tjupan_staphylococcus_main_ad36ff47a8e98518	EMB_onehot_C10	EMB_onehot_C02	22	32.0	+	+
tjupan_staphylococcus_main_ad36ff47a8e98518	EMB_onehot_C10	EMB_onehot_C01	23	33.0	+	+
tjupan_staphylococcus_main_ad36ff47a8e98518	EMB_onehot_C10	EMB_onehot_C05	23	33.0	+	-
tjupan_staphylococcus_main_ad36ff47a8e98518	EMB_onehot_C08	EMB_onehot_C02	-6	4.0	-	+
tjupan_staphylococcus_main_ad36ff47a8e98518	EMB_onehot_C08	EMB_onehot_C01	-5	5.0	-	+
tjupan_staphylococcus_main_ad36ff47a8e98518	EMB_onehot_C08	EMB_onehot_C05	-5	5.0	-	-
tjupan_staphylococcus_main_ad36ff47a8e98518	EMB_onehot_C02	EMB_onehot_C01	-9	1.0	+	+
tjupan_staphylococcus_main_ad36ff47a8e98518	EMB_onehot_C02	EMB_onehot_C05	-9	1.0	+	-
tjupan_staphylococcus_main_ad36ff47a8e98518	EMB_onehot_C01	EMB_onehot_C05	-10	0.0	+	-
tjupan_staphylococcus_main_ad9413737d07a024	EMB_onehot_C16	EMB_onehot_C07	-6	4.0	+	-
tjupan_staphylococcus_main_ad9413737d07a024	EMB_onehot_C16	EMB_onehot_C11	-2	8.0	+	+
tjupan_staphylococcus_main_ad9413737d07a024	EMB_onehot_C16	EMB_onehot_C05	2	12.0	+	-
tjupan_staphylococcus_main_ad9413737d07a024	EMB_onehot_C16	EMB_onehot_C08	33	43.0	+	+
tjupan_staphylococcus_main_ad9413737d07a024	EMB_onehot_C07	EMB_onehot_C11	-6	4.0	-	+
tjupan_staphylococcus_main_ad9413737d07a024	EMB_onehot_C07	EMB_onehot_C05	-2	8.0	-	-
tjupan_staphylococcus_main_ad9413737d07a024	EMB_onehot_C07	EMB_onehot_C08	29	39.0	-	+
tjupan_staphylococcus_main_ad9413737d07a024	EMB_onehot_C11	EMB_onehot_C05	-6	4.0	+	-
tjupan_staphylococcus_main_ad9413737d07a024	EMB_onehot_C11	EMB_onehot_C08	25	35.0	+	+
tjupan_staphylococcus_main_ad9413737d07a024	EMB_onehot_C05	EMB_onehot_C08	21	31.0	-	+
tjupan_staphylococcus_main_ade3b54641e64771	EMB_onehot_C02	EMB_onehot_C05	-9	1.0	+	-
tjupan_staphylococcus_main_aef7a9cc7c707321	EMB_onehot_C07	EMB_onehot_C11	-3	7.0	+	+
tjupan_staphylococcus_main_b027931c63c34821	EMB_onehot_C10	EMB_onehot_C13	-4	6.0	-	-
tjupan_staphylococcus_main_b027931c63c34821	EMB_onehot_C10	EMB_onehot_C03	-1	9.0	-	+
tjupan_staphylococcus_main_b027931c63c34821	EMB_onehot_C10	EMB_onehot_C22	10	20.0	-	-
tjupan_staphylococcus_main_b027931c63c34821	EMB_onehot_C10	EMB_onehot_C18	12	22.0	-	-
tjupan_staphylococcus_main_b027931c63c34821	EMB_onehot_C10	EMB_onehot_C17	17	27.0	-	+
tjupan_staphylococcus_main_b027931c63c34821	EMB_onehot_C10	EMB_onehot_C16	20	30.0	-	-
tjupan_staphylococcus_main_b027931c63c34821	EMB_onehot_C13	EMB_onehot_C03	-7	3.0	-	+
tjupan_staphylococcus_main_b027931c63c34821	EMB_onehot_C13	EMB_onehot_C22	4	14.0	-	-
tjupan_staphylococcus_main_b027931c63c34821	EMB_onehot_C13	EMB_onehot_C18	6	16.0	-	-
tjupan_staphylococcus_main_b027931c63c34821	EMB_onehot_C13	EMB_onehot_C17	11	21.0	-	+
tjupan_staphylococcus_main_b027931c63c34821	EMB_onehot_C13	EMB_onehot_C16	14	24.0	-	-
tjupan_staphylococcus_main_b027931c63c34821	EMB_onehot_C03	EMB_onehot_C22	1	11.0	+	-
tjupan_staphylococcus_main_b027931c63c34821	EMB_onehot_C03	EMB_onehot_C18	3	13.0	+	-
tjupan_staphylococcus_main_b027931c63c34821	EMB_onehot_C03	EMB_onehot_C17	8	18.0	+	+
tjupan_staphylococcus_main_b027931c63c34821	EMB_onehot_C03	EMB_onehot_C16	11	21.0	+	-
tjupan_staphylococcus_main_b027931c63c34821	EMB_onehot_C22	EMB_onehot_C18	-8	2.0	-	-
tjupan_staphylococcus_main_b027931c63c34821	EMB_onehot_C22	EMB_onehot_C17	-3	7.0	-	+
tjupan_staphylococcus_main_b027931c63c34821	EMB_onehot_C22	EMB_onehot_C16	0	10.0	-	-
tjupan_staphylococcus_main_b027931c63c34821	EMB_onehot_C18	EMB_onehot_C17	-5	5.0	-	+
tjupan_staphylococcus_main_b027931c63c34821	EMB_onehot_C18	EMB_onehot_C16	-2	8.0	-	-
tjupan_staphylococcus_main_b027931c63c34821	EMB_onehot_C17	EMB_onehot_C16	-7	3.0	+	-
tjupan_staphylococcus_main_b0c3dddf0b02c7f6	EMB_onehot_C15	EMB_onehot_C20	-2	8.0	+	-
tjupan_staphylococcus_main_b0c3dddf0b02c7f6	EMB_onehot_C15	EMB_onehot_C07	44	54.0	+	-
tjupan_staphylococcus_main_b0c3dddf0b02c7f6	EMB_onehot_C20	EMB_onehot_C07	36	46.0	-	-
tjupan_staphylococcus_main_b2a711e5bca201c4	EMB_onehot_C18	EMB_onehot_C21	-7	3.0	+	+
tjupan_staphylococcus_main_b2a711e5bca201c4	EMB_onehot_C18	EMB_onehot_C05	-6	4.0	+	+
tjupan_staphylococcus_main_b2a711e5bca201c4	EMB_onehot_C18	EMB_onehot_C16	-6	4.0	+	-
tjupan_staphylococcus_main_b2a711e5bca201c4	EMB_onehot_C18	EMB_onehot_C22	-5	5.0	+	+
tjupan_staphylococcus_main_b2a711e5bca201c4	EMB_onehot_C18	EMB_onehot_C13	-4	6.0	+	+
tjupan_staphylococcus_main_b2a711e5bca201c4	EMB_onehot_C18	EMB_onehot_C15	18	28.0	+	-
tjupan_staphylococcus_main_b2a711e5bca201c4	EMB_onehot_C21	EMB_onehot_C05	-9	1.0	+	+
tjupan_staphylococcus_main_b2a711e5bca201c4	EMB_onehot_C21	EMB_onehot_C16	-9	1.0	+	-
tjupan_staphylococcus_main_b2a711e5bca201c4	EMB_onehot_C21	EMB_onehot_C22	-8	2.0	+	+
tjupan_staphylococcus_main_b2a711e5bca201c4	EMB_onehot_C21	EMB_onehot_C13	-7	3.0	+	+
tjupan_staphylococcus_main_b2a711e5bca201c4	EMB_onehot_C21	EMB_onehot_C15	15	25.0	+	-
tjupan_staphylococcus_main_b2a711e5bca201c4	EMB_onehot_C05	EMB_onehot_C16	-10	0.0	+	-
tjupan_staphylococcus_main_b2a711e5bca201c4	EMB_onehot_C05	EMB_onehot_C22	-9	1.0	+	+
tjupan_staphylococcus_main_b2a711e5bca201c4	EMB_onehot_C05	EMB_onehot_C13	-8	2.0	+	+
tjupan_staphylococcus_main_b2a711e5bca201c4	EMB_onehot_C05	EMB_onehot_C15	14	24.0	+	-
tjupan_staphylococcus_main_b2a711e5bca201c4	EMB_onehot_C16	EMB_onehot_C22	-9	1.0	-	+
tjupan_staphylococcus_main_b2a711e5bca201c4	EMB_onehot_C16	EMB_onehot_C13	-8	2.0	-	+
tjupan_staphylococcus_main_b2a711e5bca201c4	EMB_onehot_C16	EMB_onehot_C15	14	24.0	-	-
tjupan_staphylococcus_main_b2a711e5bca201c4	EMB_onehot_C22	EMB_onehot_C13	-9	1.0	+	+
tjupan_staphylococcus_main_b2a711e5bca201c4	EMB_onehot_C22	EMB_onehot_C15	13	23.0	+	-
tjupan_staphylococcus_main_b2a711e5bca201c4	EMB_onehot_C13	EMB_onehot_C15	12	22.0	+	-
tjupan_staphylococcus_main_b33a6ffda9166b06	EMB_onehot_C00	EMB_onehot_C09	-10	0.0	-	+
tjupan_staphylococcus_main_b33a6ffda9166b06	EMB_onehot_C00	EMB_onehot_C02	-9	1.0	-	+
tjupan_staphylococcus_main_b33a6ffda9166b06	EMB_onehot_C00	EMB_onehot_C17	-9	1.0	-	-
tjupan_staphylococcus_main_b33a6ffda9166b06	EMB_onehot_C09	EMB_onehot_C02	-9	1.0	+	+
tjupan_staphylococcus_main_b33a6ffda9166b06	EMB_onehot_C09	EMB_onehot_C17	-9	1.0	+	-
tjupan_staphylococcus_main_b33a6ffda9166b06	EMB_onehot_C02	EMB_onehot_C17	-10	0.0	+	-
tjupan_staphylococcus_main_b3a5c9e2207e7f39	EMB_onehot_C05	EMB_onehot_C09	19	29.0	+	-
tjupan_staphylococcus_main_b3a5c9e2207e7f39	EMB_onehot_C05	EMB_onehot_C08	22	32.0	+	+
tjupan_staphylococcus_main_b3a5c9e2207e7f39	EMB_onehot_C05	EMB_onehot_C06	35	45.0	+	-
tjupan_staphylococcus_main_b3a5c9e2207e7f39	EMB_onehot_C09	EMB_onehot_C08	-7	3.0	-	+
tjupan_staphylococcus_main_b3a5c9e2207e7f39	EMB_onehot_C09	EMB_onehot_C06	6	16.0	-	-
tjupan_staphylococcus_main_b3a5c9e2207e7f39	EMB_onehot_C08	EMB_onehot_C06	3	13.0	+	-
tjupan_staphylococcus_main_b45fc8628e23f777	EMB_onehot_C03	EMB_onehot_C22	-7	3.0	-	-
tjupan_staphylococcus_main_b45fc8628e23f777	EMB_onehot_C03	EMB_onehot_C13	-3	7.0	-	-
tjupan_staphylococcus_main_b45fc8628e23f777	EMB_onehot_C03	EMB_onehot_C02	-2	8.0	-	+
tjupan_staphylococcus_main_b45fc8628e23f777	EMB_onehot_C03	EMB_onehot_C05	-1	9.0	-	-
tjupan_staphylococcus_main_b45fc8628e23f777	EMB_onehot_C03	EMB_onehot_C16	-1	9.0	-	+
tjupan_staphylococcus_main_b45fc8628e23f777	EMB_onehot_C03	EMB_onehot_C21	0	10.0	-	-
tjupan_staphylococcus_main_b45fc8628e23f777	EMB_onehot_C03	EMB_onehot_C17	2	12.0	-	-
tjupan_staphylococcus_main_b45fc8628e23f777	EMB_onehot_C03	EMB_onehot_C18	3	13.0	-	-
tjupan_staphylococcus_main_b45fc8628e23f777	EMB_onehot_C03	EMB_onehot_C00	19	29.0	-	+
tjupan_staphylococcus_main_b45fc8628e23f777	EMB_onehot_C03	EMB_onehot_C10	27	37.0	-	+
tjupan_staphylococcus_main_b45fc8628e23f777	EMB_onehot_C22	EMB_onehot_C13	-6	4.0	-	-
tjupan_staphylococcus_main_b45fc8628e23f777	EMB_onehot_C22	EMB_onehot_C02	-5	5.0	-	+
tjupan_staphylococcus_main_b45fc8628e23f777	EMB_onehot_C22	EMB_onehot_C05	-4	6.0	-	-
tjupan_staphylococcus_main_b45fc8628e23f777	EMB_onehot_C22	EMB_onehot_C16	-4	6.0	-	+
tjupan_staphylococcus_main_b45fc8628e23f777	EMB_onehot_C22	EMB_onehot_C21	-3	7.0	-	-
tjupan_staphylococcus_main_b45fc8628e23f777	EMB_onehot_C22	EMB_onehot_C17	-1	9.0	-	-
tjupan_staphylococcus_main_b45fc8628e23f777	EMB_onehot_C22	EMB_onehot_C18	0	10.0	-	-
tjupan_staphylococcus_main_b45fc8628e23f777	EMB_onehot_C22	EMB_onehot_C00	16	26.0	-	+
tjupan_staphylococcus_main_b45fc8628e23f777	EMB_onehot_C22	EMB_onehot_C10	24	34.0	-	+
tjupan_staphylococcus_main_b45fc8628e23f777	EMB_onehot_C13	EMB_onehot_C02	-9	1.0	-	+
tjupan_staphylococcus_main_b45fc8628e23f777	EMB_onehot_C13	EMB_onehot_C05	-8	2.0	-	-
tjupan_staphylococcus_main_b45fc8628e23f777	EMB_onehot_C13	EMB_onehot_C16	-8	2.0	-	+
tjupan_staphylococcus_main_b45fc8628e23f777	EMB_onehot_C13	EMB_onehot_C21	-7	3.0	-	-
tjupan_staphylococcus_main_b45fc8628e23f777	EMB_onehot_C13	EMB_onehot_C17	-5	5.0	-	-
tjupan_staphylococcus_main_b45fc8628e23f777	EMB_onehot_C13	EMB_onehot_C18	-4	6.0	-	-
tjupan_staphylococcus_main_b45fc8628e23f777	EMB_onehot_C13	EMB_onehot_C00	12	22.0	-	+
tjupan_staphylococcus_main_b45fc8628e23f777	EMB_onehot_C13	EMB_onehot_C10	20	30.0	-	+
tjupan_staphylococcus_main_b45fc8628e23f777	EMB_onehot_C02	EMB_onehot_C05	-9	1.0	+	-
tjupan_staphylococcus_main_b45fc8628e23f777	EMB_onehot_C02	EMB_onehot_C16	-9	1.0	+	+
tjupan_staphylococcus_main_b45fc8628e23f777	EMB_onehot_C02	EMB_onehot_C21	-8	2.0	+	-
tjupan_staphylococcus_main_b45fc8628e23f777	EMB_onehot_C02	EMB_onehot_C17	-6	4.0	+	-
tjupan_staphylococcus_main_b45fc8628e23f777	EMB_onehot_C02	EMB_onehot_C18	-5	5.0	+	-
tjupan_staphylococcus_main_b45fc8628e23f777	EMB_onehot_C02	EMB_onehot_C00	11	21.0	+	+
tjupan_staphylococcus_main_b45fc8628e23f777	EMB_onehot_C02	EMB_onehot_C10	19	29.0	+	+
tjupan_staphylococcus_main_b45fc8628e23f777	EMB_onehot_C05	EMB_onehot_C16	-10	0.0	-	+
tjupan_staphylococcus_main_b45fc8628e23f777	EMB_onehot_C05	EMB_onehot_C21	-9	1.0	-	-
tjupan_staphylococcus_main_b45fc8628e23f777	EMB_onehot_C05	EMB_onehot_C17	-7	3.0	-	-
tjupan_staphylococcus_main_b45fc8628e23f777	EMB_onehot_C05	EMB_onehot_C18	-6	4.0	-	-
tjupan_staphylococcus_main_b45fc8628e23f777	EMB_onehot_C05	EMB_onehot_C00	10	20.0	-	+
tjupan_staphylococcus_main_b45fc8628e23f777	EMB_onehot_C05	EMB_onehot_C10	18	28.0	-	+
tjupan_staphylococcus_main_b45fc8628e23f777	EMB_onehot_C16	EMB_onehot_C21	-9	1.0	+	-
tjupan_staphylococcus_main_b45fc8628e23f777	EMB_onehot_C16	EMB_onehot_C17	-7	3.0	+	-
tjupan_staphylococcus_main_b45fc8628e23f777	EMB_onehot_C16	EMB_onehot_C18	-6	4.0	+	-
tjupan_staphylococcus_main_b45fc8628e23f777	EMB_onehot_C16	EMB_onehot_C00	10	20.0	+	+
tjupan_staphylococcus_main_b45fc8628e23f777	EMB_onehot_C16	EMB_onehot_C10	18	28.0	+	+
tjupan_staphylococcus_main_b45fc8628e23f777	EMB_onehot_C21	EMB_onehot_C17	-8	2.0	-	-
tjupan_staphylococcus_main_b45fc8628e23f777	EMB_onehot_C21	EMB_onehot_C18	-7	3.0	-	-
tjupan_staphylococcus_main_b45fc8628e23f777	EMB_onehot_C21	EMB_onehot_C00	9	19.0	-	+
tjupan_staphylococcus_main_b45fc8628e23f777	EMB_onehot_C21	EMB_onehot_C10	17	27.0	-	+
tjupan_staphylococcus_main_b45fc8628e23f777	EMB_onehot_C17	EMB_onehot_C18	-9	1.0	-	-
tjupan_staphylococcus_main_b45fc8628e23f777	EMB_onehot_C17	EMB_onehot_C00	7	17.0	-	+
tjupan_staphylococcus_main_b45fc8628e23f777	EMB_onehot_C17	EMB_onehot_C10	15	25.0	-	+
tjupan_staphylococcus_main_b45fc8628e23f777	EMB_onehot_C18	EMB_onehot_C00	6	16.0	-	+
tjupan_staphylococcus_main_b45fc8628e23f777	EMB_onehot_C18	EMB_onehot_C10	14	24.0	-	+
tjupan_staphylococcus_main_b45fc8628e23f777	EMB_onehot_C00	EMB_onehot_C10	-2	8.0	+	+
tjupan_staphylococcus_main_b7e34c0b8773617a	EMB_onehot_C03	EMB_onehot_C23	-2	8.0	-	+
tjupan_staphylococcus_main_b7e34c0b8773617a	EMB_onehot_C03	EMB_onehot_C13	2	12.0	-	+
tjupan_staphylococcus_main_b7e34c0b8773617a	EMB_onehot_C03	EMB_onehot_C05	10	20.0	-	+
tjupan_staphylococcus_main_b7e34c0b8773617a	EMB_onehot_C03	EMB_onehot_C10	28	38.0	-	-
tjupan_staphylococcus_main_b7e34c0b8773617a	EMB_onehot_C23	EMB_onehot_C13	-6	4.0	+	+
tjupan_staphylococcus_main_b7e34c0b8773617a	EMB_onehot_C23	EMB_onehot_C05	2	12.0	+	+
tjupan_staphylococcus_main_b7e34c0b8773617a	EMB_onehot_C23	EMB_onehot_C10	20	30.0	+	-
tjupan_staphylococcus_main_b7e34c0b8773617a	EMB_onehot_C13	EMB_onehot_C05	-2	8.0	+	+
tjupan_staphylococcus_main_b7e34c0b8773617a	EMB_onehot_C13	EMB_onehot_C10	16	26.0	+	-
tjupan_staphylococcus_main_b7e34c0b8773617a	EMB_onehot_C05	EMB_onehot_C10	8	18.0	+	-
tjupan_staphylococcus_main_b8bb4879c6bbc988	EMB_onehot_C11	EMB_onehot_C03	-7	3.0	-	-
tjupan_staphylococcus_main_b8bb4879c6bbc988	EMB_onehot_C11	EMB_onehot_C21	25	35.0	-	-
tjupan_staphylococcus_main_b8bb4879c6bbc988	EMB_onehot_C03	EMB_onehot_C21	22	32.0	-	-
tjupan_staphylococcus_main_bb1345017c48d853	EMB_onehot_C02	EMB_onehot_C16	19	29.0	-	-
tjupan_staphylococcus_main_bb1345017c48d853	EMB_onehot_C02	EMB_onehot_C05	22	32.0	-	+
tjupan_staphylococcus_main_bb1345017c48d853	EMB_onehot_C02	EMB_onehot_C13	23	33.0	-	-
tjupan_staphylococcus_main_bb1345017c48d853	EMB_onehot_C02	EMB_onehot_C03	44	54.0	-	+
tjupan_staphylococcus_main_bb1345017c48d853	EMB_onehot_C16	EMB_onehot_C05	-7	3.0	-	+
tjupan_staphylococcus_main_bb1345017c48d853	EMB_onehot_C16	EMB_onehot_C13	-6	4.0	-	-
tjupan_staphylococcus_main_bb1345017c48d853	EMB_onehot_C16	EMB_onehot_C03	15	25.0	-	+
tjupan_staphylococcus_main_bb1345017c48d853	EMB_onehot_C05	EMB_onehot_C13	-9	1.0	+	-
tjupan_staphylococcus_main_bb1345017c48d853	EMB_onehot_C05	EMB_onehot_C03	12	22.0	+	+
tjupan_staphylococcus_main_bb1345017c48d853	EMB_onehot_C13	EMB_onehot_C03	11	21.0	-	+
tjupan_staphylococcus_main_bb329d71e864e80c	EMB_onehot_C02	EMB_onehot_C05	-9	1.0	+	-
tjupan_staphylococcus_main_bbf04dcdc01ff610	EMB_onehot_C14	EMB_onehot_C21	12	22.0	+	-
tjupan_staphylococcus_main_bbf04dcdc01ff610	EMB_onehot_C14	EMB_onehot_C04	18	28.0	+	+
tjupan_staphylococcus_main_bbf04dcdc01ff610	EMB_onehot_C14	EMB_onehot_C20	19	29.0	+	+
tjupan_staphylococcus_main_bbf04dcdc01ff610	EMB_onehot_C14	EMB_onehot_C00	50	60.0	+	-
tjupan_staphylococcus_main_bbf04dcdc01ff610	EMB_onehot_C14	EMB_onehot_C09	50	60.0	+	+
tjupan_staphylococcus_main_bbf04dcdc01ff610	EMB_onehot_C21	EMB_onehot_C04	-4	6.0	-	+
tjupan_staphylococcus_main_bbf04dcdc01ff610	EMB_onehot_C21	EMB_onehot_C20	-3	7.0	-	+
tjupan_staphylococcus_main_bbf04dcdc01ff610	EMB_onehot_C21	EMB_onehot_C00	28	38.0	-	-
tjupan_staphylococcus_main_bbf04dcdc01ff610	EMB_onehot_C21	EMB_onehot_C09	28	38.0	-	+
tjupan_staphylococcus_main_bbf04dcdc01ff610	EMB_onehot_C04	EMB_onehot_C20	-9	1.0	+	+
tjupan_staphylococcus_main_bbf04dcdc01ff610	EMB_onehot_C04	EMB_onehot_C00	22	32.0	+	-
tjupan_staphylococcus_main_bbf04dcdc01ff610	EMB_onehot_C04	EMB_onehot_C09	22	32.0	+	+
tjupan_staphylococcus_main_bbf04dcdc01ff610	EMB_onehot_C20	EMB_onehot_C00	21	31.0	+	-
tjupan_staphylococcus_main_bbf04dcdc01ff610	EMB_onehot_C20	EMB_onehot_C09	21	31.0	+	+
tjupan_staphylococcus_main_bbf04dcdc01ff610	EMB_onehot_C00	EMB_onehot_C09	-10	0.0	-	+
tjupan_staphylococcus_main_bf5d4c99ba0debe9	EMB_onehot_C10	EMB_onehot_C01	11	21.0	-	+
tjupan_staphylococcus_main_bf5d4c99ba0debe9	EMB_onehot_C10	EMB_onehot_C06	12	22.0	-	-
tjupan_staphylococcus_main_bf5d4c99ba0debe9	EMB_onehot_C10	EMB_onehot_C16	32	42.0	-	-
tjupan_staphylococcus_main_bf5d4c99ba0debe9	EMB_onehot_C10	EMB_onehot_C14	33	43.0	-	-
tjupan_staphylococcus_main_bf5d4c99ba0debe9	EMB_onehot_C10	EMB_onehot_C22	37	47.0	-	-
tjupan_staphylococcus_main_bf5d4c99ba0debe9	EMB_onehot_C01	EMB_onehot_C06	-9	1.0	+	-
tjupan_staphylococcus_main_bf5d4c99ba0debe9	EMB_onehot_C01	EMB_onehot_C16	11	21.0	+	-
tjupan_staphylococcus_main_bf5d4c99ba0debe9	EMB_onehot_C01	EMB_onehot_C14	12	22.0	+	-
tjupan_staphylococcus_main_bf5d4c99ba0debe9	EMB_onehot_C01	EMB_onehot_C22	16	26.0	+	-
tjupan_staphylococcus_main_bf5d4c99ba0debe9	EMB_onehot_C06	EMB_onehot_C16	10	20.0	-	-
tjupan_staphylococcus_main_bf5d4c99ba0debe9	EMB_onehot_C06	EMB_onehot_C14	11	21.0	-	-
tjupan_staphylococcus_main_bf5d4c99ba0debe9	EMB_onehot_C06	EMB_onehot_C22	15	25.0	-	-
tjupan_staphylococcus_main_bf5d4c99ba0debe9	EMB_onehot_C16	EMB_onehot_C14	-9	1.0	-	-
tjupan_staphylococcus_main_bf5d4c99ba0debe9	EMB_onehot_C16	EMB_onehot_C22	-5	5.0	-	-
tjupan_staphylococcus_main_bf5d4c99ba0debe9	EMB_onehot_C14	EMB_onehot_C22	-6	4.0	-	-
tjupan_staphylococcus_main_c026693aed4fa528	EMB_onehot_C13	EMB_onehot_C05	-9	1.0	+	-
tjupan_staphylococcus_main_c026693aed4fa528	EMB_onehot_C13	EMB_onehot_C03	-8	2.0	+	+
tjupan_staphylococcus_main_c026693aed4fa528	EMB_onehot_C13	EMB_onehot_C22	-7	3.0	+	-
tjupan_staphylococcus_main_c026693aed4fa528	EMB_onehot_C13	EMB_onehot_C15	-1	9.0	+	+
tjupan_staphylococcus_main_c026693aed4fa528	EMB_onehot_C13	EMB_onehot_C20	2	12.0	+	+
tjupan_staphylococcus_main_c026693aed4fa528	EMB_onehot_C13	EMB_onehot_C07	8	18.0	+	+
tjupan_staphylococcus_main_c026693aed4fa528	EMB_onehot_C13	EMB_onehot_C16	40	50.0	+	+
tjupan_staphylococcus_main_c026693aed4fa528	EMB_onehot_C13	EMB_onehot_C04	46	56.0	+	+
tjupan_staphylococcus_main_c026693aed4fa528	EMB_onehot_C13	EMB_onehot_C01	50	60.0	+	-
tjupan_staphylococcus_main_c026693aed4fa528	EMB_onehot_C05	EMB_onehot_C03	-9	1.0	-	+
tjupan_staphylococcus_main_c026693aed4fa528	EMB_onehot_C05	EMB_onehot_C22	-8	2.0	-	-
tjupan_staphylococcus_main_c026693aed4fa528	EMB_onehot_C05	EMB_onehot_C15	-2	8.0	-	+
tjupan_staphylococcus_main_c026693aed4fa528	EMB_onehot_C05	EMB_onehot_C20	1	11.0	-	+
tjupan_staphylococcus_main_c026693aed4fa528	EMB_onehot_C05	EMB_onehot_C07	7	17.0	-	+
tjupan_staphylococcus_main_c026693aed4fa528	EMB_onehot_C05	EMB_onehot_C16	39	49.0	-	+
tjupan_staphylococcus_main_c026693aed4fa528	EMB_onehot_C05	EMB_onehot_C04	45	55.0	-	+
tjupan_staphylococcus_main_c026693aed4fa528	EMB_onehot_C05	EMB_onehot_C01	49	59.0	-	-
tjupan_staphylococcus_main_c026693aed4fa528	EMB_onehot_C03	EMB_onehot_C22	-9	1.0	+	-
tjupan_staphylococcus_main_c026693aed4fa528	EMB_onehot_C03	EMB_onehot_C15	-3	7.0	+	+
tjupan_staphylococcus_main_c026693aed4fa528	EMB_onehot_C03	EMB_onehot_C20	0	10.0	+	+
tjupan_staphylococcus_main_c026693aed4fa528	EMB_onehot_C03	EMB_onehot_C07	6	16.0	+	+
tjupan_staphylococcus_main_c026693aed4fa528	EMB_onehot_C03	EMB_onehot_C16	38	48.0	+	+
tjupan_staphylococcus_main_c026693aed4fa528	EMB_onehot_C03	EMB_onehot_C04	44	54.0	+	+
tjupan_staphylococcus_main_c026693aed4fa528	EMB_onehot_C03	EMB_onehot_C01	48	58.0	+	-
tjupan_staphylococcus_main_c026693aed4fa528	EMB_onehot_C22	EMB_onehot_C15	-4	6.0	-	+
tjupan_staphylococcus_main_c026693aed4fa528	EMB_onehot_C22	EMB_onehot_C20	-1	9.0	-	+
tjupan_staphylococcus_main_c026693aed4fa528	EMB_onehot_C22	EMB_onehot_C07	5	15.0	-	+
tjupan_staphylococcus_main_c026693aed4fa528	EMB_onehot_C22	EMB_onehot_C16	37	47.0	-	+
tjupan_staphylococcus_main_c026693aed4fa528	EMB_onehot_C22	EMB_onehot_C04	43	53.0	-	+
tjupan_staphylococcus_main_c026693aed4fa528	EMB_onehot_C22	EMB_onehot_C01	47	57.0	-	-
tjupan_staphylococcus_main_c026693aed4fa528	EMB_onehot_C15	EMB_onehot_C20	-7	3.0	+	+
tjupan_staphylococcus_main_c026693aed4fa528	EMB_onehot_C15	EMB_onehot_C07	-1	9.0	+	+
tjupan_staphylococcus_main_c026693aed4fa528	EMB_onehot_C15	EMB_onehot_C16	31	41.0	+	+
tjupan_staphylococcus_main_c026693aed4fa528	EMB_onehot_C15	EMB_onehot_C04	37	47.0	+	+
tjupan_staphylococcus_main_c026693aed4fa528	EMB_onehot_C15	EMB_onehot_C01	41	51.0	+	-
tjupan_staphylococcus_main_c026693aed4fa528	EMB_onehot_C20	EMB_onehot_C07	-4	6.0	+	+
tjupan_staphylococcus_main_c026693aed4fa528	EMB_onehot_C20	EMB_onehot_C16	28	38.0	+	+
tjupan_staphylococcus_main_c026693aed4fa528	EMB_onehot_C20	EMB_onehot_C04	34	44.0	+	+
tjupan_staphylococcus_main_c026693aed4fa528	EMB_onehot_C20	EMB_onehot_C01	38	48.0	+	-
tjupan_staphylococcus_main_c026693aed4fa528	EMB_onehot_C07	EMB_onehot_C16	22	32.0	+	+
tjupan_staphylococcus_main_c026693aed4fa528	EMB_onehot_C07	EMB_onehot_C04	28	38.0	+	+
tjupan_staphylococcus_main_c026693aed4fa528	EMB_onehot_C07	EMB_onehot_C01	32	42.0	+	-
tjupan_staphylococcus_main_c026693aed4fa528	EMB_onehot_C16	EMB_onehot_C04	-4	6.0	+	+
tjupan_staphylococcus_main_c026693aed4fa528	EMB_onehot_C16	EMB_onehot_C01	0	10.0	+	-
tjupan_staphylococcus_main_c026693aed4fa528	EMB_onehot_C04	EMB_onehot_C01	-6	4.0	+	-
tjupan_staphylococcus_main_c03733d1815fc76b	EMB_onehot_C07	EMB_onehot_C11	-6	4.0	-	+
tjupan_staphylococcus_main_c03733d1815fc76b	EMB_onehot_C07	EMB_onehot_C05	-2	8.0	-	-
tjupan_staphylococcus_main_c03733d1815fc76b	EMB_onehot_C07	EMB_onehot_C08	29	39.0	-	+
tjupan_staphylococcus_main_c03733d1815fc76b	EMB_onehot_C07	EMB_onehot_C04	56	66.0	-	-
tjupan_staphylococcus_main_c03733d1815fc76b	EMB_onehot_C11	EMB_onehot_C05	-6	4.0	+	-
tjupan_staphylococcus_main_c03733d1815fc76b	EMB_onehot_C11	EMB_onehot_C08	25	35.0	+	+
tjupan_staphylococcus_main_c03733d1815fc76b	EMB_onehot_C11	EMB_onehot_C04	52	62.0	+	-
tjupan_staphylococcus_main_c03733d1815fc76b	EMB_onehot_C05	EMB_onehot_C08	21	31.0	-	+
tjupan_staphylococcus_main_c03733d1815fc76b	EMB_onehot_C05	EMB_onehot_C04	48	58.0	-	-
tjupan_staphylococcus_main_c03733d1815fc76b	EMB_onehot_C08	EMB_onehot_C04	17	27.0	+	-
tjupan_staphylococcus_main_c30af3fd489f9da3	EMB_onehot_C04	EMB_onehot_C16	-9	1.0	+	-
tjupan_staphylococcus_main_c30af3fd489f9da3	EMB_onehot_C04	EMB_onehot_C20	-9	1.0	+	+
tjupan_staphylococcus_main_c30af3fd489f9da3	EMB_onehot_C04	EMB_onehot_C22	29	39.0	+	+
tjupan_staphylococcus_main_c30af3fd489f9da3	EMB_onehot_C04	EMB_onehot_C03	32	42.0	+	+
tjupan_staphylococcus_main_c30af3fd489f9da3	EMB_onehot_C16	EMB_onehot_C20	-10	0.0	-	+
tjupan_staphylococcus_main_c30af3fd489f9da3	EMB_onehot_C16	EMB_onehot_C22	28	38.0	-	+
tjupan_staphylococcus_main_c30af3fd489f9da3	EMB_onehot_C16	EMB_onehot_C03	31	41.0	-	+
tjupan_staphylococcus_main_c30af3fd489f9da3	EMB_onehot_C20	EMB_onehot_C22	28	38.0	+	+
tjupan_staphylococcus_main_c30af3fd489f9da3	EMB_onehot_C20	EMB_onehot_C03	31	41.0	+	+
tjupan_staphylococcus_main_c30af3fd489f9da3	EMB_onehot_C22	EMB_onehot_C03	-7	3.0	+	+
tjupan_staphylococcus_main_c588acf3e48019d0	EMB_onehot_C05	EMB_onehot_C13	38	48.0	-	-
tjupan_staphylococcus_main_c86c0d5e16f792b6	EMB_onehot_C02	EMB_onehot_C13	-9	1.0	-	+
tjupan_staphylococcus_main_c8a50043c7b8aed2	EMB_onehot_C02	EMB_onehot_C05	10	20.0	-	-
tjupan_staphylococcus_main_c8a50043c7b8aed2	EMB_onehot_C02	EMB_onehot_C00	13	23.0	-	-
tjupan_staphylococcus_main_c8a50043c7b8aed2	EMB_onehot_C02	EMB_onehot_C09	13	23.0	-	+
tjupan_staphylococcus_main_c8a50043c7b8aed2	EMB_onehot_C02	EMB_onehot_C07	15	25.0	-	+
tjupan_staphylococcus_main_c8a50043c7b8aed2	EMB_onehot_C02	EMB_onehot_C17	24	34.0	-	-
tjupan_staphylococcus_main_c8a50043c7b8aed2	EMB_onehot_C02	EMB_onehot_C06	32	42.0	-	-
tjupan_staphylococcus_main_c8a50043c7b8aed2	EMB_onehot_C05	EMB_onehot_C00	-7	3.0	-	-
tjupan_staphylococcus_main_c8a50043c7b8aed2	EMB_onehot_C05	EMB_onehot_C09	-7	3.0	-	+
tjupan_staphylococcus_main_c8a50043c7b8aed2	EMB_onehot_C05	EMB_onehot_C07	-5	5.0	-	+
tjupan_staphylococcus_main_c8a50043c7b8aed2	EMB_onehot_C05	EMB_onehot_C17	4	14.0	-	-
tjupan_staphylococcus_main_c8a50043c7b8aed2	EMB_onehot_C05	EMB_onehot_C06	12	22.0	-	-
tjupan_staphylococcus_main_c8a50043c7b8aed2	EMB_onehot_C00	EMB_onehot_C09	-10	0.0	-	+
tjupan_staphylococcus_main_c8a50043c7b8aed2	EMB_onehot_C00	EMB_onehot_C07	-8	2.0	-	+
tjupan_staphylococcus_main_c8a50043c7b8aed2	EMB_onehot_C00	EMB_onehot_C17	1	11.0	-	-
tjupan_staphylococcus_main_c8a50043c7b8aed2	EMB_onehot_C00	EMB_onehot_C06	9	19.0	-	-
tjupan_staphylococcus_main_c8a50043c7b8aed2	EMB_onehot_C09	EMB_onehot_C07	-8	2.0	+	+
tjupan_staphylococcus_main_c8a50043c7b8aed2	EMB_onehot_C09	EMB_onehot_C17	1	11.0	+	-
tjupan_staphylococcus_main_c8a50043c7b8aed2	EMB_onehot_C09	EMB_onehot_C06	9	19.0	+	-
tjupan_staphylococcus_main_c8a50043c7b8aed2	EMB_onehot_C07	EMB_onehot_C17	-1	9.0	+	-
tjupan_staphylococcus_main_c8a50043c7b8aed2	EMB_onehot_C07	EMB_onehot_C06	7	17.0	+	-
tjupan_staphylococcus_main_c8a50043c7b8aed2	EMB_onehot_C17	EMB_onehot_C06	-2	8.0	-	-
tjupan_staphylococcus_main_c9235b40e608c6d7	EMB_onehot_C06	EMB_onehot_C04	16	26.0	-	+
tjupan_staphylococcus_main_c9235b40e608c6d7	EMB_onehot_C06	EMB_onehot_C15	16	26.0	-	-
tjupan_staphylococcus_main_c9235b40e608c6d7	EMB_onehot_C06	EMB_onehot_C20	17	27.0	-	+
tjupan_staphylococcus_main_c9235b40e608c6d7	EMB_onehot_C04	EMB_onehot_C15	-10	0.0	+	-
tjupan_staphylococcus_main_c9235b40e608c6d7	EMB_onehot_C04	EMB_onehot_C20	-9	1.0	+	+
tjupan_staphylococcus_main_c9235b40e608c6d7	EMB_onehot_C15	EMB_onehot_C20	-9	1.0	-	+
tjupan_staphylococcus_main_c9775cae61eda7f0	EMB_onehot_C04	EMB_onehot_C17	3	13.0	-	+
tjupan_staphylococcus_main_c9775cae61eda7f0	EMB_onehot_C04	EMB_onehot_C05	16	26.0	-	+
tjupan_staphylococcus_main_c9775cae61eda7f0	EMB_onehot_C04	EMB_onehot_C02	17	27.0	-	-
tjupan_staphylococcus_main_c9775cae61eda7f0	EMB_onehot_C17	EMB_onehot_C05	3	13.0	+	+
tjupan_staphylococcus_main_c9775cae61eda7f0	EMB_onehot_C17	EMB_onehot_C02	4	14.0	+	-
tjupan_staphylococcus_main_c9775cae61eda7f0	EMB_onehot_C05	EMB_onehot_C02	-9	1.0	+	-
tjupan_staphylococcus_main_c98f58188be59f82	EMB_onehot_C10	EMB_onehot_C13	18	28.0	-	+
tjupan_staphylococcus_main_c98f58188be59f82	EMB_onehot_C10	EMB_onehot_C03	42	52.0	-	-
tjupan_staphylococcus_main_c98f58188be59f82	EMB_onehot_C13	EMB_onehot_C03	14	24.0	+	-
tjupan_staphylococcus_main_cc76b271f611a466	EMB_onehot_C23	EMB_onehot_C16	37	47.0	-	-
tjupan_staphylococcus_main_cc76b271f611a466	EMB_onehot_C23	EMB_onehot_C14	49	59.0	-	-
tjupan_staphylococcus_main_cc76b271f611a466	EMB_onehot_C16	EMB_onehot_C14	2	12.0	-	-
tjupan_staphylococcus_main_cec99f6e5c45e041	EMB_onehot_C04	EMB_onehot_C01	-6	4.0	+	-
tjupan_staphylococcus_main_cec99f6e5c45e041	EMB_onehot_C04	EMB_onehot_C05	-6	4.0	+	+
tjupan_staphylococcus_main_cec99f6e5c45e041	EMB_onehot_C04	EMB_onehot_C00	6	16.0	+	+
tjupan_staphylococcus_main_cec99f6e5c45e041	EMB_onehot_C04	EMB_onehot_C13	8	18.0	+	+
tjupan_staphylococcus_main_cec99f6e5c45e041	EMB_onehot_C04	EMB_onehot_C17	10	20.0	+	-
tjupan_staphylococcus_main_cec99f6e5c45e041	EMB_onehot_C01	EMB_onehot_C05	-10	0.0	-	+
tjupan_staphylococcus_main_cec99f6e5c45e041	EMB_onehot_C01	EMB_onehot_C00	2	12.0	-	+
tjupan_staphylococcus_main_cec99f6e5c45e041	EMB_onehot_C01	EMB_onehot_C13	4	14.0	-	+
tjupan_staphylococcus_main_cec99f6e5c45e041	EMB_onehot_C01	EMB_onehot_C17	6	16.0	-	-
tjupan_staphylococcus_main_cec99f6e5c45e041	EMB_onehot_C05	EMB_onehot_C00	2	12.0	+	+
tjupan_staphylococcus_main_cec99f6e5c45e041	EMB_onehot_C05	EMB_onehot_C13	4	14.0	+	+
tjupan_staphylococcus_main_cec99f6e5c45e041	EMB_onehot_C05	EMB_onehot_C17	6	16.0	+	-
tjupan_staphylococcus_main_cec99f6e5c45e041	EMB_onehot_C00	EMB_onehot_C13	-8	2.0	+	+
tjupan_staphylococcus_main_cec99f6e5c45e041	EMB_onehot_C00	EMB_onehot_C17	-6	4.0	+	-
tjupan_staphylococcus_main_cec99f6e5c45e041	EMB_onehot_C13	EMB_onehot_C17	-8	2.0	+	-
tjupan_staphylococcus_main_cfe8c3e56c2be986	EMB_onehot_C18	EMB_onehot_C22	-8	2.0	+	+
tjupan_staphylococcus_main_cfe8c3e56c2be986	EMB_onehot_C18	EMB_onehot_C03	-7	3.0	+	-
tjupan_staphylococcus_main_cfe8c3e56c2be986	EMB_onehot_C18	EMB_onehot_C13	-5	5.0	+	-
tjupan_staphylococcus_main_cfe8c3e56c2be986	EMB_onehot_C18	EMB_onehot_C21	6	16.0	+	-
tjupan_staphylococcus_main_cfe8c3e56c2be986	EMB_onehot_C22	EMB_onehot_C03	-9	1.0	+	-
tjupan_staphylococcus_main_cfe8c3e56c2be986	EMB_onehot_C22	EMB_onehot_C13	-7	3.0	+	-
tjupan_staphylococcus_main_cfe8c3e56c2be986	EMB_onehot_C22	EMB_onehot_C21	4	14.0	+	-
tjupan_staphylococcus_main_cfe8c3e56c2be986	EMB_onehot_C03	EMB_onehot_C13	-8	2.0	-	-
tjupan_staphylococcus_main_cfe8c3e56c2be986	EMB_onehot_C03	EMB_onehot_C21	3	13.0	-	-
tjupan_staphylococcus_main_cfe8c3e56c2be986	EMB_onehot_C13	EMB_onehot_C21	1	11.0	-	-
tjupan_staphylococcus_main_d4126e79e9eeaf15	EMB_onehot_C20	EMB_onehot_C23	52	62.0	-	+
tjupan_staphylococcus_main_d7c1e89d43d06348	EMB_onehot_C22	EMB_onehot_C13	-9	1.0	+	+
tjupan_staphylococcus_main_d7c1e89d43d06348	EMB_onehot_C22	EMB_onehot_C15	10	20.0	+	+
tjupan_staphylococcus_main_d7c1e89d43d06348	EMB_onehot_C22	EMB_onehot_C01	29	39.0	+	+
tjupan_staphylococcus_main_d7c1e89d43d06348	EMB_onehot_C22	EMB_onehot_C05	29	39.0	+	-
tjupan_staphylococcus_main_d7c1e89d43d06348	EMB_onehot_C22	EMB_onehot_C04	33	43.0	+	-
tjupan_staphylococcus_main_d7c1e89d43d06348	EMB_onehot_C13	EMB_onehot_C15	9	19.0	+	+
tjupan_staphylococcus_main_d7c1e89d43d06348	EMB_onehot_C13	EMB_onehot_C01	28	38.0	+	+
tjupan_staphylococcus_main_d7c1e89d43d06348	EMB_onehot_C13	EMB_onehot_C05	28	38.0	+	-
tjupan_staphylococcus_main_d7c1e89d43d06348	EMB_onehot_C13	EMB_onehot_C04	32	42.0	+	-
tjupan_staphylococcus_main_d7c1e89d43d06348	EMB_onehot_C15	EMB_onehot_C01	9	19.0	+	+
tjupan_staphylococcus_main_d7c1e89d43d06348	EMB_onehot_C15	EMB_onehot_C05	9	19.0	+	-
tjupan_staphylococcus_main_d7c1e89d43d06348	EMB_onehot_C15	EMB_onehot_C04	13	23.0	+	-
tjupan_staphylococcus_main_d7c1e89d43d06348	EMB_onehot_C01	EMB_onehot_C05	-10	0.0	+	-
tjupan_staphylococcus_main_d7c1e89d43d06348	EMB_onehot_C01	EMB_onehot_C04	-6	4.0	+	-
tjupan_staphylococcus_main_d7c1e89d43d06348	EMB_onehot_C05	EMB_onehot_C04	-6	4.0	-	-
tjupan_staphylococcus_main_d9fafbdb392461dc	EMB_onehot_C10	EMB_onehot_C13	9	19.0	+	+
tjupan_staphylococcus_main_d9fafbdb392461dc	EMB_onehot_C10	EMB_onehot_C04	14	24.0	+	-
tjupan_staphylococcus_main_d9fafbdb392461dc	EMB_onehot_C10	EMB_onehot_C22	29	39.0	+	-
tjupan_staphylococcus_main_d9fafbdb392461dc	EMB_onehot_C13	EMB_onehot_C04	-5	5.0	+	-
tjupan_staphylococcus_main_d9fafbdb392461dc	EMB_onehot_C13	EMB_onehot_C22	10	20.0	+	-
tjupan_staphylococcus_main_d9fafbdb392461dc	EMB_onehot_C04	EMB_onehot_C22	5	15.0	-	-
tjupan_staphylococcus_main_dbc2b6962b226f48	EMB_onehot_C13	EMB_onehot_C23	-1	9.0	-	+
tjupan_staphylococcus_main_dbc2b6962b226f48	EMB_onehot_C13	EMB_onehot_C06	0	10.0	-	+
tjupan_staphylococcus_main_dbc2b6962b226f48	EMB_onehot_C23	EMB_onehot_C06	-9	1.0	+	+
tjupan_staphylococcus_main_dbcf5cb591963cf5	EMB_onehot_C20	EMB_onehot_C13	8	18.0	+	+
tjupan_staphylococcus_main_dbcf5cb591963cf5	EMB_onehot_C20	EMB_onehot_C04	19	29.0	+	+
tjupan_staphylococcus_main_dbcf5cb591963cf5	EMB_onehot_C20	EMB_onehot_C07	20	30.0	+	-
tjupan_staphylococcus_main_dbcf5cb591963cf5	EMB_onehot_C13	EMB_onehot_C04	1	11.0	+	+
tjupan_staphylococcus_main_dbcf5cb591963cf5	EMB_onehot_C13	EMB_onehot_C07	2	12.0	+	-
tjupan_staphylococcus_main_dbcf5cb591963cf5	EMB_onehot_C04	EMB_onehot_C07	-9	1.0	+	-
tjupan_staphylococcus_main_dc73b4b29385d732	EMB_onehot_C02	EMB_onehot_C16	19	29.0	-	-
tjupan_staphylococcus_main_dc73b4b29385d732	EMB_onehot_C02	EMB_onehot_C05	22	32.0	-	+
tjupan_staphylococcus_main_dc73b4b29385d732	EMB_onehot_C02	EMB_onehot_C13	23	33.0	-	-
tjupan_staphylococcus_main_dc73b4b29385d732	EMB_onehot_C02	EMB_onehot_C03	44	54.0	-	+
tjupan_staphylococcus_main_dc73b4b29385d732	EMB_onehot_C16	EMB_onehot_C05	-7	3.0	-	+
tjupan_staphylococcus_main_dc73b4b29385d732	EMB_onehot_C16	EMB_onehot_C13	-6	4.0	-	-
tjupan_staphylococcus_main_dc73b4b29385d732	EMB_onehot_C16	EMB_onehot_C03	15	25.0	-	+
tjupan_staphylococcus_main_dc73b4b29385d732	EMB_onehot_C05	EMB_onehot_C13	-9	1.0	+	-
tjupan_staphylococcus_main_dc73b4b29385d732	EMB_onehot_C05	EMB_onehot_C03	12	22.0	+	+
tjupan_staphylococcus_main_dc73b4b29385d732	EMB_onehot_C13	EMB_onehot_C03	11	21.0	-	+
tjupan_staphylococcus_main_dce905404b18c5ea	EMB_onehot_C20	EMB_onehot_C13	24	34.0	+	-
tjupan_staphylococcus_main_dce905404b18c5ea	EMB_onehot_C20	EMB_onehot_C00	26	36.0	+	-
tjupan_staphylococcus_main_dce905404b18c5ea	EMB_onehot_C13	EMB_onehot_C00	-8	2.0	-	-
tjupan_staphylococcus_main_dd27ce09b3894937	EMB_onehot_C03	EMB_onehot_C13	6	16.0	-	+
tjupan_staphylococcus_main_ddcde9fdab14e2c4	EMB_onehot_C02	EMB_onehot_C13	-5	5.0	-	-
tjupan_staphylococcus_main_ddcde9fdab14e2c4	EMB_onehot_C02	EMB_onehot_C22	-4	6.0	-	-
tjupan_staphylococcus_main_ddcde9fdab14e2c4	EMB_onehot_C02	EMB_onehot_C05	-1	9.0	-	-
tjupan_staphylococcus_main_ddcde9fdab14e2c4	EMB_onehot_C13	EMB_onehot_C22	-9	1.0	-	-
tjupan_staphylococcus_main_ddcde9fdab14e2c4	EMB_onehot_C13	EMB_onehot_C05	-6	4.0	-	-
tjupan_staphylococcus_main_ddcde9fdab14e2c4	EMB_onehot_C22	EMB_onehot_C05	-7	3.0	-	-
tjupan_staphylococcus_main_de12159b22ffd664	EMB_onehot_C23	EMB_onehot_C16	37	47.0	-	-
tjupan_staphylococcus_main_de12159b22ffd664	EMB_onehot_C23	EMB_onehot_C14	49	59.0	-	-
tjupan_staphylococcus_main_de12159b22ffd664	EMB_onehot_C16	EMB_onehot_C14	2	12.0	-	-
tjupan_staphylococcus_main_e18e04595f6672c0	EMB_onehot_C22	EMB_onehot_C13	-9	1.0	+	+
tjupan_staphylococcus_main_e18e04595f6672c0	EMB_onehot_C22	EMB_onehot_C15	10	20.0	+	+
tjupan_staphylococcus_main_e18e04595f6672c0	EMB_onehot_C22	EMB_onehot_C01	29	39.0	+	+
tjupan_staphylococcus_main_e18e04595f6672c0	EMB_onehot_C22	EMB_onehot_C05	29	39.0	+	-
tjupan_staphylococcus_main_e18e04595f6672c0	EMB_onehot_C22	EMB_onehot_C04	33	43.0	+	-
tjupan_staphylococcus_main_e18e04595f6672c0	EMB_onehot_C13	EMB_onehot_C15	9	19.0	+	+
tjupan_staphylococcus_main_e18e04595f6672c0	EMB_onehot_C13	EMB_onehot_C01	28	38.0	+	+
tjupan_staphylococcus_main_e18e04595f6672c0	EMB_onehot_C13	EMB_onehot_C05	28	38.0	+	-
tjupan_staphylococcus_main_e18e04595f6672c0	EMB_onehot_C13	EMB_onehot_C04	32	42.0	+	-
tjupan_staphylococcus_main_e18e04595f6672c0	EMB_onehot_C15	EMB_onehot_C01	9	19.0	+	+
tjupan_staphylococcus_main_e18e04595f6672c0	EMB_onehot_C15	EMB_onehot_C05	9	19.0	+	-
tjupan_staphylococcus_main_e18e04595f6672c0	EMB_onehot_C15	EMB_onehot_C04	13	23.0	+	-
tjupan_staphylococcus_main_e18e04595f6672c0	EMB_onehot_C01	EMB_onehot_C05	-10	0.0	+	-
tjupan_staphylococcus_main_e18e04595f6672c0	EMB_onehot_C01	EMB_onehot_C04	-6	4.0	+	-
tjupan_staphylococcus_main_e18e04595f6672c0	EMB_onehot_C05	EMB_onehot_C04	-6	4.0	-	-
tjupan_staphylococcus_main_e20b446267709640	EMB_onehot_C13	EMB_onehot_C22	-9	1.0	-	-
tjupan_staphylococcus_main_e4daad4437d7ce32	EMB_onehot_C06	EMB_onehot_C18	3	13.0	-	-
tjupan_staphylococcus_main_e4daad4437d7ce32	EMB_onehot_C06	EMB_onehot_C10	8	18.0	-	-
tjupan_staphylococcus_main_e4daad4437d7ce32	EMB_onehot_C06	EMB_onehot_C05	9	19.0	-	-
tjupan_staphylococcus_main_e4daad4437d7ce32	EMB_onehot_C06	EMB_onehot_C02	13	23.0	-	+
tjupan_staphylococcus_main_e4daad4437d7ce32	EMB_onehot_C18	EMB_onehot_C10	-5	5.0	-	-
tjupan_staphylococcus_main_e4daad4437d7ce32	EMB_onehot_C18	EMB_onehot_C05	-4	6.0	-	-
tjupan_staphylococcus_main_e4daad4437d7ce32	EMB_onehot_C18	EMB_onehot_C02	0	10.0	-	+
tjupan_staphylococcus_main_e4daad4437d7ce32	EMB_onehot_C10	EMB_onehot_C05	-9	1.0	-	-
tjupan_staphylococcus_main_e4daad4437d7ce32	EMB_onehot_C10	EMB_onehot_C02	-5	5.0	-	+
tjupan_staphylococcus_main_e4daad4437d7ce32	EMB_onehot_C05	EMB_onehot_C02	-6	4.0	-	+
tjupan_staphylococcus_main_e8bd941c97054087	EMB_onehot_C18	EMB_onehot_C02	8	18.0	-	-
tjupan_staphylococcus_main_e8c88bc86aaba30f	EMB_onehot_C05	EMB_onehot_C09	19	29.0	+	-
tjupan_staphylococcus_main_e8c88bc86aaba30f	EMB_onehot_C05	EMB_onehot_C08	22	32.0	+	+
tjupan_staphylococcus_main_e8c88bc86aaba30f	EMB_onehot_C05	EMB_onehot_C06	35	45.0	+	-
tjupan_staphylococcus_main_e8c88bc86aaba30f	EMB_onehot_C09	EMB_onehot_C08	-7	3.0	-	+
tjupan_staphylococcus_main_e8c88bc86aaba30f	EMB_onehot_C09	EMB_onehot_C06	6	16.0	-	-
tjupan_staphylococcus_main_e8c88bc86aaba30f	EMB_onehot_C08	EMB_onehot_C06	3	13.0	+	-
tjupan_staphylococcus_main_e9228e13b8c60a49	EMB_onehot_C13	EMB_onehot_C05	-9	1.0	+	-
tjupan_staphylococcus_main_e9228e13b8c60a49	EMB_onehot_C13	EMB_onehot_C03	-8	2.0	+	+
tjupan_staphylococcus_main_e9228e13b8c60a49	EMB_onehot_C05	EMB_onehot_C03	-9	1.0	-	+
tjupan_staphylococcus_main_ea3222325d4fb440	EMB_onehot_C21	EMB_onehot_C13	-7	3.0	+	+
tjupan_staphylococcus_main_ea3222325d4fb440	EMB_onehot_C21	EMB_onehot_C04	-2	8.0	+	-
tjupan_staphylococcus_main_ea3222325d4fb440	EMB_onehot_C13	EMB_onehot_C04	-5	5.0	+	-
tjupan_staphylococcus_main_eadf5d0c38f44d89	EMB_onehot_C17	EMB_onehot_C10	-3	7.0	-	+
tjupan_staphylococcus_main_eadf5d0c38f44d89	EMB_onehot_C17	EMB_onehot_C22	7	17.0	-	+
tjupan_staphylococcus_main_eadf5d0c38f44d89	EMB_onehot_C17	EMB_onehot_C03	8	18.0	-	-
tjupan_staphylococcus_main_eadf5d0c38f44d89	EMB_onehot_C17	EMB_onehot_C13	8	18.0	-	+
tjupan_staphylococcus_main_eadf5d0c38f44d89	EMB_onehot_C17	EMB_onehot_C04	14	24.0	-	+
tjupan_staphylococcus_main_eadf5d0c38f44d89	EMB_onehot_C17	EMB_onehot_C20	15	25.0	-	+
tjupan_staphylococcus_main_eadf5d0c38f44d89	EMB_onehot_C10	EMB_onehot_C22	0	10.0	+	+
tjupan_staphylococcus_main_eadf5d0c38f44d89	EMB_onehot_C10	EMB_onehot_C03	1	11.0	+	-
tjupan_staphylococcus_main_eadf5d0c38f44d89	EMB_onehot_C10	EMB_onehot_C13	1	11.0	+	+
tjupan_staphylococcus_main_eadf5d0c38f44d89	EMB_onehot_C10	EMB_onehot_C04	7	17.0	+	+
tjupan_staphylococcus_main_eadf5d0c38f44d89	EMB_onehot_C10	EMB_onehot_C20	8	18.0	+	+
tjupan_staphylococcus_main_eadf5d0c38f44d89	EMB_onehot_C22	EMB_onehot_C03	-9	1.0	+	-
tjupan_staphylococcus_main_eadf5d0c38f44d89	EMB_onehot_C22	EMB_onehot_C13	-9	1.0	+	+
tjupan_staphylococcus_main_eadf5d0c38f44d89	EMB_onehot_C22	EMB_onehot_C04	-3	7.0	+	+
tjupan_staphylococcus_main_eadf5d0c38f44d89	EMB_onehot_C22	EMB_onehot_C20	-2	8.0	+	+
tjupan_staphylococcus_main_eadf5d0c38f44d89	EMB_onehot_C03	EMB_onehot_C13	-10	0.0	-	+
tjupan_staphylococcus_main_eadf5d0c38f44d89	EMB_onehot_C03	EMB_onehot_C04	-4	6.0	-	+
tjupan_staphylococcus_main_eadf5d0c38f44d89	EMB_onehot_C03	EMB_onehot_C20	-3	7.0	-	+
tjupan_staphylococcus_main_eadf5d0c38f44d89	EMB_onehot_C13	EMB_onehot_C04	-4	6.0	+	+
tjupan_staphylococcus_main_eadf5d0c38f44d89	EMB_onehot_C13	EMB_onehot_C20	-3	7.0	+	+
tjupan_staphylococcus_main_eadf5d0c38f44d89	EMB_onehot_C04	EMB_onehot_C20	-9	1.0	+	+
tjupan_staphylococcus_main_ec650576c6c153b4	EMB_onehot_C09	EMB_onehot_C07	-8	2.0	+	+
tjupan_staphylococcus_main_ec650576c6c153b4	EMB_onehot_C09	EMB_onehot_C23	-7	3.0	+	+
tjupan_staphylococcus_main_ec650576c6c153b4	EMB_onehot_C09	EMB_onehot_C03	-6	4.0	+	-
tjupan_staphylococcus_main_ec650576c6c153b4	EMB_onehot_C09	EMB_onehot_C05	-5	5.0	+	+
tjupan_staphylococcus_main_ec650576c6c153b4	EMB_onehot_C09	EMB_onehot_C13	-3	7.0	+	+
tjupan_staphylococcus_main_ec650576c6c153b4	EMB_onehot_C09	EMB_onehot_C17	22	32.0	+	-
tjupan_staphylococcus_main_ec650576c6c153b4	EMB_onehot_C09	EMB_onehot_C20	40	50.0	+	+
tjupan_staphylococcus_main_ec650576c6c153b4	EMB_onehot_C09	EMB_onehot_C11	41	51.0	+	+
tjupan_staphylococcus_main_ec650576c6c153b4	EMB_onehot_C07	EMB_onehot_C23	-9	1.0	+	+
tjupan_staphylococcus_main_ec650576c6c153b4	EMB_onehot_C07	EMB_onehot_C03	-8	2.0	+	-
tjupan_staphylococcus_main_ec650576c6c153b4	EMB_onehot_C07	EMB_onehot_C05	-7	3.0	+	+
tjupan_staphylococcus_main_ec650576c6c153b4	EMB_onehot_C07	EMB_onehot_C13	-5	5.0	+	+
tjupan_staphylococcus_main_ec650576c6c153b4	EMB_onehot_C07	EMB_onehot_C17	20	30.0	+	-
tjupan_staphylococcus_main_ec650576c6c153b4	EMB_onehot_C07	EMB_onehot_C20	38	48.0	+	+
tjupan_staphylococcus_main_ec650576c6c153b4	EMB_onehot_C07	EMB_onehot_C11	39	49.0	+	+
tjupan_staphylococcus_main_ec650576c6c153b4	EMB_onehot_C23	EMB_onehot_C03	-9	1.0	+	-
tjupan_staphylococcus_main_ec650576c6c153b4	EMB_onehot_C23	EMB_onehot_C05	-8	2.0	+	+
tjupan_staphylococcus_main_ec650576c6c153b4	EMB_onehot_C23	EMB_onehot_C13	-6	4.0	+	+
tjupan_staphylococcus_main_ec650576c6c153b4	EMB_onehot_C23	EMB_onehot_C17	19	29.0	+	-
tjupan_staphylococcus_main_ec650576c6c153b4	EMB_onehot_C23	EMB_onehot_C20	37	47.0	+	+
tjupan_staphylococcus_main_ec650576c6c153b4	EMB_onehot_C23	EMB_onehot_C11	38	48.0	+	+
tjupan_staphylococcus_main_ec650576c6c153b4	EMB_onehot_C03	EMB_onehot_C05	-9	1.0	-	+
tjupan_staphylococcus_main_ec650576c6c153b4	EMB_onehot_C03	EMB_onehot_C13	-7	3.0	-	+
tjupan_staphylococcus_main_ec650576c6c153b4	EMB_onehot_C03	EMB_onehot_C17	18	28.0	-	-
tjupan_staphylococcus_main_ec650576c6c153b4	EMB_onehot_C03	EMB_onehot_C20	36	46.0	-	+
tjupan_staphylococcus_main_ec650576c6c153b4	EMB_onehot_C03	EMB_onehot_C11	37	47.0	-	+
tjupan_staphylococcus_main_ec650576c6c153b4	EMB_onehot_C05	EMB_onehot_C13	-8	2.0	+	+
tjupan_staphylococcus_main_ec650576c6c153b4	EMB_onehot_C05	EMB_onehot_C17	17	27.0	+	-
tjupan_staphylococcus_main_ec650576c6c153b4	EMB_onehot_C05	EMB_onehot_C20	35	45.0	+	+
tjupan_staphylococcus_main_ec650576c6c153b4	EMB_onehot_C05	EMB_onehot_C11	36	46.0	+	+
tjupan_staphylococcus_main_ec650576c6c153b4	EMB_onehot_C13	EMB_onehot_C17	15	25.0	+	-
tjupan_staphylococcus_main_ec650576c6c153b4	EMB_onehot_C13	EMB_onehot_C20	33	43.0	+	+
tjupan_staphylococcus_main_ec650576c6c153b4	EMB_onehot_C13	EMB_onehot_C11	34	44.0	+	+
tjupan_staphylococcus_main_ec650576c6c153b4	EMB_onehot_C17	EMB_onehot_C20	8	18.0	-	+
tjupan_staphylococcus_main_ec650576c6c153b4	EMB_onehot_C17	EMB_onehot_C11	9	19.0	-	+
tjupan_staphylococcus_main_ec650576c6c153b4	EMB_onehot_C20	EMB_onehot_C11	-9	1.0	+	+
tjupan_staphylococcus_main_ee81a50aeb760ffd	EMB_onehot_C15	EMB_onehot_C04	-8	2.0	+	+
tjupan_staphylococcus_main_ee81a50aeb760ffd	EMB_onehot_C15	EMB_onehot_C20	-7	3.0	+	+
tjupan_staphylococcus_main_ee81a50aeb760ffd	EMB_onehot_C15	EMB_onehot_C22	32	42.0	+	-
tjupan_staphylococcus_main_ee81a50aeb760ffd	EMB_onehot_C15	EMB_onehot_C18	34	44.0	+	-
tjupan_staphylococcus_main_ee81a50aeb760ffd	EMB_onehot_C15	EMB_onehot_C02	38	48.0	+	-
tjupan_staphylococcus_main_ee81a50aeb760ffd	EMB_onehot_C15	EMB_onehot_C10	45	55.0	+	+
tjupan_staphylococcus_main_ee81a50aeb760ffd	EMB_onehot_C04	EMB_onehot_C20	-9	1.0	+	+
tjupan_staphylococcus_main_ee81a50aeb760ffd	EMB_onehot_C04	EMB_onehot_C22	30	40.0	+	-
tjupan_staphylococcus_main_ee81a50aeb760ffd	EMB_onehot_C04	EMB_onehot_C18	32	42.0	+	-
tjupan_staphylococcus_main_ee81a50aeb760ffd	EMB_onehot_C04	EMB_onehot_C02	36	46.0	+	-
tjupan_staphylococcus_main_ee81a50aeb760ffd	EMB_onehot_C04	EMB_onehot_C10	43	53.0	+	+
tjupan_staphylococcus_main_ee81a50aeb760ffd	EMB_onehot_C20	EMB_onehot_C22	29	39.0	+	-
tjupan_staphylococcus_main_ee81a50aeb760ffd	EMB_onehot_C20	EMB_onehot_C18	31	41.0	+	-
tjupan_staphylococcus_main_ee81a50aeb760ffd	EMB_onehot_C20	EMB_onehot_C02	35	45.0	+	-
tjupan_staphylococcus_main_ee81a50aeb760ffd	EMB_onehot_C20	EMB_onehot_C10	42	52.0	+	+
tjupan_staphylococcus_main_ee81a50aeb760ffd	EMB_onehot_C22	EMB_onehot_C18	-8	2.0	-	-
tjupan_staphylococcus_main_ee81a50aeb760ffd	EMB_onehot_C22	EMB_onehot_C02	-4	6.0	-	-
tjupan_staphylococcus_main_ee81a50aeb760ffd	EMB_onehot_C22	EMB_onehot_C10	3	13.0	-	+
tjupan_staphylococcus_main_ee81a50aeb760ffd	EMB_onehot_C18	EMB_onehot_C02	-6	4.0	-	-
tjupan_staphylococcus_main_ee81a50aeb760ffd	EMB_onehot_C18	EMB_onehot_C10	1	11.0	-	+
tjupan_staphylococcus_main_ee81a50aeb760ffd	EMB_onehot_C02	EMB_onehot_C10	-3	7.0	-	+
tjupan_staphylococcus_main_ef357c8972740b1b	EMB_onehot_C02	EMB_onehot_C01	-9	1.0	+	+
tjupan_staphylococcus_main_ef357c8972740b1b	EMB_onehot_C02	EMB_onehot_C05	-9	1.0	+	-
tjupan_staphylococcus_main_ef357c8972740b1b	EMB_onehot_C02	EMB_onehot_C06	-8	2.0	+	-
tjupan_staphylococcus_main_ef357c8972740b1b	EMB_onehot_C02	EMB_onehot_C10	5	15.0	+	-
tjupan_staphylococcus_main_ef357c8972740b1b	EMB_onehot_C02	EMB_onehot_C04	6	16.0	+	+
tjupan_staphylococcus_main_ef357c8972740b1b	EMB_onehot_C02	EMB_onehot_C20	7	17.0	+	+
tjupan_staphylococcus_main_ef357c8972740b1b	EMB_onehot_C02	EMB_onehot_C00	25	35.0	+	+
tjupan_staphylococcus_main_ef357c8972740b1b	EMB_onehot_C02	EMB_onehot_C07	35	45.0	+	+
tjupan_staphylococcus_main_ef357c8972740b1b	EMB_onehot_C02	EMB_onehot_C15	38	48.0	+	-
tjupan_staphylococcus_main_ef357c8972740b1b	EMB_onehot_C02	EMB_onehot_C16	41	51.0	+	+
tjupan_staphylococcus_main_ef357c8972740b1b	EMB_onehot_C01	EMB_onehot_C05	-10	0.0	+	-
tjupan_staphylococcus_main_ef357c8972740b1b	EMB_onehot_C01	EMB_onehot_C06	-9	1.0	+	-
tjupan_staphylococcus_main_ef357c8972740b1b	EMB_onehot_C01	EMB_onehot_C10	4	14.0	+	-
tjupan_staphylococcus_main_ef357c8972740b1b	EMB_onehot_C01	EMB_onehot_C04	5	15.0	+	+
tjupan_staphylococcus_main_ef357c8972740b1b	EMB_onehot_C01	EMB_onehot_C20	6	16.0	+	+
tjupan_staphylococcus_main_ef357c8972740b1b	EMB_onehot_C01	EMB_onehot_C00	24	34.0	+	+
tjupan_staphylococcus_main_ef357c8972740b1b	EMB_onehot_C01	EMB_onehot_C07	34	44.0	+	+
tjupan_staphylococcus_main_ef357c8972740b1b	EMB_onehot_C01	EMB_onehot_C15	37	47.0	+	-
tjupan_staphylococcus_main_ef357c8972740b1b	EMB_onehot_C01	EMB_onehot_C16	40	50.0	+	+
tjupan_staphylococcus_main_ef357c8972740b1b	EMB_onehot_C05	EMB_onehot_C06	-9	1.0	-	-
tjupan_staphylococcus_main_ef357c8972740b1b	EMB_onehot_C05	EMB_onehot_C10	4	14.0	-	-
tjupan_staphylococcus_main_ef357c8972740b1b	EMB_onehot_C05	EMB_onehot_C04	5	15.0	-	+
tjupan_staphylococcus_main_ef357c8972740b1b	EMB_onehot_C05	EMB_onehot_C20	6	16.0	-	+
tjupan_staphylococcus_main_ef357c8972740b1b	EMB_onehot_C05	EMB_onehot_C00	24	34.0	-	+
tjupan_staphylococcus_main_ef357c8972740b1b	EMB_onehot_C05	EMB_onehot_C07	34	44.0	-	+
tjupan_staphylococcus_main_ef357c8972740b1b	EMB_onehot_C05	EMB_onehot_C15	37	47.0	-	-
tjupan_staphylococcus_main_ef357c8972740b1b	EMB_onehot_C05	EMB_onehot_C16	40	50.0	-	+
tjupan_staphylococcus_main_ef357c8972740b1b	EMB_onehot_C06	EMB_onehot_C10	3	13.0	-	-
tjupan_staphylococcus_main_ef357c8972740b1b	EMB_onehot_C06	EMB_onehot_C04	4	14.0	-	+
tjupan_staphylococcus_main_ef357c8972740b1b	EMB_onehot_C06	EMB_onehot_C20	5	15.0	-	+
tjupan_staphylococcus_main_ef357c8972740b1b	EMB_onehot_C06	EMB_onehot_C00	23	33.0	-	+
tjupan_staphylococcus_main_ef357c8972740b1b	EMB_onehot_C06	EMB_onehot_C07	33	43.0	-	+
tjupan_staphylococcus_main_ef357c8972740b1b	EMB_onehot_C06	EMB_onehot_C15	36	46.0	-	-
tjupan_staphylococcus_main_ef357c8972740b1b	EMB_onehot_C06	EMB_onehot_C16	39	49.0	-	+
tjupan_staphylococcus_main_ef357c8972740b1b	EMB_onehot_C10	EMB_onehot_C04	-9	1.0	-	+
tjupan_staphylococcus_main_ef357c8972740b1b	EMB_onehot_C10	EMB_onehot_C20	-8	2.0	-	+
tjupan_staphylococcus_main_ef357c8972740b1b	EMB_onehot_C10	EMB_onehot_C00	10	20.0	-	+
tjupan_staphylococcus_main_ef357c8972740b1b	EMB_onehot_C10	EMB_onehot_C07	20	30.0	-	+
tjupan_staphylococcus_main_ef357c8972740b1b	EMB_onehot_C10	EMB_onehot_C15	23	33.0	-	-
tjupan_staphylococcus_main_ef357c8972740b1b	EMB_onehot_C10	EMB_onehot_C16	26	36.0	-	+
tjupan_staphylococcus_main_ef357c8972740b1b	EMB_onehot_C04	EMB_onehot_C20	-9	1.0	+	+
tjupan_staphylococcus_main_ef357c8972740b1b	EMB_onehot_C04	EMB_onehot_C00	9	19.0	+	+
tjupan_staphylococcus_main_ef357c8972740b1b	EMB_onehot_C04	EMB_onehot_C07	19	29.0	+	+
tjupan_staphylococcus_main_ef357c8972740b1b	EMB_onehot_C04	EMB_onehot_C15	22	32.0	+	-
tjupan_staphylococcus_main_ef357c8972740b1b	EMB_onehot_C04	EMB_onehot_C16	25	35.0	+	+
tjupan_staphylococcus_main_ef357c8972740b1b	EMB_onehot_C20	EMB_onehot_C00	8	18.0	+	+
tjupan_staphylococcus_main_ef357c8972740b1b	EMB_onehot_C20	EMB_onehot_C07	18	28.0	+	+
tjupan_staphylococcus_main_ef357c8972740b1b	EMB_onehot_C20	EMB_onehot_C15	21	31.0	+	-
tjupan_staphylococcus_main_ef357c8972740b1b	EMB_onehot_C20	EMB_onehot_C16	24	34.0	+	+
tjupan_staphylococcus_main_ef357c8972740b1b	EMB_onehot_C00	EMB_onehot_C07	0	10.0	+	+
tjupan_staphylococcus_main_ef357c8972740b1b	EMB_onehot_C00	EMB_onehot_C15	3	13.0	+	-
tjupan_staphylococcus_main_ef357c8972740b1b	EMB_onehot_C00	EMB_onehot_C16	6	16.0	+	+
tjupan_staphylococcus_main_ef357c8972740b1b	EMB_onehot_C07	EMB_onehot_C15	-7	3.0	+	-
tjupan_staphylococcus_main_ef357c8972740b1b	EMB_onehot_C07	EMB_onehot_C16	-4	6.0	+	+
tjupan_staphylococcus_main_ef357c8972740b1b	EMB_onehot_C15	EMB_onehot_C16	-7	3.0	-	+
tjupan_staphylococcus_main_f12c204fc9203964	EMB_onehot_C06	EMB_onehot_C01	-9	1.0	+	-
tjupan_staphylococcus_main_f12c204fc9203964	EMB_onehot_C06	EMB_onehot_C05	-9	1.0	+	+
tjupan_staphylococcus_main_f12c204fc9203964	EMB_onehot_C06	EMB_onehot_C02	-8	2.0	+	-
tjupan_staphylococcus_main_f12c204fc9203964	EMB_onehot_C06	EMB_onehot_C13	-7	3.0	+	+
tjupan_staphylococcus_main_f12c204fc9203964	EMB_onehot_C06	EMB_onehot_C19	-6	4.0	+	+
tjupan_staphylococcus_main_f12c204fc9203964	EMB_onehot_C06	EMB_onehot_C11	-5	5.0	+	-
tjupan_staphylococcus_main_f12c204fc9203964	EMB_onehot_C06	EMB_onehot_C20	17	27.0	+	-
tjupan_staphylococcus_main_f12c204fc9203964	EMB_onehot_C01	EMB_onehot_C05	-10	0.0	-	+
tjupan_staphylococcus_main_f12c204fc9203964	EMB_onehot_C01	EMB_onehot_C02	-9	1.0	-	-
tjupan_staphylococcus_main_f12c204fc9203964	EMB_onehot_C01	EMB_onehot_C13	-8	2.0	-	+
tjupan_staphylococcus_main_f12c204fc9203964	EMB_onehot_C01	EMB_onehot_C19	-7	3.0	-	+
tjupan_staphylococcus_main_f12c204fc9203964	EMB_onehot_C01	EMB_onehot_C11	-6	4.0	-	-
tjupan_staphylococcus_main_f12c204fc9203964	EMB_onehot_C01	EMB_onehot_C20	16	26.0	-	-
tjupan_staphylococcus_main_f12c204fc9203964	EMB_onehot_C05	EMB_onehot_C02	-9	1.0	+	-
tjupan_staphylococcus_main_f12c204fc9203964	EMB_onehot_C05	EMB_onehot_C13	-8	2.0	+	+
tjupan_staphylococcus_main_f12c204fc9203964	EMB_onehot_C05	EMB_onehot_C19	-7	3.0	+	+
tjupan_staphylococcus_main_f12c204fc9203964	EMB_onehot_C05	EMB_onehot_C11	-6	4.0	+	-
tjupan_staphylococcus_main_f12c204fc9203964	EMB_onehot_C05	EMB_onehot_C20	16	26.0	+	-
tjupan_staphylococcus_main_f12c204fc9203964	EMB_onehot_C02	EMB_onehot_C13	-9	1.0	-	+
tjupan_staphylococcus_main_f12c204fc9203964	EMB_onehot_C02	EMB_onehot_C19	-8	2.0	-	+
tjupan_staphylococcus_main_f12c204fc9203964	EMB_onehot_C02	EMB_onehot_C11	-7	3.0	-	-
tjupan_staphylococcus_main_f12c204fc9203964	EMB_onehot_C02	EMB_onehot_C20	15	25.0	-	-
tjupan_staphylococcus_main_f12c204fc9203964	EMB_onehot_C13	EMB_onehot_C19	-9	1.0	+	+
tjupan_staphylococcus_main_f12c204fc9203964	EMB_onehot_C13	EMB_onehot_C11	-8	2.0	+	-
tjupan_staphylococcus_main_f12c204fc9203964	EMB_onehot_C13	EMB_onehot_C20	14	24.0	+	-
tjupan_staphylococcus_main_f12c204fc9203964	EMB_onehot_C19	EMB_onehot_C11	-9	1.0	+	-
tjupan_staphylococcus_main_f12c204fc9203964	EMB_onehot_C19	EMB_onehot_C20	13	23.0	+	-
tjupan_staphylococcus_main_f12c204fc9203964	EMB_onehot_C11	EMB_onehot_C20	12	22.0	-	-
tjupan_staphylococcus_main_f1b0252d8eeb589b	EMB_onehot_C17	EMB_onehot_C20	-3	7.0	+	+
tjupan_staphylococcus_main_f1b0252d8eeb589b	EMB_onehot_C17	EMB_onehot_C22	19	29.0	+	+
tjupan_staphylococcus_main_f1b0252d8eeb589b	EMB_onehot_C17	EMB_onehot_C04	25	35.0	+	-
tjupan_staphylococcus_main_f1b0252d8eeb589b	EMB_onehot_C17	EMB_onehot_C13	29	39.0	+	+
tjupan_staphylococcus_main_f1b0252d8eeb589b	EMB_onehot_C20	EMB_onehot_C22	12	22.0	+	+
tjupan_staphylococcus_main_f1b0252d8eeb589b	EMB_onehot_C20	EMB_onehot_C04	18	28.0	+	-
tjupan_staphylococcus_main_f1b0252d8eeb589b	EMB_onehot_C20	EMB_onehot_C13	22	32.0	+	+
tjupan_staphylococcus_main_f1b0252d8eeb589b	EMB_onehot_C22	EMB_onehot_C04	-4	6.0	+	-
tjupan_staphylococcus_main_f1b0252d8eeb589b	EMB_onehot_C22	EMB_onehot_C13	0	10.0	+	+
tjupan_staphylococcus_main_f1b0252d8eeb589b	EMB_onehot_C04	EMB_onehot_C13	-6	4.0	-	+
tjupan_staphylococcus_main_f224ea13988afb75	EMB_onehot_C09	EMB_onehot_C16	16	26.0	-	-
tjupan_staphylococcus_main_f224ea13988afb75	EMB_onehot_C09	EMB_onehot_C05	33	43.0	-	+
tjupan_staphylococcus_main_f224ea13988afb75	EMB_onehot_C09	EMB_onehot_C23	41	51.0	-	-
tjupan_staphylococcus_main_f224ea13988afb75	EMB_onehot_C09	EMB_onehot_C13	53	63.0	-	+
tjupan_staphylococcus_main_f224ea13988afb75	EMB_onehot_C16	EMB_onehot_C05	7	17.0	-	+
tjupan_staphylococcus_main_f224ea13988afb75	EMB_onehot_C16	EMB_onehot_C23	15	25.0	-	-
tjupan_staphylococcus_main_f224ea13988afb75	EMB_onehot_C16	EMB_onehot_C13	27	37.0	-	+
tjupan_staphylococcus_main_f224ea13988afb75	EMB_onehot_C05	EMB_onehot_C23	-2	8.0	+	-
tjupan_staphylococcus_main_f224ea13988afb75	EMB_onehot_C05	EMB_onehot_C13	10	20.0	+	+
tjupan_staphylococcus_main_f224ea13988afb75	EMB_onehot_C23	EMB_onehot_C13	2	12.0	-	+
tjupan_staphylococcus_main_f38fb9d9238e2949	EMB_onehot_C18	EMB_onehot_C02	8	18.0	-	-
tjupan_staphylococcus_main_f46801c20f702136	EMB_onehot_C06	EMB_onehot_C20	8	18.0	-	-
tjupan_staphylococcus_main_f46801c20f702136	EMB_onehot_C06	EMB_onehot_C10	31	41.0	-	-
tjupan_staphylococcus_main_f46801c20f702136	EMB_onehot_C20	EMB_onehot_C10	13	23.0	-	-
tjupan_staphylococcus_main_f99d7bf95b89026f	EMB_onehot_C06	EMB_onehot_C22	9	19.0	+	+
tjupan_staphylococcus_main_f99d7bf95b89026f	EMB_onehot_C06	EMB_onehot_C13	39	49.0	+	-
tjupan_staphylococcus_main_f99d7bf95b89026f	EMB_onehot_C06	EMB_onehot_C16	41	51.0	+	+
tjupan_staphylococcus_main_f99d7bf95b89026f	EMB_onehot_C22	EMB_onehot_C13	20	30.0	+	-
tjupan_staphylococcus_main_f99d7bf95b89026f	EMB_onehot_C22	EMB_onehot_C16	22	32.0	+	+
tjupan_staphylococcus_main_f99d7bf95b89026f	EMB_onehot_C13	EMB_onehot_C16	-8	2.0	-	+
tjupan_staphylococcus_main_fa31cf4f60c0f1dc	EMB_onehot_C17	EMB_onehot_C10	-3	7.0	-	+
tjupan_staphylococcus_main_fa31cf4f60c0f1dc	EMB_onehot_C17	EMB_onehot_C22	7	17.0	-	+
tjupan_staphylococcus_main_fa31cf4f60c0f1dc	EMB_onehot_C17	EMB_onehot_C03	8	18.0	-	-
tjupan_staphylococcus_main_fa31cf4f60c0f1dc	EMB_onehot_C17	EMB_onehot_C13	8	18.0	-	+
tjupan_staphylococcus_main_fa31cf4f60c0f1dc	EMB_onehot_C17	EMB_onehot_C04	14	24.0	-	+
tjupan_staphylococcus_main_fa31cf4f60c0f1dc	EMB_onehot_C17	EMB_onehot_C20	15	25.0	-	+
tjupan_staphylococcus_main_fa31cf4f60c0f1dc	EMB_onehot_C10	EMB_onehot_C22	0	10.0	+	+
tjupan_staphylococcus_main_fa31cf4f60c0f1dc	EMB_onehot_C10	EMB_onehot_C03	1	11.0	+	-
tjupan_staphylococcus_main_fa31cf4f60c0f1dc	EMB_onehot_C10	EMB_onehot_C13	1	11.0	+	+
tjupan_staphylococcus_main_fa31cf4f60c0f1dc	EMB_onehot_C10	EMB_onehot_C04	7	17.0	+	+
tjupan_staphylococcus_main_fa31cf4f60c0f1dc	EMB_onehot_C10	EMB_onehot_C20	8	18.0	+	+
tjupan_staphylococcus_main_fa31cf4f60c0f1dc	EMB_onehot_C22	EMB_onehot_C03	-9	1.0	+	-
tjupan_staphylococcus_main_fa31cf4f60c0f1dc	EMB_onehot_C22	EMB_onehot_C13	-9	1.0	+	+
tjupan_staphylococcus_main_fa31cf4f60c0f1dc	EMB_onehot_C22	EMB_onehot_C04	-3	7.0	+	+
tjupan_staphylococcus_main_fa31cf4f60c0f1dc	EMB_onehot_C22	EMB_onehot_C20	-2	8.0	+	+
tjupan_staphylococcus_main_fa31cf4f60c0f1dc	EMB_onehot_C03	EMB_onehot_C13	-10	0.0	-	+
tjupan_staphylococcus_main_fa31cf4f60c0f1dc	EMB_onehot_C03	EMB_onehot_C04	-4	6.0	-	+
tjupan_staphylococcus_main_fa31cf4f60c0f1dc	EMB_onehot_C03	EMB_onehot_C20	-3	7.0	-	+
tjupan_staphylococcus_main_fa31cf4f60c0f1dc	EMB_onehot_C13	EMB_onehot_C04	-4	6.0	+	+
tjupan_staphylococcus_main_fa31cf4f60c0f1dc	EMB_onehot_C13	EMB_onehot_C20	-3	7.0	+	+
tjupan_staphylococcus_main_fa31cf4f60c0f1dc	EMB_onehot_C04	EMB_onehot_C20	-9	1.0	+	+
tjupan_staphylococcus_main_faa6c6784b7e889b	EMB_onehot_C06	EMB_onehot_C13	-1	9.0	+	-
tjupan_staphylococcus_main_faa6c6784b7e889b	EMB_onehot_C06	EMB_onehot_C11	36	46.0	+	+
tjupan_staphylococcus_main_faa6c6784b7e889b	EMB_onehot_C06	EMB_onehot_C19	37	47.0	+	-
tjupan_staphylococcus_main_faa6c6784b7e889b	EMB_onehot_C06	EMB_onehot_C18	39	49.0	+	+
tjupan_staphylococcus_main_faa6c6784b7e889b	EMB_onehot_C06	EMB_onehot_C22	41	51.0	+	+
tjupan_staphylococcus_main_faa6c6784b7e889b	EMB_onehot_C06	EMB_onehot_C17	50	60.0	+	-
tjupan_staphylococcus_main_faa6c6784b7e889b	EMB_onehot_C13	EMB_onehot_C11	27	37.0	-	+
tjupan_staphylococcus_main_faa6c6784b7e889b	EMB_onehot_C13	EMB_onehot_C19	28	38.0	-	-
tjupan_staphylococcus_main_faa6c6784b7e889b	EMB_onehot_C13	EMB_onehot_C18	30	40.0	-	+
tjupan_staphylococcus_main_faa6c6784b7e889b	EMB_onehot_C13	EMB_onehot_C22	32	42.0	-	+
tjupan_staphylococcus_main_faa6c6784b7e889b	EMB_onehot_C13	EMB_onehot_C17	41	51.0	-	-
tjupan_staphylococcus_main_faa6c6784b7e889b	EMB_onehot_C11	EMB_onehot_C19	-9	1.0	+	-
tjupan_staphylococcus_main_faa6c6784b7e889b	EMB_onehot_C11	EMB_onehot_C18	-7	3.0	+	+
tjupan_staphylococcus_main_faa6c6784b7e889b	EMB_onehot_C11	EMB_onehot_C22	-5	5.0	+	+
tjupan_staphylococcus_main_faa6c6784b7e889b	EMB_onehot_C11	EMB_onehot_C17	4	14.0	+	-
tjupan_staphylococcus_main_faa6c6784b7e889b	EMB_onehot_C19	EMB_onehot_C18	-8	2.0	-	+
tjupan_staphylococcus_main_faa6c6784b7e889b	EMB_onehot_C19	EMB_onehot_C22	-6	4.0	-	+
tjupan_staphylococcus_main_faa6c6784b7e889b	EMB_onehot_C19	EMB_onehot_C17	3	13.0	-	-
tjupan_staphylococcus_main_faa6c6784b7e889b	EMB_onehot_C18	EMB_onehot_C22	-8	2.0	+	+
tjupan_staphylococcus_main_faa6c6784b7e889b	EMB_onehot_C18	EMB_onehot_C17	1	11.0	+	-
tjupan_staphylococcus_main_faa6c6784b7e889b	EMB_onehot_C22	EMB_onehot_C17	-1	9.0	+	-
tjupan_staphylococcus_main_fad5f5a9ccd211e1	EMB_onehot_C10	EMB_onehot_C09	-2	8.0	-	-
tjupan_staphylococcus_main_fad5f5a9ccd211e1	EMB_onehot_C10	EMB_onehot_C00	21	31.0	-	-
tjupan_staphylococcus_main_fad5f5a9ccd211e1	EMB_onehot_C09	EMB_onehot_C00	13	23.0	-	-
tjupan_staphylococcus_main_fdac9d3696767131	EMB_onehot_C02	EMB_onehot_C13	-9	1.0	-	+
tjupan_staphylococcus_main_ff0eae9c3d1b5554	EMB_onehot_C09	EMB_onehot_C16	16	26.0	-	-
tjupan_staphylococcus_main_ff0eae9c3d1b5554	EMB_onehot_C09	EMB_onehot_C05	33	43.0	-	+
tjupan_staphylococcus_main_ff0eae9c3d1b5554	EMB_onehot_C09	EMB_onehot_C23	41	51.0	-	-
tjupan_staphylococcus_main_ff0eae9c3d1b5554	EMB_onehot_C09	EMB_onehot_C13	53	63.0	-	+
tjupan_staphylococcus_main_ff0eae9c3d1b5554	EMB_onehot_C16	EMB_onehot_C05	7	17.0	-	+
tjupan_staphylococcus_main_ff0eae9c3d1b5554	EMB_onehot_C16	EMB_onehot_C23	15	25.0	-	-
tjupan_staphylococcus_main_ff0eae9c3d1b5554	EMB_onehot_C16	EMB_onehot_C13	27	37.0	-	+
tjupan_staphylococcus_main_ff0eae9c3d1b5554	EMB_onehot_C05	EMB_onehot_C23	-2	8.0	+	-
tjupan_staphylococcus_main_ff0eae9c3d1b5554	EMB_onehot_C05	EMB_onehot_C13	10	20.0	+	+
tjupan_staphylococcus_main_ff0eae9c3d1b5554	EMB_onehot_C23	EMB_onehot_C13	2	12.0	-	+
tjupan_staphylococcus_main_ff373dee5d9eb027	EMB_onehot_C13	EMB_onehot_C02	-1	9.0	-	+
tjupan_staphylococcus_main_ff373dee5d9eb027	EMB_onehot_C13	EMB_onehot_C09	3	13.0	-	+
tjupan_staphylococcus_main_ff373dee5d9eb027	EMB_onehot_C02	EMB_onehot_C09	-6	4.0	+	+
tjupan_staphylococcus_main_ffeb58d22b2935f4	EMB_onehot_C04	EMB_onehot_C10	-9	1.0	-	+
tjupan_staphylococcus_main_ffeb58d22b2935f4	EMB_onehot_C04	EMB_onehot_C22	-3	7.0	-	+
tjupan_staphylococcus_main_ffeb58d22b2935f4	EMB_onehot_C04	EMB_onehot_C14	13	23.0	-	-
tjupan_staphylococcus_main_ffeb58d22b2935f4	EMB_onehot_C04	EMB_onehot_C02	26	36.0	-	+
tjupan_staphylococcus_main_ffeb58d22b2935f4	EMB_onehot_C10	EMB_onehot_C22	-4	6.0	+	+
tjupan_staphylococcus_main_ffeb58d22b2935f4	EMB_onehot_C10	EMB_onehot_C14	12	22.0	+	-
tjupan_staphylococcus_main_ffeb58d22b2935f4	EMB_onehot_C10	EMB_onehot_C02	25	35.0	+	+
tjupan_staphylococcus_main_ffeb58d22b2935f4	EMB_onehot_C22	EMB_onehot_C14	6	16.0	+	-
tjupan_staphylococcus_main_ffeb58d22b2935f4	EMB_onehot_C22	EMB_onehot_C02	19	29.0	+	+
tjupan_staphylococcus_main_ffeb58d22b2935f4	EMB_onehot_C14	EMB_onehot_C02	3	13.0	-	+
