motif	sequence_id	leakage_group	split	start0	end0_exclusive	start1	stop1	center_tss	strand	sequence	distance
EMB_prokbert_C00	tjupan_bacillus_subtilis_main_e62d7e001687b19a	tjupan_bacillus_subtilis_main_e62d7e001687b19a	discovery	43	49	44	49	-14.5	+	AGCGGG	1.1594539880752563
EMB_prokbert_C00	tjupan_bacillus_subtilis_main_06d485c4aaa12e15	dbtbs_bsub_core_06d485c4aaa12e15	discovery	38	44	39	44	-19.5	+	CGTTGG	1.3436559438705444
EMB_prokbert_C00	tjupan_bacillus_subtilis_main_f5fed123a3ffd242	dbtbs_bsub_core_f5fed123a3ffd242	discovery	13	19	14	19	-44.5	+	AGCGGA	1.3457351922988892
EMB_prokbert_C00	tjupan_bacillus_subtilis_main_dea64c0f5a12bfa1	dbtbs_bsub_core_a18a06666ab8afa6	discovery	62	68	63	68	4.5	+	CGGGAG	1.3655117750167847
EMB_prokbert_C00	tjupan_bacillus_subtilis_main_3ec4c8abee3f7a8e	dbtbs_bsub_core_c18c3f10dff5c627	discovery	64	70	65	70	6.5	+	CAGCGG	1.3735895156860352
EMB_prokbert_C00	tjupan_bacillus_subtilis_main_2c918744f6daf466	dbtbs_bsub_core_20f77243a5b2c4ab	discovery	34	40	35	40	-23.5	+	GGCGGA	1.4041551351547241
EMB_prokbert_C00	tjupan_bacillus_subtilis_main_9d589577eb1cbe67	tjupan_bacillus_subtilis_main_9d589577eb1cbe67	discovery	69	75	70	75	11.5	+	GGAAGG	1.4130432605743408
EMB_prokbert_C00	tjupan_bacillus_subtilis_main_5e30b1d213eba695	tjupan_bacillus_subtilis_main_5e30b1d213eba695	discovery	71	77	72	77	13.5	+	GCCGGA	1.4131308794021606
EMB_prokbert_C00	tjupan_bacillus_subtilis_main_7ebbe970ac38b83d	dbtbs_bsub_core_5742761e1938e2d4	discovery	53	59	54	59	-4.5	+	TGAGGG	1.4199987649917603
EMB_prokbert_C00	tjupan_bacillus_subtilis_main_0b104549c8fd9755	dbtbs_bsub_core_0b104549c8fd9755	discovery	57	63	58	63	-0.5	+	ATGGAG	1.429879069328308
EMB_prokbert_C00	tjupan_bacillus_subtilis_main_f3e9cc226f1feac3	tjupan_bacillus_subtilis_main_f3e9cc226f1feac3	discovery	26	32	27	32	-31.5	+	TTGGAA	1.4806983470916748
EMB_prokbert_C00	tjupan_bacillus_subtilis_main_43fbda6e3c3abdae	dbtbs_bsub_core_c62c8589a5774a74	discovery	64	70	65	70	6.5	+	GGTGAA	1.4881130456924438
EMB_prokbert_C00	tjupan_bacillus_subtilis_main_ade14dd3fdacb032	dbtbs_bsub_core_12585b08a658046e	discovery	15	21	16	21	-42.5	+	GGGAAC	1.494154453277588
EMB_prokbert_C00	tjupan_bacillus_subtilis_main_e47a55cd702f35e7	dbtbs_bsub_core_175bcd2ea2263ee4	discovery	59	65	60	65	1.5	+	TGAGGT	1.495687484741211
EMB_prokbert_C00	tjupan_bacillus_subtilis_main_fb689c0625deec2e	dbtbs_bsub_core_bf9535fab79dbf8f	discovery	25	31	26	31	-32.5	+	GATGGG	1.511233925819397
EMB_prokbert_C00	tjupan_bacillus_subtilis_main_8b7394af6b78d50f	dbtbs_bsub_core_c890b4346c03f247	discovery	7	13	8	13	-50.5	+	TGAGGT	1.5227625370025635
EMB_prokbert_C00	tjupan_bacillus_subtilis_main_50224837ca8eceb5	dbtbs_bsub_core_50224837ca8eceb5	discovery	57	63	58	63	-0.5	+	GGCGAG	1.525169849395752
EMB_prokbert_C00	tjupan_bacillus_subtilis_main_5e8ac4f4506ef781	dbtbs_bsub_core_cdccc2e2972286a4	discovery	6	12	7	12	-51.5	+	TTGAGG	1.5251818895339966
EMB_prokbert_C00	tjupan_bacillus_subtilis_main_213d453c1e49e371	tjupan_bacillus_subtilis_main_213d453c1e49e371	discovery	3	9	4	9	-54.5	+	CGGAGC	1.5273000001907349
EMB_prokbert_C00	tjupan_bacillus_subtilis_main_93b5da0b5f842573	dbtbs_bsub_core_93b5da0b5f842573	discovery	42	48	43	48	-15.5	+	GCTGGG	1.5331701040267944
EMB_prokbert_C00	tjupan_bacillus_subtilis_main_a52148b067c7a32f	tjupan_bacillus_subtilis_main_a52148b067c7a32f	discovery	52	58	53	58	-5.5	+	AAGGTT	1.5343185663223267
EMB_prokbert_C00	tjupan_bacillus_subtilis_main_4fa5d89620e7d8ce	dbtbs_bsub_core_5eb05bc57612da6d	discovery	60	66	61	66	2.5	+	GGCGAG	1.543126106262207
EMB_prokbert_C00	tjupan_bacillus_subtilis_main_76909c0ebd8db916	dbtbs_bsub_core_d5153844984277ea	discovery	4	10	5	10	-53.5	+	GGGATT	1.5449497699737549
EMB_prokbert_C00	tjupan_bacillus_subtilis_main_bd4e9486aa695c78	tjupan_bacillus_subtilis_main_bd4e9486aa695c78	discovery	62	68	63	68	4.5	+	GGCGGA	1.548568844795227
EMB_prokbert_C00	tjupan_bacillus_subtilis_main_dc65c8922842b20f	tjupan_bacillus_subtilis_main_dc65c8922842b20f	discovery	5	11	6	11	-52.5	+	GAATAG	1.5615500211715698
EMB_prokbert_C00	tjupan_bacillus_subtilis_main_bcbef8350d7925db	tjupan_bacillus_subtilis_main_bcbef8350d7925db	discovery	20	26	21	26	-37.5	+	CTGGGA	1.5648213624954224
EMB_prokbert_C00	tjupan_bacillus_subtilis_main_834e21e1951468f3	tjupan_bacillus_subtilis_main_834e21e1951468f3	discovery	7	13	8	13	-50.5	+	GCCGGA	1.5657061338424683
EMB_prokbert_C00	tjupan_bacillus_subtilis_main_92c71ea9f3febc7f	dbtbs_bsub_core_c2ee7abb48038f6f	discovery	7	13	8	13	-50.5	+	GGGATA	1.5693625211715698
EMB_prokbert_C00	tjupan_bacillus_subtilis_main_5564dcefe2988333	tjupan_bacillus_subtilis_main_5564dcefe2988333	discovery	5	11	6	11	-52.5	+	GCAAGT	1.575333595275879
EMB_prokbert_C00	tjupan_bacillus_subtilis_main_69a39ef163dd4726	tjupan_bacillus_subtilis_main_69a39ef163dd4726	discovery	37	43	38	43	-20.5	+	TCTTGG	1.5825376510620117
EMB_prokbert_C00	tjupan_bacillus_subtilis_main_67a9ae83c973a42d	tjupan_bacillus_subtilis_main_67a9ae83c973a42d	discovery	9	15	10	15	-48.5	+	CGAAGG	1.5893672704696655
EMB_prokbert_C00	tjupan_bacillus_subtilis_main_90a64d4511c49526	dbtbs_bsub_core_90a64d4511c49526	discovery	63	69	64	69	5.5	+	TGGCCG	1.5920906066894531
EMB_prokbert_C00	tjupan_bacillus_subtilis_main_a7a45131c45395c8	dbtbs_bsub_core_a7a45131c45395c8	discovery	19	25	20	25	-38.5	+	CGGGCT	1.6002086400985718
EMB_prokbert_C00	tjupan_bacillus_subtilis_main_ad5b6a3a851181b1	dbtbs_bsub_core_ad5b6a3a851181b1	discovery	25	31	26	31	-32.5	+	CTGGCG	1.6040133237838745
EMB_prokbert_C00	tjupan_bacillus_subtilis_main_7a6037ae36a0870c	tjupan_bacillus_subtilis_main_7a6037ae36a0870c	discovery	43	49	44	49	-14.5	+	TGGGAG	1.607819676399231
EMB_prokbert_C00	tjupan_bacillus_subtilis_main_256978383d162d01	dbtbs_bsub_core_256978383d162d01	discovery	56	62	57	62	-1.5	+	GCTTGG	1.6101083755493164
EMB_prokbert_C00	tjupan_bacillus_subtilis_main_2d40490247bb616a	dbtbs_bsub_core_ffa38d6978ad48aa	discovery	38	44	39	44	-19.5	+	GCGGCT	1.6103522777557373
EMB_prokbert_C00	tjupan_bacillus_subtilis_main_fea868950ff1c774	tjupan_bacillus_subtilis_main_fea868950ff1c774	discovery	42	48	43	48	-15.5	+	ATTGGC	1.618229627609253
EMB_prokbert_C00	tjupan_bacillus_subtilis_main_5957e34dfa6ab85c	tjupan_bacillus_subtilis_main_5957e34dfa6ab85c	discovery	20	26	21	26	-37.5	+	GAGCGG	1.6235283613204956
EMB_prokbert_C00	tjupan_bacillus_subtilis_main_fde7c2aaac5c57ce	dbtbs_bsub_core_fde7c2aaac5c57ce	discovery	71	77	72	77	13.5	+	GTCTGG	1.6346702575683594
EMB_prokbert_C00	tjupan_bacillus_subtilis_main_2c9e8a462277f7da	dbtbs_bsub_core_f7573fed016c047b	discovery	65	71	66	71	7.5	+	GCACGG	1.6420056819915771
EMB_prokbert_C00	tjupan_bacillus_subtilis_main_549e9d5c7cb67860	dbtbs_bsub_core_1a44bafede819df1	discovery	15	21	16	21	-42.5	+	GATCGG	1.6430524587631226
EMB_prokbert_C00	tjupan_bacillus_subtilis_main_7358cf40e4efa482	tjupan_bacillus_subtilis_main_7358cf40e4efa482	discovery	37	43	38	43	-20.5	+	GGATTG	1.650244951248169
EMB_prokbert_C00	tjupan_bacillus_subtilis_main_8265264627414ceb	tjupan_bacillus_subtilis_main_8265264627414ceb	discovery	37	43	38	43	-20.5	+	ATGGAA	1.6516990661621094
EMB_prokbert_C00	tjupan_bacillus_subtilis_main_ff62fa3227cb3ab1	dbtbs_bsub_core_f748f853b4ec2056	discovery	43	49	44	49	-14.5	+	GAGGGT	1.6565771102905273
EMB_prokbert_C00	tjupan_bacillus_subtilis_main_96d42d8ccff315ec	tjupan_bacillus_subtilis_main_96d42d8ccff315ec	discovery	22	28	23	28	-35.5	+	CAGGGA	1.659708023071289
EMB_prokbert_C00	tjupan_bacillus_subtilis_main_1732506bbac23b7c	dbtbs_bsub_core_1732506bbac23b7c	discovery	66	72	67	72	8.5	+	TAGGGA	1.6677101850509644
EMB_prokbert_C00	tjupan_bacillus_subtilis_main_5fc80954df40cf68	dbtbs_bsub_core_44be1bddac760e1c	discovery	62	68	63	68	4.5	+	AAGGTT	1.6698368787765503
EMB_prokbert_C00	tjupan_bacillus_subtilis_main_e95909bd7e136f46	dbtbs_bsub_core_426aaa712ced5536	discovery	57	63	58	63	-0.5	+	AGGGAT	1.6700599193572998
EMB_prokbert_C00	tjupan_bacillus_subtilis_main_7c1cf5cd36017844	tjupan_bacillus_subtilis_main_7c1cf5cd36017844	discovery	66	72	67	72	8.5	+	ATGTCG	1.6736804246902466
EMB_prokbert_C00	tjupan_bacillus_subtilis_main_e1ad11de708bb9dd	dbtbs_bsub_core_0ce0cc9e187b5d37	discovery	72	78	73	78	14.5	+	GTTGGA	1.6744723320007324
EMB_prokbert_C00	tjupan_bacillus_subtilis_main_a92ee416463b3fc1	dbtbs_bsub_core_585820026d8d814d	discovery	65	71	66	71	7.5	+	AAGGGT	1.6776493787765503
EMB_prokbert_C00	tjupan_bacillus_subtilis_main_c9bc5ed233eba13a	tjupan_bacillus_subtilis_main_c9bc5ed233eba13a	discovery	28	34	29	34	-29.5	+	CTGGGA	1.6847496032714844
EMB_prokbert_C00	tjupan_bacillus_subtilis_main_954287dc5b301340	tjupan_bacillus_subtilis_main_954287dc5b301340	discovery	70	76	71	76	12.5	+	AGGTGA	1.6857354640960693
EMB_prokbert_C00	tjupan_bacillus_subtilis_main_3eab38fdf3061b6a	tjupan_bacillus_subtilis_main_3eab38fdf3061b6a	discovery	40	46	41	46	-17.5	+	GGGACA	1.6859339475631714
EMB_prokbert_C00	tjupan_bacillus_subtilis_main_d9679a25a18d6da1	tjupan_bacillus_subtilis_main_c9bc5ed233eba13a	discovery	21	27	22	27	-36.5	+	CTGGGA	1.6905944347381592
EMB_prokbert_C00	tjupan_bacillus_subtilis_main_ff61268918c0af5d	tjupan_bacillus_subtilis_main_ff61268918c0af5d	discovery	38	44	39	44	-19.5	+	AGATGG	1.6931540966033936
EMB_prokbert_C00	tjupan_bacillus_subtilis_main_5eccf0b4b51999b8	tjupan_bacillus_subtilis_main_5eccf0b4b51999b8	discovery	24	30	25	30	-33.5	+	TGGCCG	1.6972918510437012
EMB_prokbert_C00	tjupan_bacillus_subtilis_main_4b32f81551985923	tjupan_bacillus_subtilis_main_4b32f81551985923	discovery	14	20	15	20	-43.5	+	GCGGAT	1.7001694440841675
EMB_prokbert_C00	tjupan_bacillus_subtilis_main_4fc356ae4cdf5a10	dbtbs_bsub_core_89ad3abb800dad9f	discovery	54	60	55	60	-3.5	+	TGGAAC	1.7009109258651733
EMB_prokbert_C00	tjupan_bacillus_subtilis_main_e9623f8193af34e0	dbtbs_bsub_core_e9623f8193af34e0	discovery	26	32	27	32	-31.5	+	ACAAGG	1.714159369468689
EMB_prokbert_C00	tjupan_bacillus_subtilis_main_2b799cc13a596bcd	tjupan_bacillus_subtilis_main_2b799cc13a596bcd	discovery	18	24	19	24	-39.5	+	GGCGAA	1.7168298959732056
EMB_prokbert_C00	tjupan_bacillus_subtilis_main_94d81586c680a254	tjupan_bacillus_subtilis_main_94d81586c680a254	discovery	37	43	38	43	-20.5	+	GAATGG	1.7204469442367554
EMB_prokbert_C00	tjupan_bacillus_subtilis_main_8e4b7e6c519e170f	tjupan_bacillus_subtilis_main_8e4b7e6c519e170f	discovery	9	15	10	15	-48.5	+	CGGTGA	1.7301558256149292
EMB_prokbert_C00	tjupan_bacillus_subtilis_main_b7cebcbae1ca8171	dbtbs_bsub_core_342a4291e30f5e80	discovery	23	29	24	29	-34.5	+	GCAGGA	1.7335484027862549
EMB_prokbert_C00	tjupan_bacillus_subtilis_main_e84ae283b7981830	tjupan_bacillus_subtilis_main_e84ae283b7981830	discovery	23	29	24	29	-34.5	+	GGCGAA	1.7444629669189453
EMB_prokbert_C00	tjupan_bacillus_subtilis_main_9e087715e3522ed4	dbtbs_bsub_core_b3df5d74f56f0610	discovery	39	45	40	45	-18.5	+	GCTTTG	1.7475999593734741
EMB_prokbert_C00	tjupan_bacillus_subtilis_main_b2e461bb3b5d3d88	dbtbs_bsub_core_b2e461bb3b5d3d88	discovery	43	49	44	49	-14.5	+	AGCGGG	1.7486085891723633
EMB_prokbert_C00	tjupan_bacillus_subtilis_main_754ac4e873f6c24d	tjupan_bacillus_subtilis_main_754ac4e873f6c24d	discovery	17	23	18	23	-40.5	+	AGGTGC	1.7509208917617798
EMB_prokbert_C00	tjupan_bacillus_subtilis_main_3ed5570d9bd715ae	dbtbs_bsub_core_0561dd78dc44b145	discovery	55	61	56	61	-2.5	+	TGAAGG	1.7518945932388306
EMB_prokbert_C00	tjupan_bacillus_subtilis_main_163772f02671a528	tjupan_bacillus_subtilis_main_163772f02671a528	discovery	35	41	36	41	-22.5	+	CTGGTT	1.7544195652008057
EMB_prokbert_C00	tjupan_bacillus_subtilis_main_ff1b0f332755e37b	dbtbs_bsub_core_710c0cbad80c03b6	discovery	10	16	11	16	-47.5	+	GAGTGG	1.7547659873962402
EMB_prokbert_C00	tjupan_bacillus_subtilis_main_3b9d28ffe489c3c7	dbtbs_bsub_core_260ddc8adeedb788	discovery	43	49	44	49	-14.5	+	AGGGTT	1.7577098608016968
EMB_prokbert_C00	tjupan_bacillus_subtilis_main_e326833d29b8752f	dbtbs_bsub_core_e326833d29b8752f	discovery	39	45	40	45	-18.5	+	TCAGGG	1.759676218032837
EMB_prokbert_C00	tjupan_bacillus_subtilis_main_da7f3c0608c35165	dbtbs_bsub_core_da7f3c0608c35165	discovery	52	58	53	58	-5.5	+	TGTCGG	1.7679182291030884
EMB_prokbert_C00	tjupan_bacillus_subtilis_main_a9ae08a54b460299	dbtbs_bsub_core_4c306bb2d4b261c8	discovery	40	46	41	46	-17.5	+	GCTTGG	1.7700023651123047
EMB_prokbert_C00	tjupan_bacillus_subtilis_main_5d881eac8b46d627	dbtbs_bsub_core_5d881eac8b46d627	discovery	63	69	64	69	5.5	+	GGGTGA	1.7707139253616333
EMB_prokbert_C00	tjupan_bacillus_subtilis_main_1b0cfe46f303d3fa	dbtbs_bsub_core_56695775e253190c	discovery	58	64	59	64	0.5	+	AGCGGA	1.7822445631027222
EMB_prokbert_C00	tjupan_bacillus_subtilis_main_342a4291e30f5e80	dbtbs_bsub_core_342a4291e30f5e80	discovery	31	37	32	37	-26.5	+	GCAGGA	1.786948323249817
EMB_prokbert_C00	tjupan_bacillus_subtilis_main_9a6d97baf1c02d30	dbtbs_bsub_core_9a6d97baf1c02d30	discovery	36	42	37	42	-21.5	+	GGGCTC	1.7901012897491455
EMB_prokbert_C00	tjupan_bacillus_subtilis_main_80add31ceb4a1382	tjupan_bacillus_subtilis_main_80add31ceb4a1382	discovery	70	76	71	76	12.5	+	CAGGTG	1.796832799911499
EMB_prokbert_C00	tjupan_bacillus_subtilis_main_b0d8a2369952b821	dbtbs_bsub_core_3f773ca1224c0e26	discovery	17	23	18	23	-40.5	+	AGGCGT	1.802199125289917
EMB_prokbert_C00	tjupan_bacillus_subtilis_main_6f408d5e786e413f	dbtbs_bsub_core_6f408d5e786e413f	discovery	8	14	9	14	-49.5	+	GCCGGT	1.8025568723678589
EMB_prokbert_C00	tjupan_bacillus_subtilis_main_3ab27dce0b1876ca	dbtbs_bsub_core_d52b0eed3ebbab2d	discovery	54	60	55	60	-3.5	+	GAGGTC	1.8101123571395874
EMB_prokbert_C00	tjupan_bacillus_subtilis_main_10eda96ea4199e8c	dbtbs_bsub_core_10eda96ea4199e8c	discovery	23	29	24	29	-34.5	+	GATGGG	1.8193185329437256
EMB_prokbert_C00	tjupan_bacillus_subtilis_main_917572a2414a52f7	tjupan_bacillus_subtilis_main_917572a2414a52f7	discovery	31	37	32	37	-26.5	+	GGTGGG	1.8211439847946167
EMB_prokbert_C00	tjupan_bacillus_subtilis_main_ea59d0ddaaaaf005	dbtbs_bsub_core_ff8c346476498240	discovery	63	69	64	69	5.5	+	TTAAGG	1.8229902982711792
EMB_prokbert_C00	tjupan_bacillus_subtilis_main_3c72a88384ee6013	tjupan_bacillus_subtilis_main_3c72a88384ee6013	discovery	62	68	63	68	4.5	+	TAGCCG	1.8248517513275146
EMB_prokbert_C00	tjupan_bacillus_subtilis_main_9c3cc423ec1465b1	dbtbs_bsub_core_9c3cc423ec1465b1	discovery	19	25	20	25	-38.5	+	AGCGGA	1.8288378715515137
EMB_prokbert_C00	tjupan_bacillus_subtilis_main_036f4e66b4e66745	dbtbs_bsub_core_7b26bab7de636614	discovery	14	20	15	20	-43.5	+	AGCGGT	1.8294769525527954
EMB_prokbert_C00	tjupan_bacillus_subtilis_main_8bf0684d999843b1	dbtbs_bsub_core_8bf0684d999843b1	discovery	44	50	45	50	-13.5	+	TGGGAA	1.8302621841430664
EMB_prokbert_C00	tjupan_bacillus_subtilis_main_982fa9762732f05a	tjupan_bacillus_subtilis_main_982fa9762732f05a	discovery	52	58	53	58	-5.5	+	GGGTCA	1.8341822624206543
EMB_prokbert_C00	tjupan_bacillus_subtilis_main_1478640e036e0224	dbtbs_bsub_core_1478640e036e0224	discovery	59	65	60	65	1.5	+	TGAGGC	1.8419171571731567
EMB_prokbert_C00	tjupan_bacillus_subtilis_main_0e56c5fe6c5d0db0	dbtbs_bsub_core_cfddcd51a76889fd	discovery	22	28	23	28	-35.5	+	CGGGCA	1.8492951393127441
EMB_prokbert_C00	tjupan_bacillus_subtilis_main_e4ca0c490585b644	tjupan_bacillus_subtilis_main_e4ca0c490585b644	discovery	59	65	60	65	1.5	+	AAGGAG	1.8499877452850342
EMB_prokbert_C00	tjupan_bacillus_subtilis_main_0d315ab142d66dcc	dbtbs_bsub_core_76d28d1be3f9f514	discovery	28	34	29	34	-29.5	+	GGAATA	1.8513282537460327
EMB_prokbert_C00	tjupan_bacillus_subtilis_main_118649b56e4ec470	tjupan_bacillus_subtilis_main_118649b56e4ec470	discovery	7	13	8	13	-50.5	+	CCGGAG	1.851973533630371
EMB_prokbert_C00	tjupan_bacillus_subtilis_main_49d5f09ecdaa68d2	dbtbs_bsub_core_2fc6766ca8c365d3	discovery	10	16	11	16	-47.5	+	GCAGGA	1.8596059083938599
EMB_prokbert_C00	tjupan_bacillus_subtilis_main_a31f56ff3ee450d4	dbtbs_bsub_core_1c4407f77cf4bab2	discovery	19	25	20	25	-38.5	+	GACAAG	1.860904574394226
EMB_prokbert_C00	tjupan_bacillus_subtilis_main_13f36fd95a25452a	tjupan_bacillus_subtilis_main_13f36fd95a25452a	discovery	30	36	31	36	-27.5	+	GGAAGT	1.8641825914382935
EMB_prokbert_C00	tjupan_bacillus_subtilis_main_66bdec0f6e49230b	dbtbs_bsub_core_66bdec0f6e49230b	discovery	68	74	69	74	10.5	+	GGCCAG	1.8643637895584106
EMB_prokbert_C00	tjupan_bacillus_subtilis_main_487ce40a67c6d939	tjupan_bacillus_subtilis_main_487ce40a67c6d939	discovery	45	51	46	51	-12.5	+	ATGGGA	1.865639328956604
EMB_prokbert_C00	tjupan_bacillus_subtilis_main_b59ef89e981b3745	tjupan_bacillus_subtilis_main_b59ef89e981b3745	discovery	8	14	9	14	-49.5	+	GCTCGG	1.867018461227417
EMB_prokbert_C00	tjupan_bacillus_subtilis_main_b5cc4aad42c9a683	dbtbs_bsub_core_b5cc4aad42c9a683	discovery	19	25	20	25	-38.5	+	TGGGTC	1.8695911169052124
EMB_prokbert_C00	tjupan_bacillus_subtilis_main_29dff321a99fa8a2	dbtbs_bsub_core_e964a63647aab2c6	discovery	43	49	44	49	-14.5	+	GGGCCG	1.870159387588501
EMB_prokbert_C00	tjupan_bacillus_subtilis_main_2e59e247c2d07b0b	tjupan_bacillus_subtilis_main_2e59e247c2d07b0b	discovery	61	67	62	67	3.5	+	AGGGTT	1.8704172372817993
EMB_prokbert_C00	tjupan_bacillus_subtilis_main_901b18a9982b4e95	tjupan_bacillus_subtilis_main_901b18a9982b4e95	discovery	71	77	72	77	13.5	+	GAGCGG	1.8726649284362793
EMB_prokbert_C00	tjupan_bacillus_subtilis_main_9361e0f82edaa017	tjupan_bacillus_subtilis_main_9361e0f82edaa017	discovery	33	39	34	39	-24.5	+	GGACCG	1.8726742267608643
EMB_prokbert_C00	tjupan_bacillus_subtilis_main_9ab6c96db0706f0e	dbtbs_bsub_core_c190339743385950	discovery	13	19	14	19	-44.5	+	GAGTGG	1.8753639459609985
EMB_prokbert_C00	tjupan_bacillus_subtilis_main_e2b483c6aef274e0	dbtbs_bsub_core_175bcd2ea2263ee4	discovery	22	28	23	28	-35.5	+	AGCGGG	1.8771604299545288
EMB_prokbert_C00	tjupan_bacillus_subtilis_main_3eb701a469cb4095	tjupan_bacillus_subtilis_main_3eb701a469cb4095	discovery	68	74	69	74	10.5	+	CGGTGG	1.8790061473846436
EMB_prokbert_C00	tjupan_bacillus_subtilis_main_d03161002d7a6f34	dbtbs_bsub_core_11066f3e95c7986c	discovery	4	10	5	10	-53.5	+	TGGGAT	1.8823274374008179
EMB_prokbert_C00	tjupan_bacillus_subtilis_main_a0eee3dddaf07ac3	tjupan_bacillus_subtilis_main_a0eee3dddaf07ac3	discovery	67	73	68	73	9.5	+	GGCTGA	1.8827767372131348
EMB_prokbert_C00	tjupan_bacillus_subtilis_main_e2f816d3420810f5	dbtbs_bsub_core_8f473f826c608a81	discovery	67	73	68	73	9.5	+	GTGGAA	1.8869997262954712
EMB_prokbert_C00	tjupan_bacillus_subtilis_main_77dc78ed29025116	dbtbs_bsub_core_77dc78ed29025116	discovery	58	64	59	64	0.5	+	TGGAAC	1.8893893957138062
EMB_prokbert_C00	tjupan_bacillus_subtilis_main_4648c22f43ae6952	tjupan_bacillus_subtilis_main_4648c22f43ae6952	discovery	56	62	57	62	-1.5	+	CTGAAG	1.8920387029647827
EMB_prokbert_C00	tjupan_bacillus_subtilis_main_f452c4bef1ed8b92	dbtbs_bsub_core_f452c4bef1ed8b92	discovery	44	50	45	50	-13.5	+	CGGGAA	1.9013885259628296
EMB_prokbert_C00	tjupan_bacillus_subtilis_main_517410185d825f3e	tjupan_bacillus_subtilis_main_517410185d825f3e	discovery	29	35	30	35	-28.5	+	CAGGAT	1.9035370349884033
EMB_prokbert_C00	tjupan_bacillus_subtilis_main_24675587b92cc4c7	tjupan_bacillus_subtilis_main_24675587b92cc4c7	discovery	65	71	66	71	7.5	+	CAAGGG	1.910119652748108
EMB_prokbert_C00	tjupan_bacillus_subtilis_main_8b925a3983e97ebd	dbtbs_bsub_core_0346364171f10446	discovery	34	40	35	40	-23.5	+	AGGCAA	1.9195953607559204
EMB_prokbert_C00	tjupan_bacillus_subtilis_main_671ae756f8df7bca	dbtbs_bsub_core_340ffe292c28e826	discovery	57	63	58	63	-0.5	+	GGCGGA	1.921828269958496
EMB_prokbert_C00	tjupan_bacillus_subtilis_main_8f5a33e062052e2d	tjupan_bacillus_subtilis_main_8f5a33e062052e2d	discovery	53	59	54	59	-4.5	+	AAGGGC	1.9327198266983032
EMB_prokbert_C00	tjupan_bacillus_subtilis_main_729454a84a667dd8	dbtbs_bsub_core_729454a84a667dd8	discovery	43	49	44	49	-14.5	+	TGGGCA	1.9328680038452148
EMB_prokbert_C00	tjupan_bacillus_subtilis_main_6fc8019646ae0ec6	dbtbs_bsub_core_0346364171f10446	discovery	30	36	31	36	-27.5	+	AGGCAA	1.9367154836654663
EMB_prokbert_C00	tjupan_bacillus_subtilis_main_52931b7eafd9a9b2	dbtbs_bsub_core_324baeb0b4deda5d	discovery	71	77	72	77	13.5	+	TGGACT	1.9438780546188354
EMB_prokbert_C00	tjupan_bacillus_subtilis_main_91197a052a9adc5b	tjupan_bacillus_subtilis_main_91197a052a9adc5b	discovery	39	45	40	45	-18.5	+	GAAGGT	1.944594383239746
EMB_prokbert_C00	tjupan_bacillus_subtilis_main_ef37e7c4f77cfd3f	tjupan_bacillus_subtilis_main_ef37e7c4f77cfd3f	discovery	68	74	69	74	10.5	+	GGAAGT	1.9482367038726807
EMB_prokbert_C00	tjupan_bacillus_subtilis_main_0ad5dcad37f1ba39	dbtbs_bsub_core_712e4b81f6fdb41a	discovery	65	71	66	71	7.5	+	CAATAG	1.9501694440841675
EMB_prokbert_C00	tjupan_bacillus_subtilis_main_d9cd9789d0fb01a3	dbtbs_bsub_core_c190339743385950	discovery	19	25	20	25	-38.5	+	GAGTGG	1.9515043497085571
EMB_prokbert_C00	tjupan_bacillus_subtilis_main_bb68072522710571	dbtbs_bsub_core_bb68072522710571	discovery	23	29	24	29	-34.5	+	GGGCGT	1.9516003131866455
EMB_prokbert_C00	tjupan_bacillus_subtilis_main_8f7d87652de79d90	dbtbs_bsub_core_8f7d87652de79d90	discovery	16	22	17	22	-41.5	+	GGGCTT	1.953401803970337
EMB_prokbert_C00	tjupan_bacillus_subtilis_main_61c707ac72aeda97	tjupan_bacillus_subtilis_main_61c707ac72aeda97	discovery	59	65	60	65	1.5	+	TGGCTA	1.955263376235962
EMB_prokbert_C00	tjupan_bacillus_subtilis_main_f869091e55050110	tjupan_bacillus_subtilis_main_f869091e55050110	discovery	73	79	74	79	15.5	+	AGCGGA	1.9618524312973022
EMB_prokbert_C00	tjupan_bacillus_subtilis_main_2b17d905bac0c3bc	dbtbs_bsub_core_2b17d905bac0c3bc	discovery	43	49	44	49	-14.5	+	CAGGGA	1.9641525745391846
EMB_prokbert_C00	tjupan_bacillus_subtilis_main_3adf706b5413c6ce	tjupan_bacillus_subtilis_main_3adf706b5413c6ce	discovery	53	59	54	59	-4.5	+	CGCTGG	1.9661096334457397
EMB_prokbert_C00	tjupan_bacillus_subtilis_main_150dcd3daf63d162	dbtbs_bsub_core_150dcd3daf63d162	discovery	71	77	72	77	13.5	+	GCTTGG	1.967129111289978
EMB_prokbert_C00	tjupan_bacillus_subtilis_main_272e2f2c83a48fab	dbtbs_bsub_core_272e2f2c83a48fab	discovery	22	28	23	28	-35.5	+	GGCTTG	1.968939185142517
EMB_prokbert_C00	tjupan_bacillus_subtilis_main_e0774d83207a7dd7	dbtbs_bsub_core_2b17d905bac0c3bc	discovery	44	50	45	50	-13.5	+	CAGGGA	1.975343108177185
EMB_prokbert_C00	tjupan_bacillus_subtilis_main_c648ac4df22b0f89	dbtbs_bsub_core_c648ac4df22b0f89	discovery	59	65	60	65	1.5	+	AGATTG	1.9776216745376587
EMB_prokbert_C00	tjupan_bacillus_subtilis_main_8a0979b032bb35c1	dbtbs_bsub_core_33318fe6256d39ff	discovery	40	46	41	46	-17.5	+	TGATGG	1.9853421449661255
EMB_prokbert_C00	tjupan_bacillus_subtilis_main_db7eebd0b9425a4f	dbtbs_bsub_core_db7eebd0b9425a4f	discovery	65	71	66	71	7.5	+	GGGTGC	1.9862992763519287
EMB_prokbert_C00	tjupan_bacillus_subtilis_main_4f4c3d5d96d18695	tjupan_bacillus_subtilis_main_4f4c3d5d96d18695	discovery	45	51	46	51	-12.5	+	CAGGGT	1.9895544052124023
EMB_prokbert_C00	tjupan_bacillus_subtilis_main_550b125b16dc206e	dbtbs_bsub_core_2ab03862f0e9dd2f	discovery	30	36	31	36	-27.5	+	AGTGGG	1.9914965629577637
EMB_prokbert_C00	tjupan_bacillus_subtilis_main_5150105a4bdfd4ce	tjupan_bacillus_subtilis_main_5150105a4bdfd4ce	discovery	68	74	69	74	10.5	+	ATCGGA	1.9934078454971313
EMB_prokbert_C00	tjupan_bacillus_subtilis_main_ef6dc517178d6adf	dbtbs_bsub_core_ef6dc517178d6adf	discovery	59	65	60	65	1.5	+	TAGGTG	1.9935179948806763
EMB_prokbert_C00	tjupan_bacillus_subtilis_main_6406719b10941769	dbtbs_bsub_core_5bcaee6240f23d4b	discovery	55	61	56	61	-2.5	+	AGGGTG	1.9946529865264893
EMB_prokbert_C00	tjupan_bacillus_subtilis_main_c5aa2a2f04401e51	tjupan_bacillus_subtilis_main_c5aa2a2f04401e51	discovery	63	69	64	69	5.5	+	GGCCGG	1.9987096786499023
EMB_prokbert_C00	tjupan_bacillus_subtilis_main_0a0035c3a0685aa9	dbtbs_bsub_core_d50ffa4df9b8add7	discovery	11	17	12	17	-46.5	+	GGGCAG	1.9991633892059326
EMB_prokbert_C00	tjupan_bacillus_subtilis_main_20bbba0ce59de449	dbtbs_bsub_core_20bbba0ce59de449	discovery	31	37	32	37	-26.5	+	TTGGCA	2.01216197013855
EMB_prokbert_C00	tjupan_bacillus_subtilis_main_106e69f8e7e10bd4	tjupan_bacillus_subtilis_main_106e69f8e7e10bd4	discovery	11	17	12	17	-46.5	+	GCCGGA	2.0141701698303223
EMB_prokbert_C00	tjupan_bacillus_subtilis_main_25766be7ede5bd12	tjupan_bacillus_subtilis_main_25766be7ede5bd12	discovery	41	47	42	47	-16.5	+	GACAGG	2.016538381576538
EMB_prokbert_C00	tjupan_bacillus_subtilis_main_f04c569125ce3afa	dbtbs_bsub_core_85a34ab094cb765f	discovery	55	61	56	61	-2.5	+	GGGAAT	2.028775453567505
EMB_prokbert_C00	tjupan_bacillus_subtilis_main_dbd8ff77ae99e6b2	dbtbs_bsub_core_dbd8ff77ae99e6b2	discovery	29	35	30	35	-28.5	+	GGACGA	2.0328123569488525
EMB_prokbert_C00	tjupan_bacillus_subtilis_main_f09c3556dc31a575	dbtbs_bsub_core_f09c3556dc31a575	discovery	41	47	42	47	-16.5	+	ATGGGG	2.035062074661255
EMB_prokbert_C00	tjupan_bacillus_subtilis_main_e4e4a1be67374f28	dbtbs_bsub_core_e4e4a1be67374f28	discovery	74	80	75	80	16.5	+	TTGGAG	2.037911891937256
EMB_prokbert_C00	tjupan_bacillus_subtilis_main_6514a11d381455ae	tjupan_bacillus_subtilis_main_6514a11d381455ae	discovery	4	10	5	10	-53.5	+	GTCCGG	2.0385541915893555
EMB_prokbert_C00	tjupan_bacillus_subtilis_main_eaa75817f87b3088	dbtbs_bsub_core_71c43b52121900cc	discovery	66	72	67	72	8.5	+	AGGCGT	2.0387184619903564
EMB_prokbert_C00	tjupan_bacillus_subtilis_main_0f3eb3e9a9977e6d	tjupan_bacillus_subtilis_main_0f3eb3e9a9977e6d	discovery	41	47	42	47	-16.5	+	TGGCCG	2.040806531906128
EMB_prokbert_C00	tjupan_bacillus_subtilis_main_b88f3e08d3d51af5	tjupan_bacillus_subtilis_main_b88f3e08d3d51af5	discovery	71	77	72	77	13.5	+	CAGGAG	2.041724443435669
EMB_prokbert_C00	tjupan_bacillus_subtilis_main_f6994e5b6245c7bf	tjupan_bacillus_subtilis_main_f6994e5b6245c7bf	discovery	21	27	22	27	-36.5	+	TGAAGG	2.0456676483154297
EMB_prokbert_C00	tjupan_bacillus_subtilis_main_f7fb3b6a673b2fe9	dbtbs_bsub_core_4c8b5a3cc4c24c6c	discovery	20	26	21	26	-37.5	+	TGAGGG	2.0505759716033936
EMB_prokbert_C00	tjupan_bacillus_subtilis_main_359df7c8e20abe4e	tjupan_bacillus_subtilis_main_359df7c8e20abe4e	discovery	66	72	67	72	8.5	+	TGAGGT	2.055140972137451
EMB_prokbert_C00	tjupan_bacillus_subtilis_main_5ccaab5adb962b3d	dbtbs_bsub_core_483b39fd11d75b28	discovery	65	71	66	71	7.5	+	CAGGAC	2.0589792728424072
EMB_prokbert_C00	tjupan_bacillus_subtilis_main_9c67a769132d62d8	dbtbs_bsub_core_1373e064636d6c9b	discovery	65	71	66	71	7.5	+	GAGCGA	2.0608997344970703
EMB_prokbert_C00	tjupan_bacillus_subtilis_main_efde358c620c36bd	dbtbs_bsub_core_efde358c620c36bd	discovery	72	78	73	78	14.5	+	AAACGG	2.0640811920166016
EMB_prokbert_C00	tjupan_bacillus_subtilis_main_e9d365c0dda7757e	tjupan_bacillus_subtilis_main_e9d365c0dda7757e	discovery	27	33	28	33	-30.5	+	ATGGCC	2.0678110122680664
EMB_prokbert_C00	tjupan_bacillus_subtilis_main_74de924b5fe0230a	dbtbs_bsub_core_74de924b5fe0230a	discovery	26	32	27	32	-31.5	+	GGGCAT	2.074157953262329
EMB_prokbert_C00	tjupan_bacillus_subtilis_main_b24feeda89db5dfd	dbtbs_bsub_core_b24feeda89db5dfd	discovery	29	35	30	35	-28.5	+	GGACCG	2.074192523956299
EMB_prokbert_C00	tjupan_bacillus_subtilis_main_eb3c3d68906264b7	tjupan_bacillus_subtilis_main_eb3c3d68906264b7	discovery	40	46	41	46	-17.5	+	CAGGGT	2.0784223079681396
EMB_prokbert_C00	tjupan_bacillus_subtilis_main_fc6071b9027316a7	tjupan_bacillus_subtilis_main_fc6071b9027316a7	discovery	68	74	69	74	10.5	+	GGTGAC	2.0858352184295654
EMB_prokbert_C00	tjupan_bacillus_subtilis_main_9d34f9d9e0ee0e26	dbtbs_bsub_core_9d34f9d9e0ee0e26	discovery	38	44	39	44	-19.5	+	CGAGGT	2.0865767002105713
EMB_prokbert_C00	tjupan_bacillus_subtilis_main_adbf75412ef7d5a0	dbtbs_bsub_core_adbf75412ef7d5a0	discovery	21	27	22	27	-36.5	+	GACGGA	2.0876717567443848
EMB_prokbert_C00	tjupan_bacillus_subtilis_main_f3b59cc74d659ebc	dbtbs_bsub_core_866d6e8af07c9412	discovery	64	70	65	70	6.5	+	AGGGTT	2.0878376960754395
EMB_prokbert_C00	tjupan_bacillus_subtilis_main_962b839f321a2605	dbtbs_bsub_core_962b839f321a2605	discovery	3	9	4	9	-54.5	+	GGGAAT	2.0975310802459717
EMB_prokbert_C00	tjupan_bacillus_subtilis_main_edce5d598636e106	dbtbs_bsub_core_39acf3daf47ccd69	discovery	66	72	67	72	8.5	+	GGCGAA	2.1016550064086914
EMB_prokbert_C00	tjupan_bacillus_subtilis_main_daaf0c7fa42ef2fa	dbtbs_bsub_core_ef9625ff29774e65	discovery	72	78	73	78	14.5	+	GAGGTA	2.1057677268981934
EMB_prokbert_C00	tjupan_bacillus_subtilis_main_6b5eda10bbc36b27	dbtbs_bsub_core_0d578393adbcde98	discovery	71	77	72	77	13.5	+	GAACAG	2.106316566467285
EMB_prokbert_C00	tjupan_bacillus_subtilis_main_7cd769ed0580d73e	tjupan_bacillus_subtilis_main_7cd769ed0580d73e	discovery	63	69	64	69	5.5	+	GAGCTT	2.1068923473358154
EMB_prokbert_C00	tjupan_bacillus_subtilis_main_c229c4b94f6591ae	tjupan_bacillus_subtilis_main_c229c4b94f6591ae	discovery	5	11	6	11	-52.5	+	GAAGGT	2.1136879920959473
EMB_prokbert_C00	tjupan_bacillus_subtilis_main_32548c7fec9dc4f2	dbtbs_bsub_core_32548c7fec9dc4f2	discovery	64	70	65	70	6.5	+	GAGGTG	2.1219513416290283
EMB_prokbert_C00	tjupan_bacillus_subtilis_main_09deb32688bf8365	tjupan_bacillus_subtilis_main_09deb32688bf8365	discovery	31	37	32	37	-26.5	+	AGGCTG	2.126703977584839
EMB_prokbert_C00	tjupan_bacillus_subtilis_main_70da326395794983	tjupan_bacillus_subtilis_main_70da326395794983	discovery	1	7	2	7	-56.5	+	AGGCCG	2.1283791065216064
EMB_prokbert_C00	tjupan_bacillus_subtilis_main_fa23a6db7de139e8	tjupan_bacillus_subtilis_main_fa23a6db7de139e8	discovery	35	41	36	41	-22.5	+	ACCGGA	2.1326382160186768
EMB_prokbert_C00	tjupan_bacillus_subtilis_main_0fe342e604184137	dbtbs_bsub_core_f039c4e5fee11aa3	discovery	68	74	69	74	10.5	+	GACAGG	2.142639636993408
EMB_prokbert_C00	tjupan_bacillus_subtilis_main_aded66fe8079e578	tjupan_bacillus_subtilis_main_aded66fe8079e578	discovery	64	70	65	70	6.5	+	AAGGAC	2.146043300628662
EMB_prokbert_C00	tjupan_bacillus_subtilis_main_ca7144caa797f7bc	dbtbs_bsub_core_ca7144caa797f7bc	discovery	11	17	12	17	-46.5	+	GTGCAA	2.1478421688079834
EMB_prokbert_C00	tjupan_bacillus_subtilis_main_238ba8da2c883516	dbtbs_bsub_core_238ba8da2c883516	discovery	70	76	71	76	12.5	+	TGGAGG	2.151893138885498
EMB_prokbert_C00	tjupan_bacillus_subtilis_main_eb88f130dfce6401	tjupan_bacillus_subtilis_main_eb88f130dfce6401	discovery	74	80	75	80	16.5	+	TCGGAA	2.152013063430786
EMB_prokbert_C00	tjupan_bacillus_subtilis_main_b592a137eb4c34ff	dbtbs_bsub_core_21353889dec56b85	discovery	22	28	23	28	-35.5	+	CCTGGG	2.1613717079162598
EMB_prokbert_C00	tjupan_bacillus_subtilis_main_25308dd77914b9d9	dbtbs_bsub_core_1dc2eb4818f9715a	discovery	71	77	72	77	13.5	+	GACAGG	2.165022611618042
EMB_prokbert_C00	tjupan_bacillus_subtilis_main_b7240ec09f994729	dbtbs_bsub_core_6cadf10f2f906812	discovery	59	65	60	65	1.5	+	TGGGCT	2.1659481525421143
EMB_prokbert_C00	tjupan_bacillus_subtilis_main_ec2d75bce4a65abf	dbtbs_bsub_core_e3549a9c12f5ac55	discovery	58	64	59	64	0.5	+	AGGGAT	2.166123867034912
EMB_prokbert_C00	tjupan_bacillus_subtilis_main_84597be11ba889b8	tjupan_bacillus_subtilis_main_84597be11ba889b8	discovery	69	75	70	75	11.5	+	AACGAG	2.1663784980773926
EMB_prokbert_C00	tjupan_bacillus_subtilis_main_f9edd67964b41200	dbtbs_bsub_core_f9edd67964b41200	discovery	2	8	3	8	-55.5	+	GCAGGA	2.1784579753875732
EMB_prokbert_C00	tjupan_bacillus_subtilis_main_216653931b9dfc0d	tjupan_bacillus_subtilis_main_216653931b9dfc0d	discovery	69	75	70	75	11.5	+	ACAAGG	2.180150270462036
EMB_prokbert_C00	tjupan_bacillus_subtilis_main_ba2dc8596ef2486c	dbtbs_bsub_core_ba2dc8596ef2486c	discovery	47	53	48	53	-10.5	+	GGGTAA	2.1905083656311035
EMB_prokbert_C00	tjupan_bacillus_subtilis_main_202644f8a02efab9	dbtbs_bsub_core_f4d81ad6a0709a55	discovery	71	77	72	77	13.5	+	ACAGGG	2.200882911682129
EMB_prokbert_C00	tjupan_bacillus_subtilis_main_5cf51ca317588066	tjupan_bacillus_subtilis_main_5cf51ca317588066	discovery	62	68	63	68	4.5	+	GTAAGG	2.209214448928833
EMB_prokbert_C00	tjupan_bacillus_subtilis_main_0cc8abc9b551141c	dbtbs_bsub_core_0cc8abc9b551141c	discovery	5	11	6	11	-52.5	+	AAGGGT	2.2115535736083984
EMB_prokbert_C00	tjupan_bacillus_subtilis_main_9f03f134e6b67be2	tjupan_bacillus_subtilis_main_9f03f134e6b67be2	discovery	20	26	21	26	-37.5	+	GGGGAG	2.2196662425994873
EMB_prokbert_C00	tjupan_bacillus_subtilis_main_6901d7d50287d8c1	dbtbs_bsub_core_6901d7d50287d8c1	discovery	40	46	41	46	-17.5	+	CGGGAA	2.2273995876312256
EMB_prokbert_C00	tjupan_bacillus_subtilis_main_47a0d4425a7cca49	tjupan_bacillus_subtilis_main_47a0d4425a7cca49	discovery	42	48	43	48	-15.5	+	ACAGCA	2.235405445098877
EMB_prokbert_C00	tjupan_bacillus_subtilis_main_ba49f50d8b0af1c7	dbtbs_bsub_core_8a4a22c637647f42	discovery	59	65	60	65	1.5	+	TTGAGG	2.2405431270599365
EMB_prokbert_C00	tjupan_bacillus_subtilis_main_f6c5351a3e225d0c	dbtbs_bsub_core_f6c5351a3e225d0c	discovery	13	19	14	19	-44.5	+	GACGGA	2.2454323768615723
EMB_prokbert_C00	tjupan_bacillus_subtilis_main_c2a5e00f908ba88c	dbtbs_bsub_core_c2a5e00f908ba88c	discovery	70	76	71	76	12.5	+	CCGAGC	2.2596871852874756
EMB_prokbert_C00	tjupan_bacillus_subtilis_main_5e34c7286340c249	dbtbs_bsub_core_0fedc539a64a99b7	discovery	52	58	53	58	-5.5	+	AATAGG	2.2645061016082764
EMB_prokbert_C00	tjupan_bacillus_subtilis_main_8a4a22c637647f42	dbtbs_bsub_core_8a4a22c637647f42	discovery	66	72	67	72	8.5	+	GGATAA	2.2689759731292725
EMB_prokbert_C00	tjupan_bacillus_subtilis_main_bebf1b31befd9c3c	dbtbs_bsub_core_bebf1b31befd9c3c	discovery	21	27	22	27	-36.5	+	TGGGAT	2.270538091659546
EMB_prokbert_C00	tjupan_bacillus_subtilis_main_ffefbc2ceaf331ea	dbtbs_bsub_core_ea5509009da1e1aa	discovery	14	20	15	20	-43.5	+	GGACCT	2.2725307941436768
EMB_prokbert_C00	tjupan_bacillus_subtilis_main_2931d3a1a20c25de	dbtbs_bsub_core_60150ba1e82823d4	discovery	1	7	2	7	-56.5	+	CGGGCT	2.281613349914551
EMB_prokbert_C00	tjupan_bacillus_subtilis_main_8cdaaf6e0b90f5df	dbtbs_bsub_core_8cdaaf6e0b90f5df	discovery	33	39	34	39	-24.5	+	AGAGGC	2.2828433513641357
EMB_prokbert_C00	tjupan_bacillus_subtilis_main_86c973796d10f50f	dbtbs_bsub_core_86c973796d10f50f	discovery	0	6	1	6	-57.5	+	CGGCAG	2.2905075550079346
EMB_prokbert_C00	tjupan_bacillus_subtilis_main_8837dc4443db7de3	tjupan_bacillus_subtilis_main_8837dc4443db7de3	discovery	75	81	76	81	17.5	+	GGCGAA	2.296126365661621
EMB_prokbert_C00	tjupan_bacillus_subtilis_main_bc41d7d0760497f9	dbtbs_bsub_core_bc41d7d0760497f9	discovery	6	12	7	12	-51.5	+	TCTGGG	2.301481008529663
EMB_prokbert_C00	tjupan_bacillus_subtilis_main_6361ce51efe0f541	dbtbs_bsub_core_b928ebfb52e4cb48	discovery	73	79	74	79	15.5	+	ACGGAT	2.3016693592071533
EMB_prokbert_C00	tjupan_bacillus_subtilis_main_737474f253397bee	tjupan_bacillus_subtilis_main_737474f253397bee	discovery	19	25	20	25	-38.5	+	CGATGG	2.3110103607177734
EMB_prokbert_C00	tjupan_bacillus_subtilis_main_82e1287a21b69715	dbtbs_bsub_core_82e1287a21b69715	discovery	8	14	9	14	-49.5	+	CCTGGG	2.3164377212524414
EMB_prokbert_C00	tjupan_bacillus_subtilis_main_619ca6b1749e92aa	tjupan_bacillus_subtilis_main_619ca6b1749e92aa	discovery	33	39	34	39	-24.5	+	GCGGCC	2.3175876140594482
EMB_prokbert_C00	tjupan_bacillus_subtilis_main_3c97e9436cb369c2	dbtbs_bsub_core_6dc10c0d490555ae	discovery	2	8	3	8	-55.5	+	CGGTCC	2.3212954998016357
EMB_prokbert_C00	tjupan_bacillus_subtilis_main_ae3d0ab77a583f3f	tjupan_bacillus_subtilis_main_ae3d0ab77a583f3f	discovery	42	48	43	48	-15.5	+	TACGGG	2.3379149436950684
EMB_prokbert_C00	tjupan_bacillus_subtilis_main_2313c7dbb458e370	dbtbs_bsub_core_98d6bef120e2925b	discovery	9	15	10	15	-48.5	+	ATGGGC	2.346531867980957
EMB_prokbert_C00	tjupan_bacillus_subtilis_main_993a308bb6e190e1	dbtbs_bsub_core_993a308bb6e190e1	discovery	70	76	71	76	12.5	+	CTCGGG	2.3468360900878906
EMB_prokbert_C00	tjupan_bacillus_subtilis_main_618f0dc5c0847866	dbtbs_bsub_core_e2f191a04a63a5f0	discovery	38	44	39	44	-19.5	+	GGGCTA	2.378614902496338
EMB_prokbert_C00	tjupan_bacillus_subtilis_main_bdf5315a71015695	dbtbs_bsub_core_c94ae7322b918d76	discovery	38	44	39	44	-19.5	+	GGAAAC	2.3860862255096436
EMB_prokbert_C00	tjupan_bacillus_subtilis_main_2c8e4076a462c87c	dbtbs_bsub_core_2c8e4076a462c87c	discovery	74	80	75	80	16.5	+	GGTCCT	2.3906710147857666
EMB_prokbert_C00	tjupan_bacillus_subtilis_main_eb51fed06d2e921e	dbtbs_bsub_core_3613f20526b705b5	discovery	65	71	66	71	7.5	+	GGGTTT	2.4144389629364014
EMB_prokbert_C00	tjupan_bacillus_subtilis_main_3be839d09df1dbe1	dbtbs_bsub_core_3be839d09df1dbe1	discovery	0	6	1	6	-57.5	+	AGCGGT	2.4491119384765625
EMB_prokbert_C00	tjupan_bacillus_subtilis_main_cb8c6e383b33abd4	dbtbs_bsub_core_cb8c6e383b33abd4	discovery	68	74	69	74	10.5	+	TTCAAG	2.452277898788452
EMB_prokbert_C00	tjupan_bacillus_subtilis_main_2db0b8f33ca38a29	tjupan_bacillus_subtilis_main_2db0b8f33ca38a29	discovery	73	79	74	79	15.5	+	TGGCCG	2.4572925567626953
EMB_prokbert_C00	tjupan_bacillus_subtilis_main_0f74e2398b4ac2a6	dbtbs_bsub_core_e5f400f6f8de25f5	discovery	73	79	74	79	15.5	+	CTAGGA	2.4736878871917725
EMB_prokbert_C00	tjupan_bacillus_subtilis_main_76885f00c763f220	dbtbs_bsub_core_07bcce23a89f64fb	discovery	55	61	56	61	-2.5	+	GGAATG	2.482694387435913
EMB_prokbert_C00	tjupan_bacillus_subtilis_main_bba2e45eb636482b	dbtbs_bsub_core_bba2e45eb636482b	discovery	74	80	75	80	16.5	+	GGTCAA	2.484241008758545
EMB_prokbert_C00	tjupan_bacillus_subtilis_main_c22e62909e814f30	dbtbs_bsub_core_e2251470d219464a	discovery	57	63	58	63	-0.5	+	GGCAGT	2.4888267517089844
EMB_prokbert_C00	tjupan_bacillus_subtilis_main_bf15c71cd5f4b9e0	dbtbs_bsub_core_79aa8a5c0f3b9558	discovery	33	39	34	39	-24.5	+	CCGGGC	2.511131763458252
EMB_prokbert_C00	tjupan_bacillus_subtilis_main_c0aec64934968747	tjupan_bacillus_subtilis_main_c0aec64934968747	discovery	42	48	43	48	-15.5	+	GGGTAG	2.5211234092712402
EMB_prokbert_C00	tjupan_bacillus_subtilis_main_8bde36b216b3390f	dbtbs_bsub_core_8bde36b216b3390f	discovery	1	7	2	7	-56.5	+	ACAGGT	2.5546436309814453
EMB_prokbert_C00	tjupan_bacillus_subtilis_main_a26ee3e07cf1eedf	dbtbs_bsub_core_a26ee3e07cf1eedf	discovery	54	60	55	60	-3.5	+	GTGGGT	2.565145492553711
EMB_prokbert_C00	tjupan_bacillus_subtilis_main_a43c85166b962f37	dbtbs_bsub_core_47d2cdeb8a491885	discovery	46	52	47	52	-11.5	+	GGGATT	2.60105562210083
EMB_prokbert_C00	tjupan_bacillus_subtilis_main_1dc6ad16ab0331f8	tjupan_bacillus_subtilis_main_1dc6ad16ab0331f8	discovery	2	8	3	8	-55.5	+	AGGCGG	2.6186068058013916
EMB_prokbert_C00	tjupan_bacillus_subtilis_main_71a2a4c64c087430	tjupan_bacillus_subtilis_main_71a2a4c64c087430	discovery	8	14	9	14	-49.5	+	AAGGGC	2.6560018062591553
EMB_prokbert_C00	tjupan_bacillus_subtilis_main_0261e5d9e5354132	tjupan_bacillus_subtilis_main_0261e5d9e5354132	discovery	71	77	72	77	13.5	+	CATGGG	2.6694765090942383
EMB_prokbert_C00	tjupan_bacillus_subtilis_main_01ae3d26fad13b71	dbtbs_bsub_core_7a9c3b7d79cfafb8	discovery	75	81	76	81	17.5	+	AGGTGT	2.6965293884277344
EMB_prokbert_C00	tjupan_bacillus_subtilis_main_fff8e3a328b3cab3	dbtbs_bsub_core_7231d94d9d77331f	discovery	67	73	68	73	9.5	+	TGCGCC	2.808345317840576
EMB_prokbert_C00	tjupan_bacillus_subtilis_main_13f211949a22c74a	dbtbs_bsub_core_bdbae944a25ddfff	discovery	0	6	1	6	-57.5	+	TGTGGA	2.92037296295166
EMB_prokbert_C00	tjupan_bacillus_subtilis_main_14a46634ed7dcff0	tjupan_bacillus_subtilis_main_14a46634ed7dcff0	discovery	0	6	1	6	-57.5	+	TTGGCC	2.99220609664917
EMB_prokbert_C00	tjupan_bacillus_subtilis_main_4181c9b10d028c59	dbtbs_bsub_core_f859289dc167ed3a	discovery	0	6	1	6	-57.5	+	TTATGG	3.127333641052246
EMB_prokbert_C00	tjupan_bacillus_subtilis_main_df2876c84282b3af	dbtbs_bsub_core_d831e470618beda7	discovery	0	6	1	6	-57.5	+	TGGCGC	3.234421968460083
EMB_prokbert_C00	tjupan_bacillus_subtilis_main_047e296b8721a352	dbtbs_bsub_core_d618c1525725d045	discovery	0	6	1	6	-57.5	+	TGCCGG	3.2542850971221924
EMB_prokbert_C00	tjupan_bacillus_subtilis_main_d04a67d8cb9ad084	dbtbs_bsub_core_d04a67d8cb9ad084	discovery	75	81	76	81	17.5	+	GCATGC	3.4020018577575684
EMB_prokbert_C00	tjupan_bacillus_subtilis_main_e28ceade6e8616fa	dbtbs_bsub_core_9b12482ac6eea2d4	discovery	75	81	76	81	17.5	+	GGTCTT	3.4422643184661865
EMB_prokbert_C01	tjupan_bacillus_subtilis_main_71eaf5cbf249113b	dbtbs_bsub_core_71eaf5cbf249113b	discovery	14	20	15	20	-43.5	+	GAAAAA	1.2150276899337769
EMB_prokbert_C01	tjupan_bacillus_subtilis_main_92c71ea9f3febc7f	dbtbs_bsub_core_c2ee7abb48038f6f	discovery	65	71	66	71	7.5	+	TAAAAA	1.2294137477874756
EMB_prokbert_C01	tjupan_bacillus_subtilis_main_993a308bb6e190e1	dbtbs_bsub_core_993a308bb6e190e1	discovery	7	13	8	13	-50.5	+	AAAAAC	1.2309062480926514
EMB_prokbert_C01	tjupan_bacillus_subtilis_main_ced72b826f4a910f	dbtbs_bsub_core_d1a4fbb8ec4bd212	discovery	30	36	31	36	-27.5	+	AAAAAG	1.2467200756072998
EMB_prokbert_C01	tjupan_bacillus_subtilis_main_94d81586c680a254	tjupan_bacillus_subtilis_main_94d81586c680a254	discovery	55	61	56	61	-2.5	+	TAAAAA	1.2507927417755127
EMB_prokbert_C01	tjupan_bacillus_subtilis_main_9e087715e3522ed4	dbtbs_bsub_core_b3df5d74f56f0610	discovery	16	22	17	22	-41.5	+	AAAAAT	1.2623597383499146
EMB_prokbert_C01	tjupan_bacillus_subtilis_main_7ac1767347438edd	dbtbs_bsub_core_5c6ce2f66e66fe9e	discovery	16	22	17	22	-41.5	+	GAAAAA	1.2638132572174072
EMB_prokbert_C01	tjupan_bacillus_subtilis_main_8b925a3983e97ebd	dbtbs_bsub_core_0346364171f10446	discovery	57	63	58	63	-0.5	+	GAAAAA	1.2657747268676758
EMB_prokbert_C01	tjupan_bacillus_subtilis_main_79d6d17268b5d0ce	dbtbs_bsub_core_94e9d8c40cf791b3	discovery	18	24	19	24	-39.5	+	GAAAAA	1.266394853591919
EMB_prokbert_C01	tjupan_bacillus_subtilis_main_bd4e9486aa695c78	tjupan_bacillus_subtilis_main_bd4e9486aa695c78	discovery	16	22	17	22	-41.5	+	AAATAA	1.2687727212905884
EMB_prokbert_C01	tjupan_bacillus_subtilis_main_3ed5570d9bd715ae	dbtbs_bsub_core_0561dd78dc44b145	discovery	14	20	15	20	-43.5	+	AAACAA	1.270918846130371
EMB_prokbert_C01	tjupan_bacillus_subtilis_main_5e8ac4f4506ef781	dbtbs_bsub_core_cdccc2e2972286a4	discovery	29	35	30	35	-28.5	+	AAAAAA	1.2743927240371704
EMB_prokbert_C01	tjupan_bacillus_subtilis_main_c0aec64934968747	tjupan_bacillus_subtilis_main_c0aec64934968747	discovery	8	14	9	14	-49.5	+	TAAAAA	1.2801299095153809
EMB_prokbert_C01	tjupan_bacillus_subtilis_main_e2d1119cb664dabf	dbtbs_bsub_core_954deecd8ab02ea9	discovery	46	52	47	52	-11.5	+	GAAAAA	1.2868090867996216
EMB_prokbert_C01	tjupan_bacillus_subtilis_main_6fc8019646ae0ec6	dbtbs_bsub_core_0346364171f10446	discovery	53	59	54	59	-4.5	+	GAAAAA	1.288716435432434
EMB_prokbert_C01	tjupan_bacillus_subtilis_main_412fe696982b64f9	dbtbs_bsub_core_412fe696982b64f9	discovery	28	34	29	34	-29.5	+	TAAAAA	1.294878363609314
EMB_prokbert_C01	tjupan_bacillus_subtilis_main_0a0035c3a0685aa9	dbtbs_bsub_core_d50ffa4df9b8add7	discovery	67	73	68	73	9.5	+	TAAAAA	1.303681492805481
EMB_prokbert_C01	tjupan_bacillus_subtilis_main_2b2db3c55e03b737	dbtbs_bsub_core_9d26dfa3049d6f00	discovery	55	61	56	61	-2.5	+	CAAAAT	1.3050931692123413
EMB_prokbert_C01	tjupan_bacillus_subtilis_main_50a7bea74c679f62	tjupan_bacillus_subtilis_main_50a7bea74c679f62	discovery	59	65	60	65	1.5	+	TAAAAA	1.306497573852539
EMB_prokbert_C01	tjupan_bacillus_subtilis_main_c2d54a415a7d048a	dbtbs_bsub_core_c2d54a415a7d048a	discovery	8	14	9	14	-49.5	+	GAAAAA	1.317366361618042
EMB_prokbert_C01	tjupan_bacillus_subtilis_main_3adf706b5413c6ce	tjupan_bacillus_subtilis_main_3adf706b5413c6ce	discovery	59	65	60	65	1.5	+	AAAAAA	1.321715235710144
EMB_prokbert_C01	tjupan_bacillus_subtilis_main_b790c6b12a43a7c6	tjupan_bacillus_subtilis_main_b790c6b12a43a7c6	discovery	57	63	58	63	-0.5	+	TTAAAG	1.3287945985794067
EMB_prokbert_C01	tjupan_bacillus_subtilis_main_91723abad13f63e4	tjupan_bacillus_subtilis_main_91723abad13f63e4	discovery	67	73	68	73	9.5	+	ACAAAA	1.3403552770614624
EMB_prokbert_C01	tjupan_bacillus_subtilis_main_45683747106d08bd	tjupan_bacillus_subtilis_main_45683747106d08bd	discovery	55	61	56	61	-2.5	+	AAAAAA	1.3461475372314453
EMB_prokbert_C01	tjupan_bacillus_subtilis_main_ff3d11f785ddd890	dbtbs_bsub_core_ff3d11f785ddd890	discovery	29	35	30	35	-28.5	+	AAAAAC	1.3577278852462769
EMB_prokbert_C01	tjupan_bacillus_subtilis_main_618f0dc5c0847866	dbtbs_bsub_core_e2f191a04a63a5f0	discovery	68	74	69	74	10.5	+	ACAAAA	1.3597887754440308
EMB_prokbert_C01	tjupan_bacillus_subtilis_main_25308dd77914b9d9	dbtbs_bsub_core_1dc2eb4818f9715a	discovery	9	15	10	15	-48.5	+	AAAAAG	1.3618215322494507
EMB_prokbert_C01	tjupan_bacillus_subtilis_main_a032a3114b7dbf1c	dbtbs_bsub_core_a032a3114b7dbf1c	discovery	29	35	30	35	-28.5	+	AACAAA	1.363301396369934
EMB_prokbert_C01	tjupan_bacillus_subtilis_main_1478640e036e0224	dbtbs_bsub_core_1478640e036e0224	discovery	65	71	66	71	7.5	+	AAAAAT	1.3732553720474243
EMB_prokbert_C01	tjupan_bacillus_subtilis_main_f04c569125ce3afa	dbtbs_bsub_core_85a34ab094cb765f	discovery	67	73	68	73	9.5	+	GAAAAA	1.3860129117965698
EMB_prokbert_C01	tjupan_bacillus_subtilis_main_256978383d162d01	dbtbs_bsub_core_256978383d162d01	discovery	6	12	7	12	-51.5	+	AAAAAT	1.397836446762085
EMB_prokbert_C01	tjupan_bacillus_subtilis_main_82e1287a21b69715	dbtbs_bsub_core_82e1287a21b69715	discovery	41	47	42	47	-16.5	+	GAAAAA	1.4008549451828003
EMB_prokbert_C01	tjupan_bacillus_subtilis_main_d0e455b1c91ba281	dbtbs_bsub_core_f6e924d0656980ad	discovery	48	54	49	54	-9.5	+	AAAAGA	1.4024839401245117
EMB_prokbert_C01	tjupan_bacillus_subtilis_main_ba49f50d8b0af1c7	dbtbs_bsub_core_8a4a22c637647f42	discovery	3	9	4	9	-54.5	+	AAAAAT	1.4073209762573242
EMB_prokbert_C01	tjupan_bacillus_subtilis_main_517410185d825f3e	tjupan_bacillus_subtilis_main_517410185d825f3e	discovery	7	13	8	13	-50.5	+	TAAAAA	1.4099098443984985
EMB_prokbert_C01	tjupan_bacillus_subtilis_main_666dd7e391a36890	dbtbs_bsub_core_666dd7e391a36890	discovery	74	80	75	80	16.5	+	TAAAAG	1.412132978439331
EMB_prokbert_C01	tjupan_bacillus_subtilis_main_de399adaaafe5be7	dbtbs_bsub_core_f1028676a1f89b0e	discovery	29	35	30	35	-28.5	+	TTAAAA	1.415979266166687
EMB_prokbert_C01	tjupan_bacillus_subtilis_main_e90961ead2da3f7b	tjupan_bacillus_subtilis_main_e90961ead2da3f7b	discovery	9	15	10	15	-48.5	+	TAAAAA	1.4162722826004028
EMB_prokbert_C01	tjupan_bacillus_subtilis_main_61d216a2a24189d0	dbtbs_bsub_core_61d216a2a24189d0	discovery	53	59	54	59	-4.5	+	TGGAAA	1.4264928102493286
EMB_prokbert_C01	tjupan_bacillus_subtilis_main_ade14dd3fdacb032	dbtbs_bsub_core_12585b08a658046e	discovery	36	42	37	42	-21.5	+	CAAAAA	1.4411216974258423
EMB_prokbert_C01	tjupan_bacillus_subtilis_main_36eed70446e6810b	dbtbs_bsub_core_36eed70446e6810b	discovery	29	35	30	35	-28.5	+	AAAAGA	1.4454190731048584
EMB_prokbert_C01	tjupan_bacillus_subtilis_main_dbf995194ebf2b2d	dbtbs_bsub_core_dbf995194ebf2b2d	discovery	40	46	41	46	-17.5	+	AAAAAA	1.4556180238723755
EMB_prokbert_C01	tjupan_bacillus_subtilis_main_adff0049bb8c9b3f	tjupan_bacillus_subtilis_main_adff0049bb8c9b3f	discovery	32	38	33	38	-25.5	+	TAAAAA	1.4576187133789062
EMB_prokbert_C01	tjupan_bacillus_subtilis_main_b7240ec09f994729	dbtbs_bsub_core_6cadf10f2f906812	discovery	68	74	69	74	10.5	+	CAAAAA	1.4583137035369873
EMB_prokbert_C01	tjupan_bacillus_subtilis_main_4d08fa1f606ad269	tjupan_bacillus_subtilis_main_4d08fa1f606ad269	discovery	70	76	71	76	12.5	+	TAAAAA	1.4585388898849487
EMB_prokbert_C01	tjupan_bacillus_subtilis_main_691e7ded333dd616	dbtbs_bsub_core_691e7ded333dd616	discovery	14	20	15	20	-43.5	+	TAAAAA	1.461329460144043
EMB_prokbert_C01	tjupan_bacillus_subtilis_main_8b7394af6b78d50f	dbtbs_bsub_core_c890b4346c03f247	discovery	65	71	66	71	7.5	+	GAAAAA	1.465929388999939
EMB_prokbert_C01	tjupan_bacillus_subtilis_main_796368712c0cdecb	tjupan_bacillus_subtilis_main_796368712c0cdecb	discovery	68	74	69	74	10.5	+	GAAAAA	1.468297004699707
EMB_prokbert_C01	tjupan_bacillus_subtilis_main_c229c4b94f6591ae	tjupan_bacillus_subtilis_main_c229c4b94f6591ae	discovery	60	66	61	66	2.5	+	AATAAA	1.469955563545227
EMB_prokbert_C01	tjupan_bacillus_subtilis_main_ade9dc791ab39f6c	dbtbs_bsub_core_ade9dc791ab39f6c	discovery	39	45	40	45	-18.5	+	TAAAAA	1.4774584770202637
EMB_prokbert_C01	tjupan_bacillus_subtilis_main_a31f56ff3ee450d4	dbtbs_bsub_core_1c4407f77cf4bab2	discovery	61	67	62	67	3.5	+	AAAATT	1.4776947498321533
EMB_prokbert_C01	tjupan_bacillus_subtilis_main_2be0a0a038238614	tjupan_bacillus_subtilis_main_2be0a0a038238614	discovery	60	66	61	66	2.5	+	AGAAAA	1.4777891635894775
EMB_prokbert_C01	tjupan_bacillus_subtilis_main_26786ec6f94b1750	dbtbs_bsub_core_26786ec6f94b1750	discovery	53	59	54	59	-4.5	+	TAAAAA	1.4818824529647827
EMB_prokbert_C01	tjupan_bacillus_subtilis_main_0acb3976b9331524	tjupan_bacillus_subtilis_main_0acb3976b9331524	discovery	14	20	15	20	-43.5	+	TAAAAA	1.48650062084198
EMB_prokbert_C01	tjupan_bacillus_subtilis_main_163772f02671a528	tjupan_bacillus_subtilis_main_163772f02671a528	discovery	22	28	23	28	-35.5	+	AAATAA	1.4872565269470215
EMB_prokbert_C01	tjupan_bacillus_subtilis_main_036f4e66b4e66745	dbtbs_bsub_core_7b26bab7de636614	discovery	59	65	60	65	1.5	+	GAAAAT	1.4945873022079468
EMB_prokbert_C01	tjupan_bacillus_subtilis_main_982fa9762732f05a	tjupan_bacillus_subtilis_main_982fa9762732f05a	discovery	24	30	25	30	-33.5	+	CAAAAT	1.4961823225021362
EMB_prokbert_C01	tjupan_bacillus_subtilis_main_e62d7e001687b19a	tjupan_bacillus_subtilis_main_e62d7e001687b19a	discovery	31	37	32	37	-26.5	+	AAAAGA	1.4986873865127563
EMB_prokbert_C01	tjupan_bacillus_subtilis_main_49e8e3a6681b011d	dbtbs_bsub_core_e14a6f906af1fa54	discovery	42	48	43	48	-15.5	+	TAAAAA	1.503304362297058
EMB_prokbert_C01	tjupan_bacillus_subtilis_main_fe2a626ec63a594e	dbtbs_bsub_core_abc060d81660f90c	discovery	21	27	22	27	-36.5	+	ACAAAA	1.5033265352249146
EMB_prokbert_C01	tjupan_bacillus_subtilis_main_d497e040ececfdff	dbtbs_bsub_core_a797439cbe2b0d85	discovery	64	70	65	70	6.5	+	AAAAGA	1.5036715269088745
EMB_prokbert_C01	tjupan_bacillus_subtilis_main_01ae3d26fad13b71	dbtbs_bsub_core_7a9c3b7d79cfafb8	discovery	2	8	3	8	-55.5	+	TAAAAT	1.508005142211914
EMB_prokbert_C01	tjupan_bacillus_subtilis_main_e9623f8193af34e0	dbtbs_bsub_core_e9623f8193af34e0	discovery	34	40	35	40	-23.5	+	GAAAAA	1.5083011388778687
EMB_prokbert_C01	tjupan_bacillus_subtilis_main_48b85a8a5c19ece4	dbtbs_bsub_core_7730e205ee5d9991	discovery	30	36	31	36	-27.5	+	TAAAAA	1.5099581480026245
EMB_prokbert_C01	tjupan_bacillus_subtilis_main_ef37e7c4f77cfd3f	tjupan_bacillus_subtilis_main_ef37e7c4f77cfd3f	discovery	42	48	43	48	-15.5	+	ATAAAA	1.5158836841583252
EMB_prokbert_C01	tjupan_bacillus_subtilis_main_5e30b1d213eba695	tjupan_bacillus_subtilis_main_5e30b1d213eba695	discovery	36	42	37	42	-21.5	+	CAAAAA	1.519500732421875
EMB_prokbert_C01	tjupan_bacillus_subtilis_main_d24ab9ea2522f43e	dbtbs_bsub_core_e391b9fe5a0b653f	discovery	36	42	37	42	-21.5	+	AAAAGA	1.5277339220046997
EMB_prokbert_C01	tjupan_bacillus_subtilis_main_43fbda6e3c3abdae	dbtbs_bsub_core_c62c8589a5774a74	discovery	23	29	24	29	-34.5	+	AATTGA	1.5281825065612793
EMB_prokbert_C01	tjupan_bacillus_subtilis_main_b24feeda89db5dfd	dbtbs_bsub_core_b24feeda89db5dfd	discovery	53	59	54	59	-4.5	+	TGAAAA	1.530240774154663
EMB_prokbert_C01	tjupan_bacillus_subtilis_main_d1b10b64ac040b8c	dbtbs_bsub_core_3a6c62def340fb72	discovery	40	46	41	46	-17.5	+	CAAAAA	1.5314033031463623
EMB_prokbert_C01	tjupan_bacillus_subtilis_main_cf3def291394eeb9	tjupan_bacillus_subtilis_main_cf3def291394eeb9	discovery	5	11	6	11	-52.5	+	AAAAAT	1.532425045967102
EMB_prokbert_C01	tjupan_bacillus_subtilis_main_a723fdca1013c0b5	dbtbs_bsub_core_a723fdca1013c0b5	discovery	62	68	63	68	4.5	+	TAAAAA	1.5342844724655151
EMB_prokbert_C01	tjupan_bacillus_subtilis_main_ab3313558a015086	dbtbs_bsub_core_ab3313558a015086	discovery	6	12	7	12	-51.5	+	AAAAAC	1.5343130826950073
EMB_prokbert_C01	tjupan_bacillus_subtilis_main_118649b56e4ec470	tjupan_bacillus_subtilis_main_118649b56e4ec470	discovery	65	71	66	71	7.5	+	AAAAAA	1.5347908735275269
EMB_prokbert_C01	tjupan_bacillus_subtilis_main_ec009cfbae4f5210	dbtbs_bsub_core_ec009cfbae4f5210	discovery	16	22	17	22	-41.5	+	AAAAAA	1.5362191200256348
EMB_prokbert_C01	tjupan_bacillus_subtilis_main_7c1cf5cd36017844	tjupan_bacillus_subtilis_main_7c1cf5cd36017844	discovery	19	25	20	25	-38.5	+	AATAAA	1.5390629768371582
EMB_prokbert_C01	tjupan_bacillus_subtilis_main_a0eee3dddaf07ac3	tjupan_bacillus_subtilis_main_a0eee3dddaf07ac3	discovery	3	9	4	9	-54.5	+	GAAAAA	1.5391086339950562
EMB_prokbert_C01	tjupan_bacillus_subtilis_main_2330b24ab93e80ef	dbtbs_bsub_core_747f22d2323a8765	discovery	39	45	40	45	-18.5	+	CAAAAA	1.5402253866195679
EMB_prokbert_C01	tjupan_bacillus_subtilis_main_7bd42a66d387ec94	dbtbs_bsub_core_5cf240f92a00f0e3	discovery	14	20	15	20	-43.5	+	AAAATT	1.540631890296936
EMB_prokbert_C01	tjupan_bacillus_subtilis_main_c648ac4df22b0f89	dbtbs_bsub_core_c648ac4df22b0f89	discovery	14	20	15	20	-43.5	+	CAAAAA	1.5490280389785767
EMB_prokbert_C01	tjupan_bacillus_subtilis_main_c22e62909e814f30	dbtbs_bsub_core_e2251470d219464a	discovery	37	43	38	43	-20.5	+	TAAAAA	1.5493390560150146
EMB_prokbert_C01	tjupan_bacillus_subtilis_main_8e892e5639ef0ac1	dbtbs_bsub_core_d25c674b3a14df1a	discovery	53	59	54	59	-4.5	+	TAAAAA	1.5514658689498901
EMB_prokbert_C01	tjupan_bacillus_subtilis_main_bb68072522710571	dbtbs_bsub_core_bb68072522710571	discovery	30	36	31	36	-27.5	+	AAAAAA	1.5569993257522583
EMB_prokbert_C01	tjupan_bacillus_subtilis_main_9ab6c96db0706f0e	dbtbs_bsub_core_c190339743385950	discovery	53	59	54	59	-4.5	+	AAGAAA	1.5621066093444824
EMB_prokbert_C01	tjupan_bacillus_subtilis_main_f58412ec32c641aa	dbtbs_bsub_core_bba92a46eba6f8e0	discovery	5	11	6	11	-52.5	+	AAAAAA	1.5631883144378662
EMB_prokbert_C01	tjupan_bacillus_subtilis_main_980ab95cde029f78	tjupan_bacillus_subtilis_main_980ab95cde029f78	discovery	4	10	5	10	-53.5	+	AAAAAA	1.5702252388000488
EMB_prokbert_C01	tjupan_bacillus_subtilis_main_daaf0c7fa42ef2fa	dbtbs_bsub_core_ef9625ff29774e65	discovery	54	60	55	60	-3.5	+	TTAAAA	1.5716402530670166
EMB_prokbert_C01	tjupan_bacillus_subtilis_main_a9fde0fdd238b261	dbtbs_bsub_core_06588c97cd7288a8	discovery	60	66	61	66	2.5	+	TAAAAA	1.5788867473602295
EMB_prokbert_C01	tjupan_bacillus_subtilis_main_487ce40a67c6d939	tjupan_bacillus_subtilis_main_487ce40a67c6d939	discovery	65	71	66	71	7.5	+	GAAAAA	1.5809922218322754
EMB_prokbert_C01	tjupan_bacillus_subtilis_main_bba2e45eb636482b	dbtbs_bsub_core_bba2e45eb636482b	discovery	38	44	39	44	-19.5	+	TAAAAG	1.5828055143356323
EMB_prokbert_C01	tjupan_bacillus_subtilis_main_a2cd64f7b02e9630	tjupan_bacillus_subtilis_main_a2cd64f7b02e9630	discovery	17	23	18	23	-40.5	+	AAAAAA	1.583292007446289
EMB_prokbert_C01	tjupan_bacillus_subtilis_main_3c72a88384ee6013	tjupan_bacillus_subtilis_main_3c72a88384ee6013	discovery	30	36	31	36	-27.5	+	ACAAAA	1.5874284505844116
EMB_prokbert_C01	tjupan_bacillus_subtilis_main_32548c7fec9dc4f2	dbtbs_bsub_core_32548c7fec9dc4f2	discovery	19	25	20	25	-38.5	+	AAAAAT	1.5888428688049316
EMB_prokbert_C01	tjupan_bacillus_subtilis_main_8a4a22c637647f42	dbtbs_bsub_core_8a4a22c637647f42	discovery	2	8	3	8	-55.5	+	AAAAAT	1.5892232656478882
EMB_prokbert_C01	tjupan_bacillus_subtilis_main_a1ad6ce2d20c389b	dbtbs_bsub_core_539bc60476254ff5	discovery	50	56	51	56	-7.5	+	AAAATA	1.5897465944290161
EMB_prokbert_C01	tjupan_bacillus_subtilis_main_0b565809576a9e0f	dbtbs_bsub_core_0fcadafa827fb8cf	discovery	68	74	69	74	10.5	+	ACAAAA	1.5918002128601074
EMB_prokbert_C01	tjupan_bacillus_subtilis_main_354da8035d16f701	dbtbs_bsub_core_1ee6e81d7c1d1fa1	discovery	72	78	73	78	14.5	+	TAAAAA	1.5934444665908813
EMB_prokbert_C01	tjupan_bacillus_subtilis_main_d33162cb12a5a549	tjupan_bacillus_subtilis_main_d33162cb12a5a549	discovery	59	65	60	65	1.5	+	CAAAAG	1.5971999168395996
EMB_prokbert_C01	tjupan_bacillus_subtilis_main_6361ce51efe0f541	dbtbs_bsub_core_b928ebfb52e4cb48	discovery	17	23	18	23	-40.5	+	ATAAAA	1.5985544919967651
EMB_prokbert_C01	tjupan_bacillus_subtilis_main_88d6ae8ec11f6e65	tjupan_bacillus_subtilis_main_88d6ae8ec11f6e65	discovery	15	21	16	21	-42.5	+	CAAAAT	1.606520175933838
EMB_prokbert_C01	tjupan_bacillus_subtilis_main_66846fa14c29dbc1	dbtbs_bsub_core_89ab3601fa8ac055	discovery	15	21	16	21	-42.5	+	GTTAAA	1.6076250076293945
EMB_prokbert_C01	tjupan_bacillus_subtilis_main_5f8b6936b2e52932	tjupan_bacillus_subtilis_main_5f8b6936b2e52932	discovery	35	41	36	41	-22.5	+	TAAAAA	1.6101844310760498
EMB_prokbert_C01	tjupan_bacillus_subtilis_main_e9d365c0dda7757e	tjupan_bacillus_subtilis_main_e9d365c0dda7757e	discovery	72	78	73	78	14.5	+	AAAAGA	1.6123690605163574
EMB_prokbert_C01	tjupan_bacillus_subtilis_main_10eda96ea4199e8c	dbtbs_bsub_core_10eda96ea4199e8c	discovery	35	41	36	41	-22.5	+	CAAAAT	1.6131587028503418
EMB_prokbert_C01	tjupan_bacillus_subtilis_main_a61c0978ae294759	tjupan_bacillus_subtilis_main_a61c0978ae294759	discovery	30	36	31	36	-27.5	+	TAAAAA	1.6137508153915405
EMB_prokbert_C01	tjupan_bacillus_subtilis_main_cb8c6e383b33abd4	dbtbs_bsub_core_cb8c6e383b33abd4	discovery	38	44	39	44	-19.5	+	GAAAAA	1.6146005392074585
EMB_prokbert_C01	tjupan_bacillus_subtilis_main_636c41b820e9fd5d	tjupan_bacillus_subtilis_main_636c41b820e9fd5d	discovery	69	75	70	75	11.5	+	CAAAAG	1.6176066398620605
EMB_prokbert_C01	tjupan_bacillus_subtilis_main_0ba2ad2fd14630a8	dbtbs_bsub_core_0ba2ad2fd14630a8	discovery	66	72	67	72	8.5	+	ATAAAA	1.617676019668579
EMB_prokbert_C01	tjupan_bacillus_subtilis_main_4fa5d89620e7d8ce	dbtbs_bsub_core_5eb05bc57612da6d	discovery	35	41	36	41	-22.5	+	CAAAAC	1.6178852319717407
EMB_prokbert_C01	tjupan_bacillus_subtilis_main_3ec4c8abee3f7a8e	dbtbs_bsub_core_c18c3f10dff5c627	discovery	16	22	17	22	-41.5	+	AAAAAA	1.6215165853500366
EMB_prokbert_C01	tjupan_bacillus_subtilis_main_1f2ca280ccaab774	tjupan_bacillus_subtilis_main_1f2ca280ccaab774	discovery	4	10	5	10	-53.5	+	AAAGAA	1.6247117519378662
EMB_prokbert_C01	tjupan_bacillus_subtilis_main_1db11a6d86ff5865	tjupan_bacillus_subtilis_main_1db11a6d86ff5865	discovery	60	66	61	66	2.5	+	AAAACA	1.6286814212799072
EMB_prokbert_C01	tjupan_bacillus_subtilis_main_1b0cfe46f303d3fa	dbtbs_bsub_core_56695775e253190c	discovery	4	10	5	10	-53.5	+	AAAATA	1.6293643712997437
EMB_prokbert_C01	tjupan_bacillus_subtilis_main_09deb32688bf8365	tjupan_bacillus_subtilis_main_09deb32688bf8365	discovery	5	11	6	11	-52.5	+	AAAAAA	1.6313740015029907
EMB_prokbert_C01	tjupan_bacillus_subtilis_main_56fbf5e1ebfb46d1	dbtbs_bsub_core_56fbf5e1ebfb46d1	discovery	13	19	14	19	-44.5	+	AAAAAA	1.6349669694900513
EMB_prokbert_C01	tjupan_bacillus_subtilis_main_5eccf0b4b51999b8	tjupan_bacillus_subtilis_main_5eccf0b4b51999b8	discovery	53	59	54	59	-4.5	+	AAAAAA	1.6373730897903442
EMB_prokbert_C01	tjupan_bacillus_subtilis_main_754ac4e873f6c24d	tjupan_bacillus_subtilis_main_754ac4e873f6c24d	discovery	58	64	59	64	0.5	+	GCAAAA	1.6390254497528076
EMB_prokbert_C01	tjupan_bacillus_subtilis_main_85511e0264f2e3b8	dbtbs_bsub_core_35445cef3104bf74	discovery	35	41	36	41	-22.5	+	ACAAAA	1.6395076513290405
EMB_prokbert_C01	tjupan_bacillus_subtilis_main_fa23a6db7de139e8	tjupan_bacillus_subtilis_main_fa23a6db7de139e8	discovery	12	18	13	18	-45.5	+	AACAAA	1.6417310237884521
EMB_prokbert_C01	tjupan_bacillus_subtilis_main_fde7c2aaac5c57ce	dbtbs_bsub_core_fde7c2aaac5c57ce	discovery	9	15	10	15	-48.5	+	TTAAAA	1.6421079635620117
EMB_prokbert_C01	tjupan_bacillus_subtilis_main_3270409c742f3314	dbtbs_bsub_core_edd6f2ee95c58508	discovery	13	19	14	19	-44.5	+	AAAAAA	1.6441951990127563
EMB_prokbert_C01	tjupan_bacillus_subtilis_main_2b17d905bac0c3bc	dbtbs_bsub_core_2b17d905bac0c3bc	discovery	9	15	10	15	-48.5	+	TCAAAA	1.6463863849639893
EMB_prokbert_C01	tjupan_bacillus_subtilis_main_4181c9b10d028c59	dbtbs_bsub_core_f859289dc167ed3a	discovery	29	35	30	35	-28.5	+	CAAAAA	1.6476713418960571
EMB_prokbert_C01	tjupan_bacillus_subtilis_main_3be839d09df1dbe1	dbtbs_bsub_core_3be839d09df1dbe1	discovery	31	37	32	37	-26.5	+	TCAAAA	1.648699402809143
EMB_prokbert_C01	tjupan_bacillus_subtilis_main_9c3cc423ec1465b1	dbtbs_bsub_core_9c3cc423ec1465b1	discovery	34	40	35	40	-23.5	+	ACAAAA	1.6530226469039917
EMB_prokbert_C01	tjupan_bacillus_subtilis_main_64dfe397c07a4656	dbtbs_bsub_core_99013d44fc3df9d1	discovery	59	65	60	65	1.5	+	TAAAAG	1.6555019617080688
EMB_prokbert_C01	tjupan_bacillus_subtilis_main_09dd4c8ba7bc09c6	dbtbs_bsub_core_09dd4c8ba7bc09c6	discovery	14	20	15	20	-43.5	+	TAAAAA	1.6559926271438599
EMB_prokbert_C01	tjupan_bacillus_subtilis_main_ffefbc2ceaf331ea	dbtbs_bsub_core_ea5509009da1e1aa	discovery	8	14	9	14	-49.5	+	GAAAAA	1.6566550731658936
EMB_prokbert_C01	tjupan_bacillus_subtilis_main_acb860b1f6674578	dbtbs_bsub_core_f1e6e06788e9c9fd	discovery	42	48	43	48	-15.5	+	AAAAAA	1.6615417003631592
EMB_prokbert_C01	tjupan_bacillus_subtilis_main_901b18a9982b4e95	tjupan_bacillus_subtilis_main_901b18a9982b4e95	discovery	15	21	16	21	-42.5	+	TAAAAA	1.6645060777664185
EMB_prokbert_C01	tjupan_bacillus_subtilis_main_272e2f2c83a48fab	dbtbs_bsub_core_272e2f2c83a48fab	discovery	29	35	30	35	-28.5	+	CAAAAA	1.6676228046417236
EMB_prokbert_C01	tjupan_bacillus_subtilis_main_d9cd9789d0fb01a3	dbtbs_bsub_core_c190339743385950	discovery	3	9	4	9	-54.5	+	AAAAAC	1.6693336963653564
EMB_prokbert_C01	tjupan_bacillus_subtilis_main_cd161e304d76229d	dbtbs_bsub_core_6d139485f356aaca	discovery	3	9	4	9	-54.5	+	GAAAAA	1.6702134609222412
EMB_prokbert_C01	tjupan_bacillus_subtilis_main_e95909bd7e136f46	dbtbs_bsub_core_426aaa712ced5536	discovery	71	77	72	77	13.5	+	GAAAAA	1.6728198528289795
EMB_prokbert_C01	tjupan_bacillus_subtilis_main_6390012fbb39ca22	tjupan_bacillus_subtilis_main_6390012fbb39ca22	discovery	28	34	29	34	-29.5	+	AAAAAA	1.6740597486495972
EMB_prokbert_C01	tjupan_bacillus_subtilis_main_4b32f81551985923	tjupan_bacillus_subtilis_main_4b32f81551985923	discovery	57	63	58	63	-0.5	+	AATAAA	1.674859642982483
EMB_prokbert_C01	tjupan_bacillus_subtilis_main_73f2f27ec267a871	dbtbs_bsub_core_77a7b73eeb200478	discovery	11	17	12	17	-46.5	+	AAGCAA	1.6749035120010376
EMB_prokbert_C01	tjupan_bacillus_subtilis_main_f9edd67964b41200	dbtbs_bsub_core_f9edd67964b41200	discovery	30	36	31	36	-27.5	+	AAAAAT	1.6750116348266602
EMB_prokbert_C01	tjupan_bacillus_subtilis_main_af51a9f7939c4cfb	dbtbs_bsub_core_49fc6b8175a85db6	discovery	52	58	53	58	-5.5	+	AAAAGT	1.6769410371780396
EMB_prokbert_C01	tjupan_bacillus_subtilis_main_e0774d83207a7dd7	dbtbs_bsub_core_2b17d905bac0c3bc	discovery	10	16	11	16	-47.5	+	TCAAAA	1.677527666091919
EMB_prokbert_C01	tjupan_bacillus_subtilis_main_1dc6ad16ab0331f8	tjupan_bacillus_subtilis_main_1dc6ad16ab0331f8	discovery	38	44	39	44	-19.5	+	AAAAAA	1.6793571710586548
EMB_prokbert_C01	tjupan_bacillus_subtilis_main_13f36fd95a25452a	tjupan_bacillus_subtilis_main_13f36fd95a25452a	discovery	3	9	4	9	-54.5	+	AATAAA	1.6838093996047974
EMB_prokbert_C01	tjupan_bacillus_subtilis_main_fae71e59d553e455	dbtbs_bsub_core_fae71e59d553e455	discovery	70	76	71	76	12.5	+	TAAAAA	1.6876282691955566
EMB_prokbert_C01	tjupan_bacillus_subtilis_main_e4dda028e03de313	dbtbs_bsub_core_e4dda028e03de313	discovery	16	22	17	22	-41.5	+	AAAAAA	1.6908650398254395
EMB_prokbert_C01	tjupan_bacillus_subtilis_main_0ad5dcad37f1ba39	dbtbs_bsub_core_712e4b81f6fdb41a	discovery	12	18	13	18	-45.5	+	CAAAAA	1.6929293870925903
EMB_prokbert_C01	tjupan_bacillus_subtilis_main_0b104549c8fd9755	dbtbs_bsub_core_0b104549c8fd9755	discovery	27	33	28	33	-30.5	+	AAAAAA	1.6984715461730957
EMB_prokbert_C01	tjupan_bacillus_subtilis_main_6c11169e185f76df	dbtbs_bsub_core_6c11169e185f76df	discovery	16	22	17	22	-41.5	+	CAAAAA	1.7028753757476807
EMB_prokbert_C01	tjupan_bacillus_subtilis_main_0b7b75ba67f19880	dbtbs_bsub_core_0b7b75ba67f19880	discovery	4	10	5	10	-53.5	+	AAAAAG	1.7060333490371704
EMB_prokbert_C01	tjupan_bacillus_subtilis_main_76909c0ebd8db916	dbtbs_bsub_core_d5153844984277ea	discovery	16	22	17	22	-41.5	+	TTAAAA	1.7143232822418213
EMB_prokbert_C01	tjupan_bacillus_subtilis_main_b7c0eae7293a1bfc	dbtbs_bsub_core_0bfdb592513badc4	discovery	11	17	12	17	-46.5	+	ATAAAA	1.7165614366531372
EMB_prokbert_C01	tjupan_bacillus_subtilis_main_32aff5c8192321bb	dbtbs_bsub_core_76636d30cbe1eec3	discovery	28	34	29	34	-29.5	+	AAAAAA	1.717320442199707
EMB_prokbert_C01	tjupan_bacillus_subtilis_main_ff61268918c0af5d	tjupan_bacillus_subtilis_main_ff61268918c0af5d	discovery	16	22	17	22	-41.5	+	AGAAAC	1.718695044517517
EMB_prokbert_C01	tjupan_bacillus_subtilis_main_3eb701a469cb4095	tjupan_bacillus_subtilis_main_3eb701a469cb4095	discovery	60	66	61	66	2.5	+	AAAAAA	1.7188843488693237
EMB_prokbert_C01	tjupan_bacillus_subtilis_main_2e59e247c2d07b0b	tjupan_bacillus_subtilis_main_2e59e247c2d07b0b	discovery	18	24	19	24	-39.5	+	AAAAAA	1.719117522239685
EMB_prokbert_C01	tjupan_bacillus_subtilis_main_a2eb9b766304b405	dbtbs_bsub_core_adaec4e024668ee2	discovery	8	14	9	14	-49.5	+	GAAAAT	1.7267135381698608
EMB_prokbert_C01	tjupan_bacillus_subtilis_main_9a6d97baf1c02d30	dbtbs_bsub_core_9a6d97baf1c02d30	discovery	29	35	30	35	-28.5	+	CAAAAA	1.7326544523239136
EMB_prokbert_C01	tjupan_bacillus_subtilis_main_fbae385e087109ce	tjupan_bacillus_subtilis_main_fbae385e087109ce	discovery	36	42	37	42	-21.5	+	GAAAAT	1.7385674715042114
EMB_prokbert_C01	tjupan_bacillus_subtilis_main_7cd769ed0580d73e	tjupan_bacillus_subtilis_main_7cd769ed0580d73e	discovery	7	13	8	13	-50.5	+	GAAAAA	1.7397297620773315
EMB_prokbert_C01	tjupan_bacillus_subtilis_main_2a051d7d075d7920	tjupan_bacillus_subtilis_main_2a051d7d075d7920	discovery	19	25	20	25	-38.5	+	TAAAAA	1.7409274578094482
EMB_prokbert_C01	tjupan_bacillus_subtilis_main_06d485c4aaa12e15	dbtbs_bsub_core_06d485c4aaa12e15	discovery	6	12	7	12	-51.5	+	AAAAAC	1.7419719696044922
EMB_prokbert_C01	tjupan_bacillus_subtilis_main_ae3d0ab77a583f3f	tjupan_bacillus_subtilis_main_ae3d0ab77a583f3f	discovery	29	35	30	35	-28.5	+	TAAAAA	1.742411494255066
EMB_prokbert_C01	tjupan_bacillus_subtilis_main_b47674f2cd66e067	tjupan_bacillus_subtilis_main_b47674f2cd66e067	discovery	70	76	71	76	12.5	+	AAAAAA	1.744248867034912
EMB_prokbert_C01	tjupan_bacillus_subtilis_main_86c973796d10f50f	dbtbs_bsub_core_86c973796d10f50f	discovery	5	11	6	11	-52.5	+	GAAAAT	1.745362639427185
EMB_prokbert_C01	tjupan_bacillus_subtilis_main_7d976c34bed90c97	tjupan_bacillus_subtilis_main_7d976c34bed90c97	discovery	4	10	5	10	-53.5	+	TAAAAA	1.7503645420074463
EMB_prokbert_C01	tjupan_bacillus_subtilis_main_8f7d87652de79d90	dbtbs_bsub_core_8f7d87652de79d90	discovery	59	65	60	65	1.5	+	GAAAAA	1.7506022453308105
EMB_prokbert_C01	tjupan_bacillus_subtilis_main_7bc9aa9d4ad371af	dbtbs_bsub_core_7bc9aa9d4ad371af	discovery	47	53	48	53	-10.5	+	AAAATT	1.7564637660980225
EMB_prokbert_C01	tjupan_bacillus_subtilis_main_20bbba0ce59de449	dbtbs_bsub_core_20bbba0ce59de449	discovery	8	14	9	14	-49.5	+	TGAAAA	1.7585885524749756
EMB_prokbert_C01	tjupan_bacillus_subtilis_main_2c9e8a462277f7da	dbtbs_bsub_core_f7573fed016c047b	discovery	38	44	39	44	-19.5	+	CAAAAG	1.761481761932373
EMB_prokbert_C01	tjupan_bacillus_subtilis_main_7358cf40e4efa482	tjupan_bacillus_subtilis_main_7358cf40e4efa482	discovery	48	54	49	54	-9.5	+	TTAAAA	1.7678974866867065
EMB_prokbert_C01	tjupan_bacillus_subtilis_main_dc21315df009d1aa	dbtbs_bsub_core_4631e0ee0e2e12e5	discovery	30	36	31	36	-27.5	+	ATAAAA	1.7736610174179077
EMB_prokbert_C01	tjupan_bacillus_subtilis_main_2a3c695bd1a0b4c9	tjupan_bacillus_subtilis_main_2a3c695bd1a0b4c9	discovery	8	14	9	14	-49.5	+	TAAAAA	1.7738893032073975
EMB_prokbert_C01	tjupan_bacillus_subtilis_main_ca7deec2e4330ae4	tjupan_bacillus_subtilis_main_ca7deec2e4330ae4	discovery	16	22	17	22	-41.5	+	CAAAAA	1.7785568237304688
EMB_prokbert_C01	tjupan_bacillus_subtilis_main_5e3ef261f40425ef	tjupan_bacillus_subtilis_main_5e3ef261f40425ef	discovery	13	19	14	19	-44.5	+	ATAAAA	1.780694842338562
EMB_prokbert_C01	tjupan_bacillus_subtilis_main_2931d3a1a20c25de	dbtbs_bsub_core_60150ba1e82823d4	discovery	69	75	70	75	11.5	+	GAAAAT	1.781453251838684
EMB_prokbert_C01	tjupan_bacillus_subtilis_main_f05d30123c592277	dbtbs_bsub_core_f05d30123c592277	discovery	73	79	74	79	15.5	+	GAAAAT	1.782019019126892
EMB_prokbert_C01	tjupan_bacillus_subtilis_main_84597be11ba889b8	tjupan_bacillus_subtilis_main_84597be11ba889b8	discovery	11	17	12	17	-46.5	+	AATTAA	1.7833000421524048
EMB_prokbert_C01	tjupan_bacillus_subtilis_main_e47a55cd702f35e7	dbtbs_bsub_core_175bcd2ea2263ee4	discovery	72	78	73	78	14.5	+	TAAAAC	1.7837799787521362
EMB_prokbert_C01	tjupan_bacillus_subtilis_main_c9a32e1db5125d7c	dbtbs_bsub_core_c9a32e1db5125d7c	discovery	35	41	36	41	-22.5	+	TGAAAA	1.7853423357009888
EMB_prokbert_C01	tjupan_bacillus_subtilis_main_76885f00c763f220	dbtbs_bsub_core_07bcce23a89f64fb	discovery	8	14	9	14	-49.5	+	AAAAAA	1.7890217304229736
EMB_prokbert_C01	tjupan_bacillus_subtilis_main_c1bd3e378306e57e	tjupan_bacillus_subtilis_main_c1bd3e378306e57e	discovery	71	77	72	77	13.5	+	GAAAAA	1.7906222343444824
EMB_prokbert_C01	tjupan_bacillus_subtilis_main_f7fb3b6a673b2fe9	dbtbs_bsub_core_4c8b5a3cc4c24c6c	discovery	36	42	37	42	-21.5	+	AAAAAT	1.797339677810669
EMB_prokbert_C01	tjupan_bacillus_subtilis_main_5cf51ca317588066	tjupan_bacillus_subtilis_main_5cf51ca317588066	discovery	0	6	1	6	-57.5	+	AAATAA	1.8003917932510376
EMB_prokbert_C01	tjupan_bacillus_subtilis_main_cb2c7c4f94201384	tjupan_bacillus_subtilis_main_cb2c7c4f94201384	discovery	47	53	48	53	-10.5	+	TAAAAT	1.804184079170227
EMB_prokbert_C01	tjupan_bacillus_subtilis_main_edadeeaf4ff7a848	tjupan_bacillus_subtilis_main_edadeeaf4ff7a848	discovery	32	38	33	38	-25.5	+	GAAAAA	1.804813265800476
EMB_prokbert_C01	tjupan_bacillus_subtilis_main_a1b8ecb6878276b4	dbtbs_bsub_core_a1b8ecb6878276b4	discovery	4	10	5	10	-53.5	+	CAAAAA	1.8087440729141235
EMB_prokbert_C01	tjupan_bacillus_subtilis_main_583caee20795a363	dbtbs_bsub_core_eb847cafc60502c2	discovery	2	8	3	8	-55.5	+	CAAAAT	1.8104262351989746
EMB_prokbert_C01	tjupan_bacillus_subtilis_main_5d881eac8b46d627	dbtbs_bsub_core_5d881eac8b46d627	discovery	14	20	15	20	-43.5	+	TTAAAA	1.811112403869629
EMB_prokbert_C01	tjupan_bacillus_subtilis_main_7c03938b389dc368	dbtbs_bsub_core_39e8d21f598046d9	discovery	15	21	16	21	-42.5	+	TAAAAA	1.8138312101364136
EMB_prokbert_C01	tjupan_bacillus_subtilis_main_282b0a85bf46906b	tjupan_bacillus_subtilis_main_282b0a85bf46906b	discovery	17	23	18	23	-40.5	+	AGAAAA	1.81512451171875
EMB_prokbert_C01	tjupan_bacillus_subtilis_main_a43c85166b962f37	dbtbs_bsub_core_47d2cdeb8a491885	discovery	65	71	66	71	7.5	+	TAAAAT	1.8155606985092163
EMB_prokbert_C01	tjupan_bacillus_subtilis_main_ad6e1b40396f6528	dbtbs_bsub_core_ad6e1b40396f6528	discovery	2	8	3	8	-55.5	+	TCAAAA	1.8159838914871216
EMB_prokbert_C01	tjupan_bacillus_subtilis_main_150dcd3daf63d162	dbtbs_bsub_core_150dcd3daf63d162	discovery	46	52	47	52	-11.5	+	AATAAA	1.8176203966140747
EMB_prokbert_C01	tjupan_bacillus_subtilis_main_3ac22b11e92c0ec1	tjupan_bacillus_subtilis_main_3ac22b11e92c0ec1	discovery	26	32	27	32	-31.5	+	AGAAAA	1.8184629678726196
EMB_prokbert_C01	tjupan_bacillus_subtilis_main_0261e5d9e5354132	tjupan_bacillus_subtilis_main_0261e5d9e5354132	discovery	22	28	23	28	-35.5	+	AAAAAA	1.8199870586395264
EMB_prokbert_C01	tjupan_bacillus_subtilis_main_eb11019c71a3a745	tjupan_bacillus_subtilis_main_eb11019c71a3a745	discovery	73	79	74	79	15.5	+	AAAAAC	1.8203880786895752
EMB_prokbert_C01	tjupan_bacillus_subtilis_main_b5cc4aad42c9a683	dbtbs_bsub_core_b5cc4aad42c9a683	discovery	13	19	14	19	-44.5	+	AAAAAA	1.826341152191162
EMB_prokbert_C01	tjupan_bacillus_subtilis_main_d04a67d8cb9ad084	dbtbs_bsub_core_d04a67d8cb9ad084	discovery	18	24	19	24	-39.5	+	TAAAAA	1.8290892839431763
EMB_prokbert_C01	tjupan_bacillus_subtilis_main_c180878a6f782e9f	dbtbs_bsub_core_c180878a6f782e9f	discovery	3	9	4	9	-54.5	+	AATAAA	1.8307805061340332
EMB_prokbert_C01	tjupan_bacillus_subtilis_main_84e6c8375d18dc47	tjupan_bacillus_subtilis_main_84e6c8375d18dc47	discovery	61	67	62	67	3.5	+	CAAAAA	1.8325059413909912
EMB_prokbert_C01	tjupan_bacillus_subtilis_main_93b5da0b5f842573	dbtbs_bsub_core_93b5da0b5f842573	discovery	47	53	48	53	-10.5	+	GAAAAC	1.8409490585327148
EMB_prokbert_C01	tjupan_bacillus_subtilis_main_50224837ca8eceb5	dbtbs_bsub_core_50224837ca8eceb5	discovery	24	30	25	30	-33.5	+	AGAATT	1.8428202867507935
EMB_prokbert_C01	tjupan_bacillus_subtilis_main_1a8b81622422b81c	dbtbs_bsub_core_045e4f174337aedd	discovery	28	34	29	34	-29.5	+	TAAAAC	1.8444139957427979
EMB_prokbert_C01	tjupan_bacillus_subtilis_main_f869091e55050110	tjupan_bacillus_subtilis_main_f869091e55050110	discovery	16	22	17	22	-41.5	+	AAAAAC	1.8457285165786743
EMB_prokbert_C01	tjupan_bacillus_subtilis_main_0e56c5fe6c5d0db0	dbtbs_bsub_core_cfddcd51a76889fd	discovery	48	54	49	54	-9.5	+	CAAAAT	1.8463704586029053
EMB_prokbert_C01	tjupan_bacillus_subtilis_main_8559682da7e0b4ef	dbtbs_bsub_core_8559682da7e0b4ef	discovery	70	76	71	76	12.5	+	TAAAAA	1.8495197296142578
EMB_prokbert_C01	tjupan_bacillus_subtilis_main_f5b082fd616807b3	dbtbs_bsub_core_4e960695d4b362e6	discovery	60	66	61	66	2.5	+	AAAAAC	1.8519362211227417
EMB_prokbert_C01	tjupan_bacillus_subtilis_main_e66d1eb3358cf03d	dbtbs_bsub_core_601150b85493a7a1	discovery	11	17	12	17	-46.5	+	AAAAAT	1.8536839485168457
EMB_prokbert_C01	tjupan_bacillus_subtilis_main_e326833d29b8752f	dbtbs_bsub_core_e326833d29b8752f	discovery	25	31	26	31	-32.5	+	AATAAA	1.8604909181594849
EMB_prokbert_C01	tjupan_bacillus_subtilis_main_3b9d28ffe489c3c7	dbtbs_bsub_core_260ddc8adeedb788	discovery	71	77	72	77	13.5	+	GAAAAA	1.8611061573028564
EMB_prokbert_C01	tjupan_bacillus_subtilis_main_e1d5408a78fdd1c5	dbtbs_bsub_core_f8ce2fa963a01405	discovery	68	74	69	74	10.5	+	AAAAAA	1.8622031211853027
EMB_prokbert_C01	tjupan_bacillus_subtilis_main_ed12f07c80365cbc	dbtbs_bsub_core_09dd4c8ba7bc09c6	discovery	50	56	51	56	-7.5	+	AAATAA	1.8625787496566772
EMB_prokbert_C01	tjupan_bacillus_subtilis_main_da7f3c0608c35165	dbtbs_bsub_core_da7f3c0608c35165	discovery	4	10	5	10	-53.5	+	AATAAA	1.8688578605651855
EMB_prokbert_C01	tjupan_bacillus_subtilis_main_671ae756f8df7bca	dbtbs_bsub_core_340ffe292c28e826	discovery	35	41	36	41	-22.5	+	CAAAAA	1.870714545249939
EMB_prokbert_C01	tjupan_bacillus_subtilis_main_f246415af5cfc524	dbtbs_bsub_core_f246415af5cfc524	discovery	2	8	3	8	-55.5	+	CAAAAT	1.8732784986495972
EMB_prokbert_C01	tjupan_bacillus_subtilis_main_8797dcd405b13c8e	tjupan_bacillus_subtilis_main_8797dcd405b13c8e	discovery	5	11	6	11	-52.5	+	AAAGAA	1.8739312887191772
EMB_prokbert_C01	tjupan_bacillus_subtilis_main_57cb99253c19d2b6	tjupan_bacillus_subtilis_main_57cb99253c19d2b6	discovery	69	75	70	75	11.5	+	AAAAAT	1.878441572189331
EMB_prokbert_C01	tjupan_bacillus_subtilis_main_14a46634ed7dcff0	tjupan_bacillus_subtilis_main_14a46634ed7dcff0	discovery	17	23	18	23	-40.5	+	GAAAAA	1.8795968294143677
EMB_prokbert_C01	tjupan_bacillus_subtilis_main_c3fafc97a347852e	tjupan_bacillus_subtilis_main_c3fafc97a347852e	discovery	70	76	71	76	12.5	+	AAAAAT	1.8995304107666016
EMB_prokbert_C01	tjupan_bacillus_subtilis_main_8b776572d2e01c62	dbtbs_bsub_core_6736f212a82e3343	discovery	1	7	2	7	-56.5	+	ATAAAA	1.9193607568740845
EMB_prokbert_C01	tjupan_bacillus_subtilis_main_eebec5ad9a06df67	dbtbs_bsub_core_5cddd19c752675c8	discovery	6	12	7	12	-51.5	+	AAAAAA	1.9223849773406982
EMB_prokbert_C01	tjupan_bacillus_subtilis_main_bebf1b31befd9c3c	dbtbs_bsub_core_bebf1b31befd9c3c	discovery	30	36	31	36	-27.5	+	ACAAAA	1.9229943752288818
EMB_prokbert_C01	tjupan_bacillus_subtilis_main_db51f0e14ca9b6e9	tjupan_bacillus_subtilis_main_db51f0e14ca9b6e9	discovery	20	26	21	26	-37.5	+	AAAAAG	1.9277198314666748
EMB_prokbert_C01	tjupan_bacillus_subtilis_main_b7cebcbae1ca8171	dbtbs_bsub_core_342a4291e30f5e80	discovery	67	73	68	73	9.5	+	ATAAAA	1.929687261581421
EMB_prokbert_C01	tjupan_bacillus_subtilis_main_48f68d49bf53ea3b	dbtbs_bsub_core_a63e45c266a8243f	discovery	53	59	54	59	-4.5	+	TAAAAA	1.9301115274429321
EMB_prokbert_C01	tjupan_bacillus_subtilis_main_67a8fe9203485bd0	dbtbs_bsub_core_67a8fe9203485bd0	discovery	2	8	3	8	-55.5	+	AAAAAA	1.9303609132766724
EMB_prokbert_C01	tjupan_bacillus_subtilis_main_4e48cd3162b15e74	tjupan_bacillus_subtilis_main_4e48cd3162b15e74	discovery	31	37	32	37	-26.5	+	ATTAAA	1.9308419227600098
EMB_prokbert_C01	tjupan_bacillus_subtilis_main_9571d32ab22eb9a0	dbtbs_bsub_core_9571d32ab22eb9a0	discovery	66	72	67	72	8.5	+	AAAAAA	1.9344731569290161
EMB_prokbert_C01	tjupan_bacillus_subtilis_main_25766be7ede5bd12	tjupan_bacillus_subtilis_main_25766be7ede5bd12	discovery	18	24	19	24	-39.5	+	GAAAAA	1.9449430704116821
EMB_prokbert_C01	tjupan_bacillus_subtilis_main_712069959cf7e3b2	dbtbs_bsub_core_be0e53c334974f0a	discovery	66	72	67	72	8.5	+	AAAATA	1.9541457891464233
EMB_prokbert_C01	tjupan_bacillus_subtilis_main_8265264627414ceb	tjupan_bacillus_subtilis_main_8265264627414ceb	discovery	51	57	52	57	-6.5	+	ATAAAA	1.9542651176452637
EMB_prokbert_C01	tjupan_bacillus_subtilis_main_43596a46e3e4ddaa	tjupan_bacillus_subtilis_main_43596a46e3e4ddaa	discovery	36	42	37	42	-21.5	+	TTAAAA	1.9560906887054443
EMB_prokbert_C01	tjupan_bacillus_subtilis_main_5e34c7286340c249	dbtbs_bsub_core_0fedc539a64a99b7	discovery	19	25	20	25	-38.5	+	GAAAAA	1.9568758010864258
EMB_prokbert_C01	tjupan_bacillus_subtilis_main_2c918744f6daf466	dbtbs_bsub_core_20f77243a5b2c4ab	discovery	73	79	74	79	15.5	+	AAACAA	1.962494969367981
EMB_prokbert_C01	tjupan_bacillus_subtilis_main_264ccaf63cfb1cfe	tjupan_bacillus_subtilis_main_264ccaf63cfb1cfe	discovery	55	61	56	61	-2.5	+	ATGGAA	1.9653022289276123
EMB_prokbert_C01	tjupan_bacillus_subtilis_main_fc6071b9027316a7	tjupan_bacillus_subtilis_main_fc6071b9027316a7	discovery	57	63	58	63	-0.5	+	AACAAA	1.9667026996612549
EMB_prokbert_C01	tjupan_bacillus_subtilis_main_c12152f72b444aff	tjupan_bacillus_subtilis_main_c12152f72b444aff	discovery	65	71	66	71	7.5	+	AAAAAA	1.9733502864837646
EMB_prokbert_C01	tjupan_bacillus_subtilis_main_dc65c8922842b20f	tjupan_bacillus_subtilis_main_dc65c8922842b20f	discovery	36	42	37	42	-21.5	+	AAAAAT	1.9741621017456055
EMB_prokbert_C01	tjupan_bacillus_subtilis_main_9c67a769132d62d8	dbtbs_bsub_core_1373e064636d6c9b	discovery	8	14	9	14	-49.5	+	CAAAAT	1.984130859375
EMB_prokbert_C01	tjupan_bacillus_subtilis_main_4a76c51266c80a0f	dbtbs_bsub_core_b905bf06b88d4e46	discovery	1	7	2	7	-56.5	+	TTAAAA	1.9880481958389282
EMB_prokbert_C01	tjupan_bacillus_subtilis_main_359df7c8e20abe4e	tjupan_bacillus_subtilis_main_359df7c8e20abe4e	discovery	2	8	3	8	-55.5	+	AAACAA	1.990951657295227
EMB_prokbert_C01	tjupan_bacillus_subtilis_main_73a7b40a4dc814aa	dbtbs_bsub_core_bdba293c4926b88d	discovery	69	75	70	75	11.5	+	AAAAAG	1.9923099279403687
EMB_prokbert_C01	tjupan_bacillus_subtilis_main_f6c5351a3e225d0c	dbtbs_bsub_core_f6c5351a3e225d0c	discovery	1	7	2	7	-56.5	+	TGAAAA	1.9956471920013428
EMB_prokbert_C01	tjupan_bacillus_subtilis_main_bf15c71cd5f4b9e0	dbtbs_bsub_core_79aa8a5c0f3b9558	discovery	71	77	72	77	13.5	+	TAAAAA	2.0002951622009277
EMB_prokbert_C01	tjupan_bacillus_subtilis_main_67a9ae83c973a42d	tjupan_bacillus_subtilis_main_67a9ae83c973a42d	discovery	68	74	69	74	10.5	+	AAAACA	2.0004727840423584
EMB_prokbert_C01	tjupan_bacillus_subtilis_main_962b839f321a2605	dbtbs_bsub_core_962b839f321a2605	discovery	8	14	9	14	-49.5	+	TGAAAA	2.0025320053100586
EMB_prokbert_C01	tjupan_bacillus_subtilis_main_9361e0f82edaa017	tjupan_bacillus_subtilis_main_9361e0f82edaa017	discovery	41	47	42	47	-16.5	+	AAAATG	2.0038766860961914
EMB_prokbert_C01	tjupan_bacillus_subtilis_main_857deea4069ff6ab	tjupan_bacillus_subtilis_main_857deea4069ff6ab	discovery	27	33	28	33	-30.5	+	GAAAAA	2.011850118637085
EMB_prokbert_C01	tjupan_bacillus_subtilis_main_5ccaab5adb962b3d	dbtbs_bsub_core_483b39fd11d75b28	discovery	75	81	76	81	17.5	+	CAAAAT	2.020184278488159
EMB_prokbert_C01	tjupan_bacillus_subtilis_main_bc41d7d0760497f9	dbtbs_bsub_core_bc41d7d0760497f9	discovery	12	18	13	18	-45.5	+	AAAAAC	2.0229618549346924
EMB_prokbert_C01	tjupan_bacillus_subtilis_main_d59578e8446625f3	dbtbs_bsub_core_d59578e8446625f3	discovery	36	42	37	42	-21.5	+	CAAAAG	2.030317783355713
EMB_prokbert_C01	tjupan_bacillus_subtilis_main_1cd26aa95d9363dc	dbtbs_bsub_core_1cd26aa95d9363dc	discovery	65	71	66	71	7.5	+	AAAAAT	2.0392274856567383
EMB_prokbert_C01	tjupan_bacillus_subtilis_main_fea876b7208e46e3	dbtbs_bsub_core_fea876b7208e46e3	discovery	27	33	28	33	-30.5	+	TGAAAA	2.0475833415985107
EMB_prokbert_C01	tjupan_bacillus_subtilis_main_e4e4a1be67374f28	dbtbs_bsub_core_e4e4a1be67374f28	discovery	12	18	13	18	-45.5	+	GAAAAA	2.055631637573242
EMB_prokbert_C01	tjupan_bacillus_subtilis_main_b1dfffe50d4e7cba	dbtbs_bsub_core_6990407cd148d57b	discovery	58	64	59	64	0.5	+	GAAAAC	2.0618832111358643
EMB_prokbert_C01	tjupan_bacillus_subtilis_main_dccf4ca03cd1642b	dbtbs_bsub_core_dccf4ca03cd1642b	discovery	20	26	21	26	-37.5	+	AAAAAT	2.0657732486724854
EMB_prokbert_C01	tjupan_bacillus_subtilis_main_9daaa0d103ffad86	dbtbs_bsub_core_9daaa0d103ffad86	discovery	0	6	1	6	-57.5	+	AATAAA	2.077303409576416
EMB_prokbert_C01	tjupan_bacillus_subtilis_main_b592a137eb4c34ff	dbtbs_bsub_core_21353889dec56b85	discovery	31	37	32	37	-26.5	+	AAAAAG	2.0819997787475586
EMB_prokbert_C01	tjupan_bacillus_subtilis_main_e70fb70b66e1d829	tjupan_bacillus_subtilis_main_e70fb70b66e1d829	discovery	75	81	76	81	17.5	+	CAAAAG	2.082301139831543
EMB_prokbert_C01	tjupan_bacillus_subtilis_main_f5fed123a3ffd242	dbtbs_bsub_core_f5fed123a3ffd242	discovery	74	80	75	80	16.5	+	TAAAAA	2.0878260135650635
EMB_prokbert_C01	tjupan_bacillus_subtilis_main_ff62fa3227cb3ab1	dbtbs_bsub_core_f748f853b4ec2056	discovery	72	78	73	78	14.5	+	GAAAAT	2.0951342582702637
EMB_prokbert_C01	tjupan_bacillus_subtilis_main_ef1d1fbaad689e40	dbtbs_bsub_core_ef1d1fbaad689e40	discovery	28	34	29	34	-29.5	+	TAAAAA	2.0963165760040283
EMB_prokbert_C01	tjupan_bacillus_subtilis_main_7e538c30b860aa5a	tjupan_bacillus_subtilis_main_7e538c30b860aa5a	discovery	61	67	62	67	3.5	+	AATAAA	2.100816488265991
EMB_prokbert_C01	tjupan_bacillus_subtilis_main_2bdb32bb685dc1db	tjupan_bacillus_subtilis_main_2bdb32bb685dc1db	discovery	59	65	60	65	1.5	+	GAAAAA	2.1027333736419678
EMB_prokbert_C01	tjupan_bacillus_subtilis_main_0d390d7bf47f6ae0	tjupan_bacillus_subtilis_main_0d390d7bf47f6ae0	discovery	2	8	3	8	-55.5	+	TCAAAA	2.1046252250671387
EMB_prokbert_C01	tjupan_bacillus_subtilis_main_89f3272bd34ff475	tjupan_bacillus_subtilis_main_89f3272bd34ff475	discovery	14	20	15	20	-43.5	+	AAAAAA	2.109212875366211
EMB_prokbert_C01	tjupan_bacillus_subtilis_main_4059ca0cce5522a4	tjupan_bacillus_subtilis_main_4059ca0cce5522a4	discovery	3	9	4	9	-54.5	+	GAAAAA	2.1104342937469482
EMB_prokbert_C01	tjupan_bacillus_subtilis_main_92b62a9d8d87ace9	dbtbs_bsub_core_92b62a9d8d87ace9	discovery	64	70	65	70	6.5	+	TGAAAA	2.112572193145752
EMB_prokbert_C01	tjupan_bacillus_subtilis_main_13f211949a22c74a	dbtbs_bsub_core_bdbae944a25ddfff	discovery	4	10	5	10	-53.5	+	GAAAAA	2.113285779953003
EMB_prokbert_C01	tjupan_bacillus_subtilis_main_db7eebd0b9425a4f	dbtbs_bsub_core_db7eebd0b9425a4f	discovery	1	7	2	7	-56.5	+	ATAAAA	2.1425180435180664
EMB_prokbert_C01	tjupan_bacillus_subtilis_main_edce5d598636e106	dbtbs_bsub_core_39acf3daf47ccd69	discovery	14	20	15	20	-43.5	+	AAAACT	2.1456665992736816
EMB_prokbert_C01	tjupan_bacillus_subtilis_main_8560b0f67ab5f5ab	dbtbs_bsub_core_f7a2628d99aff81a	discovery	13	19	14	19	-44.5	+	TAAAAA	2.1510682106018066
EMB_prokbert_C01	tjupan_bacillus_subtilis_main_6901d7d50287d8c1	dbtbs_bsub_core_6901d7d50287d8c1	discovery	26	32	27	32	-31.5	+	AAAAAC	2.1668636798858643
EMB_prokbert_C01	tjupan_bacillus_subtilis_main_5564dcefe2988333	tjupan_bacillus_subtilis_main_5564dcefe2988333	discovery	53	59	54	59	-4.5	+	GAAAAA	2.1870691776275635
EMB_prokbert_C01	tjupan_bacillus_subtilis_main_87b26b7083b048a9	dbtbs_bsub_core_fe60102a69552e4c	discovery	26	32	27	32	-31.5	+	AAAAAA	2.187819004058838
EMB_prokbert_C01	tjupan_bacillus_subtilis_main_8a0979b032bb35c1	dbtbs_bsub_core_33318fe6256d39ff	discovery	29	35	30	35	-28.5	+	TTAAAA	2.193171262741089
EMB_prokbert_C01	tjupan_bacillus_subtilis_main_f6994e5b6245c7bf	tjupan_bacillus_subtilis_main_f6994e5b6245c7bf	discovery	2	8	3	8	-55.5	+	AAAAAA	2.203075885772705
EMB_prokbert_C01	tjupan_bacillus_subtilis_main_7a6037ae36a0870c	tjupan_bacillus_subtilis_main_7a6037ae36a0870c	discovery	18	24	19	24	-39.5	+	GAAAAA	2.2173068523406982
EMB_prokbert_C01	tjupan_bacillus_subtilis_main_7ebbe970ac38b83d	dbtbs_bsub_core_5742761e1938e2d4	discovery	35	41	36	41	-22.5	+	TTAAAA	2.232983350753784
EMB_prokbert_C01	tjupan_bacillus_subtilis_main_f0903ae0ab41d118	dbtbs_bsub_core_16fb2108119b7eaf	discovery	34	40	35	40	-23.5	+	TAAAAA	2.238020181655884
EMB_prokbert_C01	tjupan_bacillus_subtilis_main_9296390fae4fd68d	tjupan_bacillus_subtilis_main_9296390fae4fd68d	discovery	22	28	23	28	-35.5	+	AATAAA	2.2392425537109375
EMB_prokbert_C01	tjupan_bacillus_subtilis_main_77dc78ed29025116	dbtbs_bsub_core_77dc78ed29025116	discovery	20	26	21	26	-37.5	+	TAAAAA	2.2567367553710938
EMB_prokbert_C01	tjupan_bacillus_subtilis_main_ba9efec60bbd4a6b	tjupan_bacillus_subtilis_main_ba9efec60bbd4a6b	discovery	60	66	61	66	2.5	+	AAAAAA	2.2758121490478516
EMB_prokbert_C01	tjupan_bacillus_subtilis_main_dcef15bdfb353954	dbtbs_bsub_core_dcef15bdfb353954	discovery	28	34	29	34	-29.5	+	CAAAAG	2.2859790325164795
EMB_prokbert_C01	tjupan_bacillus_subtilis_main_bdf5315a71015695	dbtbs_bsub_core_c94ae7322b918d76	discovery	0	6	1	6	-57.5	+	GAAAAA	2.2892792224884033
EMB_prokbert_C01	tjupan_bacillus_subtilis_main_74de924b5fe0230a	dbtbs_bsub_core_74de924b5fe0230a	discovery	20	26	21	26	-37.5	+	GAAAAA	2.306136131286621
EMB_prokbert_C01	tjupan_bacillus_subtilis_main_737474f253397bee	tjupan_bacillus_subtilis_main_737474f253397bee	discovery	54	60	55	60	-3.5	+	GGAAAA	2.330112934112549
EMB_prokbert_C01	tjupan_bacillus_subtilis_main_62eb1c4377c084e1	dbtbs_bsub_core_413a4bed9f6cfeea	discovery	53	59	54	59	-4.5	+	AAAAAT	2.3396360874176025
EMB_prokbert_C01	tjupan_bacillus_subtilis_main_c758d11e26aac641	tjupan_bacillus_subtilis_main_c758d11e26aac641	discovery	5	11	6	11	-52.5	+	AAAAAA	2.385183334350586
EMB_prokbert_C01	tjupan_bacillus_subtilis_main_3ab27dce0b1876ca	dbtbs_bsub_core_d52b0eed3ebbab2d	discovery	3	9	4	9	-54.5	+	ACAAAA	2.3867428302764893
EMB_prokbert_C01	tjupan_bacillus_subtilis_main_5787c658c95c4762	tjupan_bacillus_subtilis_main_5787c658c95c4762	discovery	30	36	31	36	-27.5	+	AATAAA	2.451798915863037
EMB_prokbert_C01	tjupan_bacillus_subtilis_main_78caf7680ac9ae4c	tjupan_bacillus_subtilis_main_78caf7680ac9ae4c	discovery	7	13	8	13	-50.5	+	AAAAAG	2.5051119327545166
EMB_prokbert_C01	tjupan_bacillus_subtilis_main_917572a2414a52f7	tjupan_bacillus_subtilis_main_917572a2414a52f7	discovery	75	81	76	81	17.5	+	CAAAAC	2.512929916381836
EMB_prokbert_C01	tjupan_bacillus_subtilis_main_972c682163779595	dbtbs_bsub_core_6e525afed4c0ab9e	discovery	0	6	1	6	-57.5	+	TAAAAA	2.606642723083496
EMB_prokbert_C01	tjupan_bacillus_subtilis_main_ac1a0a0a579397f6	tjupan_bacillus_subtilis_main_ac1a0a0a579397f6	discovery	2	8	3	8	-55.5	+	AAAAAG	2.7987568378448486
EMB_prokbert_C01	tjupan_bacillus_subtilis_main_6f408d5e786e413f	dbtbs_bsub_core_6f408d5e786e413f	discovery	0	6	1	6	-57.5	+	AAAAAT	3.162705659866333
EMB_prokbert_C02	tjupan_bacillus_subtilis_main_cb8c6e383b33abd4	dbtbs_bsub_core_cb8c6e383b33abd4	discovery	8	14	9	14	-49.5	+	ATTTTT	1.1936479806900024
EMB_prokbert_C02	tjupan_bacillus_subtilis_main_ad5b6a3a851181b1	dbtbs_bsub_core_ad5b6a3a851181b1	discovery	8	14	9	14	-49.5	+	ATTTTT	1.221963882446289
EMB_prokbert_C02	tjupan_bacillus_subtilis_main_f1fe1806a852fcba	dbtbs_bsub_core_f1fe1806a852fcba	discovery	14	20	15	20	-43.5	+	TTTTTT	1.272408127784729
EMB_prokbert_C02	tjupan_bacillus_subtilis_main_02077247d0a8a665	dbtbs_bsub_core_e82d4ff28ccc2c95	discovery	40	46	41	46	-17.5	+	TATTTT	1.2739571332931519
EMB_prokbert_C02	tjupan_bacillus_subtilis_main_bba2e45eb636482b	dbtbs_bsub_core_bba2e45eb636482b	discovery	4	10	5	10	-53.5	+	ATTTTT	1.2790623903274536
EMB_prokbert_C02	tjupan_bacillus_subtilis_main_6361ce51efe0f541	dbtbs_bsub_core_b928ebfb52e4cb48	discovery	9	15	10	15	-48.5	+	ATTTTT	1.2849193811416626
EMB_prokbert_C02	tjupan_bacillus_subtilis_main_b24feeda89db5dfd	dbtbs_bsub_core_b24feeda89db5dfd	discovery	65	71	66	71	7.5	+	ATTTTT	1.303399920463562
EMB_prokbert_C02	tjupan_bacillus_subtilis_main_0b104549c8fd9755	dbtbs_bsub_core_0b104549c8fd9755	discovery	68	74	69	74	10.5	+	TTTTTT	1.3053981065750122
EMB_prokbert_C02	tjupan_bacillus_subtilis_main_ed12f07c80365cbc	dbtbs_bsub_core_09dd4c8ba7bc09c6	discovery	65	71	66	71	7.5	+	TTTTTT	1.3184069395065308
EMB_prokbert_C02	tjupan_bacillus_subtilis_main_3ab41c1b83ba019b	dbtbs_bsub_core_c956a5fd581ed80a	discovery	37	43	38	43	-20.5	+	GTTTTT	1.3195255994796753
EMB_prokbert_C02	tjupan_bacillus_subtilis_main_5fc80954df40cf68	dbtbs_bsub_core_44be1bddac760e1c	discovery	13	19	14	19	-44.5	+	TTTTTT	1.3260207176208496
EMB_prokbert_C02	tjupan_bacillus_subtilis_main_1cd26aa95d9363dc	dbtbs_bsub_core_1cd26aa95d9363dc	discovery	28	34	29	34	-29.5	+	TTTTTT	1.326021671295166
EMB_prokbert_C02	tjupan_bacillus_subtilis_main_fea876b7208e46e3	dbtbs_bsub_core_fea876b7208e46e3	discovery	68	74	69	74	10.5	+	ATTTTT	1.3278963565826416
EMB_prokbert_C02	tjupan_bacillus_subtilis_main_f05d30123c592277	dbtbs_bsub_core_f05d30123c592277	discovery	65	71	66	71	7.5	+	TTTTTT	1.3433152437210083
EMB_prokbert_C02	tjupan_bacillus_subtilis_main_f9edd67964b41200	dbtbs_bsub_core_f9edd67964b41200	discovery	9	15	10	15	-48.5	+	TTTTTT	1.3446170091629028
EMB_prokbert_C02	tjupan_bacillus_subtilis_main_7358cf40e4efa482	tjupan_bacillus_subtilis_main_7358cf40e4efa482	discovery	66	72	67	72	8.5	+	CTTTTT	1.346879243850708
EMB_prokbert_C02	tjupan_bacillus_subtilis_main_3adf706b5413c6ce	tjupan_bacillus_subtilis_main_3adf706b5413c6ce	discovery	1	7	2	7	-56.5	+	ATTTTG	1.3540127277374268
EMB_prokbert_C02	tjupan_bacillus_subtilis_main_a1ad6ce2d20c389b	dbtbs_bsub_core_539bc60476254ff5	discovery	16	22	17	22	-41.5	+	TTATTT	1.3612492084503174
EMB_prokbert_C02	tjupan_bacillus_subtilis_main_5f8b6936b2e52932	tjupan_bacillus_subtilis_main_5f8b6936b2e52932	discovery	7	13	8	13	-50.5	+	TTTTTT	1.3636575937271118
EMB_prokbert_C02	tjupan_bacillus_subtilis_main_3c72a88384ee6013	tjupan_bacillus_subtilis_main_3c72a88384ee6013	discovery	18	24	19	24	-39.5	+	ATTTTT	1.3665649890899658
EMB_prokbert_C02	tjupan_bacillus_subtilis_main_4a76c51266c80a0f	dbtbs_bsub_core_b905bf06b88d4e46	discovery	9	15	10	15	-48.5	+	GTTTTG	1.3692020177841187
EMB_prokbert_C02	tjupan_bacillus_subtilis_main_4b32f81551985923	tjupan_bacillus_subtilis_main_4b32f81551985923	discovery	5	11	6	11	-52.5	+	TTTTTA	1.371545433998108
EMB_prokbert_C02	tjupan_bacillus_subtilis_main_d9679a25a18d6da1	tjupan_bacillus_subtilis_main_c9bc5ed233eba13a	discovery	30	36	31	36	-27.5	+	ATTTTA	1.378483772277832
EMB_prokbert_C02	tjupan_bacillus_subtilis_main_2e59e247c2d07b0b	tjupan_bacillus_subtilis_main_2e59e247c2d07b0b	discovery	8	14	9	14	-49.5	+	ATTTTT	1.3833893537521362
EMB_prokbert_C02	tjupan_bacillus_subtilis_main_e66d1eb3358cf03d	dbtbs_bsub_core_601150b85493a7a1	discovery	3	9	4	9	-54.5	+	TTATTT	1.3858245611190796
EMB_prokbert_C02	tjupan_bacillus_subtilis_main_ff61268918c0af5d	tjupan_bacillus_subtilis_main_ff61268918c0af5d	discovery	7	13	8	13	-50.5	+	TTATTT	1.3930377960205078
EMB_prokbert_C02	tjupan_bacillus_subtilis_main_2931d3a1a20c25de	dbtbs_bsub_core_60150ba1e82823d4	discovery	19	25	20	25	-38.5	+	TTTTTT	1.3951276540756226
EMB_prokbert_C02	tjupan_bacillus_subtilis_main_56fbf5e1ebfb46d1	dbtbs_bsub_core_56fbf5e1ebfb46d1	discovery	54	60	55	60	-3.5	+	ATTTTT	1.3976935148239136
EMB_prokbert_C02	tjupan_bacillus_subtilis_main_dccf4ca03cd1642b	dbtbs_bsub_core_dccf4ca03cd1642b	discovery	7	13	8	13	-50.5	+	TTTTTT	1.401759386062622
EMB_prokbert_C02	tjupan_bacillus_subtilis_main_0710c2f2267154d3	dbtbs_bsub_core_0710c2f2267154d3	discovery	40	46	41	46	-17.5	+	ATTTTT	1.4078211784362793
EMB_prokbert_C02	tjupan_bacillus_subtilis_main_7bc9aa9d4ad371af	dbtbs_bsub_core_7bc9aa9d4ad371af	discovery	5	11	6	11	-52.5	+	GTTTTT	1.43299400806427
EMB_prokbert_C02	tjupan_bacillus_subtilis_main_c9bc5ed233eba13a	tjupan_bacillus_subtilis_main_c9bc5ed233eba13a	discovery	37	43	38	43	-20.5	+	ATTTTA	1.4476635456085205
EMB_prokbert_C02	tjupan_bacillus_subtilis_main_e1ad11de708bb9dd	dbtbs_bsub_core_0ce0cc9e187b5d37	discovery	12	18	13	18	-45.5	+	TTTTTT	1.4545917510986328
EMB_prokbert_C02	tjupan_bacillus_subtilis_main_35bf7199ae44b70c	dbtbs_bsub_core_35bf7199ae44b70c	discovery	32	38	33	38	-25.5	+	TTTATT	1.4546505212783813
EMB_prokbert_C02	tjupan_bacillus_subtilis_main_76909c0ebd8db916	dbtbs_bsub_core_d5153844984277ea	discovery	34	40	35	40	-23.5	+	CTTTTT	1.4553979635238647
EMB_prokbert_C02	tjupan_bacillus_subtilis_main_edce5d598636e106	dbtbs_bsub_core_39acf3daf47ccd69	discovery	7	13	8	13	-50.5	+	GTTTTT	1.4567073583602905
EMB_prokbert_C02	tjupan_bacillus_subtilis_main_32475822eb2ec4c0	tjupan_bacillus_subtilis_main_32475822eb2ec4c0	discovery	21	27	22	27	-36.5	+	TTGTTT	1.4567945003509521
EMB_prokbert_C02	tjupan_bacillus_subtilis_main_86c973796d10f50f	dbtbs_bsub_core_86c973796d10f50f	discovery	15	21	16	21	-42.5	+	TATTTT	1.4579534530639648
EMB_prokbert_C02	tjupan_bacillus_subtilis_main_32a70db45859cbb9	dbtbs_bsub_core_32a70db45859cbb9	discovery	35	41	36	41	-22.5	+	TTATTT	1.4595091342926025
EMB_prokbert_C02	tjupan_bacillus_subtilis_main_73a7b40a4dc814aa	dbtbs_bsub_core_bdba293c4926b88d	discovery	28	34	29	34	-29.5	+	TATTTT	1.479824423789978
EMB_prokbert_C02	tjupan_bacillus_subtilis_main_e4dda028e03de313	dbtbs_bsub_core_e4dda028e03de313	discovery	7	13	8	13	-50.5	+	TTTTTT	1.4911340475082397
EMB_prokbert_C02	tjupan_bacillus_subtilis_main_cd161e304d76229d	dbtbs_bsub_core_6d139485f356aaca	discovery	41	47	42	47	-16.5	+	GTTTTT	1.4933608770370483
EMB_prokbert_C02	tjupan_bacillus_subtilis_main_a52148b067c7a32f	tjupan_bacillus_subtilis_main_a52148b067c7a32f	discovery	4	10	5	10	-53.5	+	TTTTTT	1.5012245178222656
EMB_prokbert_C02	tjupan_bacillus_subtilis_main_5150105a4bdfd4ce	tjupan_bacillus_subtilis_main_5150105a4bdfd4ce	discovery	14	20	15	20	-43.5	+	TTTTTT	1.506263017654419
EMB_prokbert_C02	tjupan_bacillus_subtilis_main_0fe342e604184137	dbtbs_bsub_core_f039c4e5fee11aa3	discovery	4	10	5	10	-53.5	+	TTATTT	1.5074331760406494
EMB_prokbert_C02	tjupan_bacillus_subtilis_main_66bdec0f6e49230b	dbtbs_bsub_core_66bdec0f6e49230b	discovery	5	11	6	11	-52.5	+	TTTTTT	1.5106199979782104
EMB_prokbert_C02	tjupan_bacillus_subtilis_main_754ac4e873f6c24d	tjupan_bacillus_subtilis_main_754ac4e873f6c24d	discovery	51	57	52	57	-6.5	+	CTTTTT	1.5161114931106567
EMB_prokbert_C02	tjupan_bacillus_subtilis_main_3ac22b11e92c0ec1	tjupan_bacillus_subtilis_main_3ac22b11e92c0ec1	discovery	48	54	49	54	-9.5	+	TTTTTA	1.5163171291351318
EMB_prokbert_C02	tjupan_bacillus_subtilis_main_354da8035d16f701	dbtbs_bsub_core_1ee6e81d7c1d1fa1	discovery	16	22	17	22	-41.5	+	TTTTTG	1.517907738685608
EMB_prokbert_C02	tjupan_bacillus_subtilis_main_359df7c8e20abe4e	tjupan_bacillus_subtilis_main_359df7c8e20abe4e	discovery	13	19	14	19	-44.5	+	CTTTTT	1.5180190801620483
EMB_prokbert_C02	tjupan_bacillus_subtilis_main_c2d54a415a7d048a	dbtbs_bsub_core_c2d54a415a7d048a	discovery	32	38	33	38	-25.5	+	ATTTTT	1.5272188186645508
EMB_prokbert_C02	tjupan_bacillus_subtilis_main_61d216a2a24189d0	dbtbs_bsub_core_61d216a2a24189d0	discovery	67	73	68	73	9.5	+	ATTTTT	1.529295802116394
EMB_prokbert_C02	tjupan_bacillus_subtilis_main_e70fb70b66e1d829	tjupan_bacillus_subtilis_main_e70fb70b66e1d829	discovery	16	22	17	22	-41.5	+	TATTTT	1.5296990871429443
EMB_prokbert_C02	tjupan_bacillus_subtilis_main_487ce40a67c6d939	tjupan_bacillus_subtilis_main_487ce40a67c6d939	discovery	32	38	33	38	-25.5	+	TGTTTT	1.5345739126205444
EMB_prokbert_C02	tjupan_bacillus_subtilis_main_4059ca0cce5522a4	tjupan_bacillus_subtilis_main_4059ca0cce5522a4	discovery	10	16	11	16	-47.5	+	TTTTTA	1.544355034828186
EMB_prokbert_C02	tjupan_bacillus_subtilis_main_047e296b8721a352	dbtbs_bsub_core_d618c1525725d045	discovery	6	12	7	12	-51.5	+	TTTTTT	1.5451289415359497
EMB_prokbert_C02	tjupan_bacillus_subtilis_main_05b3d931ff35d8e8	dbtbs_bsub_core_05b3d931ff35d8e8	discovery	51	57	52	57	-6.5	+	TTTTTC	1.5460973978042603
EMB_prokbert_C02	tjupan_bacillus_subtilis_main_0b7b75ba67f19880	dbtbs_bsub_core_0b7b75ba67f19880	discovery	65	71	66	71	7.5	+	TGTTTT	1.5482772588729858
EMB_prokbert_C02	tjupan_bacillus_subtilis_main_57cb99253c19d2b6	tjupan_bacillus_subtilis_main_57cb99253c19d2b6	discovery	41	47	42	47	-16.5	+	TTTTTT	1.5605778694152832
EMB_prokbert_C02	tjupan_bacillus_subtilis_main_df2876c84282b3af	dbtbs_bsub_core_d831e470618beda7	discovery	50	56	51	56	-7.5	+	CTTTTG	1.5622307062149048
EMB_prokbert_C02	tjupan_bacillus_subtilis_main_101463e41079a20e	dbtbs_bsub_core_101463e41079a20e	discovery	6	12	7	12	-51.5	+	TTTTTT	1.5708755254745483
EMB_prokbert_C02	tjupan_bacillus_subtilis_main_70da326395794983	tjupan_bacillus_subtilis_main_70da326395794983	discovery	7	13	8	13	-50.5	+	TTTTTA	1.5730087757110596
EMB_prokbert_C02	tjupan_bacillus_subtilis_main_8560b0f67ab5f5ab	dbtbs_bsub_core_f7a2628d99aff81a	discovery	6	12	7	12	-51.5	+	TTTTTT	1.57473886013031
EMB_prokbert_C02	tjupan_bacillus_subtilis_main_e28ceade6e8616fa	dbtbs_bsub_core_9b12482ac6eea2d4	discovery	35	41	36	41	-22.5	+	TTTTAT	1.5759122371673584
EMB_prokbert_C02	tjupan_bacillus_subtilis_main_2313c7dbb458e370	dbtbs_bsub_core_98d6bef120e2925b	discovery	18	24	19	24	-39.5	+	TTTTTC	1.5764347314834595
EMB_prokbert_C02	tjupan_bacillus_subtilis_main_d24ab9ea2522f43e	dbtbs_bsub_core_e391b9fe5a0b653f	discovery	19	25	20	25	-38.5	+	GTTTTT	1.5780510902404785
EMB_prokbert_C02	tjupan_bacillus_subtilis_main_7bd42a66d387ec94	dbtbs_bsub_core_5cf240f92a00f0e3	discovery	70	76	71	76	12.5	+	CTTTTT	1.5787301063537598
EMB_prokbert_C02	tjupan_bacillus_subtilis_main_834e21e1951468f3	tjupan_bacillus_subtilis_main_834e21e1951468f3	discovery	34	40	35	40	-23.5	+	TTTTTC	1.5801458358764648
EMB_prokbert_C02	tjupan_bacillus_subtilis_main_a43a1f032db2e49e	dbtbs_bsub_core_872c1380ac7bb81f	discovery	51	57	52	57	-6.5	+	ATTTTT	1.5856910943984985
EMB_prokbert_C02	tjupan_bacillus_subtilis_main_c7c68e6fe4d84a02	tjupan_bacillus_subtilis_main_c7c68e6fe4d84a02	discovery	24	30	25	30	-33.5	+	ATTTTT	1.5880495309829712
EMB_prokbert_C02	tjupan_bacillus_subtilis_main_eebec5ad9a06df67	dbtbs_bsub_core_5cddd19c752675c8	discovery	64	70	65	70	6.5	+	ATTTTT	1.5882110595703125
EMB_prokbert_C02	tjupan_bacillus_subtilis_main_8b7394af6b78d50f	dbtbs_bsub_core_c890b4346c03f247	discovery	73	79	74	79	15.5	+	ATTTTA	1.5886930227279663
EMB_prokbert_C02	tjupan_bacillus_subtilis_main_e1d5408a78fdd1c5	dbtbs_bsub_core_f8ce2fa963a01405	discovery	27	33	28	33	-30.5	+	TTTTTT	1.594226598739624
EMB_prokbert_C02	tjupan_bacillus_subtilis_main_24675587b92cc4c7	tjupan_bacillus_subtilis_main_24675587b92cc4c7	discovery	29	35	30	35	-28.5	+	TTTTTT	1.5971267223358154
EMB_prokbert_C02	tjupan_bacillus_subtilis_main_e326833d29b8752f	dbtbs_bsub_core_e326833d29b8752f	discovery	4	10	5	10	-53.5	+	TTTTTT	1.5975030660629272
EMB_prokbert_C02	tjupan_bacillus_subtilis_main_de399adaaafe5be7	dbtbs_bsub_core_f1028676a1f89b0e	discovery	54	60	55	60	-3.5	+	TTTTTT	1.598650574684143
EMB_prokbert_C02	tjupan_bacillus_subtilis_main_3eb701a469cb4095	tjupan_bacillus_subtilis_main_3eb701a469cb4095	discovery	11	17	12	17	-46.5	+	ATTTTG	1.5991071462631226
EMB_prokbert_C02	tjupan_bacillus_subtilis_main_8e892e5639ef0ac1	dbtbs_bsub_core_d25c674b3a14df1a	discovery	6	12	7	12	-51.5	+	TTATTT	1.5994114875793457
EMB_prokbert_C02	tjupan_bacillus_subtilis_main_fff8e3a328b3cab3	dbtbs_bsub_core_7231d94d9d77331f	discovery	31	37	32	37	-26.5	+	TTTTTT	1.6043895483016968
EMB_prokbert_C02	tjupan_bacillus_subtilis_main_2330b24ab93e80ef	dbtbs_bsub_core_747f22d2323a8765	discovery	20	26	21	26	-37.5	+	ATTTTT	1.6064391136169434
EMB_prokbert_C02	tjupan_bacillus_subtilis_main_9d589577eb1cbe67	tjupan_bacillus_subtilis_main_9d589577eb1cbe67	discovery	9	15	10	15	-48.5	+	TTTTGT	1.6098777055740356
EMB_prokbert_C02	tjupan_bacillus_subtilis_main_85511e0264f2e3b8	dbtbs_bsub_core_35445cef3104bf74	discovery	5	11	6	11	-52.5	+	TTTTTC	1.6117362976074219
EMB_prokbert_C02	tjupan_bacillus_subtilis_main_51e2f43063a3baab	tjupan_bacillus_subtilis_main_51e2f43063a3baab	discovery	26	32	27	32	-31.5	+	ATTTTT	1.614445686340332
EMB_prokbert_C02	tjupan_bacillus_subtilis_main_5957e34dfa6ab85c	tjupan_bacillus_subtilis_main_5957e34dfa6ab85c	discovery	8	14	9	14	-49.5	+	TTTTTT	1.6148065328598022
EMB_prokbert_C02	tjupan_bacillus_subtilis_main_e2f816d3420810f5	dbtbs_bsub_core_8f473f826c608a81	discovery	37	43	38	43	-20.5	+	TTTGTT	1.6178715229034424
EMB_prokbert_C02	tjupan_bacillus_subtilis_main_619ca6b1749e92aa	tjupan_bacillus_subtilis_main_619ca6b1749e92aa	discovery	39	45	40	45	-18.5	+	ATTTTT	1.6213419437408447
EMB_prokbert_C02	tjupan_bacillus_subtilis_main_67a8fe9203485bd0	dbtbs_bsub_core_67a8fe9203485bd0	discovery	10	16	11	16	-47.5	+	TTTTTT	1.622909426689148
EMB_prokbert_C02	tjupan_bacillus_subtilis_main_6e989f822c0894af	dbtbs_bsub_core_bb5ca17cb9317fea	discovery	23	29	24	29	-34.5	+	TTTTGT	1.6287057399749756
EMB_prokbert_C02	tjupan_bacillus_subtilis_main_60ee42342c88d235	tjupan_bacillus_subtilis_main_60ee42342c88d235	discovery	11	17	12	17	-46.5	+	CATTTT	1.6299989223480225
EMB_prokbert_C02	tjupan_bacillus_subtilis_main_c12152f72b444aff	tjupan_bacillus_subtilis_main_c12152f72b444aff	discovery	4	10	5	10	-53.5	+	ATTTTT	1.656114101409912
EMB_prokbert_C02	tjupan_bacillus_subtilis_main_3270409c742f3314	dbtbs_bsub_core_edd6f2ee95c58508	discovery	67	73	68	73	9.5	+	ATTTTT	1.657076120376587
EMB_prokbert_C02	tjupan_bacillus_subtilis_main_2db0b8f33ca38a29	tjupan_bacillus_subtilis_main_2db0b8f33ca38a29	discovery	14	20	15	20	-43.5	+	TTTATT	1.6591434478759766
EMB_prokbert_C02	tjupan_bacillus_subtilis_main_b7c0b4323e70fc71	dbtbs_bsub_core_b7c0b4323e70fc71	discovery	37	43	38	43	-20.5	+	TTATTT	1.6630624532699585
EMB_prokbert_C02	tjupan_bacillus_subtilis_main_32aff5c8192321bb	dbtbs_bsub_core_76636d30cbe1eec3	discovery	13	19	14	19	-44.5	+	TTTTGA	1.663097620010376
EMB_prokbert_C02	tjupan_bacillus_subtilis_main_91723abad13f63e4	tjupan_bacillus_subtilis_main_91723abad13f63e4	discovery	37	43	38	43	-20.5	+	GTTTTT	1.6662174463272095
EMB_prokbert_C02	tjupan_bacillus_subtilis_main_412fe696982b64f9	dbtbs_bsub_core_412fe696982b64f9	discovery	40	46	41	46	-17.5	+	TTTCAT	1.6668986082077026
EMB_prokbert_C02	tjupan_bacillus_subtilis_main_bb68072522710571	dbtbs_bsub_core_bb68072522710571	discovery	10	16	11	16	-47.5	+	CATTTT	1.6685391664505005
EMB_prokbert_C02	tjupan_bacillus_subtilis_main_29dff321a99fa8a2	dbtbs_bsub_core_e964a63647aab2c6	discovery	15	21	16	21	-42.5	+	TTTTTG	1.6731833219528198
EMB_prokbert_C02	tjupan_bacillus_subtilis_main_0ba2ad2fd14630a8	dbtbs_bsub_core_0ba2ad2fd14630a8	discovery	58	64	59	64	0.5	+	ATTTTT	1.6742535829544067
EMB_prokbert_C02	tjupan_bacillus_subtilis_main_a9ae08a54b460299	dbtbs_bsub_core_4c306bb2d4b261c8	discovery	9	15	10	15	-48.5	+	TTTTTA	1.6751201152801514
EMB_prokbert_C02	tjupan_bacillus_subtilis_main_09dd4c8ba7bc09c6	dbtbs_bsub_core_09dd4c8ba7bc09c6	discovery	31	37	32	37	-26.5	+	TATTTT	1.679603934288025
EMB_prokbert_C02	tjupan_bacillus_subtilis_main_a2cd64f7b02e9630	tjupan_bacillus_subtilis_main_a2cd64f7b02e9630	discovery	9	15	10	15	-48.5	+	GTTTTT	1.6856199502944946
EMB_prokbert_C02	tjupan_bacillus_subtilis_main_0a0035c3a0685aa9	dbtbs_bsub_core_d50ffa4df9b8add7	discovery	4	10	5	10	-53.5	+	GTTTTT	1.6857229471206665
EMB_prokbert_C02	tjupan_bacillus_subtilis_main_1259688a411f3c07	tjupan_bacillus_subtilis_main_1259688a411f3c07	discovery	9	15	10	15	-48.5	+	TTTTTT	1.6954541206359863
EMB_prokbert_C02	tjupan_bacillus_subtilis_main_a9fde0fdd238b261	dbtbs_bsub_core_06588c97cd7288a8	discovery	42	48	43	48	-15.5	+	TTTTTT	1.707686424255371
EMB_prokbert_C02	tjupan_bacillus_subtilis_main_1732506bbac23b7c	dbtbs_bsub_core_1732506bbac23b7c	discovery	49	55	50	55	-8.5	+	TTATTT	1.7082701921463013
EMB_prokbert_C02	tjupan_bacillus_subtilis_main_fa23a6db7de139e8	tjupan_bacillus_subtilis_main_fa23a6db7de139e8	discovery	72	78	73	78	14.5	+	CATTTT	1.7091186046600342
EMB_prokbert_C02	tjupan_bacillus_subtilis_main_d0e455b1c91ba281	dbtbs_bsub_core_f6e924d0656980ad	discovery	2	8	3	8	-55.5	+	TTTTTT	1.7209910154342651
EMB_prokbert_C02	tjupan_bacillus_subtilis_main_2bdb32bb685dc1db	tjupan_bacillus_subtilis_main_2bdb32bb685dc1db	discovery	16	22	17	22	-41.5	+	TTTTTA	1.7270152568817139
EMB_prokbert_C02	tjupan_bacillus_subtilis_main_0261e5d9e5354132	tjupan_bacillus_subtilis_main_0261e5d9e5354132	discovery	11	17	12	17	-46.5	+	TTTTTT	1.7346175909042358
EMB_prokbert_C02	tjupan_bacillus_subtilis_main_10eb69ed5f79bca3	dbtbs_bsub_core_e365baa66d245063	discovery	6	12	7	12	-51.5	+	TTTTTT	1.7395893335342407
EMB_prokbert_C02	tjupan_bacillus_subtilis_main_cf3def291394eeb9	tjupan_bacillus_subtilis_main_cf3def291394eeb9	discovery	69	75	70	75	11.5	+	CTTTTT	1.7405134439468384
EMB_prokbert_C02	tjupan_bacillus_subtilis_main_1dc2eb4818f9715a	dbtbs_bsub_core_1dc2eb4818f9715a	discovery	73	79	74	79	15.5	+	CTTTTT	1.7421900033950806
EMB_prokbert_C02	tjupan_bacillus_subtilis_main_61c707ac72aeda97	tjupan_bacillus_subtilis_main_61c707ac72aeda97	discovery	21	27	22	27	-36.5	+	TTTTTT	1.7424918413162231
EMB_prokbert_C02	tjupan_bacillus_subtilis_main_a92ee416463b3fc1	dbtbs_bsub_core_585820026d8d814d	discovery	18	24	19	24	-39.5	+	TTTTTT	1.7434916496276855
EMB_prokbert_C02	tjupan_bacillus_subtilis_main_1a8b81622422b81c	dbtbs_bsub_core_045e4f174337aedd	discovery	64	70	65	70	6.5	+	TTTGTT	1.7515788078308105
EMB_prokbert_C02	tjupan_bacillus_subtilis_main_671ae756f8df7bca	dbtbs_bsub_core_340ffe292c28e826	discovery	16	22	17	22	-41.5	+	TATTTT	1.752953052520752
EMB_prokbert_C02	tjupan_bacillus_subtilis_main_efde358c620c36bd	dbtbs_bsub_core_efde358c620c36bd	discovery	30	36	31	36	-27.5	+	TTTTTC	1.7629740238189697
EMB_prokbert_C02	tjupan_bacillus_subtilis_main_c229c4b94f6591ae	tjupan_bacillus_subtilis_main_c229c4b94f6591ae	discovery	16	22	17	22	-41.5	+	TTTTTT	1.7692418098449707
EMB_prokbert_C02	tjupan_bacillus_subtilis_main_71a2a4c64c087430	tjupan_bacillus_subtilis_main_71a2a4c64c087430	discovery	15	21	16	21	-42.5	+	TTTTGT	1.7726181745529175
EMB_prokbert_C02	tjupan_bacillus_subtilis_main_a26ee3e07cf1eedf	dbtbs_bsub_core_a26ee3e07cf1eedf	discovery	68	74	69	74	10.5	+	TTTTTA	1.776798963546753
EMB_prokbert_C02	tjupan_bacillus_subtilis_main_c180878a6f782e9f	dbtbs_bsub_core_c180878a6f782e9f	discovery	34	40	35	40	-23.5	+	TTTTTA	1.7803758382797241
EMB_prokbert_C02	tjupan_bacillus_subtilis_main_48f68d49bf53ea3b	dbtbs_bsub_core_a63e45c266a8243f	discovery	37	43	38	43	-20.5	+	TTTTTT	1.7845914363861084
EMB_prokbert_C02	tjupan_bacillus_subtilis_main_eb11019c71a3a745	tjupan_bacillus_subtilis_main_eb11019c71a3a745	discovery	67	73	68	73	9.5	+	ATTTTT	1.7848433256149292
EMB_prokbert_C02	tjupan_bacillus_subtilis_main_be557af728070615	tjupan_bacillus_subtilis_main_be557af728070615	discovery	7	13	8	13	-50.5	+	TTTTTT	1.7868975400924683
EMB_prokbert_C02	tjupan_bacillus_subtilis_main_78caf7680ac9ae4c	tjupan_bacillus_subtilis_main_78caf7680ac9ae4c	discovery	31	37	32	37	-26.5	+	TTTTTT	1.79914391040802
EMB_prokbert_C02	tjupan_bacillus_subtilis_main_ae3d0ab77a583f3f	tjupan_bacillus_subtilis_main_ae3d0ab77a583f3f	discovery	4	10	5	10	-53.5	+	TTTTTA	1.800697922706604
EMB_prokbert_C02	tjupan_bacillus_subtilis_main_c0aec64934968747	tjupan_bacillus_subtilis_main_c0aec64934968747	discovery	0	6	1	6	-57.5	+	ATTTTT	1.8113658428192139
EMB_prokbert_C02	tjupan_bacillus_subtilis_main_8f5a33e062052e2d	tjupan_bacillus_subtilis_main_8f5a33e062052e2d	discovery	37	43	38	43	-20.5	+	TTTTTT	1.8168745040893555
EMB_prokbert_C02	tjupan_bacillus_subtilis_main_737474f253397bee	tjupan_bacillus_subtilis_main_737474f253397bee	discovery	37	43	38	43	-20.5	+	TATTTT	1.8216633796691895
EMB_prokbert_C02	tjupan_bacillus_subtilis_main_79d6d17268b5d0ce	dbtbs_bsub_core_94e9d8c40cf791b3	discovery	0	6	1	6	-57.5	+	GTTTTT	1.825745940208435
EMB_prokbert_C02	tjupan_bacillus_subtilis_main_89f3272bd34ff475	tjupan_bacillus_subtilis_main_89f3272bd34ff475	discovery	6	12	7	12	-51.5	+	GTTTTT	1.8308191299438477
EMB_prokbert_C02	tjupan_bacillus_subtilis_main_77dc78ed29025116	dbtbs_bsub_core_77dc78ed29025116	discovery	11	17	12	17	-46.5	+	CTTTTT	1.8342170715332031
EMB_prokbert_C02	tjupan_bacillus_subtilis_main_f5b082fd616807b3	dbtbs_bsub_core_4e960695d4b362e6	discovery	18	24	19	24	-39.5	+	TTTTTC	1.8370864391326904
EMB_prokbert_C02	tjupan_bacillus_subtilis_main_96d42d8ccff315ec	tjupan_bacillus_subtilis_main_96d42d8ccff315ec	discovery	2	8	3	8	-55.5	+	AATTTT	1.848251461982727
EMB_prokbert_C02	tjupan_bacillus_subtilis_main_b578e9e0d96d144a	dbtbs_bsub_core_b578e9e0d96d144a	discovery	16	22	17	22	-41.5	+	ATTTTG	1.8557326793670654
EMB_prokbert_C02	tjupan_bacillus_subtilis_main_edadeeaf4ff7a848	tjupan_bacillus_subtilis_main_edadeeaf4ff7a848	discovery	57	63	58	63	-0.5	+	TTTTTC	1.865575909614563
EMB_prokbert_C02	tjupan_bacillus_subtilis_main_fcf1520effc316d9	dbtbs_bsub_core_fcf1520effc316d9	discovery	5	11	6	11	-52.5	+	TTTTTT	1.866145372390747
EMB_prokbert_C02	tjupan_bacillus_subtilis_main_f7fb3b6a673b2fe9	dbtbs_bsub_core_4c8b5a3cc4c24c6c	discovery	28	34	29	34	-29.5	+	GTTTTT	1.8668543100357056
EMB_prokbert_C02	tjupan_bacillus_subtilis_main_a61c0978ae294759	tjupan_bacillus_subtilis_main_a61c0978ae294759	discovery	41	47	42	47	-16.5	+	TTTTTT	1.8695814609527588
EMB_prokbert_C02	tjupan_bacillus_subtilis_main_66846fa14c29dbc1	dbtbs_bsub_core_89ab3601fa8ac055	discovery	1	7	2	7	-56.5	+	ATTTTA	1.8722987174987793
EMB_prokbert_C02	tjupan_bacillus_subtilis_main_fb689c0625deec2e	dbtbs_bsub_core_bf9535fab79dbf8f	discovery	15	21	16	21	-42.5	+	GTTTTT	1.87260103225708
EMB_prokbert_C02	tjupan_bacillus_subtilis_main_4915fc510c1f847f	tjupan_bacillus_subtilis_main_4915fc510c1f847f	discovery	7	13	8	13	-50.5	+	CTTTTT	1.8933169841766357
EMB_prokbert_C02	tjupan_bacillus_subtilis_main_118649b56e4ec470	tjupan_bacillus_subtilis_main_118649b56e4ec470	discovery	35	41	36	41	-22.5	+	TTTTTA	1.8957711458206177
EMB_prokbert_C02	tjupan_bacillus_subtilis_main_6901d7d50287d8c1	dbtbs_bsub_core_6901d7d50287d8c1	discovery	12	18	13	18	-45.5	+	TTTTTT	1.900665521621704
EMB_prokbert_C02	tjupan_bacillus_subtilis_main_eb3c3d68906264b7	tjupan_bacillus_subtilis_main_eb3c3d68906264b7	discovery	4	10	5	10	-53.5	+	TTTTGC	1.9012728929519653
EMB_prokbert_C02	tjupan_bacillus_subtilis_main_c648ac4df22b0f89	dbtbs_bsub_core_c648ac4df22b0f89	discovery	6	12	7	12	-51.5	+	TTTTTT	1.907332181930542
EMB_prokbert_C02	tjupan_bacillus_subtilis_main_f869091e55050110	tjupan_bacillus_subtilis_main_f869091e55050110	discovery	5	11	6	11	-52.5	+	GATTTT	1.9252824783325195
EMB_prokbert_C02	tjupan_bacillus_subtilis_main_618f0dc5c0847866	dbtbs_bsub_core_e2f191a04a63a5f0	discovery	1	7	2	7	-56.5	+	ACTTTT	1.9284225702285767
EMB_prokbert_C02	tjupan_bacillus_subtilis_main_0d390d7bf47f6ae0	tjupan_bacillus_subtilis_main_0d390d7bf47f6ae0	discovery	38	44	39	44	-19.5	+	TTTTTT	1.9342955350875854
EMB_prokbert_C02	tjupan_bacillus_subtilis_main_acb860b1f6674578	dbtbs_bsub_core_f1e6e06788e9c9fd	discovery	34	40	35	40	-23.5	+	TTTTTT	1.9465062618255615
EMB_prokbert_C02	tjupan_bacillus_subtilis_main_f246415af5cfc524	dbtbs_bsub_core_f246415af5cfc524	discovery	22	28	23	28	-35.5	+	TTTTTA	1.947500228881836
EMB_prokbert_C02	tjupan_bacillus_subtilis_main_024ba149e95dcf1a	tjupan_bacillus_subtilis_main_024ba149e95dcf1a	discovery	39	45	40	45	-18.5	+	CATTTT	1.9491039514541626
EMB_prokbert_C02	tjupan_bacillus_subtilis_main_9daaa0d103ffad86	dbtbs_bsub_core_9daaa0d103ffad86	discovery	75	81	76	81	17.5	+	TTTTGA	1.9588813781738281
EMB_prokbert_C02	tjupan_bacillus_subtilis_main_0c4104d2e02c2e3b	dbtbs_bsub_core_a955cdf3a08d689c	discovery	31	37	32	37	-26.5	+	ATTTTT	1.9686119556427002
EMB_prokbert_C02	tjupan_bacillus_subtilis_main_a43c85166b962f37	dbtbs_bsub_core_47d2cdeb8a491885	discovery	11	17	12	17	-46.5	+	TTTTTT	2.0002596378326416
EMB_prokbert_C02	tjupan_bacillus_subtilis_main_f3b59cc74d659ebc	dbtbs_bsub_core_866d6e8af07c9412	discovery	11	17	12	17	-46.5	+	TTTTTA	2.001842975616455
EMB_prokbert_C02	tjupan_bacillus_subtilis_main_f6c5351a3e225d0c	dbtbs_bsub_core_f6c5351a3e225d0c	discovery	7	13	8	13	-50.5	+	CTTTTT	2.0043411254882812
EMB_prokbert_C02	tjupan_bacillus_subtilis_main_fea868950ff1c774	tjupan_bacillus_subtilis_main_fea868950ff1c774	discovery	29	35	30	35	-28.5	+	TATTTT	2.00520396232605
EMB_prokbert_C02	tjupan_bacillus_subtilis_main_5e34c7286340c249	dbtbs_bsub_core_0fedc539a64a99b7	discovery	67	73	68	73	9.5	+	TTTTTT	2.0064072608947754
EMB_prokbert_C02	tjupan_bacillus_subtilis_main_9c67a769132d62d8	dbtbs_bsub_core_1373e064636d6c9b	discovery	29	35	30	35	-28.5	+	GATTTT	2.0069847106933594
EMB_prokbert_C02	tjupan_bacillus_subtilis_main_5cf51ca317588066	tjupan_bacillus_subtilis_main_5cf51ca317588066	discovery	73	79	74	79	15.5	+	TTTTCT	2.018294095993042
EMB_prokbert_C02	tjupan_bacillus_subtilis_main_82e1287a21b69715	dbtbs_bsub_core_82e1287a21b69715	discovery	13	19	14	19	-44.5	+	GTTTTT	2.020379066467285
EMB_prokbert_C02	tjupan_bacillus_subtilis_main_5787c658c95c4762	tjupan_bacillus_subtilis_main_5787c658c95c4762	discovery	2	8	3	8	-55.5	+	ATTTTT	2.025648832321167
EMB_prokbert_C02	tjupan_bacillus_subtilis_main_f04c569125ce3afa	dbtbs_bsub_core_85a34ab094cb765f	discovery	26	32	27	32	-31.5	+	TTTTTT	2.0458552837371826
EMB_prokbert_C02	tjupan_bacillus_subtilis_main_1db11a6d86ff5865	tjupan_bacillus_subtilis_main_1db11a6d86ff5865	discovery	18	24	19	24	-39.5	+	CATTTT	2.0564663410186768
EMB_prokbert_C02	tjupan_bacillus_subtilis_main_ac1a0a0a579397f6	tjupan_bacillus_subtilis_main_ac1a0a0a579397f6	discovery	18	24	19	24	-39.5	+	TTTTTA	2.0717296600341797
EMB_prokbert_C02	tjupan_bacillus_subtilis_main_dc1d0e364ea2d865	tjupan_bacillus_subtilis_main_dc1d0e364ea2d865	discovery	27	33	28	33	-30.5	+	TTTTTT	2.089552402496338
EMB_prokbert_C02	tjupan_bacillus_subtilis_main_7942697cd86d944b	tjupan_bacillus_subtilis_main_7942697cd86d944b	discovery	11	17	12	17	-46.5	+	TTTTTT	2.090935468673706
EMB_prokbert_C02	tjupan_bacillus_subtilis_main_d1b10b64ac040b8c	dbtbs_bsub_core_3a6c62def340fb72	discovery	18	24	19	24	-39.5	+	TTTTTG	2.0924792289733887
EMB_prokbert_C02	tjupan_bacillus_subtilis_main_cd5426fc6bacf792	dbtbs_bsub_core_cd5426fc6bacf792	discovery	55	61	56	61	-2.5	+	ATTTTT	2.09965443611145
EMB_prokbert_C02	tjupan_bacillus_subtilis_main_3c97e9436cb369c2	dbtbs_bsub_core_6dc10c0d490555ae	discovery	33	39	34	39	-24.5	+	ATTTTA	2.108654737472534
EMB_prokbert_C02	tjupan_bacillus_subtilis_main_ad6e1b40396f6528	dbtbs_bsub_core_ad6e1b40396f6528	discovery	9	15	10	15	-48.5	+	TTTTTG	2.1121184825897217
EMB_prokbert_C02	tjupan_bacillus_subtilis_main_bdf5315a71015695	dbtbs_bsub_core_c94ae7322b918d76	discovery	29	35	30	35	-28.5	+	ATTTTT	2.114243745803833
EMB_prokbert_C02	tjupan_bacillus_subtilis_main_2b799cc13a596bcd	tjupan_bacillus_subtilis_main_2b799cc13a596bcd	discovery	11	17	12	17	-46.5	+	TTTTTT	2.114428758621216
EMB_prokbert_C02	tjupan_bacillus_subtilis_main_954287dc5b301340	tjupan_bacillus_subtilis_main_954287dc5b301340	discovery	14	20	15	20	-43.5	+	ATTTTG	2.1168107986450195
EMB_prokbert_C02	tjupan_bacillus_subtilis_main_73f2f27ec267a871	dbtbs_bsub_core_77a7b73eeb200478	discovery	74	80	75	80	16.5	+	TTTTGC	2.117771863937378
EMB_prokbert_C02	tjupan_bacillus_subtilis_main_e4e4a1be67374f28	dbtbs_bsub_core_e4e4a1be67374f28	discovery	17	23	18	23	-40.5	+	ATTTTT	2.1269137859344482
EMB_prokbert_C02	tjupan_bacillus_subtilis_main_db7eebd0b9425a4f	dbtbs_bsub_core_db7eebd0b9425a4f	discovery	24	30	25	30	-33.5	+	TTTTTA	2.132563591003418
EMB_prokbert_C02	tjupan_bacillus_subtilis_main_216653931b9dfc0d	tjupan_bacillus_subtilis_main_216653931b9dfc0d	discovery	31	37	32	37	-26.5	+	TTTTTA	2.1501784324645996
EMB_prokbert_C02	tjupan_bacillus_subtilis_main_7ebbe970ac38b83d	dbtbs_bsub_core_5742761e1938e2d4	discovery	31	37	32	37	-26.5	+	CTTTTT	2.1549344062805176
EMB_prokbert_C02	tjupan_bacillus_subtilis_main_e84ae283b7981830	tjupan_bacillus_subtilis_main_e84ae283b7981830	discovery	67	73	68	73	9.5	+	GATTTT	2.155076026916504
EMB_prokbert_C02	tjupan_bacillus_subtilis_main_6b5eda10bbc36b27	dbtbs_bsub_core_0d578393adbcde98	discovery	1	7	2	7	-56.5	+	TATTTT	2.1581149101257324
EMB_prokbert_C02	tjupan_bacillus_subtilis_main_c3431646de80d63f	tjupan_bacillus_subtilis_main_c3431646de80d63f	discovery	18	24	19	24	-39.5	+	TTTTTC	2.1610124111175537
EMB_prokbert_C02	tjupan_bacillus_subtilis_main_ff3d11f785ddd890	dbtbs_bsub_core_ff3d11f785ddd890	discovery	72	78	73	78	14.5	+	AATTTT	2.1617417335510254
EMB_prokbert_C02	tjupan_bacillus_subtilis_main_bd4e9486aa695c78	tjupan_bacillus_subtilis_main_bd4e9486aa695c78	discovery	72	78	73	78	14.5	+	GTTTTA	2.1692564487457275
EMB_prokbert_C02	tjupan_bacillus_subtilis_main_264ccaf63cfb1cfe	tjupan_bacillus_subtilis_main_264ccaf63cfb1cfe	discovery	44	50	45	50	-13.5	+	TTTTTT	2.1692793369293213
EMB_prokbert_C02	tjupan_bacillus_subtilis_main_26786ec6f94b1750	dbtbs_bsub_core_26786ec6f94b1750	discovery	8	14	9	14	-49.5	+	CATTTT	2.1768991947174072
EMB_prokbert_C02	tjupan_bacillus_subtilis_main_b790c6b12a43a7c6	tjupan_bacillus_subtilis_main_b790c6b12a43a7c6	discovery	75	81	76	81	17.5	+	ATTTTT	2.182713508605957
EMB_prokbert_C02	tjupan_bacillus_subtilis_main_be897b68bd393df0	dbtbs_bsub_core_be897b68bd393df0	discovery	31	37	32	37	-26.5	+	ATTTTC	2.188282012939453
EMB_prokbert_C02	tjupan_bacillus_subtilis_main_796368712c0cdecb	tjupan_bacillus_subtilis_main_796368712c0cdecb	discovery	29	35	30	35	-28.5	+	TGTTTT	2.2003018856048584
EMB_prokbert_C02	tjupan_bacillus_subtilis_main_1478640e036e0224	dbtbs_bsub_core_1478640e036e0224	discovery	75	81	76	81	17.5	+	ATTTTA	2.2363667488098145
EMB_prokbert_C02	tjupan_bacillus_subtilis_main_b1dfffe50d4e7cba	dbtbs_bsub_core_6990407cd148d57b	discovery	0	6	1	6	-57.5	+	TTTTTT	2.2400050163269043
EMB_prokbert_C02	tjupan_bacillus_subtilis_main_eaa75817f87b3088	dbtbs_bsub_core_71c43b52121900cc	discovery	2	8	3	8	-55.5	+	TTTTTA	2.3240890502929688
EMB_prokbert_C02	tjupan_bacillus_subtilis_main_ff1b0f332755e37b	dbtbs_bsub_core_710c0cbad80c03b6	discovery	1	7	2	7	-56.5	+	TTTTTA	2.3341119289398193
EMB_prokbert_C02	tjupan_bacillus_subtilis_main_c1bd3e378306e57e	tjupan_bacillus_subtilis_main_c1bd3e378306e57e	discovery	11	17	12	17	-46.5	+	TTTTTT	2.3491697311401367
EMB_prokbert_C02	tjupan_bacillus_subtilis_main_0a71b8cbf4011c3b	dbtbs_bsub_core_dc5af08cd1bffe94	discovery	29	35	30	35	-28.5	+	GATTTT	2.365370512008667
EMB_prokbert_C02	tjupan_bacillus_subtilis_main_d04a67d8cb9ad084	dbtbs_bsub_core_d04a67d8cb9ad084	discovery	0	6	1	6	-57.5	+	ATTTTT	2.449479103088379
EMB_prokbert_C02	tjupan_bacillus_subtilis_main_06d485c4aaa12e15	dbtbs_bsub_core_06d485c4aaa12e15	discovery	0	6	1	6	-57.5	+	CTTTTT	2.6173861026763916
EMB_prokbert_C02	tjupan_bacillus_subtilis_main_db51f0e14ca9b6e9	tjupan_bacillus_subtilis_main_db51f0e14ca9b6e9	discovery	0	6	1	6	-57.5	+	TTTTTA	2.820225715637207
EMB_prokbert_C03	tjupan_bacillus_subtilis_main_b790c6b12a43a7c6	tjupan_bacillus_subtilis_main_b790c6b12a43a7c6	discovery	19	25	20	25	-38.5	+	TTAACA	1.0896934270858765
EMB_prokbert_C03	tjupan_bacillus_subtilis_main_eebec5ad9a06df67	dbtbs_bsub_core_5cddd19c752675c8	discovery	41	47	42	47	-16.5	+	TTACTG	1.1308025121688843
EMB_prokbert_C03	tjupan_bacillus_subtilis_main_ff61268918c0af5d	tjupan_bacillus_subtilis_main_ff61268918c0af5d	discovery	64	70	65	70	6.5	+	TACCTT	1.2040306329727173
EMB_prokbert_C03	tjupan_bacillus_subtilis_main_56fbf5e1ebfb46d1	dbtbs_bsub_core_56fbf5e1ebfb46d1	discovery	32	38	33	38	-25.5	+	TTAGAC	1.3126627206802368
EMB_prokbert_C03	tjupan_bacillus_subtilis_main_49e8e3a6681b011d	dbtbs_bsub_core_e14a6f906af1fa54	discovery	33	39	34	39	-24.5	+	TTAACA	1.3381761312484741
EMB_prokbert_C03	tjupan_bacillus_subtilis_main_de399adaaafe5be7	dbtbs_bsub_core_f1028676a1f89b0e	discovery	65	71	66	71	7.5	+	GATACT	1.382159948348999
EMB_prokbert_C03	tjupan_bacillus_subtilis_main_3e1210c1f898bc48	dbtbs_bsub_core_42eaa371353368b2	discovery	12	18	13	18	-45.5	+	CCTTAC	1.4050971269607544
EMB_prokbert_C03	tjupan_bacillus_subtilis_main_712069959cf7e3b2	dbtbs_bsub_core_be0e53c334974f0a	discovery	18	24	19	24	-39.5	+	TAACTG	1.4121253490447998
EMB_prokbert_C03	tjupan_bacillus_subtilis_main_55935e0c215d1239	dbtbs_bsub_core_bd96a60828361996	discovery	28	34	29	34	-29.5	+	ACTTAA	1.4174144268035889
EMB_prokbert_C03	tjupan_bacillus_subtilis_main_92c71ea9f3febc7f	dbtbs_bsub_core_c2ee7abb48038f6f	discovery	60	66	61	66	2.5	+	ACACTT	1.4186372756958008
EMB_prokbert_C03	tjupan_bacillus_subtilis_main_bfe4e797767b8990	tjupan_bacillus_subtilis_main_bfe4e797767b8990	discovery	25	31	26	31	-32.5	+	GACTTA	1.4267096519470215
EMB_prokbert_C03	tjupan_bacillus_subtilis_main_980ab95cde029f78	tjupan_bacillus_subtilis_main_980ab95cde029f78	discovery	17	23	18	23	-40.5	+	TAACTC	1.4285883903503418
EMB_prokbert_C03	tjupan_bacillus_subtilis_main_88d6ae8ec11f6e65	tjupan_bacillus_subtilis_main_88d6ae8ec11f6e65	discovery	21	27	22	27	-36.5	+	TACTTG	1.4369560480117798
EMB_prokbert_C03	tjupan_bacillus_subtilis_main_549e9d5c7cb67860	dbtbs_bsub_core_1a44bafede819df1	discovery	46	52	47	52	-11.5	+	GATACT	1.440629482269287
EMB_prokbert_C03	tjupan_bacillus_subtilis_main_eb88f130dfce6401	tjupan_bacillus_subtilis_main_eb88f130dfce6401	discovery	57	63	58	63	-0.5	+	ACTTAG	1.4433863162994385
EMB_prokbert_C03	tjupan_bacillus_subtilis_main_a032a3114b7dbf1c	dbtbs_bsub_core_a032a3114b7dbf1c	discovery	13	19	14	19	-44.5	+	CTTACA	1.4528651237487793
EMB_prokbert_C03	tjupan_bacillus_subtilis_main_1259688a411f3c07	tjupan_bacillus_subtilis_main_1259688a411f3c07	discovery	20	26	21	26	-37.5	+	GATACT	1.4624521732330322
EMB_prokbert_C03	tjupan_bacillus_subtilis_main_b7d5a32e40c68782	tjupan_bacillus_subtilis_main_b7d5a32e40c68782	discovery	55	61	56	61	-2.5	+	TTACTA	1.4627660512924194
EMB_prokbert_C03	tjupan_bacillus_subtilis_main_0a0035c3a0685aa9	dbtbs_bsub_core_d50ffa4df9b8add7	discovery	56	62	57	62	-1.5	+	TTCTAA	1.468077301979065
EMB_prokbert_C03	tjupan_bacillus_subtilis_main_359df7c8e20abe4e	tjupan_bacillus_subtilis_main_359df7c8e20abe4e	discovery	32	38	33	38	-25.5	+	TACTTG	1.4771655797958374
EMB_prokbert_C03	tjupan_bacillus_subtilis_main_d03161002d7a6f34	dbtbs_bsub_core_11066f3e95c7986c	discovery	23	29	24	29	-34.5	+	TACTCA	1.487388014793396
EMB_prokbert_C03	tjupan_bacillus_subtilis_main_8a0979b032bb35c1	dbtbs_bsub_core_33318fe6256d39ff	discovery	64	70	65	70	6.5	+	CTACTT	1.4911402463912964
EMB_prokbert_C03	tjupan_bacillus_subtilis_main_9e087715e3522ed4	dbtbs_bsub_core_b3df5d74f56f0610	discovery	48	54	49	54	-9.5	+	ACTTAG	1.4929085969924927
EMB_prokbert_C03	tjupan_bacillus_subtilis_main_a43a1f032db2e49e	dbtbs_bsub_core_872c1380ac7bb81f	discovery	69	75	70	75	11.5	+	CTTACG	1.4990479946136475
EMB_prokbert_C03	tjupan_bacillus_subtilis_main_0d315ab142d66dcc	dbtbs_bsub_core_76d28d1be3f9f514	discovery	16	22	17	22	-41.5	+	ATACTT	1.4995639324188232
EMB_prokbert_C03	tjupan_bacillus_subtilis_main_91197a052a9adc5b	tjupan_bacillus_subtilis_main_91197a052a9adc5b	discovery	26	32	27	32	-31.5	+	GACTTA	1.5108635425567627
EMB_prokbert_C03	tjupan_bacillus_subtilis_main_54fd4c2966482e2c	dbtbs_bsub_core_ba3becfc7c3e4e17	discovery	70	76	71	76	12.5	+	CTTTAG	1.5144439935684204
EMB_prokbert_C03	tjupan_bacillus_subtilis_main_ab3313558a015086	dbtbs_bsub_core_ab3313558a015086	discovery	68	74	69	74	10.5	+	CTTACA	1.5179544687271118
EMB_prokbert_C03	tjupan_bacillus_subtilis_main_eaa75817f87b3088	dbtbs_bsub_core_71c43b52121900cc	discovery	51	57	52	57	-6.5	+	TACTGT	1.5461722612380981
EMB_prokbert_C03	tjupan_bacillus_subtilis_main_20bbba0ce59de449	dbtbs_bsub_core_20bbba0ce59de449	discovery	15	21	16	21	-42.5	+	GCTTAA	1.5488816499710083
EMB_prokbert_C03	tjupan_bacillus_subtilis_main_0d7b08433a8f6233	tjupan_bacillus_subtilis_main_0d7b08433a8f6233	discovery	19	25	20	25	-38.5	+	GACTAA	1.5496160984039307
EMB_prokbert_C03	tjupan_bacillus_subtilis_main_ca7deec2e4330ae4	tjupan_bacillus_subtilis_main_ca7deec2e4330ae4	discovery	23	29	24	29	-34.5	+	CTATTG	1.549768328666687
EMB_prokbert_C03	tjupan_bacillus_subtilis_main_dbf995194ebf2b2d	dbtbs_bsub_core_dbf995194ebf2b2d	discovery	21	27	22	27	-36.5	+	CGAACT	1.551804542541504
EMB_prokbert_C03	tjupan_bacillus_subtilis_main_0fe342e604184137	dbtbs_bsub_core_f039c4e5fee11aa3	discovery	63	69	64	69	5.5	+	CTATTG	1.5564519166946411
EMB_prokbert_C03	tjupan_bacillus_subtilis_main_5cf51ca317588066	tjupan_bacillus_subtilis_main_5cf51ca317588066	discovery	40	46	41	46	-17.5	+	TTACAA	1.5590949058532715
EMB_prokbert_C03	tjupan_bacillus_subtilis_main_101463e41079a20e	dbtbs_bsub_core_101463e41079a20e	discovery	46	52	47	52	-11.5	+	CTTACA	1.570946216583252
EMB_prokbert_C03	tjupan_bacillus_subtilis_main_10eda96ea4199e8c	dbtbs_bsub_core_10eda96ea4199e8c	discovery	13	19	14	19	-44.5	+	ACCTTA	1.5723636150360107
EMB_prokbert_C03	tjupan_bacillus_subtilis_main_fbae385e087109ce	tjupan_bacillus_subtilis_main_fbae385e087109ce	discovery	64	70	65	70	6.5	+	GCTTAC	1.5741685628890991
EMB_prokbert_C03	tjupan_bacillus_subtilis_main_1dc6ad16ab0331f8	tjupan_bacillus_subtilis_main_1dc6ad16ab0331f8	discovery	28	34	29	34	-29.5	+	ACCTTT	1.5765348672866821
EMB_prokbert_C03	tjupan_bacillus_subtilis_main_cf3def291394eeb9	tjupan_bacillus_subtilis_main_cf3def291394eeb9	discovery	21	27	22	27	-36.5	+	ACCTAT	1.5799542665481567
EMB_prokbert_C03	tjupan_bacillus_subtilis_main_047e296b8721a352	dbtbs_bsub_core_d618c1525725d045	discovery	53	59	54	59	-4.5	+	CTTTAG	1.5822738409042358
EMB_prokbert_C03	tjupan_bacillus_subtilis_main_e2b483c6aef274e0	dbtbs_bsub_core_175bcd2ea2263ee4	discovery	70	76	71	76	12.5	+	CATCCT	1.5860354900360107
EMB_prokbert_C03	tjupan_bacillus_subtilis_main_3ab41c1b83ba019b	dbtbs_bsub_core_c956a5fd581ed80a	discovery	55	61	56	61	-2.5	+	TCACTA	1.590232253074646
EMB_prokbert_C03	tjupan_bacillus_subtilis_main_0acb3976b9331524	tjupan_bacillus_subtilis_main_0acb3976b9331524	discovery	70	76	71	76	12.5	+	GTTACT	1.5916035175323486
EMB_prokbert_C03	tjupan_bacillus_subtilis_main_e4ca0c490585b644	tjupan_bacillus_subtilis_main_e4ca0c490585b644	discovery	69	75	70	75	11.5	+	TTTACA	1.5933337211608887
EMB_prokbert_C03	tjupan_bacillus_subtilis_main_4cf64b5587e1d04e	dbtbs_bsub_core_4cf64b5587e1d04e	discovery	23	29	24	29	-34.5	+	TACTCA	1.5975159406661987
EMB_prokbert_C03	tjupan_bacillus_subtilis_main_52267ea931cb2dd7	dbtbs_bsub_core_b35218f45c0f11c8	discovery	46	52	47	52	-11.5	+	CTAACA	1.5992025136947632
EMB_prokbert_C03	tjupan_bacillus_subtilis_main_b7c0eae7293a1bfc	dbtbs_bsub_core_0bfdb592513badc4	discovery	57	63	58	63	-0.5	+	CTCAGT	1.601196050643921
EMB_prokbert_C03	tjupan_bacillus_subtilis_main_202644f8a02efab9	dbtbs_bsub_core_f4d81ad6a0709a55	discovery	55	61	56	61	-2.5	+	TTACTA	1.6060718297958374
EMB_prokbert_C03	tjupan_bacillus_subtilis_main_e95909bd7e136f46	dbtbs_bsub_core_426aaa712ced5536	discovery	46	52	47	52	-11.5	+	CTTACA	1.6070164442062378
EMB_prokbert_C03	tjupan_bacillus_subtilis_main_0710c2f2267154d3	dbtbs_bsub_core_0710c2f2267154d3	discovery	48	54	49	54	-9.5	+	TAACTT	1.6080580949783325
EMB_prokbert_C03	tjupan_bacillus_subtilis_main_73f2f27ec267a871	dbtbs_bsub_core_77a7b73eeb200478	discovery	39	45	40	45	-18.5	+	AACTAT	1.6083221435546875
EMB_prokbert_C03	tjupan_bacillus_subtilis_main_24675587b92cc4c7	tjupan_bacillus_subtilis_main_24675587b92cc4c7	discovery	44	50	45	50	-13.5	+	GGACTA	1.6102584600448608
EMB_prokbert_C03	tjupan_bacillus_subtilis_main_7cd769ed0580d73e	tjupan_bacillus_subtilis_main_7cd769ed0580d73e	discovery	66	72	67	72	8.5	+	CTTAAC	1.6126110553741455
EMB_prokbert_C03	tjupan_bacillus_subtilis_main_f3423ecbff5b6537	dbtbs_bsub_core_dc8c32e7cfbca6d1	discovery	49	55	50	55	-8.5	+	ACACTA	1.6128586530685425
EMB_prokbert_C03	tjupan_bacillus_subtilis_main_2b2db3c55e03b737	dbtbs_bsub_core_9d26dfa3049d6f00	discovery	19	25	20	25	-38.5	+	TACCAA	1.6134419441223145
EMB_prokbert_C03	tjupan_bacillus_subtilis_main_f04c569125ce3afa	dbtbs_bsub_core_85a34ab094cb765f	discovery	61	67	62	67	3.5	+	CCTACA	1.6157054901123047
EMB_prokbert_C03	tjupan_bacillus_subtilis_main_a43c85166b962f37	dbtbs_bsub_core_47d2cdeb8a491885	discovery	32	38	33	38	-25.5	+	GCTTAC	1.6157362461090088
EMB_prokbert_C03	tjupan_bacillus_subtilis_main_4059ca0cce5522a4	tjupan_bacillus_subtilis_main_4059ca0cce5522a4	discovery	21	27	22	27	-36.5	+	TCACTT	1.619140625
EMB_prokbert_C03	tjupan_bacillus_subtilis_main_89f3272bd34ff475	tjupan_bacillus_subtilis_main_89f3272bd34ff475	discovery	36	42	37	42	-21.5	+	GACTTT	1.6199575662612915
EMB_prokbert_C03	tjupan_bacillus_subtilis_main_c204793b69b45448	dbtbs_bsub_core_c204793b69b45448	discovery	50	56	51	56	-7.5	+	TTACTA	1.6280755996704102
EMB_prokbert_C03	tjupan_bacillus_subtilis_main_1a8b81622422b81c	dbtbs_bsub_core_045e4f174337aedd	discovery	32	38	33	38	-25.5	+	ACCTTA	1.6348414421081543
EMB_prokbert_C03	tjupan_bacillus_subtilis_main_9990510225814384	tjupan_bacillus_subtilis_main_9990510225814384	discovery	24	30	25	30	-33.5	+	TTGACT	1.6399809122085571
EMB_prokbert_C03	tjupan_bacillus_subtilis_main_8b7394af6b78d50f	dbtbs_bsub_core_c890b4346c03f247	discovery	44	50	45	50	-13.5	+	ACACTT	1.6473472118377686
EMB_prokbert_C03	tjupan_bacillus_subtilis_main_bba2e45eb636482b	dbtbs_bsub_core_bba2e45eb636482b	discovery	14	20	15	20	-43.5	+	TTTACG	1.649015188217163
EMB_prokbert_C03	tjupan_bacillus_subtilis_main_0b7b75ba67f19880	dbtbs_bsub_core_0b7b75ba67f19880	discovery	51	57	52	57	-6.5	+	CCTATT	1.650296688079834
EMB_prokbert_C03	tjupan_bacillus_subtilis_main_e2f816d3420810f5	dbtbs_bsub_core_8f473f826c608a81	discovery	13	19	14	19	-44.5	+	TACTTT	1.6553356647491455
EMB_prokbert_C03	tjupan_bacillus_subtilis_main_e6accdb752f9724f	dbtbs_bsub_core_41815df9927fe319	discovery	49	55	50	55	-8.5	+	AAACTT	1.6675854921340942
EMB_prokbert_C03	tjupan_bacillus_subtilis_main_f6c5351a3e225d0c	dbtbs_bsub_core_f6c5351a3e225d0c	discovery	56	62	57	62	-1.5	+	CACTAG	1.6695621013641357
EMB_prokbert_C03	tjupan_bacillus_subtilis_main_901b18a9982b4e95	tjupan_bacillus_subtilis_main_901b18a9982b4e95	discovery	63	69	64	69	5.5	+	GCTTAA	1.67665433883667
EMB_prokbert_C03	tjupan_bacillus_subtilis_main_f6994e5b6245c7bf	tjupan_bacillus_subtilis_main_f6994e5b6245c7bf	discovery	33	39	34	39	-24.5	+	GCACTA	1.6781529188156128
EMB_prokbert_C03	tjupan_bacillus_subtilis_main_8f5a33e062052e2d	tjupan_bacillus_subtilis_main_8f5a33e062052e2d	discovery	30	36	31	36	-27.5	+	TAGACT	1.6798782348632812
EMB_prokbert_C03	tjupan_bacillus_subtilis_main_e4e4a1be67374f28	dbtbs_bsub_core_e4e4a1be67374f28	discovery	26	32	27	32	-31.5	+	GTAACG	1.6807361841201782
EMB_prokbert_C03	tjupan_bacillus_subtilis_main_d24ab9ea2522f43e	dbtbs_bsub_core_e391b9fe5a0b653f	discovery	49	55	50	55	-8.5	+	TACACT	1.6828817129135132
EMB_prokbert_C03	tjupan_bacillus_subtilis_main_efde358c620c36bd	dbtbs_bsub_core_efde358c620c36bd	discovery	13	19	14	19	-44.5	+	ATTCTA	1.6833218336105347
EMB_prokbert_C03	tjupan_bacillus_subtilis_main_a9ae08a54b460299	dbtbs_bsub_core_4c306bb2d4b261c8	discovery	63	69	64	69	5.5	+	ACTTTA	1.6843743324279785
EMB_prokbert_C03	tjupan_bacillus_subtilis_main_36eed70446e6810b	dbtbs_bsub_core_36eed70446e6810b	discovery	67	73	68	73	9.5	+	TACTCC	1.690671443939209
EMB_prokbert_C03	tjupan_bacillus_subtilis_main_b24feeda89db5dfd	dbtbs_bsub_core_b24feeda89db5dfd	discovery	38	44	39	44	-19.5	+	CTAAAC	1.6922035217285156
EMB_prokbert_C03	tjupan_bacillus_subtilis_main_8265264627414ceb	tjupan_bacillus_subtilis_main_8265264627414ceb	discovery	5	11	6	11	-52.5	+	TACCTG	1.6934226751327515
EMB_prokbert_C03	tjupan_bacillus_subtilis_main_b11aff47b9c426f3	dbtbs_bsub_core_b11aff47b9c426f3	discovery	26	32	27	32	-31.5	+	ATACTT	1.6985677480697632
EMB_prokbert_C03	tjupan_bacillus_subtilis_main_9d589577eb1cbe67	tjupan_bacillus_subtilis_main_9d589577eb1cbe67	discovery	13	19	14	19	-44.5	+	GTTACT	1.6986544132232666
EMB_prokbert_C03	tjupan_bacillus_subtilis_main_56bd9deba3d3b9f9	dbtbs_bsub_core_5dd7cccc54d589c3	discovery	46	52	47	52	-11.5	+	CTACAA	1.7021534442901611
EMB_prokbert_C03	tjupan_bacillus_subtilis_main_adff0049bb8c9b3f	tjupan_bacillus_subtilis_main_adff0049bb8c9b3f	discovery	67	73	68	73	9.5	+	CTTACA	1.7069470882415771
EMB_prokbert_C03	tjupan_bacillus_subtilis_main_eb3c3d68906264b7	tjupan_bacillus_subtilis_main_eb3c3d68906264b7	discovery	26	32	27	32	-31.5	+	TCTAAA	1.715511441230774
EMB_prokbert_C03	tjupan_bacillus_subtilis_main_96d42d8ccff315ec	tjupan_bacillus_subtilis_main_96d42d8ccff315ec	discovery	36	42	37	42	-21.5	+	AGAACT	1.7183574438095093
EMB_prokbert_C03	tjupan_bacillus_subtilis_main_60ee42342c88d235	tjupan_bacillus_subtilis_main_60ee42342c88d235	discovery	24	30	25	30	-33.5	+	CCTTAA	1.7226146459579468
EMB_prokbert_C03	tjupan_bacillus_subtilis_main_2a3c695bd1a0b4c9	tjupan_bacillus_subtilis_main_2a3c695bd1a0b4c9	discovery	57	63	58	63	-0.5	+	TACAGA	1.7241305112838745
EMB_prokbert_C03	tjupan_bacillus_subtilis_main_76909c0ebd8db916	dbtbs_bsub_core_d5153844984277ea	discovery	11	17	12	17	-46.5	+	ACGCTT	1.7245904207229614
EMB_prokbert_C03	tjupan_bacillus_subtilis_main_84e6c8375d18dc47	tjupan_bacillus_subtilis_main_84e6c8375d18dc47	discovery	21	27	22	27	-36.5	+	ATTTAG	1.7277805805206299
EMB_prokbert_C03	tjupan_bacillus_subtilis_main_6c11169e185f76df	dbtbs_bsub_core_6c11169e185f76df	discovery	31	37	32	37	-26.5	+	AACGAC	1.7294586896896362
EMB_prokbert_C03	tjupan_bacillus_subtilis_main_edce5d598636e106	dbtbs_bsub_core_39acf3daf47ccd69	discovery	18	24	19	24	-39.5	+	CTTAAC	1.7295771837234497
EMB_prokbert_C03	tjupan_bacillus_subtilis_main_41b76e09c674d652	dbtbs_bsub_core_41b76e09c674d652	discovery	57	63	58	63	-0.5	+	TCTACA	1.7320353984832764
EMB_prokbert_C03	tjupan_bacillus_subtilis_main_2d40490247bb616a	dbtbs_bsub_core_ffa38d6978ad48aa	discovery	72	78	73	78	14.5	+	GACTTA	1.7388572692871094
EMB_prokbert_C03	tjupan_bacillus_subtilis_main_dc65c8922842b20f	tjupan_bacillus_subtilis_main_dc65c8922842b20f	discovery	58	64	59	64	0.5	+	TCCTTA	1.7417479753494263
EMB_prokbert_C03	tjupan_bacillus_subtilis_main_1478640e036e0224	dbtbs_bsub_core_1478640e036e0224	discovery	11	17	12	17	-46.5	+	TTACCA	1.7418465614318848
EMB_prokbert_C03	tjupan_bacillus_subtilis_main_fe2a626ec63a594e	dbtbs_bsub_core_abc060d81660f90c	discovery	51	57	52	57	-6.5	+	ACTAAT	1.7513128519058228
EMB_prokbert_C03	tjupan_bacillus_subtilis_main_238ba8da2c883516	dbtbs_bsub_core_238ba8da2c883516	discovery	55	61	56	61	-2.5	+	TTACTA	1.7526737451553345
EMB_prokbert_C03	tjupan_bacillus_subtilis_main_ade14dd3fdacb032	dbtbs_bsub_core_12585b08a658046e	discovery	17	23	18	23	-40.5	+	GAACTG	1.7533029317855835
EMB_prokbert_C03	tjupan_bacillus_subtilis_main_ff62fa3227cb3ab1	dbtbs_bsub_core_f748f853b4ec2056	discovery	55	61	56	61	-2.5	+	CAACTA	1.7583459615707397
EMB_prokbert_C03	tjupan_bacillus_subtilis_main_9daaa0d103ffad86	dbtbs_bsub_core_9daaa0d103ffad86	discovery	48	54	49	54	-9.5	+	TAAACT	1.7591739892959595
EMB_prokbert_C03	tjupan_bacillus_subtilis_main_fea876b7208e46e3	dbtbs_bsub_core_fea876b7208e46e3	discovery	33	39	34	39	-24.5	+	CGCTTT	1.760550618171692
EMB_prokbert_C03	tjupan_bacillus_subtilis_main_c648ac4df22b0f89	dbtbs_bsub_core_c648ac4df22b0f89	discovery	39	45	40	45	-18.5	+	ACTTAG	1.7610409259796143
EMB_prokbert_C03	tjupan_bacillus_subtilis_main_4648c22f43ae6952	tjupan_bacillus_subtilis_main_4648c22f43ae6952	discovery	17	23	18	23	-40.5	+	AATACT	1.7640957832336426
EMB_prokbert_C03	tjupan_bacillus_subtilis_main_e445a9d379a1812a	dbtbs_bsub_core_e445a9d379a1812a	discovery	65	71	66	71	7.5	+	TACCTT	1.768293857574463
EMB_prokbert_C03	tjupan_bacillus_subtilis_main_74de924b5fe0230a	dbtbs_bsub_core_74de924b5fe0230a	discovery	69	75	70	75	11.5	+	TCACTA	1.7726713418960571
EMB_prokbert_C03	tjupan_bacillus_subtilis_main_8fa35d24a76b6d72	tjupan_bacillus_subtilis_main_8fa35d24a76b6d72	discovery	31	37	32	37	-26.5	+	CCTATG	1.7774208784103394
EMB_prokbert_C03	tjupan_bacillus_subtilis_main_106e69f8e7e10bd4	tjupan_bacillus_subtilis_main_106e69f8e7e10bd4	discovery	67	73	68	73	9.5	+	TCCTTA	1.7786616086959839
EMB_prokbert_C03	tjupan_bacillus_subtilis_main_f246415af5cfc524	dbtbs_bsub_core_f246415af5cfc524	discovery	49	55	50	55	-8.5	+	ACTCTA	1.780609130859375
EMB_prokbert_C03	tjupan_bacillus_subtilis_main_3eab38fdf3061b6a	tjupan_bacillus_subtilis_main_3eab38fdf3061b6a	discovery	5	11	6	11	-52.5	+	GCAACT	1.7819753885269165
EMB_prokbert_C03	tjupan_bacillus_subtilis_main_c7c68e6fe4d84a02	tjupan_bacillus_subtilis_main_c7c68e6fe4d84a02	discovery	29	35	30	35	-28.5	+	TAACGG	1.7851464748382568
EMB_prokbert_C03	tjupan_bacillus_subtilis_main_a8b2c052c0cdfcff	tjupan_bacillus_subtilis_main_a8b2c052c0cdfcff	discovery	23	29	24	29	-34.5	+	TACTTG	1.7966727018356323
EMB_prokbert_C03	tjupan_bacillus_subtilis_main_25308dd77914b9d9	dbtbs_bsub_core_1dc2eb4818f9715a	discovery	23	29	24	29	-34.5	+	GGTACT	1.7997863292694092
EMB_prokbert_C03	tjupan_bacillus_subtilis_main_8e9af30cd29c08ec	dbtbs_bsub_core_ab5345ed831420ec	discovery	31	37	32	37	-26.5	+	AACTGT	1.8022518157958984
EMB_prokbert_C03	tjupan_bacillus_subtilis_main_c2d54a415a7d048a	dbtbs_bsub_core_c2d54a415a7d048a	discovery	19	25	20	25	-38.5	+	GTTCTA	1.804173231124878
EMB_prokbert_C03	tjupan_bacillus_subtilis_main_25766be7ede5bd12	tjupan_bacillus_subtilis_main_25766be7ede5bd12	discovery	31	37	32	37	-26.5	+	ACTTTA	1.80619478225708
EMB_prokbert_C03	tjupan_bacillus_subtilis_main_51e2f43063a3baab	tjupan_bacillus_subtilis_main_51e2f43063a3baab	discovery	70	76	71	76	12.5	+	ACCTAT	1.8070602416992188
EMB_prokbert_C03	tjupan_bacillus_subtilis_main_c2a5e00f908ba88c	dbtbs_bsub_core_c2a5e00f908ba88c	discovery	47	53	48	53	-10.5	+	ATAGAC	1.8097683191299438
EMB_prokbert_C03	tjupan_bacillus_subtilis_main_5e8ac4f4506ef781	dbtbs_bsub_core_cdccc2e2972286a4	discovery	35	41	36	41	-22.5	+	TACTGA	1.8113102912902832
EMB_prokbert_C03	tjupan_bacillus_subtilis_main_7e538c30b860aa5a	tjupan_bacillus_subtilis_main_7e538c30b860aa5a	discovery	33	39	34	39	-24.5	+	ACTTAA	1.819352149963379
EMB_prokbert_C03	tjupan_bacillus_subtilis_main_354da8035d16f701	dbtbs_bsub_core_1ee6e81d7c1d1fa1	discovery	57	63	58	63	-0.5	+	CCTGTT	1.8206669092178345
EMB_prokbert_C03	tjupan_bacillus_subtilis_main_4d08fa1f606ad269	tjupan_bacillus_subtilis_main_4d08fa1f606ad269	discovery	64	70	65	70	6.5	+	TACCCT	1.8208461999893188
EMB_prokbert_C03	tjupan_bacillus_subtilis_main_5e3ef261f40425ef	tjupan_bacillus_subtilis_main_5e3ef261f40425ef	discovery	38	44	39	44	-19.5	+	AACTTG	1.8238162994384766
EMB_prokbert_C03	tjupan_bacillus_subtilis_main_d04a67d8cb9ad084	dbtbs_bsub_core_d04a67d8cb9ad084	discovery	30	36	31	36	-27.5	+	CTAGAC	1.8247488737106323
EMB_prokbert_C03	tjupan_bacillus_subtilis_main_fde7c2aaac5c57ce	dbtbs_bsub_core_fde7c2aaac5c57ce	discovery	29	35	30	35	-28.5	+	CCGCTT	1.8248735666275024
EMB_prokbert_C03	tjupan_bacillus_subtilis_main_8a4a22c637647f42	dbtbs_bsub_core_8a4a22c637647f42	discovery	48	54	49	54	-9.5	+	AACCTA	1.8298757076263428
EMB_prokbert_C03	tjupan_bacillus_subtilis_main_ba49f50d8b0af1c7	dbtbs_bsub_core_8a4a22c637647f42	discovery	49	55	50	55	-8.5	+	AACCTA	1.831732153892517
EMB_prokbert_C03	tjupan_bacillus_subtilis_main_7358cf40e4efa482	tjupan_bacillus_subtilis_main_7358cf40e4efa482	discovery	43	49	44	49	-14.5	+	ACGCTT	1.832160472869873
EMB_prokbert_C03	tjupan_bacillus_subtilis_main_962b839f321a2605	dbtbs_bsub_core_962b839f321a2605	discovery	20	26	21	26	-37.5	+	ATACTT	1.8355129957199097
EMB_prokbert_C03	tjupan_bacillus_subtilis_main_f9edd67964b41200	dbtbs_bsub_core_f9edd67964b41200	discovery	17	23	18	23	-40.5	+	ATACTT	1.836700201034546
EMB_prokbert_C03	tjupan_bacillus_subtilis_main_32548c7fec9dc4f2	dbtbs_bsub_core_32548c7fec9dc4f2	discovery	53	59	54	59	-4.5	+	ATACTT	1.8383572101593018
EMB_prokbert_C03	tjupan_bacillus_subtilis_main_5957e34dfa6ab85c	tjupan_bacillus_subtilis_main_5957e34dfa6ab85c	discovery	33	39	34	39	-24.5	+	TGTTAC	1.8408492803573608
EMB_prokbert_C03	tjupan_bacillus_subtilis_main_79d6d17268b5d0ce	dbtbs_bsub_core_94e9d8c40cf791b3	discovery	50	56	51	56	-7.5	+	TACTAT	1.841534972190857
EMB_prokbert_C03	tjupan_bacillus_subtilis_main_db7eebd0b9425a4f	dbtbs_bsub_core_db7eebd0b9425a4f	discovery	43	49	44	49	-14.5	+	TGAACA	1.8417922258377075
EMB_prokbert_C03	tjupan_bacillus_subtilis_main_9d5c52bb0fa0ffad	dbtbs_bsub_core_9d5c52bb0fa0ffad	discovery	19	25	20	25	-38.5	+	AACTGT	1.842201590538025
EMB_prokbert_C03	tjupan_bacillus_subtilis_main_2be0a0a038238614	tjupan_bacillus_subtilis_main_2be0a0a038238614	discovery	13	19	14	19	-44.5	+	CTTACA	1.8432282209396362
EMB_prokbert_C03	tjupan_bacillus_subtilis_main_b1dfffe50d4e7cba	dbtbs_bsub_core_6990407cd148d57b	discovery	28	34	29	34	-29.5	+	TACCAA	1.8445740938186646
EMB_prokbert_C03	tjupan_bacillus_subtilis_main_e8dca4769e2e29bc	dbtbs_bsub_core_b8b8ac7ece3bed55	discovery	49	55	50	55	-8.5	+	TACTGA	1.8466423749923706
EMB_prokbert_C03	tjupan_bacillus_subtilis_main_80add31ceb4a1382	tjupan_bacillus_subtilis_main_80add31ceb4a1382	discovery	9	15	10	15	-48.5	+	TTACCT	1.8487154245376587
EMB_prokbert_C03	tjupan_bacillus_subtilis_main_d9da0a0033167763	dbtbs_bsub_core_d9da0a0033167763	discovery	8	14	9	14	-49.5	+	ATTAGG	1.8487387895584106
EMB_prokbert_C03	tjupan_bacillus_subtilis_main_0a71b8cbf4011c3b	dbtbs_bsub_core_dc5af08cd1bffe94	discovery	35	41	36	41	-22.5	+	CTTACA	1.8537838459014893
EMB_prokbert_C03	tjupan_bacillus_subtilis_main_d1b10b64ac040b8c	dbtbs_bsub_core_3a6c62def340fb72	discovery	65	71	66	71	7.5	+	CTTACC	1.8564707040786743
EMB_prokbert_C03	tjupan_bacillus_subtilis_main_52fe6822c9d74b50	tjupan_bacillus_subtilis_main_52fe6822c9d74b50	discovery	23	29	24	29	-34.5	+	ACTTAC	1.8595612049102783
EMB_prokbert_C03	tjupan_bacillus_subtilis_main_daaf0c7fa42ef2fa	dbtbs_bsub_core_ef9625ff29774e65	discovery	49	55	50	55	-8.5	+	ACCATT	1.8611236810684204
EMB_prokbert_C03	tjupan_bacillus_subtilis_main_2e59e247c2d07b0b	tjupan_bacillus_subtilis_main_2e59e247c2d07b0b	discovery	72	78	73	78	14.5	+	ATTAGC	1.862141489982605
EMB_prokbert_C03	tjupan_bacillus_subtilis_main_8e4b7e6c519e170f	tjupan_bacillus_subtilis_main_8e4b7e6c519e170f	discovery	48	54	49	54	-9.5	+	TACTTT	1.8626375198364258
EMB_prokbert_C03	tjupan_bacillus_subtilis_main_3270409c742f3314	dbtbs_bsub_core_edd6f2ee95c58508	discovery	46	52	47	52	-11.5	+	ACTAGG	1.8670589923858643
EMB_prokbert_C03	tjupan_bacillus_subtilis_main_024ba149e95dcf1a	tjupan_bacillus_subtilis_main_024ba149e95dcf1a	discovery	5	11	6	11	-52.5	+	ATTTAC	1.8671592473983765
EMB_prokbert_C03	tjupan_bacillus_subtilis_main_e66d1eb3358cf03d	dbtbs_bsub_core_601150b85493a7a1	discovery	60	66	61	66	2.5	+	ATTACT	1.868252158164978
EMB_prokbert_C03	tjupan_bacillus_subtilis_main_954287dc5b301340	tjupan_bacillus_subtilis_main_954287dc5b301340	discovery	57	63	58	63	-0.5	+	TACACT	1.87204909324646
EMB_prokbert_C03	tjupan_bacillus_subtilis_main_acb860b1f6674578	dbtbs_bsub_core_f1e6e06788e9c9fd	discovery	49	55	50	55	-8.5	+	GACTAT	1.8760693073272705
EMB_prokbert_C03	tjupan_bacillus_subtilis_main_89a40bf9e0650967	dbtbs_bsub_core_89a40bf9e0650967	discovery	34	40	35	40	-23.5	+	ATACTC	1.876623511314392
EMB_prokbert_C03	tjupan_bacillus_subtilis_main_ced72b826f4a910f	dbtbs_bsub_core_d1a4fbb8ec4bd212	discovery	55	61	56	61	-2.5	+	CAACTA	1.8822987079620361
EMB_prokbert_C03	tjupan_bacillus_subtilis_main_b88f3e08d3d51af5	tjupan_bacillus_subtilis_main_b88f3e08d3d51af5	discovery	51	57	52	57	-6.5	+	CACTAA	1.8852570056915283
EMB_prokbert_C03	tjupan_bacillus_subtilis_main_8837dc4443db7de3	tjupan_bacillus_subtilis_main_8837dc4443db7de3	discovery	32	38	33	38	-25.5	+	GACTGT	1.8861780166625977
EMB_prokbert_C03	tjupan_bacillus_subtilis_main_c3fafc97a347852e	tjupan_bacillus_subtilis_main_c3fafc97a347852e	discovery	40	46	41	46	-17.5	+	CACTAT	1.8861876726150513
EMB_prokbert_C03	tjupan_bacillus_subtilis_main_ec009cfbae4f5210	dbtbs_bsub_core_ec009cfbae4f5210	discovery	28	34	29	34	-29.5	+	ACTACC	1.8901883363723755
EMB_prokbert_C03	tjupan_bacillus_subtilis_main_5f8b6936b2e52932	tjupan_bacillus_subtilis_main_5f8b6936b2e52932	discovery	25	31	26	31	-32.5	+	TTTACA	1.8910621404647827
EMB_prokbert_C03	tjupan_bacillus_subtilis_main_917572a2414a52f7	tjupan_bacillus_subtilis_main_917572a2414a52f7	discovery	23	29	24	29	-34.5	+	ACTTAT	1.8915975093841553
EMB_prokbert_C03	tjupan_bacillus_subtilis_main_2c918744f6daf466	dbtbs_bsub_core_20f77243a5b2c4ab	discovery	50	56	51	56	-7.5	+	TCTTTA	1.8918143510818481
EMB_prokbert_C03	tjupan_bacillus_subtilis_main_ed12f07c80365cbc	dbtbs_bsub_core_09dd4c8ba7bc09c6	discovery	13	19	14	19	-44.5	+	TTACAC	1.9114675521850586
EMB_prokbert_C03	tjupan_bacillus_subtilis_main_be36dbaf549189cb	tjupan_bacillus_subtilis_main_be36dbaf549189cb	discovery	42	48	43	48	-15.5	+	AACTTG	1.9130291938781738
EMB_prokbert_C03	tjupan_bacillus_subtilis_main_2a051d7d075d7920	tjupan_bacillus_subtilis_main_2a051d7d075d7920	discovery	6	12	7	12	-51.5	+	CAAACT	1.9188592433929443
EMB_prokbert_C03	tjupan_bacillus_subtilis_main_b2e461bb3b5d3d88	dbtbs_bsub_core_b2e461bb3b5d3d88	discovery	28	34	29	34	-29.5	+	ATTACT	1.91969633102417
EMB_prokbert_C03	tjupan_bacillus_subtilis_main_70da326395794983	tjupan_bacillus_subtilis_main_70da326395794983	discovery	11	17	12	17	-46.5	+	TACCAA	1.922186017036438
EMB_prokbert_C03	tjupan_bacillus_subtilis_main_3c97e9436cb369c2	dbtbs_bsub_core_6dc10c0d490555ae	discovery	36	42	37	42	-21.5	+	TTACCT	1.9330840110778809
EMB_prokbert_C03	tjupan_bacillus_subtilis_main_3be839d09df1dbe1	dbtbs_bsub_core_3be839d09df1dbe1	discovery	42	48	43	48	-15.5	+	TTTACT	1.9350401163101196
EMB_prokbert_C03	tjupan_bacillus_subtilis_main_f09c3556dc31a575	dbtbs_bsub_core_f09c3556dc31a575	discovery	71	77	72	77	13.5	+	GAACTC	1.9354168176651
EMB_prokbert_C03	tjupan_bacillus_subtilis_main_6406719b10941769	dbtbs_bsub_core_5bcaee6240f23d4b	discovery	25	31	26	31	-32.5	+	TTGACC	1.936431884765625
EMB_prokbert_C03	tjupan_bacillus_subtilis_main_d33162cb12a5a549	tjupan_bacillus_subtilis_main_d33162cb12a5a549	discovery	4	10	5	10	-53.5	+	AACTCT	1.9429957866668701
EMB_prokbert_C03	tjupan_bacillus_subtilis_main_e47a55cd702f35e7	dbtbs_bsub_core_175bcd2ea2263ee4	discovery	68	74	69	74	10.5	+	TCCTTA	1.945523738861084
EMB_prokbert_C03	tjupan_bacillus_subtilis_main_db51f0e14ca9b6e9	tjupan_bacillus_subtilis_main_db51f0e14ca9b6e9	discovery	4	10	5	10	-53.5	+	TACAGC	1.9534848928451538
EMB_prokbert_C03	tjupan_bacillus_subtilis_main_8b776572d2e01c62	dbtbs_bsub_core_6736f212a82e3343	discovery	22	28	23	28	-35.5	+	AGTACC	1.959212303161621
EMB_prokbert_C03	tjupan_bacillus_subtilis_main_1dc2eb4818f9715a	dbtbs_bsub_core_1dc2eb4818f9715a	discovery	69	75	70	75	11.5	+	ATAACT	1.9850502014160156
EMB_prokbert_C03	tjupan_bacillus_subtilis_main_a2cd64f7b02e9630	tjupan_bacillus_subtilis_main_a2cd64f7b02e9630	discovery	23	29	24	29	-34.5	+	CACTTG	1.9902268648147583
EMB_prokbert_C03	tjupan_bacillus_subtilis_main_73a7b40a4dc814aa	dbtbs_bsub_core_bdba293c4926b88d	discovery	35	41	36	41	-22.5	+	AAGACA	1.9905002117156982
EMB_prokbert_C03	tjupan_bacillus_subtilis_main_632ff1f5d92b347a	tjupan_bacillus_subtilis_main_632ff1f5d92b347a	discovery	69	75	70	75	11.5	+	CCTTAG	1.9918179512023926
EMB_prokbert_C03	tjupan_bacillus_subtilis_main_e1fd6875b30f4c73	dbtbs_bsub_core_e1fd6875b30f4c73	discovery	42	48	43	48	-15.5	+	CTAGTT	1.9936002492904663
EMB_prokbert_C03	tjupan_bacillus_subtilis_main_c12152f72b444aff	tjupan_bacillus_subtilis_main_c12152f72b444aff	discovery	17	23	18	23	-40.5	+	TGCTTA	1.9946898221969604
EMB_prokbert_C03	tjupan_bacillus_subtilis_main_e28ceade6e8616fa	dbtbs_bsub_core_9b12482ac6eea2d4	discovery	62	68	63	68	4.5	+	GAACTT	1.9949134588241577
EMB_prokbert_C03	tjupan_bacillus_subtilis_main_982fa9762732f05a	tjupan_bacillus_subtilis_main_982fa9762732f05a	discovery	35	41	36	41	-22.5	+	AAACTT	1.9999786615371704
EMB_prokbert_C03	tjupan_bacillus_subtilis_main_7ebbe970ac38b83d	dbtbs_bsub_core_5742761e1938e2d4	discovery	26	32	27	32	-31.5	+	ATACAC	2.0004100799560547
EMB_prokbert_C03	tjupan_bacillus_subtilis_main_f45d38a5e15ccc93	dbtbs_bsub_core_5dbc73ad42aeab56	discovery	6	12	7	12	-51.5	+	ACTTGT	2.004288911819458
EMB_prokbert_C03	tjupan_bacillus_subtilis_main_1c375491ec2245f4	tjupan_bacillus_subtilis_main_1c375491ec2245f4	discovery	50	56	51	56	-7.5	+	TACTAA	2.0057766437530518
EMB_prokbert_C03	tjupan_bacillus_subtilis_main_dbd8ff77ae99e6b2	dbtbs_bsub_core_dbd8ff77ae99e6b2	discovery	3	9	4	9	-54.5	+	GACCTA	2.0089218616485596
EMB_prokbert_C03	tjupan_bacillus_subtilis_main_972c682163779595	dbtbs_bsub_core_6e525afed4c0ab9e	discovery	73	79	74	79	15.5	+	AAACTG	2.0399255752563477
EMB_prokbert_C03	tjupan_bacillus_subtilis_main_fa23a6db7de139e8	tjupan_bacillus_subtilis_main_fa23a6db7de139e8	discovery	20	26	21	26	-37.5	+	AGCTAT	2.0437281131744385
EMB_prokbert_C03	tjupan_bacillus_subtilis_main_8e892e5639ef0ac1	dbtbs_bsub_core_d25c674b3a14df1a	discovery	48	54	49	54	-9.5	+	TACACT	2.044182777404785
EMB_prokbert_C03	tjupan_bacillus_subtilis_main_02077247d0a8a665	dbtbs_bsub_core_e82d4ff28ccc2c95	discovery	64	70	65	70	6.5	+	TAACTC	2.050875186920166
EMB_prokbert_C03	tjupan_bacillus_subtilis_main_5fc80954df40cf68	dbtbs_bsub_core_44be1bddac760e1c	discovery	0	6	1	6	-57.5	+	ACCTTA	2.051025390625
EMB_prokbert_C03	tjupan_bacillus_subtilis_main_8b925a3983e97ebd	dbtbs_bsub_core_0346364171f10446	discovery	5	11	6	11	-52.5	+	CCTTAT	2.0574593544006348
EMB_prokbert_C03	tjupan_bacillus_subtilis_main_10eb69ed5f79bca3	dbtbs_bsub_core_e365baa66d245063	discovery	53	59	54	59	-4.5	+	GAACTT	2.0586116313934326
EMB_prokbert_C03	tjupan_bacillus_subtilis_main_a7a45131c45395c8	dbtbs_bsub_core_a7a45131c45395c8	discovery	63	69	64	69	5.5	+	CCCTAA	2.069140672683716
EMB_prokbert_C03	tjupan_bacillus_subtilis_main_e90961ead2da3f7b	tjupan_bacillus_subtilis_main_e90961ead2da3f7b	discovery	34	40	35	40	-23.5	+	ATACTG	2.079394817352295
EMB_prokbert_C03	tjupan_bacillus_subtilis_main_1cd26aa95d9363dc	dbtbs_bsub_core_1cd26aa95d9363dc	discovery	17	23	18	23	-40.5	+	TTTACG	2.0925517082214355
EMB_prokbert_C03	tjupan_bacillus_subtilis_main_49d5f09ecdaa68d2	dbtbs_bsub_core_2fc6766ca8c365d3	discovery	28	34	29	34	-29.5	+	ACTGAA	2.1054508686065674
EMB_prokbert_C03	tjupan_bacillus_subtilis_main_636c41b820e9fd5d	tjupan_bacillus_subtilis_main_636c41b820e9fd5d	discovery	74	80	75	80	16.5	+	GACTTG	2.122537612915039
EMB_prokbert_C03	tjupan_bacillus_subtilis_main_bc41d7d0760497f9	dbtbs_bsub_core_bc41d7d0760497f9	discovery	27	33	28	33	-30.5	+	TCTAAC	2.127052068710327
EMB_prokbert_C03	tjupan_bacillus_subtilis_main_517410185d825f3e	tjupan_bacillus_subtilis_main_517410185d825f3e	discovery	2	8	3	8	-55.5	+	CACCTT	2.131106376647949
EMB_prokbert_C03	tjupan_bacillus_subtilis_main_f0903ae0ab41d118	dbtbs_bsub_core_16fb2108119b7eaf	discovery	28	34	29	34	-29.5	+	GTACTT	2.1446807384490967
EMB_prokbert_C03	tjupan_bacillus_subtilis_main_ef6dc517178d6adf	dbtbs_bsub_core_ef6dc517178d6adf	discovery	57	63	58	63	-0.5	+	CTTAGG	2.150895833969116
EMB_prokbert_C03	tjupan_bacillus_subtilis_main_fff8e3a328b3cab3	dbtbs_bsub_core_7231d94d9d77331f	discovery	13	19	14	19	-44.5	+	CTTAGA	2.1518044471740723
EMB_prokbert_C03	tjupan_bacillus_subtilis_main_1f2ca280ccaab774	tjupan_bacillus_subtilis_main_1f2ca280ccaab774	discovery	74	80	75	80	16.5	+	AACTGA	2.1528267860412598
EMB_prokbert_C03	tjupan_bacillus_subtilis_main_bdf5315a71015695	dbtbs_bsub_core_c94ae7322b918d76	discovery	50	56	51	56	-7.5	+	ACTTAA	2.1556918621063232
EMB_prokbert_C03	tjupan_bacillus_subtilis_main_3adf706b5413c6ce	tjupan_bacillus_subtilis_main_3adf706b5413c6ce	discovery	51	57	52	57	-6.5	+	TACGCT	2.180554151535034
EMB_prokbert_C03	tjupan_bacillus_subtilis_main_6b5eda10bbc36b27	dbtbs_bsub_core_0d578393adbcde98	discovery	50	56	51	56	-7.5	+	ATACTT	2.2063510417938232
EMB_prokbert_C03	tjupan_bacillus_subtilis_main_b5cc4aad42c9a683	dbtbs_bsub_core_b5cc4aad42c9a683	discovery	24	30	25	30	-33.5	+	CTACTA	2.234438180923462
EMB_prokbert_C03	tjupan_bacillus_subtilis_main_0438d7b75e1f910f	dbtbs_bsub_core_975fc641de00609f	discovery	69	75	70	75	11.5	+	AACTTG	2.2498250007629395
EMB_prokbert_C03	tjupan_bacillus_subtilis_main_2313c7dbb458e370	dbtbs_bsub_core_98d6bef120e2925b	discovery	44	50	45	50	-13.5	+	TACCGT	2.261723279953003
EMB_prokbert_C03	tjupan_bacillus_subtilis_main_6fc8019646ae0ec6	dbtbs_bsub_core_0346364171f10446	discovery	34	40	35	40	-23.5	+	AACCTT	2.2731752395629883
EMB_prokbert_C03	tjupan_bacillus_subtilis_main_4fa5d89620e7d8ce	dbtbs_bsub_core_5eb05bc57612da6d	discovery	23	29	24	29	-34.5	+	TTGCTA	2.273329257965088
EMB_prokbert_C03	tjupan_bacillus_subtilis_main_6f408d5e786e413f	dbtbs_bsub_core_6f408d5e786e413f	discovery	56	62	57	62	-1.5	+	TACTAG	2.278632879257202
EMB_prokbert_C03	tjupan_bacillus_subtilis_main_f5b082fd616807b3	dbtbs_bsub_core_4e960695d4b362e6	discovery	41	47	42	47	-16.5	+	CCTATT	2.319746732711792
EMB_prokbert_C03	tjupan_bacillus_subtilis_main_4e48cd3162b15e74	tjupan_bacillus_subtilis_main_4e48cd3162b15e74	discovery	64	70	65	70	6.5	+	AAGCTT	2.3371689319610596
EMB_prokbert_C03	tjupan_bacillus_subtilis_main_a0eee3dddaf07ac3	tjupan_bacillus_subtilis_main_a0eee3dddaf07ac3	discovery	26	32	27	32	-31.5	+	TGGACT	2.4006857872009277
EMB_prokbert_C03	tjupan_bacillus_subtilis_main_9296390fae4fd68d	tjupan_bacillus_subtilis_main_9296390fae4fd68d	discovery	65	71	66	71	7.5	+	TTACTA	2.4315013885498047
EMB_prokbert_C03	tjupan_bacillus_subtilis_main_c1bd3e378306e57e	tjupan_bacillus_subtilis_main_c1bd3e378306e57e	discovery	22	28	23	28	-35.5	+	TTACTA	2.446420907974243
EMB_prokbert_C03	tjupan_bacillus_subtilis_main_df2876c84282b3af	dbtbs_bsub_core_d831e470618beda7	discovery	73	79	74	79	15.5	+	GCTTAT	2.460371255874634
EMB_prokbert_C03	tjupan_bacillus_subtilis_main_66846fa14c29dbc1	dbtbs_bsub_core_89ab3601fa8ac055	discovery	33	39	34	39	-24.5	+	TTTACA	2.5026354789733887
EMB_prokbert_C03	tjupan_bacillus_subtilis_main_fcf1520effc316d9	dbtbs_bsub_core_fcf1520effc316d9	discovery	71	77	72	77	13.5	+	CTGCTA	2.5146594047546387
EMB_prokbert_C03	tjupan_bacillus_subtilis_main_c3431646de80d63f	tjupan_bacillus_subtilis_main_c3431646de80d63f	discovery	56	62	57	62	-1.5	+	ACTCAC	2.589385509490967
EMB_prokbert_C03	tjupan_bacillus_subtilis_main_6fcd42bdf8073a65	dbtbs_bsub_core_6fcd42bdf8073a65	discovery	13	19	14	19	-44.5	+	CCTTAT	2.5983498096466064
EMB_prokbert_C03	tjupan_bacillus_subtilis_main_dccf4ca03cd1642b	dbtbs_bsub_core_dccf4ca03cd1642b	discovery	11	17	12	17	-46.5	+	TTATAC	2.681377649307251
EMB_prokbert_C03	tjupan_bacillus_subtilis_main_3eb701a469cb4095	tjupan_bacillus_subtilis_main_3eb701a469cb4095	discovery	3	9	4	9	-54.5	+	CACTTT	2.702669620513916
EMB_prokbert_C03	tjupan_bacillus_subtilis_main_fae71e59d553e455	dbtbs_bsub_core_fae71e59d553e455	discovery	1	7	2	7	-56.5	+	CCTACA	2.8077573776245117
EMB_prokbert_C03	tjupan_bacillus_subtilis_main_14a46634ed7dcff0	tjupan_bacillus_subtilis_main_14a46634ed7dcff0	discovery	74	80	75	80	16.5	+	CACTTT	2.845231294631958
EMB_prokbert_C03	tjupan_bacillus_subtilis_main_cb8c6e383b33abd4	dbtbs_bsub_core_cb8c6e383b33abd4	discovery	0	6	1	6	-57.5	+	ACACTG	2.9085116386413574
EMB_prokbert_C04	tjupan_bacillus_subtilis_main_9d5c52bb0fa0ffad	dbtbs_bsub_core_9d5c52bb0fa0ffad	discovery	63	69	64	69	5.5	+	AATGAT	1.1351019144058228
EMB_prokbert_C04	tjupan_bacillus_subtilis_main_7bc9aa9d4ad371af	dbtbs_bsub_core_7bc9aa9d4ad371af	discovery	15	21	16	21	-42.5	+	ATATGA	1.1402515172958374
EMB_prokbert_C04	tjupan_bacillus_subtilis_main_a52148b067c7a32f	tjupan_bacillus_subtilis_main_a52148b067c7a32f	discovery	41	47	42	47	-16.5	+	TGATGT	1.1602219343185425
EMB_prokbert_C04	tjupan_bacillus_subtilis_main_c9a32e1db5125d7c	dbtbs_bsub_core_c9a32e1db5125d7c	discovery	65	71	66	71	7.5	+	TGAATA	1.2212063074111938
EMB_prokbert_C04	tjupan_bacillus_subtilis_main_06d485c4aaa12e15	dbtbs_bsub_core_06d485c4aaa12e15	discovery	55	61	56	61	-2.5	+	TATGGA	1.2408487796783447
EMB_prokbert_C04	tjupan_bacillus_subtilis_main_0f3eb3e9a9977e6d	tjupan_bacillus_subtilis_main_0f3eb3e9a9977e6d	discovery	16	22	17	22	-41.5	+	TATGAT	1.2421382665634155
EMB_prokbert_C04	tjupan_bacillus_subtilis_main_3c72a88384ee6013	tjupan_bacillus_subtilis_main_3c72a88384ee6013	discovery	57	63	58	63	-0.5	+	TGATGT	1.2462540864944458
EMB_prokbert_C04	tjupan_bacillus_subtilis_main_7358cf40e4efa482	tjupan_bacillus_subtilis_main_7358cf40e4efa482	discovery	58	64	59	64	0.5	+	TGATAT	1.2672171592712402
EMB_prokbert_C04	tjupan_bacillus_subtilis_main_834e21e1951468f3	tjupan_bacillus_subtilis_main_834e21e1951468f3	discovery	42	48	43	48	-15.5	+	ATTGAA	1.3017441034317017
EMB_prokbert_C04	tjupan_bacillus_subtilis_main_af51a9f7939c4cfb	dbtbs_bsub_core_49fc6b8175a85db6	discovery	57	63	58	63	-0.5	+	TTATGA	1.3188533782958984
EMB_prokbert_C04	tjupan_bacillus_subtilis_main_76909c0ebd8db916	dbtbs_bsub_core_d5153844984277ea	discovery	26	32	27	32	-31.5	+	TGATAT	1.322471022605896
EMB_prokbert_C04	tjupan_bacillus_subtilis_main_7e538c30b860aa5a	tjupan_bacillus_subtilis_main_7e538c30b860aa5a	discovery	15	21	16	21	-42.5	+	TGAATG	1.3244359493255615
EMB_prokbert_C04	tjupan_bacillus_subtilis_main_2db0b8f33ca38a29	tjupan_bacillus_subtilis_main_2db0b8f33ca38a29	discovery	49	55	50	55	-8.5	+	ATGATG	1.3254257440567017
EMB_prokbert_C04	tjupan_bacillus_subtilis_main_5e3ef261f40425ef	tjupan_bacillus_subtilis_main_5e3ef261f40425ef	discovery	42	48	43	48	-15.5	+	TGATGG	1.3310010433197021
EMB_prokbert_C04	tjupan_bacillus_subtilis_main_4cf64b5587e1d04e	dbtbs_bsub_core_4cf64b5587e1d04e	discovery	67	73	68	73	9.5	+	ATTGTA	1.3388973474502563
EMB_prokbert_C04	tjupan_bacillus_subtilis_main_9571d32ab22eb9a0	dbtbs_bsub_core_9571d32ab22eb9a0	discovery	58	64	59	64	0.5	+	ATATGG	1.3395447731018066
EMB_prokbert_C04	tjupan_bacillus_subtilis_main_7c1cf5cd36017844	tjupan_bacillus_subtilis_main_7c1cf5cd36017844	discovery	36	42	37	42	-21.5	+	TGTTAA	1.342099905014038
EMB_prokbert_C04	tjupan_bacillus_subtilis_main_7541f607431b8a27	dbtbs_bsub_core_1f38e2f4287dbc6d	discovery	48	54	49	54	-9.5	+	CAATGA	1.348646640777588
EMB_prokbert_C04	tjupan_bacillus_subtilis_main_ade14dd3fdacb032	dbtbs_bsub_core_12585b08a658046e	discovery	50	56	51	56	-7.5	+	ATAATG	1.352163314819336
EMB_prokbert_C04	tjupan_bacillus_subtilis_main_bcbef8350d7925db	tjupan_bacillus_subtilis_main_bcbef8350d7925db	discovery	49	55	50	55	-8.5	+	TAATGT	1.3583823442459106
EMB_prokbert_C04	tjupan_bacillus_subtilis_main_adbf75412ef7d5a0	dbtbs_bsub_core_adbf75412ef7d5a0	discovery	45	51	46	51	-12.5	+	TGCATG	1.3636417388916016
EMB_prokbert_C04	tjupan_bacillus_subtilis_main_1db11a6d86ff5865	tjupan_bacillus_subtilis_main_1db11a6d86ff5865	discovery	53	59	54	59	-4.5	+	AAGATG	1.3691684007644653
EMB_prokbert_C04	tjupan_bacillus_subtilis_main_b790c6b12a43a7c6	tjupan_bacillus_subtilis_main_b790c6b12a43a7c6	discovery	7	13	8	13	-50.5	+	ATGAAT	1.377675175666809
EMB_prokbert_C04	tjupan_bacillus_subtilis_main_cd161e304d76229d	dbtbs_bsub_core_6d139485f356aaca	discovery	49	55	50	55	-8.5	+	ATGATA	1.381860613822937
EMB_prokbert_C04	tjupan_bacillus_subtilis_main_6e989f822c0894af	dbtbs_bsub_core_bb5ca17cb9317fea	discovery	42	48	43	48	-15.5	+	TGATGG	1.3847932815551758
EMB_prokbert_C04	tjupan_bacillus_subtilis_main_0d7b08433a8f6233	tjupan_bacillus_subtilis_main_0d7b08433a8f6233	discovery	53	59	54	59	-4.5	+	TGATGT	1.39632248878479
EMB_prokbert_C04	tjupan_bacillus_subtilis_main_4648c22f43ae6952	tjupan_bacillus_subtilis_main_4648c22f43ae6952	discovery	37	43	38	43	-20.5	+	ATGAAT	1.3988087177276611
EMB_prokbert_C04	tjupan_bacillus_subtilis_main_f3e9cc226f1feac3	tjupan_bacillus_subtilis_main_f3e9cc226f1feac3	discovery	58	64	59	64	0.5	+	TCATGG	1.399315357208252
EMB_prokbert_C04	tjupan_bacillus_subtilis_main_729454a84a667dd8	dbtbs_bsub_core_729454a84a667dd8	discovery	65	71	66	71	7.5	+	ATATTG	1.4050726890563965
EMB_prokbert_C04	tjupan_bacillus_subtilis_main_bba2e45eb636482b	dbtbs_bsub_core_bba2e45eb636482b	discovery	66	72	67	72	8.5	+	ATAATG	1.4061204195022583
EMB_prokbert_C04	tjupan_bacillus_subtilis_main_e9d365c0dda7757e	tjupan_bacillus_subtilis_main_e9d365c0dda7757e	discovery	3	9	4	9	-54.5	+	TATGAT	1.415650486946106
EMB_prokbert_C04	tjupan_bacillus_subtilis_main_dc21315df009d1aa	dbtbs_bsub_core_4631e0ee0e2e12e5	discovery	46	52	47	52	-11.5	+	ATATGG	1.4167735576629639
EMB_prokbert_C04	tjupan_bacillus_subtilis_main_20bbba0ce59de449	dbtbs_bsub_core_20bbba0ce59de449	discovery	55	61	56	61	-2.5	+	TGGATG	1.4209855794906616
EMB_prokbert_C04	tjupan_bacillus_subtilis_main_ff61268918c0af5d	tjupan_bacillus_subtilis_main_ff61268918c0af5d	discovery	52	58	53	58	-5.5	+	ATTGTA	1.4245858192443848
EMB_prokbert_C04	tjupan_bacillus_subtilis_main_b578e9e0d96d144a	dbtbs_bsub_core_b578e9e0d96d144a	discovery	42	48	43	48	-15.5	+	ATGAAT	1.4339271783828735
EMB_prokbert_C04	tjupan_bacillus_subtilis_main_618f0dc5c0847866	dbtbs_bsub_core_e2f191a04a63a5f0	discovery	57	63	58	63	-0.5	+	TTGTGA	1.438376784324646
EMB_prokbert_C04	tjupan_bacillus_subtilis_main_fcf1520effc316d9	dbtbs_bsub_core_fcf1520effc316d9	discovery	23	29	24	29	-34.5	+	TATTGA	1.4468210935592651
EMB_prokbert_C04	tjupan_bacillus_subtilis_main_de399adaaafe5be7	dbtbs_bsub_core_f1028676a1f89b0e	discovery	21	27	22	27	-36.5	+	CATGAA	1.456503987312317
EMB_prokbert_C04	tjupan_bacillus_subtilis_main_1a8b81622422b81c	dbtbs_bsub_core_045e4f174337aedd	discovery	37	43	38	43	-20.5	+	ATGAAT	1.4598766565322876
EMB_prokbert_C04	tjupan_bacillus_subtilis_main_71eaf5cbf249113b	dbtbs_bsub_core_71eaf5cbf249113b	discovery	59	65	60	65	1.5	+	TGTGAT	1.460528016090393
EMB_prokbert_C04	tjupan_bacillus_subtilis_main_ff3d11f785ddd890	dbtbs_bsub_core_ff3d11f785ddd890	discovery	35	41	36	41	-22.5	+	ATATTG	1.4609369039535522
EMB_prokbert_C04	tjupan_bacillus_subtilis_main_5fc80954df40cf68	dbtbs_bsub_core_44be1bddac760e1c	discovery	51	57	52	57	-6.5	+	TGATGT	1.4659510850906372
EMB_prokbert_C04	tjupan_bacillus_subtilis_main_636c41b820e9fd5d	tjupan_bacillus_subtilis_main_636c41b820e9fd5d	discovery	51	57	52	57	-6.5	+	GATGAA	1.4694956541061401
EMB_prokbert_C04	tjupan_bacillus_subtilis_main_f58412ec32c641aa	dbtbs_bsub_core_bba92a46eba6f8e0	discovery	21	27	22	27	-36.5	+	ATGATT	1.4744696617126465
EMB_prokbert_C04	tjupan_bacillus_subtilis_main_ba9efec60bbd4a6b	tjupan_bacillus_subtilis_main_ba9efec60bbd4a6b	discovery	23	29	24	29	-34.5	+	GAATGT	1.480758786201477
EMB_prokbert_C04	tjupan_bacillus_subtilis_main_e9623f8193af34e0	dbtbs_bsub_core_e9623f8193af34e0	discovery	50	56	51	56	-7.5	+	AATGGT	1.481385588645935
EMB_prokbert_C04	tjupan_bacillus_subtilis_main_5ccaab5adb962b3d	dbtbs_bsub_core_483b39fd11d75b28	discovery	52	58	53	58	-5.5	+	ATGATA	1.4845600128173828
EMB_prokbert_C04	tjupan_bacillus_subtilis_main_84e6c8375d18dc47	tjupan_bacillus_subtilis_main_84e6c8375d18dc47	discovery	7	13	8	13	-50.5	+	TATGAG	1.4861600399017334
EMB_prokbert_C04	tjupan_bacillus_subtilis_main_e1fd6875b30f4c73	dbtbs_bsub_core_e1fd6875b30f4c73	discovery	50	56	51	56	-7.5	+	TAATGA	1.491323471069336
EMB_prokbert_C04	tjupan_bacillus_subtilis_main_4181c9b10d028c59	dbtbs_bsub_core_f859289dc167ed3a	discovery	44	50	45	50	-13.5	+	TTGATA	1.492161512374878
EMB_prokbert_C04	tjupan_bacillus_subtilis_main_5e8ac4f4506ef781	dbtbs_bsub_core_cdccc2e2972286a4	discovery	38	44	39	44	-19.5	+	TGAATT	1.492478370666504
EMB_prokbert_C04	tjupan_bacillus_subtilis_main_0ad5dcad37f1ba39	dbtbs_bsub_core_712e4b81f6fdb41a	discovery	41	47	42	47	-16.5	+	CAATGA	1.4948912858963013
EMB_prokbert_C04	tjupan_bacillus_subtilis_main_b0d8a2369952b821	dbtbs_bsub_core_3f773ca1224c0e26	discovery	43	49	44	49	-14.5	+	TTGAAT	1.5056252479553223
EMB_prokbert_C04	tjupan_bacillus_subtilis_main_57cb99253c19d2b6	tjupan_bacillus_subtilis_main_57cb99253c19d2b6	discovery	14	20	15	20	-43.5	+	ATGATA	1.5080249309539795
EMB_prokbert_C04	tjupan_bacillus_subtilis_main_a032a3114b7dbf1c	dbtbs_bsub_core_a032a3114b7dbf1c	discovery	36	42	37	42	-21.5	+	TGATTG	1.5230134725570679
EMB_prokbert_C04	tjupan_bacillus_subtilis_main_32548c7fec9dc4f2	dbtbs_bsub_core_32548c7fec9dc4f2	discovery	25	31	26	31	-32.5	+	TGTATG	1.5243046283721924
EMB_prokbert_C04	tjupan_bacillus_subtilis_main_f6c5351a3e225d0c	dbtbs_bsub_core_f6c5351a3e225d0c	discovery	48	54	49	54	-9.5	+	TACAAT	1.5244492292404175
EMB_prokbert_C04	tjupan_bacillus_subtilis_main_daaf0c7fa42ef2fa	dbtbs_bsub_core_ef9625ff29774e65	discovery	19	25	20	25	-38.5	+	ATTGAT	1.5270986557006836
EMB_prokbert_C04	tjupan_bacillus_subtilis_main_e84ae283b7981830	tjupan_bacillus_subtilis_main_e84ae283b7981830	discovery	15	21	16	21	-42.5	+	TGAATA	1.5360857248306274
EMB_prokbert_C04	tjupan_bacillus_subtilis_main_ff1b0f332755e37b	dbtbs_bsub_core_710c0cbad80c03b6	discovery	49	55	50	55	-8.5	+	ATTGTG	1.5374747514724731
EMB_prokbert_C04	tjupan_bacillus_subtilis_main_ea59d0ddaaaaf005	dbtbs_bsub_core_ff8c346476498240	discovery	59	65	60	65	1.5	+	TGCATT	1.5383294820785522
EMB_prokbert_C04	tjupan_bacillus_subtilis_main_eb11019c71a3a745	tjupan_bacillus_subtilis_main_eb11019c71a3a745	discovery	45	51	46	51	-12.5	+	GTATGA	1.5396262407302856
EMB_prokbert_C04	tjupan_bacillus_subtilis_main_eb51fed06d2e921e	dbtbs_bsub_core_3613f20526b705b5	discovery	23	29	24	29	-34.5	+	AATTGA	1.539628028869629
EMB_prokbert_C04	tjupan_bacillus_subtilis_main_5957e34dfa6ab85c	tjupan_bacillus_subtilis_main_5957e34dfa6ab85c	discovery	47	53	48	53	-10.5	+	CATTGT	1.5413291454315186
EMB_prokbert_C04	tjupan_bacillus_subtilis_main_8837dc4443db7de3	tjupan_bacillus_subtilis_main_8837dc4443db7de3	discovery	11	17	12	17	-46.5	+	TTATGA	1.5428073406219482
EMB_prokbert_C04	tjupan_bacillus_subtilis_main_50224837ca8eceb5	dbtbs_bsub_core_50224837ca8eceb5	discovery	38	44	39	44	-19.5	+	ATCATT	1.542927622795105
EMB_prokbert_C04	tjupan_bacillus_subtilis_main_be897b68bd393df0	dbtbs_bsub_core_be897b68bd393df0	discovery	52	58	53	58	-5.5	+	TGATCA	1.5440913438796997
EMB_prokbert_C04	tjupan_bacillus_subtilis_main_55935e0c215d1239	dbtbs_bsub_core_bd96a60828361996	discovery	61	67	62	67	3.5	+	GATGCA	1.5454055070877075
EMB_prokbert_C04	tjupan_bacillus_subtilis_main_fe2a626ec63a594e	dbtbs_bsub_core_abc060d81660f90c	discovery	43	49	44	49	-14.5	+	TGTGAT	1.5463448762893677
EMB_prokbert_C04	tjupan_bacillus_subtilis_main_85511e0264f2e3b8	dbtbs_bsub_core_35445cef3104bf74	discovery	42	48	43	48	-15.5	+	GTATGA	1.5481157302856445
EMB_prokbert_C04	tjupan_bacillus_subtilis_main_2a051d7d075d7920	tjupan_bacillus_subtilis_main_2a051d7d075d7920	discovery	46	52	47	52	-11.5	+	CATGAT	1.5484508275985718
EMB_prokbert_C04	tjupan_bacillus_subtilis_main_49e8e3a6681b011d	dbtbs_bsub_core_e14a6f906af1fa54	discovery	62	68	63	68	4.5	+	CATTGA	1.551085352897644
EMB_prokbert_C04	tjupan_bacillus_subtilis_main_1478640e036e0224	dbtbs_bsub_core_1478640e036e0224	discovery	54	60	55	60	-3.5	+	ATATGT	1.5548967123031616
EMB_prokbert_C04	tjupan_bacillus_subtilis_main_50a7bea74c679f62	tjupan_bacillus_subtilis_main_50a7bea74c679f62	discovery	71	77	72	77	13.5	+	TATGGA	1.557104229927063
EMB_prokbert_C04	tjupan_bacillus_subtilis_main_8b7394af6b78d50f	dbtbs_bsub_core_c890b4346c03f247	discovery	55	61	56	61	-2.5	+	TGAATG	1.5591497421264648
EMB_prokbert_C04	tjupan_bacillus_subtilis_main_264ccaf63cfb1cfe	tjupan_bacillus_subtilis_main_264ccaf63cfb1cfe	discovery	3	9	4	9	-54.5	+	TAATGG	1.5593258142471313
EMB_prokbert_C04	tjupan_bacillus_subtilis_main_2d40490247bb616a	dbtbs_bsub_core_ffa38d6978ad48aa	discovery	53	59	54	59	-4.5	+	AATGAT	1.5624186992645264
EMB_prokbert_C04	tjupan_bacillus_subtilis_main_6514a11d381455ae	tjupan_bacillus_subtilis_main_6514a11d381455ae	discovery	40	46	41	46	-17.5	+	GAATGT	1.5624336004257202
EMB_prokbert_C04	tjupan_bacillus_subtilis_main_91197a052a9adc5b	tjupan_bacillus_subtilis_main_91197a052a9adc5b	discovery	21	27	22	27	-36.5	+	GTATTG	1.5717021226882935
EMB_prokbert_C04	tjupan_bacillus_subtilis_main_02077247d0a8a665	dbtbs_bsub_core_e82d4ff28ccc2c95	discovery	10	16	11	16	-47.5	+	AGATTG	1.5739846229553223
EMB_prokbert_C04	tjupan_bacillus_subtilis_main_fde7c2aaac5c57ce	dbtbs_bsub_core_fde7c2aaac5c57ce	discovery	56	62	57	62	-1.5	+	GTGAAT	1.5745242834091187
EMB_prokbert_C04	tjupan_bacillus_subtilis_main_2c918744f6daf466	dbtbs_bsub_core_20f77243a5b2c4ab	discovery	57	63	58	63	-0.5	+	AGATGT	1.5786734819412231
EMB_prokbert_C04	tjupan_bacillus_subtilis_main_3ed5570d9bd715ae	dbtbs_bsub_core_0561dd78dc44b145	discovery	22	28	23	28	-35.5	+	TGATTG	1.5798499584197998
EMB_prokbert_C04	tjupan_bacillus_subtilis_main_ef37e7c4f77cfd3f	tjupan_bacillus_subtilis_main_ef37e7c4f77cfd3f	discovery	16	22	17	22	-41.5	+	GGATGT	1.5804389715194702
EMB_prokbert_C04	tjupan_bacillus_subtilis_main_7942697cd86d944b	tjupan_bacillus_subtilis_main_7942697cd86d944b	discovery	53	59	54	59	-4.5	+	TGATGA	1.582265853881836
EMB_prokbert_C04	tjupan_bacillus_subtilis_main_f3b59cc74d659ebc	dbtbs_bsub_core_866d6e8af07c9412	discovery	18	24	19	24	-39.5	+	CATGAT	1.5828790664672852
EMB_prokbert_C04	tjupan_bacillus_subtilis_main_df2876c84282b3af	dbtbs_bsub_core_d831e470618beda7	discovery	23	29	24	29	-34.5	+	AATTGA	1.5831443071365356
EMB_prokbert_C04	tjupan_bacillus_subtilis_main_8bde36b216b3390f	dbtbs_bsub_core_8bde36b216b3390f	discovery	50	56	51	56	-7.5	+	GAATGT	1.5867087841033936
EMB_prokbert_C04	tjupan_bacillus_subtilis_main_2b799cc13a596bcd	tjupan_bacillus_subtilis_main_2b799cc13a596bcd	discovery	40	46	41	46	-17.5	+	CAATGA	1.5882201194763184
EMB_prokbert_C04	tjupan_bacillus_subtilis_main_d497e040ececfdff	dbtbs_bsub_core_a797439cbe2b0d85	discovery	52	58	53	58	-5.5	+	TATGAG	1.5927577018737793
EMB_prokbert_C04	tjupan_bacillus_subtilis_main_52267ea931cb2dd7	dbtbs_bsub_core_b35218f45c0f11c8	discovery	13	19	14	19	-44.5	+	ACATGA	1.5991849899291992
EMB_prokbert_C04	tjupan_bacillus_subtilis_main_e4e4a1be67374f28	dbtbs_bsub_core_e4e4a1be67374f28	discovery	60	66	61	66	2.5	+	AGATGG	1.6001311540603638
EMB_prokbert_C04	tjupan_bacillus_subtilis_main_e2b483c6aef274e0	dbtbs_bsub_core_175bcd2ea2263ee4	discovery	60	66	61	66	2.5	+	TATTGA	1.6003859043121338
EMB_prokbert_C04	tjupan_bacillus_subtilis_main_8bf0684d999843b1	dbtbs_bsub_core_8bf0684d999843b1	discovery	51	57	52	57	-6.5	+	AATGAT	1.600446105003357
EMB_prokbert_C04	tjupan_bacillus_subtilis_main_5a860caea8fc814c	tjupan_bacillus_subtilis_main_5a860caea8fc814c	discovery	66	72	67	72	8.5	+	GATGTT	1.610285758972168
EMB_prokbert_C04	tjupan_bacillus_subtilis_main_bebf1b31befd9c3c	dbtbs_bsub_core_bebf1b31befd9c3c	discovery	38	44	39	44	-19.5	+	CTATGT	1.6110602617263794
EMB_prokbert_C04	tjupan_bacillus_subtilis_main_90a64d4511c49526	dbtbs_bsub_core_90a64d4511c49526	discovery	56	62	57	62	-1.5	+	TTGCGA	1.6201612949371338
EMB_prokbert_C04	tjupan_bacillus_subtilis_main_69a39ef163dd4726	tjupan_bacillus_subtilis_main_69a39ef163dd4726	discovery	16	22	17	22	-41.5	+	GACAAT	1.6250065565109253
EMB_prokbert_C04	tjupan_bacillus_subtilis_main_583caee20795a363	dbtbs_bsub_core_eb847cafc60502c2	discovery	43	49	44	49	-14.5	+	ATGAGT	1.626845359802246
EMB_prokbert_C04	tjupan_bacillus_subtilis_main_db7eebd0b9425a4f	dbtbs_bsub_core_db7eebd0b9425a4f	discovery	53	59	54	59	-4.5	+	AATGAT	1.6302224397659302
EMB_prokbert_C04	tjupan_bacillus_subtilis_main_3741d9dc6611d95f	tjupan_bacillus_subtilis_main_3741d9dc6611d95f	discovery	36	42	37	42	-21.5	+	TAGTGA	1.6325125694274902
EMB_prokbert_C04	tjupan_bacillus_subtilis_main_b11aff47b9c426f3	dbtbs_bsub_core_b11aff47b9c426f3	discovery	13	19	14	19	-44.5	+	TGAATC	1.6389302015304565
EMB_prokbert_C04	tjupan_bacillus_subtilis_main_5cf51ca317588066	tjupan_bacillus_subtilis_main_5cf51ca317588066	discovery	53	59	54	59	-4.5	+	TTGTGA	1.6434669494628906
EMB_prokbert_C04	tjupan_bacillus_subtilis_main_0b565809576a9e0f	dbtbs_bsub_core_0fcadafa827fb8cf	discovery	43	49	44	49	-14.5	+	GTGATA	1.6459423303604126
EMB_prokbert_C04	tjupan_bacillus_subtilis_main_d9679a25a18d6da1	tjupan_bacillus_subtilis_main_c9bc5ed233eba13a	discovery	51	57	52	57	-6.5	+	GTATGA	1.647741675376892
EMB_prokbert_C04	tjupan_bacillus_subtilis_main_59b38cd2f2ea112d	dbtbs_bsub_core_59b38cd2f2ea112d	discovery	19	25	20	25	-38.5	+	AGATGT	1.6480767726898193
EMB_prokbert_C04	tjupan_bacillus_subtilis_main_4915fc510c1f847f	tjupan_bacillus_subtilis_main_4915fc510c1f847f	discovery	53	59	54	59	-4.5	+	GTGATA	1.6518222093582153
EMB_prokbert_C04	tjupan_bacillus_subtilis_main_67a8fe9203485bd0	dbtbs_bsub_core_67a8fe9203485bd0	discovery	49	55	50	55	-8.5	+	AGAATG	1.6518512964248657
EMB_prokbert_C04	tjupan_bacillus_subtilis_main_10eda96ea4199e8c	dbtbs_bsub_core_10eda96ea4199e8c	discovery	3	9	4	9	-54.5	+	CATTGA	1.6551127433776855
EMB_prokbert_C04	tjupan_bacillus_subtilis_main_d9da0a0033167763	dbtbs_bsub_core_d9da0a0033167763	discovery	17	23	18	23	-40.5	+	TTGAAT	1.6605424880981445
EMB_prokbert_C04	tjupan_bacillus_subtilis_main_9d589577eb1cbe67	tjupan_bacillus_subtilis_main_9d589577eb1cbe67	discovery	37	43	38	43	-20.5	+	TTGATG	1.6608675718307495
EMB_prokbert_C04	tjupan_bacillus_subtilis_main_3adf706b5413c6ce	tjupan_bacillus_subtilis_main_3adf706b5413c6ce	discovery	67	73	68	73	9.5	+	TTTGAT	1.663888692855835
EMB_prokbert_C04	tjupan_bacillus_subtilis_main_f3423ecbff5b6537	dbtbs_bsub_core_dc8c32e7cfbca6d1	discovery	23	29	24	29	-34.5	+	ATTGAC	1.6640446186065674
EMB_prokbert_C04	tjupan_bacillus_subtilis_main_a2cd64f7b02e9630	tjupan_bacillus_subtilis_main_a2cd64f7b02e9630	discovery	59	65	60	65	1.5	+	AATGTC	1.665203332901001
EMB_prokbert_C04	tjupan_bacillus_subtilis_main_036f4e66b4e66745	dbtbs_bsub_core_7b26bab7de636614	discovery	25	31	26	31	-32.5	+	TGATGT	1.666200041770935
EMB_prokbert_C04	tjupan_bacillus_subtilis_main_7cd769ed0580d73e	tjupan_bacillus_subtilis_main_7cd769ed0580d73e	discovery	48	54	49	54	-9.5	+	TCATAA	1.6666553020477295
EMB_prokbert_C04	tjupan_bacillus_subtilis_main_cd5426fc6bacf792	dbtbs_bsub_core_cd5426fc6bacf792	discovery	44	50	45	50	-13.5	+	TGGATA	1.6692681312561035
EMB_prokbert_C04	tjupan_bacillus_subtilis_main_66bdec0f6e49230b	dbtbs_bsub_core_66bdec0f6e49230b	discovery	32	38	33	38	-25.5	+	ATCATG	1.6702970266342163
EMB_prokbert_C04	tjupan_bacillus_subtilis_main_93b5da0b5f842573	dbtbs_bsub_core_93b5da0b5f842573	discovery	68	74	69	74	10.5	+	TGATGC	1.6707615852355957
EMB_prokbert_C04	tjupan_bacillus_subtilis_main_487ce40a67c6d939	tjupan_bacillus_subtilis_main_487ce40a67c6d939	discovery	53	59	54	59	-4.5	+	TGATTC	1.6724721193313599
EMB_prokbert_C04	tjupan_bacillus_subtilis_main_61d216a2a24189d0	dbtbs_bsub_core_61d216a2a24189d0	discovery	41	47	42	47	-16.5	+	ACAATG	1.6746503114700317
EMB_prokbert_C04	tjupan_bacillus_subtilis_main_118649b56e4ec470	tjupan_bacillus_subtilis_main_118649b56e4ec470	discovery	55	61	56	61	-2.5	+	TATGTA	1.6806747913360596
EMB_prokbert_C04	tjupan_bacillus_subtilis_main_d59578e8446625f3	dbtbs_bsub_core_d59578e8446625f3	discovery	43	49	44	49	-14.5	+	TATGAT	1.683524250984192
EMB_prokbert_C04	tjupan_bacillus_subtilis_main_e6accdb752f9724f	dbtbs_bsub_core_41815df9927fe319	discovery	42	48	43	48	-15.5	+	GATGCA	1.688926339149475
EMB_prokbert_C04	tjupan_bacillus_subtilis_main_6361ce51efe0f541	dbtbs_bsub_core_b928ebfb52e4cb48	discovery	53	59	54	59	-4.5	+	TGTATG	1.690505027770996
EMB_prokbert_C04	tjupan_bacillus_subtilis_main_da7f3c0608c35165	dbtbs_bsub_core_da7f3c0608c35165	discovery	21	27	22	27	-36.5	+	TGTTAA	1.6909986734390259
EMB_prokbert_C04	tjupan_bacillus_subtilis_main_ba2dc8596ef2486c	dbtbs_bsub_core_ba2dc8596ef2486c	discovery	32	38	33	38	-25.5	+	ATGATT	1.692184329032898
EMB_prokbert_C04	tjupan_bacillus_subtilis_main_2c8e4076a462c87c	dbtbs_bsub_core_2c8e4076a462c87c	discovery	50	56	51	56	-7.5	+	TAATGG	1.6924585103988647
EMB_prokbert_C04	tjupan_bacillus_subtilis_main_0a0035c3a0685aa9	dbtbs_bsub_core_d50ffa4df9b8add7	discovery	52	58	53	58	-5.5	+	ATGATT	1.695389986038208
EMB_prokbert_C04	tjupan_bacillus_subtilis_main_8b776572d2e01c62	dbtbs_bsub_core_6736f212a82e3343	discovery	38	44	39	44	-19.5	+	AATATG	1.6970396041870117
EMB_prokbert_C04	tjupan_bacillus_subtilis_main_9990510225814384	tjupan_bacillus_subtilis_main_9990510225814384	discovery	62	68	63	68	4.5	+	ATTGAA	1.6978076696395874
EMB_prokbert_C04	tjupan_bacillus_subtilis_main_fea868950ff1c774	tjupan_bacillus_subtilis_main_fea868950ff1c774	discovery	44	50	45	50	-13.5	+	TGGCGA	1.7000058889389038
EMB_prokbert_C04	tjupan_bacillus_subtilis_main_7a6037ae36a0870c	tjupan_bacillus_subtilis_main_7a6037ae36a0870c	discovery	69	75	70	75	11.5	+	GAATTG	1.7008614540100098
EMB_prokbert_C04	tjupan_bacillus_subtilis_main_5e30b1d213eba695	tjupan_bacillus_subtilis_main_5e30b1d213eba695	discovery	66	72	67	72	8.5	+	TCAATG	1.7013792991638184
EMB_prokbert_C04	tjupan_bacillus_subtilis_main_cb8c6e383b33abd4	dbtbs_bsub_core_cb8c6e383b33abd4	discovery	19	25	20	25	-38.5	+	CTGTAT	1.7020260095596313
EMB_prokbert_C04	tjupan_bacillus_subtilis_main_b1dfffe50d4e7cba	dbtbs_bsub_core_6990407cd148d57b	discovery	41	47	42	47	-16.5	+	GATATG	1.702420949935913
EMB_prokbert_C04	tjupan_bacillus_subtilis_main_f452c4bef1ed8b92	dbtbs_bsub_core_f452c4bef1ed8b92	discovery	58	64	59	64	0.5	+	TTGATA	1.7052069902420044
EMB_prokbert_C04	tjupan_bacillus_subtilis_main_7d976c34bed90c97	tjupan_bacillus_subtilis_main_7d976c34bed90c97	discovery	50	56	51	56	-7.5	+	TATGAT	1.7074830532073975
EMB_prokbert_C04	tjupan_bacillus_subtilis_main_1cd26aa95d9363dc	dbtbs_bsub_core_1cd26aa95d9363dc	discovery	47	53	48	53	-10.5	+	TAATGA	1.7082267999649048
EMB_prokbert_C04	tjupan_bacillus_subtilis_main_56bd9deba3d3b9f9	dbtbs_bsub_core_5dd7cccc54d589c3	discovery	53	59	54	59	-4.5	+	ATGCGT	1.7097855806350708
EMB_prokbert_C04	tjupan_bacillus_subtilis_main_c7c68e6fe4d84a02	tjupan_bacillus_subtilis_main_c7c68e6fe4d84a02	discovery	63	69	64	69	5.5	+	GCAATG	1.7107256650924683
EMB_prokbert_C04	tjupan_bacillus_subtilis_main_05b3d931ff35d8e8	dbtbs_bsub_core_05b3d931ff35d8e8	discovery	58	64	59	64	0.5	+	ATGGAT	1.710752010345459
EMB_prokbert_C04	tjupan_bacillus_subtilis_main_f5fed123a3ffd242	dbtbs_bsub_core_f5fed123a3ffd242	discovery	29	35	30	35	-28.5	+	ATATGA	1.7163617610931396
EMB_prokbert_C04	tjupan_bacillus_subtilis_main_a1b8ecb6878276b4	dbtbs_bsub_core_a1b8ecb6878276b4	discovery	68	74	69	74	10.5	+	GAATGG	1.7203627824783325
EMB_prokbert_C04	tjupan_bacillus_subtilis_main_32aff5c8192321bb	dbtbs_bsub_core_76636d30cbe1eec3	discovery	44	50	45	50	-13.5	+	ATGGTA	1.722426176071167
EMB_prokbert_C04	tjupan_bacillus_subtilis_main_3ab41c1b83ba019b	dbtbs_bsub_core_c956a5fd581ed80a	discovery	43	49	44	49	-14.5	+	ATGCCG	1.7249152660369873
EMB_prokbert_C04	tjupan_bacillus_subtilis_main_6406719b10941769	dbtbs_bsub_core_5bcaee6240f23d4b	discovery	23	29	24	29	-34.5	+	TATTGA	1.7259808778762817
EMB_prokbert_C04	tjupan_bacillus_subtilis_main_c9bc5ed233eba13a	tjupan_bacillus_subtilis_main_c9bc5ed233eba13a	discovery	58	64	59	64	0.5	+	GTATGA	1.726778507232666
EMB_prokbert_C04	tjupan_bacillus_subtilis_main_8e9af30cd29c08ec	dbtbs_bsub_core_ab5345ed831420ec	discovery	43	49	44	49	-14.5	+	ATGATA	1.7270991802215576
EMB_prokbert_C04	tjupan_bacillus_subtilis_main_e62d7e001687b19a	tjupan_bacillus_subtilis_main_e62d7e001687b19a	discovery	37	43	38	43	-20.5	+	ATTGTG	1.7282719612121582
EMB_prokbert_C04	tjupan_bacillus_subtilis_main_be557af728070615	tjupan_bacillus_subtilis_main_be557af728070615	discovery	33	39	34	39	-24.5	+	TATTGA	1.7295904159545898
EMB_prokbert_C04	tjupan_bacillus_subtilis_main_a7a45131c45395c8	dbtbs_bsub_core_a7a45131c45395c8	discovery	54	60	55	60	-3.5	+	AATGGT	1.730303406715393
EMB_prokbert_C04	tjupan_bacillus_subtilis_main_8cdaaf6e0b90f5df	dbtbs_bsub_core_8cdaaf6e0b90f5df	discovery	16	22	17	22	-41.5	+	TATGAG	1.7309761047363281
EMB_prokbert_C04	tjupan_bacillus_subtilis_main_9296390fae4fd68d	tjupan_bacillus_subtilis_main_9296390fae4fd68d	discovery	3	9	4	9	-54.5	+	GTCATG	1.7315716743469238
EMB_prokbert_C04	tjupan_bacillus_subtilis_main_18d5be8d5c4f9a22	tjupan_bacillus_subtilis_main_18d5be8d5c4f9a22	discovery	65	71	66	71	7.5	+	GCATGA	1.7348015308380127
EMB_prokbert_C04	tjupan_bacillus_subtilis_main_08d810e756c7d81b	tjupan_bacillus_subtilis_main_08d810e756c7d81b	discovery	56	62	57	62	-1.5	+	TTATGG	1.735759973526001
EMB_prokbert_C04	tjupan_bacillus_subtilis_main_3be839d09df1dbe1	dbtbs_bsub_core_3be839d09df1dbe1	discovery	73	79	74	79	15.5	+	ACAATG	1.738625407218933
EMB_prokbert_C04	tjupan_bacillus_subtilis_main_954287dc5b301340	tjupan_bacillus_subtilis_main_954287dc5b301340	discovery	3	9	4	9	-54.5	+	TGAATA	1.740365982055664
EMB_prokbert_C04	tjupan_bacillus_subtilis_main_901b18a9982b4e95	tjupan_bacillus_subtilis_main_901b18a9982b4e95	discovery	46	52	47	52	-11.5	+	GTTATG	1.7406549453735352
EMB_prokbert_C04	tjupan_bacillus_subtilis_main_b47674f2cd66e067	tjupan_bacillus_subtilis_main_b47674f2cd66e067	discovery	63	69	64	69	5.5	+	TAATGT	1.7518362998962402
EMB_prokbert_C04	tjupan_bacillus_subtilis_main_e47a55cd702f35e7	dbtbs_bsub_core_175bcd2ea2263ee4	discovery	56	62	57	62	-1.5	+	TATTGA	1.7540082931518555
EMB_prokbert_C04	tjupan_bacillus_subtilis_main_737474f253397bee	tjupan_bacillus_subtilis_main_737474f253397bee	discovery	6	12	7	12	-51.5	+	GCAATC	1.758300542831421
EMB_prokbert_C04	tjupan_bacillus_subtilis_main_bd4e9486aa695c78	tjupan_bacillus_subtilis_main_bd4e9486aa695c78	discovery	56	62	57	62	-1.5	+	CTGATT	1.7589688301086426
EMB_prokbert_C04	tjupan_bacillus_subtilis_main_5f8b6936b2e52932	tjupan_bacillus_subtilis_main_5f8b6936b2e52932	discovery	42	48	43	48	-15.5	+	TATGGT	1.7589908838272095
EMB_prokbert_C04	tjupan_bacillus_subtilis_main_f45d38a5e15ccc93	dbtbs_bsub_core_5dbc73ad42aeab56	discovery	64	70	65	70	6.5	+	GAAATG	1.7590317726135254
EMB_prokbert_C04	tjupan_bacillus_subtilis_main_13f36fd95a25452a	tjupan_bacillus_subtilis_main_13f36fd95a25452a	discovery	59	65	60	65	1.5	+	GATTGC	1.762612223625183
EMB_prokbert_C04	tjupan_bacillus_subtilis_main_163772f02671a528	tjupan_bacillus_subtilis_main_163772f02671a528	discovery	16	22	17	22	-41.5	+	ATATTG	1.7696425914764404
EMB_prokbert_C04	tjupan_bacillus_subtilis_main_dc1d0e364ea2d865	tjupan_bacillus_subtilis_main_dc1d0e364ea2d865	discovery	63	69	64	69	5.5	+	TGTGAT	1.7702120542526245
EMB_prokbert_C04	tjupan_bacillus_subtilis_main_96d42d8ccff315ec	tjupan_bacillus_subtilis_main_96d42d8ccff315ec	discovery	29	35	30	35	-28.5	+	TGATTA	1.7730226516723633
EMB_prokbert_C04	tjupan_bacillus_subtilis_main_ab3313558a015086	dbtbs_bsub_core_ab3313558a015086	discovery	27	33	28	33	-30.5	+	TGACAT	1.7750732898712158
EMB_prokbert_C04	tjupan_bacillus_subtilis_main_3ac22b11e92c0ec1	tjupan_bacillus_subtilis_main_3ac22b11e92c0ec1	discovery	56	62	57	62	-1.5	+	CATATG	1.7784847021102905
EMB_prokbert_C04	tjupan_bacillus_subtilis_main_fc6071b9027316a7	tjupan_bacillus_subtilis_main_fc6071b9027316a7	discovery	25	31	26	31	-32.5	+	AATGCA	1.7788810729980469
EMB_prokbert_C04	tjupan_bacillus_subtilis_main_9e087715e3522ed4	dbtbs_bsub_core_b3df5d74f56f0610	discovery	71	77	72	77	13.5	+	TCGATG	1.779408574104309
EMB_prokbert_C04	tjupan_bacillus_subtilis_main_c5aa2a2f04401e51	tjupan_bacillus_subtilis_main_c5aa2a2f04401e51	discovery	9	15	10	15	-48.5	+	GGTGAT	1.7805453538894653
EMB_prokbert_C04	tjupan_bacillus_subtilis_main_ced72b826f4a910f	dbtbs_bsub_core_d1a4fbb8ec4bd212	discovery	22	28	23	28	-35.5	+	GCATGT	1.7874051332473755
EMB_prokbert_C04	tjupan_bacillus_subtilis_main_25308dd77914b9d9	dbtbs_bsub_core_1dc2eb4818f9715a	discovery	18	24	19	24	-39.5	+	TAATTG	1.7883201837539673
EMB_prokbert_C04	tjupan_bacillus_subtilis_main_666dd7e391a36890	dbtbs_bsub_core_666dd7e391a36890	discovery	8	14	9	14	-49.5	+	GTTGAT	1.7906280755996704
EMB_prokbert_C04	tjupan_bacillus_subtilis_main_14a46634ed7dcff0	tjupan_bacillus_subtilis_main_14a46634ed7dcff0	discovery	28	34	29	34	-29.5	+	ATGAAT	1.7934538125991821
EMB_prokbert_C04	tjupan_bacillus_subtilis_main_71a2a4c64c087430	tjupan_bacillus_subtilis_main_71a2a4c64c087430	discovery	73	79	74	79	15.5	+	CAATGA	1.7935547828674316
EMB_prokbert_C04	tjupan_bacillus_subtilis_main_3eab38fdf3061b6a	tjupan_bacillus_subtilis_main_3eab38fdf3061b6a	discovery	22	28	23	28	-35.5	+	TGATTG	1.798736572265625
EMB_prokbert_C04	tjupan_bacillus_subtilis_main_ad5b6a3a851181b1	dbtbs_bsub_core_ad5b6a3a851181b1	discovery	18	24	19	24	-39.5	+	ATATGT	1.800331473350525
EMB_prokbert_C04	tjupan_bacillus_subtilis_main_8b925a3983e97ebd	dbtbs_bsub_core_0346364171f10446	discovery	23	29	24	29	-34.5	+	GCATTG	1.8029977083206177
EMB_prokbert_C04	tjupan_bacillus_subtilis_main_550b125b16dc206e	dbtbs_bsub_core_2ab03862f0e9dd2f	discovery	2	8	3	8	-55.5	+	ATGAAT	1.8041629791259766
EMB_prokbert_C04	tjupan_bacillus_subtilis_main_993a308bb6e190e1	dbtbs_bsub_core_993a308bb6e190e1	discovery	1	7	2	7	-56.5	+	ATGATT	1.8129265308380127
EMB_prokbert_C04	tjupan_bacillus_subtilis_main_a61c0978ae294759	tjupan_bacillus_subtilis_main_a61c0978ae294759	discovery	22	28	23	28	-35.5	+	GCGATG	1.8179925680160522
EMB_prokbert_C04	tjupan_bacillus_subtilis_main_9c67a769132d62d8	dbtbs_bsub_core_1373e064636d6c9b	discovery	20	26	21	26	-37.5	+	ATGGTG	1.8191403150558472
EMB_prokbert_C04	tjupan_bacillus_subtilis_main_5150105a4bdfd4ce	tjupan_bacillus_subtilis_main_5150105a4bdfd4ce	discovery	58	64	59	64	0.5	+	ATATGA	1.8206607103347778
EMB_prokbert_C04	tjupan_bacillus_subtilis_main_359df7c8e20abe4e	tjupan_bacillus_subtilis_main_359df7c8e20abe4e	discovery	49	55	50	55	-8.5	+	CAATAT	1.8212344646453857
EMB_prokbert_C04	tjupan_bacillus_subtilis_main_73f2f27ec267a871	dbtbs_bsub_core_77a7b73eeb200478	discovery	62	68	63	68	4.5	+	CCAATG	1.8256266117095947
EMB_prokbert_C04	tjupan_bacillus_subtilis_main_7ac1767347438edd	dbtbs_bsub_core_5c6ce2f66e66fe9e	discovery	51	57	52	57	-6.5	+	ATGGTA	1.826474905014038
EMB_prokbert_C04	tjupan_bacillus_subtilis_main_60ee42342c88d235	tjupan_bacillus_subtilis_main_60ee42342c88d235	discovery	2	8	3	8	-55.5	+	GATGAT	1.8298242092132568
EMB_prokbert_C04	tjupan_bacillus_subtilis_main_d1b10b64ac040b8c	dbtbs_bsub_core_3a6c62def340fb72	discovery	49	55	50	55	-8.5	+	ATCATG	1.8315538167953491
EMB_prokbert_C04	tjupan_bacillus_subtilis_main_edadeeaf4ff7a848	tjupan_bacillus_subtilis_main_edadeeaf4ff7a848	discovery	45	51	46	51	-12.5	+	TGATGT	1.8357237577438354
EMB_prokbert_C04	tjupan_bacillus_subtilis_main_48f68d49bf53ea3b	dbtbs_bsub_core_a63e45c266a8243f	discovery	47	53	48	53	-10.5	+	ATATGA	1.8387181758880615
EMB_prokbert_C04	tjupan_bacillus_subtilis_main_6b5eda10bbc36b27	dbtbs_bsub_core_0d578393adbcde98	discovery	19	25	20	25	-38.5	+	AATTGA	1.8485132455825806
EMB_prokbert_C04	tjupan_bacillus_subtilis_main_32a70db45859cbb9	dbtbs_bsub_core_32a70db45859cbb9	discovery	8	14	9	14	-49.5	+	GAATTG	1.851313591003418
EMB_prokbert_C04	tjupan_bacillus_subtilis_main_01ae3d26fad13b71	dbtbs_bsub_core_7a9c3b7d79cfafb8	discovery	8	14	9	14	-49.5	+	TGAATA	1.8543509244918823
EMB_prokbert_C04	tjupan_bacillus_subtilis_main_6fc8019646ae0ec6	dbtbs_bsub_core_0346364171f10446	discovery	19	25	20	25	-38.5	+	GCATTG	1.8620208501815796
EMB_prokbert_C04	tjupan_bacillus_subtilis_main_51e2f43063a3baab	tjupan_bacillus_subtilis_main_51e2f43063a3baab	discovery	49	55	50	55	-8.5	+	TATGAT	1.8698593378067017
EMB_prokbert_C04	tjupan_bacillus_subtilis_main_43596a46e3e4ddaa	tjupan_bacillus_subtilis_main_43596a46e3e4ddaa	discovery	20	26	21	26	-37.5	+	ATGCAT	1.871569275856018
EMB_prokbert_C04	tjupan_bacillus_subtilis_main_ef1d1fbaad689e40	dbtbs_bsub_core_ef1d1fbaad689e40	discovery	51	57	52	57	-6.5	+	AATGCA	1.872143268585205
EMB_prokbert_C04	tjupan_bacillus_subtilis_main_0cc8abc9b551141c	dbtbs_bsub_core_0cc8abc9b551141c	discovery	48	54	49	54	-9.5	+	GTATGA	1.8723074197769165
EMB_prokbert_C04	tjupan_bacillus_subtilis_main_9daaa0d103ffad86	dbtbs_bsub_core_9daaa0d103ffad86	discovery	63	69	64	69	5.5	+	TGAATA	1.8741637468338013
EMB_prokbert_C04	tjupan_bacillus_subtilis_main_e66d1eb3358cf03d	dbtbs_bsub_core_601150b85493a7a1	discovery	40	46	41	46	-17.5	+	GTGCAT	1.874310851097107
EMB_prokbert_C04	tjupan_bacillus_subtilis_main_fea876b7208e46e3	dbtbs_bsub_core_fea876b7208e46e3	discovery	22	28	23	28	-35.5	+	CATGTT	1.8758788108825684
EMB_prokbert_C04	tjupan_bacillus_subtilis_main_8fa35d24a76b6d72	tjupan_bacillus_subtilis_main_8fa35d24a76b6d72	discovery	49	55	50	55	-8.5	+	ATATGA	1.8760489225387573
EMB_prokbert_C04	tjupan_bacillus_subtilis_main_7bd42a66d387ec94	dbtbs_bsub_core_5cf240f92a00f0e3	discovery	51	57	52	57	-6.5	+	TATGAG	1.8786040544509888
EMB_prokbert_C04	tjupan_bacillus_subtilis_main_ecef2875a7a372ba	dbtbs_bsub_core_ecef2875a7a372ba	discovery	42	48	43	48	-15.5	+	TTTGAT	1.8792837858200073
EMB_prokbert_C04	tjupan_bacillus_subtilis_main_0acb3976b9331524	tjupan_bacillus_subtilis_main_0acb3976b9331524	discovery	57	63	58	63	-0.5	+	ATGTGA	1.881347417831421
EMB_prokbert_C04	tjupan_bacillus_subtilis_main_d33162cb12a5a549	tjupan_bacillus_subtilis_main_d33162cb12a5a549	discovery	15	21	16	21	-42.5	+	CATTGT	1.894639492034912
EMB_prokbert_C04	tjupan_bacillus_subtilis_main_a9fde0fdd238b261	dbtbs_bsub_core_06588c97cd7288a8	discovery	71	77	72	77	13.5	+	AATATG	1.9036530256271362
EMB_prokbert_C04	tjupan_bacillus_subtilis_main_754ac4e873f6c24d	tjupan_bacillus_subtilis_main_754ac4e873f6c24d	discovery	44	50	45	50	-13.5	+	GAATAT	1.9038100242614746
EMB_prokbert_C04	tjupan_bacillus_subtilis_main_24675587b92cc4c7	tjupan_bacillus_subtilis_main_24675587b92cc4c7	discovery	16	22	17	22	-41.5	+	AGATTG	1.904577374458313
EMB_prokbert_C04	tjupan_bacillus_subtilis_main_dea64c0f5a12bfa1	dbtbs_bsub_core_a18a06666ab8afa6	discovery	20	26	21	26	-37.5	+	GATGTG	1.9056310653686523
EMB_prokbert_C04	tjupan_bacillus_subtilis_main_3c97e9436cb369c2	dbtbs_bsub_core_6dc10c0d490555ae	discovery	51	57	52	57	-6.5	+	TGACAT	1.9142515659332275
EMB_prokbert_C04	tjupan_bacillus_subtilis_main_9c3cc423ec1465b1	dbtbs_bsub_core_9c3cc423ec1465b1	discovery	73	79	74	79	15.5	+	GATGGT	1.9181450605392456
EMB_prokbert_C04	tjupan_bacillus_subtilis_main_e70fb70b66e1d829	tjupan_bacillus_subtilis_main_e70fb70b66e1d829	discovery	6	12	7	12	-51.5	+	CAATTG	1.9187225103378296
EMB_prokbert_C04	tjupan_bacillus_subtilis_main_dbf995194ebf2b2d	dbtbs_bsub_core_dbf995194ebf2b2d	discovery	15	21	16	21	-42.5	+	CATATT	1.9248703718185425
EMB_prokbert_C04	tjupan_bacillus_subtilis_main_9a6d97baf1c02d30	dbtbs_bsub_core_9a6d97baf1c02d30	discovery	70	76	71	76	12.5	+	ATGCAA	1.934152603149414
EMB_prokbert_C04	tjupan_bacillus_subtilis_main_eaa75817f87b3088	dbtbs_bsub_core_71c43b52121900cc	discovery	73	79	74	79	15.5	+	CTATGT	1.9400558471679688
EMB_prokbert_C04	tjupan_bacillus_subtilis_main_a43a1f032db2e49e	dbtbs_bsub_core_872c1380ac7bb81f	discovery	39	45	40	45	-18.5	+	CATTGT	1.9405897855758667
EMB_prokbert_C04	tjupan_bacillus_subtilis_main_1dc2eb4818f9715a	dbtbs_bsub_core_1dc2eb4818f9715a	discovery	48	54	49	54	-9.5	+	GTATGA	1.9414480924606323
EMB_prokbert_C04	tjupan_bacillus_subtilis_main_91723abad13f63e4	tjupan_bacillus_subtilis_main_91723abad13f63e4	discovery	24	30	25	30	-33.5	+	ATTGAC	1.9423038959503174
EMB_prokbert_C04	tjupan_bacillus_subtilis_main_c3431646de80d63f	tjupan_bacillus_subtilis_main_c3431646de80d63f	discovery	32	38	33	38	-25.5	+	GCCATG	1.9430924654006958
EMB_prokbert_C04	tjupan_bacillus_subtilis_main_2be0a0a038238614	tjupan_bacillus_subtilis_main_2be0a0a038238614	discovery	38	44	39	44	-19.5	+	AATGGT	1.9442743062973022
EMB_prokbert_C04	tjupan_bacillus_subtilis_main_c180878a6f782e9f	dbtbs_bsub_core_c180878a6f782e9f	discovery	23	29	24	29	-34.5	+	GATTGA	1.9443249702453613
EMB_prokbert_C04	tjupan_bacillus_subtilis_main_78caf7680ac9ae4c	tjupan_bacillus_subtilis_main_78caf7680ac9ae4c	discovery	39	45	40	45	-18.5	+	ATTGAA	1.94676673412323
EMB_prokbert_C04	tjupan_bacillus_subtilis_main_5b5f9b9ad371b1b0	tjupan_bacillus_subtilis_main_5b5f9b9ad371b1b0	discovery	56	62	57	62	-1.5	+	AATGAA	1.947972297668457
EMB_prokbert_C04	tjupan_bacillus_subtilis_main_c758d11e26aac641	tjupan_bacillus_subtilis_main_c758d11e26aac641	discovery	11	17	12	17	-46.5	+	TGATGA	1.9499491453170776
EMB_prokbert_C04	tjupan_bacillus_subtilis_main_54fd4c2966482e2c	dbtbs_bsub_core_ba3becfc7c3e4e17	discovery	24	30	25	30	-33.5	+	TGAATA	1.9521477222442627
EMB_prokbert_C04	tjupan_bacillus_subtilis_main_e2d1119cb664dabf	dbtbs_bsub_core_954deecd8ab02ea9	discovery	27	33	28	33	-30.5	+	GCATAA	1.9603415727615356
EMB_prokbert_C04	tjupan_bacillus_subtilis_main_5e34c7286340c249	dbtbs_bsub_core_0fedc539a64a99b7	discovery	13	19	14	19	-44.5	+	TGATAT	1.9637809991836548
EMB_prokbert_C04	tjupan_bacillus_subtilis_main_8e4b7e6c519e170f	tjupan_bacillus_subtilis_main_8e4b7e6c519e170f	discovery	19	25	20	25	-38.5	+	GATATG	1.9711604118347168
EMB_prokbert_C04	tjupan_bacillus_subtilis_main_92c71ea9f3febc7f	dbtbs_bsub_core_c2ee7abb48038f6f	discovery	71	77	72	77	13.5	+	TTTGCA	1.97519052028656
EMB_prokbert_C04	tjupan_bacillus_subtilis_main_1edc8da3b582b0a5	dbtbs_bsub_core_1edc8da3b582b0a5	discovery	43	49	44	49	-14.5	+	TCATGT	1.9766358137130737
EMB_prokbert_C04	tjupan_bacillus_subtilis_main_8f7d87652de79d90	dbtbs_bsub_core_8f7d87652de79d90	discovery	70	76	71	76	12.5	+	TGATAA	1.9784573316574097
EMB_prokbert_C04	tjupan_bacillus_subtilis_main_982fa9762732f05a	tjupan_bacillus_subtilis_main_982fa9762732f05a	discovery	63	69	64	69	5.5	+	ATTGAT	1.9799704551696777
EMB_prokbert_C04	tjupan_bacillus_subtilis_main_49d5f09ecdaa68d2	dbtbs_bsub_core_2fc6766ca8c365d3	discovery	23	29	24	29	-34.5	+	TATTGA	1.982597827911377
EMB_prokbert_C04	tjupan_bacillus_subtilis_main_67a9ae83c973a42d	tjupan_bacillus_subtilis_main_67a9ae83c973a42d	discovery	62	68	63	68	4.5	+	GACATG	1.983498215675354
EMB_prokbert_C04	tjupan_bacillus_subtilis_main_cf3def291394eeb9	tjupan_bacillus_subtilis_main_cf3def291394eeb9	discovery	14	20	15	20	-43.5	+	ATGATG	1.984593391418457
EMB_prokbert_C04	tjupan_bacillus_subtilis_main_9f03f134e6b67be2	tjupan_bacillus_subtilis_main_9f03f134e6b67be2	discovery	69	75	70	75	11.5	+	CAATGT	1.987268328666687
EMB_prokbert_C04	tjupan_bacillus_subtilis_main_86c973796d10f50f	dbtbs_bsub_core_86c973796d10f50f	discovery	59	65	60	65	1.5	+	TATGGA	1.987322211265564
EMB_prokbert_C04	tjupan_bacillus_subtilis_main_5d881eac8b46d627	dbtbs_bsub_core_5d881eac8b46d627	discovery	67	73	68	73	9.5	+	GATGCA	1.9980288743972778
EMB_prokbert_C04	tjupan_bacillus_subtilis_main_6fcd42bdf8073a65	dbtbs_bsub_core_6fcd42bdf8073a65	discovery	2	8	3	8	-55.5	+	ATTGAT	2.0036540031433105
EMB_prokbert_C04	tjupan_bacillus_subtilis_main_84597be11ba889b8	tjupan_bacillus_subtilis_main_84597be11ba889b8	discovery	24	30	25	30	-33.5	+	AATGCG	2.0043387413024902
EMB_prokbert_C04	tjupan_bacillus_subtilis_main_bf15c71cd5f4b9e0	dbtbs_bsub_core_79aa8a5c0f3b9558	discovery	2	8	3	8	-55.5	+	TCATGA	2.0155138969421387
EMB_prokbert_C04	tjupan_bacillus_subtilis_main_8265264627414ceb	tjupan_bacillus_subtilis_main_8265264627414ceb	discovery	44	50	45	50	-13.5	+	TTGCAT	2.01696515083313
EMB_prokbert_C04	tjupan_bacillus_subtilis_main_61c707ac72aeda97	tjupan_bacillus_subtilis_main_61c707ac72aeda97	discovery	56	62	57	62	-1.5	+	ACATGG	2.019691228866577
EMB_prokbert_C04	tjupan_bacillus_subtilis_main_8a4a22c637647f42	dbtbs_bsub_core_8a4a22c637647f42	discovery	71	77	72	77	13.5	+	AACATG	2.023507595062256
EMB_prokbert_C04	tjupan_bacillus_subtilis_main_32475822eb2ec4c0	tjupan_bacillus_subtilis_main_32475822eb2ec4c0	discovery	70	76	71	76	12.5	+	ATGATT	2.024594783782959
EMB_prokbert_C04	tjupan_bacillus_subtilis_main_a92ee416463b3fc1	dbtbs_bsub_core_585820026d8d814d	discovery	9	15	10	15	-48.5	+	TGATTA	2.0255768299102783
EMB_prokbert_C04	tjupan_bacillus_subtilis_main_94d81586c680a254	tjupan_bacillus_subtilis_main_94d81586c680a254	discovery	72	78	73	78	14.5	+	CATTGG	2.0271553993225098
EMB_prokbert_C04	tjupan_bacillus_subtilis_main_ed12f07c80365cbc	dbtbs_bsub_core_09dd4c8ba7bc09c6	discovery	70	76	71	76	12.5	+	TATGGA	2.0325984954833984
EMB_prokbert_C04	tjupan_bacillus_subtilis_main_92b62a9d8d87ace9	dbtbs_bsub_core_92b62a9d8d87ace9	discovery	57	63	58	63	-0.5	+	GCTGAT	2.0448808670043945
EMB_prokbert_C04	tjupan_bacillus_subtilis_main_dcef15bdfb353954	dbtbs_bsub_core_dcef15bdfb353954	discovery	57	63	58	63	-0.5	+	AATGTG	2.05057692527771
EMB_prokbert_C04	tjupan_bacillus_subtilis_main_1c375491ec2245f4	tjupan_bacillus_subtilis_main_1c375491ec2245f4	discovery	22	28	23	28	-35.5	+	TTATGA	2.0531930923461914
EMB_prokbert_C04	tjupan_bacillus_subtilis_main_ba49f50d8b0af1c7	dbtbs_bsub_core_8a4a22c637647f42	discovery	72	78	73	78	14.5	+	AACATG	2.073403835296631
EMB_prokbert_C04	tjupan_bacillus_subtilis_main_efde358c620c36bd	dbtbs_bsub_core_efde358c620c36bd	discovery	41	47	42	47	-16.5	+	ATGAGG	2.0749051570892334
EMB_prokbert_C04	tjupan_bacillus_subtilis_main_0a71b8cbf4011c3b	dbtbs_bsub_core_dc5af08cd1bffe94	discovery	7	13	8	13	-50.5	+	CTGATG	2.077805280685425
EMB_prokbert_C04	tjupan_bacillus_subtilis_main_1732506bbac23b7c	dbtbs_bsub_core_1732506bbac23b7c	discovery	32	38	33	38	-25.5	+	TGGATG	2.0870468616485596
EMB_prokbert_C04	tjupan_bacillus_subtilis_main_61e92334116d4289	dbtbs_bsub_core_946ad3835c6af00d	discovery	73	79	74	79	15.5	+	GATGTG	2.104900598526001
EMB_prokbert_C04	tjupan_bacillus_subtilis_main_ac1a0a0a579397f6	tjupan_bacillus_subtilis_main_ac1a0a0a579397f6	discovery	54	60	55	60	-3.5	+	ATATGG	2.1311943531036377
EMB_prokbert_C04	tjupan_bacillus_subtilis_main_c12152f72b444aff	tjupan_bacillus_subtilis_main_c12152f72b444aff	discovery	14	20	15	20	-43.5	+	GTATGC	2.1349000930786133
EMB_prokbert_C04	tjupan_bacillus_subtilis_main_3b9d28ffe489c3c7	dbtbs_bsub_core_260ddc8adeedb788	discovery	0	6	1	6	-57.5	+	GATGTT	2.1550323963165283
EMB_prokbert_C04	tjupan_bacillus_subtilis_main_adff0049bb8c9b3f	tjupan_bacillus_subtilis_main_adff0049bb8c9b3f	discovery	48	54	49	54	-9.5	+	TGGATA	2.1633851528167725
EMB_prokbert_C04	tjupan_bacillus_subtilis_main_4d08fa1f606ad269	tjupan_bacillus_subtilis_main_4d08fa1f606ad269	discovery	42	48	43	48	-15.5	+	GCAATG	2.1660537719726562
EMB_prokbert_C04	tjupan_bacillus_subtilis_main_c648ac4df22b0f89	dbtbs_bsub_core_c648ac4df22b0f89	discovery	19	25	20	25	-38.5	+	ATATGT	2.1668283939361572
EMB_prokbert_C04	tjupan_bacillus_subtilis_main_e8dca4769e2e29bc	dbtbs_bsub_core_b8b8ac7ece3bed55	discovery	43	49	44	49	-14.5	+	GTGATA	2.1684975624084473
EMB_prokbert_C04	tjupan_bacillus_subtilis_main_36eed70446e6810b	dbtbs_bsub_core_36eed70446e6810b	discovery	24	30	25	30	-33.5	+	TGCATA	2.169600486755371
EMB_prokbert_C04	tjupan_bacillus_subtilis_main_ec2d75bce4a65abf	dbtbs_bsub_core_e3549a9c12f5ac55	discovery	73	79	74	79	15.5	+	TCATGA	2.1704611778259277
EMB_prokbert_C04	tjupan_bacillus_subtilis_main_4059ca0cce5522a4	tjupan_bacillus_subtilis_main_4059ca0cce5522a4	discovery	56	62	57	62	-1.5	+	GAATTG	2.189918279647827
EMB_prokbert_C04	tjupan_bacillus_subtilis_main_342a4291e30f5e80	dbtbs_bsub_core_342a4291e30f5e80	discovery	2	8	3	8	-55.5	+	CTGAAT	2.1946632862091064
EMB_prokbert_C04	tjupan_bacillus_subtilis_main_b24feeda89db5dfd	dbtbs_bsub_core_b24feeda89db5dfd	discovery	22	28	23	28	-35.5	+	TGGATG	2.2044131755828857
EMB_prokbert_C04	tjupan_bacillus_subtilis_main_e445a9d379a1812a	dbtbs_bsub_core_e445a9d379a1812a	discovery	21	27	22	27	-36.5	+	GAATGT	2.2052536010742188
EMB_prokbert_C04	tjupan_bacillus_subtilis_main_45683747106d08bd	tjupan_bacillus_subtilis_main_45683747106d08bd	discovery	1	7	2	7	-56.5	+	CATTGA	2.2099034786224365
EMB_prokbert_C04	tjupan_bacillus_subtilis_main_6901d7d50287d8c1	dbtbs_bsub_core_6901d7d50287d8c1	discovery	44	50	45	50	-13.5	+	AATGAT	2.212512731552124
EMB_prokbert_C04	tjupan_bacillus_subtilis_main_0b104549c8fd9755	dbtbs_bsub_core_0b104549c8fd9755	discovery	74	80	75	80	16.5	+	ATGAAA	2.2135396003723145
EMB_prokbert_C04	tjupan_bacillus_subtilis_main_0d390d7bf47f6ae0	tjupan_bacillus_subtilis_main_0d390d7bf47f6ae0	discovery	50	56	51	56	-7.5	+	ATATGA	2.2156457901000977
EMB_prokbert_C04	tjupan_bacillus_subtilis_main_ca7144caa797f7bc	dbtbs_bsub_core_ca7144caa797f7bc	discovery	8	14	9	14	-49.5	+	ATGGTG	2.2457096576690674
EMB_prokbert_C04	tjupan_bacillus_subtilis_main_796368712c0cdecb	tjupan_bacillus_subtilis_main_796368712c0cdecb	discovery	75	81	76	81	17.5	+	TATGTT	2.282674551010132
EMB_prokbert_C04	tjupan_bacillus_subtilis_main_2e59e247c2d07b0b	tjupan_bacillus_subtilis_main_2e59e247c2d07b0b	discovery	2	8	3	8	-55.5	+	AATGTC	2.299332618713379
EMB_prokbert_C04	tjupan_bacillus_subtilis_main_272e2f2c83a48fab	dbtbs_bsub_core_272e2f2c83a48fab	discovery	75	81	76	81	17.5	+	ATTGAA	2.314876079559326
EMB_prokbert_C04	tjupan_bacillus_subtilis_main_c204793b69b45448	dbtbs_bsub_core_c204793b69b45448	discovery	75	81	76	81	17.5	+	TTGATA	2.3202297687530518
EMB_prokbert_C04	tjupan_bacillus_subtilis_main_2313c7dbb458e370	dbtbs_bsub_core_98d6bef120e2925b	discovery	5	11	6	11	-52.5	+	TGTGAT	2.3302419185638428
EMB_prokbert_C04	tjupan_bacillus_subtilis_main_a26ee3e07cf1eedf	dbtbs_bsub_core_a26ee3e07cf1eedf	discovery	3	9	4	9	-54.5	+	TTGTGA	2.3564367294311523
EMB_prokbert_C04	tjupan_bacillus_subtilis_main_fae71e59d553e455	dbtbs_bsub_core_fae71e59d553e455	discovery	62	68	63	68	4.5	+	TTGTGG	2.375762701034546
EMB_prokbert_C04	tjupan_bacillus_subtilis_main_2bdb32bb685dc1db	tjupan_bacillus_subtilis_main_2bdb32bb685dc1db	discovery	4	10	5	10	-53.5	+	AATGGT	2.384472131729126
EMB_prokbert_C04	tjupan_bacillus_subtilis_main_024ba149e95dcf1a	tjupan_bacillus_subtilis_main_024ba149e95dcf1a	discovery	75	81	76	81	17.5	+	CATTGG	2.412409543991089
EMB_prokbert_C04	tjupan_bacillus_subtilis_main_2c9e8a462277f7da	dbtbs_bsub_core_f7573fed016c047b	discovery	75	81	76	81	17.5	+	AGCATG	2.4147908687591553
EMB_prokbert_C04	tjupan_bacillus_subtilis_main_76885f00c763f220	dbtbs_bsub_core_07bcce23a89f64fb	discovery	54	60	55	60	-3.5	+	TGGAAT	2.4945201873779297
EMB_prokbert_C04	tjupan_bacillus_subtilis_main_0261e5d9e5354132	tjupan_bacillus_subtilis_main_0261e5d9e5354132	discovery	70	76	71	76	12.5	+	ACATGG	2.611921787261963
EMB_prokbert_C04	tjupan_bacillus_subtilis_main_c1bd3e378306e57e	tjupan_bacillus_subtilis_main_c1bd3e378306e57e	discovery	1	7	2	7	-56.5	+	CCATGA	2.8022594451904297
EMB_prokbert_C05	tjupan_bacillus_subtilis_main_d04a67d8cb9ad084	dbtbs_bsub_core_d04a67d8cb9ad084	discovery	33	39	34	39	-24.5	+	GACAAA	1.1174092292785645
EMB_prokbert_C05	tjupan_bacillus_subtilis_main_e1ad11de708bb9dd	dbtbs_bsub_core_0ce0cc9e187b5d37	discovery	30	36	31	36	-27.5	+	ACAATC	1.1452103853225708
EMB_prokbert_C05	tjupan_bacillus_subtilis_main_b578e9e0d96d144a	dbtbs_bsub_core_b578e9e0d96d144a	discovery	35	41	36	41	-22.5	+	CAAACA	1.1495834589004517
EMB_prokbert_C05	tjupan_bacillus_subtilis_main_9e087715e3522ed4	dbtbs_bsub_core_b3df5d74f56f0610	discovery	63	69	64	69	5.5	+	GACAAC	1.1640874147415161
EMB_prokbert_C05	tjupan_bacillus_subtilis_main_8e9af30cd29c08ec	dbtbs_bsub_core_ab5345ed831420ec	discovery	28	34	29	34	-29.5	+	ACAAAC	1.1655712127685547
EMB_prokbert_C05	tjupan_bacillus_subtilis_main_282b0a85bf46906b	tjupan_bacillus_subtilis_main_282b0a85bf46906b	discovery	40	46	41	46	-17.5	+	AACAAG	1.1934971809387207
EMB_prokbert_C05	tjupan_bacillus_subtilis_main_024ba149e95dcf1a	tjupan_bacillus_subtilis_main_024ba149e95dcf1a	discovery	60	66	61	66	2.5	+	AACAAG	1.2624294757843018
EMB_prokbert_C05	tjupan_bacillus_subtilis_main_187a9844a7f0c551	tjupan_bacillus_subtilis_main_187a9844a7f0c551	discovery	7	13	8	13	-50.5	+	GAAACA	1.2683334350585938
EMB_prokbert_C05	tjupan_bacillus_subtilis_main_980ab95cde029f78	tjupan_bacillus_subtilis_main_980ab95cde029f78	discovery	27	33	28	33	-30.5	+	ACAAAC	1.2685372829437256
EMB_prokbert_C05	tjupan_bacillus_subtilis_main_e6accdb752f9724f	dbtbs_bsub_core_41815df9927fe319	discovery	20	26	21	26	-37.5	+	ACAAAT	1.2843536138534546
EMB_prokbert_C05	tjupan_bacillus_subtilis_main_9d5c52bb0fa0ffad	dbtbs_bsub_core_9d5c52bb0fa0ffad	discovery	16	22	17	22	-41.5	+	ACAAAC	1.2871452569961548
EMB_prokbert_C05	tjupan_bacillus_subtilis_main_af51a9f7939c4cfb	dbtbs_bsub_core_49fc6b8175a85db6	discovery	28	34	29	34	-29.5	+	AACCAA	1.2911953926086426
EMB_prokbert_C05	tjupan_bacillus_subtilis_main_5d881eac8b46d627	dbtbs_bsub_core_5d881eac8b46d627	discovery	34	40	35	40	-23.5	+	CAAACA	1.3002383708953857
EMB_prokbert_C05	tjupan_bacillus_subtilis_main_09dd4c8ba7bc09c6	dbtbs_bsub_core_09dd4c8ba7bc09c6	discovery	71	77	72	77	13.5	+	AAACAA	1.325979232788086
EMB_prokbert_C05	tjupan_bacillus_subtilis_main_10eda96ea4199e8c	dbtbs_bsub_core_10eda96ea4199e8c	discovery	8	14	9	14	-49.5	+	ACAAGA	1.335761308670044
EMB_prokbert_C05	tjupan_bacillus_subtilis_main_92c71ea9f3febc7f	dbtbs_bsub_core_c2ee7abb48038f6f	discovery	11	17	12	17	-46.5	+	TAACAA	1.3558639287948608
EMB_prokbert_C05	tjupan_bacillus_subtilis_main_25308dd77914b9d9	dbtbs_bsub_core_1dc2eb4818f9715a	discovery	38	44	39	44	-19.5	+	ACCAAA	1.3627439737319946
EMB_prokbert_C05	tjupan_bacillus_subtilis_main_b24feeda89db5dfd	dbtbs_bsub_core_b24feeda89db5dfd	discovery	56	62	57	62	-1.5	+	AAACAG	1.3731427192687988
EMB_prokbert_C05	tjupan_bacillus_subtilis_main_bf15c71cd5f4b9e0	dbtbs_bsub_core_79aa8a5c0f3b9558	discovery	6	12	7	12	-51.5	+	GAACAA	1.3749632835388184
EMB_prokbert_C05	tjupan_bacillus_subtilis_main_4a76c51266c80a0f	dbtbs_bsub_core_b905bf06b88d4e46	discovery	58	64	59	64	0.5	+	ACAAGG	1.3875021934509277
EMB_prokbert_C05	tjupan_bacillus_subtilis_main_84597be11ba889b8	tjupan_bacillus_subtilis_main_84597be11ba889b8	discovery	66	72	67	72	8.5	+	TCAAAC	1.4119919538497925
EMB_prokbert_C05	tjupan_bacillus_subtilis_main_5e30b1d213eba695	tjupan_bacillus_subtilis_main_5e30b1d213eba695	discovery	60	66	61	66	2.5	+	ACAAGA	1.414900779724121
EMB_prokbert_C05	tjupan_bacillus_subtilis_main_517410185d825f3e	tjupan_bacillus_subtilis_main_517410185d825f3e	discovery	12	18	13	18	-45.5	+	AGCACA	1.424593448638916
EMB_prokbert_C05	tjupan_bacillus_subtilis_main_c9a32e1db5125d7c	dbtbs_bsub_core_c9a32e1db5125d7c	discovery	27	33	28	33	-30.5	+	GACAAA	1.4253737926483154
EMB_prokbert_C05	tjupan_bacillus_subtilis_main_ff61268918c0af5d	tjupan_bacillus_subtilis_main_ff61268918c0af5d	discovery	59	65	60	65	1.5	+	CAAAGT	1.4290324449539185
EMB_prokbert_C05	tjupan_bacillus_subtilis_main_52267ea931cb2dd7	dbtbs_bsub_core_b35218f45c0f11c8	discovery	34	40	35	40	-23.5	+	AACAAA	1.4370840787887573
EMB_prokbert_C05	tjupan_bacillus_subtilis_main_fbae385e087109ce	tjupan_bacillus_subtilis_main_fbae385e087109ce	discovery	43	49	44	49	-14.5	+	AAACAG	1.4381616115570068
EMB_prokbert_C05	tjupan_bacillus_subtilis_main_163772f02671a528	tjupan_bacillus_subtilis_main_163772f02671a528	discovery	68	74	69	74	10.5	+	ACAAAC	1.4401353597640991
EMB_prokbert_C05	tjupan_bacillus_subtilis_main_e84ae283b7981830	tjupan_bacillus_subtilis_main_e84ae283b7981830	discovery	41	47	42	47	-16.5	+	CAAAAC	1.449781894683838
EMB_prokbert_C05	tjupan_bacillus_subtilis_main_ced72b826f4a910f	dbtbs_bsub_core_d1a4fbb8ec4bd212	discovery	14	20	15	20	-43.5	+	CAAACA	1.4610888957977295
EMB_prokbert_C05	tjupan_bacillus_subtilis_main_106e69f8e7e10bd4	tjupan_bacillus_subtilis_main_106e69f8e7e10bd4	discovery	61	67	62	67	3.5	+	CAAACA	1.4650291204452515
EMB_prokbert_C05	tjupan_bacillus_subtilis_main_d33162cb12a5a549	tjupan_bacillus_subtilis_main_d33162cb12a5a549	discovery	29	35	30	35	-28.5	+	AAAACG	1.4692708253860474
EMB_prokbert_C05	tjupan_bacillus_subtilis_main_c2a5e00f908ba88c	dbtbs_bsub_core_c2a5e00f908ba88c	discovery	15	21	16	21	-42.5	+	AAAACG	1.4923218488693237
EMB_prokbert_C05	tjupan_bacillus_subtilis_main_2d40490247bb616a	dbtbs_bsub_core_ffa38d6978ad48aa	discovery	5	11	6	11	-52.5	+	ACAAAC	1.4984288215637207
EMB_prokbert_C05	tjupan_bacillus_subtilis_main_f58412ec32c641aa	dbtbs_bsub_core_bba92a46eba6f8e0	discovery	56	62	57	62	-1.5	+	AACCAA	1.5003706216812134
EMB_prokbert_C05	tjupan_bacillus_subtilis_main_917572a2414a52f7	tjupan_bacillus_subtilis_main_917572a2414a52f7	discovery	15	21	16	21	-42.5	+	GACAAA	1.5166147947311401
EMB_prokbert_C05	tjupan_bacillus_subtilis_main_a2eb9b766304b405	dbtbs_bsub_core_adaec4e024668ee2	discovery	64	70	65	70	6.5	+	TTACAA	1.5272072553634644
EMB_prokbert_C05	tjupan_bacillus_subtilis_main_3ab27dce0b1876ca	dbtbs_bsub_core_d52b0eed3ebbab2d	discovery	32	38	33	38	-25.5	+	CCAAAC	1.5274475812911987
EMB_prokbert_C05	tjupan_bacillus_subtilis_main_ffb5b3082f8ea0cd	tjupan_bacillus_subtilis_main_ffb5b3082f8ea0cd	discovery	25	31	26	31	-32.5	+	AAACAA	1.5298247337341309
EMB_prokbert_C05	tjupan_bacillus_subtilis_main_b7cebcbae1ca8171	dbtbs_bsub_core_342a4291e30f5e80	discovery	4	10	5	10	-53.5	+	ACAAAA	1.5300824642181396
EMB_prokbert_C05	tjupan_bacillus_subtilis_main_dbf995194ebf2b2d	dbtbs_bsub_core_dbf995194ebf2b2d	discovery	31	37	32	37	-26.5	+	AACAAG	1.5315780639648438
EMB_prokbert_C05	tjupan_bacillus_subtilis_main_8837dc4443db7de3	tjupan_bacillus_subtilis_main_8837dc4443db7de3	discovery	41	47	42	47	-16.5	+	AAAACG	1.5316414833068848
EMB_prokbert_C05	tjupan_bacillus_subtilis_main_bebf1b31befd9c3c	dbtbs_bsub_core_bebf1b31befd9c3c	discovery	5	11	6	11	-52.5	+	CACAAG	1.5356510877609253
EMB_prokbert_C05	tjupan_bacillus_subtilis_main_f9edd67964b41200	dbtbs_bsub_core_f9edd67964b41200	discovery	62	68	63	68	4.5	+	AACAGA	1.5403915643692017
EMB_prokbert_C05	tjupan_bacillus_subtilis_main_edce5d598636e106	dbtbs_bsub_core_39acf3daf47ccd69	discovery	58	64	59	64	0.5	+	ACAGAA	1.5424318313598633
EMB_prokbert_C05	tjupan_bacillus_subtilis_main_eb88f130dfce6401	tjupan_bacillus_subtilis_main_eb88f130dfce6401	discovery	25	31	26	31	-32.5	+	ACAAGG	1.5424535274505615
EMB_prokbert_C05	tjupan_bacillus_subtilis_main_8f9b814f5e8b18ae	dbtbs_bsub_core_8f9b814f5e8b18ae	discovery	41	47	42	47	-16.5	+	CAAACG	1.5428202152252197
EMB_prokbert_C05	tjupan_bacillus_subtilis_main_a1b8ecb6878276b4	dbtbs_bsub_core_a1b8ecb6878276b4	discovery	44	50	45	50	-13.5	+	CACGAA	1.5493580102920532
EMB_prokbert_C05	tjupan_bacillus_subtilis_main_66846fa14c29dbc1	dbtbs_bsub_core_89ab3601fa8ac055	discovery	40	46	41	46	-17.5	+	AAACAG	1.5494439601898193
EMB_prokbert_C05	tjupan_bacillus_subtilis_main_93b5da0b5f842573	dbtbs_bsub_core_93b5da0b5f842573	discovery	52	58	53	58	-5.5	+	CTAACA	1.5527606010437012
EMB_prokbert_C05	tjupan_bacillus_subtilis_main_d24ab9ea2522f43e	dbtbs_bsub_core_e391b9fe5a0b653f	discovery	58	64	59	64	0.5	+	ACAAAC	1.5572245121002197
EMB_prokbert_C05	tjupan_bacillus_subtilis_main_0d7b08433a8f6233	tjupan_bacillus_subtilis_main_0d7b08433a8f6233	discovery	22	28	23	28	-35.5	+	TAAACC	1.5582373142242432
EMB_prokbert_C05	tjupan_bacillus_subtilis_main_79d6d17268b5d0ce	dbtbs_bsub_core_94e9d8c40cf791b3	discovery	24	30	25	30	-33.5	+	CATGAA	1.5639349222183228
EMB_prokbert_C05	tjupan_bacillus_subtilis_main_d0e455b1c91ba281	dbtbs_bsub_core_f6e924d0656980ad	discovery	55	61	56	61	-2.5	+	AAAACA	1.564530849456787
EMB_prokbert_C05	tjupan_bacillus_subtilis_main_5e8ac4f4506ef781	dbtbs_bsub_core_cdccc2e2972286a4	discovery	55	61	56	61	-2.5	+	AGAACA	1.564978003501892
EMB_prokbert_C05	tjupan_bacillus_subtilis_main_bc41d7d0760497f9	dbtbs_bsub_core_bc41d7d0760497f9	discovery	30	36	31	36	-27.5	+	AACAAA	1.5719354152679443
EMB_prokbert_C05	tjupan_bacillus_subtilis_main_8e4b7e6c519e170f	tjupan_bacillus_subtilis_main_8e4b7e6c519e170f	discovery	61	67	62	67	3.5	+	GAACAA	1.5734180212020874
EMB_prokbert_C05	tjupan_bacillus_subtilis_main_d9da0a0033167763	dbtbs_bsub_core_d9da0a0033167763	discovery	27	33	28	33	-30.5	+	TCAACA	1.577253818511963
EMB_prokbert_C05	tjupan_bacillus_subtilis_main_ade14dd3fdacb032	dbtbs_bsub_core_12585b08a658046e	discovery	59	65	60	65	1.5	+	ACAAAA	1.5775142908096313
EMB_prokbert_C05	tjupan_bacillus_subtilis_main_96d42d8ccff315ec	tjupan_bacillus_subtilis_main_96d42d8ccff315ec	discovery	58	64	59	64	0.5	+	ACAAAG	1.580993890762329
EMB_prokbert_C05	tjupan_bacillus_subtilis_main_bcbef8350d7925db	tjupan_bacillus_subtilis_main_bcbef8350d7925db	discovery	56	62	57	62	-1.5	+	GAACAA	1.581373929977417
EMB_prokbert_C05	tjupan_bacillus_subtilis_main_4648c22f43ae6952	tjupan_bacillus_subtilis_main_4648c22f43ae6952	discovery	13	19	14	19	-44.5	+	TACAAA	1.5848442316055298
EMB_prokbert_C05	tjupan_bacillus_subtilis_main_fcf1520effc316d9	dbtbs_bsub_core_fcf1520effc316d9	discovery	57	63	58	63	-0.5	+	AGTACA	1.5850722789764404
EMB_prokbert_C05	tjupan_bacillus_subtilis_main_d59578e8446625f3	dbtbs_bsub_core_d59578e8446625f3	discovery	13	19	14	19	-44.5	+	AACCAA	1.5857280492782593
EMB_prokbert_C05	tjupan_bacillus_subtilis_main_0710c2f2267154d3	dbtbs_bsub_core_0710c2f2267154d3	discovery	24	30	25	30	-33.5	+	AGAACA	1.5881255865097046
EMB_prokbert_C05	tjupan_bacillus_subtilis_main_56fbf5e1ebfb46d1	dbtbs_bsub_core_56fbf5e1ebfb46d1	discovery	39	45	40	45	-18.5	+	TAAACA	1.5886926651000977
EMB_prokbert_C05	tjupan_bacillus_subtilis_main_2e59e247c2d07b0b	tjupan_bacillus_subtilis_main_2e59e247c2d07b0b	discovery	56	62	57	62	-1.5	+	TAACAA	1.5907211303710938
EMB_prokbert_C05	tjupan_bacillus_subtilis_main_f45d38a5e15ccc93	dbtbs_bsub_core_5dbc73ad42aeab56	discovery	13	19	14	19	-44.5	+	AAGCCA	1.5985779762268066
EMB_prokbert_C05	tjupan_bacillus_subtilis_main_61e92334116d4289	dbtbs_bsub_core_946ad3835c6af00d	discovery	5	11	6	11	-52.5	+	AACAAG	1.6009409427642822
EMB_prokbert_C05	tjupan_bacillus_subtilis_main_3ab41c1b83ba019b	dbtbs_bsub_core_c956a5fd581ed80a	discovery	63	69	64	69	5.5	+	AATTGA	1.6013691425323486
EMB_prokbert_C05	tjupan_bacillus_subtilis_main_3c72a88384ee6013	tjupan_bacillus_subtilis_main_3c72a88384ee6013	discovery	41	47	42	47	-16.5	+	GACAAT	1.6020228862762451
EMB_prokbert_C05	tjupan_bacillus_subtilis_main_9c3cc423ec1465b1	dbtbs_bsub_core_9c3cc423ec1465b1	discovery	33	39	34	39	-24.5	+	AACAAA	1.6045844554901123
EMB_prokbert_C05	tjupan_bacillus_subtilis_main_4f4c3d5d96d18695	tjupan_bacillus_subtilis_main_4f4c3d5d96d18695	discovery	41	47	42	47	-16.5	+	CAAACA	1.606472134590149
EMB_prokbert_C05	tjupan_bacillus_subtilis_main_d497e040ececfdff	dbtbs_bsub_core_a797439cbe2b0d85	discovery	60	66	61	66	2.5	+	CAACAA	1.6067581176757812
EMB_prokbert_C05	tjupan_bacillus_subtilis_main_f09c3556dc31a575	dbtbs_bsub_core_f09c3556dc31a575	discovery	64	70	65	70	6.5	+	AGACAA	1.6077665090560913
EMB_prokbert_C05	tjupan_bacillus_subtilis_main_43fbda6e3c3abdae	dbtbs_bsub_core_c62c8589a5774a74	discovery	39	45	40	45	-18.5	+	AACGAA	1.611994743347168
EMB_prokbert_C05	tjupan_bacillus_subtilis_main_eb3c3d68906264b7	tjupan_bacillus_subtilis_main_eb3c3d68906264b7	discovery	29	35	30	35	-28.5	+	AAACAC	1.6127464771270752
EMB_prokbert_C05	tjupan_bacillus_subtilis_main_51e2f43063a3baab	tjupan_bacillus_subtilis_main_51e2f43063a3baab	discovery	55	61	56	61	-2.5	+	AAACTC	1.61381196975708
EMB_prokbert_C05	tjupan_bacillus_subtilis_main_50224837ca8eceb5	dbtbs_bsub_core_50224837ca8eceb5	discovery	68	74	69	74	10.5	+	CTAACA	1.614872932434082
EMB_prokbert_C05	tjupan_bacillus_subtilis_main_a43a1f032db2e49e	dbtbs_bsub_core_872c1380ac7bb81f	discovery	31	37	32	37	-26.5	+	TAACAA	1.6150295734405518
EMB_prokbert_C05	tjupan_bacillus_subtilis_main_e66d1eb3358cf03d	dbtbs_bsub_core_601150b85493a7a1	discovery	24	30	25	30	-33.5	+	AAGCAC	1.6153122186660767
EMB_prokbert_C05	tjupan_bacillus_subtilis_main_a032a3114b7dbf1c	dbtbs_bsub_core_a032a3114b7dbf1c	discovery	27	33	28	33	-30.5	+	TAAACA	1.6238200664520264
EMB_prokbert_C05	tjupan_bacillus_subtilis_main_1f2ca280ccaab774	tjupan_bacillus_subtilis_main_1f2ca280ccaab774	discovery	63	69	64	69	5.5	+	CATCAA	1.6269484758377075
EMB_prokbert_C05	tjupan_bacillus_subtilis_main_a1ad6ce2d20c389b	dbtbs_bsub_core_539bc60476254ff5	discovery	34	40	35	40	-23.5	+	CAACAG	1.63069486618042
EMB_prokbert_C05	tjupan_bacillus_subtilis_main_0acb3976b9331524	tjupan_bacillus_subtilis_main_0acb3976b9331524	discovery	51	57	52	57	-6.5	+	TTACAA	1.631036639213562
EMB_prokbert_C05	tjupan_bacillus_subtilis_main_61d216a2a24189d0	dbtbs_bsub_core_61d216a2a24189d0	discovery	15	21	16	21	-42.5	+	GCAAGT	1.6344512701034546
EMB_prokbert_C05	tjupan_bacillus_subtilis_main_d03161002d7a6f34	dbtbs_bsub_core_11066f3e95c7986c	discovery	62	68	63	68	4.5	+	AAACAC	1.6368577480316162
EMB_prokbert_C05	tjupan_bacillus_subtilis_main_20bbba0ce59de449	dbtbs_bsub_core_20bbba0ce59de449	discovery	11	17	12	17	-46.5	+	AAACGC	1.6400177478790283
EMB_prokbert_C05	tjupan_bacillus_subtilis_main_9f03f134e6b67be2	tjupan_bacillus_subtilis_main_9f03f134e6b67be2	discovery	45	51	46	51	-12.5	+	AGAACA	1.641278862953186
EMB_prokbert_C05	tjupan_bacillus_subtilis_main_ba2dc8596ef2486c	dbtbs_bsub_core_ba2dc8596ef2486c	discovery	50	56	51	56	-7.5	+	TAAACA	1.6441128253936768
EMB_prokbert_C05	tjupan_bacillus_subtilis_main_fea876b7208e46e3	dbtbs_bsub_core_fea876b7208e46e3	discovery	19	25	20	25	-38.5	+	AACCAT	1.6451199054718018
EMB_prokbert_C05	tjupan_bacillus_subtilis_main_c204793b69b45448	dbtbs_bsub_core_c204793b69b45448	discovery	64	70	65	70	6.5	+	AGCAAC	1.646073818206787
EMB_prokbert_C05	tjupan_bacillus_subtilis_main_de399adaaafe5be7	dbtbs_bsub_core_f1028676a1f89b0e	discovery	12	18	13	18	-45.5	+	AGAACA	1.6465972661972046
EMB_prokbert_C05	tjupan_bacillus_subtilis_main_f3423ecbff5b6537	dbtbs_bsub_core_dc8c32e7cfbca6d1	discovery	25	31	26	31	-32.5	+	TGACAA	1.6514607667922974
EMB_prokbert_C05	tjupan_bacillus_subtilis_main_adff0049bb8c9b3f	tjupan_bacillus_subtilis_main_adff0049bb8c9b3f	discovery	60	66	61	66	2.5	+	AAACAA	1.6551690101623535
EMB_prokbert_C05	tjupan_bacillus_subtilis_main_3b9d28ffe489c3c7	dbtbs_bsub_core_260ddc8adeedb788	discovery	32	38	33	38	-25.5	+	AAACCA	1.656578779220581
EMB_prokbert_C05	tjupan_bacillus_subtilis_main_ad5b6a3a851181b1	dbtbs_bsub_core_ad5b6a3a851181b1	discovery	67	73	68	73	9.5	+	AACAAA	1.6623660326004028
EMB_prokbert_C05	tjupan_bacillus_subtilis_main_49d5f09ecdaa68d2	dbtbs_bsub_core_2fc6766ca8c365d3	discovery	5	11	6	11	-52.5	+	GAACAG	1.6632801294326782
EMB_prokbert_C05	tjupan_bacillus_subtilis_main_54fd4c2966482e2c	dbtbs_bsub_core_ba3becfc7c3e4e17	discovery	63	69	64	69	5.5	+	GAAAAC	1.6648072004318237
EMB_prokbert_C05	tjupan_bacillus_subtilis_main_e8dca4769e2e29bc	dbtbs_bsub_core_b8b8ac7ece3bed55	discovery	31	37	32	37	-26.5	+	ACAAAG	1.6660640239715576
EMB_prokbert_C05	tjupan_bacillus_subtilis_main_59b38cd2f2ea112d	dbtbs_bsub_core_59b38cd2f2ea112d	discovery	36	42	37	42	-21.5	+	AGGACA	1.6698192358016968
EMB_prokbert_C05	tjupan_bacillus_subtilis_main_1478640e036e0224	dbtbs_bsub_core_1478640e036e0224	discovery	14	20	15	20	-43.5	+	CCAAGA	1.6705164909362793
EMB_prokbert_C05	tjupan_bacillus_subtilis_main_4d08fa1f606ad269	tjupan_bacillus_subtilis_main_4d08fa1f606ad269	discovery	14	20	15	20	-43.5	+	ACAAAA	1.6709212064743042
EMB_prokbert_C05	tjupan_bacillus_subtilis_main_35bf7199ae44b70c	dbtbs_bsub_core_35bf7199ae44b70c	discovery	73	79	74	79	15.5	+	GAAACA	1.6711492538452148
EMB_prokbert_C05	tjupan_bacillus_subtilis_main_4e48cd3162b15e74	tjupan_bacillus_subtilis_main_4e48cd3162b15e74	discovery	60	66	61	66	2.5	+	AAACAA	1.6715117692947388
EMB_prokbert_C05	tjupan_bacillus_subtilis_main_fb689c0625deec2e	dbtbs_bsub_core_bf9535fab79dbf8f	discovery	32	38	33	38	-25.5	+	ACAAAT	1.671570897102356
EMB_prokbert_C05	tjupan_bacillus_subtilis_main_82e1287a21b69715	dbtbs_bsub_core_82e1287a21b69715	discovery	45	51	46	51	-12.5	+	AACAAT	1.6740161180496216
EMB_prokbert_C05	tjupan_bacillus_subtilis_main_acb860b1f6674578	dbtbs_bsub_core_f1e6e06788e9c9fd	discovery	20	26	21	26	-37.5	+	AAACAA	1.6764400005340576
EMB_prokbert_C05	tjupan_bacillus_subtilis_main_834e21e1951468f3	tjupan_bacillus_subtilis_main_834e21e1951468f3	discovery	27	33	28	33	-30.5	+	TGAAAC	1.6793514490127563
EMB_prokbert_C05	tjupan_bacillus_subtilis_main_3270409c742f3314	dbtbs_bsub_core_edd6f2ee95c58508	discovery	42	48	43	48	-15.5	+	AGAAAC	1.680656909942627
EMB_prokbert_C05	tjupan_bacillus_subtilis_main_c7c68e6fe4d84a02	tjupan_bacillus_subtilis_main_c7c68e6fe4d84a02	discovery	46	52	47	52	-11.5	+	CAAACG	1.6821959018707275
EMB_prokbert_C05	tjupan_bacillus_subtilis_main_ed12f07c80365cbc	dbtbs_bsub_core_09dd4c8ba7bc09c6	discovery	41	47	42	47	-16.5	+	ACAAGG	1.6831616163253784
EMB_prokbert_C05	tjupan_bacillus_subtilis_main_1db11a6d86ff5865	tjupan_bacillus_subtilis_main_1db11a6d86ff5865	discovery	62	68	63	68	4.5	+	AACAAG	1.6841872930526733
EMB_prokbert_C05	tjupan_bacillus_subtilis_main_4cf64b5587e1d04e	dbtbs_bsub_core_4cf64b5587e1d04e	discovery	59	65	60	65	1.5	+	AGAAAC	1.6867159605026245
EMB_prokbert_C05	tjupan_bacillus_subtilis_main_71eaf5cbf249113b	dbtbs_bsub_core_71eaf5cbf249113b	discovery	18	24	19	24	-39.5	+	AACAAT	1.693560242652893
EMB_prokbert_C05	tjupan_bacillus_subtilis_main_77dc78ed29025116	dbtbs_bsub_core_77dc78ed29025116	discovery	60	66	61	66	2.5	+	GAACAG	1.6943904161453247
EMB_prokbert_C05	tjupan_bacillus_subtilis_main_14a46634ed7dcff0	tjupan_bacillus_subtilis_main_14a46634ed7dcff0	discovery	41	47	42	47	-16.5	+	CAACAG	1.6960564851760864
EMB_prokbert_C05	tjupan_bacillus_subtilis_main_88d6ae8ec11f6e65	tjupan_bacillus_subtilis_main_88d6ae8ec11f6e65	discovery	31	37	32	37	-26.5	+	AAACAA	1.6975172758102417
EMB_prokbert_C05	tjupan_bacillus_subtilis_main_f1fe1806a852fcba	dbtbs_bsub_core_f1fe1806a852fcba	discovery	65	71	66	71	7.5	+	TGAAAC	1.6991422176361084
EMB_prokbert_C05	tjupan_bacillus_subtilis_main_67a9ae83c973a42d	tjupan_bacillus_subtilis_main_67a9ae83c973a42d	discovery	56	62	57	62	-1.5	+	CAAATA	1.701271414756775
EMB_prokbert_C05	tjupan_bacillus_subtilis_main_57cb99253c19d2b6	tjupan_bacillus_subtilis_main_57cb99253c19d2b6	discovery	24	30	25	30	-33.5	+	TACAAG	1.7019413709640503
EMB_prokbert_C05	tjupan_bacillus_subtilis_main_e62d7e001687b19a	tjupan_bacillus_subtilis_main_e62d7e001687b19a	discovery	3	9	4	9	-54.5	+	AAACAT	1.704785943031311
EMB_prokbert_C05	tjupan_bacillus_subtilis_main_342a4291e30f5e80	dbtbs_bsub_core_342a4291e30f5e80	discovery	12	18	13	18	-45.5	+	ACAAAA	1.7056891918182373
EMB_prokbert_C05	tjupan_bacillus_subtilis_main_8b776572d2e01c62	dbtbs_bsub_core_6736f212a82e3343	discovery	9	15	10	15	-48.5	+	CACAAA	1.7057627439498901
EMB_prokbert_C05	tjupan_bacillus_subtilis_main_3be839d09df1dbe1	dbtbs_bsub_core_3be839d09df1dbe1	discovery	55	61	56	61	-2.5	+	AGAACA	1.707087516784668
EMB_prokbert_C05	tjupan_bacillus_subtilis_main_41b76e09c674d652	dbtbs_bsub_core_41b76e09c674d652	discovery	38	44	39	44	-19.5	+	TGAACC	1.7094007730484009
EMB_prokbert_C05	tjupan_bacillus_subtilis_main_3eab38fdf3061b6a	tjupan_bacillus_subtilis_main_3eab38fdf3061b6a	discovery	4	10	5	10	-53.5	+	CGCAAC	1.7099932432174683
EMB_prokbert_C05	tjupan_bacillus_subtilis_main_ff1b0f332755e37b	dbtbs_bsub_core_710c0cbad80c03b6	discovery	54	60	55	60	-3.5	+	GAAACA	1.710450291633606
EMB_prokbert_C05	tjupan_bacillus_subtilis_main_ca7144caa797f7bc	dbtbs_bsub_core_ca7144caa797f7bc	discovery	14	20	15	20	-43.5	+	CAAGAC	1.7128992080688477
EMB_prokbert_C05	tjupan_bacillus_subtilis_main_32aff5c8192321bb	dbtbs_bsub_core_76636d30cbe1eec3	discovery	64	70	65	70	6.5	+	AAAACG	1.7144954204559326
EMB_prokbert_C05	tjupan_bacillus_subtilis_main_2c918744f6daf466	dbtbs_bsub_core_20f77243a5b2c4ab	discovery	27	33	28	33	-30.5	+	AAACCA	1.7151484489440918
EMB_prokbert_C05	tjupan_bacillus_subtilis_main_b790c6b12a43a7c6	tjupan_bacillus_subtilis_main_b790c6b12a43a7c6	discovery	33	39	34	39	-24.5	+	AACAAT	1.7175443172454834
EMB_prokbert_C05	tjupan_bacillus_subtilis_main_e9623f8193af34e0	dbtbs_bsub_core_e9623f8193af34e0	discovery	6	12	7	12	-51.5	+	GGAACC	1.7181187868118286
EMB_prokbert_C05	tjupan_bacillus_subtilis_main_c180878a6f782e9f	dbtbs_bsub_core_c180878a6f782e9f	discovery	67	73	68	73	9.5	+	CAAAGA	1.7186110019683838
EMB_prokbert_C05	tjupan_bacillus_subtilis_main_5e3ef261f40425ef	tjupan_bacillus_subtilis_main_5e3ef261f40425ef	discovery	36	42	37	42	-21.5	+	GAAACT	1.7222568988800049
EMB_prokbert_C05	tjupan_bacillus_subtilis_main_1a8b81622422b81c	dbtbs_bsub_core_045e4f174337aedd	discovery	10	16	11	16	-47.5	+	GACAAC	1.722731590270996
EMB_prokbert_C05	tjupan_bacillus_subtilis_main_636c41b820e9fd5d	tjupan_bacillus_subtilis_main_636c41b820e9fd5d	discovery	71	77	72	77	13.5	+	AAAGAC	1.7246248722076416
EMB_prokbert_C05	tjupan_bacillus_subtilis_main_216653931b9dfc0d	tjupan_bacillus_subtilis_main_216653931b9dfc0d	discovery	58	64	59	64	0.5	+	GTCAAC	1.7262763977050781
EMB_prokbert_C05	tjupan_bacillus_subtilis_main_202644f8a02efab9	dbtbs_bsub_core_f4d81ad6a0709a55	discovery	61	67	62	67	3.5	+	AAGTTC	1.7266159057617188
EMB_prokbert_C05	tjupan_bacillus_subtilis_main_ecef2875a7a372ba	dbtbs_bsub_core_ecef2875a7a372ba	discovery	58	64	59	64	0.5	+	TAACAG	1.7273027896881104
EMB_prokbert_C05	tjupan_bacillus_subtilis_main_b7240ec09f994729	dbtbs_bsub_core_6cadf10f2f906812	discovery	14	20	15	20	-43.5	+	CAAAAC	1.7274999618530273
EMB_prokbert_C05	tjupan_bacillus_subtilis_main_550b125b16dc206e	dbtbs_bsub_core_2ab03862f0e9dd2f	discovery	66	72	67	72	8.5	+	GTCAAA	1.7295113801956177
EMB_prokbert_C05	tjupan_bacillus_subtilis_main_796368712c0cdecb	tjupan_bacillus_subtilis_main_796368712c0cdecb	discovery	42	48	43	48	-15.5	+	CATAAA	1.7300676107406616
EMB_prokbert_C05	tjupan_bacillus_subtilis_main_3c97e9436cb369c2	dbtbs_bsub_core_6dc10c0d490555ae	discovery	63	69	64	69	5.5	+	AGAACA	1.7315564155578613
EMB_prokbert_C05	tjupan_bacillus_subtilis_main_2a051d7d075d7920	tjupan_bacillus_subtilis_main_2a051d7d075d7920	discovery	35	41	36	41	-22.5	+	GAAAAC	1.7333728075027466
EMB_prokbert_C05	tjupan_bacillus_subtilis_main_84e6c8375d18dc47	tjupan_bacillus_subtilis_main_84e6c8375d18dc47	discovery	58	64	59	64	0.5	+	TCACAA	1.7335432767868042
EMB_prokbert_C05	tjupan_bacillus_subtilis_main_3eb701a469cb4095	tjupan_bacillus_subtilis_main_3eb701a469cb4095	discovery	29	35	30	35	-28.5	+	ACAACA	1.7336399555206299
EMB_prokbert_C05	tjupan_bacillus_subtilis_main_80add31ceb4a1382	tjupan_bacillus_subtilis_main_80add31ceb4a1382	discovery	22	28	23	28	-35.5	+	ACAAAA	1.7366774082183838
EMB_prokbert_C05	tjupan_bacillus_subtilis_main_0f3eb3e9a9977e6d	tjupan_bacillus_subtilis_main_0f3eb3e9a9977e6d	discovery	69	75	70	75	11.5	+	TACCAA	1.737115740776062
EMB_prokbert_C05	tjupan_bacillus_subtilis_main_a43c85166b962f37	dbtbs_bsub_core_47d2cdeb8a491885	discovery	56	62	57	62	-1.5	+	AACCAG	1.74342679977417
EMB_prokbert_C05	tjupan_bacillus_subtilis_main_972c682163779595	dbtbs_bsub_core_6e525afed4c0ab9e	discovery	59	65	60	65	1.5	+	AACAGA	1.7436363697052002
EMB_prokbert_C05	tjupan_bacillus_subtilis_main_c9bc5ed233eba13a	tjupan_bacillus_subtilis_main_c9bc5ed233eba13a	discovery	5	11	6	11	-52.5	+	AAACCA	1.7437635660171509
EMB_prokbert_C05	tjupan_bacillus_subtilis_main_06d485c4aaa12e15	dbtbs_bsub_core_06d485c4aaa12e15	discovery	15	21	16	21	-42.5	+	AAAACA	1.7459763288497925
EMB_prokbert_C05	tjupan_bacillus_subtilis_main_dcef15bdfb353954	dbtbs_bsub_core_dcef15bdfb353954	discovery	9	15	10	15	-48.5	+	AGACAA	1.7486112117767334
EMB_prokbert_C05	tjupan_bacillus_subtilis_main_ad6e1b40396f6528	dbtbs_bsub_core_ad6e1b40396f6528	discovery	59	65	60	65	1.5	+	TCAAAG	1.7508716583251953
EMB_prokbert_C05	tjupan_bacillus_subtilis_main_3ac22b11e92c0ec1	tjupan_bacillus_subtilis_main_3ac22b11e92c0ec1	discovery	19	25	20	25	-38.5	+	AAAGAC	1.7516158819198608
EMB_prokbert_C05	tjupan_bacillus_subtilis_main_e28ceade6e8616fa	dbtbs_bsub_core_9b12482ac6eea2d4	discovery	60	66	61	66	2.5	+	AAGAAC	1.75309157371521
EMB_prokbert_C05	tjupan_bacillus_subtilis_main_6514a11d381455ae	tjupan_bacillus_subtilis_main_6514a11d381455ae	discovery	56	62	57	62	-1.5	+	CACAAG	1.7543145418167114
EMB_prokbert_C05	tjupan_bacillus_subtilis_main_8b7394af6b78d50f	dbtbs_bsub_core_c890b4346c03f247	discovery	29	35	30	35	-28.5	+	CATCAA	1.7545292377471924
EMB_prokbert_C05	tjupan_bacillus_subtilis_main_5a860caea8fc814c	tjupan_bacillus_subtilis_main_5a860caea8fc814c	discovery	19	25	20	25	-38.5	+	GAAACG	1.7592054605484009
EMB_prokbert_C05	tjupan_bacillus_subtilis_main_92b62a9d8d87ace9	dbtbs_bsub_core_92b62a9d8d87ace9	discovery	50	56	51	56	-7.5	+	AAATAC	1.759588360786438
EMB_prokbert_C05	tjupan_bacillus_subtilis_main_a9fde0fdd238b261	dbtbs_bsub_core_06588c97cd7288a8	discovery	65	71	66	71	7.5	+	ACCGTC	1.76863431930542
EMB_prokbert_C05	tjupan_bacillus_subtilis_main_66bdec0f6e49230b	dbtbs_bsub_core_66bdec0f6e49230b	discovery	24	30	25	30	-33.5	+	AATGAA	1.7718465328216553
EMB_prokbert_C05	tjupan_bacillus_subtilis_main_32548c7fec9dc4f2	dbtbs_bsub_core_32548c7fec9dc4f2	discovery	47	53	48	53	-10.5	+	CAAACG	1.77218759059906
EMB_prokbert_C05	tjupan_bacillus_subtilis_main_43596a46e3e4ddaa	tjupan_bacillus_subtilis_main_43596a46e3e4ddaa	discovery	60	66	61	66	2.5	+	GACAAG	1.7731033563613892
EMB_prokbert_C05	tjupan_bacillus_subtilis_main_ff62fa3227cb3ab1	dbtbs_bsub_core_f748f853b4ec2056	discovery	53	59	54	59	-4.5	+	AGCAAC	1.7755179405212402
EMB_prokbert_C05	tjupan_bacillus_subtilis_main_52fe6822c9d74b50	tjupan_bacillus_subtilis_main_52fe6822c9d74b50	discovery	16	22	17	22	-41.5	+	CAAACA	1.7759456634521484
EMB_prokbert_C05	tjupan_bacillus_subtilis_main_c2d54a415a7d048a	dbtbs_bsub_core_c2d54a415a7d048a	discovery	27	33	28	33	-30.5	+	GAAACA	1.7821382284164429
EMB_prokbert_C05	tjupan_bacillus_subtilis_main_fe2a626ec63a594e	dbtbs_bsub_core_abc060d81660f90c	discovery	59	65	60	65	1.5	+	CAACCA	1.78325355052948
EMB_prokbert_C05	tjupan_bacillus_subtilis_main_2c8e4076a462c87c	dbtbs_bsub_core_2c8e4076a462c87c	discovery	69	75	70	75	11.5	+	AGAACG	1.7848314046859741
EMB_prokbert_C05	tjupan_bacillus_subtilis_main_50a7bea74c679f62	tjupan_bacillus_subtilis_main_50a7bea74c679f62	discovery	6	12	7	12	-51.5	+	ACAAAG	1.7906968593597412
EMB_prokbert_C05	tjupan_bacillus_subtilis_main_b2e461bb3b5d3d88	dbtbs_bsub_core_b2e461bb3b5d3d88	discovery	19	25	20	25	-38.5	+	TCAAAA	1.7908157110214233
EMB_prokbert_C05	tjupan_bacillus_subtilis_main_2b799cc13a596bcd	tjupan_bacillus_subtilis_main_2b799cc13a596bcd	discovery	63	69	64	69	5.5	+	AATTCA	1.7927042245864868
EMB_prokbert_C05	tjupan_bacillus_subtilis_main_56bd9deba3d3b9f9	dbtbs_bsub_core_5dd7cccc54d589c3	discovery	5	11	6	11	-52.5	+	AAAATC	1.8023796081542969
EMB_prokbert_C05	tjupan_bacillus_subtilis_main_2a3c695bd1a0b4c9	tjupan_bacillus_subtilis_main_2a3c695bd1a0b4c9	discovery	58	64	59	64	0.5	+	ACAGAA	1.8071057796478271
EMB_prokbert_C05	tjupan_bacillus_subtilis_main_8f7d87652de79d90	dbtbs_bsub_core_8f7d87652de79d90	discovery	73	79	74	79	15.5	+	TAACAA	1.8135854005813599
EMB_prokbert_C05	tjupan_bacillus_subtilis_main_91197a052a9adc5b	tjupan_bacillus_subtilis_main_91197a052a9adc5b	discovery	32	38	33	38	-25.5	+	GACAAC	1.816329836845398
EMB_prokbert_C05	tjupan_bacillus_subtilis_main_45683747106d08bd	tjupan_bacillus_subtilis_main_45683747106d08bd	discovery	5	11	6	11	-52.5	+	GAACAA	1.8165241479873657
EMB_prokbert_C05	tjupan_bacillus_subtilis_main_e326833d29b8752f	dbtbs_bsub_core_e326833d29b8752f	discovery	30	36	31	36	-27.5	+	ACGAAG	1.816580057144165
EMB_prokbert_C05	tjupan_bacillus_subtilis_main_0261e5d9e5354132	tjupan_bacillus_subtilis_main_0261e5d9e5354132	discovery	62	68	63	68	4.5	+	CAAACA	1.8185430765151978
EMB_prokbert_C05	tjupan_bacillus_subtilis_main_5f8b6936b2e52932	tjupan_bacillus_subtilis_main_5f8b6936b2e52932	discovery	72	78	73	78	14.5	+	AAGACA	1.820075273513794
EMB_prokbert_C05	tjupan_bacillus_subtilis_main_8a4a22c637647f42	dbtbs_bsub_core_8a4a22c637647f42	discovery	69	75	70	75	11.5	+	TAAACA	1.8216367959976196
EMB_prokbert_C05	tjupan_bacillus_subtilis_main_3ed5570d9bd715ae	dbtbs_bsub_core_0561dd78dc44b145	discovery	38	44	39	44	-19.5	+	GAAACC	1.8220211267471313
EMB_prokbert_C05	tjupan_bacillus_subtilis_main_d9cd9789d0fb01a3	dbtbs_bsub_core_c190339743385950	discovery	49	55	50	55	-8.5	+	GACAAA	1.8259209394454956
EMB_prokbert_C05	tjupan_bacillus_subtilis_main_ade9dc791ab39f6c	dbtbs_bsub_core_ade9dc791ab39f6c	discovery	67	73	68	73	9.5	+	CTCAAA	1.827019214630127
EMB_prokbert_C05	tjupan_bacillus_subtilis_main_ba49f50d8b0af1c7	dbtbs_bsub_core_8a4a22c637647f42	discovery	70	76	71	76	12.5	+	TAAACA	1.8312138319015503
EMB_prokbert_C05	tjupan_bacillus_subtilis_main_b7c0eae7293a1bfc	dbtbs_bsub_core_0bfdb592513badc4	discovery	40	46	41	46	-17.5	+	AACCAA	1.831882119178772
EMB_prokbert_C05	tjupan_bacillus_subtilis_main_6f408d5e786e413f	dbtbs_bsub_core_6f408d5e786e413f	discovery	61	67	62	67	3.5	+	GAACAA	1.8355681896209717
EMB_prokbert_C05	tjupan_bacillus_subtilis_main_f5fed123a3ffd242	dbtbs_bsub_core_f5fed123a3ffd242	discovery	34	40	35	40	-23.5	+	AAGAAC	1.8382408618927002
EMB_prokbert_C05	tjupan_bacillus_subtilis_main_5ccaab5adb962b3d	dbtbs_bsub_core_483b39fd11d75b28	discovery	72	78	73	78	14.5	+	TTACAA	1.8390657901763916
EMB_prokbert_C05	tjupan_bacillus_subtilis_main_4fa5d89620e7d8ce	dbtbs_bsub_core_5eb05bc57612da6d	discovery	37	43	38	43	-20.5	+	AAACAA	1.8399866819381714
EMB_prokbert_C05	tjupan_bacillus_subtilis_main_9ab6c96db0706f0e	dbtbs_bsub_core_c190339743385950	discovery	43	49	44	49	-14.5	+	GACAAA	1.8419173955917358
EMB_prokbert_C05	tjupan_bacillus_subtilis_main_8e892e5639ef0ac1	dbtbs_bsub_core_d25c674b3a14df1a	discovery	19	25	20	25	-38.5	+	CAAACA	1.8449796438217163
EMB_prokbert_C05	tjupan_bacillus_subtilis_main_238ba8da2c883516	dbtbs_bsub_core_238ba8da2c883516	discovery	17	23	18	23	-40.5	+	TAAACA	1.8456486463546753
EMB_prokbert_C05	tjupan_bacillus_subtilis_main_1b0cfe46f303d3fa	dbtbs_bsub_core_56695775e253190c	discovery	54	60	55	60	-3.5	+	TAACAG	1.8540929555892944
EMB_prokbert_C05	tjupan_bacillus_subtilis_main_754ac4e873f6c24d	tjupan_bacillus_subtilis_main_754ac4e873f6c24d	discovery	27	33	28	33	-30.5	+	CCATTA	1.8574848175048828
EMB_prokbert_C05	tjupan_bacillus_subtilis_main_b11aff47b9c426f3	dbtbs_bsub_core_b11aff47b9c426f3	discovery	44	50	45	50	-13.5	+	GGAAAC	1.858739972114563
EMB_prokbert_C05	tjupan_bacillus_subtilis_main_c229c4b94f6591ae	tjupan_bacillus_subtilis_main_c229c4b94f6591ae	discovery	74	80	75	80	16.5	+	AAACAA	1.8628458976745605
EMB_prokbert_C05	tjupan_bacillus_subtilis_main_549e9d5c7cb67860	dbtbs_bsub_core_1a44bafede819df1	discovery	5	11	6	11	-52.5	+	GCAAAC	1.8659396171569824
EMB_prokbert_C05	tjupan_bacillus_subtilis_main_8bf0684d999843b1	dbtbs_bsub_core_8bf0684d999843b1	discovery	47	53	48	53	-10.5	+	GAACAA	1.8680733442306519
EMB_prokbert_C05	tjupan_bacillus_subtilis_main_be897b68bd393df0	dbtbs_bsub_core_be897b68bd393df0	discovery	17	23	18	23	-40.5	+	AACAGT	1.8689334392547607
EMB_prokbert_C05	tjupan_bacillus_subtilis_main_9c67a769132d62d8	dbtbs_bsub_core_1373e064636d6c9b	discovery	5	11	6	11	-52.5	+	CACCAA	1.869566559791565
EMB_prokbert_C05	tjupan_bacillus_subtilis_main_ec009cfbae4f5210	dbtbs_bsub_core_ec009cfbae4f5210	discovery	43	49	44	49	-14.5	+	AGGAAT	1.8743036985397339
EMB_prokbert_C05	tjupan_bacillus_subtilis_main_d1b10b64ac040b8c	dbtbs_bsub_core_3a6c62def340fb72	discovery	37	43	38	43	-20.5	+	GACCAA	1.87556791305542
EMB_prokbert_C05	tjupan_bacillus_subtilis_main_c5aa2a2f04401e51	tjupan_bacillus_subtilis_main_c5aa2a2f04401e51	discovery	52	58	53	58	-5.5	+	CAATAA	1.8775142431259155
EMB_prokbert_C05	tjupan_bacillus_subtilis_main_1dc2eb4818f9715a	dbtbs_bsub_core_1dc2eb4818f9715a	discovery	59	65	60	65	1.5	+	AGTACC	1.8788905143737793
EMB_prokbert_C05	tjupan_bacillus_subtilis_main_4fc356ae4cdf5a10	dbtbs_bsub_core_89ad3abb800dad9f	discovery	7	13	8	13	-50.5	+	AACAAA	1.881905198097229
EMB_prokbert_C05	tjupan_bacillus_subtilis_main_89f3272bd34ff475	tjupan_bacillus_subtilis_main_89f3272bd34ff475	discovery	32	38	33	38	-25.5	+	AGCAGA	1.8828682899475098
EMB_prokbert_C05	tjupan_bacillus_subtilis_main_76909c0ebd8db916	dbtbs_bsub_core_d5153844984277ea	discovery	59	65	60	65	1.5	+	CAGAAA	1.8857120275497437
EMB_prokbert_C05	tjupan_bacillus_subtilis_main_666dd7e391a36890	dbtbs_bsub_core_666dd7e391a36890	discovery	34	40	35	40	-23.5	+	AACTGA	1.8869965076446533
EMB_prokbert_C05	tjupan_bacillus_subtilis_main_60ee42342c88d235	tjupan_bacillus_subtilis_main_60ee42342c88d235	discovery	70	76	71	76	12.5	+	GAACGT	1.8885629177093506
EMB_prokbert_C05	tjupan_bacillus_subtilis_main_213d453c1e49e371	tjupan_bacillus_subtilis_main_213d453c1e49e371	discovery	30	36	31	36	-27.5	+	AACCTG	1.8918142318725586
EMB_prokbert_C05	tjupan_bacillus_subtilis_main_cb2c7c4f94201384	tjupan_bacillus_subtilis_main_cb2c7c4f94201384	discovery	11	17	12	17	-46.5	+	CAAAAC	1.8956787586212158
EMB_prokbert_C05	tjupan_bacillus_subtilis_main_a2cd64f7b02e9630	tjupan_bacillus_subtilis_main_a2cd64f7b02e9630	discovery	66	72	67	72	8.5	+	CTGAAA	1.8973381519317627
EMB_prokbert_C05	tjupan_bacillus_subtilis_main_b5cc4aad42c9a683	dbtbs_bsub_core_b5cc4aad42c9a683	discovery	55	61	56	61	-2.5	+	AATTCA	1.8980395793914795
EMB_prokbert_C05	tjupan_bacillus_subtilis_main_729454a84a667dd8	dbtbs_bsub_core_729454a84a667dd8	discovery	21	27	22	27	-36.5	+	GAAACA	1.9042096138000488
EMB_prokbert_C05	tjupan_bacillus_subtilis_main_f04c569125ce3afa	dbtbs_bsub_core_85a34ab094cb765f	discovery	63	69	64	69	5.5	+	TACAGA	1.91385018825531
EMB_prokbert_C05	tjupan_bacillus_subtilis_main_e9d365c0dda7757e	tjupan_bacillus_subtilis_main_e9d365c0dda7757e	discovery	56	62	57	62	-1.5	+	TACCAA	1.920774221420288
EMB_prokbert_C05	tjupan_bacillus_subtilis_main_db51f0e14ca9b6e9	tjupan_bacillus_subtilis_main_db51f0e14ca9b6e9	discovery	25	31	26	31	-32.5	+	GTGAAA	1.9298512935638428
EMB_prokbert_C05	tjupan_bacillus_subtilis_main_b1dfffe50d4e7cba	dbtbs_bsub_core_6990407cd148d57b	discovery	30	36	31	36	-27.5	+	CCAAGA	1.9313119649887085
EMB_prokbert_C05	tjupan_bacillus_subtilis_main_0438d7b75e1f910f	dbtbs_bsub_core_975fc641de00609f	discovery	66	72	67	72	8.5	+	TCAAAC	1.938503384590149
EMB_prokbert_C05	tjupan_bacillus_subtilis_main_1dc6ad16ab0331f8	tjupan_bacillus_subtilis_main_1dc6ad16ab0331f8	discovery	22	28	23	28	-35.5	+	ACCTGA	1.9390718936920166
EMB_prokbert_C05	tjupan_bacillus_subtilis_main_ea59d0ddaaaaf005	dbtbs_bsub_core_ff8c346476498240	discovery	72	78	73	78	14.5	+	ACAAGT	1.9428963661193848
EMB_prokbert_C05	tjupan_bacillus_subtilis_main_2be0a0a038238614	tjupan_bacillus_subtilis_main_2be0a0a038238614	discovery	10	16	11	16	-47.5	+	AAACTT	1.9430269002914429
EMB_prokbert_C05	tjupan_bacillus_subtilis_main_583caee20795a363	dbtbs_bsub_core_eb847cafc60502c2	discovery	58	64	59	64	0.5	+	ACATCA	1.9501439332962036
EMB_prokbert_C05	tjupan_bacillus_subtilis_main_d9679a25a18d6da1	tjupan_bacillus_subtilis_main_c9bc5ed233eba13a	discovery	72	78	73	78	14.5	+	GTAACA	1.9565434455871582
EMB_prokbert_C05	tjupan_bacillus_subtilis_main_0e56c5fe6c5d0db0	dbtbs_bsub_core_cfddcd51a76889fd	discovery	13	19	14	19	-44.5	+	AACCGA	1.957297682762146
EMB_prokbert_C05	tjupan_bacillus_subtilis_main_412fe696982b64f9	dbtbs_bsub_core_412fe696982b64f9	discovery	51	57	52	57	-6.5	+	CTGAAC	1.958988904953003
EMB_prokbert_C05	tjupan_bacillus_subtilis_main_dc1d0e364ea2d865	tjupan_bacillus_subtilis_main_dc1d0e364ea2d865	discovery	68	74	69	74	10.5	+	TCAAGC	1.9641181230545044
EMB_prokbert_C05	tjupan_bacillus_subtilis_main_dc21315df009d1aa	dbtbs_bsub_core_4631e0ee0e2e12e5	discovery	66	72	67	72	8.5	+	AAACGG	1.9744842052459717
EMB_prokbert_C05	tjupan_bacillus_subtilis_main_b7c0b4323e70fc71	dbtbs_bsub_core_b7c0b4323e70fc71	discovery	26	32	27	32	-31.5	+	TGAAAC	1.9826778173446655
EMB_prokbert_C05	tjupan_bacillus_subtilis_main_c0aec64934968747	tjupan_bacillus_subtilis_main_c0aec64934968747	discovery	12	18	13	18	-45.5	+	AACGAA	1.9887670278549194
EMB_prokbert_C05	tjupan_bacillus_subtilis_main_f5b082fd616807b3	dbtbs_bsub_core_4e960695d4b362e6	discovery	28	34	29	34	-29.5	+	TGAAAC	1.9915595054626465
EMB_prokbert_C05	tjupan_bacillus_subtilis_main_89a40bf9e0650967	dbtbs_bsub_core_89a40bf9e0650967	discovery	67	73	68	73	9.5	+	AGTCAA	2.000214099884033
EMB_prokbert_C05	tjupan_bacillus_subtilis_main_ec2d75bce4a65abf	dbtbs_bsub_core_e3549a9c12f5ac55	discovery	68	74	69	74	10.5	+	AACAGT	2.002049446105957
EMB_prokbert_C05	tjupan_bacillus_subtilis_main_a7a45131c45395c8	dbtbs_bsub_core_a7a45131c45395c8	discovery	26	32	27	32	-31.5	+	AAAAGA	2.0053694248199463
EMB_prokbert_C05	tjupan_bacillus_subtilis_main_f05d30123c592277	dbtbs_bsub_core_f05d30123c592277	discovery	44	50	45	50	-13.5	+	TGTCAA	2.0070548057556152
EMB_prokbert_C05	tjupan_bacillus_subtilis_main_29dff321a99fa8a2	dbtbs_bsub_core_e964a63647aab2c6	discovery	35	41	36	41	-22.5	+	AAACGA	2.0073914527893066
EMB_prokbert_C05	tjupan_bacillus_subtilis_main_bdf5315a71015695	dbtbs_bsub_core_c94ae7322b918d76	discovery	40	46	41	46	-17.5	+	AAACAG	2.00931453704834
EMB_prokbert_C05	tjupan_bacillus_subtilis_main_9d34f9d9e0ee0e26	dbtbs_bsub_core_9d34f9d9e0ee0e26	discovery	57	63	58	63	-0.5	+	GGTAAC	2.0101919174194336
EMB_prokbert_C05	tjupan_bacillus_subtilis_main_f869091e55050110	tjupan_bacillus_subtilis_main_f869091e55050110	discovery	55	61	56	61	-2.5	+	TAAACG	2.0127222537994385
EMB_prokbert_C05	tjupan_bacillus_subtilis_main_ef6dc517178d6adf	dbtbs_bsub_core_ef6dc517178d6adf	discovery	8	14	9	14	-49.5	+	AGAACA	2.0134024620056152
EMB_prokbert_C05	tjupan_bacillus_subtilis_main_9a6d97baf1c02d30	dbtbs_bsub_core_9a6d97baf1c02d30	discovery	27	33	28	33	-30.5	+	GACAAA	2.0152883529663086
EMB_prokbert_C05	tjupan_bacillus_subtilis_main_2b17d905bac0c3bc	dbtbs_bsub_core_2b17d905bac0c3bc	discovery	6	12	7	12	-51.5	+	AGATCA	2.0231051445007324
EMB_prokbert_C05	tjupan_bacillus_subtilis_main_6361ce51efe0f541	dbtbs_bsub_core_b928ebfb52e4cb48	discovery	33	39	34	39	-24.5	+	GAAACG	2.023177146911621
EMB_prokbert_C05	tjupan_bacillus_subtilis_main_73a7b40a4dc814aa	dbtbs_bsub_core_bdba293c4926b88d	discovery	36	42	37	42	-21.5	+	AGACAG	2.0297658443450928
EMB_prokbert_C05	tjupan_bacillus_subtilis_main_a61c0978ae294759	tjupan_bacillus_subtilis_main_a61c0978ae294759	discovery	33	39	34	39	-24.5	+	AAACGA	2.030282497406006
EMB_prokbert_C05	tjupan_bacillus_subtilis_main_9361e0f82edaa017	tjupan_bacillus_subtilis_main_9361e0f82edaa017	discovery	13	19	14	19	-44.5	+	AATCAG	2.0502636432647705
EMB_prokbert_C05	tjupan_bacillus_subtilis_main_64dfe397c07a4656	dbtbs_bsub_core_99013d44fc3df9d1	discovery	26	32	27	32	-31.5	+	GTCAAA	2.05035138130188
EMB_prokbert_C05	tjupan_bacillus_subtilis_main_cd161e304d76229d	dbtbs_bsub_core_6d139485f356aaca	discovery	5	11	6	11	-52.5	+	AAAACG	2.051273822784424
EMB_prokbert_C05	tjupan_bacillus_subtilis_main_9990510225814384	tjupan_bacillus_subtilis_main_9990510225814384	discovery	73	79	74	79	15.5	+	ATCACA	2.05903697013855
EMB_prokbert_C05	tjupan_bacillus_subtilis_main_09deb32688bf8365	tjupan_bacillus_subtilis_main_09deb32688bf8365	discovery	27	33	28	33	-30.5	+	ACCAAG	2.0621631145477295
EMB_prokbert_C05	tjupan_bacillus_subtilis_main_6c11169e185f76df	dbtbs_bsub_core_6c11169e185f76df	discovery	22	28	23	28	-35.5	+	ACAGGT	2.068096876144409
EMB_prokbert_C05	tjupan_bacillus_subtilis_main_47a0d4425a7cca49	tjupan_bacillus_subtilis_main_47a0d4425a7cca49	discovery	40	46	41	46	-17.5	+	GAACAG	2.068540096282959
EMB_prokbert_C05	tjupan_bacillus_subtilis_main_2b2db3c55e03b737	dbtbs_bsub_core_9d26dfa3049d6f00	discovery	35	41	36	41	-22.5	+	GAACCC	2.0687286853790283
EMB_prokbert_C05	tjupan_bacillus_subtilis_main_ac1a0a0a579397f6	tjupan_bacillus_subtilis_main_ac1a0a0a579397f6	discovery	71	77	72	77	13.5	+	AAACAG	2.076392889022827
EMB_prokbert_C05	tjupan_bacillus_subtilis_main_256978383d162d01	dbtbs_bsub_core_256978383d162d01	discovery	0	6	1	6	-57.5	+	AACCAG	2.078221559524536
EMB_prokbert_C05	tjupan_bacillus_subtilis_main_e0774d83207a7dd7	dbtbs_bsub_core_2b17d905bac0c3bc	discovery	8	14	9	14	-49.5	+	GATCAA	2.081605911254883
EMB_prokbert_C05	tjupan_bacillus_subtilis_main_ae3d0ab77a583f3f	tjupan_bacillus_subtilis_main_ae3d0ab77a583f3f	discovery	24	30	25	30	-33.5	+	GAACAT	2.0876052379608154
EMB_prokbert_C05	tjupan_bacillus_subtilis_main_5787c658c95c4762	tjupan_bacillus_subtilis_main_5787c658c95c4762	discovery	15	21	16	21	-42.5	+	ACAATT	2.0973472595214844
EMB_prokbert_C05	tjupan_bacillus_subtilis_main_e4ca0c490585b644	tjupan_bacillus_subtilis_main_e4ca0c490585b644	discovery	73	79	74	79	15.5	+	CAACAG	2.101987600326538
EMB_prokbert_C05	tjupan_bacillus_subtilis_main_bba2e45eb636482b	dbtbs_bsub_core_bba2e45eb636482b	discovery	33	39	34	39	-24.5	+	CACAAT	2.102169990539551
EMB_prokbert_C05	tjupan_bacillus_subtilis_main_61c707ac72aeda97	tjupan_bacillus_subtilis_main_61c707ac72aeda97	discovery	49	55	50	55	-8.5	+	CACAAT	2.105146646499634
EMB_prokbert_C05	tjupan_bacillus_subtilis_main_a723fdca1013c0b5	dbtbs_bsub_core_a723fdca1013c0b5	discovery	30	36	31	36	-27.5	+	ATCCAA	2.1247079372406006
EMB_prokbert_C05	tjupan_bacillus_subtilis_main_962b839f321a2605	dbtbs_bsub_core_962b839f321a2605	discovery	10	16	11	16	-47.5	+	AAAACG	2.1300511360168457
EMB_prokbert_C05	tjupan_bacillus_subtilis_main_5e34c7286340c249	dbtbs_bsub_core_0fedc539a64a99b7	discovery	50	56	51	56	-7.5	+	CAAATA	2.1402432918548584
EMB_prokbert_C05	tjupan_bacillus_subtilis_main_982fa9762732f05a	tjupan_bacillus_subtilis_main_982fa9762732f05a	discovery	3	9	4	9	-54.5	+	CGAACC	2.1471059322357178
EMB_prokbert_C05	tjupan_bacillus_subtilis_main_272e2f2c83a48fab	dbtbs_bsub_core_272e2f2c83a48fab	discovery	26	32	27	32	-31.5	+	TGACAA	2.150869369506836
EMB_prokbert_C05	tjupan_bacillus_subtilis_main_1cd26aa95d9363dc	dbtbs_bsub_core_1cd26aa95d9363dc	discovery	59	65	60	65	1.5	+	TACACA	2.154310703277588
EMB_prokbert_C05	tjupan_bacillus_subtilis_main_7e538c30b860aa5a	tjupan_bacillus_subtilis_main_7e538c30b860aa5a	discovery	4	10	5	10	-53.5	+	ACCGAA	2.154402494430542
EMB_prokbert_C05	tjupan_bacillus_subtilis_main_4181c9b10d028c59	dbtbs_bsub_core_f859289dc167ed3a	discovery	26	32	27	32	-31.5	+	TGACAA	2.161449670791626
EMB_prokbert_C05	tjupan_bacillus_subtilis_main_8bde36b216b3390f	dbtbs_bsub_core_8bde36b216b3390f	discovery	43	49	44	49	-14.5	+	ACGAAC	2.1668429374694824
EMB_prokbert_C05	tjupan_bacillus_subtilis_main_691e7ded333dd616	dbtbs_bsub_core_691e7ded333dd616	discovery	9	15	10	15	-48.5	+	CAAACT	2.167102336883545
EMB_prokbert_C05	tjupan_bacillus_subtilis_main_c3fafc97a347852e	tjupan_bacillus_subtilis_main_c3fafc97a347852e	discovery	55	61	56	61	-2.5	+	AGACAA	2.1730282306671143
EMB_prokbert_C05	tjupan_bacillus_subtilis_main_487ce40a67c6d939	tjupan_bacillus_subtilis_main_487ce40a67c6d939	discovery	19	25	20	25	-38.5	+	GTCAAA	2.1739590167999268
EMB_prokbert_C05	tjupan_bacillus_subtilis_main_7bc9aa9d4ad371af	dbtbs_bsub_core_7bc9aa9d4ad371af	discovery	68	74	69	74	10.5	+	AAGTCA	2.1754493713378906
EMB_prokbert_C05	tjupan_bacillus_subtilis_main_8421a3506bc3ca2c	tjupan_bacillus_subtilis_main_8421a3506bc3ca2c	discovery	74	80	75	80	16.5	+	AACAGG	2.1755385398864746
EMB_prokbert_C05	tjupan_bacillus_subtilis_main_9571d32ab22eb9a0	dbtbs_bsub_core_9571d32ab22eb9a0	discovery	27	33	28	33	-30.5	+	GAAACC	2.1767942905426025
EMB_prokbert_C05	tjupan_bacillus_subtilis_main_2c9e8a462277f7da	dbtbs_bsub_core_f7573fed016c047b	discovery	1	7	2	7	-56.5	+	AACGAA	2.191059112548828
EMB_prokbert_C05	tjupan_bacillus_subtilis_main_ca7deec2e4330ae4	tjupan_bacillus_subtilis_main_ca7deec2e4330ae4	discovery	19	25	20	25	-38.5	+	AAACCT	2.192613124847412
EMB_prokbert_C05	tjupan_bacillus_subtilis_main_712069959cf7e3b2	dbtbs_bsub_core_be0e53c334974f0a	discovery	32	38	33	38	-25.5	+	GCAAAA	2.194835662841797
EMB_prokbert_C05	tjupan_bacillus_subtilis_main_f3b59cc74d659ebc	dbtbs_bsub_core_866d6e8af07c9412	discovery	37	43	38	43	-20.5	+	AAGAAC	2.194931983947754
EMB_prokbert_C05	tjupan_bacillus_subtilis_main_954287dc5b301340	tjupan_bacillus_subtilis_main_954287dc5b301340	discovery	73	79	74	79	15.5	+	TGAACA	2.203129768371582
EMB_prokbert_C05	tjupan_bacillus_subtilis_main_0ba2ad2fd14630a8	dbtbs_bsub_core_0ba2ad2fd14630a8	discovery	6	12	7	12	-51.5	+	ACTGTA	2.23854923248291
EMB_prokbert_C05	tjupan_bacillus_subtilis_main_0ad5dcad37f1ba39	dbtbs_bsub_core_712e4b81f6fdb41a	discovery	9	15	10	15	-48.5	+	CTTCAA	2.2418053150177
EMB_prokbert_C05	tjupan_bacillus_subtilis_main_ef1d1fbaad689e40	dbtbs_bsub_core_ef1d1fbaad689e40	discovery	5	11	6	11	-52.5	+	AAACTC	2.2445483207702637
EMB_prokbert_C05	tjupan_bacillus_subtilis_main_e95909bd7e136f46	dbtbs_bsub_core_426aaa712ced5536	discovery	68	74	69	74	10.5	+	CTTGAA	2.2522220611572266
EMB_prokbert_C05	tjupan_bacillus_subtilis_main_c3431646de80d63f	tjupan_bacillus_subtilis_main_c3431646de80d63f	discovery	10	16	11	16	-47.5	+	TACCAA	2.2587826251983643
EMB_prokbert_C05	tjupan_bacillus_subtilis_main_264ccaf63cfb1cfe	tjupan_bacillus_subtilis_main_264ccaf63cfb1cfe	discovery	15	21	16	21	-42.5	+	AACGGA	2.260745048522949
EMB_prokbert_C05	tjupan_bacillus_subtilis_main_7ac1767347438edd	dbtbs_bsub_core_5c6ce2f66e66fe9e	discovery	61	67	62	67	3.5	+	CTCAAA	2.263925552368164
EMB_prokbert_C05	tjupan_bacillus_subtilis_main_aded66fe8079e578	tjupan_bacillus_subtilis_main_aded66fe8079e578	discovery	65	71	66	71	7.5	+	AGGACA	2.2683563232421875
EMB_prokbert_C05	tjupan_bacillus_subtilis_main_13f211949a22c74a	dbtbs_bsub_core_bdbae944a25ddfff	discovery	7	13	8	13	-50.5	+	AAACCG	2.28084397315979
EMB_prokbert_C05	tjupan_bacillus_subtilis_main_a26ee3e07cf1eedf	dbtbs_bsub_core_a26ee3e07cf1eedf	discovery	34	40	35	40	-23.5	+	CGAAAC	2.328122138977051
EMB_prokbert_C05	tjupan_bacillus_subtilis_main_fae71e59d553e455	dbtbs_bsub_core_fae71e59d553e455	discovery	54	60	55	60	-3.5	+	AACAAA	2.366626262664795
EMB_prokbert_C05	tjupan_bacillus_subtilis_main_7a6037ae36a0870c	tjupan_bacillus_subtilis_main_7a6037ae36a0870c	discovery	20	26	21	26	-37.5	+	AAAACG	2.3895795345306396
EMB_prokbert_C05	tjupan_bacillus_subtilis_main_7ebbe970ac38b83d	dbtbs_bsub_core_5742761e1938e2d4	discovery	37	43	38	43	-20.5	+	AAAACC	2.3911643028259277
EMB_prokbert_C05	tjupan_bacillus_subtilis_main_8fa35d24a76b6d72	tjupan_bacillus_subtilis_main_8fa35d24a76b6d72	discovery	3	9	4	9	-54.5	+	GAAACG	2.4023048877716064
EMB_prokbert_C05	tjupan_bacillus_subtilis_main_2bdb32bb685dc1db	tjupan_bacillus_subtilis_main_2bdb32bb685dc1db	discovery	48	54	49	54	-9.5	+	GCAAAA	2.4121155738830566
EMB_prokbert_C05	tjupan_bacillus_subtilis_main_7c03938b389dc368	dbtbs_bsub_core_39e8d21f598046d9	discovery	18	24	19	24	-39.5	+	AAAGTC	2.426989793777466
EMB_prokbert_C05	tjupan_bacillus_subtilis_main_6901d7d50287d8c1	dbtbs_bsub_core_6901d7d50287d8c1	discovery	28	34	29	34	-29.5	+	AAACAG	2.463484764099121
EMB_prokbert_C05	tjupan_bacillus_subtilis_main_cf3def291394eeb9	tjupan_bacillus_subtilis_main_cf3def291394eeb9	discovery	2	8	3	8	-55.5	+	ACCAAA	2.5009894371032715
EMB_prokbert_C05	tjupan_bacillus_subtilis_main_78caf7680ac9ae4c	tjupan_bacillus_subtilis_main_78caf7680ac9ae4c	discovery	72	78	73	78	14.5	+	AAGACA	2.540545701980591
EMB_prokbert_C05	tjupan_bacillus_subtilis_main_5b5f9b9ad371b1b0	tjupan_bacillus_subtilis_main_5b5f9b9ad371b1b0	discovery	75	81	76	81	17.5	+	ACCGAA	2.568519115447998
EMB_prokbert_C05	tjupan_bacillus_subtilis_main_c12152f72b444aff	tjupan_bacillus_subtilis_main_c12152f72b444aff	discovery	61	67	62	67	3.5	+	GACGAA	2.6099681854248047
EMB_prokbert_C05	tjupan_bacillus_subtilis_main_b7d5a32e40c68782	tjupan_bacillus_subtilis_main_b7d5a32e40c68782	discovery	1	7	2	7	-56.5	+	AAGAAC	2.6150028705596924
EMB_prokbert_C05	tjupan_bacillus_subtilis_main_671ae756f8df7bca	dbtbs_bsub_core_340ffe292c28e826	discovery	46	52	47	52	-11.5	+	TGCAAA	2.615173101425171
EMB_prokbert_C05	tjupan_bacillus_subtilis_main_76885f00c763f220	dbtbs_bsub_core_07bcce23a89f64fb	discovery	17	23	18	23	-40.5	+	AAAACC	2.836148738861084
EMB_prokbert_C06	tjupan_bacillus_subtilis_main_2c8e4076a462c87c	dbtbs_bsub_core_2c8e4076a462c87c	discovery	64	70	65	70	6.5	+	TAATAA	0.822674572467804
EMB_prokbert_C06	tjupan_bacillus_subtilis_main_13f36fd95a25452a	tjupan_bacillus_subtilis_main_13f36fd95a25452a	discovery	53	59	54	59	-4.5	+	AATAAA	1.0654301643371582
EMB_prokbert_C06	tjupan_bacillus_subtilis_main_ff3d11f785ddd890	dbtbs_bsub_core_ff3d11f785ddd890	discovery	48	54	49	54	-9.5	+	TAAATA	1.076479196548462
EMB_prokbert_C06	tjupan_bacillus_subtilis_main_26786ec6f94b1750	dbtbs_bsub_core_26786ec6f94b1750	discovery	41	47	42	47	-16.5	+	ATAAAG	1.115303874015808
EMB_prokbert_C06	tjupan_bacillus_subtilis_main_3ec4c8abee3f7a8e	dbtbs_bsub_core_c18c3f10dff5c627	discovery	70	76	71	76	12.5	+	ATAAAG	1.1205111742019653
EMB_prokbert_C06	tjupan_bacillus_subtilis_main_3ed5570d9bd715ae	dbtbs_bsub_core_0561dd78dc44b145	discovery	9	15	10	15	-48.5	+	ATAGTA	1.1842608451843262
EMB_prokbert_C06	tjupan_bacillus_subtilis_main_901b18a9982b4e95	tjupan_bacillus_subtilis_main_901b18a9982b4e95	discovery	54	60	55	60	-3.5	+	AATAAA	1.2023850679397583
EMB_prokbert_C06	tjupan_bacillus_subtilis_main_d03161002d7a6f34	dbtbs_bsub_core_11066f3e95c7986c	discovery	51	57	52	57	-6.5	+	AATAAG	1.210345983505249
EMB_prokbert_C06	tjupan_bacillus_subtilis_main_32a70db45859cbb9	dbtbs_bsub_core_32a70db45859cbb9	discovery	61	67	62	67	3.5	+	AAAAGT	1.2401529550552368
EMB_prokbert_C06	tjupan_bacillus_subtilis_main_f09c3556dc31a575	dbtbs_bsub_core_f09c3556dc31a575	discovery	56	62	57	62	-1.5	+	AAGTAT	1.287784457206726
EMB_prokbert_C06	tjupan_bacillus_subtilis_main_5e8ac4f4506ef781	dbtbs_bsub_core_cdccc2e2972286a4	discovery	65	71	66	71	7.5	+	AGAAAT	1.2925056219100952
EMB_prokbert_C06	tjupan_bacillus_subtilis_main_b578e9e0d96d144a	dbtbs_bsub_core_b578e9e0d96d144a	discovery	52	58	53	58	-5.5	+	TTAAAG	1.29402494430542
EMB_prokbert_C06	tjupan_bacillus_subtilis_main_f3423ecbff5b6537	dbtbs_bsub_core_dc8c32e7cfbca6d1	discovery	72	78	73	78	14.5	+	GTAAGA	1.29784095287323
EMB_prokbert_C06	tjupan_bacillus_subtilis_main_64dfe397c07a4656	dbtbs_bsub_core_99013d44fc3df9d1	discovery	53	59	54	59	-4.5	+	TAACAG	1.298284888267517
EMB_prokbert_C06	tjupan_bacillus_subtilis_main_eb11019c71a3a745	tjupan_bacillus_subtilis_main_eb11019c71a3a745	discovery	7	13	8	13	-50.5	+	ATAAAG	1.3011490106582642
EMB_prokbert_C06	tjupan_bacillus_subtilis_main_3e1210c1f898bc48	dbtbs_bsub_core_42eaa371353368b2	discovery	59	65	60	65	1.5	+	AAGTTA	1.3138554096221924
EMB_prokbert_C06	tjupan_bacillus_subtilis_main_be897b68bd393df0	dbtbs_bsub_core_be897b68bd393df0	discovery	59	65	60	65	1.5	+	TAATAA	1.3297700881958008
EMB_prokbert_C06	tjupan_bacillus_subtilis_main_0710c2f2267154d3	dbtbs_bsub_core_0710c2f2267154d3	discovery	62	68	63	68	4.5	+	AATAAA	1.33858323097229
EMB_prokbert_C06	tjupan_bacillus_subtilis_main_982fa9762732f05a	tjupan_bacillus_subtilis_main_982fa9762732f05a	discovery	28	34	29	34	-29.5	+	ATTAAG	1.3417922258377075
EMB_prokbert_C06	tjupan_bacillus_subtilis_main_5957e34dfa6ab85c	tjupan_bacillus_subtilis_main_5957e34dfa6ab85c	discovery	52	58	53	58	-5.5	+	TAAGGA	1.3511968851089478
EMB_prokbert_C06	tjupan_bacillus_subtilis_main_c229c4b94f6591ae	tjupan_bacillus_subtilis_main_c229c4b94f6591ae	discovery	54	60	55	60	-3.5	+	ATAAAC	1.3590553998947144
EMB_prokbert_C06	tjupan_bacillus_subtilis_main_2b2db3c55e03b737	dbtbs_bsub_core_9d26dfa3049d6f00	discovery	59	65	60	65	1.5	+	ATTAAG	1.3613102436065674
EMB_prokbert_C06	tjupan_bacillus_subtilis_main_2b799cc13a596bcd	tjupan_bacillus_subtilis_main_2b799cc13a596bcd	discovery	56	62	57	62	-1.5	+	TATAAG	1.3628792762756348
EMB_prokbert_C06	tjupan_bacillus_subtilis_main_ef1d1fbaad689e40	dbtbs_bsub_core_ef1d1fbaad689e40	discovery	68	74	69	74	10.5	+	AAAAGT	1.3635247945785522
EMB_prokbert_C06	tjupan_bacillus_subtilis_main_a7a45131c45395c8	dbtbs_bsub_core_a7a45131c45395c8	discovery	67	73	68	73	9.5	+	AAATAG	1.3650482892990112
EMB_prokbert_C06	tjupan_bacillus_subtilis_main_e4dda028e03de313	dbtbs_bsub_core_e4dda028e03de313	discovery	65	71	66	71	7.5	+	TAATTG	1.3668599128723145
EMB_prokbert_C06	tjupan_bacillus_subtilis_main_342a4291e30f5e80	dbtbs_bsub_core_342a4291e30f5e80	discovery	38	44	39	44	-19.5	+	TTGTAA	1.367476463317871
EMB_prokbert_C06	tjupan_bacillus_subtilis_main_e2d1119cb664dabf	dbtbs_bsub_core_954deecd8ab02ea9	discovery	54	60	55	60	-3.5	+	TATAAG	1.3731693029403687
EMB_prokbert_C06	tjupan_bacillus_subtilis_main_54fd4c2966482e2c	dbtbs_bsub_core_ba3becfc7c3e4e17	discovery	6	12	7	12	-51.5	+	AAATAA	1.3771209716796875
EMB_prokbert_C06	tjupan_bacillus_subtilis_main_e9623f8193af34e0	dbtbs_bsub_core_e9623f8193af34e0	discovery	61	67	62	67	3.5	+	CTAAAG	1.3998780250549316
EMB_prokbert_C06	tjupan_bacillus_subtilis_main_b7c0eae7293a1bfc	dbtbs_bsub_core_0bfdb592513badc4	discovery	62	68	63	68	4.5	+	TTAATA	1.4015415906906128
EMB_prokbert_C06	tjupan_bacillus_subtilis_main_fcf1520effc316d9	dbtbs_bsub_core_fcf1520effc316d9	discovery	51	57	52	57	-6.5	+	GATAAA	1.4018921852111816
EMB_prokbert_C06	tjupan_bacillus_subtilis_main_359df7c8e20abe4e	tjupan_bacillus_subtilis_main_359df7c8e20abe4e	discovery	73	79	74	79	15.5	+	ATAAAG	1.4065191745758057
EMB_prokbert_C06	tjupan_bacillus_subtilis_main_7c1cf5cd36017844	tjupan_bacillus_subtilis_main_7c1cf5cd36017844	discovery	50	56	51	56	-7.5	+	AAAATA	1.4076497554779053
EMB_prokbert_C06	tjupan_bacillus_subtilis_main_7bc9aa9d4ad371af	dbtbs_bsub_core_7bc9aa9d4ad371af	discovery	72	78	73	78	14.5	+	CATAAA	1.4126933813095093
EMB_prokbert_C06	tjupan_bacillus_subtilis_main_d0e455b1c91ba281	dbtbs_bsub_core_f6e924d0656980ad	discovery	52	58	53	58	-5.5	+	GATAAA	1.4173072576522827
EMB_prokbert_C06	tjupan_bacillus_subtilis_main_b7cebcbae1ca8171	dbtbs_bsub_core_342a4291e30f5e80	discovery	30	36	31	36	-27.5	+	TTGTAA	1.4183104038238525
EMB_prokbert_C06	tjupan_bacillus_subtilis_main_150dcd3daf63d162	dbtbs_bsub_core_150dcd3daf63d162	discovery	21	27	22	27	-36.5	+	TAAAGA	1.4246023893356323
EMB_prokbert_C06	tjupan_bacillus_subtilis_main_ff62fa3227cb3ab1	dbtbs_bsub_core_f748f853b4ec2056	discovery	48	54	49	54	-9.5	+	TATAAA	1.442787528038025
EMB_prokbert_C06	tjupan_bacillus_subtilis_main_e90961ead2da3f7b	tjupan_bacillus_subtilis_main_e90961ead2da3f7b	discovery	60	66	61	66	2.5	+	AATAAG	1.4430466890335083
EMB_prokbert_C06	tjupan_bacillus_subtilis_main_f04c569125ce3afa	dbtbs_bsub_core_85a34ab094cb765f	discovery	11	17	12	17	-46.5	+	ATAAGA	1.4446879625320435
EMB_prokbert_C06	tjupan_bacillus_subtilis_main_af51a9f7939c4cfb	dbtbs_bsub_core_49fc6b8175a85db6	discovery	54	60	55	60	-3.5	+	AAGTTA	1.4468804597854614
EMB_prokbert_C06	tjupan_bacillus_subtilis_main_b7d5a32e40c68782	tjupan_bacillus_subtilis_main_b7d5a32e40c68782	discovery	60	66	61	66	2.5	+	AGAAAT	1.4477736949920654
EMB_prokbert_C06	tjupan_bacillus_subtilis_main_f452c4bef1ed8b92	dbtbs_bsub_core_f452c4bef1ed8b92	discovery	60	66	61	66	2.5	+	GATAAA	1.4517419338226318
EMB_prokbert_C06	tjupan_bacillus_subtilis_main_712069959cf7e3b2	dbtbs_bsub_core_be0e53c334974f0a	discovery	52	58	53	58	-5.5	+	AATAAA	1.4627491235733032
EMB_prokbert_C06	tjupan_bacillus_subtilis_main_94d81586c680a254	tjupan_bacillus_subtilis_main_94d81586c680a254	discovery	15	21	16	21	-42.5	+	TAAGCA	1.4637545347213745
EMB_prokbert_C06	tjupan_bacillus_subtilis_main_fe2a626ec63a594e	dbtbs_bsub_core_abc060d81660f90c	discovery	47	53	48	53	-10.5	+	ATAAAC	1.4776439666748047
EMB_prokbert_C06	tjupan_bacillus_subtilis_main_e1d5408a78fdd1c5	dbtbs_bsub_core_f8ce2fa963a01405	discovery	53	59	54	59	-4.5	+	TAAAGG	1.4828969240188599
EMB_prokbert_C06	tjupan_bacillus_subtilis_main_0b7b75ba67f19880	dbtbs_bsub_core_0b7b75ba67f19880	discovery	54	60	55	60	-3.5	+	ATTAAG	1.4877195358276367
EMB_prokbert_C06	tjupan_bacillus_subtilis_main_c22e62909e814f30	dbtbs_bsub_core_e2251470d219464a	discovery	46	52	47	52	-11.5	+	GATAAA	1.4878252744674683
EMB_prokbert_C06	tjupan_bacillus_subtilis_main_993a308bb6e190e1	dbtbs_bsub_core_993a308bb6e190e1	discovery	50	56	51	56	-7.5	+	CAATAA	1.4898864030838013
EMB_prokbert_C06	tjupan_bacillus_subtilis_main_8421a3506bc3ca2c	tjupan_bacillus_subtilis_main_8421a3506bc3ca2c	discovery	19	25	20	25	-38.5	+	AAAGTA	1.4900637865066528
EMB_prokbert_C06	tjupan_bacillus_subtilis_main_550b125b16dc206e	dbtbs_bsub_core_2ab03862f0e9dd2f	discovery	61	67	62	67	3.5	+	CTAAAG	1.4917068481445312
EMB_prokbert_C06	tjupan_bacillus_subtilis_main_dc65c8922842b20f	tjupan_bacillus_subtilis_main_dc65c8922842b20f	discovery	44	50	45	50	-13.5	+	GTTAAG	1.493624210357666
EMB_prokbert_C06	tjupan_bacillus_subtilis_main_49d5f09ecdaa68d2	dbtbs_bsub_core_2fc6766ca8c365d3	discovery	54	60	55	60	-3.5	+	TAAAGA	1.4965628385543823
EMB_prokbert_C06	tjupan_bacillus_subtilis_main_4f4c3d5d96d18695	tjupan_bacillus_subtilis_main_4f4c3d5d96d18695	discovery	70	76	71	76	12.5	+	CATAAA	1.5007641315460205
EMB_prokbert_C06	tjupan_bacillus_subtilis_main_163772f02671a528	tjupan_bacillus_subtilis_main_163772f02671a528	discovery	10	16	11	16	-47.5	+	GTAAGG	1.5054728984832764
EMB_prokbert_C06	tjupan_bacillus_subtilis_main_08d810e756c7d81b	tjupan_bacillus_subtilis_main_08d810e756c7d81b	discovery	48	54	49	54	-9.5	+	ATAAAC	1.5070616006851196
EMB_prokbert_C06	tjupan_bacillus_subtilis_main_a032a3114b7dbf1c	dbtbs_bsub_core_a032a3114b7dbf1c	discovery	23	29	24	29	-34.5	+	ATAGTA	1.5074385404586792
EMB_prokbert_C06	tjupan_bacillus_subtilis_main_3be839d09df1dbe1	dbtbs_bsub_core_3be839d09df1dbe1	discovery	51	57	52	57	-6.5	+	ATAAAG	1.5084054470062256
EMB_prokbert_C06	tjupan_bacillus_subtilis_main_ad5b6a3a851181b1	dbtbs_bsub_core_ad5b6a3a851181b1	discovery	64	70	65	70	6.5	+	AGTAAC	1.5131574869155884
EMB_prokbert_C06	tjupan_bacillus_subtilis_main_8b925a3983e97ebd	dbtbs_bsub_core_0346364171f10446	discovery	60	66	61	66	2.5	+	AAATAG	1.5133975744247437
EMB_prokbert_C06	tjupan_bacillus_subtilis_main_e2f816d3420810f5	dbtbs_bsub_core_8f473f826c608a81	discovery	51	57	52	57	-6.5	+	AATAAG	1.514755368232727
EMB_prokbert_C06	tjupan_bacillus_subtilis_main_118649b56e4ec470	tjupan_bacillus_subtilis_main_118649b56e4ec470	discovery	58	64	59	64	0.5	+	GTAAAG	1.5173641443252563
EMB_prokbert_C06	tjupan_bacillus_subtilis_main_1f2ca280ccaab774	tjupan_bacillus_subtilis_main_1f2ca280ccaab774	discovery	70	76	71	76	12.5	+	AAATAA	1.5177515745162964
EMB_prokbert_C06	tjupan_bacillus_subtilis_main_6390012fbb39ca22	tjupan_bacillus_subtilis_main_6390012fbb39ca22	discovery	52	58	53	58	-5.5	+	ATTAAG	1.5197608470916748
EMB_prokbert_C06	tjupan_bacillus_subtilis_main_b7c0b4323e70fc71	dbtbs_bsub_core_b7c0b4323e70fc71	discovery	58	64	59	64	0.5	+	GTAAAT	1.5215094089508057
EMB_prokbert_C06	tjupan_bacillus_subtilis_main_1dc6ad16ab0331f8	tjupan_bacillus_subtilis_main_1dc6ad16ab0331f8	discovery	71	77	72	77	13.5	+	TAGATA	1.521737813949585
EMB_prokbert_C06	tjupan_bacillus_subtilis_main_036f4e66b4e66745	dbtbs_bsub_core_7b26bab7de636614	discovery	63	69	64	69	5.5	+	ATAGAA	1.5265748500823975
EMB_prokbert_C06	tjupan_bacillus_subtilis_main_41b76e09c674d652	dbtbs_bsub_core_41b76e09c674d652	discovery	65	71	66	71	7.5	+	TAATAG	1.527204990386963
EMB_prokbert_C06	tjupan_bacillus_subtilis_main_857deea4069ff6ab	tjupan_bacillus_subtilis_main_857deea4069ff6ab	discovery	52	58	53	58	-5.5	+	ATTAAG	1.532914161682129
EMB_prokbert_C06	tjupan_bacillus_subtilis_main_52267ea931cb2dd7	dbtbs_bsub_core_b35218f45c0f11c8	discovery	67	73	68	73	9.5	+	ATTAAA	1.5338068008422852
EMB_prokbert_C06	tjupan_bacillus_subtilis_main_0cc8abc9b551141c	dbtbs_bsub_core_0cc8abc9b551141c	discovery	69	75	70	75	11.5	+	TAATAA	1.5410172939300537
EMB_prokbert_C06	tjupan_bacillus_subtilis_main_d59578e8446625f3	dbtbs_bsub_core_d59578e8446625f3	discovery	39	45	40	45	-18.5	+	AAGTTA	1.5420503616333008
EMB_prokbert_C06	tjupan_bacillus_subtilis_main_d04a67d8cb9ad084	dbtbs_bsub_core_d04a67d8cb9ad084	discovery	49	55	50	55	-8.5	+	AAGATA	1.54270339012146
EMB_prokbert_C06	tjupan_bacillus_subtilis_main_2c9e8a462277f7da	dbtbs_bsub_core_f7573fed016c047b	discovery	71	77	72	77	13.5	+	ATTAAG	1.5461046695709229
EMB_prokbert_C06	tjupan_bacillus_subtilis_main_cf3def291394eeb9	tjupan_bacillus_subtilis_main_cf3def291394eeb9	discovery	33	39	34	39	-24.5	+	TAAAAG	1.5492783784866333
EMB_prokbert_C06	tjupan_bacillus_subtilis_main_202644f8a02efab9	dbtbs_bsub_core_f4d81ad6a0709a55	discovery	58	64	59	64	0.5	+	CTAAAG	1.551035761833191
EMB_prokbert_C06	tjupan_bacillus_subtilis_main_ced72b826f4a910f	dbtbs_bsub_core_d1a4fbb8ec4bd212	discovery	66	72	67	72	8.5	+	AAATAA	1.5513007640838623
EMB_prokbert_C06	tjupan_bacillus_subtilis_main_7942697cd86d944b	tjupan_bacillus_subtilis_main_7942697cd86d944b	discovery	60	66	61	66	2.5	+	ATAAGT	1.5526220798492432
EMB_prokbert_C06	tjupan_bacillus_subtilis_main_f7fb3b6a673b2fe9	dbtbs_bsub_core_4c8b5a3cc4c24c6c	discovery	44	50	45	50	-13.5	+	AAGTTA	1.5529580116271973
EMB_prokbert_C06	tjupan_bacillus_subtilis_main_b59ef89e981b3745	tjupan_bacillus_subtilis_main_b59ef89e981b3745	discovery	51	57	52	57	-6.5	+	ATAAAG	1.5581245422363281
EMB_prokbert_C06	tjupan_bacillus_subtilis_main_c648ac4df22b0f89	dbtbs_bsub_core_c648ac4df22b0f89	discovery	50	56	51	56	-7.5	+	ATAAAC	1.5585054159164429
EMB_prokbert_C06	tjupan_bacillus_subtilis_main_f6994e5b6245c7bf	tjupan_bacillus_subtilis_main_f6994e5b6245c7bf	discovery	36	42	37	42	-21.5	+	CTAAAG	1.5599113702774048
EMB_prokbert_C06	tjupan_bacillus_subtilis_main_9296390fae4fd68d	tjupan_bacillus_subtilis_main_9296390fae4fd68d	discovery	9	15	10	15	-48.5	+	AAAGTA	1.5607318878173828
EMB_prokbert_C06	tjupan_bacillus_subtilis_main_fbae385e087109ce	tjupan_bacillus_subtilis_main_fbae385e087109ce	discovery	22	28	23	28	-35.5	+	ATTAAA	1.5658406019210815
EMB_prokbert_C06	tjupan_bacillus_subtilis_main_52931b7eafd9a9b2	dbtbs_bsub_core_324baeb0b4deda5d	discovery	51	57	52	57	-6.5	+	AATAGG	1.566404938697815
EMB_prokbert_C06	tjupan_bacillus_subtilis_main_61c707ac72aeda97	tjupan_bacillus_subtilis_main_61c707ac72aeda97	discovery	29	35	30	35	-28.5	+	TAAGTA	1.566843032836914
EMB_prokbert_C06	tjupan_bacillus_subtilis_main_9ab6c96db0706f0e	dbtbs_bsub_core_c190339743385950	discovery	49	55	50	55	-8.5	+	TATTAA	1.5690083503723145
EMB_prokbert_C06	tjupan_bacillus_subtilis_main_0b565809576a9e0f	dbtbs_bsub_core_0fcadafa827fb8cf	discovery	56	62	57	62	-1.5	+	ATGTAA	1.569685459136963
EMB_prokbert_C06	tjupan_bacillus_subtilis_main_dbf995194ebf2b2d	dbtbs_bsub_core_dbf995194ebf2b2d	discovery	54	60	55	60	-3.5	+	TTAAGG	1.5697529315948486
EMB_prokbert_C06	tjupan_bacillus_subtilis_main_a1ad6ce2d20c389b	dbtbs_bsub_core_539bc60476254ff5	discovery	57	63	58	63	-0.5	+	ATAGTA	1.5704041719436646
EMB_prokbert_C06	tjupan_bacillus_subtilis_main_88d6ae8ec11f6e65	tjupan_bacillus_subtilis_main_88d6ae8ec11f6e65	discovery	61	67	62	67	3.5	+	TTAAGT	1.5708686113357544
EMB_prokbert_C06	tjupan_bacillus_subtilis_main_efde358c620c36bd	dbtbs_bsub_core_efde358c620c36bd	discovery	69	75	70	75	11.5	+	GCTAAA	1.5745387077331543
EMB_prokbert_C06	tjupan_bacillus_subtilis_main_636c41b820e9fd5d	tjupan_bacillus_subtilis_main_636c41b820e9fd5d	discovery	15	21	16	21	-42.5	+	AAATAG	1.5766047239303589
EMB_prokbert_C06	tjupan_bacillus_subtilis_main_c204793b69b45448	dbtbs_bsub_core_c204793b69b45448	discovery	35	41	36	41	-22.5	+	AAATAG	1.5799559354782104
EMB_prokbert_C06	tjupan_bacillus_subtilis_main_8559682da7e0b4ef	dbtbs_bsub_core_8559682da7e0b4ef	discovery	54	60	55	60	-3.5	+	ATAAAG	1.5820637941360474
EMB_prokbert_C06	tjupan_bacillus_subtilis_main_69a39ef163dd4726	tjupan_bacillus_subtilis_main_69a39ef163dd4726	discovery	30	36	31	36	-27.5	+	AAATAG	1.5826956033706665
EMB_prokbert_C06	tjupan_bacillus_subtilis_main_e6accdb752f9724f	dbtbs_bsub_core_41815df9927fe319	discovery	47	53	48	53	-10.5	+	ATAAAC	1.583150029182434
EMB_prokbert_C06	tjupan_bacillus_subtilis_main_2a051d7d075d7920	tjupan_bacillus_subtilis_main_2a051d7d075d7920	discovery	26	32	27	32	-31.5	+	ATAGTT	1.5846188068389893
EMB_prokbert_C06	tjupan_bacillus_subtilis_main_5e3ef261f40425ef	tjupan_bacillus_subtilis_main_5e3ef261f40425ef	discovery	9	15	10	15	-48.5	+	TGTAAT	1.5855770111083984
EMB_prokbert_C06	tjupan_bacillus_subtilis_main_da7f3c0608c35165	dbtbs_bsub_core_da7f3c0608c35165	discovery	34	40	35	40	-23.5	+	TAAAAT	1.5877822637557983
EMB_prokbert_C06	tjupan_bacillus_subtilis_main_24675587b92cc4c7	tjupan_bacillus_subtilis_main_24675587b92cc4c7	discovery	10	16	11	16	-47.5	+	AGAAAT	1.5881787538528442
EMB_prokbert_C06	tjupan_bacillus_subtilis_main_dea64c0f5a12bfa1	dbtbs_bsub_core_a18a06666ab8afa6	discovery	15	21	16	21	-42.5	+	GTTAAG	1.5893534421920776
EMB_prokbert_C06	tjupan_bacillus_subtilis_main_bd4e9486aa695c78	tjupan_bacillus_subtilis_main_bd4e9486aa695c78	discovery	11	17	12	17	-46.5	+	TGGTAA	1.5919036865234375
EMB_prokbert_C06	tjupan_bacillus_subtilis_main_9d5c52bb0fa0ffad	dbtbs_bsub_core_9d5c52bb0fa0ffad	discovery	59	65	60	65	1.5	+	CAGTAA	1.5920099020004272
EMB_prokbert_C06	tjupan_bacillus_subtilis_main_6406719b10941769	dbtbs_bsub_core_5bcaee6240f23d4b	discovery	4	10	5	10	-53.5	+	ATAAAC	1.5925564765930176
EMB_prokbert_C06	tjupan_bacillus_subtilis_main_dbd8ff77ae99e6b2	dbtbs_bsub_core_dbd8ff77ae99e6b2	discovery	48	54	49	54	-9.5	+	ATAAAT	1.59295654296875
EMB_prokbert_C06	tjupan_bacillus_subtilis_main_50a7bea74c679f62	tjupan_bacillus_subtilis_main_50a7bea74c679f62	discovery	56	62	57	62	-1.5	+	TTATAA	1.5952273607254028
EMB_prokbert_C06	tjupan_bacillus_subtilis_main_c9bc5ed233eba13a	tjupan_bacillus_subtilis_main_c9bc5ed233eba13a	discovery	64	70	65	70	6.5	+	AATTAA	1.597468614578247
EMB_prokbert_C06	tjupan_bacillus_subtilis_main_a8b2c052c0cdfcff	tjupan_bacillus_subtilis_main_a8b2c052c0cdfcff	discovery	53	59	54	59	-4.5	+	ATAAAG	1.597509741783142
EMB_prokbert_C06	tjupan_bacillus_subtilis_main_48b85a8a5c19ece4	dbtbs_bsub_core_7730e205ee5d9991	discovery	12	18	13	18	-45.5	+	TTAAGG	1.5977574586868286
EMB_prokbert_C06	tjupan_bacillus_subtilis_main_c12152f72b444aff	tjupan_bacillus_subtilis_main_c12152f72b444aff	discovery	20	26	21	26	-37.5	+	TTAAGA	1.6038349866867065
EMB_prokbert_C06	tjupan_bacillus_subtilis_main_cb2c7c4f94201384	tjupan_bacillus_subtilis_main_cb2c7c4f94201384	discovery	38	44	39	44	-19.5	+	ATAAAG	1.6076520681381226
EMB_prokbert_C06	tjupan_bacillus_subtilis_main_9e087715e3522ed4	dbtbs_bsub_core_b3df5d74f56f0610	discovery	59	65	60	65	1.5	+	ATAAGA	1.6184184551239014
EMB_prokbert_C06	tjupan_bacillus_subtilis_main_5e30b1d213eba695	tjupan_bacillus_subtilis_main_5e30b1d213eba695	discovery	57	63	58	63	-0.5	+	AATACA	1.6259183883666992
EMB_prokbert_C06	tjupan_bacillus_subtilis_main_1db11a6d86ff5865	tjupan_bacillus_subtilis_main_1db11a6d86ff5865	discovery	56	62	57	62	-1.5	+	ATGTAA	1.6268364191055298
EMB_prokbert_C06	tjupan_bacillus_subtilis_main_796368712c0cdecb	tjupan_bacillus_subtilis_main_796368712c0cdecb	discovery	56	62	57	62	-1.5	+	TAGTGA	1.6320226192474365
EMB_prokbert_C06	tjupan_bacillus_subtilis_main_8797dcd405b13c8e	tjupan_bacillus_subtilis_main_8797dcd405b13c8e	discovery	27	33	28	33	-30.5	+	TAGTCA	1.6327546834945679
EMB_prokbert_C06	tjupan_bacillus_subtilis_main_2e59e247c2d07b0b	tjupan_bacillus_subtilis_main_2e59e247c2d07b0b	discovery	44	50	45	50	-13.5	+	AAATAG	1.6339645385742188
EMB_prokbert_C06	tjupan_bacillus_subtilis_main_92c71ea9f3febc7f	dbtbs_bsub_core_c2ee7abb48038f6f	discovery	9	15	10	15	-48.5	+	GATAAC	1.6353667974472046
EMB_prokbert_C06	tjupan_bacillus_subtilis_main_213d453c1e49e371	tjupan_bacillus_subtilis_main_213d453c1e49e371	discovery	54	60	55	60	-3.5	+	AAATAA	1.6379350423812866
EMB_prokbert_C06	tjupan_bacillus_subtilis_main_b1dfffe50d4e7cba	dbtbs_bsub_core_6990407cd148d57b	discovery	51	57	52	57	-6.5	+	CAATAA	1.6419442892074585
EMB_prokbert_C06	tjupan_bacillus_subtilis_main_e95909bd7e136f46	dbtbs_bsub_core_426aaa712ced5536	discovery	53	59	54	59	-4.5	+	TATAAG	1.6429098844528198
EMB_prokbert_C06	tjupan_bacillus_subtilis_main_a2cd64f7b02e9630	tjupan_bacillus_subtilis_main_a2cd64f7b02e9630	discovery	4	10	5	10	-53.5	+	AATAAG	1.6431056261062622
EMB_prokbert_C06	tjupan_bacillus_subtilis_main_917572a2414a52f7	tjupan_bacillus_subtilis_main_917572a2414a52f7	discovery	51	57	52	57	-6.5	+	AAAATA	1.6485695838928223
EMB_prokbert_C06	tjupan_bacillus_subtilis_main_4181c9b10d028c59	dbtbs_bsub_core_f859289dc167ed3a	discovery	16	22	17	22	-41.5	+	ACTAAG	1.6514846086502075
EMB_prokbert_C06	tjupan_bacillus_subtilis_main_ec009cfbae4f5210	dbtbs_bsub_core_ec009cfbae4f5210	discovery	60	66	61	66	2.5	+	ATAAGT	1.6522207260131836
EMB_prokbert_C06	tjupan_bacillus_subtilis_main_6fcd42bdf8073a65	dbtbs_bsub_core_6fcd42bdf8073a65	discovery	65	71	66	71	7.5	+	GAATAA	1.6527186632156372
EMB_prokbert_C06	tjupan_bacillus_subtilis_main_517410185d825f3e	tjupan_bacillus_subtilis_main_517410185d825f3e	discovery	55	61	56	61	-2.5	+	TAAGTA	1.6533923149108887
EMB_prokbert_C06	tjupan_bacillus_subtilis_main_216653931b9dfc0d	tjupan_bacillus_subtilis_main_216653931b9dfc0d	discovery	54	60	55	60	-3.5	+	TTAAGT	1.6616506576538086
EMB_prokbert_C06	tjupan_bacillus_subtilis_main_f9edd67964b41200	dbtbs_bsub_core_f9edd67964b41200	discovery	58	64	59	64	0.5	+	TAGTAA	1.663999080657959
EMB_prokbert_C06	tjupan_bacillus_subtilis_main_e62d7e001687b19a	tjupan_bacillus_subtilis_main_e62d7e001687b19a	discovery	68	74	69	74	10.5	+	ATTAAA	1.6666781902313232
EMB_prokbert_C06	tjupan_bacillus_subtilis_main_4fa5d89620e7d8ce	dbtbs_bsub_core_5eb05bc57612da6d	discovery	46	52	47	52	-11.5	+	TATAAG	1.673280954360962
EMB_prokbert_C06	tjupan_bacillus_subtilis_main_1478640e036e0224	dbtbs_bsub_core_1478640e036e0224	discovery	68	74	69	74	10.5	+	AATAGA	1.6736044883728027
EMB_prokbert_C06	tjupan_bacillus_subtilis_main_9990510225814384	tjupan_bacillus_subtilis_main_9990510225814384	discovery	48	54	49	54	-9.5	+	AGAATA	1.6738239526748657
EMB_prokbert_C06	tjupan_bacillus_subtilis_main_f6c5351a3e225d0c	dbtbs_bsub_core_f6c5351a3e225d0c	discovery	61	67	62	67	3.5	+	GGTTAA	1.676702618598938
EMB_prokbert_C06	tjupan_bacillus_subtilis_main_36eed70446e6810b	dbtbs_bsub_core_36eed70446e6810b	discovery	5	11	6	11	-52.5	+	AATTAG	1.6790701150894165
EMB_prokbert_C06	tjupan_bacillus_subtilis_main_3270409c742f3314	dbtbs_bsub_core_edd6f2ee95c58508	discovery	60	66	61	66	2.5	+	GTAATA	1.680039644241333
EMB_prokbert_C06	tjupan_bacillus_subtilis_main_d33162cb12a5a549	tjupan_bacillus_subtilis_main_d33162cb12a5a549	discovery	37	43	38	43	-20.5	+	ATAAAC	1.6931283473968506
EMB_prokbert_C06	tjupan_bacillus_subtilis_main_59b38cd2f2ea112d	dbtbs_bsub_core_59b38cd2f2ea112d	discovery	16	22	17	22	-41.5	+	TAAAGA	1.6952918767929077
EMB_prokbert_C06	tjupan_bacillus_subtilis_main_691e7ded333dd616	dbtbs_bsub_core_691e7ded333dd616	discovery	44	50	45	50	-13.5	+	ATGGTA	1.6974554061889648
EMB_prokbert_C06	tjupan_bacillus_subtilis_main_eebec5ad9a06df67	dbtbs_bsub_core_5cddd19c752675c8	discovery	16	22	17	22	-41.5	+	AATAAG	1.7005552053451538
EMB_prokbert_C06	tjupan_bacillus_subtilis_main_8e4b7e6c519e170f	tjupan_bacillus_subtilis_main_8e4b7e6c519e170f	discovery	59	65	60	65	1.5	+	TAGAAC	1.7136187553405762
EMB_prokbert_C06	tjupan_bacillus_subtilis_main_a723fdca1013c0b5	dbtbs_bsub_core_a723fdca1013c0b5	discovery	47	53	48	53	-10.5	+	ATAAGG	1.718713641166687
EMB_prokbert_C06	tjupan_bacillus_subtilis_main_96d42d8ccff315ec	tjupan_bacillus_subtilis_main_96d42d8ccff315ec	discovery	46	52	47	52	-11.5	+	TAATAG	1.7247360944747925
EMB_prokbert_C06	tjupan_bacillus_subtilis_main_70da326395794983	tjupan_bacillus_subtilis_main_70da326395794983	discovery	49	55	50	55	-8.5	+	ATAAAA	1.731648564338684
EMB_prokbert_C06	tjupan_bacillus_subtilis_main_be36dbaf549189cb	tjupan_bacillus_subtilis_main_be36dbaf549189cb	discovery	49	55	50	55	-8.5	+	ATAAGA	1.733022928237915
EMB_prokbert_C06	tjupan_bacillus_subtilis_main_89a40bf9e0650967	dbtbs_bsub_core_89a40bf9e0650967	discovery	18	24	19	24	-39.5	+	TAAGAA	1.7375673055648804
EMB_prokbert_C06	tjupan_bacillus_subtilis_main_187a9844a7f0c551	tjupan_bacillus_subtilis_main_187a9844a7f0c551	discovery	66	72	67	72	8.5	+	CATAAG	1.7385413646697998
EMB_prokbert_C06	tjupan_bacillus_subtilis_main_a43c85166b962f37	dbtbs_bsub_core_47d2cdeb8a491885	discovery	62	68	63	68	4.5	+	AAGTAA	1.7413171529769897
EMB_prokbert_C06	tjupan_bacillus_subtilis_main_8a0979b032bb35c1	dbtbs_bsub_core_33318fe6256d39ff	discovery	54	60	55	60	-3.5	+	ATTAAA	1.7429221868515015
EMB_prokbert_C06	tjupan_bacillus_subtilis_main_ef37e7c4f77cfd3f	tjupan_bacillus_subtilis_main_ef37e7c4f77cfd3f	discovery	39	45	40	45	-18.5	+	AGAATA	1.7432612180709839
EMB_prokbert_C06	tjupan_bacillus_subtilis_main_8e9af30cd29c08ec	dbtbs_bsub_core_ab5345ed831420ec	discovery	71	77	72	77	13.5	+	CAGTAA	1.7455555200576782
EMB_prokbert_C06	tjupan_bacillus_subtilis_main_282b0a85bf46906b	tjupan_bacillus_subtilis_main_282b0a85bf46906b	discovery	68	74	69	74	10.5	+	TAATTA	1.7488590478897095
EMB_prokbert_C06	tjupan_bacillus_subtilis_main_91723abad13f63e4	tjupan_bacillus_subtilis_main_91723abad13f63e4	discovery	64	70	65	70	6.5	+	ATAACA	1.752349853515625
EMB_prokbert_C06	tjupan_bacillus_subtilis_main_1259688a411f3c07	tjupan_bacillus_subtilis_main_1259688a411f3c07	discovery	59	65	60	65	1.5	+	TAAAGA	1.7538776397705078
EMB_prokbert_C06	tjupan_bacillus_subtilis_main_e1fd6875b30f4c73	dbtbs_bsub_core_e1fd6875b30f4c73	discovery	39	45	40	45	-18.5	+	AAACTA	1.7539914846420288
EMB_prokbert_C06	tjupan_bacillus_subtilis_main_60ee42342c88d235	tjupan_bacillus_subtilis_main_60ee42342c88d235	discovery	36	42	37	42	-21.5	+	TAGGAA	1.7593142986297607
EMB_prokbert_C06	tjupan_bacillus_subtilis_main_edce5d598636e106	dbtbs_bsub_core_39acf3daf47ccd69	discovery	54	60	55	60	-3.5	+	GGTAAC	1.7668161392211914
EMB_prokbert_C06	tjupan_bacillus_subtilis_main_a52148b067c7a32f	tjupan_bacillus_subtilis_main_a52148b067c7a32f	discovery	45	51	46	51	-12.5	+	GTAAAG	1.7670480012893677
EMB_prokbert_C06	tjupan_bacillus_subtilis_main_0a71b8cbf4011c3b	dbtbs_bsub_core_dc5af08cd1bffe94	discovery	22	28	23	28	-35.5	+	ATTAAA	1.7674362659454346
EMB_prokbert_C06	tjupan_bacillus_subtilis_main_25308dd77914b9d9	dbtbs_bsub_core_1dc2eb4818f9715a	discovery	12	18	13	18	-45.5	+	AAGTTA	1.7777392864227295
EMB_prokbert_C06	tjupan_bacillus_subtilis_main_5787c658c95c4762	tjupan_bacillus_subtilis_main_5787c658c95c4762	discovery	63	69	64	69	5.5	+	TTAAGA	1.77913498878479
EMB_prokbert_C06	tjupan_bacillus_subtilis_main_f45d38a5e15ccc93	dbtbs_bsub_core_5dbc73ad42aeab56	discovery	47	53	48	53	-10.5	+	ATAGAA	1.7811158895492554
EMB_prokbert_C06	tjupan_bacillus_subtilis_main_3b9d28ffe489c3c7	dbtbs_bsub_core_260ddc8adeedb788	discovery	47	53	48	53	-10.5	+	TTAGAA	1.7869653701782227
EMB_prokbert_C06	tjupan_bacillus_subtilis_main_ecef2875a7a372ba	dbtbs_bsub_core_ecef2875a7a372ba	discovery	55	61	56	61	-2.5	+	AAGTAA	1.788918375968933
EMB_prokbert_C06	tjupan_bacillus_subtilis_main_a9fde0fdd238b261	dbtbs_bsub_core_06588c97cd7288a8	discovery	27	33	28	33	-30.5	+	TAAGAA	1.790919542312622
EMB_prokbert_C06	tjupan_bacillus_subtilis_main_ae3d0ab77a583f3f	tjupan_bacillus_subtilis_main_ae3d0ab77a583f3f	discovery	34	40	35	40	-23.5	+	AATAGG	1.7936476469039917
EMB_prokbert_C06	tjupan_bacillus_subtilis_main_d9cd9789d0fb01a3	dbtbs_bsub_core_c190339743385950	discovery	56	62	57	62	-1.5	+	ATTAAG	1.79533851146698
EMB_prokbert_C06	tjupan_bacillus_subtilis_main_7e538c30b860aa5a	tjupan_bacillus_subtilis_main_7e538c30b860aa5a	discovery	51	57	52	57	-6.5	+	TGGTAA	1.7963011264801025
EMB_prokbert_C06	tjupan_bacillus_subtilis_main_962b839f321a2605	dbtbs_bsub_core_962b839f321a2605	discovery	59	65	60	65	1.5	+	TATAGA	1.7978376150131226
EMB_prokbert_C06	tjupan_bacillus_subtilis_main_972c682163779595	dbtbs_bsub_core_6e525afed4c0ab9e	discovery	71	77	72	77	13.5	+	TTAAAC	1.7994064092636108
EMB_prokbert_C06	tjupan_bacillus_subtilis_main_73a7b40a4dc814aa	dbtbs_bsub_core_bdba293c4926b88d	discovery	52	58	53	58	-5.5	+	CTTAAT	1.8055379390716553
EMB_prokbert_C06	tjupan_bacillus_subtilis_main_c758d11e26aac641	tjupan_bacillus_subtilis_main_c758d11e26aac641	discovery	30	36	31	36	-27.5	+	GTTAAG	1.8069796562194824
EMB_prokbert_C06	tjupan_bacillus_subtilis_main_4059ca0cce5522a4	tjupan_bacillus_subtilis_main_4059ca0cce5522a4	discovery	52	58	53	58	-5.5	+	ATAAGA	1.8119258880615234
EMB_prokbert_C06	tjupan_bacillus_subtilis_main_f3b59cc74d659ebc	dbtbs_bsub_core_866d6e8af07c9412	discovery	68	74	69	74	10.5	+	TTAGAA	1.812650442123413
EMB_prokbert_C06	tjupan_bacillus_subtilis_main_0e56c5fe6c5d0db0	dbtbs_bsub_core_cfddcd51a76889fd	discovery	56	62	57	62	-1.5	+	TCGGTA	1.8136783838272095
EMB_prokbert_C06	tjupan_bacillus_subtilis_main_a43a1f032db2e49e	dbtbs_bsub_core_872c1380ac7bb81f	discovery	57	63	58	63	-0.5	+	AATAGG	1.8145846128463745
EMB_prokbert_C06	tjupan_bacillus_subtilis_main_a1b8ecb6878276b4	dbtbs_bsub_core_a1b8ecb6878276b4	discovery	57	63	58	63	-0.5	+	ATAGAA	1.816609263420105
EMB_prokbert_C06	tjupan_bacillus_subtilis_main_bf15c71cd5f4b9e0	dbtbs_bsub_core_79aa8a5c0f3b9558	discovery	68	74	69	74	10.5	+	TAGTAA	1.817337989807129
EMB_prokbert_C06	tjupan_bacillus_subtilis_main_7bd42a66d387ec94	dbtbs_bsub_core_5cf240f92a00f0e3	discovery	18	24	19	24	-39.5	+	TTAAAG	1.8184083700180054
EMB_prokbert_C06	tjupan_bacillus_subtilis_main_e1ad11de708bb9dd	dbtbs_bsub_core_0ce0cc9e187b5d37	discovery	5	11	6	11	-52.5	+	ATAAAG	1.8232771158218384
EMB_prokbert_C06	tjupan_bacillus_subtilis_main_8bde36b216b3390f	dbtbs_bsub_core_8bde36b216b3390f	discovery	38	44	39	44	-19.5	+	AATAAA	1.8325618505477905
EMB_prokbert_C06	tjupan_bacillus_subtilis_main_1c375491ec2245f4	tjupan_bacillus_subtilis_main_1c375491ec2245f4	discovery	53	59	54	59	-4.5	+	TAAAGG	1.8354603052139282
EMB_prokbert_C06	tjupan_bacillus_subtilis_main_8837dc4443db7de3	tjupan_bacillus_subtilis_main_8837dc4443db7de3	discovery	57	63	58	63	-0.5	+	AGTAAG	1.8378151655197144
EMB_prokbert_C06	tjupan_bacillus_subtilis_main_3ab27dce0b1876ca	dbtbs_bsub_core_d52b0eed3ebbab2d	discovery	45	51	46	51	-12.5	+	TAATAG	1.8406059741973877
EMB_prokbert_C06	tjupan_bacillus_subtilis_main_0a0035c3a0685aa9	dbtbs_bsub_core_d50ffa4df9b8add7	discovery	64	70	65	70	6.5	+	AGTTAA	1.8429678678512573
EMB_prokbert_C06	tjupan_bacillus_subtilis_main_bb68072522710571	dbtbs_bsub_core_bb68072522710571	discovery	56	62	57	62	-1.5	+	ATAAAG	1.8578580617904663
EMB_prokbert_C06	tjupan_bacillus_subtilis_main_61e92334116d4289	dbtbs_bsub_core_946ad3835c6af00d	discovery	61	67	62	67	3.5	+	GTAAAG	1.8596340417861938
EMB_prokbert_C06	tjupan_bacillus_subtilis_main_c3fafc97a347852e	tjupan_bacillus_subtilis_main_c3fafc97a347852e	discovery	51	57	52	57	-6.5	+	AGTTAG	1.8619720935821533
EMB_prokbert_C06	tjupan_bacillus_subtilis_main_aded66fe8079e578	tjupan_bacillus_subtilis_main_aded66fe8079e578	discovery	62	68	63	68	4.5	+	GTAAGG	1.863755226135254
EMB_prokbert_C06	tjupan_bacillus_subtilis_main_0438d7b75e1f910f	dbtbs_bsub_core_975fc641de00609f	discovery	31	37	32	37	-26.5	+	TAAAGT	1.8652342557907104
EMB_prokbert_C06	tjupan_bacillus_subtilis_main_8f7d87652de79d90	dbtbs_bsub_core_8f7d87652de79d90	discovery	31	37	32	37	-26.5	+	ACTAAG	1.8658462762832642
EMB_prokbert_C06	tjupan_bacillus_subtilis_main_ea59d0ddaaaaf005	dbtbs_bsub_core_ff8c346476498240	discovery	62	68	63	68	4.5	+	ATTAAG	1.879076361656189
EMB_prokbert_C06	tjupan_bacillus_subtilis_main_76885f00c763f220	dbtbs_bsub_core_07bcce23a89f64fb	discovery	47	53	48	53	-10.5	+	AGTAAA	1.882399320602417
EMB_prokbert_C06	tjupan_bacillus_subtilis_main_3eab38fdf3061b6a	tjupan_bacillus_subtilis_main_3eab38fdf3061b6a	discovery	50	56	51	56	-7.5	+	AAGGTA	1.883264183998108
EMB_prokbert_C06	tjupan_bacillus_subtilis_main_9d34f9d9e0ee0e26	dbtbs_bsub_core_9d34f9d9e0ee0e26	discovery	50	56	51	56	-7.5	+	TATAAA	1.8883780241012573
EMB_prokbert_C06	tjupan_bacillus_subtilis_main_6c11169e185f76df	dbtbs_bsub_core_6c11169e185f76df	discovery	10	16	11	16	-47.5	+	TTGTAA	1.8950715065002441
EMB_prokbert_C06	tjupan_bacillus_subtilis_main_e4ca0c490585b644	tjupan_bacillus_subtilis_main_e4ca0c490585b644	discovery	2	8	3	8	-55.5	+	AATACA	1.9096598625183105
EMB_prokbert_C06	tjupan_bacillus_subtilis_main_4e48cd3162b15e74	tjupan_bacillus_subtilis_main_4e48cd3162b15e74	discovery	27	33	28	33	-30.5	+	ATAAAT	1.9096884727478027
EMB_prokbert_C06	tjupan_bacillus_subtilis_main_b2e461bb3b5d3d88	dbtbs_bsub_core_b2e461bb3b5d3d88	discovery	50	56	51	56	-7.5	+	ATTAAC	1.9165648221969604
EMB_prokbert_C06	tjupan_bacillus_subtilis_main_834e21e1951468f3	tjupan_bacillus_subtilis_main_834e21e1951468f3	discovery	2	8	3	8	-55.5	+	GTTAAG	1.925654411315918
EMB_prokbert_C06	tjupan_bacillus_subtilis_main_fea876b7208e46e3	dbtbs_bsub_core_fea876b7208e46e3	discovery	75	81	76	81	17.5	+	ATAAGA	1.9292008876800537
EMB_prokbert_C06	tjupan_bacillus_subtilis_main_f3e9cc226f1feac3	tjupan_bacillus_subtilis_main_f3e9cc226f1feac3	discovery	22	28	23	28	-35.5	+	ATAGTT	1.932457685470581
EMB_prokbert_C06	tjupan_bacillus_subtilis_main_87b26b7083b048a9	dbtbs_bsub_core_fe60102a69552e4c	discovery	11	17	12	17	-46.5	+	AATAAG	1.935959815979004
EMB_prokbert_C06	tjupan_bacillus_subtilis_main_412fe696982b64f9	dbtbs_bsub_core_412fe696982b64f9	discovery	64	70	65	70	6.5	+	AGATAA	1.9373096227645874
EMB_prokbert_C06	tjupan_bacillus_subtilis_main_e84ae283b7981830	tjupan_bacillus_subtilis_main_e84ae283b7981830	discovery	20	26	21	26	-37.5	+	ATAGGC	1.9435902833938599
EMB_prokbert_C06	tjupan_bacillus_subtilis_main_a61c0978ae294759	tjupan_bacillus_subtilis_main_a61c0978ae294759	discovery	58	64	59	64	0.5	+	TAGAAA	1.9466257095336914
EMB_prokbert_C06	tjupan_bacillus_subtilis_main_1b0cfe46f303d3fa	dbtbs_bsub_core_56695775e253190c	discovery	52	58	53	58	-5.5	+	AGTAAC	1.9480165243148804
EMB_prokbert_C06	tjupan_bacillus_subtilis_main_bfe4e797767b8990	tjupan_bacillus_subtilis_main_bfe4e797767b8990	discovery	29	35	30	35	-28.5	+	TAAAGT	1.9595969915390015
EMB_prokbert_C06	tjupan_bacillus_subtilis_main_e47a55cd702f35e7	dbtbs_bsub_core_175bcd2ea2263ee4	discovery	11	17	12	17	-46.5	+	TATAGA	1.9707107543945312
EMB_prokbert_C06	tjupan_bacillus_subtilis_main_8560b0f67ab5f5ab	dbtbs_bsub_core_f7a2628d99aff81a	discovery	57	63	58	63	-0.5	+	AATAGG	1.976912260055542
EMB_prokbert_C06	tjupan_bacillus_subtilis_main_024ba149e95dcf1a	tjupan_bacillus_subtilis_main_024ba149e95dcf1a	discovery	57	63	58	63	-0.5	+	AGTAAC	1.9833405017852783
EMB_prokbert_C06	tjupan_bacillus_subtilis_main_fa23a6db7de139e8	tjupan_bacillus_subtilis_main_fa23a6db7de139e8	discovery	17	23	18	23	-40.5	+	ATTAGC	1.9843006134033203
EMB_prokbert_C06	tjupan_bacillus_subtilis_main_b592a137eb4c34ff	dbtbs_bsub_core_21353889dec56b85	discovery	27	33	28	33	-30.5	+	GTATAA	1.9865388870239258
EMB_prokbert_C06	tjupan_bacillus_subtilis_main_7c03938b389dc368	dbtbs_bsub_core_39e8d21f598046d9	discovery	72	78	73	78	14.5	+	GTAAAG	1.9916354417800903
EMB_prokbert_C06	tjupan_bacillus_subtilis_main_d1b10b64ac040b8c	dbtbs_bsub_core_3a6c62def340fb72	discovery	70	76	71	76	12.5	+	CTAAAA	1.996286153793335
EMB_prokbert_C06	tjupan_bacillus_subtilis_main_f869091e55050110	tjupan_bacillus_subtilis_main_f869091e55050110	discovery	54	60	55	60	-3.5	+	TTAAAC	1.9974552392959595
EMB_prokbert_C06	tjupan_bacillus_subtilis_main_45683747106d08bd	tjupan_bacillus_subtilis_main_45683747106d08bd	discovery	50	56	51	56	-7.5	+	ATGCTA	1.9976067543029785
EMB_prokbert_C06	tjupan_bacillus_subtilis_main_7a6037ae36a0870c	tjupan_bacillus_subtilis_main_7a6037ae36a0870c	discovery	53	59	54	59	-4.5	+	TAGCAA	2.0024948120117188
EMB_prokbert_C06	tjupan_bacillus_subtilis_main_c1bd3e378306e57e	tjupan_bacillus_subtilis_main_c1bd3e378306e57e	discovery	68	74	69	74	10.5	+	ATAGAA	2.0035223960876465
EMB_prokbert_C06	tjupan_bacillus_subtilis_main_47a0d4425a7cca49	tjupan_bacillus_subtilis_main_47a0d4425a7cca49	discovery	56	62	57	62	-1.5	+	CTAATT	2.0040369033813477
EMB_prokbert_C06	tjupan_bacillus_subtilis_main_df2876c84282b3af	dbtbs_bsub_core_d831e470618beda7	discovery	60	66	61	66	2.5	+	AGAATT	2.01863431930542
EMB_prokbert_C06	tjupan_bacillus_subtilis_main_8fa35d24a76b6d72	tjupan_bacillus_subtilis_main_8fa35d24a76b6d72	discovery	53	59	54	59	-4.5	+	GATAAG	2.0189058780670166
EMB_prokbert_C06	tjupan_bacillus_subtilis_main_f0903ae0ab41d118	dbtbs_bsub_core_16fb2108119b7eaf	discovery	57	63	58	63	-0.5	+	AATAAG	2.020488739013672
EMB_prokbert_C06	tjupan_bacillus_subtilis_main_5fc80954df40cf68	dbtbs_bsub_core_44be1bddac760e1c	discovery	55	61	56	61	-2.5	+	GTAAAG	2.022346019744873
EMB_prokbert_C06	tjupan_bacillus_subtilis_main_89f3272bd34ff475	tjupan_bacillus_subtilis_main_89f3272bd34ff475	discovery	28	34	29	34	-29.5	+	TTAAAG	2.0238096714019775
EMB_prokbert_C06	tjupan_bacillus_subtilis_main_549e9d5c7cb67860	dbtbs_bsub_core_1a44bafede819df1	discovery	21	27	22	27	-36.5	+	CTAAAA	2.025993585586548
EMB_prokbert_C06	tjupan_bacillus_subtilis_main_e2b483c6aef274e0	dbtbs_bsub_core_175bcd2ea2263ee4	discovery	15	21	16	21	-42.5	+	TATAGA	2.033259868621826
EMB_prokbert_C06	tjupan_bacillus_subtilis_main_55935e0c215d1239	dbtbs_bsub_core_bd96a60828361996	discovery	47	53	48	53	-10.5	+	GTAAAG	2.052631378173828
EMB_prokbert_C06	tjupan_bacillus_subtilis_main_754ac4e873f6c24d	tjupan_bacillus_subtilis_main_754ac4e873f6c24d	discovery	56	62	57	62	-1.5	+	TAGCAA	2.0534660816192627
EMB_prokbert_C06	tjupan_bacillus_subtilis_main_9d589577eb1cbe67	tjupan_bacillus_subtilis_main_9d589577eb1cbe67	discovery	3	9	4	9	-54.5	+	CGTAAA	2.0585758686065674
EMB_prokbert_C06	tjupan_bacillus_subtilis_main_eaa75817f87b3088	dbtbs_bsub_core_71c43b52121900cc	discovery	21	27	22	27	-36.5	+	ATAGTT	2.06304669380188
EMB_prokbert_C06	tjupan_bacillus_subtilis_main_a9ae08a54b460299	dbtbs_bsub_core_4c306bb2d4b261c8	discovery	66	72	67	72	8.5	+	TTAAGT	2.075387477874756
EMB_prokbert_C06	tjupan_bacillus_subtilis_main_8265264627414ceb	tjupan_bacillus_subtilis_main_8265264627414ceb	discovery	49	55	50	55	-8.5	+	TAATAA	2.094459056854248
EMB_prokbert_C06	tjupan_bacillus_subtilis_main_238ba8da2c883516	dbtbs_bsub_core_238ba8da2c883516	discovery	49	55	50	55	-8.5	+	GAGTAA	2.107269763946533
EMB_prokbert_C06	tjupan_bacillus_subtilis_main_ab3313558a015086	dbtbs_bsub_core_ab3313558a015086	discovery	62	68	63	68	4.5	+	AAAGCG	2.117541790008545
EMB_prokbert_C06	tjupan_bacillus_subtilis_main_43fbda6e3c3abdae	dbtbs_bsub_core_c62c8589a5774a74	discovery	2	8	3	8	-55.5	+	GATAAA	2.122793197631836
EMB_prokbert_C06	tjupan_bacillus_subtilis_main_b88f3e08d3d51af5	tjupan_bacillus_subtilis_main_b88f3e08d3d51af5	discovery	54	60	55	60	-3.5	+	TAAAGC	2.128392219543457
EMB_prokbert_C06	tjupan_bacillus_subtilis_main_ba9efec60bbd4a6b	tjupan_bacillus_subtilis_main_ba9efec60bbd4a6b	discovery	17	23	18	23	-40.5	+	TAAGAT	2.1423747539520264
EMB_prokbert_C06	tjupan_bacillus_subtilis_main_ffb5b3082f8ea0cd	tjupan_bacillus_subtilis_main_ffb5b3082f8ea0cd	discovery	54	60	55	60	-3.5	+	TAGATA	2.1461021900177
EMB_prokbert_C06	tjupan_bacillus_subtilis_main_fff8e3a328b3cab3	dbtbs_bsub_core_7231d94d9d77331f	discovery	18	24	19	24	-39.5	+	ATTAAG	2.1472067832946777
EMB_prokbert_C06	tjupan_bacillus_subtilis_main_d497e040ececfdff	dbtbs_bsub_core_a797439cbe2b0d85	discovery	3	9	4	9	-54.5	+	TCTAAT	2.1511600017547607
EMB_prokbert_C06	tjupan_bacillus_subtilis_main_52fe6822c9d74b50	tjupan_bacillus_subtilis_main_52fe6822c9d74b50	discovery	69	75	70	75	11.5	+	TAATAG	2.152597665786743
EMB_prokbert_C06	tjupan_bacillus_subtilis_main_fc6071b9027316a7	tjupan_bacillus_subtilis_main_fc6071b9027316a7	discovery	52	58	53	58	-5.5	+	TAATAA	2.161865711212158
EMB_prokbert_C06	tjupan_bacillus_subtilis_main_ffefbc2ceaf331ea	dbtbs_bsub_core_ea5509009da1e1aa	discovery	4	10	5	10	-53.5	+	AGCTGA	2.165240526199341
EMB_prokbert_C06	tjupan_bacillus_subtilis_main_db51f0e14ca9b6e9	tjupan_bacillus_subtilis_main_db51f0e14ca9b6e9	discovery	69	75	70	75	11.5	+	CATAAG	2.165797710418701
EMB_prokbert_C06	tjupan_bacillus_subtilis_main_43596a46e3e4ddaa	tjupan_bacillus_subtilis_main_43596a46e3e4ddaa	discovery	68	74	69	74	10.5	+	AAGGTA	2.173300266265869
EMB_prokbert_C06	tjupan_bacillus_subtilis_main_e70fb70b66e1d829	tjupan_bacillus_subtilis_main_e70fb70b66e1d829	discovery	38	44	39	44	-19.5	+	TGTAAA	2.177314519882202
EMB_prokbert_C06	tjupan_bacillus_subtilis_main_5e34c7286340c249	dbtbs_bsub_core_0fedc539a64a99b7	discovery	51	57	52	57	-6.5	+	AAATAG	2.1909074783325195
EMB_prokbert_C06	tjupan_bacillus_subtilis_main_b5cc4aad42c9a683	dbtbs_bsub_core_b5cc4aad42c9a683	discovery	74	80	75	80	16.5	+	TAAGTA	2.191789150238037
EMB_prokbert_C06	tjupan_bacillus_subtilis_main_264ccaf63cfb1cfe	tjupan_bacillus_subtilis_main_264ccaf63cfb1cfe	discovery	68	74	69	74	10.5	+	AGTAAA	2.2023046016693115
EMB_prokbert_C06	tjupan_bacillus_subtilis_main_a31f56ff3ee450d4	dbtbs_bsub_core_1c4407f77cf4bab2	discovery	10	16	11	16	-47.5	+	AATAGC	2.2044293880462646
EMB_prokbert_C06	tjupan_bacillus_subtilis_main_29dff321a99fa8a2	dbtbs_bsub_core_e964a63647aab2c6	discovery	52	58	53	58	-5.5	+	TAGAAA	2.2263593673706055
EMB_prokbert_C06	tjupan_bacillus_subtilis_main_f5b082fd616807b3	dbtbs_bsub_core_4e960695d4b362e6	discovery	57	63	58	63	-0.5	+	CGTAAA	2.235210657119751
EMB_prokbert_C06	tjupan_bacillus_subtilis_main_25766be7ede5bd12	tjupan_bacillus_subtilis_main_25766be7ede5bd12	discovery	63	69	64	69	5.5	+	CTAAAA	2.2424044609069824
EMB_prokbert_C06	tjupan_bacillus_subtilis_main_86c973796d10f50f	dbtbs_bsub_core_86c973796d10f50f	discovery	63	69	64	69	5.5	+	GATAAG	2.2498316764831543
EMB_prokbert_C06	tjupan_bacillus_subtilis_main_272e2f2c83a48fab	dbtbs_bsub_core_272e2f2c83a48fab	discovery	12	18	13	18	-45.5	+	AGTAGG	2.2608344554901123
EMB_prokbert_C06	tjupan_bacillus_subtilis_main_6361ce51efe0f541	dbtbs_bsub_core_b928ebfb52e4cb48	discovery	66	72	67	72	8.5	+	GCTAGG	2.3017890453338623
EMB_prokbert_C06	tjupan_bacillus_subtilis_main_7ebbe970ac38b83d	dbtbs_bsub_core_5742761e1938e2d4	discovery	60	66	61	66	2.5	+	AGTAAG	2.304750442504883
EMB_prokbert_C06	tjupan_bacillus_subtilis_main_0c4104d2e02c2e3b	dbtbs_bsub_core_a955cdf3a08d689c	discovery	58	64	59	64	0.5	+	TAACAG	2.3057148456573486
EMB_prokbert_C06	tjupan_bacillus_subtilis_main_ec2d75bce4a65abf	dbtbs_bsub_core_e3549a9c12f5ac55	discovery	55	61	56	61	-2.5	+	AATAGG	2.3070499897003174
EMB_prokbert_C06	tjupan_bacillus_subtilis_main_a0eee3dddaf07ac3	tjupan_bacillus_subtilis_main_a0eee3dddaf07ac3	discovery	44	50	45	50	-13.5	+	GTTAAA	2.3211967945098877
EMB_prokbert_C06	tjupan_bacillus_subtilis_main_dccf4ca03cd1642b	dbtbs_bsub_core_dccf4ca03cd1642b	discovery	0	6	1	6	-57.5	+	GATAAG	2.340200662612915
EMB_prokbert_C06	tjupan_bacillus_subtilis_main_c2d54a415a7d048a	dbtbs_bsub_core_c2d54a415a7d048a	discovery	12	18	13	18	-45.5	+	AAGTTT	2.3411409854888916
EMB_prokbert_C06	tjupan_bacillus_subtilis_main_be557af728070615	tjupan_bacillus_subtilis_main_be557af728070615	discovery	12	18	13	18	-45.5	+	TAGGTA	2.35137939453125
EMB_prokbert_C06	tjupan_bacillus_subtilis_main_1edc8da3b582b0a5	dbtbs_bsub_core_1edc8da3b582b0a5	discovery	53	59	54	59	-4.5	+	TAAAGA	2.3664932250976562
EMB_prokbert_C06	tjupan_bacillus_subtilis_main_2a3c695bd1a0b4c9	tjupan_bacillus_subtilis_main_2a3c695bd1a0b4c9	discovery	73	79	74	79	15.5	+	CTAAGA	2.392517328262329
EMB_prokbert_C06	tjupan_bacillus_subtilis_main_85511e0264f2e3b8	dbtbs_bsub_core_35445cef3104bf74	discovery	74	80	75	80	16.5	+	TAGTAA	2.3962619304656982
EMB_prokbert_C06	tjupan_bacillus_subtilis_main_2bdb32bb685dc1db	tjupan_bacillus_subtilis_main_2bdb32bb685dc1db	discovery	64	70	65	70	6.5	+	ATAGGA	2.457165002822876
EMB_prokbert_C06	tjupan_bacillus_subtilis_main_35bf7199ae44b70c	dbtbs_bsub_core_35bf7199ae44b70c	discovery	2	8	3	8	-55.5	+	TTAAAG	2.49665904045105
EMB_prokbert_C06	tjupan_bacillus_subtilis_main_3741d9dc6611d95f	tjupan_bacillus_subtilis_main_3741d9dc6611d95f	discovery	74	80	75	80	16.5	+	ATAGAA	2.6305718421936035
EMB_prokbert_C06	tjupan_bacillus_subtilis_main_8f9b814f5e8b18ae	dbtbs_bsub_core_8f9b814f5e8b18ae	discovery	75	81	76	81	17.5	+	ATAAAA	2.6430680751800537
EMB_prokbert_C06	tjupan_bacillus_subtilis_main_c2a5e00f908ba88c	dbtbs_bsub_core_c2a5e00f908ba88c	discovery	1	7	2	7	-56.5	+	TAAAGT	2.674680709838867
EMB_prokbert_C06	tjupan_bacillus_subtilis_main_6901d7d50287d8c1	dbtbs_bsub_core_6901d7d50287d8c1	discovery	51	57	52	57	-6.5	+	CCCTAA	2.686786651611328
EMB_prokbert_C06	tjupan_bacillus_subtilis_main_f58412ec32c641aa	dbtbs_bsub_core_bba92a46eba6f8e0	discovery	75	81	76	81	17.5	+	AGTAAC	2.7344682216644287
EMB_prokbert_C06	tjupan_bacillus_subtilis_main_0b104549c8fd9755	dbtbs_bsub_core_0b104549c8fd9755	discovery	0	6	1	6	-57.5	+	CTTAGT	2.8217546939849854
EMB_prokbert_C07	tjupan_bacillus_subtilis_main_e95909bd7e136f46	dbtbs_bsub_core_426aaa712ced5536	discovery	20	26	21	26	-37.5	+	CCGTTG	1.2358349561691284
EMB_prokbert_C07	tjupan_bacillus_subtilis_main_8b776572d2e01c62	dbtbs_bsub_core_6736f212a82e3343	discovery	57	63	58	63	-0.5	+	ACTGTT	1.2831183671951294
EMB_prokbert_C07	tjupan_bacillus_subtilis_main_118649b56e4ec470	tjupan_bacillus_subtilis_main_118649b56e4ec470	discovery	16	22	17	22	-41.5	+	CTGGTT	1.368821382522583
EMB_prokbert_C07	tjupan_bacillus_subtilis_main_b24feeda89db5dfd	dbtbs_bsub_core_b24feeda89db5dfd	discovery	33	39	34	39	-24.5	+	CGGTTC	1.3925864696502686
EMB_prokbert_C07	tjupan_bacillus_subtilis_main_73f2f27ec267a871	dbtbs_bsub_core_77a7b73eeb200478	discovery	22	28	23	28	-35.5	+	GTTTGA	1.4030511379241943
EMB_prokbert_C07	tjupan_bacillus_subtilis_main_9ab6c96db0706f0e	dbtbs_bsub_core_c190339743385950	discovery	68	74	69	74	10.5	+	TGTTTC	1.406774640083313
EMB_prokbert_C07	tjupan_bacillus_subtilis_main_48b85a8a5c19ece4	dbtbs_bsub_core_7730e205ee5d9991	discovery	38	44	39	44	-19.5	+	GTTTAT	1.4071215391159058
EMB_prokbert_C07	tjupan_bacillus_subtilis_main_fde7c2aaac5c57ce	dbtbs_bsub_core_fde7c2aaac5c57ce	discovery	22	28	23	28	-35.5	+	GTCTTG	1.4261293411254883
EMB_prokbert_C07	tjupan_bacillus_subtilis_main_9e087715e3522ed4	dbtbs_bsub_core_b3df5d74f56f0610	discovery	31	37	32	37	-26.5	+	ACTTGT	1.4604761600494385
EMB_prokbert_C07	tjupan_bacillus_subtilis_main_50a7bea74c679f62	tjupan_bacillus_subtilis_main_50a7bea74c679f62	discovery	42	48	43	48	-15.5	+	ACTTGT	1.470449686050415
EMB_prokbert_C07	tjupan_bacillus_subtilis_main_ecef2875a7a372ba	dbtbs_bsub_core_ecef2875a7a372ba	discovery	4	10	5	10	-53.5	+	TCCTTT	1.4895811080932617
EMB_prokbert_C07	tjupan_bacillus_subtilis_main_8f9b814f5e8b18ae	dbtbs_bsub_core_8f9b814f5e8b18ae	discovery	36	42	37	42	-21.5	+	TGTTCC	1.525762915611267
EMB_prokbert_C07	tjupan_bacillus_subtilis_main_ffefbc2ceaf331ea	dbtbs_bsub_core_ea5509009da1e1aa	discovery	22	28	23	28	-35.5	+	CTTGGT	1.5458961725234985
EMB_prokbert_C07	tjupan_bacillus_subtilis_main_41b76e09c674d652	dbtbs_bsub_core_41b76e09c674d652	discovery	32	38	33	38	-25.5	+	GTTTCA	1.558077096939087
EMB_prokbert_C07	tjupan_bacillus_subtilis_main_fff8e3a328b3cab3	dbtbs_bsub_core_7231d94d9d77331f	discovery	24	30	25	30	-33.5	+	TTGACG	1.5608159303665161
EMB_prokbert_C07	tjupan_bacillus_subtilis_main_e445a9d379a1812a	dbtbs_bsub_core_e445a9d379a1812a	discovery	27	33	28	33	-30.5	+	GCTTTC	1.5652387142181396
EMB_prokbert_C07	tjupan_bacillus_subtilis_main_282b0a85bf46906b	tjupan_bacillus_subtilis_main_282b0a85bf46906b	discovery	7	13	8	13	-50.5	+	GTTCTT	1.5729857683181763
EMB_prokbert_C07	tjupan_bacillus_subtilis_main_50224837ca8eceb5	dbtbs_bsub_core_50224837ca8eceb5	discovery	43	49	44	49	-14.5	+	TGGTTC	1.5751125812530518
EMB_prokbert_C07	tjupan_bacillus_subtilis_main_2931d3a1a20c25de	dbtbs_bsub_core_60150ba1e82823d4	discovery	36	42	37	42	-21.5	+	GTCCTT	1.5771241188049316
EMB_prokbert_C07	tjupan_bacillus_subtilis_main_3ec4c8abee3f7a8e	dbtbs_bsub_core_c18c3f10dff5c627	discovery	29	35	30	35	-28.5	+	AACCTT	1.5779458284378052
EMB_prokbert_C07	tjupan_bacillus_subtilis_main_4b32f81551985923	tjupan_bacillus_subtilis_main_4b32f81551985923	discovery	16	22	17	22	-41.5	+	GGATTC	1.5881328582763672
EMB_prokbert_C07	tjupan_bacillus_subtilis_main_ade14dd3fdacb032	dbtbs_bsub_core_12585b08a658046e	discovery	25	31	26	31	-32.5	+	CTTGTC	1.6042340993881226
EMB_prokbert_C07	tjupan_bacillus_subtilis_main_a2eb9b766304b405	dbtbs_bsub_core_adaec4e024668ee2	discovery	39	45	40	45	-18.5	+	GACTTC	1.6056149005889893
EMB_prokbert_C07	tjupan_bacillus_subtilis_main_3270409c742f3314	dbtbs_bsub_core_edd6f2ee95c58508	discovery	35	41	36	41	-22.5	+	CGATTT	1.606123685836792
EMB_prokbert_C07	tjupan_bacillus_subtilis_main_101463e41079a20e	dbtbs_bsub_core_101463e41079a20e	discovery	29	35	30	35	-28.5	+	CTTTAT	1.6225254535675049
EMB_prokbert_C07	tjupan_bacillus_subtilis_main_ac1a0a0a579397f6	tjupan_bacillus_subtilis_main_ac1a0a0a579397f6	discovery	31	37	32	37	-26.5	+	TAGTTG	1.625619888305664
EMB_prokbert_C07	tjupan_bacillus_subtilis_main_bf15c71cd5f4b9e0	dbtbs_bsub_core_79aa8a5c0f3b9558	discovery	28	34	29	34	-29.5	+	AAGTTC	1.62586510181427
EMB_prokbert_C07	tjupan_bacillus_subtilis_main_e0774d83207a7dd7	dbtbs_bsub_core_2b17d905bac0c3bc	discovery	21	27	22	27	-36.5	+	GGCTGT	1.6267420053482056
EMB_prokbert_C07	tjupan_bacillus_subtilis_main_7358cf40e4efa482	tjupan_bacillus_subtilis_main_7358cf40e4efa482	discovery	12	18	13	18	-45.5	+	TCACCT	1.6303139925003052
EMB_prokbert_C07	tjupan_bacillus_subtilis_main_2b17d905bac0c3bc	dbtbs_bsub_core_2b17d905bac0c3bc	discovery	20	26	21	26	-37.5	+	GGCTGT	1.6308854818344116
EMB_prokbert_C07	tjupan_bacillus_subtilis_main_9990510225814384	tjupan_bacillus_subtilis_main_9990510225814384	discovery	5	11	6	11	-52.5	+	TGTTCC	1.6331422328948975
EMB_prokbert_C07	tjupan_bacillus_subtilis_main_e2b483c6aef274e0	dbtbs_bsub_core_175bcd2ea2263ee4	discovery	40	46	41	46	-17.5	+	AGTTTC	1.6585298776626587
EMB_prokbert_C07	tjupan_bacillus_subtilis_main_09dd4c8ba7bc09c6	dbtbs_bsub_core_09dd4c8ba7bc09c6	discovery	24	30	25	30	-33.5	+	TTGAGT	1.6705055236816406
EMB_prokbert_C07	tjupan_bacillus_subtilis_main_91197a052a9adc5b	tjupan_bacillus_subtilis_main_91197a052a9adc5b	discovery	45	51	46	51	-12.5	+	GTTATT	1.6810392141342163
EMB_prokbert_C07	tjupan_bacillus_subtilis_main_3ed5570d9bd715ae	dbtbs_bsub_core_0561dd78dc44b145	discovery	42	48	43	48	-15.5	+	CCTTGT	1.683874249458313
EMB_prokbert_C07	tjupan_bacillus_subtilis_main_cf3def291394eeb9	tjupan_bacillus_subtilis_main_cf3def291394eeb9	discovery	59	65	60	65	1.5	+	TCCGTT	1.6862890720367432
EMB_prokbert_C07	tjupan_bacillus_subtilis_main_01ae3d26fad13b71	dbtbs_bsub_core_7a9c3b7d79cfafb8	discovery	35	41	36	41	-22.5	+	GTCCAT	1.6883676052093506
EMB_prokbert_C07	tjupan_bacillus_subtilis_main_cb2c7c4f94201384	tjupan_bacillus_subtilis_main_cb2c7c4f94201384	discovery	21	27	22	27	-36.5	+	GGTTTG	1.6899657249450684
EMB_prokbert_C07	tjupan_bacillus_subtilis_main_b0d8a2369952b821	dbtbs_bsub_core_3f773ca1224c0e26	discovery	20	26	21	26	-37.5	+	CGTTTG	1.695495843887329
EMB_prokbert_C07	tjupan_bacillus_subtilis_main_9571d32ab22eb9a0	dbtbs_bsub_core_9571d32ab22eb9a0	discovery	39	45	40	45	-18.5	+	CGTTTC	1.7031115293502808
EMB_prokbert_C07	tjupan_bacillus_subtilis_main_91723abad13f63e4	tjupan_bacillus_subtilis_main_91723abad13f63e4	discovery	33	39	34	39	-24.5	+	AAGCGT	1.7031172513961792
EMB_prokbert_C07	tjupan_bacillus_subtilis_main_8a0979b032bb35c1	dbtbs_bsub_core_33318fe6256d39ff	discovery	13	19	14	19	-44.5	+	TGTTCT	1.713628888130188
EMB_prokbert_C07	tjupan_bacillus_subtilis_main_f6c5351a3e225d0c	dbtbs_bsub_core_f6c5351a3e225d0c	discovery	33	39	34	39	-24.5	+	GCTTTC	1.713914155960083
EMB_prokbert_C07	tjupan_bacillus_subtilis_main_e47a55cd702f35e7	dbtbs_bsub_core_175bcd2ea2263ee4	discovery	36	42	37	42	-21.5	+	AGTTTC	1.7226970195770264
EMB_prokbert_C07	tjupan_bacillus_subtilis_main_76885f00c763f220	dbtbs_bsub_core_07bcce23a89f64fb	discovery	39	45	40	45	-18.5	+	TCCCAT	1.7229684591293335
EMB_prokbert_C07	tjupan_bacillus_subtilis_main_ade9dc791ab39f6c	dbtbs_bsub_core_ade9dc791ab39f6c	discovery	48	54	49	54	-9.5	+	TATCTT	1.7243807315826416
EMB_prokbert_C07	tjupan_bacillus_subtilis_main_bdf5315a71015695	dbtbs_bsub_core_c94ae7322b918d76	discovery	23	29	24	29	-34.5	+	GTTGCA	1.7252007722854614
EMB_prokbert_C07	tjupan_bacillus_subtilis_main_0d390d7bf47f6ae0	tjupan_bacillus_subtilis_main_0d390d7bf47f6ae0	discovery	68	74	69	74	10.5	+	GAATCC	1.7380497455596924
EMB_prokbert_C07	tjupan_bacillus_subtilis_main_56bd9deba3d3b9f9	dbtbs_bsub_core_5dd7cccc54d589c3	discovery	12	18	13	18	-45.5	+	CGTTTT	1.738143801689148
EMB_prokbert_C07	tjupan_bacillus_subtilis_main_f246415af5cfc524	dbtbs_bsub_core_f246415af5cfc524	discovery	15	21	16	21	-42.5	+	TTCGGT	1.7384614944458008
EMB_prokbert_C07	tjupan_bacillus_subtilis_main_fa23a6db7de139e8	tjupan_bacillus_subtilis_main_fa23a6db7de139e8	discovery	38	44	39	44	-19.5	+	GGAAAT	1.7410553693771362
EMB_prokbert_C07	tjupan_bacillus_subtilis_main_0f3eb3e9a9977e6d	tjupan_bacillus_subtilis_main_0f3eb3e9a9977e6d	discovery	50	56	51	56	-7.5	+	ATACTT	1.7413687705993652
EMB_prokbert_C07	tjupan_bacillus_subtilis_main_106e69f8e7e10bd4	tjupan_bacillus_subtilis_main_106e69f8e7e10bd4	discovery	14	20	15	20	-43.5	+	GGAATT	1.7415378093719482
EMB_prokbert_C07	tjupan_bacillus_subtilis_main_d9cd9789d0fb01a3	dbtbs_bsub_core_c190339743385950	discovery	70	76	71	76	12.5	+	TCCATG	1.741560459136963
EMB_prokbert_C07	tjupan_bacillus_subtilis_main_ba49f50d8b0af1c7	dbtbs_bsub_core_8a4a22c637647f42	discovery	28	34	29	34	-29.5	+	TGTTTA	1.7448005676269531
EMB_prokbert_C07	tjupan_bacillus_subtilis_main_66846fa14c29dbc1	dbtbs_bsub_core_89ab3601fa8ac055	discovery	26	32	27	32	-31.5	+	CTGTCG	1.746489405632019
EMB_prokbert_C07	tjupan_bacillus_subtilis_main_1dc2eb4818f9715a	dbtbs_bsub_core_1dc2eb4818f9715a	discovery	60	66	61	66	2.5	+	GTACCA	1.7470511198043823
EMB_prokbert_C07	tjupan_bacillus_subtilis_main_2e59e247c2d07b0b	tjupan_bacillus_subtilis_main_2e59e247c2d07b0b	discovery	65	71	66	71	7.5	+	TTACCG	1.7554535865783691
EMB_prokbert_C07	tjupan_bacillus_subtilis_main_8a4a22c637647f42	dbtbs_bsub_core_8a4a22c637647f42	discovery	27	33	28	33	-30.5	+	TGTTTA	1.7561959028244019
EMB_prokbert_C07	tjupan_bacillus_subtilis_main_edce5d598636e106	dbtbs_bsub_core_39acf3daf47ccd69	discovery	33	39	34	39	-24.5	+	AAGGTT	1.756943941116333
EMB_prokbert_C07	tjupan_bacillus_subtilis_main_980ab95cde029f78	tjupan_bacillus_subtilis_main_980ab95cde029f78	discovery	46	52	47	52	-11.5	+	GTACAT	1.7610535621643066
EMB_prokbert_C07	tjupan_bacillus_subtilis_main_ef1d1fbaad689e40	dbtbs_bsub_core_ef1d1fbaad689e40	discovery	21	27	22	27	-36.5	+	CTTGTT	1.7615658044815063
EMB_prokbert_C07	tjupan_bacillus_subtilis_main_2c918744f6daf466	dbtbs_bsub_core_20f77243a5b2c4ab	discovery	39	45	40	45	-18.5	+	AAGTTC	1.7652770280838013
EMB_prokbert_C07	tjupan_bacillus_subtilis_main_7c03938b389dc368	dbtbs_bsub_core_39e8d21f598046d9	discovery	41	47	42	47	-16.5	+	CGTTTG	1.7676475048065186
EMB_prokbert_C07	tjupan_bacillus_subtilis_main_55935e0c215d1239	dbtbs_bsub_core_bd96a60828361996	discovery	53	59	54	59	-4.5	+	TTCAAT	1.7682348489761353
EMB_prokbert_C07	tjupan_bacillus_subtilis_main_e9623f8193af34e0	dbtbs_bsub_core_e9623f8193af34e0	discovery	14	20	15	20	-43.5	+	GCCGTT	1.7821966409683228
EMB_prokbert_C07	tjupan_bacillus_subtilis_main_0261e5d9e5354132	tjupan_bacillus_subtilis_main_0261e5d9e5354132	discovery	39	45	40	45	-18.5	+	TAACGC	1.7827365398406982
EMB_prokbert_C07	tjupan_bacillus_subtilis_main_4d08fa1f606ad269	tjupan_bacillus_subtilis_main_4d08fa1f606ad269	discovery	36	42	37	42	-21.5	+	ACCTTT	1.7829126119613647
EMB_prokbert_C07	tjupan_bacillus_subtilis_main_8e4b7e6c519e170f	tjupan_bacillus_subtilis_main_8e4b7e6c519e170f	discovery	6	12	7	12	-51.5	+	CTTCGG	1.7927674055099487
EMB_prokbert_C07	tjupan_bacillus_subtilis_main_5564dcefe2988333	tjupan_bacillus_subtilis_main_5564dcefe2988333	discovery	10	16	11	16	-47.5	+	TGATTC	1.7942779064178467
EMB_prokbert_C07	tjupan_bacillus_subtilis_main_adbf75412ef7d5a0	dbtbs_bsub_core_adbf75412ef7d5a0	discovery	23	29	24	29	-34.5	+	CGGAAT	1.7960035800933838
EMB_prokbert_C07	tjupan_bacillus_subtilis_main_b5cc4aad42c9a683	dbtbs_bsub_core_b5cc4aad42c9a683	discovery	66	72	67	72	8.5	+	TAGTCT	1.7985025644302368
EMB_prokbert_C07	tjupan_bacillus_subtilis_main_ad6e1b40396f6528	dbtbs_bsub_core_ad6e1b40396f6528	discovery	63	69	64	69	5.5	+	AGTTGG	1.799517035484314
EMB_prokbert_C07	tjupan_bacillus_subtilis_main_c2d54a415a7d048a	dbtbs_bsub_core_c2d54a415a7d048a	discovery	46	52	47	52	-11.5	+	TGCCGT	1.7995872497558594
EMB_prokbert_C07	tjupan_bacillus_subtilis_main_90a64d4511c49526	dbtbs_bsub_core_90a64d4511c49526	discovery	13	19	14	19	-44.5	+	GGTTCA	1.8006423711776733
EMB_prokbert_C07	tjupan_bacillus_subtilis_main_8b7394af6b78d50f	dbtbs_bsub_core_c890b4346c03f247	discovery	20	26	21	26	-37.5	+	TTGTTC	1.8088566064834595
EMB_prokbert_C07	tjupan_bacillus_subtilis_main_0b565809576a9e0f	dbtbs_bsub_core_0fcadafa827fb8cf	discovery	20	26	21	26	-37.5	+	CAAGTT	1.8094866275787354
EMB_prokbert_C07	tjupan_bacillus_subtilis_main_3eb701a469cb4095	tjupan_bacillus_subtilis_main_3eb701a469cb4095	discovery	53	59	54	59	-4.5	+	TCTGGT	1.8148380517959595
EMB_prokbert_C07	tjupan_bacillus_subtilis_main_b59ef89e981b3745	tjupan_bacillus_subtilis_main_b59ef89e981b3745	discovery	27	33	28	33	-30.5	+	GAAACG	1.8157029151916504
EMB_prokbert_C07	tjupan_bacillus_subtilis_main_0e56c5fe6c5d0db0	dbtbs_bsub_core_cfddcd51a76889fd	discovery	17	23	18	23	-40.5	+	GAATTC	1.819379210472107
EMB_prokbert_C07	tjupan_bacillus_subtilis_main_d1b10b64ac040b8c	dbtbs_bsub_core_3a6c62def340fb72	discovery	27	33	28	33	-30.5	+	GACCTT	1.8213963508605957
EMB_prokbert_C07	tjupan_bacillus_subtilis_main_4a76c51266c80a0f	dbtbs_bsub_core_b905bf06b88d4e46	discovery	26	32	27	32	-31.5	+	GAAACC	1.8289670944213867
EMB_prokbert_C07	tjupan_bacillus_subtilis_main_e9d365c0dda7757e	tjupan_bacillus_subtilis_main_e9d365c0dda7757e	discovery	13	19	14	19	-44.5	+	GTTTCA	1.8318424224853516
EMB_prokbert_C07	tjupan_bacillus_subtilis_main_13f211949a22c74a	dbtbs_bsub_core_bdbae944a25ddfff	discovery	14	20	15	20	-43.5	+	GAAGTT	1.8358891010284424
EMB_prokbert_C07	tjupan_bacillus_subtilis_main_69a39ef163dd4726	tjupan_bacillus_subtilis_main_69a39ef163dd4726	discovery	61	67	62	67	3.5	+	GGTTCC	1.8367987871170044
EMB_prokbert_C07	tjupan_bacillus_subtilis_main_c648ac4df22b0f89	dbtbs_bsub_core_c648ac4df22b0f89	discovery	40	46	41	46	-17.5	+	CTTAGT	1.8380286693572998
EMB_prokbert_C07	tjupan_bacillus_subtilis_main_962b839f321a2605	dbtbs_bsub_core_962b839f321a2605	discovery	24	30	25	30	-33.5	+	TTGAGT	1.8425644636154175
EMB_prokbert_C07	tjupan_bacillus_subtilis_main_f9edd67964b41200	dbtbs_bsub_core_f9edd67964b41200	discovery	23	29	24	29	-34.5	+	TTCGGT	1.8430052995681763
EMB_prokbert_C07	tjupan_bacillus_subtilis_main_187a9844a7f0c551	tjupan_bacillus_subtilis_main_187a9844a7f0c551	discovery	18	24	19	24	-39.5	+	TGAATT	1.843263864517212
EMB_prokbert_C07	tjupan_bacillus_subtilis_main_7a6037ae36a0870c	tjupan_bacillus_subtilis_main_7a6037ae36a0870c	discovery	24	30	25	30	-33.5	+	CGTTTA	1.844515085220337
EMB_prokbert_C07	tjupan_bacillus_subtilis_main_0a0035c3a0685aa9	dbtbs_bsub_core_d50ffa4df9b8add7	discovery	40	46	41	46	-17.5	+	TTCAGC	1.8468250036239624
EMB_prokbert_C07	tjupan_bacillus_subtilis_main_a032a3114b7dbf1c	dbtbs_bsub_core_a032a3114b7dbf1c	discovery	55	61	56	61	-2.5	+	ACCTTG	1.8489248752593994
EMB_prokbert_C07	tjupan_bacillus_subtilis_main_7ac1767347438edd	dbtbs_bsub_core_5c6ce2f66e66fe9e	discovery	39	45	40	45	-18.5	+	TGTTTC	1.852501630783081
EMB_prokbert_C07	tjupan_bacillus_subtilis_main_2b2db3c55e03b737	dbtbs_bsub_core_9d26dfa3049d6f00	discovery	2	8	3	8	-55.5	+	CGTTTC	1.853874921798706
EMB_prokbert_C07	tjupan_bacillus_subtilis_main_737474f253397bee	tjupan_bacillus_subtilis_main_737474f253397bee	discovery	23	29	24	29	-34.5	+	GGTTTG	1.8561530113220215
EMB_prokbert_C07	tjupan_bacillus_subtilis_main_e8dca4769e2e29bc	dbtbs_bsub_core_b8b8ac7ece3bed55	discovery	58	64	59	64	0.5	+	TTGTCC	1.8644964694976807
EMB_prokbert_C07	tjupan_bacillus_subtilis_main_fb689c0625deec2e	dbtbs_bsub_core_bf9535fab79dbf8f	discovery	66	72	67	72	8.5	+	TGACTT	1.8682365417480469
EMB_prokbert_C07	tjupan_bacillus_subtilis_main_84597be11ba889b8	tjupan_bacillus_subtilis_main_84597be11ba889b8	discovery	44	50	45	50	-13.5	+	GTTTTA	1.8746826648712158
EMB_prokbert_C07	tjupan_bacillus_subtilis_main_9361e0f82edaa017	tjupan_bacillus_subtilis_main_9361e0f82edaa017	discovery	23	29	24	29	-34.5	+	CAGGTT	1.8804298639297485
EMB_prokbert_C07	tjupan_bacillus_subtilis_main_52267ea931cb2dd7	dbtbs_bsub_core_b35218f45c0f11c8	discovery	39	45	40	45	-18.5	+	AGTTTC	1.881243348121643
EMB_prokbert_C07	tjupan_bacillus_subtilis_main_fe2a626ec63a594e	dbtbs_bsub_core_abc060d81660f90c	discovery	68	74	69	74	10.5	+	TGAGTT	1.8836650848388672
EMB_prokbert_C07	tjupan_bacillus_subtilis_main_4fc356ae4cdf5a10	dbtbs_bsub_core_89ad3abb800dad9f	discovery	22	28	23	28	-35.5	+	GAATTG	1.8857946395874023
EMB_prokbert_C07	tjupan_bacillus_subtilis_main_754ac4e873f6c24d	tjupan_bacillus_subtilis_main_754ac4e873f6c24d	discovery	24	30	25	30	-33.5	+	GAACCA	1.8914122581481934
EMB_prokbert_C07	tjupan_bacillus_subtilis_main_dc1d0e364ea2d865	tjupan_bacillus_subtilis_main_dc1d0e364ea2d865	discovery	17	23	18	23	-40.5	+	GAATGT	1.8924682140350342
EMB_prokbert_C07	tjupan_bacillus_subtilis_main_1c375491ec2245f4	tjupan_bacillus_subtilis_main_1c375491ec2245f4	discovery	27	33	28	33	-30.5	+	AAAGTT	1.8999295234680176
EMB_prokbert_C07	tjupan_bacillus_subtilis_main_d33162cb12a5a549	tjupan_bacillus_subtilis_main_d33162cb12a5a549	discovery	21	27	22	27	-36.5	+	AGGTTT	1.9021918773651123
EMB_prokbert_C07	tjupan_bacillus_subtilis_main_0cc8abc9b551141c	dbtbs_bsub_core_0cc8abc9b551141c	discovery	24	30	25	30	-33.5	+	GCTTGT	1.90582275390625
EMB_prokbert_C07	tjupan_bacillus_subtilis_main_f5b082fd616807b3	dbtbs_bsub_core_4e960695d4b362e6	discovery	31	37	32	37	-26.5	+	AACCTT	1.9061070680618286
EMB_prokbert_C07	tjupan_bacillus_subtilis_main_213d453c1e49e371	tjupan_bacillus_subtilis_main_213d453c1e49e371	discovery	67	73	68	73	9.5	+	GTCCCT	1.907928705215454
EMB_prokbert_C07	tjupan_bacillus_subtilis_main_05b3d931ff35d8e8	dbtbs_bsub_core_05b3d931ff35d8e8	discovery	15	21	16	21	-42.5	+	GAAGTC	1.9133719205856323
EMB_prokbert_C07	tjupan_bacillus_subtilis_main_a92ee416463b3fc1	dbtbs_bsub_core_585820026d8d814d	discovery	71	77	72	77	13.5	+	GAATCC	1.9169929027557373
EMB_prokbert_C07	tjupan_bacillus_subtilis_main_6c11169e185f76df	dbtbs_bsub_core_6c11169e185f76df	discovery	62	68	63	68	4.5	+	AAGATT	1.9176170825958252
EMB_prokbert_C07	tjupan_bacillus_subtilis_main_25766be7ede5bd12	tjupan_bacillus_subtilis_main_25766be7ede5bd12	discovery	49	55	50	55	-8.5	+	TTCCGT	1.918129801750183
EMB_prokbert_C07	tjupan_bacillus_subtilis_main_fea868950ff1c774	tjupan_bacillus_subtilis_main_fea868950ff1c774	discovery	14	20	15	20	-43.5	+	ACTTCC	1.9240050315856934
EMB_prokbert_C07	tjupan_bacillus_subtilis_main_76909c0ebd8db916	dbtbs_bsub_core_d5153844984277ea	discovery	61	67	62	67	3.5	+	GAAATT	1.924190640449524
EMB_prokbert_C07	tjupan_bacillus_subtilis_main_cb8c6e383b33abd4	dbtbs_bsub_core_cb8c6e383b33abd4	discovery	25	31	26	31	-32.5	+	GAAACT	1.926727533340454
EMB_prokbert_C07	tjupan_bacillus_subtilis_main_db51f0e14ca9b6e9	tjupan_bacillus_subtilis_main_db51f0e14ca9b6e9	discovery	27	33	28	33	-30.5	+	GAAACC	1.9283983707427979
EMB_prokbert_C07	tjupan_bacillus_subtilis_main_3ac22b11e92c0ec1	tjupan_bacillus_subtilis_main_3ac22b11e92c0ec1	discovery	38	44	39	44	-19.5	+	GATTCT	1.9292515516281128
EMB_prokbert_C07	tjupan_bacillus_subtilis_main_264ccaf63cfb1cfe	tjupan_bacillus_subtilis_main_264ccaf63cfb1cfe	discovery	38	44	39	44	-19.5	+	CAAGTC	1.931961178779602
EMB_prokbert_C07	tjupan_bacillus_subtilis_main_b7c0b4323e70fc71	dbtbs_bsub_core_b7c0b4323e70fc71	discovery	27	33	28	33	-30.5	+	GAAACC	1.938305139541626
EMB_prokbert_C07	tjupan_bacillus_subtilis_main_0b104549c8fd9755	dbtbs_bsub_core_0b104549c8fd9755	discovery	10	16	11	16	-47.5	+	GTTATC	1.9490810632705688
EMB_prokbert_C07	tjupan_bacillus_subtilis_main_1259688a411f3c07	tjupan_bacillus_subtilis_main_1259688a411f3c07	discovery	61	67	62	67	3.5	+	AAGATT	1.950239896774292
EMB_prokbert_C07	tjupan_bacillus_subtilis_main_7bd42a66d387ec94	dbtbs_bsub_core_5cf240f92a00f0e3	discovery	25	31	26	31	-32.5	+	GTTAGA	1.9903759956359863
EMB_prokbert_C07	tjupan_bacillus_subtilis_main_dccf4ca03cd1642b	dbtbs_bsub_core_dccf4ca03cd1642b	discovery	29	35	30	35	-28.5	+	CATTTC	1.9904192686080933
EMB_prokbert_C07	tjupan_bacillus_subtilis_main_982fa9762732f05a	tjupan_bacillus_subtilis_main_982fa9762732f05a	discovery	9	15	10	15	-48.5	+	CAATTA	1.9921720027923584
EMB_prokbert_C07	tjupan_bacillus_subtilis_main_d0e455b1c91ba281	dbtbs_bsub_core_f6e924d0656980ad	discovery	30	36	31	36	-27.5	+	AGTTCC	1.9948885440826416
EMB_prokbert_C07	tjupan_bacillus_subtilis_main_ffb5b3082f8ea0cd	tjupan_bacillus_subtilis_main_ffb5b3082f8ea0cd	discovery	63	69	64	69	5.5	+	AGCGTT	2.001685857772827
EMB_prokbert_C07	tjupan_bacillus_subtilis_main_acb860b1f6674578	dbtbs_bsub_core_f1e6e06788e9c9fd	discovery	26	32	27	32	-31.5	+	TGAAAC	2.0086753368377686
EMB_prokbert_C07	tjupan_bacillus_subtilis_main_5d881eac8b46d627	dbtbs_bsub_core_5d881eac8b46d627	discovery	28	34	29	34	-29.5	+	TTTGGA	2.0119380950927734
EMB_prokbert_C07	tjupan_bacillus_subtilis_main_73a7b40a4dc814aa	dbtbs_bsub_core_bdba293c4926b88d	discovery	22	28	23	28	-35.5	+	GTTTCC	2.014652967453003
EMB_prokbert_C07	tjupan_bacillus_subtilis_main_549e9d5c7cb67860	dbtbs_bsub_core_1a44bafede819df1	discovery	63	69	64	69	5.5	+	TAAGTT	2.015071392059326
EMB_prokbert_C07	tjupan_bacillus_subtilis_main_6361ce51efe0f541	dbtbs_bsub_core_b928ebfb52e4cb48	discovery	26	32	27	32	-31.5	+	TTCCGA	2.025249719619751
EMB_prokbert_C07	tjupan_bacillus_subtilis_main_619ca6b1749e92aa	tjupan_bacillus_subtilis_main_619ca6b1749e92aa	discovery	9	15	10	15	-48.5	+	AAACCT	2.0257136821746826
EMB_prokbert_C07	tjupan_bacillus_subtilis_main_ed12f07c80365cbc	dbtbs_bsub_core_09dd4c8ba7bc09c6	discovery	60	66	61	66	2.5	+	AAGAGT	2.0269582271575928
EMB_prokbert_C07	tjupan_bacillus_subtilis_main_57cb99253c19d2b6	tjupan_bacillus_subtilis_main_57cb99253c19d2b6	discovery	35	41	36	41	-22.5	+	GCCGTG	2.0279953479766846
EMB_prokbert_C07	tjupan_bacillus_subtilis_main_2c9e8a462277f7da	dbtbs_bsub_core_f7573fed016c047b	discovery	22	28	23	28	-35.5	+	GGTACT	2.033500909805298
EMB_prokbert_C07	tjupan_bacillus_subtilis_main_1a8b81622422b81c	dbtbs_bsub_core_045e4f174337aedd	discovery	24	30	25	30	-33.5	+	CGGTTA	2.0345113277435303
EMB_prokbert_C07	tjupan_bacillus_subtilis_main_a723fdca1013c0b5	dbtbs_bsub_core_a723fdca1013c0b5	discovery	7	13	8	13	-50.5	+	GTCCGC	2.037619113922119
EMB_prokbert_C07	tjupan_bacillus_subtilis_main_5ccaab5adb962b3d	dbtbs_bsub_core_483b39fd11d75b28	discovery	36	42	37	42	-21.5	+	GCGATT	2.048828125
EMB_prokbert_C07	tjupan_bacillus_subtilis_main_6b5eda10bbc36b27	dbtbs_bsub_core_0d578393adbcde98	discovery	28	34	29	34	-29.5	+	ACTTTC	2.048997402191162
EMB_prokbert_C07	tjupan_bacillus_subtilis_main_ca7144caa797f7bc	dbtbs_bsub_core_ca7144caa797f7bc	discovery	21	27	22	27	-36.5	+	CCGTTT	2.0610361099243164
EMB_prokbert_C07	tjupan_bacillus_subtilis_main_a7a45131c45395c8	dbtbs_bsub_core_a7a45131c45395c8	discovery	10	16	11	16	-47.5	+	CTGATT	2.063971519470215
EMB_prokbert_C07	tjupan_bacillus_subtilis_main_c229c4b94f6591ae	tjupan_bacillus_subtilis_main_c229c4b94f6591ae	discovery	7	13	8	13	-50.5	+	AGGTTT	2.0708348751068115
EMB_prokbert_C07	tjupan_bacillus_subtilis_main_80add31ceb4a1382	tjupan_bacillus_subtilis_main_80add31ceb4a1382	discovery	37	43	38	43	-20.5	+	TGCTTT	2.071331739425659
EMB_prokbert_C07	tjupan_bacillus_subtilis_main_67a9ae83c973a42d	tjupan_bacillus_subtilis_main_67a9ae83c973a42d	discovery	23	29	24	29	-34.5	+	CATGTT	2.078442096710205
EMB_prokbert_C07	tjupan_bacillus_subtilis_main_9d34f9d9e0ee0e26	dbtbs_bsub_core_9d34f9d9e0ee0e26	discovery	39	45	40	45	-18.5	+	GAGGTG	2.093985080718994
EMB_prokbert_C07	tjupan_bacillus_subtilis_main_b7c0eae7293a1bfc	dbtbs_bsub_core_0bfdb592513badc4	discovery	24	30	25	30	-33.5	+	TTGACT	2.10369873046875
EMB_prokbert_C07	tjupan_bacillus_subtilis_main_487ce40a67c6d939	tjupan_bacillus_subtilis_main_487ce40a67c6d939	discovery	8	14	9	14	-49.5	+	CCAAGT	2.104948043823242
EMB_prokbert_C07	tjupan_bacillus_subtilis_main_a61c0978ae294759	tjupan_bacillus_subtilis_main_a61c0978ae294759	discovery	11	17	12	17	-46.5	+	CGTCCT	2.1086905002593994
EMB_prokbert_C07	tjupan_bacillus_subtilis_main_71a2a4c64c087430	tjupan_bacillus_subtilis_main_71a2a4c64c087430	discovery	62	68	63	68	4.5	+	GACCTT	2.116297483444214
EMB_prokbert_C07	tjupan_bacillus_subtilis_main_993a308bb6e190e1	dbtbs_bsub_core_993a308bb6e190e1	discovery	25	31	26	31	-32.5	+	TTTGTC	2.1280884742736816
EMB_prokbert_C07	tjupan_bacillus_subtilis_main_f1fe1806a852fcba	dbtbs_bsub_core_f1fe1806a852fcba	discovery	69	75	70	75	11.5	+	ACTGCT	2.1329290866851807
EMB_prokbert_C07	tjupan_bacillus_subtilis_main_bc41d7d0760497f9	dbtbs_bsub_core_bc41d7d0760497f9	discovery	18	24	19	24	-39.5	+	AATTGT	2.13753342628479
EMB_prokbert_C07	tjupan_bacillus_subtilis_main_2c8e4076a462c87c	dbtbs_bsub_core_2c8e4076a462c87c	discovery	21	27	22	27	-36.5	+	TGGCTT	2.139741897583008
EMB_prokbert_C07	tjupan_bacillus_subtilis_main_5e8ac4f4506ef781	dbtbs_bsub_core_cdccc2e2972286a4	discovery	14	20	15	20	-43.5	+	CGATTT	2.141505479812622
EMB_prokbert_C07	tjupan_bacillus_subtilis_main_4f4c3d5d96d18695	tjupan_bacillus_subtilis_main_4f4c3d5d96d18695	discovery	14	20	15	20	-43.5	+	GTTCGC	2.1420698165893555
EMB_prokbert_C07	tjupan_bacillus_subtilis_main_729454a84a667dd8	dbtbs_bsub_core_729454a84a667dd8	discovery	30	36	31	36	-27.5	+	ATGTTC	2.143270492553711
EMB_prokbert_C07	tjupan_bacillus_subtilis_main_6f408d5e786e413f	dbtbs_bsub_core_6f408d5e786e413f	discovery	24	30	25	30	-33.5	+	GGTCTA	2.1537880897521973
EMB_prokbert_C07	tjupan_bacillus_subtilis_main_79d6d17268b5d0ce	dbtbs_bsub_core_94e9d8c40cf791b3	discovery	27	33	28	33	-30.5	+	GAAACT	2.1550590991973877
EMB_prokbert_C07	tjupan_bacillus_subtilis_main_52931b7eafd9a9b2	dbtbs_bsub_core_324baeb0b4deda5d	discovery	65	71	66	71	7.5	+	GCCATT	2.1609299182891846
EMB_prokbert_C07	tjupan_bacillus_subtilis_main_796368712c0cdecb	tjupan_bacillus_subtilis_main_796368712c0cdecb	discovery	18	24	19	24	-39.5	+	GCAACT	2.1627891063690186
EMB_prokbert_C07	tjupan_bacillus_subtilis_main_74de924b5fe0230a	dbtbs_bsub_core_74de924b5fe0230a	discovery	28	34	29	34	-29.5	+	GCATGT	2.1648049354553223
EMB_prokbert_C07	tjupan_bacillus_subtilis_main_150dcd3daf63d162	dbtbs_bsub_core_150dcd3daf63d162	discovery	66	72	67	72	8.5	+	GTTTCG	2.17032790184021
EMB_prokbert_C07	tjupan_bacillus_subtilis_main_0ba2ad2fd14630a8	dbtbs_bsub_core_0ba2ad2fd14630a8	discovery	47	53	48	53	-10.5	+	GGGTTT	2.180419921875
EMB_prokbert_C07	tjupan_bacillus_subtilis_main_78caf7680ac9ae4c	tjupan_bacillus_subtilis_main_78caf7680ac9ae4c	discovery	25	31	26	31	-32.5	+	TGTTGA	2.1811506748199463
EMB_prokbert_C07	tjupan_bacillus_subtilis_main_32aff5c8192321bb	dbtbs_bsub_core_76636d30cbe1eec3	discovery	70	76	71	76	12.5	+	ACAGTT	2.200125217437744
EMB_prokbert_C07	tjupan_bacillus_subtilis_main_9296390fae4fd68d	tjupan_bacillus_subtilis_main_9296390fae4fd68d	discovery	51	57	52	57	-6.5	+	CAGCCT	2.2509372234344482
EMB_prokbert_C07	tjupan_bacillus_subtilis_main_e28ceade6e8616fa	dbtbs_bsub_core_9b12482ac6eea2d4	discovery	29	35	30	35	-28.5	+	TAGTTC	2.2643117904663086
EMB_prokbert_C07	tjupan_bacillus_subtilis_main_70da326395794983	tjupan_bacillus_subtilis_main_70da326395794983	discovery	3	9	4	9	-54.5	+	GCCGTT	2.2682113647460938
EMB_prokbert_C07	tjupan_bacillus_subtilis_main_c2a5e00f908ba88c	dbtbs_bsub_core_c2a5e00f908ba88c	discovery	4	10	5	10	-53.5	+	AGTTTC	2.2829344272613525
EMB_prokbert_C07	tjupan_bacillus_subtilis_main_5e34c7286340c249	dbtbs_bsub_core_0fedc539a64a99b7	discovery	29	35	30	35	-28.5	+	TGAACC	2.3026859760284424
EMB_prokbert_C07	tjupan_bacillus_subtilis_main_8560b0f67ab5f5ab	dbtbs_bsub_core_f7a2628d99aff81a	discovery	21	27	22	27	-36.5	+	AGTTTC	2.320641279220581
EMB_prokbert_C07	tjupan_bacillus_subtilis_main_dcef15bdfb353954	dbtbs_bsub_core_dcef15bdfb353954	discovery	32	38	33	38	-25.5	+	AGTTTG	2.3328018188476562
EMB_prokbert_C07	tjupan_bacillus_subtilis_main_8bf0684d999843b1	dbtbs_bsub_core_8bf0684d999843b1	discovery	18	24	19	24	-39.5	+	CCATTT	2.369018077850342
EMB_prokbert_C07	tjupan_bacillus_subtilis_main_8e892e5639ef0ac1	dbtbs_bsub_core_d25c674b3a14df1a	discovery	27	33	28	33	-30.5	+	GAATTT	2.371504068374634
EMB_prokbert_C07	tjupan_bacillus_subtilis_main_e4dda028e03de313	dbtbs_bsub_core_e4dda028e03de313	discovery	1	7	2	7	-56.5	+	GTCCGT	2.376713991165161
EMB_prokbert_C07	tjupan_bacillus_subtilis_main_f6994e5b6245c7bf	tjupan_bacillus_subtilis_main_f6994e5b6245c7bf	discovery	26	32	27	32	-31.5	+	GGATTT	2.4120986461639404
EMB_prokbert_C07	tjupan_bacillus_subtilis_main_1b0cfe46f303d3fa	dbtbs_bsub_core_56695775e253190c	discovery	17	23	18	23	-40.5	+	CACTTT	2.457833766937256
EMB_prokbert_C07	tjupan_bacillus_subtilis_main_51e2f43063a3baab	tjupan_bacillus_subtilis_main_51e2f43063a3baab	discovery	37	43	38	43	-20.5	+	ACAGTT	2.4848129749298096
EMB_prokbert_C07	tjupan_bacillus_subtilis_main_1edc8da3b582b0a5	dbtbs_bsub_core_1edc8da3b582b0a5	discovery	72	78	73	78	14.5	+	CATCTT	2.5163354873657227
EMB_prokbert_C07	tjupan_bacillus_subtilis_main_a43c85166b962f37	dbtbs_bsub_core_47d2cdeb8a491885	discovery	6	12	7	12	-51.5	+	TGCACT	2.526531457901001
EMB_prokbert_C07	tjupan_bacillus_subtilis_main_7c1cf5cd36017844	tjupan_bacillus_subtilis_main_7c1cf5cd36017844	discovery	1	7	2	7	-56.5	+	ATGTCC	2.6058316230773926
EMB_prokbert_C07	tjupan_bacillus_subtilis_main_a26ee3e07cf1eedf	dbtbs_bsub_core_a26ee3e07cf1eedf	discovery	61	67	62	67	3.5	+	AGGTGT	2.7219910621643066
EMB_prokbert_C07	tjupan_bacillus_subtilis_main_671ae756f8df7bca	dbtbs_bsub_core_340ffe292c28e826	discovery	62	68	63	68	4.5	+	AGGTGT	2.7297067642211914
EMB_prokbert_C07	tjupan_bacillus_subtilis_main_ea59d0ddaaaaf005	dbtbs_bsub_core_ff8c346476498240	discovery	33	39	34	39	-24.5	+	GGAAAC	2.7413132190704346
EMB_prokbert_C08	tjupan_bacillus_subtilis_main_af51a9f7939c4cfb	dbtbs_bsub_core_49fc6b8175a85db6	discovery	68	74	69	74	10.5	+	TAATTA	0.9503887295722961
EMB_prokbert_C08	tjupan_bacillus_subtilis_main_7ac1767347438edd	dbtbs_bsub_core_5c6ce2f66e66fe9e	discovery	8	14	9	14	-49.5	+	TTATAA	1.0832263231277466
EMB_prokbert_C08	tjupan_bacillus_subtilis_main_1a8b81622422b81c	dbtbs_bsub_core_045e4f174337aedd	discovery	50	56	51	56	-7.5	+	TATTAA	1.104468584060669
EMB_prokbert_C08	tjupan_bacillus_subtilis_main_91723abad13f63e4	tjupan_bacillus_subtilis_main_91723abad13f63e4	discovery	52	58	53	58	-5.5	+	ATAATA	1.1224417686462402
EMB_prokbert_C08	tjupan_bacillus_subtilis_main_f7fb3b6a673b2fe9	dbtbs_bsub_core_4c8b5a3cc4c24c6c	discovery	47	53	48	53	-10.5	+	TTATAA	1.123755931854248
EMB_prokbert_C08	tjupan_bacillus_subtilis_main_e84ae283b7981830	tjupan_bacillus_subtilis_main_e84ae283b7981830	discovery	17	23	18	23	-40.5	+	AATATA	1.143526315689087
EMB_prokbert_C08	tjupan_bacillus_subtilis_main_8421a3506bc3ca2c	tjupan_bacillus_subtilis_main_8421a3506bc3ca2c	discovery	47	53	48	53	-10.5	+	TATAAT	1.1558654308319092
EMB_prokbert_C08	tjupan_bacillus_subtilis_main_84e6c8375d18dc47	tjupan_bacillus_subtilis_main_84e6c8375d18dc47	discovery	4	10	5	10	-53.5	+	TAATAT	1.1645148992538452
EMB_prokbert_C08	tjupan_bacillus_subtilis_main_857deea4069ff6ab	tjupan_bacillus_subtilis_main_857deea4069ff6ab	discovery	48	54	49	54	-9.5	+	TAATAT	1.1672337055206299
EMB_prokbert_C08	tjupan_bacillus_subtilis_main_73f2f27ec267a871	dbtbs_bsub_core_77a7b73eeb200478	discovery	47	53	48	53	-10.5	+	TAATAT	1.1729099750518799
EMB_prokbert_C08	tjupan_bacillus_subtilis_main_77dc78ed29025116	dbtbs_bsub_core_77dc78ed29025116	discovery	47	53	48	53	-10.5	+	TTATAA	1.1843013763427734
EMB_prokbert_C08	tjupan_bacillus_subtilis_main_e9623f8193af34e0	dbtbs_bsub_core_e9623f8193af34e0	discovery	46	52	47	52	-11.5	+	TTATAA	1.1845730543136597
EMB_prokbert_C08	tjupan_bacillus_subtilis_main_41b76e09c674d652	dbtbs_bsub_core_41b76e09c674d652	discovery	48	54	49	54	-9.5	+	ATTATA	1.1930125951766968
EMB_prokbert_C08	tjupan_bacillus_subtilis_main_9d5c52bb0fa0ffad	dbtbs_bsub_core_9d5c52bb0fa0ffad	discovery	26	32	27	32	-31.5	+	TATTTA	1.2154427766799927
EMB_prokbert_C08	tjupan_bacillus_subtilis_main_ec009cfbae4f5210	dbtbs_bsub_core_ec009cfbae4f5210	discovery	57	63	58	63	-0.5	+	ATTATA	1.2253999710083008
EMB_prokbert_C08	tjupan_bacillus_subtilis_main_e1fd6875b30f4c73	dbtbs_bsub_core_e1fd6875b30f4c73	discovery	48	54	49	54	-9.5	+	TATAAT	1.2298516035079956
EMB_prokbert_C08	tjupan_bacillus_subtilis_main_b578e9e0d96d144a	dbtbs_bsub_core_b578e9e0d96d144a	discovery	49	55	50	55	-8.5	+	ATATTA	1.2333438396453857
EMB_prokbert_C08	tjupan_bacillus_subtilis_main_2c9e8a462277f7da	dbtbs_bsub_core_f7573fed016c047b	discovery	48	54	49	54	-9.5	+	ATTAAT	1.2414904832839966
EMB_prokbert_C08	tjupan_bacillus_subtilis_main_32a70db45859cbb9	dbtbs_bsub_core_32a70db45859cbb9	discovery	49	55	50	55	-8.5	+	TATAAT	1.248796820640564
EMB_prokbert_C08	tjupan_bacillus_subtilis_main_a1ad6ce2d20c389b	dbtbs_bsub_core_539bc60476254ff5	discovery	61	67	62	67	3.5	+	TAATTA	1.2559930086135864
EMB_prokbert_C08	tjupan_bacillus_subtilis_main_f5fed123a3ffd242	dbtbs_bsub_core_f5fed123a3ffd242	discovery	27	33	28	33	-30.5	+	TTATAT	1.2579165697097778
EMB_prokbert_C08	tjupan_bacillus_subtilis_main_a2cd64f7b02e9630	tjupan_bacillus_subtilis_main_a2cd64f7b02e9630	discovery	49	55	50	55	-8.5	+	TATAAT	1.265787124633789
EMB_prokbert_C08	tjupan_bacillus_subtilis_main_f3e9cc226f1feac3	tjupan_bacillus_subtilis_main_f3e9cc226f1feac3	discovery	18	24	19	24	-39.5	+	AATTAT	1.2701406478881836
EMB_prokbert_C08	tjupan_bacillus_subtilis_main_08d810e756c7d81b	tjupan_bacillus_subtilis_main_08d810e756c7d81b	discovery	53	59	54	59	-4.5	+	CTATTA	1.294700026512146
EMB_prokbert_C08	tjupan_bacillus_subtilis_main_e90961ead2da3f7b	tjupan_bacillus_subtilis_main_e90961ead2da3f7b	discovery	47	53	48	53	-10.5	+	TATATA	1.2978607416152954
EMB_prokbert_C08	tjupan_bacillus_subtilis_main_d33162cb12a5a549	tjupan_bacillus_subtilis_main_d33162cb12a5a549	discovery	48	54	49	54	-9.5	+	ATAATT	1.303118109703064
EMB_prokbert_C08	tjupan_bacillus_subtilis_main_8e9af30cd29c08ec	dbtbs_bsub_core_ab5345ed831420ec	discovery	38	44	39	44	-19.5	+	TATTTA	1.3056703805923462
EMB_prokbert_C08	tjupan_bacillus_subtilis_main_216653931b9dfc0d	tjupan_bacillus_subtilis_main_216653931b9dfc0d	discovery	50	56	51	56	-7.5	+	ATAATT	1.313361406326294
EMB_prokbert_C08	tjupan_bacillus_subtilis_main_eb11019c71a3a745	tjupan_bacillus_subtilis_main_eb11019c71a3a745	discovery	50	56	51	56	-7.5	+	ATAATA	1.3242629766464233
EMB_prokbert_C08	tjupan_bacillus_subtilis_main_b47674f2cd66e067	tjupan_bacillus_subtilis_main_b47674f2cd66e067	discovery	48	54	49	54	-9.5	+	ATATTA	1.3260072469711304
EMB_prokbert_C08	tjupan_bacillus_subtilis_main_c204793b69b45448	dbtbs_bsub_core_c204793b69b45448	discovery	10	16	11	16	-47.5	+	TATATT	1.3277024030685425
EMB_prokbert_C08	tjupan_bacillus_subtilis_main_48b85a8a5c19ece4	dbtbs_bsub_core_7730e205ee5d9991	discovery	8	14	9	14	-49.5	+	AATATT	1.3404654264450073
EMB_prokbert_C08	tjupan_bacillus_subtilis_main_bc41d7d0760497f9	dbtbs_bsub_core_bc41d7d0760497f9	discovery	47	53	48	53	-10.5	+	TATAAT	1.3451905250549316
EMB_prokbert_C08	tjupan_bacillus_subtilis_main_60ee42342c88d235	tjupan_bacillus_subtilis_main_60ee42342c88d235	discovery	48	54	49	54	-9.5	+	CTATTA	1.3485640287399292
EMB_prokbert_C08	tjupan_bacillus_subtilis_main_6fc8019646ae0ec6	dbtbs_bsub_core_0346364171f10446	discovery	45	51	46	51	-12.5	+	TTATAA	1.3502846956253052
EMB_prokbert_C08	tjupan_bacillus_subtilis_main_71eaf5cbf249113b	dbtbs_bsub_core_71eaf5cbf249113b	discovery	44	50	45	50	-13.5	+	ATTATA	1.354695200920105
EMB_prokbert_C08	tjupan_bacillus_subtilis_main_e1d5408a78fdd1c5	dbtbs_bsub_core_f8ce2fa963a01405	discovery	46	52	47	52	-11.5	+	ATTATA	1.3583647012710571
EMB_prokbert_C08	tjupan_bacillus_subtilis_main_fbae385e087109ce	tjupan_bacillus_subtilis_main_fbae385e087109ce	discovery	16	22	17	22	-41.5	+	ATTATA	1.3609411716461182
EMB_prokbert_C08	tjupan_bacillus_subtilis_main_618f0dc5c0847866	dbtbs_bsub_core_e2f191a04a63a5f0	discovery	52	58	53	58	-5.5	+	TAATAT	1.3640080690383911
EMB_prokbert_C08	tjupan_bacillus_subtilis_main_e445a9d379a1812a	dbtbs_bsub_core_e445a9d379a1812a	discovery	35	41	36	41	-22.5	+	TATAAT	1.3642827272415161
EMB_prokbert_C08	tjupan_bacillus_subtilis_main_a52148b067c7a32f	tjupan_bacillus_subtilis_main_a52148b067c7a32f	discovery	24	30	25	30	-33.5	+	TTATAA	1.36582350730896
EMB_prokbert_C08	tjupan_bacillus_subtilis_main_8b925a3983e97ebd	dbtbs_bsub_core_0346364171f10446	discovery	49	55	50	55	-8.5	+	TTATAA	1.3687180280685425
EMB_prokbert_C08	tjupan_bacillus_subtilis_main_e4ca0c490585b644	tjupan_bacillus_subtilis_main_e4ca0c490585b644	discovery	50	56	51	56	-7.5	+	TATAAT	1.3941404819488525
EMB_prokbert_C08	tjupan_bacillus_subtilis_main_e2b483c6aef274e0	dbtbs_bsub_core_175bcd2ea2263ee4	discovery	58	64	59	64	0.5	+	TATATT	1.3950423002243042
EMB_prokbert_C08	tjupan_bacillus_subtilis_main_78caf7680ac9ae4c	tjupan_bacillus_subtilis_main_78caf7680ac9ae4c	discovery	50	56	51	56	-7.5	+	TATAAT	1.4017105102539062
EMB_prokbert_C08	tjupan_bacillus_subtilis_main_da7f3c0608c35165	dbtbs_bsub_core_da7f3c0608c35165	discovery	63	69	64	69	5.5	+	TATAAT	1.4019609689712524
EMB_prokbert_C08	tjupan_bacillus_subtilis_main_272e2f2c83a48fab	dbtbs_bsub_core_272e2f2c83a48fab	discovery	60	66	61	66	2.5	+	ATAATT	1.4050698280334473
EMB_prokbert_C08	tjupan_bacillus_subtilis_main_796368712c0cdecb	tjupan_bacillus_subtilis_main_796368712c0cdecb	discovery	51	57	52	57	-6.5	+	TATAAT	1.4093683958053589
EMB_prokbert_C08	tjupan_bacillus_subtilis_main_3be839d09df1dbe1	dbtbs_bsub_core_3be839d09df1dbe1	discovery	46	52	47	52	-11.5	+	CTATAA	1.4128409624099731
EMB_prokbert_C08	tjupan_bacillus_subtilis_main_d59578e8446625f3	dbtbs_bsub_core_d59578e8446625f3	discovery	52	58	53	58	-5.5	+	ATAATT	1.4129929542541504
EMB_prokbert_C08	tjupan_bacillus_subtilis_main_f05d30123c592277	dbtbs_bsub_core_f05d30123c592277	discovery	57	63	58	63	-0.5	+	TATATA	1.4135698080062866
EMB_prokbert_C08	tjupan_bacillus_subtilis_main_a26ee3e07cf1eedf	dbtbs_bsub_core_a26ee3e07cf1eedf	discovery	16	22	17	22	-41.5	+	ATAATA	1.4183710813522339
EMB_prokbert_C08	tjupan_bacillus_subtilis_main_6406719b10941769	dbtbs_bsub_core_5bcaee6240f23d4b	discovery	21	27	22	27	-36.5	+	TATATT	1.4212558269500732
EMB_prokbert_C08	tjupan_bacillus_subtilis_main_79d6d17268b5d0ce	dbtbs_bsub_core_94e9d8c40cf791b3	discovery	60	66	61	66	2.5	+	TAGATA	1.423827886581421
EMB_prokbert_C08	tjupan_bacillus_subtilis_main_4181c9b10d028c59	dbtbs_bsub_core_f859289dc167ed3a	discovery	50	56	51	56	-7.5	+	GATTAT	1.424891471862793
EMB_prokbert_C08	tjupan_bacillus_subtilis_main_52931b7eafd9a9b2	dbtbs_bsub_core_324baeb0b4deda5d	discovery	48	54	49	54	-9.5	+	TATAAT	1.425951600074768
EMB_prokbert_C08	tjupan_bacillus_subtilis_main_3c72a88384ee6013	tjupan_bacillus_subtilis_main_3c72a88384ee6013	discovery	51	57	52	57	-6.5	+	TATTAA	1.4272892475128174
EMB_prokbert_C08	tjupan_bacillus_subtilis_main_6390012fbb39ca22	tjupan_bacillus_subtilis_main_6390012fbb39ca22	discovery	50	56	51	56	-7.5	+	ATATTA	1.4273327589035034
EMB_prokbert_C08	tjupan_bacillus_subtilis_main_1db11a6d86ff5865	tjupan_bacillus_subtilis_main_1db11a6d86ff5865	discovery	29	35	30	35	-28.5	+	TTATAT	1.4352116584777832
EMB_prokbert_C08	tjupan_bacillus_subtilis_main_0cc8abc9b551141c	dbtbs_bsub_core_0cc8abc9b551141c	discovery	54	60	55	60	-3.5	+	TATAAT	1.4369534254074097
EMB_prokbert_C08	tjupan_bacillus_subtilis_main_282b0a85bf46906b	tjupan_bacillus_subtilis_main_282b0a85bf46906b	discovery	53	59	54	59	-4.5	+	TATATT	1.4450840950012207
EMB_prokbert_C08	tjupan_bacillus_subtilis_main_3e1210c1f898bc48	dbtbs_bsub_core_42eaa371353368b2	discovery	48	54	49	54	-9.5	+	ATAATG	1.4521667957305908
EMB_prokbert_C08	tjupan_bacillus_subtilis_main_2c918744f6daf466	dbtbs_bsub_core_20f77243a5b2c4ab	discovery	54	60	55	60	-3.5	+	TATAGA	1.4544284343719482
EMB_prokbert_C08	tjupan_bacillus_subtilis_main_64dfe397c07a4656	dbtbs_bsub_core_99013d44fc3df9d1	discovery	14	20	15	20	-43.5	+	ATATAT	1.4561959505081177
EMB_prokbert_C08	tjupan_bacillus_subtilis_main_980ab95cde029f78	tjupan_bacillus_subtilis_main_980ab95cde029f78	discovery	63	69	64	69	5.5	+	CATATT	1.4607001543045044
EMB_prokbert_C08	tjupan_bacillus_subtilis_main_fde7c2aaac5c57ce	dbtbs_bsub_core_fde7c2aaac5c57ce	discovery	60	66	61	66	2.5	+	ATATTA	1.4649521112442017
EMB_prokbert_C08	tjupan_bacillus_subtilis_main_2db0b8f33ca38a29	tjupan_bacillus_subtilis_main_2db0b8f33ca38a29	discovery	34	40	35	40	-23.5	+	CTATAA	1.4709792137145996
EMB_prokbert_C08	tjupan_bacillus_subtilis_main_7942697cd86d944b	tjupan_bacillus_subtilis_main_7942697cd86d944b	discovery	47	53	48	53	-10.5	+	ATATAA	1.4724613428115845
EMB_prokbert_C08	tjupan_bacillus_subtilis_main_25308dd77914b9d9	dbtbs_bsub_core_1dc2eb4818f9715a	discovery	16	22	17	22	-41.5	+	TATAAT	1.4746558666229248
EMB_prokbert_C08	tjupan_bacillus_subtilis_main_5e30b1d213eba695	tjupan_bacillus_subtilis_main_5e30b1d213eba695	discovery	47	53	48	53	-10.5	+	TATAAT	1.4770797491073608
EMB_prokbert_C08	tjupan_bacillus_subtilis_main_c648ac4df22b0f89	dbtbs_bsub_core_c648ac4df22b0f89	discovery	48	54	49	54	-9.5	+	ATATAA	1.4784537553787231
EMB_prokbert_C08	tjupan_bacillus_subtilis_main_636c41b820e9fd5d	tjupan_bacillus_subtilis_main_636c41b820e9fd5d	discovery	56	62	57	62	-1.5	+	ATATAA	1.4826732873916626
EMB_prokbert_C08	tjupan_bacillus_subtilis_main_9990510225814384	tjupan_bacillus_subtilis_main_9990510225814384	discovery	66	72	67	72	8.5	+	AATATA	1.4839959144592285
EMB_prokbert_C08	tjupan_bacillus_subtilis_main_5e3ef261f40425ef	tjupan_bacillus_subtilis_main_5e3ef261f40425ef	discovery	49	55	50	55	-8.5	+	ATAATG	1.4911946058273315
EMB_prokbert_C08	tjupan_bacillus_subtilis_main_cf3def291394eeb9	tjupan_bacillus_subtilis_main_cf3def291394eeb9	discovery	28	34	29	34	-29.5	+	CAATAT	1.492939829826355
EMB_prokbert_C08	tjupan_bacillus_subtilis_main_f869091e55050110	tjupan_bacillus_subtilis_main_f869091e55050110	discovery	50	56	51	56	-7.5	+	ATTATT	1.49334716796875
EMB_prokbert_C08	tjupan_bacillus_subtilis_main_96d42d8ccff315ec	tjupan_bacillus_subtilis_main_96d42d8ccff315ec	discovery	31	37	32	37	-26.5	+	ATTATA	1.4961916208267212
EMB_prokbert_C08	tjupan_bacillus_subtilis_main_ab3313558a015086	dbtbs_bsub_core_ab3313558a015086	discovery	46	52	47	52	-11.5	+	TAATAT	1.4973061084747314
EMB_prokbert_C08	tjupan_bacillus_subtilis_main_90a64d4511c49526	dbtbs_bsub_core_90a64d4511c49526	discovery	48	54	49	54	-9.5	+	ATATTA	1.4973373413085938
EMB_prokbert_C08	tjupan_bacillus_subtilis_main_74de924b5fe0230a	dbtbs_bsub_core_74de924b5fe0230a	discovery	56	62	57	62	-1.5	+	CTATTA	1.503641128540039
EMB_prokbert_C08	tjupan_bacillus_subtilis_main_0ad5dcad37f1ba39	dbtbs_bsub_core_712e4b81f6fdb41a	discovery	47	53	48	53	-10.5	+	TATAAT	1.5047942399978638
EMB_prokbert_C08	tjupan_bacillus_subtilis_main_b7c0eae7293a1bfc	dbtbs_bsub_core_0bfdb592513badc4	discovery	50	56	51	56	-7.5	+	TATAAT	1.504927396774292
EMB_prokbert_C08	tjupan_bacillus_subtilis_main_13f36fd95a25452a	tjupan_bacillus_subtilis_main_13f36fd95a25452a	discovery	65	71	66	71	7.5	+	TTAATA	1.5087047815322876
EMB_prokbert_C08	tjupan_bacillus_subtilis_main_aded66fe8079e578	tjupan_bacillus_subtilis_main_aded66fe8079e578	discovery	28	34	29	34	-29.5	+	CTTATA	1.510382056236267
EMB_prokbert_C08	tjupan_bacillus_subtilis_main_f3423ecbff5b6537	dbtbs_bsub_core_dc8c32e7cfbca6d1	discovery	55	61	56	61	-2.5	+	ATTATA	1.511072039604187
EMB_prokbert_C08	tjupan_bacillus_subtilis_main_82e1287a21b69715	dbtbs_bsub_core_82e1287a21b69715	discovery	71	77	72	77	13.5	+	ATTATA	1.5139130353927612
EMB_prokbert_C08	tjupan_bacillus_subtilis_main_3b9d28ffe489c3c7	dbtbs_bsub_core_260ddc8adeedb788	discovery	50	56	51	56	-7.5	+	GAATAT	1.5143905878067017
EMB_prokbert_C08	tjupan_bacillus_subtilis_main_3ab41c1b83ba019b	dbtbs_bsub_core_c956a5fd581ed80a	discovery	50	56	51	56	-7.5	+	TATAAT	1.5151894092559814
EMB_prokbert_C08	tjupan_bacillus_subtilis_main_834e21e1951468f3	tjupan_bacillus_subtilis_main_834e21e1951468f3	discovery	50	56	51	56	-7.5	+	GTATAA	1.5182002782821655
EMB_prokbert_C08	tjupan_bacillus_subtilis_main_c180878a6f782e9f	dbtbs_bsub_core_c180878a6f782e9f	discovery	46	52	47	52	-11.5	+	TTATAA	1.5190095901489258
EMB_prokbert_C08	tjupan_bacillus_subtilis_main_be557af728070615	tjupan_bacillus_subtilis_main_be557af728070615	discovery	20	26	21	26	-37.5	+	ATATAT	1.5195575952529907
EMB_prokbert_C08	tjupan_bacillus_subtilis_main_f45d38a5e15ccc93	dbtbs_bsub_core_5dbc73ad42aeab56	discovery	45	51	46	51	-12.5	+	TAATAG	1.5196844339370728
EMB_prokbert_C08	tjupan_bacillus_subtilis_main_7bc9aa9d4ad371af	dbtbs_bsub_core_7bc9aa9d4ad371af	discovery	24	30	25	30	-33.5	+	TTATAA	1.5298770666122437
EMB_prokbert_C08	tjupan_bacillus_subtilis_main_4648c22f43ae6952	tjupan_bacillus_subtilis_main_4648c22f43ae6952	discovery	26	32	27	32	-31.5	+	AATATT	1.5339438915252686
EMB_prokbert_C08	tjupan_bacillus_subtilis_main_69a39ef163dd4726	tjupan_bacillus_subtilis_main_69a39ef163dd4726	discovery	53	59	54	59	-4.5	+	ATGATT	1.5350817441940308
EMB_prokbert_C08	tjupan_bacillus_subtilis_main_359df7c8e20abe4e	tjupan_bacillus_subtilis_main_359df7c8e20abe4e	discovery	54	60	55	60	-3.5	+	TGATAT	1.5365957021713257
EMB_prokbert_C08	tjupan_bacillus_subtilis_main_49d5f09ecdaa68d2	dbtbs_bsub_core_2fc6766ca8c365d3	discovery	50	56	51	56	-7.5	+	ATCATA	1.537764310836792
EMB_prokbert_C08	tjupan_bacillus_subtilis_main_8a0979b032bb35c1	dbtbs_bsub_core_33318fe6256d39ff	discovery	51	57	52	57	-6.5	+	TATATT	1.5387574434280396
EMB_prokbert_C08	tjupan_bacillus_subtilis_main_8f5a33e062052e2d	tjupan_bacillus_subtilis_main_8f5a33e062052e2d	discovery	68	74	69	74	10.5	+	TAATAT	1.5405014753341675
EMB_prokbert_C08	tjupan_bacillus_subtilis_main_4059ca0cce5522a4	tjupan_bacillus_subtilis_main_4059ca0cce5522a4	discovery	49	55	50	55	-8.5	+	ATTATA	1.544173240661621
EMB_prokbert_C08	tjupan_bacillus_subtilis_main_3ac22b11e92c0ec1	tjupan_bacillus_subtilis_main_3ac22b11e92c0ec1	discovery	67	73	68	73	9.5	+	ATATAT	1.5462888479232788
EMB_prokbert_C08	tjupan_bacillus_subtilis_main_e2d1119cb664dabf	dbtbs_bsub_core_954deecd8ab02ea9	discovery	29	35	30	35	-28.5	+	ATAATT	1.5509841442108154
EMB_prokbert_C08	tjupan_bacillus_subtilis_main_f58412ec32c641aa	dbtbs_bsub_core_bba92a46eba6f8e0	discovery	37	43	38	43	-20.5	+	TATTAT	1.551445484161377
EMB_prokbert_C08	tjupan_bacillus_subtilis_main_f09c3556dc31a575	dbtbs_bsub_core_f09c3556dc31a575	discovery	10	16	11	16	-47.5	+	TATAGA	1.5540162324905396
EMB_prokbert_C08	tjupan_bacillus_subtilis_main_8797dcd405b13c8e	tjupan_bacillus_subtilis_main_8797dcd405b13c8e	discovery	22	28	23	28	-35.5	+	TATAAT	1.5552382469177246
EMB_prokbert_C08	tjupan_bacillus_subtilis_main_2c8e4076a462c87c	dbtbs_bsub_core_2c8e4076a462c87c	discovery	48	54	49	54	-9.5	+	TATAAT	1.5567257404327393
EMB_prokbert_C08	tjupan_bacillus_subtilis_main_bba2e45eb636482b	dbtbs_bsub_core_bba2e45eb636482b	discovery	50	56	51	56	-7.5	+	TATTAT	1.561226725578308
EMB_prokbert_C08	tjupan_bacillus_subtilis_main_1f2ca280ccaab774	tjupan_bacillus_subtilis_main_1f2ca280ccaab774	discovery	20	26	21	26	-37.5	+	TTATAA	1.5614207983016968
EMB_prokbert_C08	tjupan_bacillus_subtilis_main_3adf706b5413c6ce	tjupan_bacillus_subtilis_main_3adf706b5413c6ce	discovery	29	35	30	35	-28.5	+	TAAATA	1.5614876747131348
EMB_prokbert_C08	tjupan_bacillus_subtilis_main_91197a052a9adc5b	tjupan_bacillus_subtilis_main_91197a052a9adc5b	discovery	16	22	17	22	-41.5	+	ATTATG	1.5622718334197998
EMB_prokbert_C08	tjupan_bacillus_subtilis_main_b24feeda89db5dfd	dbtbs_bsub_core_b24feeda89db5dfd	discovery	47	53	48	53	-10.5	+	ATATAA	1.5622985363006592
EMB_prokbert_C08	tjupan_bacillus_subtilis_main_1dc2eb4818f9715a	dbtbs_bsub_core_1dc2eb4818f9715a	discovery	66	72	67	72	8.5	+	ATTATA	1.5632452964782715
EMB_prokbert_C08	tjupan_bacillus_subtilis_main_55935e0c215d1239	dbtbs_bsub_core_bd96a60828361996	discovery	18	24	19	24	-39.5	+	AATATA	1.563842535018921
EMB_prokbert_C08	tjupan_bacillus_subtilis_main_ad6e1b40396f6528	dbtbs_bsub_core_ad6e1b40396f6528	discovery	53	59	54	59	-4.5	+	TATTAA	1.564125657081604
EMB_prokbert_C08	tjupan_bacillus_subtilis_main_fff8e3a328b3cab3	dbtbs_bsub_core_7231d94d9d77331f	discovery	49	55	50	55	-8.5	+	ATAATA	1.5644049644470215
EMB_prokbert_C08	tjupan_bacillus_subtilis_main_05b3d931ff35d8e8	dbtbs_bsub_core_05b3d931ff35d8e8	discovery	37	43	38	43	-20.5	+	ATATTT	1.5662928819656372
EMB_prokbert_C08	tjupan_bacillus_subtilis_main_901b18a9982b4e95	tjupan_bacillus_subtilis_main_901b18a9982b4e95	discovery	51	57	52	57	-6.5	+	GATAAT	1.5684486627578735
EMB_prokbert_C08	tjupan_bacillus_subtilis_main_c3fafc97a347852e	tjupan_bacillus_subtilis_main_c3fafc97a347852e	discovery	11	17	12	17	-46.5	+	ATTAAT	1.5712769031524658
EMB_prokbert_C08	tjupan_bacillus_subtilis_main_dc65c8922842b20f	tjupan_bacillus_subtilis_main_dc65c8922842b20f	discovery	41	47	42	47	-16.5	+	TATGTT	1.5752503871917725
EMB_prokbert_C08	tjupan_bacillus_subtilis_main_ad5b6a3a851181b1	dbtbs_bsub_core_ad5b6a3a851181b1	discovery	50	56	51	56	-7.5	+	TACTAA	1.57618248462677
EMB_prokbert_C08	tjupan_bacillus_subtilis_main_24675587b92cc4c7	tjupan_bacillus_subtilis_main_24675587b92cc4c7	discovery	51	57	52	57	-6.5	+	TATTAA	1.576801061630249
EMB_prokbert_C08	tjupan_bacillus_subtilis_main_66bdec0f6e49230b	dbtbs_bsub_core_66bdec0f6e49230b	discovery	48	54	49	54	-9.5	+	TATAAT	1.5770050287246704
EMB_prokbert_C08	tjupan_bacillus_subtilis_main_66846fa14c29dbc1	dbtbs_bsub_core_89ab3601fa8ac055	discovery	60	66	61	66	2.5	+	GTATAA	1.583296775817871
EMB_prokbert_C08	tjupan_bacillus_subtilis_main_50a7bea74c679f62	tjupan_bacillus_subtilis_main_50a7bea74c679f62	discovery	69	75	70	75	11.5	+	TATATG	1.5833820104599
EMB_prokbert_C08	tjupan_bacillus_subtilis_main_5fc80954df40cf68	dbtbs_bsub_core_44be1bddac760e1c	discovery	34	40	35	40	-23.5	+	TTATAA	1.5850191116333008
EMB_prokbert_C08	tjupan_bacillus_subtilis_main_f246415af5cfc524	dbtbs_bsub_core_f246415af5cfc524	discovery	44	50	45	50	-13.5	+	ATTATA	1.5867407321929932
EMB_prokbert_C08	tjupan_bacillus_subtilis_main_5957e34dfa6ab85c	tjupan_bacillus_subtilis_main_5957e34dfa6ab85c	discovery	57	63	58	63	-0.5	+	AATATA	1.5895259380340576
EMB_prokbert_C08	tjupan_bacillus_subtilis_main_9d589577eb1cbe67	tjupan_bacillus_subtilis_main_9d589577eb1cbe67	discovery	28	34	29	34	-29.5	+	ATATTA	1.5906349420547485
EMB_prokbert_C08	tjupan_bacillus_subtilis_main_632ff1f5d92b347a	tjupan_bacillus_subtilis_main_632ff1f5d92b347a	discovery	40	46	41	46	-17.5	+	ATTTAA	1.5923242568969727
EMB_prokbert_C08	tjupan_bacillus_subtilis_main_e4dda028e03de313	dbtbs_bsub_core_e4dda028e03de313	discovery	44	50	45	50	-13.5	+	TATTTA	1.596665859222412
EMB_prokbert_C08	tjupan_bacillus_subtilis_main_118649b56e4ec470	tjupan_bacillus_subtilis_main_118649b56e4ec470	discovery	73	79	74	79	15.5	+	ATATTA	1.5992268323898315
EMB_prokbert_C08	tjupan_bacillus_subtilis_main_73a7b40a4dc814aa	dbtbs_bsub_core_bdba293c4926b88d	discovery	60	66	61	66	2.5	+	AGATTA	1.6052064895629883
EMB_prokbert_C08	tjupan_bacillus_subtilis_main_5b5f9b9ad371b1b0	tjupan_bacillus_subtilis_main_5b5f9b9ad371b1b0	discovery	49	55	50	55	-8.5	+	ATAATA	1.6066244840621948
EMB_prokbert_C08	tjupan_bacillus_subtilis_main_cd5426fc6bacf792	dbtbs_bsub_core_cd5426fc6bacf792	discovery	19	25	20	25	-38.5	+	TTATAT	1.6120229959487915
EMB_prokbert_C08	tjupan_bacillus_subtilis_main_4e48cd3162b15e74	tjupan_bacillus_subtilis_main_4e48cd3162b15e74	discovery	50	56	51	56	-7.5	+	AATATG	1.6162389516830444
EMB_prokbert_C08	tjupan_bacillus_subtilis_main_be36dbaf549189cb	tjupan_bacillus_subtilis_main_be36dbaf549189cb	discovery	47	53	48	53	-10.5	+	GTATAA	1.617545485496521
EMB_prokbert_C08	tjupan_bacillus_subtilis_main_bd4e9486aa695c78	tjupan_bacillus_subtilis_main_bd4e9486aa695c78	discovery	5	11	6	11	-52.5	+	ATTCTA	1.6182060241699219
EMB_prokbert_C08	tjupan_bacillus_subtilis_main_10eda96ea4199e8c	dbtbs_bsub_core_10eda96ea4199e8c	discovery	42	48	43	48	-15.5	+	ATTTAT	1.6185590028762817
EMB_prokbert_C08	tjupan_bacillus_subtilis_main_6514a11d381455ae	tjupan_bacillus_subtilis_main_6514a11d381455ae	discovery	49	55	50	55	-8.5	+	ATAATA	1.620534896850586
EMB_prokbert_C08	tjupan_bacillus_subtilis_main_6fcd42bdf8073a65	dbtbs_bsub_core_6fcd42bdf8073a65	discovery	58	64	59	64	0.5	+	ATATTA	1.6237051486968994
EMB_prokbert_C08	tjupan_bacillus_subtilis_main_f6994e5b6245c7bf	tjupan_bacillus_subtilis_main_f6994e5b6245c7bf	discovery	48	54	49	54	-9.5	+	ATAATG	1.6248701810836792
EMB_prokbert_C08	tjupan_bacillus_subtilis_main_9e087715e3522ed4	dbtbs_bsub_core_b3df5d74f56f0610	discovery	57	63	58	63	-0.5	+	ATATAA	1.6340469121932983
EMB_prokbert_C08	tjupan_bacillus_subtilis_main_f3b59cc74d659ebc	dbtbs_bsub_core_866d6e8af07c9412	discovery	26	32	27	32	-31.5	+	TATTAT	1.63438081741333
EMB_prokbert_C08	tjupan_bacillus_subtilis_main_df2876c84282b3af	dbtbs_bsub_core_d831e470618beda7	discovery	21	27	22	27	-36.5	+	ATAATT	1.6360677480697632
EMB_prokbert_C08	tjupan_bacillus_subtilis_main_fea876b7208e46e3	dbtbs_bsub_core_fea876b7208e46e3	discovery	37	43	38	43	-20.5	+	TTATAA	1.6369349956512451
EMB_prokbert_C08	tjupan_bacillus_subtilis_main_ffb5b3082f8ea0cd	tjupan_bacillus_subtilis_main_ffb5b3082f8ea0cd	discovery	48	54	49	54	-9.5	+	ATATAA	1.6379704475402832
EMB_prokbert_C08	tjupan_bacillus_subtilis_main_49e8e3a6681b011d	dbtbs_bsub_core_e14a6f906af1fa54	discovery	48	54	49	54	-9.5	+	TATAAT	1.6404504776000977
EMB_prokbert_C08	tjupan_bacillus_subtilis_main_9a6d97baf1c02d30	dbtbs_bsub_core_9a6d97baf1c02d30	discovery	7	13	8	13	-50.5	+	ATATAA	1.6426360607147217
EMB_prokbert_C08	tjupan_bacillus_subtilis_main_9296390fae4fd68d	tjupan_bacillus_subtilis_main_9296390fae4fd68d	discovery	68	74	69	74	10.5	+	CTATAA	1.6430782079696655
EMB_prokbert_C08	tjupan_bacillus_subtilis_main_2e59e247c2d07b0b	tjupan_bacillus_subtilis_main_2e59e247c2d07b0b	discovery	49	55	50	55	-8.5	+	GTATAT	1.6435494422912598
EMB_prokbert_C08	tjupan_bacillus_subtilis_main_e2f816d3420810f5	dbtbs_bsub_core_8f473f826c608a81	discovery	59	65	60	65	1.5	+	TATTAT	1.6439905166625977
EMB_prokbert_C08	tjupan_bacillus_subtilis_main_e4e4a1be67374f28	dbtbs_bsub_core_e4e4a1be67374f28	discovery	54	60	55	60	-3.5	+	TAATAT	1.6463513374328613
EMB_prokbert_C08	tjupan_bacillus_subtilis_main_92b62a9d8d87ace9	dbtbs_bsub_core_92b62a9d8d87ace9	discovery	4	10	5	10	-53.5	+	TATAAT	1.6505331993103027
EMB_prokbert_C08	tjupan_bacillus_subtilis_main_d0e455b1c91ba281	dbtbs_bsub_core_f6e924d0656980ad	discovery	67	73	68	73	9.5	+	TATTAT	1.6540307998657227
EMB_prokbert_C08	tjupan_bacillus_subtilis_main_5ccaab5adb962b3d	dbtbs_bsub_core_483b39fd11d75b28	discovery	44	50	45	50	-13.5	+	ATAATA	1.665374755859375
EMB_prokbert_C08	tjupan_bacillus_subtilis_main_86c973796d10f50f	dbtbs_bsub_core_86c973796d10f50f	discovery	48	54	49	54	-9.5	+	ATTATA	1.6689527034759521
EMB_prokbert_C08	tjupan_bacillus_subtilis_main_02077247d0a8a665	dbtbs_bsub_core_e82d4ff28ccc2c95	discovery	49	55	50	55	-8.5	+	ATTATA	1.670075535774231
EMB_prokbert_C08	tjupan_bacillus_subtilis_main_a2eb9b766304b405	dbtbs_bsub_core_adaec4e024668ee2	discovery	56	62	57	62	-1.5	+	ATATAG	1.671568512916565
EMB_prokbert_C08	tjupan_bacillus_subtilis_main_a7a45131c45395c8	dbtbs_bsub_core_a7a45131c45395c8	discovery	50	56	51	56	-7.5	+	TTATAA	1.6716537475585938
EMB_prokbert_C08	tjupan_bacillus_subtilis_main_ef1d1fbaad689e40	dbtbs_bsub_core_ef1d1fbaad689e40	discovery	59	65	60	65	1.5	+	AATAAT	1.673282265663147
EMB_prokbert_C08	tjupan_bacillus_subtilis_main_5f8b6936b2e52932	tjupan_bacillus_subtilis_main_5f8b6936b2e52932	discovery	47	53	48	53	-10.5	+	TATAAT	1.676620364189148
EMB_prokbert_C08	tjupan_bacillus_subtilis_main_70da326395794983	tjupan_bacillus_subtilis_main_70da326395794983	discovery	52	58	53	58	-5.5	+	AAATAT	1.6827962398529053
EMB_prokbert_C08	tjupan_bacillus_subtilis_main_db7eebd0b9425a4f	dbtbs_bsub_core_db7eebd0b9425a4f	discovery	51	57	52	57	-6.5	+	CTAATG	1.6884303092956543
EMB_prokbert_C08	tjupan_bacillus_subtilis_main_e47a55cd702f35e7	dbtbs_bsub_core_175bcd2ea2263ee4	discovery	54	60	55	60	-3.5	+	TATATT	1.697037935256958
EMB_prokbert_C08	tjupan_bacillus_subtilis_main_8e4b7e6c519e170f	tjupan_bacillus_subtilis_main_8e4b7e6c519e170f	discovery	55	61	56	61	-2.5	+	TTATTA	1.6979254484176636
EMB_prokbert_C08	tjupan_bacillus_subtilis_main_b7c0b4323e70fc71	dbtbs_bsub_core_b7c0b4323e70fc71	discovery	22	28	23	28	-35.5	+	TATATG	1.6989668607711792
EMB_prokbert_C08	tjupan_bacillus_subtilis_main_583caee20795a363	dbtbs_bsub_core_eb847cafc60502c2	discovery	48	54	49	54	-9.5	+	TATAAT	1.7003750801086426
EMB_prokbert_C08	tjupan_bacillus_subtilis_main_f04c569125ce3afa	dbtbs_bsub_core_85a34ab094cb765f	discovery	47	53	48	53	-10.5	+	TATAAT	1.700882077217102
EMB_prokbert_C08	tjupan_bacillus_subtilis_main_8cdaaf6e0b90f5df	dbtbs_bsub_core_8cdaaf6e0b90f5df	discovery	44	50	45	50	-13.5	+	TATAAT	1.7030673027038574
EMB_prokbert_C08	tjupan_bacillus_subtilis_main_a31f56ff3ee450d4	dbtbs_bsub_core_1c4407f77cf4bab2	discovery	7	13	8	13	-50.5	+	TATAAT	1.7050226926803589
EMB_prokbert_C08	tjupan_bacillus_subtilis_main_ca7deec2e4330ae4	tjupan_bacillus_subtilis_main_ca7deec2e4330ae4	discovery	68	74	69	74	10.5	+	AGATAT	1.7070411443710327
EMB_prokbert_C08	tjupan_bacillus_subtilis_main_fcf1520effc316d9	dbtbs_bsub_core_fcf1520effc316d9	discovery	16	22	17	22	-41.5	+	ATATAT	1.7071058750152588
EMB_prokbert_C08	tjupan_bacillus_subtilis_main_67a8fe9203485bd0	dbtbs_bsub_core_67a8fe9203485bd0	discovery	27	33	28	33	-30.5	+	ATATAT	1.7097671031951904
EMB_prokbert_C08	tjupan_bacillus_subtilis_main_b7cebcbae1ca8171	dbtbs_bsub_core_342a4291e30f5e80	discovery	51	57	52	57	-6.5	+	TAGATA	1.7186214923858643
EMB_prokbert_C08	tjupan_bacillus_subtilis_main_ec2d75bce4a65abf	dbtbs_bsub_core_e3549a9c12f5ac55	discovery	51	57	52	57	-6.5	+	ATTTAA	1.7193934917449951
EMB_prokbert_C08	tjupan_bacillus_subtilis_main_9f03f134e6b67be2	tjupan_bacillus_subtilis_main_9f03f134e6b67be2	discovery	10	16	11	16	-47.5	+	ATTATT	1.719661831855774
EMB_prokbert_C08	tjupan_bacillus_subtilis_main_d497e040ececfdff	dbtbs_bsub_core_a797439cbe2b0d85	discovery	5	11	6	11	-52.5	+	TAATAA	1.7273918390274048
EMB_prokbert_C08	tjupan_bacillus_subtilis_main_efde358c620c36bd	dbtbs_bsub_core_efde358c620c36bd	discovery	37	43	38	43	-20.5	+	ATTTAT	1.7297477722167969
EMB_prokbert_C08	tjupan_bacillus_subtilis_main_52fe6822c9d74b50	tjupan_bacillus_subtilis_main_52fe6822c9d74b50	discovery	67	73	68	73	9.5	+	TATAAT	1.72989022731781
EMB_prokbert_C08	tjupan_bacillus_subtilis_main_bebf1b31befd9c3c	dbtbs_bsub_core_bebf1b31befd9c3c	discovery	53	59	54	59	-4.5	+	ATATAA	1.7340481281280518
EMB_prokbert_C08	tjupan_bacillus_subtilis_main_daaf0c7fa42ef2fa	dbtbs_bsub_core_ef9625ff29774e65	discovery	11	17	12	17	-46.5	+	ATATAG	1.7373548746109009
EMB_prokbert_C08	tjupan_bacillus_subtilis_main_3270409c742f3314	dbtbs_bsub_core_edd6f2ee95c58508	discovery	75	81	76	81	17.5	+	ATTATA	1.7389079332351685
EMB_prokbert_C08	tjupan_bacillus_subtilis_main_163772f02671a528	tjupan_bacillus_subtilis_main_163772f02671a528	discovery	48	54	49	54	-9.5	+	TATAAT	1.7465295791625977
EMB_prokbert_C08	tjupan_bacillus_subtilis_main_ff3d11f785ddd890	dbtbs_bsub_core_ff3d11f785ddd890	discovery	13	19	14	19	-44.5	+	TATCAT	1.7561607360839844
EMB_prokbert_C08	tjupan_bacillus_subtilis_main_342a4291e30f5e80	dbtbs_bsub_core_342a4291e30f5e80	discovery	59	65	60	65	1.5	+	TAGATA	1.7576674222946167
EMB_prokbert_C08	tjupan_bacillus_subtilis_main_550b125b16dc206e	dbtbs_bsub_core_2ab03862f0e9dd2f	discovery	5	11	6	11	-52.5	+	AATATA	1.7589597702026367
EMB_prokbert_C08	tjupan_bacillus_subtilis_main_a61c0978ae294759	tjupan_bacillus_subtilis_main_a61c0978ae294759	discovery	51	57	52	57	-6.5	+	ATAATA	1.7593152523040771
EMB_prokbert_C08	tjupan_bacillus_subtilis_main_8559682da7e0b4ef	dbtbs_bsub_core_8559682da7e0b4ef	discovery	51	57	52	57	-6.5	+	CATATA	1.7593821287155151
EMB_prokbert_C08	tjupan_bacillus_subtilis_main_a43c85166b962f37	dbtbs_bsub_core_47d2cdeb8a491885	discovery	51	57	52	57	-6.5	+	TATATA	1.7655203342437744
EMB_prokbert_C08	tjupan_bacillus_subtilis_main_0d315ab142d66dcc	dbtbs_bsub_core_76d28d1be3f9f514	discovery	3	9	4	9	-54.5	+	ATAATT	1.7744050025939941
EMB_prokbert_C08	tjupan_bacillus_subtilis_main_0c4104d2e02c2e3b	dbtbs_bsub_core_a955cdf3a08d689c	discovery	39	45	40	45	-18.5	+	AATATT	1.7776308059692383
EMB_prokbert_C08	tjupan_bacillus_subtilis_main_62eb1c4377c084e1	dbtbs_bsub_core_413a4bed9f6cfeea	discovery	30	36	31	36	-27.5	+	TATTAT	1.7795863151550293
EMB_prokbert_C08	tjupan_bacillus_subtilis_main_2d40490247bb616a	dbtbs_bsub_core_ffa38d6978ad48aa	discovery	51	57	52	57	-6.5	+	CTAATG	1.779979944229126
EMB_prokbert_C08	tjupan_bacillus_subtilis_main_150dcd3daf63d162	dbtbs_bsub_core_150dcd3daf63d162	discovery	26	32	27	32	-31.5	+	AATATT	1.7867547273635864
EMB_prokbert_C08	tjupan_bacillus_subtilis_main_8fa35d24a76b6d72	tjupan_bacillus_subtilis_main_8fa35d24a76b6d72	discovery	51	57	52	57	-6.5	+	ATGATA	1.7869305610656738
EMB_prokbert_C08	tjupan_bacillus_subtilis_main_549e9d5c7cb67860	dbtbs_bsub_core_1a44bafede819df1	discovery	27	33	28	33	-30.5	+	TATAAT	1.7909291982650757
EMB_prokbert_C08	tjupan_bacillus_subtilis_main_edce5d598636e106	dbtbs_bsub_core_39acf3daf47ccd69	discovery	49	55	50	55	-8.5	+	ATAATG	1.8006796836853027
EMB_prokbert_C08	tjupan_bacillus_subtilis_main_0710c2f2267154d3	dbtbs_bsub_core_0710c2f2267154d3	discovery	54	60	55	60	-3.5	+	AGTATT	1.80359947681427
EMB_prokbert_C08	tjupan_bacillus_subtilis_main_264ccaf63cfb1cfe	tjupan_bacillus_subtilis_main_264ccaf63cfb1cfe	discovery	10	16	11	16	-47.5	+	TTTATA	1.8044347763061523
EMB_prokbert_C08	tjupan_bacillus_subtilis_main_d9da0a0033167763	dbtbs_bsub_core_d9da0a0033167763	discovery	48	54	49	54	-9.5	+	TATATA	1.8068302869796753
EMB_prokbert_C08	tjupan_bacillus_subtilis_main_3741d9dc6611d95f	tjupan_bacillus_subtilis_main_3741d9dc6611d95f	discovery	4	10	5	10	-53.5	+	GATTAT	1.8091415166854858
EMB_prokbert_C08	tjupan_bacillus_subtilis_main_202644f8a02efab9	dbtbs_bsub_core_f4d81ad6a0709a55	discovery	49	55	50	55	-8.5	+	ATTATG	1.8139057159423828
EMB_prokbert_C08	tjupan_bacillus_subtilis_main_e9d365c0dda7757e	tjupan_bacillus_subtilis_main_e9d365c0dda7757e	discovery	0	6	1	6	-57.5	+	GCTTAT	1.8157864809036255
EMB_prokbert_C08	tjupan_bacillus_subtilis_main_be897b68bd393df0	dbtbs_bsub_core_be897b68bd393df0	discovery	2	8	3	8	-55.5	+	TTAATA	1.8179231882095337
EMB_prokbert_C08	tjupan_bacillus_subtilis_main_8f7d87652de79d90	dbtbs_bsub_core_8f7d87652de79d90	discovery	68	74	69	74	10.5	+	ATTGAT	1.8283838033676147
EMB_prokbert_C08	tjupan_bacillus_subtilis_main_0a71b8cbf4011c3b	dbtbs_bsub_core_dc5af08cd1bffe94	discovery	19	25	20	25	-38.5	+	CTTATT	1.8297786712646484
EMB_prokbert_C08	tjupan_bacillus_subtilis_main_10eb69ed5f79bca3	dbtbs_bsub_core_e365baa66d245063	discovery	37	43	38	43	-20.5	+	TAATAT	1.832337498664856
EMB_prokbert_C08	tjupan_bacillus_subtilis_main_712069959cf7e3b2	dbtbs_bsub_core_be0e53c334974f0a	discovery	49	55	50	55	-8.5	+	TATAAT	1.8329821825027466
EMB_prokbert_C08	tjupan_bacillus_subtilis_main_5d881eac8b46d627	dbtbs_bsub_core_5d881eac8b46d627	discovery	4	10	5	10	-53.5	+	ATAGTT	1.836675763130188
EMB_prokbert_C08	tjupan_bacillus_subtilis_main_32475822eb2ec4c0	tjupan_bacillus_subtilis_main_32475822eb2ec4c0	discovery	48	54	49	54	-9.5	+	TAATAT	1.840917706489563
EMB_prokbert_C08	tjupan_bacillus_subtilis_main_76909c0ebd8db916	dbtbs_bsub_core_d5153844984277ea	discovery	38	44	39	44	-19.5	+	TTATAT	1.8430366516113281
EMB_prokbert_C08	tjupan_bacillus_subtilis_main_0b104549c8fd9755	dbtbs_bsub_core_0b104549c8fd9755	discovery	33	39	34	39	-24.5	+	TGATAT	1.8469504117965698
EMB_prokbert_C08	tjupan_bacillus_subtilis_main_b11aff47b9c426f3	dbtbs_bsub_core_b11aff47b9c426f3	discovery	52	58	53	58	-5.5	+	TATGTA	1.8473246097564697
EMB_prokbert_C08	tjupan_bacillus_subtilis_main_101463e41079a20e	dbtbs_bsub_core_101463e41079a20e	discovery	59	65	60	65	1.5	+	TATAGT	1.8556976318359375
EMB_prokbert_C08	tjupan_bacillus_subtilis_main_619ca6b1749e92aa	tjupan_bacillus_subtilis_main_619ca6b1749e92aa	discovery	52	58	53	58	-5.5	+	ATATAG	1.8625893592834473
EMB_prokbert_C08	tjupan_bacillus_subtilis_main_a92ee416463b3fc1	dbtbs_bsub_core_585820026d8d814d	discovery	31	37	32	37	-26.5	+	TATATA	1.862748384475708
EMB_prokbert_C08	tjupan_bacillus_subtilis_main_c229c4b94f6591ae	tjupan_bacillus_subtilis_main_c229c4b94f6591ae	discovery	46	52	47	52	-11.5	+	TTTATA	1.864578366279602
EMB_prokbert_C08	tjupan_bacillus_subtilis_main_1478640e036e0224	dbtbs_bsub_core_1478640e036e0224	discovery	51	57	52	57	-6.5	+	AGAATA	1.8745238780975342
EMB_prokbert_C08	tjupan_bacillus_subtilis_main_87b26b7083b048a9	dbtbs_bsub_core_fe60102a69552e4c	discovery	13	19	14	19	-44.5	+	TAAGAT	1.8797321319580078
EMB_prokbert_C08	tjupan_bacillus_subtilis_main_7cd769ed0580d73e	tjupan_bacillus_subtilis_main_7cd769ed0580d73e	discovery	23	29	24	29	-34.5	+	TATATT	1.8868796825408936
EMB_prokbert_C08	tjupan_bacillus_subtilis_main_5150105a4bdfd4ce	tjupan_bacillus_subtilis_main_5150105a4bdfd4ce	discovery	47	53	48	53	-10.5	+	ATATAG	1.8903260231018066
EMB_prokbert_C08	tjupan_bacillus_subtilis_main_7358cf40e4efa482	tjupan_bacillus_subtilis_main_7358cf40e4efa482	discovery	70	76	71	76	12.5	+	TTATAT	1.8907256126403809
EMB_prokbert_C08	tjupan_bacillus_subtilis_main_b5cc4aad42c9a683	dbtbs_bsub_core_b5cc4aad42c9a683	discovery	32	38	33	38	-25.5	+	ATATTA	1.8913605213165283
EMB_prokbert_C08	tjupan_bacillus_subtilis_main_20bbba0ce59de449	dbtbs_bsub_core_20bbba0ce59de449	discovery	49	55	50	55	-8.5	+	TATATA	1.9036940336227417
EMB_prokbert_C08	tjupan_bacillus_subtilis_main_0438d7b75e1f910f	dbtbs_bsub_core_975fc641de00609f	discovery	36	42	37	42	-21.5	+	TATAAT	1.9108972549438477
EMB_prokbert_C08	tjupan_bacillus_subtilis_main_bb68072522710571	dbtbs_bsub_core_bb68072522710571	discovery	45	51	46	51	-12.5	+	TTATGT	1.9110459089279175
EMB_prokbert_C08	tjupan_bacillus_subtilis_main_972c682163779595	dbtbs_bsub_core_6e525afed4c0ab9e	discovery	48	54	49	54	-9.5	+	ATATTA	1.9144535064697266
EMB_prokbert_C08	tjupan_bacillus_subtilis_main_c758d11e26aac641	tjupan_bacillus_subtilis_main_c758d11e26aac641	discovery	47	53	48	53	-10.5	+	ATATTT	1.9235644340515137
EMB_prokbert_C08	tjupan_bacillus_subtilis_main_88d6ae8ec11f6e65	tjupan_bacillus_subtilis_main_88d6ae8ec11f6e65	discovery	38	44	39	44	-19.5	+	TTATGT	1.9243924617767334
EMB_prokbert_C08	tjupan_bacillus_subtilis_main_dbd8ff77ae99e6b2	dbtbs_bsub_core_dbd8ff77ae99e6b2	discovery	45	51	46	51	-12.5	+	GGTATA	1.9309602975845337
EMB_prokbert_C08	tjupan_bacillus_subtilis_main_d03161002d7a6f34	dbtbs_bsub_core_11066f3e95c7986c	discovery	15	21	16	21	-42.5	+	ACATAT	1.9361010789871216
EMB_prokbert_C08	tjupan_bacillus_subtilis_main_dccf4ca03cd1642b	dbtbs_bsub_core_dccf4ca03cd1642b	discovery	66	72	67	72	8.5	+	AATATA	1.937330961227417
EMB_prokbert_C08	tjupan_bacillus_subtilis_main_e70fb70b66e1d829	tjupan_bacillus_subtilis_main_e70fb70b66e1d829	discovery	42	48	43	48	-15.5	+	AATATG	1.9406518936157227
EMB_prokbert_C08	tjupan_bacillus_subtilis_main_2a051d7d075d7920	tjupan_bacillus_subtilis_main_2a051d7d075d7920	discovery	1	7	2	7	-56.5	+	TATATC	1.943207859992981
EMB_prokbert_C08	tjupan_bacillus_subtilis_main_dcef15bdfb353954	dbtbs_bsub_core_dcef15bdfb353954	discovery	52	58	53	58	-5.5	+	ATATAA	1.9557676315307617
EMB_prokbert_C08	tjupan_bacillus_subtilis_main_ced72b826f4a910f	dbtbs_bsub_core_d1a4fbb8ec4bd212	discovery	48	54	49	54	-9.5	+	AATATA	1.9732701778411865
EMB_prokbert_C08	tjupan_bacillus_subtilis_main_8b776572d2e01c62	dbtbs_bsub_core_6736f212a82e3343	discovery	48	54	49	54	-9.5	+	ATTATA	1.9739489555358887
EMB_prokbert_C08	tjupan_bacillus_subtilis_main_5787c658c95c4762	tjupan_bacillus_subtilis_main_5787c658c95c4762	discovery	41	47	42	47	-16.5	+	TATATT	1.978401780128479
EMB_prokbert_C08	tjupan_bacillus_subtilis_main_fc6071b9027316a7	tjupan_bacillus_subtilis_main_fc6071b9027316a7	discovery	49	55	50	55	-8.5	+	TAATAA	1.980455994606018
EMB_prokbert_C08	tjupan_bacillus_subtilis_main_ba9efec60bbd4a6b	tjupan_bacillus_subtilis_main_ba9efec60bbd4a6b	discovery	55	61	56	61	-2.5	+	CATATA	1.9807988405227661
EMB_prokbert_C08	tjupan_bacillus_subtilis_main_c0aec64934968747	tjupan_bacillus_subtilis_main_c0aec64934968747	discovery	17	23	18	23	-40.5	+	ATCTAT	1.986436128616333
EMB_prokbert_C08	tjupan_bacillus_subtilis_main_0d390d7bf47f6ae0	tjupan_bacillus_subtilis_main_0d390d7bf47f6ae0	discovery	45	51	46	51	-12.5	+	ATATAA	1.9916584491729736
EMB_prokbert_C08	tjupan_bacillus_subtilis_main_ffefbc2ceaf331ea	dbtbs_bsub_core_ea5509009da1e1aa	discovery	46	52	47	52	-11.5	+	TATAAT	1.9977517127990723
EMB_prokbert_C08	tjupan_bacillus_subtilis_main_ea59d0ddaaaaf005	dbtbs_bsub_core_ff8c346476498240	discovery	48	54	49	54	-9.5	+	ATATTT	2.0185468196868896
EMB_prokbert_C08	tjupan_bacillus_subtilis_main_3eb701a469cb4095	tjupan_bacillus_subtilis_main_3eb701a469cb4095	discovery	24	30	25	30	-33.5	+	TTATAA	2.020517349243164
EMB_prokbert_C08	tjupan_bacillus_subtilis_main_3eab38fdf3061b6a	tjupan_bacillus_subtilis_main_3eab38fdf3061b6a	discovery	55	61	56	61	-2.5	+	AATATA	2.021331310272217
EMB_prokbert_C08	tjupan_bacillus_subtilis_main_eaa75817f87b3088	dbtbs_bsub_core_71c43b52121900cc	discovery	20	26	21	26	-37.5	+	AATAGT	2.0300965309143066
EMB_prokbert_C08	tjupan_bacillus_subtilis_main_c1bd3e378306e57e	tjupan_bacillus_subtilis_main_c1bd3e378306e57e	discovery	55	61	56	61	-2.5	+	TATATC	2.0599474906921387
EMB_prokbert_C08	tjupan_bacillus_subtilis_main_8bde36b216b3390f	dbtbs_bsub_core_8bde36b216b3390f	discovery	35	41	36	41	-22.5	+	GATAAT	2.0650200843811035
EMB_prokbert_C08	tjupan_bacillus_subtilis_main_29dff321a99fa8a2	dbtbs_bsub_core_e964a63647aab2c6	discovery	5	11	6	11	-52.5	+	TATAAT	2.0690720081329346
EMB_prokbert_C08	tjupan_bacillus_subtilis_main_ae3d0ab77a583f3f	tjupan_bacillus_subtilis_main_ae3d0ab77a583f3f	discovery	56	62	57	62	-1.5	+	TCCTAT	2.07706880569458
EMB_prokbert_C08	tjupan_bacillus_subtilis_main_5e34c7286340c249	dbtbs_bsub_core_0fedc539a64a99b7	discovery	73	79	74	79	15.5	+	ATATTA	2.08774995803833
EMB_prokbert_C08	tjupan_bacillus_subtilis_main_eb51fed06d2e921e	dbtbs_bsub_core_3613f20526b705b5	discovery	48	54	49	54	-9.5	+	TAAATA	2.100583791732788
EMB_prokbert_C08	tjupan_bacillus_subtilis_main_0f74e2398b4ac2a6	dbtbs_bsub_core_e5f400f6f8de25f5	discovery	14	20	15	20	-43.5	+	ACATAT	2.104952812194824
EMB_prokbert_C08	tjupan_bacillus_subtilis_main_4fc356ae4cdf5a10	dbtbs_bsub_core_89ad3abb800dad9f	discovery	62	68	63	68	4.5	+	ATATAA	2.1149702072143555
EMB_prokbert_C08	tjupan_bacillus_subtilis_main_b0d8a2369952b821	dbtbs_bsub_core_3f773ca1224c0e26	discovery	50	56	51	56	-7.5	+	TCATAT	2.1161961555480957
EMB_prokbert_C08	tjupan_bacillus_subtilis_main_4f4c3d5d96d18695	tjupan_bacillus_subtilis_main_4f4c3d5d96d18695	discovery	54	60	55	60	-3.5	+	GTATAT	2.1429669857025146
EMB_prokbert_C08	tjupan_bacillus_subtilis_main_f5b082fd616807b3	dbtbs_bsub_core_4e960695d4b362e6	discovery	44	50	45	50	-13.5	+	ATTTAT	2.1524434089660645
EMB_prokbert_C08	tjupan_bacillus_subtilis_main_f0903ae0ab41d118	dbtbs_bsub_core_16fb2108119b7eaf	discovery	47	53	48	53	-10.5	+	TATAAT	2.1636500358581543
EMB_prokbert_C08	tjupan_bacillus_subtilis_main_1c375491ec2245f4	tjupan_bacillus_subtilis_main_1c375491ec2245f4	discovery	1	7	2	7	-56.5	+	CTATAT	2.186985492706299
EMB_prokbert_C08	tjupan_bacillus_subtilis_main_cb2c7c4f94201384	tjupan_bacillus_subtilis_main_cb2c7c4f94201384	discovery	0	6	1	6	-57.5	+	AATTAT	2.1889238357543945
EMB_prokbert_C08	tjupan_bacillus_subtilis_main_1732506bbac23b7c	dbtbs_bsub_core_1732506bbac23b7c	discovery	4	10	5	10	-53.5	+	GTATAT	2.217862129211426
EMB_prokbert_C08	tjupan_bacillus_subtilis_main_a8b2c052c0cdfcff	tjupan_bacillus_subtilis_main_a8b2c052c0cdfcff	discovery	75	81	76	81	17.5	+	TAATCA	2.220346450805664
EMB_prokbert_C08	tjupan_bacillus_subtilis_main_35bf7199ae44b70c	dbtbs_bsub_core_35bf7199ae44b70c	discovery	54	60	55	60	-3.5	+	TATAGT	2.2318575382232666
EMB_prokbert_C08	tjupan_bacillus_subtilis_main_8560b0f67ab5f5ab	dbtbs_bsub_core_f7a2628d99aff81a	discovery	75	81	76	81	17.5	+	TATAAT	2.2414073944091797
EMB_prokbert_C08	tjupan_bacillus_subtilis_main_fae71e59d553e455	dbtbs_bsub_core_fae71e59d553e455	discovery	48	54	49	54	-9.5	+	ATCATA	2.2483103275299072
EMB_prokbert_C08	tjupan_bacillus_subtilis_main_1edc8da3b582b0a5	dbtbs_bsub_core_1edc8da3b582b0a5	discovery	21	27	22	27	-36.5	+	GATATA	2.2795145511627197
EMB_prokbert_C08	tjupan_bacillus_subtilis_main_2bdb32bb685dc1db	tjupan_bacillus_subtilis_main_2bdb32bb685dc1db	discovery	27	33	28	33	-30.5	+	ATGCAT	2.296435594558716
EMB_prokbert_C08	tjupan_bacillus_subtilis_main_7ebbe970ac38b83d	dbtbs_bsub_core_5742761e1938e2d4	discovery	3	9	4	9	-54.5	+	TATAAG	2.2976903915405273
EMB_prokbert_C08	tjupan_bacillus_subtilis_main_1259688a411f3c07	tjupan_bacillus_subtilis_main_1259688a411f3c07	discovery	43	49	44	49	-14.5	+	TATAGT	2.3963873386383057
EMB_prokbert_C08	tjupan_bacillus_subtilis_main_43fbda6e3c3abdae	dbtbs_bsub_core_c62c8589a5774a74	discovery	0	6	1	6	-57.5	+	TTGATA	2.542973279953003
EMB_prokbert_C09	tjupan_bacillus_subtilis_main_0acb3976b9331524	tjupan_bacillus_subtilis_main_0acb3976b9331524	discovery	64	70	65	70	6.5	+	ATAAAT	1.1096088886260986
EMB_prokbert_C09	tjupan_bacillus_subtilis_main_d497e040ececfdff	dbtbs_bsub_core_a797439cbe2b0d85	discovery	69	75	70	75	11.5	+	ATAAAT	1.1905540227890015
EMB_prokbert_C09	tjupan_bacillus_subtilis_main_c9a32e1db5125d7c	dbtbs_bsub_core_c9a32e1db5125d7c	discovery	18	24	19	24	-39.5	+	AATAAA	1.2237794399261475
EMB_prokbert_C09	tjupan_bacillus_subtilis_main_94d81586c680a254	tjupan_bacillus_subtilis_main_94d81586c680a254	discovery	22	28	23	28	-35.5	+	TAAAAT	1.2358965873718262
EMB_prokbert_C09	tjupan_bacillus_subtilis_main_2be0a0a038238614	tjupan_bacillus_subtilis_main_2be0a0a038238614	discovery	62	68	63	68	4.5	+	AAAATG	1.2548452615737915
EMB_prokbert_C09	tjupan_bacillus_subtilis_main_3ab41c1b83ba019b	dbtbs_bsub_core_c956a5fd581ed80a	discovery	61	67	62	67	3.5	+	GAAATT	1.2780709266662598
EMB_prokbert_C09	tjupan_bacillus_subtilis_main_256978383d162d01	dbtbs_bsub_core_256978383d162d01	discovery	70	76	71	76	12.5	+	TAAAAT	1.2793548107147217
EMB_prokbert_C09	tjupan_bacillus_subtilis_main_b47674f2cd66e067	tjupan_bacillus_subtilis_main_b47674f2cd66e067	discovery	5	11	6	11	-52.5	+	AAATTG	1.2794140577316284
EMB_prokbert_C09	tjupan_bacillus_subtilis_main_a2eb9b766304b405	dbtbs_bsub_core_adaec4e024668ee2	discovery	67	73	68	73	9.5	+	CAAAAT	1.2844767570495605
EMB_prokbert_C09	tjupan_bacillus_subtilis_main_ab3313558a015086	dbtbs_bsub_core_ab3313558a015086	discovery	16	22	17	22	-41.5	+	GAAAAT	1.2945586442947388
EMB_prokbert_C09	tjupan_bacillus_subtilis_main_618f0dc5c0847866	dbtbs_bsub_core_e2f191a04a63a5f0	discovery	9	15	10	15	-48.5	+	TAAATT	1.2949875593185425
EMB_prokbert_C09	tjupan_bacillus_subtilis_main_342a4291e30f5e80	dbtbs_bsub_core_342a4291e30f5e80	discovery	36	42	37	42	-21.5	+	AATTGT	1.308485984802246
EMB_prokbert_C09	tjupan_bacillus_subtilis_main_a2cd64f7b02e9630	tjupan_bacillus_subtilis_main_a2cd64f7b02e9630	discovery	57	63	58	63	-0.5	+	TAAATG	1.312764048576355
EMB_prokbert_C09	tjupan_bacillus_subtilis_main_636c41b820e9fd5d	tjupan_bacillus_subtilis_main_636c41b820e9fd5d	discovery	28	34	29	34	-29.5	+	ATTAAA	1.3260821104049683
EMB_prokbert_C09	tjupan_bacillus_subtilis_main_9e087715e3522ed4	dbtbs_bsub_core_b3df5d74f56f0610	discovery	6	12	7	12	-51.5	+	ATAAAT	1.326444387435913
EMB_prokbert_C09	tjupan_bacillus_subtilis_main_fc6071b9027316a7	tjupan_bacillus_subtilis_main_fc6071b9027316a7	discovery	23	29	24	29	-34.5	+	TAAATG	1.3272278308868408
EMB_prokbert_C09	tjupan_bacillus_subtilis_main_7541f607431b8a27	dbtbs_bsub_core_1f38e2f4287dbc6d	discovery	40	46	41	46	-17.5	+	AAAATG	1.3371789455413818
EMB_prokbert_C09	tjupan_bacillus_subtilis_main_8421a3506bc3ca2c	tjupan_bacillus_subtilis_main_8421a3506bc3ca2c	discovery	39	45	40	45	-18.5	+	TAAATG	1.353737235069275
EMB_prokbert_C09	tjupan_bacillus_subtilis_main_0b565809576a9e0f	dbtbs_bsub_core_0fcadafa827fb8cf	discovery	54	60	55	60	-3.5	+	AAATGT	1.3580238819122314
EMB_prokbert_C09	tjupan_bacillus_subtilis_main_26786ec6f94b1750	dbtbs_bsub_core_26786ec6f94b1750	discovery	66	72	67	72	8.5	+	AAATGT	1.3638795614242554
EMB_prokbert_C09	tjupan_bacillus_subtilis_main_ff3d11f785ddd890	dbtbs_bsub_core_ff3d11f785ddd890	discovery	30	36	31	36	-27.5	+	AAAACA	1.368160605430603
EMB_prokbert_C09	tjupan_bacillus_subtilis_main_d59578e8446625f3	dbtbs_bsub_core_d59578e8446625f3	discovery	6	12	7	12	-51.5	+	AAAATG	1.3749122619628906
EMB_prokbert_C09	tjupan_bacillus_subtilis_main_84597be11ba889b8	tjupan_bacillus_subtilis_main_84597be11ba889b8	discovery	20	26	21	26	-37.5	+	GAATAA	1.3776456117630005
EMB_prokbert_C09	tjupan_bacillus_subtilis_main_f3423ecbff5b6537	dbtbs_bsub_core_dc8c32e7cfbca6d1	discovery	28	34	29	34	-29.5	+	CAAATT	1.3794643878936768
EMB_prokbert_C09	tjupan_bacillus_subtilis_main_7ac1767347438edd	dbtbs_bsub_core_5c6ce2f66e66fe9e	discovery	69	75	70	75	11.5	+	CAAATA	1.387007474899292
EMB_prokbert_C09	tjupan_bacillus_subtilis_main_01ae3d26fad13b71	dbtbs_bsub_core_7a9c3b7d79cfafb8	discovery	4	10	5	10	-53.5	+	AAATTG	1.389840006828308
EMB_prokbert_C09	tjupan_bacillus_subtilis_main_b790c6b12a43a7c6	tjupan_bacillus_subtilis_main_b790c6b12a43a7c6	discovery	29	35	30	35	-28.5	+	AATAAA	1.397318720817566
EMB_prokbert_C09	tjupan_bacillus_subtilis_main_54fd4c2966482e2c	dbtbs_bsub_core_ba3becfc7c3e4e17	discovery	51	57	52	57	-6.5	+	AATAAA	1.3990166187286377
EMB_prokbert_C09	tjupan_bacillus_subtilis_main_4d08fa1f606ad269	tjupan_bacillus_subtilis_main_4d08fa1f606ad269	discovery	53	59	54	59	-4.5	+	GAAATA	1.4023221731185913
EMB_prokbert_C09	tjupan_bacillus_subtilis_main_b7cebcbae1ca8171	dbtbs_bsub_core_342a4291e30f5e80	discovery	28	34	29	34	-29.5	+	AATTGT	1.4040660858154297
EMB_prokbert_C09	tjupan_bacillus_subtilis_main_6c11169e185f76df	dbtbs_bsub_core_6c11169e185f76df	discovery	6	12	7	12	-51.5	+	AAAATT	1.4047608375549316
EMB_prokbert_C09	tjupan_bacillus_subtilis_main_d9cd9789d0fb01a3	dbtbs_bsub_core_c190339743385950	discovery	53	59	54	59	-4.5	+	AATATT	1.4096424579620361
EMB_prokbert_C09	tjupan_bacillus_subtilis_main_9ab6c96db0706f0e	dbtbs_bsub_core_c190339743385950	discovery	47	53	48	53	-10.5	+	AATATT	1.4149922132492065
EMB_prokbert_C09	tjupan_bacillus_subtilis_main_c22e62909e814f30	dbtbs_bsub_core_e2251470d219464a	discovery	47	53	48	53	-10.5	+	ATAAAA	1.4183070659637451
EMB_prokbert_C09	tjupan_bacillus_subtilis_main_e90961ead2da3f7b	tjupan_bacillus_subtilis_main_e90961ead2da3f7b	discovery	30	36	31	36	-27.5	+	GAAAAT	1.425667405128479
EMB_prokbert_C09	tjupan_bacillus_subtilis_main_84e6c8375d18dc47	tjupan_bacillus_subtilis_main_84e6c8375d18dc47	discovery	39	45	40	45	-18.5	+	ATAAAT	1.429334044456482
EMB_prokbert_C09	tjupan_bacillus_subtilis_main_be897b68bd393df0	dbtbs_bsub_core_be897b68bd393df0	discovery	69	75	70	75	11.5	+	AAATGT	1.433209776878357
EMB_prokbert_C09	tjupan_bacillus_subtilis_main_5e3ef261f40425ef	tjupan_bacillus_subtilis_main_5e3ef261f40425ef	discovery	5	11	6	11	-52.5	+	TAAATG	1.4372450113296509
EMB_prokbert_C09	tjupan_bacillus_subtilis_main_4fc356ae4cdf5a10	dbtbs_bsub_core_89ad3abb800dad9f	discovery	66	72	67	72	8.5	+	AAAATT	1.4402110576629639
EMB_prokbert_C09	tjupan_bacillus_subtilis_main_bd4e9486aa695c78	tjupan_bacillus_subtilis_main_bd4e9486aa695c78	discovery	26	32	27	32	-31.5	+	TAAAAT	1.450648307800293
EMB_prokbert_C09	tjupan_bacillus_subtilis_main_48b85a8a5c19ece4	dbtbs_bsub_core_7730e205ee5d9991	discovery	52	58	53	58	-5.5	+	ATAAAA	1.4518420696258545
EMB_prokbert_C09	tjupan_bacillus_subtilis_main_f452c4bef1ed8b92	dbtbs_bsub_core_f452c4bef1ed8b92	discovery	48	54	49	54	-9.5	+	AAATGT	1.462825059890747
EMB_prokbert_C09	tjupan_bacillus_subtilis_main_e1ad11de708bb9dd	dbtbs_bsub_core_0ce0cc9e187b5d37	discovery	64	70	65	70	6.5	+	AAAATA	1.463058590888977
EMB_prokbert_C09	tjupan_bacillus_subtilis_main_9a6d97baf1c02d30	dbtbs_bsub_core_9a6d97baf1c02d30	discovery	52	58	53	58	-5.5	+	ATAAAT	1.4643181562423706
EMB_prokbert_C09	tjupan_bacillus_subtilis_main_eaa75817f87b3088	dbtbs_bsub_core_71c43b52121900cc	discovery	33	39	34	39	-24.5	+	AAAATA	1.4652045965194702
EMB_prokbert_C09	tjupan_bacillus_subtilis_main_3e1210c1f898bc48	dbtbs_bsub_core_42eaa371353368b2	discovery	50	56	51	56	-7.5	+	AATGAA	1.4674220085144043
EMB_prokbert_C09	tjupan_bacillus_subtilis_main_66846fa14c29dbc1	dbtbs_bsub_core_89ab3601fa8ac055	discovery	11	17	12	17	-46.5	+	AAATGT	1.4692460298538208
EMB_prokbert_C09	tjupan_bacillus_subtilis_main_e1fd6875b30f4c73	dbtbs_bsub_core_e1fd6875b30f4c73	discovery	11	17	12	17	-46.5	+	AATTAT	1.4719561338424683
EMB_prokbert_C09	tjupan_bacillus_subtilis_main_32aff5c8192321bb	dbtbs_bsub_core_76636d30cbe1eec3	discovery	56	62	57	62	-1.5	+	TAACAA	1.4746376276016235
EMB_prokbert_C09	tjupan_bacillus_subtilis_main_b5cc4aad42c9a683	dbtbs_bsub_core_b5cc4aad42c9a683	discovery	52	58	53	58	-5.5	+	ATAAAT	1.4796195030212402
EMB_prokbert_C09	tjupan_bacillus_subtilis_main_b11aff47b9c426f3	dbtbs_bsub_core_b11aff47b9c426f3	discovery	17	23	18	23	-40.5	+	TCATAA	1.4816974401474
EMB_prokbert_C09	tjupan_bacillus_subtilis_main_50224837ca8eceb5	dbtbs_bsub_core_50224837ca8eceb5	discovery	27	33	28	33	-30.5	+	ATTAAA	1.481791377067566
EMB_prokbert_C09	tjupan_bacillus_subtilis_main_e28ceade6e8616fa	dbtbs_bsub_core_9b12482ac6eea2d4	discovery	51	57	52	57	-6.5	+	AATAAT	1.486646056175232
EMB_prokbert_C09	tjupan_bacillus_subtilis_main_d9679a25a18d6da1	tjupan_bacillus_subtilis_main_c9bc5ed233eba13a	discovery	55	61	56	61	-2.5	+	GAAATT	1.4877997636795044
EMB_prokbert_C09	tjupan_bacillus_subtilis_main_8a0979b032bb35c1	dbtbs_bsub_core_33318fe6256d39ff	discovery	7	13	8	13	-50.5	+	AACAAT	1.489620566368103
EMB_prokbert_C09	tjupan_bacillus_subtilis_main_ad5b6a3a851181b1	dbtbs_bsub_core_ad5b6a3a851181b1	discovery	69	75	70	75	11.5	+	CAAATT	1.4916828870773315
EMB_prokbert_C09	tjupan_bacillus_subtilis_main_7c1cf5cd36017844	tjupan_bacillus_subtilis_main_7c1cf5cd36017844	discovery	48	54	49	54	-9.5	+	ATAAAA	1.4922987222671509
EMB_prokbert_C09	tjupan_bacillus_subtilis_main_ff1b0f332755e37b	dbtbs_bsub_core_710c0cbad80c03b6	discovery	30	36	31	36	-27.5	+	ATAAAT	1.4939759969711304
EMB_prokbert_C09	tjupan_bacillus_subtilis_main_a9fde0fdd238b261	dbtbs_bsub_core_06588c97cd7288a8	discovery	52	58	53	58	-5.5	+	CAAATT	1.4949684143066406
EMB_prokbert_C09	tjupan_bacillus_subtilis_main_71eaf5cbf249113b	dbtbs_bsub_core_71eaf5cbf249113b	discovery	65	71	66	71	7.5	+	AAAATG	1.495507001876831
EMB_prokbert_C09	tjupan_bacillus_subtilis_main_af51a9f7939c4cfb	dbtbs_bsub_core_49fc6b8175a85db6	discovery	55	61	56	61	-2.5	+	AGTTAT	1.501343011856079
EMB_prokbert_C09	tjupan_bacillus_subtilis_main_56fbf5e1ebfb46d1	dbtbs_bsub_core_56fbf5e1ebfb46d1	discovery	29	35	30	35	-28.5	+	AAATTA	1.5016390085220337
EMB_prokbert_C09	tjupan_bacillus_subtilis_main_13f36fd95a25452a	tjupan_bacillus_subtilis_main_13f36fd95a25452a	discovery	40	46	41	46	-17.5	+	TAAATG	1.508047342300415
EMB_prokbert_C09	tjupan_bacillus_subtilis_main_82e1287a21b69715	dbtbs_bsub_core_82e1287a21b69715	discovery	36	42	37	42	-21.5	+	ATAATG	1.508949875831604
EMB_prokbert_C09	tjupan_bacillus_subtilis_main_f9edd67964b41200	dbtbs_bsub_core_f9edd67964b41200	discovery	68	74	69	74	10.5	+	TCAAAT	1.5103133916854858
EMB_prokbert_C09	tjupan_bacillus_subtilis_main_dbd8ff77ae99e6b2	dbtbs_bsub_core_dbd8ff77ae99e6b2	discovery	50	56	51	56	-7.5	+	AAATGG	1.5108168125152588
EMB_prokbert_C09	tjupan_bacillus_subtilis_main_08d810e756c7d81b	tjupan_bacillus_subtilis_main_08d810e756c7d81b	discovery	9	15	10	15	-48.5	+	AAAATG	1.5119822025299072
EMB_prokbert_C09	tjupan_bacillus_subtilis_main_9daaa0d103ffad86	dbtbs_bsub_core_9daaa0d103ffad86	discovery	5	11	6	11	-52.5	+	ATTAAT	1.5121865272521973
EMB_prokbert_C09	tjupan_bacillus_subtilis_main_4648c22f43ae6952	tjupan_bacillus_subtilis_main_4648c22f43ae6952	discovery	6	12	7	12	-51.5	+	ATTGAA	1.518988013267517
EMB_prokbert_C09	tjupan_bacillus_subtilis_main_cd5426fc6bacf792	dbtbs_bsub_core_cd5426fc6bacf792	discovery	15	21	16	21	-42.5	+	GAAATT	1.5212293863296509
EMB_prokbert_C09	tjupan_bacillus_subtilis_main_6e989f822c0894af	dbtbs_bsub_core_bb5ca17cb9317fea	discovery	37	43	38	43	-20.5	+	ACAAAT	1.523846983909607
EMB_prokbert_C09	tjupan_bacillus_subtilis_main_66bdec0f6e49230b	dbtbs_bsub_core_66bdec0f6e49230b	discovery	51	57	52	57	-6.5	+	AATGAA	1.5339114665985107
EMB_prokbert_C09	tjupan_bacillus_subtilis_main_eebec5ad9a06df67	dbtbs_bsub_core_5cddd19c752675c8	discovery	14	20	15	20	-43.5	+	TCAATA	1.5349986553192139
EMB_prokbert_C09	tjupan_bacillus_subtilis_main_18d5be8d5c4f9a22	tjupan_bacillus_subtilis_main_18d5be8d5c4f9a22	discovery	41	47	42	47	-16.5	+	AAATAA	1.5365703105926514
EMB_prokbert_C09	tjupan_bacillus_subtilis_main_e2d1119cb664dabf	dbtbs_bsub_core_954deecd8ab02ea9	discovery	30	36	31	36	-27.5	+	TAATTA	1.541821837425232
EMB_prokbert_C09	tjupan_bacillus_subtilis_main_88d6ae8ec11f6e65	tjupan_bacillus_subtilis_main_88d6ae8ec11f6e65	discovery	6	12	7	12	-51.5	+	AAAATG	1.5420399904251099
EMB_prokbert_C09	tjupan_bacillus_subtilis_main_ade14dd3fdacb032	dbtbs_bsub_core_12585b08a658046e	discovery	60	66	61	66	2.5	+	CAAAAT	1.542945146560669
EMB_prokbert_C09	tjupan_bacillus_subtilis_main_d9da0a0033167763	dbtbs_bsub_core_d9da0a0033167763	discovery	33	39	34	39	-24.5	+	AATAAA	1.5433117151260376
EMB_prokbert_C09	tjupan_bacillus_subtilis_main_7bc9aa9d4ad371af	dbtbs_bsub_core_7bc9aa9d4ad371af	discovery	51	57	52	57	-6.5	+	TTAAAT	1.5434670448303223
EMB_prokbert_C09	tjupan_bacillus_subtilis_main_90a64d4511c49526	dbtbs_bsub_core_90a64d4511c49526	discovery	52	58	53	58	-5.5	+	TAAATT	1.5447970628738403
EMB_prokbert_C09	tjupan_bacillus_subtilis_main_fea876b7208e46e3	dbtbs_bsub_core_fea876b7208e46e3	discovery	18	24	19	24	-39.5	+	AAACCA	1.5456573963165283
EMB_prokbert_C09	tjupan_bacillus_subtilis_main_74de924b5fe0230a	dbtbs_bsub_core_74de924b5fe0230a	discovery	60	66	61	66	2.5	+	TAAATC	1.545765995979309
EMB_prokbert_C09	tjupan_bacillus_subtilis_main_a032a3114b7dbf1c	dbtbs_bsub_core_a032a3114b7dbf1c	discovery	32	38	33	38	-25.5	+	AAAATG	1.546666145324707
EMB_prokbert_C09	tjupan_bacillus_subtilis_main_2b2db3c55e03b737	dbtbs_bsub_core_9d26dfa3049d6f00	discovery	52	58	53	58	-5.5	+	AATCAA	1.5473337173461914
EMB_prokbert_C09	tjupan_bacillus_subtilis_main_993a308bb6e190e1	dbtbs_bsub_core_993a308bb6e190e1	discovery	49	55	50	55	-8.5	+	ACAATA	1.5536571741104126
EMB_prokbert_C09	tjupan_bacillus_subtilis_main_52931b7eafd9a9b2	dbtbs_bsub_core_324baeb0b4deda5d	discovery	38	44	39	44	-19.5	+	AAATTA	1.554181694984436
EMB_prokbert_C09	tjupan_bacillus_subtilis_main_c12152f72b444aff	tjupan_bacillus_subtilis_main_c12152f72b444aff	discovery	25	31	26	31	-32.5	+	AATGAA	1.5575430393218994
EMB_prokbert_C09	tjupan_bacillus_subtilis_main_982fa9762732f05a	tjupan_bacillus_subtilis_main_982fa9762732f05a	discovery	26	32	27	32	-31.5	+	AAATTA	1.5589962005615234
EMB_prokbert_C09	tjupan_bacillus_subtilis_main_f7fb3b6a673b2fe9	dbtbs_bsub_core_4c8b5a3cc4c24c6c	discovery	55	61	56	61	-2.5	+	AAAATA	1.559094786643982
EMB_prokbert_C09	tjupan_bacillus_subtilis_main_fa23a6db7de139e8	tjupan_bacillus_subtilis_main_fa23a6db7de139e8	discovery	14	20	15	20	-43.5	+	CAAATT	1.5598076581954956
EMB_prokbert_C09	tjupan_bacillus_subtilis_main_8e892e5639ef0ac1	dbtbs_bsub_core_d25c674b3a14df1a	discovery	55	61	56	61	-2.5	+	AAAATA	1.5606919527053833
EMB_prokbert_C09	tjupan_bacillus_subtilis_main_eb11019c71a3a745	tjupan_bacillus_subtilis_main_eb11019c71a3a745	discovery	53	59	54	59	-4.5	+	ATAATT	1.5627918243408203
EMB_prokbert_C09	tjupan_bacillus_subtilis_main_76909c0ebd8db916	dbtbs_bsub_core_d5153844984277ea	discovery	18	24	19	24	-39.5	+	AAAATG	1.5643086433410645
EMB_prokbert_C09	tjupan_bacillus_subtilis_main_dea64c0f5a12bfa1	dbtbs_bsub_core_a18a06666ab8afa6	discovery	55	61	56	61	-2.5	+	AATTAA	1.5665892362594604
EMB_prokbert_C09	tjupan_bacillus_subtilis_main_282b0a85bf46906b	tjupan_bacillus_subtilis_main_282b0a85bf46906b	discovery	71	77	72	77	13.5	+	TTAAAT	1.5679562091827393
EMB_prokbert_C09	tjupan_bacillus_subtilis_main_754ac4e873f6c24d	tjupan_bacillus_subtilis_main_754ac4e873f6c24d	discovery	59	65	60	65	1.5	+	CAAAAT	1.5680346488952637
EMB_prokbert_C09	tjupan_bacillus_subtilis_main_32a70db45859cbb9	dbtbs_bsub_core_32a70db45859cbb9	discovery	58	64	59	64	0.5	+	ATTAAA	1.568687081336975
EMB_prokbert_C09	tjupan_bacillus_subtilis_main_d04a67d8cb9ad084	dbtbs_bsub_core_d04a67d8cb9ad084	discovery	20	26	21	26	-37.5	+	AAAATG	1.5713237524032593
EMB_prokbert_C09	tjupan_bacillus_subtilis_main_8837dc4443db7de3	tjupan_bacillus_subtilis_main_8837dc4443db7de3	discovery	18	24	19	24	-39.5	+	CATAAA	1.574743628501892
EMB_prokbert_C09	tjupan_bacillus_subtilis_main_2db0b8f33ca38a29	tjupan_bacillus_subtilis_main_2db0b8f33ca38a29	discovery	42	48	43	48	-15.5	+	GAAAAC	1.5766922235488892
EMB_prokbert_C09	tjupan_bacillus_subtilis_main_c9bc5ed233eba13a	tjupan_bacillus_subtilis_main_c9bc5ed233eba13a	discovery	62	68	63	68	4.5	+	GAAATT	1.5796750783920288
EMB_prokbert_C09	tjupan_bacillus_subtilis_main_7358cf40e4efa482	tjupan_bacillus_subtilis_main_7358cf40e4efa482	discovery	50	56	51	56	-7.5	+	AAAATG	1.5812366008758545
EMB_prokbert_C09	tjupan_bacillus_subtilis_main_cf3def291394eeb9	tjupan_bacillus_subtilis_main_cf3def291394eeb9	discovery	6	12	7	12	-51.5	+	AAAATA	1.5823355913162231
EMB_prokbert_C09	tjupan_bacillus_subtilis_main_32548c7fec9dc4f2	dbtbs_bsub_core_32548c7fec9dc4f2	discovery	21	27	22	27	-36.5	+	AAATTG	1.5835472345352173
EMB_prokbert_C09	tjupan_bacillus_subtilis_main_666dd7e391a36890	dbtbs_bsub_core_666dd7e391a36890	discovery	47	53	48	53	-10.5	+	TAAAAT	1.5865535736083984
EMB_prokbert_C09	tjupan_bacillus_subtilis_main_3ed5570d9bd715ae	dbtbs_bsub_core_0561dd78dc44b145	discovery	6	12	7	12	-51.5	+	TCAATA	1.588525652885437
EMB_prokbert_C09	tjupan_bacillus_subtilis_main_6406719b10941769	dbtbs_bsub_core_5bcaee6240f23d4b	discovery	6	12	7	12	-51.5	+	AAACAA	1.5914884805679321
EMB_prokbert_C09	tjupan_bacillus_subtilis_main_5f8b6936b2e52932	tjupan_bacillus_subtilis_main_5f8b6936b2e52932	discovery	38	44	39	44	-19.5	+	AAATTA	1.593442440032959
EMB_prokbert_C09	tjupan_bacillus_subtilis_main_85511e0264f2e3b8	dbtbs_bsub_core_35445cef3104bf74	discovery	30	36	31	36	-27.5	+	AAATAA	1.594088077545166
EMB_prokbert_C09	tjupan_bacillus_subtilis_main_8e4b7e6c519e170f	tjupan_bacillus_subtilis_main_8e4b7e6c519e170f	discovery	62	68	63	68	4.5	+	AACAAT	1.5959317684173584
EMB_prokbert_C09	tjupan_bacillus_subtilis_main_ecef2875a7a372ba	dbtbs_bsub_core_ecef2875a7a372ba	discovery	47	53	48	53	-10.5	+	TAAAAT	1.596441626548767
EMB_prokbert_C09	tjupan_bacillus_subtilis_main_d33162cb12a5a549	tjupan_bacillus_subtilis_main_d33162cb12a5a549	discovery	39	45	40	45	-18.5	+	AAACAA	1.5974839925765991
EMB_prokbert_C09	tjupan_bacillus_subtilis_main_f6994e5b6245c7bf	tjupan_bacillus_subtilis_main_f6994e5b6245c7bf	discovery	47	53	48	53	-10.5	+	AATAAT	1.5975531339645386
EMB_prokbert_C09	tjupan_bacillus_subtilis_main_f45d38a5e15ccc93	dbtbs_bsub_core_5dbc73ad42aeab56	discovery	43	49	44	49	-14.5	+	AATAAT	1.5996323823928833
EMB_prokbert_C09	tjupan_bacillus_subtilis_main_fe2a626ec63a594e	dbtbs_bsub_core_abc060d81660f90c	discovery	23	29	24	29	-34.5	+	AAAATG	1.6007840633392334
EMB_prokbert_C09	tjupan_bacillus_subtilis_main_10eda96ea4199e8c	dbtbs_bsub_core_10eda96ea4199e8c	discovery	47	53	48	53	-10.5	+	TAAAAT	1.6044248342514038
EMB_prokbert_C09	tjupan_bacillus_subtilis_main_0e56c5fe6c5d0db0	dbtbs_bsub_core_cfddcd51a76889fd	discovery	51	57	52	57	-6.5	+	AATAAT	1.6052725315093994
EMB_prokbert_C09	tjupan_bacillus_subtilis_main_1478640e036e0224	dbtbs_bsub_core_1478640e036e0224	discovery	67	73	68	73	9.5	+	AAATAG	1.607471227645874
EMB_prokbert_C09	tjupan_bacillus_subtilis_main_f04c569125ce3afa	dbtbs_bsub_core_85a34ab094cb765f	discovery	38	44	39	44	-19.5	+	AAAATA	1.6095653772354126
EMB_prokbert_C09	tjupan_bacillus_subtilis_main_9d34f9d9e0ee0e26	dbtbs_bsub_core_9d34f9d9e0ee0e26	discovery	52	58	53	58	-5.5	+	TAAATG	1.6107441186904907
EMB_prokbert_C09	tjupan_bacillus_subtilis_main_796368712c0cdecb	tjupan_bacillus_subtilis_main_796368712c0cdecb	discovery	60	66	61	66	2.5	+	GAAATA	1.6131302118301392
EMB_prokbert_C09	tjupan_bacillus_subtilis_main_b24feeda89db5dfd	dbtbs_bsub_core_b24feeda89db5dfd	discovery	51	57	52	57	-6.5	+	AATGAA	1.6174815893173218
EMB_prokbert_C09	tjupan_bacillus_subtilis_main_487ce40a67c6d939	tjupan_bacillus_subtilis_main_487ce40a67c6d939	discovery	58	64	59	64	0.5	+	CATAAA	1.617522120475769
EMB_prokbert_C09	tjupan_bacillus_subtilis_main_c648ac4df22b0f89	dbtbs_bsub_core_c648ac4df22b0f89	discovery	16	22	17	22	-41.5	+	AAAATA	1.6178128719329834
EMB_prokbert_C09	tjupan_bacillus_subtilis_main_92c71ea9f3febc7f	dbtbs_bsub_core_c2ee7abb48038f6f	discovery	69	75	70	75	11.5	+	AATTTG	1.618179202079773
EMB_prokbert_C09	tjupan_bacillus_subtilis_main_adbf75412ef7d5a0	dbtbs_bsub_core_adbf75412ef7d5a0	discovery	3	9	4	9	-54.5	+	TAATTG	1.6197540760040283
EMB_prokbert_C09	tjupan_bacillus_subtilis_main_8b7394af6b78d50f	dbtbs_bsub_core_c890b4346c03f247	discovery	51	57	52	57	-6.5	+	AAATTG	1.622448444366455
EMB_prokbert_C09	tjupan_bacillus_subtilis_main_9f03f134e6b67be2	tjupan_bacillus_subtilis_main_9f03f134e6b67be2	discovery	63	69	64	69	5.5	+	ATAAAG	1.6304395198822021
EMB_prokbert_C09	tjupan_bacillus_subtilis_main_1f2ca280ccaab774	tjupan_bacillus_subtilis_main_1f2ca280ccaab774	discovery	25	31	26	31	-32.5	+	ATTGAA	1.6310946941375732
EMB_prokbert_C09	tjupan_bacillus_subtilis_main_59b38cd2f2ea112d	dbtbs_bsub_core_59b38cd2f2ea112d	discovery	31	37	32	37	-26.5	+	CAAATA	1.6311544179916382
EMB_prokbert_C09	tjupan_bacillus_subtilis_main_91723abad13f63e4	tjupan_bacillus_subtilis_main_91723abad13f63e4	discovery	70	76	71	76	12.5	+	AAAATG	1.6352051496505737
EMB_prokbert_C09	tjupan_bacillus_subtilis_main_c758d11e26aac641	tjupan_bacillus_subtilis_main_c758d11e26aac641	discovery	23	29	24	29	-34.5	+	ATAAAT	1.6361004114151
EMB_prokbert_C09	tjupan_bacillus_subtilis_main_dc65c8922842b20f	tjupan_bacillus_subtilis_main_dc65c8922842b20f	discovery	39	45	40	45	-18.5	+	AATATG	1.6397037506103516
EMB_prokbert_C09	tjupan_bacillus_subtilis_main_e1d5408a78fdd1c5	dbtbs_bsub_core_f8ce2fa963a01405	discovery	38	44	39	44	-19.5	+	AAAATA	1.643269658088684
EMB_prokbert_C09	tjupan_bacillus_subtilis_main_9296390fae4fd68d	tjupan_bacillus_subtilis_main_9296390fae4fd68d	discovery	7	13	8	13	-50.5	+	TGAAAG	1.6473321914672852
EMB_prokbert_C09	tjupan_bacillus_subtilis_main_d1b10b64ac040b8c	dbtbs_bsub_core_3a6c62def340fb72	discovery	43	49	44	49	-14.5	+	AAATGT	1.6526389122009277
EMB_prokbert_C09	tjupan_bacillus_subtilis_main_de399adaaafe5be7	dbtbs_bsub_core_f1028676a1f89b0e	discovery	11	17	12	17	-46.5	+	AAGAAC	1.6551096439361572
EMB_prokbert_C09	tjupan_bacillus_subtilis_main_49d5f09ecdaa68d2	dbtbs_bsub_core_2fc6766ca8c365d3	discovery	56	62	57	62	-1.5	+	AAGATA	1.6575654745101929
EMB_prokbert_C09	tjupan_bacillus_subtilis_main_c2d54a415a7d048a	dbtbs_bsub_core_c2d54a415a7d048a	discovery	26	32	27	32	-31.5	+	TGAAAC	1.6592539548873901
EMB_prokbert_C09	tjupan_bacillus_subtilis_main_2c9e8a462277f7da	dbtbs_bsub_core_f7573fed016c047b	discovery	54	60	55	60	-3.5	+	AATGAT	1.661466360092163
EMB_prokbert_C09	tjupan_bacillus_subtilis_main_ade9dc791ab39f6c	dbtbs_bsub_core_ade9dc791ab39f6c	discovery	3	9	4	9	-54.5	+	ATAAAT	1.6626254320144653
EMB_prokbert_C09	tjupan_bacillus_subtilis_main_3be839d09df1dbe1	dbtbs_bsub_core_3be839d09df1dbe1	discovery	60	66	61	66	2.5	+	ATAAAT	1.6641536951065063
EMB_prokbert_C09	tjupan_bacillus_subtilis_main_da7f3c0608c35165	dbtbs_bsub_core_da7f3c0608c35165	discovery	14	20	15	20	-43.5	+	TGAAAC	1.6643059253692627
EMB_prokbert_C09	tjupan_bacillus_subtilis_main_f05d30123c592277	dbtbs_bsub_core_f05d30123c592277	discovery	48	54	49	54	-9.5	+	AAATTA	1.668250322341919
EMB_prokbert_C09	tjupan_bacillus_subtilis_main_3270409c742f3314	dbtbs_bsub_core_edd6f2ee95c58508	discovery	52	58	53	58	-5.5	+	ATAAAT	1.669304609298706
EMB_prokbert_C09	tjupan_bacillus_subtilis_main_8797dcd405b13c8e	tjupan_bacillus_subtilis_main_8797dcd405b13c8e	discovery	44	50	45	50	-13.5	+	AAAATT	1.6694121360778809
EMB_prokbert_C09	tjupan_bacillus_subtilis_main_73f2f27ec267a871	dbtbs_bsub_core_77a7b73eeb200478	discovery	56	62	57	62	-1.5	+	AAAATG	1.6796505451202393
EMB_prokbert_C09	tjupan_bacillus_subtilis_main_e4e4a1be67374f28	dbtbs_bsub_core_e4e4a1be67374f28	discovery	51	57	52	57	-6.5	+	AAATAA	1.6842387914657593
EMB_prokbert_C09	tjupan_bacillus_subtilis_main_efde358c620c36bd	dbtbs_bsub_core_efde358c620c36bd	discovery	65	71	66	71	7.5	+	GAATGC	1.685612678527832
EMB_prokbert_C09	tjupan_bacillus_subtilis_main_d0e455b1c91ba281	dbtbs_bsub_core_f6e924d0656980ad	discovery	14	20	15	20	-43.5	+	CAATAA	1.6876177787780762
EMB_prokbert_C09	tjupan_bacillus_subtilis_main_9361e0f82edaa017	tjupan_bacillus_subtilis_main_9361e0f82edaa017	discovery	49	55	50	55	-8.5	+	AATAAT	1.6898128986358643
EMB_prokbert_C09	tjupan_bacillus_subtilis_main_93b5da0b5f842573	dbtbs_bsub_core_93b5da0b5f842573	discovery	54	60	55	60	-3.5	+	AACAAT	1.6963235139846802
EMB_prokbert_C09	tjupan_bacillus_subtilis_main_7d976c34bed90c97	tjupan_bacillus_subtilis_main_7d976c34bed90c97	discovery	44	50	45	50	-13.5	+	ATGAAA	1.6994320154190063
EMB_prokbert_C09	tjupan_bacillus_subtilis_main_0a0035c3a0685aa9	dbtbs_bsub_core_d50ffa4df9b8add7	discovery	69	75	70	75	11.5	+	AAAATC	1.7023396492004395
EMB_prokbert_C09	tjupan_bacillus_subtilis_main_517410185d825f3e	tjupan_bacillus_subtilis_main_517410185d825f3e	discovery	18	24	19	24	-39.5	+	AATTAA	1.7051527500152588
EMB_prokbert_C09	tjupan_bacillus_subtilis_main_61d216a2a24189d0	dbtbs_bsub_core_61d216a2a24189d0	discovery	49	55	50	55	-8.5	+	TAAATG	1.7056453227996826
EMB_prokbert_C09	tjupan_bacillus_subtilis_main_a1b8ecb6878276b4	dbtbs_bsub_core_a1b8ecb6878276b4	discovery	47	53	48	53	-10.5	+	GAAATC	1.70722496509552
EMB_prokbert_C09	tjupan_bacillus_subtilis_main_36eed70446e6810b	dbtbs_bsub_core_36eed70446e6810b	discovery	34	40	35	40	-23.5	+	AAATAT	1.7072818279266357
EMB_prokbert_C09	tjupan_bacillus_subtilis_main_4915fc510c1f847f	tjupan_bacillus_subtilis_main_4915fc510c1f847f	discovery	33	39	34	39	-24.5	+	GAAAAT	1.7105491161346436
EMB_prokbert_C09	tjupan_bacillus_subtilis_main_49e8e3a6681b011d	dbtbs_bsub_core_e14a6f906af1fa54	discovery	14	20	15	20	-43.5	+	AAAATC	1.7209964990615845
EMB_prokbert_C09	tjupan_bacillus_subtilis_main_5e30b1d213eba695	tjupan_bacillus_subtilis_main_5e30b1d213eba695	discovery	30	36	31	36	-27.5	+	GAAATA	1.7210696935653687
EMB_prokbert_C09	tjupan_bacillus_subtilis_main_3b9d28ffe489c3c7	dbtbs_bsub_core_260ddc8adeedb788	discovery	29	35	30	35	-28.5	+	AATAAA	1.7258027791976929
EMB_prokbert_C09	tjupan_bacillus_subtilis_main_6b5eda10bbc36b27	dbtbs_bsub_core_0d578393adbcde98	discovery	16	22	17	22	-41.5	+	ATTAAT	1.7259188890457153
EMB_prokbert_C09	tjupan_bacillus_subtilis_main_150dcd3daf63d162	dbtbs_bsub_core_150dcd3daf63d162	discovery	35	41	36	41	-22.5	+	AATAAT	1.7269819974899292
EMB_prokbert_C09	tjupan_bacillus_subtilis_main_cb2c7c4f94201384	tjupan_bacillus_subtilis_main_cb2c7c4f94201384	discovery	36	42	37	42	-21.5	+	CAATAA	1.7294224500656128
EMB_prokbert_C09	tjupan_bacillus_subtilis_main_86c973796d10f50f	dbtbs_bsub_core_86c973796d10f50f	discovery	6	12	7	12	-51.5	+	AAAATT	1.7330306768417358
EMB_prokbert_C09	tjupan_bacillus_subtilis_main_729454a84a667dd8	dbtbs_bsub_core_729454a84a667dd8	discovery	4	10	5	10	-53.5	+	CATAAA	1.7337278127670288
EMB_prokbert_C09	tjupan_bacillus_subtilis_main_917572a2414a52f7	tjupan_bacillus_subtilis_main_917572a2414a52f7	discovery	11	17	12	17	-46.5	+	AAATGA	1.7344650030136108
EMB_prokbert_C09	tjupan_bacillus_subtilis_main_e62d7e001687b19a	tjupan_bacillus_subtilis_main_e62d7e001687b19a	discovery	34	40	35	40	-23.5	+	AGAATT	1.7357436418533325
EMB_prokbert_C09	tjupan_bacillus_subtilis_main_f869091e55050110	tjupan_bacillus_subtilis_main_f869091e55050110	discovery	21	27	22	27	-36.5	+	CTATTG	1.741823673248291
EMB_prokbert_C09	tjupan_bacillus_subtilis_main_980ab95cde029f78	tjupan_bacillus_subtilis_main_980ab95cde029f78	discovery	9	15	10	15	-48.5	+	ATTAAT	1.7418643236160278
EMB_prokbert_C09	tjupan_bacillus_subtilis_main_3ec4c8abee3f7a8e	dbtbs_bsub_core_c18c3f10dff5c627	discovery	20	26	21	26	-37.5	+	AATTCA	1.7437527179718018
EMB_prokbert_C09	tjupan_bacillus_subtilis_main_d24ab9ea2522f43e	dbtbs_bsub_core_e391b9fe5a0b653f	discovery	39	45	40	45	-18.5	+	AGAATG	1.7458808422088623
EMB_prokbert_C09	tjupan_bacillus_subtilis_main_550b125b16dc206e	dbtbs_bsub_core_2ab03862f0e9dd2f	discovery	67	73	68	73	9.5	+	TCAAAT	1.7481716871261597
EMB_prokbert_C09	tjupan_bacillus_subtilis_main_4cf64b5587e1d04e	dbtbs_bsub_core_4cf64b5587e1d04e	discovery	4	10	5	10	-53.5	+	GAAATA	1.7503265142440796
EMB_prokbert_C09	tjupan_bacillus_subtilis_main_0d7b08433a8f6233	tjupan_bacillus_subtilis_main_0d7b08433a8f6233	discovery	70	76	71	76	12.5	+	GAATGC	1.7513197660446167
EMB_prokbert_C09	tjupan_bacillus_subtilis_main_3adf706b5413c6ce	tjupan_bacillus_subtilis_main_3adf706b5413c6ce	discovery	62	68	63	68	4.5	+	AAACAT	1.7529159784317017
EMB_prokbert_C09	tjupan_bacillus_subtilis_main_e8dca4769e2e29bc	dbtbs_bsub_core_b8b8ac7ece3bed55	discovery	52	58	53	58	-5.5	+	TGAAAT	1.7585911750793457
EMB_prokbert_C09	tjupan_bacillus_subtilis_main_dcef15bdfb353954	dbtbs_bsub_core_dcef15bdfb353954	discovery	54	60	55	60	-3.5	+	ATAAAT	1.7611422538757324
EMB_prokbert_C09	tjupan_bacillus_subtilis_main_daaf0c7fa42ef2fa	dbtbs_bsub_core_ef9625ff29774e65	discovery	7	13	8	13	-50.5	+	AACAAT	1.7627273797988892
EMB_prokbert_C09	tjupan_bacillus_subtilis_main_1dc6ad16ab0331f8	tjupan_bacillus_subtilis_main_1dc6ad16ab0331f8	discovery	43	49	44	49	-14.5	+	ATGAAT	1.764136791229248
EMB_prokbert_C09	tjupan_bacillus_subtilis_main_9990510225814384	tjupan_bacillus_subtilis_main_9990510225814384	discovery	69	75	70	75	11.5	+	ATAAAT	1.7655737400054932
EMB_prokbert_C09	tjupan_bacillus_subtilis_main_bebf1b31befd9c3c	dbtbs_bsub_core_bebf1b31befd9c3c	discovery	72	78	73	78	14.5	+	TGAAAT	1.7718627452850342
EMB_prokbert_C09	tjupan_bacillus_subtilis_main_2330b24ab93e80ef	dbtbs_bsub_core_747f22d2323a8765	discovery	41	47	42	47	-16.5	+	AAAATG	1.7735038995742798
EMB_prokbert_C09	tjupan_bacillus_subtilis_main_20bbba0ce59de449	dbtbs_bsub_core_20bbba0ce59de449	discovery	3	9	4	9	-54.5	+	AACAAT	1.774917483329773
EMB_prokbert_C09	tjupan_bacillus_subtilis_main_5e8ac4f4506ef781	dbtbs_bsub_core_cdccc2e2972286a4	discovery	32	38	33	38	-25.5	+	AAATAC	1.7797931432724
EMB_prokbert_C09	tjupan_bacillus_subtilis_main_0438d7b75e1f910f	dbtbs_bsub_core_975fc641de00609f	discovery	14	20	15	20	-43.5	+	GAAAAT	1.7804522514343262
EMB_prokbert_C09	tjupan_bacillus_subtilis_main_41b76e09c674d652	dbtbs_bsub_core_41b76e09c674d652	discovery	62	68	63	68	4.5	+	AAATAA	1.780609130859375
EMB_prokbert_C09	tjupan_bacillus_subtilis_main_0261e5d9e5354132	tjupan_bacillus_subtilis_main_0261e5d9e5354132	discovery	27	33	28	33	-30.5	+	AATATG	1.7813891172409058
EMB_prokbert_C09	tjupan_bacillus_subtilis_main_b88f3e08d3d51af5	tjupan_bacillus_subtilis_main_b88f3e08d3d51af5	discovery	15	21	16	21	-42.5	+	GAAATA	1.7830578088760376
EMB_prokbert_C09	tjupan_bacillus_subtilis_main_0b104549c8fd9755	dbtbs_bsub_core_0b104549c8fd9755	discovery	31	37	32	37	-26.5	+	AATGAT	1.788498044013977
EMB_prokbert_C09	tjupan_bacillus_subtilis_main_8fa35d24a76b6d72	tjupan_bacillus_subtilis_main_8fa35d24a76b6d72	discovery	26	32	27	32	-31.5	+	ATAAAC	1.7887306213378906
EMB_prokbert_C09	tjupan_bacillus_subtilis_main_5cf51ca317588066	tjupan_bacillus_subtilis_main_5cf51ca317588066	discovery	8	14	9	14	-49.5	+	TAAATT	1.7899107933044434
EMB_prokbert_C09	tjupan_bacillus_subtilis_main_8e9af30cd29c08ec	dbtbs_bsub_core_ab5345ed831420ec	discovery	73	79	74	79	15.5	+	GTAATG	1.7934902906417847
EMB_prokbert_C09	tjupan_bacillus_subtilis_main_ad6e1b40396f6528	dbtbs_bsub_core_ad6e1b40396f6528	discovery	55	61	56	61	-2.5	+	TTAATC	1.7948782444000244
EMB_prokbert_C09	tjupan_bacillus_subtilis_main_972c682163779595	dbtbs_bsub_core_6e525afed4c0ab9e	discovery	64	70	65	70	6.5	+	AAATGG	1.7970200777053833
EMB_prokbert_C09	tjupan_bacillus_subtilis_main_e66d1eb3358cf03d	dbtbs_bsub_core_601150b85493a7a1	discovery	12	18	13	18	-45.5	+	AAAATG	1.7981557846069336
EMB_prokbert_C09	tjupan_bacillus_subtilis_main_8b776572d2e01c62	dbtbs_bsub_core_6736f212a82e3343	discovery	3	9	4	9	-54.5	+	AAAATA	1.7991701364517212
EMB_prokbert_C09	tjupan_bacillus_subtilis_main_187a9844a7f0c551	tjupan_bacillus_subtilis_main_187a9844a7f0c551	discovery	50	56	51	56	-7.5	+	TAAATT	1.7998297214508057
EMB_prokbert_C09	tjupan_bacillus_subtilis_main_e326833d29b8752f	dbtbs_bsub_core_e326833d29b8752f	discovery	24	30	25	30	-33.5	+	GAATAA	1.8058216571807861
EMB_prokbert_C09	tjupan_bacillus_subtilis_main_c5aa2a2f04401e51	tjupan_bacillus_subtilis_main_c5aa2a2f04401e51	discovery	16	22	17	22	-41.5	+	TAATGG	1.805994987487793
EMB_prokbert_C09	tjupan_bacillus_subtilis_main_60ee42342c88d235	tjupan_bacillus_subtilis_main_60ee42342c88d235	discovery	66	72	67	72	8.5	+	AATGGA	1.811493158340454
EMB_prokbert_C09	tjupan_bacillus_subtilis_main_2d40490247bb616a	dbtbs_bsub_core_ffa38d6978ad48aa	discovery	19	25	20	25	-38.5	+	GAAATA	1.8116196393966675
EMB_prokbert_C09	tjupan_bacillus_subtilis_main_a1ad6ce2d20c389b	dbtbs_bsub_core_539bc60476254ff5	discovery	52	58	53	58	-5.5	+	AATAAA	1.8138946294784546
EMB_prokbert_C09	tjupan_bacillus_subtilis_main_f5fed123a3ffd242	dbtbs_bsub_core_f5fed123a3ffd242	discovery	6	12	7	12	-51.5	+	CCTAAT	1.8159215450286865
EMB_prokbert_C09	tjupan_bacillus_subtilis_main_2a051d7d075d7920	tjupan_bacillus_subtilis_main_2a051d7d075d7920	discovery	24	30	25	30	-33.5	+	AAATAG	1.8184003829956055
EMB_prokbert_C09	tjupan_bacillus_subtilis_main_a0eee3dddaf07ac3	tjupan_bacillus_subtilis_main_a0eee3dddaf07ac3	discovery	5	11	6	11	-52.5	+	AAAATA	1.8191407918930054
EMB_prokbert_C09	tjupan_bacillus_subtilis_main_412fe696982b64f9	dbtbs_bsub_core_412fe696982b64f9	discovery	30	36	31	36	-27.5	+	AAAACA	1.8196831941604614
EMB_prokbert_C09	tjupan_bacillus_subtilis_main_24675587b92cc4c7	tjupan_bacillus_subtilis_main_24675587b92cc4c7	discovery	13	19	14	19	-44.5	+	AATAGA	1.8201078176498413
EMB_prokbert_C09	tjupan_bacillus_subtilis_main_09deb32688bf8365	tjupan_bacillus_subtilis_main_09deb32688bf8365	discovery	8	14	9	14	-49.5	+	AAATAG	1.820573091506958
EMB_prokbert_C09	tjupan_bacillus_subtilis_main_6514a11d381455ae	tjupan_bacillus_subtilis_main_6514a11d381455ae	discovery	28	34	29	34	-29.5	+	TAAATC	1.8217312097549438
EMB_prokbert_C09	tjupan_bacillus_subtilis_main_25308dd77914b9d9	dbtbs_bsub_core_1dc2eb4818f9715a	discovery	63	69	64	69	5.5	+	AAAATA	1.823132038116455
EMB_prokbert_C09	tjupan_bacillus_subtilis_main_9c67a769132d62d8	dbtbs_bsub_core_1373e064636d6c9b	discovery	15	21	16	21	-42.5	+	CAAATA	1.824082374572754
EMB_prokbert_C09	tjupan_bacillus_subtilis_main_901b18a9982b4e95	tjupan_bacillus_subtilis_main_901b18a9982b4e95	discovery	42	48	43	48	-15.5	+	AAATGT	1.824270486831665
EMB_prokbert_C09	tjupan_bacillus_subtilis_main_8cdaaf6e0b90f5df	dbtbs_bsub_core_8cdaaf6e0b90f5df	discovery	68	74	69	74	10.5	+	GAATAA	1.8292930126190186
EMB_prokbert_C09	tjupan_bacillus_subtilis_main_163772f02671a528	tjupan_bacillus_subtilis_main_163772f02671a528	discovery	20	26	21	26	-37.5	+	TGAAAT	1.831332802772522
EMB_prokbert_C09	tjupan_bacillus_subtilis_main_fcf1520effc316d9	dbtbs_bsub_core_fcf1520effc316d9	discovery	13	19	14	19	-44.5	+	AAAATA	1.831516146659851
EMB_prokbert_C09	tjupan_bacillus_subtilis_main_e70fb70b66e1d829	tjupan_bacillus_subtilis_main_e70fb70b66e1d829	discovery	49	55	50	55	-8.5	+	TAAAAT	1.832358956336975
EMB_prokbert_C09	tjupan_bacillus_subtilis_main_359df7c8e20abe4e	tjupan_bacillus_subtilis_main_359df7c8e20abe4e	discovery	4	10	5	10	-53.5	+	ACAAAT	1.8351329565048218
EMB_prokbert_C09	tjupan_bacillus_subtilis_main_583caee20795a363	dbtbs_bsub_core_eb847cafc60502c2	discovery	7	13	8	13	-50.5	+	TAAATT	1.8353899717330933
EMB_prokbert_C09	tjupan_bacillus_subtilis_main_bb68072522710571	dbtbs_bsub_core_bb68072522710571	discovery	18	24	19	24	-39.5	+	GAAATG	1.8383411169052124
EMB_prokbert_C09	tjupan_bacillus_subtilis_main_f1fe1806a852fcba	dbtbs_bsub_core_f1fe1806a852fcba	discovery	7	13	8	13	-50.5	+	AAAATG	1.844871997833252
EMB_prokbert_C09	tjupan_bacillus_subtilis_main_691e7ded333dd616	dbtbs_bsub_core_691e7ded333dd616	discovery	61	67	62	67	3.5	+	AAAATC	1.847408652305603
EMB_prokbert_C09	tjupan_bacillus_subtilis_main_c180878a6f782e9f	dbtbs_bsub_core_c180878a6f782e9f	discovery	1	7	2	7	-56.5	+	TGAATA	1.8494082689285278
EMB_prokbert_C09	tjupan_bacillus_subtilis_main_f58412ec32c641aa	dbtbs_bsub_core_bba92a46eba6f8e0	discovery	7	13	8	13	-50.5	+	AAAATG	1.8499053716659546
EMB_prokbert_C09	tjupan_bacillus_subtilis_main_50a7bea74c679f62	tjupan_bacillus_subtilis_main_50a7bea74c679f62	discovery	63	69	64	69	5.5	+	AAGGCA	1.8547148704528809
EMB_prokbert_C09	tjupan_bacillus_subtilis_main_57cb99253c19d2b6	tjupan_bacillus_subtilis_main_57cb99253c19d2b6	discovery	71	77	72	77	13.5	+	AAATGG	1.8548718690872192
EMB_prokbert_C09	tjupan_bacillus_subtilis_main_e95909bd7e136f46	dbtbs_bsub_core_426aaa712ced5536	discovery	14	20	15	20	-43.5	+	GCAAAT	1.8554404973983765
EMB_prokbert_C09	tjupan_bacillus_subtilis_main_3c72a88384ee6013	tjupan_bacillus_subtilis_main_3c72a88384ee6013	discovery	32	38	33	38	-25.5	+	AAAATC	1.8635854721069336
EMB_prokbert_C09	tjupan_bacillus_subtilis_main_ef37e7c4f77cfd3f	tjupan_bacillus_subtilis_main_ef37e7c4f77cfd3f	discovery	29	35	30	35	-28.5	+	GAAATG	1.8646143674850464
EMB_prokbert_C09	tjupan_bacillus_subtilis_main_4fa5d89620e7d8ce	dbtbs_bsub_core_5eb05bc57612da6d	discovery	40	46	41	46	-17.5	+	CAATGG	1.8662723302841187
EMB_prokbert_C09	tjupan_bacillus_subtilis_main_9c3cc423ec1465b1	dbtbs_bsub_core_9c3cc423ec1465b1	discovery	36	42	37	42	-21.5	+	AAAATC	1.867005705833435
EMB_prokbert_C09	tjupan_bacillus_subtilis_main_05b3d931ff35d8e8	dbtbs_bsub_core_05b3d931ff35d8e8	discovery	60	66	61	66	2.5	+	GGATAA	1.8714319467544556
EMB_prokbert_C09	tjupan_bacillus_subtilis_main_0d390d7bf47f6ae0	tjupan_bacillus_subtilis_main_0d390d7bf47f6ae0	discovery	4	10	5	10	-53.5	+	AAAATG	1.877317190170288
EMB_prokbert_C09	tjupan_bacillus_subtilis_main_4e48cd3162b15e74	tjupan_bacillus_subtilis_main_4e48cd3162b15e74	discovery	34	40	35	40	-23.5	+	AAAATA	1.8776671886444092
EMB_prokbert_C09	tjupan_bacillus_subtilis_main_67a8fe9203485bd0	dbtbs_bsub_core_67a8fe9203485bd0	discovery	70	76	71	76	12.5	+	AACAAT	1.8818217515945435
EMB_prokbert_C09	tjupan_bacillus_subtilis_main_51e2f43063a3baab	tjupan_bacillus_subtilis_main_51e2f43063a3baab	discovery	52	58	53	58	-5.5	+	GATAAA	1.885008454322815
EMB_prokbert_C09	tjupan_bacillus_subtilis_main_45683747106d08bd	tjupan_bacillus_subtilis_main_45683747106d08bd	discovery	57	63	58	63	-0.5	+	AAAATA	1.8855063915252686
EMB_prokbert_C09	tjupan_bacillus_subtilis_main_35bf7199ae44b70c	dbtbs_bsub_core_35bf7199ae44b70c	discovery	20	26	21	26	-37.5	+	AAAATG	1.88814377784729
EMB_prokbert_C09	tjupan_bacillus_subtilis_main_8b925a3983e97ebd	dbtbs_bsub_core_0346364171f10446	discovery	53	59	54	59	-4.5	+	AATGGA	1.8898799419403076
EMB_prokbert_C09	tjupan_bacillus_subtilis_main_4181c9b10d028c59	dbtbs_bsub_core_f859289dc167ed3a	discovery	41	47	42	47	-16.5	+	AAATTG	1.8904693126678467
EMB_prokbert_C09	tjupan_bacillus_subtilis_main_3ac22b11e92c0ec1	tjupan_bacillus_subtilis_main_3ac22b11e92c0ec1	discovery	28	34	29	34	-29.5	+	AAAATG	1.891330361366272
EMB_prokbert_C09	tjupan_bacillus_subtilis_main_6fc8019646ae0ec6	dbtbs_bsub_core_0346364171f10446	discovery	48	54	49	54	-9.5	+	TAATGG	1.892153024673462
EMB_prokbert_C09	tjupan_bacillus_subtilis_main_edadeeaf4ff7a848	tjupan_bacillus_subtilis_main_edadeeaf4ff7a848	discovery	5	11	6	11	-52.5	+	AGAATG	1.8933178186416626
EMB_prokbert_C09	tjupan_bacillus_subtilis_main_5d881eac8b46d627	dbtbs_bsub_core_5d881eac8b46d627	discovery	15	21	16	21	-42.5	+	TAAAAT	1.9009946584701538
EMB_prokbert_C09	tjupan_bacillus_subtilis_main_0fe342e604184137	dbtbs_bsub_core_f039c4e5fee11aa3	discovery	22	28	23	28	-35.5	+	AGAATG	1.9013258218765259
EMB_prokbert_C09	tjupan_bacillus_subtilis_main_43fbda6e3c3abdae	dbtbs_bsub_core_c62c8589a5774a74	discovery	26	32	27	32	-31.5	+	TGAAAC	1.9042168855667114
EMB_prokbert_C09	tjupan_bacillus_subtilis_main_78caf7680ac9ae4c	tjupan_bacillus_subtilis_main_78caf7680ac9ae4c	discovery	42	48	43	48	-15.5	+	GAACAA	1.905713438987732
EMB_prokbert_C09	tjupan_bacillus_subtilis_main_712069959cf7e3b2	dbtbs_bsub_core_be0e53c334974f0a	discovery	34	40	35	40	-23.5	+	AAAATC	1.9111722707748413
EMB_prokbert_C09	tjupan_bacillus_subtilis_main_ef1d1fbaad689e40	dbtbs_bsub_core_ef1d1fbaad689e40	discovery	61	67	62	67	3.5	+	TAATGC	1.914061427116394
EMB_prokbert_C09	tjupan_bacillus_subtilis_main_b7c0b4323e70fc71	dbtbs_bsub_core_b7c0b4323e70fc71	discovery	25	31	26	31	-32.5	+	ATGAAA	1.9199657440185547
EMB_prokbert_C09	tjupan_bacillus_subtilis_main_76885f00c763f220	dbtbs_bsub_core_07bcce23a89f64fb	discovery	50	56	51	56	-7.5	+	AAAATG	1.9245853424072266
EMB_prokbert_C09	tjupan_bacillus_subtilis_main_87b26b7083b048a9	dbtbs_bsub_core_fe60102a69552e4c	discovery	69	75	70	75	11.5	+	AATATG	1.9263263940811157
EMB_prokbert_C09	tjupan_bacillus_subtilis_main_a26ee3e07cf1eedf	dbtbs_bsub_core_a26ee3e07cf1eedf	discovery	8	14	9	14	-49.5	+	AAAATT	1.9269403219223022
EMB_prokbert_C09	tjupan_bacillus_subtilis_main_264ccaf63cfb1cfe	tjupan_bacillus_subtilis_main_264ccaf63cfb1cfe	discovery	52	58	53	58	-5.5	+	AAAATG	1.9368513822555542
EMB_prokbert_C09	tjupan_bacillus_subtilis_main_9d589577eb1cbe67	tjupan_bacillus_subtilis_main_9d589577eb1cbe67	discovery	4	10	5	10	-53.5	+	GTAAAT	1.9445974826812744
EMB_prokbert_C09	tjupan_bacillus_subtilis_main_4b32f81551985923	tjupan_bacillus_subtilis_main_4b32f81551985923	discovery	59	65	60	65	1.5	+	TAAAAT	1.9452431201934814
EMB_prokbert_C09	tjupan_bacillus_subtilis_main_1732506bbac23b7c	dbtbs_bsub_core_1732506bbac23b7c	discovery	57	63	58	63	-0.5	+	AATGAA	1.9571999311447144
EMB_prokbert_C09	tjupan_bacillus_subtilis_main_b578e9e0d96d144a	dbtbs_bsub_core_b578e9e0d96d144a	discovery	30	36	31	36	-27.5	+	AATTCC	1.9579318761825562
EMB_prokbert_C09	tjupan_bacillus_subtilis_main_ced72b826f4a910f	dbtbs_bsub_core_d1a4fbb8ec4bd212	discovery	47	53	48	53	-10.5	+	AAATAT	1.9607826471328735
EMB_prokbert_C09	tjupan_bacillus_subtilis_main_f246415af5cfc524	dbtbs_bsub_core_f246415af5cfc524	discovery	3	9	4	9	-54.5	+	AAAATG	1.967223048210144
EMB_prokbert_C09	tjupan_bacillus_subtilis_main_b7c0eae7293a1bfc	dbtbs_bsub_core_0bfdb592513badc4	discovery	44	50	45	50	-13.5	+	AATTAA	1.9686541557312012
EMB_prokbert_C09	tjupan_bacillus_subtilis_main_adff0049bb8c9b3f	tjupan_bacillus_subtilis_main_adff0049bb8c9b3f	discovery	36	42	37	42	-21.5	+	AAATCA	1.9713863134384155
EMB_prokbert_C09	tjupan_bacillus_subtilis_main_671ae756f8df7bca	dbtbs_bsub_core_340ffe292c28e826	discovery	27	33	28	33	-30.5	+	ATAAAT	1.9827795028686523
EMB_prokbert_C09	tjupan_bacillus_subtilis_main_619ca6b1749e92aa	tjupan_bacillus_subtilis_main_619ca6b1749e92aa	discovery	4	10	5	10	-53.5	+	ATGTTA	1.9880083799362183
EMB_prokbert_C09	tjupan_bacillus_subtilis_main_4059ca0cce5522a4	tjupan_bacillus_subtilis_main_4059ca0cce5522a4	discovery	26	32	27	32	-31.5	+	TGAAAT	1.9920309782028198
EMB_prokbert_C09	tjupan_bacillus_subtilis_main_47a0d4425a7cca49	tjupan_bacillus_subtilis_main_47a0d4425a7cca49	discovery	57	63	58	63	-0.5	+	TAATTG	1.9922136068344116
EMB_prokbert_C09	tjupan_bacillus_subtilis_main_5e34c7286340c249	dbtbs_bsub_core_0fedc539a64a99b7	discovery	9	15	10	15	-48.5	+	AAAATG	1.9946372509002686
EMB_prokbert_C09	tjupan_bacillus_subtilis_main_dbf995194ebf2b2d	dbtbs_bsub_core_dbf995194ebf2b2d	discovery	44	50	45	50	-13.5	+	AACGAT	2.0001540184020996
EMB_prokbert_C09	tjupan_bacillus_subtilis_main_ba49f50d8b0af1c7	dbtbs_bsub_core_8a4a22c637647f42	discovery	7	13	8	13	-50.5	+	ATAACC	2.0022590160369873
EMB_prokbert_C09	tjupan_bacillus_subtilis_main_2bdb32bb685dc1db	tjupan_bacillus_subtilis_main_2bdb32bb685dc1db	discovery	0	6	1	6	-57.5	+	GAATAA	2.0035805702209473
EMB_prokbert_C09	tjupan_bacillus_subtilis_main_dccf4ca03cd1642b	dbtbs_bsub_core_dccf4ca03cd1642b	discovery	63	69	64	69	5.5	+	TAAAAT	2.004019021987915
EMB_prokbert_C09	tjupan_bacillus_subtilis_main_5787c658c95c4762	tjupan_bacillus_subtilis_main_5787c658c95c4762	discovery	27	33	28	33	-30.5	+	ATAAAT	2.005218267440796
EMB_prokbert_C09	tjupan_bacillus_subtilis_main_e47a55cd702f35e7	dbtbs_bsub_core_175bcd2ea2263ee4	discovery	74	80	75	80	16.5	+	AAACAT	2.0127649307250977
EMB_prokbert_C09	tjupan_bacillus_subtilis_main_f0903ae0ab41d118	dbtbs_bsub_core_16fb2108119b7eaf	discovery	6	12	7	12	-51.5	+	AATTGT	2.0160775184631348
EMB_prokbert_C09	tjupan_bacillus_subtilis_main_8a4a22c637647f42	dbtbs_bsub_core_8a4a22c637647f42	discovery	6	12	7	12	-51.5	+	ATAACC	2.0203375816345215
EMB_prokbert_C09	tjupan_bacillus_subtilis_main_5a860caea8fc814c	tjupan_bacillus_subtilis_main_5a860caea8fc814c	discovery	5	11	6	11	-52.5	+	AAATTG	2.020862579345703
EMB_prokbert_C09	tjupan_bacillus_subtilis_main_bba2e45eb636482b	dbtbs_bsub_core_bba2e45eb636482b	discovery	35	41	36	41	-22.5	+	CAATAA	2.0227560997009277
EMB_prokbert_C09	tjupan_bacillus_subtilis_main_61e92334116d4289	dbtbs_bsub_core_946ad3835c6af00d	discovery	12	18	13	18	-45.5	+	AAATCA	2.0279412269592285
EMB_prokbert_C09	tjupan_bacillus_subtilis_main_e9623f8193af34e0	dbtbs_bsub_core_e9623f8193af34e0	discovery	3	9	4	9	-54.5	+	AATGGA	2.0317978858947754
EMB_prokbert_C09	tjupan_bacillus_subtilis_main_c0aec64934968747	tjupan_bacillus_subtilis_main_c0aec64934968747	discovery	13	19	14	19	-44.5	+	ACGAAT	2.0392911434173584
EMB_prokbert_C09	tjupan_bacillus_subtilis_main_0ad5dcad37f1ba39	dbtbs_bsub_core_712e4b81f6fdb41a	discovery	22	28	23	28	-35.5	+	GAAATG	2.0404977798461914
EMB_prokbert_C09	tjupan_bacillus_subtilis_main_e4ca0c490585b644	tjupan_bacillus_subtilis_main_e4ca0c490585b644	discovery	0	6	1	6	-57.5	+	TAAATA	2.0523502826690674
EMB_prokbert_C09	tjupan_bacillus_subtilis_main_a723fdca1013c0b5	dbtbs_bsub_core_a723fdca1013c0b5	discovery	64	70	65	70	6.5	+	AAAATC	2.056499719619751
EMB_prokbert_C09	tjupan_bacillus_subtilis_main_89a40bf9e0650967	dbtbs_bsub_core_89a40bf9e0650967	discovery	3	9	4	9	-54.5	+	AATTGA	2.0632147789001465
EMB_prokbert_C09	tjupan_bacillus_subtilis_main_b2e461bb3b5d3d88	dbtbs_bsub_core_b2e461bb3b5d3d88	discovery	48	54	49	54	-9.5	+	GAATTA	2.0694706439971924
EMB_prokbert_C09	tjupan_bacillus_subtilis_main_0d315ab142d66dcc	dbtbs_bsub_core_76d28d1be3f9f514	discovery	62	68	63	68	4.5	+	AAATAT	2.070131301879883
EMB_prokbert_C09	tjupan_bacillus_subtilis_main_354da8035d16f701	dbtbs_bsub_core_1ee6e81d7c1d1fa1	discovery	4	10	5	10	-53.5	+	CTAAAT	2.076328754425049
EMB_prokbert_C09	tjupan_bacillus_subtilis_main_ae3d0ab77a583f3f	tjupan_bacillus_subtilis_main_ae3d0ab77a583f3f	discovery	51	57	52	57	-6.5	+	AATAAT	2.0870957374572754
EMB_prokbert_C09	tjupan_bacillus_subtilis_main_ffefbc2ceaf331ea	dbtbs_bsub_core_ea5509009da1e1aa	discovery	48	54	49	54	-9.5	+	TAATGA	2.088071584701538
EMB_prokbert_C09	tjupan_bacillus_subtilis_main_fae71e59d553e455	dbtbs_bsub_core_fae71e59d553e455	discovery	68	74	69	74	10.5	+	GATAAA	2.0932178497314453
EMB_prokbert_C09	tjupan_bacillus_subtilis_main_2b17d905bac0c3bc	dbtbs_bsub_core_2b17d905bac0c3bc	discovery	29	35	30	35	-28.5	+	AAAATC	2.1153581142425537
EMB_prokbert_C09	tjupan_bacillus_subtilis_main_c3fafc97a347852e	tjupan_bacillus_subtilis_main_c3fafc97a347852e	discovery	72	78	73	78	14.5	+	AAATAA	2.1191799640655518
EMB_prokbert_C09	tjupan_bacillus_subtilis_main_be36dbaf549189cb	tjupan_bacillus_subtilis_main_be36dbaf549189cb	discovery	7	13	8	13	-50.5	+	AAAAAT	2.1201744079589844
EMB_prokbert_C09	tjupan_bacillus_subtilis_main_8560b0f67ab5f5ab	dbtbs_bsub_core_f7a2628d99aff81a	discovery	69	75	70	75	11.5	+	ATAAAA	2.13216495513916
EMB_prokbert_C09	tjupan_bacillus_subtilis_main_1edc8da3b582b0a5	dbtbs_bsub_core_1edc8da3b582b0a5	discovery	7	13	8	13	-50.5	+	AAAGAT	2.161937713623047
EMB_prokbert_C09	tjupan_bacillus_subtilis_main_aded66fe8079e578	tjupan_bacillus_subtilis_main_aded66fe8079e578	discovery	4	10	5	10	-53.5	+	AAATTG	2.1628942489624023
EMB_prokbert_C09	tjupan_bacillus_subtilis_main_834e21e1951468f3	tjupan_bacillus_subtilis_main_834e21e1951468f3	discovery	29	35	30	35	-28.5	+	AAACAT	2.1650047302246094
EMB_prokbert_C09	tjupan_bacillus_subtilis_main_549e9d5c7cb67860	dbtbs_bsub_core_1a44bafede819df1	discovery	23	29	24	29	-34.5	+	AAAATA	2.1654129028320312
EMB_prokbert_C09	tjupan_bacillus_subtilis_main_e0774d83207a7dd7	dbtbs_bsub_core_2b17d905bac0c3bc	discovery	30	36	31	36	-27.5	+	AAAATC	2.1740458011627197
EMB_prokbert_C09	tjupan_bacillus_subtilis_main_a8b2c052c0cdfcff	tjupan_bacillus_subtilis_main_a8b2c052c0cdfcff	discovery	33	39	34	39	-24.5	+	TAAATT	2.176257848739624
EMB_prokbert_C09	tjupan_bacillus_subtilis_main_f5b082fd616807b3	dbtbs_bsub_core_4e960695d4b362e6	discovery	26	32	27	32	-31.5	+	TATGAA	2.1775083541870117
EMB_prokbert_C09	tjupan_bacillus_subtilis_main_7e538c30b860aa5a	tjupan_bacillus_subtilis_main_7e538c30b860aa5a	discovery	5	11	6	11	-52.5	+	CCGAAT	2.180392265319824
EMB_prokbert_C09	tjupan_bacillus_subtilis_main_118649b56e4ec470	tjupan_bacillus_subtilis_main_118649b56e4ec470	discovery	70	76	71	76	12.5	+	AGGATA	2.1852941513061523
EMB_prokbert_C09	tjupan_bacillus_subtilis_main_56bd9deba3d3b9f9	dbtbs_bsub_core_5dd7cccc54d589c3	discovery	74	80	75	80	16.5	+	TCAAAT	2.1865429878234863
EMB_prokbert_C09	tjupan_bacillus_subtilis_main_ca7144caa797f7bc	dbtbs_bsub_core_ca7144caa797f7bc	discovery	33	39	34	39	-24.5	+	ATGAAA	2.189389228820801
EMB_prokbert_C09	tjupan_bacillus_subtilis_main_8559682da7e0b4ef	dbtbs_bsub_core_8559682da7e0b4ef	discovery	73	79	74	79	15.5	+	AAATAA	2.1982381343841553
EMB_prokbert_C09	tjupan_bacillus_subtilis_main_62eb1c4377c084e1	dbtbs_bsub_core_413a4bed9f6cfeea	discovery	58	64	59	64	0.5	+	TAATCA	2.204608201980591
EMB_prokbert_C09	tjupan_bacillus_subtilis_main_1dc2eb4818f9715a	dbtbs_bsub_core_1dc2eb4818f9715a	discovery	1	7	2	7	-56.5	+	TGAATA	2.212878704071045
EMB_prokbert_C09	tjupan_bacillus_subtilis_main_cb8c6e383b33abd4	dbtbs_bsub_core_cb8c6e383b33abd4	discovery	35	41	36	41	-22.5	+	TATGAA	2.219503879547119
EMB_prokbert_C09	tjupan_bacillus_subtilis_main_8bf0684d999843b1	dbtbs_bsub_core_8bf0684d999843b1	discovery	26	32	27	32	-31.5	+	AATAAT	2.2214860916137695
EMB_prokbert_C09	tjupan_bacillus_subtilis_main_0cc8abc9b551141c	dbtbs_bsub_core_0cc8abc9b551141c	discovery	0	6	1	6	-57.5	+	AAAATA	2.236633539199829
EMB_prokbert_C09	tjupan_bacillus_subtilis_main_8bde36b216b3390f	dbtbs_bsub_core_8bde36b216b3390f	discovery	33	39	34	39	-24.5	+	ATGATA	2.2401320934295654
EMB_prokbert_C09	tjupan_bacillus_subtilis_main_2a3c695bd1a0b4c9	tjupan_bacillus_subtilis_main_2a3c695bd1a0b4c9	discovery	6	12	7	12	-51.5	+	TATAAA	2.243645429611206
EMB_prokbert_C09	tjupan_bacillus_subtilis_main_3ab27dce0b1876ca	dbtbs_bsub_core_d52b0eed3ebbab2d	discovery	66	72	67	72	8.5	+	TAAATC	2.2479441165924072
EMB_prokbert_C09	tjupan_bacillus_subtilis_main_213d453c1e49e371	tjupan_bacillus_subtilis_main_213d453c1e49e371	discovery	20	26	21	26	-37.5	+	ATGAAT	2.2481274604797363
EMB_prokbert_C09	tjupan_bacillus_subtilis_main_48f68d49bf53ea3b	dbtbs_bsub_core_a63e45c266a8243f	discovery	50	56	51	56	-7.5	+	TGATAA	2.24943470954895
EMB_prokbert_C09	tjupan_bacillus_subtilis_main_6901d7d50287d8c1	dbtbs_bsub_core_6901d7d50287d8c1	discovery	72	78	73	78	14.5	+	ATGAAA	2.2707369327545166
EMB_prokbert_C09	tjupan_bacillus_subtilis_main_272e2f2c83a48fab	dbtbs_bsub_core_272e2f2c83a48fab	discovery	32	38	33	38	-25.5	+	AAAATA	2.273937702178955
EMB_prokbert_C09	tjupan_bacillus_subtilis_main_89f3272bd34ff475	tjupan_bacillus_subtilis_main_89f3272bd34ff475	discovery	1	7	2	7	-56.5	+	AAATGG	2.2994909286499023
EMB_prokbert_C09	tjupan_bacillus_subtilis_main_8f7d87652de79d90	dbtbs_bsub_core_8f7d87652de79d90	discovery	63	69	64	69	5.5	+	AACTTA	2.304025650024414
EMB_prokbert_C09	tjupan_bacillus_subtilis_main_954287dc5b301340	tjupan_bacillus_subtilis_main_954287dc5b301340	discovery	20	26	21	26	-37.5	+	GCAAAT	2.3199050426483154
EMB_prokbert_C09	tjupan_bacillus_subtilis_main_67a9ae83c973a42d	tjupan_bacillus_subtilis_main_67a9ae83c973a42d	discovery	2	8	3	8	-55.5	+	AGCAAT	2.399289131164551
EMB_prokbert_C09	tjupan_bacillus_subtilis_main_c1bd3e378306e57e	tjupan_bacillus_subtilis_main_c1bd3e378306e57e	discovery	3	9	4	9	-54.5	+	ATGAAA	2.4416310787200928
EMB_prokbert_C09	tjupan_bacillus_subtilis_main_9571d32ab22eb9a0	dbtbs_bsub_core_9571d32ab22eb9a0	discovery	23	29	24	29	-34.5	+	AAATGA	2.471148729324341
EMB_prokbert_C09	tjupan_bacillus_subtilis_main_2e59e247c2d07b0b	tjupan_bacillus_subtilis_main_2e59e247c2d07b0b	discovery	1	7	2	7	-56.5	+	AAATGT	2.4980063438415527
EMB_prokbert_C09	tjupan_bacillus_subtilis_main_ec009cfbae4f5210	dbtbs_bsub_core_ec009cfbae4f5210	discovery	19	25	20	25	-38.5	+	AAAGTG	2.526895046234131
EMB_prokbert_C09	tjupan_bacillus_subtilis_main_25766be7ede5bd12	tjupan_bacillus_subtilis_main_25766be7ede5bd12	discovery	21	27	22	27	-36.5	+	AAATTT	2.5334975719451904
EMB_prokbert_C09	tjupan_bacillus_subtilis_main_a9ae08a54b460299	dbtbs_bsub_core_4c306bb2d4b261c8	discovery	2	8	3	8	-55.5	+	AAATCG	2.550229072570801
EMB_prokbert_C09	tjupan_bacillus_subtilis_main_c3431646de80d63f	tjupan_bacillus_subtilis_main_c3431646de80d63f	discovery	13	19	14	19	-44.5	+	CAAAGT	2.616927146911621
EMB_prokbert_C09	tjupan_bacillus_subtilis_main_5eccf0b4b51999b8	tjupan_bacillus_subtilis_main_5eccf0b4b51999b8	discovery	57	63	58	63	-0.5	+	AAATCC	2.6438615322113037
EMB_prokbert_C09	tjupan_bacillus_subtilis_main_ff62fa3227cb3ab1	dbtbs_bsub_core_f748f853b4ec2056	discovery	74	80	75	80	16.5	+	AAATTT	2.7220301628112793
EMB_prokbert_C09	tjupan_bacillus_subtilis_main_6f408d5e786e413f	dbtbs_bsub_core_6f408d5e786e413f	discovery	2	8	3	8	-55.5	+	AAATCA	2.8503646850585938
EMB_prokbert_C10	tjupan_bacillus_subtilis_main_8b7394af6b78d50f	dbtbs_bsub_core_c890b4346c03f247	discovery	58	64	59	64	0.5	+	ATGTTA	1.0784167051315308
EMB_prokbert_C10	tjupan_bacillus_subtilis_main_163772f02671a528	tjupan_bacillus_subtilis_main_163772f02671a528	discovery	61	67	62	67	3.5	+	GATGTT	1.1429330110549927
EMB_prokbert_C10	tjupan_bacillus_subtilis_main_e4dda028e03de313	dbtbs_bsub_core_e4dda028e03de313	discovery	58	64	59	64	0.5	+	AGTGTA	1.17677903175354
EMB_prokbert_C10	tjupan_bacillus_subtilis_main_96d42d8ccff315ec	tjupan_bacillus_subtilis_main_96d42d8ccff315ec	discovery	53	59	54	59	-4.5	+	ATGTTA	1.223143458366394
EMB_prokbert_C10	tjupan_bacillus_subtilis_main_5e8ac4f4506ef781	dbtbs_bsub_core_cdccc2e2972286a4	discovery	3	9	4	9	-54.5	+	GTATTG	1.2866967916488647
EMB_prokbert_C10	tjupan_bacillus_subtilis_main_0b104549c8fd9755	dbtbs_bsub_core_0b104549c8fd9755	discovery	42	48	43	48	-15.5	+	GTGTTA	1.3075021505355835
EMB_prokbert_C10	tjupan_bacillus_subtilis_main_187a9844a7f0c551	tjupan_bacillus_subtilis_main_187a9844a7f0c551	discovery	55	61	56	61	-2.5	+	TGTACA	1.330519676208496
EMB_prokbert_C10	tjupan_bacillus_subtilis_main_9990510225814384	tjupan_bacillus_subtilis_main_9990510225814384	discovery	40	46	41	46	-17.5	+	TATTGT	1.3380433320999146
EMB_prokbert_C10	tjupan_bacillus_subtilis_main_b47674f2cd66e067	tjupan_bacillus_subtilis_main_b47674f2cd66e067	discovery	53	59	54	59	-4.5	+	AAGTGA	1.3395549058914185
EMB_prokbert_C10	tjupan_bacillus_subtilis_main_2c918744f6daf466	dbtbs_bsub_core_20f77243a5b2c4ab	discovery	59	65	60	65	1.5	+	ATGTAA	1.3454680442810059
EMB_prokbert_C10	tjupan_bacillus_subtilis_main_f5fed123a3ffd242	dbtbs_bsub_core_f5fed123a3ffd242	discovery	59	65	60	65	1.5	+	TAGAAT	1.3545773029327393
EMB_prokbert_C10	tjupan_bacillus_subtilis_main_e84ae283b7981830	tjupan_bacillus_subtilis_main_e84ae283b7981830	discovery	52	58	53	58	-5.5	+	ATTGTA	1.3563785552978516
EMB_prokbert_C10	tjupan_bacillus_subtilis_main_ff61268918c0af5d	tjupan_bacillus_subtilis_main_ff61268918c0af5d	discovery	53	59	54	59	-4.5	+	TTGTAT	1.371641993522644
EMB_prokbert_C10	tjupan_bacillus_subtilis_main_88d6ae8ec11f6e65	tjupan_bacillus_subtilis_main_88d6ae8ec11f6e65	discovery	68	74	69	74	10.5	+	AGTGAT	1.3738585710525513
EMB_prokbert_C10	tjupan_bacillus_subtilis_main_7bc9aa9d4ad371af	dbtbs_bsub_core_7bc9aa9d4ad371af	discovery	20	26	21	26	-37.5	+	ACAGTT	1.3836828470230103
EMB_prokbert_C10	tjupan_bacillus_subtilis_main_41b76e09c674d652	dbtbs_bsub_core_41b76e09c674d652	discovery	5	11	6	11	-52.5	+	TGTAAC	1.3911328315734863
EMB_prokbert_C10	tjupan_bacillus_subtilis_main_5d881eac8b46d627	dbtbs_bsub_core_5d881eac8b46d627	discovery	41	47	42	47	-16.5	+	CTGTTA	1.408880352973938
EMB_prokbert_C10	tjupan_bacillus_subtilis_main_ec009cfbae4f5210	dbtbs_bsub_core_ec009cfbae4f5210	discovery	63	69	64	69	5.5	+	AGTTGT	1.4152085781097412
EMB_prokbert_C10	tjupan_bacillus_subtilis_main_2c8e4076a462c87c	dbtbs_bsub_core_2c8e4076a462c87c	discovery	54	60	55	60	-3.5	+	GGTTAC	1.417411208152771
EMB_prokbert_C10	tjupan_bacillus_subtilis_main_5957e34dfa6ab85c	tjupan_bacillus_subtilis_main_5957e34dfa6ab85c	discovery	49	55	50	55	-8.5	+	TTGTAA	1.4218770265579224
EMB_prokbert_C10	tjupan_bacillus_subtilis_main_f452c4bef1ed8b92	dbtbs_bsub_core_f452c4bef1ed8b92	discovery	13	19	14	19	-44.5	+	AGTGTA	1.4310451745986938
EMB_prokbert_C10	tjupan_bacillus_subtilis_main_61d216a2a24189d0	dbtbs_bsub_core_61d216a2a24189d0	discovery	17	23	18	23	-40.5	+	AAGTTG	1.4345329999923706
EMB_prokbert_C10	tjupan_bacillus_subtilis_main_8265264627414ceb	tjupan_bacillus_subtilis_main_8265264627414ceb	discovery	9	15	10	15	-48.5	+	TGGTAT	1.4358364343643188
EMB_prokbert_C10	tjupan_bacillus_subtilis_main_d9679a25a18d6da1	tjupan_bacillus_subtilis_main_c9bc5ed233eba13a	discovery	48	54	49	54	-9.5	+	GTTGTA	1.4370968341827393
EMB_prokbert_C10	tjupan_bacillus_subtilis_main_0cc8abc9b551141c	dbtbs_bsub_core_0cc8abc9b551141c	discovery	44	50	45	50	-13.5	+	GGTTGT	1.4386935234069824
EMB_prokbert_C10	tjupan_bacillus_subtilis_main_f869091e55050110	tjupan_bacillus_subtilis_main_f869091e55050110	discovery	41	47	42	47	-16.5	+	AGGTGT	1.4391889572143555
EMB_prokbert_C10	tjupan_bacillus_subtilis_main_08d810e756c7d81b	tjupan_bacillus_subtilis_main_08d810e756c7d81b	discovery	62	68	63	68	4.5	+	GTAAGA	1.4421088695526123
EMB_prokbert_C10	tjupan_bacillus_subtilis_main_047e296b8721a352	dbtbs_bsub_core_d618c1525725d045	discovery	56	62	57	62	-1.5	+	TAGTGA	1.45988929271698
EMB_prokbert_C10	tjupan_bacillus_subtilis_main_b790c6b12a43a7c6	tjupan_bacillus_subtilis_main_b790c6b12a43a7c6	discovery	23	29	24	29	-34.5	+	CAGTTG	1.4743564128875732
EMB_prokbert_C10	tjupan_bacillus_subtilis_main_4648c22f43ae6952	tjupan_bacillus_subtilis_main_4648c22f43ae6952	discovery	44	50	45	50	-13.5	+	CGTGGT	1.4808610677719116
EMB_prokbert_C10	tjupan_bacillus_subtilis_main_cd161e304d76229d	dbtbs_bsub_core_6d139485f356aaca	discovery	16	22	17	22	-41.5	+	TGTAAT	1.488881230354309
EMB_prokbert_C10	tjupan_bacillus_subtilis_main_73a7b40a4dc814aa	dbtbs_bsub_core_bdba293c4926b88d	discovery	45	51	46	51	-12.5	+	TGGTAA	1.4914095401763916
EMB_prokbert_C10	tjupan_bacillus_subtilis_main_c2d54a415a7d048a	dbtbs_bsub_core_c2d54a415a7d048a	discovery	54	60	55	60	-3.5	+	AGTTGG	1.4977558851242065
EMB_prokbert_C10	tjupan_bacillus_subtilis_main_09dd4c8ba7bc09c6	dbtbs_bsub_core_09dd4c8ba7bc09c6	discovery	53	59	54	59	-4.5	+	AGGTGT	1.4989205598831177
EMB_prokbert_C10	tjupan_bacillus_subtilis_main_b578e9e0d96d144a	dbtbs_bsub_core_b578e9e0d96d144a	discovery	67	73	68	73	9.5	+	GTATGT	1.5034641027450562
EMB_prokbert_C10	tjupan_bacillus_subtilis_main_6361ce51efe0f541	dbtbs_bsub_core_b928ebfb52e4cb48	discovery	40	46	41	46	-17.5	+	AACTGT	1.506511926651001
EMB_prokbert_C10	tjupan_bacillus_subtilis_main_c22e62909e814f30	dbtbs_bsub_core_e2251470d219464a	discovery	31	37	32	37	-26.5	+	ACGTGT	1.5104987621307373
EMB_prokbert_C10	tjupan_bacillus_subtilis_main_fde7c2aaac5c57ce	dbtbs_bsub_core_fde7c2aaac5c57ce	discovery	44	50	45	50	-13.5	+	TTGTTA	1.5146077871322632
EMB_prokbert_C10	tjupan_bacillus_subtilis_main_e9623f8193af34e0	dbtbs_bsub_core_e9623f8193af34e0	discovery	23	29	24	29	-34.5	+	TGTACA	1.5166709423065186
EMB_prokbert_C10	tjupan_bacillus_subtilis_main_bfe4e797767b8990	tjupan_bacillus_subtilis_main_bfe4e797767b8990	discovery	43	49	44	49	-14.5	+	AGTGTT	1.517366647720337
EMB_prokbert_C10	tjupan_bacillus_subtilis_main_c9bc5ed233eba13a	tjupan_bacillus_subtilis_main_c9bc5ed233eba13a	discovery	55	61	56	61	-2.5	+	GTTGTA	1.5235249996185303
EMB_prokbert_C10	tjupan_bacillus_subtilis_main_edce5d598636e106	dbtbs_bsub_core_39acf3daf47ccd69	discovery	45	51	46	51	-12.5	+	GTGTAT	1.5240298509597778
EMB_prokbert_C10	tjupan_bacillus_subtilis_main_4181c9b10d028c59	dbtbs_bsub_core_f859289dc167ed3a	discovery	18	24	19	24	-39.5	+	TAAGTG	1.524337649345398
EMB_prokbert_C10	tjupan_bacillus_subtilis_main_a92ee416463b3fc1	dbtbs_bsub_core_585820026d8d814d	discovery	48	54	49	54	-9.5	+	GAATGT	1.5257127285003662
EMB_prokbert_C10	tjupan_bacillus_subtilis_main_d1b10b64ac040b8c	dbtbs_bsub_core_3a6c62def340fb72	discovery	52	58	53	58	-5.5	+	ATGTAA	1.5259325504302979
EMB_prokbert_C10	tjupan_bacillus_subtilis_main_13f36fd95a25452a	tjupan_bacillus_subtilis_main_13f36fd95a25452a	discovery	44	50	45	50	-13.5	+	TGTTAC	1.5320463180541992
EMB_prokbert_C10	tjupan_bacillus_subtilis_main_c758d11e26aac641	tjupan_bacillus_subtilis_main_c758d11e26aac641	discovery	58	64	59	64	0.5	+	TTGTAA	1.5330071449279785
EMB_prokbert_C10	tjupan_bacillus_subtilis_main_01ae3d26fad13b71	dbtbs_bsub_core_7a9c3b7d79cfafb8	discovery	68	74	69	74	10.5	+	TGAGTA	1.536798357963562
EMB_prokbert_C10	tjupan_bacillus_subtilis_main_ade14dd3fdacb032	dbtbs_bsub_core_12585b08a658046e	discovery	54	60	55	60	-3.5	+	TGTGTA	1.5386669635772705
EMB_prokbert_C10	tjupan_bacillus_subtilis_main_f58412ec32c641aa	dbtbs_bsub_core_bba92a46eba6f8e0	discovery	14	20	15	20	-43.5	+	AGTGTT	1.541722059249878
EMB_prokbert_C10	tjupan_bacillus_subtilis_main_e1fd6875b30f4c73	dbtbs_bsub_core_e1fd6875b30f4c73	discovery	31	37	32	37	-26.5	+	GTATGT	1.5502147674560547
EMB_prokbert_C10	tjupan_bacillus_subtilis_main_036f4e66b4e66745	dbtbs_bsub_core_7b26bab7de636614	discovery	27	33	28	33	-30.5	+	ATGTAA	1.5548423528671265
EMB_prokbert_C10	tjupan_bacillus_subtilis_main_8a0979b032bb35c1	dbtbs_bsub_core_33318fe6256d39ff	discovery	43	49	44	49	-14.5	+	TGGTGT	1.555275559425354
EMB_prokbert_C10	tjupan_bacillus_subtilis_main_d33162cb12a5a549	tjupan_bacillus_subtilis_main_d33162cb12a5a549	discovery	17	23	18	23	-40.5	+	TTGTAG	1.5612396001815796
EMB_prokbert_C10	tjupan_bacillus_subtilis_main_8421a3506bc3ca2c	tjupan_bacillus_subtilis_main_8421a3506bc3ca2c	discovery	59	65	60	65	1.5	+	TGTAAG	1.5658115148544312
EMB_prokbert_C10	tjupan_bacillus_subtilis_main_d497e040ececfdff	dbtbs_bsub_core_a797439cbe2b0d85	discovery	54	60	55	60	-3.5	+	TGAGTT	1.5729471445083618
EMB_prokbert_C10	tjupan_bacillus_subtilis_main_f6c5351a3e225d0c	dbtbs_bsub_core_f6c5351a3e225d0c	discovery	59	65	60	65	1.5	+	TAGGTT	1.5757337808609009
EMB_prokbert_C10	tjupan_bacillus_subtilis_main_e2b483c6aef274e0	dbtbs_bsub_core_175bcd2ea2263ee4	discovery	64	70	65	70	6.5	+	GAGGTA	1.5766892433166504
EMB_prokbert_C10	tjupan_bacillus_subtilis_main_3ec4c8abee3f7a8e	dbtbs_bsub_core_c18c3f10dff5c627	discovery	54	60	55	60	-3.5	+	AGTACA	1.5927168130874634
EMB_prokbert_C10	tjupan_bacillus_subtilis_main_36eed70446e6810b	dbtbs_bsub_core_36eed70446e6810b	discovery	53	59	54	59	-4.5	+	CTTGTA	1.5959607362747192
EMB_prokbert_C10	tjupan_bacillus_subtilis_main_2a051d7d075d7920	tjupan_bacillus_subtilis_main_2a051d7d075d7920	discovery	28	34	29	34	-29.5	+	AGTTGA	1.6004273891448975
EMB_prokbert_C10	tjupan_bacillus_subtilis_main_eb88f130dfce6401	tjupan_bacillus_subtilis_main_eb88f130dfce6401	discovery	51	57	52	57	-6.5	+	TAGTGA	1.6045790910720825
EMB_prokbert_C10	tjupan_bacillus_subtilis_main_0b565809576a9e0f	dbtbs_bsub_core_0fcadafa827fb8cf	discovery	58	64	59	64	0.5	+	GTAAGC	1.6085541248321533
EMB_prokbert_C10	tjupan_bacillus_subtilis_main_67a8fe9203485bd0	dbtbs_bsub_core_67a8fe9203485bd0	discovery	20	26	21	26	-37.5	+	AGGTTG	1.615841269493103
EMB_prokbert_C10	tjupan_bacillus_subtilis_main_ad5b6a3a851181b1	dbtbs_bsub_core_ad5b6a3a851181b1	discovery	44	50	45	50	-13.5	+	GTGTTA	1.6199551820755005
EMB_prokbert_C10	tjupan_bacillus_subtilis_main_5564dcefe2988333	tjupan_bacillus_subtilis_main_5564dcefe2988333	discovery	7	13	8	13	-50.5	+	AAGTGA	1.6243222951889038
EMB_prokbert_C10	tjupan_bacillus_subtilis_main_f3e9cc226f1feac3	tjupan_bacillus_subtilis_main_f3e9cc226f1feac3	discovery	24	30	25	30	-33.5	+	AGTTGG	1.6257643699645996
EMB_prokbert_C10	tjupan_bacillus_subtilis_main_550b125b16dc206e	dbtbs_bsub_core_2ab03862f0e9dd2f	discovery	52	58	53	58	-5.5	+	TGTTAA	1.6267930269241333
EMB_prokbert_C10	tjupan_bacillus_subtilis_main_a43a1f032db2e49e	dbtbs_bsub_core_872c1380ac7bb81f	discovery	26	32	27	32	-31.5	+	TGCGTT	1.6304689645767212
EMB_prokbert_C10	tjupan_bacillus_subtilis_main_bdf5315a71015695	dbtbs_bsub_core_c94ae7322b918d76	discovery	13	19	14	19	-44.5	+	GAATAG	1.633446216583252
EMB_prokbert_C10	tjupan_bacillus_subtilis_main_dbf995194ebf2b2d	dbtbs_bsub_core_dbf995194ebf2b2d	discovery	24	30	25	30	-33.5	+	ACTGTT	1.6352429389953613
EMB_prokbert_C10	tjupan_bacillus_subtilis_main_c204793b69b45448	dbtbs_bsub_core_c204793b69b45448	discovery	48	54	49	54	-9.5	+	TGTTAC	1.635673999786377
EMB_prokbert_C10	tjupan_bacillus_subtilis_main_eebec5ad9a06df67	dbtbs_bsub_core_5cddd19c752675c8	discovery	44	50	45	50	-13.5	+	CTGGTA	1.6398870944976807
EMB_prokbert_C10	tjupan_bacillus_subtilis_main_8837dc4443db7de3	tjupan_bacillus_subtilis_main_8837dc4443db7de3	discovery	34	40	35	40	-23.5	+	CTGTAT	1.6421105861663818
EMB_prokbert_C10	tjupan_bacillus_subtilis_main_5a860caea8fc814c	tjupan_bacillus_subtilis_main_5a860caea8fc814c	discovery	50	56	51	56	-7.5	+	ACAGTT	1.6443006992340088
EMB_prokbert_C10	tjupan_bacillus_subtilis_main_282b0a85bf46906b	tjupan_bacillus_subtilis_main_282b0a85bf46906b	discovery	58	64	59	64	0.5	+	TTGTAC	1.6481733322143555
EMB_prokbert_C10	tjupan_bacillus_subtilis_main_4fa5d89620e7d8ce	dbtbs_bsub_core_5eb05bc57612da6d	discovery	44	50	45	50	-13.5	+	GGTATA	1.6522051095962524
EMB_prokbert_C10	tjupan_bacillus_subtilis_main_ff62fa3227cb3ab1	dbtbs_bsub_core_f748f853b4ec2056	discovery	59	65	60	65	1.5	+	TAGTGA	1.6533126831054688
EMB_prokbert_C10	tjupan_bacillus_subtilis_main_dc65c8922842b20f	tjupan_bacillus_subtilis_main_dc65c8922842b20f	discovery	7	13	8	13	-50.5	+	ATAGTG	1.6573007106781006
EMB_prokbert_C10	tjupan_bacillus_subtilis_main_ab3313558a015086	dbtbs_bsub_core_ab3313558a015086	discovery	24	30	25	30	-33.5	+	CGTTGA	1.6586542129516602
EMB_prokbert_C10	tjupan_bacillus_subtilis_main_c0aec64934968747	tjupan_bacillus_subtilis_main_c0aec64934968747	discovery	63	69	64	69	5.5	+	GTTAGT	1.6628799438476562
EMB_prokbert_C10	tjupan_bacillus_subtilis_main_202644f8a02efab9	dbtbs_bsub_core_f4d81ad6a0709a55	discovery	16	22	17	22	-41.5	+	CTGTAT	1.6629430055618286
EMB_prokbert_C10	tjupan_bacillus_subtilis_main_982fa9762732f05a	tjupan_bacillus_subtilis_main_982fa9762732f05a	discovery	17	23	18	23	-40.5	+	ATGTAA	1.6646711826324463
EMB_prokbert_C10	tjupan_bacillus_subtilis_main_b7240ec09f994729	dbtbs_bsub_core_6cadf10f2f906812	discovery	43	49	44	49	-14.5	+	TATGTA	1.6651442050933838
EMB_prokbert_C10	tjupan_bacillus_subtilis_main_0f74e2398b4ac2a6	dbtbs_bsub_core_e5f400f6f8de25f5	discovery	47	53	48	53	-10.5	+	GGTAAC	1.672105312347412
EMB_prokbert_C10	tjupan_bacillus_subtilis_main_92c71ea9f3febc7f	dbtbs_bsub_core_c2ee7abb48038f6f	discovery	24	30	25	30	-33.5	+	GTGTAT	1.6739336252212524
EMB_prokbert_C10	tjupan_bacillus_subtilis_main_c648ac4df22b0f89	dbtbs_bsub_core_c648ac4df22b0f89	discovery	24	30	25	30	-33.5	+	TGTAAT	1.6740459203720093
EMB_prokbert_C10	tjupan_bacillus_subtilis_main_5fc80954df40cf68	dbtbs_bsub_core_44be1bddac760e1c	discovery	53	59	54	59	-4.5	+	ATGTAA	1.683201551437378
EMB_prokbert_C10	tjupan_bacillus_subtilis_main_cf3def291394eeb9	tjupan_bacillus_subtilis_main_cf3def291394eeb9	discovery	63	69	64	69	5.5	+	TTGTAA	1.6847535371780396
EMB_prokbert_C10	tjupan_bacillus_subtilis_main_f45d38a5e15ccc93	dbtbs_bsub_core_5dbc73ad42aeab56	discovery	8	14	9	14	-49.5	+	TTGTAA	1.686662197113037
EMB_prokbert_C10	tjupan_bacillus_subtilis_main_7c03938b389dc368	dbtbs_bsub_core_39e8d21f598046d9	discovery	50	56	51	56	-7.5	+	TACTGT	1.687785267829895
EMB_prokbert_C10	tjupan_bacillus_subtilis_main_0acb3976b9331524	tjupan_bacillus_subtilis_main_0acb3976b9331524	discovery	68	74	69	74	10.5	+	ATGTTA	1.696117877960205
EMB_prokbert_C10	tjupan_bacillus_subtilis_main_e47a55cd702f35e7	dbtbs_bsub_core_175bcd2ea2263ee4	discovery	61	67	62	67	3.5	+	AGGTAC	1.6981362104415894
EMB_prokbert_C10	tjupan_bacillus_subtilis_main_adbf75412ef7d5a0	dbtbs_bsub_core_adbf75412ef7d5a0	discovery	6	12	7	12	-51.5	+	TTGTAG	1.6992512941360474
EMB_prokbert_C10	tjupan_bacillus_subtilis_main_213d453c1e49e371	tjupan_bacillus_subtilis_main_213d453c1e49e371	discovery	9	15	10	15	-48.5	+	ATGTCT	1.6998664140701294
EMB_prokbert_C10	tjupan_bacillus_subtilis_main_76909c0ebd8db916	dbtbs_bsub_core_d5153844984277ea	discovery	44	50	45	50	-13.5	+	GTGTTA	1.7017728090286255
EMB_prokbert_C10	tjupan_bacillus_subtilis_main_50a7bea74c679f62	tjupan_bacillus_subtilis_main_50a7bea74c679f62	discovery	52	58	53	58	-5.5	+	TAGGTT	1.7038251161575317
EMB_prokbert_C10	tjupan_bacillus_subtilis_main_efde358c620c36bd	dbtbs_bsub_core_efde358c620c36bd	discovery	56	62	57	62	-1.5	+	AGTTAT	1.7095718383789062
EMB_prokbert_C10	tjupan_bacillus_subtilis_main_549e9d5c7cb67860	dbtbs_bsub_core_1a44bafede819df1	discovery	67	73	68	73	9.5	+	TTTGTA	1.7103965282440186
EMB_prokbert_C10	tjupan_bacillus_subtilis_main_e1ad11de708bb9dd	dbtbs_bsub_core_0ce0cc9e187b5d37	discovery	58	64	59	64	0.5	+	AGTGGT	1.7173418998718262
EMB_prokbert_C10	tjupan_bacillus_subtilis_main_354da8035d16f701	dbtbs_bsub_core_1ee6e81d7c1d1fa1	discovery	59	65	60	65	1.5	+	TGTTAG	1.7188738584518433
EMB_prokbert_C10	tjupan_bacillus_subtilis_main_7bd42a66d387ec94	dbtbs_bsub_core_5cf240f92a00f0e3	discovery	23	29	24	29	-34.5	+	GTGTTA	1.7229660749435425
EMB_prokbert_C10	tjupan_bacillus_subtilis_main_2b2db3c55e03b737	dbtbs_bsub_core_9d26dfa3049d6f00	discovery	48	54	49	54	-9.5	+	ATGTAA	1.7240670919418335
EMB_prokbert_C10	tjupan_bacillus_subtilis_main_0261e5d9e5354132	tjupan_bacillus_subtilis_main_0261e5d9e5354132	discovery	55	61	56	61	-2.5	+	ACTGTA	1.7247813940048218
EMB_prokbert_C10	tjupan_bacillus_subtilis_main_ef1d1fbaad689e40	dbtbs_bsub_core_ef1d1fbaad689e40	discovery	54	60	55	60	-3.5	+	GCAGTA	1.7255210876464844
EMB_prokbert_C10	tjupan_bacillus_subtilis_main_e2f816d3420810f5	dbtbs_bsub_core_8f473f826c608a81	discovery	64	70	65	70	6.5	+	TCTGTG	1.7257312536239624
EMB_prokbert_C10	tjupan_bacillus_subtilis_main_cb8c6e383b33abd4	dbtbs_bsub_core_cb8c6e383b33abd4	discovery	18	24	19	24	-39.5	+	GCTGTA	1.7258617877960205
EMB_prokbert_C10	tjupan_bacillus_subtilis_main_26786ec6f94b1750	dbtbs_bsub_core_26786ec6f94b1750	discovery	70	76	71	76	12.5	+	GTTAAC	1.7290607690811157
EMB_prokbert_C10	tjupan_bacillus_subtilis_main_d03161002d7a6f34	dbtbs_bsub_core_11066f3e95c7986c	discovery	44	50	45	50	-13.5	+	ATGGTA	1.7344245910644531
EMB_prokbert_C10	tjupan_bacillus_subtilis_main_3e1210c1f898bc48	dbtbs_bsub_core_42eaa371353368b2	discovery	1	7	2	7	-56.5	+	ATGTTA	1.7353509664535522
EMB_prokbert_C10	tjupan_bacillus_subtilis_main_59b38cd2f2ea112d	dbtbs_bsub_core_59b38cd2f2ea112d	discovery	55	61	56	61	-2.5	+	ATAGTG	1.7385982275009155
EMB_prokbert_C10	tjupan_bacillus_subtilis_main_2e59e247c2d07b0b	tjupan_bacillus_subtilis_main_2e59e247c2d07b0b	discovery	54	60	55	60	-3.5	+	TGTAAC	1.7420508861541748
EMB_prokbert_C10	tjupan_bacillus_subtilis_main_ea59d0ddaaaaf005	dbtbs_bsub_core_ff8c346476498240	discovery	10	16	11	16	-47.5	+	TGTCAA	1.7425028085708618
EMB_prokbert_C10	tjupan_bacillus_subtilis_main_df2876c84282b3af	dbtbs_bsub_core_d831e470618beda7	discovery	15	21	16	21	-42.5	+	TGAGTT	1.7446938753128052
EMB_prokbert_C10	tjupan_bacillus_subtilis_main_4f4c3d5d96d18695	tjupan_bacillus_subtilis_main_4f4c3d5d96d18695	discovery	63	69	64	69	5.5	+	GTGGTA	1.7472654581069946
EMB_prokbert_C10	tjupan_bacillus_subtilis_main_1259688a411f3c07	tjupan_bacillus_subtilis_main_1259688a411f3c07	discovery	55	61	56	61	-2.5	+	CCTGTA	1.7500661611557007
EMB_prokbert_C10	tjupan_bacillus_subtilis_main_c229c4b94f6591ae	tjupan_bacillus_subtilis_main_c229c4b94f6591ae	discovery	23	29	24	29	-34.5	+	ATTAGT	1.7503786087036133
EMB_prokbert_C10	tjupan_bacillus_subtilis_main_5f8b6936b2e52932	tjupan_bacillus_subtilis_main_5f8b6936b2e52932	discovery	43	49	44	49	-14.5	+	ATGGTA	1.7540202140808105
EMB_prokbert_C10	tjupan_bacillus_subtilis_main_9d589577eb1cbe67	tjupan_bacillus_subtilis_main_9d589577eb1cbe67	discovery	23	29	24	29	-34.5	+	GGTGTA	1.7546125650405884
EMB_prokbert_C10	tjupan_bacillus_subtilis_main_0b7b75ba67f19880	dbtbs_bsub_core_0b7b75ba67f19880	discovery	58	64	59	64	0.5	+	AGGTCA	1.756108045578003
EMB_prokbert_C10	tjupan_bacillus_subtilis_main_2d40490247bb616a	dbtbs_bsub_core_ffa38d6978ad48aa	discovery	42	48	43	48	-15.5	+	CTGTTC	1.7601053714752197
EMB_prokbert_C10	tjupan_bacillus_subtilis_main_5cf51ca317588066	tjupan_bacillus_subtilis_main_5cf51ca317588066	discovery	59	65	60	65	1.5	+	TATGTA	1.7689343690872192
EMB_prokbert_C10	tjupan_bacillus_subtilis_main_632ff1f5d92b347a	tjupan_bacillus_subtilis_main_632ff1f5d92b347a	discovery	72	78	73	78	14.5	+	TAGTGT	1.769801378250122
EMB_prokbert_C10	tjupan_bacillus_subtilis_main_2313c7dbb458e370	dbtbs_bsub_core_98d6bef120e2925b	discovery	55	61	56	61	-2.5	+	TAGTTA	1.7730737924575806
EMB_prokbert_C10	tjupan_bacillus_subtilis_main_4e48cd3162b15e74	tjupan_bacillus_subtilis_main_4e48cd3162b15e74	discovery	21	27	22	27	-36.5	+	GCGTGT	1.7762640714645386
EMB_prokbert_C10	tjupan_bacillus_subtilis_main_3270409c742f3314	dbtbs_bsub_core_edd6f2ee95c58508	discovery	20	26	21	26	-37.5	+	TTGTTG	1.7762963771820068
EMB_prokbert_C10	tjupan_bacillus_subtilis_main_993a308bb6e190e1	dbtbs_bsub_core_993a308bb6e190e1	discovery	43	49	44	49	-14.5	+	GTGAAT	1.7775380611419678
EMB_prokbert_C10	tjupan_bacillus_subtilis_main_e28ceade6e8616fa	dbtbs_bsub_core_9b12482ac6eea2d4	discovery	20	26	21	26	-37.5	+	TGTAGC	1.7787022590637207
EMB_prokbert_C10	tjupan_bacillus_subtilis_main_487ce40a67c6d939	tjupan_bacillus_subtilis_main_487ce40a67c6d939	discovery	16	22	17	22	-41.5	+	TATGTC	1.7836270332336426
EMB_prokbert_C10	tjupan_bacillus_subtilis_main_1a8b81622422b81c	dbtbs_bsub_core_045e4f174337aedd	discovery	15	21	16	21	-42.5	+	CTGTGA	1.7866989374160767
EMB_prokbert_C10	tjupan_bacillus_subtilis_main_666dd7e391a36890	dbtbs_bsub_core_666dd7e391a36890	discovery	60	66	61	66	2.5	+	AGTATG	1.7867892980575562
EMB_prokbert_C10	tjupan_bacillus_subtilis_main_150dcd3daf63d162	dbtbs_bsub_core_150dcd3daf63d162	discovery	57	63	58	63	-0.5	+	TTTGTA	1.790427327156067
EMB_prokbert_C10	tjupan_bacillus_subtilis_main_8797dcd405b13c8e	tjupan_bacillus_subtilis_main_8797dcd405b13c8e	discovery	17	23	18	23	-40.5	+	GACAGT	1.7914936542510986
EMB_prokbert_C10	tjupan_bacillus_subtilis_main_e8dca4769e2e29bc	dbtbs_bsub_core_b8b8ac7ece3bed55	discovery	60	66	61	66	2.5	+	GTCCGT	1.7915527820587158
EMB_prokbert_C10	tjupan_bacillus_subtilis_main_32a70db45859cbb9	dbtbs_bsub_core_32a70db45859cbb9	discovery	44	50	45	50	-13.5	+	GTGTCT	1.794219732284546
EMB_prokbert_C10	tjupan_bacillus_subtilis_main_ef37e7c4f77cfd3f	tjupan_bacillus_subtilis_main_ef37e7c4f77cfd3f	discovery	33	39	34	39	-24.5	+	TGGTAC	1.7961581945419312
EMB_prokbert_C10	tjupan_bacillus_subtilis_main_9c67a769132d62d8	dbtbs_bsub_core_1373e064636d6c9b	discovery	51	57	52	57	-6.5	+	GGTGTA	1.7975760698318481
EMB_prokbert_C10	tjupan_bacillus_subtilis_main_9a6d97baf1c02d30	dbtbs_bsub_core_9a6d97baf1c02d30	discovery	57	63	58	63	-0.5	+	TGTAGT	1.7987847328186035
EMB_prokbert_C10	tjupan_bacillus_subtilis_main_0f3eb3e9a9977e6d	tjupan_bacillus_subtilis_main_0f3eb3e9a9977e6d	discovery	65	71	66	71	7.5	+	AAGTTA	1.805503010749817
EMB_prokbert_C10	tjupan_bacillus_subtilis_main_636c41b820e9fd5d	tjupan_bacillus_subtilis_main_636c41b820e9fd5d	discovery	33	39	34	39	-24.5	+	ACGTGC	1.810875654220581
EMB_prokbert_C10	tjupan_bacillus_subtilis_main_eb3c3d68906264b7	tjupan_bacillus_subtilis_main_eb3c3d68906264b7	discovery	23	29	24	29	-34.5	+	TGTTCT	1.8123120069503784
EMB_prokbert_C10	tjupan_bacillus_subtilis_main_8b776572d2e01c62	dbtbs_bsub_core_6736f212a82e3343	discovery	43	49	44	49	-14.5	+	GTGGTA	1.8284608125686646
EMB_prokbert_C10	tjupan_bacillus_subtilis_main_3c72a88384ee6013	tjupan_bacillus_subtilis_main_3c72a88384ee6013	discovery	60	66	61	66	2.5	+	TGTAGC	1.8301177024841309
EMB_prokbert_C10	tjupan_bacillus_subtilis_main_84597be11ba889b8	tjupan_bacillus_subtilis_main_84597be11ba889b8	discovery	56	62	57	62	-1.5	+	ATGTAA	1.8301631212234497
EMB_prokbert_C10	tjupan_bacillus_subtilis_main_619ca6b1749e92aa	tjupan_bacillus_subtilis_main_619ca6b1749e92aa	discovery	57	63	58	63	-0.5	+	GTAATG	1.8457986116409302
EMB_prokbert_C10	tjupan_bacillus_subtilis_main_7942697cd86d944b	tjupan_bacillus_subtilis_main_7942697cd86d944b	discovery	63	69	64	69	5.5	+	AGTTGT	1.8542808294296265
EMB_prokbert_C10	tjupan_bacillus_subtilis_main_1478640e036e0224	dbtbs_bsub_core_1478640e036e0224	discovery	57	63	58	63	-0.5	+	TGTGAG	1.863373875617981
EMB_prokbert_C10	tjupan_bacillus_subtilis_main_901b18a9982b4e95	tjupan_bacillus_subtilis_main_901b18a9982b4e95	discovery	23	29	24	29	-34.5	+	TGTTGA	1.8645110130310059
EMB_prokbert_C10	tjupan_bacillus_subtilis_main_dbd8ff77ae99e6b2	dbtbs_bsub_core_dbd8ff77ae99e6b2	discovery	21	27	22	27	-36.5	+	GTGTTA	1.8701000213623047
EMB_prokbert_C10	tjupan_bacillus_subtilis_main_b11aff47b9c426f3	dbtbs_bsub_core_b11aff47b9c426f3	discovery	49	55	50	55	-8.5	+	CGTTAT	1.8774269819259644
EMB_prokbert_C10	tjupan_bacillus_subtilis_main_71eaf5cbf249113b	dbtbs_bsub_core_71eaf5cbf249113b	discovery	32	38	33	38	-25.5	+	TGTGAA	1.8792694807052612
EMB_prokbert_C10	tjupan_bacillus_subtilis_main_6c11169e185f76df	dbtbs_bsub_core_6c11169e185f76df	discovery	67	73	68	73	9.5	+	TTGTGT	1.8835971355438232
EMB_prokbert_C10	tjupan_bacillus_subtilis_main_ad6e1b40396f6528	dbtbs_bsub_core_ad6e1b40396f6528	discovery	15	21	16	21	-42.5	+	TGCATA	1.8844832181930542
EMB_prokbert_C10	tjupan_bacillus_subtilis_main_32aff5c8192321bb	dbtbs_bsub_core_76636d30cbe1eec3	discovery	41	47	42	47	-16.5	+	TACATG	1.887725591659546
EMB_prokbert_C10	tjupan_bacillus_subtilis_main_729454a84a667dd8	dbtbs_bsub_core_729454a84a667dd8	discovery	50	56	51	56	-7.5	+	GTTATG	1.890189528465271
EMB_prokbert_C10	tjupan_bacillus_subtilis_main_1dc2eb4818f9715a	dbtbs_bsub_core_1dc2eb4818f9715a	discovery	14	20	15	20	-43.5	+	GTCGGT	1.8916140794754028
EMB_prokbert_C10	tjupan_bacillus_subtilis_main_0ad5dcad37f1ba39	dbtbs_bsub_core_712e4b81f6fdb41a	discovery	36	42	37	42	-21.5	+	ACGTGC	1.892846703529358
EMB_prokbert_C10	tjupan_bacillus_subtilis_main_e62d7e001687b19a	tjupan_bacillus_subtilis_main_e62d7e001687b19a	discovery	39	45	40	45	-18.5	+	TGTGAG	1.8981679677963257
EMB_prokbert_C10	tjupan_bacillus_subtilis_main_ade9dc791ab39f6c	dbtbs_bsub_core_ade9dc791ab39f6c	discovery	55	61	56	61	-2.5	+	TGTATA	1.9019291400909424
EMB_prokbert_C10	tjupan_bacillus_subtilis_main_f246415af5cfc524	dbtbs_bsub_core_f246415af5cfc524	discovery	57	63	58	63	-0.5	+	TGTGAA	1.905197024345398
EMB_prokbert_C10	tjupan_bacillus_subtilis_main_f6994e5b6245c7bf	tjupan_bacillus_subtilis_main_f6994e5b6245c7bf	discovery	63	69	64	69	5.5	+	GTGTTA	1.909321665763855
EMB_prokbert_C10	tjupan_bacillus_subtilis_main_db7eebd0b9425a4f	dbtbs_bsub_core_db7eebd0b9425a4f	discovery	40	46	41	46	-17.5	+	GTCTGA	1.9184809923171997
EMB_prokbert_C10	tjupan_bacillus_subtilis_main_834e21e1951468f3	tjupan_bacillus_subtilis_main_834e21e1951468f3	discovery	1	7	2	7	-56.5	+	CGTTAA	1.9205797910690308
EMB_prokbert_C10	tjupan_bacillus_subtilis_main_35bf7199ae44b70c	dbtbs_bsub_core_35bf7199ae44b70c	discovery	43	49	44	49	-14.5	+	GGAGTA	1.9308594465255737
EMB_prokbert_C10	tjupan_bacillus_subtilis_main_264ccaf63cfb1cfe	tjupan_bacillus_subtilis_main_264ccaf63cfb1cfe	discovery	1	7	2	7	-56.5	+	TGTAAT	1.9344934225082397
EMB_prokbert_C10	tjupan_bacillus_subtilis_main_412fe696982b64f9	dbtbs_bsub_core_412fe696982b64f9	discovery	23	29	24	29	-34.5	+	GGTGAT	1.9372880458831787
EMB_prokbert_C10	tjupan_bacillus_subtilis_main_6f408d5e786e413f	dbtbs_bsub_core_6f408d5e786e413f	discovery	22	28	23	28	-35.5	+	GTGGTC	1.9378676414489746
EMB_prokbert_C10	tjupan_bacillus_subtilis_main_20bbba0ce59de449	dbtbs_bsub_core_20bbba0ce59de449	discovery	28	34	29	34	-29.5	+	GTGTTG	1.9475367069244385
EMB_prokbert_C10	tjupan_bacillus_subtilis_main_dea64c0f5a12bfa1	dbtbs_bsub_core_a18a06666ab8afa6	discovery	8	14	9	14	-49.5	+	GGTTAA	1.9522759914398193
EMB_prokbert_C10	tjupan_bacillus_subtilis_main_61e92334116d4289	dbtbs_bsub_core_946ad3835c6af00d	discovery	55	61	56	61	-2.5	+	ACGTTA	1.9532101154327393
EMB_prokbert_C10	tjupan_bacillus_subtilis_main_962b839f321a2605	dbtbs_bsub_core_962b839f321a2605	discovery	26	32	27	32	-31.5	+	GAGTTG	1.9550180435180664
EMB_prokbert_C10	tjupan_bacillus_subtilis_main_0d7b08433a8f6233	tjupan_bacillus_subtilis_main_0d7b08433a8f6233	discovery	56	62	57	62	-1.5	+	TGTACA	1.966642141342163
EMB_prokbert_C10	tjupan_bacillus_subtilis_main_9d34f9d9e0ee0e26	dbtbs_bsub_core_9d34f9d9e0ee0e26	discovery	56	62	57	62	-1.5	+	TGGTAA	1.9676028490066528
EMB_prokbert_C10	tjupan_bacillus_subtilis_main_bb68072522710571	dbtbs_bsub_core_bb68072522710571	discovery	46	52	47	52	-11.5	+	TATGTA	1.979274034500122
EMB_prokbert_C10	tjupan_bacillus_subtilis_main_b1dfffe50d4e7cba	dbtbs_bsub_core_6990407cd148d57b	discovery	13	19	14	19	-44.5	+	TGTATA	1.9821628332138062
EMB_prokbert_C10	tjupan_bacillus_subtilis_main_fb689c0625deec2e	dbtbs_bsub_core_bf9535fab79dbf8f	discovery	28	34	29	34	-29.5	+	GGGTAC	1.9840465784072876
EMB_prokbert_C10	tjupan_bacillus_subtilis_main_e6accdb752f9724f	dbtbs_bsub_core_41815df9927fe319	discovery	58	64	59	64	0.5	+	AAGGTG	1.9911211729049683
EMB_prokbert_C10	tjupan_bacillus_subtilis_main_4cf64b5587e1d04e	dbtbs_bsub_core_4cf64b5587e1d04e	discovery	52	58	53	58	-5.5	+	GTTGTG	1.9911900758743286
EMB_prokbert_C10	tjupan_bacillus_subtilis_main_517410185d825f3e	tjupan_bacillus_subtilis_main_517410185d825f3e	discovery	22	28	23	28	-35.5	+	AATGTA	1.9931983947753906
EMB_prokbert_C10	tjupan_bacillus_subtilis_main_67a9ae83c973a42d	tjupan_bacillus_subtilis_main_67a9ae83c973a42d	discovery	44	50	45	50	-13.5	+	TGAGGT	1.995357871055603
EMB_prokbert_C10	tjupan_bacillus_subtilis_main_eaa75817f87b3088	dbtbs_bsub_core_71c43b52121900cc	discovery	23	29	24	29	-34.5	+	AGTTGG	1.9995630979537964
EMB_prokbert_C10	tjupan_bacillus_subtilis_main_a7a45131c45395c8	dbtbs_bsub_core_a7a45131c45395c8	discovery	56	62	57	62	-1.5	+	TGGTGA	2.0003700256347656
EMB_prokbert_C10	tjupan_bacillus_subtilis_main_ff3d11f785ddd890	dbtbs_bsub_core_ff3d11f785ddd890	discovery	24	30	25	30	-33.5	+	TGTGTA	2.00950026512146
EMB_prokbert_C10	tjupan_bacillus_subtilis_main_dccf4ca03cd1642b	dbtbs_bsub_core_dccf4ca03cd1642b	discovery	58	64	59	64	0.5	+	TTGTAT	2.0113131999969482
EMB_prokbert_C10	tjupan_bacillus_subtilis_main_dc1d0e364ea2d865	tjupan_bacillus_subtilis_main_dc1d0e364ea2d865	discovery	19	25	20	25	-38.5	+	ATGTAC	2.011474847793579
EMB_prokbert_C10	tjupan_bacillus_subtilis_main_272e2f2c83a48fab	dbtbs_bsub_core_272e2f2c83a48fab	discovery	16	22	17	22	-41.5	+	GGTTAT	2.018899440765381
EMB_prokbert_C10	tjupan_bacillus_subtilis_main_e90961ead2da3f7b	tjupan_bacillus_subtilis_main_e90961ead2da3f7b	discovery	4	10	5	10	-53.5	+	GTTCAT	2.025127410888672
EMB_prokbert_C10	tjupan_bacillus_subtilis_main_bc41d7d0760497f9	dbtbs_bsub_core_bc41d7d0760497f9	discovery	44	50	45	50	-13.5	+	TGTTAT	2.0265934467315674
EMB_prokbert_C10	tjupan_bacillus_subtilis_main_89a40bf9e0650967	dbtbs_bsub_core_89a40bf9e0650967	discovery	73	79	74	79	15.5	+	TCTGTA	2.031526565551758
EMB_prokbert_C10	tjupan_bacillus_subtilis_main_f05d30123c592277	dbtbs_bsub_core_f05d30123c592277	discovery	31	37	32	37	-26.5	+	TATAAT	2.0349462032318115
EMB_prokbert_C10	tjupan_bacillus_subtilis_main_b88f3e08d3d51af5	tjupan_bacillus_subtilis_main_b88f3e08d3d51af5	discovery	29	35	30	35	-28.5	+	CTGTAC	2.0560455322265625
EMB_prokbert_C10	tjupan_bacillus_subtilis_main_024ba149e95dcf1a	tjupan_bacillus_subtilis_main_024ba149e95dcf1a	discovery	56	62	57	62	-1.5	+	TAGTAA	2.0562360286712646
EMB_prokbert_C10	tjupan_bacillus_subtilis_main_02077247d0a8a665	dbtbs_bsub_core_e82d4ff28ccc2c95	discovery	13	19	14	19	-44.5	+	TTGTGA	2.056636333465576
EMB_prokbert_C10	tjupan_bacillus_subtilis_main_857deea4069ff6ab	tjupan_bacillus_subtilis_main_857deea4069ff6ab	discovery	60	66	61	66	2.5	+	AAGTTA	2.0611541271209717
EMB_prokbert_C10	tjupan_bacillus_subtilis_main_32548c7fec9dc4f2	dbtbs_bsub_core_32548c7fec9dc4f2	discovery	70	76	71	76	12.5	+	CCGTAT	2.0683348178863525
EMB_prokbert_C10	tjupan_bacillus_subtilis_main_56bd9deba3d3b9f9	dbtbs_bsub_core_5dd7cccc54d589c3	discovery	56	62	57	62	-1.5	+	CGTTGA	2.0723721981048584
EMB_prokbert_C10	tjupan_bacillus_subtilis_main_8560b0f67ab5f5ab	dbtbs_bsub_core_f7a2628d99aff81a	discovery	61	67	62	67	3.5	+	GGTTGA	2.075625419616699
EMB_prokbert_C10	tjupan_bacillus_subtilis_main_4059ca0cce5522a4	tjupan_bacillus_subtilis_main_4059ca0cce5522a4	discovery	61	67	62	67	3.5	+	GTGTTA	2.0766637325286865
EMB_prokbert_C10	tjupan_bacillus_subtilis_main_80add31ceb4a1382	tjupan_bacillus_subtilis_main_80add31ceb4a1382	discovery	1	7	2	7	-56.5	+	TGGTAT	2.0783474445343018
EMB_prokbert_C10	tjupan_bacillus_subtilis_main_fe2a626ec63a594e	dbtbs_bsub_core_abc060d81660f90c	discovery	66	72	67	72	8.5	+	CGTGAG	2.078766345977783
EMB_prokbert_C10	tjupan_bacillus_subtilis_main_bcbef8350d7925db	tjupan_bacillus_subtilis_main_bcbef8350d7925db	discovery	41	47	42	47	-16.5	+	CGTGTC	2.080188751220703
EMB_prokbert_C10	tjupan_bacillus_subtilis_main_6406719b10941769	dbtbs_bsub_core_5bcaee6240f23d4b	discovery	58	64	59	64	0.5	+	GTGTCT	2.093923568725586
EMB_prokbert_C10	tjupan_bacillus_subtilis_main_a31f56ff3ee450d4	dbtbs_bsub_core_1c4407f77cf4bab2	discovery	4	10	5	10	-53.5	+	TGGTAT	2.109909772872925
EMB_prokbert_C10	tjupan_bacillus_subtilis_main_a2cd64f7b02e9630	tjupan_bacillus_subtilis_main_a2cd64f7b02e9630	discovery	73	79	74	79	15.5	+	TGTCTG	2.115203857421875
EMB_prokbert_C10	tjupan_bacillus_subtilis_main_8f5a33e062052e2d	tjupan_bacillus_subtilis_main_8f5a33e062052e2d	discovery	73	79	74	79	15.5	+	TGTTAC	2.1196413040161133
EMB_prokbert_C10	tjupan_bacillus_subtilis_main_5e3ef261f40425ef	tjupan_bacillus_subtilis_main_5e3ef261f40425ef	discovery	74	80	75	80	16.5	+	TAGTGT	2.120826005935669
EMB_prokbert_C10	tjupan_bacillus_subtilis_main_d9da0a0033167763	dbtbs_bsub_core_d9da0a0033167763	discovery	39	45	40	45	-18.5	+	TGTGAC	2.1335861682891846
EMB_prokbert_C10	tjupan_bacillus_subtilis_main_c7c68e6fe4d84a02	tjupan_bacillus_subtilis_main_c7c68e6fe4d84a02	discovery	12	18	13	18	-45.5	+	GTGCCT	2.1352689266204834
EMB_prokbert_C10	tjupan_bacillus_subtilis_main_dcef15bdfb353954	dbtbs_bsub_core_dcef15bdfb353954	discovery	59	65	60	65	1.5	+	TGTGAA	2.1476895809173584
EMB_prokbert_C10	tjupan_bacillus_subtilis_main_8e4b7e6c519e170f	tjupan_bacillus_subtilis_main_8e4b7e6c519e170f	discovery	22	28	23	28	-35.5	+	ATGTTG	2.1645257472991943
EMB_prokbert_C10	tjupan_bacillus_subtilis_main_6390012fbb39ca22	tjupan_bacillus_subtilis_main_6390012fbb39ca22	discovery	41	47	42	47	-16.5	+	TAGCGT	2.1683855056762695
EMB_prokbert_C10	tjupan_bacillus_subtilis_main_ec2d75bce4a65abf	dbtbs_bsub_core_e3549a9c12f5ac55	discovery	42	48	43	48	-15.5	+	CTGTGC	2.186587333679199
EMB_prokbert_C10	tjupan_bacillus_subtilis_main_61c707ac72aeda97	tjupan_bacillus_subtilis_main_61c707ac72aeda97	discovery	72	78	73	78	14.5	+	TAGTAT	2.1884326934814453
EMB_prokbert_C10	tjupan_bacillus_subtilis_main_48b85a8a5c19ece4	dbtbs_bsub_core_7730e205ee5d9991	discovery	59	65	60	65	1.5	+	TGTGTA	2.1900675296783447
EMB_prokbert_C10	tjupan_bacillus_subtilis_main_ca7144caa797f7bc	dbtbs_bsub_core_ca7144caa797f7bc	discovery	10	16	11	16	-47.5	+	GGTGCA	2.224477529525757
EMB_prokbert_C10	tjupan_bacillus_subtilis_main_618f0dc5c0847866	dbtbs_bsub_core_e2f191a04a63a5f0	discovery	43	49	44	49	-14.5	+	AATGGT	2.2293365001678467
EMB_prokbert_C10	tjupan_bacillus_subtilis_main_f09c3556dc31a575	dbtbs_bsub_core_f09c3556dc31a575	discovery	21	27	22	27	-36.5	+	GGCTGT	2.233673334121704
EMB_prokbert_C10	tjupan_bacillus_subtilis_main_9f03f134e6b67be2	tjupan_bacillus_subtilis_main_9f03f134e6b67be2	discovery	71	77	72	77	13.5	+	ATGTGT	2.2819502353668213
EMB_prokbert_C10	tjupan_bacillus_subtilis_main_aded66fe8079e578	tjupan_bacillus_subtilis_main_aded66fe8079e578	discovery	21	27	22	27	-36.5	+	GTAGTA	2.289746046066284
EMB_prokbert_C10	tjupan_bacillus_subtilis_main_2b799cc13a596bcd	tjupan_bacillus_subtilis_main_2b799cc13a596bcd	discovery	34	40	35	40	-23.5	+	CTGTGC	2.3054378032684326
EMB_prokbert_C10	tjupan_bacillus_subtilis_main_6e989f822c0894af	dbtbs_bsub_core_bb5ca17cb9317fea	discovery	68	74	69	74	10.5	+	ATGTGC	2.310407876968384
EMB_prokbert_C10	tjupan_bacillus_subtilis_main_3adf706b5413c6ce	tjupan_bacillus_subtilis_main_3adf706b5413c6ce	discovery	47	53	48	53	-10.5	+	GTGCTA	2.34462833404541
EMB_prokbert_C10	tjupan_bacillus_subtilis_main_7ebbe970ac38b83d	dbtbs_bsub_core_5742761e1938e2d4	discovery	57	63	58	63	-0.5	+	GGTAGT	2.344960927963257
EMB_prokbert_C10	tjupan_bacillus_subtilis_main_a0eee3dddaf07ac3	tjupan_bacillus_subtilis_main_a0eee3dddaf07ac3	discovery	41	47	42	47	-16.5	+	CGTGTT	2.345301866531372
EMB_prokbert_C10	tjupan_bacillus_subtilis_main_1732506bbac23b7c	dbtbs_bsub_core_1732506bbac23b7c	discovery	38	44	39	44	-19.5	+	ACGGTG	2.3637378215789795
EMB_prokbert_C10	tjupan_bacillus_subtilis_main_daaf0c7fa42ef2fa	dbtbs_bsub_core_ef9625ff29774e65	discovery	75	81	76	81	17.5	+	GTATTA	2.4059107303619385
EMB_prokbert_C10	tjupan_bacillus_subtilis_main_8bf0684d999843b1	dbtbs_bsub_core_8bf0684d999843b1	discovery	0	6	1	6	-57.5	+	ATGCGT	2.410379409790039
EMB_prokbert_C10	tjupan_bacillus_subtilis_main_fbae385e087109ce	tjupan_bacillus_subtilis_main_fbae385e087109ce	discovery	1	7	2	7	-56.5	+	GTCGTA	2.436361074447632
EMB_prokbert_C10	tjupan_bacillus_subtilis_main_e326833d29b8752f	dbtbs_bsub_core_e326833d29b8752f	discovery	67	73	68	73	9.5	+	AGTGTG	2.4455513954162598
EMB_prokbert_C10	tjupan_bacillus_subtilis_main_3eab38fdf3061b6a	tjupan_bacillus_subtilis_main_3eab38fdf3061b6a	discovery	59	65	60	65	1.5	+	TAGTTA	2.4564969539642334
EMB_prokbert_C10	tjupan_bacillus_subtilis_main_57cb99253c19d2b6	tjupan_bacillus_subtilis_main_57cb99253c19d2b6	discovery	75	81	76	81	17.5	+	GGTTAA	2.4579861164093018
EMB_prokbert_C10	tjupan_bacillus_subtilis_main_4fc356ae4cdf5a10	dbtbs_bsub_core_89ad3abb800dad9f	discovery	3	9	4	9	-54.5	+	TGTGAA	2.4958548545837402
EMB_prokbert_C10	tjupan_bacillus_subtilis_main_3be839d09df1dbe1	dbtbs_bsub_core_3be839d09df1dbe1	discovery	2	8	3	8	-55.5	+	CGGTGT	2.4978744983673096
EMB_prokbert_C10	tjupan_bacillus_subtilis_main_a9ae08a54b460299	dbtbs_bsub_core_4c306bb2d4b261c8	discovery	44	50	45	50	-13.5	+	GGGTAT	2.5153980255126953
EMB_prokbert_C10	tjupan_bacillus_subtilis_main_48f68d49bf53ea3b	dbtbs_bsub_core_a63e45c266a8243f	discovery	9	15	10	15	-48.5	+	GTGCAG	2.5287272930145264
EMB_prokbert_C10	tjupan_bacillus_subtilis_main_a26ee3e07cf1eedf	dbtbs_bsub_core_a26ee3e07cf1eedf	discovery	52	58	53	58	-5.5	+	ATGTGG	2.5883049964904785
EMB_prokbert_C10	tjupan_bacillus_subtilis_main_7358cf40e4efa482	tjupan_bacillus_subtilis_main_7358cf40e4efa482	discovery	74	80	75	80	16.5	+	ATGTGT	2.6218063831329346
EMB_prokbert_C10	tjupan_bacillus_subtilis_main_a1ad6ce2d20c389b	dbtbs_bsub_core_539bc60476254ff5	discovery	6	12	7	12	-51.5	+	CGTGTC	2.655714511871338
EMB_prokbert_C10	tjupan_bacillus_subtilis_main_bba2e45eb636482b	dbtbs_bsub_core_bba2e45eb636482b	discovery	75	81	76	81	17.5	+	GTCAAA	2.6968159675598145
EMB_prokbert_C10	tjupan_bacillus_subtilis_main_2be0a0a038238614	tjupan_bacillus_subtilis_main_2be0a0a038238614	discovery	1	7	2	7	-56.5	+	GTGTCA	2.752639055252075
EMB_prokbert_C10	tjupan_bacillus_subtilis_main_76885f00c763f220	dbtbs_bsub_core_07bcce23a89f64fb	discovery	72	78	73	78	14.5	+	GTCGTT	2.802511215209961
EMB_prokbert_C10	tjupan_bacillus_subtilis_main_d24ab9ea2522f43e	dbtbs_bsub_core_e391b9fe5a0b653f	discovery	75	81	76	81	17.5	+	AGTGTT	3.044956684112549
EMB_prokbert_C11	tjupan_bacillus_subtilis_main_a52148b067c7a32f	tjupan_bacillus_subtilis_main_a52148b067c7a32f	discovery	16	22	17	22	-41.5	+	TCACCC	1.2998905181884766
EMB_prokbert_C11	tjupan_bacillus_subtilis_main_3c97e9436cb369c2	dbtbs_bsub_core_6dc10c0d490555ae	discovery	70	76	71	76	12.5	+	CCCAAC	1.3416277170181274
EMB_prokbert_C11	tjupan_bacillus_subtilis_main_8265264627414ceb	tjupan_bacillus_subtilis_main_8265264627414ceb	discovery	20	26	21	26	-37.5	+	CACCCT	1.3434484004974365
EMB_prokbert_C11	tjupan_bacillus_subtilis_main_5d881eac8b46d627	dbtbs_bsub_core_5d881eac8b46d627	discovery	54	60	55	60	-3.5	+	TTACCC	1.3782862424850464
EMB_prokbert_C11	tjupan_bacillus_subtilis_main_4a76c51266c80a0f	dbtbs_bsub_core_b905bf06b88d4e46	discovery	37	43	38	43	-20.5	+	GCCACC	1.3818577527999878
EMB_prokbert_C11	tjupan_bacillus_subtilis_main_b790c6b12a43a7c6	tjupan_bacillus_subtilis_main_b790c6b12a43a7c6	discovery	40	46	41	46	-17.5	+	CCACCC	1.396039605140686
EMB_prokbert_C11	tjupan_bacillus_subtilis_main_f04c569125ce3afa	dbtbs_bsub_core_85a34ab094cb765f	discovery	19	25	20	25	-38.5	+	CCAACC	1.4515531063079834
EMB_prokbert_C11	tjupan_bacillus_subtilis_main_2b799cc13a596bcd	tjupan_bacillus_subtilis_main_2b799cc13a596bcd	discovery	66	72	67	72	8.5	+	TCACCC	1.4578431844711304
EMB_prokbert_C11	tjupan_bacillus_subtilis_main_2a3c695bd1a0b4c9	tjupan_bacillus_subtilis_main_2a3c695bd1a0b4c9	discovery	41	47	42	47	-16.5	+	GCCCAA	1.4651310443878174
EMB_prokbert_C11	tjupan_bacillus_subtilis_main_e62d7e001687b19a	tjupan_bacillus_subtilis_main_e62d7e001687b19a	discovery	8	14	9	14	-49.5	+	TACCCA	1.4768261909484863
EMB_prokbert_C11	tjupan_bacillus_subtilis_main_ade9dc791ab39f6c	dbtbs_bsub_core_ade9dc791ab39f6c	discovery	65	71	66	71	7.5	+	ACCTCA	1.4924522638320923
EMB_prokbert_C11	tjupan_bacillus_subtilis_main_5f8b6936b2e52932	tjupan_bacillus_subtilis_main_5f8b6936b2e52932	discovery	18	24	19	24	-39.5	+	ATAACC	1.5319015979766846
EMB_prokbert_C11	tjupan_bacillus_subtilis_main_ca7deec2e4330ae4	tjupan_bacillus_subtilis_main_ca7deec2e4330ae4	discovery	4	10	5	10	-53.5	+	CCACCT	1.5322667360305786
EMB_prokbert_C11	tjupan_bacillus_subtilis_main_bf15c71cd5f4b9e0	dbtbs_bsub_core_79aa8a5c0f3b9558	discovery	20	26	21	26	-37.5	+	TGTCCC	1.5365487337112427
EMB_prokbert_C11	tjupan_bacillus_subtilis_main_5eccf0b4b51999b8	tjupan_bacillus_subtilis_main_5eccf0b4b51999b8	discovery	60	66	61	66	2.5	+	TCCCAC	1.5596143007278442
EMB_prokbert_C11	tjupan_bacillus_subtilis_main_32548c7fec9dc4f2	dbtbs_bsub_core_32548c7fec9dc4f2	discovery	13	19	14	19	-44.5	+	ACCCGC	1.5597022771835327
EMB_prokbert_C11	tjupan_bacillus_subtilis_main_5fc80954df40cf68	dbtbs_bsub_core_44be1bddac760e1c	discovery	40	46	41	46	-17.5	+	TCCACC	1.5709387063980103
EMB_prokbert_C11	tjupan_bacillus_subtilis_main_52267ea931cb2dd7	dbtbs_bsub_core_b35218f45c0f11c8	discovery	45	51	46	51	-12.5	+	CCTAAC	1.572676420211792
EMB_prokbert_C11	tjupan_bacillus_subtilis_main_daaf0c7fa42ef2fa	dbtbs_bsub_core_ef9625ff29774e65	discovery	27	33	28	33	-30.5	+	CAACCT	1.574575662612915
EMB_prokbert_C11	tjupan_bacillus_subtilis_main_84e6c8375d18dc47	tjupan_bacillus_subtilis_main_84e6c8375d18dc47	discovery	30	36	31	36	-27.5	+	ACTCCC	1.5852810144424438
EMB_prokbert_C11	tjupan_bacillus_subtilis_main_14a46634ed7dcff0	tjupan_bacillus_subtilis_main_14a46634ed7dcff0	discovery	37	43	38	43	-20.5	+	TGCCCA	1.600907325744629
EMB_prokbert_C11	tjupan_bacillus_subtilis_main_982fa9762732f05a	tjupan_bacillus_subtilis_main_982fa9762732f05a	discovery	6	12	7	12	-51.5	+	ACCCAA	1.6011607646942139
EMB_prokbert_C11	tjupan_bacillus_subtilis_main_fff8e3a328b3cab3	dbtbs_bsub_core_7231d94d9d77331f	discovery	38	44	39	44	-19.5	+	CCCAAT	1.6051957607269287
EMB_prokbert_C11	tjupan_bacillus_subtilis_main_691e7ded333dd616	dbtbs_bsub_core_691e7ded333dd616	discovery	30	36	31	36	-27.5	+	CACCCG	1.6056551933288574
EMB_prokbert_C11	tjupan_bacillus_subtilis_main_cd161e304d76229d	dbtbs_bsub_core_6d139485f356aaca	discovery	24	30	25	30	-33.5	+	ACAATC	1.6082565784454346
EMB_prokbert_C11	tjupan_bacillus_subtilis_main_712069959cf7e3b2	dbtbs_bsub_core_be0e53c334974f0a	discovery	23	29	24	29	-34.5	+	GTCCAA	1.6171464920043945
EMB_prokbert_C11	tjupan_bacillus_subtilis_main_9f03f134e6b67be2	tjupan_bacillus_subtilis_main_9f03f134e6b67be2	discovery	38	44	39	44	-19.5	+	TCACCG	1.6326801776885986
EMB_prokbert_C11	tjupan_bacillus_subtilis_main_e84ae283b7981830	tjupan_bacillus_subtilis_main_e84ae283b7981830	discovery	34	40	35	40	-23.5	+	TGCCCG	1.6363575458526611
EMB_prokbert_C11	tjupan_bacillus_subtilis_main_84597be11ba889b8	tjupan_bacillus_subtilis_main_84597be11ba889b8	discovery	34	40	35	40	-23.5	+	ACCCAA	1.6452373266220093
EMB_prokbert_C11	tjupan_bacillus_subtilis_main_d24ab9ea2522f43e	dbtbs_bsub_core_e391b9fe5a0b653f	discovery	30	36	31	36	-27.5	+	ATTCCC	1.650230884552002
EMB_prokbert_C11	tjupan_bacillus_subtilis_main_7e538c30b860aa5a	tjupan_bacillus_subtilis_main_7e538c30b860aa5a	discovery	29	35	30	35	-28.5	+	CCCAAC	1.6570048332214355
EMB_prokbert_C11	tjupan_bacillus_subtilis_main_af51a9f7939c4cfb	dbtbs_bsub_core_49fc6b8175a85db6	discovery	11	17	12	17	-46.5	+	CAACCG	1.6579244136810303
EMB_prokbert_C11	tjupan_bacillus_subtilis_main_e66d1eb3358cf03d	dbtbs_bsub_core_601150b85493a7a1	discovery	64	70	65	70	6.5	+	CTCCGC	1.6593701839447021
EMB_prokbert_C11	tjupan_bacillus_subtilis_main_7cd769ed0580d73e	tjupan_bacillus_subtilis_main_7cd769ed0580d73e	discovery	28	34	29	34	-29.5	+	TCACCG	1.6642855405807495
EMB_prokbert_C11	tjupan_bacillus_subtilis_main_c7c68e6fe4d84a02	tjupan_bacillus_subtilis_main_c7c68e6fe4d84a02	discovery	4	10	5	10	-53.5	+	GAACCG	1.6818419694900513
EMB_prokbert_C11	tjupan_bacillus_subtilis_main_0e56c5fe6c5d0db0	dbtbs_bsub_core_cfddcd51a76889fd	discovery	11	17	12	17	-46.5	+	CCAACC	1.6941016912460327
EMB_prokbert_C11	tjupan_bacillus_subtilis_main_51e2f43063a3baab	tjupan_bacillus_subtilis_main_51e2f43063a3baab	discovery	33	39	34	39	-24.5	+	TCCCAC	1.7047113180160522
EMB_prokbert_C11	tjupan_bacillus_subtilis_main_412fe696982b64f9	dbtbs_bsub_core_412fe696982b64f9	discovery	10	16	11	16	-47.5	+	TCACCC	1.7223799228668213
EMB_prokbert_C11	tjupan_bacillus_subtilis_main_024ba149e95dcf1a	tjupan_bacillus_subtilis_main_024ba149e95dcf1a	discovery	34	40	35	40	-23.5	+	CCGGCC	1.7263822555541992
EMB_prokbert_C11	tjupan_bacillus_subtilis_main_8837dc4443db7de3	tjupan_bacillus_subtilis_main_8837dc4443db7de3	discovery	28	34	29	34	-29.5	+	CCCAGA	1.7282317876815796
EMB_prokbert_C11	tjupan_bacillus_subtilis_main_6b5eda10bbc36b27	dbtbs_bsub_core_0d578393adbcde98	discovery	32	38	33	38	-25.5	+	TCCCAC	1.7294387817382812
EMB_prokbert_C11	tjupan_bacillus_subtilis_main_0d315ab142d66dcc	dbtbs_bsub_core_76d28d1be3f9f514	discovery	11	17	12	17	-46.5	+	CTCCAA	1.7368413209915161
EMB_prokbert_C11	tjupan_bacillus_subtilis_main_354da8035d16f701	dbtbs_bsub_core_1ee6e81d7c1d1fa1	discovery	54	60	55	60	-3.5	+	TCACCT	1.7375755310058594
EMB_prokbert_C11	tjupan_bacillus_subtilis_main_43596a46e3e4ddaa	tjupan_bacillus_subtilis_main_43596a46e3e4ddaa	discovery	9	15	10	15	-48.5	+	ATCTAA	1.7405811548233032
EMB_prokbert_C11	tjupan_bacillus_subtilis_main_106e69f8e7e10bd4	tjupan_bacillus_subtilis_main_106e69f8e7e10bd4	discovery	64	70	65	70	6.5	+	ACATCC	1.7456918954849243
EMB_prokbert_C11	tjupan_bacillus_subtilis_main_0a71b8cbf4011c3b	dbtbs_bsub_core_dc5af08cd1bffe94	discovery	64	70	65	70	6.5	+	GCCCAG	1.749078392982483
EMB_prokbert_C11	tjupan_bacillus_subtilis_main_1c375491ec2245f4	tjupan_bacillus_subtilis_main_1c375491ec2245f4	discovery	13	19	14	19	-44.5	+	ACCCGC	1.7557364702224731
EMB_prokbert_C11	tjupan_bacillus_subtilis_main_dc65c8922842b20f	tjupan_bacillus_subtilis_main_dc65c8922842b20f	discovery	66	72	67	72	8.5	+	ACCCTC	1.760380744934082
EMB_prokbert_C11	tjupan_bacillus_subtilis_main_52fe6822c9d74b50	tjupan_bacillus_subtilis_main_52fe6822c9d74b50	discovery	29	35	30	35	-28.5	+	CAAACC	1.766707181930542
EMB_prokbert_C11	tjupan_bacillus_subtilis_main_24675587b92cc4c7	tjupan_bacillus_subtilis_main_24675587b92cc4c7	discovery	35	41	36	41	-22.5	+	CATACC	1.7674648761749268
EMB_prokbert_C11	tjupan_bacillus_subtilis_main_0ad5dcad37f1ba39	dbtbs_bsub_core_712e4b81f6fdb41a	discovery	5	11	6	11	-52.5	+	TAACCT	1.7716370820999146
EMB_prokbert_C11	tjupan_bacillus_subtilis_main_2b2db3c55e03b737	dbtbs_bsub_core_9d26dfa3049d6f00	discovery	37	43	38	43	-20.5	+	ACCCAA	1.773058295249939
EMB_prokbert_C11	tjupan_bacillus_subtilis_main_93b5da0b5f842573	dbtbs_bsub_core_93b5da0b5f842573	discovery	13	19	14	19	-44.5	+	CCACCC	1.7793443202972412
EMB_prokbert_C11	tjupan_bacillus_subtilis_main_8f9b814f5e8b18ae	dbtbs_bsub_core_8f9b814f5e8b18ae	discovery	38	44	39	44	-19.5	+	TTCCAA	1.7855374813079834
EMB_prokbert_C11	tjupan_bacillus_subtilis_main_efde358c620c36bd	dbtbs_bsub_core_efde358c620c36bd	discovery	18	24	19	24	-39.5	+	AACCAC	1.794264793395996
EMB_prokbert_C11	tjupan_bacillus_subtilis_main_bfe4e797767b8990	tjupan_bacillus_subtilis_main_bfe4e797767b8990	discovery	51	57	52	57	-6.5	+	CTTCAC	1.7973179817199707
EMB_prokbert_C11	tjupan_bacillus_subtilis_main_86c973796d10f50f	dbtbs_bsub_core_86c973796d10f50f	discovery	36	42	37	42	-21.5	+	CACCCC	1.8012627363204956
EMB_prokbert_C11	tjupan_bacillus_subtilis_main_c2a5e00f908ba88c	dbtbs_bsub_core_c2a5e00f908ba88c	discovery	43	49	44	49	-14.5	+	GCCCAT	1.8083001375198364
EMB_prokbert_C11	tjupan_bacillus_subtilis_main_a0eee3dddaf07ac3	tjupan_bacillus_subtilis_main_a0eee3dddaf07ac3	discovery	16	22	17	22	-41.5	+	GTTCCC	1.816434621810913
EMB_prokbert_C11	tjupan_bacillus_subtilis_main_9c3cc423ec1465b1	dbtbs_bsub_core_9c3cc423ec1465b1	discovery	63	69	64	69	5.5	+	ACCACC	1.8281292915344238
EMB_prokbert_C11	tjupan_bacillus_subtilis_main_db51f0e14ca9b6e9	tjupan_bacillus_subtilis_main_db51f0e14ca9b6e9	discovery	66	72	67	72	8.5	+	CACCAT	1.8531088829040527
EMB_prokbert_C11	tjupan_bacillus_subtilis_main_89f3272bd34ff475	tjupan_bacillus_subtilis_main_89f3272bd34ff475	discovery	21	27	22	27	-36.5	+	CCTTGC	1.8611358404159546
EMB_prokbert_C11	tjupan_bacillus_subtilis_main_25308dd77914b9d9	dbtbs_bsub_core_1dc2eb4818f9715a	discovery	2	8	3	8	-55.5	+	TACCAT	1.8631672859191895
EMB_prokbert_C11	tjupan_bacillus_subtilis_main_ade14dd3fdacb032	dbtbs_bsub_core_12585b08a658046e	discovery	42	48	43	48	-15.5	+	TACCCG	1.8668533563613892
EMB_prokbert_C11	tjupan_bacillus_subtilis_main_ef1d1fbaad689e40	dbtbs_bsub_core_ef1d1fbaad689e40	discovery	42	48	43	48	-15.5	+	ACCTCA	1.8820409774780273
EMB_prokbert_C11	tjupan_bacillus_subtilis_main_e9d365c0dda7757e	tjupan_bacillus_subtilis_main_e9d365c0dda7757e	discovery	66	72	67	72	8.5	+	ACCCGC	1.8907514810562134
EMB_prokbert_C11	tjupan_bacillus_subtilis_main_49d5f09ecdaa68d2	dbtbs_bsub_core_2fc6766ca8c365d3	discovery	3	9	4	9	-54.5	+	CCGAAC	1.8969751596450806
EMB_prokbert_C11	tjupan_bacillus_subtilis_main_f45d38a5e15ccc93	dbtbs_bsub_core_5dbc73ad42aeab56	discovery	37	43	38	43	-20.5	+	TCCGCA	1.9001493453979492
EMB_prokbert_C11	tjupan_bacillus_subtilis_main_202644f8a02efab9	dbtbs_bsub_core_f4d81ad6a0709a55	discovery	29	35	30	35	-28.5	+	CACCCC	1.902075171470642
EMB_prokbert_C11	tjupan_bacillus_subtilis_main_1dc6ad16ab0331f8	tjupan_bacillus_subtilis_main_1dc6ad16ab0331f8	discovery	23	29	24	29	-34.5	+	CCTGAA	1.908043384552002
EMB_prokbert_C11	tjupan_bacillus_subtilis_main_2931d3a1a20c25de	dbtbs_bsub_core_60150ba1e82823d4	discovery	60	66	61	66	2.5	+	ACCAAT	1.9095251560211182
EMB_prokbert_C11	tjupan_bacillus_subtilis_main_737474f253397bee	tjupan_bacillus_subtilis_main_737474f253397bee	discovery	30	36	31	36	-27.5	+	ACCCCT	1.912054181098938
EMB_prokbert_C11	tjupan_bacillus_subtilis_main_4fa5d89620e7d8ce	dbtbs_bsub_core_5eb05bc57612da6d	discovery	10	16	11	16	-47.5	+	AGCCAC	1.9230982065200806
EMB_prokbert_C11	tjupan_bacillus_subtilis_main_dbd8ff77ae99e6b2	dbtbs_bsub_core_dbd8ff77ae99e6b2	discovery	15	21	16	21	-42.5	+	CCAAAC	1.9250576496124268
EMB_prokbert_C11	tjupan_bacillus_subtilis_main_e28ceade6e8616fa	dbtbs_bsub_core_9b12482ac6eea2d4	discovery	42	48	43	48	-15.5	+	TCCACA	1.9339560270309448
EMB_prokbert_C11	tjupan_bacillus_subtilis_main_118649b56e4ec470	tjupan_bacillus_subtilis_main_118649b56e4ec470	discovery	42	48	43	48	-15.5	+	ACCCAT	1.9351845979690552
EMB_prokbert_C11	tjupan_bacillus_subtilis_main_0438d7b75e1f910f	dbtbs_bsub_core_975fc641de00609f	discovery	60	66	61	66	2.5	+	ACCCAA	1.9367456436157227
EMB_prokbert_C11	tjupan_bacillus_subtilis_main_18d5be8d5c4f9a22	tjupan_bacillus_subtilis_main_18d5be8d5c4f9a22	discovery	11	17	12	17	-46.5	+	TCCCGG	1.9382749795913696
EMB_prokbert_C11	tjupan_bacillus_subtilis_main_ef6dc517178d6adf	dbtbs_bsub_core_ef6dc517178d6adf	discovery	37	43	38	43	-20.5	+	GCCATC	1.9419760704040527
EMB_prokbert_C11	tjupan_bacillus_subtilis_main_26786ec6f94b1750	dbtbs_bsub_core_26786ec6f94b1750	discovery	28	34	29	34	-29.5	+	ATCCCA	1.9586156606674194
EMB_prokbert_C11	tjupan_bacillus_subtilis_main_954287dc5b301340	tjupan_bacillus_subtilis_main_954287dc5b301340	discovery	42	48	43	48	-15.5	+	ACCTGT	1.9641538858413696
EMB_prokbert_C11	tjupan_bacillus_subtilis_main_5b5f9b9ad371b1b0	tjupan_bacillus_subtilis_main_5b5f9b9ad371b1b0	discovery	17	23	18	23	-40.5	+	TCCGCA	1.9739843606948853
EMB_prokbert_C11	tjupan_bacillus_subtilis_main_0710c2f2267154d3	dbtbs_bsub_core_0710c2f2267154d3	discovery	29	35	30	35	-28.5	+	ATGTAC	1.9740691184997559
EMB_prokbert_C11	tjupan_bacillus_subtilis_main_5787c658c95c4762	tjupan_bacillus_subtilis_main_5787c658c95c4762	discovery	9	15	10	15	-48.5	+	TCCACA	1.9765788316726685
EMB_prokbert_C11	tjupan_bacillus_subtilis_main_a7a45131c45395c8	dbtbs_bsub_core_a7a45131c45395c8	discovery	61	67	62	67	3.5	+	AACCCT	1.9766446352005005
EMB_prokbert_C11	tjupan_bacillus_subtilis_main_047e296b8721a352	dbtbs_bsub_core_d618c1525725d045	discovery	20	26	21	26	-37.5	+	CCCACT	1.9925276041030884
EMB_prokbert_C11	tjupan_bacillus_subtilis_main_35bf7199ae44b70c	dbtbs_bsub_core_35bf7199ae44b70c	discovery	65	71	66	71	7.5	+	CACTCC	1.9937143325805664
EMB_prokbert_C11	tjupan_bacillus_subtilis_main_517410185d825f3e	tjupan_bacillus_subtilis_main_517410185d825f3e	discovery	0	6	1	6	-57.5	+	TTCACC	1.9965929985046387
EMB_prokbert_C11	tjupan_bacillus_subtilis_main_d04a67d8cb9ad084	dbtbs_bsub_core_d04a67d8cb9ad084	discovery	40	46	41	46	-17.5	+	GCCCAG	2.005537509918213
EMB_prokbert_C11	tjupan_bacillus_subtilis_main_01ae3d26fad13b71	dbtbs_bsub_core_7a9c3b7d79cfafb8	discovery	15	21	16	21	-42.5	+	TCCCAA	2.023531198501587
EMB_prokbert_C11	tjupan_bacillus_subtilis_main_9c67a769132d62d8	dbtbs_bsub_core_1373e064636d6c9b	discovery	3	9	4	9	-54.5	+	GGCACC	2.0272319316864014
EMB_prokbert_C11	tjupan_bacillus_subtilis_main_b7c0b4323e70fc71	dbtbs_bsub_core_b7c0b4323e70fc71	discovery	44	50	45	50	-13.5	+	AGCCCG	2.03444504737854
EMB_prokbert_C11	tjupan_bacillus_subtilis_main_be36dbaf549189cb	tjupan_bacillus_subtilis_main_be36dbaf549189cb	discovery	40	46	41	46	-17.5	+	CCAACT	2.038280963897705
EMB_prokbert_C11	tjupan_bacillus_subtilis_main_0b7b75ba67f19880	dbtbs_bsub_core_0b7b75ba67f19880	discovery	35	41	36	41	-22.5	+	TGCCTC	2.039811611175537
EMB_prokbert_C11	tjupan_bacillus_subtilis_main_09deb32688bf8365	tjupan_bacillus_subtilis_main_09deb32688bf8365	discovery	26	32	27	32	-31.5	+	CACCAA	2.0402517318725586
EMB_prokbert_C11	tjupan_bacillus_subtilis_main_550b125b16dc206e	dbtbs_bsub_core_2ab03862f0e9dd2f	discovery	17	23	18	23	-40.5	+	TTCACC	2.049300193786621
EMB_prokbert_C11	tjupan_bacillus_subtilis_main_3ec4c8abee3f7a8e	dbtbs_bsub_core_c18c3f10dff5c627	discovery	2	8	3	8	-55.5	+	GACCGC	2.059473752975464
EMB_prokbert_C11	tjupan_bacillus_subtilis_main_8fa35d24a76b6d72	tjupan_bacillus_subtilis_main_8fa35d24a76b6d72	discovery	6	12	7	12	-51.5	+	ACGCCC	2.0597548484802246
EMB_prokbert_C11	tjupan_bacillus_subtilis_main_a723fdca1013c0b5	dbtbs_bsub_core_a723fdca1013c0b5	discovery	69	75	70	75	11.5	+	CGCACC	2.062243938446045
EMB_prokbert_C11	tjupan_bacillus_subtilis_main_ea59d0ddaaaaf005	dbtbs_bsub_core_ff8c346476498240	discovery	39	45	40	45	-18.5	+	CCCACT	2.086143732070923
EMB_prokbert_C11	tjupan_bacillus_subtilis_main_f5b082fd616807b3	dbtbs_bsub_core_4e960695d4b362e6	discovery	38	44	39	44	-19.5	+	GGCCCT	2.087066888809204
EMB_prokbert_C11	tjupan_bacillus_subtilis_main_b11aff47b9c426f3	dbtbs_bsub_core_b11aff47b9c426f3	discovery	4	10	5	10	-53.5	+	CTTGTC	2.089742422103882
EMB_prokbert_C11	tjupan_bacillus_subtilis_main_0a0035c3a0685aa9	dbtbs_bsub_core_d50ffa4df9b8add7	discovery	21	27	22	27	-36.5	+	ATTCCG	2.0900707244873047
EMB_prokbert_C11	tjupan_bacillus_subtilis_main_917572a2414a52f7	tjupan_bacillus_subtilis_main_917572a2414a52f7	discovery	5	11	6	11	-52.5	+	GACATC	2.094111680984497
EMB_prokbert_C11	tjupan_bacillus_subtilis_main_5cf51ca317588066	tjupan_bacillus_subtilis_main_5cf51ca317588066	discovery	17	23	18	23	-40.5	+	CCCGGC	2.1056878566741943
EMB_prokbert_C11	tjupan_bacillus_subtilis_main_79d6d17268b5d0ce	dbtbs_bsub_core_94e9d8c40cf791b3	discovery	45	51	46	51	-12.5	+	TCCCGT	2.111647605895996
EMB_prokbert_C11	tjupan_bacillus_subtilis_main_6e989f822c0894af	dbtbs_bsub_core_bb5ca17cb9317fea	discovery	3	9	4	9	-54.5	+	TCCAGT	2.1125149726867676
EMB_prokbert_C11	tjupan_bacillus_subtilis_main_4f4c3d5d96d18695	tjupan_bacillus_subtilis_main_4f4c3d5d96d18695	discovery	32	38	33	38	-25.5	+	AAATCC	2.118903160095215
EMB_prokbert_C11	tjupan_bacillus_subtilis_main_993a308bb6e190e1	dbtbs_bsub_core_993a308bb6e190e1	discovery	34	40	35	40	-23.5	+	CCCATG	2.120358943939209
EMB_prokbert_C11	tjupan_bacillus_subtilis_main_ac1a0a0a579397f6	tjupan_bacillus_subtilis_main_ac1a0a0a579397f6	discovery	38	44	39	44	-19.5	+	CCCACG	2.128943681716919
EMB_prokbert_C11	tjupan_bacillus_subtilis_main_9ab6c96db0706f0e	dbtbs_bsub_core_c190339743385950	discovery	60	66	61	66	2.5	+	ACCTTC	2.151608467102051
EMB_prokbert_C11	tjupan_bacillus_subtilis_main_8b925a3983e97ebd	dbtbs_bsub_core_0346364171f10446	discovery	37	43	38	43	-20.5	+	CAACCT	2.1584556102752686
EMB_prokbert_C11	tjupan_bacillus_subtilis_main_0d390d7bf47f6ae0	tjupan_bacillus_subtilis_main_0d390d7bf47f6ae0	discovery	62	68	63	68	4.5	+	ACCCTT	2.1617231369018555
EMB_prokbert_C11	tjupan_bacillus_subtilis_main_487ce40a67c6d939	tjupan_bacillus_subtilis_main_487ce40a67c6d939	discovery	7	13	8	13	-50.5	+	TCCAAG	2.1639177799224854
EMB_prokbert_C11	tjupan_bacillus_subtilis_main_754ac4e873f6c24d	tjupan_bacillus_subtilis_main_754ac4e873f6c24d	discovery	72	78	73	78	14.5	+	TGCCCA	2.1641926765441895
EMB_prokbert_C11	tjupan_bacillus_subtilis_main_632ff1f5d92b347a	tjupan_bacillus_subtilis_main_632ff1f5d92b347a	discovery	65	71	66	71	7.5	+	GTGCCC	2.1655611991882324
EMB_prokbert_C11	tjupan_bacillus_subtilis_main_636c41b820e9fd5d	tjupan_bacillus_subtilis_main_636c41b820e9fd5d	discovery	3	9	4	9	-54.5	+	GTCCCA	2.182502031326294
EMB_prokbert_C11	tjupan_bacillus_subtilis_main_1dc2eb4818f9715a	dbtbs_bsub_core_1dc2eb4818f9715a	discovery	10	16	11	16	-47.5	+	CCCTGT	2.1919944286346436
EMB_prokbert_C11	tjupan_bacillus_subtilis_main_3e1210c1f898bc48	dbtbs_bsub_core_42eaa371353368b2	discovery	41	47	42	47	-16.5	+	ATCACC	2.2132914066314697
EMB_prokbert_C11	tjupan_bacillus_subtilis_main_6fc8019646ae0ec6	dbtbs_bsub_core_0346364171f10446	discovery	33	39	34	39	-24.5	+	CAACCT	2.222743034362793
EMB_prokbert_C11	tjupan_bacillus_subtilis_main_8559682da7e0b4ef	dbtbs_bsub_core_8559682da7e0b4ef	discovery	60	66	61	66	2.5	+	GTCCAA	2.236921548843384
EMB_prokbert_C11	tjupan_bacillus_subtilis_main_ca7144caa797f7bc	dbtbs_bsub_core_ca7144caa797f7bc	discovery	2	8	3	8	-55.5	+	GACCAC	2.237579822540283
EMB_prokbert_C11	tjupan_bacillus_subtilis_main_ba2dc8596ef2486c	dbtbs_bsub_core_ba2dc8596ef2486c	discovery	15	21	16	21	-42.5	+	GCCCAG	2.2673115730285645
EMB_prokbert_C11	tjupan_bacillus_subtilis_main_fae71e59d553e455	dbtbs_bsub_core_fae71e59d553e455	discovery	41	47	42	47	-16.5	+	TAACCA	2.27140736579895
EMB_prokbert_C11	tjupan_bacillus_subtilis_main_666dd7e391a36890	dbtbs_bsub_core_666dd7e391a36890	discovery	26	32	27	32	-31.5	+	CCATTT	2.2748353481292725
EMB_prokbert_C11	tjupan_bacillus_subtilis_main_09dd4c8ba7bc09c6	dbtbs_bsub_core_09dd4c8ba7bc09c6	discovery	0	6	1	6	-57.5	+	CCATCC	2.276718854904175
EMB_prokbert_C11	tjupan_bacillus_subtilis_main_7bd42a66d387ec94	dbtbs_bsub_core_5cf240f92a00f0e3	discovery	7	13	8	13	-50.5	+	GCCCGT	2.2823386192321777
EMB_prokbert_C11	tjupan_bacillus_subtilis_main_8e4b7e6c519e170f	tjupan_bacillus_subtilis_main_8e4b7e6c519e170f	discovery	1	7	2	7	-56.5	+	CGAACC	2.3042519092559814
EMB_prokbert_C11	tjupan_bacillus_subtilis_main_8f5a33e062052e2d	tjupan_bacillus_subtilis_main_8f5a33e062052e2d	discovery	3	9	4	9	-54.5	+	CCCAGT	2.3064959049224854
EMB_prokbert_C11	tjupan_bacillus_subtilis_main_8a4a22c637647f42	dbtbs_bsub_core_8a4a22c637647f42	discovery	30	36	31	36	-27.5	+	TTACCC	2.309143304824829
EMB_prokbert_C11	tjupan_bacillus_subtilis_main_ba49f50d8b0af1c7	dbtbs_bsub_core_8a4a22c637647f42	discovery	31	37	32	37	-26.5	+	TTACCC	2.322223663330078
EMB_prokbert_C11	tjupan_bacillus_subtilis_main_1b0cfe46f303d3fa	dbtbs_bsub_core_56695775e253190c	discovery	35	41	36	41	-22.5	+	TTCCCC	2.324031114578247
EMB_prokbert_C11	tjupan_bacillus_subtilis_main_73a7b40a4dc814aa	dbtbs_bsub_core_bdba293c4926b88d	discovery	10	16	11	16	-47.5	+	CCAGGT	2.363234758377075
EMB_prokbert_C11	tjupan_bacillus_subtilis_main_6901d7d50287d8c1	dbtbs_bsub_core_6901d7d50287d8c1	discovery	48	54	49	54	-9.5	+	ATACCC	2.396132707595825
EMB_prokbert_C11	tjupan_bacillus_subtilis_main_619ca6b1749e92aa	tjupan_bacillus_subtilis_main_619ca6b1749e92aa	discovery	34	40	35	40	-23.5	+	CGGCCA	2.399460554122925
EMB_prokbert_C11	tjupan_bacillus_subtilis_main_ba9efec60bbd4a6b	tjupan_bacillus_subtilis_main_ba9efec60bbd4a6b	discovery	37	43	38	43	-20.5	+	TCAGCC	2.4011478424072266
EMB_prokbert_C11	tjupan_bacillus_subtilis_main_a1b8ecb6878276b4	dbtbs_bsub_core_a1b8ecb6878276b4	discovery	17	23	18	23	-40.5	+	TAAAAC	2.4356892108917236
EMB_prokbert_C11	tjupan_bacillus_subtilis_main_cf3def291394eeb9	tjupan_bacillus_subtilis_main_cf3def291394eeb9	discovery	0	6	1	6	-57.5	+	TCACCA	2.446431875228882
EMB_prokbert_C11	tjupan_bacillus_subtilis_main_4d08fa1f606ad269	tjupan_bacillus_subtilis_main_4d08fa1f606ad269	discovery	0	6	1	6	-57.5	+	TCCCAT	2.487959623336792
EMB_prokbert_C11	tjupan_bacillus_subtilis_main_2c8e4076a462c87c	dbtbs_bsub_core_2c8e4076a462c87c	discovery	75	81	76	81	17.5	+	GTCCTG	2.4998788833618164
EMB_prokbert_C11	tjupan_bacillus_subtilis_main_6fcd42bdf8073a65	dbtbs_bsub_core_6fcd42bdf8073a65	discovery	7	13	8	13	-50.5	+	TGCCTC	2.560610055923462
EMB_prokbert_C11	tjupan_bacillus_subtilis_main_bc41d7d0760497f9	dbtbs_bsub_core_bc41d7d0760497f9	discovery	73	79	74	79	15.5	+	GACTCC	2.584503412246704
EMB_prokbert_C11	tjupan_bacillus_subtilis_main_db7eebd0b9425a4f	dbtbs_bsub_core_db7eebd0b9425a4f	discovery	5	11	6	11	-52.5	+	AACCTT	2.6255784034729004
EMB_prokbert_C11	tjupan_bacillus_subtilis_main_c3431646de80d63f	tjupan_bacillus_subtilis_main_c3431646de80d63f	discovery	57	63	58	63	-0.5	+	CTCACA	2.699535369873047
EMB_prokbert_C11	tjupan_bacillus_subtilis_main_62eb1c4377c084e1	dbtbs_bsub_core_413a4bed9f6cfeea	discovery	7	13	8	13	-50.5	+	GTATTC	2.725329637527466
EMB_prokbert_C11	tjupan_bacillus_subtilis_main_61c707ac72aeda97	tjupan_bacillus_subtilis_main_61c707ac72aeda97	discovery	0	6	1	6	-57.5	+	ACGGCC	2.7378318309783936
EMB_prokbert_C11	tjupan_bacillus_subtilis_main_5957e34dfa6ab85c	tjupan_bacillus_subtilis_main_5957e34dfa6ab85c	discovery	2	8	3	8	-55.5	+	CCCCTG	3.033642292022705
EMB_prokbert_C11	tjupan_bacillus_subtilis_main_3eb701a469cb4095	tjupan_bacillus_subtilis_main_3eb701a469cb4095	discovery	1	7	2	7	-56.5	+	CACACT	3.1778111457824707
EMB_prokbert_C11	tjupan_bacillus_subtilis_main_f3b59cc74d659ebc	dbtbs_bsub_core_866d6e8af07c9412	discovery	0	6	1	6	-57.5	+	TGGCGC	3.5301895141601562
EMB_prokbert_C12	tjupan_bacillus_subtilis_main_f3423ecbff5b6537	dbtbs_bsub_core_dc8c32e7cfbca6d1	discovery	18	24	19	24	-39.5	+	TATCAA	1.175413966178894
EMB_prokbert_C12	tjupan_bacillus_subtilis_main_ca7deec2e4330ae4	tjupan_bacillus_subtilis_main_ca7deec2e4330ae4	discovery	61	67	62	67	3.5	+	ATATTC	1.2142359018325806
EMB_prokbert_C12	tjupan_bacillus_subtilis_main_101463e41079a20e	dbtbs_bsub_core_101463e41079a20e	discovery	69	75	70	75	11.5	+	CAATTC	1.2251288890838623
EMB_prokbert_C12	tjupan_bacillus_subtilis_main_d0e455b1c91ba281	dbtbs_bsub_core_f6e924d0656980ad	discovery	34	40	35	40	-23.5	+	CCATCT	1.237034797668457
EMB_prokbert_C12	tjupan_bacillus_subtilis_main_edadeeaf4ff7a848	tjupan_bacillus_subtilis_main_edadeeaf4ff7a848	discovery	16	22	17	22	-41.5	+	TCATAT	1.2739343643188477
EMB_prokbert_C12	tjupan_bacillus_subtilis_main_047e296b8721a352	dbtbs_bsub_core_d618c1525725d045	discovery	62	68	63	68	4.5	+	CATCTA	1.274364709854126
EMB_prokbert_C12	tjupan_bacillus_subtilis_main_e445a9d379a1812a	dbtbs_bsub_core_e445a9d379a1812a	discovery	39	45	40	45	-18.5	+	ATTCAT	1.3039600849151611
EMB_prokbert_C12	tjupan_bacillus_subtilis_main_49e8e3a6681b011d	dbtbs_bsub_core_e14a6f906af1fa54	discovery	71	77	72	77	13.5	+	TCATCT	1.337098240852356
EMB_prokbert_C12	tjupan_bacillus_subtilis_main_ade9dc791ab39f6c	dbtbs_bsub_core_ade9dc791ab39f6c	discovery	19	25	20	25	-38.5	+	AGATTC	1.337872862815857
EMB_prokbert_C12	tjupan_bacillus_subtilis_main_9f03f134e6b67be2	tjupan_bacillus_subtilis_main_9f03f134e6b67be2	discovery	59	65	60	65	1.5	+	ATTCAT	1.3424686193466187
EMB_prokbert_C12	tjupan_bacillus_subtilis_main_1db11a6d86ff5865	tjupan_bacillus_subtilis_main_1db11a6d86ff5865	discovery	34	40	35	40	-23.5	+	TTCAAT	1.3456759452819824
EMB_prokbert_C12	tjupan_bacillus_subtilis_main_1dc2eb4818f9715a	dbtbs_bsub_core_1dc2eb4818f9715a	discovery	28	34	29	34	-29.5	+	ATCATT	1.3466265201568604
EMB_prokbert_C12	tjupan_bacillus_subtilis_main_7bc9aa9d4ad371af	dbtbs_bsub_core_7bc9aa9d4ad371af	discovery	13	19	14	19	-44.5	+	TCATAT	1.3531078100204468
EMB_prokbert_C12	tjupan_bacillus_subtilis_main_b5cc4aad42c9a683	dbtbs_bsub_core_b5cc4aad42c9a683	discovery	40	46	41	46	-17.5	+	CCATCT	1.3579745292663574
EMB_prokbert_C12	tjupan_bacillus_subtilis_main_e2b483c6aef274e0	dbtbs_bsub_core_175bcd2ea2263ee4	discovery	8	14	9	14	-49.5	+	TAATTC	1.3584538698196411
EMB_prokbert_C12	tjupan_bacillus_subtilis_main_c758d11e26aac641	tjupan_bacillus_subtilis_main_c758d11e26aac641	discovery	53	59	54	59	-4.5	+	ATCCAT	1.3713510036468506
EMB_prokbert_C12	tjupan_bacillus_subtilis_main_c9a32e1db5125d7c	dbtbs_bsub_core_c9a32e1db5125d7c	discovery	71	77	72	77	13.5	+	GTCATT	1.3757646083831787
EMB_prokbert_C12	tjupan_bacillus_subtilis_main_9ab6c96db0706f0e	dbtbs_bsub_core_c190339743385950	discovery	32	38	33	38	-25.5	+	CATCAA	1.3760006427764893
EMB_prokbert_C12	tjupan_bacillus_subtilis_main_3ac22b11e92c0ec1	tjupan_bacillus_subtilis_main_3ac22b11e92c0ec1	discovery	73	79	74	79	15.5	+	TTCATA	1.381335735321045
EMB_prokbert_C12	tjupan_bacillus_subtilis_main_9d5c52bb0fa0ffad	dbtbs_bsub_core_9d5c52bb0fa0ffad	discovery	43	49	44	49	-14.5	+	CAATTA	1.3830522298812866
EMB_prokbert_C12	tjupan_bacillus_subtilis_main_d03161002d7a6f34	dbtbs_bsub_core_11066f3e95c7986c	discovery	25	31	26	31	-32.5	+	CTCAAT	1.393341302871704
EMB_prokbert_C12	tjupan_bacillus_subtilis_main_4a76c51266c80a0f	dbtbs_bsub_core_b905bf06b88d4e46	discovery	51	57	52	57	-6.5	+	ATTTCA	1.3952875137329102
EMB_prokbert_C12	tjupan_bacillus_subtilis_main_ab3313558a015086	dbtbs_bsub_core_ab3313558a015086	discovery	72	78	73	78	14.5	+	CATTCA	1.3998692035675049
EMB_prokbert_C12	tjupan_bacillus_subtilis_main_d9cd9789d0fb01a3	dbtbs_bsub_core_c190339743385950	discovery	38	44	39	44	-19.5	+	CATCAA	1.4008252620697021
EMB_prokbert_C12	tjupan_bacillus_subtilis_main_8e9af30cd29c08ec	dbtbs_bsub_core_ab5345ed831420ec	discovery	55	61	56	61	-2.5	+	CAATTA	1.4055440425872803
EMB_prokbert_C12	tjupan_bacillus_subtilis_main_e47a55cd702f35e7	dbtbs_bsub_core_175bcd2ea2263ee4	discovery	4	10	5	10	-53.5	+	TAATTC	1.4077081680297852
EMB_prokbert_C12	tjupan_bacillus_subtilis_main_0f3eb3e9a9977e6d	tjupan_bacillus_subtilis_main_0f3eb3e9a9977e6d	discovery	14	20	15	20	-43.5	+	CTTATG	1.4136408567428589
EMB_prokbert_C12	tjupan_bacillus_subtilis_main_5b5f9b9ad371b1b0	tjupan_bacillus_subtilis_main_5b5f9b9ad371b1b0	discovery	27	33	28	33	-30.5	+	TCAATT	1.4193187952041626
EMB_prokbert_C12	tjupan_bacillus_subtilis_main_4059ca0cce5522a4	tjupan_bacillus_subtilis_main_4059ca0cce5522a4	discovery	19	25	20	25	-38.5	+	TATCAC	1.42062509059906
EMB_prokbert_C12	tjupan_bacillus_subtilis_main_b47674f2cd66e067	tjupan_bacillus_subtilis_main_b47674f2cd66e067	discovery	60	66	61	66	2.5	+	ATCTAA	1.4208779335021973
EMB_prokbert_C12	tjupan_bacillus_subtilis_main_70da326395794983	tjupan_bacillus_subtilis_main_70da326395794983	discovery	43	49	44	49	-14.5	+	CATTCG	1.4213839769363403
EMB_prokbert_C12	tjupan_bacillus_subtilis_main_980ab95cde029f78	tjupan_bacillus_subtilis_main_980ab95cde029f78	discovery	19	25	20	25	-38.5	+	ACTCAT	1.4283512830734253
EMB_prokbert_C12	tjupan_bacillus_subtilis_main_5f8b6936b2e52932	tjupan_bacillus_subtilis_main_5f8b6936b2e52932	discovery	50	56	51	56	-7.5	+	AATCAT	1.4287861585617065
EMB_prokbert_C12	tjupan_bacillus_subtilis_main_57cb99253c19d2b6	tjupan_bacillus_subtilis_main_57cb99253c19d2b6	discovery	47	53	48	53	-10.5	+	CATATC	1.4292018413543701
EMB_prokbert_C12	tjupan_bacillus_subtilis_main_5e8ac4f4506ef781	dbtbs_bsub_core_cdccc2e2972286a4	discovery	20	26	21	26	-37.5	+	ATCATT	1.429307460784912
EMB_prokbert_C12	tjupan_bacillus_subtilis_main_8837dc4443db7de3	tjupan_bacillus_subtilis_main_8837dc4443db7de3	discovery	50	56	51	56	-7.5	+	TCATTC	1.4312516450881958
EMB_prokbert_C12	tjupan_bacillus_subtilis_main_74de924b5fe0230a	dbtbs_bsub_core_74de924b5fe0230a	discovery	52	58	53	58	-5.5	+	CAATCT	1.4333513975143433
EMB_prokbert_C12	tjupan_bacillus_subtilis_main_61d216a2a24189d0	dbtbs_bsub_core_61d216a2a24189d0	discovery	6	12	7	12	-51.5	+	TATCAA	1.4353257417678833
EMB_prokbert_C12	tjupan_bacillus_subtilis_main_56fbf5e1ebfb46d1	dbtbs_bsub_core_56fbf5e1ebfb46d1	discovery	5	11	6	11	-52.5	+	TATTTC	1.438201904296875
EMB_prokbert_C12	tjupan_bacillus_subtilis_main_bc41d7d0760497f9	dbtbs_bsub_core_bc41d7d0760497f9	discovery	50	56	51	56	-7.5	+	AATTCA	1.4386532306671143
EMB_prokbert_C12	tjupan_bacillus_subtilis_main_43596a46e3e4ddaa	tjupan_bacillus_subtilis_main_43596a46e3e4ddaa	discovery	28	34	29	34	-29.5	+	TCTCAA	1.4516832828521729
EMB_prokbert_C12	tjupan_bacillus_subtilis_main_487ce40a67c6d939	tjupan_bacillus_subtilis_main_487ce40a67c6d939	discovery	56	62	57	62	-1.5	+	TTCATA	1.4525678157806396
EMB_prokbert_C12	tjupan_bacillus_subtilis_main_359df7c8e20abe4e	tjupan_bacillus_subtilis_main_359df7c8e20abe4e	discovery	29	35	30	35	-28.5	+	TCATAC	1.4648507833480835
EMB_prokbert_C12	tjupan_bacillus_subtilis_main_09deb32688bf8365	tjupan_bacillus_subtilis_main_09deb32688bf8365	discovery	14	20	15	20	-43.5	+	ATTCCA	1.4681199789047241
EMB_prokbert_C12	tjupan_bacillus_subtilis_main_2be0a0a038238614	tjupan_bacillus_subtilis_main_2be0a0a038238614	discovery	50	56	51	56	-7.5	+	TCCTTG	1.4781837463378906
EMB_prokbert_C12	tjupan_bacillus_subtilis_main_51e2f43063a3baab	tjupan_bacillus_subtilis_main_51e2f43063a3baab	discovery	72	78	73	78	14.5	+	CTATCA	1.4875047206878662
EMB_prokbert_C12	tjupan_bacillus_subtilis_main_50224837ca8eceb5	dbtbs_bsub_core_50224837ca8eceb5	discovery	36	42	37	42	-21.5	+	TGATCA	1.4921504259109497
EMB_prokbert_C12	tjupan_bacillus_subtilis_main_d24ab9ea2522f43e	dbtbs_bsub_core_e391b9fe5a0b653f	discovery	28	34	29	34	-29.5	+	ATATTC	1.49508798122406
EMB_prokbert_C12	tjupan_bacillus_subtilis_main_2a051d7d075d7920	tjupan_bacillus_subtilis_main_2a051d7d075d7920	discovery	68	74	69	74	10.5	+	TTCTTA	1.495235800743103
EMB_prokbert_C12	tjupan_bacillus_subtilis_main_66bdec0f6e49230b	dbtbs_bsub_core_66bdec0f6e49230b	discovery	31	37	32	37	-26.5	+	TATCAT	1.5062508583068848
EMB_prokbert_C12	tjupan_bacillus_subtilis_main_0f74e2398b4ac2a6	dbtbs_bsub_core_e5f400f6f8de25f5	discovery	8	14	9	14	-49.5	+	TTCATA	1.5079039335250854
EMB_prokbert_C12	tjupan_bacillus_subtilis_main_cf3def291394eeb9	tjupan_bacillus_subtilis_main_cf3def291394eeb9	discovery	24	30	25	30	-33.5	+	TATTCA	1.5135517120361328
EMB_prokbert_C12	tjupan_bacillus_subtilis_main_b7c0eae7293a1bfc	dbtbs_bsub_core_0bfdb592513badc4	discovery	70	76	71	76	12.5	+	TATCAG	1.5136996507644653
EMB_prokbert_C12	tjupan_bacillus_subtilis_main_0b7b75ba67f19880	dbtbs_bsub_core_0b7b75ba67f19880	discovery	26	32	27	32	-31.5	+	TCATAA	1.5147143602371216
EMB_prokbert_C12	tjupan_bacillus_subtilis_main_5a860caea8fc814c	tjupan_bacillus_subtilis_main_5a860caea8fc814c	discovery	36	42	37	42	-21.5	+	AATTCA	1.5150706768035889
EMB_prokbert_C12	tjupan_bacillus_subtilis_main_7cd769ed0580d73e	tjupan_bacillus_subtilis_main_7cd769ed0580d73e	discovery	45	51	46	51	-12.5	+	TGATCA	1.5241197347640991
EMB_prokbert_C12	tjupan_bacillus_subtilis_main_eaa75817f87b3088	dbtbs_bsub_core_71c43b52121900cc	discovery	39	45	40	45	-18.5	+	TTCATT	1.5347862243652344
EMB_prokbert_C12	tjupan_bacillus_subtilis_main_a26ee3e07cf1eedf	dbtbs_bsub_core_a26ee3e07cf1eedf	discovery	13	19	14	19	-44.5	+	TTCATA	1.5453838109970093
EMB_prokbert_C12	tjupan_bacillus_subtilis_main_7e538c30b860aa5a	tjupan_bacillus_subtilis_main_7e538c30b860aa5a	discovery	10	16	11	16	-47.5	+	TTTCAT	1.545832872390747
EMB_prokbert_C12	tjupan_bacillus_subtilis_main_3ec4c8abee3f7a8e	dbtbs_bsub_core_c18c3f10dff5c627	discovery	22	28	23	28	-35.5	+	TTCATA	1.5467885732650757
EMB_prokbert_C12	tjupan_bacillus_subtilis_main_59b38cd2f2ea112d	dbtbs_bsub_core_59b38cd2f2ea112d	discovery	26	32	27	32	-31.5	+	ATATTC	1.5580641031265259
EMB_prokbert_C12	tjupan_bacillus_subtilis_main_354da8035d16f701	dbtbs_bsub_core_1ee6e81d7c1d1fa1	discovery	52	58	53	58	-5.5	+	TATCAC	1.5583781003952026
EMB_prokbert_C12	tjupan_bacillus_subtilis_main_3eb701a469cb4095	tjupan_bacillus_subtilis_main_3eb701a469cb4095	discovery	18	24	19	24	-39.5	+	TTCAAT	1.5584752559661865
EMB_prokbert_C12	tjupan_bacillus_subtilis_main_79d6d17268b5d0ce	dbtbs_bsub_core_94e9d8c40cf791b3	discovery	64	70	65	70	6.5	+	TATTCT	1.5617903470993042
EMB_prokbert_C12	tjupan_bacillus_subtilis_main_9d589577eb1cbe67	tjupan_bacillus_subtilis_main_9d589577eb1cbe67	discovery	55	61	56	61	-2.5	+	ATTTCA	1.5620698928833008
EMB_prokbert_C12	tjupan_bacillus_subtilis_main_c2d54a415a7d048a	dbtbs_bsub_core_c2d54a415a7d048a	discovery	21	27	22	27	-36.5	+	TCTATT	1.5638010501861572
EMB_prokbert_C12	tjupan_bacillus_subtilis_main_632ff1f5d92b347a	tjupan_bacillus_subtilis_main_632ff1f5d92b347a	discovery	12	18	13	18	-45.5	+	CATATG	1.5673182010650635
EMB_prokbert_C12	tjupan_bacillus_subtilis_main_c180878a6f782e9f	dbtbs_bsub_core_c180878a6f782e9f	discovery	40	46	41	46	-17.5	+	TTCATG	1.5719348192214966
EMB_prokbert_C12	tjupan_bacillus_subtilis_main_55935e0c215d1239	dbtbs_bsub_core_bd96a60828361996	discovery	55	61	56	61	-2.5	+	CAATTA	1.5759450197219849
EMB_prokbert_C12	tjupan_bacillus_subtilis_main_3adf706b5413c6ce	tjupan_bacillus_subtilis_main_3adf706b5413c6ce	discovery	23	29	24	29	-34.5	+	GTATCT	1.5812771320343018
EMB_prokbert_C12	tjupan_bacillus_subtilis_main_24675587b92cc4c7	tjupan_bacillus_subtilis_main_24675587b92cc4c7	discovery	21	27	22	27	-36.5	+	GTTCAT	1.5820175409317017
EMB_prokbert_C12	tjupan_bacillus_subtilis_main_834e21e1951468f3	tjupan_bacillus_subtilis_main_834e21e1951468f3	discovery	38	44	39	44	-19.5	+	TCATAT	1.5885231494903564
EMB_prokbert_C12	tjupan_bacillus_subtilis_main_eb11019c71a3a745	tjupan_bacillus_subtilis_main_eb11019c71a3a745	discovery	32	38	33	38	-25.5	+	TCATTA	1.5899895429611206
EMB_prokbert_C12	tjupan_bacillus_subtilis_main_4915fc510c1f847f	tjupan_bacillus_subtilis_main_4915fc510c1f847f	discovery	42	48	43	48	-15.5	+	TATCAT	1.597434163093567
EMB_prokbert_C12	tjupan_bacillus_subtilis_main_3741d9dc6611d95f	tjupan_bacillus_subtilis_main_3741d9dc6611d95f	discovery	32	38	33	38	-25.5	+	TTCATA	1.6134287118911743
EMB_prokbert_C12	tjupan_bacillus_subtilis_main_c9bc5ed233eba13a	tjupan_bacillus_subtilis_main_c9bc5ed233eba13a	discovery	10	16	11	16	-47.5	+	ATTATT	1.6165257692337036
EMB_prokbert_C12	tjupan_bacillus_subtilis_main_36eed70446e6810b	dbtbs_bsub_core_36eed70446e6810b	discovery	37	43	38	43	-20.5	+	TATTCA	1.6180318593978882
EMB_prokbert_C12	tjupan_bacillus_subtilis_main_d9679a25a18d6da1	tjupan_bacillus_subtilis_main_c9bc5ed233eba13a	discovery	4	10	5	10	-53.5	+	TTATTT	1.619187831878662
EMB_prokbert_C12	tjupan_bacillus_subtilis_main_f452c4bef1ed8b92	dbtbs_bsub_core_f452c4bef1ed8b92	discovery	37	43	38	43	-20.5	+	TTCATT	1.6197855472564697
EMB_prokbert_C12	tjupan_bacillus_subtilis_main_49d5f09ecdaa68d2	dbtbs_bsub_core_2fc6766ca8c365d3	discovery	38	44	39	44	-19.5	+	CATTCA	1.623488426208496
EMB_prokbert_C12	tjupan_bacillus_subtilis_main_4b32f81551985923	tjupan_bacillus_subtilis_main_4b32f81551985923	discovery	69	75	70	75	11.5	+	TTCATT	1.6261248588562012
EMB_prokbert_C12	tjupan_bacillus_subtilis_main_1dc6ad16ab0331f8	tjupan_bacillus_subtilis_main_1dc6ad16ab0331f8	discovery	66	72	67	72	8.5	+	ATCAAT	1.6287742853164673
EMB_prokbert_C12	tjupan_bacillus_subtilis_main_8797dcd405b13c8e	tjupan_bacillus_subtilis_main_8797dcd405b13c8e	discovery	29	35	30	35	-28.5	+	GTCAAT	1.6302707195281982
EMB_prokbert_C12	tjupan_bacillus_subtilis_main_024ba149e95dcf1a	tjupan_bacillus_subtilis_main_024ba149e95dcf1a	discovery	16	22	17	22	-41.5	+	AATTCT	1.6303337812423706
EMB_prokbert_C12	tjupan_bacillus_subtilis_main_0a0035c3a0685aa9	dbtbs_bsub_core_d50ffa4df9b8add7	discovery	53	59	54	59	-4.5	+	TGATTC	1.6320850849151611
EMB_prokbert_C12	tjupan_bacillus_subtilis_main_712069959cf7e3b2	dbtbs_bsub_core_be0e53c334974f0a	discovery	9	15	10	15	-48.5	+	CTATGA	1.634663701057434
EMB_prokbert_C12	tjupan_bacillus_subtilis_main_4648c22f43ae6952	tjupan_bacillus_subtilis_main_4648c22f43ae6952	discovery	33	39	34	39	-24.5	+	GCTCAT	1.6427072286605835
EMB_prokbert_C12	tjupan_bacillus_subtilis_main_25308dd77914b9d9	dbtbs_bsub_core_1dc2eb4818f9715a	discovery	32	38	33	38	-25.5	+	CATCAT	1.643897533416748
EMB_prokbert_C12	tjupan_bacillus_subtilis_main_ba9efec60bbd4a6b	tjupan_bacillus_subtilis_main_ba9efec60bbd4a6b	discovery	32	38	33	38	-25.5	+	CATATT	1.6460784673690796
EMB_prokbert_C12	tjupan_bacillus_subtilis_main_e9623f8193af34e0	dbtbs_bsub_core_e9623f8193af34e0	discovery	54	60	55	60	-3.5	+	GTTCAT	1.64725661277771
EMB_prokbert_C12	tjupan_bacillus_subtilis_main_7c03938b389dc368	dbtbs_bsub_core_39e8d21f598046d9	discovery	67	73	68	73	9.5	+	ATTCTG	1.6487772464752197
EMB_prokbert_C12	tjupan_bacillus_subtilis_main_94d81586c680a254	tjupan_bacillus_subtilis_main_94d81586c680a254	discovery	64	70	65	70	6.5	+	TCATTT	1.649755597114563
EMB_prokbert_C12	tjupan_bacillus_subtilis_main_691e7ded333dd616	dbtbs_bsub_core_691e7ded333dd616	discovery	39	45	40	45	-18.5	+	ATTCTA	1.6498981714248657
EMB_prokbert_C12	tjupan_bacillus_subtilis_main_45683747106d08bd	tjupan_bacillus_subtilis_main_45683747106d08bd	discovery	32	38	33	38	-25.5	+	TATGTT	1.6529334783554077
EMB_prokbert_C12	tjupan_bacillus_subtilis_main_cd161e304d76229d	dbtbs_bsub_core_6d139485f356aaca	discovery	19	25	20	25	-38.5	+	AATTCA	1.6539582014083862
EMB_prokbert_C12	tjupan_bacillus_subtilis_main_4e48cd3162b15e74	tjupan_bacillus_subtilis_main_4e48cd3162b15e74	discovery	54	60	55	60	-3.5	+	TGATTC	1.6550837755203247
EMB_prokbert_C12	tjupan_bacillus_subtilis_main_8fa35d24a76b6d72	tjupan_bacillus_subtilis_main_8fa35d24a76b6d72	discovery	23	29	24	29	-34.5	+	TTCATA	1.6579201221466064
EMB_prokbert_C12	tjupan_bacillus_subtilis_main_e2f816d3420810f5	dbtbs_bsub_core_8f473f826c608a81	discovery	60	66	61	66	2.5	+	ATTATC	1.6625025272369385
EMB_prokbert_C12	tjupan_bacillus_subtilis_main_3e1210c1f898bc48	dbtbs_bsub_core_42eaa371353368b2	discovery	10	16	11	16	-47.5	+	ATCCTT	1.6698048114776611
EMB_prokbert_C12	tjupan_bacillus_subtilis_main_b11aff47b9c426f3	dbtbs_bsub_core_b11aff47b9c426f3	discovery	15	21	16	21	-42.5	+	AATCAT	1.6712485551834106
EMB_prokbert_C12	tjupan_bacillus_subtilis_main_71eaf5cbf249113b	dbtbs_bsub_core_71eaf5cbf249113b	discovery	26	32	27	32	-31.5	+	CATCTT	1.6720296144485474
EMB_prokbert_C12	tjupan_bacillus_subtilis_main_eb51fed06d2e921e	dbtbs_bsub_core_3613f20526b705b5	discovery	36	42	37	42	-21.5	+	CATCTT	1.6736512184143066
EMB_prokbert_C12	tjupan_bacillus_subtilis_main_a0eee3dddaf07ac3	tjupan_bacillus_subtilis_main_a0eee3dddaf07ac3	discovery	71	77	72	77	13.5	+	GATTCA	1.6749217510223389
EMB_prokbert_C12	tjupan_bacillus_subtilis_main_32548c7fec9dc4f2	dbtbs_bsub_core_32548c7fec9dc4f2	discovery	38	44	39	44	-19.5	+	TCATTA	1.6797431707382202
EMB_prokbert_C12	tjupan_bacillus_subtilis_main_8b776572d2e01c62	dbtbs_bsub_core_6736f212a82e3343	discovery	71	77	72	77	13.5	+	AATCCA	1.6804721355438232
EMB_prokbert_C12	tjupan_bacillus_subtilis_main_8a4a22c637647f42	dbtbs_bsub_core_8a4a22c637647f42	discovery	22	28	23	28	-35.5	+	ATTCAT	1.6834794282913208
EMB_prokbert_C12	tjupan_bacillus_subtilis_main_5ccaab5adb962b3d	dbtbs_bsub_core_483b39fd11d75b28	discovery	41	47	42	47	-16.5	+	TTCATA	1.6861763000488281
EMB_prokbert_C12	tjupan_bacillus_subtilis_main_b7240ec09f994729	dbtbs_bsub_core_6cadf10f2f906812	discovery	5	11	6	11	-52.5	+	TTTCAT	1.6868679523468018
EMB_prokbert_C12	tjupan_bacillus_subtilis_main_ba49f50d8b0af1c7	dbtbs_bsub_core_8a4a22c637647f42	discovery	23	29	24	29	-34.5	+	ATTCAT	1.687130331993103
EMB_prokbert_C12	tjupan_bacillus_subtilis_main_c3fafc97a347852e	tjupan_bacillus_subtilis_main_c3fafc97a347852e	discovery	23	29	24	29	-34.5	+	TTCATA	1.6872000694274902
EMB_prokbert_C12	tjupan_bacillus_subtilis_main_e4ca0c490585b644	tjupan_bacillus_subtilis_main_e4ca0c490585b644	discovery	42	48	43	48	-15.5	+	TTCCTG	1.6966456174850464
EMB_prokbert_C12	tjupan_bacillus_subtilis_main_52fe6822c9d74b50	tjupan_bacillus_subtilis_main_52fe6822c9d74b50	discovery	42	48	43	48	-15.5	+	TGTTCA	1.6967685222625732
EMB_prokbert_C12	tjupan_bacillus_subtilis_main_ad5b6a3a851181b1	dbtbs_bsub_core_ad5b6a3a851181b1	discovery	13	19	14	19	-44.5	+	TATCAA	1.7021938562393188
EMB_prokbert_C12	tjupan_bacillus_subtilis_main_7541f607431b8a27	dbtbs_bsub_core_1f38e2f4287dbc6d	discovery	55	61	56	61	-2.5	+	TAATCA	1.7108550071716309
EMB_prokbert_C12	tjupan_bacillus_subtilis_main_e66d1eb3358cf03d	dbtbs_bsub_core_601150b85493a7a1	discovery	44	50	45	50	-13.5	+	ATTCAT	1.7109442949295044
EMB_prokbert_C12	tjupan_bacillus_subtilis_main_82e1287a21b69715	dbtbs_bsub_core_82e1287a21b69715	discovery	53	59	54	59	-4.5	+	CATCTT	1.7130780220031738
EMB_prokbert_C12	tjupan_bacillus_subtilis_main_f45d38a5e15ccc93	dbtbs_bsub_core_5dbc73ad42aeab56	discovery	21	27	22	27	-36.5	+	TTCATT	1.7173572778701782
EMB_prokbert_C12	tjupan_bacillus_subtilis_main_8559682da7e0b4ef	dbtbs_bsub_core_8559682da7e0b4ef	discovery	20	26	21	26	-37.5	+	ATTGTC	1.7247883081436157
EMB_prokbert_C12	tjupan_bacillus_subtilis_main_dbd8ff77ae99e6b2	dbtbs_bsub_core_dbd8ff77ae99e6b2	discovery	39	45	40	45	-18.5	+	TCTCAT	1.725283145904541
EMB_prokbert_C12	tjupan_bacillus_subtilis_main_48b85a8a5c19ece4	dbtbs_bsub_core_7730e205ee5d9991	discovery	47	53	48	53	-10.5	+	ATATCA	1.7362275123596191
EMB_prokbert_C12	tjupan_bacillus_subtilis_main_14a46634ed7dcff0	tjupan_bacillus_subtilis_main_14a46634ed7dcff0	discovery	66	72	67	72	8.5	+	TATTTC	1.7383681535720825
EMB_prokbert_C12	tjupan_bacillus_subtilis_main_71a2a4c64c087430	tjupan_bacillus_subtilis_main_71a2a4c64c087430	discovery	70	76	71	76	12.5	+	ATTCAA	1.742696762084961
EMB_prokbert_C12	tjupan_bacillus_subtilis_main_4cf64b5587e1d04e	dbtbs_bsub_core_4cf64b5587e1d04e	discovery	71	77	72	77	13.5	+	TAATCA	1.7437474727630615
EMB_prokbert_C12	tjupan_bacillus_subtilis_main_bd4e9486aa695c78	tjupan_bacillus_subtilis_main_bd4e9486aa695c78	discovery	44	50	45	50	-13.5	+	AATTCA	1.7444967031478882
EMB_prokbert_C12	tjupan_bacillus_subtilis_main_db51f0e14ca9b6e9	tjupan_bacillus_subtilis_main_db51f0e14ca9b6e9	discovery	53	59	54	59	-4.5	+	TACATC	1.7480695247650146
EMB_prokbert_C12	tjupan_bacillus_subtilis_main_e4e4a1be67374f28	dbtbs_bsub_core_e4e4a1be67374f28	discovery	3	9	4	9	-54.5	+	CTTATT	1.750430703163147
EMB_prokbert_C12	tjupan_bacillus_subtilis_main_85511e0264f2e3b8	dbtbs_bsub_core_35445cef3104bf74	discovery	19	25	20	25	-38.5	+	AAATTC	1.75619637966156
EMB_prokbert_C12	tjupan_bacillus_subtilis_main_0710c2f2267154d3	dbtbs_bsub_core_0710c2f2267154d3	discovery	16	22	17	22	-41.5	+	TTTGCA	1.7614213228225708
EMB_prokbert_C12	tjupan_bacillus_subtilis_main_6fc8019646ae0ec6	dbtbs_bsub_core_0346364171f10446	discovery	70	76	71	76	12.5	+	ATCATC	1.7647684812545776
EMB_prokbert_C12	tjupan_bacillus_subtilis_main_a9fde0fdd238b261	dbtbs_bsub_core_06588c97cd7288a8	discovery	69	75	70	75	11.5	+	TCAATA	1.7671823501586914
EMB_prokbert_C12	tjupan_bacillus_subtilis_main_5150105a4bdfd4ce	tjupan_bacillus_subtilis_main_5150105a4bdfd4ce	discovery	42	48	43	48	-15.5	+	CTGTCA	1.7672631740570068
EMB_prokbert_C12	tjupan_bacillus_subtilis_main_5e3ef261f40425ef	tjupan_bacillus_subtilis_main_5e3ef261f40425ef	discovery	26	32	27	32	-31.5	+	CTAATT	1.7687890529632568
EMB_prokbert_C12	tjupan_bacillus_subtilis_main_8f9b814f5e8b18ae	dbtbs_bsub_core_8f9b814f5e8b18ae	discovery	17	23	18	23	-40.5	+	CATTTC	1.772261619567871
EMB_prokbert_C12	tjupan_bacillus_subtilis_main_adbf75412ef7d5a0	dbtbs_bsub_core_adbf75412ef7d5a0	discovery	37	43	38	43	-20.5	+	ATTCAA	1.7736389636993408
EMB_prokbert_C12	tjupan_bacillus_subtilis_main_91723abad13f63e4	tjupan_bacillus_subtilis_main_91723abad13f63e4	discovery	57	63	58	63	-0.5	+	ATCAGA	1.7743850946426392
EMB_prokbert_C12	tjupan_bacillus_subtilis_main_20bbba0ce59de449	dbtbs_bsub_core_20bbba0ce59de449	discovery	41	47	42	47	-16.5	+	CCTTGC	1.7772116661071777
EMB_prokbert_C12	tjupan_bacillus_subtilis_main_89a40bf9e0650967	dbtbs_bsub_core_89a40bf9e0650967	discovery	70	76	71	76	12.5	+	CAATCT	1.7788422107696533
EMB_prokbert_C12	tjupan_bacillus_subtilis_main_0fe342e604184137	dbtbs_bsub_core_f039c4e5fee11aa3	discovery	34	40	35	40	-23.5	+	GCATTC	1.7793506383895874
EMB_prokbert_C12	tjupan_bacillus_subtilis_main_e1d5408a78fdd1c5	dbtbs_bsub_core_f8ce2fa963a01405	discovery	18	24	19	24	-39.5	+	TCATTC	1.7860769033432007
EMB_prokbert_C12	tjupan_bacillus_subtilis_main_3c97e9436cb369c2	dbtbs_bsub_core_6dc10c0d490555ae	discovery	22	28	23	28	-35.5	+	TCAATA	1.7884008884429932
EMB_prokbert_C12	tjupan_bacillus_subtilis_main_993a308bb6e190e1	dbtbs_bsub_core_993a308bb6e190e1	discovery	65	71	66	71	7.5	+	TATTTC	1.789067029953003
EMB_prokbert_C12	tjupan_bacillus_subtilis_main_cb2c7c4f94201384	tjupan_bacillus_subtilis_main_cb2c7c4f94201384	discovery	60	66	61	66	2.5	+	ATCTTG	1.792792797088623
EMB_prokbert_C12	tjupan_bacillus_subtilis_main_be36dbaf549189cb	tjupan_bacillus_subtilis_main_be36dbaf549189cb	discovery	32	38	33	38	-25.5	+	CATATC	1.7967842817306519
EMB_prokbert_C12	tjupan_bacillus_subtilis_main_e2d1119cb664dabf	dbtbs_bsub_core_954deecd8ab02ea9	discovery	7	13	8	13	-50.5	+	CATTTC	1.7986682653427124
EMB_prokbert_C12	tjupan_bacillus_subtilis_main_ff3d11f785ddd890	dbtbs_bsub_core_ff3d11f785ddd890	discovery	12	18	13	18	-45.5	+	ATATCA	1.8003668785095215
EMB_prokbert_C12	tjupan_bacillus_subtilis_main_d9da0a0033167763	dbtbs_bsub_core_d9da0a0033167763	discovery	65	71	66	71	7.5	+	TATCAT	1.8064790964126587
EMB_prokbert_C12	tjupan_bacillus_subtilis_main_bf15c71cd5f4b9e0	dbtbs_bsub_core_79aa8a5c0f3b9558	discovery	13	19	14	19	-44.5	+	TTCACA	1.8081696033477783
EMB_prokbert_C12	tjupan_bacillus_subtilis_main_d33162cb12a5a549	tjupan_bacillus_subtilis_main_d33162cb12a5a549	discovery	53	59	54	59	-4.5	+	TTAGAT	1.809739589691162
EMB_prokbert_C12	tjupan_bacillus_subtilis_main_e70fb70b66e1d829	tjupan_bacillus_subtilis_main_e70fb70b66e1d829	discovery	4	10	5	10	-53.5	+	GACAAT	1.8106317520141602
EMB_prokbert_C12	tjupan_bacillus_subtilis_main_2d40490247bb616a	dbtbs_bsub_core_ffa38d6978ad48aa	discovery	44	50	45	50	-13.5	+	GTTCAT	1.8127268552780151
EMB_prokbert_C12	tjupan_bacillus_subtilis_main_64dfe397c07a4656	dbtbs_bsub_core_99013d44fc3df9d1	discovery	4	10	5	10	-53.5	+	CTTCAT	1.812908411026001
EMB_prokbert_C12	tjupan_bacillus_subtilis_main_4fa5d89620e7d8ce	dbtbs_bsub_core_5eb05bc57612da6d	discovery	3	9	4	9	-54.5	+	TCATAT	1.8144590854644775
EMB_prokbert_C12	tjupan_bacillus_subtilis_main_6b5eda10bbc36b27	dbtbs_bsub_core_0d578393adbcde98	discovery	12	18	13	18	-45.5	+	CAACAT	1.8153319358825684
EMB_prokbert_C12	tjupan_bacillus_subtilis_main_238ba8da2c883516	dbtbs_bsub_core_238ba8da2c883516	discovery	41	47	42	47	-16.5	+	TGTTCA	1.8200322389602661
EMB_prokbert_C12	tjupan_bacillus_subtilis_main_a1b8ecb6878276b4	dbtbs_bsub_core_a1b8ecb6878276b4	discovery	49	55	50	55	-8.5	+	AATCAT	1.8210136890411377
EMB_prokbert_C12	tjupan_bacillus_subtilis_main_3ed5570d9bd715ae	dbtbs_bsub_core_0561dd78dc44b145	discovery	3	9	4	9	-54.5	+	CAATCA	1.8323559761047363
EMB_prokbert_C12	tjupan_bacillus_subtilis_main_92b62a9d8d87ace9	dbtbs_bsub_core_92b62a9d8d87ace9	discovery	7	13	8	13	-50.5	+	AATTCC	1.8384636640548706
EMB_prokbert_C12	tjupan_bacillus_subtilis_main_636c41b820e9fd5d	tjupan_bacillus_subtilis_main_636c41b820e9fd5d	discovery	25	31	26	31	-32.5	+	TCAATT	1.846201777458191
EMB_prokbert_C12	tjupan_bacillus_subtilis_main_1732506bbac23b7c	dbtbs_bsub_core_1732506bbac23b7c	discovery	72	78	73	78	14.5	+	TTCCAT	1.849474549293518
EMB_prokbert_C12	tjupan_bacillus_subtilis_main_9d34f9d9e0ee0e26	dbtbs_bsub_core_9d34f9d9e0ee0e26	discovery	72	78	73	78	14.5	+	TCATCA	1.8540210723876953
EMB_prokbert_C12	tjupan_bacillus_subtilis_main_729454a84a667dd8	dbtbs_bsub_core_729454a84a667dd8	discovery	3	9	4	9	-54.5	+	TCATAA	1.8640283346176147
EMB_prokbert_C12	tjupan_bacillus_subtilis_main_c648ac4df22b0f89	dbtbs_bsub_core_c648ac4df22b0f89	discovery	27	33	28	33	-30.5	+	AATCTT	1.865659475326538
EMB_prokbert_C12	tjupan_bacillus_subtilis_main_dc1d0e364ea2d865	tjupan_bacillus_subtilis_main_dc1d0e364ea2d865	discovery	37	43	38	43	-20.5	+	TCATTG	1.8660739660263062
EMB_prokbert_C12	tjupan_bacillus_subtilis_main_3ab41c1b83ba019b	dbtbs_bsub_core_c956a5fd581ed80a	discovery	3	9	4	9	-54.5	+	CATCTT	1.867294192314148
EMB_prokbert_C12	tjupan_bacillus_subtilis_main_ff61268918c0af5d	tjupan_bacillus_subtilis_main_ff61268918c0af5d	discovery	1	7	2	7	-56.5	+	GTATCT	1.8690141439437866
EMB_prokbert_C12	tjupan_bacillus_subtilis_main_a52148b067c7a32f	tjupan_bacillus_subtilis_main_a52148b067c7a32f	discovery	26	32	27	32	-31.5	+	ATAATC	1.8706897497177124
EMB_prokbert_C12	tjupan_bacillus_subtilis_main_282b0a85bf46906b	tjupan_bacillus_subtilis_main_282b0a85bf46906b	discovery	45	51	46	51	-12.5	+	GATTAT	1.875461459159851
EMB_prokbert_C12	tjupan_bacillus_subtilis_main_342a4291e30f5e80	dbtbs_bsub_core_342a4291e30f5e80	discovery	25	31	26	31	-32.5	+	GTTTCA	1.8781088590621948
EMB_prokbert_C12	tjupan_bacillus_subtilis_main_ffb5b3082f8ea0cd	tjupan_bacillus_subtilis_main_ffb5b3082f8ea0cd	discovery	5	11	6	11	-52.5	+	TCTTAT	1.8802382946014404
EMB_prokbert_C12	tjupan_bacillus_subtilis_main_dc21315df009d1aa	dbtbs_bsub_core_4631e0ee0e2e12e5	discovery	14	20	15	20	-43.5	+	CTCATT	1.8854169845581055
EMB_prokbert_C12	tjupan_bacillus_subtilis_main_10eda96ea4199e8c	dbtbs_bsub_core_10eda96ea4199e8c	discovery	62	68	63	68	4.5	+	CTTATC	1.8886542320251465
EMB_prokbert_C12	tjupan_bacillus_subtilis_main_bebf1b31befd9c3c	dbtbs_bsub_core_bebf1b31befd9c3c	discovery	43	49	44	49	-14.5	+	TCAATC	1.8931739330291748
EMB_prokbert_C12	tjupan_bacillus_subtilis_main_61e92334116d4289	dbtbs_bsub_core_946ad3835c6af00d	discovery	14	20	15	20	-43.5	+	ATCATT	1.90084969997406
EMB_prokbert_C12	tjupan_bacillus_subtilis_main_163772f02671a528	tjupan_bacillus_subtilis_main_163772f02671a528	discovery	50	56	51	56	-7.5	+	TAATCT	1.9024683237075806
EMB_prokbert_C12	tjupan_bacillus_subtilis_main_10eb69ed5f79bca3	dbtbs_bsub_core_e365baa66d245063	discovery	66	72	67	72	8.5	+	TTACAT	1.9073678255081177
EMB_prokbert_C12	tjupan_bacillus_subtilis_main_0d315ab142d66dcc	dbtbs_bsub_core_76d28d1be3f9f514	discovery	64	70	65	70	6.5	+	ATATCA	1.919999122619629
EMB_prokbert_C12	tjupan_bacillus_subtilis_main_b7cebcbae1ca8171	dbtbs_bsub_core_342a4291e30f5e80	discovery	59	65	60	65	1.5	+	TATCCT	1.9205455780029297
EMB_prokbert_C12	tjupan_bacillus_subtilis_main_8b925a3983e97ebd	dbtbs_bsub_core_0346364171f10446	discovery	7	13	8	13	-50.5	+	TTATCT	1.9268227815628052
EMB_prokbert_C12	tjupan_bacillus_subtilis_main_a723fdca1013c0b5	dbtbs_bsub_core_a723fdca1013c0b5	discovery	27	33	28	33	-30.5	+	ATAATC	1.9286717176437378
EMB_prokbert_C12	tjupan_bacillus_subtilis_main_a61c0978ae294759	tjupan_bacillus_subtilis_main_a61c0978ae294759	discovery	48	54	49	54	-9.5	+	CTCATA	1.93003511428833
EMB_prokbert_C12	tjupan_bacillus_subtilis_main_6514a11d381455ae	tjupan_bacillus_subtilis_main_6514a11d381455ae	discovery	29	35	30	35	-28.5	+	AAATCC	1.9309790134429932
EMB_prokbert_C12	tjupan_bacillus_subtilis_main_b578e9e0d96d144a	dbtbs_bsub_core_b578e9e0d96d144a	discovery	29	35	30	35	-28.5	+	TAATTC	1.9311460256576538
EMB_prokbert_C12	tjupan_bacillus_subtilis_main_efde358c620c36bd	dbtbs_bsub_core_efde358c620c36bd	discovery	10	16	11	16	-47.5	+	TACATT	1.9314872026443481
EMB_prokbert_C12	tjupan_bacillus_subtilis_main_6406719b10941769	dbtbs_bsub_core_5bcaee6240f23d4b	discovery	41	47	42	47	-16.5	+	ATTCAT	1.9395400285720825
EMB_prokbert_C12	tjupan_bacillus_subtilis_main_0acb3976b9331524	tjupan_bacillus_subtilis_main_0acb3976b9331524	discovery	41	47	42	47	-16.5	+	TCTCAT	1.9453389644622803
EMB_prokbert_C12	tjupan_bacillus_subtilis_main_eb3c3d68906264b7	tjupan_bacillus_subtilis_main_eb3c3d68906264b7	discovery	46	52	47	52	-11.5	+	CATATC	1.948473572731018
EMB_prokbert_C12	tjupan_bacillus_subtilis_main_a31f56ff3ee450d4	dbtbs_bsub_core_1c4407f77cf4bab2	discovery	49	55	50	55	-8.5	+	TAATCT	1.949820637702942
EMB_prokbert_C12	tjupan_bacillus_subtilis_main_54fd4c2966482e2c	dbtbs_bsub_core_ba3becfc7c3e4e17	discovery	26	32	27	32	-31.5	+	AATATT	1.9500120878219604
EMB_prokbert_C12	tjupan_bacillus_subtilis_main_50a7bea74c679f62	tjupan_bacillus_subtilis_main_50a7bea74c679f62	discovery	49	55	50	55	-8.5	+	TCATAG	1.9689226150512695
EMB_prokbert_C12	tjupan_bacillus_subtilis_main_be897b68bd393df0	dbtbs_bsub_core_be897b68bd393df0	discovery	25	31	26	31	-32.5	+	TGATTC	1.9695478677749634
EMB_prokbert_C12	tjupan_bacillus_subtilis_main_7a6037ae36a0870c	tjupan_bacillus_subtilis_main_7a6037ae36a0870c	discovery	39	45	40	45	-18.5	+	TCTATG	1.9747378826141357
EMB_prokbert_C12	tjupan_bacillus_subtilis_main_b0d8a2369952b821	dbtbs_bsub_core_3f773ca1224c0e26	discovery	46	52	47	52	-11.5	+	AATATC	1.9754308462142944
EMB_prokbert_C12	tjupan_bacillus_subtilis_main_26786ec6f94b1750	dbtbs_bsub_core_26786ec6f94b1750	discovery	4	10	5	10	-53.5	+	ATTTCA	1.9755940437316895
EMB_prokbert_C12	tjupan_bacillus_subtilis_main_fc6071b9027316a7	tjupan_bacillus_subtilis_main_fc6071b9027316a7	discovery	33	39	34	39	-24.5	+	TCCCAT	1.976824164390564
EMB_prokbert_C12	tjupan_bacillus_subtilis_main_1478640e036e0224	dbtbs_bsub_core_1478640e036e0224	discovery	71	77	72	77	13.5	+	AGACAT	1.9799517393112183
EMB_prokbert_C12	tjupan_bacillus_subtilis_main_dc65c8922842b20f	tjupan_bacillus_subtilis_main_dc65c8922842b20f	discovery	69	75	70	75	11.5	+	CTCATA	1.9810540676116943
EMB_prokbert_C12	tjupan_bacillus_subtilis_main_7bd42a66d387ec94	dbtbs_bsub_core_5cf240f92a00f0e3	discovery	41	47	42	47	-16.5	+	AAATCA	1.9815369844436646
EMB_prokbert_C12	tjupan_bacillus_subtilis_main_1edc8da3b582b0a5	dbtbs_bsub_core_1edc8da3b582b0a5	discovery	41	47	42	47	-16.5	+	GATCAT	1.9825754165649414
EMB_prokbert_C12	tjupan_bacillus_subtilis_main_c1bd3e378306e57e	tjupan_bacillus_subtilis_main_c1bd3e378306e57e	discovery	63	69	64	69	5.5	+	ACATCA	1.9882886409759521
EMB_prokbert_C12	tjupan_bacillus_subtilis_main_9361e0f82edaa017	tjupan_bacillus_subtilis_main_9361e0f82edaa017	discovery	20	26	21	26	-37.5	+	AATCAG	1.9966752529144287
EMB_prokbert_C12	tjupan_bacillus_subtilis_main_c3431646de80d63f	tjupan_bacillus_subtilis_main_c3431646de80d63f	discovery	49	55	50	55	-8.5	+	ATTCTA	1.9983479976654053
EMB_prokbert_C12	tjupan_bacillus_subtilis_main_91197a052a9adc5b	tjupan_bacillus_subtilis_main_91197a052a9adc5b	discovery	3	9	4	9	-54.5	+	TCATTT	1.9999003410339355
EMB_prokbert_C12	tjupan_bacillus_subtilis_main_cd5426fc6bacf792	dbtbs_bsub_core_cd5426fc6bacf792	discovery	4	10	5	10	-53.5	+	TATTTG	2.0010249614715576
EMB_prokbert_C12	tjupan_bacillus_subtilis_main_0d390d7bf47f6ae0	tjupan_bacillus_subtilis_main_0d390d7bf47f6ae0	discovery	9	15	10	15	-48.5	+	GCTTCA	2.002835512161255
EMB_prokbert_C12	tjupan_bacillus_subtilis_main_8e892e5639ef0ac1	dbtbs_bsub_core_d25c674b3a14df1a	discovery	14	20	15	20	-43.5	+	TTAATC	2.006690502166748
EMB_prokbert_C12	tjupan_bacillus_subtilis_main_bba2e45eb636482b	dbtbs_bsub_core_bba2e45eb636482b	discovery	25	31	26	31	-32.5	+	TCATAT	2.006744146347046
EMB_prokbert_C12	tjupan_bacillus_subtilis_main_f3b59cc74d659ebc	dbtbs_bsub_core_866d6e8af07c9412	discovery	15	21	16	21	-42.5	+	TAACAT	2.016108274459839
EMB_prokbert_C12	tjupan_bacillus_subtilis_main_e8dca4769e2e29bc	dbtbs_bsub_core_b8b8ac7ece3bed55	discovery	15	21	16	21	-42.5	+	CTGTCA	2.0173044204711914
EMB_prokbert_C12	tjupan_bacillus_subtilis_main_02077247d0a8a665	dbtbs_bsub_core_e82d4ff28ccc2c95	discovery	70	76	71	76	12.5	+	TTGATT	2.018021821975708
EMB_prokbert_C12	tjupan_bacillus_subtilis_main_8cdaaf6e0b90f5df	dbtbs_bsub_core_8cdaaf6e0b90f5df	discovery	72	78	73	78	14.5	+	AATCAT	2.0275745391845703
EMB_prokbert_C12	tjupan_bacillus_subtilis_main_857deea4069ff6ab	tjupan_bacillus_subtilis_main_857deea4069ff6ab	discovery	75	81	76	81	17.5	+	ATCAAC	2.0338120460510254
EMB_prokbert_C12	tjupan_bacillus_subtilis_main_05b3d931ff35d8e8	dbtbs_bsub_core_05b3d931ff35d8e8	discovery	55	61	56	61	-2.5	+	TCTATG	2.0353591442108154
EMB_prokbert_C12	tjupan_bacillus_subtilis_main_f0903ae0ab41d118	dbtbs_bsub_core_16fb2108119b7eaf	discovery	20	26	21	26	-37.5	+	TTCATT	2.0376241207122803
EMB_prokbert_C12	tjupan_bacillus_subtilis_main_c204793b69b45448	dbtbs_bsub_core_c204793b69b45448	discovery	5	11	6	11	-52.5	+	CTTCAT	2.0406463146209717
EMB_prokbert_C12	tjupan_bacillus_subtilis_main_8bde36b216b3390f	dbtbs_bsub_core_8bde36b216b3390f	discovery	54	60	55	60	-3.5	+	GTATCC	2.040727376937866
EMB_prokbert_C12	tjupan_bacillus_subtilis_main_2b17d905bac0c3bc	dbtbs_bsub_core_2b17d905bac0c3bc	discovery	37	43	38	43	-20.5	+	TCCATT	2.0455291271209717
EMB_prokbert_C12	tjupan_bacillus_subtilis_main_01ae3d26fad13b71	dbtbs_bsub_core_7a9c3b7d79cfafb8	discovery	10	16	11	16	-47.5	+	AATATT	2.0455551147460938
EMB_prokbert_C12	tjupan_bacillus_subtilis_main_5fc80954df40cf68	dbtbs_bsub_core_44be1bddac760e1c	discovery	37	43	38	43	-20.5	+	TAATCC	2.049520969390869
EMB_prokbert_C12	tjupan_bacillus_subtilis_main_583caee20795a363	dbtbs_bsub_core_eb847cafc60502c2	discovery	26	32	27	32	-31.5	+	GCATTA	2.0575575828552246
EMB_prokbert_C12	tjupan_bacillus_subtilis_main_ade14dd3fdacb032	dbtbs_bsub_core_12585b08a658046e	discovery	4	10	5	10	-53.5	+	TGCCTT	2.0589139461517334
EMB_prokbert_C12	tjupan_bacillus_subtilis_main_18d5be8d5c4f9a22	tjupan_bacillus_subtilis_main_18d5be8d5c4f9a22	discovery	8	14	9	14	-49.5	+	AATTCC	2.0655972957611084
EMB_prokbert_C12	tjupan_bacillus_subtilis_main_fff8e3a328b3cab3	dbtbs_bsub_core_7231d94d9d77331f	discovery	54	60	55	60	-3.5	+	ATTTCT	2.0658822059631348
EMB_prokbert_C12	tjupan_bacillus_subtilis_main_e0774d83207a7dd7	dbtbs_bsub_core_2b17d905bac0c3bc	discovery	38	44	39	44	-19.5	+	TCCATT	2.066505193710327
EMB_prokbert_C12	tjupan_bacillus_subtilis_main_1cd26aa95d9363dc	dbtbs_bsub_core_1cd26aa95d9363dc	discovery	22	28	23	28	-35.5	+	GTATTC	2.0683157444000244
EMB_prokbert_C12	tjupan_bacillus_subtilis_main_118649b56e4ec470	tjupan_bacillus_subtilis_main_118649b56e4ec470	discovery	44	50	45	50	-13.5	+	CCATCA	2.070164680480957
EMB_prokbert_C12	tjupan_bacillus_subtilis_main_0e56c5fe6c5d0db0	dbtbs_bsub_core_cfddcd51a76889fd	discovery	6	12	7	12	-51.5	+	AATTTC	2.072521209716797
EMB_prokbert_C12	tjupan_bacillus_subtilis_main_f9edd67964b41200	dbtbs_bsub_core_f9edd67964b41200	discovery	14	20	15	20	-43.5	+	TGCATA	2.074037551879883
EMB_prokbert_C12	tjupan_bacillus_subtilis_main_917572a2414a52f7	tjupan_bacillus_subtilis_main_917572a2414a52f7	discovery	7	13	8	13	-50.5	+	CATCAA	2.0763678550720215
EMB_prokbert_C12	tjupan_bacillus_subtilis_main_7ac1767347438edd	dbtbs_bsub_core_5c6ce2f66e66fe9e	discovery	33	39	34	39	-24.5	+	ATCATC	2.0915393829345703
EMB_prokbert_C12	tjupan_bacillus_subtilis_main_48f68d49bf53ea3b	dbtbs_bsub_core_a63e45c266a8243f	discovery	17	23	18	23	-40.5	+	CATTTC	2.093475580215454
EMB_prokbert_C12	tjupan_bacillus_subtilis_main_2c9e8a462277f7da	dbtbs_bsub_core_f7573fed016c047b	discovery	11	17	12	17	-46.5	+	TTCATT	2.104588031768799
EMB_prokbert_C12	tjupan_bacillus_subtilis_main_e84ae283b7981830	tjupan_bacillus_subtilis_main_e84ae283b7981830	discovery	3	9	4	9	-54.5	+	TTCATT	2.1065876483917236
EMB_prokbert_C12	tjupan_bacillus_subtilis_main_32a70db45859cbb9	dbtbs_bsub_core_32a70db45859cbb9	discovery	21	27	22	27	-36.5	+	ATGTCT	2.107219696044922
EMB_prokbert_C12	tjupan_bacillus_subtilis_main_a7a45131c45395c8	dbtbs_bsub_core_a7a45131c45395c8	discovery	44	50	45	50	-13.5	+	TTGCAT	2.1158676147460938
EMB_prokbert_C12	tjupan_bacillus_subtilis_main_8b7394af6b78d50f	dbtbs_bsub_core_c890b4346c03f247	discovery	70	76	71	76	12.5	+	ATCATT	2.1167306900024414
EMB_prokbert_C12	tjupan_bacillus_subtilis_main_1c375491ec2245f4	tjupan_bacillus_subtilis_main_1c375491ec2245f4	discovery	4	10	5	10	-53.5	+	TATTCC	2.1201670169830322
EMB_prokbert_C12	tjupan_bacillus_subtilis_main_256978383d162d01	dbtbs_bsub_core_256978383d162d01	discovery	73	79	74	79	15.5	+	AATCTT	2.1227498054504395
EMB_prokbert_C12	tjupan_bacillus_subtilis_main_ba2dc8596ef2486c	dbtbs_bsub_core_ba2dc8596ef2486c	discovery	62	68	63	68	4.5	+	TATCCT	2.129735231399536
EMB_prokbert_C12	tjupan_bacillus_subtilis_main_2e59e247c2d07b0b	tjupan_bacillus_subtilis_main_2e59e247c2d07b0b	discovery	3	9	4	9	-54.5	+	ATGTCA	2.1373069286346436
EMB_prokbert_C12	tjupan_bacillus_subtilis_main_1f2ca280ccaab774	tjupan_bacillus_subtilis_main_1f2ca280ccaab774	discovery	29	35	30	35	-28.5	+	AAATTC	2.1472861766815186
EMB_prokbert_C12	tjupan_bacillus_subtilis_main_35bf7199ae44b70c	dbtbs_bsub_core_35bf7199ae44b70c	discovery	7	13	8	13	-50.5	+	GTCATT	2.1498241424560547
EMB_prokbert_C12	tjupan_bacillus_subtilis_main_52931b7eafd9a9b2	dbtbs_bsub_core_324baeb0b4deda5d	discovery	34	40	35	40	-23.5	+	TCTGAA	2.1561410427093506
EMB_prokbert_C12	tjupan_bacillus_subtilis_main_0a71b8cbf4011c3b	dbtbs_bsub_core_dc5af08cd1bffe94	discovery	3	9	4	9	-54.5	+	TTATCT	2.163839817047119
EMB_prokbert_C12	tjupan_bacillus_subtilis_main_f09c3556dc31a575	dbtbs_bsub_core_f09c3556dc31a575	discovery	73	79	74	79	15.5	+	ACTCAT	2.1657497882843018
EMB_prokbert_C12	tjupan_bacillus_subtilis_main_c12152f72b444aff	tjupan_bacillus_subtilis_main_c12152f72b444aff	discovery	13	19	14	19	-44.5	+	TGTATG	2.1737802028656006
EMB_prokbert_C12	tjupan_bacillus_subtilis_main_b2e461bb3b5d3d88	dbtbs_bsub_core_b2e461bb3b5d3d88	discovery	60	66	61	66	2.5	+	ATATCA	2.1751530170440674
EMB_prokbert_C12	tjupan_bacillus_subtilis_main_f7fb3b6a673b2fe9	dbtbs_bsub_core_4c8b5a3cc4c24c6c	discovery	1	7	2	7	-56.5	+	TCAGAT	2.1786961555480957
EMB_prokbert_C12	tjupan_bacillus_subtilis_main_2a3c695bd1a0b4c9	tjupan_bacillus_subtilis_main_2a3c695bd1a0b4c9	discovery	16	22	17	22	-41.5	+	TGATTA	2.1855080127716064
EMB_prokbert_C12	tjupan_bacillus_subtilis_main_29dff321a99fa8a2	dbtbs_bsub_core_e964a63647aab2c6	discovery	23	29	24	29	-34.5	+	TATTCA	2.198133945465088
EMB_prokbert_C12	tjupan_bacillus_subtilis_main_fae71e59d553e455	dbtbs_bsub_core_fae71e59d553e455	discovery	44	50	45	50	-13.5	+	CCATAT	2.2020912170410156
EMB_prokbert_C12	tjupan_bacillus_subtilis_main_a8b2c052c0cdfcff	tjupan_bacillus_subtilis_main_a8b2c052c0cdfcff	discovery	2	8	3	8	-55.5	+	AATCTT	2.214268922805786
EMB_prokbert_C12	tjupan_bacillus_subtilis_main_6e989f822c0894af	dbtbs_bsub_core_bb5ca17cb9317fea	discovery	1	7	2	7	-56.5	+	AATCCA	2.2157199382781982
EMB_prokbert_C12	tjupan_bacillus_subtilis_main_5e30b1d213eba695	tjupan_bacillus_subtilis_main_5e30b1d213eba695	discovery	9	15	10	15	-48.5	+	TCATCC	2.222249746322632
EMB_prokbert_C12	tjupan_bacillus_subtilis_main_fea876b7208e46e3	dbtbs_bsub_core_fea876b7208e46e3	discovery	1	7	2	7	-56.5	+	CTCAAT	2.2394371032714844
EMB_prokbert_C12	tjupan_bacillus_subtilis_main_2db0b8f33ca38a29	tjupan_bacillus_subtilis_main_2db0b8f33ca38a29	discovery	21	27	22	27	-36.5	+	CTTCGA	2.23966383934021
EMB_prokbert_C12	tjupan_bacillus_subtilis_main_f3e9cc226f1feac3	tjupan_bacillus_subtilis_main_f3e9cc226f1feac3	discovery	6	12	7	12	-51.5	+	TCAGTT	2.258843421936035
EMB_prokbert_C12	tjupan_bacillus_subtilis_main_ec2d75bce4a65abf	dbtbs_bsub_core_e3549a9c12f5ac55	discovery	71	77	72	77	13.5	+	AGTCAT	2.2609732151031494
EMB_prokbert_C12	tjupan_bacillus_subtilis_main_be557af728070615	tjupan_bacillus_subtilis_main_be557af728070615	discovery	1	7	2	7	-56.5	+	TTCAGA	2.262070417404175
EMB_prokbert_C12	tjupan_bacillus_subtilis_main_67a9ae83c973a42d	tjupan_bacillus_subtilis_main_67a9ae83c973a42d	discovery	29	35	30	35	-28.5	+	TATCCA	2.262768030166626
EMB_prokbert_C12	tjupan_bacillus_subtilis_main_b88f3e08d3d51af5	tjupan_bacillus_subtilis_main_b88f3e08d3d51af5	discovery	0	6	1	6	-57.5	+	CATCAT	2.264477252960205
EMB_prokbert_C12	tjupan_bacillus_subtilis_main_09dd4c8ba7bc09c6	dbtbs_bsub_core_09dd4c8ba7bc09c6	discovery	10	16	11	16	-47.5	+	TCCATA	2.2765724658966064
EMB_prokbert_C12	tjupan_bacillus_subtilis_main_a9ae08a54b460299	dbtbs_bsub_core_4c306bb2d4b261c8	discovery	4	10	5	10	-53.5	+	ATCGCT	2.3167319297790527
EMB_prokbert_C12	tjupan_bacillus_subtilis_main_62eb1c4377c084e1	dbtbs_bsub_core_413a4bed9f6cfeea	discovery	5	11	6	11	-52.5	+	TTGTAT	2.323575019836426
EMB_prokbert_C12	tjupan_bacillus_subtilis_main_69a39ef163dd4726	tjupan_bacillus_subtilis_main_69a39ef163dd4726	discovery	45	51	46	51	-12.5	+	CATTTA	2.3340048789978027
EMB_prokbert_C12	tjupan_bacillus_subtilis_main_1a8b81622422b81c	dbtbs_bsub_core_045e4f174337aedd	discovery	71	77	72	77	13.5	+	ATTCTG	2.399282693862915
EMB_prokbert_C12	tjupan_bacillus_subtilis_main_c5aa2a2f04401e51	tjupan_bacillus_subtilis_main_c5aa2a2f04401e51	discovery	4	10	5	10	-53.5	+	ATTCTG	2.4046685695648193
EMB_prokbert_C12	tjupan_bacillus_subtilis_main_0b565809576a9e0f	dbtbs_bsub_core_0fcadafa827fb8cf	discovery	72	78	73	78	14.5	+	AATTCT	2.4210782051086426
EMB_prokbert_C12	tjupan_bacillus_subtilis_main_a2cd64f7b02e9630	tjupan_bacillus_subtilis_main_a2cd64f7b02e9630	discovery	34	40	35	40	-23.5	+	CTCAAG	2.431468963623047
EMB_prokbert_C12	tjupan_bacillus_subtilis_main_86c973796d10f50f	dbtbs_bsub_core_86c973796d10f50f	discovery	23	29	24	29	-34.5	+	TTATTC	2.467757225036621
EMB_prokbert_C12	tjupan_bacillus_subtilis_main_7942697cd86d944b	tjupan_bacillus_subtilis_main_7942697cd86d944b	discovery	43	49	44	49	-14.5	+	TTCTAT	2.527531385421753
EMB_prokbert_C12	tjupan_bacillus_subtilis_main_2330b24ab93e80ef	dbtbs_bsub_core_747f22d2323a8765	discovery	73	79	74	79	15.5	+	ATTCTG	2.6043384075164795
EMB_prokbert_C12	tjupan_bacillus_subtilis_main_d497e040ececfdff	dbtbs_bsub_core_a797439cbe2b0d85	discovery	1	7	2	7	-56.5	+	TGTCTA	2.72640061378479
EMB_prokbert_C12	tjupan_bacillus_subtilis_main_1259688a411f3c07	tjupan_bacillus_subtilis_main_1259688a411f3c07	discovery	4	10	5	10	-53.5	+	CACATT	2.9670722484588623
EMB_prokbert_C12	tjupan_bacillus_subtilis_main_fcf1520effc316d9	dbtbs_bsub_core_fcf1520effc316d9	discovery	0	6	1	6	-57.5	+	TCACAT	3.291516065597534
EMB_prokbert_C13	tjupan_bacillus_subtilis_main_fea876b7208e46e3	dbtbs_bsub_core_fea876b7208e46e3	discovery	44	50	45	50	-13.5	+	TTGGTA	0.989018440246582
EMB_prokbert_C13	tjupan_bacillus_subtilis_main_9d34f9d9e0ee0e26	dbtbs_bsub_core_9d34f9d9e0ee0e26	discovery	9	15	10	15	-48.5	+	TATTTG	1.112701177597046
EMB_prokbert_C13	tjupan_bacillus_subtilis_main_0b565809576a9e0f	dbtbs_bsub_core_0fcadafa827fb8cf	discovery	3	9	4	9	-54.5	+	ATTTGT	1.1583443880081177
EMB_prokbert_C13	tjupan_bacillus_subtilis_main_79d6d17268b5d0ce	dbtbs_bsub_core_94e9d8c40cf791b3	discovery	55	61	56	61	-2.5	+	TTTGTT	1.1599267721176147
EMB_prokbert_C13	tjupan_bacillus_subtilis_main_8e4b7e6c519e170f	tjupan_bacillus_subtilis_main_8e4b7e6c519e170f	discovery	52	58	53	58	-5.5	+	TTGTTA	1.2130953073501587
EMB_prokbert_C13	tjupan_bacillus_subtilis_main_66bdec0f6e49230b	dbtbs_bsub_core_66bdec0f6e49230b	discovery	12	18	13	18	-45.5	+	GGTTAA	1.223533272743225
EMB_prokbert_C13	tjupan_bacillus_subtilis_main_e1ad11de708bb9dd	dbtbs_bsub_core_0ce0cc9e187b5d37	discovery	22	28	23	28	-35.5	+	TTTTGT	1.2626535892486572
EMB_prokbert_C13	tjupan_bacillus_subtilis_main_f246415af5cfc524	dbtbs_bsub_core_f246415af5cfc524	discovery	54	60	55	60	-3.5	+	ATTTGT	1.2746769189834595
EMB_prokbert_C13	tjupan_bacillus_subtilis_main_1a8b81622422b81c	dbtbs_bsub_core_045e4f174337aedd	discovery	18	24	19	24	-39.5	+	TGATTT	1.3100425004959106
EMB_prokbert_C13	tjupan_bacillus_subtilis_main_487ce40a67c6d939	tjupan_bacillus_subtilis_main_487ce40a67c6d939	discovery	28	34	29	34	-29.5	+	TTTATG	1.317396879196167
EMB_prokbert_C13	tjupan_bacillus_subtilis_main_f58412ec32c641aa	dbtbs_bsub_core_bba92a46eba6f8e0	discovery	17	23	18	23	-40.5	+	GTTTAT	1.3182522058486938
EMB_prokbert_C13	tjupan_bacillus_subtilis_main_daaf0c7fa42ef2fa	dbtbs_bsub_core_ef9625ff29774e65	discovery	40	46	41	46	-17.5	+	ATTTGT	1.320557713508606
EMB_prokbert_C13	tjupan_bacillus_subtilis_main_e4e4a1be67374f28	dbtbs_bsub_core_e4e4a1be67374f28	discovery	63	69	64	69	5.5	+	TGGTTT	1.335342288017273
EMB_prokbert_C13	tjupan_bacillus_subtilis_main_d24ab9ea2522f43e	dbtbs_bsub_core_e391b9fe5a0b653f	discovery	14	20	15	20	-43.5	+	ATTGAG	1.3393863439559937
EMB_prokbert_C13	tjupan_bacillus_subtilis_main_ba49f50d8b0af1c7	dbtbs_bsub_core_8a4a22c637647f42	discovery	18	24	19	24	-39.5	+	TTTGTA	1.358966588973999
EMB_prokbert_C13	tjupan_bacillus_subtilis_main_7c03938b389dc368	dbtbs_bsub_core_39e8d21f598046d9	discovery	53	59	54	59	-4.5	+	TGTTTG	1.3755508661270142
EMB_prokbert_C13	tjupan_bacillus_subtilis_main_f452c4bef1ed8b92	dbtbs_bsub_core_f452c4bef1ed8b92	discovery	18	24	19	24	-39.5	+	ATTTTC	1.3758189678192139
EMB_prokbert_C13	tjupan_bacillus_subtilis_main_342a4291e30f5e80	dbtbs_bsub_core_342a4291e30f5e80	discovery	23	29	24	29	-34.5	+	ATGTTT	1.3775999546051025
EMB_prokbert_C13	tjupan_bacillus_subtilis_main_cd161e304d76229d	dbtbs_bsub_core_6d139485f356aaca	discovery	31	37	32	37	-26.5	+	TGTTTG	1.381136178970337
EMB_prokbert_C13	tjupan_bacillus_subtilis_main_ad5b6a3a851181b1	dbtbs_bsub_core_ad5b6a3a851181b1	discovery	38	44	39	44	-19.5	+	TTTAAT	1.3980677127838135
EMB_prokbert_C13	tjupan_bacillus_subtilis_main_256978383d162d01	dbtbs_bsub_core_256978383d162d01	discovery	18	24	19	24	-39.5	+	TGTTAT	1.407400369644165
EMB_prokbert_C13	tjupan_bacillus_subtilis_main_50224837ca8eceb5	dbtbs_bsub_core_50224837ca8eceb5	discovery	41	47	42	47	-16.5	+	ATTGGT	1.407529592514038
EMB_prokbert_C13	tjupan_bacillus_subtilis_main_d9679a25a18d6da1	tjupan_bacillus_subtilis_main_c9bc5ed233eba13a	discovery	35	41	36	41	-22.5	+	ATTGTT	1.4093286991119385
EMB_prokbert_C13	tjupan_bacillus_subtilis_main_b7cebcbae1ca8171	dbtbs_bsub_core_342a4291e30f5e80	discovery	15	21	16	21	-42.5	+	ATGTTT	1.4183682203292847
EMB_prokbert_C13	tjupan_bacillus_subtilis_main_8a4a22c637647f42	dbtbs_bsub_core_8a4a22c637647f42	discovery	17	23	18	23	-40.5	+	TTTGTA	1.418798804283142
EMB_prokbert_C13	tjupan_bacillus_subtilis_main_18d5be8d5c4f9a22	tjupan_bacillus_subtilis_main_18d5be8d5c4f9a22	discovery	17	23	18	23	-40.5	+	TATTTT	1.4217575788497925
EMB_prokbert_C13	tjupan_bacillus_subtilis_main_ff3d11f785ddd890	dbtbs_bsub_core_ff3d11f785ddd890	discovery	3	9	4	9	-54.5	+	GTTTAT	1.4235336780548096
EMB_prokbert_C13	tjupan_bacillus_subtilis_main_82e1287a21b69715	dbtbs_bsub_core_82e1287a21b69715	discovery	56	62	57	62	-1.5	+	CTTTGT	1.4239850044250488
EMB_prokbert_C13	tjupan_bacillus_subtilis_main_a032a3114b7dbf1c	dbtbs_bsub_core_a032a3114b7dbf1c	discovery	58	64	59	64	0.5	+	TTGTTA	1.426039218902588
EMB_prokbert_C13	tjupan_bacillus_subtilis_main_a1ad6ce2d20c389b	dbtbs_bsub_core_539bc60476254ff5	discovery	72	78	73	78	14.5	+	ATTTGT	1.4288078546524048
EMB_prokbert_C13	tjupan_bacillus_subtilis_main_fb689c0625deec2e	dbtbs_bsub_core_bf9535fab79dbf8f	discovery	8	14	9	14	-49.5	+	ATTGTT	1.4306511878967285
EMB_prokbert_C13	tjupan_bacillus_subtilis_main_a43a1f032db2e49e	dbtbs_bsub_core_872c1380ac7bb81f	discovery	21	27	22	27	-36.5	+	TTTAAT	1.4336152076721191
EMB_prokbert_C13	tjupan_bacillus_subtilis_main_48b85a8a5c19ece4	dbtbs_bsub_core_7730e205ee5d9991	discovery	24	30	25	30	-33.5	+	CTTGTT	1.4390945434570312
EMB_prokbert_C13	tjupan_bacillus_subtilis_main_9c3cc423ec1465b1	dbtbs_bsub_core_9c3cc423ec1465b1	discovery	6	12	7	12	-51.5	+	TATGGT	1.4591624736785889
EMB_prokbert_C13	tjupan_bacillus_subtilis_main_8b7394af6b78d50f	dbtbs_bsub_core_c890b4346c03f247	discovery	56	62	57	62	-1.5	+	GAATGT	1.464178204536438
EMB_prokbert_C13	tjupan_bacillus_subtilis_main_74de924b5fe0230a	dbtbs_bsub_core_74de924b5fe0230a	discovery	7	13	8	13	-50.5	+	ATTGTT	1.466957688331604
EMB_prokbert_C13	tjupan_bacillus_subtilis_main_c9bc5ed233eba13a	tjupan_bacillus_subtilis_main_c9bc5ed233eba13a	discovery	42	48	43	48	-15.5	+	ATTGTT	1.4684230089187622
EMB_prokbert_C13	tjupan_bacillus_subtilis_main_8a0979b032bb35c1	dbtbs_bsub_core_33318fe6256d39ff	discovery	11	17	12	17	-46.5	+	ATTGTT	1.4703502655029297
EMB_prokbert_C13	tjupan_bacillus_subtilis_main_3ec4c8abee3f7a8e	dbtbs_bsub_core_c18c3f10dff5c627	discovery	9	15	10	15	-48.5	+	TTTTGT	1.4760302305221558
EMB_prokbert_C13	tjupan_bacillus_subtilis_main_02077247d0a8a665	dbtbs_bsub_core_e82d4ff28ccc2c95	discovery	43	49	44	49	-14.5	+	TTTGGT	1.4811843633651733
EMB_prokbert_C13	tjupan_bacillus_subtilis_main_80add31ceb4a1382	tjupan_bacillus_subtilis_main_80add31ceb4a1382	discovery	5	11	6	11	-52.5	+	ATTGTT	1.4872205257415771
EMB_prokbert_C13	tjupan_bacillus_subtilis_main_0b7b75ba67f19880	dbtbs_bsub_core_0b7b75ba67f19880	discovery	62	68	63	68	4.5	+	CATTGT	1.4922019243240356
EMB_prokbert_C13	tjupan_bacillus_subtilis_main_3ed5570d9bd715ae	dbtbs_bsub_core_0561dd78dc44b145	discovery	68	74	69	74	10.5	+	TTTGTC	1.492790699005127
EMB_prokbert_C13	tjupan_bacillus_subtilis_main_5e3ef261f40425ef	tjupan_bacillus_subtilis_main_5e3ef261f40425ef	discovery	29	35	30	35	-28.5	+	ATTTGT	1.4954123497009277
EMB_prokbert_C13	tjupan_bacillus_subtilis_main_fcf1520effc316d9	dbtbs_bsub_core_fcf1520effc316d9	discovery	35	41	36	41	-22.5	+	AATTTG	1.4970588684082031
EMB_prokbert_C13	tjupan_bacillus_subtilis_main_a1b8ecb6878276b4	dbtbs_bsub_core_a1b8ecb6878276b4	discovery	71	77	72	77	13.5	+	TGGTTT	1.4996085166931152
EMB_prokbert_C13	tjupan_bacillus_subtilis_main_857deea4069ff6ab	tjupan_bacillus_subtilis_main_857deea4069ff6ab	discovery	70	76	71	76	12.5	+	GTTTGA	1.502704381942749
EMB_prokbert_C13	tjupan_bacillus_subtilis_main_b47674f2cd66e067	tjupan_bacillus_subtilis_main_b47674f2cd66e067	discovery	27	33	28	33	-30.5	+	TTATTG	1.5038070678710938
EMB_prokbert_C13	tjupan_bacillus_subtilis_main_d1b10b64ac040b8c	dbtbs_bsub_core_3a6c62def340fb72	discovery	32	38	33	38	-25.5	+	TTATTG	1.506591796875
EMB_prokbert_C13	tjupan_bacillus_subtilis_main_52267ea931cb2dd7	dbtbs_bsub_core_b35218f45c0f11c8	discovery	6	12	7	12	-51.5	+	ATTGTT	1.5094653367996216
EMB_prokbert_C13	tjupan_bacillus_subtilis_main_84e6c8375d18dc47	tjupan_bacillus_subtilis_main_84e6c8375d18dc47	discovery	19	25	20	25	-38.5	+	TGATTT	1.51271653175354
EMB_prokbert_C13	tjupan_bacillus_subtilis_main_4648c22f43ae6952	tjupan_bacillus_subtilis_main_4648c22f43ae6952	discovery	4	10	5	10	-53.5	+	TAATTG	1.5176106691360474
EMB_prokbert_C13	tjupan_bacillus_subtilis_main_a92ee416463b3fc1	dbtbs_bsub_core_585820026d8d814d	discovery	41	47	42	47	-16.5	+	TTTTGT	1.5219941139221191
EMB_prokbert_C13	tjupan_bacillus_subtilis_main_9d589577eb1cbe67	tjupan_bacillus_subtilis_main_9d589577eb1cbe67	discovery	10	16	11	16	-47.5	+	TTTGTT	1.5259852409362793
EMB_prokbert_C13	tjupan_bacillus_subtilis_main_71eaf5cbf249113b	dbtbs_bsub_core_71eaf5cbf249113b	discovery	29	35	30	35	-28.5	+	CTTTGT	1.5283457040786743
EMB_prokbert_C13	tjupan_bacillus_subtilis_main_282b0a85bf46906b	tjupan_bacillus_subtilis_main_282b0a85bf46906b	discovery	56	62	57	62	-1.5	+	ATTTGT	1.5287249088287354
EMB_prokbert_C13	tjupan_bacillus_subtilis_main_60ee42342c88d235	tjupan_bacillus_subtilis_main_60ee42342c88d235	discovery	54	60	55	60	-3.5	+	TTGTTT	1.531753659248352
EMB_prokbert_C13	tjupan_bacillus_subtilis_main_101463e41079a20e	dbtbs_bsub_core_101463e41079a20e	discovery	39	45	40	45	-18.5	+	GTTATT	1.5340752601623535
EMB_prokbert_C13	tjupan_bacillus_subtilis_main_ca7deec2e4330ae4	tjupan_bacillus_subtilis_main_ca7deec2e4330ae4	discovery	42	48	43	48	-15.5	+	TGTATT	1.5366941690444946
EMB_prokbert_C13	tjupan_bacillus_subtilis_main_32aff5c8192321bb	dbtbs_bsub_core_76636d30cbe1eec3	discovery	36	42	37	42	-21.5	+	TTTGTT	1.5418850183486938
EMB_prokbert_C13	tjupan_bacillus_subtilis_main_61d216a2a24189d0	dbtbs_bsub_core_61d216a2a24189d0	discovery	44	50	45	50	-13.5	+	ATGTTT	1.5425399541854858
EMB_prokbert_C13	tjupan_bacillus_subtilis_main_1cd26aa95d9363dc	dbtbs_bsub_core_1cd26aa95d9363dc	discovery	9	15	10	15	-48.5	+	ATTTGT	1.5446546077728271
EMB_prokbert_C13	tjupan_bacillus_subtilis_main_9daaa0d103ffad86	dbtbs_bsub_core_9daaa0d103ffad86	discovery	55	61	56	61	-2.5	+	GATTTG	1.5461130142211914
EMB_prokbert_C13	tjupan_bacillus_subtilis_main_acb860b1f6674578	dbtbs_bsub_core_f1e6e06788e9c9fd	discovery	68	74	69	74	10.5	+	TCTTGT	1.5476405620574951
EMB_prokbert_C13	tjupan_bacillus_subtilis_main_70da326395794983	tjupan_bacillus_subtilis_main_70da326395794983	discovery	25	31	26	31	-32.5	+	ATTGGT	1.5482362508773804
EMB_prokbert_C13	tjupan_bacillus_subtilis_main_c5aa2a2f04401e51	tjupan_bacillus_subtilis_main_c5aa2a2f04401e51	discovery	12	18	13	18	-45.5	+	GATTTA	1.5523189306259155
EMB_prokbert_C13	tjupan_bacillus_subtilis_main_59b38cd2f2ea112d	dbtbs_bsub_core_59b38cd2f2ea112d	discovery	67	73	68	73	9.5	+	GTTTGA	1.552682876586914
EMB_prokbert_C13	tjupan_bacillus_subtilis_main_636c41b820e9fd5d	tjupan_bacillus_subtilis_main_636c41b820e9fd5d	discovery	20	26	21	26	-37.5	+	GTTTGT	1.5530625581741333
EMB_prokbert_C13	tjupan_bacillus_subtilis_main_25308dd77914b9d9	dbtbs_bsub_core_1dc2eb4818f9715a	discovery	21	27	22	27	-36.5	+	TTGGTA	1.5599980354309082
EMB_prokbert_C13	tjupan_bacillus_subtilis_main_618f0dc5c0847866	dbtbs_bsub_core_e2f191a04a63a5f0	discovery	59	65	60	65	1.5	+	GTGAAT	1.5612972974777222
EMB_prokbert_C13	tjupan_bacillus_subtilis_main_c229c4b94f6591ae	tjupan_bacillus_subtilis_main_c229c4b94f6591ae	discovery	21	27	22	27	-36.5	+	TGATTA	1.5617375373840332
EMB_prokbert_C13	tjupan_bacillus_subtilis_main_0f3eb3e9a9977e6d	tjupan_bacillus_subtilis_main_0f3eb3e9a9977e6d	discovery	4	10	5	10	-53.5	+	GTATTT	1.561799168586731
EMB_prokbert_C13	tjupan_bacillus_subtilis_main_3adf706b5413c6ce	tjupan_bacillus_subtilis_main_3adf706b5413c6ce	discovery	4	10	5	10	-53.5	+	TTGTTA	1.563204050064087
EMB_prokbert_C13	tjupan_bacillus_subtilis_main_52931b7eafd9a9b2	dbtbs_bsub_core_324baeb0b4deda5d	discovery	68	74	69	74	10.5	+	ATTTGG	1.5633646249771118
EMB_prokbert_C13	tjupan_bacillus_subtilis_main_eaa75817f87b3088	dbtbs_bsub_core_71c43b52121900cc	discovery	53	59	54	59	-4.5	+	CTGTTT	1.5639634132385254
EMB_prokbert_C13	tjupan_bacillus_subtilis_main_f3e9cc226f1feac3	tjupan_bacillus_subtilis_main_f3e9cc226f1feac3	discovery	44	50	45	50	-13.5	+	TTTGTT	1.5658453702926636
EMB_prokbert_C13	tjupan_bacillus_subtilis_main_8b925a3983e97ebd	dbtbs_bsub_core_0346364171f10446	discovery	25	31	26	31	-32.5	+	ATTGTT	1.5673730373382568
EMB_prokbert_C13	tjupan_bacillus_subtilis_main_036f4e66b4e66745	dbtbs_bsub_core_7b26bab7de636614	discovery	18	24	19	24	-39.5	+	GTTTTG	1.5694265365600586
EMB_prokbert_C13	tjupan_bacillus_subtilis_main_f5fed123a3ffd242	dbtbs_bsub_core_f5fed123a3ffd242	discovery	64	70	65	70	6.5	+	TGTTTC	1.570169448852539
EMB_prokbert_C13	tjupan_bacillus_subtilis_main_fc6071b9027316a7	tjupan_bacillus_subtilis_main_fc6071b9027316a7	discovery	6	12	7	12	-51.5	+	ATTGTT	1.570509433746338
EMB_prokbert_C13	tjupan_bacillus_subtilis_main_24675587b92cc4c7	tjupan_bacillus_subtilis_main_24675587b92cc4c7	discovery	18	24	19	24	-39.5	+	ATTGTT	1.5706483125686646
EMB_prokbert_C13	tjupan_bacillus_subtilis_main_ff62fa3227cb3ab1	dbtbs_bsub_core_f748f853b4ec2056	discovery	62	68	63	68	4.5	+	TGATTT	1.570927381515503
EMB_prokbert_C13	tjupan_bacillus_subtilis_main_c3fafc97a347852e	tjupan_bacillus_subtilis_main_c3fafc97a347852e	discovery	5	11	6	11	-52.5	+	TTGTTT	1.57304847240448
EMB_prokbert_C13	tjupan_bacillus_subtilis_main_b7240ec09f994729	dbtbs_bsub_core_6cadf10f2f906812	discovery	53	59	54	59	-4.5	+	GTATTT	1.5791687965393066
EMB_prokbert_C13	tjupan_bacillus_subtilis_main_93b5da0b5f842573	dbtbs_bsub_core_93b5da0b5f842573	discovery	60	66	61	66	2.5	+	GTTTGG	1.5904284715652466
EMB_prokbert_C13	tjupan_bacillus_subtilis_main_a61c0978ae294759	tjupan_bacillus_subtilis_main_a61c0978ae294759	discovery	24	30	25	30	-33.5	+	GATGTT	1.5913630723953247
EMB_prokbert_C13	tjupan_bacillus_subtilis_main_993a308bb6e190e1	dbtbs_bsub_core_993a308bb6e190e1	discovery	22	28	23	28	-35.5	+	TGGTTT	1.5927339792251587
EMB_prokbert_C13	tjupan_bacillus_subtilis_main_c758d11e26aac641	tjupan_bacillus_subtilis_main_c758d11e26aac641	discovery	56	62	57	62	-1.5	+	CATTGT	1.59303617477417
EMB_prokbert_C13	tjupan_bacillus_subtilis_main_2c9e8a462277f7da	dbtbs_bsub_core_f7573fed016c047b	discovery	32	38	33	38	-25.5	+	CGTTTG	1.5958911180496216
EMB_prokbert_C13	tjupan_bacillus_subtilis_main_3ab41c1b83ba019b	dbtbs_bsub_core_c956a5fd581ed80a	discovery	39	45	40	45	-18.5	+	TTTTAT	1.6001708507537842
EMB_prokbert_C13	tjupan_bacillus_subtilis_main_10eb69ed5f79bca3	dbtbs_bsub_core_e365baa66d245063	discovery	16	22	17	22	-41.5	+	TTGTTT	1.605015754699707
EMB_prokbert_C13	tjupan_bacillus_subtilis_main_ef37e7c4f77cfd3f	tjupan_bacillus_subtilis_main_ef37e7c4f77cfd3f	discovery	18	24	19	24	-39.5	+	ATGTTT	1.6065433025360107
EMB_prokbert_C13	tjupan_bacillus_subtilis_main_6fc8019646ae0ec6	dbtbs_bsub_core_0346364171f10446	discovery	21	27	22	27	-36.5	+	ATTGTT	1.6084622144699097
EMB_prokbert_C13	tjupan_bacillus_subtilis_main_a8b2c052c0cdfcff	tjupan_bacillus_subtilis_main_a8b2c052c0cdfcff	discovery	17	23	18	23	-40.5	+	ATGTTT	1.6094274520874023
EMB_prokbert_C13	tjupan_bacillus_subtilis_main_754ac4e873f6c24d	tjupan_bacillus_subtilis_main_754ac4e873f6c24d	discovery	67	73	68	73	9.5	+	TTTTAT	1.6121824979782104
EMB_prokbert_C13	tjupan_bacillus_subtilis_main_6e989f822c0894af	dbtbs_bsub_core_bb5ca17cb9317fea	discovery	24	30	25	30	-33.5	+	TTTGTA	1.6202682256698608
EMB_prokbert_C13	tjupan_bacillus_subtilis_main_2c918744f6daf466	dbtbs_bsub_core_20f77243a5b2c4ab	discovery	67	73	68	73	9.5	+	CTGTTT	1.6213469505310059
EMB_prokbert_C13	tjupan_bacillus_subtilis_main_ed12f07c80365cbc	dbtbs_bsub_core_09dd4c8ba7bc09c6	discovery	9	15	10	15	-48.5	+	TTGTTT	1.6214613914489746
EMB_prokbert_C13	tjupan_bacillus_subtilis_main_df2876c84282b3af	dbtbs_bsub_core_d831e470618beda7	discovery	53	59	54	59	-4.5	+	TTGTTA	1.6216574907302856
EMB_prokbert_C13	tjupan_bacillus_subtilis_main_d03161002d7a6f34	dbtbs_bsub_core_11066f3e95c7986c	discovery	32	38	33	38	-25.5	+	ATTTGT	1.6230955123901367
EMB_prokbert_C13	tjupan_bacillus_subtilis_main_666dd7e391a36890	dbtbs_bsub_core_666dd7e391a36890	discovery	6	12	7	12	-51.5	+	TGGTTG	1.626131534576416
EMB_prokbert_C13	tjupan_bacillus_subtilis_main_e9623f8193af34e0	dbtbs_bsub_core_e9623f8193af34e0	discovery	52	58	53	58	-5.5	+	TGGTTC	1.6346443891525269
EMB_prokbert_C13	tjupan_bacillus_subtilis_main_0710c2f2267154d3	dbtbs_bsub_core_0710c2f2267154d3	discovery	15	21	16	21	-42.5	+	CTTTGC	1.6346819400787354
EMB_prokbert_C13	tjupan_bacillus_subtilis_main_e8dca4769e2e29bc	dbtbs_bsub_core_b8b8ac7ece3bed55	discovery	3	9	4	9	-54.5	+	TGTTTG	1.6353102922439575
EMB_prokbert_C13	tjupan_bacillus_subtilis_main_e70fb70b66e1d829	tjupan_bacillus_subtilis_main_e70fb70b66e1d829	discovery	14	20	15	20	-43.5	+	GTTATT	1.6366833448410034
EMB_prokbert_C13	tjupan_bacillus_subtilis_main_0f74e2398b4ac2a6	dbtbs_bsub_core_e5f400f6f8de25f5	discovery	22	28	23	28	-35.5	+	TGGCGT	1.637093186378479
EMB_prokbert_C13	tjupan_bacillus_subtilis_main_86c973796d10f50f	dbtbs_bsub_core_86c973796d10f50f	discovery	11	17	12	17	-46.5	+	TGGTTA	1.637600064277649
EMB_prokbert_C13	tjupan_bacillus_subtilis_main_85511e0264f2e3b8	dbtbs_bsub_core_35445cef3104bf74	discovery	12	18	13	18	-45.5	+	TATTTG	1.6407674551010132
EMB_prokbert_C13	tjupan_bacillus_subtilis_main_9361e0f82edaa017	tjupan_bacillus_subtilis_main_9361e0f82edaa017	discovery	27	33	28	33	-30.5	+	TTTTGT	1.6449477672576904
EMB_prokbert_C13	tjupan_bacillus_subtilis_main_51e2f43063a3baab	tjupan_bacillus_subtilis_main_51e2f43063a3baab	discovery	46	52	47	52	-11.5	+	GTTTAT	1.6451410055160522
EMB_prokbert_C13	tjupan_bacillus_subtilis_main_e4dda028e03de313	dbtbs_bsub_core_e4dda028e03de313	discovery	48	54	49	54	-9.5	+	TATTGT	1.646090030670166
EMB_prokbert_C13	tjupan_bacillus_subtilis_main_6c11169e185f76df	dbtbs_bsub_core_6c11169e185f76df	discovery	65	71	66	71	7.5	+	ATTTGT	1.649208664894104
EMB_prokbert_C13	tjupan_bacillus_subtilis_main_4fa5d89620e7d8ce	dbtbs_bsub_core_5eb05bc57612da6d	discovery	54	60	55	60	-3.5	+	TCTATT	1.6504045724868774
EMB_prokbert_C13	tjupan_bacillus_subtilis_main_354da8035d16f701	dbtbs_bsub_core_1ee6e81d7c1d1fa1	discovery	21	27	22	27	-36.5	+	GTTATT	1.6517343521118164
EMB_prokbert_C13	tjupan_bacillus_subtilis_main_ade9dc791ab39f6c	dbtbs_bsub_core_ade9dc791ab39f6c	discovery	52	58	53	58	-5.5	+	TTTTGT	1.652003288269043
EMB_prokbert_C13	tjupan_bacillus_subtilis_main_4b32f81551985923	tjupan_bacillus_subtilis_main_4b32f81551985923	discovery	66	72	67	72	8.5	+	TTGTTC	1.653867483139038
EMB_prokbert_C13	tjupan_bacillus_subtilis_main_f45d38a5e15ccc93	dbtbs_bsub_core_5dbc73ad42aeab56	discovery	24	30	25	30	-33.5	+	ATTGTA	1.6555438041687012
EMB_prokbert_C13	tjupan_bacillus_subtilis_main_4a76c51266c80a0f	dbtbs_bsub_core_b905bf06b88d4e46	discovery	12	18	13	18	-45.5	+	TTGATT	1.6565661430358887
EMB_prokbert_C13	tjupan_bacillus_subtilis_main_982fa9762732f05a	tjupan_bacillus_subtilis_main_982fa9762732f05a	discovery	69	75	70	75	11.5	+	ATTTTG	1.6573982238769531
EMB_prokbert_C13	tjupan_bacillus_subtilis_main_0b104549c8fd9755	dbtbs_bsub_core_0b104549c8fd9755	discovery	52	58	53	58	-5.5	+	ATTTCA	1.6642119884490967
EMB_prokbert_C13	tjupan_bacillus_subtilis_main_d9da0a0033167763	dbtbs_bsub_core_d9da0a0033167763	discovery	19	25	20	25	-38.5	+	GAATTA	1.6666043996810913
EMB_prokbert_C13	tjupan_bacillus_subtilis_main_a2cd64f7b02e9630	tjupan_bacillus_subtilis_main_a2cd64f7b02e9630	discovery	26	32	27	32	-31.5	+	TTGATT	1.669573426246643
EMB_prokbert_C13	tjupan_bacillus_subtilis_main_106e69f8e7e10bd4	tjupan_bacillus_subtilis_main_106e69f8e7e10bd4	discovery	6	12	7	12	-51.5	+	GTTTTG	1.676690936088562
EMB_prokbert_C13	tjupan_bacillus_subtilis_main_90a64d4511c49526	dbtbs_bsub_core_90a64d4511c49526	discovery	7	13	8	13	-50.5	+	TTGTTC	1.67917799949646
EMB_prokbert_C13	tjupan_bacillus_subtilis_main_ff61268918c0af5d	tjupan_bacillus_subtilis_main_ff61268918c0af5d	discovery	70	76	71	76	12.5	+	ATTTGC	1.6806601285934448
EMB_prokbert_C13	tjupan_bacillus_subtilis_main_c0aec64934968747	tjupan_bacillus_subtilis_main_c0aec64934968747	discovery	31	37	32	37	-26.5	+	TTTTTG	1.6834040880203247
EMB_prokbert_C13	tjupan_bacillus_subtilis_main_0fe342e604184137	dbtbs_bsub_core_f039c4e5fee11aa3	discovery	26	32	27	32	-31.5	+	TGTTCT	1.685835838317871
EMB_prokbert_C13	tjupan_bacillus_subtilis_main_77dc78ed29025116	dbtbs_bsub_core_77dc78ed29025116	discovery	54	60	55	60	-3.5	+	GGTTTG	1.6941088438034058
EMB_prokbert_C13	tjupan_bacillus_subtilis_main_c2d54a415a7d048a	dbtbs_bsub_core_c2d54a415a7d048a	discovery	23	29	24	29	-34.5	+	TATTGA	1.6970970630645752
EMB_prokbert_C13	tjupan_bacillus_subtilis_main_bfe4e797767b8990	tjupan_bacillus_subtilis_main_bfe4e797767b8990	discovery	14	20	15	20	-43.5	+	GTTTTG	1.6997692584991455
EMB_prokbert_C13	tjupan_bacillus_subtilis_main_2931d3a1a20c25de	dbtbs_bsub_core_60150ba1e82823d4	discovery	42	48	43	48	-15.5	+	ATTGTC	1.7022464275360107
EMB_prokbert_C13	tjupan_bacillus_subtilis_main_36eed70446e6810b	dbtbs_bsub_core_36eed70446e6810b	discovery	21	27	22	27	-36.5	+	GTTTGC	1.7068390846252441
EMB_prokbert_C13	tjupan_bacillus_subtilis_main_ade14dd3fdacb032	dbtbs_bsub_core_12585b08a658046e	discovery	28	34	29	34	-29.5	+	GTCATT	1.7068583965301514
EMB_prokbert_C13	tjupan_bacillus_subtilis_main_edadeeaf4ff7a848	tjupan_bacillus_subtilis_main_edadeeaf4ff7a848	discovery	39	45	40	45	-18.5	+	GTTTGC	1.7144805192947388
EMB_prokbert_C13	tjupan_bacillus_subtilis_main_ab3313558a015086	dbtbs_bsub_core_ab3313558a015086	discovery	51	57	52	57	-6.5	+	TGGTTA	1.7224969863891602
EMB_prokbert_C13	tjupan_bacillus_subtilis_main_549e9d5c7cb67860	dbtbs_bsub_core_1a44bafede819df1	discovery	66	72	67	72	8.5	+	GTTTGT	1.7284959554672241
EMB_prokbert_C13	tjupan_bacillus_subtilis_main_238ba8da2c883516	dbtbs_bsub_core_238ba8da2c883516	discovery	40	46	41	46	-17.5	+	TTGTTC	1.7309551239013672
EMB_prokbert_C13	tjupan_bacillus_subtilis_main_bba2e45eb636482b	dbtbs_bsub_core_bba2e45eb636482b	discovery	11	17	12	17	-46.5	+	CTGTTT	1.7374247312545776
EMB_prokbert_C13	tjupan_bacillus_subtilis_main_a26ee3e07cf1eedf	dbtbs_bsub_core_a26ee3e07cf1eedf	discovery	23	29	24	29	-34.5	+	CTGTTT	1.741197943687439
EMB_prokbert_C13	tjupan_bacillus_subtilis_main_43596a46e3e4ddaa	tjupan_bacillus_subtilis_main_43596a46e3e4ddaa	discovery	72	78	73	78	14.5	+	TATTTG	1.7442935705184937
EMB_prokbert_C13	tjupan_bacillus_subtilis_main_b578e9e0d96d144a	dbtbs_bsub_core_b578e9e0d96d144a	discovery	19	25	20	25	-38.5	+	TTGTTA	1.7454297542572021
EMB_prokbert_C13	tjupan_bacillus_subtilis_main_49e8e3a6681b011d	dbtbs_bsub_core_e14a6f906af1fa54	discovery	59	65	60	65	1.5	+	TGTCAT	1.7455799579620361
EMB_prokbert_C13	tjupan_bacillus_subtilis_main_76909c0ebd8db916	dbtbs_bsub_core_d5153844984277ea	discovery	72	78	73	78	14.5	+	CTTTGT	1.747793197631836
EMB_prokbert_C13	tjupan_bacillus_subtilis_main_e47a55cd702f35e7	dbtbs_bsub_core_175bcd2ea2263ee4	discovery	2	8	3	8	-55.5	+	TGTAAT	1.7491947412490845
EMB_prokbert_C13	tjupan_bacillus_subtilis_main_9990510225814384	tjupan_bacillus_subtilis_main_9990510225814384	discovery	55	61	56	61	-2.5	+	TTATTG	1.750372290611267
EMB_prokbert_C13	tjupan_bacillus_subtilis_main_be36dbaf549189cb	tjupan_bacillus_subtilis_main_be36dbaf549189cb	discovery	26	32	27	32	-31.5	+	GTTTTG	1.7549904584884644
EMB_prokbert_C13	tjupan_bacillus_subtilis_main_adbf75412ef7d5a0	dbtbs_bsub_core_adbf75412ef7d5a0	discovery	42	48	43	48	-15.5	+	AGTTGC	1.7551120519638062
EMB_prokbert_C13	tjupan_bacillus_subtilis_main_e9d365c0dda7757e	tjupan_bacillus_subtilis_main_e9d365c0dda7757e	discovery	11	17	12	17	-46.5	+	ATGTTT	1.756737232208252
EMB_prokbert_C13	tjupan_bacillus_subtilis_main_e95909bd7e136f46	dbtbs_bsub_core_426aaa712ced5536	discovery	10	16	11	16	-47.5	+	TTTTGC	1.7567737102508545
EMB_prokbert_C13	tjupan_bacillus_subtilis_main_eb3c3d68906264b7	tjupan_bacillus_subtilis_main_eb3c3d68906264b7	discovery	22	28	23	28	-35.5	+	TTGTTC	1.7620028257369995
EMB_prokbert_C13	tjupan_bacillus_subtilis_main_8560b0f67ab5f5ab	dbtbs_bsub_core_f7a2628d99aff81a	discovery	26	32	27	32	-31.5	+	CATTGT	1.7648831605911255
EMB_prokbert_C13	tjupan_bacillus_subtilis_main_632ff1f5d92b347a	tjupan_bacillus_subtilis_main_632ff1f5d92b347a	discovery	15	21	16	21	-42.5	+	ATGTTT	1.7671632766723633
EMB_prokbert_C13	tjupan_bacillus_subtilis_main_09deb32688bf8365	tjupan_bacillus_subtilis_main_09deb32688bf8365	discovery	19	25	20	25	-38.5	+	ATTTGG	1.771013617515564
EMB_prokbert_C13	tjupan_bacillus_subtilis_main_e2f816d3420810f5	dbtbs_bsub_core_8f473f826c608a81	discovery	43	49	44	49	-14.5	+	TTTGGT	1.7713940143585205
EMB_prokbert_C13	tjupan_bacillus_subtilis_main_e2d1119cb664dabf	dbtbs_bsub_core_954deecd8ab02ea9	discovery	18	24	19	24	-39.5	+	GATTTG	1.7732570171356201
EMB_prokbert_C13	tjupan_bacillus_subtilis_main_be897b68bd393df0	dbtbs_bsub_core_be897b68bd393df0	discovery	39	45	40	45	-18.5	+	TGATTT	1.7757627964019775
EMB_prokbert_C13	tjupan_bacillus_subtilis_main_cd5426fc6bacf792	dbtbs_bsub_core_cd5426fc6bacf792	discovery	6	12	7	12	-51.5	+	TTTGTC	1.7770532369613647
EMB_prokbert_C13	tjupan_bacillus_subtilis_main_8b776572d2e01c62	dbtbs_bsub_core_6736f212a82e3343	discovery	16	22	17	22	-41.5	+	TGTTTT	1.781523585319519
EMB_prokbert_C13	tjupan_bacillus_subtilis_main_ad6e1b40396f6528	dbtbs_bsub_core_ad6e1b40396f6528	discovery	11	17	12	17	-46.5	+	TTTGTG	1.7823394536972046
EMB_prokbert_C13	tjupan_bacillus_subtilis_main_5f8b6936b2e52932	tjupan_bacillus_subtilis_main_5f8b6936b2e52932	discovery	56	62	57	62	-1.5	+	TTCTGT	1.795648455619812
EMB_prokbert_C13	tjupan_bacillus_subtilis_main_7cd769ed0580d73e	tjupan_bacillus_subtilis_main_7cd769ed0580d73e	discovery	43	49	44	49	-14.5	+	TTTGAT	1.7976304292678833
EMB_prokbert_C13	tjupan_bacillus_subtilis_main_89f3272bd34ff475	tjupan_bacillus_subtilis_main_89f3272bd34ff475	discovery	45	51	46	51	-12.5	+	GTTTAT	1.798673152923584
EMB_prokbert_C13	tjupan_bacillus_subtilis_main_76885f00c763f220	dbtbs_bsub_core_07bcce23a89f64fb	discovery	1	7	2	7	-56.5	+	GATTGT	1.800797939300537
EMB_prokbert_C13	tjupan_bacillus_subtilis_main_c3431646de80d63f	tjupan_bacillus_subtilis_main_c3431646de80d63f	discovery	38	44	39	44	-19.5	+	TGTTTT	1.8072724342346191
EMB_prokbert_C13	tjupan_bacillus_subtilis_main_619ca6b1749e92aa	tjupan_bacillus_subtilis_main_619ca6b1749e92aa	discovery	66	72	67	72	8.5	+	TTTGAT	1.8077527284622192
EMB_prokbert_C13	tjupan_bacillus_subtilis_main_ca7144caa797f7bc	dbtbs_bsub_core_ca7144caa797f7bc	discovery	29	35	30	35	-28.5	+	TTTTAT	1.8137718439102173
EMB_prokbert_C13	tjupan_bacillus_subtilis_main_e90961ead2da3f7b	tjupan_bacillus_subtilis_main_e90961ead2da3f7b	discovery	69	75	70	75	11.5	+	GTTTGT	1.8163167238235474
EMB_prokbert_C13	tjupan_bacillus_subtilis_main_67a8fe9203485bd0	dbtbs_bsub_core_67a8fe9203485bd0	discovery	15	21	16	21	-42.5	+	TGGATA	1.817257046699524
EMB_prokbert_C13	tjupan_bacillus_subtilis_main_14a46634ed7dcff0	tjupan_bacillus_subtilis_main_14a46634ed7dcff0	discovery	64	70	65	70	6.5	+	GATATT	1.8173376321792603
EMB_prokbert_C13	tjupan_bacillus_subtilis_main_55935e0c215d1239	dbtbs_bsub_core_bd96a60828361996	discovery	65	71	66	71	7.5	+	CAATTT	1.819214940071106
EMB_prokbert_C13	tjupan_bacillus_subtilis_main_b790c6b12a43a7c6	tjupan_bacillus_subtilis_main_b790c6b12a43a7c6	discovery	11	17	12	17	-46.5	+	ATTGGC	1.822808861732483
EMB_prokbert_C13	tjupan_bacillus_subtilis_main_09dd4c8ba7bc09c6	dbtbs_bsub_core_09dd4c8ba7bc09c6	discovery	27	33	28	33	-30.5	+	AGTTTA	1.8238530158996582
EMB_prokbert_C13	tjupan_bacillus_subtilis_main_4cf64b5587e1d04e	dbtbs_bsub_core_4cf64b5587e1d04e	discovery	38	44	39	44	-19.5	+	TTGTTC	1.8241945505142212
EMB_prokbert_C13	tjupan_bacillus_subtilis_main_57cb99253c19d2b6	tjupan_bacillus_subtilis_main_57cb99253c19d2b6	discovery	8	14	9	14	-49.5	+	AGTTGA	1.8271653652191162
EMB_prokbert_C13	tjupan_bacillus_subtilis_main_ced72b826f4a910f	dbtbs_bsub_core_d1a4fbb8ec4bd212	discovery	24	30	25	30	-33.5	+	ATGTTT	1.8311642408370972
EMB_prokbert_C13	tjupan_bacillus_subtilis_main_1dc2eb4818f9715a	dbtbs_bsub_core_1dc2eb4818f9715a	discovery	18	24	19	24	-39.5	+	GTATTT	1.8361884355545044
EMB_prokbert_C13	tjupan_bacillus_subtilis_main_5957e34dfa6ab85c	tjupan_bacillus_subtilis_main_5957e34dfa6ab85c	discovery	67	73	68	73	9.5	+	TGGTTT	1.8468629121780396
EMB_prokbert_C13	tjupan_bacillus_subtilis_main_737474f253397bee	tjupan_bacillus_subtilis_main_737474f253397bee	discovery	69	75	70	75	11.5	+	TTTGCA	1.8507683277130127
EMB_prokbert_C13	tjupan_bacillus_subtilis_main_8fa35d24a76b6d72	tjupan_bacillus_subtilis_main_8fa35d24a76b6d72	discovery	36	42	37	42	-21.5	+	GTCTTT	1.860459327697754
EMB_prokbert_C13	tjupan_bacillus_subtilis_main_8421a3506bc3ca2c	tjupan_bacillus_subtilis_main_8421a3506bc3ca2c	discovery	64	70	65	70	6.5	+	GCGTTT	1.8619849681854248
EMB_prokbert_C13	tjupan_bacillus_subtilis_main_eebec5ad9a06df67	dbtbs_bsub_core_5cddd19c752675c8	discovery	68	74	69	74	10.5	+	TTGTTC	1.8650614023208618
EMB_prokbert_C13	tjupan_bacillus_subtilis_main_ecef2875a7a372ba	dbtbs_bsub_core_ecef2875a7a372ba	discovery	41	47	42	47	-16.5	+	ATTTGA	1.8667856454849243
EMB_prokbert_C13	tjupan_bacillus_subtilis_main_f6994e5b6245c7bf	tjupan_bacillus_subtilis_main_f6994e5b6245c7bf	discovery	30	36	31	36	-27.5	+	TTTGCA	1.871607780456543
EMB_prokbert_C13	tjupan_bacillus_subtilis_main_67a9ae83c973a42d	tjupan_bacillus_subtilis_main_67a9ae83c973a42d	discovery	26	32	27	32	-31.5	+	GTTTAT	1.8734657764434814
EMB_prokbert_C13	tjupan_bacillus_subtilis_main_187a9844a7f0c551	tjupan_bacillus_subtilis_main_187a9844a7f0c551	discovery	20	26	21	26	-37.5	+	AATTTG	1.875321388244629
EMB_prokbert_C13	tjupan_bacillus_subtilis_main_e0774d83207a7dd7	dbtbs_bsub_core_2b17d905bac0c3bc	discovery	52	58	53	58	-5.5	+	ATTGTT	1.8850420713424683
EMB_prokbert_C13	tjupan_bacillus_subtilis_main_2e59e247c2d07b0b	tjupan_bacillus_subtilis_main_2e59e247c2d07b0b	discovery	5	11	6	11	-52.5	+	GTCATT	1.885483980178833
EMB_prokbert_C13	tjupan_bacillus_subtilis_main_f1fe1806a852fcba	dbtbs_bsub_core_f1fe1806a852fcba	discovery	24	30	25	30	-33.5	+	TTTTGC	1.8917604684829712
EMB_prokbert_C13	tjupan_bacillus_subtilis_main_5d881eac8b46d627	dbtbs_bsub_core_5d881eac8b46d627	discovery	72	78	73	78	14.5	+	ATTTTA	1.9011162519454956
EMB_prokbert_C13	tjupan_bacillus_subtilis_main_78caf7680ac9ae4c	tjupan_bacillus_subtilis_main_78caf7680ac9ae4c	discovery	37	43	38	43	-20.5	+	GGATTG	1.9043413400650024
EMB_prokbert_C13	tjupan_bacillus_subtilis_main_4915fc510c1f847f	tjupan_bacillus_subtilis_main_4915fc510c1f847f	discovery	22	28	23	28	-35.5	+	CTGTTG	1.9068609476089478
EMB_prokbert_C13	tjupan_bacillus_subtilis_main_6406719b10941769	dbtbs_bsub_core_5bcaee6240f23d4b	discovery	67	73	68	73	9.5	+	GTTATT	1.9148224592208862
EMB_prokbert_C13	tjupan_bacillus_subtilis_main_cb8c6e383b33abd4	dbtbs_bsub_core_cb8c6e383b33abd4	discovery	4	10	5	10	-53.5	+	TGGTAT	1.916559100151062
EMB_prokbert_C13	tjupan_bacillus_subtilis_main_0438d7b75e1f910f	dbtbs_bsub_core_975fc641de00609f	discovery	72	78	73	78	14.5	+	TTGTTT	1.917040228843689
EMB_prokbert_C13	tjupan_bacillus_subtilis_main_150dcd3daf63d162	dbtbs_bsub_core_150dcd3daf63d162	discovery	55	61	56	61	-2.5	+	TGTTTG	1.917562484741211
EMB_prokbert_C13	tjupan_bacillus_subtilis_main_91723abad13f63e4	tjupan_bacillus_subtilis_main_91723abad13f63e4	discovery	36	42	37	42	-21.5	+	CGTTTT	1.9178919792175293
EMB_prokbert_C13	tjupan_bacillus_subtilis_main_5fc80954df40cf68	dbtbs_bsub_core_44be1bddac760e1c	discovery	18	24	19	24	-39.5	+	TTATGC	1.931253433227539
EMB_prokbert_C13	tjupan_bacillus_subtilis_main_eb11019c71a3a745	tjupan_bacillus_subtilis_main_eb11019c71a3a745	discovery	64	70	65	70	6.5	+	GTGATT	1.9312922954559326
EMB_prokbert_C13	tjupan_bacillus_subtilis_main_32a70db45859cbb9	dbtbs_bsub_core_32a70db45859cbb9	discovery	40	46	41	46	-17.5	+	TTCCGT	1.9329376220703125
EMB_prokbert_C13	tjupan_bacillus_subtilis_main_5eccf0b4b51999b8	tjupan_bacillus_subtilis_main_5eccf0b4b51999b8	discovery	20	26	21	26	-37.5	+	TTAATG	1.9374383687973022
EMB_prokbert_C13	tjupan_bacillus_subtilis_main_b2e461bb3b5d3d88	dbtbs_bsub_core_b2e461bb3b5d3d88	discovery	34	40	35	40	-23.5	+	TTTGCT	1.937804937362671
EMB_prokbert_C13	tjupan_bacillus_subtilis_main_a52148b067c7a32f	tjupan_bacillus_subtilis_main_a52148b067c7a32f	discovery	9	15	10	15	-48.5	+	TATGCG	1.9378535747528076
EMB_prokbert_C13	tjupan_bacillus_subtilis_main_3be839d09df1dbe1	dbtbs_bsub_core_3be839d09df1dbe1	discovery	6	12	7	12	-51.5	+	GTTTTT	1.9389817714691162
EMB_prokbert_C13	tjupan_bacillus_subtilis_main_2b17d905bac0c3bc	dbtbs_bsub_core_2b17d905bac0c3bc	discovery	51	57	52	57	-6.5	+	ATTGTT	1.9490550756454468
EMB_prokbert_C13	tjupan_bacillus_subtilis_main_2313c7dbb458e370	dbtbs_bsub_core_98d6bef120e2925b	discovery	22	28	23	28	-35.5	+	TCTGTT	1.950765609741211
EMB_prokbert_C13	tjupan_bacillus_subtilis_main_264ccaf63cfb1cfe	tjupan_bacillus_subtilis_main_264ccaf63cfb1cfe	discovery	6	12	7	12	-51.5	+	TGGATT	1.9518696069717407
EMB_prokbert_C13	tjupan_bacillus_subtilis_main_dea64c0f5a12bfa1	dbtbs_bsub_core_a18a06666ab8afa6	discovery	6	12	7	12	-51.5	+	TTGGTT	1.9529964923858643
EMB_prokbert_C13	tjupan_bacillus_subtilis_main_412fe696982b64f9	dbtbs_bsub_core_412fe696982b64f9	discovery	21	27	22	27	-36.5	+	TCGGTG	1.9552597999572754
EMB_prokbert_C13	tjupan_bacillus_subtilis_main_4e48cd3162b15e74	tjupan_bacillus_subtilis_main_4e48cd3162b15e74	discovery	66	72	67	72	8.5	+	GCTTGT	1.9558520317077637
EMB_prokbert_C13	tjupan_bacillus_subtilis_main_1edc8da3b582b0a5	dbtbs_bsub_core_1edc8da3b582b0a5	discovery	46	52	47	52	-11.5	+	TGTATT	1.956684947013855
EMB_prokbert_C13	tjupan_bacillus_subtilis_main_f7fb3b6a673b2fe9	dbtbs_bsub_core_4c8b5a3cc4c24c6c	discovery	17	23	18	23	-40.5	+	ATTTGA	1.9600512981414795
EMB_prokbert_C13	tjupan_bacillus_subtilis_main_1b0cfe46f303d3fa	dbtbs_bsub_core_56695775e253190c	discovery	25	31	26	31	-32.5	+	TGTTTA	1.9645471572875977
EMB_prokbert_C13	tjupan_bacillus_subtilis_main_66846fa14c29dbc1	dbtbs_bsub_core_89ab3601fa8ac055	discovery	67	73	68	73	9.5	+	TTTTGC	1.9676716327667236
EMB_prokbert_C13	tjupan_bacillus_subtilis_main_84597be11ba889b8	tjupan_bacillus_subtilis_main_84597be11ba889b8	discovery	53	59	54	59	-4.5	+	TTTATG	1.9786409139633179
EMB_prokbert_C13	tjupan_bacillus_subtilis_main_671ae756f8df7bca	dbtbs_bsub_core_340ffe292c28e826	discovery	19	25	20	25	-38.5	+	TTTGGT	1.9873642921447754
EMB_prokbert_C13	tjupan_bacillus_subtilis_main_9d5c52bb0fa0ffad	dbtbs_bsub_core_9d5c52bb0fa0ffad	discovery	38	44	39	44	-19.5	+	AGTTTC	1.9994362592697144
EMB_prokbert_C13	tjupan_bacillus_subtilis_main_980ab95cde029f78	tjupan_bacillus_subtilis_main_980ab95cde029f78	discovery	51	57	52	57	-6.5	+	TTTTGA	2.0008203983306885
EMB_prokbert_C13	tjupan_bacillus_subtilis_main_c7c68e6fe4d84a02	tjupan_bacillus_subtilis_main_c7c68e6fe4d84a02	discovery	59	65	60	65	1.5	+	TTTGGC	2.0018763542175293
EMB_prokbert_C13	tjupan_bacillus_subtilis_main_583caee20795a363	dbtbs_bsub_core_eb847cafc60502c2	discovery	17	23	18	23	-40.5	+	TATTTG	2.005570650100708
EMB_prokbert_C13	tjupan_bacillus_subtilis_main_35bf7199ae44b70c	dbtbs_bsub_core_35bf7199ae44b70c	discovery	40	46	41	46	-17.5	+	TTTGGA	2.011033296585083
EMB_prokbert_C13	tjupan_bacillus_subtilis_main_024ba149e95dcf1a	tjupan_bacillus_subtilis_main_024ba149e95dcf1a	discovery	27	33	28	33	-30.5	+	TGATTT	2.020448684692383
EMB_prokbert_C13	tjupan_bacillus_subtilis_main_a7a45131c45395c8	dbtbs_bsub_core_a7a45131c45395c8	discovery	12	18	13	18	-45.5	+	GATTTT	2.024507999420166
EMB_prokbert_C13	tjupan_bacillus_subtilis_main_8559682da7e0b4ef	dbtbs_bsub_core_8559682da7e0b4ef	discovery	64	70	65	70	6.5	+	AATGTT	2.029789686203003
EMB_prokbert_C13	tjupan_bacillus_subtilis_main_49d5f09ecdaa68d2	dbtbs_bsub_core_2fc6766ca8c365d3	discovery	22	28	23	28	-35.5	+	TTATTG	2.03240704536438
EMB_prokbert_C13	tjupan_bacillus_subtilis_main_7358cf40e4efa482	tjupan_bacillus_subtilis_main_7358cf40e4efa482	discovery	62	68	63	68	4.5	+	ATGGCT	2.032883405685425
EMB_prokbert_C13	tjupan_bacillus_subtilis_main_e6accdb752f9724f	dbtbs_bsub_core_41815df9927fe319	discovery	14	20	15	20	-43.5	+	TTATGG	2.038822650909424
EMB_prokbert_C13	tjupan_bacillus_subtilis_main_b59ef89e981b3745	tjupan_bacillus_subtilis_main_b59ef89e981b3745	discovery	23	29	24	29	-34.5	+	TTATGA	2.0391628742218018
EMB_prokbert_C13	tjupan_bacillus_subtilis_main_9c67a769132d62d8	dbtbs_bsub_core_1373e064636d6c9b	discovery	27	33	28	33	-30.5	+	TTGATT	2.0401699542999268
EMB_prokbert_C13	tjupan_bacillus_subtilis_main_d0e455b1c91ba281	dbtbs_bsub_core_f6e924d0656980ad	discovery	8	14	9	14	-49.5	+	GGTTTC	2.040501594543457
EMB_prokbert_C13	tjupan_bacillus_subtilis_main_8e9af30cd29c08ec	dbtbs_bsub_core_ab5345ed831420ec	discovery	50	56	51	56	-7.5	+	AGTTTC	2.047673225402832
EMB_prokbert_C13	tjupan_bacillus_subtilis_main_f9edd67964b41200	dbtbs_bsub_core_f9edd67964b41200	discovery	12	18	13	18	-45.5	+	TTTGCA	2.049452304840088
EMB_prokbert_C13	tjupan_bacillus_subtilis_main_13f36fd95a25452a	tjupan_bacillus_subtilis_main_13f36fd95a25452a	discovery	19	25	20	25	-38.5	+	CTGTTT	2.0527820587158203
EMB_prokbert_C13	tjupan_bacillus_subtilis_main_f6c5351a3e225d0c	dbtbs_bsub_core_f6c5351a3e225d0c	discovery	9	15	10	15	-48.5	+	TTTTGA	2.0630548000335693
EMB_prokbert_C13	tjupan_bacillus_subtilis_main_56fbf5e1ebfb46d1	dbtbs_bsub_core_56fbf5e1ebfb46d1	discovery	58	64	59	64	0.5	+	TTCGTG	2.063308000564575
EMB_prokbert_C13	tjupan_bacillus_subtilis_main_9a6d97baf1c02d30	dbtbs_bsub_core_9a6d97baf1c02d30	discovery	24	30	25	30	-33.5	+	TTTGAC	2.067836284637451
EMB_prokbert_C13	tjupan_bacillus_subtilis_main_b0d8a2369952b821	dbtbs_bsub_core_3f773ca1224c0e26	discovery	1	7	2	7	-56.5	+	TGTTTC	2.0717759132385254
EMB_prokbert_C13	tjupan_bacillus_subtilis_main_eb88f130dfce6401	tjupan_bacillus_subtilis_main_eb88f130dfce6401	discovery	46	52	47	52	-11.5	+	GTTTAT	2.0734057426452637
EMB_prokbert_C13	tjupan_bacillus_subtilis_main_8797dcd405b13c8e	tjupan_bacillus_subtilis_main_8797dcd405b13c8e	discovery	47	53	48	53	-10.5	+	ATTGTT	2.0760111808776855
EMB_prokbert_C13	tjupan_bacillus_subtilis_main_3ac22b11e92c0ec1	tjupan_bacillus_subtilis_main_3ac22b11e92c0ec1	discovery	43	49	44	49	-14.5	+	TTGCAT	2.080754041671753
EMB_prokbert_C13	tjupan_bacillus_subtilis_main_6390012fbb39ca22	tjupan_bacillus_subtilis_main_6390012fbb39ca22	discovery	37	43	38	43	-20.5	+	GTTTTA	2.087101459503174
EMB_prokbert_C13	tjupan_bacillus_subtilis_main_272e2f2c83a48fab	dbtbs_bsub_core_272e2f2c83a48fab	discovery	18	24	19	24	-39.5	+	TTATGG	2.088392972946167
EMB_prokbert_C13	tjupan_bacillus_subtilis_main_f09c3556dc31a575	dbtbs_bsub_core_f09c3556dc31a575	discovery	23	29	24	29	-34.5	+	CTGTTT	2.0890932083129883
EMB_prokbert_C13	tjupan_bacillus_subtilis_main_1732506bbac23b7c	dbtbs_bsub_core_1732506bbac23b7c	discovery	29	35	30	35	-28.5	+	ATTTGG	2.094130277633667
EMB_prokbert_C13	tjupan_bacillus_subtilis_main_0e56c5fe6c5d0db0	dbtbs_bsub_core_cfddcd51a76889fd	discovery	71	77	72	77	13.5	+	TGAATT	2.105607271194458
EMB_prokbert_C13	tjupan_bacillus_subtilis_main_e445a9d379a1812a	dbtbs_bsub_core_e445a9d379a1812a	discovery	18	24	19	24	-39.5	+	TTTGAA	2.1062560081481934
EMB_prokbert_C13	tjupan_bacillus_subtilis_main_4059ca0cce5522a4	tjupan_bacillus_subtilis_main_4059ca0cce5522a4	discovery	58	64	59	64	0.5	+	ATTGTG	2.1101553440093994
EMB_prokbert_C13	tjupan_bacillus_subtilis_main_047e296b8721a352	dbtbs_bsub_core_d618c1525725d045	discovery	10	16	11	16	-47.5	+	TTCGTG	2.1104748249053955
EMB_prokbert_C13	tjupan_bacillus_subtilis_main_48f68d49bf53ea3b	dbtbs_bsub_core_a63e45c266a8243f	discovery	26	32	27	32	-31.5	+	TTTGAG	2.11206316947937
EMB_prokbert_C13	tjupan_bacillus_subtilis_main_8bf0684d999843b1	dbtbs_bsub_core_8bf0684d999843b1	discovery	20	26	21	26	-37.5	+	ATTTTG	2.1125383377075195
EMB_prokbert_C13	tjupan_bacillus_subtilis_main_8f5a33e062052e2d	tjupan_bacillus_subtilis_main_8f5a33e062052e2d	discovery	42	48	43	48	-15.5	+	TGTTGT	2.1129322052001953
EMB_prokbert_C13	tjupan_bacillus_subtilis_main_de399adaaafe5be7	dbtbs_bsub_core_f1028676a1f89b0e	discovery	36	42	37	42	-21.5	+	TTTGCT	2.1134824752807617
EMB_prokbert_C13	tjupan_bacillus_subtilis_main_73f2f27ec267a871	dbtbs_bsub_core_77a7b73eeb200478	discovery	33	39	34	39	-24.5	+	TATTTT	2.1154627799987793
EMB_prokbert_C13	tjupan_bacillus_subtilis_main_f0903ae0ab41d118	dbtbs_bsub_core_16fb2108119b7eaf	discovery	22	28	23	28	-35.5	+	CATTGC	2.1304187774658203
EMB_prokbert_C13	tjupan_bacillus_subtilis_main_9571d32ab22eb9a0	dbtbs_bsub_core_9571d32ab22eb9a0	discovery	18	24	19	24	-39.5	+	CTTTGA	2.1375818252563477
EMB_prokbert_C13	tjupan_bacillus_subtilis_main_3c97e9436cb369c2	dbtbs_bsub_core_6dc10c0d490555ae	discovery	10	16	11	16	-47.5	+	GCTGTT	2.1478583812713623
EMB_prokbert_C13	tjupan_bacillus_subtilis_main_eb51fed06d2e921e	dbtbs_bsub_core_3613f20526b705b5	discovery	67	73	68	73	9.5	+	GTTTAC	2.1492364406585693
EMB_prokbert_C13	tjupan_bacillus_subtilis_main_62eb1c4377c084e1	dbtbs_bsub_core_413a4bed9f6cfeea	discovery	3	9	4	9	-54.5	+	ATTTGT	2.1871516704559326
EMB_prokbert_C13	tjupan_bacillus_subtilis_main_dc65c8922842b20f	tjupan_bacillus_subtilis_main_dc65c8922842b20f	discovery	16	22	17	22	-41.5	+	CAATTT	2.1872313022613525
EMB_prokbert_C13	tjupan_bacillus_subtilis_main_e62d7e001687b19a	tjupan_bacillus_subtilis_main_e62d7e001687b19a	discovery	25	31	26	31	-32.5	+	TTGTTT	2.1882245540618896
EMB_prokbert_C13	tjupan_bacillus_subtilis_main_be557af728070615	tjupan_bacillus_subtilis_main_be557af728070615	discovery	54	60	55	60	-3.5	+	TGGTTT	2.1979384422302246
EMB_prokbert_C13	tjupan_bacillus_subtilis_main_a9fde0fdd238b261	dbtbs_bsub_core_06588c97cd7288a8	discovery	73	79	74	79	15.5	+	TATGTT	2.2008771896362305
EMB_prokbert_C13	tjupan_bacillus_subtilis_main_2c8e4076a462c87c	dbtbs_bsub_core_2c8e4076a462c87c	discovery	23	29	24	29	-34.5	+	GCTTTT	2.201875925064087
EMB_prokbert_C13	tjupan_bacillus_subtilis_main_50a7bea74c679f62	tjupan_bacillus_subtilis_main_50a7bea74c679f62	discovery	0	6	1	6	-57.5	+	TTTGTT	2.203493118286133
EMB_prokbert_C13	tjupan_bacillus_subtilis_main_7541f607431b8a27	dbtbs_bsub_core_1f38e2f4287dbc6d	discovery	24	30	25	30	-33.5	+	TTTTGA	2.205859899520874
EMB_prokbert_C13	tjupan_bacillus_subtilis_main_b24feeda89db5dfd	dbtbs_bsub_core_b24feeda89db5dfd	discovery	62	68	63	68	4.5	+	GTCATT	2.2200210094451904
EMB_prokbert_C13	tjupan_bacillus_subtilis_main_359df7c8e20abe4e	tjupan_bacillus_subtilis_main_359df7c8e20abe4e	discovery	8	14	9	14	-49.5	+	ATGTTC	2.2236602306365967
EMB_prokbert_C13	tjupan_bacillus_subtilis_main_e326833d29b8752f	dbtbs_bsub_core_e326833d29b8752f	discovery	7	13	8	13	-50.5	+	TTTGCT	2.2368431091308594
EMB_prokbert_C13	tjupan_bacillus_subtilis_main_b7c0b4323e70fc71	dbtbs_bsub_core_b7c0b4323e70fc71	discovery	17	23	18	23	-40.5	+	CGTTTT	2.241084098815918
EMB_prokbert_C13	tjupan_bacillus_subtilis_main_e84ae283b7981830	tjupan_bacillus_subtilis_main_e84ae283b7981830	discovery	5	11	6	11	-52.5	+	CATTTG	2.250145196914673
EMB_prokbert_C13	tjupan_bacillus_subtilis_main_e66d1eb3358cf03d	dbtbs_bsub_core_601150b85493a7a1	discovery	17	23	18	23	-40.5	+	GTTGGA	2.259242296218872
EMB_prokbert_C13	tjupan_bacillus_subtilis_main_71a2a4c64c087430	tjupan_bacillus_subtilis_main_71a2a4c64c087430	discovery	18	24	19	24	-39.5	+	TGTTTT	2.262789487838745
EMB_prokbert_C13	tjupan_bacillus_subtilis_main_a2eb9b766304b405	dbtbs_bsub_core_adaec4e024668ee2	discovery	47	53	48	53	-10.5	+	TTTATT	2.2781171798706055
EMB_prokbert_C13	tjupan_bacillus_subtilis_main_7bd42a66d387ec94	dbtbs_bsub_core_5cf240f92a00f0e3	discovery	73	79	74	79	15.5	+	TTTGTA	2.283405303955078
EMB_prokbert_C13	tjupan_bacillus_subtilis_main_954287dc5b301340	tjupan_bacillus_subtilis_main_954287dc5b301340	discovery	16	22	17	22	-41.5	+	TTTGGC	2.287147283554077
EMB_prokbert_C13	tjupan_bacillus_subtilis_main_5564dcefe2988333	tjupan_bacillus_subtilis_main_5564dcefe2988333	discovery	49	55	50	55	-8.5	+	TATTGA	2.3015637397766113
EMB_prokbert_C13	tjupan_bacillus_subtilis_main_61c707ac72aeda97	tjupan_bacillus_subtilis_main_61c707ac72aeda97	discovery	15	21	16	21	-42.5	+	TCTGGT	2.3038792610168457
EMB_prokbert_C13	tjupan_bacillus_subtilis_main_2bdb32bb685dc1db	tjupan_bacillus_subtilis_main_2bdb32bb685dc1db	discovery	5	11	6	11	-52.5	+	ATGGTT	2.3063597679138184
EMB_prokbert_C13	tjupan_bacillus_subtilis_main_bdf5315a71015695	dbtbs_bsub_core_c94ae7322b918d76	discovery	27	33	28	33	-30.5	+	CAATTT	2.3117001056671143
EMB_prokbert_C13	tjupan_bacillus_subtilis_main_834e21e1951468f3	tjupan_bacillus_subtilis_main_834e21e1951468f3	discovery	30	36	31	36	-27.5	+	AACATT	2.318654775619507
EMB_prokbert_C13	tjupan_bacillus_subtilis_main_dcef15bdfb353954	dbtbs_bsub_core_dcef15bdfb353954	discovery	33	39	34	39	-24.5	+	GTTTGT	2.3246357440948486
EMB_prokbert_C13	tjupan_bacillus_subtilis_main_9f03f134e6b67be2	tjupan_bacillus_subtilis_main_9f03f134e6b67be2	discovery	72	78	73	78	14.5	+	TGTGTT	2.337423324584961
EMB_prokbert_C13	tjupan_bacillus_subtilis_main_5150105a4bdfd4ce	tjupan_bacillus_subtilis_main_5150105a4bdfd4ce	discovery	8	14	9	14	-49.5	+	GATTGC	2.3446178436279297
EMB_prokbert_C13	tjupan_bacillus_subtilis_main_6901d7d50287d8c1	dbtbs_bsub_core_6901d7d50287d8c1	discovery	32	38	33	38	-25.5	+	AGTTTG	2.3457353115081787
EMB_prokbert_C13	tjupan_bacillus_subtilis_main_7bc9aa9d4ad371af	dbtbs_bsub_core_7bc9aa9d4ad371af	discovery	2	8	3	8	-55.5	+	AATGTT	2.3586039543151855
EMB_prokbert_C13	tjupan_bacillus_subtilis_main_bd4e9486aa695c78	tjupan_bacillus_subtilis_main_bd4e9486aa695c78	discovery	70	76	71	76	12.5	+	GAGTTT	2.3743956089019775
EMB_prokbert_C13	tjupan_bacillus_subtilis_main_213d453c1e49e371	tjupan_bacillus_subtilis_main_213d453c1e49e371	discovery	22	28	23	28	-35.5	+	GAATTT	2.376903772354126
EMB_prokbert_C13	tjupan_bacillus_subtilis_main_fff8e3a328b3cab3	dbtbs_bsub_core_7231d94d9d77331f	discovery	34	40	35	40	-23.5	+	TTTGCC	2.4568827152252197
EMB_prokbert_C13	tjupan_bacillus_subtilis_main_8bde36b216b3390f	dbtbs_bsub_core_8bde36b216b3390f	discovery	60	66	61	66	2.5	+	TTTTGG	2.494367837905884
EMB_prokbert_C13	tjupan_bacillus_subtilis_main_32475822eb2ec4c0	tjupan_bacillus_subtilis_main_32475822eb2ec4c0	discovery	3	9	4	9	-54.5	+	TCGATT	2.5033485889434814
EMB_prokbert_C13	tjupan_bacillus_subtilis_main_2b799cc13a596bcd	tjupan_bacillus_subtilis_main_2b799cc13a596bcd	discovery	15	21	16	21	-42.5	+	TTGGGC	2.5456597805023193
EMB_prokbert_C13	tjupan_bacillus_subtilis_main_796368712c0cdecb	tjupan_bacillus_subtilis_main_796368712c0cdecb	discovery	31	37	32	37	-26.5	+	TTTTCA	2.5800747871398926
EMB_prokbert_C13	tjupan_bacillus_subtilis_main_0a0035c3a0685aa9	dbtbs_bsub_core_d50ffa4df9b8add7	discovery	7	13	8	13	-50.5	+	TTTAGG	2.5907769203186035
EMB_prokbert_C13	tjupan_bacillus_subtilis_main_b1dfffe50d4e7cba	dbtbs_bsub_core_6990407cd148d57b	discovery	3	9	4	9	-54.5	+	TTTGCG	2.6463611125946045
EMB_prokbert_C13	tjupan_bacillus_subtilis_main_29dff321a99fa8a2	dbtbs_bsub_core_e964a63647aab2c6	discovery	70	76	71	76	12.5	+	TGGTTT	2.6728928089141846
EMB_prokbert_C13	tjupan_bacillus_subtilis_main_4fc356ae4cdf5a10	dbtbs_bsub_core_89ad3abb800dad9f	discovery	1	7	2	7	-56.5	+	TTTGTG	2.7046918869018555
EMB_prokbert_C13	tjupan_bacillus_subtilis_main_87b26b7083b048a9	dbtbs_bsub_core_fe60102a69552e4c	discovery	56	62	57	62	-1.5	+	ATTTGG	2.8357949256896973
EMB_prokbert_C13	tjupan_bacillus_subtilis_main_0d7b08433a8f6233	tjupan_bacillus_subtilis_main_0d7b08433a8f6233	discovery	2	8	3	8	-55.5	+	TTGCCT	2.9352691173553467
EMB_prokbert_C13	tjupan_bacillus_subtilis_main_dccf4ca03cd1642b	dbtbs_bsub_core_dccf4ca03cd1642b	discovery	70	76	71	76	12.5	+	TATTGG	2.9814367294311523
EMB_prokbert_C14	tjupan_bacillus_subtilis_main_f452c4bef1ed8b92	dbtbs_bsub_core_f452c4bef1ed8b92	discovery	62	68	63	68	4.5	+	TAAAAG	1.099279761314392
EMB_prokbert_C14	tjupan_bacillus_subtilis_main_1f2ca280ccaab774	tjupan_bacillus_subtilis_main_1f2ca280ccaab774	discovery	55	61	56	61	-2.5	+	AAGGAA	1.112687349319458
EMB_prokbert_C14	tjupan_bacillus_subtilis_main_2d40490247bb616a	dbtbs_bsub_core_ffa38d6978ad48aa	discovery	30	36	31	36	-27.5	+	AAGGAT	1.1323975324630737
EMB_prokbert_C14	tjupan_bacillus_subtilis_main_f09c3556dc31a575	dbtbs_bsub_core_f09c3556dc31a575	discovery	36	42	37	42	-21.5	+	AAGAAA	1.165989637374878
EMB_prokbert_C14	tjupan_bacillus_subtilis_main_b7cebcbae1ca8171	dbtbs_bsub_core_342a4291e30f5e80	discovery	41	47	42	47	-16.5	+	AAAAGA	1.254350185394287
EMB_prokbert_C14	tjupan_bacillus_subtilis_main_c12152f72b444aff	tjupan_bacillus_subtilis_main_c12152f72b444aff	discovery	22	28	23	28	-35.5	+	AAGAAT	1.2696919441223145
EMB_prokbert_C14	tjupan_bacillus_subtilis_main_8837dc4443db7de3	tjupan_bacillus_subtilis_main_8837dc4443db7de3	discovery	60	66	61	66	2.5	+	AAGAAA	1.29563570022583
EMB_prokbert_C14	tjupan_bacillus_subtilis_main_b578e9e0d96d144a	dbtbs_bsub_core_b578e9e0d96d144a	discovery	73	79	74	79	15.5	+	GAAAGG	1.297467827796936
EMB_prokbert_C14	tjupan_bacillus_subtilis_main_a1b8ecb6878276b4	dbtbs_bsub_core_a1b8ecb6878276b4	discovery	37	43	38	43	-20.5	+	AGAAAG	1.2984553575515747
EMB_prokbert_C14	tjupan_bacillus_subtilis_main_14a46634ed7dcff0	tjupan_bacillus_subtilis_main_14a46634ed7dcff0	discovery	51	57	52	57	-6.5	+	AATAAG	1.2988320589065552
EMB_prokbert_C14	tjupan_bacillus_subtilis_main_ced72b826f4a910f	dbtbs_bsub_core_d1a4fbb8ec4bd212	discovery	39	45	40	45	-18.5	+	AGAAAG	1.3090845346450806
EMB_prokbert_C14	tjupan_bacillus_subtilis_main_e2d1119cb664dabf	dbtbs_bsub_core_954deecd8ab02ea9	discovery	67	73	68	73	9.5	+	ATAAAG	1.3266396522521973
EMB_prokbert_C14	tjupan_bacillus_subtilis_main_342a4291e30f5e80	dbtbs_bsub_core_342a4291e30f5e80	discovery	50	56	51	56	-7.5	+	AAAGAG	1.3298547267913818
EMB_prokbert_C14	tjupan_bacillus_subtilis_main_036f4e66b4e66745	dbtbs_bsub_core_7b26bab7de636614	discovery	61	67	62	67	3.5	+	AAATAG	1.3500066995620728
EMB_prokbert_C14	tjupan_bacillus_subtilis_main_43596a46e3e4ddaa	tjupan_bacillus_subtilis_main_43596a46e3e4ddaa	discovery	64	70	65	70	6.5	+	AGGAAA	1.3570973873138428
EMB_prokbert_C14	tjupan_bacillus_subtilis_main_36eed70446e6810b	dbtbs_bsub_core_36eed70446e6810b	discovery	8	14	9	14	-49.5	+	TAGAAA	1.3665661811828613
EMB_prokbert_C14	tjupan_bacillus_subtilis_main_92c71ea9f3febc7f	dbtbs_bsub_core_c2ee7abb48038f6f	discovery	14	20	15	20	-43.5	+	CAAGGA	1.372439980506897
EMB_prokbert_C14	tjupan_bacillus_subtilis_main_e6accdb752f9724f	dbtbs_bsub_core_41815df9927fe319	discovery	67	73	68	73	9.5	+	AAAGAA	1.3768930435180664
EMB_prokbert_C14	tjupan_bacillus_subtilis_main_fbae385e087109ce	tjupan_bacillus_subtilis_main_fbae385e087109ce	discovery	26	32	27	32	-31.5	+	AAGGAA	1.3795502185821533
EMB_prokbert_C14	tjupan_bacillus_subtilis_main_7c03938b389dc368	dbtbs_bsub_core_39e8d21f598046d9	discovery	5	11	6	11	-52.5	+	GGAAAA	1.392181158065796
EMB_prokbert_C14	tjupan_bacillus_subtilis_main_13f36fd95a25452a	tjupan_bacillus_subtilis_main_13f36fd95a25452a	discovery	7	13	8	13	-50.5	+	AAAGAG	1.39256751537323
EMB_prokbert_C14	tjupan_bacillus_subtilis_main_3e1210c1f898bc48	dbtbs_bsub_core_42eaa371353368b2	discovery	64	70	65	70	6.5	+	AAGAAA	1.394228458404541
EMB_prokbert_C14	tjupan_bacillus_subtilis_main_47a0d4425a7cca49	tjupan_bacillus_subtilis_main_47a0d4425a7cca49	discovery	71	77	72	77	13.5	+	GAAAGG	1.3965744972229004
EMB_prokbert_C14	tjupan_bacillus_subtilis_main_d9679a25a18d6da1	tjupan_bacillus_subtilis_main_c9bc5ed233eba13a	discovery	60	66	61	66	2.5	+	TAAGAA	1.3966219425201416
EMB_prokbert_C14	tjupan_bacillus_subtilis_main_ff62fa3227cb3ab1	dbtbs_bsub_core_f748f853b4ec2056	discovery	69	75	70	75	11.5	+	AAGGAA	1.396703839302063
EMB_prokbert_C14	tjupan_bacillus_subtilis_main_0e56c5fe6c5d0db0	dbtbs_bsub_core_cfddcd51a76889fd	discovery	61	67	62	67	3.5	+	AAAAGG	1.4030647277832031
EMB_prokbert_C14	tjupan_bacillus_subtilis_main_b790c6b12a43a7c6	tjupan_bacillus_subtilis_main_b790c6b12a43a7c6	discovery	59	65	60	65	1.5	+	AAAGAA	1.4076734781265259
EMB_prokbert_C14	tjupan_bacillus_subtilis_main_32a70db45859cbb9	dbtbs_bsub_core_32a70db45859cbb9	discovery	71	77	72	77	13.5	+	GAAAAG	1.4083174467086792
EMB_prokbert_C14	tjupan_bacillus_subtilis_main_06d485c4aaa12e15	dbtbs_bsub_core_06d485c4aaa12e15	discovery	71	77	72	77	13.5	+	TAAAGG	1.417791724205017
EMB_prokbert_C14	tjupan_bacillus_subtilis_main_ef37e7c4f77cfd3f	tjupan_bacillus_subtilis_main_ef37e7c4f77cfd3f	discovery	45	51	46	51	-12.5	+	AAAGAG	1.4217761754989624
EMB_prokbert_C14	tjupan_bacillus_subtilis_main_25308dd77914b9d9	dbtbs_bsub_core_1dc2eb4818f9715a	discovery	40	46	41	46	-17.5	+	CAAAGA	1.4275397062301636
EMB_prokbert_C14	tjupan_bacillus_subtilis_main_7c1cf5cd36017844	tjupan_bacillus_subtilis_main_7c1cf5cd36017844	discovery	57	63	58	63	-0.5	+	AGAAAT	1.4288709163665771
EMB_prokbert_C14	tjupan_bacillus_subtilis_main_ecef2875a7a372ba	dbtbs_bsub_core_ecef2875a7a372ba	discovery	52	58	53	58	-5.5	+	TGAAAG	1.4312036037445068
EMB_prokbert_C14	tjupan_bacillus_subtilis_main_2db0b8f33ca38a29	tjupan_bacillus_subtilis_main_2db0b8f33ca38a29	discovery	57	63	58	63	-0.5	+	AGAAAG	1.4324053525924683
EMB_prokbert_C14	tjupan_bacillus_subtilis_main_2b799cc13a596bcd	tjupan_bacillus_subtilis_main_2b799cc13a596bcd	discovery	59	65	60	65	1.5	+	AAGGAA	1.433590054512024
EMB_prokbert_C14	tjupan_bacillus_subtilis_main_857deea4069ff6ab	tjupan_bacillus_subtilis_main_857deea4069ff6ab	discovery	36	42	37	42	-21.5	+	GAAAGG	1.4452120065689087
EMB_prokbert_C14	tjupan_bacillus_subtilis_main_9361e0f82edaa017	tjupan_bacillus_subtilis_main_9361e0f82edaa017	discovery	69	75	70	75	11.5	+	GAAAGT	1.4460901021957397
EMB_prokbert_C14	tjupan_bacillus_subtilis_main_359df7c8e20abe4e	tjupan_bacillus_subtilis_main_359df7c8e20abe4e	discovery	74	80	75	80	16.5	+	TAAAGA	1.449822187423706
EMB_prokbert_C14	tjupan_bacillus_subtilis_main_a43a1f032db2e49e	dbtbs_bsub_core_872c1380ac7bb81f	discovery	61	67	62	67	3.5	+	GGAGAA	1.4506994485855103
EMB_prokbert_C14	tjupan_bacillus_subtilis_main_264ccaf63cfb1cfe	tjupan_bacillus_subtilis_main_264ccaf63cfb1cfe	discovery	58	64	59	64	0.5	+	GAAAAG	1.4539270401000977
EMB_prokbert_C14	tjupan_bacillus_subtilis_main_a723fdca1013c0b5	dbtbs_bsub_core_a723fdca1013c0b5	discovery	54	60	55	60	-3.5	+	GAAAGA	1.4593974351882935
EMB_prokbert_C14	tjupan_bacillus_subtilis_main_6fc8019646ae0ec6	dbtbs_bsub_core_0346364171f10446	discovery	56	62	57	62	-1.5	+	AAATAG	1.463950753211975
EMB_prokbert_C14	tjupan_bacillus_subtilis_main_7d976c34bed90c97	tjupan_bacillus_subtilis_main_7d976c34bed90c97	discovery	57	63	58	63	-0.5	+	AAAAGA	1.4729236364364624
EMB_prokbert_C14	tjupan_bacillus_subtilis_main_2c9e8a462277f7da	dbtbs_bsub_core_f7573fed016c047b	discovery	59	65	60	65	1.5	+	TAAGAA	1.4797999858856201
EMB_prokbert_C14	tjupan_bacillus_subtilis_main_69a39ef163dd4726	tjupan_bacillus_subtilis_main_69a39ef163dd4726	discovery	29	35	30	35	-28.5	+	AAAATA	1.4866957664489746
EMB_prokbert_C14	tjupan_bacillus_subtilis_main_61e92334116d4289	dbtbs_bsub_core_946ad3835c6af00d	discovery	8	14	9	14	-49.5	+	AAGGAA	1.491771936416626
EMB_prokbert_C14	tjupan_bacillus_subtilis_main_84597be11ba889b8	tjupan_bacillus_subtilis_main_84597be11ba889b8	discovery	17	23	18	23	-40.5	+	CAAGAA	1.4946948289871216
EMB_prokbert_C14	tjupan_bacillus_subtilis_main_5e8ac4f4506ef781	dbtbs_bsub_core_cdccc2e2972286a4	discovery	53	59	54	59	-4.5	+	TAAGAA	1.4948773384094238
EMB_prokbert_C14	tjupan_bacillus_subtilis_main_e4ca0c490585b644	tjupan_bacillus_subtilis_main_e4ca0c490585b644	discovery	24	30	25	30	-33.5	+	TGAAAG	1.4964888095855713
EMB_prokbert_C14	tjupan_bacillus_subtilis_main_2c8e4076a462c87c	dbtbs_bsub_core_2c8e4076a462c87c	discovery	68	74	69	74	10.5	+	AAGAAC	1.4995685815811157
EMB_prokbert_C14	tjupan_bacillus_subtilis_main_8b7394af6b78d50f	dbtbs_bsub_core_c890b4346c03f247	discovery	62	68	63	68	4.5	+	TAGGAA	1.5011284351348877
EMB_prokbert_C14	tjupan_bacillus_subtilis_main_7ac1767347438edd	dbtbs_bsub_core_5c6ce2f66e66fe9e	discovery	45	51	46	51	-12.5	+	AAGAAG	1.505063772201538
EMB_prokbert_C14	tjupan_bacillus_subtilis_main_8265264627414ceb	tjupan_bacillus_subtilis_main_8265264627414ceb	discovery	70	76	71	76	12.5	+	CAAGAA	1.505189061164856
EMB_prokbert_C14	tjupan_bacillus_subtilis_main_213d453c1e49e371	tjupan_bacillus_subtilis_main_213d453c1e49e371	discovery	15	21	16	21	-42.5	+	AAAGAA	1.5125513076782227
EMB_prokbert_C14	tjupan_bacillus_subtilis_main_be36dbaf549189cb	tjupan_bacillus_subtilis_main_be36dbaf549189cb	discovery	62	68	63	68	4.5	+	AAGGAA	1.5135382413864136
EMB_prokbert_C14	tjupan_bacillus_subtilis_main_9571d32ab22eb9a0	dbtbs_bsub_core_9571d32ab22eb9a0	discovery	4	10	5	10	-53.5	+	GAAAGA	1.5161190032958984
EMB_prokbert_C14	tjupan_bacillus_subtilis_main_48b85a8a5c19ece4	dbtbs_bsub_core_7730e205ee5d9991	discovery	16	22	17	22	-41.5	+	GGATAA	1.517000675201416
EMB_prokbert_C14	tjupan_bacillus_subtilis_main_0d315ab142d66dcc	dbtbs_bsub_core_76d28d1be3f9f514	discovery	55	61	56	61	-2.5	+	AAAAGA	1.5182654857635498
EMB_prokbert_C14	tjupan_bacillus_subtilis_main_f246415af5cfc524	dbtbs_bsub_core_f246415af5cfc524	discovery	70	76	71	76	12.5	+	AAAGAG	1.5185959339141846
EMB_prokbert_C14	tjupan_bacillus_subtilis_main_954287dc5b301340	tjupan_bacillus_subtilis_main_954287dc5b301340	discovery	5	11	6	11	-52.5	+	AATAAG	1.5227694511413574
EMB_prokbert_C14	tjupan_bacillus_subtilis_main_de399adaaafe5be7	dbtbs_bsub_core_f1028676a1f89b0e	discovery	9	15	10	15	-48.5	+	ATAAGA	1.5250886678695679
EMB_prokbert_C14	tjupan_bacillus_subtilis_main_8b925a3983e97ebd	dbtbs_bsub_core_0346364171f10446	discovery	59	65	60	65	1.5	+	AAAATA	1.528458833694458
EMB_prokbert_C14	tjupan_bacillus_subtilis_main_96d42d8ccff315ec	tjupan_bacillus_subtilis_main_96d42d8ccff315ec	discovery	59	65	60	65	1.5	+	CAAAGA	1.5306365489959717
EMB_prokbert_C14	tjupan_bacillus_subtilis_main_ffb5b3082f8ea0cd	tjupan_bacillus_subtilis_main_ffb5b3082f8ea0cd	discovery	14	20	15	20	-43.5	+	GGAAAA	1.5371530055999756
EMB_prokbert_C14	tjupan_bacillus_subtilis_main_ca7144caa797f7bc	dbtbs_bsub_core_ca7144caa797f7bc	discovery	73	79	74	79	15.5	+	AAGGAA	1.5432658195495605
EMB_prokbert_C14	tjupan_bacillus_subtilis_main_c9bc5ed233eba13a	tjupan_bacillus_subtilis_main_c9bc5ed233eba13a	discovery	67	73	68	73	9.5	+	TAAGAA	1.545776128768921
EMB_prokbert_C14	tjupan_bacillus_subtilis_main_eb3c3d68906264b7	tjupan_bacillus_subtilis_main_eb3c3d68906264b7	discovery	14	20	15	20	-43.5	+	AGAAAA	1.552240014076233
EMB_prokbert_C14	tjupan_bacillus_subtilis_main_ff3d11f785ddd890	dbtbs_bsub_core_ff3d11f785ddd890	discovery	40	46	41	46	-17.5	+	GAAAAG	1.557041049003601
EMB_prokbert_C14	tjupan_bacillus_subtilis_main_3be839d09df1dbe1	dbtbs_bsub_core_3be839d09df1dbe1	discovery	13	19	14	19	-44.5	+	GAAAAG	1.5604960918426514
EMB_prokbert_C14	tjupan_bacillus_subtilis_main_a032a3114b7dbf1c	dbtbs_bsub_core_a032a3114b7dbf1c	discovery	70	76	71	76	12.5	+	GAAGGT	1.5620496273040771
EMB_prokbert_C14	tjupan_bacillus_subtilis_main_2be0a0a038238614	tjupan_bacillus_subtilis_main_2be0a0a038238614	discovery	59	65	60	65	1.5	+	CAGAAA	1.563413381576538
EMB_prokbert_C14	tjupan_bacillus_subtilis_main_ba2dc8596ef2486c	dbtbs_bsub_core_ba2dc8596ef2486c	discovery	40	46	41	46	-17.5	+	AGAAAA	1.5703306198120117
EMB_prokbert_C14	tjupan_bacillus_subtilis_main_d24ab9ea2522f43e	dbtbs_bsub_core_e391b9fe5a0b653f	discovery	37	43	38	43	-20.5	+	AAAGAA	1.578004240989685
EMB_prokbert_C14	tjupan_bacillus_subtilis_main_8f7d87652de79d90	dbtbs_bsub_core_8f7d87652de79d90	discovery	24	30	25	30	-33.5	+	ATAAGA	1.5782197713851929
EMB_prokbert_C14	tjupan_bacillus_subtilis_main_b11aff47b9c426f3	dbtbs_bsub_core_b11aff47b9c426f3	discovery	38	44	39	44	-19.5	+	GGAAAT	1.5797765254974365
EMB_prokbert_C14	tjupan_bacillus_subtilis_main_c204793b69b45448	dbtbs_bsub_core_c204793b69b45448	discovery	38	44	39	44	-19.5	+	TAGAAA	1.5863003730773926
EMB_prokbert_C14	tjupan_bacillus_subtilis_main_1478640e036e0224	dbtbs_bsub_core_1478640e036e0224	discovery	24	30	25	30	-33.5	+	AAGGAA	1.5896356105804443
EMB_prokbert_C14	tjupan_bacillus_subtilis_main_05b3d931ff35d8e8	dbtbs_bsub_core_05b3d931ff35d8e8	discovery	63	69	64	69	5.5	+	TAAAAG	1.593158483505249
EMB_prokbert_C14	tjupan_bacillus_subtilis_main_5eccf0b4b51999b8	tjupan_bacillus_subtilis_main_5eccf0b4b51999b8	discovery	41	47	42	47	-16.5	+	TAAAAG	1.6021041870117188
EMB_prokbert_C14	tjupan_bacillus_subtilis_main_666dd7e391a36890	dbtbs_bsub_core_666dd7e391a36890	discovery	37	43	38	43	-20.5	+	TGAAAG	1.6025210618972778
EMB_prokbert_C14	tjupan_bacillus_subtilis_main_89a40bf9e0650967	dbtbs_bsub_core_89a40bf9e0650967	discovery	21	27	22	27	-36.5	+	GAATAG	1.6055283546447754
EMB_prokbert_C14	tjupan_bacillus_subtilis_main_52267ea931cb2dd7	dbtbs_bsub_core_b35218f45c0f11c8	discovery	69	75	70	75	11.5	+	TAAAGG	1.6073248386383057
EMB_prokbert_C14	tjupan_bacillus_subtilis_main_8797dcd405b13c8e	tjupan_bacillus_subtilis_main_8797dcd405b13c8e	discovery	9	15	10	15	-48.5	+	AAAAGA	1.6082209348678589
EMB_prokbert_C14	tjupan_bacillus_subtilis_main_61d216a2a24189d0	dbtbs_bsub_core_61d216a2a24189d0	discovery	27	33	28	33	-30.5	+	GAAAAG	1.6085909605026245
EMB_prokbert_C14	tjupan_bacillus_subtilis_main_56bd9deba3d3b9f9	dbtbs_bsub_core_5dd7cccc54d589c3	discovery	60	66	61	66	2.5	+	GAAAGG	1.6109763383865356
EMB_prokbert_C14	tjupan_bacillus_subtilis_main_ade9dc791ab39f6c	dbtbs_bsub_core_ade9dc791ab39f6c	discovery	73	79	74	79	15.5	+	ATGAAG	1.611517310142517
EMB_prokbert_C14	tjupan_bacillus_subtilis_main_8a0979b032bb35c1	dbtbs_bsub_core_33318fe6256d39ff	discovery	57	63	58	63	-0.5	+	AAAGAA	1.621286392211914
EMB_prokbert_C14	tjupan_bacillus_subtilis_main_90a64d4511c49526	dbtbs_bsub_core_90a64d4511c49526	discovery	70	76	71	76	12.5	+	AAGAAA	1.621762990951538
EMB_prokbert_C14	tjupan_bacillus_subtilis_main_be897b68bd393df0	dbtbs_bsub_core_be897b68bd393df0	discovery	63	69	64	69	5.5	+	AAGGGA	1.6253389120101929
EMB_prokbert_C14	tjupan_bacillus_subtilis_main_da7f3c0608c35165	dbtbs_bsub_core_da7f3c0608c35165	discovery	42	48	43	48	-15.5	+	AGAAAT	1.6255477666854858
EMB_prokbert_C14	tjupan_bacillus_subtilis_main_f3423ecbff5b6537	dbtbs_bsub_core_dc8c32e7cfbca6d1	discovery	40	46	41	46	-17.5	+	GAAAGA	1.6261956691741943
EMB_prokbert_C14	tjupan_bacillus_subtilis_main_fa23a6db7de139e8	tjupan_bacillus_subtilis_main_fa23a6db7de139e8	discovery	53	59	54	59	-4.5	+	TGAAAG	1.6275286674499512
EMB_prokbert_C14	tjupan_bacillus_subtilis_main_ffefbc2ceaf331ea	dbtbs_bsub_core_ea5509009da1e1aa	discovery	51	57	52	57	-6.5	+	TGAAAG	1.6306315660476685
EMB_prokbert_C14	tjupan_bacillus_subtilis_main_13f211949a22c74a	dbtbs_bsub_core_bdbae944a25ddfff	discovery	68	74	69	74	10.5	+	AGAAAG	1.634373664855957
EMB_prokbert_C14	tjupan_bacillus_subtilis_main_a7a45131c45395c8	dbtbs_bsub_core_a7a45131c45395c8	discovery	69	75	70	75	11.5	+	ATAGAA	1.6345869302749634
EMB_prokbert_C14	tjupan_bacillus_subtilis_main_6390012fbb39ca22	tjupan_bacillus_subtilis_main_6390012fbb39ca22	discovery	5	11	6	11	-52.5	+	AAGAAA	1.6376312971115112
EMB_prokbert_C14	tjupan_bacillus_subtilis_main_78caf7680ac9ae4c	tjupan_bacillus_subtilis_main_78caf7680ac9ae4c	discovery	68	74	69	74	10.5	+	AAGAAA	1.6383605003356934
EMB_prokbert_C14	tjupan_bacillus_subtilis_main_3ab41c1b83ba019b	dbtbs_bsub_core_c956a5fd581ed80a	discovery	59	65	60	65	1.5	+	TAGAAA	1.6490294933319092
EMB_prokbert_C14	tjupan_bacillus_subtilis_main_e1fd6875b30f4c73	dbtbs_bsub_core_e1fd6875b30f4c73	discovery	59	65	60	65	1.5	+	TGAAAG	1.652958631515503
EMB_prokbert_C14	tjupan_bacillus_subtilis_main_9c3cc423ec1465b1	dbtbs_bsub_core_9c3cc423ec1465b1	discovery	69	75	70	75	11.5	+	GAAAGA	1.6529967784881592
EMB_prokbert_C14	tjupan_bacillus_subtilis_main_db7eebd0b9425a4f	dbtbs_bsub_core_db7eebd0b9425a4f	discovery	59	65	60	65	1.5	+	TGAAAG	1.655605673789978
EMB_prokbert_C14	tjupan_bacillus_subtilis_main_eaa75817f87b3088	dbtbs_bsub_core_71c43b52121900cc	discovery	30	36	31	36	-27.5	+	CAGAAA	1.6577104330062866
EMB_prokbert_C14	tjupan_bacillus_subtilis_main_0b7b75ba67f19880	dbtbs_bsub_core_0b7b75ba67f19880	discovery	73	79	74	79	15.5	+	AGAAAG	1.6593929529190063
EMB_prokbert_C14	tjupan_bacillus_subtilis_main_5e3ef261f40425ef	tjupan_bacillus_subtilis_main_5e3ef261f40425ef	discovery	67	73	68	73	9.5	+	AAGGAA	1.6630305051803589
EMB_prokbert_C14	tjupan_bacillus_subtilis_main_67a8fe9203485bd0	dbtbs_bsub_core_67a8fe9203485bd0	discovery	37	43	38	43	-20.5	+	AGAAAA	1.6651082038879395
EMB_prokbert_C14	tjupan_bacillus_subtilis_main_85511e0264f2e3b8	dbtbs_bsub_core_35445cef3104bf74	discovery	37	43	38	43	-20.5	+	AAAAGG	1.6669341325759888
EMB_prokbert_C14	tjupan_bacillus_subtilis_main_86c973796d10f50f	dbtbs_bsub_core_86c973796d10f50f	discovery	4	10	5	10	-53.5	+	AGAAAA	1.667805790901184
EMB_prokbert_C14	tjupan_bacillus_subtilis_main_64dfe397c07a4656	dbtbs_bsub_core_99013d44fc3df9d1	discovery	64	70	65	70	6.5	+	GAAAAG	1.6732641458511353
EMB_prokbert_C14	tjupan_bacillus_subtilis_main_3ab27dce0b1876ca	dbtbs_bsub_core_d52b0eed3ebbab2d	discovery	12	18	13	18	-45.5	+	GAAAAT	1.6737409830093384
EMB_prokbert_C14	tjupan_bacillus_subtilis_main_636c41b820e9fd5d	tjupan_bacillus_subtilis_main_636c41b820e9fd5d	discovery	70	76	71	76	12.5	+	AAAAGA	1.6786340475082397
EMB_prokbert_C14	tjupan_bacillus_subtilis_main_b7d5a32e40c68782	tjupan_bacillus_subtilis_main_b7d5a32e40c68782	discovery	68	74	69	74	10.5	+	AGATAA	1.680453896522522
EMB_prokbert_C14	tjupan_bacillus_subtilis_main_550b125b16dc206e	dbtbs_bsub_core_2ab03862f0e9dd2f	discovery	59	65	60	65	1.5	+	GACTAA	1.6814277172088623
EMB_prokbert_C14	tjupan_bacillus_subtilis_main_d33162cb12a5a549	tjupan_bacillus_subtilis_main_d33162cb12a5a549	discovery	60	66	61	66	2.5	+	AAAAGA	1.6826099157333374
EMB_prokbert_C14	tjupan_bacillus_subtilis_main_4cf64b5587e1d04e	dbtbs_bsub_core_4cf64b5587e1d04e	discovery	58	64	59	64	0.5	+	AAGAAA	1.683788776397705
EMB_prokbert_C14	tjupan_bacillus_subtilis_main_a31f56ff3ee450d4	dbtbs_bsub_core_1c4407f77cf4bab2	discovery	72	78	73	78	14.5	+	AAAGAA	1.6866871118545532
EMB_prokbert_C14	tjupan_bacillus_subtilis_main_412fe696982b64f9	dbtbs_bsub_core_412fe696982b64f9	discovery	60	66	61	66	2.5	+	AGAAAG	1.6915361881256104
EMB_prokbert_C14	tjupan_bacillus_subtilis_main_a43c85166b962f37	dbtbs_bsub_core_47d2cdeb8a491885	discovery	61	67	62	67	3.5	+	GAAGTA	1.696639060974121
EMB_prokbert_C14	tjupan_bacillus_subtilis_main_50224837ca8eceb5	dbtbs_bsub_core_50224837ca8eceb5	discovery	22	28	23	28	-35.5	+	AAAGAA	1.6991244554519653
EMB_prokbert_C14	tjupan_bacillus_subtilis_main_26786ec6f94b1750	dbtbs_bsub_core_26786ec6f94b1750	discovery	18	24	19	24	-39.5	+	AAAGAG	1.6993821859359741
EMB_prokbert_C14	tjupan_bacillus_subtilis_main_8bde36b216b3390f	dbtbs_bsub_core_8bde36b216b3390f	discovery	27	33	28	33	-30.5	+	GAAGAA	1.7027329206466675
EMB_prokbert_C14	tjupan_bacillus_subtilis_main_0ad5dcad37f1ba39	dbtbs_bsub_core_712e4b81f6fdb41a	discovery	19	25	20	25	-38.5	+	TAAGAA	1.7060580253601074
EMB_prokbert_C14	tjupan_bacillus_subtilis_main_9990510225814384	tjupan_bacillus_subtilis_main_9990510225814384	discovery	29	35	30	35	-28.5	+	TAAAGA	1.708648920059204
EMB_prokbert_C14	tjupan_bacillus_subtilis_main_54fd4c2966482e2c	dbtbs_bsub_core_ba3becfc7c3e4e17	discovery	61	67	62	67	3.5	+	TAGAAA	1.7142382860183716
EMB_prokbert_C14	tjupan_bacillus_subtilis_main_fde7c2aaac5c57ce	dbtbs_bsub_core_fde7c2aaac5c57ce	discovery	13	19	14	19	-44.5	+	AAGAAG	1.7171978950500488
EMB_prokbert_C14	tjupan_bacillus_subtilis_main_6b5eda10bbc36b27	dbtbs_bsub_core_0d578393adbcde98	discovery	62	68	63	68	4.5	+	CAAGAA	1.7227482795715332
EMB_prokbert_C14	tjupan_bacillus_subtilis_main_ad6e1b40396f6528	dbtbs_bsub_core_ad6e1b40396f6528	discovery	26	32	27	32	-31.5	+	TGAAAG	1.7247856855392456
EMB_prokbert_C14	tjupan_bacillus_subtilis_main_e62d7e001687b19a	tjupan_bacillus_subtilis_main_e62d7e001687b19a	discovery	33	39	34	39	-24.5	+	AAGAAT	1.7256661653518677
EMB_prokbert_C14	tjupan_bacillus_subtilis_main_acb860b1f6674578	dbtbs_bsub_core_f1e6e06788e9c9fd	discovery	17	23	18	23	-40.5	+	AAGAAA	1.7273075580596924
EMB_prokbert_C14	tjupan_bacillus_subtilis_main_ff61268918c0af5d	tjupan_bacillus_subtilis_main_ff61268918c0af5d	discovery	15	21	16	21	-42.5	+	AAGAAA	1.7284040451049805
EMB_prokbert_C14	tjupan_bacillus_subtilis_main_e1d5408a78fdd1c5	dbtbs_bsub_core_f8ce2fa963a01405	discovery	36	42	37	42	-21.5	+	AGAAAA	1.7340677976608276
EMB_prokbert_C14	tjupan_bacillus_subtilis_main_70da326395794983	tjupan_bacillus_subtilis_main_70da326395794983	discovery	64	70	65	70	6.5	+	ATAAAA	1.7341786623001099
EMB_prokbert_C14	tjupan_bacillus_subtilis_main_f58412ec32c641aa	dbtbs_bsub_core_bba92a46eba6f8e0	discovery	60	66	61	66	2.5	+	AAGAAA	1.7432626485824585
EMB_prokbert_C14	tjupan_bacillus_subtilis_main_972c682163779595	dbtbs_bsub_core_6e525afed4c0ab9e	discovery	61	67	62	67	3.5	+	CAGAAA	1.744944453239441
EMB_prokbert_C14	tjupan_bacillus_subtilis_main_e66d1eb3358cf03d	dbtbs_bsub_core_601150b85493a7a1	discovery	21	27	22	27	-36.5	+	GAAAAG	1.7467280626296997
EMB_prokbert_C14	tjupan_bacillus_subtilis_main_c22e62909e814f30	dbtbs_bsub_core_e2251470d219464a	discovery	41	47	42	47	-16.5	+	AAGCAG	1.7484798431396484
EMB_prokbert_C14	tjupan_bacillus_subtilis_main_1b0cfe46f303d3fa	dbtbs_bsub_core_56695775e253190c	discovery	48	54	49	54	-9.5	+	GAAAAG	1.7507635354995728
EMB_prokbert_C14	tjupan_bacillus_subtilis_main_4a76c51266c80a0f	dbtbs_bsub_core_b905bf06b88d4e46	discovery	71	77	72	77	13.5	+	AAAGGA	1.7512210607528687
EMB_prokbert_C14	tjupan_bacillus_subtilis_main_bba2e45eb636482b	dbtbs_bsub_core_bba2e45eb636482b	discovery	40	46	41	46	-17.5	+	AAAGAA	1.7550586462020874
EMB_prokbert_C14	tjupan_bacillus_subtilis_main_7e538c30b860aa5a	tjupan_bacillus_subtilis_main_7e538c30b860aa5a	discovery	56	62	57	62	-1.5	+	AAAGGA	1.7588833570480347
EMB_prokbert_C14	tjupan_bacillus_subtilis_main_32475822eb2ec4c0	tjupan_bacillus_subtilis_main_32475822eb2ec4c0	discovery	63	69	64	69	5.5	+	GAAAGG	1.75942862033844
EMB_prokbert_C14	tjupan_bacillus_subtilis_main_dbf995194ebf2b2d	dbtbs_bsub_core_dbf995194ebf2b2d	discovery	35	41	36	41	-22.5	+	AGGTGA	1.7598153352737427
EMB_prokbert_C14	tjupan_bacillus_subtilis_main_dc21315df009d1aa	dbtbs_bsub_core_4631e0ee0e2e12e5	discovery	31	37	32	37	-26.5	+	TAAAAG	1.7600761651992798
EMB_prokbert_C14	tjupan_bacillus_subtilis_main_6514a11d381455ae	tjupan_bacillus_subtilis_main_6514a11d381455ae	discovery	59	65	60	65	1.5	+	AAGGAA	1.760155439376831
EMB_prokbert_C14	tjupan_bacillus_subtilis_main_7cd769ed0580d73e	tjupan_bacillus_subtilis_main_7cd769ed0580d73e	discovery	6	12	7	12	-51.5	+	GGAAAA	1.7626893520355225
EMB_prokbert_C14	tjupan_bacillus_subtilis_main_1db11a6d86ff5865	tjupan_bacillus_subtilis_main_1db11a6d86ff5865	discovery	63	69	64	69	5.5	+	ACAAGA	1.770047664642334
EMB_prokbert_C14	tjupan_bacillus_subtilis_main_e95909bd7e136f46	dbtbs_bsub_core_426aaa712ced5536	discovery	3	9	4	9	-54.5	+	AGAAAG	1.7710168361663818
EMB_prokbert_C14	tjupan_bacillus_subtilis_main_e9623f8193af34e0	dbtbs_bsub_core_e9623f8193af34e0	discovery	31	37	32	37	-26.5	+	GATGAA	1.771383285522461
EMB_prokbert_C14	tjupan_bacillus_subtilis_main_0a71b8cbf4011c3b	dbtbs_bsub_core_dc5af08cd1bffe94	discovery	13	19	14	19	-44.5	+	GGAAAG	1.7725162506103516
EMB_prokbert_C14	tjupan_bacillus_subtilis_main_993a308bb6e190e1	dbtbs_bsub_core_993a308bb6e190e1	discovery	75	81	76	81	17.5	+	GAAAGC	1.7755366563796997
EMB_prokbert_C14	tjupan_bacillus_subtilis_main_8fa35d24a76b6d72	tjupan_bacillus_subtilis_main_8fa35d24a76b6d72	discovery	55	61	56	61	-2.5	+	TAAGGA	1.7766112089157104
EMB_prokbert_C14	tjupan_bacillus_subtilis_main_ea59d0ddaaaaf005	dbtbs_bsub_core_ff8c346476498240	discovery	2	8	3	8	-55.5	+	TGAAAG	1.7901978492736816
EMB_prokbert_C14	tjupan_bacillus_subtilis_main_3adf706b5413c6ce	tjupan_bacillus_subtilis_main_3adf706b5413c6ce	discovery	71	77	72	77	13.5	+	ATAAGG	1.790610671043396
EMB_prokbert_C14	tjupan_bacillus_subtilis_main_0acb3976b9331524	tjupan_bacillus_subtilis_main_0acb3976b9331524	discovery	17	23	18	23	-40.5	+	AAAGGA	1.7912641763687134
EMB_prokbert_C14	tjupan_bacillus_subtilis_main_d03161002d7a6f34	dbtbs_bsub_core_11066f3e95c7986c	discovery	59	65	60	65	1.5	+	GAGAAA	1.7951656579971313
EMB_prokbert_C14	tjupan_bacillus_subtilis_main_7bc9aa9d4ad371af	dbtbs_bsub_core_7bc9aa9d4ad371af	discovery	75	81	76	81	17.5	+	AAAGAA	1.7957137823104858
EMB_prokbert_C14	tjupan_bacillus_subtilis_main_2330b24ab93e80ef	dbtbs_bsub_core_747f22d2323a8765	discovery	67	73	68	73	9.5	+	ACAGAA	1.7988576889038086
EMB_prokbert_C14	tjupan_bacillus_subtilis_main_bcbef8350d7925db	tjupan_bacillus_subtilis_main_bcbef8350d7925db	discovery	3	9	4	9	-54.5	+	AGAAAC	1.805905818939209
EMB_prokbert_C14	tjupan_bacillus_subtilis_main_e90961ead2da3f7b	tjupan_bacillus_subtilis_main_e90961ead2da3f7b	discovery	54	60	55	60	-3.5	+	GATGAA	1.807667851448059
EMB_prokbert_C14	tjupan_bacillus_subtilis_main_edadeeaf4ff7a848	tjupan_bacillus_subtilis_main_edadeeaf4ff7a848	discovery	31	37	32	37	-26.5	+	AGAAAA	1.809051275253296
EMB_prokbert_C14	tjupan_bacillus_subtilis_main_e4e4a1be67374f28	dbtbs_bsub_core_e4e4a1be67374f28	discovery	9	15	10	15	-48.5	+	GGAGAA	1.8095635175704956
EMB_prokbert_C14	tjupan_bacillus_subtilis_main_a8b2c052c0cdfcff	tjupan_bacillus_subtilis_main_a8b2c052c0cdfcff	discovery	28	34	29	34	-29.5	+	GAAAGT	1.8102575540542603
EMB_prokbert_C14	tjupan_bacillus_subtilis_main_b7240ec09f994729	dbtbs_bsub_core_6cadf10f2f906812	discovery	75	81	76	81	17.5	+	GAAGAG	1.8173253536224365
EMB_prokbert_C14	tjupan_bacillus_subtilis_main_256978383d162d01	dbtbs_bsub_core_256978383d162d01	discovery	58	64	59	64	0.5	+	TTGGAA	1.8208067417144775
EMB_prokbert_C14	tjupan_bacillus_subtilis_main_a61c0978ae294759	tjupan_bacillus_subtilis_main_a61c0978ae294759	discovery	3	9	4	9	-54.5	+	TAAAGA	1.822089433670044
EMB_prokbert_C14	tjupan_bacillus_subtilis_main_ec009cfbae4f5210	dbtbs_bsub_core_ec009cfbae4f5210	discovery	3	9	4	9	-54.5	+	ATGAAA	1.8275489807128906
EMB_prokbert_C14	tjupan_bacillus_subtilis_main_60ee42342c88d235	tjupan_bacillus_subtilis_main_60ee42342c88d235	discovery	18	24	19	24	-39.5	+	AAAGAG	1.8300909996032715
EMB_prokbert_C14	tjupan_bacillus_subtilis_main_9ab6c96db0706f0e	dbtbs_bsub_core_c190339743385950	discovery	19	25	20	25	-38.5	+	AAAAGA	1.8304039239883423
EMB_prokbert_C14	tjupan_bacillus_subtilis_main_6361ce51efe0f541	dbtbs_bsub_core_b928ebfb52e4cb48	discovery	19	25	20	25	-38.5	+	AAAAGG	1.8308398723602295
EMB_prokbert_C14	tjupan_bacillus_subtilis_main_fc6071b9027316a7	tjupan_bacillus_subtilis_main_fc6071b9027316a7	discovery	62	68	63	68	4.5	+	AGAAAG	1.8329447507858276
EMB_prokbert_C14	tjupan_bacillus_subtilis_main_f05d30123c592277	dbtbs_bsub_core_f05d30123c592277	discovery	18	24	19	24	-39.5	+	AAATGA	1.8391419649124146
EMB_prokbert_C14	tjupan_bacillus_subtilis_main_ae3d0ab77a583f3f	tjupan_bacillus_subtilis_main_ae3d0ab77a583f3f	discovery	17	23	18	23	-40.5	+	AAAAGA	1.8403207063674927
EMB_prokbert_C14	tjupan_bacillus_subtilis_main_fea876b7208e46e3	dbtbs_bsub_core_fea876b7208e46e3	discovery	55	61	56	61	-2.5	+	AAAGAA	1.8440145254135132
EMB_prokbert_C14	tjupan_bacillus_subtilis_main_ba49f50d8b0af1c7	dbtbs_bsub_core_8a4a22c637647f42	discovery	46	52	47	52	-11.5	+	AGAAAC	1.8474992513656616
EMB_prokbert_C14	tjupan_bacillus_subtilis_main_8a4a22c637647f42	dbtbs_bsub_core_8a4a22c637647f42	discovery	44	50	45	50	-13.5	+	GAGAAA	1.8493916988372803
EMB_prokbert_C14	tjupan_bacillus_subtilis_main_1259688a411f3c07	tjupan_bacillus_subtilis_main_1259688a411f3c07	discovery	60	66	61	66	2.5	+	AAAGAT	1.8584754467010498
EMB_prokbert_C14	tjupan_bacillus_subtilis_main_e47a55cd702f35e7	dbtbs_bsub_core_175bcd2ea2263ee4	discovery	14	20	15	20	-43.5	+	AGAAAG	1.8586863279342651
EMB_prokbert_C14	tjupan_bacillus_subtilis_main_9c67a769132d62d8	dbtbs_bsub_core_1373e064636d6c9b	discovery	39	45	40	45	-18.5	+	GAAAAG	1.8634188175201416
EMB_prokbert_C14	tjupan_bacillus_subtilis_main_c229c4b94f6591ae	tjupan_bacillus_subtilis_main_c229c4b94f6591ae	discovery	29	35	30	35	-28.5	+	CAAAGA	1.8657712936401367
EMB_prokbert_C14	tjupan_bacillus_subtilis_main_cd161e304d76229d	dbtbs_bsub_core_6d139485f356aaca	discovery	75	81	76	81	17.5	+	GAAAGG	1.8662837743759155
EMB_prokbert_C14	tjupan_bacillus_subtilis_main_a52148b067c7a32f	tjupan_bacillus_subtilis_main_a52148b067c7a32f	discovery	47	53	48	53	-10.5	+	AAAGCA	1.8686046600341797
EMB_prokbert_C14	tjupan_bacillus_subtilis_main_a2cd64f7b02e9630	tjupan_bacillus_subtilis_main_a2cd64f7b02e9630	discovery	36	42	37	42	-21.5	+	CAAGAA	1.8783931732177734
EMB_prokbert_C14	tjupan_bacillus_subtilis_main_754ac4e873f6c24d	tjupan_bacillus_subtilis_main_754ac4e873f6c24d	discovery	30	36	31	36	-27.5	+	TTAAGA	1.87952721118927
EMB_prokbert_C14	tjupan_bacillus_subtilis_main_4648c22f43ae6952	tjupan_bacillus_subtilis_main_4648c22f43ae6952	discovery	69	75	70	75	11.5	+	TCAAAA	1.8802026510238647
EMB_prokbert_C14	tjupan_bacillus_subtilis_main_35bf7199ae44b70c	dbtbs_bsub_core_35bf7199ae44b70c	discovery	71	77	72	77	13.5	+	GAGAAA	1.8831915855407715
EMB_prokbert_C14	tjupan_bacillus_subtilis_main_187a9844a7f0c551	tjupan_bacillus_subtilis_main_187a9844a7f0c551	discovery	69	75	70	75	11.5	+	AAGAGA	1.8840386867523193
EMB_prokbert_C14	tjupan_bacillus_subtilis_main_79d6d17268b5d0ce	dbtbs_bsub_core_94e9d8c40cf791b3	discovery	16	22	17	22	-41.5	+	TAGAAA	1.8880860805511475
EMB_prokbert_C14	tjupan_bacillus_subtilis_main_01ae3d26fad13b71	dbtbs_bsub_core_7a9c3b7d79cfafb8	discovery	71	77	72	77	13.5	+	GTAAAG	1.888655185699463
EMB_prokbert_C14	tjupan_bacillus_subtilis_main_dc1d0e364ea2d865	tjupan_bacillus_subtilis_main_dc1d0e364ea2d865	discovery	56	62	57	62	-1.5	+	GAAAGA	1.8902370929718018
EMB_prokbert_C14	tjupan_bacillus_subtilis_main_e2b483c6aef274e0	dbtbs_bsub_core_175bcd2ea2263ee4	discovery	18	24	19	24	-39.5	+	AGAAAG	1.8968193531036377
EMB_prokbert_C14	tjupan_bacillus_subtilis_main_6c11169e185f76df	dbtbs_bsub_core_6c11169e185f76df	discovery	46	52	47	52	-11.5	+	AGGAAT	1.9052734375
EMB_prokbert_C14	tjupan_bacillus_subtilis_main_67a9ae83c973a42d	tjupan_bacillus_subtilis_main_67a9ae83c973a42d	discovery	32	38	33	38	-25.5	+	CCAAAG	1.9052804708480835
EMB_prokbert_C14	tjupan_bacillus_subtilis_main_ade14dd3fdacb032	dbtbs_bsub_core_12585b08a658046e	discovery	71	77	72	77	13.5	+	AAGAAG	1.9082441329956055
EMB_prokbert_C14	tjupan_bacillus_subtilis_main_917572a2414a52f7	tjupan_bacillus_subtilis_main_917572a2414a52f7	discovery	53	59	54	59	-4.5	+	AATAGA	1.9085015058517456
EMB_prokbert_C14	tjupan_bacillus_subtilis_main_3b9d28ffe489c3c7	dbtbs_bsub_core_260ddc8adeedb788	discovery	70	76	71	76	12.5	+	AGAAAA	1.9087456464767456
EMB_prokbert_C14	tjupan_bacillus_subtilis_main_db51f0e14ca9b6e9	tjupan_bacillus_subtilis_main_db51f0e14ca9b6e9	discovery	22	28	23	28	-35.5	+	AAAGTG	1.909591555595398
EMB_prokbert_C14	tjupan_bacillus_subtilis_main_3ed5570d9bd715ae	dbtbs_bsub_core_0561dd78dc44b145	discovery	36	42	37	42	-21.5	+	TGGAAA	1.9098280668258667
EMB_prokbert_C14	tjupan_bacillus_subtilis_main_b7c0b4323e70fc71	dbtbs_bsub_core_b7c0b4323e70fc71	discovery	61	67	62	67	3.5	+	AATTCA	1.914036512374878
EMB_prokbert_C14	tjupan_bacillus_subtilis_main_8f9b814f5e8b18ae	dbtbs_bsub_core_8f9b814f5e8b18ae	discovery	61	67	62	67	3.5	+	AGAAAG	1.9143378734588623
EMB_prokbert_C14	tjupan_bacillus_subtilis_main_89f3272bd34ff475	tjupan_bacillus_subtilis_main_89f3272bd34ff475	discovery	30	36	31	36	-27.5	+	AAAGCA	1.922727108001709
EMB_prokbert_C14	tjupan_bacillus_subtilis_main_4f4c3d5d96d18695	tjupan_bacillus_subtilis_main_4f4c3d5d96d18695	discovery	72	78	73	78	14.5	+	TAAAGG	1.9270445108413696
EMB_prokbert_C14	tjupan_bacillus_subtilis_main_b1dfffe50d4e7cba	dbtbs_bsub_core_6990407cd148d57b	discovery	55	61	56	61	-2.5	+	AAAGAA	1.9315823316574097
EMB_prokbert_C14	tjupan_bacillus_subtilis_main_c1bd3e378306e57e	tjupan_bacillus_subtilis_main_c1bd3e378306e57e	discovery	69	75	70	75	11.5	+	TAGAAA	1.9365493059158325
EMB_prokbert_C14	tjupan_bacillus_subtilis_main_eb51fed06d2e921e	dbtbs_bsub_core_3613f20526b705b5	discovery	60	66	61	66	2.5	+	GAAAAG	1.938353419303894
EMB_prokbert_C14	tjupan_bacillus_subtilis_main_3ac22b11e92c0ec1	tjupan_bacillus_subtilis_main_3ac22b11e92c0ec1	discovery	25	31	26	31	-32.5	+	AAGAAA	1.9396368265151978
EMB_prokbert_C14	tjupan_bacillus_subtilis_main_2e59e247c2d07b0b	tjupan_bacillus_subtilis_main_2e59e247c2d07b0b	discovery	23	29	24	29	-34.5	+	AGTGAA	1.9420024156570435
EMB_prokbert_C14	tjupan_bacillus_subtilis_main_7541f607431b8a27	dbtbs_bsub_core_1f38e2f4287dbc6d	discovery	8	14	9	14	-49.5	+	GAAAAG	1.9436484575271606
EMB_prokbert_C14	tjupan_bacillus_subtilis_main_66846fa14c29dbc1	dbtbs_bsub_core_89ab3601fa8ac055	discovery	71	77	72	77	13.5	+	GCAGAA	1.9456815719604492
EMB_prokbert_C14	tjupan_bacillus_subtilis_main_737474f253397bee	tjupan_bacillus_subtilis_main_737474f253397bee	discovery	57	63	58	63	-0.5	+	AAAAGA	1.9478631019592285
EMB_prokbert_C14	tjupan_bacillus_subtilis_main_0ba2ad2fd14630a8	dbtbs_bsub_core_0ba2ad2fd14630a8	discovery	68	74	69	74	10.5	+	AAAAGG	1.9537349939346313
EMB_prokbert_C14	tjupan_bacillus_subtilis_main_b592a137eb4c34ff	dbtbs_bsub_core_21353889dec56b85	discovery	38	44	39	44	-19.5	+	AAATGA	1.960120677947998
EMB_prokbert_C14	tjupan_bacillus_subtilis_main_e4dda028e03de313	dbtbs_bsub_core_e4dda028e03de313	discovery	20	26	21	26	-37.5	+	AAGGAT	1.9621492624282837
EMB_prokbert_C14	tjupan_bacillus_subtilis_main_52931b7eafd9a9b2	dbtbs_bsub_core_324baeb0b4deda5d	discovery	4	10	5	10	-53.5	+	AAGAAA	1.9623630046844482
EMB_prokbert_C14	tjupan_bacillus_subtilis_main_91723abad13f63e4	tjupan_bacillus_subtilis_main_91723abad13f63e4	discovery	13	19	14	19	-44.5	+	CAGAAA	1.9684667587280273
EMB_prokbert_C14	tjupan_bacillus_subtilis_main_c3fafc97a347852e	tjupan_bacillus_subtilis_main_c3fafc97a347852e	discovery	60	66	61	66	2.5	+	AAAAGG	1.9721909761428833
EMB_prokbert_C14	tjupan_bacillus_subtilis_main_0710c2f2267154d3	dbtbs_bsub_core_0710c2f2267154d3	discovery	74	80	75	80	16.5	+	GGAAAG	1.9756709337234497
EMB_prokbert_C14	tjupan_bacillus_subtilis_main_f9edd67964b41200	dbtbs_bsub_core_f9edd67964b41200	discovery	32	38	33	38	-25.5	+	AAATGA	1.982254147529602
EMB_prokbert_C14	tjupan_bacillus_subtilis_main_5e30b1d213eba695	tjupan_bacillus_subtilis_main_5e30b1d213eba695	discovery	1	7	2	7	-56.5	+	AAAGAA	1.9829411506652832
EMB_prokbert_C14	tjupan_bacillus_subtilis_main_f5b082fd616807b3	dbtbs_bsub_core_4e960695d4b362e6	discovery	70	76	71	76	12.5	+	AAAGGA	1.9877210855484009
EMB_prokbert_C14	tjupan_bacillus_subtilis_main_ef6dc517178d6adf	dbtbs_bsub_core_ef6dc517178d6adf	discovery	61	67	62	67	3.5	+	GGTGAA	1.9887763261795044
EMB_prokbert_C14	tjupan_bacillus_subtilis_main_5957e34dfa6ab85c	tjupan_bacillus_subtilis_main_5957e34dfa6ab85c	discovery	73	79	74	79	15.5	+	CAAAGG	1.9914379119873047
EMB_prokbert_C14	tjupan_bacillus_subtilis_main_118649b56e4ec470	tjupan_bacillus_subtilis_main_118649b56e4ec470	discovery	68	74	69	74	10.5	+	AAAGGA	1.9923166036605835
EMB_prokbert_C14	tjupan_bacillus_subtilis_main_18d5be8d5c4f9a22	tjupan_bacillus_subtilis_main_18d5be8d5c4f9a22	discovery	60	66	61	66	2.5	+	GAAAGG	1.997748851776123
EMB_prokbert_C14	tjupan_bacillus_subtilis_main_5e34c7286340c249	dbtbs_bsub_core_0fedc539a64a99b7	discovery	24	30	25	30	-33.5	+	AGGAAT	1.998228669166565
EMB_prokbert_C14	tjupan_bacillus_subtilis_main_48f68d49bf53ea3b	dbtbs_bsub_core_a63e45c266a8243f	discovery	56	62	57	62	-1.5	+	AAAGTG	2.0003745555877686
EMB_prokbert_C14	tjupan_bacillus_subtilis_main_59b38cd2f2ea112d	dbtbs_bsub_core_59b38cd2f2ea112d	discovery	75	81	76	81	17.5	+	GAAAGA	2.002981662750244
EMB_prokbert_C14	tjupan_bacillus_subtilis_main_93b5da0b5f842573	dbtbs_bsub_core_93b5da0b5f842573	discovery	46	52	47	52	-11.5	+	GGAAAA	2.0063202381134033
EMB_prokbert_C14	tjupan_bacillus_subtilis_main_ed12f07c80365cbc	dbtbs_bsub_core_09dd4c8ba7bc09c6	discovery	44	50	45	50	-13.5	+	AGGATA	2.0064754486083984
EMB_prokbert_C14	tjupan_bacillus_subtilis_main_5564dcefe2988333	tjupan_bacillus_subtilis_main_5564dcefe2988333	discovery	64	70	65	70	6.5	+	AAAGGA	2.0076894760131836
EMB_prokbert_C14	tjupan_bacillus_subtilis_main_e9d365c0dda7757e	tjupan_bacillus_subtilis_main_e9d365c0dda7757e	discovery	74	80	75	80	16.5	+	AAGAAT	2.0090718269348145
EMB_prokbert_C14	tjupan_bacillus_subtilis_main_d9cd9789d0fb01a3	dbtbs_bsub_core_c190339743385950	discovery	25	31	26	31	-32.5	+	AAAAGA	2.0120558738708496
EMB_prokbert_C14	tjupan_bacillus_subtilis_main_20bbba0ce59de449	dbtbs_bsub_core_20bbba0ce59de449	discovery	69	75	70	75	11.5	+	AGGAAA	2.017866849899292
EMB_prokbert_C14	tjupan_bacillus_subtilis_main_e326833d29b8752f	dbtbs_bsub_core_e326833d29b8752f	discovery	61	67	62	67	3.5	+	AAAAGG	2.018467903137207
EMB_prokbert_C14	tjupan_bacillus_subtilis_main_a0eee3dddaf07ac3	tjupan_bacillus_subtilis_main_a0eee3dddaf07ac3	discovery	47	53	48	53	-10.5	+	AAAAGA	2.025376796722412
EMB_prokbert_C14	tjupan_bacillus_subtilis_main_962b839f321a2605	dbtbs_bsub_core_962b839f321a2605	discovery	7	13	8	13	-50.5	+	ATGAAA	2.029120922088623
EMB_prokbert_C14	tjupan_bacillus_subtilis_main_517410185d825f3e	tjupan_bacillus_subtilis_main_517410185d825f3e	discovery	63	69	64	69	5.5	+	AAAGGA	2.0383145809173584
EMB_prokbert_C14	tjupan_bacillus_subtilis_main_82e1287a21b69715	dbtbs_bsub_core_82e1287a21b69715	discovery	30	36	31	36	-27.5	+	AAGGGA	2.046488046646118
EMB_prokbert_C14	tjupan_bacillus_subtilis_main_834e21e1951468f3	tjupan_bacillus_subtilis_main_834e21e1951468f3	discovery	67	73	68	73	9.5	+	AGGAAA	2.046708106994629
EMB_prokbert_C14	tjupan_bacillus_subtilis_main_2a3c695bd1a0b4c9	tjupan_bacillus_subtilis_main_2a3c695bd1a0b4c9	discovery	75	81	76	81	17.5	+	AAGAAT	2.062584638595581
EMB_prokbert_C14	tjupan_bacillus_subtilis_main_f04c569125ce3afa	dbtbs_bsub_core_85a34ab094cb765f	discovery	33	39	34	39	-24.5	+	AGGGCA	2.070362091064453
EMB_prokbert_C14	tjupan_bacillus_subtilis_main_29dff321a99fa8a2	dbtbs_bsub_core_e964a63647aab2c6	discovery	38	44	39	44	-19.5	+	CGAAAG	2.0721428394317627
EMB_prokbert_C14	tjupan_bacillus_subtilis_main_edce5d598636e106	dbtbs_bsub_core_39acf3daf47ccd69	discovery	39	45	40	45	-18.5	+	CAAAAG	2.073326349258423
EMB_prokbert_C14	tjupan_bacillus_subtilis_main_282b0a85bf46906b	tjupan_bacillus_subtilis_main_282b0a85bf46906b	discovery	15	21	16	21	-42.5	+	TAAGAA	2.0757033824920654
EMB_prokbert_C14	tjupan_bacillus_subtilis_main_7bd42a66d387ec94	dbtbs_bsub_core_5cf240f92a00f0e3	discovery	58	64	59	64	0.5	+	TGAAAG	2.0803961753845215
EMB_prokbert_C14	tjupan_bacillus_subtilis_main_5fc80954df40cf68	dbtbs_bsub_core_44be1bddac760e1c	discovery	57	63	58	63	-0.5	+	AAAGCA	2.085484266281128
EMB_prokbert_C14	tjupan_bacillus_subtilis_main_c9a32e1db5125d7c	dbtbs_bsub_core_c9a32e1db5125d7c	discovery	4	10	5	10	-53.5	+	AGAGAA	2.0857863426208496
EMB_prokbert_C14	tjupan_bacillus_subtilis_main_d1b10b64ac040b8c	dbtbs_bsub_core_3a6c62def340fb72	discovery	72	78	73	78	14.5	+	AAAAGG	2.0858418941497803
EMB_prokbert_C14	tjupan_bacillus_subtilis_main_0c4104d2e02c2e3b	dbtbs_bsub_core_a955cdf3a08d689c	discovery	63	69	64	69	5.5	+	GAAAAG	2.0955660343170166
EMB_prokbert_C14	tjupan_bacillus_subtilis_main_ac1a0a0a579397f6	tjupan_bacillus_subtilis_main_ac1a0a0a579397f6	discovery	57	63	58	63	-0.5	+	TGGAAA	2.106947422027588
EMB_prokbert_C14	tjupan_bacillus_subtilis_main_d04a67d8cb9ad084	dbtbs_bsub_core_d04a67d8cb9ad084	discovery	62	68	63	68	4.5	+	GAAGAA	2.1073756217956543
EMB_prokbert_C14	tjupan_bacillus_subtilis_main_25766be7ede5bd12	tjupan_bacillus_subtilis_main_25766be7ede5bd12	discovery	64	70	65	70	6.5	+	TAAAAG	2.1127758026123047
EMB_prokbert_C14	tjupan_bacillus_subtilis_main_87b26b7083b048a9	dbtbs_bsub_core_fe60102a69552e4c	discovery	29	35	30	35	-28.5	+	AAAGAG	2.127101421356201
EMB_prokbert_C14	tjupan_bacillus_subtilis_main_4059ca0cce5522a4	tjupan_bacillus_subtilis_main_4059ca0cce5522a4	discovery	29	35	30	35	-28.5	+	AATTGG	2.1530542373657227
EMB_prokbert_C14	tjupan_bacillus_subtilis_main_e0774d83207a7dd7	dbtbs_bsub_core_2b17d905bac0c3bc	discovery	1	7	2	7	-56.5	+	CGAAGC	2.1531431674957275
EMB_prokbert_C14	tjupan_bacillus_subtilis_main_71eaf5cbf249113b	dbtbs_bsub_core_71eaf5cbf249113b	discovery	5	11	6	11	-52.5	+	GGGAAT	2.159597158432007
EMB_prokbert_C14	tjupan_bacillus_subtilis_main_73a7b40a4dc814aa	dbtbs_bsub_core_bdba293c4926b88d	discovery	72	78	73	78	14.5	+	AAGAAA	2.1666250228881836
EMB_prokbert_C14	tjupan_bacillus_subtilis_main_1dc2eb4818f9715a	dbtbs_bsub_core_1dc2eb4818f9715a	discovery	55	61	56	61	-2.5	+	GAAAAG	2.167562961578369
EMB_prokbert_C14	tjupan_bacillus_subtilis_main_be557af728070615	tjupan_bacillus_subtilis_main_be557af728070615	discovery	66	72	67	72	8.5	+	GAAAAG	2.1679537296295166
EMB_prokbert_C14	tjupan_bacillus_subtilis_main_712069959cf7e3b2	dbtbs_bsub_core_be0e53c334974f0a	discovery	70	76	71	76	12.5	+	TAAAGG	2.1741132736206055
EMB_prokbert_C14	tjupan_bacillus_subtilis_main_dbd8ff77ae99e6b2	dbtbs_bsub_core_dbd8ff77ae99e6b2	discovery	70	76	71	76	12.5	+	TCAAGG	2.1836020946502686
EMB_prokbert_C14	tjupan_bacillus_subtilis_main_5b5f9b9ad371b1b0	tjupan_bacillus_subtilis_main_5b5f9b9ad371b1b0	discovery	72	78	73	78	14.5	+	GAAACC	2.1916096210479736
EMB_prokbert_C14	tjupan_bacillus_subtilis_main_71a2a4c64c087430	tjupan_bacillus_subtilis_main_71a2a4c64c087430	discovery	5	11	6	11	-52.5	+	TAAAAG	2.214897871017456
EMB_prokbert_C14	tjupan_bacillus_subtilis_main_45683747106d08bd	tjupan_bacillus_subtilis_main_45683747106d08bd	discovery	75	81	76	81	17.5	+	AGGAAG	2.2236363887786865
EMB_prokbert_C14	tjupan_bacillus_subtilis_main_4b32f81551985923	tjupan_bacillus_subtilis_main_4b32f81551985923	discovery	53	59	54	59	-4.5	+	CTGAAA	2.234912157058716
EMB_prokbert_C14	tjupan_bacillus_subtilis_main_106e69f8e7e10bd4	tjupan_bacillus_subtilis_main_106e69f8e7e10bd4	discovery	36	42	37	42	-21.5	+	AAAGAG	2.248169183731079
EMB_prokbert_C14	tjupan_bacillus_subtilis_main_f0903ae0ab41d118	dbtbs_bsub_core_16fb2108119b7eaf	discovery	37	43	38	43	-20.5	+	AAAGGA	2.260759115219116
EMB_prokbert_C14	tjupan_bacillus_subtilis_main_618f0dc5c0847866	dbtbs_bsub_core_e2f191a04a63a5f0	discovery	19	25	20	25	-38.5	+	AATGAG	2.2644684314727783
EMB_prokbert_C14	tjupan_bacillus_subtilis_main_c180878a6f782e9f	dbtbs_bsub_core_c180878a6f782e9f	discovery	73	79	74	79	15.5	+	CCAAGA	2.272493600845337
EMB_prokbert_C14	tjupan_bacillus_subtilis_main_d59578e8446625f3	dbtbs_bsub_core_d59578e8446625f3	discovery	75	81	76	81	17.5	+	CAAAGA	2.2764313220977783
EMB_prokbert_C14	tjupan_bacillus_subtilis_main_272e2f2c83a48fab	dbtbs_bsub_core_272e2f2c83a48fab	discovery	2	8	3	8	-55.5	+	GATGAA	2.2872118949890137
EMB_prokbert_C14	tjupan_bacillus_subtilis_main_e28ceade6e8616fa	dbtbs_bsub_core_9b12482ac6eea2d4	discovery	66	72	67	72	8.5	+	TTTAAA	2.2964518070220947
EMB_prokbert_C14	tjupan_bacillus_subtilis_main_487ce40a67c6d939	tjupan_bacillus_subtilis_main_487ce40a67c6d939	discovery	23	29	24	29	-34.5	+	AAAGGT	2.32991099357605
EMB_prokbert_C14	tjupan_bacillus_subtilis_main_2b17d905bac0c3bc	dbtbs_bsub_core_2b17d905bac0c3bc	discovery	67	73	68	73	9.5	+	AAAGGA	2.3371968269348145
EMB_prokbert_C14	tjupan_bacillus_subtilis_main_62eb1c4377c084e1	dbtbs_bsub_core_413a4bed9f6cfeea	discovery	71	77	72	77	13.5	+	AAAGGG	2.341442346572876
EMB_prokbert_C14	tjupan_bacillus_subtilis_main_92b62a9d8d87ace9	dbtbs_bsub_core_92b62a9d8d87ace9	discovery	62	68	63	68	4.5	+	TCTGAA	2.3521687984466553
EMB_prokbert_C14	tjupan_bacillus_subtilis_main_7a6037ae36a0870c	tjupan_bacillus_subtilis_main_7a6037ae36a0870c	discovery	17	23	18	23	-40.5	+	GGAAAA	2.3669373989105225
EMB_prokbert_C14	tjupan_bacillus_subtilis_main_09deb32688bf8365	tjupan_bacillus_subtilis_main_09deb32688bf8365	discovery	67	73	68	73	9.5	+	GAAACC	2.36725115776062
EMB_prokbert_C14	tjupan_bacillus_subtilis_main_c7c68e6fe4d84a02	tjupan_bacillus_subtilis_main_c7c68e6fe4d84a02	discovery	74	80	75	80	16.5	+	ATCAAA	2.368570566177368
EMB_prokbert_C14	tjupan_bacillus_subtilis_main_8e892e5639ef0ac1	dbtbs_bsub_core_d25c674b3a14df1a	discovery	25	31	26	31	-32.5	+	AAGAAT	2.4042818546295166
EMB_prokbert_C14	tjupan_bacillus_subtilis_main_cb8c6e383b33abd4	dbtbs_bsub_core_cb8c6e383b33abd4	discovery	42	48	43	48	-15.5	+	AAAGTC	2.429985761642456
EMB_prokbert_C14	tjupan_bacillus_subtilis_main_daaf0c7fa42ef2fa	dbtbs_bsub_core_ef9625ff29774e65	discovery	2	8	3	8	-55.5	+	TCGAAA	2.4415018558502197
EMB_prokbert_C14	tjupan_bacillus_subtilis_main_bc41d7d0760497f9	dbtbs_bsub_core_bc41d7d0760497f9	discovery	8	14	9	14	-49.5	+	TGGGAA	2.4500553607940674
EMB_prokbert_C14	tjupan_bacillus_subtilis_main_56fbf5e1ebfb46d1	dbtbs_bsub_core_56fbf5e1ebfb46d1	discovery	9	15	10	15	-48.5	+	TCTGAA	2.450333833694458
EMB_prokbert_C14	tjupan_bacillus_subtilis_main_74de924b5fe0230a	dbtbs_bsub_core_74de924b5fe0230a	discovery	22	28	23	28	-35.5	+	AAAAGG	2.4534425735473633
EMB_prokbert_C14	tjupan_bacillus_subtilis_main_980ab95cde029f78	tjupan_bacillus_subtilis_main_980ab95cde029f78	discovery	0	6	1	6	-57.5	+	ATAGAA	2.4584121704101562
EMB_prokbert_C14	tjupan_bacillus_subtilis_main_150dcd3daf63d162	dbtbs_bsub_core_150dcd3daf63d162	discovery	0	6	1	6	-57.5	+	AAAAGA	2.463041067123413
EMB_prokbert_C14	tjupan_bacillus_subtilis_main_6901d7d50287d8c1	dbtbs_bsub_core_6901d7d50287d8c1	discovery	56	62	57	62	-1.5	+	AAAAGG	2.5139946937561035
EMB_prokbert_C14	tjupan_bacillus_subtilis_main_4181c9b10d028c59	dbtbs_bsub_core_f859289dc167ed3a	discovery	5	11	6	11	-52.5	+	GGGAAA	2.552168846130371
EMB_prokbert_C14	tjupan_bacillus_subtilis_main_9296390fae4fd68d	tjupan_bacillus_subtilis_main_9296390fae4fd68d	discovery	25	31	26	31	-32.5	+	AAAAAG	2.6033830642700195
EMB_prokbert_C14	tjupan_bacillus_subtilis_main_bb68072522710571	dbtbs_bsub_core_bb68072522710571	discovery	26	32	27	32	-31.5	+	CGTGAA	2.6317524909973145
EMB_prokbert_C14	tjupan_bacillus_subtilis_main_3eb701a469cb4095	tjupan_bacillus_subtilis_main_3eb701a469cb4095	discovery	63	69	64	69	5.5	+	AAAGGC	2.6454362869262695
EMB_prokbert_C14	tjupan_bacillus_subtilis_main_2c918744f6daf466	dbtbs_bsub_core_20f77243a5b2c4ab	discovery	12	18	13	18	-45.5	+	GCTGAA	2.685819625854492
EMB_prokbert_C14	tjupan_bacillus_subtilis_main_3c72a88384ee6013	tjupan_bacillus_subtilis_main_3c72a88384ee6013	discovery	1	7	2	7	-56.5	+	AAAGTG	2.750791549682617
EMB_prokbert_C14	tjupan_bacillus_subtilis_main_b47674f2cd66e067	tjupan_bacillus_subtilis_main_b47674f2cd66e067	discovery	0	6	1	6	-57.5	+	CGGGAA	2.793199300765991
EMB_prokbert_C14	tjupan_bacillus_subtilis_main_eebec5ad9a06df67	dbtbs_bsub_core_5cddd19c752675c8	discovery	1	7	2	7	-56.5	+	TCCGAA	2.854764938354492
EMB_prokbert_C14	tjupan_bacillus_subtilis_main_eb88f130dfce6401	tjupan_bacillus_subtilis_main_eb88f130dfce6401	discovery	0	6	1	6	-57.5	+	AAAAGC	2.9588773250579834
EMB_prokbert_C15	tjupan_bacillus_subtilis_main_b0d8a2369952b821	dbtbs_bsub_core_3f773ca1224c0e26	discovery	27	33	28	33	-30.5	+	CACAAT	1.2651596069335938
EMB_prokbert_C15	tjupan_bacillus_subtilis_main_20bbba0ce59de449	dbtbs_bsub_core_20bbba0ce59de449	discovery	35	41	36	41	-22.5	+	CACGAT	1.2856138944625854
EMB_prokbert_C15	tjupan_bacillus_subtilis_main_66bdec0f6e49230b	dbtbs_bsub_core_66bdec0f6e49230b	discovery	29	35	30	35	-28.5	+	ACTATC	1.3286665678024292
EMB_prokbert_C15	tjupan_bacillus_subtilis_main_01ae3d26fad13b71	dbtbs_bsub_core_7a9c3b7d79cfafb8	discovery	46	52	47	52	-11.5	+	TACAAT	1.328916072845459
EMB_prokbert_C15	tjupan_bacillus_subtilis_main_2931d3a1a20c25de	dbtbs_bsub_core_60150ba1e82823d4	discovery	28	34	29	34	-29.5	+	ACCATC	1.3410184383392334
EMB_prokbert_C15	tjupan_bacillus_subtilis_main_101463e41079a20e	dbtbs_bsub_core_101463e41079a20e	discovery	20	26	21	26	-37.5	+	CTTCAT	1.3431557416915894
EMB_prokbert_C15	tjupan_bacillus_subtilis_main_737474f253397bee	tjupan_bacillus_subtilis_main_737474f253397bee	discovery	11	17	12	17	-46.5	+	CTGACA	1.345633625984192
EMB_prokbert_C15	tjupan_bacillus_subtilis_main_ff61268918c0af5d	tjupan_bacillus_subtilis_main_ff61268918c0af5d	discovery	31	37	32	37	-26.5	+	TATCAC	1.3674954175949097
EMB_prokbert_C15	tjupan_bacillus_subtilis_main_eb88f130dfce6401	tjupan_bacillus_subtilis_main_eb88f130dfce6401	discovery	16	22	17	22	-41.5	+	ACATAG	1.3696238994598389
EMB_prokbert_C15	tjupan_bacillus_subtilis_main_84e6c8375d18dc47	tjupan_bacillus_subtilis_main_84e6c8375d18dc47	discovery	55	61	56	61	-2.5	+	CTATCA	1.3783810138702393
EMB_prokbert_C15	tjupan_bacillus_subtilis_main_f1fe1806a852fcba	dbtbs_bsub_core_f1fe1806a852fcba	discovery	59	65	60	65	1.5	+	TACACA	1.3902361392974854
EMB_prokbert_C15	tjupan_bacillus_subtilis_main_89a40bf9e0650967	dbtbs_bsub_core_89a40bf9e0650967	discovery	12	18	13	18	-45.5	+	TCACCA	1.4094713926315308
EMB_prokbert_C15	tjupan_bacillus_subtilis_main_61d216a2a24189d0	dbtbs_bsub_core_61d216a2a24189d0	discovery	34	40	35	40	-23.5	+	CGACAT	1.4110568761825562
EMB_prokbert_C15	tjupan_bacillus_subtilis_main_b5cc4aad42c9a683	dbtbs_bsub_core_b5cc4aad42c9a683	discovery	58	64	59	64	0.5	+	TCACAG	1.421913504600525
EMB_prokbert_C15	tjupan_bacillus_subtilis_main_61e92334116d4289	dbtbs_bsub_core_946ad3835c6af00d	discovery	21	27	22	27	-36.5	+	CAACTC	1.4273383617401123
EMB_prokbert_C15	tjupan_bacillus_subtilis_main_5d881eac8b46d627	dbtbs_bsub_core_5d881eac8b46d627	discovery	51	57	52	57	-6.5	+	GCATTA	1.4344185590744019
EMB_prokbert_C15	tjupan_bacillus_subtilis_main_e47a55cd702f35e7	dbtbs_bsub_core_175bcd2ea2263ee4	discovery	64	70	65	70	6.5	+	TACATC	1.4431699514389038
EMB_prokbert_C15	tjupan_bacillus_subtilis_main_de399adaaafe5be7	dbtbs_bsub_core_f1028676a1f89b0e	discovery	67	73	68	73	9.5	+	TACTGT	1.4441369771957397
EMB_prokbert_C15	tjupan_bacillus_subtilis_main_6514a11d381455ae	tjupan_bacillus_subtilis_main_6514a11d381455ae	discovery	20	26	21	26	-37.5	+	TCATAC	1.4453587532043457
EMB_prokbert_C15	tjupan_bacillus_subtilis_main_3eb701a469cb4095	tjupan_bacillus_subtilis_main_3eb701a469cb4095	discovery	45	51	46	51	-12.5	+	ACGCAT	1.467848300933838
EMB_prokbert_C15	tjupan_bacillus_subtilis_main_ed12f07c80365cbc	dbtbs_bsub_core_09dd4c8ba7bc09c6	discovery	27	33	28	33	-30.5	+	ACACCT	1.4744043350219727
EMB_prokbert_C15	tjupan_bacillus_subtilis_main_ade9dc791ab39f6c	dbtbs_bsub_core_ade9dc791ab39f6c	discovery	24	30	25	30	-33.5	+	CATACC	1.4829930067062378
EMB_prokbert_C15	tjupan_bacillus_subtilis_main_5eccf0b4b51999b8	tjupan_bacillus_subtilis_main_5eccf0b4b51999b8	discovery	62	68	63	68	4.5	+	CCACAG	1.5050666332244873
EMB_prokbert_C15	tjupan_bacillus_subtilis_main_3270409c742f3314	dbtbs_bsub_core_edd6f2ee95c58508	discovery	28	34	29	34	-29.5	+	ATGTTA	1.5145031213760376
EMB_prokbert_C15	tjupan_bacillus_subtilis_main_05b3d931ff35d8e8	dbtbs_bsub_core_05b3d931ff35d8e8	discovery	8	14	9	14	-49.5	+	ACTTCA	1.518773078918457
EMB_prokbert_C15	tjupan_bacillus_subtilis_main_0d390d7bf47f6ae0	tjupan_bacillus_subtilis_main_0d390d7bf47f6ae0	discovery	70	76	71	76	12.5	+	ATCCAC	1.5218617916107178
EMB_prokbert_C15	tjupan_bacillus_subtilis_main_e4e4a1be67374f28	dbtbs_bsub_core_e4e4a1be67374f28	discovery	40	46	41	46	-17.5	+	TCACTA	1.5245801210403442
EMB_prokbert_C15	tjupan_bacillus_subtilis_main_fb689c0625deec2e	dbtbs_bsub_core_bf9535fab79dbf8f	discovery	40	46	41	46	-17.5	+	ATTCAC	1.5321969985961914
EMB_prokbert_C15	tjupan_bacillus_subtilis_main_b7240ec09f994729	dbtbs_bsub_core_6cadf10f2f906812	discovery	31	37	32	37	-26.5	+	TCATAG	1.5324102640151978
EMB_prokbert_C15	tjupan_bacillus_subtilis_main_59b38cd2f2ea112d	dbtbs_bsub_core_59b38cd2f2ea112d	discovery	42	48	43	48	-15.5	+	ACGTCA	1.5338503122329712
EMB_prokbert_C15	tjupan_bacillus_subtilis_main_e445a9d379a1812a	dbtbs_bsub_core_e445a9d379a1812a	discovery	9	15	10	15	-48.5	+	TTCATA	1.5352739095687866
EMB_prokbert_C15	tjupan_bacillus_subtilis_main_047e296b8721a352	dbtbs_bsub_core_d618c1525725d045	discovery	60	66	61	66	2.5	+	GACATC	1.5371772050857544
EMB_prokbert_C15	tjupan_bacillus_subtilis_main_3ec4c8abee3f7a8e	dbtbs_bsub_core_c18c3f10dff5c627	discovery	24	30	25	30	-33.5	+	CATAGA	1.5391769409179688
EMB_prokbert_C15	tjupan_bacillus_subtilis_main_b47674f2cd66e067	tjupan_bacillus_subtilis_main_b47674f2cd66e067	discovery	58	64	59	64	0.5	+	ACATCT	1.5396933555603027
EMB_prokbert_C15	tjupan_bacillus_subtilis_main_3e1210c1f898bc48	dbtbs_bsub_core_42eaa371353368b2	discovery	14	20	15	20	-43.5	+	TTACAT	1.5462431907653809
EMB_prokbert_C15	tjupan_bacillus_subtilis_main_ced72b826f4a910f	dbtbs_bsub_core_d1a4fbb8ec4bd212	discovery	15	21	16	21	-42.5	+	AAACAT	1.5503979921340942
EMB_prokbert_C15	tjupan_bacillus_subtilis_main_8265264627414ceb	tjupan_bacillus_subtilis_main_8265264627414ceb	discovery	13	19	14	19	-44.5	+	ATGACA	1.5552713871002197
EMB_prokbert_C15	tjupan_bacillus_subtilis_main_202644f8a02efab9	dbtbs_bsub_core_f4d81ad6a0709a55	discovery	23	29	24	29	-34.5	+	CAATGA	1.5629782676696777
EMB_prokbert_C15	tjupan_bacillus_subtilis_main_5cf51ca317588066	tjupan_bacillus_subtilis_main_5cf51ca317588066	discovery	41	47	42	47	-16.5	+	TACAAG	1.563293695449829
EMB_prokbert_C15	tjupan_bacillus_subtilis_main_4a76c51266c80a0f	dbtbs_bsub_core_b905bf06b88d4e46	discovery	55	61	56	61	-2.5	+	CATACA	1.5669125318527222
EMB_prokbert_C15	tjupan_bacillus_subtilis_main_256978383d162d01	dbtbs_bsub_core_256978383d162d01	discovery	50	56	51	56	-7.5	+	AATACA	1.5693063735961914
EMB_prokbert_C15	tjupan_bacillus_subtilis_main_25308dd77914b9d9	dbtbs_bsub_core_1dc2eb4818f9715a	discovery	34	40	35	40	-23.5	+	TCATAC	1.5700122117996216
EMB_prokbert_C15	tjupan_bacillus_subtilis_main_118649b56e4ec470	tjupan_bacillus_subtilis_main_118649b56e4ec470	discovery	25	31	26	31	-32.5	+	CATTCA	1.5708082914352417
EMB_prokbert_C15	tjupan_bacillus_subtilis_main_0b565809576a9e0f	dbtbs_bsub_core_0fcadafa827fb8cf	discovery	9	15	10	15	-48.5	+	ATTCAC	1.5725195407867432
EMB_prokbert_C15	tjupan_bacillus_subtilis_main_52267ea931cb2dd7	dbtbs_bsub_core_b35218f45c0f11c8	discovery	18	24	19	24	-39.5	+	ATCAAC	1.5726113319396973
EMB_prokbert_C15	tjupan_bacillus_subtilis_main_e2b483c6aef274e0	dbtbs_bsub_core_175bcd2ea2263ee4	discovery	68	74	69	74	10.5	+	TACATC	1.5728029012680054
EMB_prokbert_C15	tjupan_bacillus_subtilis_main_a9ae08a54b460299	dbtbs_bsub_core_4c306bb2d4b261c8	discovery	27	33	28	33	-30.5	+	TACAAT	1.5751936435699463
EMB_prokbert_C15	tjupan_bacillus_subtilis_main_4cf64b5587e1d04e	dbtbs_bsub_core_4cf64b5587e1d04e	discovery	26	32	27	32	-31.5	+	TCATAA	1.5762981176376343
EMB_prokbert_C15	tjupan_bacillus_subtilis_main_36eed70446e6810b	dbtbs_bsub_core_36eed70446e6810b	discovery	39	45	40	45	-18.5	+	TTCACG	1.5798214673995972
EMB_prokbert_C15	tjupan_bacillus_subtilis_main_f6c5351a3e225d0c	dbtbs_bsub_core_f6c5351a3e225d0c	discovery	45	51	46	51	-12.5	+	TGATAC	1.5800660848617554
EMB_prokbert_C15	tjupan_bacillus_subtilis_main_980ab95cde029f78	tjupan_bacillus_subtilis_main_980ab95cde029f78	discovery	22	28	23	28	-35.5	+	CATTGA	1.5875556468963623
EMB_prokbert_C15	tjupan_bacillus_subtilis_main_9e087715e3522ed4	dbtbs_bsub_core_b3df5d74f56f0610	discovery	30	36	31	36	-27.5	+	GACTTG	1.5897895097732544
EMB_prokbert_C15	tjupan_bacillus_subtilis_main_cd161e304d76229d	dbtbs_bsub_core_6d139485f356aaca	discovery	23	29	24	29	-34.5	+	CACAAT	1.5903712511062622
EMB_prokbert_C15	tjupan_bacillus_subtilis_main_282b0a85bf46906b	tjupan_bacillus_subtilis_main_282b0a85bf46906b	discovery	24	30	25	30	-33.5	+	ATTGAC	1.5963438749313354
EMB_prokbert_C15	tjupan_bacillus_subtilis_main_1c375491ec2245f4	tjupan_bacillus_subtilis_main_1c375491ec2245f4	discovery	46	52	47	52	-11.5	+	TTCATA	1.5978318452835083
EMB_prokbert_C15	tjupan_bacillus_subtilis_main_7358cf40e4efa482	tjupan_bacillus_subtilis_main_7358cf40e4efa482	discovery	11	17	12	17	-46.5	+	ATCACC	1.5979933738708496
EMB_prokbert_C15	tjupan_bacillus_subtilis_main_dc1d0e364ea2d865	tjupan_bacillus_subtilis_main_dc1d0e364ea2d865	discovery	46	52	47	52	-11.5	+	ACTACA	1.6062556505203247
EMB_prokbert_C15	tjupan_bacillus_subtilis_main_0710c2f2267154d3	dbtbs_bsub_core_0710c2f2267154d3	discovery	25	31	26	31	-32.5	+	GAACAT	1.6080653667449951
EMB_prokbert_C15	tjupan_bacillus_subtilis_main_ca7deec2e4330ae4	tjupan_bacillus_subtilis_main_ca7deec2e4330ae4	discovery	25	31	26	31	-32.5	+	ATTGAC	1.6131142377853394
EMB_prokbert_C15	tjupan_bacillus_subtilis_main_8f9b814f5e8b18ae	dbtbs_bsub_core_8f9b814f5e8b18ae	discovery	29	35	30	35	-28.5	+	ATAACG	1.616698980331421
EMB_prokbert_C15	tjupan_bacillus_subtilis_main_8b7394af6b78d50f	dbtbs_bsub_core_c890b4346c03f247	discovery	26	32	27	32	-31.5	+	AGACAT	1.6213016510009766
EMB_prokbert_C15	tjupan_bacillus_subtilis_main_0a0035c3a0685aa9	dbtbs_bsub_core_d50ffa4df9b8add7	discovery	25	31	26	31	-32.5	+	CGCACA	1.6283398866653442
EMB_prokbert_C15	tjupan_bacillus_subtilis_main_5f8b6936b2e52932	tjupan_bacillus_subtilis_main_5f8b6936b2e52932	discovery	17	23	18	23	-40.5	+	CATAAC	1.6366697549819946
EMB_prokbert_C15	tjupan_bacillus_subtilis_main_1dc2eb4818f9715a	dbtbs_bsub_core_1dc2eb4818f9715a	discovery	61	67	62	67	3.5	+	TACCAA	1.6422550678253174
EMB_prokbert_C15	tjupan_bacillus_subtilis_main_dcef15bdfb353954	dbtbs_bsub_core_dcef15bdfb353954	discovery	67	73	68	73	9.5	+	ACTTCA	1.643779993057251
EMB_prokbert_C15	tjupan_bacillus_subtilis_main_eaa75817f87b3088	dbtbs_bsub_core_71c43b52121900cc	discovery	47	53	48	53	-10.5	+	GGCATA	1.651979684829712
EMB_prokbert_C15	tjupan_bacillus_subtilis_main_7a6037ae36a0870c	tjupan_bacillus_subtilis_main_7a6037ae36a0870c	discovery	6	12	7	12	-51.5	+	GCAACT	1.6543703079223633
EMB_prokbert_C15	tjupan_bacillus_subtilis_main_7c03938b389dc368	dbtbs_bsub_core_39e8d21f598046d9	discovery	59	65	60	65	1.5	+	CATAAC	1.655597448348999
EMB_prokbert_C15	tjupan_bacillus_subtilis_main_0acb3976b9331524	tjupan_bacillus_subtilis_main_0acb3976b9331524	discovery	28	34	29	34	-29.5	+	ATGAAC	1.6582465171813965
EMB_prokbert_C15	tjupan_bacillus_subtilis_main_c5aa2a2f04401e51	tjupan_bacillus_subtilis_main_c5aa2a2f04401e51	discovery	27	33	28	33	-30.5	+	GACTTC	1.6592472791671753
EMB_prokbert_C15	tjupan_bacillus_subtilis_main_e66d1eb3358cf03d	dbtbs_bsub_core_601150b85493a7a1	discovery	26	32	27	32	-31.5	+	GCACAT	1.663623332977295
EMB_prokbert_C15	tjupan_bacillus_subtilis_main_1259688a411f3c07	tjupan_bacillus_subtilis_main_1259688a411f3c07	discovery	23	29	24	29	-34.5	+	ACTGTT	1.6676470041275024
EMB_prokbert_C15	tjupan_bacillus_subtilis_main_2a3c695bd1a0b4c9	tjupan_bacillus_subtilis_main_2a3c695bd1a0b4c9	discovery	27	33	28	33	-30.5	+	GCACAT	1.6680543422698975
EMB_prokbert_C15	tjupan_bacillus_subtilis_main_06d485c4aaa12e15	dbtbs_bsub_core_06d485c4aaa12e15	discovery	31	37	32	37	-26.5	+	CATTGA	1.6690001487731934
EMB_prokbert_C15	tjupan_bacillus_subtilis_main_af51a9f7939c4cfb	dbtbs_bsub_core_49fc6b8175a85db6	discovery	33	39	34	39	-24.5	+	ACTGTC	1.6740154027938843
EMB_prokbert_C15	tjupan_bacillus_subtilis_main_e326833d29b8752f	dbtbs_bsub_core_e326833d29b8752f	discovery	45	51	46	51	-12.5	+	ACATTC	1.6835558414459229
EMB_prokbert_C15	tjupan_bacillus_subtilis_main_2be0a0a038238614	tjupan_bacillus_subtilis_main_2be0a0a038238614	discovery	17	23	18	23	-40.5	+	CACATG	1.6918622255325317
EMB_prokbert_C15	tjupan_bacillus_subtilis_main_0f74e2398b4ac2a6	dbtbs_bsub_core_e5f400f6f8de25f5	discovery	60	66	61	66	2.5	+	ATCAAC	1.6976633071899414
EMB_prokbert_C15	tjupan_bacillus_subtilis_main_2c9e8a462277f7da	dbtbs_bsub_core_f7573fed016c047b	discovery	4	10	5	10	-53.5	+	GAACTC	1.7004451751708984
EMB_prokbert_C15	tjupan_bacillus_subtilis_main_6b5eda10bbc36b27	dbtbs_bsub_core_0d578393adbcde98	discovery	21	27	22	27	-36.5	+	TTGACA	1.7040213346481323
EMB_prokbert_C15	tjupan_bacillus_subtilis_main_9571d32ab22eb9a0	dbtbs_bsub_core_9571d32ab22eb9a0	discovery	14	20	15	20	-43.5	+	ATCACT	1.717292308807373
EMB_prokbert_C15	tjupan_bacillus_subtilis_main_b88f3e08d3d51af5	tjupan_bacillus_subtilis_main_b88f3e08d3d51af5	discovery	21	27	22	27	-36.5	+	CATCAC	1.7173945903778076
EMB_prokbert_C15	tjupan_bacillus_subtilis_main_a92ee416463b3fc1	dbtbs_bsub_core_585820026d8d814d	discovery	56	62	57	62	-1.5	+	ACATGT	1.71988844871521
EMB_prokbert_C15	tjupan_bacillus_subtilis_main_41b76e09c674d652	dbtbs_bsub_core_41b76e09c674d652	discovery	36	42	37	42	-21.5	+	CATGAA	1.7211244106292725
EMB_prokbert_C15	tjupan_bacillus_subtilis_main_c2d54a415a7d048a	dbtbs_bsub_core_c2d54a415a7d048a	discovery	42	48	43	48	-15.5	+	ACATTG	1.721582293510437
EMB_prokbert_C15	tjupan_bacillus_subtilis_main_d497e040ececfdff	dbtbs_bsub_core_a797439cbe2b0d85	discovery	31	37	32	37	-26.5	+	ACTGCG	1.7245218753814697
EMB_prokbert_C15	tjupan_bacillus_subtilis_main_f45d38a5e15ccc93	dbtbs_bsub_core_5dbc73ad42aeab56	discovery	15	21	16	21	-42.5	+	GCCACA	1.7247750759124756
EMB_prokbert_C15	tjupan_bacillus_subtilis_main_ef6dc517178d6adf	dbtbs_bsub_core_ef6dc517178d6adf	discovery	16	22	17	22	-41.5	+	ACGCAT	1.7282649278640747
EMB_prokbert_C15	tjupan_bacillus_subtilis_main_238ba8da2c883516	dbtbs_bsub_core_238ba8da2c883516	discovery	10	16	11	16	-47.5	+	CAATCA	1.729171633720398
EMB_prokbert_C15	tjupan_bacillus_subtilis_main_51e2f43063a3baab	tjupan_bacillus_subtilis_main_51e2f43063a3baab	discovery	63	69	64	69	5.5	+	GTCATA	1.7294816970825195
EMB_prokbert_C15	tjupan_bacillus_subtilis_main_f452c4bef1ed8b92	dbtbs_bsub_core_f452c4bef1ed8b92	discovery	32	38	33	38	-25.5	+	TCAACT	1.7312737703323364
EMB_prokbert_C15	tjupan_bacillus_subtilis_main_adbf75412ef7d5a0	dbtbs_bsub_core_adbf75412ef7d5a0	discovery	64	70	65	70	6.5	+	ACGTCA	1.7339791059494019
EMB_prokbert_C15	tjupan_bacillus_subtilis_main_4d08fa1f606ad269	tjupan_bacillus_subtilis_main_4d08fa1f606ad269	discovery	20	26	21	26	-37.5	+	GCACTC	1.7344119548797607
EMB_prokbert_C15	tjupan_bacillus_subtilis_main_d9da0a0033167763	dbtbs_bsub_core_d9da0a0033167763	discovery	4	10	5	10	-53.5	+	GACAAT	1.7375030517578125
EMB_prokbert_C15	tjupan_bacillus_subtilis_main_ecef2875a7a372ba	dbtbs_bsub_core_ecef2875a7a372ba	discovery	36	42	37	42	-21.5	+	TCACGA	1.7392158508300781
EMB_prokbert_C15	tjupan_bacillus_subtilis_main_5150105a4bdfd4ce	tjupan_bacillus_subtilis_main_5150105a4bdfd4ce	discovery	64	70	65	70	6.5	+	CACAAT	1.743148922920227
EMB_prokbert_C15	tjupan_bacillus_subtilis_main_91197a052a9adc5b	tjupan_bacillus_subtilis_main_91197a052a9adc5b	discovery	72	78	73	78	14.5	+	GAACAG	1.7471277713775635
EMB_prokbert_C15	tjupan_bacillus_subtilis_main_5e30b1d213eba695	tjupan_bacillus_subtilis_main_5e30b1d213eba695	discovery	13	19	14	19	-44.5	+	CCTACA	1.7473530769348145
EMB_prokbert_C15	tjupan_bacillus_subtilis_main_8bf0684d999843b1	dbtbs_bsub_core_8bf0684d999843b1	discovery	13	19	14	19	-44.5	+	ATTCAC	1.7499204874038696
EMB_prokbert_C15	tjupan_bacillus_subtilis_main_729454a84a667dd8	dbtbs_bsub_core_729454a84a667dd8	discovery	47	53	48	53	-10.5	+	CACGTT	1.750437617301941
EMB_prokbert_C15	tjupan_bacillus_subtilis_main_69a39ef163dd4726	tjupan_bacillus_subtilis_main_69a39ef163dd4726	discovery	14	20	15	20	-43.5	+	ATGACA	1.751047968864441
EMB_prokbert_C15	tjupan_bacillus_subtilis_main_ec2d75bce4a65abf	dbtbs_bsub_core_e3549a9c12f5ac55	discovery	25	31	26	31	-32.5	+	TCACAG	1.7538503408432007
EMB_prokbert_C15	tjupan_bacillus_subtilis_main_a43a1f032db2e49e	dbtbs_bsub_core_872c1380ac7bb81f	discovery	45	51	46	51	-12.5	+	GACATA	1.7568224668502808
EMB_prokbert_C15	tjupan_bacillus_subtilis_main_fe2a626ec63a594e	dbtbs_bsub_core_abc060d81660f90c	discovery	60	66	61	66	2.5	+	AACCAG	1.7593464851379395
EMB_prokbert_C15	tjupan_bacillus_subtilis_main_5a860caea8fc814c	tjupan_bacillus_subtilis_main_5a860caea8fc814c	discovery	48	54	49	54	-9.5	+	CTACAG	1.7606570720672607
EMB_prokbert_C15	tjupan_bacillus_subtilis_main_73f2f27ec267a871	dbtbs_bsub_core_77a7b73eeb200478	discovery	27	33	28	33	-30.5	+	ACTCGG	1.762406826019287
EMB_prokbert_C15	tjupan_bacillus_subtilis_main_4fc356ae4cdf5a10	dbtbs_bsub_core_89ad3abb800dad9f	discovery	48	54	49	54	-9.5	+	TACACT	1.7675774097442627
EMB_prokbert_C15	tjupan_bacillus_subtilis_main_bdf5315a71015695	dbtbs_bsub_core_c94ae7322b918d76	discovery	72	78	73	78	14.5	+	ATGCAA	1.7680736780166626
EMB_prokbert_C15	tjupan_bacillus_subtilis_main_993a308bb6e190e1	dbtbs_bsub_core_993a308bb6e190e1	discovery	44	50	45	50	-13.5	+	TGAATA	1.7687478065490723
EMB_prokbert_C15	tjupan_bacillus_subtilis_main_09dd4c8ba7bc09c6	dbtbs_bsub_core_09dd4c8ba7bc09c6	discovery	59	65	60	65	1.5	+	CAAGAC	1.7753071784973145
EMB_prokbert_C15	tjupan_bacillus_subtilis_main_48f68d49bf53ea3b	dbtbs_bsub_core_a63e45c266a8243f	discovery	31	37	32	37	-26.5	+	GATCAC	1.7827836275100708
EMB_prokbert_C15	tjupan_bacillus_subtilis_main_5fc80954df40cf68	dbtbs_bsub_core_44be1bddac760e1c	discovery	24	30	25	30	-33.5	+	GTTCAC	1.7828564643859863
EMB_prokbert_C15	tjupan_bacillus_subtilis_main_74de924b5fe0230a	dbtbs_bsub_core_74de924b5fe0230a	discovery	68	74	69	74	10.5	+	ATCACT	1.7915939092636108
EMB_prokbert_C15	tjupan_bacillus_subtilis_main_25766be7ede5bd12	tjupan_bacillus_subtilis_main_25766be7ede5bd12	discovery	58	64	59	64	0.5	+	TCACGC	1.795914649963379
EMB_prokbert_C15	tjupan_bacillus_subtilis_main_64dfe397c07a4656	dbtbs_bsub_core_99013d44fc3df9d1	discovery	20	26	21	26	-37.5	+	GACTCA	1.7960480451583862
EMB_prokbert_C15	tjupan_bacillus_subtilis_main_bf15c71cd5f4b9e0	dbtbs_bsub_core_79aa8a5c0f3b9558	discovery	15	21	16	21	-42.5	+	CACAAT	1.796945571899414
EMB_prokbert_C15	tjupan_bacillus_subtilis_main_5b5f9b9ad371b1b0	tjupan_bacillus_subtilis_main_5b5f9b9ad371b1b0	discovery	24	30	25	30	-33.5	+	GTATCA	1.7980620861053467
EMB_prokbert_C15	tjupan_bacillus_subtilis_main_264ccaf63cfb1cfe	tjupan_bacillus_subtilis_main_264ccaf63cfb1cfe	discovery	26	32	27	32	-31.5	+	CTTGGC	1.7989556789398193
EMB_prokbert_C15	tjupan_bacillus_subtilis_main_02077247d0a8a665	dbtbs_bsub_core_e82d4ff28ccc2c95	discovery	19	25	20	25	-38.5	+	CAACCA	1.800675630569458
EMB_prokbert_C15	tjupan_bacillus_subtilis_main_216653931b9dfc0d	tjupan_bacillus_subtilis_main_216653931b9dfc0d	discovery	60	66	61	66	2.5	+	CAACAG	1.803891658782959
EMB_prokbert_C15	tjupan_bacillus_subtilis_main_7d976c34bed90c97	tjupan_bacillus_subtilis_main_7d976c34bed90c97	discovery	28	34	29	34	-29.5	+	CATCAC	1.8075475692749023
EMB_prokbert_C15	tjupan_bacillus_subtilis_main_3c72a88384ee6013	tjupan_bacillus_subtilis_main_3c72a88384ee6013	discovery	43	49	44	49	-14.5	+	CAATCC	1.8099416494369507
EMB_prokbert_C15	tjupan_bacillus_subtilis_main_a1b8ecb6878276b4	dbtbs_bsub_core_a1b8ecb6878276b4	discovery	63	69	64	69	5.5	+	CGTCAG	1.811602234840393
EMB_prokbert_C15	tjupan_bacillus_subtilis_main_cd5426fc6bacf792	dbtbs_bsub_core_cd5426fc6bacf792	discovery	31	37	32	37	-26.5	+	GTCACA	1.8126819133758545
EMB_prokbert_C15	tjupan_bacillus_subtilis_main_8e892e5639ef0ac1	dbtbs_bsub_core_d25c674b3a14df1a	discovery	44	50	45	50	-13.5	+	AAGCTA	1.8230448961257935
EMB_prokbert_C15	tjupan_bacillus_subtilis_main_0cc8abc9b551141c	dbtbs_bsub_core_0cc8abc9b551141c	discovery	35	41	36	41	-22.5	+	GACAAG	1.8286792039871216
EMB_prokbert_C15	tjupan_bacillus_subtilis_main_b7d5a32e40c68782	tjupan_bacillus_subtilis_main_b7d5a32e40c68782	discovery	25	31	26	31	-32.5	+	CCAACT	1.829453945159912
EMB_prokbert_C15	tjupan_bacillus_subtilis_main_adff0049bb8c9b3f	tjupan_bacillus_subtilis_main_adff0049bb8c9b3f	discovery	18	24	19	24	-39.5	+	CCATAC	1.8296664953231812
EMB_prokbert_C15	tjupan_bacillus_subtilis_main_bb68072522710571	dbtbs_bsub_core_bb68072522710571	discovery	70	76	71	76	12.5	+	GTACCA	1.835728645324707
EMB_prokbert_C15	tjupan_bacillus_subtilis_main_56bd9deba3d3b9f9	dbtbs_bsub_core_5dd7cccc54d589c3	discovery	8	14	9	14	-49.5	+	ATCACG	1.8359642028808594
EMB_prokbert_C15	tjupan_bacillus_subtilis_main_57cb99253c19d2b6	tjupan_bacillus_subtilis_main_57cb99253c19d2b6	discovery	22	28	23	28	-35.5	+	CGTACA	1.836791753768921
EMB_prokbert_C15	tjupan_bacillus_subtilis_main_a7a45131c45395c8	dbtbs_bsub_core_a7a45131c45395c8	discovery	32	38	33	38	-25.5	+	CTGGCA	1.8378541469573975
EMB_prokbert_C15	tjupan_bacillus_subtilis_main_df2876c84282b3af	dbtbs_bsub_core_d831e470618beda7	discovery	66	72	67	72	8.5	+	AGCACT	1.838821291923523
EMB_prokbert_C15	tjupan_bacillus_subtilis_main_13f211949a22c74a	dbtbs_bsub_core_bdbae944a25ddfff	discovery	55	61	56	61	-2.5	+	TCACTA	1.839464783668518
EMB_prokbert_C15	tjupan_bacillus_subtilis_main_49d5f09ecdaa68d2	dbtbs_bsub_core_2fc6766ca8c365d3	discovery	34	40	35	40	-23.5	+	CACTCA	1.839679479598999
EMB_prokbert_C15	tjupan_bacillus_subtilis_main_666dd7e391a36890	dbtbs_bsub_core_666dd7e391a36890	discovery	23	29	24	29	-34.5	+	ACACCA	1.8415520191192627
EMB_prokbert_C15	tjupan_bacillus_subtilis_main_1a8b81622422b81c	dbtbs_bsub_core_045e4f174337aedd	discovery	12	18	13	18	-45.5	+	CAACTG	1.8417401313781738
EMB_prokbert_C15	tjupan_bacillus_subtilis_main_14a46634ed7dcff0	tjupan_bacillus_subtilis_main_14a46634ed7dcff0	discovery	70	76	71	76	12.5	+	TCAACA	1.8432575464248657
EMB_prokbert_C15	tjupan_bacillus_subtilis_main_9c3cc423ec1465b1	dbtbs_bsub_core_9c3cc423ec1465b1	discovery	43	49	44	49	-14.5	+	AACCAC	1.8449889421463013
EMB_prokbert_C15	tjupan_bacillus_subtilis_main_be897b68bd393df0	dbtbs_bsub_core_be897b68bd393df0	discovery	18	24	19	24	-39.5	+	ACAGTC	1.8466744422912598
EMB_prokbert_C15	tjupan_bacillus_subtilis_main_3ab41c1b83ba019b	dbtbs_bsub_core_c956a5fd581ed80a	discovery	70	76	71	76	12.5	+	ACAGGC	1.8489642143249512
EMB_prokbert_C15	tjupan_bacillus_subtilis_main_84597be11ba889b8	tjupan_bacillus_subtilis_main_84597be11ba889b8	discovery	29	35	30	35	-28.5	+	GTAACA	1.8534866571426392
EMB_prokbert_C15	tjupan_bacillus_subtilis_main_954287dc5b301340	tjupan_bacillus_subtilis_main_954287dc5b301340	discovery	40	46	41	46	-17.5	+	GCACCT	1.8535877466201782
EMB_prokbert_C15	tjupan_bacillus_subtilis_main_43fbda6e3c3abdae	dbtbs_bsub_core_c62c8589a5774a74	discovery	56	62	57	62	-1.5	+	TACAGA	1.8554598093032837
EMB_prokbert_C15	tjupan_bacillus_subtilis_main_024ba149e95dcf1a	tjupan_bacillus_subtilis_main_024ba149e95dcf1a	discovery	14	20	15	20	-43.5	+	ACAATT	1.8573532104492188
EMB_prokbert_C15	tjupan_bacillus_subtilis_main_92b62a9d8d87ace9	dbtbs_bsub_core_92b62a9d8d87ace9	discovery	35	41	36	41	-22.5	+	CGGCAG	1.8580577373504639
EMB_prokbert_C15	tjupan_bacillus_subtilis_main_a1ad6ce2d20c389b	dbtbs_bsub_core_539bc60476254ff5	discovery	44	50	45	50	-13.5	+	CCGATC	1.8664882183074951
EMB_prokbert_C15	tjupan_bacillus_subtilis_main_ca7144caa797f7bc	dbtbs_bsub_core_ca7144caa797f7bc	discovery	16	22	17	22	-41.5	+	AGACAC	1.8666489124298096
EMB_prokbert_C15	tjupan_bacillus_subtilis_main_71a2a4c64c087430	tjupan_bacillus_subtilis_main_71a2a4c64c087430	discovery	32	38	33	38	-25.5	+	CATGGA	1.8775537014007568
EMB_prokbert_C15	tjupan_bacillus_subtilis_main_e9623f8193af34e0	dbtbs_bsub_core_e9623f8193af34e0	discovery	8	14	9	14	-49.5	+	AACCAT	1.8844226598739624
EMB_prokbert_C15	tjupan_bacillus_subtilis_main_f9edd67964b41200	dbtbs_bsub_core_f9edd67964b41200	discovery	45	51	46	51	-12.5	+	GCAGAC	1.8846462965011597
EMB_prokbert_C15	tjupan_bacillus_subtilis_main_7ebbe970ac38b83d	dbtbs_bsub_core_5742761e1938e2d4	discovery	19	25	20	25	-38.5	+	AACACT	1.888561487197876
EMB_prokbert_C15	tjupan_bacillus_subtilis_main_8e4b7e6c519e170f	tjupan_bacillus_subtilis_main_8e4b7e6c519e170f	discovery	34	40	35	40	-23.5	+	TCATGC	1.8924612998962402
EMB_prokbert_C15	tjupan_bacillus_subtilis_main_dccf4ca03cd1642b	dbtbs_bsub_core_dccf4ca03cd1642b	discovery	27	33	28	33	-30.5	+	GACATT	1.8971385955810547
EMB_prokbert_C15	tjupan_bacillus_subtilis_main_691e7ded333dd616	dbtbs_bsub_core_691e7ded333dd616	discovery	27	33	28	33	-30.5	+	CATCAC	1.9014813899993896
EMB_prokbert_C15	tjupan_bacillus_subtilis_main_a26ee3e07cf1eedf	dbtbs_bsub_core_a26ee3e07cf1eedf	discovery	47	53	48	53	-10.5	+	CCACAA	1.9024090766906738
EMB_prokbert_C15	tjupan_bacillus_subtilis_main_0f3eb3e9a9977e6d	tjupan_bacillus_subtilis_main_0f3eb3e9a9977e6d	discovery	29	35	30	35	-28.5	+	TCATCG	1.9072293043136597
EMB_prokbert_C15	tjupan_bacillus_subtilis_main_5e34c7286340c249	dbtbs_bsub_core_0fedc539a64a99b7	discovery	45	51	46	51	-12.5	+	GCATAC	1.9124754667282104
EMB_prokbert_C15	tjupan_bacillus_subtilis_main_ea59d0ddaaaaf005	dbtbs_bsub_core_ff8c346476498240	discovery	21	27	22	27	-36.5	+	TCTGCA	1.9191980361938477
EMB_prokbert_C15	tjupan_bacillus_subtilis_main_9daaa0d103ffad86	dbtbs_bsub_core_9daaa0d103ffad86	discovery	42	48	43	48	-15.5	+	CACTGA	1.9199345111846924
EMB_prokbert_C15	tjupan_bacillus_subtilis_main_76909c0ebd8db916	dbtbs_bsub_core_d5153844984277ea	discovery	57	63	58	63	-0.5	+	TACAGA	1.9218837022781372
EMB_prokbert_C15	tjupan_bacillus_subtilis_main_619ca6b1749e92aa	tjupan_bacillus_subtilis_main_619ca6b1749e92aa	discovery	21	27	22	27	-36.5	+	GCACTA	1.9293439388275146
EMB_prokbert_C15	tjupan_bacillus_subtilis_main_2c918744f6daf466	dbtbs_bsub_core_20f77243a5b2c4ab	discovery	43	49	44	49	-14.5	+	TCGCAC	1.9309273958206177
EMB_prokbert_C15	tjupan_bacillus_subtilis_main_bebf1b31befd9c3c	dbtbs_bsub_core_bebf1b31befd9c3c	discovery	59	65	60	65	1.5	+	CGTTCA	1.9313374757766724
EMB_prokbert_C15	tjupan_bacillus_subtilis_main_550b125b16dc206e	dbtbs_bsub_core_2ab03862f0e9dd2f	discovery	14	20	15	20	-43.5	+	ACGTTC	1.931784749031067
EMB_prokbert_C15	tjupan_bacillus_subtilis_main_56fbf5e1ebfb46d1	dbtbs_bsub_core_56fbf5e1ebfb46d1	discovery	20	26	21	26	-37.5	+	GCACCT	1.9339600801467896
EMB_prokbert_C15	tjupan_bacillus_subtilis_main_962b839f321a2605	dbtbs_bsub_core_962b839f321a2605	discovery	33	39	34	39	-24.5	+	CAGACC	1.9495488405227661
EMB_prokbert_C15	tjupan_bacillus_subtilis_main_4b32f81551985923	tjupan_bacillus_subtilis_main_4b32f81551985923	discovery	29	35	30	35	-28.5	+	CAGCAA	1.94980788230896
EMB_prokbert_C15	tjupan_bacillus_subtilis_main_a723fdca1013c0b5	dbtbs_bsub_core_a723fdca1013c0b5	discovery	44	50	45	50	-13.5	+	CTCATA	1.9644490480422974
EMB_prokbert_C15	tjupan_bacillus_subtilis_main_f869091e55050110	tjupan_bacillus_subtilis_main_f869091e55050110	discovery	67	73	68	73	9.5	+	ATGCAC	1.965589165687561
EMB_prokbert_C15	tjupan_bacillus_subtilis_main_9f03f134e6b67be2	tjupan_bacillus_subtilis_main_9f03f134e6b67be2	discovery	48	54	49	54	-9.5	+	ACAGTC	1.974896788597107
EMB_prokbert_C15	tjupan_bacillus_subtilis_main_583caee20795a363	dbtbs_bsub_core_eb847cafc60502c2	discovery	57	63	58	63	-0.5	+	TACATC	1.9923453330993652
EMB_prokbert_C15	tjupan_bacillus_subtilis_main_5ccaab5adb962b3d	dbtbs_bsub_core_483b39fd11d75b28	discovery	68	74	69	74	10.5	+	GACATT	1.9970873594284058
EMB_prokbert_C15	tjupan_bacillus_subtilis_main_517410185d825f3e	tjupan_bacillus_subtilis_main_517410185d825f3e	discovery	45	51	46	51	-12.5	+	TCAATA	2.010503053665161
EMB_prokbert_C15	tjupan_bacillus_subtilis_main_8f5a33e062052e2d	tjupan_bacillus_subtilis_main_8f5a33e062052e2d	discovery	58	64	59	64	0.5	+	CACAGT	2.016476631164551
EMB_prokbert_C15	tjupan_bacillus_subtilis_main_1b0cfe46f303d3fa	dbtbs_bsub_core_56695775e253190c	discovery	14	20	15	20	-43.5	+	GCACAC	2.021810531616211
EMB_prokbert_C15	tjupan_bacillus_subtilis_main_d04a67d8cb9ad084	dbtbs_bsub_core_d04a67d8cb9ad084	discovery	26	32	27	32	-31.5	+	CACACT	2.0270962715148926
EMB_prokbert_C15	tjupan_bacillus_subtilis_main_80add31ceb4a1382	tjupan_bacillus_subtilis_main_80add31ceb4a1382	discovery	57	63	58	63	-0.5	+	GCAACG	2.0325875282287598
EMB_prokbert_C15	tjupan_bacillus_subtilis_main_bcbef8350d7925db	tjupan_bacillus_subtilis_main_bcbef8350d7925db	discovery	30	36	31	36	-27.5	+	AACATG	2.0398337841033936
EMB_prokbert_C15	tjupan_bacillus_subtilis_main_cb2c7c4f94201384	tjupan_bacillus_subtilis_main_cb2c7c4f94201384	discovery	16	22	17	22	-41.5	+	CACATG	2.0420081615448
EMB_prokbert_C15	tjupan_bacillus_subtilis_main_f05d30123c592277	dbtbs_bsub_core_f05d30123c592277	discovery	40	46	41	46	-17.5	+	TCAATG	2.0434579849243164
EMB_prokbert_C15	tjupan_bacillus_subtilis_main_c22e62909e814f30	dbtbs_bsub_core_e2251470d219464a	discovery	10	16	11	16	-47.5	+	TACAGC	2.059173822402954
EMB_prokbert_C15	tjupan_bacillus_subtilis_main_e9d365c0dda7757e	tjupan_bacillus_subtilis_main_e9d365c0dda7757e	discovery	62	68	63	68	4.5	+	GTGCAC	2.061985492706299
EMB_prokbert_C15	tjupan_bacillus_subtilis_main_e1d5408a78fdd1c5	dbtbs_bsub_core_f8ce2fa963a01405	discovery	10	16	11	16	-47.5	+	ATTCGA	2.076138973236084
EMB_prokbert_C15	tjupan_bacillus_subtilis_main_9361e0f82edaa017	tjupan_bacillus_subtilis_main_9361e0f82edaa017	discovery	18	24	19	24	-39.5	+	GCAATC	2.091360092163086
EMB_prokbert_C15	tjupan_bacillus_subtilis_main_d1b10b64ac040b8c	dbtbs_bsub_core_3a6c62def340fb72	discovery	6	12	7	12	-51.5	+	TATCAG	2.091395616531372
EMB_prokbert_C15	tjupan_bacillus_subtilis_main_3c97e9436cb369c2	dbtbs_bsub_core_6dc10c0d490555ae	discovery	59	65	60	65	1.5	+	TGACAG	2.114737033843994
EMB_prokbert_C15	tjupan_bacillus_subtilis_main_ac1a0a0a579397f6	tjupan_bacillus_subtilis_main_ac1a0a0a579397f6	discovery	39	45	40	45	-18.5	+	CCACGC	2.115635395050049
EMB_prokbert_C15	tjupan_bacillus_subtilis_main_8b776572d2e01c62	dbtbs_bsub_core_6736f212a82e3343	discovery	61	67	62	67	3.5	+	TTCCAT	2.1197493076324463
EMB_prokbert_C15	tjupan_bacillus_subtilis_main_f5fed123a3ffd242	dbtbs_bsub_core_f5fed123a3ffd242	discovery	38	44	39	44	-19.5	+	ACGCCA	2.1207525730133057
EMB_prokbert_C15	tjupan_bacillus_subtilis_main_e95909bd7e136f46	dbtbs_bsub_core_426aaa712ced5536	discovery	61	67	62	67	3.5	+	ATACAC	2.1244399547576904
EMB_prokbert_C15	tjupan_bacillus_subtilis_main_6e989f822c0894af	dbtbs_bsub_core_bb5ca17cb9317fea	discovery	66	72	67	72	8.5	+	TCATGT	2.1454672813415527
EMB_prokbert_C15	tjupan_bacillus_subtilis_main_32aff5c8192321bb	dbtbs_bsub_core_76636d30cbe1eec3	discovery	69	75	70	75	11.5	+	GACAGT	2.166111707687378
EMB_prokbert_C15	tjupan_bacillus_subtilis_main_ef37e7c4f77cfd3f	tjupan_bacillus_subtilis_main_ef37e7c4f77cfd3f	discovery	10	16	11	16	-47.5	+	TCACAT	2.1734166145324707
EMB_prokbert_C15	tjupan_bacillus_subtilis_main_bfe4e797767b8990	tjupan_bacillus_subtilis_main_bfe4e797767b8990	discovery	54	60	55	60	-3.5	+	CACAAC	2.1873674392700195
EMB_prokbert_C15	tjupan_bacillus_subtilis_main_1edc8da3b582b0a5	dbtbs_bsub_core_1edc8da3b582b0a5	discovery	69	75	70	75	11.5	+	ATACAT	2.189086437225342
EMB_prokbert_C15	tjupan_bacillus_subtilis_main_d0e455b1c91ba281	dbtbs_bsub_core_f6e924d0656980ad	discovery	61	67	62	67	3.5	+	GTCACA	2.1937642097473145
EMB_prokbert_C15	tjupan_bacillus_subtilis_main_a52148b067c7a32f	tjupan_bacillus_subtilis_main_a52148b067c7a32f	discovery	34	40	35	40	-23.5	+	CCGCAT	2.196775436401367
EMB_prokbert_C15	tjupan_bacillus_subtilis_main_7ac1767347438edd	dbtbs_bsub_core_5c6ce2f66e66fe9e	discovery	31	37	32	37	-26.5	+	GTATCA	2.203700542449951
EMB_prokbert_C15	tjupan_bacillus_subtilis_main_eb3c3d68906264b7	tjupan_bacillus_subtilis_main_eb3c3d68906264b7	discovery	43	49	44	49	-14.5	+	GGTCAT	2.206498861312866
EMB_prokbert_C15	tjupan_bacillus_subtilis_main_dc21315df009d1aa	dbtbs_bsub_core_4631e0ee0e2e12e5	discovery	70	76	71	76	12.5	+	GGACAT	2.2399818897247314
EMB_prokbert_C15	tjupan_bacillus_subtilis_main_0e56c5fe6c5d0db0	dbtbs_bsub_core_cfddcd51a76889fd	discovery	36	42	37	42	-21.5	+	TCATCC	2.316349983215332
EMB_prokbert_C15	tjupan_bacillus_subtilis_main_1dc6ad16ab0331f8	tjupan_bacillus_subtilis_main_1dc6ad16ab0331f8	discovery	13	19	14	19	-44.5	+	GCACCT	2.3683576583862305
EMB_prokbert_C15	tjupan_bacillus_subtilis_main_a0eee3dddaf07ac3	tjupan_bacillus_subtilis_main_a0eee3dddaf07ac3	discovery	74	80	75	80	16.5	+	TCACAA	2.3704137802124023
EMB_prokbert_C15	tjupan_bacillus_subtilis_main_a43c85166b962f37	dbtbs_bsub_core_47d2cdeb8a491885	discovery	5	11	6	11	-52.5	+	GTGCAC	2.401123523712158
EMB_prokbert_C15	tjupan_bacillus_subtilis_main_e4ca0c490585b644	tjupan_bacillus_subtilis_main_e4ca0c490585b644	discovery	75	81	76	81	17.5	+	ACAGCC	2.432757616043091
EMB_prokbert_C15	tjupan_bacillus_subtilis_main_c3431646de80d63f	tjupan_bacillus_subtilis_main_c3431646de80d63f	discovery	72	78	73	78	14.5	+	GACACA	2.4348926544189453
EMB_prokbert_C15	tjupan_bacillus_subtilis_main_9c67a769132d62d8	dbtbs_bsub_core_1373e064636d6c9b	discovery	73	79	74	79	15.5	+	GCACGA	2.4557926654815674
EMB_prokbert_C15	tjupan_bacillus_subtilis_main_fea868950ff1c774	tjupan_bacillus_subtilis_main_fea868950ff1c774	discovery	3	9	4	9	-54.5	+	CGATAA	2.5350069999694824
EMB_prokbert_C15	tjupan_bacillus_subtilis_main_fc6071b9027316a7	tjupan_bacillus_subtilis_main_fc6071b9027316a7	discovery	72	78	73	78	14.5	+	ACAGCA	2.5613913536071777
EMB_prokbert_C15	tjupan_bacillus_subtilis_main_aded66fe8079e578	tjupan_bacillus_subtilis_main_aded66fe8079e578	discovery	67	73	68	73	9.5	+	GACACA	2.725825548171997
EMB_prokbert_C16	tjupan_bacillus_subtilis_main_66bdec0f6e49230b	dbtbs_bsub_core_66bdec0f6e49230b	discovery	41	47	42	47	-16.5	+	CTCCTT	1.1123697757720947
EMB_prokbert_C16	tjupan_bacillus_subtilis_main_6e989f822c0894af	dbtbs_bsub_core_bb5ca17cb9317fea	discovery	11	17	12	17	-46.5	+	CTCTTG	1.1473392248153687
EMB_prokbert_C16	tjupan_bacillus_subtilis_main_8b7394af6b78d50f	dbtbs_bsub_core_c890b4346c03f247	discovery	16	22	17	22	-41.5	+	CCTCTT	1.1996561288833618
EMB_prokbert_C16	tjupan_bacillus_subtilis_main_05b3d931ff35d8e8	dbtbs_bsub_core_05b3d931ff35d8e8	discovery	20	26	21	26	-37.5	+	CTCCTT	1.263179898262024
EMB_prokbert_C16	tjupan_bacillus_subtilis_main_7a6037ae36a0870c	tjupan_bacillus_subtilis_main_7a6037ae36a0870c	discovery	9	15	10	15	-48.5	+	ACTCTT	1.2950586080551147
EMB_prokbert_C16	tjupan_bacillus_subtilis_main_09dd4c8ba7bc09c6	dbtbs_bsub_core_09dd4c8ba7bc09c6	discovery	7	13	8	13	-50.5	+	TTCTCC	1.3586242198944092
EMB_prokbert_C16	tjupan_bacillus_subtilis_main_4b32f81551985923	tjupan_bacillus_subtilis_main_4b32f81551985923	discovery	18	24	19	24	-39.5	+	ATTCCT	1.386615514755249
EMB_prokbert_C16	tjupan_bacillus_subtilis_main_b790c6b12a43a7c6	tjupan_bacillus_subtilis_main_b790c6b12a43a7c6	discovery	15	21	16	21	-42.5	+	GCTCTT	1.4012058973312378
EMB_prokbert_C16	tjupan_bacillus_subtilis_main_a52148b067c7a32f	tjupan_bacillus_subtilis_main_a52148b067c7a32f	discovery	74	80	75	80	16.5	+	CTTCCA	1.4090718030929565
EMB_prokbert_C16	tjupan_bacillus_subtilis_main_8a0979b032bb35c1	dbtbs_bsub_core_33318fe6256d39ff	discovery	20	26	21	26	-37.5	+	ACCTCT	1.423310399055481
EMB_prokbert_C16	tjupan_bacillus_subtilis_main_b7d5a32e40c68782	tjupan_bacillus_subtilis_main_b7d5a32e40c68782	discovery	34	40	35	40	-23.5	+	CCAGCT	1.4324193000793457
EMB_prokbert_C16	tjupan_bacillus_subtilis_main_8f9b814f5e8b18ae	dbtbs_bsub_core_8f9b814f5e8b18ae	discovery	35	41	36	41	-22.5	+	CTGTTC	1.4404191970825195
EMB_prokbert_C16	tjupan_bacillus_subtilis_main_024ba149e95dcf1a	tjupan_bacillus_subtilis_main_024ba149e95dcf1a	discovery	18	24	19	24	-39.5	+	TTCTCC	1.4532239437103271
EMB_prokbert_C16	tjupan_bacillus_subtilis_main_0d315ab142d66dcc	dbtbs_bsub_core_76d28d1be3f9f514	discovery	37	43	38	43	-20.5	+	CTTGTC	1.4579408168792725
EMB_prokbert_C16	tjupan_bacillus_subtilis_main_adbf75412ef7d5a0	dbtbs_bsub_core_adbf75412ef7d5a0	discovery	13	19	14	19	-44.5	+	TCCTCT	1.4611055850982666
EMB_prokbert_C16	tjupan_bacillus_subtilis_main_bc41d7d0760497f9	dbtbs_bsub_core_bc41d7d0760497f9	discovery	38	44	39	44	-19.5	+	CTTCTC	1.475474238395691
EMB_prokbert_C16	tjupan_bacillus_subtilis_main_20bbba0ce59de449	dbtbs_bsub_core_20bbba0ce59de449	discovery	39	45	40	45	-18.5	+	ATCCTT	1.475888967514038
EMB_prokbert_C16	tjupan_bacillus_subtilis_main_9990510225814384	tjupan_bacillus_subtilis_main_9990510225814384	discovery	21	27	22	27	-36.5	+	TCCTTG	1.4767321348190308
EMB_prokbert_C16	tjupan_bacillus_subtilis_main_834e21e1951468f3	tjupan_bacillus_subtilis_main_834e21e1951468f3	discovery	15	21	16	21	-42.5	+	TTTCTC	1.4796470403671265
EMB_prokbert_C16	tjupan_bacillus_subtilis_main_a31f56ff3ee450d4	dbtbs_bsub_core_1c4407f77cf4bab2	discovery	52	58	53	58	-5.5	+	TCTCCT	1.4857457876205444
EMB_prokbert_C16	tjupan_bacillus_subtilis_main_13f211949a22c74a	dbtbs_bsub_core_bdbae944a25ddfff	discovery	51	57	52	57	-6.5	+	CCTGTC	1.496194839477539
EMB_prokbert_C16	tjupan_bacillus_subtilis_main_8e4b7e6c519e170f	tjupan_bacillus_subtilis_main_8e4b7e6c519e170f	discovery	31	37	32	37	-26.5	+	TTCTCA	1.4962060451507568
EMB_prokbert_C16	tjupan_bacillus_subtilis_main_2b2db3c55e03b737	dbtbs_bsub_core_9d26dfa3049d6f00	discovery	5	11	6	11	-52.5	+	TTCTCC	1.4962972402572632
EMB_prokbert_C16	tjupan_bacillus_subtilis_main_ced72b826f4a910f	dbtbs_bsub_core_d1a4fbb8ec4bd212	discovery	6	12	7	12	-51.5	+	ATTCTC	1.4984670877456665
EMB_prokbert_C16	tjupan_bacillus_subtilis_main_7d976c34bed90c97	tjupan_bacillus_subtilis_main_7d976c34bed90c97	discovery	32	38	33	38	-25.5	+	ACTTCT	1.5090302228927612
EMB_prokbert_C16	tjupan_bacillus_subtilis_main_e2d1119cb664dabf	dbtbs_bsub_core_954deecd8ab02ea9	discovery	11	17	12	17	-46.5	+	TCCTCC	1.515077829360962
EMB_prokbert_C16	tjupan_bacillus_subtilis_main_5150105a4bdfd4ce	tjupan_bacillus_subtilis_main_5150105a4bdfd4ce	discovery	39	45	40	45	-18.5	+	TTTCTG	1.5221359729766846
EMB_prokbert_C16	tjupan_bacillus_subtilis_main_a9fde0fdd238b261	dbtbs_bsub_core_06588c97cd7288a8	discovery	11	17	12	17	-46.5	+	TCAGCC	1.5228487253189087
EMB_prokbert_C16	tjupan_bacillus_subtilis_main_b11aff47b9c426f3	dbtbs_bsub_core_b11aff47b9c426f3	discovery	29	35	30	35	-28.5	+	CTTCCT	1.5313091278076172
EMB_prokbert_C16	tjupan_bacillus_subtilis_main_0b7b75ba67f19880	dbtbs_bsub_core_0b7b75ba67f19880	discovery	43	49	44	49	-14.5	+	GCCTCA	1.5424656867980957
EMB_prokbert_C16	tjupan_bacillus_subtilis_main_f452c4bef1ed8b92	dbtbs_bsub_core_f452c4bef1ed8b92	discovery	29	35	30	35	-28.5	+	GCTTCA	1.5450586080551147
EMB_prokbert_C16	tjupan_bacillus_subtilis_main_a7a45131c45395c8	dbtbs_bsub_core_a7a45131c45395c8	discovery	41	47	42	47	-16.5	+	TTCTTG	1.5511020421981812
EMB_prokbert_C16	tjupan_bacillus_subtilis_main_6f408d5e786e413f	dbtbs_bsub_core_6f408d5e786e413f	discovery	37	43	38	43	-20.5	+	GGATCT	1.5581656694412231
EMB_prokbert_C16	tjupan_bacillus_subtilis_main_954287dc5b301340	tjupan_bacillus_subtilis_main_954287dc5b301340	discovery	45	51	46	51	-12.5	+	TGTCCT	1.5603283643722534
EMB_prokbert_C16	tjupan_bacillus_subtilis_main_0f3eb3e9a9977e6d	tjupan_bacillus_subtilis_main_0f3eb3e9a9977e6d	discovery	9	15	10	15	-48.5	+	TCCAGC	1.5603333711624146
EMB_prokbert_C16	tjupan_bacillus_subtilis_main_d24ab9ea2522f43e	dbtbs_bsub_core_e391b9fe5a0b653f	discovery	8	14	9	14	-49.5	+	GTCCTT	1.568138837814331
EMB_prokbert_C16	tjupan_bacillus_subtilis_main_90a64d4511c49526	dbtbs_bsub_core_90a64d4511c49526	discovery	37	43	38	43	-20.5	+	GCCTTT	1.5701559782028198
EMB_prokbert_C16	tjupan_bacillus_subtilis_main_ef6dc517178d6adf	dbtbs_bsub_core_ef6dc517178d6adf	discovery	40	46	41	46	-17.5	+	ATCCTC	1.575324296951294
EMB_prokbert_C16	tjupan_bacillus_subtilis_main_36eed70446e6810b	dbtbs_bsub_core_36eed70446e6810b	discovery	68	74	69	74	10.5	+	ACTCCT	1.5776424407958984
EMB_prokbert_C16	tjupan_bacillus_subtilis_main_1dc6ad16ab0331f8	tjupan_bacillus_subtilis_main_1dc6ad16ab0331f8	discovery	51	57	52	57	-6.5	+	TCTGCC	1.5904747247695923
EMB_prokbert_C16	tjupan_bacillus_subtilis_main_92b62a9d8d87ace9	dbtbs_bsub_core_92b62a9d8d87ace9	discovery	19	25	20	25	-38.5	+	GCTTCT	1.5910141468048096
EMB_prokbert_C16	tjupan_bacillus_subtilis_main_5d881eac8b46d627	dbtbs_bsub_core_5d881eac8b46d627	discovery	23	29	24	29	-34.5	+	CCTCAT	1.5928674936294556
EMB_prokbert_C16	tjupan_bacillus_subtilis_main_6361ce51efe0f541	dbtbs_bsub_core_b928ebfb52e4cb48	discovery	24	30	25	30	-33.5	+	GCTTCC	1.5978351831436157
EMB_prokbert_C16	tjupan_bacillus_subtilis_main_18d5be8d5c4f9a22	tjupan_bacillus_subtilis_main_18d5be8d5c4f9a22	discovery	29	35	30	35	-28.5	+	CCTTCT	1.5982253551483154
EMB_prokbert_C16	tjupan_bacillus_subtilis_main_213d453c1e49e371	tjupan_bacillus_subtilis_main_213d453c1e49e371	discovery	71	77	72	77	13.5	+	CTGATC	1.601831078529358
EMB_prokbert_C16	tjupan_bacillus_subtilis_main_1f2ca280ccaab774	tjupan_bacillus_subtilis_main_1f2ca280ccaab774	discovery	35	41	36	41	-22.5	+	TCTTCG	1.6069084405899048
EMB_prokbert_C16	tjupan_bacillus_subtilis_main_e47a55cd702f35e7	dbtbs_bsub_core_175bcd2ea2263ee4	discovery	66	72	67	72	8.5	+	CATCCT	1.6095609664916992
EMB_prokbert_C16	tjupan_bacillus_subtilis_main_1dc2eb4818f9715a	dbtbs_bsub_core_1dc2eb4818f9715a	discovery	32	38	33	38	-25.5	+	TTCTGA	1.6105026006698608
EMB_prokbert_C16	tjupan_bacillus_subtilis_main_0ba2ad2fd14630a8	dbtbs_bsub_core_0ba2ad2fd14630a8	discovery	74	80	75	80	16.5	+	CTTCCG	1.612809181213379
EMB_prokbert_C16	tjupan_bacillus_subtilis_main_962b839f321a2605	dbtbs_bsub_core_962b839f321a2605	discovery	37	43	38	43	-20.5	+	CCTCTT	1.6142138242721558
EMB_prokbert_C16	tjupan_bacillus_subtilis_main_96d42d8ccff315ec	tjupan_bacillus_subtilis_main_96d42d8ccff315ec	discovery	40	46	41	46	-17.5	+	CTCGCC	1.617978811264038
EMB_prokbert_C16	tjupan_bacillus_subtilis_main_c5aa2a2f04401e51	tjupan_bacillus_subtilis_main_c5aa2a2f04401e51	discovery	28	34	29	34	-29.5	+	ACTTCC	1.6181598901748657
EMB_prokbert_C16	tjupan_bacillus_subtilis_main_163772f02671a528	tjupan_bacillus_subtilis_main_163772f02671a528	discovery	54	60	55	60	-3.5	+	CTTCCT	1.6187543869018555
EMB_prokbert_C16	tjupan_bacillus_subtilis_main_e445a9d379a1812a	dbtbs_bsub_core_e445a9d379a1812a	discovery	28	34	29	34	-29.5	+	CTTTCC	1.6199560165405273
EMB_prokbert_C16	tjupan_bacillus_subtilis_main_0b565809576a9e0f	dbtbs_bsub_core_0fcadafa827fb8cf	discovery	11	17	12	17	-46.5	+	TCACTC	1.6231143474578857
EMB_prokbert_C16	tjupan_bacillus_subtilis_main_76909c0ebd8db916	dbtbs_bsub_core_d5153844984277ea	discovery	66	72	67	72	8.5	+	TCTTCA	1.6267893314361572
EMB_prokbert_C16	tjupan_bacillus_subtilis_main_b7240ec09f994729	dbtbs_bsub_core_6cadf10f2f906812	discovery	22	28	23	28	-35.5	+	TCTTGA	1.6268994808197021
EMB_prokbert_C16	tjupan_bacillus_subtilis_main_c2d54a415a7d048a	dbtbs_bsub_core_c2d54a415a7d048a	discovery	63	69	64	69	5.5	+	CTTCCT	1.628960132598877
EMB_prokbert_C16	tjupan_bacillus_subtilis_main_50a7bea74c679f62	tjupan_bacillus_subtilis_main_50a7bea74c679f62	discovery	44	50	45	50	-13.5	+	TTGTCT	1.6302728652954102
EMB_prokbert_C16	tjupan_bacillus_subtilis_main_0acb3976b9331524	tjupan_bacillus_subtilis_main_0acb3976b9331524	discovery	33	39	34	39	-24.5	+	CTTCTA	1.6319833993911743
EMB_prokbert_C16	tjupan_bacillus_subtilis_main_5957e34dfa6ab85c	tjupan_bacillus_subtilis_main_5957e34dfa6ab85c	discovery	28	34	29	34	-29.5	+	TTCTCT	1.6328049898147583
EMB_prokbert_C16	tjupan_bacillus_subtilis_main_25766be7ede5bd12	tjupan_bacillus_subtilis_main_25766be7ede5bd12	discovery	26	32	27	32	-31.5	+	TCTGCA	1.634446620941162
EMB_prokbert_C16	tjupan_bacillus_subtilis_main_a43c85166b962f37	dbtbs_bsub_core_47d2cdeb8a491885	discovery	19	25	20	25	-38.5	+	CTCTTC	1.6376640796661377
EMB_prokbert_C16	tjupan_bacillus_subtilis_main_ecef2875a7a372ba	dbtbs_bsub_core_ecef2875a7a372ba	discovery	33	39	34	39	-24.5	+	TTCTCA	1.638001799583435
EMB_prokbert_C16	tjupan_bacillus_subtilis_main_a92ee416463b3fc1	dbtbs_bsub_core_585820026d8d814d	discovery	73	79	74	79	15.5	+	ATCCTG	1.6498712301254272
EMB_prokbert_C16	tjupan_bacillus_subtilis_main_7ebbe970ac38b83d	dbtbs_bsub_core_5742761e1938e2d4	discovery	72	78	73	78	14.5	+	CATCCT	1.6550309658050537
EMB_prokbert_C16	tjupan_bacillus_subtilis_main_359df7c8e20abe4e	tjupan_bacillus_subtilis_main_359df7c8e20abe4e	discovery	34	40	35	40	-23.5	+	CTTGTC	1.6590898036956787
EMB_prokbert_C16	tjupan_bacillus_subtilis_main_047e296b8721a352	dbtbs_bsub_core_d618c1525725d045	discovery	13	19	14	19	-44.5	+	GTGCTC	1.6595497131347656
EMB_prokbert_C16	tjupan_bacillus_subtilis_main_ed12f07c80365cbc	dbtbs_bsub_core_09dd4c8ba7bc09c6	discovery	21	27	22	27	-36.5	+	GTCTTG	1.6649906635284424
EMB_prokbert_C16	tjupan_bacillus_subtilis_main_4f4c3d5d96d18695	tjupan_bacillus_subtilis_main_4f4c3d5d96d18695	discovery	36	42	37	42	-21.5	+	CCCTTC	1.671552062034607
EMB_prokbert_C16	tjupan_bacillus_subtilis_main_9e087715e3522ed4	dbtbs_bsub_core_b3df5d74f56f0610	discovery	34	40	35	40	-23.5	+	TGTCAG	1.678841471672058
EMB_prokbert_C16	tjupan_bacillus_subtilis_main_b47674f2cd66e067	tjupan_bacillus_subtilis_main_b47674f2cd66e067	discovery	38	44	39	44	-19.5	+	CTCTTC	1.680295705795288
EMB_prokbert_C16	tjupan_bacillus_subtilis_main_2a3c695bd1a0b4c9	tjupan_bacillus_subtilis_main_2a3c695bd1a0b4c9	discovery	69	75	70	75	11.5	+	ATTCCT	1.684713363647461
EMB_prokbert_C16	tjupan_bacillus_subtilis_main_b88f3e08d3d51af5	tjupan_bacillus_subtilis_main_b88f3e08d3d51af5	discovery	61	67	62	67	3.5	+	ATCCTT	1.6974321603775024
EMB_prokbert_C16	tjupan_bacillus_subtilis_main_c648ac4df22b0f89	dbtbs_bsub_core_c648ac4df22b0f89	discovery	30	36	31	36	-27.5	+	CTTATC	1.7012321949005127
EMB_prokbert_C16	tjupan_bacillus_subtilis_main_c2a5e00f908ba88c	dbtbs_bsub_core_c2a5e00f908ba88c	discovery	34	40	35	40	-23.5	+	CTTGTC	1.7028683423995972
EMB_prokbert_C16	tjupan_bacillus_subtilis_main_c7c68e6fe4d84a02	tjupan_bacillus_subtilis_main_c7c68e6fe4d84a02	discovery	36	42	37	42	-21.5	+	TCTCCT	1.702876091003418
EMB_prokbert_C16	tjupan_bacillus_subtilis_main_ec2d75bce4a65abf	dbtbs_bsub_core_e3549a9c12f5ac55	discovery	19	25	20	25	-38.5	+	TCTTGT	1.707571268081665
EMB_prokbert_C16	tjupan_bacillus_subtilis_main_9ab6c96db0706f0e	dbtbs_bsub_core_c190339743385950	discovery	62	68	63	68	4.5	+	CTTCCA	1.7156574726104736
EMB_prokbert_C16	tjupan_bacillus_subtilis_main_ac1a0a0a579397f6	tjupan_bacillus_subtilis_main_ac1a0a0a579397f6	discovery	43	49	44	49	-14.5	+	GCTTCT	1.7170294523239136
EMB_prokbert_C16	tjupan_bacillus_subtilis_main_8bf0684d999843b1	dbtbs_bsub_core_8bf0684d999843b1	discovery	37	43	38	43	-20.5	+	CTCCAC	1.7180753946304321
EMB_prokbert_C16	tjupan_bacillus_subtilis_main_9d589577eb1cbe67	tjupan_bacillus_subtilis_main_9d589577eb1cbe67	discovery	16	22	17	22	-41.5	+	ACTCTC	1.7205462455749512
EMB_prokbert_C16	tjupan_bacillus_subtilis_main_e326833d29b8752f	dbtbs_bsub_core_e326833d29b8752f	discovery	47	53	48	53	-10.5	+	ATTCTA	1.7260489463806152
EMB_prokbert_C16	tjupan_bacillus_subtilis_main_fea868950ff1c774	tjupan_bacillus_subtilis_main_fea868950ff1c774	discovery	54	60	55	60	-3.5	+	GCTCCT	1.7305898666381836
EMB_prokbert_C16	tjupan_bacillus_subtilis_main_7c1cf5cd36017844	tjupan_bacillus_subtilis_main_7c1cf5cd36017844	discovery	6	12	7	12	-51.5	+	CTGCTT	1.7347644567489624
EMB_prokbert_C16	tjupan_bacillus_subtilis_main_7ac1767347438edd	dbtbs_bsub_core_5c6ce2f66e66fe9e	discovery	37	43	38	43	-20.5	+	TCTGTT	1.738566517829895
EMB_prokbert_C16	tjupan_bacillus_subtilis_main_b0d8a2369952b821	dbtbs_bsub_core_3f773ca1224c0e26	discovery	39	45	40	45	-18.5	+	CCGCTT	1.738931655883789
EMB_prokbert_C16	tjupan_bacillus_subtilis_main_82e1287a21b69715	dbtbs_bsub_core_82e1287a21b69715	discovery	5	11	6	11	-52.5	+	TATCCT	1.7489638328552246
EMB_prokbert_C16	tjupan_bacillus_subtilis_main_e9d365c0dda7757e	tjupan_bacillus_subtilis_main_e9d365c0dda7757e	discovery	18	24	19	24	-39.5	+	ATCGCT	1.7500323057174683
EMB_prokbert_C16	tjupan_bacillus_subtilis_main_dc65c8922842b20f	tjupan_bacillus_subtilis_main_dc65c8922842b20f	discovery	57	63	58	63	-0.5	+	ATCCTT	1.7509095668792725
EMB_prokbert_C16	tjupan_bacillus_subtilis_main_238ba8da2c883516	dbtbs_bsub_core_238ba8da2c883516	discovery	38	44	39	44	-19.5	+	GCTTGT	1.7516757249832153
EMB_prokbert_C16	tjupan_bacillus_subtilis_main_106e69f8e7e10bd4	tjupan_bacillus_subtilis_main_106e69f8e7e10bd4	discovery	66	72	67	72	8.5	+	ATCCTT	1.7574671506881714
EMB_prokbert_C16	tjupan_bacillus_subtilis_main_f3e9cc226f1feac3	tjupan_bacillus_subtilis_main_f3e9cc226f1feac3	discovery	30	36	31	36	-27.5	+	AACTCT	1.7610464096069336
EMB_prokbert_C16	tjupan_bacillus_subtilis_main_ba49f50d8b0af1c7	dbtbs_bsub_core_8a4a22c637647f42	discovery	52	58	53	58	-5.5	+	CTATCT	1.7612406015396118
EMB_prokbert_C16	tjupan_bacillus_subtilis_main_8a4a22c637647f42	dbtbs_bsub_core_8a4a22c637647f42	discovery	51	57	52	57	-6.5	+	CTATCT	1.7635068893432617
EMB_prokbert_C16	tjupan_bacillus_subtilis_main_cd161e304d76229d	dbtbs_bsub_core_6d139485f356aaca	discovery	27	33	28	33	-30.5	+	ATCCTG	1.7681716680526733
EMB_prokbert_C16	tjupan_bacillus_subtilis_main_487ce40a67c6d939	tjupan_bacillus_subtilis_main_487ce40a67c6d939	discovery	11	17	12	17	-46.5	+	AGTTCT	1.7704572677612305
EMB_prokbert_C16	tjupan_bacillus_subtilis_main_b1dfffe50d4e7cba	dbtbs_bsub_core_6990407cd148d57b	discovery	9	15	10	15	-48.5	+	CTTCTG	1.7711337804794312
EMB_prokbert_C16	tjupan_bacillus_subtilis_main_79d6d17268b5d0ce	dbtbs_bsub_core_94e9d8c40cf791b3	discovery	41	47	42	47	-16.5	+	TCCTTC	1.7754021883010864
EMB_prokbert_C16	tjupan_bacillus_subtilis_main_02077247d0a8a665	dbtbs_bsub_core_e82d4ff28ccc2c95	discovery	32	38	33	38	-25.5	+	CTCTCG	1.7786152362823486
EMB_prokbert_C16	tjupan_bacillus_subtilis_main_69a39ef163dd4726	tjupan_bacillus_subtilis_main_69a39ef163dd4726	discovery	69	75	70	75	11.5	+	TATCTC	1.7890734672546387
EMB_prokbert_C16	tjupan_bacillus_subtilis_main_daaf0c7fa42ef2fa	dbtbs_bsub_core_ef9625ff29774e65	discovery	62	68	63	68	4.5	+	CCTTCC	1.789739727973938
EMB_prokbert_C16	tjupan_bacillus_subtilis_main_89a40bf9e0650967	dbtbs_bsub_core_89a40bf9e0650967	discovery	42	48	43	48	-15.5	+	TTTCTA	1.7904847860336304
EMB_prokbert_C16	tjupan_bacillus_subtilis_main_a61c0978ae294759	tjupan_bacillus_subtilis_main_a61c0978ae294759	discovery	16	22	17	22	-41.5	+	TGTTCT	1.7936097383499146
EMB_prokbert_C16	tjupan_bacillus_subtilis_main_5cf51ca317588066	tjupan_bacillus_subtilis_main_5cf51ca317588066	discovery	38	44	39	44	-19.5	+	TCTTAC	1.7944698333740234
EMB_prokbert_C16	tjupan_bacillus_subtilis_main_db7eebd0b9425a4f	dbtbs_bsub_core_db7eebd0b9425a4f	discovery	17	23	18	23	-40.5	+	AACTCC	1.7974287271499634
EMB_prokbert_C16	tjupan_bacillus_subtilis_main_1c375491ec2245f4	tjupan_bacillus_subtilis_main_1c375491ec2245f4	discovery	30	36	31	36	-27.5	+	GTTCTC	1.8010809421539307
EMB_prokbert_C16	tjupan_bacillus_subtilis_main_202644f8a02efab9	dbtbs_bsub_core_f4d81ad6a0709a55	discovery	9	15	10	15	-48.5	+	TCAGCT	1.8021740913391113
EMB_prokbert_C16	tjupan_bacillus_subtilis_main_9daaa0d103ffad86	dbtbs_bsub_core_9daaa0d103ffad86	discovery	38	44	39	44	-19.5	+	TCTTCA	1.8037313222885132
EMB_prokbert_C16	tjupan_bacillus_subtilis_main_3ac22b11e92c0ec1	tjupan_bacillus_subtilis_main_3ac22b11e92c0ec1	discovery	40	46	41	46	-17.5	+	TTCTTG	1.8046475648880005
EMB_prokbert_C16	tjupan_bacillus_subtilis_main_e4e4a1be67374f28	dbtbs_bsub_core_e4e4a1be67374f28	discovery	22	28	23	28	-35.5	+	TCCTGT	1.8088241815567017
EMB_prokbert_C16	tjupan_bacillus_subtilis_main_d9cd9789d0fb01a3	dbtbs_bsub_core_c190339743385950	discovery	68	74	69	74	10.5	+	CTTCCA	1.811828851699829
EMB_prokbert_C16	tjupan_bacillus_subtilis_main_7942697cd86d944b	tjupan_bacillus_subtilis_main_7942697cd86d944b	discovery	39	45	40	45	-18.5	+	CCTCTT	1.8118294477462769
EMB_prokbert_C16	tjupan_bacillus_subtilis_main_0d390d7bf47f6ae0	tjupan_bacillus_subtilis_main_0d390d7bf47f6ae0	discovery	20	26	21	26	-37.5	+	CTCTGT	1.8141450881958008
EMB_prokbert_C16	tjupan_bacillus_subtilis_main_db51f0e14ca9b6e9	tjupan_bacillus_subtilis_main_db51f0e14ca9b6e9	discovery	37	43	38	43	-20.5	+	TCTATG	1.816422939300537
EMB_prokbert_C16	tjupan_bacillus_subtilis_main_cb2c7c4f94201384	tjupan_bacillus_subtilis_main_cb2c7c4f94201384	discovery	27	33	28	33	-30.5	+	CATCCT	1.8165580034255981
EMB_prokbert_C16	tjupan_bacillus_subtilis_main_8b776572d2e01c62	dbtbs_bsub_core_6736f212a82e3343	discovery	26	32	27	32	-31.5	+	CCTGCT	1.820723533630371
EMB_prokbert_C16	tjupan_bacillus_subtilis_main_8f5a33e062052e2d	tjupan_bacillus_subtilis_main_8f5a33e062052e2d	discovery	8	14	9	14	-49.5	+	TCTTTC	1.82389235496521
EMB_prokbert_C16	tjupan_bacillus_subtilis_main_a2eb9b766304b405	dbtbs_bsub_core_adaec4e024668ee2	discovery	22	28	23	28	-35.5	+	TTCTTG	1.8339359760284424
EMB_prokbert_C16	tjupan_bacillus_subtilis_main_c758d11e26aac641	tjupan_bacillus_subtilis_main_c758d11e26aac641	discovery	17	23	18	23	-40.5	+	CTCTTC	1.8340262174606323
EMB_prokbert_C16	tjupan_bacillus_subtilis_main_dcef15bdfb353954	dbtbs_bsub_core_dcef15bdfb353954	discovery	22	28	23	28	-35.5	+	CTCTTG	1.837006688117981
EMB_prokbert_C16	tjupan_bacillus_subtilis_main_e2b483c6aef274e0	dbtbs_bsub_core_175bcd2ea2263ee4	discovery	46	52	47	52	-11.5	+	ATTCGT	1.8383543491363525
EMB_prokbert_C16	tjupan_bacillus_subtilis_main_e28ceade6e8616fa	dbtbs_bsub_core_9b12482ac6eea2d4	discovery	16	22	17	22	-41.5	+	TCCTTG	1.8462719917297363
EMB_prokbert_C16	tjupan_bacillus_subtilis_main_86c973796d10f50f	dbtbs_bsub_core_86c973796d10f50f	discovery	28	34	29	34	-29.5	+	CCGCTC	1.8464672565460205
EMB_prokbert_C16	tjupan_bacillus_subtilis_main_3ab41c1b83ba019b	dbtbs_bsub_core_c956a5fd581ed80a	discovery	13	19	14	19	-44.5	+	CTTGAT	1.8489633798599243
EMB_prokbert_C16	tjupan_bacillus_subtilis_main_729454a84a667dd8	dbtbs_bsub_core_729454a84a667dd8	discovery	15	21	16	21	-42.5	+	TCCGCT	1.8528307676315308
EMB_prokbert_C16	tjupan_bacillus_subtilis_main_edadeeaf4ff7a848	tjupan_bacillus_subtilis_main_edadeeaf4ff7a848	discovery	23	29	24	29	-34.5	+	TGGCTT	1.855225920677185
EMB_prokbert_C16	tjupan_bacillus_subtilis_main_cb8c6e383b33abd4	dbtbs_bsub_core_cb8c6e383b33abd4	discovery	63	69	64	69	5.5	+	CAGCTT	1.8577924966812134
EMB_prokbert_C16	tjupan_bacillus_subtilis_main_c9a32e1db5125d7c	dbtbs_bsub_core_c9a32e1db5125d7c	discovery	42	48	43	48	-15.5	+	CCTTCT	1.8582795858383179
EMB_prokbert_C16	tjupan_bacillus_subtilis_main_5b5f9b9ad371b1b0	tjupan_bacillus_subtilis_main_5b5f9b9ad371b1b0	discovery	35	41	36	41	-22.5	+	CAAGCT	1.8608335256576538
EMB_prokbert_C16	tjupan_bacillus_subtilis_main_61c707ac72aeda97	tjupan_bacillus_subtilis_main_61c707ac72aeda97	discovery	11	17	12	17	-46.5	+	CCTGTC	1.863921046257019
EMB_prokbert_C16	tjupan_bacillus_subtilis_main_632ff1f5d92b347a	tjupan_bacillus_subtilis_main_632ff1f5d92b347a	discovery	7	13	8	13	-50.5	+	GTTCTC	1.873592734336853
EMB_prokbert_C16	tjupan_bacillus_subtilis_main_bba2e45eb636482b	dbtbs_bsub_core_bba2e45eb636482b	discovery	18	24	19	24	-39.5	+	CGCTCT	1.8815796375274658
EMB_prokbert_C16	tjupan_bacillus_subtilis_main_1b0cfe46f303d3fa	dbtbs_bsub_core_56695775e253190c	discovery	32	38	33	38	-25.5	+	ATCTTC	1.883023738861084
EMB_prokbert_C16	tjupan_bacillus_subtilis_main_dbf995194ebf2b2d	dbtbs_bsub_core_dbf995194ebf2b2d	discovery	2	8	3	8	-55.5	+	GTCCTG	1.8835649490356445
EMB_prokbert_C16	tjupan_bacillus_subtilis_main_5564dcefe2988333	tjupan_bacillus_subtilis_main_5564dcefe2988333	discovery	16	22	17	22	-41.5	+	AGGTCT	1.884734034538269
EMB_prokbert_C16	tjupan_bacillus_subtilis_main_e1d5408a78fdd1c5	dbtbs_bsub_core_f8ce2fa963a01405	discovery	21	27	22	27	-36.5	+	TTCTCG	1.8868443965911865
EMB_prokbert_C16	tjupan_bacillus_subtilis_main_10eb69ed5f79bca3	dbtbs_bsub_core_e365baa66d245063	discovery	56	62	57	62	-1.5	+	CTTCTG	1.8950749635696411
EMB_prokbert_C16	tjupan_bacillus_subtilis_main_e2f816d3420810f5	dbtbs_bsub_core_8f473f826c608a81	discovery	31	37	32	37	-26.5	+	AATCCT	1.8951359987258911
EMB_prokbert_C16	tjupan_bacillus_subtilis_main_80add31ceb4a1382	tjupan_bacillus_subtilis_main_80add31ceb4a1382	discovery	30	36	31	36	-27.5	+	CTATCT	1.8969700336456299
EMB_prokbert_C16	tjupan_bacillus_subtilis_main_e6accdb752f9724f	dbtbs_bsub_core_41815df9927fe319	discovery	30	36	31	36	-27.5	+	TATCTG	1.903664231300354
EMB_prokbert_C16	tjupan_bacillus_subtilis_main_e8dca4769e2e29bc	dbtbs_bsub_core_b8b8ac7ece3bed55	discovery	14	20	15	20	-43.5	+	TCTGTC	1.905819296836853
EMB_prokbert_C16	tjupan_bacillus_subtilis_main_2c918744f6daf466	dbtbs_bsub_core_20f77243a5b2c4ab	discovery	2	8	3	8	-55.5	+	GCTCCG	1.9142664670944214
EMB_prokbert_C16	tjupan_bacillus_subtilis_main_32548c7fec9dc4f2	dbtbs_bsub_core_32548c7fec9dc4f2	discovery	34	40	35	40	-23.5	+	CTCCTC	1.9143770933151245
EMB_prokbert_C16	tjupan_bacillus_subtilis_main_f05d30123c592277	dbtbs_bsub_core_f05d30123c592277	discovery	37	43	38	43	-20.5	+	GTCTCA	1.916185736656189
EMB_prokbert_C16	tjupan_bacillus_subtilis_main_619ca6b1749e92aa	tjupan_bacillus_subtilis_main_619ca6b1749e92aa	discovery	25	31	26	31	-32.5	+	TATCTT	1.918700933456421
EMB_prokbert_C16	tjupan_bacillus_subtilis_main_6b5eda10bbc36b27	dbtbs_bsub_core_0d578393adbcde98	discovery	8	14	9	14	-49.5	+	CTCTCA	1.9200634956359863
EMB_prokbert_C16	tjupan_bacillus_subtilis_main_adff0049bb8c9b3f	tjupan_bacillus_subtilis_main_adff0049bb8c9b3f	discovery	10	16	11	16	-47.5	+	CTCTGG	1.9219943284988403
EMB_prokbert_C16	tjupan_bacillus_subtilis_main_ea59d0ddaaaaf005	dbtbs_bsub_core_ff8c346476498240	discovery	19	25	20	25	-38.5	+	AGTCTG	1.922106385231018
EMB_prokbert_C16	tjupan_bacillus_subtilis_main_64dfe397c07a4656	dbtbs_bsub_core_99013d44fc3df9d1	discovery	42	48	43	48	-15.5	+	CGCTCA	1.9267442226409912
EMB_prokbert_C16	tjupan_bacillus_subtilis_main_a723fdca1013c0b5	dbtbs_bsub_core_a723fdca1013c0b5	discovery	42	48	43	48	-15.5	+	GCCTCA	1.926811695098877
EMB_prokbert_C16	tjupan_bacillus_subtilis_main_8559682da7e0b4ef	dbtbs_bsub_core_8559682da7e0b4ef	discovery	22	28	23	28	-35.5	+	TGTCTC	1.9283913373947144
EMB_prokbert_C16	tjupan_bacillus_subtilis_main_0261e5d9e5354132	tjupan_bacillus_subtilis_main_0261e5d9e5354132	discovery	46	52	47	52	-11.5	+	TTCTTG	1.9383193254470825
EMB_prokbert_C16	tjupan_bacillus_subtilis_main_f5b082fd616807b3	dbtbs_bsub_core_4e960695d4b362e6	discovery	0	6	1	6	-57.5	+	TGCCTC	1.9501264095306396
EMB_prokbert_C16	tjupan_bacillus_subtilis_main_74de924b5fe0230a	dbtbs_bsub_core_74de924b5fe0230a	discovery	3	9	4	9	-54.5	+	CTCTAT	1.9807504415512085
EMB_prokbert_C16	tjupan_bacillus_subtilis_main_712069959cf7e3b2	dbtbs_bsub_core_be0e53c334974f0a	discovery	38	44	39	44	-19.5	+	TCTACT	1.9824473857879639
EMB_prokbert_C16	tjupan_bacillus_subtilis_main_5e34c7286340c249	dbtbs_bsub_core_0fedc539a64a99b7	discovery	40	46	41	46	-17.5	+	CCCTTG	1.9845839738845825
EMB_prokbert_C16	tjupan_bacillus_subtilis_main_eb88f130dfce6401	tjupan_bacillus_subtilis_main_eb88f130dfce6401	discovery	38	44	39	44	-19.5	+	CTGTCT	1.9851725101470947
EMB_prokbert_C16	tjupan_bacillus_subtilis_main_f6994e5b6245c7bf	tjupan_bacillus_subtilis_main_f6994e5b6245c7bf	discovery	9	15	10	15	-48.5	+	CCTGTC	1.9863396883010864
EMB_prokbert_C16	tjupan_bacillus_subtilis_main_a8b2c052c0cdfcff	tjupan_bacillus_subtilis_main_a8b2c052c0cdfcff	discovery	42	48	43	48	-15.5	+	TTGTCT	2.01676082611084
EMB_prokbert_C16	tjupan_bacillus_subtilis_main_bf15c71cd5f4b9e0	dbtbs_bsub_core_79aa8a5c0f3b9558	discovery	23	29	24	29	-34.5	+	CCCTAA	2.018401622772217
EMB_prokbert_C16	tjupan_bacillus_subtilis_main_76885f00c763f220	dbtbs_bsub_core_07bcce23a89f64fb	discovery	25	31	26	31	-32.5	+	CTGTCC	2.0223984718322754
EMB_prokbert_C16	tjupan_bacillus_subtilis_main_32aff5c8192321bb	dbtbs_bsub_core_76636d30cbe1eec3	discovery	21	27	22	27	-36.5	+	TCTGGT	2.0227560997009277
EMB_prokbert_C16	tjupan_bacillus_subtilis_main_b7c0b4323e70fc71	dbtbs_bsub_core_b7c0b4323e70fc71	discovery	10	16	11	16	-47.5	+	CTAGTC	2.028360605239868
EMB_prokbert_C16	tjupan_bacillus_subtilis_main_fb689c0625deec2e	dbtbs_bsub_core_bf9535fab79dbf8f	discovery	21	27	22	27	-36.5	+	TCTCGA	2.051480770111084
EMB_prokbert_C16	tjupan_bacillus_subtilis_main_0710c2f2267154d3	dbtbs_bsub_core_0710c2f2267154d3	discovery	11	17	12	17	-46.5	+	AGGTCT	2.052905797958374
EMB_prokbert_C16	tjupan_bacillus_subtilis_main_993a308bb6e190e1	dbtbs_bsub_core_993a308bb6e190e1	discovery	68	74	69	74	10.5	+	TTCTCG	2.0608911514282227
EMB_prokbert_C16	tjupan_bacillus_subtilis_main_56fbf5e1ebfb46d1	dbtbs_bsub_core_56fbf5e1ebfb46d1	discovery	65	71	66	71	7.5	+	ACTTCT	2.0645670890808105
EMB_prokbert_C16	tjupan_bacillus_subtilis_main_b7c0eae7293a1bfc	dbtbs_bsub_core_0bfdb592513badc4	discovery	27	33	28	33	-30.5	+	ACTTCT	2.0742275714874268
EMB_prokbert_C16	tjupan_bacillus_subtilis_main_2bdb32bb685dc1db	tjupan_bacillus_subtilis_main_2bdb32bb685dc1db	discovery	10	16	11	16	-47.5	+	TCGCTC	2.0789718627929688
EMB_prokbert_C16	tjupan_bacillus_subtilis_main_101463e41079a20e	dbtbs_bsub_core_101463e41079a20e	discovery	72	78	73	78	14.5	+	TTCTCG	2.083432912826538
EMB_prokbert_C16	tjupan_bacillus_subtilis_main_4fa5d89620e7d8ce	dbtbs_bsub_core_5eb05bc57612da6d	discovery	18	24	19	24	-39.5	+	CCTGCT	2.084226131439209
EMB_prokbert_C16	tjupan_bacillus_subtilis_main_df2876c84282b3af	dbtbs_bsub_core_d831e470618beda7	discovery	70	76	71	76	12.5	+	CTCGCT	2.0843403339385986
EMB_prokbert_C16	tjupan_bacillus_subtilis_main_c12152f72b444aff	tjupan_bacillus_subtilis_main_c12152f72b444aff	discovery	10	16	11	16	-47.5	+	CTCTGT	2.0875658988952637
EMB_prokbert_C16	tjupan_bacillus_subtilis_main_09deb32688bf8365	tjupan_bacillus_subtilis_main_09deb32688bf8365	discovery	37	43	38	43	-20.5	+	GCTTTC	2.094600200653076
EMB_prokbert_C16	tjupan_bacillus_subtilis_main_3270409c742f3314	dbtbs_bsub_core_edd6f2ee95c58508	discovery	6	12	7	12	-51.5	+	CTTCCT	2.1080095767974854
EMB_prokbert_C16	tjupan_bacillus_subtilis_main_e95909bd7e136f46	dbtbs_bsub_core_426aaa712ced5536	discovery	24	30	25	30	-33.5	+	TGACTC	2.108409881591797
EMB_prokbert_C16	tjupan_bacillus_subtilis_main_d33162cb12a5a549	tjupan_bacillus_subtilis_main_d33162cb12a5a549	discovery	66	72	67	72	8.5	+	ATCTCA	2.1109683513641357
EMB_prokbert_C16	tjupan_bacillus_subtilis_main_56bd9deba3d3b9f9	dbtbs_bsub_core_5dd7cccc54d589c3	discovery	17	23	18	23	-40.5	+	TCCCTG	2.1151556968688965
EMB_prokbert_C16	tjupan_bacillus_subtilis_main_671ae756f8df7bca	dbtbs_bsub_core_340ffe292c28e826	discovery	43	49	44	49	-14.5	+	CTCTGC	2.1247994899749756
EMB_prokbert_C16	tjupan_bacillus_subtilis_main_8fa35d24a76b6d72	tjupan_bacillus_subtilis_main_8fa35d24a76b6d72	discovery	8	14	9	14	-49.5	+	GCCCTT	2.1494646072387695
EMB_prokbert_C16	tjupan_bacillus_subtilis_main_6fcd42bdf8073a65	dbtbs_bsub_core_6fcd42bdf8073a65	discovery	36	42	37	42	-21.5	+	GGTCTC	2.151944398880005
EMB_prokbert_C16	tjupan_bacillus_subtilis_main_f1fe1806a852fcba	dbtbs_bsub_core_f1fe1806a852fcba	discovery	54	60	55	60	-3.5	+	TCGTCT	2.1631338596343994
EMB_prokbert_C16	tjupan_bacillus_subtilis_main_ffb5b3082f8ea0cd	tjupan_bacillus_subtilis_main_ffb5b3082f8ea0cd	discovery	32	38	33	38	-25.5	+	GCTTCT	2.1664886474609375
EMB_prokbert_C16	tjupan_bacillus_subtilis_main_7bd42a66d387ec94	dbtbs_bsub_core_5cf240f92a00f0e3	discovery	34	40	35	40	-23.5	+	TCCTTT	2.1697776317596436
EMB_prokbert_C16	tjupan_bacillus_subtilis_main_61e92334116d4289	dbtbs_bsub_core_946ad3835c6af00d	discovery	36	42	37	42	-21.5	+	CCGCCT	2.2032980918884277
EMB_prokbert_C16	tjupan_bacillus_subtilis_main_c22e62909e814f30	dbtbs_bsub_core_e2251470d219464a	discovery	0	6	1	6	-57.5	+	TGTCCT	2.2178330421447754
EMB_prokbert_C16	tjupan_bacillus_subtilis_main_6514a11d381455ae	tjupan_bacillus_subtilis_main_6514a11d381455ae	discovery	36	42	37	42	-21.5	+	TTCTGA	2.2204501628875732
EMB_prokbert_C16	tjupan_bacillus_subtilis_main_3c97e9436cb369c2	dbtbs_bsub_core_6dc10c0d490555ae	discovery	7	13	8	13	-50.5	+	CAAGCT	2.2383341789245605
EMB_prokbert_C16	tjupan_bacillus_subtilis_main_4e48cd3162b15e74	tjupan_bacillus_subtilis_main_4e48cd3162b15e74	discovery	43	49	44	49	-14.5	+	TCTCCA	2.2400383949279785
EMB_prokbert_C16	tjupan_bacillus_subtilis_main_0d7b08433a8f6233	tjupan_bacillus_subtilis_main_0d7b08433a8f6233	discovery	6	12	7	12	-51.5	+	CTGCTT	2.261765241622925
EMB_prokbert_C16	tjupan_bacillus_subtilis_main_c1bd3e378306e57e	tjupan_bacillus_subtilis_main_c1bd3e378306e57e	discovery	44	50	45	50	-13.5	+	TCTCCG	2.2669551372528076
EMB_prokbert_C16	tjupan_bacillus_subtilis_main_0f74e2398b4ac2a6	dbtbs_bsub_core_e5f400f6f8de25f5	discovery	36	42	37	42	-21.5	+	TTCTGT	2.277451753616333
EMB_prokbert_C16	tjupan_bacillus_subtilis_main_54fd4c2966482e2c	dbtbs_bsub_core_ba3becfc7c3e4e17	discovery	34	40	35	40	-23.5	+	TTTGAG	2.2795522212982178
EMB_prokbert_C16	tjupan_bacillus_subtilis_main_fff8e3a328b3cab3	dbtbs_bsub_core_7231d94d9d77331f	discovery	57	63	58	63	-0.5	+	TCTATC	2.2869715690612793
EMB_prokbert_C16	tjupan_bacillus_subtilis_main_b5cc4aad42c9a683	dbtbs_bsub_core_b5cc4aad42c9a683	discovery	21	27	22	27	-36.5	+	GGTCTA	2.2962303161621094
EMB_prokbert_C16	tjupan_bacillus_subtilis_main_efde358c620c36bd	dbtbs_bsub_core_efde358c620c36bd	discovery	0	6	1	6	-57.5	+	ATCTTG	2.298877000808716
EMB_prokbert_C16	tjupan_bacillus_subtilis_main_6406719b10941769	dbtbs_bsub_core_5bcaee6240f23d4b	discovery	30	36	31	36	-27.5	+	CTTGCT	2.302614450454712
EMB_prokbert_C16	tjupan_bacillus_subtilis_main_eebec5ad9a06df67	dbtbs_bsub_core_5cddd19c752675c8	discovery	33	39	34	39	-24.5	+	TCTGAA	2.3159804344177246
EMB_prokbert_C16	tjupan_bacillus_subtilis_main_a0eee3dddaf07ac3	tjupan_bacillus_subtilis_main_a0eee3dddaf07ac3	discovery	53	59	54	59	-4.5	+	CCTCGC	2.329608201980591
EMB_prokbert_C16	tjupan_bacillus_subtilis_main_fcf1520effc316d9	dbtbs_bsub_core_fcf1520effc316d9	discovery	69	75	70	75	11.5	+	ATCTGC	2.370473861694336
EMB_prokbert_C16	tjupan_bacillus_subtilis_main_52fe6822c9d74b50	tjupan_bacillus_subtilis_main_52fe6822c9d74b50	discovery	2	8	3	8	-55.5	+	TCTCTT	2.3764774799346924
EMB_prokbert_C16	tjupan_bacillus_subtilis_main_c204793b69b45448	dbtbs_bsub_core_c204793b69b45448	discovery	3	9	4	9	-54.5	+	TCCTTC	2.3862833976745605
EMB_prokbert_C16	tjupan_bacillus_subtilis_main_a2cd64f7b02e9630	tjupan_bacillus_subtilis_main_a2cd64f7b02e9630	discovery	75	81	76	81	17.5	+	TCTGGT	2.405233383178711
EMB_prokbert_C16	tjupan_bacillus_subtilis_main_7541f607431b8a27	dbtbs_bsub_core_1f38e2f4287dbc6d	discovery	19	25	20	25	-38.5	+	TGATCT	2.409771203994751
EMB_prokbert_C16	tjupan_bacillus_subtilis_main_9296390fae4fd68d	tjupan_bacillus_subtilis_main_9296390fae4fd68d	discovery	53	59	54	59	-4.5	+	GCCTTT	2.4170827865600586
EMB_prokbert_C16	tjupan_bacillus_subtilis_main_517410185d825f3e	tjupan_bacillus_subtilis_main_517410185d825f3e	discovery	39	45	40	45	-18.5	+	TCCTCA	2.444295883178711
EMB_prokbert_C16	tjupan_bacillus_subtilis_main_fae71e59d553e455	dbtbs_bsub_core_fae71e59d553e455	discovery	12	18	13	18	-45.5	+	CTCGCT	2.444979429244995
EMB_prokbert_C16	tjupan_bacillus_subtilis_main_2b799cc13a596bcd	tjupan_bacillus_subtilis_main_2b799cc13a596bcd	discovery	5	11	6	11	-52.5	+	TCCTCC	2.4601783752441406
EMB_prokbert_C16	tjupan_bacillus_subtilis_main_4648c22f43ae6952	tjupan_bacillus_subtilis_main_4648c22f43ae6952	discovery	75	81	76	81	17.5	+	GCTTTG	2.496100664138794
EMB_prokbert_C16	tjupan_bacillus_subtilis_main_4915fc510c1f847f	tjupan_bacillus_subtilis_main_4915fc510c1f847f	discovery	3	9	4	9	-54.5	+	CTGTCT	2.5638954639434814
EMB_prokbert_C16	tjupan_bacillus_subtilis_main_2330b24ab93e80ef	dbtbs_bsub_core_747f22d2323a8765	discovery	75	81	76	81	17.5	+	TCTGCT	2.6195216178894043
EMB_prokbert_C16	tjupan_bacillus_subtilis_main_f3b59cc74d659ebc	dbtbs_bsub_core_866d6e8af07c9412	discovery	4	10	5	10	-53.5	+	GCTCCT	2.7117574214935303
EMB_prokbert_C16	tjupan_bacillus_subtilis_main_af51a9f7939c4cfb	dbtbs_bsub_core_49fc6b8175a85db6	discovery	1	7	2	7	-56.5	+	ATCTCT	2.809335470199585
EMB_prokbert_C16	tjupan_bacillus_subtilis_main_ba9efec60bbd4a6b	tjupan_bacillus_subtilis_main_ba9efec60bbd4a6b	discovery	10	16	11	16	-47.5	+	CCTCCT	2.8234052658081055
EMB_prokbert_C16	tjupan_bacillus_subtilis_main_5f8b6936b2e52932	tjupan_bacillus_subtilis_main_5f8b6936b2e52932	discovery	2	8	3	8	-55.5	+	TGCGCT	3.0681416988372803
EMB_prokbert_C17	tjupan_bacillus_subtilis_main_ade14dd3fdacb032	dbtbs_bsub_core_12585b08a658046e	discovery	7	13	8	13	-50.5	+	CTTTTC	0.9139644503593445
EMB_prokbert_C17	tjupan_bacillus_subtilis_main_db51f0e14ca9b6e9	tjupan_bacillus_subtilis_main_db51f0e14ca9b6e9	discovery	43	49	44	49	-14.5	+	CTTTTC	0.9862960577011108
EMB_prokbert_C17	tjupan_bacillus_subtilis_main_3ab41c1b83ba019b	dbtbs_bsub_core_c956a5fd581ed80a	discovery	5	11	6	11	-52.5	+	TCTTTT	1.061204433441162
EMB_prokbert_C17	tjupan_bacillus_subtilis_main_80add31ceb4a1382	tjupan_bacillus_subtilis_main_80add31ceb4a1382	discovery	14	20	15	20	-43.5	+	TTCTTT	1.0817208290100098
EMB_prokbert_C17	tjupan_bacillus_subtilis_main_96d42d8ccff315ec	tjupan_bacillus_subtilis_main_96d42d8ccff315ec	discovery	13	19	14	19	-44.5	+	TTTTCT	1.0911232233047485
EMB_prokbert_C17	tjupan_bacillus_subtilis_main_84e6c8375d18dc47	tjupan_bacillus_subtilis_main_84e6c8375d18dc47	discovery	14	20	15	20	-43.5	+	TTTCTT	1.1276370286941528
EMB_prokbert_C17	tjupan_bacillus_subtilis_main_8fa35d24a76b6d72	tjupan_bacillus_subtilis_main_8fa35d24a76b6d72	discovery	19	25	20	25	-38.5	+	GCTTTT	1.141952633857727
EMB_prokbert_C17	tjupan_bacillus_subtilis_main_0fe342e604184137	dbtbs_bsub_core_f039c4e5fee11aa3	discovery	38	44	39	44	-19.5	+	TCTTTT	1.147661566734314
EMB_prokbert_C17	tjupan_bacillus_subtilis_main_a9fde0fdd238b261	dbtbs_bsub_core_06588c97cd7288a8	discovery	16	22	17	22	-41.5	+	CTTTTC	1.227459192276001
EMB_prokbert_C17	tjupan_bacillus_subtilis_main_b7d5a32e40c68782	tjupan_bacillus_subtilis_main_b7d5a32e40c68782	discovery	38	44	39	44	-19.5	+	CTTTTC	1.2443323135375977
EMB_prokbert_C17	tjupan_bacillus_subtilis_main_101463e41079a20e	dbtbs_bsub_core_101463e41079a20e	discovery	42	48	43	48	-15.5	+	ATTTCT	1.2507071495056152
EMB_prokbert_C17	tjupan_bacillus_subtilis_main_7cd769ed0580d73e	tjupan_bacillus_subtilis_main_7cd769ed0580d73e	discovery	38	44	39	44	-19.5	+	TTCCTT	1.2656440734863281
EMB_prokbert_C17	tjupan_bacillus_subtilis_main_e8dca4769e2e29bc	dbtbs_bsub_core_b8b8ac7ece3bed55	discovery	11	17	12	17	-46.5	+	TTTTCT	1.2694368362426758
EMB_prokbert_C17	tjupan_bacillus_subtilis_main_6e989f822c0894af	dbtbs_bsub_core_bb5ca17cb9317fea	discovery	20	26	21	26	-37.5	+	TTCTTT	1.272024393081665
EMB_prokbert_C17	tjupan_bacillus_subtilis_main_2be0a0a038238614	tjupan_bacillus_subtilis_main_2be0a0a038238614	discovery	23	29	24	29	-34.5	+	TCTTTT	1.2915846109390259
EMB_prokbert_C17	tjupan_bacillus_subtilis_main_4b32f81551985923	tjupan_bacillus_subtilis_main_4b32f81551985923	discovery	72	78	73	78	14.5	+	ATTTCT	1.3066775798797607
EMB_prokbert_C17	tjupan_bacillus_subtilis_main_cb8c6e383b33abd4	dbtbs_bsub_core_cb8c6e383b33abd4	discovery	30	36	31	36	-27.5	+	TTTCTT	1.3130794763565063
EMB_prokbert_C17	tjupan_bacillus_subtilis_main_74de924b5fe0230a	dbtbs_bsub_core_74de924b5fe0230a	discovery	11	17	12	17	-46.5	+	TTTCTT	1.3156473636627197
EMB_prokbert_C17	tjupan_bacillus_subtilis_main_0b104549c8fd9755	dbtbs_bsub_core_0b104549c8fd9755	discovery	15	21	16	21	-42.5	+	CTTTTC	1.3166115283966064
EMB_prokbert_C17	tjupan_bacillus_subtilis_main_25308dd77914b9d9	dbtbs_bsub_core_1dc2eb4818f9715a	discovery	27	33	28	33	-30.5	+	CTTTTC	1.3181816339492798
EMB_prokbert_C17	tjupan_bacillus_subtilis_main_1dc2eb4818f9715a	dbtbs_bsub_core_1dc2eb4818f9715a	discovery	21	27	22	27	-36.5	+	TTTTCT	1.3334136009216309
EMB_prokbert_C17	tjupan_bacillus_subtilis_main_52931b7eafd9a9b2	dbtbs_bsub_core_324baeb0b4deda5d	discovery	30	36	31	36	-27.5	+	CATTTC	1.3521476984024048
EMB_prokbert_C17	tjupan_bacillus_subtilis_main_4cf64b5587e1d04e	dbtbs_bsub_core_4cf64b5587e1d04e	discovery	34	40	35	40	-23.5	+	TCTTTT	1.383375644683838
EMB_prokbert_C17	tjupan_bacillus_subtilis_main_5150105a4bdfd4ce	tjupan_bacillus_subtilis_main_5150105a4bdfd4ce	discovery	29	35	30	35	-28.5	+	GATTTT	1.3848552703857422
EMB_prokbert_C17	tjupan_bacillus_subtilis_main_54fd4c2966482e2c	dbtbs_bsub_core_ba3becfc7c3e4e17	discovery	30	36	31	36	-27.5	+	TTTCTT	1.3889409303665161
EMB_prokbert_C17	tjupan_bacillus_subtilis_main_9c3cc423ec1465b1	dbtbs_bsub_core_9c3cc423ec1465b1	discovery	11	17	12	17	-46.5	+	TCTTTT	1.393632411956787
EMB_prokbert_C17	tjupan_bacillus_subtilis_main_619ca6b1749e92aa	tjupan_bacillus_subtilis_main_619ca6b1749e92aa	discovery	27	33	28	33	-30.5	+	TCTTTT	1.3949095010757446
EMB_prokbert_C17	tjupan_bacillus_subtilis_main_4e48cd3162b15e74	tjupan_bacillus_subtilis_main_4e48cd3162b15e74	discovery	13	19	14	19	-44.5	+	TTTCTT	1.3985246419906616
EMB_prokbert_C17	tjupan_bacillus_subtilis_main_9daaa0d103ffad86	dbtbs_bsub_core_9daaa0d103ffad86	discovery	29	35	30	35	-28.5	+	CTTTCT	1.400505781173706
EMB_prokbert_C17	tjupan_bacillus_subtilis_main_89a40bf9e0650967	dbtbs_bsub_core_89a40bf9e0650967	discovery	40	46	41	46	-17.5	+	ATTTTC	1.400762677192688
EMB_prokbert_C17	tjupan_bacillus_subtilis_main_a2cd64f7b02e9630	tjupan_bacillus_subtilis_main_a2cd64f7b02e9630	discovery	28	34	29	34	-29.5	+	GATTTT	1.403863549232483
EMB_prokbert_C17	tjupan_bacillus_subtilis_main_636c41b820e9fd5d	tjupan_bacillus_subtilis_main_636c41b820e9fd5d	discovery	63	69	64	69	5.5	+	TCTTTT	1.4046483039855957
EMB_prokbert_C17	tjupan_bacillus_subtilis_main_ade9dc791ab39f6c	dbtbs_bsub_core_ade9dc791ab39f6c	discovery	50	56	51	56	-7.5	+	TCTTTT	1.4274812936782837
EMB_prokbert_C17	tjupan_bacillus_subtilis_main_e28ceade6e8616fa	dbtbs_bsub_core_9b12482ac6eea2d4	discovery	32	38	33	38	-25.5	+	TTCTTT	1.4346858263015747
EMB_prokbert_C17	tjupan_bacillus_subtilis_main_4fa5d89620e7d8ce	dbtbs_bsub_core_5eb05bc57612da6d	discovery	52	58	53	58	-5.5	+	TTTCTA	1.4454811811447144
EMB_prokbert_C17	tjupan_bacillus_subtilis_main_5b5f9b9ad371b1b0	tjupan_bacillus_subtilis_main_5b5f9b9ad371b1b0	discovery	39	45	40	45	-18.5	+	CTTTTC	1.4554961919784546
EMB_prokbert_C17	tjupan_bacillus_subtilis_main_51e2f43063a3baab	tjupan_bacillus_subtilis_main_51e2f43063a3baab	discovery	19	25	20	25	-38.5	+	TCTTTT	1.4555658102035522
EMB_prokbert_C17	tjupan_bacillus_subtilis_main_85511e0264f2e3b8	dbtbs_bsub_core_35445cef3104bf74	discovery	22	28	23	28	-35.5	+	TTCTTT	1.455626130104065
EMB_prokbert_C17	tjupan_bacillus_subtilis_main_f9edd67964b41200	dbtbs_bsub_core_f9edd67964b41200	discovery	20	26	21	26	-37.5	+	CTTTTC	1.458569884300232
EMB_prokbert_C17	tjupan_bacillus_subtilis_main_202644f8a02efab9	dbtbs_bsub_core_f4d81ad6a0709a55	discovery	4	10	5	10	-53.5	+	CTTTTT	1.4641764163970947
EMB_prokbert_C17	tjupan_bacillus_subtilis_main_73a7b40a4dc814aa	dbtbs_bsub_core_bdba293c4926b88d	discovery	25	31	26	31	-32.5	+	TCCTAT	1.468960165977478
EMB_prokbert_C17	tjupan_bacillus_subtilis_main_acb860b1f6674578	dbtbs_bsub_core_f1e6e06788e9c9fd	discovery	66	72	67	72	8.5	+	ATTCTT	1.4704782962799072
EMB_prokbert_C17	tjupan_bacillus_subtilis_main_0710c2f2267154d3	dbtbs_bsub_core_0710c2f2267154d3	discovery	14	20	15	20	-43.5	+	TCTTTG	1.4727948904037476
EMB_prokbert_C17	tjupan_bacillus_subtilis_main_a1ad6ce2d20c389b	dbtbs_bsub_core_539bc60476254ff5	discovery	26	32	27	32	-31.5	+	TTGATT	1.481821894645691
EMB_prokbert_C17	tjupan_bacillus_subtilis_main_e4e4a1be67374f28	dbtbs_bsub_core_e4e4a1be67374f28	discovery	20	26	21	26	-37.5	+	TTTCCT	1.4865549802780151
EMB_prokbert_C17	tjupan_bacillus_subtilis_main_b1dfffe50d4e7cba	dbtbs_bsub_core_6990407cd148d57b	discovery	23	29	24	29	-34.5	+	TTCTTT	1.4910225868225098
EMB_prokbert_C17	tjupan_bacillus_subtilis_main_ffb5b3082f8ea0cd	tjupan_bacillus_subtilis_main_ffb5b3082f8ea0cd	discovery	35	41	36	41	-22.5	+	TCTTTT	1.4948621988296509
EMB_prokbert_C17	tjupan_bacillus_subtilis_main_b5cc4aad42c9a683	dbtbs_bsub_core_b5cc4aad42c9a683	discovery	69	75	70	75	11.5	+	TCTTTT	1.514757513999939
EMB_prokbert_C17	tjupan_bacillus_subtilis_main_3eb701a469cb4095	tjupan_bacillus_subtilis_main_3eb701a469cb4095	discovery	15	21	16	21	-42.5	+	TGCTTC	1.51680588722229
EMB_prokbert_C17	tjupan_bacillus_subtilis_main_c22e62909e814f30	dbtbs_bsub_core_e2251470d219464a	discovery	3	9	4	9	-54.5	+	CCTTTT	1.5232412815093994
EMB_prokbert_C17	tjupan_bacillus_subtilis_main_10eda96ea4199e8c	dbtbs_bsub_core_10eda96ea4199e8c	discovery	59	65	60	65	1.5	+	TTTCTT	1.5257080793380737
EMB_prokbert_C17	tjupan_bacillus_subtilis_main_8b776572d2e01c62	dbtbs_bsub_core_6736f212a82e3343	discovery	30	36	31	36	-27.5	+	CTTTTC	1.5257126092910767
EMB_prokbert_C17	tjupan_bacillus_subtilis_main_3adf706b5413c6ce	tjupan_bacillus_subtilis_main_3adf706b5413c6ce	discovery	36	42	37	42	-21.5	+	TCCTTT	1.527895450592041
EMB_prokbert_C17	tjupan_bacillus_subtilis_main_1259688a411f3c07	tjupan_bacillus_subtilis_main_1259688a411f3c07	discovery	65	71	66	71	7.5	+	TTCCTT	1.5291430950164795
EMB_prokbert_C17	tjupan_bacillus_subtilis_main_3eab38fdf3061b6a	tjupan_bacillus_subtilis_main_3eab38fdf3061b6a	discovery	33	39	34	39	-24.5	+	TTTTCT	1.5300443172454834
EMB_prokbert_C17	tjupan_bacillus_subtilis_main_c12152f72b444aff	tjupan_bacillus_subtilis_main_c12152f72b444aff	discovery	5	11	6	11	-52.5	+	TTTTTC	1.5340728759765625
EMB_prokbert_C17	tjupan_bacillus_subtilis_main_92b62a9d8d87ace9	dbtbs_bsub_core_92b62a9d8d87ace9	discovery	10	16	11	16	-47.5	+	TCCTTT	1.5375370979309082
EMB_prokbert_C17	tjupan_bacillus_subtilis_main_cb2c7c4f94201384	tjupan_bacillus_subtilis_main_cb2c7c4f94201384	discovery	31	37	32	37	-26.5	+	CTTTTC	1.5444903373718262
EMB_prokbert_C17	tjupan_bacillus_subtilis_main_a8b2c052c0cdfcff	tjupan_bacillus_subtilis_main_a8b2c052c0cdfcff	discovery	38	44	39	44	-19.5	+	TTCTTT	1.5516562461853027
EMB_prokbert_C17	tjupan_bacillus_subtilis_main_ef6dc517178d6adf	dbtbs_bsub_core_ef6dc517178d6adf	discovery	53	59	54	59	-4.5	+	TTTCCT	1.559336543083191
EMB_prokbert_C17	tjupan_bacillus_subtilis_main_9d34f9d9e0ee0e26	dbtbs_bsub_core_9d34f9d9e0ee0e26	discovery	30	36	31	36	-27.5	+	ACTTTT	1.5596635341644287
EMB_prokbert_C17	tjupan_bacillus_subtilis_main_c7c68e6fe4d84a02	tjupan_bacillus_subtilis_main_c7c68e6fe4d84a02	discovery	39	45	40	45	-18.5	+	CCTTTG	1.56277596950531
EMB_prokbert_C17	tjupan_bacillus_subtilis_main_af51a9f7939c4cfb	dbtbs_bsub_core_49fc6b8175a85db6	discovery	6	12	7	12	-51.5	+	TTTTTC	1.5631877183914185
EMB_prokbert_C17	tjupan_bacillus_subtilis_main_e2f816d3420810f5	dbtbs_bsub_core_8f473f826c608a81	discovery	34	40	35	40	-23.5	+	CCTTTT	1.564043402671814
EMB_prokbert_C17	tjupan_bacillus_subtilis_main_0d7b08433a8f6233	tjupan_bacillus_subtilis_main_0d7b08433a8f6233	discovery	12	18	13	18	-45.5	+	TGTTCT	1.565451741218567
EMB_prokbert_C17	tjupan_bacillus_subtilis_main_fb689c0625deec2e	dbtbs_bsub_core_bf9535fab79dbf8f	discovery	69	75	70	75	11.5	+	CTTTCT	1.5662459135055542
EMB_prokbert_C17	tjupan_bacillus_subtilis_main_71a2a4c64c087430	tjupan_bacillus_subtilis_main_71a2a4c64c087430	discovery	65	71	66	71	7.5	+	CTTTCA	1.5760459899902344
EMB_prokbert_C17	tjupan_bacillus_subtilis_main_047e296b8721a352	dbtbs_bsub_core_d618c1525725d045	discovery	30	36	31	36	-27.5	+	TTTTCT	1.5829439163208008
EMB_prokbert_C17	tjupan_bacillus_subtilis_main_666dd7e391a36890	dbtbs_bsub_core_666dd7e391a36890	discovery	0	6	1	6	-57.5	+	CCTTTC	1.5835500955581665
EMB_prokbert_C17	tjupan_bacillus_subtilis_main_a723fdca1013c0b5	dbtbs_bsub_core_a723fdca1013c0b5	discovery	15	21	16	21	-42.5	+	TTCTTT	1.5887750387191772
EMB_prokbert_C17	tjupan_bacillus_subtilis_main_1b0cfe46f303d3fa	dbtbs_bsub_core_56695775e253190c	discovery	21	27	22	27	-36.5	+	TTCTTG	1.589357614517212
EMB_prokbert_C17	tjupan_bacillus_subtilis_main_b7240ec09f994729	dbtbs_bsub_core_6cadf10f2f906812	discovery	26	32	27	32	-31.5	+	GACTTT	1.5904091596603394
EMB_prokbert_C17	tjupan_bacillus_subtilis_main_fe2a626ec63a594e	dbtbs_bsub_core_abc060d81660f90c	discovery	72	78	73	78	14.5	+	TTTTCT	1.5933023691177368
EMB_prokbert_C17	tjupan_bacillus_subtilis_main_8f5a33e062052e2d	tjupan_bacillus_subtilis_main_8f5a33e062052e2d	discovery	23	29	24	29	-34.5	+	TTTTCT	1.5969544649124146
EMB_prokbert_C17	tjupan_bacillus_subtilis_main_05b3d931ff35d8e8	dbtbs_bsub_core_05b3d931ff35d8e8	discovery	0	6	1	6	-57.5	+	ATTCTT	1.5987331867218018
EMB_prokbert_C17	tjupan_bacillus_subtilis_main_c758d11e26aac641	tjupan_bacillus_subtilis_main_c758d11e26aac641	discovery	71	77	72	77	13.5	+	GTTTTT	1.6013529300689697
EMB_prokbert_C17	tjupan_bacillus_subtilis_main_024ba149e95dcf1a	tjupan_bacillus_subtilis_main_024ba149e95dcf1a	discovery	29	35	30	35	-28.5	+	ATTTTC	1.6079890727996826
EMB_prokbert_C17	tjupan_bacillus_subtilis_main_8560b0f67ab5f5ab	dbtbs_bsub_core_f7a2628d99aff81a	discovery	31	37	32	37	-26.5	+	TTTCTT	1.6094752550125122
EMB_prokbert_C17	tjupan_bacillus_subtilis_main_7bc9aa9d4ad371af	dbtbs_bsub_core_7bc9aa9d4ad371af	discovery	8	14	9	14	-49.5	+	TTTCTT	1.6215479373931885
EMB_prokbert_C17	tjupan_bacillus_subtilis_main_adbf75412ef7d5a0	dbtbs_bsub_core_adbf75412ef7d5a0	discovery	30	36	31	36	-27.5	+	TCTTTT	1.6225088834762573
EMB_prokbert_C17	tjupan_bacillus_subtilis_main_fa23a6db7de139e8	tjupan_bacillus_subtilis_main_fa23a6db7de139e8	discovery	43	49	44	49	-14.5	+	TCTTTT	1.622543454170227
EMB_prokbert_C17	tjupan_bacillus_subtilis_main_56bd9deba3d3b9f9	dbtbs_bsub_core_5dd7cccc54d589c3	discovery	42	48	43	48	-15.5	+	TTTTCT	1.6325966119766235
EMB_prokbert_C17	tjupan_bacillus_subtilis_main_a9ae08a54b460299	dbtbs_bsub_core_4c306bb2d4b261c8	discovery	8	14	9	14	-49.5	+	CTTTTT	1.6379576921463013
EMB_prokbert_C17	tjupan_bacillus_subtilis_main_3c97e9436cb369c2	dbtbs_bsub_core_6dc10c0d490555ae	discovery	14	20	15	20	-43.5	+	TTTTCT	1.6385966539382935
EMB_prokbert_C17	tjupan_bacillus_subtilis_main_d1b10b64ac040b8c	dbtbs_bsub_core_3a6c62def340fb72	discovery	29	35	30	35	-28.5	+	CCTTTA	1.6545900106430054
EMB_prokbert_C17	tjupan_bacillus_subtilis_main_e70fb70b66e1d829	tjupan_bacillus_subtilis_main_e70fb70b66e1d829	discovery	27	33	28	33	-30.5	+	CTTCTT	1.658958911895752
EMB_prokbert_C17	tjupan_bacillus_subtilis_main_b59ef89e981b3745	tjupan_bacillus_subtilis_main_b59ef89e981b3745	discovery	19	25	20	25	-38.5	+	TCTTTT	1.662190556526184
EMB_prokbert_C17	tjupan_bacillus_subtilis_main_4a76c51266c80a0f	dbtbs_bsub_core_b905bf06b88d4e46	discovery	31	37	32	37	-26.5	+	CTTTTC	1.6643688678741455
EMB_prokbert_C17	tjupan_bacillus_subtilis_main_90a64d4511c49526	dbtbs_bsub_core_90a64d4511c49526	discovery	38	44	39	44	-19.5	+	CCTTTC	1.6647990942001343
EMB_prokbert_C17	tjupan_bacillus_subtilis_main_55935e0c215d1239	dbtbs_bsub_core_bd96a60828361996	discovery	67	73	68	73	9.5	+	ATTTTC	1.6672676801681519
EMB_prokbert_C17	tjupan_bacillus_subtilis_main_09dd4c8ba7bc09c6	dbtbs_bsub_core_09dd4c8ba7bc09c6	discovery	35	41	36	41	-22.5	+	TTATCC	1.6733839511871338
EMB_prokbert_C17	tjupan_bacillus_subtilis_main_1cd26aa95d9363dc	dbtbs_bsub_core_1cd26aa95d9363dc	discovery	25	31	26	31	-32.5	+	TTCTTT	1.6738611459732056
EMB_prokbert_C17	tjupan_bacillus_subtilis_main_5f8b6936b2e52932	tjupan_bacillus_subtilis_main_5f8b6936b2e52932	discovery	54	60	55	60	-3.5	+	ATTTCT	1.6751470565795898
EMB_prokbert_C17	tjupan_bacillus_subtilis_main_632ff1f5d92b347a	tjupan_bacillus_subtilis_main_632ff1f5d92b347a	discovery	25	31	26	31	-32.5	+	TTTTTC	1.678589105606079
EMB_prokbert_C17	tjupan_bacillus_subtilis_main_f5b082fd616807b3	dbtbs_bsub_core_4e960695d4b362e6	discovery	21	27	22	27	-36.5	+	TTCTTT	1.6821578741073608
EMB_prokbert_C17	tjupan_bacillus_subtilis_main_59b38cd2f2ea112d	dbtbs_bsub_core_59b38cd2f2ea112d	discovery	11	17	12	17	-46.5	+	TTTTCT	1.6837158203125
EMB_prokbert_C17	tjupan_bacillus_subtilis_main_8e892e5639ef0ac1	dbtbs_bsub_core_d25c674b3a14df1a	discovery	10	16	11	16	-47.5	+	TTTCTT	1.6863946914672852
EMB_prokbert_C17	tjupan_bacillus_subtilis_main_fea876b7208e46e3	dbtbs_bsub_core_fea876b7208e46e3	discovery	48	54	49	54	-9.5	+	TATTCT	1.6928269863128662
EMB_prokbert_C17	tjupan_bacillus_subtilis_main_93b5da0b5f842573	dbtbs_bsub_core_93b5da0b5f842573	discovery	8	14	9	14	-49.5	+	CTTTTC	1.6970564126968384
EMB_prokbert_C17	tjupan_bacillus_subtilis_main_993a308bb6e190e1	dbtbs_bsub_core_993a308bb6e190e1	discovery	66	72	67	72	8.5	+	ATTTCT	1.7087759971618652
EMB_prokbert_C17	tjupan_bacillus_subtilis_main_ecef2875a7a372ba	dbtbs_bsub_core_ecef2875a7a372ba	discovery	30	36	31	36	-27.5	+	ACTTTC	1.7094165086746216
EMB_prokbert_C17	tjupan_bacillus_subtilis_main_6fc8019646ae0ec6	dbtbs_bsub_core_0346364171f10446	discovery	37	43	38	43	-20.5	+	CTTTTC	1.711414098739624
EMB_prokbert_C17	tjupan_bacillus_subtilis_main_a31f56ff3ee450d4	dbtbs_bsub_core_1c4407f77cf4bab2	discovery	54	60	55	60	-3.5	+	TCCTTT	1.7118793725967407
EMB_prokbert_C17	tjupan_bacillus_subtilis_main_a2eb9b766304b405	dbtbs_bsub_core_adaec4e024668ee2	discovery	21	27	22	27	-36.5	+	ATTCTT	1.7148092985153198
EMB_prokbert_C17	tjupan_bacillus_subtilis_main_fbae385e087109ce	tjupan_bacillus_subtilis_main_fbae385e087109ce	discovery	67	73	68	73	9.5	+	TACTTT	1.7213772535324097
EMB_prokbert_C17	tjupan_bacillus_subtilis_main_69a39ef163dd4726	tjupan_bacillus_subtilis_main_69a39ef163dd4726	discovery	73	79	74	79	15.5	+	TCTTTG	1.7221523523330688
EMB_prokbert_C17	tjupan_bacillus_subtilis_main_b2e461bb3b5d3d88	dbtbs_bsub_core_b2e461bb3b5d3d88	discovery	32	38	33	38	-25.5	+	CTTTTG	1.7272359132766724
EMB_prokbert_C17	tjupan_bacillus_subtilis_main_76909c0ebd8db916	dbtbs_bsub_core_d5153844984277ea	discovery	68	74	69	74	10.5	+	TTCACT	1.7302361726760864
EMB_prokbert_C17	tjupan_bacillus_subtilis_main_de399adaaafe5be7	dbtbs_bsub_core_f1028676a1f89b0e	discovery	57	63	58	63	-0.5	+	TTTCTT	1.7306667566299438
EMB_prokbert_C17	tjupan_bacillus_subtilis_main_f246415af5cfc524	dbtbs_bsub_core_f246415af5cfc524	discovery	64	70	65	70	6.5	+	TTCTTT	1.7334716320037842
EMB_prokbert_C17	tjupan_bacillus_subtilis_main_c2d54a415a7d048a	dbtbs_bsub_core_c2d54a415a7d048a	discovery	34	40	35	40	-23.5	+	TTTTCA	1.7361074686050415
EMB_prokbert_C17	tjupan_bacillus_subtilis_main_b7c0eae7293a1bfc	dbtbs_bsub_core_0bfdb592513badc4	discovery	21	27	22	27	-36.5	+	CTTTTG	1.7393178939819336
EMB_prokbert_C17	tjupan_bacillus_subtilis_main_48f68d49bf53ea3b	dbtbs_bsub_core_a63e45c266a8243f	discovery	21	27	22	27	-36.5	+	TCACTT	1.7455272674560547
EMB_prokbert_C17	tjupan_bacillus_subtilis_main_8b925a3983e97ebd	dbtbs_bsub_core_0346364171f10446	discovery	41	47	42	47	-16.5	+	CTTTTC	1.7499061822891235
EMB_prokbert_C17	tjupan_bacillus_subtilis_main_2b17d905bac0c3bc	dbtbs_bsub_core_2b17d905bac0c3bc	discovery	34	40	35	40	-23.5	+	CTTTCC	1.751778244972229
EMB_prokbert_C17	tjupan_bacillus_subtilis_main_e0774d83207a7dd7	dbtbs_bsub_core_2b17d905bac0c3bc	discovery	35	41	36	41	-22.5	+	CTTTCC	1.7568169832229614
EMB_prokbert_C17	tjupan_bacillus_subtilis_main_354da8035d16f701	dbtbs_bsub_core_1ee6e81d7c1d1fa1	discovery	14	20	15	20	-43.5	+	TCTTTT	1.7582995891571045
EMB_prokbert_C17	tjupan_bacillus_subtilis_main_8a4a22c637647f42	dbtbs_bsub_core_8a4a22c637647f42	discovery	39	45	40	45	-18.5	+	CTTTTG	1.7632625102996826
EMB_prokbert_C17	tjupan_bacillus_subtilis_main_50a7bea74c679f62	tjupan_bacillus_subtilis_main_50a7bea74c679f62	discovery	30	36	31	36	-27.5	+	TCTTTT	1.7642935514450073
EMB_prokbert_C17	tjupan_bacillus_subtilis_main_ba49f50d8b0af1c7	dbtbs_bsub_core_8a4a22c637647f42	discovery	40	46	41	46	-17.5	+	CTTTTG	1.7651268243789673
EMB_prokbert_C17	tjupan_bacillus_subtilis_main_0f74e2398b4ac2a6	dbtbs_bsub_core_e5f400f6f8de25f5	discovery	4	10	5	10	-53.5	+	TTCTTT	1.7662876844406128
EMB_prokbert_C17	tjupan_bacillus_subtilis_main_e445a9d379a1812a	dbtbs_bsub_core_e445a9d379a1812a	discovery	54	60	55	60	-3.5	+	ATTCTT	1.7675317525863647
EMB_prokbert_C17	tjupan_bacillus_subtilis_main_a1b8ecb6878276b4	dbtbs_bsub_core_a1b8ecb6878276b4	discovery	30	36	31	36	-27.5	+	ATTCTT	1.768283486366272
EMB_prokbert_C17	tjupan_bacillus_subtilis_main_eebec5ad9a06df67	dbtbs_bsub_core_5cddd19c752675c8	discovery	30	36	31	36	-27.5	+	TTTTCT	1.7695207595825195
EMB_prokbert_C17	tjupan_bacillus_subtilis_main_70da326395794983	tjupan_bacillus_subtilis_main_70da326395794983	discovery	32	38	33	38	-25.5	+	ATTTTC	1.7695635557174683
EMB_prokbert_C17	tjupan_bacillus_subtilis_main_bc41d7d0760497f9	dbtbs_bsub_core_bc41d7d0760497f9	discovery	23	29	24	29	-34.5	+	TTTTTC	1.7719461917877197
EMB_prokbert_C17	tjupan_bacillus_subtilis_main_106e69f8e7e10bd4	tjupan_bacillus_subtilis_main_106e69f8e7e10bd4	discovery	4	10	5	10	-53.5	+	CTGTTT	1.7733701467514038
EMB_prokbert_C17	tjupan_bacillus_subtilis_main_359df7c8e20abe4e	tjupan_bacillus_subtilis_main_359df7c8e20abe4e	discovery	11	17	12	17	-46.5	+	TTCTTT	1.7762658596038818
EMB_prokbert_C17	tjupan_bacillus_subtilis_main_487ce40a67c6d939	tjupan_bacillus_subtilis_main_487ce40a67c6d939	discovery	35	41	36	41	-22.5	+	TTTTCC	1.7821317911148071
EMB_prokbert_C17	tjupan_bacillus_subtilis_main_56fbf5e1ebfb46d1	dbtbs_bsub_core_56fbf5e1ebfb46d1	discovery	56	62	57	62	-1.5	+	TTTTCG	1.7828704118728638
EMB_prokbert_C17	tjupan_bacillus_subtilis_main_d9cd9789d0fb01a3	dbtbs_bsub_core_c190339743385950	discovery	43	49	44	49	-14.5	+	ATTTTC	1.7868226766586304
EMB_prokbert_C17	tjupan_bacillus_subtilis_main_2db0b8f33ca38a29	tjupan_bacillus_subtilis_main_2db0b8f33ca38a29	discovery	18	24	19	24	-39.5	+	TTTCTT	1.7879880666732788
EMB_prokbert_C17	tjupan_bacillus_subtilis_main_412fe696982b64f9	dbtbs_bsub_core_412fe696982b64f9	discovery	5	11	6	11	-52.5	+	ACTTTT	1.7925283908843994
EMB_prokbert_C17	tjupan_bacillus_subtilis_main_729454a84a667dd8	dbtbs_bsub_core_729454a84a667dd8	discovery	11	17	12	17	-46.5	+	CTTTTC	1.79261314868927
EMB_prokbert_C17	tjupan_bacillus_subtilis_main_8bde36b216b3390f	dbtbs_bsub_core_8bde36b216b3390f	discovery	57	63	58	63	-0.5	+	TCCTTT	1.8009045124053955
EMB_prokbert_C17	tjupan_bacillus_subtilis_main_2c918744f6daf466	dbtbs_bsub_core_20f77243a5b2c4ab	discovery	6	12	7	12	-51.5	+	CGTTTT	1.8042266368865967
EMB_prokbert_C17	tjupan_bacillus_subtilis_main_84597be11ba889b8	tjupan_bacillus_subtilis_main_84597be11ba889b8	discovery	49	55	50	55	-8.5	+	ATCCTT	1.8122872114181519
EMB_prokbert_C17	tjupan_bacillus_subtilis_main_f452c4bef1ed8b92	dbtbs_bsub_core_f452c4bef1ed8b92	discovery	39	45	40	45	-18.5	+	CATTTC	1.8158482313156128
EMB_prokbert_C17	tjupan_bacillus_subtilis_main_6514a11d381455ae	tjupan_bacillus_subtilis_main_6514a11d381455ae	discovery	33	39	34	39	-24.5	+	CCTTTC	1.82224702835083
EMB_prokbert_C17	tjupan_bacillus_subtilis_main_1edc8da3b582b0a5	dbtbs_bsub_core_1edc8da3b582b0a5	discovery	28	34	29	34	-29.5	+	CTTTTA	1.825035572052002
EMB_prokbert_C17	tjupan_bacillus_subtilis_main_f05d30123c592277	dbtbs_bsub_core_f05d30123c592277	discovery	67	73	68	73	9.5	+	TTTTCT	1.8272547721862793
EMB_prokbert_C17	tjupan_bacillus_subtilis_main_6361ce51efe0f541	dbtbs_bsub_core_b928ebfb52e4cb48	discovery	4	10	5	10	-53.5	+	CCCTTA	1.829289197921753
EMB_prokbert_C17	tjupan_bacillus_subtilis_main_24675587b92cc4c7	tjupan_bacillus_subtilis_main_24675587b92cc4c7	discovery	39	45	40	45	-18.5	+	CCTTTG	1.8393323421478271
EMB_prokbert_C17	tjupan_bacillus_subtilis_main_0261e5d9e5354132	tjupan_bacillus_subtilis_main_0261e5d9e5354132	discovery	45	51	46	51	-12.5	+	TTTCTT	1.8416471481323242
EMB_prokbert_C17	tjupan_bacillus_subtilis_main_2c9e8a462277f7da	dbtbs_bsub_core_f7573fed016c047b	discovery	27	33	28	33	-30.5	+	TTTTTC	1.842577338218689
EMB_prokbert_C17	tjupan_bacillus_subtilis_main_2313c7dbb458e370	dbtbs_bsub_core_98d6bef120e2925b	discovery	20	26	21	26	-37.5	+	TTTCTG	1.8435934782028198
EMB_prokbert_C17	tjupan_bacillus_subtilis_main_e1d5408a78fdd1c5	dbtbs_bsub_core_f8ce2fa963a01405	discovery	23	29	24	29	-34.5	+	CTCGTT	1.844727635383606
EMB_prokbert_C17	tjupan_bacillus_subtilis_main_c3fafc97a347852e	tjupan_bacillus_subtilis_main_c3fafc97a347852e	discovery	2	8	3	8	-55.5	+	TCTTTG	1.8499083518981934
EMB_prokbert_C17	tjupan_bacillus_subtilis_main_8559682da7e0b4ef	dbtbs_bsub_core_8559682da7e0b4ef	discovery	13	19	14	19	-44.5	+	CGTTTT	1.8592180013656616
EMB_prokbert_C17	tjupan_bacillus_subtilis_main_52267ea931cb2dd7	dbtbs_bsub_core_b35218f45c0f11c8	discovery	40	46	41	46	-17.5	+	GTTTCC	1.8597759008407593
EMB_prokbert_C17	tjupan_bacillus_subtilis_main_df2876c84282b3af	dbtbs_bsub_core_d831e470618beda7	discovery	33	39	34	39	-24.5	+	TTTCTT	1.8602391481399536
EMB_prokbert_C17	tjupan_bacillus_subtilis_main_4f4c3d5d96d18695	tjupan_bacillus_subtilis_main_4f4c3d5d96d18695	discovery	23	29	24	29	-34.5	+	TTTCTT	1.8634244203567505
EMB_prokbert_C17	tjupan_bacillus_subtilis_main_0a71b8cbf4011c3b	dbtbs_bsub_core_dc5af08cd1bffe94	discovery	32	38	33	38	-25.5	+	TTTCTT	1.8663465976715088
EMB_prokbert_C17	tjupan_bacillus_subtilis_main_6b5eda10bbc36b27	dbtbs_bsub_core_0d578393adbcde98	discovery	3	9	4	9	-54.5	+	TTTTCC	1.8718971014022827
EMB_prokbert_C17	tjupan_bacillus_subtilis_main_35bf7199ae44b70c	dbtbs_bsub_core_35bf7199ae44b70c	discovery	11	17	12	17	-46.5	+	TTTCTT	1.8726437091827393
EMB_prokbert_C17	tjupan_bacillus_subtilis_main_b7c0b4323e70fc71	dbtbs_bsub_core_b7c0b4323e70fc71	discovery	6	12	7	12	-51.5	+	TTTTCT	1.8733174800872803
EMB_prokbert_C17	tjupan_bacillus_subtilis_main_db7eebd0b9425a4f	dbtbs_bsub_core_db7eebd0b9425a4f	discovery	21	27	22	27	-36.5	+	CCCTTT	1.879410982131958
EMB_prokbert_C17	tjupan_bacillus_subtilis_main_712069959cf7e3b2	dbtbs_bsub_core_be0e53c334974f0a	discovery	4	10	5	10	-53.5	+	TCCTTC	1.8857980966567993
EMB_prokbert_C17	tjupan_bacillus_subtilis_main_5787c658c95c4762	tjupan_bacillus_subtilis_main_5787c658c95c4762	discovery	70	76	71	76	12.5	+	TTTCTT	1.889078140258789
EMB_prokbert_C17	tjupan_bacillus_subtilis_main_43fbda6e3c3abdae	dbtbs_bsub_core_c62c8589a5774a74	discovery	31	37	32	37	-26.5	+	CCTTTT	1.8892289400100708
EMB_prokbert_C17	tjupan_bacillus_subtilis_main_2330b24ab93e80ef	dbtbs_bsub_core_747f22d2323a8765	discovery	22	28	23	28	-35.5	+	TTTTCT	1.9023321866989136
EMB_prokbert_C17	tjupan_bacillus_subtilis_main_9ab6c96db0706f0e	dbtbs_bsub_core_c190339743385950	discovery	38	44	39	44	-19.5	+	TTTTCG	1.9057732820510864
EMB_prokbert_C17	tjupan_bacillus_subtilis_main_5eccf0b4b51999b8	tjupan_bacillus_subtilis_main_5eccf0b4b51999b8	discovery	47	53	48	53	-10.5	+	ATTTCT	1.906632423400879
EMB_prokbert_C17	tjupan_bacillus_subtilis_main_e2b483c6aef274e0	dbtbs_bsub_core_175bcd2ea2263ee4	discovery	32	38	33	38	-25.5	+	TTTTTC	1.9161099195480347
EMB_prokbert_C17	tjupan_bacillus_subtilis_main_dc65c8922842b20f	tjupan_bacillus_subtilis_main_dc65c8922842b20f	discovery	29	35	30	35	-28.5	+	TCCTTT	1.9256672859191895
EMB_prokbert_C17	tjupan_bacillus_subtilis_main_cf3def291394eeb9	tjupan_bacillus_subtilis_main_cf3def291394eeb9	discovery	67	73	68	73	9.5	+	AACTTT	1.9265220165252686
EMB_prokbert_C17	tjupan_bacillus_subtilis_main_a61c0978ae294759	tjupan_bacillus_subtilis_main_a61c0978ae294759	discovery	38	44	39	44	-19.5	+	ATCTTT	1.9270075559616089
EMB_prokbert_C17	tjupan_bacillus_subtilis_main_b24feeda89db5dfd	dbtbs_bsub_core_b24feeda89db5dfd	discovery	10	16	11	16	-47.5	+	ACTTCT	1.9323937892913818
EMB_prokbert_C17	tjupan_bacillus_subtilis_main_0acb3976b9331524	tjupan_bacillus_subtilis_main_0acb3976b9331524	discovery	9	15	10	15	-48.5	+	TTCCTT	1.9378280639648438
EMB_prokbert_C17	tjupan_bacillus_subtilis_main_be36dbaf549189cb	tjupan_bacillus_subtilis_main_be36dbaf549189cb	discovery	23	29	24	29	-34.5	+	TTCGTT	1.9396294355392456
EMB_prokbert_C17	tjupan_bacillus_subtilis_main_02077247d0a8a665	dbtbs_bsub_core_e82d4ff28ccc2c95	discovery	36	42	37	42	-21.5	+	CGTTTA	1.956760048866272
EMB_prokbert_C17	tjupan_bacillus_subtilis_main_dcef15bdfb353954	dbtbs_bsub_core_dcef15bdfb353954	discovery	18	24	19	24	-39.5	+	TTTTCT	1.9582713842391968
EMB_prokbert_C17	tjupan_bacillus_subtilis_main_fff8e3a328b3cab3	dbtbs_bsub_core_7231d94d9d77331f	discovery	29	35	30	35	-28.5	+	GCTTTT	1.958369255065918
EMB_prokbert_C17	tjupan_bacillus_subtilis_main_a43c85166b962f37	dbtbs_bsub_core_47d2cdeb8a491885	discovery	22	28	23	28	-35.5	+	TTCGTT	1.965505599975586
EMB_prokbert_C17	tjupan_bacillus_subtilis_main_4059ca0cce5522a4	tjupan_bacillus_subtilis_main_4059ca0cce5522a4	discovery	13	19	14	19	-44.5	+	TTATCT	1.9685941934585571
EMB_prokbert_C17	tjupan_bacillus_subtilis_main_7942697cd86d944b	tjupan_bacillus_subtilis_main_7942697cd86d944b	discovery	22	28	23	28	-35.5	+	TTCTTT	1.9701427221298218
EMB_prokbert_C17	tjupan_bacillus_subtilis_main_857deea4069ff6ab	tjupan_bacillus_subtilis_main_857deea4069ff6ab	discovery	8	14	9	14	-49.5	+	ACTTTC	1.9745104312896729
EMB_prokbert_C17	tjupan_bacillus_subtilis_main_f1fe1806a852fcba	dbtbs_bsub_core_f1fe1806a852fcba	discovery	72	78	73	78	14.5	+	GCTTTT	1.984136939048767
EMB_prokbert_C17	tjupan_bacillus_subtilis_main_e6accdb752f9724f	dbtbs_bsub_core_41815df9927fe319	discovery	11	17	12	17	-46.5	+	CTTTTA	1.9841686487197876
EMB_prokbert_C17	tjupan_bacillus_subtilis_main_5d881eac8b46d627	dbtbs_bsub_core_5d881eac8b46d627	discovery	26	32	27	32	-31.5	+	CATTTG	1.9883853197097778
EMB_prokbert_C17	tjupan_bacillus_subtilis_main_8e9af30cd29c08ec	dbtbs_bsub_core_ab5345ed831420ec	discovery	9	15	10	15	-48.5	+	TTTCTT	1.9987130165100098
EMB_prokbert_C17	tjupan_bacillus_subtilis_main_0d390d7bf47f6ae0	tjupan_bacillus_subtilis_main_0d390d7bf47f6ae0	discovery	37	43	38	43	-20.5	+	CTTTTT	2.0050582885742188
EMB_prokbert_C17	tjupan_bacillus_subtilis_main_79d6d17268b5d0ce	dbtbs_bsub_core_94e9d8c40cf791b3	discovery	30	36	31	36	-27.5	+	ACTTTT	2.0051815509796143
EMB_prokbert_C17	tjupan_bacillus_subtilis_main_2bdb32bb685dc1db	tjupan_bacillus_subtilis_main_2bdb32bb685dc1db	discovery	13	19	14	19	-44.5	+	CTCTTT	2.006260395050049
EMB_prokbert_C17	tjupan_bacillus_subtilis_main_ff61268918c0af5d	tjupan_bacillus_subtilis_main_ff61268918c0af5d	discovery	3	9	4	9	-54.5	+	ATCTTT	2.0105996131896973
EMB_prokbert_C17	tjupan_bacillus_subtilis_main_e47a55cd702f35e7	dbtbs_bsub_core_175bcd2ea2263ee4	discovery	28	34	29	34	-29.5	+	TTTTTC	2.0233891010284424
EMB_prokbert_C17	tjupan_bacillus_subtilis_main_ac1a0a0a579397f6	tjupan_bacillus_subtilis_main_ac1a0a0a579397f6	discovery	12	18	13	18	-45.5	+	TTTCCT	2.02602481842041
EMB_prokbert_C17	tjupan_bacillus_subtilis_main_62eb1c4377c084e1	dbtbs_bsub_core_413a4bed9f6cfeea	discovery	22	28	23	28	-35.5	+	TTTTCT	2.0273218154907227
EMB_prokbert_C17	tjupan_bacillus_subtilis_main_5cf51ca317588066	tjupan_bacillus_subtilis_main_5cf51ca317588066	discovery	74	80	75	80	16.5	+	TTTCTT	2.0316109657287598
EMB_prokbert_C17	tjupan_bacillus_subtilis_main_150dcd3daf63d162	dbtbs_bsub_core_150dcd3daf63d162	discovery	68	74	69	74	10.5	+	TTCGCT	2.0322511196136475
EMB_prokbert_C17	tjupan_bacillus_subtilis_main_7bd42a66d387ec94	dbtbs_bsub_core_5cf240f92a00f0e3	discovery	68	74	69	74	10.5	+	TTCTTT	2.039968729019165
EMB_prokbert_C17	tjupan_bacillus_subtilis_main_0d315ab142d66dcc	dbtbs_bsub_core_76d28d1be3f9f514	discovery	42	48	43	48	-15.5	+	CCTTTG	2.041961193084717
EMB_prokbert_C17	tjupan_bacillus_subtilis_main_a0eee3dddaf07ac3	tjupan_bacillus_subtilis_main_a0eee3dddaf07ac3	discovery	30	36	31	36	-27.5	+	CTTTTC	2.0427396297454834
EMB_prokbert_C17	tjupan_bacillus_subtilis_main_c1bd3e378306e57e	tjupan_bacillus_subtilis_main_c1bd3e378306e57e	discovery	41	47	42	47	-16.5	+	TTTTCT	2.0456862449645996
EMB_prokbert_C17	tjupan_bacillus_subtilis_main_10eb69ed5f79bca3	dbtbs_bsub_core_e365baa66d245063	discovery	52	58	53	58	-5.5	+	TGAACT	2.0460169315338135
EMB_prokbert_C17	tjupan_bacillus_subtilis_main_3ac22b11e92c0ec1	tjupan_bacillus_subtilis_main_3ac22b11e92c0ec1	discovery	42	48	43	48	-15.5	+	CTTGCA	2.0486419200897217
EMB_prokbert_C17	tjupan_bacillus_subtilis_main_0438d7b75e1f910f	dbtbs_bsub_core_975fc641de00609f	discovery	74	80	75	80	16.5	+	GTTTCC	2.0734949111938477
EMB_prokbert_C17	tjupan_bacillus_subtilis_main_f3423ecbff5b6537	dbtbs_bsub_core_dc8c32e7cfbca6d1	discovery	5	11	6	11	-52.5	+	ACTTTT	2.081472635269165
EMB_prokbert_C17	tjupan_bacillus_subtilis_main_7541f607431b8a27	dbtbs_bsub_core_1f38e2f4287dbc6d	discovery	22	28	23	28	-35.5	+	TCTTTT	2.08225154876709
EMB_prokbert_C17	tjupan_bacillus_subtilis_main_ffefbc2ceaf331ea	dbtbs_bsub_core_ea5509009da1e1aa	discovery	27	33	28	33	-30.5	+	TTCTTT	2.0905649662017822
EMB_prokbert_C17	tjupan_bacillus_subtilis_main_0e56c5fe6c5d0db0	dbtbs_bsub_core_cfddcd51a76889fd	discovery	7	13	8	13	-50.5	+	ATTTCC	2.117621660232544
EMB_prokbert_C17	tjupan_bacillus_subtilis_main_0ba2ad2fd14630a8	dbtbs_bsub_core_0ba2ad2fd14630a8	discovery	54	60	55	60	-3.5	+	CCTTAT	2.1176328659057617
EMB_prokbert_C17	tjupan_bacillus_subtilis_main_3270409c742f3314	dbtbs_bsub_core_edd6f2ee95c58508	discovery	7	13	8	13	-50.5	+	TTCCTT	2.125645637512207
EMB_prokbert_C17	tjupan_bacillus_subtilis_main_18d5be8d5c4f9a22	tjupan_bacillus_subtilis_main_18d5be8d5c4f9a22	discovery	35	41	36	41	-22.5	+	TCGTTC	2.132547378540039
EMB_prokbert_C17	tjupan_bacillus_subtilis_main_c2a5e00f908ba88c	dbtbs_bsub_core_c2a5e00f908ba88c	discovery	5	11	6	11	-52.5	+	GTTTCT	2.1363441944122314
EMB_prokbert_C17	tjupan_bacillus_subtilis_main_2b799cc13a596bcd	tjupan_bacillus_subtilis_main_2b799cc13a596bcd	discovery	8	14	9	14	-49.5	+	TCCTTT	2.1514225006103516
EMB_prokbert_C17	tjupan_bacillus_subtilis_main_4915fc510c1f847f	tjupan_bacillus_subtilis_main_4915fc510c1f847f	discovery	5	11	6	11	-52.5	+	GTCTTT	2.1680610179901123
EMB_prokbert_C17	tjupan_bacillus_subtilis_main_eb3c3d68906264b7	tjupan_bacillus_subtilis_main_eb3c3d68906264b7	discovery	7	13	8	13	-50.5	+	TGCTTT	2.175826072692871
EMB_prokbert_C17	tjupan_bacillus_subtilis_main_4d08fa1f606ad269	tjupan_bacillus_subtilis_main_4d08fa1f606ad269	discovery	26	32	27	32	-31.5	+	GTTTTT	2.1915841102600098
EMB_prokbert_C17	tjupan_bacillus_subtilis_main_9296390fae4fd68d	tjupan_bacillus_subtilis_main_9296390fae4fd68d	discovery	61	67	62	67	3.5	+	CTTTTT	2.1935553550720215
EMB_prokbert_C17	tjupan_bacillus_subtilis_main_671ae756f8df7bca	dbtbs_bsub_core_340ffe292c28e826	discovery	13	19	14	19	-44.5	+	TTCTAT	2.2089426517486572
EMB_prokbert_C17	tjupan_bacillus_subtilis_main_c3431646de80d63f	tjupan_bacillus_subtilis_main_c3431646de80d63f	discovery	19	25	20	25	-38.5	+	TTTTCT	2.209528923034668
EMB_prokbert_C17	tjupan_bacillus_subtilis_main_57cb99253c19d2b6	tjupan_bacillus_subtilis_main_57cb99253c19d2b6	discovery	44	50	45	50	-13.5	+	TTTCAT	2.220905065536499
EMB_prokbert_C17	tjupan_bacillus_subtilis_main_ca7144caa797f7bc	dbtbs_bsub_core_ca7144caa797f7bc	discovery	25	31	26	31	-32.5	+	TTCGTT	2.2458248138427734
EMB_prokbert_C17	tjupan_bacillus_subtilis_main_264ccaf63cfb1cfe	tjupan_bacillus_subtilis_main_264ccaf63cfb1cfe	discovery	42	48	43	48	-15.5	+	TCTTTT	2.246325731277466
EMB_prokbert_C17	tjupan_bacillus_subtilis_main_691e7ded333dd616	dbtbs_bsub_core_691e7ded333dd616	discovery	2	8	3	8	-55.5	+	TCTTTC	2.247338056564331
EMB_prokbert_C17	tjupan_bacillus_subtilis_main_ed12f07c80365cbc	dbtbs_bsub_core_09dd4c8ba7bc09c6	discovery	62	68	63	68	4.5	+	GAGTTT	2.2485263347625732
EMB_prokbert_C17	tjupan_bacillus_subtilis_main_fae71e59d553e455	dbtbs_bsub_core_fae71e59d553e455	discovery	18	24	19	24	-39.5	+	CTTTTT	2.2819509506225586
EMB_prokbert_C17	tjupan_bacillus_subtilis_main_c229c4b94f6591ae	tjupan_bacillus_subtilis_main_c229c4b94f6591ae	discovery	10	16	11	16	-47.5	+	TTTACT	2.2846076488494873
EMB_prokbert_C17	tjupan_bacillus_subtilis_main_7ebbe970ac38b83d	dbtbs_bsub_core_5742761e1938e2d4	discovery	30	36	31	36	-27.5	+	ACTTTT	2.2983875274658203
EMB_prokbert_C17	tjupan_bacillus_subtilis_main_0c4104d2e02c2e3b	dbtbs_bsub_core_a955cdf3a08d689c	discovery	12	18	13	18	-45.5	+	TCCCTT	2.3065052032470703
EMB_prokbert_C17	tjupan_bacillus_subtilis_main_213d453c1e49e371	tjupan_bacillus_subtilis_main_213d453c1e49e371	discovery	75	81	76	81	17.5	+	TCTTTT	2.3137073516845703
EMB_prokbert_C17	tjupan_bacillus_subtilis_main_dc1d0e364ea2d865	tjupan_bacillus_subtilis_main_dc1d0e364ea2d865	discovery	32	38	33	38	-25.5	+	TCATTT	2.325775623321533
EMB_prokbert_C17	tjupan_bacillus_subtilis_main_7ac1767347438edd	dbtbs_bsub_core_5c6ce2f66e66fe9e	discovery	0	6	1	6	-57.5	+	CTTTTC	2.363494396209717
EMB_prokbert_C17	tjupan_bacillus_subtilis_main_f6c5351a3e225d0c	dbtbs_bsub_core_f6c5351a3e225d0c	discovery	5	11	6	11	-52.5	+	AACTTT	2.3679261207580566
EMB_prokbert_C17	tjupan_bacillus_subtilis_main_ba9efec60bbd4a6b	tjupan_bacillus_subtilis_main_ba9efec60bbd4a6b	discovery	13	19	14	19	-44.5	+	CCTTTA	2.3917527198791504
EMB_prokbert_C17	tjupan_bacillus_subtilis_main_f04c569125ce3afa	dbtbs_bsub_core_85a34ab094cb765f	discovery	23	29	24	29	-34.5	+	CCCTTT	2.457442045211792
EMB_prokbert_C17	tjupan_bacillus_subtilis_main_8a0979b032bb35c1	dbtbs_bsub_core_33318fe6256d39ff	discovery	0	6	1	6	-57.5	+	TTTTCT	2.4619100093841553
EMB_prokbert_C17	tjupan_bacillus_subtilis_main_e4dda028e03de313	dbtbs_bsub_core_e4dda028e03de313	discovery	3	9	4	9	-54.5	+	CCGTTT	2.4773752689361572
EMB_prokbert_C17	tjupan_bacillus_subtilis_main_f3b59cc74d659ebc	dbtbs_bsub_core_866d6e8af07c9412	discovery	6	12	7	12	-51.5	+	TCCTTT	2.5184216499328613
EMB_prokbert_C17	tjupan_bacillus_subtilis_main_61d216a2a24189d0	dbtbs_bsub_core_61d216a2a24189d0	discovery	70	76	71	76	12.5	+	TTTCGG	2.545153856277466
EMB_prokbert_C17	tjupan_bacillus_subtilis_main_6901d7d50287d8c1	dbtbs_bsub_core_6901d7d50287d8c1	discovery	9	15	10	15	-48.5	+	GCCTTT	2.563934087753296
EMB_prokbert_C17	tjupan_bacillus_subtilis_main_c648ac4df22b0f89	dbtbs_bsub_core_c648ac4df22b0f89	discovery	10	16	11	16	-47.5	+	TTTCCA	2.5649333000183105
EMB_prokbert_C17	tjupan_bacillus_subtilis_main_efde358c620c36bd	dbtbs_bsub_core_efde358c620c36bd	discovery	23	29	24	29	-34.5	+	CCTTAT	2.5972330570220947
EMB_prokbert_C17	tjupan_bacillus_subtilis_main_5957e34dfa6ab85c	tjupan_bacillus_subtilis_main_5957e34dfa6ab85c	discovery	4	10	5	10	-53.5	+	CCTGTT	2.801560640335083
EMB_prokbert_C17	tjupan_bacillus_subtilis_main_796368712c0cdecb	tjupan_bacillus_subtilis_main_796368712c0cdecb	discovery	22	28	23	28	-35.5	+	CTTTTT	2.8751702308654785
EMB_prokbert_C18	tjupan_bacillus_subtilis_main_e1ad11de708bb9dd	dbtbs_bsub_core_0ce0cc9e187b5d37	discovery	69	75	70	75	11.5	+	ATCGTT	1.2709426879882812
EMB_prokbert_C18	tjupan_bacillus_subtilis_main_45683747106d08bd	tjupan_bacillus_subtilis_main_45683747106d08bd	discovery	46	52	47	52	-11.5	+	GGTTAT	1.3500349521636963
EMB_prokbert_C18	tjupan_bacillus_subtilis_main_a2eb9b766304b405	dbtbs_bsub_core_adaec4e024668ee2	discovery	73	79	74	79	15.5	+	CGTTAT	1.404342770576477
EMB_prokbert_C18	tjupan_bacillus_subtilis_main_2a051d7d075d7920	tjupan_bacillus_subtilis_main_2a051d7d075d7920	discovery	64	70	65	70	6.5	+	CGTATT	1.4075977802276611
EMB_prokbert_C18	tjupan_bacillus_subtilis_main_c7c68e6fe4d84a02	tjupan_bacillus_subtilis_main_c7c68e6fe4d84a02	discovery	31	37	32	37	-26.5	+	ACGGAT	1.4171587228775024
EMB_prokbert_C18	tjupan_bacillus_subtilis_main_9990510225814384	tjupan_bacillus_subtilis_main_9990510225814384	discovery	35	41	36	41	-22.5	+	TCCGGT	1.4225956201553345
EMB_prokbert_C18	tjupan_bacillus_subtilis_main_2e59e247c2d07b0b	tjupan_bacillus_subtilis_main_2e59e247c2d07b0b	discovery	70	76	71	76	12.5	+	GAATTA	1.433746576309204
EMB_prokbert_C18	tjupan_bacillus_subtilis_main_f3423ecbff5b6537	dbtbs_bsub_core_dc8c32e7cfbca6d1	discovery	32	38	33	38	-25.5	+	TTATCG	1.4613535404205322
EMB_prokbert_C18	tjupan_bacillus_subtilis_main_70da326395794983	tjupan_bacillus_subtilis_main_70da326395794983	discovery	44	50	45	50	-13.5	+	ATTCGA	1.4797172546386719
EMB_prokbert_C18	tjupan_bacillus_subtilis_main_41b76e09c674d652	dbtbs_bsub_core_41b76e09c674d652	discovery	13	19	14	19	-44.5	+	CGGATT	1.480800747871399
EMB_prokbert_C18	tjupan_bacillus_subtilis_main_57cb99253c19d2b6	tjupan_bacillus_subtilis_main_57cb99253c19d2b6	discovery	19	25	20	25	-38.5	+	AATCGT	1.500999093055725
EMB_prokbert_C18	tjupan_bacillus_subtilis_main_dbd8ff77ae99e6b2	dbtbs_bsub_core_dbd8ff77ae99e6b2	discovery	66	72	67	72	8.5	+	GTTATC	1.501652479171753
EMB_prokbert_C18	tjupan_bacillus_subtilis_main_55935e0c215d1239	dbtbs_bsub_core_bd96a60828361996	discovery	39	45	40	45	-18.5	+	GTATTC	1.5216890573501587
EMB_prokbert_C18	tjupan_bacillus_subtilis_main_4648c22f43ae6952	tjupan_bacillus_subtilis_main_4648c22f43ae6952	discovery	41	47	42	47	-16.5	+	ATTCGT	1.52524995803833
EMB_prokbert_C18	tjupan_bacillus_subtilis_main_32a70db45859cbb9	dbtbs_bsub_core_32a70db45859cbb9	discovery	65	71	66	71	7.5	+	GTATGC	1.5282999277114868
EMB_prokbert_C18	tjupan_bacillus_subtilis_main_f6994e5b6245c7bf	tjupan_bacillus_subtilis_main_f6994e5b6245c7bf	discovery	42	48	43	48	-15.5	+	CATCGA	1.529227375984192
EMB_prokbert_C18	tjupan_bacillus_subtilis_main_834e21e1951468f3	tjupan_bacillus_subtilis_main_834e21e1951468f3	discovery	45	51	46	51	-12.5	+	GAATCG	1.5298919677734375
EMB_prokbert_C18	tjupan_bacillus_subtilis_main_dbf995194ebf2b2d	dbtbs_bsub_core_dbf995194ebf2b2d	discovery	20	26	21	26	-37.5	+	TCGAAC	1.5356192588806152
EMB_prokbert_C18	tjupan_bacillus_subtilis_main_f246415af5cfc524	dbtbs_bsub_core_f246415af5cfc524	discovery	39	45	40	45	-18.5	+	CGTTGA	1.5454267263412476
EMB_prokbert_C18	tjupan_bacillus_subtilis_main_ff3d11f785ddd890	dbtbs_bsub_core_ff3d11f785ddd890	discovery	6	12	7	12	-51.5	+	TATCCG	1.5539520978927612
EMB_prokbert_C18	tjupan_bacillus_subtilis_main_f5fed123a3ffd242	dbtbs_bsub_core_f5fed123a3ffd242	discovery	17	23	18	23	-40.5	+	GATTAG	1.564992070198059
EMB_prokbert_C18	tjupan_bacillus_subtilis_main_e4e4a1be67374f28	dbtbs_bsub_core_e4e4a1be67374f28	discovery	44	50	45	50	-13.5	+	TATCGT	1.5707255601882935
EMB_prokbert_C18	tjupan_bacillus_subtilis_main_a9fde0fdd238b261	dbtbs_bsub_core_06588c97cd7288a8	discovery	67	73	68	73	9.5	+	CGTCAA	1.5764901638031006
EMB_prokbert_C18	tjupan_bacillus_subtilis_main_3e1210c1f898bc48	dbtbs_bsub_core_42eaa371353368b2	discovery	20	26	21	26	-37.5	+	CGTATT	1.5766161680221558
EMB_prokbert_C18	tjupan_bacillus_subtilis_main_c648ac4df22b0f89	dbtbs_bsub_core_c648ac4df22b0f89	discovery	54	60	55	60	-3.5	+	ACGATA	1.583187460899353
EMB_prokbert_C18	tjupan_bacillus_subtilis_main_1db11a6d86ff5865	tjupan_bacillus_subtilis_main_1db11a6d86ff5865	discovery	24	30	25	30	-33.5	+	ATCGGT	1.589504599571228
EMB_prokbert_C18	tjupan_bacillus_subtilis_main_e84ae283b7981830	tjupan_bacillus_subtilis_main_e84ae283b7981830	discovery	63	69	64	69	5.5	+	TAACGA	1.590299129486084
EMB_prokbert_C18	tjupan_bacillus_subtilis_main_6390012fbb39ca22	tjupan_bacillus_subtilis_main_6390012fbb39ca22	discovery	11	17	12	17	-46.5	+	TCGTGA	1.5906189680099487
EMB_prokbert_C18	tjupan_bacillus_subtilis_main_8837dc4443db7de3	tjupan_bacillus_subtilis_main_8837dc4443db7de3	discovery	9	15	10	15	-48.5	+	CGTTAT	1.5918936729431152
EMB_prokbert_C18	tjupan_bacillus_subtilis_main_901b18a9982b4e95	tjupan_bacillus_subtilis_main_901b18a9982b4e95	discovery	60	66	61	66	2.5	+	GTCGCT	1.5942219495773315
EMB_prokbert_C18	tjupan_bacillus_subtilis_main_fde7c2aaac5c57ce	dbtbs_bsub_core_fde7c2aaac5c57ce	discovery	32	38	33	38	-25.5	+	CTTATC	1.5945236682891846
EMB_prokbert_C18	tjupan_bacillus_subtilis_main_69a39ef163dd4726	tjupan_bacillus_subtilis_main_69a39ef163dd4726	discovery	66	72	67	72	8.5	+	CGTTAT	1.5959360599517822
EMB_prokbert_C18	tjupan_bacillus_subtilis_main_bcbef8350d7925db	tjupan_bacillus_subtilis_main_bcbef8350d7925db	discovery	65	71	66	71	7.5	+	GTATCT	1.607526183128357
EMB_prokbert_C18	tjupan_bacillus_subtilis_main_61d216a2a24189d0	dbtbs_bsub_core_61d216a2a24189d0	discovery	4	10	5	10	-53.5	+	GTTATC	1.6078721284866333
EMB_prokbert_C18	tjupan_bacillus_subtilis_main_f452c4bef1ed8b92	dbtbs_bsub_core_f452c4bef1ed8b92	discovery	57	63	58	63	-0.5	+	GTTGAT	1.6135767698287964
EMB_prokbert_C18	tjupan_bacillus_subtilis_main_0b565809576a9e0f	dbtbs_bsub_core_0fcadafa827fb8cf	discovery	61	67	62	67	3.5	+	AGCGTT	1.6152708530426025
EMB_prokbert_C18	tjupan_bacillus_subtilis_main_4fa5d89620e7d8ce	dbtbs_bsub_core_5eb05bc57612da6d	discovery	68	74	69	74	10.5	+	CTTCGA	1.6244889497756958
EMB_prokbert_C18	tjupan_bacillus_subtilis_main_48b85a8a5c19ece4	dbtbs_bsub_core_7730e205ee5d9991	discovery	42	48	43	48	-15.5	+	ATCCGA	1.6259623765945435
EMB_prokbert_C18	tjupan_bacillus_subtilis_main_4a76c51266c80a0f	dbtbs_bsub_core_b905bf06b88d4e46	discovery	45	51	46	51	-12.5	+	TCCGTA	1.638995885848999
EMB_prokbert_C18	tjupan_bacillus_subtilis_main_036f4e66b4e66745	dbtbs_bsub_core_7b26bab7de636614	discovery	35	41	36	41	-22.5	+	CGATCA	1.639829158782959
EMB_prokbert_C18	tjupan_bacillus_subtilis_main_1dc6ad16ab0331f8	tjupan_bacillus_subtilis_main_1dc6ad16ab0331f8	discovery	63	69	64	69	5.5	+	TCGATC	1.6502946615219116
EMB_prokbert_C18	tjupan_bacillus_subtilis_main_5e3ef261f40425ef	tjupan_bacillus_subtilis_main_5e3ef261f40425ef	discovery	58	64	59	64	0.5	+	CTCGTA	1.6549493074417114
EMB_prokbert_C18	tjupan_bacillus_subtilis_main_3ed5570d9bd715ae	dbtbs_bsub_core_0561dd78dc44b145	discovery	71	77	72	77	13.5	+	GTCGAA	1.6551979780197144
EMB_prokbert_C18	tjupan_bacillus_subtilis_main_9daaa0d103ffad86	dbtbs_bsub_core_9daaa0d103ffad86	discovery	11	17	12	17	-46.5	+	GTTCGG	1.6571869850158691
EMB_prokbert_C18	tjupan_bacillus_subtilis_main_354da8035d16f701	dbtbs_bsub_core_1ee6e81d7c1d1fa1	discovery	50	56	51	56	-7.5	+	GATATC	1.6682389974594116
EMB_prokbert_C18	tjupan_bacillus_subtilis_main_8421a3506bc3ca2c	tjupan_bacillus_subtilis_main_8421a3506bc3ca2c	discovery	62	68	63	68	4.5	+	AAGCGT	1.6808393001556396
EMB_prokbert_C18	tjupan_bacillus_subtilis_main_ef1d1fbaad689e40	dbtbs_bsub_core_ef1d1fbaad689e40	discovery	72	78	73	78	14.5	+	GTATCG	1.6873769760131836
EMB_prokbert_C18	tjupan_bacillus_subtilis_main_2be0a0a038238614	tjupan_bacillus_subtilis_main_2be0a0a038238614	discovery	41	47	42	47	-16.5	+	GGTCCT	1.687546968460083
EMB_prokbert_C18	tjupan_bacillus_subtilis_main_1edc8da3b582b0a5	dbtbs_bsub_core_1edc8da3b582b0a5	discovery	36	42	37	42	-21.5	+	CGTAAG	1.687906265258789
EMB_prokbert_C18	tjupan_bacillus_subtilis_main_0f3eb3e9a9977e6d	tjupan_bacillus_subtilis_main_0f3eb3e9a9977e6d	discovery	3	9	4	9	-54.5	+	GGTATT	1.6924246549606323
EMB_prokbert_C18	tjupan_bacillus_subtilis_main_adbf75412ef7d5a0	dbtbs_bsub_core_adbf75412ef7d5a0	discovery	69	75	70	75	11.5	+	AATCGA	1.6957597732543945
EMB_prokbert_C18	tjupan_bacillus_subtilis_main_ff1b0f332755e37b	dbtbs_bsub_core_710c0cbad80c03b6	discovery	39	45	40	45	-18.5	+	AGTCGC	1.7009717226028442
EMB_prokbert_C18	tjupan_bacillus_subtilis_main_36eed70446e6810b	dbtbs_bsub_core_36eed70446e6810b	discovery	43	49	44	49	-14.5	+	CGTTAT	1.7028186321258545
EMB_prokbert_C18	tjupan_bacillus_subtilis_main_43fbda6e3c3abdae	dbtbs_bsub_core_c62c8589a5774a74	discovery	45	51	46	51	-12.5	+	GCTCGT	1.7048871517181396
EMB_prokbert_C18	tjupan_bacillus_subtilis_main_e2b483c6aef274e0	dbtbs_bsub_core_175bcd2ea2263ee4	discovery	66	72	67	72	8.5	+	GGTACA	1.7072209119796753
EMB_prokbert_C18	tjupan_bacillus_subtilis_main_b2e461bb3b5d3d88	dbtbs_bsub_core_b2e461bb3b5d3d88	discovery	12	18	13	18	-45.5	+	ATGCGA	1.7089545726776123
EMB_prokbert_C18	tjupan_bacillus_subtilis_main_e4ca0c490585b644	tjupan_bacillus_subtilis_main_e4ca0c490585b644	discovery	53	59	54	59	-4.5	+	AATTCG	1.7136378288269043
EMB_prokbert_C18	tjupan_bacillus_subtilis_main_0e56c5fe6c5d0db0	dbtbs_bsub_core_cfddcd51a76889fd	discovery	55	61	56	61	-2.5	+	ATCGGT	1.7171173095703125
EMB_prokbert_C18	tjupan_bacillus_subtilis_main_3c72a88384ee6013	tjupan_bacillus_subtilis_main_3c72a88384ee6013	discovery	45	51	46	51	-12.5	+	ATCCGA	1.725352168083191
EMB_prokbert_C18	tjupan_bacillus_subtilis_main_49d5f09ecdaa68d2	dbtbs_bsub_core_2fc6766ca8c365d3	discovery	70	76	71	76	12.5	+	CAGATT	1.726073145866394
EMB_prokbert_C18	tjupan_bacillus_subtilis_main_d0e455b1c91ba281	dbtbs_bsub_core_f6e924d0656980ad	discovery	70	76	71	76	12.5	+	TATCGT	1.7269182205200195
EMB_prokbert_C18	tjupan_bacillus_subtilis_main_d9da0a0033167763	dbtbs_bsub_core_d9da0a0033167763	discovery	21	27	22	27	-36.5	+	ATTAGT	1.7317190170288086
EMB_prokbert_C18	tjupan_bacillus_subtilis_main_7cd769ed0580d73e	tjupan_bacillus_subtilis_main_7cd769ed0580d73e	discovery	32	38	33	38	-25.5	+	CGGTAT	1.7337952852249146
EMB_prokbert_C18	tjupan_bacillus_subtilis_main_08d810e756c7d81b	tjupan_bacillus_subtilis_main_08d810e756c7d81b	discovery	32	38	33	38	-25.5	+	GGATCG	1.7354413270950317
EMB_prokbert_C18	tjupan_bacillus_subtilis_main_2c9e8a462277f7da	dbtbs_bsub_core_f7573fed016c047b	discovery	69	75	70	75	11.5	+	GGATTA	1.7359873056411743
EMB_prokbert_C18	tjupan_bacillus_subtilis_main_691e7ded333dd616	dbtbs_bsub_core_691e7ded333dd616	discovery	42	48	43	48	-15.5	+	CTATGG	1.7442713975906372
EMB_prokbert_C18	tjupan_bacillus_subtilis_main_c758d11e26aac641	tjupan_bacillus_subtilis_main_c758d11e26aac641	discovery	34	40	35	40	-23.5	+	AGATTC	1.74518883228302
EMB_prokbert_C18	tjupan_bacillus_subtilis_main_7ac1767347438edd	dbtbs_bsub_core_5c6ce2f66e66fe9e	discovery	72	78	73	78	14.5	+	ATATCG	1.7456802129745483
EMB_prokbert_C18	tjupan_bacillus_subtilis_main_a8b2c052c0cdfcff	tjupan_bacillus_subtilis_main_a8b2c052c0cdfcff	discovery	9	15	10	15	-48.5	+	AATTCG	1.7477023601531982
EMB_prokbert_C18	tjupan_bacillus_subtilis_main_8559682da7e0b4ef	dbtbs_bsub_core_8559682da7e0b4ef	discovery	36	42	37	42	-21.5	+	GTTATG	1.7493553161621094
EMB_prokbert_C18	tjupan_bacillus_subtilis_main_9ab6c96db0706f0e	dbtbs_bsub_core_c190339743385950	discovery	9	15	10	15	-48.5	+	TATCGA	1.7527098655700684
EMB_prokbert_C18	tjupan_bacillus_subtilis_main_a1b8ecb6878276b4	dbtbs_bsub_core_a1b8ecb6878276b4	discovery	58	64	59	64	0.5	+	TAGAAC	1.755771279335022
EMB_prokbert_C18	tjupan_bacillus_subtilis_main_8797dcd405b13c8e	tjupan_bacillus_subtilis_main_8797dcd405b13c8e	discovery	16	22	17	22	-41.5	+	TGACAG	1.7669942378997803
EMB_prokbert_C18	tjupan_bacillus_subtilis_main_ff62fa3227cb3ab1	dbtbs_bsub_core_f748f853b4ec2056	discovery	29	35	30	35	-28.5	+	AACGTC	1.7704976797103882
EMB_prokbert_C18	tjupan_bacillus_subtilis_main_ffb5b3082f8ea0cd	tjupan_bacillus_subtilis_main_ffb5b3082f8ea0cd	discovery	7	13	8	13	-50.5	+	TTATCG	1.7808603048324585
EMB_prokbert_C18	tjupan_bacillus_subtilis_main_db51f0e14ca9b6e9	tjupan_bacillus_subtilis_main_db51f0e14ca9b6e9	discovery	48	54	49	54	-9.5	+	CGTATT	1.782366394996643
EMB_prokbert_C18	tjupan_bacillus_subtilis_main_9e087715e3522ed4	dbtbs_bsub_core_b3df5d74f56f0610	discovery	70	76	71	76	12.5	+	ATCGAT	1.7832077741622925
EMB_prokbert_C18	tjupan_bacillus_subtilis_main_bebf1b31befd9c3c	dbtbs_bsub_core_bebf1b31befd9c3c	discovery	45	51	46	51	-12.5	+	AATCGT	1.7864644527435303
EMB_prokbert_C18	tjupan_bacillus_subtilis_main_89a40bf9e0650967	dbtbs_bsub_core_89a40bf9e0650967	discovery	6	12	7	12	-51.5	+	TGACGT	1.7875198125839233
EMB_prokbert_C18	tjupan_bacillus_subtilis_main_5957e34dfa6ab85c	tjupan_bacillus_subtilis_main_5957e34dfa6ab85c	discovery	24	30	25	30	-33.5	+	GGTATT	1.7905008792877197
EMB_prokbert_C18	tjupan_bacillus_subtilis_main_54fd4c2966482e2c	dbtbs_bsub_core_ba3becfc7c3e4e17	discovery	57	63	58	63	-0.5	+	TCGATA	1.794015645980835
EMB_prokbert_C18	tjupan_bacillus_subtilis_main_9f03f134e6b67be2	tjupan_bacillus_subtilis_main_9f03f134e6b67be2	discovery	40	46	41	46	-17.5	+	ACCGTA	1.7954760789871216
EMB_prokbert_C18	tjupan_bacillus_subtilis_main_e70fb70b66e1d829	tjupan_bacillus_subtilis_main_e70fb70b66e1d829	discovery	3	9	4	9	-54.5	+	CGACAA	1.7967488765716553
EMB_prokbert_C18	tjupan_bacillus_subtilis_main_9571d32ab22eb9a0	dbtbs_bsub_core_9571d32ab22eb9a0	discovery	46	52	47	52	-11.5	+	TCCGTA	1.8059632778167725
EMB_prokbert_C18	tjupan_bacillus_subtilis_main_e2f816d3420810f5	dbtbs_bsub_core_8f473f826c608a81	discovery	62	68	63	68	4.5	+	TATCTG	1.8063169717788696
EMB_prokbert_C18	tjupan_bacillus_subtilis_main_b11aff47b9c426f3	dbtbs_bsub_core_b11aff47b9c426f3	discovery	48	54	49	54	-9.5	+	ACGTTA	1.8189752101898193
EMB_prokbert_C18	tjupan_bacillus_subtilis_main_eebec5ad9a06df67	dbtbs_bsub_core_5cddd19c752675c8	discovery	72	78	73	78	14.5	+	TCGAAC	1.8207656145095825
EMB_prokbert_C18	tjupan_bacillus_subtilis_main_ca7deec2e4330ae4	tjupan_bacillus_subtilis_main_ca7deec2e4330ae4	discovery	40	46	41	46	-17.5	+	TCTGTA	1.8266810178756714
EMB_prokbert_C18	tjupan_bacillus_subtilis_main_89f3272bd34ff475	tjupan_bacillus_subtilis_main_89f3272bd34ff475	discovery	47	53	48	53	-10.5	+	TTATCG	1.8290627002716064
EMB_prokbert_C18	tjupan_bacillus_subtilis_main_106e69f8e7e10bd4	tjupan_bacillus_subtilis_main_106e69f8e7e10bd4	discovery	43	49	44	49	-14.5	+	CTCGTA	1.8351330757141113
EMB_prokbert_C18	tjupan_bacillus_subtilis_main_aded66fe8079e578	tjupan_bacillus_subtilis_main_aded66fe8079e578	discovery	49	55	50	55	-8.5	+	TGAACG	1.8431602716445923
EMB_prokbert_C18	tjupan_bacillus_subtilis_main_db7eebd0b9425a4f	dbtbs_bsub_core_db7eebd0b9425a4f	discovery	32	38	33	38	-25.5	+	CGGCTC	1.843231439590454
EMB_prokbert_C18	tjupan_bacillus_subtilis_main_60ee42342c88d235	tjupan_bacillus_subtilis_main_60ee42342c88d235	discovery	69	75	70	75	11.5	+	GGAACG	1.8441169261932373
EMB_prokbert_C18	tjupan_bacillus_subtilis_main_f869091e55050110	tjupan_bacillus_subtilis_main_f869091e55050110	discovery	59	65	60	65	1.5	+	CGTCGC	1.850553035736084
EMB_prokbert_C18	tjupan_bacillus_subtilis_main_b0d8a2369952b821	dbtbs_bsub_core_3f773ca1224c0e26	discovery	40	46	41	46	-17.5	+	CGCTTG	1.8514775037765503
EMB_prokbert_C18	tjupan_bacillus_subtilis_main_ac1a0a0a579397f6	tjupan_bacillus_subtilis_main_ac1a0a0a579397f6	discovery	27	33	28	33	-30.5	+	GGAATA	1.8555612564086914
EMB_prokbert_C18	tjupan_bacillus_subtilis_main_1a8b81622422b81c	dbtbs_bsub_core_045e4f174337aedd	discovery	40	46	41	46	-17.5	+	AATACG	1.8586668968200684
EMB_prokbert_C18	tjupan_bacillus_subtilis_main_7a6037ae36a0870c	tjupan_bacillus_subtilis_main_7a6037ae36a0870c	discovery	75	81	76	81	17.5	+	GATACA	1.8603808879852295
EMB_prokbert_C18	tjupan_bacillus_subtilis_main_50224837ca8eceb5	dbtbs_bsub_core_50224837ca8eceb5	discovery	8	14	9	14	-49.5	+	ATTCGG	1.8624927997589111
EMB_prokbert_C18	tjupan_bacillus_subtilis_main_e8dca4769e2e29bc	dbtbs_bsub_core_b8b8ac7ece3bed55	discovery	62	68	63	68	4.5	+	CCGTAT	1.86253023147583
EMB_prokbert_C18	tjupan_bacillus_subtilis_main_c0aec64934968747	tjupan_bacillus_subtilis_main_c0aec64934968747	discovery	14	20	15	20	-43.5	+	CGAATC	1.8675235509872437
EMB_prokbert_C18	tjupan_bacillus_subtilis_main_412fe696982b64f9	dbtbs_bsub_core_412fe696982b64f9	discovery	22	28	23	28	-35.5	+	CGGTGA	1.8802770376205444
EMB_prokbert_C18	tjupan_bacillus_subtilis_main_fcf1520effc316d9	dbtbs_bsub_core_fcf1520effc316d9	discovery	65	71	66	71	7.5	+	ATAGAT	1.8805537223815918
EMB_prokbert_C18	tjupan_bacillus_subtilis_main_632ff1f5d92b347a	tjupan_bacillus_subtilis_main_632ff1f5d92b347a	discovery	56	62	57	62	-1.5	+	TATCGT	1.8881251811981201
EMB_prokbert_C18	tjupan_bacillus_subtilis_main_6514a11d381455ae	tjupan_bacillus_subtilis_main_6514a11d381455ae	discovery	26	32	27	32	-31.5	+	CGTAAA	1.89548659324646
EMB_prokbert_C18	tjupan_bacillus_subtilis_main_a52148b067c7a32f	tjupan_bacillus_subtilis_main_a52148b067c7a32f	discovery	11	17	12	17	-46.5	+	TGCGTT	1.8956396579742432
EMB_prokbert_C18	tjupan_bacillus_subtilis_main_edadeeaf4ff7a848	tjupan_bacillus_subtilis_main_edadeeaf4ff7a848	discovery	70	76	71	76	12.5	+	GTCGCT	1.8964089155197144
EMB_prokbert_C18	tjupan_bacillus_subtilis_main_256978383d162d01	dbtbs_bsub_core_256978383d162d01	discovery	35	41	36	41	-22.5	+	TATCCG	1.9018659591674805
EMB_prokbert_C18	tjupan_bacillus_subtilis_main_c9a32e1db5125d7c	dbtbs_bsub_core_c9a32e1db5125d7c	discovery	11	17	12	17	-46.5	+	GCCTAT	1.90224289894104
EMB_prokbert_C18	tjupan_bacillus_subtilis_main_13f211949a22c74a	dbtbs_bsub_core_bdbae944a25ddfff	discovery	42	48	43	48	-15.5	+	ATCGAA	1.9048614501953125
EMB_prokbert_C18	tjupan_bacillus_subtilis_main_cb8c6e383b33abd4	dbtbs_bsub_core_cb8c6e383b33abd4	discovery	45	51	46	51	-12.5	+	GTCGTA	1.9115363359451294
EMB_prokbert_C18	tjupan_bacillus_subtilis_main_fa23a6db7de139e8	tjupan_bacillus_subtilis_main_fa23a6db7de139e8	discovery	23	29	24	29	-34.5	+	TATTGA	1.9130535125732422
EMB_prokbert_C18	tjupan_bacillus_subtilis_main_a1ad6ce2d20c389b	dbtbs_bsub_core_539bc60476254ff5	discovery	68	74	69	74	10.5	+	TACGAT	1.9142258167266846
EMB_prokbert_C18	tjupan_bacillus_subtilis_main_b7c0b4323e70fc71	dbtbs_bsub_core_b7c0b4323e70fc71	discovery	46	52	47	52	-11.5	+	CCCGTA	1.9187692403793335
EMB_prokbert_C18	tjupan_bacillus_subtilis_main_d9cd9789d0fb01a3	dbtbs_bsub_core_c190339743385950	discovery	15	21	16	21	-42.5	+	TATCGA	1.9224627017974854
EMB_prokbert_C18	tjupan_bacillus_subtilis_main_c2d54a415a7d048a	dbtbs_bsub_core_c2d54a415a7d048a	discovery	48	54	49	54	-9.5	+	CCGTCT	1.924082636833191
EMB_prokbert_C18	tjupan_bacillus_subtilis_main_dea64c0f5a12bfa1	dbtbs_bsub_core_a18a06666ab8afa6	discovery	58	64	59	64	0.5	+	TAATCG	1.924578070640564
EMB_prokbert_C18	tjupan_bacillus_subtilis_main_9d589577eb1cbe67	tjupan_bacillus_subtilis_main_9d589577eb1cbe67	discovery	46	52	47	52	-11.5	+	CGGATA	1.9283231496810913
EMB_prokbert_C18	tjupan_bacillus_subtilis_main_2c918744f6daf466	dbtbs_bsub_core_20f77243a5b2c4ab	discovery	47	53	48	53	-10.5	+	ACGTCT	1.9307308197021484
EMB_prokbert_C18	tjupan_bacillus_subtilis_main_d03161002d7a6f34	dbtbs_bsub_core_11066f3e95c7986c	discovery	34	40	35	40	-23.5	+	TTGTCG	1.9314603805541992
EMB_prokbert_C18	tjupan_bacillus_subtilis_main_1cd26aa95d9363dc	dbtbs_bsub_core_1cd26aa95d9363dc	discovery	20	26	21	26	-37.5	+	ACGTAT	1.941691279411316
EMB_prokbert_C18	tjupan_bacillus_subtilis_main_6fc8019646ae0ec6	dbtbs_bsub_core_0346364171f10446	discovery	67	73	68	73	9.5	+	AGTATC	1.9428156614303589
EMB_prokbert_C18	tjupan_bacillus_subtilis_main_b7240ec09f994729	dbtbs_bsub_core_6cadf10f2f906812	discovery	18	24	19	24	-39.5	+	ACGATC	1.9429035186767578
EMB_prokbert_C18	tjupan_bacillus_subtilis_main_ba9efec60bbd4a6b	tjupan_bacillus_subtilis_main_ba9efec60bbd4a6b	discovery	47	53	48	53	-10.5	+	CGTGAA	1.946681261062622
EMB_prokbert_C18	tjupan_bacillus_subtilis_main_49e8e3a6681b011d	dbtbs_bsub_core_e14a6f906af1fa54	discovery	18	24	19	24	-39.5	+	TCGATT	1.955162525177002
EMB_prokbert_C18	tjupan_bacillus_subtilis_main_8e9af30cd29c08ec	dbtbs_bsub_core_ab5345ed831420ec	discovery	17	23	18	23	-40.5	+	ACGAAT	1.9566490650177002
EMB_prokbert_C18	tjupan_bacillus_subtilis_main_2313c7dbb458e370	dbtbs_bsub_core_98d6bef120e2925b	discovery	47	53	48	53	-10.5	+	CGTCTA	1.961798906326294
EMB_prokbert_C18	tjupan_bacillus_subtilis_main_06d485c4aaa12e15	dbtbs_bsub_core_06d485c4aaa12e15	discovery	67	73	68	73	9.5	+	TCGATA	1.9661486148834229
EMB_prokbert_C18	tjupan_bacillus_subtilis_main_ade14dd3fdacb032	dbtbs_bsub_core_12585b08a658046e	discovery	44	50	45	50	-13.5	+	CCCGAG	1.966482400894165
EMB_prokbert_C18	tjupan_bacillus_subtilis_main_b1dfffe50d4e7cba	dbtbs_bsub_core_6990407cd148d57b	discovery	12	18	13	18	-45.5	+	CTGTAT	1.9674559831619263
EMB_prokbert_C18	tjupan_bacillus_subtilis_main_b24feeda89db5dfd	dbtbs_bsub_core_b24feeda89db5dfd	discovery	3	9	4	9	-54.5	+	CGATTA	1.9697669744491577
EMB_prokbert_C18	tjupan_bacillus_subtilis_main_26786ec6f94b1750	dbtbs_bsub_core_26786ec6f94b1750	discovery	72	78	73	78	14.5	+	TAACGT	1.9777541160583496
EMB_prokbert_C18	tjupan_bacillus_subtilis_main_8b925a3983e97ebd	dbtbs_bsub_core_0346364171f10446	discovery	70	76	71	76	12.5	+	TAGTAT	1.980945110321045
EMB_prokbert_C18	tjupan_bacillus_subtilis_main_3b9d28ffe489c3c7	dbtbs_bsub_core_260ddc8adeedb788	discovery	11	17	12	17	-46.5	+	ATCGCA	1.984846591949463
EMB_prokbert_C18	tjupan_bacillus_subtilis_main_2c8e4076a462c87c	dbtbs_bsub_core_2c8e4076a462c87c	discovery	71	77	72	77	13.5	+	AACGGT	1.9863016605377197
EMB_prokbert_C18	tjupan_bacillus_subtilis_main_18d5be8d5c4f9a22	tjupan_bacillus_subtilis_main_18d5be8d5c4f9a22	discovery	13	19	14	19	-44.5	+	CCGGTA	1.987419605255127
EMB_prokbert_C18	tjupan_bacillus_subtilis_main_73a7b40a4dc814aa	dbtbs_bsub_core_bdba293c4926b88d	discovery	55	61	56	61	-2.5	+	AATCTA	1.988559603691101
EMB_prokbert_C18	tjupan_bacillus_subtilis_main_e90961ead2da3f7b	tjupan_bacillus_subtilis_main_e90961ead2da3f7b	discovery	42	48	43	48	-15.5	+	GAGGTT	1.9906381368637085
EMB_prokbert_C18	tjupan_bacillus_subtilis_main_0d7b08433a8f6233	tjupan_bacillus_subtilis_main_0d7b08433a8f6233	discovery	26	32	27	32	-31.5	+	CCGAAT	1.9944292306900024
EMB_prokbert_C18	tjupan_bacillus_subtilis_main_daaf0c7fa42ef2fa	dbtbs_bsub_core_ef9625ff29774e65	discovery	37	43	38	43	-20.5	+	GCGATT	1.995337724685669
EMB_prokbert_C18	tjupan_bacillus_subtilis_main_f09c3556dc31a575	dbtbs_bsub_core_f09c3556dc31a575	discovery	4	10	5	10	-53.5	+	CGTCTT	1.9991987943649292
EMB_prokbert_C18	tjupan_bacillus_subtilis_main_bb68072522710571	dbtbs_bsub_core_bb68072522710571	discovery	43	49	44	49	-14.5	+	GATTAT	2.000774383544922
EMB_prokbert_C18	tjupan_bacillus_subtilis_main_9361e0f82edaa017	tjupan_bacillus_subtilis_main_9361e0f82edaa017	discovery	1	7	2	7	-56.5	+	TACCGA	2.005533218383789
EMB_prokbert_C18	tjupan_bacillus_subtilis_main_ad5b6a3a851181b1	dbtbs_bsub_core_ad5b6a3a851181b1	discovery	2	8	3	8	-55.5	+	TCGTTG	2.0085227489471436
EMB_prokbert_C18	tjupan_bacillus_subtilis_main_84597be11ba889b8	tjupan_bacillus_subtilis_main_84597be11ba889b8	discovery	26	32	27	32	-31.5	+	TGCGTA	2.0096890926361084
EMB_prokbert_C18	tjupan_bacillus_subtilis_main_a61c0978ae294759	tjupan_bacillus_subtilis_main_a61c0978ae294759	discovery	20	26	21	26	-37.5	+	CTGCGA	2.0101611614227295
EMB_prokbert_C18	tjupan_bacillus_subtilis_main_c180878a6f782e9f	dbtbs_bsub_core_c180878a6f782e9f	discovery	21	27	22	27	-36.5	+	ACGATT	2.015277862548828
EMB_prokbert_C18	tjupan_bacillus_subtilis_main_a032a3114b7dbf1c	dbtbs_bsub_core_a032a3114b7dbf1c	discovery	42	48	43	48	-15.5	+	ACGATT	2.0174965858459473
EMB_prokbert_C18	tjupan_bacillus_subtilis_main_712069959cf7e3b2	dbtbs_bsub_core_be0e53c334974f0a	discovery	43	49	44	49	-14.5	+	TCGCCG	2.0186471939086914
EMB_prokbert_C18	tjupan_bacillus_subtilis_main_bdf5315a71015695	dbtbs_bsub_core_c94ae7322b918d76	discovery	63	69	64	69	5.5	+	TCGTAA	2.0221197605133057
EMB_prokbert_C18	tjupan_bacillus_subtilis_main_954287dc5b301340	tjupan_bacillus_subtilis_main_954287dc5b301340	discovery	27	33	28	33	-30.5	+	TTATCG	2.027411460876465
EMB_prokbert_C18	tjupan_bacillus_subtilis_main_c2a5e00f908ba88c	dbtbs_bsub_core_c2a5e00f908ba88c	discovery	63	69	64	69	5.5	+	TCGAAT	2.0292234420776367
EMB_prokbert_C18	tjupan_bacillus_subtilis_main_b7d5a32e40c68782	tjupan_bacillus_subtilis_main_b7d5a32e40c68782	discovery	40	46	41	46	-17.5	+	TTTCGT	2.032318115234375
EMB_prokbert_C18	tjupan_bacillus_subtilis_main_a0eee3dddaf07ac3	tjupan_bacillus_subtilis_main_a0eee3dddaf07ac3	discovery	10	16	11	16	-47.5	+	ACGGCC	2.032325029373169
EMB_prokbert_C18	tjupan_bacillus_subtilis_main_0fe342e604184137	dbtbs_bsub_core_f039c4e5fee11aa3	discovery	43	49	44	49	-14.5	+	TCGGCT	2.035219192504883
EMB_prokbert_C18	tjupan_bacillus_subtilis_main_b59ef89e981b3745	tjupan_bacillus_subtilis_main_b59ef89e981b3745	discovery	47	53	48	53	-10.5	+	TCGTAT	2.0359280109405518
EMB_prokbert_C18	tjupan_bacillus_subtilis_main_0b7b75ba67f19880	dbtbs_bsub_core_0b7b75ba67f19880	discovery	11	17	12	17	-46.5	+	TAAGTC	2.037839651107788
EMB_prokbert_C18	tjupan_bacillus_subtilis_main_5787c658c95c4762	tjupan_bacillus_subtilis_main_5787c658c95c4762	discovery	61	67	62	67	3.5	+	CGTTAA	2.0399727821350098
EMB_prokbert_C18	tjupan_bacillus_subtilis_main_7358cf40e4efa482	tjupan_bacillus_subtilis_main_7358cf40e4efa482	discovery	3	9	4	9	-54.5	+	TTCGGT	2.052241802215576
EMB_prokbert_C18	tjupan_bacillus_subtilis_main_9d34f9d9e0ee0e26	dbtbs_bsub_core_9d34f9d9e0ee0e26	discovery	68	74	69	74	10.5	+	CCGTTC	2.058427095413208
EMB_prokbert_C18	tjupan_bacillus_subtilis_main_3ec4c8abee3f7a8e	dbtbs_bsub_core_c18c3f10dff5c627	discovery	48	54	49	54	-9.5	+	ACGTCT	2.070512294769287
EMB_prokbert_C18	tjupan_bacillus_subtilis_main_f04c569125ce3afa	dbtbs_bsub_core_85a34ab094cb765f	discovery	58	64	59	64	0.5	+	AATCCT	2.073176860809326
EMB_prokbert_C18	tjupan_bacillus_subtilis_main_550b125b16dc206e	dbtbs_bsub_core_2ab03862f0e9dd2f	discovery	12	18	13	18	-45.5	+	AGACGT	2.074580669403076
EMB_prokbert_C18	tjupan_bacillus_subtilis_main_fb689c0625deec2e	dbtbs_bsub_core_bf9535fab79dbf8f	discovery	23	29	24	29	-34.5	+	TCGATG	2.08431077003479
EMB_prokbert_C18	tjupan_bacillus_subtilis_main_f5b082fd616807b3	dbtbs_bsub_core_4e960695d4b362e6	discovery	48	54	49	54	-9.5	+	ATCGTA	2.086293935775757
EMB_prokbert_C18	tjupan_bacillus_subtilis_main_10eda96ea4199e8c	dbtbs_bsub_core_10eda96ea4199e8c	discovery	19	25	20	25	-38.5	+	TAACGA	2.0906713008880615
EMB_prokbert_C18	tjupan_bacillus_subtilis_main_0a71b8cbf4011c3b	dbtbs_bsub_core_dc5af08cd1bffe94	discovery	41	47	42	47	-16.5	+	TAACGG	2.0929064750671387
EMB_prokbert_C18	tjupan_bacillus_subtilis_main_0710c2f2267154d3	dbtbs_bsub_core_0710c2f2267154d3	discovery	10	16	11	16	-47.5	+	TAGGTC	2.0932211875915527
EMB_prokbert_C18	tjupan_bacillus_subtilis_main_9d5c52bb0fa0ffad	dbtbs_bsub_core_9d5c52bb0fa0ffad	discovery	5	11	6	11	-52.5	+	ACGAAT	2.1049914360046387
EMB_prokbert_C18	tjupan_bacillus_subtilis_main_bf15c71cd5f4b9e0	dbtbs_bsub_core_79aa8a5c0f3b9558	discovery	45	51	46	51	-12.5	+	ACCGAT	2.105393171310425
EMB_prokbert_C18	tjupan_bacillus_subtilis_main_32475822eb2ec4c0	tjupan_bacillus_subtilis_main_32475822eb2ec4c0	discovery	72	78	73	78	14.5	+	GATTCG	2.124685049057007
EMB_prokbert_C18	tjupan_bacillus_subtilis_main_eaa75817f87b3088	dbtbs_bsub_core_71c43b52121900cc	discovery	56	62	57	62	-1.5	+	TTTCGA	2.131135940551758
EMB_prokbert_C18	tjupan_bacillus_subtilis_main_3ab27dce0b1876ca	dbtbs_bsub_core_d52b0eed3ebbab2d	discovery	67	73	68	73	9.5	+	AAATCG	2.1355011463165283
EMB_prokbert_C18	tjupan_bacillus_subtilis_main_5564dcefe2988333	tjupan_bacillus_subtilis_main_5564dcefe2988333	discovery	71	77	72	77	13.5	+	GATACG	2.13572096824646
EMB_prokbert_C18	tjupan_bacillus_subtilis_main_917572a2414a52f7	tjupan_bacillus_subtilis_main_917572a2414a52f7	discovery	27	33	28	33	-30.5	+	ATACGG	2.1549901962280273
EMB_prokbert_C18	tjupan_bacillus_subtilis_main_2db0b8f33ca38a29	tjupan_bacillus_subtilis_main_2db0b8f33ca38a29	discovery	22	28	23	28	-35.5	+	TTCGAA	2.172642469406128
EMB_prokbert_C18	tjupan_bacillus_subtilis_main_187a9844a7f0c551	tjupan_bacillus_subtilis_main_187a9844a7f0c551	discovery	1	7	2	7	-56.5	+	ACGTCT	2.1771485805511475
EMB_prokbert_C18	tjupan_bacillus_subtilis_main_f0903ae0ab41d118	dbtbs_bsub_core_16fb2108119b7eaf	discovery	24	30	25	30	-33.5	+	TTGCGT	2.181320905685425
EMB_prokbert_C18	tjupan_bacillus_subtilis_main_b578e9e0d96d144a	dbtbs_bsub_core_b578e9e0d96d144a	discovery	11	17	12	17	-46.5	+	GCGATA	2.1897623538970947
EMB_prokbert_C18	tjupan_bacillus_subtilis_main_b790c6b12a43a7c6	tjupan_bacillus_subtilis_main_b790c6b12a43a7c6	discovery	1	7	2	7	-56.5	+	TTGTCG	2.1964306831359863
EMB_prokbert_C18	tjupan_bacillus_subtilis_main_8fa35d24a76b6d72	tjupan_bacillus_subtilis_main_8fa35d24a76b6d72	discovery	71	77	72	77	13.5	+	TTCGAT	2.20871639251709
EMB_prokbert_C18	tjupan_bacillus_subtilis_main_a723fdca1013c0b5	dbtbs_bsub_core_a723fdca1013c0b5	discovery	2	8	3	8	-55.5	+	GATCGG	2.2119734287261963
EMB_prokbert_C18	tjupan_bacillus_subtilis_main_a92ee416463b3fc1	dbtbs_bsub_core_585820026d8d814d	discovery	36	42	37	42	-21.5	+	AGCGGT	2.223482131958008
EMB_prokbert_C18	tjupan_bacillus_subtilis_main_8560b0f67ab5f5ab	dbtbs_bsub_core_f7a2628d99aff81a	discovery	63	69	64	69	5.5	+	TTGACG	2.2305426597595215
EMB_prokbert_C18	tjupan_bacillus_subtilis_main_f3b59cc74d659ebc	dbtbs_bsub_core_866d6e8af07c9412	discovery	32	38	33	38	-25.5	+	ATCGCA	2.2355270385742188
EMB_prokbert_C18	tjupan_bacillus_subtilis_main_202644f8a02efab9	dbtbs_bsub_core_f4d81ad6a0709a55	discovery	43	49	44	49	-14.5	+	AACGAT	2.252552032470703
EMB_prokbert_C18	tjupan_bacillus_subtilis_main_90a64d4511c49526	dbtbs_bsub_core_90a64d4511c49526	discovery	42	48	43	48	-15.5	+	TCGGAT	2.256664276123047
EMB_prokbert_C18	tjupan_bacillus_subtilis_main_8bf0684d999843b1	dbtbs_bsub_core_8bf0684d999843b1	discovery	2	8	3	8	-55.5	+	GCGTTC	2.2584633827209473
EMB_prokbert_C18	tjupan_bacillus_subtilis_main_c12152f72b444aff	tjupan_bacillus_subtilis_main_c12152f72b444aff	discovery	47	53	48	53	-10.5	+	GACGTA	2.272003173828125
EMB_prokbert_C18	tjupan_bacillus_subtilis_main_972c682163779595	dbtbs_bsub_core_6e525afed4c0ab9e	discovery	11	17	12	17	-46.5	+	ACGCTG	2.298973560333252
EMB_prokbert_C18	tjupan_bacillus_subtilis_main_2bdb32bb685dc1db	tjupan_bacillus_subtilis_main_2bdb32bb685dc1db	discovery	7	13	8	13	-50.5	+	GGTTCG	2.314290761947632
EMB_prokbert_C18	tjupan_bacillus_subtilis_main_fff8e3a328b3cab3	dbtbs_bsub_core_7231d94d9d77331f	discovery	61	67	62	67	3.5	+	TCTACG	2.316535234451294
EMB_prokbert_C18	tjupan_bacillus_subtilis_main_d59578e8446625f3	dbtbs_bsub_core_d59578e8446625f3	discovery	31	37	32	37	-26.5	+	GCCGTC	2.3231050968170166
EMB_prokbert_C18	tjupan_bacillus_subtilis_main_48f68d49bf53ea3b	dbtbs_bsub_core_a63e45c266a8243f	discovery	43	49	44	49	-14.5	+	TCGGAT	2.3268864154815674
EMB_prokbert_C18	tjupan_bacillus_subtilis_main_1b0cfe46f303d3fa	dbtbs_bsub_core_56695775e253190c	discovery	64	70	65	70	6.5	+	GACGTT	2.3317079544067383
EMB_prokbert_C18	tjupan_bacillus_subtilis_main_9c3cc423ec1465b1	dbtbs_bsub_core_9c3cc423ec1465b1	discovery	15	21	16	21	-42.5	+	TTCGAG	2.350594997406006
EMB_prokbert_C18	tjupan_bacillus_subtilis_main_88d6ae8ec11f6e65	tjupan_bacillus_subtilis_main_88d6ae8ec11f6e65	discovery	2	8	3	8	-55.5	+	TCGTAA	2.351855993270874
EMB_prokbert_C18	tjupan_bacillus_subtilis_main_c1bd3e378306e57e	tjupan_bacillus_subtilis_main_c1bd3e378306e57e	discovery	46	52	47	52	-11.5	+	TCCGAT	2.356208324432373
EMB_prokbert_C18	tjupan_bacillus_subtilis_main_d497e040ececfdff	dbtbs_bsub_core_a797439cbe2b0d85	discovery	46	52	47	52	-11.5	+	GCGTAA	2.3596951961517334
EMB_prokbert_C18	tjupan_bacillus_subtilis_main_29dff321a99fa8a2	dbtbs_bsub_core_e964a63647aab2c6	discovery	46	52	47	52	-11.5	+	CCGATA	2.4324920177459717
EMB_prokbert_C18	tjupan_bacillus_subtilis_main_78caf7680ac9ae4c	tjupan_bacillus_subtilis_main_78caf7680ac9ae4c	discovery	20	26	21	26	-37.5	+	GATCGT	2.434274911880493
EMB_prokbert_C18	tjupan_bacillus_subtilis_main_f3e9cc226f1feac3	tjupan_bacillus_subtilis_main_f3e9cc226f1feac3	discovery	38	44	39	44	-19.5	+	GCGTAT	2.435354232788086
EMB_prokbert_C18	tjupan_bacillus_subtilis_main_a9ae08a54b460299	dbtbs_bsub_core_4c306bb2d4b261c8	discovery	3	9	4	9	-54.5	+	AATCGC	2.4436824321746826
EMB_prokbert_C18	tjupan_bacillus_subtilis_main_ec009cfbae4f5210	dbtbs_bsub_core_ec009cfbae4f5210	discovery	8	14	9	14	-49.5	+	AGCGCT	2.487684726715088
EMB_prokbert_C18	tjupan_bacillus_subtilis_main_32548c7fec9dc4f2	dbtbs_bsub_core_32548c7fec9dc4f2	discovery	1	7	2	7	-56.5	+	TTCGAC	2.5703158378601074
EMB_prokbert_C18	tjupan_bacillus_subtilis_main_dccf4ca03cd1642b	dbtbs_bsub_core_dccf4ca03cd1642b	discovery	12	18	13	18	-45.5	+	TATACG	2.6808385848999023
EMB_prokbert_C18	tjupan_bacillus_subtilis_main_fea868950ff1c774	tjupan_bacillus_subtilis_main_fea868950ff1c774	discovery	1	7	2	7	-56.5	+	ACCGAT	2.73032283782959
EMB_prokbert_C18	tjupan_bacillus_subtilis_main_3eb701a469cb4095	tjupan_bacillus_subtilis_main_3eb701a469cb4095	discovery	74	80	75	80	16.5	+	CGATAT	2.814244031906128
EMB_prokbert_C18	tjupan_bacillus_subtilis_main_9c67a769132d62d8	dbtbs_bsub_core_1373e064636d6c9b	discovery	75	81	76	81	17.5	+	ACGATT	2.8359408378601074
EMB_prokbert_C18	tjupan_bacillus_subtilis_main_101463e41079a20e	dbtbs_bsub_core_101463e41079a20e	discovery	75	81	76	81	17.5	+	TCGACA	2.8441078662872314
EMB_prokbert_C18	tjupan_bacillus_subtilis_main_9a6d97baf1c02d30	dbtbs_bsub_core_9a6d97baf1c02d30	discovery	0	6	1	6	-57.5	+	AACGTT	2.8756911754608154
EMB_prokbert_C18	tjupan_bacillus_subtilis_main_66bdec0f6e49230b	dbtbs_bsub_core_66bdec0f6e49230b	discovery	0	6	1	6	-57.5	+	AAACGT	3.0053982734680176
EMB_prokbert_C19	tjupan_bacillus_subtilis_main_02077247d0a8a665	dbtbs_bsub_core_e82d4ff28ccc2c95	discovery	7	13	8	13	-50.5	+	ATAAGA	1.106327772140503
EMB_prokbert_C19	tjupan_bacillus_subtilis_main_d03161002d7a6f34	dbtbs_bsub_core_11066f3e95c7986c	discovery	40	46	41	46	-17.5	+	AAGAAT	1.224602222442627
EMB_prokbert_C19	tjupan_bacillus_subtilis_main_7ac1767347438edd	dbtbs_bsub_core_5c6ce2f66e66fe9e	discovery	48	54	49	54	-9.5	+	AAGATG	1.2862780094146729
EMB_prokbert_C19	tjupan_bacillus_subtilis_main_dc65c8922842b20f	tjupan_bacillus_subtilis_main_dc65c8922842b20f	discovery	49	55	50	55	-8.5	+	GGATGA	1.2937124967575073
EMB_prokbert_C19	tjupan_bacillus_subtilis_main_f09c3556dc31a575	dbtbs_bsub_core_f09c3556dc31a575	discovery	60	66	61	66	2.5	+	ATGAAG	1.3237870931625366
EMB_prokbert_C19	tjupan_bacillus_subtilis_main_7a6037ae36a0870c	tjupan_bacillus_subtilis_main_7a6037ae36a0870c	discovery	63	69	64	69	5.5	+	AGGAAT	1.3357170820236206
EMB_prokbert_C19	tjupan_bacillus_subtilis_main_cd161e304d76229d	dbtbs_bsub_core_6d139485f356aaca	discovery	53	59	54	59	-4.5	+	TAAGAC	1.338102102279663
EMB_prokbert_C19	tjupan_bacillus_subtilis_main_7c1cf5cd36017844	tjupan_bacillus_subtilis_main_7c1cf5cd36017844	discovery	39	45	40	45	-18.5	+	TAAGAT	1.3446022272109985
EMB_prokbert_C19	tjupan_bacillus_subtilis_main_25308dd77914b9d9	dbtbs_bsub_core_1dc2eb4818f9715a	discovery	51	57	52	57	-6.5	+	CAGAAT	1.3450113534927368
EMB_prokbert_C19	tjupan_bacillus_subtilis_main_e9623f8193af34e0	dbtbs_bsub_core_e9623f8193af34e0	discovery	28	34	29	34	-29.5	+	AAGGAT	1.3538753986358643
EMB_prokbert_C19	tjupan_bacillus_subtilis_main_fe2a626ec63a594e	dbtbs_bsub_core_abc060d81660f90c	discovery	32	38	33	38	-25.5	+	AAAGAT	1.359146237373352
EMB_prokbert_C19	tjupan_bacillus_subtilis_main_af51a9f7939c4cfb	dbtbs_bsub_core_49fc6b8175a85db6	discovery	40	46	41	46	-17.5	+	ATGAGA	1.3686529397964478
EMB_prokbert_C19	tjupan_bacillus_subtilis_main_96d42d8ccff315ec	tjupan_bacillus_subtilis_main_96d42d8ccff315ec	discovery	50	56	51	56	-7.5	+	AGGATG	1.3722755908966064
EMB_prokbert_C19	tjupan_bacillus_subtilis_main_7cd769ed0580d73e	tjupan_bacillus_subtilis_main_7cd769ed0580d73e	discovery	53	59	54	59	-4.5	+	AGATGA	1.3738290071487427
EMB_prokbert_C19	tjupan_bacillus_subtilis_main_6361ce51efe0f541	dbtbs_bsub_core_b928ebfb52e4cb48	discovery	58	64	59	64	0.5	+	GGAAGA	1.375441312789917
EMB_prokbert_C19	tjupan_bacillus_subtilis_main_9361e0f82edaa017	tjupan_bacillus_subtilis_main_9361e0f82edaa017	discovery	56	62	57	62	-1.5	+	AAGGAT	1.419230341911316
EMB_prokbert_C19	tjupan_bacillus_subtilis_main_a1b8ecb6878276b4	dbtbs_bsub_core_a1b8ecb6878276b4	discovery	66	72	67	72	8.5	+	CAGAAT	1.4238201379776
EMB_prokbert_C19	tjupan_bacillus_subtilis_main_ed12f07c80365cbc	dbtbs_bsub_core_09dd4c8ba7bc09c6	discovery	72	78	73	78	14.5	+	TGGAGA	1.4248874187469482
EMB_prokbert_C19	tjupan_bacillus_subtilis_main_eebec5ad9a06df67	dbtbs_bsub_core_5cddd19c752675c8	discovery	36	42	37	42	-21.5	+	GAAGAT	1.4266612529754639
EMB_prokbert_C19	tjupan_bacillus_subtilis_main_a032a3114b7dbf1c	dbtbs_bsub_core_a032a3114b7dbf1c	discovery	68	74	69	74	10.5	+	ATGAAG	1.4268310070037842
EMB_prokbert_C19	tjupan_bacillus_subtilis_main_05b3d931ff35d8e8	dbtbs_bsub_core_05b3d931ff35d8e8	discovery	32	38	33	38	-25.5	+	AGAAGA	1.4382537603378296
EMB_prokbert_C19	tjupan_bacillus_subtilis_main_fea868950ff1c774	tjupan_bacillus_subtilis_main_fea868950ff1c774	discovery	68	74	69	74	10.5	+	TGAAGA	1.446836233139038
EMB_prokbert_C19	tjupan_bacillus_subtilis_main_efde358c620c36bd	dbtbs_bsub_core_efde358c620c36bd	discovery	63	69	64	69	5.5	+	AAGAAT	1.4488248825073242
EMB_prokbert_C19	tjupan_bacillus_subtilis_main_be36dbaf549189cb	tjupan_bacillus_subtilis_main_be36dbaf549189cb	discovery	54	60	55	60	-3.5	+	ATGAAG	1.4524624347686768
EMB_prokbert_C19	tjupan_bacillus_subtilis_main_3ab27dce0b1876ca	dbtbs_bsub_core_d52b0eed3ebbab2d	discovery	51	57	52	57	-6.5	+	AATGAG	1.460767149925232
EMB_prokbert_C19	tjupan_bacillus_subtilis_main_08d810e756c7d81b	tjupan_bacillus_subtilis_main_08d810e756c7d81b	discovery	63	69	64	69	5.5	+	TAAGAT	1.4609147310256958
EMB_prokbert_C19	tjupan_bacillus_subtilis_main_fde7c2aaac5c57ce	dbtbs_bsub_core_fde7c2aaac5c57ce	discovery	54	60	55	60	-3.5	+	TAGTGA	1.4625064134597778
EMB_prokbert_C19	tjupan_bacillus_subtilis_main_0a71b8cbf4011c3b	dbtbs_bsub_core_dc5af08cd1bffe94	discovery	46	52	47	52	-11.5	+	GAGAAT	1.4675976037979126
EMB_prokbert_C19	tjupan_bacillus_subtilis_main_6390012fbb39ca22	tjupan_bacillus_subtilis_main_6390012fbb39ca22	discovery	18	24	19	24	-39.5	+	AGATAA	1.4688653945922852
EMB_prokbert_C19	tjupan_bacillus_subtilis_main_b578e9e0d96d144a	dbtbs_bsub_core_b578e9e0d96d144a	discovery	40	46	41	46	-17.5	+	AGATGA	1.4690470695495605
EMB_prokbert_C19	tjupan_bacillus_subtilis_main_9c3cc423ec1465b1	dbtbs_bsub_core_9c3cc423ec1465b1	discovery	70	76	71	76	12.5	+	AAAGAT	1.4713668823242188
EMB_prokbert_C19	tjupan_bacillus_subtilis_main_8f7d87652de79d90	dbtbs_bsub_core_8f7d87652de79d90	discovery	10	16	11	16	-47.5	+	AGAATA	1.478698492050171
EMB_prokbert_C19	tjupan_bacillus_subtilis_main_342a4291e30f5e80	dbtbs_bsub_core_342a4291e30f5e80	discovery	33	39	34	39	-24.5	+	AGGAAT	1.4848358631134033
EMB_prokbert_C19	tjupan_bacillus_subtilis_main_48f68d49bf53ea3b	dbtbs_bsub_core_a63e45c266a8243f	discovery	60	66	61	66	2.5	+	TGATAA	1.488935947418213
EMB_prokbert_C19	tjupan_bacillus_subtilis_main_bd4e9486aa695c78	tjupan_bacillus_subtilis_main_bd4e9486aa695c78	discovery	51	57	52	57	-6.5	+	TGAAGC	1.4985662698745728
EMB_prokbert_C19	tjupan_bacillus_subtilis_main_4181c9b10d028c59	dbtbs_bsub_core_f859289dc167ed3a	discovery	20	26	21	26	-37.5	+	AGTGAT	1.500006079673767
EMB_prokbert_C19	tjupan_bacillus_subtilis_main_41b76e09c674d652	dbtbs_bsub_core_41b76e09c674d652	discovery	18	24	19	24	-39.5	+	TAAGAA	1.500234842300415
EMB_prokbert_C19	tjupan_bacillus_subtilis_main_8bde36b216b3390f	dbtbs_bsub_core_8bde36b216b3390f	discovery	12	18	13	18	-45.5	+	ATCAGA	1.501373052597046
EMB_prokbert_C19	tjupan_bacillus_subtilis_main_7d976c34bed90c97	tjupan_bacillus_subtilis_main_7d976c34bed90c97	discovery	63	69	64	69	5.5	+	GATCAA	1.5070159435272217
EMB_prokbert_C19	tjupan_bacillus_subtilis_main_c204793b69b45448	dbtbs_bsub_core_c204793b69b45448	discovery	69	75	70	75	11.5	+	CTGAGA	1.5089573860168457
EMB_prokbert_C19	tjupan_bacillus_subtilis_main_e2b483c6aef274e0	dbtbs_bsub_core_175bcd2ea2263ee4	discovery	62	68	63	68	4.5	+	TTGAGG	1.5125486850738525
EMB_prokbert_C19	tjupan_bacillus_subtilis_main_b7cebcbae1ca8171	dbtbs_bsub_core_342a4291e30f5e80	discovery	25	31	26	31	-32.5	+	AGGAAT	1.5152796506881714
EMB_prokbert_C19	tjupan_bacillus_subtilis_main_59b38cd2f2ea112d	dbtbs_bsub_core_59b38cd2f2ea112d	discovery	18	24	19	24	-39.5	+	AAGATG	1.5256985425949097
EMB_prokbert_C19	tjupan_bacillus_subtilis_main_213d453c1e49e371	tjupan_bacillus_subtilis_main_213d453c1e49e371	discovery	35	41	36	41	-22.5	+	GAAGAG	1.5257551670074463
EMB_prokbert_C19	tjupan_bacillus_subtilis_main_8797dcd405b13c8e	tjupan_bacillus_subtilis_main_8797dcd405b13c8e	discovery	13	19	14	19	-44.5	+	GATTGA	1.5276309251785278
EMB_prokbert_C19	tjupan_bacillus_subtilis_main_1db11a6d86ff5865	tjupan_bacillus_subtilis_main_1db11a6d86ff5865	discovery	11	17	12	17	-46.5	+	GAAGAG	1.527777075767517
EMB_prokbert_C19	tjupan_bacillus_subtilis_main_8f9b814f5e8b18ae	dbtbs_bsub_core_8f9b814f5e8b18ae	discovery	47	53	48	53	-10.5	+	GAATAG	1.5296602249145508
EMB_prokbert_C19	tjupan_bacillus_subtilis_main_ced72b826f4a910f	dbtbs_bsub_core_d1a4fbb8ec4bd212	discovery	36	42	37	42	-21.5	+	ATCAGA	1.5313622951507568
EMB_prokbert_C19	tjupan_bacillus_subtilis_main_69a39ef163dd4726	tjupan_bacillus_subtilis_main_69a39ef163dd4726	discovery	19	25	20	25	-38.5	+	AATAGA	1.5333671569824219
EMB_prokbert_C19	tjupan_bacillus_subtilis_main_85511e0264f2e3b8	dbtbs_bsub_core_35445cef3104bf74	discovery	56	62	57	62	-1.5	+	TGAGAG	1.5363359451293945
EMB_prokbert_C19	tjupan_bacillus_subtilis_main_f6994e5b6245c7bf	tjupan_bacillus_subtilis_main_f6994e5b6245c7bf	discovery	70	76	71	76	12.5	+	AAGATG	1.54066002368927
EMB_prokbert_C19	tjupan_bacillus_subtilis_main_ff3d11f785ddd890	dbtbs_bsub_core_ff3d11f785ddd890	discovery	54	60	55	60	-3.5	+	GAGAAT	1.5493172407150269
EMB_prokbert_C19	tjupan_bacillus_subtilis_main_b0d8a2369952b821	dbtbs_bsub_core_3f773ca1224c0e26	discovery	72	78	73	78	14.5	+	TGAAGA	1.5500293970108032
EMB_prokbert_C19	tjupan_bacillus_subtilis_main_834e21e1951468f3	tjupan_bacillus_subtilis_main_834e21e1951468f3	discovery	22	28	23	28	-35.5	+	TGAAGT	1.5510369539260864
EMB_prokbert_C19	tjupan_bacillus_subtilis_main_dea64c0f5a12bfa1	dbtbs_bsub_core_a18a06666ab8afa6	discovery	17	23	18	23	-40.5	+	TAAGAT	1.554283857345581
EMB_prokbert_C19	tjupan_bacillus_subtilis_main_0e56c5fe6c5d0db0	dbtbs_bsub_core_cfddcd51a76889fd	discovery	68	74	69	74	10.5	+	GAGTGA	1.5632381439208984
EMB_prokbert_C19	tjupan_bacillus_subtilis_main_f45d38a5e15ccc93	dbtbs_bsub_core_5dbc73ad42aeab56	discovery	53	59	54	59	-4.5	+	TAGAAA	1.566165566444397
EMB_prokbert_C19	tjupan_bacillus_subtilis_main_43596a46e3e4ddaa	tjupan_bacillus_subtilis_main_43596a46e3e4ddaa	discovery	49	55	50	55	-8.5	+	TATGAG	1.5752606391906738
EMB_prokbert_C19	tjupan_bacillus_subtilis_main_70da326395794983	tjupan_bacillus_subtilis_main_70da326395794983	discovery	16	22	17	22	-41.5	+	ATAGAT	1.575685739517212
EMB_prokbert_C19	tjupan_bacillus_subtilis_main_e47a55cd702f35e7	dbtbs_bsub_core_175bcd2ea2263ee4	discovery	58	64	59	64	0.5	+	TTGAGG	1.578241229057312
EMB_prokbert_C19	tjupan_bacillus_subtilis_main_f5fed123a3ffd242	dbtbs_bsub_core_f5fed123a3ffd242	discovery	10	16	11	16	-47.5	+	ATGAGC	1.5806267261505127
EMB_prokbert_C19	tjupan_bacillus_subtilis_main_2db0b8f33ca38a29	tjupan_bacillus_subtilis_main_2db0b8f33ca38a29	discovery	58	64	59	64	0.5	+	GAAAGG	1.586833119392395
EMB_prokbert_C19	tjupan_bacillus_subtilis_main_8e9af30cd29c08ec	dbtbs_bsub_core_ab5345ed831420ec	discovery	45	51	46	51	-12.5	+	GATAGA	1.5906040668487549
EMB_prokbert_C19	tjupan_bacillus_subtilis_main_67a8fe9203485bd0	dbtbs_bsub_core_67a8fe9203485bd0	discovery	48	54	49	54	-9.5	+	CAGAAT	1.593438982963562
EMB_prokbert_C19	tjupan_bacillus_subtilis_main_5b5f9b9ad371b1b0	tjupan_bacillus_subtilis_main_5b5f9b9ad371b1b0	discovery	62	68	63	68	4.5	+	TGAGAA	1.5993622541427612
EMB_prokbert_C19	tjupan_bacillus_subtilis_main_d59578e8446625f3	dbtbs_bsub_core_d59578e8446625f3	discovery	25	31	26	31	-32.5	+	ATGAGA	1.6010546684265137
EMB_prokbert_C19	tjupan_bacillus_subtilis_main_77dc78ed29025116	dbtbs_bsub_core_77dc78ed29025116	discovery	62	68	63	68	4.5	+	ACAGAT	1.6096115112304688
EMB_prokbert_C19	tjupan_bacillus_subtilis_main_c7c68e6fe4d84a02	tjupan_bacillus_subtilis_main_c7c68e6fe4d84a02	discovery	66	72	67	72	8.5	+	ATGAGA	1.6098864078521729
EMB_prokbert_C19	tjupan_bacillus_subtilis_main_7541f607431b8a27	dbtbs_bsub_core_1f38e2f4287dbc6d	discovery	32	38	33	38	-25.5	+	GAATAG	1.611175298690796
EMB_prokbert_C19	tjupan_bacillus_subtilis_main_ff1b0f332755e37b	dbtbs_bsub_core_710c0cbad80c03b6	discovery	57	63	58	63	-0.5	+	ACAGAG	1.6122456789016724
EMB_prokbert_C19	tjupan_bacillus_subtilis_main_b790c6b12a43a7c6	tjupan_bacillus_subtilis_main_b790c6b12a43a7c6	discovery	67	73	68	73	9.5	+	CAGAAA	1.6150052547454834
EMB_prokbert_C19	tjupan_bacillus_subtilis_main_036f4e66b4e66745	dbtbs_bsub_core_7b26bab7de636614	discovery	5	11	6	11	-52.5	+	AGGAAT	1.6214829683303833
EMB_prokbert_C19	tjupan_bacillus_subtilis_main_eb11019c71a3a745	tjupan_bacillus_subtilis_main_eb11019c71a3a745	discovery	24	30	25	30	-33.5	+	CAGAAT	1.6226648092269897
EMB_prokbert_C19	tjupan_bacillus_subtilis_main_c648ac4df22b0f89	dbtbs_bsub_core_c648ac4df22b0f89	discovery	56	62	57	62	-1.5	+	GATAGA	1.6230758428573608
EMB_prokbert_C19	tjupan_bacillus_subtilis_main_ade14dd3fdacb032	dbtbs_bsub_core_12585b08a658046e	discovery	48	54	49	54	-9.5	+	AGATAA	1.6255213022232056
EMB_prokbert_C19	tjupan_bacillus_subtilis_main_ca7144caa797f7bc	dbtbs_bsub_core_ca7144caa797f7bc	discovery	63	69	64	69	5.5	+	ATGAGG	1.6278241872787476
EMB_prokbert_C19	tjupan_bacillus_subtilis_main_edadeeaf4ff7a848	tjupan_bacillus_subtilis_main_edadeeaf4ff7a848	discovery	64	70	65	70	6.5	+	ATTGAA	1.6352938413619995
EMB_prokbert_C19	tjupan_bacillus_subtilis_main_f05d30123c592277	dbtbs_bsub_core_f05d30123c592277	discovery	20	26	21	26	-37.5	+	ATGAGA	1.635854959487915
EMB_prokbert_C19	tjupan_bacillus_subtilis_main_9d5c52bb0fa0ffad	dbtbs_bsub_core_9d5c52bb0fa0ffad	discovery	33	39	34	39	-24.5	+	GATAGA	1.6376959085464478
EMB_prokbert_C19	tjupan_bacillus_subtilis_main_359df7c8e20abe4e	tjupan_bacillus_subtilis_main_359df7c8e20abe4e	discovery	71	77	72	77	13.5	+	TGATAA	1.638569712638855
EMB_prokbert_C19	tjupan_bacillus_subtilis_main_fa23a6db7de139e8	tjupan_bacillus_subtilis_main_fa23a6db7de139e8	discovery	50	56	51	56	-7.5	+	AGATGA	1.640302062034607
EMB_prokbert_C19	tjupan_bacillus_subtilis_main_a723fdca1013c0b5	dbtbs_bsub_core_a723fdca1013c0b5	discovery	56	62	57	62	-1.5	+	AAGAGA	1.6466730833053589
EMB_prokbert_C19	tjupan_bacillus_subtilis_main_9daaa0d103ffad86	dbtbs_bsub_core_9daaa0d103ffad86	discovery	65	71	66	71	7.5	+	AATAGA	1.6478512287139893
EMB_prokbert_C19	tjupan_bacillus_subtilis_main_f58412ec32c641aa	dbtbs_bsub_core_bba92a46eba6f8e0	discovery	46	52	47	52	-11.5	+	ATTAGA	1.6490366458892822
EMB_prokbert_C19	tjupan_bacillus_subtilis_main_666dd7e391a36890	dbtbs_bsub_core_666dd7e391a36890	discovery	39	45	40	45	-18.5	+	AAAGAT	1.6664568185806274
EMB_prokbert_C19	tjupan_bacillus_subtilis_main_da7f3c0608c35165	dbtbs_bsub_core_da7f3c0608c35165	discovery	25	31	26	31	-32.5	+	AAGATG	1.6679643392562866
EMB_prokbert_C19	tjupan_bacillus_subtilis_main_ef6dc517178d6adf	dbtbs_bsub_core_ef6dc517178d6adf	discovery	68	74	69	74	10.5	+	ATGAGA	1.6742342710494995
EMB_prokbert_C19	tjupan_bacillus_subtilis_main_2b2db3c55e03b737	dbtbs_bsub_core_9d26dfa3049d6f00	discovery	12	18	13	18	-45.5	+	GAAGAT	1.676210880279541
EMB_prokbert_C19	tjupan_bacillus_subtilis_main_13f36fd95a25452a	tjupan_bacillus_subtilis_main_13f36fd95a25452a	discovery	57	63	58	63	-0.5	+	AAGATT	1.677349328994751
EMB_prokbert_C19	tjupan_bacillus_subtilis_main_3741d9dc6611d95f	tjupan_bacillus_subtilis_main_3741d9dc6611d95f	discovery	26	32	27	32	-31.5	+	TGAGAA	1.678828477859497
EMB_prokbert_C19	tjupan_bacillus_subtilis_main_a43a1f032db2e49e	dbtbs_bsub_core_872c1380ac7bb81f	discovery	59	65	60	65	1.5	+	TAGGAG	1.6798210144042969
EMB_prokbert_C19	tjupan_bacillus_subtilis_main_ea59d0ddaaaaf005	dbtbs_bsub_core_ff8c346476498240	discovery	70	76	71	76	12.5	+	AGACAA	1.6872950792312622
EMB_prokbert_C19	tjupan_bacillus_subtilis_main_bfe4e797767b8990	tjupan_bacillus_subtilis_main_bfe4e797767b8990	discovery	65	71	66	71	7.5	+	GGATAG	1.691747784614563
EMB_prokbert_C19	tjupan_bacillus_subtilis_main_3eab38fdf3061b6a	tjupan_bacillus_subtilis_main_3eab38fdf3061b6a	discovery	16	22	17	22	-41.5	+	TGGAGA	1.6939969062805176
EMB_prokbert_C19	tjupan_bacillus_subtilis_main_1f2ca280ccaab774	tjupan_bacillus_subtilis_main_1f2ca280ccaab774	discovery	58	64	59	64	0.5	+	GAAGAC	1.6955459117889404
EMB_prokbert_C19	tjupan_bacillus_subtilis_main_49e8e3a6681b011d	dbtbs_bsub_core_e14a6f906af1fa54	discovery	64	70	65	70	6.5	+	TTGAGA	1.7007627487182617
EMB_prokbert_C19	tjupan_bacillus_subtilis_main_de399adaaafe5be7	dbtbs_bsub_core_f1028676a1f89b0e	discovery	5	11	6	11	-52.5	+	GAGAAT	1.7052607536315918
EMB_prokbert_C19	tjupan_bacillus_subtilis_main_14a46634ed7dcff0	tjupan_bacillus_subtilis_main_14a46634ed7dcff0	discovery	48	54	49	54	-9.5	+	CAGAAT	1.7074826955795288
EMB_prokbert_C19	tjupan_bacillus_subtilis_main_1478640e036e0224	dbtbs_bsub_core_1478640e036e0224	discovery	21	27	22	27	-36.5	+	GTGAAG	1.7104676961898804
EMB_prokbert_C19	tjupan_bacillus_subtilis_main_66bdec0f6e49230b	dbtbs_bsub_core_66bdec0f6e49230b	discovery	53	59	54	59	-4.5	+	TGAAGT	1.712813138961792
EMB_prokbert_C19	tjupan_bacillus_subtilis_main_550b125b16dc206e	dbtbs_bsub_core_2ab03862f0e9dd2f	discovery	56	62	57	62	-1.5	+	AAGGAC	1.715950608253479
EMB_prokbert_C19	tjupan_bacillus_subtilis_main_e1ad11de708bb9dd	dbtbs_bsub_core_0ce0cc9e187b5d37	discovery	40	46	41	46	-17.5	+	TAGAAT	1.718525767326355
EMB_prokbert_C19	tjupan_bacillus_subtilis_main_917572a2414a52f7	tjupan_bacillus_subtilis_main_917572a2414a52f7	discovery	65	71	66	71	7.5	+	AGTGAT	1.7203114032745361
EMB_prokbert_C19	tjupan_bacillus_subtilis_main_fc6071b9027316a7	tjupan_bacillus_subtilis_main_fc6071b9027316a7	discovery	16	22	17	22	-41.5	+	GAGAAT	1.7210379838943481
EMB_prokbert_C19	tjupan_bacillus_subtilis_main_66846fa14c29dbc1	dbtbs_bsub_core_89ab3601fa8ac055	discovery	44	50	45	50	-13.5	+	AGATGA	1.726255178451538
EMB_prokbert_C19	tjupan_bacillus_subtilis_main_26786ec6f94b1750	dbtbs_bsub_core_26786ec6f94b1750	discovery	21	27	22	27	-36.5	+	GAGATT	1.730656623840332
EMB_prokbert_C19	tjupan_bacillus_subtilis_main_6fc8019646ae0ec6	dbtbs_bsub_core_0346364171f10446	discovery	61	67	62	67	3.5	+	GAGGAT	1.7366037368774414
EMB_prokbert_C19	tjupan_bacillus_subtilis_main_e4dda028e03de313	dbtbs_bsub_core_e4dda028e03de313	discovery	22	28	23	28	-35.5	+	GGATTG	1.745176911354065
EMB_prokbert_C19	tjupan_bacillus_subtilis_main_8b925a3983e97ebd	dbtbs_bsub_core_0346364171f10446	discovery	65	71	66	71	7.5	+	GAGGAT	1.7480932474136353
EMB_prokbert_C19	tjupan_bacillus_subtilis_main_9990510225814384	tjupan_bacillus_subtilis_main_9990510225814384	discovery	47	53	48	53	-10.5	+	TAGAAT	1.7499620914459229
EMB_prokbert_C19	tjupan_bacillus_subtilis_main_2b799cc13a596bcd	tjupan_bacillus_subtilis_main_2b799cc13a596bcd	discovery	61	67	62	67	3.5	+	GGAATT	1.7536275386810303
EMB_prokbert_C19	tjupan_bacillus_subtilis_main_bba2e45eb636482b	dbtbs_bsub_core_bba2e45eb636482b	discovery	61	67	62	67	3.5	+	AGGTGA	1.7552889585494995
EMB_prokbert_C19	tjupan_bacillus_subtilis_main_cb2c7c4f94201384	tjupan_bacillus_subtilis_main_cb2c7c4f94201384	discovery	70	76	71	76	12.5	+	CGAGAT	1.7572474479675293
EMB_prokbert_C19	tjupan_bacillus_subtilis_main_47a0d4425a7cca49	tjupan_bacillus_subtilis_main_47a0d4425a7cca49	discovery	27	33	28	33	-30.5	+	AAGGAT	1.7594867944717407
EMB_prokbert_C19	tjupan_bacillus_subtilis_main_2a051d7d075d7920	tjupan_bacillus_subtilis_main_2a051d7d075d7920	discovery	29	35	30	35	-28.5	+	GTTGAC	1.7611671686172485
EMB_prokbert_C19	tjupan_bacillus_subtilis_main_60ee42342c88d235	tjupan_bacillus_subtilis_main_60ee42342c88d235	discovery	37	43	38	43	-20.5	+	AGGAAC	1.7613166570663452
EMB_prokbert_C19	tjupan_bacillus_subtilis_main_13f211949a22c74a	dbtbs_bsub_core_bdbae944a25ddfff	discovery	70	76	71	76	12.5	+	AAAGGA	1.762143611907959
EMB_prokbert_C19	tjupan_bacillus_subtilis_main_89a40bf9e0650967	dbtbs_bsub_core_89a40bf9e0650967	discovery	30	36	31	36	-27.5	+	GAGAAT	1.7732157707214355
EMB_prokbert_C19	tjupan_bacillus_subtilis_main_9e087715e3522ed4	dbtbs_bsub_core_b3df5d74f56f0610	discovery	73	79	74	79	15.5	+	GATGGA	1.7752008438110352
EMB_prokbert_C19	tjupan_bacillus_subtilis_main_ef37e7c4f77cfd3f	tjupan_bacillus_subtilis_main_ef37e7c4f77cfd3f	discovery	48	54	49	54	-9.5	+	GAGAAT	1.7803202867507935
EMB_prokbert_C19	tjupan_bacillus_subtilis_main_0acb3976b9331524	tjupan_bacillus_subtilis_main_0acb3976b9331524	discovery	20	26	21	26	-37.5	+	GGATTG	1.781275749206543
EMB_prokbert_C19	tjupan_bacillus_subtilis_main_25766be7ede5bd12	tjupan_bacillus_subtilis_main_25766be7ede5bd12	discovery	11	17	12	17	-46.5	+	GCTGAA	1.7836670875549316
EMB_prokbert_C19	tjupan_bacillus_subtilis_main_dc21315df009d1aa	dbtbs_bsub_core_4631e0ee0e2e12e5	discovery	53	59	54	59	-4.5	+	TGAATG	1.7859315872192383
EMB_prokbert_C19	tjupan_bacillus_subtilis_main_a7a45131c45395c8	dbtbs_bsub_core_a7a45131c45395c8	discovery	6	12	7	12	-51.5	+	AAGACT	1.7869513034820557
EMB_prokbert_C19	tjupan_bacillus_subtilis_main_93b5da0b5f842573	dbtbs_bsub_core_93b5da0b5f842573	discovery	65	71	66	71	7.5	+	GAGTGA	1.7870092391967773
EMB_prokbert_C19	tjupan_bacillus_subtilis_main_6514a11d381455ae	tjupan_bacillus_subtilis_main_6514a11d381455ae	discovery	64	70	65	70	6.5	+	AGGTGA	1.7885663509368896
EMB_prokbert_C19	tjupan_bacillus_subtilis_main_3c72a88384ee6013	tjupan_bacillus_subtilis_main_3c72a88384ee6013	discovery	38	44	39	44	-19.5	+	AGAGAC	1.7890219688415527
EMB_prokbert_C19	tjupan_bacillus_subtilis_main_d33162cb12a5a549	tjupan_bacillus_subtilis_main_d33162cb12a5a549	discovery	54	60	55	60	-3.5	+	TAGATC	1.7895406484603882
EMB_prokbert_C19	tjupan_bacillus_subtilis_main_61e92334116d4289	dbtbs_bsub_core_946ad3835c6af00d	discovery	71	77	72	77	13.5	+	AGGATG	1.7932127714157104
EMB_prokbert_C19	tjupan_bacillus_subtilis_main_cf3def291394eeb9	tjupan_bacillus_subtilis_main_cf3def291394eeb9	discovery	11	17	12	17	-46.5	+	AGGATG	1.7935762405395508
EMB_prokbert_C19	tjupan_bacillus_subtilis_main_3adf706b5413c6ce	tjupan_bacillus_subtilis_main_3adf706b5413c6ce	discovery	70	76	71	76	12.5	+	GATAAG	1.8007327318191528
EMB_prokbert_C19	tjupan_bacillus_subtilis_main_c22e62909e814f30	dbtbs_bsub_core_e2251470d219464a	discovery	43	49	44	49	-14.5	+	GCAGAT	1.805234432220459
EMB_prokbert_C19	tjupan_bacillus_subtilis_main_b592a137eb4c34ff	dbtbs_bsub_core_21353889dec56b85	discovery	48	54	49	54	-9.5	+	TGAGAT	1.8063549995422363
EMB_prokbert_C19	tjupan_bacillus_subtilis_main_9571d32ab22eb9a0	dbtbs_bsub_core_9571d32ab22eb9a0	discovery	6	12	7	12	-51.5	+	AAGAAT	1.8066052198410034
EMB_prokbert_C19	tjupan_bacillus_subtilis_main_e2f816d3420810f5	dbtbs_bsub_core_8f473f826c608a81	discovery	70	76	71	76	12.5	+	GAAATC	1.8234244585037231
EMB_prokbert_C19	tjupan_bacillus_subtilis_main_e4ca0c490585b644	tjupan_bacillus_subtilis_main_e4ca0c490585b644	discovery	56	62	57	62	-1.5	+	TCGAAG	1.8240307569503784
EMB_prokbert_C19	tjupan_bacillus_subtilis_main_78caf7680ac9ae4c	tjupan_bacillus_subtilis_main_78caf7680ac9ae4c	discovery	60	66	61	66	2.5	+	AGGAGA	1.8260141611099243
EMB_prokbert_C19	tjupan_bacillus_subtilis_main_a2cd64f7b02e9630	tjupan_bacillus_subtilis_main_a2cd64f7b02e9630	discovery	2	8	3	8	-55.5	+	AGAATA	1.8323041200637817
EMB_prokbert_C19	tjupan_bacillus_subtilis_main_c229c4b94f6591ae	tjupan_bacillus_subtilis_main_c229c4b94f6591ae	discovery	34	40	35	40	-23.5	+	ATCAGA	1.8375321626663208
EMB_prokbert_C19	tjupan_bacillus_subtilis_main_d9679a25a18d6da1	tjupan_bacillus_subtilis_main_c9bc5ed233eba13a	discovery	67	73	68	73	9.5	+	GAGCTG	1.8420134782791138
EMB_prokbert_C19	tjupan_bacillus_subtilis_main_3e1210c1f898bc48	dbtbs_bsub_core_42eaa371353368b2	discovery	7	13	8	13	-50.5	+	AGAATC	1.8423330783843994
EMB_prokbert_C19	tjupan_bacillus_subtilis_main_57cb99253c19d2b6	tjupan_bacillus_subtilis_main_57cb99253c19d2b6	discovery	58	64	59	64	0.5	+	ATGAGG	1.8430027961730957
EMB_prokbert_C19	tjupan_bacillus_subtilis_main_a8b2c052c0cdfcff	tjupan_bacillus_subtilis_main_a8b2c052c0cdfcff	discovery	70	76	71	76	12.5	+	CAGAAT	1.8460700511932373
EMB_prokbert_C19	tjupan_bacillus_subtilis_main_e90961ead2da3f7b	tjupan_bacillus_subtilis_main_e90961ead2da3f7b	discovery	52	58	53	58	-5.5	+	AAGATG	1.8462620973587036
EMB_prokbert_C19	tjupan_bacillus_subtilis_main_dc1d0e364ea2d865	tjupan_bacillus_subtilis_main_dc1d0e364ea2d865	discovery	52	58	53	58	-5.5	+	ATGAGA	1.849123239517212
EMB_prokbert_C19	tjupan_bacillus_subtilis_main_c5aa2a2f04401e51	tjupan_bacillus_subtilis_main_c5aa2a2f04401e51	discovery	37	43	38	43	-20.5	+	GACTAA	1.850620985031128
EMB_prokbert_C19	tjupan_bacillus_subtilis_main_61d216a2a24189d0	dbtbs_bsub_core_61d216a2a24189d0	discovery	61	67	62	67	3.5	+	TCAGAT	1.8522015810012817
EMB_prokbert_C19	tjupan_bacillus_subtilis_main_5e3ef261f40425ef	tjupan_bacillus_subtilis_main_5e3ef261f40425ef	discovery	39	45	40	45	-18.5	+	ACTTGA	1.8548702001571655
EMB_prokbert_C19	tjupan_bacillus_subtilis_main_0b565809576a9e0f	dbtbs_bsub_core_0fcadafa827fb8cf	discovery	31	37	32	37	-26.5	+	GATAGA	1.8552391529083252
EMB_prokbert_C19	tjupan_bacillus_subtilis_main_bcbef8350d7925db	tjupan_bacillus_subtilis_main_bcbef8350d7925db	discovery	2	8	3	8	-55.5	+	GAGAAA	1.8574175834655762
EMB_prokbert_C19	tjupan_bacillus_subtilis_main_3be839d09df1dbe1	dbtbs_bsub_core_3be839d09df1dbe1	discovery	16	22	17	22	-41.5	+	AAGATG	1.8588091135025024
EMB_prokbert_C19	tjupan_bacillus_subtilis_main_54fd4c2966482e2c	dbtbs_bsub_core_ba3becfc7c3e4e17	discovery	59	65	60	65	1.5	+	GATAGA	1.8632549047470093
EMB_prokbert_C19	tjupan_bacillus_subtilis_main_2931d3a1a20c25de	dbtbs_bsub_core_60150ba1e82823d4	discovery	13	19	14	19	-44.5	+	CGAAGA	1.8634692430496216
EMB_prokbert_C19	tjupan_bacillus_subtilis_main_3ac22b11e92c0ec1	tjupan_bacillus_subtilis_main_3ac22b11e92c0ec1	discovery	62	68	63	68	4.5	+	CGAAGA	1.8651386499404907
EMB_prokbert_C19	tjupan_bacillus_subtilis_main_e4e4a1be67374f28	dbtbs_bsub_core_e4e4a1be67374f28	discovery	7	13	8	13	-50.5	+	TTGGAG	1.867431640625
EMB_prokbert_C19	tjupan_bacillus_subtilis_main_ca7deec2e4330ae4	tjupan_bacillus_subtilis_main_ca7deec2e4330ae4	discovery	36	42	37	42	-21.5	+	AAGATC	1.8689616918563843
EMB_prokbert_C19	tjupan_bacillus_subtilis_main_6c11169e185f76df	dbtbs_bsub_core_6c11169e185f76df	discovery	61	67	62	67	3.5	+	GAAGAT	1.8696725368499756
EMB_prokbert_C19	tjupan_bacillus_subtilis_main_1c375491ec2245f4	tjupan_bacillus_subtilis_main_1c375491ec2245f4	discovery	70	76	71	76	12.5	+	GAGAAA	1.8758690357208252
EMB_prokbert_C19	tjupan_bacillus_subtilis_main_7bd42a66d387ec94	dbtbs_bsub_core_5cf240f92a00f0e3	discovery	56	62	57	62	-1.5	+	GATGAA	1.8792623281478882
EMB_prokbert_C19	tjupan_bacillus_subtilis_main_8bf0684d999843b1	dbtbs_bsub_core_8bf0684d999843b1	discovery	67	73	68	73	9.5	+	GGTGAA	1.8895710706710815
EMB_prokbert_C19	tjupan_bacillus_subtilis_main_6f408d5e786e413f	dbtbs_bsub_core_6f408d5e786e413f	discovery	68	74	69	74	10.5	+	CGAAGG	1.893678069114685
EMB_prokbert_C19	tjupan_bacillus_subtilis_main_a26ee3e07cf1eedf	dbtbs_bsub_core_a26ee3e07cf1eedf	discovery	75	81	76	81	17.5	+	GAAGAT	1.89629328250885
EMB_prokbert_C19	tjupan_bacillus_subtilis_main_c3431646de80d63f	tjupan_bacillus_subtilis_main_c3431646de80d63f	discovery	27	33	28	33	-30.5	+	ATGAAG	1.900669813156128
EMB_prokbert_C19	tjupan_bacillus_subtilis_main_3270409c742f3314	dbtbs_bsub_core_edd6f2ee95c58508	discovery	48	54	49	54	-9.5	+	TAGGAT	1.9052568674087524
EMB_prokbert_C19	tjupan_bacillus_subtilis_main_972c682163779595	dbtbs_bsub_core_6e525afed4c0ab9e	discovery	22	28	23	28	-35.5	+	GAGGAT	1.9063488245010376
EMB_prokbert_C19	tjupan_bacillus_subtilis_main_eaa75817f87b3088	dbtbs_bsub_core_71c43b52121900cc	discovery	28	34	29	34	-29.5	+	GACAGA	1.9068952798843384
EMB_prokbert_C19	tjupan_bacillus_subtilis_main_6406719b10941769	dbtbs_bsub_core_5bcaee6240f23d4b	discovery	36	42	37	42	-21.5	+	GAGAGA	1.9075028896331787
EMB_prokbert_C19	tjupan_bacillus_subtilis_main_e1fd6875b30f4c73	dbtbs_bsub_core_e1fd6875b30f4c73	discovery	63	69	64	69	5.5	+	AGGATG	1.907715082168579
EMB_prokbert_C19	tjupan_bacillus_subtilis_main_b1dfffe50d4e7cba	dbtbs_bsub_core_6990407cd148d57b	discovery	44	50	45	50	-13.5	+	ATGAGT	1.907821536064148
EMB_prokbert_C19	tjupan_bacillus_subtilis_main_2c9e8a462277f7da	dbtbs_bsub_core_f7573fed016c047b	discovery	62	68	63	68	4.5	+	GAAGCA	1.9079599380493164
EMB_prokbert_C19	tjupan_bacillus_subtilis_main_3ab41c1b83ba019b	dbtbs_bsub_core_c956a5fd581ed80a	discovery	17	23	18	23	-40.5	+	ATCAGA	1.9131498336791992
EMB_prokbert_C19	tjupan_bacillus_subtilis_main_91723abad13f63e4	tjupan_bacillus_subtilis_main_91723abad13f63e4	discovery	28	34	29	34	-29.5	+	ACTGAA	1.9190601110458374
EMB_prokbert_C19	tjupan_bacillus_subtilis_main_f3423ecbff5b6537	dbtbs_bsub_core_dc8c32e7cfbca6d1	discovery	75	81	76	81	17.5	+	AGAATT	1.9236644506454468
EMB_prokbert_C19	tjupan_bacillus_subtilis_main_c0aec64934968747	tjupan_bacillus_subtilis_main_c0aec64934968747	discovery	67	73	68	73	9.5	+	GTGATG	1.9243171215057373
EMB_prokbert_C19	tjupan_bacillus_subtilis_main_ec2d75bce4a65abf	dbtbs_bsub_core_e3549a9c12f5ac55	discovery	35	41	36	41	-22.5	+	TGAAGA	1.9244754314422607
EMB_prokbert_C19	tjupan_bacillus_subtilis_main_e0774d83207a7dd7	dbtbs_bsub_core_2b17d905bac0c3bc	discovery	5	11	6	11	-52.5	+	GCAGAT	1.9298014640808105
EMB_prokbert_C19	tjupan_bacillus_subtilis_main_67a9ae83c973a42d	tjupan_bacillus_subtilis_main_67a9ae83c973a42d	discovery	61	67	62	67	3.5	+	AGACAT	1.937147617340088
EMB_prokbert_C19	tjupan_bacillus_subtilis_main_61c707ac72aeda97	tjupan_bacillus_subtilis_main_61c707ac72aeda97	discovery	41	47	42	47	-16.5	+	TAGAAG	1.9374339580535889
EMB_prokbert_C19	tjupan_bacillus_subtilis_main_857deea4069ff6ab	tjupan_bacillus_subtilis_main_857deea4069ff6ab	discovery	20	26	21	26	-37.5	+	AGATGT	1.9425017833709717
EMB_prokbert_C19	tjupan_bacillus_subtilis_main_32475822eb2ec4c0	tjupan_bacillus_subtilis_main_32475822eb2ec4c0	discovery	67	73	68	73	9.5	+	GGAATG	1.9445780515670776
EMB_prokbert_C19	tjupan_bacillus_subtilis_main_be897b68bd393df0	dbtbs_bsub_core_be897b68bd393df0	discovery	47	53	48	53	-10.5	+	GGAAAT	1.9475070238113403
EMB_prokbert_C19	tjupan_bacillus_subtilis_main_ff62fa3227cb3ab1	dbtbs_bsub_core_f748f853b4ec2056	discovery	16	22	17	22	-41.5	+	CGGAGA	1.954340934753418
EMB_prokbert_C19	tjupan_bacillus_subtilis_main_1732506bbac23b7c	dbtbs_bsub_core_1732506bbac23b7c	discovery	60	66	61	66	2.5	+	GAAGCA	1.9544802904129028
EMB_prokbert_C19	tjupan_bacillus_subtilis_main_4cf64b5587e1d04e	dbtbs_bsub_core_4cf64b5587e1d04e	discovery	56	62	57	62	-1.5	+	TGAAGA	1.956796646118164
EMB_prokbert_C19	tjupan_bacillus_subtilis_main_e95909bd7e136f46	dbtbs_bsub_core_426aaa712ced5536	discovery	5	11	6	11	-52.5	+	AAAGAT	1.957283854484558
EMB_prokbert_C19	tjupan_bacillus_subtilis_main_2b17d905bac0c3bc	dbtbs_bsub_core_2b17d905bac0c3bc	discovery	5	11	6	11	-52.5	+	CAGATC	1.9599756002426147
EMB_prokbert_C19	tjupan_bacillus_subtilis_main_fb689c0625deec2e	dbtbs_bsub_core_bf9535fab79dbf8f	discovery	5	11	6	11	-52.5	+	AAGATT	1.963855504989624
EMB_prokbert_C19	tjupan_bacillus_subtilis_main_ad5b6a3a851181b1	dbtbs_bsub_core_ad5b6a3a851181b1	discovery	74	80	75	80	16.5	+	TAGGAT	1.9641841650009155
EMB_prokbert_C19	tjupan_bacillus_subtilis_main_ffb5b3082f8ea0cd	tjupan_bacillus_subtilis_main_ffb5b3082f8ea0cd	discovery	10	16	11	16	-47.5	+	TCGAGG	1.9672256708145142
EMB_prokbert_C19	tjupan_bacillus_subtilis_main_a0eee3dddaf07ac3	tjupan_bacillus_subtilis_main_a0eee3dddaf07ac3	discovery	68	74	69	74	10.5	+	GCTGAT	1.967369794845581
EMB_prokbert_C19	tjupan_bacillus_subtilis_main_50224837ca8eceb5	dbtbs_bsub_core_50224837ca8eceb5	discovery	61	67	62	67	3.5	+	AGGTGA	1.967942237854004
EMB_prokbert_C19	tjupan_bacillus_subtilis_main_b59ef89e981b3745	tjupan_bacillus_subtilis_main_b59ef89e981b3745	discovery	58	64	59	64	0.5	+	TAGATT	1.9717527627944946
EMB_prokbert_C19	tjupan_bacillus_subtilis_main_150dcd3daf63d162	dbtbs_bsub_core_150dcd3daf63d162	discovery	6	12	7	12	-51.5	+	GCTGAC	1.9717836380004883
EMB_prokbert_C19	tjupan_bacillus_subtilis_main_2be0a0a038238614	tjupan_bacillus_subtilis_main_2be0a0a038238614	discovery	57	63	58	63	-0.5	+	TTCAGA	1.975333571434021
EMB_prokbert_C19	tjupan_bacillus_subtilis_main_c2a5e00f908ba88c	dbtbs_bsub_core_c2a5e00f908ba88c	discovery	18	24	19	24	-39.5	+	ACGAGA	1.9777218103408813
EMB_prokbert_C19	tjupan_bacillus_subtilis_main_f246415af5cfc524	dbtbs_bsub_core_f246415af5cfc524	discovery	73	79	74	79	15.5	+	GAGAAC	1.9801527261734009
EMB_prokbert_C19	tjupan_bacillus_subtilis_main_06d485c4aaa12e15	dbtbs_bsub_core_06d485c4aaa12e15	discovery	68	74	69	74	10.5	+	CGATAA	1.981246829032898
EMB_prokbert_C19	tjupan_bacillus_subtilis_main_5150105a4bdfd4ce	tjupan_bacillus_subtilis_main_5150105a4bdfd4ce	discovery	54	60	55	60	-3.5	+	TAGAAT	1.9909178018569946
EMB_prokbert_C19	tjupan_bacillus_subtilis_main_9c67a769132d62d8	dbtbs_bsub_core_1373e064636d6c9b	discovery	66	72	67	72	8.5	+	AGCGAA	1.9999369382858276
EMB_prokbert_C19	tjupan_bacillus_subtilis_main_49d5f09ecdaa68d2	dbtbs_bsub_core_2fc6766ca8c365d3	discovery	12	18	13	18	-45.5	+	AGGAAT	2.003814458847046
EMB_prokbert_C19	tjupan_bacillus_subtilis_main_ec009cfbae4f5210	dbtbs_bsub_core_ec009cfbae4f5210	discovery	1	7	2	7	-56.5	+	GGATGA	2.006885290145874
EMB_prokbert_C19	tjupan_bacillus_subtilis_main_7ebbe970ac38b83d	dbtbs_bsub_core_5742761e1938e2d4	discovery	63	69	64	69	5.5	+	AAGGAT	2.007986545562744
EMB_prokbert_C19	tjupan_bacillus_subtilis_main_ba2dc8596ef2486c	dbtbs_bsub_core_ba2dc8596ef2486c	discovery	36	42	37	42	-21.5	+	TTGAAG	2.015254497528076
EMB_prokbert_C19	tjupan_bacillus_subtilis_main_264ccaf63cfb1cfe	tjupan_bacillus_subtilis_main_264ccaf63cfb1cfe	discovery	62	68	63	68	4.5	+	AGAGTG	2.029008388519287
EMB_prokbert_C19	tjupan_bacillus_subtilis_main_ba9efec60bbd4a6b	tjupan_bacillus_subtilis_main_ba9efec60bbd4a6b	discovery	18	24	19	24	-39.5	+	AAGATG	2.0316367149353027
EMB_prokbert_C19	tjupan_bacillus_subtilis_main_8b776572d2e01c62	dbtbs_bsub_core_6736f212a82e3343	discovery	35	41	36	41	-22.5	+	CAGAAT	2.034343957901001
EMB_prokbert_C19	tjupan_bacillus_subtilis_main_92c71ea9f3febc7f	dbtbs_bsub_core_c2ee7abb48038f6f	discovery	2	8	3	8	-55.5	+	TCTGAG	2.038327693939209
EMB_prokbert_C19	tjupan_bacillus_subtilis_main_b7c0b4323e70fc71	dbtbs_bsub_core_b7c0b4323e70fc71	discovery	63	69	64	69	5.5	+	TTCAGA	2.046626091003418
EMB_prokbert_C19	tjupan_bacillus_subtilis_main_0d315ab142d66dcc	dbtbs_bsub_core_76d28d1be3f9f514	discovery	61	67	62	67	3.5	+	GAAATA	2.058638095855713
EMB_prokbert_C19	tjupan_bacillus_subtilis_main_3c97e9436cb369c2	dbtbs_bsub_core_6dc10c0d490555ae	discovery	43	49	44	49	-14.5	+	GGAGAT	2.065821647644043
EMB_prokbert_C19	tjupan_bacillus_subtilis_main_e326833d29b8752f	dbtbs_bsub_core_e326833d29b8752f	discovery	22	28	23	28	-35.5	+	CTGAAT	2.0726168155670166
EMB_prokbert_C19	tjupan_bacillus_subtilis_main_a61c0978ae294759	tjupan_bacillus_subtilis_main_a61c0978ae294759	discovery	5	11	6	11	-52.5	+	AAGATG	2.074744462966919
EMB_prokbert_C19	tjupan_bacillus_subtilis_main_52fe6822c9d74b50	tjupan_bacillus_subtilis_main_52fe6822c9d74b50	discovery	58	64	59	64	0.5	+	AGAGAA	2.074991226196289
EMB_prokbert_C19	tjupan_bacillus_subtilis_main_5a860caea8fc814c	tjupan_bacillus_subtilis_main_5a860caea8fc814c	discovery	71	77	72	77	13.5	+	TCTGAC	2.0752968788146973
EMB_prokbert_C19	tjupan_bacillus_subtilis_main_0fe342e604184137	dbtbs_bsub_core_f039c4e5fee11aa3	discovery	66	72	67	72	8.5	+	TTGACA	2.0832862854003906
EMB_prokbert_C19	tjupan_bacillus_subtilis_main_32548c7fec9dc4f2	dbtbs_bsub_core_32548c7fec9dc4f2	discovery	60	66	61	66	2.5	+	TGAGGA	2.0935733318328857
EMB_prokbert_C19	tjupan_bacillus_subtilis_main_c12152f72b444aff	tjupan_bacillus_subtilis_main_c12152f72b444aff	discovery	44	50	45	50	-13.5	+	AGAGAC	2.097834348678589
EMB_prokbert_C19	tjupan_bacillus_subtilis_main_c9a32e1db5125d7c	dbtbs_bsub_core_c9a32e1db5125d7c	discovery	6	12	7	12	-51.5	+	AGAACG	2.0992867946624756
EMB_prokbert_C19	tjupan_bacillus_subtilis_main_e6accdb752f9724f	dbtbs_bsub_core_41815df9927fe319	discovery	63	69	64	69	5.5	+	GCTGAA	2.1103062629699707
EMB_prokbert_C19	tjupan_bacillus_subtilis_main_272e2f2c83a48fab	dbtbs_bsub_core_272e2f2c83a48fab	discovery	0	6	1	6	-57.5	+	AAGATG	2.113880157470703
EMB_prokbert_C19	tjupan_bacillus_subtilis_main_b11aff47b9c426f3	dbtbs_bsub_core_b11aff47b9c426f3	discovery	58	64	59	64	0.5	+	TTGAAG	2.1154680252075195
EMB_prokbert_C19	tjupan_bacillus_subtilis_main_92b62a9d8d87ace9	dbtbs_bsub_core_92b62a9d8d87ace9	discovery	59	65	60	65	1.5	+	TGATCT	2.1227364540100098
EMB_prokbert_C19	tjupan_bacillus_subtilis_main_5564dcefe2988333	tjupan_bacillus_subtilis_main_5564dcefe2988333	discovery	69	75	70	75	11.5	+	AGGATA	2.137894868850708
EMB_prokbert_C19	tjupan_bacillus_subtilis_main_ade9dc791ab39f6c	dbtbs_bsub_core_ade9dc791ab39f6c	discovery	44	50	45	50	-13.5	+	AGAGTA	2.1561810970306396
EMB_prokbert_C19	tjupan_bacillus_subtilis_main_954287dc5b301340	tjupan_bacillus_subtilis_main_954287dc5b301340	discovery	29	35	30	35	-28.5	+	ATCGAA	2.1601295471191406
EMB_prokbert_C19	tjupan_bacillus_subtilis_main_1a8b81622422b81c	dbtbs_bsub_core_045e4f174337aedd	discovery	5	11	6	11	-52.5	+	AGACAG	2.160993814468384
EMB_prokbert_C19	tjupan_bacillus_subtilis_main_dbd8ff77ae99e6b2	dbtbs_bsub_core_dbd8ff77ae99e6b2	discovery	69	75	70	75	11.5	+	ATCAAG	2.1703929901123047
EMB_prokbert_C19	tjupan_bacillus_subtilis_main_8cdaaf6e0b90f5df	dbtbs_bsub_core_8cdaaf6e0b90f5df	discovery	30	36	31	36	-27.5	+	GACAGA	2.1766669750213623
EMB_prokbert_C19	tjupan_bacillus_subtilis_main_7e538c30b860aa5a	tjupan_bacillus_subtilis_main_7e538c30b860aa5a	discovery	43	49	44	49	-14.5	+	CAGGAA	2.17736554145813
EMB_prokbert_C19	tjupan_bacillus_subtilis_main_56bd9deba3d3b9f9	dbtbs_bsub_core_5dd7cccc54d589c3	discovery	57	63	58	63	-0.5	+	GTTGAA	2.1798136234283447
EMB_prokbert_C19	tjupan_bacillus_subtilis_main_64dfe397c07a4656	dbtbs_bsub_core_99013d44fc3df9d1	discovery	73	79	74	79	15.5	+	GAATAG	2.188082695007324
EMB_prokbert_C19	tjupan_bacillus_subtilis_main_047e296b8721a352	dbtbs_bsub_core_d618c1525725d045	discovery	73	79	74	79	15.5	+	AAGGAT	2.1917834281921387
EMB_prokbert_C19	tjupan_bacillus_subtilis_main_5e30b1d213eba695	tjupan_bacillus_subtilis_main_5e30b1d213eba695	discovery	75	81	76	81	17.5	+	GAGTGA	2.203754425048828
EMB_prokbert_C19	tjupan_bacillus_subtilis_main_09deb32688bf8365	tjupan_bacillus_subtilis_main_09deb32688bf8365	discovery	74	80	75	80	16.5	+	GATTGA	2.2104835510253906
EMB_prokbert_C19	tjupan_bacillus_subtilis_main_8265264627414ceb	tjupan_bacillus_subtilis_main_8265264627414ceb	discovery	63	69	64	69	5.5	+	GTCGAA	2.2175562381744385
EMB_prokbert_C19	tjupan_bacillus_subtilis_main_8a4a22c637647f42	dbtbs_bsub_core_8a4a22c637647f42	discovery	67	73	68	73	9.5	+	GATAAA	2.2208337783813477
EMB_prokbert_C19	tjupan_bacillus_subtilis_main_35bf7199ae44b70c	dbtbs_bsub_core_35bf7199ae44b70c	discovery	69	75	70	75	11.5	+	CCGAGA	2.235851526260376
EMB_prokbert_C19	tjupan_bacillus_subtilis_main_ba49f50d8b0af1c7	dbtbs_bsub_core_8a4a22c637647f42	discovery	58	64	59	64	0.5	+	GTTGAG	2.2390365600585938
EMB_prokbert_C19	tjupan_bacillus_subtilis_main_238ba8da2c883516	dbtbs_bsub_core_238ba8da2c883516	discovery	46	52	47	52	-11.5	+	ATAGAG	2.24190354347229
EMB_prokbert_C19	tjupan_bacillus_subtilis_main_71a2a4c64c087430	tjupan_bacillus_subtilis_main_71a2a4c64c087430	discovery	56	62	57	62	-1.5	+	GAGAAG	2.259614944458008
EMB_prokbert_C19	tjupan_bacillus_subtilis_main_4a76c51266c80a0f	dbtbs_bsub_core_b905bf06b88d4e46	discovery	16	22	17	22	-41.5	+	TTTAGA	2.2607696056365967
EMB_prokbert_C19	tjupan_bacillus_subtilis_main_87b26b7083b048a9	dbtbs_bsub_core_fe60102a69552e4c	discovery	31	37	32	37	-26.5	+	AGAGAT	2.2901668548583984
EMB_prokbert_C19	tjupan_bacillus_subtilis_main_36eed70446e6810b	dbtbs_bsub_core_36eed70446e6810b	discovery	72	78	73	78	14.5	+	CTTGAG	2.3065876960754395
EMB_prokbert_C19	tjupan_bacillus_subtilis_main_618f0dc5c0847866	dbtbs_bsub_core_e2f191a04a63a5f0	discovery	20	26	21	26	-37.5	+	ATGAGA	2.3110270500183105
EMB_prokbert_C19	tjupan_bacillus_subtilis_main_8fa35d24a76b6d72	tjupan_bacillus_subtilis_main_8fa35d24a76b6d72	discovery	68	74	69	74	10.5	+	GGATTC	2.323620319366455
EMB_prokbert_C19	tjupan_bacillus_subtilis_main_d24ab9ea2522f43e	dbtbs_bsub_core_e391b9fe5a0b653f	discovery	71	77	72	77	13.5	+	AGAGAG	2.3544273376464844
EMB_prokbert_C19	tjupan_bacillus_subtilis_main_86c973796d10f50f	dbtbs_bsub_core_86c973796d10f50f	discovery	1	7	2	7	-56.5	+	GGCAGA	2.375502586364746
EMB_prokbert_C19	tjupan_bacillus_subtilis_main_89f3272bd34ff475	tjupan_bacillus_subtilis_main_89f3272bd34ff475	discovery	58	64	59	64	0.5	+	TTGAAG	2.380530834197998
EMB_prokbert_C19	tjupan_bacillus_subtilis_main_737474f253397bee	tjupan_bacillus_subtilis_main_737474f253397bee	discovery	60	66	61	66	2.5	+	AGAGAC	2.382309675216675
EMB_prokbert_C19	tjupan_bacillus_subtilis_main_0b104549c8fd9755	dbtbs_bsub_core_0b104549c8fd9755	discovery	5	11	6	11	-52.5	+	TAGAGG	2.4103469848632812
EMB_prokbert_C19	tjupan_bacillus_subtilis_main_7c03938b389dc368	dbtbs_bsub_core_39e8d21f598046d9	discovery	1	7	2	7	-56.5	+	AGCAGG	2.42169189453125
EMB_prokbert_C19	tjupan_bacillus_subtilis_main_1edc8da3b582b0a5	dbtbs_bsub_core_1edc8da3b582b0a5	discovery	54	60	55	60	-3.5	+	AAAGAT	2.443779706954956
EMB_prokbert_C19	tjupan_bacillus_subtilis_main_f0903ae0ab41d118	dbtbs_bsub_core_16fb2108119b7eaf	discovery	39	45	40	45	-18.5	+	AGGATC	2.499000310897827
EMB_prokbert_C19	tjupan_bacillus_subtilis_main_eb3c3d68906264b7	tjupan_bacillus_subtilis_main_eb3c3d68906264b7	discovery	37	43	38	43	-20.5	+	AGACAG	2.517428159713745
EMB_prokbert_C19	tjupan_bacillus_subtilis_main_4059ca0cce5522a4	tjupan_bacillus_subtilis_main_4059ca0cce5522a4	discovery	39	45	40	45	-18.5	+	GAGATT	2.574657440185547
EMB_prokbert_C19	tjupan_bacillus_subtilis_main_fff8e3a328b3cab3	dbtbs_bsub_core_7231d94d9d77331f	discovery	10	16	11	16	-47.5	+	AGACTT	2.5792980194091797
EMB_prokbert_C19	tjupan_bacillus_subtilis_main_a31f56ff3ee450d4	dbtbs_bsub_core_1c4407f77cf4bab2	discovery	27	33	28	33	-30.5	+	GAGACA	2.584900140762329
EMB_prokbert_C19	tjupan_bacillus_subtilis_main_aded66fe8079e578	tjupan_bacillus_subtilis_main_aded66fe8079e578	discovery	74	80	75	80	16.5	+	GAGAAA	2.6140940189361572
EMB_prokbert_C19	tjupan_bacillus_subtilis_main_c9bc5ed233eba13a	tjupan_bacillus_subtilis_main_c9bc5ed233eba13a	discovery	74	80	75	80	16.5	+	GAGCTG	2.6145694255828857
EMB_prokbert_C19	tjupan_bacillus_subtilis_main_1dc2eb4818f9715a	dbtbs_bsub_core_1dc2eb4818f9715a	discovery	52	58	53	58	-5.5	+	GATGAA	2.618335485458374
EMB_prokbert_C19	tjupan_bacillus_subtilis_main_ae3d0ab77a583f3f	tjupan_bacillus_subtilis_main_ae3d0ab77a583f3f	discovery	61	67	62	67	3.5	+	TTAGAG	2.643502950668335
EMB_prokbert_C19	tjupan_bacillus_subtilis_main_6901d7d50287d8c1	dbtbs_bsub_core_6901d7d50287d8c1	discovery	64	70	65	70	6.5	+	TTGAAC	2.6656875610351562
EMB_prokbert_C19	tjupan_bacillus_subtilis_main_56fbf5e1ebfb46d1	dbtbs_bsub_core_56fbf5e1ebfb46d1	discovery	74	80	75	80	16.5	+	TTGAGA	2.708587169647217
EMB_prokbert_C19	tjupan_bacillus_subtilis_main_fbae385e087109ce	tjupan_bacillus_subtilis_main_fbae385e087109ce	discovery	74	80	75	80	16.5	+	GACGAA	2.70953369140625
EMB_prokbert_C19	tjupan_bacillus_subtilis_main_1259688a411f3c07	tjupan_bacillus_subtilis_main_1259688a411f3c07	discovery	75	81	76	81	17.5	+	AGAGTA	2.7264323234558105
EMB_prokbert_C20	tjupan_bacillus_subtilis_main_ff1b0f332755e37b	dbtbs_bsub_core_710c0cbad80c03b6	discovery	25	31	26	31	-32.5	+	ATACCA	1.1491848230361938
EMB_prokbert_C20	tjupan_bacillus_subtilis_main_a2cd64f7b02e9630	tjupan_bacillus_subtilis_main_a2cd64f7b02e9630	discovery	42	48	43	48	-15.5	+	TACATA	1.1544443368911743
EMB_prokbert_C20	tjupan_bacillus_subtilis_main_52267ea931cb2dd7	dbtbs_bsub_core_b35218f45c0f11c8	discovery	63	69	64	69	5.5	+	ATACAT	1.1573749780654907
EMB_prokbert_C20	tjupan_bacillus_subtilis_main_187a9844a7f0c551	tjupan_bacillus_subtilis_main_187a9844a7f0c551	discovery	64	70	65	70	6.5	+	TACATA	1.1791439056396484
EMB_prokbert_C20	tjupan_bacillus_subtilis_main_e9623f8193af34e0	dbtbs_bsub_core_e9623f8193af34e0	discovery	57	63	58	63	-0.5	+	CATACT	1.186921238899231
EMB_prokbert_C20	tjupan_bacillus_subtilis_main_962b839f321a2605	dbtbs_bsub_core_962b839f321a2605	discovery	49	55	50	55	-8.5	+	ACAATA	1.1876715421676636
EMB_prokbert_C20	tjupan_bacillus_subtilis_main_49d5f09ecdaa68d2	dbtbs_bsub_core_2fc6766ca8c365d3	discovery	66	72	67	72	8.5	+	TATACA	1.1957370042800903
EMB_prokbert_C20	tjupan_bacillus_subtilis_main_b7d5a32e40c68782	tjupan_bacillus_subtilis_main_b7d5a32e40c68782	discovery	53	59	54	59	-4.5	+	CATTAC	1.2093819379806519
EMB_prokbert_C20	tjupan_bacillus_subtilis_main_9571d32ab22eb9a0	dbtbs_bsub_core_9571d32ab22eb9a0	discovery	51	57	52	57	-6.5	+	ATAACA	1.2212164402008057
EMB_prokbert_C20	tjupan_bacillus_subtilis_main_d24ab9ea2522f43e	dbtbs_bsub_core_e391b9fe5a0b653f	discovery	46	52	47	52	-11.5	+	TAATAC	1.2332642078399658
EMB_prokbert_C20	tjupan_bacillus_subtilis_main_fff8e3a328b3cab3	dbtbs_bsub_core_7231d94d9d77331f	discovery	41	47	42	47	-16.5	+	AATACT	1.239284873008728
EMB_prokbert_C20	tjupan_bacillus_subtilis_main_88d6ae8ec11f6e65	tjupan_bacillus_subtilis_main_88d6ae8ec11f6e65	discovery	57	63	58	63	-0.5	+	TACATT	1.2488676309585571
EMB_prokbert_C20	tjupan_bacillus_subtilis_main_2c8e4076a462c87c	dbtbs_bsub_core_2c8e4076a462c87c	discovery	39	45	40	45	-18.5	+	ATACTA	1.2536195516586304
EMB_prokbert_C20	tjupan_bacillus_subtilis_main_f6c5351a3e225d0c	dbtbs_bsub_core_f6c5351a3e225d0c	discovery	64	70	65	70	6.5	+	TAATAC	1.2867612838745117
EMB_prokbert_C20	tjupan_bacillus_subtilis_main_be897b68bd393df0	dbtbs_bsub_core_be897b68bd393df0	discovery	13	19	14	19	-44.5	+	ACATAA	1.2893660068511963
EMB_prokbert_C20	tjupan_bacillus_subtilis_main_56bd9deba3d3b9f9	dbtbs_bsub_core_5dd7cccc54d589c3	discovery	48	54	49	54	-9.5	+	ACAATA	1.2975947856903076
EMB_prokbert_C20	tjupan_bacillus_subtilis_main_bf15c71cd5f4b9e0	dbtbs_bsub_core_79aa8a5c0f3b9558	discovery	55	61	56	61	-2.5	+	ACCATA	1.3061730861663818
EMB_prokbert_C20	tjupan_bacillus_subtilis_main_fbae385e087109ce	tjupan_bacillus_subtilis_main_fbae385e087109ce	discovery	56	62	57	62	-1.5	+	ACAATA	1.3260235786437988
EMB_prokbert_C20	tjupan_bacillus_subtilis_main_36eed70446e6810b	dbtbs_bsub_core_36eed70446e6810b	discovery	48	54	49	54	-9.5	+	TCATAC	1.3303813934326172
EMB_prokbert_C20	tjupan_bacillus_subtilis_main_59b38cd2f2ea112d	dbtbs_bsub_core_59b38cd2f2ea112d	discovery	51	57	52	57	-6.5	+	ACATAT	1.3316112756729126
EMB_prokbert_C20	tjupan_bacillus_subtilis_main_993a308bb6e190e1	dbtbs_bsub_core_993a308bb6e190e1	discovery	47	53	48	53	-10.5	+	ATACAA	1.3354690074920654
EMB_prokbert_C20	tjupan_bacillus_subtilis_main_5d881eac8b46d627	dbtbs_bsub_core_5d881eac8b46d627	discovery	45	51	46	51	-12.5	+	TACATA	1.3513603210449219
EMB_prokbert_C20	tjupan_bacillus_subtilis_main_13f36fd95a25452a	tjupan_bacillus_subtilis_main_13f36fd95a25452a	discovery	36	42	37	42	-21.5	+	TACATA	1.3521515130996704
EMB_prokbert_C20	tjupan_bacillus_subtilis_main_6fcd42bdf8073a65	dbtbs_bsub_core_6fcd42bdf8073a65	discovery	29	35	30	35	-28.5	+	TACATA	1.3569705486297607
EMB_prokbert_C20	tjupan_bacillus_subtilis_main_bba2e45eb636482b	dbtbs_bsub_core_bba2e45eb636482b	discovery	28	34	29	34	-29.5	+	TATAAC	1.3657280206680298
EMB_prokbert_C20	tjupan_bacillus_subtilis_main_2b799cc13a596bcd	tjupan_bacillus_subtilis_main_2b799cc13a596bcd	discovery	47	53	48	53	-10.5	+	TACATA	1.3682684898376465
EMB_prokbert_C20	tjupan_bacillus_subtilis_main_61d216a2a24189d0	dbtbs_bsub_core_61d216a2a24189d0	discovery	8	14	9	14	-49.5	+	TCAATA	1.376410722732544
EMB_prokbert_C20	tjupan_bacillus_subtilis_main_a31f56ff3ee450d4	dbtbs_bsub_core_1c4407f77cf4bab2	discovery	46	52	47	52	-11.5	+	ACATAA	1.3791067600250244
EMB_prokbert_C20	tjupan_bacillus_subtilis_main_ec2d75bce4a65abf	dbtbs_bsub_core_e3549a9c12f5ac55	discovery	63	69	64	69	5.5	+	TACATA	1.386444091796875
EMB_prokbert_C20	tjupan_bacillus_subtilis_main_db7eebd0b9425a4f	dbtbs_bsub_core_db7eebd0b9425a4f	discovery	48	54	49	54	-9.5	+	ATACTA	1.393239140510559
EMB_prokbert_C20	tjupan_bacillus_subtilis_main_ced72b826f4a910f	dbtbs_bsub_core_d1a4fbb8ec4bd212	discovery	61	67	62	67	3.5	+	GATACA	1.3979254961013794
EMB_prokbert_C20	tjupan_bacillus_subtilis_main_2d40490247bb616a	dbtbs_bsub_core_ffa38d6978ad48aa	discovery	48	54	49	54	-9.5	+	ATACTA	1.3987061977386475
EMB_prokbert_C20	tjupan_bacillus_subtilis_main_ec009cfbae4f5210	dbtbs_bsub_core_ec009cfbae4f5210	discovery	48	54	49	54	-9.5	+	TACAAT	1.4041048288345337
EMB_prokbert_C20	tjupan_bacillus_subtilis_main_5a860caea8fc814c	tjupan_bacillus_subtilis_main_5a860caea8fc814c	discovery	53	59	54	59	-4.5	+	GTTAAT	1.407323956489563
EMB_prokbert_C20	tjupan_bacillus_subtilis_main_5e8ac4f4506ef781	dbtbs_bsub_core_cdccc2e2972286a4	discovery	45	51	46	51	-12.5	+	TAATAC	1.4074125289916992
EMB_prokbert_C20	tjupan_bacillus_subtilis_main_024ba149e95dcf1a	tjupan_bacillus_subtilis_main_024ba149e95dcf1a	discovery	47	53	48	53	-10.5	+	CATAAT	1.4089694023132324
EMB_prokbert_C20	tjupan_bacillus_subtilis_main_3be839d09df1dbe1	dbtbs_bsub_core_3be839d09df1dbe1	discovery	70	76	71	76	12.5	+	TATACA	1.4097216129302979
EMB_prokbert_C20	tjupan_bacillus_subtilis_main_036f4e66b4e66745	dbtbs_bsub_core_7b26bab7de636614	discovery	31	37	32	37	-26.5	+	AATACG	1.4113340377807617
EMB_prokbert_C20	tjupan_bacillus_subtilis_main_3741d9dc6611d95f	tjupan_bacillus_subtilis_main_3741d9dc6611d95f	discovery	12	18	13	18	-45.5	+	TACATA	1.4118140935897827
EMB_prokbert_C20	tjupan_bacillus_subtilis_main_3ab41c1b83ba019b	dbtbs_bsub_core_c956a5fd581ed80a	discovery	53	59	54	59	-4.5	+	AATCAC	1.4134862422943115
EMB_prokbert_C20	tjupan_bacillus_subtilis_main_eb51fed06d2e921e	dbtbs_bsub_core_3613f20526b705b5	discovery	70	76	71	76	12.5	+	TACATA	1.4166656732559204
EMB_prokbert_C20	tjupan_bacillus_subtilis_main_bc41d7d0760497f9	dbtbs_bsub_core_bc41d7d0760497f9	discovery	55	61	56	61	-2.5	+	ATAATA	1.4255270957946777
EMB_prokbert_C20	tjupan_bacillus_subtilis_main_92b62a9d8d87ace9	dbtbs_bsub_core_92b62a9d8d87ace9	discovery	28	34	29	34	-29.5	+	TAATAC	1.4263516664505005
EMB_prokbert_C20	tjupan_bacillus_subtilis_main_f3423ecbff5b6537	dbtbs_bsub_core_dc8c32e7cfbca6d1	discovery	65	71	66	71	7.5	+	TTACAA	1.4269835948944092
EMB_prokbert_C20	tjupan_bacillus_subtilis_main_eb3c3d68906264b7	tjupan_bacillus_subtilis_main_eb3c3d68906264b7	discovery	53	59	54	59	-4.5	+	TATACA	1.4286918640136719
EMB_prokbert_C20	tjupan_bacillus_subtilis_main_f9edd67964b41200	dbtbs_bsub_core_f9edd67964b41200	discovery	54	60	55	60	-3.5	+	CTATTA	1.4307093620300293
EMB_prokbert_C20	tjupan_bacillus_subtilis_main_0acb3976b9331524	tjupan_bacillus_subtilis_main_0acb3976b9331524	discovery	49	55	50	55	-8.5	+	TATTAC	1.4307260513305664
EMB_prokbert_C20	tjupan_bacillus_subtilis_main_9d589577eb1cbe67	tjupan_bacillus_subtilis_main_9d589577eb1cbe67	discovery	50	56	51	56	-7.5	+	TACTAA	1.434312105178833
EMB_prokbert_C20	tjupan_bacillus_subtilis_main_0a71b8cbf4011c3b	dbtbs_bsub_core_dc5af08cd1bffe94	discovery	38	44	39	44	-19.5	+	ACATAA	1.4366564750671387
EMB_prokbert_C20	tjupan_bacillus_subtilis_main_adbf75412ef7d5a0	dbtbs_bsub_core_adbf75412ef7d5a0	discovery	51	57	52	57	-6.5	+	ATAATA	1.4452221393585205
EMB_prokbert_C20	tjupan_bacillus_subtilis_main_d33162cb12a5a549	tjupan_bacillus_subtilis_main_d33162cb12a5a549	discovery	34	40	35	40	-23.5	+	GATATA	1.4453816413879395
EMB_prokbert_C20	tjupan_bacillus_subtilis_main_106e69f8e7e10bd4	tjupan_bacillus_subtilis_main_106e69f8e7e10bd4	discovery	51	57	52	57	-6.5	+	CATAAT	1.4504274129867554
EMB_prokbert_C20	tjupan_bacillus_subtilis_main_e8dca4769e2e29bc	dbtbs_bsub_core_b8b8ac7ece3bed55	discovery	65	71	66	71	7.5	+	TATACA	1.456251859664917
EMB_prokbert_C20	tjupan_bacillus_subtilis_main_e66d1eb3358cf03d	dbtbs_bsub_core_601150b85493a7a1	discovery	48	54	49	54	-9.5	+	ATACAA	1.461334228515625
EMB_prokbert_C20	tjupan_bacillus_subtilis_main_ab3313558a015086	dbtbs_bsub_core_ab3313558a015086	discovery	37	43	38	43	-20.5	+	GAACAT	1.4614754915237427
EMB_prokbert_C20	tjupan_bacillus_subtilis_main_60ee42342c88d235	tjupan_bacillus_subtilis_main_60ee42342c88d235	discovery	41	47	42	47	-16.5	+	ACATAT	1.466684341430664
EMB_prokbert_C20	tjupan_bacillus_subtilis_main_89a40bf9e0650967	dbtbs_bsub_core_89a40bf9e0650967	discovery	53	59	54	59	-4.5	+	TCATAC	1.4674962759017944
EMB_prokbert_C20	tjupan_bacillus_subtilis_main_fcf1520effc316d9	dbtbs_bsub_core_fcf1520effc316d9	discovery	63	69	64	69	5.5	+	ACATAG	1.4684677124023438
EMB_prokbert_C20	tjupan_bacillus_subtilis_main_ade9dc791ab39f6c	dbtbs_bsub_core_ade9dc791ab39f6c	discovery	15	21	16	21	-42.5	+	CATTAG	1.4819809198379517
EMB_prokbert_C20	tjupan_bacillus_subtilis_main_eaa75817f87b3088	dbtbs_bsub_core_71c43b52121900cc	discovery	49	55	50	55	-8.5	+	CATACT	1.4820568561553955
EMB_prokbert_C20	tjupan_bacillus_subtilis_main_a1b8ecb6878276b4	dbtbs_bsub_core_a1b8ecb6878276b4	discovery	54	60	55	60	-3.5	+	TGTATA	1.4825139045715332
EMB_prokbert_C20	tjupan_bacillus_subtilis_main_3ec4c8abee3f7a8e	dbtbs_bsub_core_c18c3f10dff5c627	discovery	55	61	56	61	-2.5	+	GTACAT	1.4907934665679932
EMB_prokbert_C20	tjupan_bacillus_subtilis_main_2931d3a1a20c25de	dbtbs_bsub_core_60150ba1e82823d4	discovery	57	63	58	63	-0.5	+	AGTACC	1.500988483428955
EMB_prokbert_C20	tjupan_bacillus_subtilis_main_c204793b69b45448	dbtbs_bsub_core_c204793b69b45448	discovery	51	57	52	57	-6.5	+	TACTAT	1.5059758424758911
EMB_prokbert_C20	tjupan_bacillus_subtilis_main_73f2f27ec267a871	dbtbs_bsub_core_77a7b73eeb200478	discovery	40	46	41	46	-17.5	+	ACTATG	1.509922742843628
EMB_prokbert_C20	tjupan_bacillus_subtilis_main_70da326395794983	tjupan_bacillus_subtilis_main_70da326395794983	discovery	14	20	15	20	-43.5	+	CAATAG	1.5104917287826538
EMB_prokbert_C20	tjupan_bacillus_subtilis_main_1dc6ad16ab0331f8	tjupan_bacillus_subtilis_main_1dc6ad16ab0331f8	discovery	68	74	69	74	10.5	+	CAATAG	1.5109772682189941
EMB_prokbert_C20	tjupan_bacillus_subtilis_main_d03161002d7a6f34	dbtbs_bsub_core_11066f3e95c7986c	discovery	48	54	49	54	-9.5	+	TACAAT	1.5127768516540527
EMB_prokbert_C20	tjupan_bacillus_subtilis_main_6390012fbb39ca22	tjupan_bacillus_subtilis_main_6390012fbb39ca22	discovery	71	77	72	77	13.5	+	ATATAA	1.5167431831359863
EMB_prokbert_C20	tjupan_bacillus_subtilis_main_ef1d1fbaad689e40	dbtbs_bsub_core_ef1d1fbaad689e40	discovery	47	53	48	53	-10.5	+	ATACAA	1.5209112167358398
EMB_prokbert_C20	tjupan_bacillus_subtilis_main_8421a3506bc3ca2c	tjupan_bacillus_subtilis_main_8421a3506bc3ca2c	discovery	44	50	45	50	-13.5	+	GACTAT	1.5212123394012451
EMB_prokbert_C20	tjupan_bacillus_subtilis_main_85511e0264f2e3b8	dbtbs_bsub_core_35445cef3104bf74	discovery	63	69	64	69	5.5	+	TATACA	1.5254011154174805
EMB_prokbert_C20	tjupan_bacillus_subtilis_main_db51f0e14ca9b6e9	tjupan_bacillus_subtilis_main_db51f0e14ca9b6e9	discovery	50	56	51	56	-7.5	+	TATTAC	1.531080722808838
EMB_prokbert_C20	tjupan_bacillus_subtilis_main_632ff1f5d92b347a	tjupan_bacillus_subtilis_main_632ff1f5d92b347a	discovery	48	54	49	54	-9.5	+	TAACAT	1.5344290733337402
EMB_prokbert_C20	tjupan_bacillus_subtilis_main_7942697cd86d944b	tjupan_bacillus_subtilis_main_7942697cd86d944b	discovery	58	64	59	64	0.5	+	ACATAA	1.5363820791244507
EMB_prokbert_C20	tjupan_bacillus_subtilis_main_32aff5c8192321bb	dbtbs_bsub_core_76636d30cbe1eec3	discovery	51	57	52	57	-6.5	+	CATAAT	1.5393941402435303
EMB_prokbert_C20	tjupan_bacillus_subtilis_main_8f9b814f5e8b18ae	dbtbs_bsub_core_8f9b814f5e8b18ae	discovery	28	34	29	34	-29.5	+	CATAAC	1.5408473014831543
EMB_prokbert_C20	tjupan_bacillus_subtilis_main_8e9af30cd29c08ec	dbtbs_bsub_core_ab5345ed831420ec	discovery	33	39	34	39	-24.5	+	CTGTAT	1.5429288148880005
EMB_prokbert_C20	tjupan_bacillus_subtilis_main_666dd7e391a36890	dbtbs_bsub_core_666dd7e391a36890	discovery	52	58	53	58	-5.5	+	TACATA	1.546904444694519
EMB_prokbert_C20	tjupan_bacillus_subtilis_main_8e892e5639ef0ac1	dbtbs_bsub_core_d25c674b3a14df1a	discovery	65	71	66	71	7.5	+	ATATAC	1.5487314462661743
EMB_prokbert_C20	tjupan_bacillus_subtilis_main_ad6e1b40396f6528	dbtbs_bsub_core_ad6e1b40396f6528	discovery	52	58	53	58	-5.5	+	CTATTA	1.5496702194213867
EMB_prokbert_C20	tjupan_bacillus_subtilis_main_5e3ef261f40425ef	tjupan_bacillus_subtilis_main_5e3ef261f40425ef	discovery	62	68	63	68	4.5	+	TACATA	1.5518810749053955
EMB_prokbert_C20	tjupan_bacillus_subtilis_main_3e1210c1f898bc48	dbtbs_bsub_core_42eaa371353368b2	discovery	21	27	22	27	-36.5	+	GTATTG	1.553699016571045
EMB_prokbert_C20	tjupan_bacillus_subtilis_main_69a39ef163dd4726	tjupan_bacillus_subtilis_main_69a39ef163dd4726	discovery	17	23	18	23	-40.5	+	ACAATA	1.5557503700256348
EMB_prokbert_C20	tjupan_bacillus_subtilis_main_adff0049bb8c9b3f	tjupan_bacillus_subtilis_main_adff0049bb8c9b3f	discovery	69	75	70	75	11.5	+	TACATA	1.5565539598464966
EMB_prokbert_C20	tjupan_bacillus_subtilis_main_e84ae283b7981830	tjupan_bacillus_subtilis_main_e84ae283b7981830	discovery	48	54	49	54	-9.5	+	ATACAT	1.560343623161316
EMB_prokbert_C20	tjupan_bacillus_subtilis_main_9d5c52bb0fa0ffad	dbtbs_bsub_core_9d5c52bb0fa0ffad	discovery	21	27	22	27	-36.5	+	CTGTAT	1.5617693662643433
EMB_prokbert_C20	tjupan_bacillus_subtilis_main_5957e34dfa6ab85c	tjupan_bacillus_subtilis_main_5957e34dfa6ab85c	discovery	36	42	37	42	-21.5	+	TACATA	1.5640943050384521
EMB_prokbert_C20	tjupan_bacillus_subtilis_main_4181c9b10d028c59	dbtbs_bsub_core_f859289dc167ed3a	discovery	59	65	60	65	1.5	+	CATAAT	1.5646525621414185
EMB_prokbert_C20	tjupan_bacillus_subtilis_main_ba9efec60bbd4a6b	tjupan_bacillus_subtilis_main_ba9efec60bbd4a6b	discovery	51	57	52	57	-6.5	+	AATACA	1.5651682615280151
EMB_prokbert_C20	tjupan_bacillus_subtilis_main_7bc9aa9d4ad371af	dbtbs_bsub_core_7bc9aa9d4ad371af	discovery	22	28	23	28	-35.5	+	AGTTAT	1.568771481513977
EMB_prokbert_C20	tjupan_bacillus_subtilis_main_3adf706b5413c6ce	tjupan_bacillus_subtilis_main_3adf706b5413c6ce	discovery	17	23	18	23	-40.5	+	TAACAT	1.574036955833435
EMB_prokbert_C20	tjupan_bacillus_subtilis_main_b7c0eae7293a1bfc	dbtbs_bsub_core_0bfdb592513badc4	discovery	53	59	54	59	-4.5	+	AATACT	1.5743669271469116
EMB_prokbert_C20	tjupan_bacillus_subtilis_main_b24feeda89db5dfd	dbtbs_bsub_core_b24feeda89db5dfd	discovery	43	49	44	49	-14.5	+	CACTAT	1.5794202089309692
EMB_prokbert_C20	tjupan_bacillus_subtilis_main_238ba8da2c883516	dbtbs_bsub_core_238ba8da2c883516	discovery	53	59	54	59	-4.5	+	AATTAC	1.5830652713775635
EMB_prokbert_C20	tjupan_bacillus_subtilis_main_43fbda6e3c3abdae	dbtbs_bsub_core_c62c8589a5774a74	discovery	51	57	52	57	-6.5	+	ATACAT	1.5883606672286987
EMB_prokbert_C20	tjupan_bacillus_subtilis_main_45683747106d08bd	tjupan_bacillus_subtilis_main_45683747106d08bd	discovery	29	35	30	35	-28.5	+	ACATAT	1.5938938856124878
EMB_prokbert_C20	tjupan_bacillus_subtilis_main_d04a67d8cb9ad084	dbtbs_bsub_core_d04a67d8cb9ad084	discovery	50	56	51	56	-7.5	+	AGATAA	1.5940109491348267
EMB_prokbert_C20	tjupan_bacillus_subtilis_main_3b9d28ffe489c3c7	dbtbs_bsub_core_260ddc8adeedb788	discovery	26	32	27	32	-31.5	+	CATAAT	1.5946532487869263
EMB_prokbert_C20	tjupan_bacillus_subtilis_main_b5cc4aad42c9a683	dbtbs_bsub_core_b5cc4aad42c9a683	discovery	45	51	46	51	-12.5	+	TATTAC	1.5952115058898926
EMB_prokbert_C20	tjupan_bacillus_subtilis_main_d1b10b64ac040b8c	dbtbs_bsub_core_3a6c62def340fb72	discovery	53	59	54	59	-4.5	+	TGTAAC	1.6009670495986938
EMB_prokbert_C20	tjupan_bacillus_subtilis_main_c648ac4df22b0f89	dbtbs_bsub_core_c648ac4df22b0f89	discovery	47	53	48	53	-10.5	+	GATATA	1.607454538345337
EMB_prokbert_C20	tjupan_bacillus_subtilis_main_4fa5d89620e7d8ce	dbtbs_bsub_core_5eb05bc57612da6d	discovery	30	36	31	36	-27.5	+	TATATC	1.6116971969604492
EMB_prokbert_C20	tjupan_bacillus_subtilis_main_54fd4c2966482e2c	dbtbs_bsub_core_ba3becfc7c3e4e17	discovery	47	53	48	53	-10.5	+	ATACAA	1.6131314039230347
EMB_prokbert_C20	tjupan_bacillus_subtilis_main_256978383d162d01	dbtbs_bsub_core_256978383d162d01	discovery	48	54	49	54	-9.5	+	ACAATA	1.6179629564285278
EMB_prokbert_C20	tjupan_bacillus_subtilis_main_d9da0a0033167763	dbtbs_bsub_core_d9da0a0033167763	discovery	6	12	7	12	-51.5	+	CAATTA	1.6183290481567383
EMB_prokbert_C20	tjupan_bacillus_subtilis_main_a032a3114b7dbf1c	dbtbs_bsub_core_a032a3114b7dbf1c	discovery	21	27	22	27	-36.5	+	CAATAG	1.6193546056747437
EMB_prokbert_C20	tjupan_bacillus_subtilis_main_101463e41079a20e	dbtbs_bsub_core_101463e41079a20e	discovery	49	55	50	55	-8.5	+	ACAATA	1.6236683130264282
EMB_prokbert_C20	tjupan_bacillus_subtilis_main_9e087715e3522ed4	dbtbs_bsub_core_b3df5d74f56f0610	discovery	58	64	59	64	0.5	+	TATAAG	1.627244234085083
EMB_prokbert_C20	tjupan_bacillus_subtilis_main_3eab38fdf3061b6a	tjupan_bacillus_subtilis_main_3eab38fdf3061b6a	discovery	43	49	44	49	-14.5	+	ACATAG	1.6278666257858276
EMB_prokbert_C20	tjupan_bacillus_subtilis_main_b88f3e08d3d51af5	tjupan_bacillus_subtilis_main_b88f3e08d3d51af5	discovery	17	23	18	23	-40.5	+	AATACA	1.6301138401031494
EMB_prokbert_C20	tjupan_bacillus_subtilis_main_e6accdb752f9724f	dbtbs_bsub_core_41815df9927fe319	discovery	46	52	47	52	-11.5	+	CATAAA	1.6334130764007568
EMB_prokbert_C20	tjupan_bacillus_subtilis_main_8797dcd405b13c8e	tjupan_bacillus_subtilis_main_8797dcd405b13c8e	discovery	19	25	20	25	-38.5	+	CAGTAT	1.6457483768463135
EMB_prokbert_C20	tjupan_bacillus_subtilis_main_0fe342e604184137	dbtbs_bsub_core_f039c4e5fee11aa3	discovery	53	59	54	59	-4.5	+	TAATAA	1.6477692127227783
EMB_prokbert_C20	tjupan_bacillus_subtilis_main_daaf0c7fa42ef2fa	dbtbs_bsub_core_ef9625ff29774e65	discovery	47	53	48	53	-10.5	+	ATACCA	1.650803565979004
EMB_prokbert_C20	tjupan_bacillus_subtilis_main_91723abad13f63e4	tjupan_bacillus_subtilis_main_91723abad13f63e4	discovery	63	69	64	69	5.5	+	TATAAC	1.6520053148269653
EMB_prokbert_C20	tjupan_bacillus_subtilis_main_e2f816d3420810f5	dbtbs_bsub_core_8f473f826c608a81	discovery	48	54	49	54	-9.5	+	TACAAT	1.6534675359725952
EMB_prokbert_C20	tjupan_bacillus_subtilis_main_b7cebcbae1ca8171	dbtbs_bsub_core_342a4291e30f5e80	discovery	53	59	54	59	-4.5	+	GATACA	1.6551865339279175
EMB_prokbert_C20	tjupan_bacillus_subtilis_main_118649b56e4ec470	tjupan_bacillus_subtilis_main_118649b56e4ec470	discovery	54	60	55	60	-3.5	+	ATATGT	1.662750244140625
EMB_prokbert_C20	tjupan_bacillus_subtilis_main_56fbf5e1ebfb46d1	dbtbs_bsub_core_56fbf5e1ebfb46d1	discovery	47	53	48	53	-10.5	+	GTATAC	1.6800141334533691
EMB_prokbert_C20	tjupan_bacillus_subtilis_main_6514a11d381455ae	tjupan_bacillus_subtilis_main_6514a11d381455ae	discovery	52	58	53	58	-5.5	+	ATATCA	1.680068850517273
EMB_prokbert_C20	tjupan_bacillus_subtilis_main_282b0a85bf46906b	tjupan_bacillus_subtilis_main_282b0a85bf46906b	discovery	66	72	67	72	8.5	+	ACTAAT	1.6852550506591797
EMB_prokbert_C20	tjupan_bacillus_subtilis_main_e445a9d379a1812a	dbtbs_bsub_core_e445a9d379a1812a	discovery	42	48	43	48	-15.5	+	CATGTA	1.685685157775879
EMB_prokbert_C20	tjupan_bacillus_subtilis_main_78caf7680ac9ae4c	tjupan_bacillus_subtilis_main_78caf7680ac9ae4c	discovery	54	60	55	60	-3.5	+	ATACAT	1.6859370470046997
EMB_prokbert_C20	tjupan_bacillus_subtilis_main_2a3c695bd1a0b4c9	tjupan_bacillus_subtilis_main_2a3c695bd1a0b4c9	discovery	47	53	48	53	-10.5	+	CATATA	1.6928093433380127
EMB_prokbert_C20	tjupan_bacillus_subtilis_main_0f74e2398b4ac2a6	dbtbs_bsub_core_e5f400f6f8de25f5	discovery	11	17	12	17	-46.5	+	ATAACA	1.6940159797668457
EMB_prokbert_C20	tjupan_bacillus_subtilis_main_84e6c8375d18dc47	tjupan_bacillus_subtilis_main_84e6c8375d18dc47	discovery	53	59	54	59	-4.5	+	TACTAT	1.6948219537734985
EMB_prokbert_C20	tjupan_bacillus_subtilis_main_b11aff47b9c426f3	dbtbs_bsub_core_b11aff47b9c426f3	discovery	24	30	25	30	-33.5	+	GCATAC	1.6965855360031128
EMB_prokbert_C20	tjupan_bacillus_subtilis_main_64dfe397c07a4656	dbtbs_bsub_core_99013d44fc3df9d1	discovery	16	22	17	22	-41.5	+	ATATGA	1.6989243030548096
EMB_prokbert_C20	tjupan_bacillus_subtilis_main_0b104549c8fd9755	dbtbs_bsub_core_0b104549c8fd9755	discovery	35	41	36	41	-22.5	+	ATATAC	1.6999753713607788
EMB_prokbert_C20	tjupan_bacillus_subtilis_main_bebf1b31befd9c3c	dbtbs_bsub_core_bebf1b31befd9c3c	discovery	9	15	10	15	-48.5	+	AGTAAT	1.7101836204528809
EMB_prokbert_C20	tjupan_bacillus_subtilis_main_8f5a33e062052e2d	tjupan_bacillus_subtilis_main_8f5a33e062052e2d	discovery	65	71	66	71	7.5	+	CGATAA	1.7154791355133057
EMB_prokbert_C20	tjupan_bacillus_subtilis_main_dc65c8922842b20f	tjupan_bacillus_subtilis_main_dc65c8922842b20f	discovery	71	77	72	77	13.5	+	CATAGT	1.715808629989624
EMB_prokbert_C20	tjupan_bacillus_subtilis_main_5cf51ca317588066	tjupan_bacillus_subtilis_main_5cf51ca317588066	discovery	26	32	27	32	-31.5	+	TACTAT	1.715846300125122
EMB_prokbert_C20	tjupan_bacillus_subtilis_main_8265264627414ceb	tjupan_bacillus_subtilis_main_8265264627414ceb	discovery	3	9	4	9	-54.5	+	TATACC	1.716259241104126
EMB_prokbert_C20	tjupan_bacillus_subtilis_main_0ad5dcad37f1ba39	dbtbs_bsub_core_712e4b81f6fdb41a	discovery	3	9	4	9	-54.5	+	CATAAC	1.7172645330429077
EMB_prokbert_C20	tjupan_bacillus_subtilis_main_5e30b1d213eba695	tjupan_bacillus_subtilis_main_5e30b1d213eba695	discovery	45	51	46	51	-12.5	+	GGTATA	1.718125343322754
EMB_prokbert_C20	tjupan_bacillus_subtilis_main_8559682da7e0b4ef	dbtbs_bsub_core_8559682da7e0b4ef	discovery	46	52	47	52	-11.5	+	ACTATC	1.719110369682312
EMB_prokbert_C20	tjupan_bacillus_subtilis_main_ba2dc8596ef2486c	dbtbs_bsub_core_ba2dc8596ef2486c	discovery	59	65	60	65	1.5	+	GTATAT	1.722981572151184
EMB_prokbert_C20	tjupan_bacillus_subtilis_main_4915fc510c1f847f	tjupan_bacillus_subtilis_main_4915fc510c1f847f	discovery	55	61	56	61	-2.5	+	GATACA	1.7286005020141602
EMB_prokbert_C20	tjupan_bacillus_subtilis_main_4648c22f43ae6952	tjupan_bacillus_subtilis_main_4648c22f43ae6952	discovery	51	57	52	57	-6.5	+	TTATAC	1.7316079139709473
EMB_prokbert_C20	tjupan_bacillus_subtilis_main_f04c569125ce3afa	dbtbs_bsub_core_85a34ab094cb765f	discovery	8	14	9	14	-49.5	+	CGTATA	1.7328526973724365
EMB_prokbert_C20	tjupan_bacillus_subtilis_main_35bf7199ae44b70c	dbtbs_bsub_core_35bf7199ae44b70c	discovery	58	64	59	64	0.5	+	GTATCA	1.7343528270721436
EMB_prokbert_C20	tjupan_bacillus_subtilis_main_c2a5e00f908ba88c	dbtbs_bsub_core_c2a5e00f908ba88c	discovery	26	32	27	32	-31.5	+	CATATT	1.7350118160247803
EMB_prokbert_C20	tjupan_bacillus_subtilis_main_be557af728070615	tjupan_bacillus_subtilis_main_be557af728070615	discovery	15	21	16	21	-42.5	+	GTACAA	1.736427664756775
EMB_prokbert_C20	tjupan_bacillus_subtilis_main_de399adaaafe5be7	dbtbs_bsub_core_f1028676a1f89b0e	discovery	14	20	15	20	-43.5	+	AACATA	1.7418330907821655
EMB_prokbert_C20	tjupan_bacillus_subtilis_main_047e296b8721a352	dbtbs_bsub_core_d618c1525725d045	discovery	42	48	43	48	-15.5	+	CATACA	1.742983102798462
EMB_prokbert_C20	tjupan_bacillus_subtilis_main_8fa35d24a76b6d72	tjupan_bacillus_subtilis_main_8fa35d24a76b6d72	discovery	30	36	31	36	-27.5	+	ACCTAT	1.743212103843689
EMB_prokbert_C20	tjupan_bacillus_subtilis_main_ed12f07c80365cbc	dbtbs_bsub_core_09dd4c8ba7bc09c6	discovery	31	37	32	37	-26.5	+	CTATAT	1.7482447624206543
EMB_prokbert_C20	tjupan_bacillus_subtilis_main_41b76e09c674d652	dbtbs_bsub_core_41b76e09c674d652	discovery	45	51	46	51	-12.5	+	AGTATT	1.7484753131866455
EMB_prokbert_C20	tjupan_bacillus_subtilis_main_09dd4c8ba7bc09c6	dbtbs_bsub_core_09dd4c8ba7bc09c6	discovery	48	54	49	54	-9.5	+	AATATA	1.7493199110031128
EMB_prokbert_C20	tjupan_bacillus_subtilis_main_61c707ac72aeda97	tjupan_bacillus_subtilis_main_61c707ac72aeda97	discovery	52	58	53	58	-5.5	+	AATAAC	1.754418134689331
EMB_prokbert_C20	tjupan_bacillus_subtilis_main_5f8b6936b2e52932	tjupan_bacillus_subtilis_main_5f8b6936b2e52932	discovery	45	51	46	51	-12.5	+	GGTATA	1.7548500299453735
EMB_prokbert_C20	tjupan_bacillus_subtilis_main_1cd26aa95d9363dc	dbtbs_bsub_core_1cd26aa95d9363dc	discovery	55	61	56	61	-2.5	+	ATAATA	1.7558597326278687
EMB_prokbert_C20	tjupan_bacillus_subtilis_main_aded66fe8079e578	tjupan_bacillus_subtilis_main_aded66fe8079e578	discovery	45	51	46	51	-12.5	+	ACTATG	1.757629632949829
EMB_prokbert_C20	tjupan_bacillus_subtilis_main_c5aa2a2f04401e51	tjupan_bacillus_subtilis_main_c5aa2a2f04401e51	discovery	49	55	50	55	-8.5	+	ATACAA	1.7604273557662964
EMB_prokbert_C20	tjupan_bacillus_subtilis_main_ef37e7c4f77cfd3f	tjupan_bacillus_subtilis_main_ef37e7c4f77cfd3f	discovery	73	79	74	79	15.5	+	TTACAT	1.7617086172103882
EMB_prokbert_C20	tjupan_bacillus_subtilis_main_3c97e9436cb369c2	dbtbs_bsub_core_6dc10c0d490555ae	discovery	24	30	25	30	-33.5	+	AATACA	1.762604832649231
EMB_prokbert_C20	tjupan_bacillus_subtilis_main_ad5b6a3a851181b1	dbtbs_bsub_core_ad5b6a3a851181b1	discovery	48	54	49	54	-9.5	+	TATACT	1.768264889717102
EMB_prokbert_C20	tjupan_bacillus_subtilis_main_43596a46e3e4ddaa	tjupan_bacillus_subtilis_main_43596a46e3e4ddaa	discovery	18	24	19	24	-39.5	+	TAATGC	1.7732709646224976
EMB_prokbert_C20	tjupan_bacillus_subtilis_main_92c71ea9f3febc7f	dbtbs_bsub_core_c2ee7abb48038f6f	discovery	55	61	56	61	-2.5	+	CGATTA	1.7736279964447021
EMB_prokbert_C20	tjupan_bacillus_subtilis_main_13f211949a22c74a	dbtbs_bsub_core_bdbae944a25ddfff	discovery	59	65	60	65	1.5	+	TATCAA	1.7750393152236938
EMB_prokbert_C20	tjupan_bacillus_subtilis_main_1a8b81622422b81c	dbtbs_bsub_core_045e4f174337aedd	discovery	39	45	40	45	-18.5	+	GAATAC	1.7786743640899658
EMB_prokbert_C20	tjupan_bacillus_subtilis_main_80add31ceb4a1382	tjupan_bacillus_subtilis_main_80add31ceb4a1382	discovery	65	71	66	71	7.5	+	TATAAC	1.7860487699508667
EMB_prokbert_C20	tjupan_bacillus_subtilis_main_2e59e247c2d07b0b	tjupan_bacillus_subtilis_main_2e59e247c2d07b0b	discovery	52	58	53	58	-5.5	+	TATGTA	1.7869377136230469
EMB_prokbert_C20	tjupan_bacillus_subtilis_main_7bd42a66d387ec94	dbtbs_bsub_core_5cf240f92a00f0e3	discovery	46	52	47	52	-11.5	+	ATACAT	1.7929388284683228
EMB_prokbert_C20	tjupan_bacillus_subtilis_main_a43a1f032db2e49e	dbtbs_bsub_core_872c1380ac7bb81f	discovery	46	52	47	52	-11.5	+	ACATAA	1.7949607372283936
EMB_prokbert_C20	tjupan_bacillus_subtilis_main_f58412ec32c641aa	dbtbs_bsub_core_bba92a46eba6f8e0	discovery	52	58	53	58	-5.5	+	ATATAA	1.7954915761947632
EMB_prokbert_C20	tjupan_bacillus_subtilis_main_549e9d5c7cb67860	dbtbs_bsub_core_1a44bafede819df1	discovery	29	35	30	35	-28.5	+	TAATAC	1.796311616897583
EMB_prokbert_C20	tjupan_bacillus_subtilis_main_7e538c30b860aa5a	tjupan_bacillus_subtilis_main_7e538c30b860aa5a	discovery	18	24	19	24	-39.5	+	ATGTAC	1.800851583480835
EMB_prokbert_C20	tjupan_bacillus_subtilis_main_8e4b7e6c519e170f	tjupan_bacillus_subtilis_main_8e4b7e6c519e170f	discovery	57	63	58	63	-0.5	+	ATTAGA	1.8011115789413452
EMB_prokbert_C20	tjupan_bacillus_subtilis_main_5ccaab5adb962b3d	dbtbs_bsub_core_483b39fd11d75b28	discovery	70	76	71	76	12.5	+	CATTAC	1.801120638847351
EMB_prokbert_C20	tjupan_bacillus_subtilis_main_b1dfffe50d4e7cba	dbtbs_bsub_core_6990407cd148d57b	discovery	70	76	71	76	12.5	+	TAACCA	1.8028496503829956
EMB_prokbert_C20	tjupan_bacillus_subtilis_main_202644f8a02efab9	dbtbs_bsub_core_f4d81ad6a0709a55	discovery	66	72	67	72	8.5	+	CACATA	1.8067923784255981
EMB_prokbert_C20	tjupan_bacillus_subtilis_main_67a9ae83c973a42d	tjupan_bacillus_subtilis_main_67a9ae83c973a42d	discovery	59	65	60	65	1.5	+	ATAGAC	1.8094886541366577
EMB_prokbert_C20	tjupan_bacillus_subtilis_main_342a4291e30f5e80	dbtbs_bsub_core_342a4291e30f5e80	discovery	62	68	63	68	4.5	+	ATACAT	1.8124011754989624
EMB_prokbert_C20	tjupan_bacillus_subtilis_main_213d453c1e49e371	tjupan_bacillus_subtilis_main_213d453c1e49e371	discovery	49	55	50	55	-8.5	+	CGTATA	1.8166741132736206
EMB_prokbert_C20	tjupan_bacillus_subtilis_main_1dc2eb4818f9715a	dbtbs_bsub_core_1dc2eb4818f9715a	discovery	64	70	65	70	6.5	+	CAATTA	1.817885398864746
EMB_prokbert_C20	tjupan_bacillus_subtilis_main_4cf64b5587e1d04e	dbtbs_bsub_core_4cf64b5587e1d04e	discovery	63	69	64	69	5.5	+	ACATAT	1.8189067840576172
EMB_prokbert_C20	tjupan_bacillus_subtilis_main_972c682163779595	dbtbs_bsub_core_6e525afed4c0ab9e	discovery	53	59	54	59	-4.5	+	ACTATG	1.8195164203643799
EMB_prokbert_C20	tjupan_bacillus_subtilis_main_e95909bd7e136f46	dbtbs_bsub_core_426aaa712ced5536	discovery	50	56	51	56	-7.5	+	CAGTAT	1.8201429843902588
EMB_prokbert_C20	tjupan_bacillus_subtilis_main_c1bd3e378306e57e	tjupan_bacillus_subtilis_main_c1bd3e378306e57e	discovery	65	71	66	71	7.5	+	ATCATA	1.8328824043273926
EMB_prokbert_C20	tjupan_bacillus_subtilis_main_e2b483c6aef274e0	dbtbs_bsub_core_175bcd2ea2263ee4	discovery	55	61	56	61	-2.5	+	CGATAT	1.8343490362167358
EMB_prokbert_C20	tjupan_bacillus_subtilis_main_9c3cc423ec1465b1	dbtbs_bsub_core_9c3cc423ec1465b1	discovery	59	65	60	65	1.5	+	TATAAC	1.8349690437316895
EMB_prokbert_C20	tjupan_bacillus_subtilis_main_8a0979b032bb35c1	dbtbs_bsub_core_33318fe6256d39ff	discovery	49	55	50	55	-8.5	+	ACTATA	1.8358200788497925
EMB_prokbert_C20	tjupan_bacillus_subtilis_main_08d810e756c7d81b	tjupan_bacillus_subtilis_main_08d810e756c7d81b	discovery	43	49	44	49	-14.5	+	TACGAA	1.8400522470474243
EMB_prokbert_C20	tjupan_bacillus_subtilis_main_5e34c7286340c249	dbtbs_bsub_core_0fedc539a64a99b7	discovery	47	53	48	53	-10.5	+	ATACAA	1.8419296741485596
EMB_prokbert_C20	tjupan_bacillus_subtilis_main_e4dda028e03de313	dbtbs_bsub_core_e4dda028e03de313	discovery	75	81	76	81	17.5	+	AATACA	1.8429296016693115
EMB_prokbert_C20	tjupan_bacillus_subtilis_main_be36dbaf549189cb	tjupan_bacillus_subtilis_main_be36dbaf549189cb	discovery	45	51	46	51	-12.5	+	TTGTAT	1.8446499109268188
EMB_prokbert_C20	tjupan_bacillus_subtilis_main_f869091e55050110	tjupan_bacillus_subtilis_main_f869091e55050110	discovery	37	43	38	43	-20.5	+	ATACAG	1.846474051475525
EMB_prokbert_C20	tjupan_bacillus_subtilis_main_d0e455b1c91ba281	dbtbs_bsub_core_f6e924d0656980ad	discovery	65	71	66	71	7.5	+	CATATT	1.8470066785812378
EMB_prokbert_C20	tjupan_bacillus_subtilis_main_4fc356ae4cdf5a10	dbtbs_bsub_core_89ad3abb800dad9f	discovery	59	65	60	65	1.5	+	CGTATA	1.8533185720443726
EMB_prokbert_C20	tjupan_bacillus_subtilis_main_efde358c620c36bd	dbtbs_bsub_core_efde358c620c36bd	discovery	7	13	8	13	-50.5	+	TATTAC	1.8537672758102417
EMB_prokbert_C20	tjupan_bacillus_subtilis_main_3ed5570d9bd715ae	dbtbs_bsub_core_0561dd78dc44b145	discovery	0	6	1	6	-57.5	+	TTACAA	1.8545905351638794
EMB_prokbert_C20	tjupan_bacillus_subtilis_main_f452c4bef1ed8b92	dbtbs_bsub_core_f452c4bef1ed8b92	discovery	72	78	73	78	14.5	+	TTACAT	1.85792076587677
EMB_prokbert_C20	tjupan_bacillus_subtilis_main_917572a2414a52f7	tjupan_bacillus_subtilis_main_917572a2414a52f7	discovery	24	30	25	30	-33.5	+	CTTATA	1.862351894378662
EMB_prokbert_C20	tjupan_bacillus_subtilis_main_10eda96ea4199e8c	dbtbs_bsub_core_10eda96ea4199e8c	discovery	17	23	18	23	-40.5	+	TATAAC	1.8649588823318481
EMB_prokbert_C20	tjupan_bacillus_subtilis_main_796368712c0cdecb	tjupan_bacillus_subtilis_main_796368712c0cdecb	discovery	47	53	48	53	-10.5	+	ACGATA	1.8676050901412964
EMB_prokbert_C20	tjupan_bacillus_subtilis_main_bfe4e797767b8990	tjupan_bacillus_subtilis_main_bfe4e797767b8990	discovery	60	66	61	66	2.5	+	ATACAG	1.8721786737442017
EMB_prokbert_C20	tjupan_bacillus_subtilis_main_550b125b16dc206e	dbtbs_bsub_core_2ab03862f0e9dd2f	discovery	43	49	44	49	-14.5	+	TACATA	1.8724490404129028
EMB_prokbert_C20	tjupan_bacillus_subtilis_main_49e8e3a6681b011d	dbtbs_bsub_core_e14a6f906af1fa54	discovery	23	29	24	29	-34.5	+	TAATAC	1.8726774454116821
EMB_prokbert_C20	tjupan_bacillus_subtilis_main_b2e461bb3b5d3d88	dbtbs_bsub_core_b2e461bb3b5d3d88	discovery	57	63	58	63	-0.5	+	GTAATA	1.8780200481414795
EMB_prokbert_C20	tjupan_bacillus_subtilis_main_a43c85166b962f37	dbtbs_bsub_core_47d2cdeb8a491885	discovery	53	59	54	59	-4.5	+	TATAAC	1.8821873664855957
EMB_prokbert_C20	tjupan_bacillus_subtilis_main_1478640e036e0224	dbtbs_bsub_core_1478640e036e0224	discovery	70	76	71	76	12.5	+	TAGACA	1.8826309442520142
EMB_prokbert_C20	tjupan_bacillus_subtilis_main_5150105a4bdfd4ce	tjupan_bacillus_subtilis_main_5150105a4bdfd4ce	discovery	46	52	47	52	-11.5	+	CATATA	1.8840477466583252
EMB_prokbert_C20	tjupan_bacillus_subtilis_main_e4ca0c490585b644	tjupan_bacillus_subtilis_main_e4ca0c490585b644	discovery	47	53	48	53	-10.5	+	GCATAT	1.888501763343811
EMB_prokbert_C20	tjupan_bacillus_subtilis_main_ffb5b3082f8ea0cd	tjupan_bacillus_subtilis_main_ffb5b3082f8ea0cd	discovery	46	52	47	52	-11.5	+	TGATAT	1.8902640342712402
EMB_prokbert_C20	tjupan_bacillus_subtilis_main_52fe6822c9d74b50	tjupan_bacillus_subtilis_main_52fe6822c9d74b50	discovery	53	59	54	59	-4.5	+	TATACA	1.890616536140442
EMB_prokbert_C20	tjupan_bacillus_subtilis_main_a9fde0fdd238b261	dbtbs_bsub_core_06588c97cd7288a8	discovery	48	54	49	54	-9.5	+	GATACA	1.8911854028701782
EMB_prokbert_C20	tjupan_bacillus_subtilis_main_f6994e5b6245c7bf	tjupan_bacillus_subtilis_main_f6994e5b6245c7bf	discovery	50	56	51	56	-7.5	+	AATGTA	1.892411470413208
EMB_prokbert_C20	tjupan_bacillus_subtilis_main_150dcd3daf63d162	dbtbs_bsub_core_150dcd3daf63d162	discovery	10	16	11	16	-47.5	+	ACAATA	1.892654299736023
EMB_prokbert_C20	tjupan_bacillus_subtilis_main_24675587b92cc4c7	tjupan_bacillus_subtilis_main_24675587b92cc4c7	discovery	48	54	49	54	-9.5	+	TACTAT	1.8965842723846436
EMB_prokbert_C20	tjupan_bacillus_subtilis_main_517410185d825f3e	tjupan_bacillus_subtilis_main_517410185d825f3e	discovery	51	57	52	57	-6.5	+	CTTATA	1.8972853422164917
EMB_prokbert_C20	tjupan_bacillus_subtilis_main_9f03f134e6b67be2	tjupan_bacillus_subtilis_main_9f03f134e6b67be2	discovery	12	18	13	18	-45.5	+	TATTAC	1.907736897468567
EMB_prokbert_C20	tjupan_bacillus_subtilis_main_da7f3c0608c35165	dbtbs_bsub_core_da7f3c0608c35165	discovery	30	36	31	36	-27.5	+	GACATA	1.9103707075119019
EMB_prokbert_C20	tjupan_bacillus_subtilis_main_583caee20795a363	dbtbs_bsub_core_eb847cafc60502c2	discovery	56	62	57	62	-1.5	+	ATACAT	1.9125971794128418
EMB_prokbert_C20	tjupan_bacillus_subtilis_main_1c375491ec2245f4	tjupan_bacillus_subtilis_main_1c375491ec2245f4	discovery	49	55	50	55	-8.5	+	ATACTA	1.9139188528060913
EMB_prokbert_C20	tjupan_bacillus_subtilis_main_ac1a0a0a579397f6	tjupan_bacillus_subtilis_main_ac1a0a0a579397f6	discovery	51	57	52	57	-6.5	+	TACATA	1.9190757274627686
EMB_prokbert_C20	tjupan_bacillus_subtilis_main_6b5eda10bbc36b27	dbtbs_bsub_core_0d578393adbcde98	discovery	52	58	53	58	-5.5	+	ACTTAT	1.922060251235962
EMB_prokbert_C20	tjupan_bacillus_subtilis_main_1259688a411f3c07	tjupan_bacillus_subtilis_main_1259688a411f3c07	discovery	50	56	51	56	-7.5	+	TAATAC	1.9260307550430298
EMB_prokbert_C20	tjupan_bacillus_subtilis_main_d497e040ececfdff	dbtbs_bsub_core_a797439cbe2b0d85	discovery	49	55	50	55	-8.5	+	TAATAT	1.9281702041625977
EMB_prokbert_C20	tjupan_bacillus_subtilis_main_982fa9762732f05a	tjupan_bacillus_subtilis_main_982fa9762732f05a	discovery	10	16	11	16	-47.5	+	AATTAG	1.9286096096038818
EMB_prokbert_C20	tjupan_bacillus_subtilis_main_7a6037ae36a0870c	tjupan_bacillus_subtilis_main_7a6037ae36a0870c	discovery	51	57	52	57	-6.5	+	ACTAGC	1.9290416240692139
EMB_prokbert_C20	tjupan_bacillus_subtilis_main_619ca6b1749e92aa	tjupan_bacillus_subtilis_main_619ca6b1749e92aa	discovery	49	55	50	55	-8.5	+	ACTATA	1.9325863122940063
EMB_prokbert_C20	tjupan_bacillus_subtilis_main_f5b082fd616807b3	dbtbs_bsub_core_4e960695d4b362e6	discovery	52	58	53	58	-5.5	+	TATTAC	1.9364149570465088
EMB_prokbert_C20	tjupan_bacillus_subtilis_main_7ebbe970ac38b83d	dbtbs_bsub_core_5742761e1938e2d4	discovery	49	55	50	55	-8.5	+	ACTATG	1.9375205039978027
EMB_prokbert_C20	tjupan_bacillus_subtilis_main_71a2a4c64c087430	tjupan_bacillus_subtilis_main_71a2a4c64c087430	discovery	45	51	46	51	-12.5	+	TACATA	1.9429469108581543
EMB_prokbert_C20	tjupan_bacillus_subtilis_main_163772f02671a528	tjupan_bacillus_subtilis_main_163772f02671a528	discovery	4	10	5	10	-53.5	+	ATTACT	1.9448299407958984
EMB_prokbert_C20	tjupan_bacillus_subtilis_main_dcef15bdfb353954	dbtbs_bsub_core_dcef15bdfb353954	discovery	50	56	51	56	-7.5	+	CAATAT	1.9474928379058838
EMB_prokbert_C20	tjupan_bacillus_subtilis_main_0261e5d9e5354132	tjupan_bacillus_subtilis_main_0261e5d9e5354132	discovery	67	73	68	73	9.5	+	AATACA	1.948743462562561
EMB_prokbert_C20	tjupan_bacillus_subtilis_main_0d7b08433a8f6233	tjupan_bacillus_subtilis_main_0d7b08433a8f6233	discovery	47	53	48	53	-10.5	+	GACATA	1.9522161483764648
EMB_prokbert_C20	tjupan_bacillus_subtilis_main_fb689c0625deec2e	dbtbs_bsub_core_bf9535fab79dbf8f	discovery	47	53	48	53	-10.5	+	TTACAA	1.952265739440918
EMB_prokbert_C20	tjupan_bacillus_subtilis_main_b47674f2cd66e067	tjupan_bacillus_subtilis_main_b47674f2cd66e067	discovery	13	19	14	19	-44.5	+	TATCAT	1.9541531801223755
EMB_prokbert_C20	tjupan_bacillus_subtilis_main_dbd8ff77ae99e6b2	dbtbs_bsub_core_dbd8ff77ae99e6b2	discovery	44	50	45	50	-13.5	+	TGGTAT	1.9624749422073364
EMB_prokbert_C20	tjupan_bacillus_subtilis_main_c22e62909e814f30	dbtbs_bsub_core_e2251470d219464a	discovery	8	14	9	14	-49.5	+	TATACA	1.975703239440918
EMB_prokbert_C20	tjupan_bacillus_subtilis_main_9a6d97baf1c02d30	dbtbs_bsub_core_9a6d97baf1c02d30	discovery	48	54	49	54	-9.5	+	TACAAT	1.9778389930725098
EMB_prokbert_C20	tjupan_bacillus_subtilis_main_32548c7fec9dc4f2	dbtbs_bsub_core_32548c7fec9dc4f2	discovery	51	57	52	57	-6.5	+	CGATAC	1.9780980348587036
EMB_prokbert_C20	tjupan_bacillus_subtilis_main_91197a052a9adc5b	tjupan_bacillus_subtilis_main_91197a052a9adc5b	discovery	53	59	54	59	-4.5	+	AATATA	1.9800865650177002
EMB_prokbert_C20	tjupan_bacillus_subtilis_main_e47a55cd702f35e7	dbtbs_bsub_core_175bcd2ea2263ee4	discovery	52	58	53	58	-5.5	+	GATATA	1.984755516052246
EMB_prokbert_C20	tjupan_bacillus_subtilis_main_e70fb70b66e1d829	tjupan_bacillus_subtilis_main_e70fb70b66e1d829	discovery	57	63	58	63	-0.5	+	GACATA	1.98508620262146
EMB_prokbert_C20	tjupan_bacillus_subtilis_main_e1d5408a78fdd1c5	dbtbs_bsub_core_f8ce2fa963a01405	discovery	41	47	42	47	-16.5	+	ATACGA	1.9915720224380493
EMB_prokbert_C20	tjupan_bacillus_subtilis_main_2b2db3c55e03b737	dbtbs_bsub_core_9d26dfa3049d6f00	discovery	41	47	42	47	-16.5	+	AATTAG	1.9919798374176025
EMB_prokbert_C20	tjupan_bacillus_subtilis_main_5fc80954df40cf68	dbtbs_bsub_core_44be1bddac760e1c	discovery	36	42	37	42	-21.5	+	ATAATC	2.0057053565979004
EMB_prokbert_C20	tjupan_bacillus_subtilis_main_dc21315df009d1aa	dbtbs_bsub_core_4631e0ee0e2e12e5	discovery	73	79	74	79	15.5	+	CATACG	2.011190891265869
EMB_prokbert_C20	tjupan_bacillus_subtilis_main_3eb701a469cb4095	tjupan_bacillus_subtilis_main_3eb701a469cb4095	discovery	25	31	26	31	-32.5	+	TATAAC	2.0212554931640625
EMB_prokbert_C20	tjupan_bacillus_subtilis_main_c12152f72b444aff	tjupan_bacillus_subtilis_main_c12152f72b444aff	discovery	49	55	50	55	-8.5	+	CGTATA	2.023369550704956
EMB_prokbert_C20	tjupan_bacillus_subtilis_main_bdf5315a71015695	dbtbs_bsub_core_c94ae7322b918d76	discovery	65	71	66	71	7.5	+	GTAATA	2.0234079360961914
EMB_prokbert_C20	tjupan_bacillus_subtilis_main_4f4c3d5d96d18695	tjupan_bacillus_subtilis_main_4f4c3d5d96d18695	discovery	66	72	67	72	8.5	+	GTAACA	2.0283164978027344
EMB_prokbert_C20	tjupan_bacillus_subtilis_main_2c9e8a462277f7da	dbtbs_bsub_core_f7573fed016c047b	discovery	43	49	44	49	-14.5	+	GGCATA	2.035966634750366
EMB_prokbert_C20	tjupan_bacillus_subtilis_main_71eaf5cbf249113b	dbtbs_bsub_core_71eaf5cbf249113b	discovery	21	27	22	27	-36.5	+	AATAGC	2.045935869216919
EMB_prokbert_C20	tjupan_bacillus_subtilis_main_9d34f9d9e0ee0e26	dbtbs_bsub_core_9d34f9d9e0ee0e26	discovery	49	55	50	55	-8.5	+	GTATAA	2.052558183670044
EMB_prokbert_C20	tjupan_bacillus_subtilis_main_671ae756f8df7bca	dbtbs_bsub_core_340ffe292c28e826	discovery	24	30	25	30	-33.5	+	TACATA	2.0550382137298584
EMB_prokbert_C20	tjupan_bacillus_subtilis_main_691e7ded333dd616	dbtbs_bsub_core_691e7ded333dd616	discovery	35	41	36	41	-22.5	+	GCATAT	2.0633862018585205
EMB_prokbert_C20	tjupan_bacillus_subtilis_main_20bbba0ce59de449	dbtbs_bsub_core_20bbba0ce59de449	discovery	59	65	60	65	1.5	+	TGTACA	2.071265459060669
EMB_prokbert_C20	tjupan_bacillus_subtilis_main_c0aec64934968747	tjupan_bacillus_subtilis_main_c0aec64934968747	discovery	48	54	49	54	-9.5	+	TATACT	2.0735857486724854
EMB_prokbert_C20	tjupan_bacillus_subtilis_main_f09c3556dc31a575	dbtbs_bsub_core_f09c3556dc31a575	discovery	46	52	47	52	-11.5	+	GTATAT	2.0739707946777344
EMB_prokbert_C20	tjupan_bacillus_subtilis_main_737474f253397bee	tjupan_bacillus_subtilis_main_737474f253397bee	discovery	73	79	74	79	15.5	+	CATATC	2.0925962924957275
EMB_prokbert_C20	tjupan_bacillus_subtilis_main_50a7bea74c679f62	tjupan_bacillus_subtilis_main_50a7bea74c679f62	discovery	65	71	66	71	7.5	+	GGCATA	2.098432779312134
EMB_prokbert_C20	tjupan_bacillus_subtilis_main_f3b59cc74d659ebc	dbtbs_bsub_core_866d6e8af07c9412	discovery	47	53	48	53	-10.5	+	CATAAT	2.09958553314209
EMB_prokbert_C20	tjupan_bacillus_subtilis_main_09deb32688bf8365	tjupan_bacillus_subtilis_main_09deb32688bf8365	discovery	52	58	53	58	-5.5	+	ATTACA	2.1002321243286133
EMB_prokbert_C20	tjupan_bacillus_subtilis_main_94d81586c680a254	tjupan_bacillus_subtilis_main_94d81586c680a254	discovery	50	56	51	56	-7.5	+	TATACT	2.113591194152832
EMB_prokbert_C20	tjupan_bacillus_subtilis_main_ea59d0ddaaaaf005	dbtbs_bsub_core_ff8c346476498240	discovery	25	31	26	31	-32.5	+	CATATT	2.118504524230957
EMB_prokbert_C20	tjupan_bacillus_subtilis_main_ae3d0ab77a583f3f	tjupan_bacillus_subtilis_main_ae3d0ab77a583f3f	discovery	38	44	39	44	-19.5	+	GGTATA	2.1186630725860596
EMB_prokbert_C20	tjupan_bacillus_subtilis_main_264ccaf63cfb1cfe	tjupan_bacillus_subtilis_main_264ccaf63cfb1cfe	discovery	12	18	13	18	-45.5	+	TATAAC	2.1308517456054688
EMB_prokbert_C20	tjupan_bacillus_subtilis_main_618f0dc5c0847866	dbtbs_bsub_core_e2f191a04a63a5f0	discovery	45	51	46	51	-12.5	+	TGGTAT	2.1439108848571777
EMB_prokbert_C20	tjupan_bacillus_subtilis_main_b0d8a2369952b821	dbtbs_bsub_core_3f773ca1224c0e26	discovery	51	57	52	57	-6.5	+	CATATA	2.144179344177246
EMB_prokbert_C20	tjupan_bacillus_subtilis_main_c3431646de80d63f	tjupan_bacillus_subtilis_main_c3431646de80d63f	discovery	3	9	4	9	-54.5	+	ATACAA	2.149714231491089
EMB_prokbert_C20	tjupan_bacillus_subtilis_main_dccf4ca03cd1642b	dbtbs_bsub_core_dccf4ca03cd1642b	discovery	61	67	62	67	3.5	+	TATAAA	2.1785316467285156
EMB_prokbert_C20	tjupan_bacillus_subtilis_main_87b26b7083b048a9	dbtbs_bsub_core_fe60102a69552e4c	discovery	35	41	36	41	-22.5	+	ATACAT	2.1936275959014893
EMB_prokbert_C20	tjupan_bacillus_subtilis_main_712069959cf7e3b2	dbtbs_bsub_core_be0e53c334974f0a	discovery	47	53	48	53	-10.5	+	CGTATA	2.195446729660034
EMB_prokbert_C20	tjupan_bacillus_subtilis_main_5787c658c95c4762	tjupan_bacillus_subtilis_main_5787c658c95c4762	discovery	54	60	55	60	-3.5	+	AAATAC	2.1994359493255615
EMB_prokbert_C20	tjupan_bacillus_subtilis_main_1f2ca280ccaab774	tjupan_bacillus_subtilis_main_1f2ca280ccaab774	discovery	46	52	47	52	-11.5	+	GCTATA	2.220963954925537
EMB_prokbert_C20	tjupan_bacillus_subtilis_main_1edc8da3b582b0a5	dbtbs_bsub_core_1edc8da3b582b0a5	discovery	67	73	68	73	9.5	+	AAATAC	2.2347497940063477
EMB_prokbert_C20	tjupan_bacillus_subtilis_main_a52148b067c7a32f	tjupan_bacillus_subtilis_main_a52148b067c7a32f	discovery	35	41	36	41	-22.5	+	CGCATA	2.2436132431030273
EMB_prokbert_C20	tjupan_bacillus_subtilis_main_8b776572d2e01c62	dbtbs_bsub_core_6736f212a82e3343	discovery	50	56	51	56	-7.5	+	TATAGG	2.2517950534820557
EMB_prokbert_C20	tjupan_bacillus_subtilis_main_6901d7d50287d8c1	dbtbs_bsub_core_6901d7d50287d8c1	discovery	46	52	47	52	-11.5	+	TGATAC	2.288046360015869
EMB_prokbert_C20	tjupan_bacillus_subtilis_main_ffefbc2ceaf331ea	dbtbs_bsub_core_ea5509009da1e1aa	discovery	44	50	45	50	-13.5	+	GCTATA	2.2945148944854736
EMB_prokbert_C20	tjupan_bacillus_subtilis_main_0438d7b75e1f910f	dbtbs_bsub_core_975fc641de00609f	discovery	54	60	55	60	-3.5	+	ACAATA	2.3158369064331055
EMB_prokbert_C20	tjupan_bacillus_subtilis_main_6c11169e185f76df	dbtbs_bsub_core_6c11169e185f76df	discovery	1	7	2	7	-56.5	+	ACCATA	2.447510004043579
EMB_prokbert_C20	tjupan_bacillus_subtilis_main_a9ae08a54b460299	dbtbs_bsub_core_4c306bb2d4b261c8	discovery	48	54	49	54	-9.5	+	ATATAC	2.5049655437469482
EMB_prokbert_C20	tjupan_bacillus_subtilis_main_bb68072522710571	dbtbs_bsub_core_bb68072522710571	discovery	74	80	75	80	16.5	+	CATTAT	2.5522122383117676
EMB_prokbert_C20	tjupan_bacillus_subtilis_main_89f3272bd34ff475	tjupan_bacillus_subtilis_main_89f3272bd34ff475	discovery	75	81	76	81	17.5	+	CATAAA	2.654646873474121
EMB_prokbert_C20	tjupan_bacillus_subtilis_main_a8b2c052c0cdfcff	tjupan_bacillus_subtilis_main_a8b2c052c0cdfcff	discovery	47	53	48	53	-10.5	+	TCTATA	2.6871752738952637
EMB_prokbert_C21	tjupan_bacillus_subtilis_main_79d6d17268b5d0ce	dbtbs_bsub_core_94e9d8c40cf791b3	discovery	11	17	12	17	-46.5	+	TTTATT	1.0422799587249756
EMB_prokbert_C21	tjupan_bacillus_subtilis_main_4648c22f43ae6952	tjupan_bacillus_subtilis_main_4648c22f43ae6952	discovery	22	28	23	28	-35.5	+	TTTTAA	1.0464874505996704
EMB_prokbert_C21	tjupan_bacillus_subtilis_main_5d881eac8b46d627	dbtbs_bsub_core_5d881eac8b46d627	discovery	8	14	9	14	-49.5	+	TTTAAT	1.0743913650512695
EMB_prokbert_C21	tjupan_bacillus_subtilis_main_712069959cf7e3b2	dbtbs_bsub_core_be0e53c334974f0a	discovery	14	20	15	20	-43.5	+	ATTTTA	1.095004916191101
EMB_prokbert_C21	tjupan_bacillus_subtilis_main_618f0dc5c0847866	dbtbs_bsub_core_e2f191a04a63a5f0	discovery	62	68	63	68	4.5	+	AATTTA	1.1589961051940918
EMB_prokbert_C21	tjupan_bacillus_subtilis_main_48b85a8a5c19ece4	dbtbs_bsub_core_7730e205ee5d9991	discovery	4	10	5	10	-53.5	+	TTTTAA	1.1625919342041016
EMB_prokbert_C21	tjupan_bacillus_subtilis_main_3adf706b5413c6ce	tjupan_bacillus_subtilis_main_3adf706b5413c6ce	discovery	12	18	13	18	-45.5	+	TTTTAT	1.182363510131836
EMB_prokbert_C21	tjupan_bacillus_subtilis_main_d0e455b1c91ba281	dbtbs_bsub_core_f6e924d0656980ad	discovery	19	25	20	25	-38.5	+	ATTTTA	1.222106695175171
EMB_prokbert_C21	tjupan_bacillus_subtilis_main_412fe696982b64f9	dbtbs_bsub_core_412fe696982b64f9	discovery	44	50	45	50	-13.5	+	ATTTAA	1.2299795150756836
EMB_prokbert_C21	tjupan_bacillus_subtilis_main_0b565809576a9e0f	dbtbs_bsub_core_0fcadafa827fb8cf	discovery	50	56	51	56	-7.5	+	TTTTAA	1.233023762702942
EMB_prokbert_C21	tjupan_bacillus_subtilis_main_8559682da7e0b4ef	dbtbs_bsub_core_8559682da7e0b4ef	discovery	16	22	17	22	-41.5	+	TTTAAT	1.2353492975234985
EMB_prokbert_C21	tjupan_bacillus_subtilis_main_047e296b8721a352	dbtbs_bsub_core_d618c1525725d045	discovery	67	73	68	73	9.5	+	AATTTT	1.2591525316238403
EMB_prokbert_C21	tjupan_bacillus_subtilis_main_8421a3506bc3ca2c	tjupan_bacillus_subtilis_main_8421a3506bc3ca2c	discovery	67	73	68	73	9.5	+	TTTTAA	1.2756733894348145
EMB_prokbert_C21	tjupan_bacillus_subtilis_main_8a4a22c637647f42	dbtbs_bsub_core_8a4a22c637647f42	discovery	13	19	14	19	-44.5	+	TTAATT	1.2787654399871826
EMB_prokbert_C21	tjupan_bacillus_subtilis_main_2931d3a1a20c25de	dbtbs_bsub_core_60150ba1e82823d4	discovery	72	78	73	78	14.5	+	AATTTA	1.285125494003296
EMB_prokbert_C21	tjupan_bacillus_subtilis_main_ad5b6a3a851181b1	dbtbs_bsub_core_ad5b6a3a851181b1	discovery	54	60	55	60	-3.5	+	AATTTT	1.2863754034042358
EMB_prokbert_C21	tjupan_bacillus_subtilis_main_ba49f50d8b0af1c7	dbtbs_bsub_core_8a4a22c637647f42	discovery	14	20	15	20	-43.5	+	TTAATT	1.3085379600524902
EMB_prokbert_C21	tjupan_bacillus_subtilis_main_f05d30123c592277	dbtbs_bsub_core_f05d30123c592277	discovery	11	17	12	17	-46.5	+	AATTTT	1.3209096193313599
EMB_prokbert_C21	tjupan_bacillus_subtilis_main_dbf995194ebf2b2d	dbtbs_bsub_core_dbf995194ebf2b2d	discovery	49	55	50	55	-8.5	+	TTTAAT	1.325359582901001
EMB_prokbert_C21	tjupan_bacillus_subtilis_main_9d589577eb1cbe67	tjupan_bacillus_subtilis_main_9d589577eb1cbe67	discovery	53	59	54	59	-4.5	+	TAATTT	1.3373641967773438
EMB_prokbert_C21	tjupan_bacillus_subtilis_main_a43a1f032db2e49e	dbtbs_bsub_core_872c1380ac7bb81f	discovery	54	60	55	60	-3.5	+	TTTAAT	1.3562027215957642
EMB_prokbert_C21	tjupan_bacillus_subtilis_main_08d810e756c7d81b	tjupan_bacillus_subtilis_main_08d810e756c7d81b	discovery	17	23	18	23	-40.5	+	TAATTT	1.3575878143310547
EMB_prokbert_C21	tjupan_bacillus_subtilis_main_9d5c52bb0fa0ffad	dbtbs_bsub_core_9d5c52bb0fa0ffad	discovery	72	78	73	78	14.5	+	ATTTTA	1.3722442388534546
EMB_prokbert_C21	tjupan_bacillus_subtilis_main_ab3313558a015086	dbtbs_bsub_core_ab3313558a015086	discovery	57	63	58	63	-0.5	+	CTTTAA	1.3963305950164795
EMB_prokbert_C21	tjupan_bacillus_subtilis_main_ff61268918c0af5d	tjupan_bacillus_subtilis_main_ff61268918c0af5d	discovery	68	74	69	74	10.5	+	TTATTT	1.403291940689087
EMB_prokbert_C21	tjupan_bacillus_subtilis_main_fc6071b9027316a7	tjupan_bacillus_subtilis_main_fc6071b9027316a7	discovery	20	26	21	26	-37.5	+	ATTTAA	1.4040312767028809
EMB_prokbert_C21	tjupan_bacillus_subtilis_main_60ee42342c88d235	tjupan_bacillus_subtilis_main_60ee42342c88d235	discovery	30	36	31	36	-27.5	+	CTTTTA	1.4084718227386475
EMB_prokbert_C21	tjupan_bacillus_subtilis_main_9361e0f82edaa017	tjupan_bacillus_subtilis_main_9361e0f82edaa017	discovery	7	13	8	13	-50.5	+	ATTTTA	1.412094235420227
EMB_prokbert_C21	tjupan_bacillus_subtilis_main_3270409c742f3314	dbtbs_bsub_core_edd6f2ee95c58508	discovery	69	75	70	75	11.5	+	TTTTAG	1.4499430656433105
EMB_prokbert_C21	tjupan_bacillus_subtilis_main_a8b2c052c0cdfcff	tjupan_bacillus_subtilis_main_a8b2c052c0cdfcff	discovery	6	12	7	12	-51.5	+	TTTAAT	1.4499794244766235
EMB_prokbert_C21	tjupan_bacillus_subtilis_main_583caee20795a363	dbtbs_bsub_core_eb847cafc60502c2	discovery	29	35	30	35	-28.5	+	TTAATT	1.4507344961166382
EMB_prokbert_C21	tjupan_bacillus_subtilis_main_fcf1520effc316d9	dbtbs_bsub_core_fcf1520effc316d9	discovery	34	40	35	40	-23.5	+	TAATTT	1.468935251235962
EMB_prokbert_C21	tjupan_bacillus_subtilis_main_ca7deec2e4330ae4	tjupan_bacillus_subtilis_main_ca7deec2e4330ae4	discovery	72	78	73	78	14.5	+	ATTTTA	1.4747968912124634
EMB_prokbert_C21	tjupan_bacillus_subtilis_main_bb68072522710571	dbtbs_bsub_core_bb68072522710571	discovery	13	19	14	19	-44.5	+	TTTTAG	1.4960215091705322
EMB_prokbert_C21	tjupan_bacillus_subtilis_main_66846fa14c29dbc1	dbtbs_bsub_core_89ab3601fa8ac055	discovery	7	13	8	13	-50.5	+	TCTTAA	1.503623127937317
EMB_prokbert_C21	tjupan_bacillus_subtilis_main_43596a46e3e4ddaa	tjupan_bacillus_subtilis_main_43596a46e3e4ddaa	discovery	33	39	34	39	-24.5	+	ATTTTA	1.5136349201202393
EMB_prokbert_C21	tjupan_bacillus_subtilis_main_636c41b820e9fd5d	tjupan_bacillus_subtilis_main_636c41b820e9fd5d	discovery	10	16	11	16	-47.5	+	TTTCTA	1.5174626111984253
EMB_prokbert_C21	tjupan_bacillus_subtilis_main_24675587b92cc4c7	tjupan_bacillus_subtilis_main_24675587b92cc4c7	discovery	55	61	56	61	-2.5	+	AATTTA	1.519971251487732
EMB_prokbert_C21	tjupan_bacillus_subtilis_main_73a7b40a4dc814aa	dbtbs_bsub_core_bdba293c4926b88d	discovery	63	69	64	69	5.5	+	TTATTT	1.5237513780593872
EMB_prokbert_C21	tjupan_bacillus_subtilis_main_e4e4a1be67374f28	dbtbs_bsub_core_e4e4a1be67374f28	discovery	68	74	69	74	10.5	+	TTACAA	1.5376505851745605
EMB_prokbert_C21	tjupan_bacillus_subtilis_main_0710c2f2267154d3	dbtbs_bsub_core_0710c2f2267154d3	discovery	45	51	46	51	-12.5	+	TCATAA	1.5396990776062012
EMB_prokbert_C21	tjupan_bacillus_subtilis_main_954287dc5b301340	tjupan_bacillus_subtilis_main_954287dc5b301340	discovery	24	30	25	30	-33.5	+	ATTTTA	1.5511924028396606
EMB_prokbert_C21	tjupan_bacillus_subtilis_main_101463e41079a20e	dbtbs_bsub_core_101463e41079a20e	discovery	67	73	68	73	9.5	+	TACAAT	1.5574463605880737
EMB_prokbert_C21	tjupan_bacillus_subtilis_main_fea876b7208e46e3	dbtbs_bsub_core_fea876b7208e46e3	discovery	39	45	40	45	-18.5	+	ATAATT	1.5650076866149902
EMB_prokbert_C21	tjupan_bacillus_subtilis_main_91723abad13f63e4	tjupan_bacillus_subtilis_main_91723abad13f63e4	discovery	39	45	40	45	-18.5	+	TTTTAT	1.5664589405059814
EMB_prokbert_C21	tjupan_bacillus_subtilis_main_8b7394af6b78d50f	dbtbs_bsub_core_c890b4346c03f247	discovery	48	54	49	54	-9.5	+	TTTAAA	1.5692709684371948
EMB_prokbert_C21	tjupan_bacillus_subtilis_main_94d81586c680a254	tjupan_bacillus_subtilis_main_94d81586c680a254	discovery	10	16	11	16	-47.5	+	ATTTGT	1.569339632987976
EMB_prokbert_C21	tjupan_bacillus_subtilis_main_84e6c8375d18dc47	tjupan_bacillus_subtilis_main_84e6c8375d18dc47	discovery	20	26	21	26	-37.5	+	GATTTA	1.573772668838501
EMB_prokbert_C21	tjupan_bacillus_subtilis_main_d497e040ececfdff	dbtbs_bsub_core_a797439cbe2b0d85	discovery	8	14	9	14	-49.5	+	TAATTT	1.5769238471984863
EMB_prokbert_C21	tjupan_bacillus_subtilis_main_7942697cd86d944b	tjupan_bacillus_subtilis_main_7942697cd86d944b	discovery	28	34	29	34	-29.5	+	GAATTA	1.5779796838760376
EMB_prokbert_C21	tjupan_bacillus_subtilis_main_9daaa0d103ffad86	dbtbs_bsub_core_9daaa0d103ffad86	discovery	18	24	19	24	-39.5	+	TTTACA	1.5808430910110474
EMB_prokbert_C21	tjupan_bacillus_subtilis_main_daaf0c7fa42ef2fa	dbtbs_bsub_core_ef9625ff29774e65	discovery	51	57	52	57	-6.5	+	CATTTA	1.592336893081665
EMB_prokbert_C21	tjupan_bacillus_subtilis_main_52931b7eafd9a9b2	dbtbs_bsub_core_324baeb0b4deda5d	discovery	39	45	40	45	-18.5	+	AATTAG	1.5976407527923584
EMB_prokbert_C21	tjupan_bacillus_subtilis_main_e1ad11de708bb9dd	dbtbs_bsub_core_0ce0cc9e187b5d37	discovery	19	25	20	25	-38.5	+	CTATTT	1.5990204811096191
EMB_prokbert_C21	tjupan_bacillus_subtilis_main_ff3d11f785ddd890	dbtbs_bsub_core_ff3d11f785ddd890	discovery	61	67	62	67	3.5	+	GTTTAA	1.6011443138122559
EMB_prokbert_C21	tjupan_bacillus_subtilis_main_2a051d7d075d7920	tjupan_bacillus_subtilis_main_2a051d7d075d7920	discovery	12	18	13	18	-45.5	+	ATTTAA	1.603898286819458
EMB_prokbert_C21	tjupan_bacillus_subtilis_main_fde7c2aaac5c57ce	dbtbs_bsub_core_fde7c2aaac5c57ce	discovery	4	10	5	10	-53.5	+	TTTAAT	1.6040074825286865
EMB_prokbert_C21	tjupan_bacillus_subtilis_main_0438d7b75e1f910f	dbtbs_bsub_core_975fc641de00609f	discovery	6	12	7	12	-51.5	+	TATTTA	1.6071126461029053
EMB_prokbert_C21	tjupan_bacillus_subtilis_main_9a6d97baf1c02d30	dbtbs_bsub_core_9a6d97baf1c02d30	discovery	21	27	22	27	-36.5	+	TTATTT	1.6117674112319946
EMB_prokbert_C21	tjupan_bacillus_subtilis_main_43fbda6e3c3abdae	dbtbs_bsub_core_c62c8589a5774a74	discovery	12	18	13	18	-45.5	+	TTTTAT	1.6156527996063232
EMB_prokbert_C21	tjupan_bacillus_subtilis_main_9d34f9d9e0ee0e26	dbtbs_bsub_core_9d34f9d9e0ee0e26	discovery	18	24	19	24	-39.5	+	TAAAAT	1.617674708366394
EMB_prokbert_C21	tjupan_bacillus_subtilis_main_c3fafc97a347852e	tjupan_bacillus_subtilis_main_c3fafc97a347852e	discovery	10	16	11	16	-47.5	+	TATTAA	1.6195924282073975
EMB_prokbert_C21	tjupan_bacillus_subtilis_main_5787c658c95c4762	tjupan_bacillus_subtilis_main_5787c658c95c4762	discovery	44	50	45	50	-13.5	+	ATTTCA	1.6237064599990845
EMB_prokbert_C21	tjupan_bacillus_subtilis_main_5e3ef261f40425ef	tjupan_bacillus_subtilis_main_5e3ef261f40425ef	discovery	27	33	28	33	-30.5	+	TAATTT	1.624751329421997
EMB_prokbert_C21	tjupan_bacillus_subtilis_main_f869091e55050110	tjupan_bacillus_subtilis_main_f869091e55050110	discovery	52	58	53	58	-5.5	+	TATTAA	1.6261488199234009
EMB_prokbert_C21	tjupan_bacillus_subtilis_main_857deea4069ff6ab	tjupan_bacillus_subtilis_main_857deea4069ff6ab	discovery	43	49	44	49	-14.5	+	TTTTAT	1.6268765926361084
EMB_prokbert_C21	tjupan_bacillus_subtilis_main_150dcd3daf63d162	dbtbs_bsub_core_150dcd3daf63d162	discovery	28	34	29	34	-29.5	+	TATTTA	1.6335134506225586
EMB_prokbert_C21	tjupan_bacillus_subtilis_main_4915fc510c1f847f	tjupan_bacillus_subtilis_main_4915fc510c1f847f	discovery	46	52	47	52	-11.5	+	ATTTAA	1.635022759437561
EMB_prokbert_C21	tjupan_bacillus_subtilis_main_61d216a2a24189d0	dbtbs_bsub_core_61d216a2a24189d0	discovery	47	53	48	53	-10.5	+	TTTAAA	1.6371554136276245
EMB_prokbert_C21	tjupan_bacillus_subtilis_main_1cd26aa95d9363dc	dbtbs_bsub_core_1cd26aa95d9363dc	discovery	5	11	6	11	-52.5	+	CTTTAT	1.6375559568405151
EMB_prokbert_C21	tjupan_bacillus_subtilis_main_3b9d28ffe489c3c7	dbtbs_bsub_core_260ddc8adeedb788	discovery	65	71	66	71	7.5	+	ATTTTA	1.6395649909973145
EMB_prokbert_C21	tjupan_bacillus_subtilis_main_024ba149e95dcf1a	tjupan_bacillus_subtilis_main_024ba149e95dcf1a	discovery	41	47	42	47	-16.5	+	TTTTAA	1.6415727138519287
EMB_prokbert_C21	tjupan_bacillus_subtilis_main_6e989f822c0894af	dbtbs_bsub_core_bb5ca17cb9317fea	discovery	31	37	32	37	-26.5	+	TTATTA	1.6497787237167358
EMB_prokbert_C21	tjupan_bacillus_subtilis_main_4d08fa1f606ad269	tjupan_bacillus_subtilis_main_4d08fa1f606ad269	discovery	58	64	59	64	0.5	+	ATTTAA	1.6547858715057373
EMB_prokbert_C21	tjupan_bacillus_subtilis_main_a9ae08a54b460299	dbtbs_bsub_core_4c306bb2d4b261c8	discovery	10	16	11	16	-47.5	+	TTTTAA	1.6609653234481812
EMB_prokbert_C21	tjupan_bacillus_subtilis_main_2e59e247c2d07b0b	tjupan_bacillus_subtilis_main_2e59e247c2d07b0b	discovery	31	37	32	37	-26.5	+	TTTTAA	1.6620386838912964
EMB_prokbert_C21	tjupan_bacillus_subtilis_main_3eb701a469cb4095	tjupan_bacillus_subtilis_main_3eb701a469cb4095	discovery	21	27	22	27	-36.5	+	AATTTA	1.6645132303237915
EMB_prokbert_C21	tjupan_bacillus_subtilis_main_49d5f09ecdaa68d2	dbtbs_bsub_core_2fc6766ca8c365d3	discovery	16	22	17	22	-41.5	+	ATTTAA	1.6657171249389648
EMB_prokbert_C21	tjupan_bacillus_subtilis_main_4059ca0cce5522a4	tjupan_bacillus_subtilis_main_4059ca0cce5522a4	discovery	46	52	47	52	-11.5	+	TTTATT	1.671694278717041
EMB_prokbert_C21	tjupan_bacillus_subtilis_main_45683747106d08bd	tjupan_bacillus_subtilis_main_45683747106d08bd	discovery	24	30	25	30	-33.5	+	AATTTA	1.67686128616333
EMB_prokbert_C21	tjupan_bacillus_subtilis_main_55935e0c215d1239	dbtbs_bsub_core_bd96a60828361996	discovery	66	72	67	72	8.5	+	AATTTT	1.6816602945327759
EMB_prokbert_C21	tjupan_bacillus_subtilis_main_cf3def291394eeb9	tjupan_bacillus_subtilis_main_cf3def291394eeb9	discovery	71	77	72	77	13.5	+	TTTTAT	1.6827208995819092
EMB_prokbert_C21	tjupan_bacillus_subtilis_main_cb2c7c4f94201384	tjupan_bacillus_subtilis_main_cb2c7c4f94201384	discovery	4	10	5	10	-53.5	+	ATTTAA	1.6832647323608398
EMB_prokbert_C21	tjupan_bacillus_subtilis_main_c0aec64934968747	tjupan_bacillus_subtilis_main_c0aec64934968747	discovery	4	10	5	10	-53.5	+	TTCATA	1.6846884489059448
EMB_prokbert_C21	tjupan_bacillus_subtilis_main_64dfe397c07a4656	dbtbs_bsub_core_99013d44fc3df9d1	discovery	48	54	49	54	-9.5	+	TTTAAT	1.6858243942260742
EMB_prokbert_C21	tjupan_bacillus_subtilis_main_c180878a6f782e9f	dbtbs_bsub_core_c180878a6f782e9f	discovery	28	34	29	34	-29.5	+	AATTAA	1.6901206970214844
EMB_prokbert_C21	tjupan_bacillus_subtilis_main_85511e0264f2e3b8	dbtbs_bsub_core_35445cef3104bf74	discovery	11	17	12	17	-46.5	+	TTATTT	1.6922651529312134
EMB_prokbert_C21	tjupan_bacillus_subtilis_main_c758d11e26aac641	tjupan_bacillus_subtilis_main_c758d11e26aac641	discovery	28	34	29	34	-29.5	+	TTGTTA	1.6976560354232788
EMB_prokbert_C21	tjupan_bacillus_subtilis_main_d03161002d7a6f34	dbtbs_bsub_core_11066f3e95c7986c	discovery	19	25	20	25	-38.5	+	ATTTTA	1.6982001066207886
EMB_prokbert_C21	tjupan_bacillus_subtilis_main_6b5eda10bbc36b27	dbtbs_bsub_core_0d578393adbcde98	discovery	17	23	18	23	-40.5	+	TTAATT	1.70301353931427
EMB_prokbert_C21	tjupan_bacillus_subtilis_main_8560b0f67ab5f5ab	dbtbs_bsub_core_f7a2628d99aff81a	discovery	34	40	35	40	-23.5	+	CTTAAT	1.7053807973861694
EMB_prokbert_C21	tjupan_bacillus_subtilis_main_76909c0ebd8db916	dbtbs_bsub_core_d5153844984277ea	discovery	15	21	16	21	-42.5	+	TTTAAA	1.706992745399475
EMB_prokbert_C21	tjupan_bacillus_subtilis_main_7358cf40e4efa482	tjupan_bacillus_subtilis_main_7358cf40e4efa482	discovery	68	74	69	74	10.5	+	TTTTAT	1.710066795349121
EMB_prokbert_C21	tjupan_bacillus_subtilis_main_0a71b8cbf4011c3b	dbtbs_bsub_core_dc5af08cd1bffe94	discovery	20	26	21	26	-37.5	+	TTATTA	1.7104525566101074
EMB_prokbert_C21	tjupan_bacillus_subtilis_main_71eaf5cbf249113b	dbtbs_bsub_core_71eaf5cbf249113b	discovery	71	77	72	77	13.5	+	ATTAAT	1.7137353420257568
EMB_prokbert_C21	tjupan_bacillus_subtilis_main_3c72a88384ee6013	tjupan_bacillus_subtilis_main_3c72a88384ee6013	discovery	24	30	25	30	-33.5	+	GTATTA	1.7141425609588623
EMB_prokbert_C21	tjupan_bacillus_subtilis_main_91197a052a9adc5b	tjupan_bacillus_subtilis_main_91197a052a9adc5b	discovery	6	12	7	12	-51.5	+	TTTAAT	1.7144657373428345
EMB_prokbert_C21	tjupan_bacillus_subtilis_main_2330b24ab93e80ef	dbtbs_bsub_core_747f22d2323a8765	discovery	4	10	5	10	-53.5	+	TTTTAA	1.7199056148529053
EMB_prokbert_C21	tjupan_bacillus_subtilis_main_74de924b5fe0230a	dbtbs_bsub_core_74de924b5fe0230a	discovery	58	64	59	64	0.5	+	ATTAAA	1.7204737663269043
EMB_prokbert_C21	tjupan_bacillus_subtilis_main_78caf7680ac9ae4c	tjupan_bacillus_subtilis_main_78caf7680ac9ae4c	discovery	46	52	47	52	-11.5	+	AATTTA	1.7228401899337769
EMB_prokbert_C21	tjupan_bacillus_subtilis_main_c2d54a415a7d048a	dbtbs_bsub_core_c2d54a415a7d048a	discovery	35	41	36	41	-22.5	+	TTTCAA	1.7322686910629272
EMB_prokbert_C21	tjupan_bacillus_subtilis_main_fa23a6db7de139e8	tjupan_bacillus_subtilis_main_fa23a6db7de139e8	discovery	45	51	46	51	-12.5	+	TTTTAA	1.7328318357467651
EMB_prokbert_C21	tjupan_bacillus_subtilis_main_acb860b1f6674578	dbtbs_bsub_core_f1e6e06788e9c9fd	discovery	53	59	54	59	-4.5	+	ATTTTA	1.7343083620071411
EMB_prokbert_C21	tjupan_bacillus_subtilis_main_ade9dc791ab39f6c	dbtbs_bsub_core_ade9dc791ab39f6c	discovery	35	41	36	41	-22.5	+	CATTTA	1.7373521327972412
EMB_prokbert_C21	tjupan_bacillus_subtilis_main_9ab6c96db0706f0e	dbtbs_bsub_core_c190339743385950	discovery	36	42	37	42	-21.5	+	AATTTT	1.7407500743865967
EMB_prokbert_C21	tjupan_bacillus_subtilis_main_1db11a6d86ff5865	tjupan_bacillus_subtilis_main_1db11a6d86ff5865	discovery	20	26	21	26	-37.5	+	TTTTAT	1.7407668828964233
EMB_prokbert_C21	tjupan_bacillus_subtilis_main_32475822eb2ec4c0	tjupan_bacillus_subtilis_main_32475822eb2ec4c0	discovery	13	19	14	19	-44.5	+	TAACAA	1.744206190109253
EMB_prokbert_C21	tjupan_bacillus_subtilis_main_eaa75817f87b3088	dbtbs_bsub_core_71c43b52121900cc	discovery	16	22	17	22	-41.5	+	TTTTAA	1.7471859455108643
EMB_prokbert_C21	tjupan_bacillus_subtilis_main_77dc78ed29025116	dbtbs_bsub_core_77dc78ed29025116	discovery	33	39	34	39	-24.5	+	TTCAAA	1.7509064674377441
EMB_prokbert_C21	tjupan_bacillus_subtilis_main_264ccaf63cfb1cfe	tjupan_bacillus_subtilis_main_264ccaf63cfb1cfe	discovery	9	15	10	15	-48.5	+	ATTTAT	1.7509692907333374
EMB_prokbert_C21	tjupan_bacillus_subtilis_main_18d5be8d5c4f9a22	tjupan_bacillus_subtilis_main_18d5be8d5c4f9a22	discovery	6	12	7	12	-51.5	+	TTAATT	1.7546522617340088
EMB_prokbert_C21	tjupan_bacillus_subtilis_main_87b26b7083b048a9	dbtbs_bsub_core_fe60102a69552e4c	discovery	18	24	19	24	-39.5	+	TTAATT	1.7569516897201538
EMB_prokbert_C21	tjupan_bacillus_subtilis_main_7cd769ed0580d73e	tjupan_bacillus_subtilis_main_7cd769ed0580d73e	discovery	20	26	21	26	-37.5	+	TTTTAT	1.7588908672332764
EMB_prokbert_C21	tjupan_bacillus_subtilis_main_0c4104d2e02c2e3b	dbtbs_bsub_core_a955cdf3a08d689c	discovery	35	41	36	41	-22.5	+	TTTAAA	1.763118028640747
EMB_prokbert_C21	tjupan_bacillus_subtilis_main_0b104549c8fd9755	dbtbs_bsub_core_0b104549c8fd9755	discovery	71	77	72	77	13.5	+	TTTATG	1.771506667137146
EMB_prokbert_C21	tjupan_bacillus_subtilis_main_342a4291e30f5e80	dbtbs_bsub_core_342a4291e30f5e80	discovery	5	11	6	11	-52.5	+	AATTTT	1.7783650159835815
EMB_prokbert_C21	tjupan_bacillus_subtilis_main_213d453c1e49e371	tjupan_bacillus_subtilis_main_213d453c1e49e371	discovery	42	48	43	48	-15.5	+	TTTTAA	1.7810444831848145
EMB_prokbert_C21	tjupan_bacillus_subtilis_main_2c8e4076a462c87c	dbtbs_bsub_core_2c8e4076a462c87c	discovery	26	32	27	32	-31.5	+	TTTAAA	1.7825965881347656
EMB_prokbert_C21	tjupan_bacillus_subtilis_main_1edc8da3b582b0a5	dbtbs_bsub_core_1edc8da3b582b0a5	discovery	2	8	3	8	-55.5	+	TTATTA	1.7866164445877075
EMB_prokbert_C21	tjupan_bacillus_subtilis_main_73f2f27ec267a871	dbtbs_bsub_core_77a7b73eeb200478	discovery	36	42	37	42	-21.5	+	TTTAAC	1.7867950201034546
EMB_prokbert_C21	tjupan_bacillus_subtilis_main_b7c0b4323e70fc71	dbtbs_bsub_core_b7c0b4323e70fc71	discovery	39	45	40	45	-18.5	+	ATTTTA	1.7874504327774048
EMB_prokbert_C21	tjupan_bacillus_subtilis_main_59b38cd2f2ea112d	dbtbs_bsub_core_59b38cd2f2ea112d	discovery	10	16	11	16	-47.5	+	ATTTTC	1.7942050695419312
EMB_prokbert_C21	tjupan_bacillus_subtilis_main_c22e62909e814f30	dbtbs_bsub_core_e2251470d219464a	discovery	5	11	6	11	-52.5	+	TTTTAT	1.7951477766036987
EMB_prokbert_C21	tjupan_bacillus_subtilis_main_fe2a626ec63a594e	dbtbs_bsub_core_abc060d81660f90c	discovery	53	59	54	59	-4.5	+	TAATTT	1.7953771352767944
EMB_prokbert_C21	tjupan_bacillus_subtilis_main_89f3272bd34ff475	tjupan_bacillus_subtilis_main_89f3272bd34ff475	discovery	39	45	40	45	-18.5	+	TTTAAG	1.7972227334976196
EMB_prokbert_C21	tjupan_bacillus_subtilis_main_49e8e3a6681b011d	dbtbs_bsub_core_e14a6f906af1fa54	discovery	10	16	11	16	-47.5	+	CTTTAA	1.7972983121871948
EMB_prokbert_C21	tjupan_bacillus_subtilis_main_a26ee3e07cf1eedf	dbtbs_bsub_core_a26ee3e07cf1eedf	discovery	11	17	12	17	-46.5	+	ATTTCA	1.8043663501739502
EMB_prokbert_C21	tjupan_bacillus_subtilis_main_67a8fe9203485bd0	dbtbs_bsub_core_67a8fe9203485bd0	discovery	31	37	32	37	-26.5	+	ATTTTC	1.8081458806991577
EMB_prokbert_C21	tjupan_bacillus_subtilis_main_1732506bbac23b7c	dbtbs_bsub_core_1732506bbac23b7c	discovery	54	60	55	60	-3.5	+	TTTAAT	1.8086682558059692
EMB_prokbert_C21	tjupan_bacillus_subtilis_main_0261e5d9e5354132	tjupan_bacillus_subtilis_main_0261e5d9e5354132	discovery	15	21	16	21	-42.5	+	TTAACT	1.8097593784332275
EMB_prokbert_C21	tjupan_bacillus_subtilis_main_1b0cfe46f303d3fa	dbtbs_bsub_core_56695775e253190c	discovery	27	33	28	33	-30.5	+	TTTAAA	1.817811131477356
EMB_prokbert_C21	tjupan_bacillus_subtilis_main_2c918744f6daf466	dbtbs_bsub_core_20f77243a5b2c4ab	discovery	69	75	70	75	11.5	+	GTTTAA	1.8194758892059326
EMB_prokbert_C21	tjupan_bacillus_subtilis_main_f0903ae0ab41d118	dbtbs_bsub_core_16fb2108119b7eaf	discovery	15	21	16	21	-42.5	+	TTTATT	1.8209240436553955
EMB_prokbert_C21	tjupan_bacillus_subtilis_main_0fe342e604184137	dbtbs_bsub_core_f039c4e5fee11aa3	discovery	19	25	20	25	-38.5	+	TTAAGA	1.8219599723815918
EMB_prokbert_C21	tjupan_bacillus_subtilis_main_754ac4e873f6c24d	tjupan_bacillus_subtilis_main_754ac4e873f6c24d	discovery	53	59	54	59	-4.5	+	TTTTAG	1.82293701171875
EMB_prokbert_C21	tjupan_bacillus_subtilis_main_52267ea931cb2dd7	dbtbs_bsub_core_b35218f45c0f11c8	discovery	3	9	4	9	-54.5	+	CTTATT	1.8248677253723145
EMB_prokbert_C21	tjupan_bacillus_subtilis_main_ca7144caa797f7bc	dbtbs_bsub_core_ca7144caa797f7bc	discovery	51	57	52	57	-6.5	+	AATTTA	1.8263280391693115
EMB_prokbert_C21	tjupan_bacillus_subtilis_main_972c682163779595	dbtbs_bsub_core_6e525afed4c0ab9e	discovery	69	75	70	75	11.5	+	GTTTAA	1.8268616199493408
EMB_prokbert_C21	tjupan_bacillus_subtilis_main_9c3cc423ec1465b1	dbtbs_bsub_core_9c3cc423ec1465b1	discovery	2	8	3	8	-55.5	+	AATTTA	1.8275552988052368
EMB_prokbert_C21	tjupan_bacillus_subtilis_main_d9cd9789d0fb01a3	dbtbs_bsub_core_c190339743385950	discovery	42	48	43	48	-15.5	+	AATTTT	1.8293348550796509
EMB_prokbert_C21	tjupan_bacillus_subtilis_main_aded66fe8079e578	tjupan_bacillus_subtilis_main_aded66fe8079e578	discovery	12	18	13	18	-45.5	+	AAGATT	1.840267539024353
EMB_prokbert_C21	tjupan_bacillus_subtilis_main_0e56c5fe6c5d0db0	dbtbs_bsub_core_cfddcd51a76889fd	discovery	74	80	75	80	16.5	+	ATTTAT	1.8403983116149902
EMB_prokbert_C21	tjupan_bacillus_subtilis_main_f3b59cc74d659ebc	dbtbs_bsub_core_866d6e8af07c9412	discovery	14	20	15	20	-43.5	+	TTAACA	1.841367483139038
EMB_prokbert_C21	tjupan_bacillus_subtilis_main_4cf64b5587e1d04e	dbtbs_bsub_core_4cf64b5587e1d04e	discovery	6	12	7	12	-51.5	+	AATATT	1.842808723449707
EMB_prokbert_C21	tjupan_bacillus_subtilis_main_6361ce51efe0f541	dbtbs_bsub_core_b928ebfb52e4cb48	discovery	13	19	14	19	-44.5	+	TTTGAT	1.847241997718811
EMB_prokbert_C21	tjupan_bacillus_subtilis_main_4a76c51266c80a0f	dbtbs_bsub_core_b905bf06b88d4e46	discovery	3	9	4	9	-54.5	+	AAAATT	1.851056694984436
EMB_prokbert_C21	tjupan_bacillus_subtilis_main_0d315ab142d66dcc	dbtbs_bsub_core_76d28d1be3f9f514	discovery	4	10	5	10	-53.5	+	TAATTT	1.8543978929519653
EMB_prokbert_C21	tjupan_bacillus_subtilis_main_8e9af30cd29c08ec	dbtbs_bsub_core_ab5345ed831420ec	discovery	20	26	21	26	-37.5	+	AATTTT	1.855211853981018
EMB_prokbert_C21	tjupan_bacillus_subtilis_main_8e892e5639ef0ac1	dbtbs_bsub_core_d25c674b3a14df1a	discovery	12	18	13	18	-45.5	+	TCTTAA	1.8569939136505127
EMB_prokbert_C21	tjupan_bacillus_subtilis_main_a2eb9b766304b405	dbtbs_bsub_core_adaec4e024668ee2	discovery	16	22	17	22	-41.5	+	AATTTA	1.859103798866272
EMB_prokbert_C21	tjupan_bacillus_subtilis_main_6c11169e185f76df	dbtbs_bsub_core_6c11169e185f76df	discovery	26	32	27	32	-31.5	+	GTTTAA	1.8606221675872803
EMB_prokbert_C21	tjupan_bacillus_subtilis_main_ed12f07c80365cbc	dbtbs_bsub_core_09dd4c8ba7bc09c6	discovery	68	74	69	74	10.5	+	TTTATG	1.8622182607650757
EMB_prokbert_C21	tjupan_bacillus_subtilis_main_c7c68e6fe4d84a02	tjupan_bacillus_subtilis_main_c7c68e6fe4d84a02	discovery	26	32	27	32	-31.5	+	TTTTAA	1.8650974035263062
EMB_prokbert_C21	tjupan_bacillus_subtilis_main_1a8b81622422b81c	dbtbs_bsub_core_045e4f174337aedd	discovery	0	6	1	6	-57.5	+	TATTTA	1.8678879737854004
EMB_prokbert_C21	tjupan_bacillus_subtilis_main_f246415af5cfc524	dbtbs_bsub_core_f246415af5cfc524	discovery	24	30	25	30	-33.5	+	TTTAAA	1.8743257522583008
EMB_prokbert_C21	tjupan_bacillus_subtilis_main_efde358c620c36bd	dbtbs_bsub_core_efde358c620c36bd	discovery	35	41	36	41	-22.5	+	CTATTT	1.8878391981124878
EMB_prokbert_C21	tjupan_bacillus_subtilis_main_c204793b69b45448	dbtbs_bsub_core_c204793b69b45448	discovery	26	32	27	32	-31.5	+	TTTTAC	1.8905811309814453
EMB_prokbert_C21	tjupan_bacillus_subtilis_main_62eb1c4377c084e1	dbtbs_bsub_core_413a4bed9f6cfeea	discovery	66	72	67	72	8.5	+	ATTTTA	1.8908212184906006
EMB_prokbert_C21	tjupan_bacillus_subtilis_main_ef37e7c4f77cfd3f	tjupan_bacillus_subtilis_main_ef37e7c4f77cfd3f	discovery	21	27	22	27	-36.5	+	TTTATA	1.8914705514907837
EMB_prokbert_C21	tjupan_bacillus_subtilis_main_671ae756f8df7bca	dbtbs_bsub_core_340ffe292c28e826	discovery	28	34	29	34	-29.5	+	TAAATT	1.8916795253753662
EMB_prokbert_C21	tjupan_bacillus_subtilis_main_a1b8ecb6878276b4	dbtbs_bsub_core_a1b8ecb6878276b4	discovery	32	38	33	38	-25.5	+	TCTTTA	1.8917394876480103
EMB_prokbert_C21	tjupan_bacillus_subtilis_main_d59578e8446625f3	dbtbs_bsub_core_d59578e8446625f3	discovery	62	68	63	68	4.5	+	ATTTTA	1.892425298690796
EMB_prokbert_C21	tjupan_bacillus_subtilis_main_8f7d87652de79d90	dbtbs_bsub_core_8f7d87652de79d90	discovery	39	45	40	45	-18.5	+	TTTATT	1.901365041732788
EMB_prokbert_C21	tjupan_bacillus_subtilis_main_a9fde0fdd238b261	dbtbs_bsub_core_06588c97cd7288a8	discovery	47	53	48	53	-10.5	+	TGATAC	1.9038194417953491
EMB_prokbert_C21	tjupan_bacillus_subtilis_main_4e48cd3162b15e74	tjupan_bacillus_subtilis_main_4e48cd3162b15e74	discovery	9	15	10	15	-48.5	+	TTTATT	1.904462456703186
EMB_prokbert_C21	tjupan_bacillus_subtilis_main_e6accdb752f9724f	dbtbs_bsub_core_41815df9927fe319	discovery	12	18	13	18	-45.5	+	TTTTAT	1.9136384725570679
EMB_prokbert_C21	tjupan_bacillus_subtilis_main_29dff321a99fa8a2	dbtbs_bsub_core_e964a63647aab2c6	discovery	19	25	20	25	-38.5	+	TGATTA	1.913852572441101
EMB_prokbert_C21	tjupan_bacillus_subtilis_main_e1d5408a78fdd1c5	dbtbs_bsub_core_f8ce2fa963a01405	discovery	61	67	62	67	3.5	+	TATTGG	1.9140576124191284
EMB_prokbert_C21	tjupan_bacillus_subtilis_main_982fa9762732f05a	tjupan_bacillus_subtilis_main_982fa9762732f05a	discovery	38	44	39	44	-19.5	+	CTTTAA	1.9160850048065186
EMB_prokbert_C21	tjupan_bacillus_subtilis_main_a2cd64f7b02e9630	tjupan_bacillus_subtilis_main_a2cd64f7b02e9630	discovery	6	12	7	12	-51.5	+	TAAGTT	1.9308933019638062
EMB_prokbert_C21	tjupan_bacillus_subtilis_main_666dd7e391a36890	dbtbs_bsub_core_666dd7e391a36890	discovery	28	34	29	34	-29.5	+	ATTTAA	1.9366040229797363
EMB_prokbert_C21	tjupan_bacillus_subtilis_main_d24ab9ea2522f43e	dbtbs_bsub_core_e391b9fe5a0b653f	discovery	21	27	22	27	-36.5	+	TTTTAG	1.9382338523864746
EMB_prokbert_C21	tjupan_bacillus_subtilis_main_2b17d905bac0c3bc	dbtbs_bsub_core_2b17d905bac0c3bc	discovery	27	33	28	33	-30.5	+	TTAAAA	1.9428685903549194
EMB_prokbert_C21	tjupan_bacillus_subtilis_main_b5cc4aad42c9a683	dbtbs_bsub_core_b5cc4aad42c9a683	discovery	71	77	72	77	13.5	+	TTTTAA	1.9436619281768799
EMB_prokbert_C21	tjupan_bacillus_subtilis_main_f09c3556dc31a575	dbtbs_bsub_core_f09c3556dc31a575	discovery	25	31	26	31	-32.5	+	GTTTAA	1.947618842124939
EMB_prokbert_C21	tjupan_bacillus_subtilis_main_cd5426fc6bacf792	dbtbs_bsub_core_cd5426fc6bacf792	discovery	58	64	59	64	0.5	+	TTTATA	1.9547258615493774
EMB_prokbert_C21	tjupan_bacillus_subtilis_main_02077247d0a8a665	dbtbs_bsub_core_e82d4ff28ccc2c95	discovery	62	68	63	68	4.5	+	TTTAAC	1.9589664936065674
EMB_prokbert_C21	tjupan_bacillus_subtilis_main_f5fed123a3ffd242	dbtbs_bsub_core_f5fed123a3ffd242	discovery	70	76	71	76	12.5	+	GTTTTA	1.9618110656738281
EMB_prokbert_C21	tjupan_bacillus_subtilis_main_f3e9cc226f1feac3	tjupan_bacillus_subtilis_main_f3e9cc226f1feac3	discovery	8	14	9	14	-49.5	+	AGTTTA	1.9655802249908447
EMB_prokbert_C21	tjupan_bacillus_subtilis_main_70da326395794983	tjupan_bacillus_subtilis_main_70da326395794983	discovery	10	16	11	16	-47.5	+	TTACCA	1.9684534072875977
EMB_prokbert_C21	tjupan_bacillus_subtilis_main_8797dcd405b13c8e	tjupan_bacillus_subtilis_main_8797dcd405b13c8e	discovery	65	71	66	71	7.5	+	TATTTA	1.9722206592559814
EMB_prokbert_C21	tjupan_bacillus_subtilis_main_10eda96ea4199e8c	dbtbs_bsub_core_10eda96ea4199e8c	discovery	56	62	57	62	-1.5	+	TATTTT	1.974685788154602
EMB_prokbert_C21	tjupan_bacillus_subtilis_main_61c707ac72aeda97	tjupan_bacillus_subtilis_main_61c707ac72aeda97	discovery	25	31	26	31	-32.5	+	TTCATA	1.979537844657898
EMB_prokbert_C21	tjupan_bacillus_subtilis_main_118649b56e4ec470	tjupan_bacillus_subtilis_main_118649b56e4ec470	discovery	36	42	37	42	-21.5	+	TTTTAT	1.9818745851516724
EMB_prokbert_C21	tjupan_bacillus_subtilis_main_bba2e45eb636482b	dbtbs_bsub_core_bba2e45eb636482b	discovery	1	7	2	7	-56.5	+	GTAATT	1.9866247177124023
EMB_prokbert_C21	tjupan_bacillus_subtilis_main_6406719b10941769	dbtbs_bsub_core_5bcaee6240f23d4b	discovery	14	20	15	20	-43.5	+	TTTTGG	1.9873682260513306
EMB_prokbert_C21	tjupan_bacillus_subtilis_main_eb11019c71a3a745	tjupan_bacillus_subtilis_main_eb11019c71a3a745	discovery	68	74	69	74	10.5	+	TTTTTA	1.988723635673523
EMB_prokbert_C21	tjupan_bacillus_subtilis_main_f7fb3b6a673b2fe9	dbtbs_bsub_core_4c8b5a3cc4c24c6c	discovery	15	21	16	21	-42.5	+	CAATTT	1.9932982921600342
EMB_prokbert_C21	tjupan_bacillus_subtilis_main_f1fe1806a852fcba	dbtbs_bsub_core_f1fe1806a852fcba	discovery	5	11	6	11	-52.5	+	TTAAAA	1.9983367919921875
EMB_prokbert_C21	tjupan_bacillus_subtilis_main_56fbf5e1ebfb46d1	dbtbs_bsub_core_56fbf5e1ebfb46d1	discovery	52	58	53	58	-5.5	+	CTATTT	2.004718065261841
EMB_prokbert_C21	tjupan_bacillus_subtilis_main_ae3d0ab77a583f3f	tjupan_bacillus_subtilis_main_ae3d0ab77a583f3f	discovery	7	13	8	13	-50.5	+	TTATTG	2.00510573387146
EMB_prokbert_C21	tjupan_bacillus_subtilis_main_e0774d83207a7dd7	dbtbs_bsub_core_2b17d905bac0c3bc	discovery	28	34	29	34	-29.5	+	TTAAAA	2.008542776107788
EMB_prokbert_C21	tjupan_bacillus_subtilis_main_1dc2eb4818f9715a	dbtbs_bsub_core_1dc2eb4818f9715a	discovery	70	76	71	76	12.5	+	TAACTT	2.015995502471924
EMB_prokbert_C21	tjupan_bacillus_subtilis_main_3ac22b11e92c0ec1	tjupan_bacillus_subtilis_main_3ac22b11e92c0ec1	discovery	51	57	52	57	-6.5	+	TTATTC	2.0166733264923096
EMB_prokbert_C21	tjupan_bacillus_subtilis_main_93b5da0b5f842573	dbtbs_bsub_core_93b5da0b5f842573	discovery	20	26	21	26	-37.5	+	TTTAAG	2.0316882133483887
EMB_prokbert_C21	tjupan_bacillus_subtilis_main_2b2db3c55e03b737	dbtbs_bsub_core_9d26dfa3049d6f00	discovery	69	75	70	75	11.5	+	CTTTAA	2.0335161685943604
EMB_prokbert_C21	tjupan_bacillus_subtilis_main_f5b082fd616807b3	dbtbs_bsub_core_4e960695d4b362e6	discovery	24	30	25	30	-33.5	+	TTTATG	2.0339834690093994
EMB_prokbert_C21	tjupan_bacillus_subtilis_main_632ff1f5d92b347a	tjupan_bacillus_subtilis_main_632ff1f5d92b347a	discovery	31	37	32	37	-26.5	+	TTTATT	2.038269519805908
EMB_prokbert_C21	tjupan_bacillus_subtilis_main_0ba2ad2fd14630a8	dbtbs_bsub_core_0ba2ad2fd14630a8	discovery	63	69	64	69	5.5	+	TTGATA	2.03909969329834
EMB_prokbert_C21	tjupan_bacillus_subtilis_main_216653931b9dfc0d	tjupan_bacillus_subtilis_main_216653931b9dfc0d	discovery	35	41	36	41	-22.5	+	TATTTA	2.044574499130249
EMB_prokbert_C21	tjupan_bacillus_subtilis_main_32a70db45859cbb9	dbtbs_bsub_core_32a70db45859cbb9	discovery	31	37	32	37	-26.5	+	TATTTT	2.046729564666748
EMB_prokbert_C21	tjupan_bacillus_subtilis_main_ba9efec60bbd4a6b	tjupan_bacillus_subtilis_main_ba9efec60bbd4a6b	discovery	16	22	17	22	-41.5	+	TTAAGA	2.0469372272491455
EMB_prokbert_C21	tjupan_bacillus_subtilis_main_96d42d8ccff315ec	tjupan_bacillus_subtilis_main_96d42d8ccff315ec	discovery	0	6	1	6	-57.5	+	TTAATT	2.050387382507324
EMB_prokbert_C21	tjupan_bacillus_subtilis_main_ced72b826f4a910f	dbtbs_bsub_core_d1a4fbb8ec4bd212	discovery	26	32	27	32	-31.5	+	GTTTAA	2.050874948501587
EMB_prokbert_C21	tjupan_bacillus_subtilis_main_ac1a0a0a579397f6	tjupan_bacillus_subtilis_main_ac1a0a0a579397f6	discovery	21	27	22	27	-36.5	+	TTAATC	2.059840440750122
EMB_prokbert_C21	tjupan_bacillus_subtilis_main_05b3d931ff35d8e8	dbtbs_bsub_core_05b3d931ff35d8e8	discovery	54	60	55	60	-3.5	+	TTCTAT	2.0615646839141846
EMB_prokbert_C21	tjupan_bacillus_subtilis_main_09deb32688bf8365	tjupan_bacillus_subtilis_main_09deb32688bf8365	discovery	62	68	63	68	4.5	+	ATTTTG	2.071357250213623
EMB_prokbert_C21	tjupan_bacillus_subtilis_main_3741d9dc6611d95f	tjupan_bacillus_subtilis_main_3741d9dc6611d95f	discovery	61	67	62	67	3.5	+	AATTTA	2.0726571083068848
EMB_prokbert_C21	tjupan_bacillus_subtilis_main_db7eebd0b9425a4f	dbtbs_bsub_core_db7eebd0b9425a4f	discovery	26	32	27	32	-31.5	+	TTTAAA	2.0799074172973633
EMB_prokbert_C21	tjupan_bacillus_subtilis_main_e66d1eb3358cf03d	dbtbs_bsub_core_601150b85493a7a1	discovery	7	13	8	13	-50.5	+	TTTTAA	2.0823748111724854
EMB_prokbert_C21	tjupan_bacillus_subtilis_main_26786ec6f94b1750	dbtbs_bsub_core_26786ec6f94b1750	discovery	9	15	10	15	-48.5	+	ATTTTC	2.0921151638031006
EMB_prokbert_C21	tjupan_bacillus_subtilis_main_edce5d598636e106	dbtbs_bsub_core_39acf3daf47ccd69	discovery	11	17	12	17	-46.5	+	TTTAAA	2.094771146774292
EMB_prokbert_C21	tjupan_bacillus_subtilis_main_fea868950ff1c774	tjupan_bacillus_subtilis_main_fea868950ff1c774	discovery	37	43	38	43	-20.5	+	TAGGAA	2.098860263824463
EMB_prokbert_C21	tjupan_bacillus_subtilis_main_a52148b067c7a32f	tjupan_bacillus_subtilis_main_a52148b067c7a32f	discovery	21	27	22	27	-36.5	+	CATTTA	2.1002397537231445
EMB_prokbert_C21	tjupan_bacillus_subtilis_main_7ac1767347438edd	dbtbs_bsub_core_5c6ce2f66e66fe9e	discovery	4	10	5	10	-53.5	+	TCGATT	2.113293170928955
EMB_prokbert_C21	tjupan_bacillus_subtilis_main_7ebbe970ac38b83d	dbtbs_bsub_core_5742761e1938e2d4	discovery	33	39	34	39	-24.5	+	TTTTAA	2.1194183826446533
EMB_prokbert_C21	tjupan_bacillus_subtilis_main_dc65c8922842b20f	tjupan_bacillus_subtilis_main_dc65c8922842b20f	discovery	32	38	33	38	-25.5	+	TTTTAA	2.1245405673980713
EMB_prokbert_C21	tjupan_bacillus_subtilis_main_d04a67d8cb9ad084	dbtbs_bsub_core_d04a67d8cb9ad084	discovery	13	19	14	19	-44.5	+	ATTTAT	2.1287877559661865
EMB_prokbert_C21	tjupan_bacillus_subtilis_main_ff62fa3227cb3ab1	dbtbs_bsub_core_f748f853b4ec2056	discovery	24	30	25	30	-33.5	+	GGTTTA	2.1289658546447754
EMB_prokbert_C21	tjupan_bacillus_subtilis_main_dccf4ca03cd1642b	dbtbs_bsub_core_dccf4ca03cd1642b	discovery	9	15	10	15	-48.5	+	TTTTAT	2.131518840789795
EMB_prokbert_C21	tjupan_bacillus_subtilis_main_eb3c3d68906264b7	tjupan_bacillus_subtilis_main_eb3c3d68906264b7	discovery	9	15	10	15	-48.5	+	CTTTAA	2.133850574493408
EMB_prokbert_C21	tjupan_bacillus_subtilis_main_5eccf0b4b51999b8	tjupan_bacillus_subtilis_main_5eccf0b4b51999b8	discovery	18	24	19	24	-39.5	+	GTTTAA	2.134129047393799
EMB_prokbert_C21	tjupan_bacillus_subtilis_main_5f8b6936b2e52932	tjupan_bacillus_subtilis_main_5f8b6936b2e52932	discovery	67	73	68	73	9.5	+	TTTTAA	2.1413023471832275
EMB_prokbert_C21	tjupan_bacillus_subtilis_main_eebec5ad9a06df67	dbtbs_bsub_core_5cddd19c752675c8	discovery	60	66	61	66	2.5	+	AATTAT	2.141885757446289
EMB_prokbert_C21	tjupan_bacillus_subtilis_main_ff1b0f332755e37b	dbtbs_bsub_core_710c0cbad80c03b6	discovery	3	9	4	9	-54.5	+	TTTAAT	2.1605210304260254
EMB_prokbert_C21	tjupan_bacillus_subtilis_main_7d976c34bed90c97	tjupan_bacillus_subtilis_main_7d976c34bed90c97	discovery	0	6	1	6	-57.5	+	AATTTA	2.1620728969573975
EMB_prokbert_C21	tjupan_bacillus_subtilis_main_4181c9b10d028c59	dbtbs_bsub_core_f859289dc167ed3a	discovery	36	42	37	42	-21.5	+	TTTTGA	2.164067506790161
EMB_prokbert_C21	tjupan_bacillus_subtilis_main_76885f00c763f220	dbtbs_bsub_core_07bcce23a89f64fb	discovery	3	9	4	9	-54.5	+	TTGTTA	2.1732943058013916
EMB_prokbert_C21	tjupan_bacillus_subtilis_main_a31f56ff3ee450d4	dbtbs_bsub_core_1c4407f77cf4bab2	discovery	57	63	58	63	-0.5	+	TTTGAA	2.173478126525879
EMB_prokbert_C21	tjupan_bacillus_subtilis_main_10eb69ed5f79bca3	dbtbs_bsub_core_e365baa66d245063	discovery	29	35	30	35	-28.5	+	ATTTTA	2.1738171577453613
EMB_prokbert_C21	tjupan_bacillus_subtilis_main_b7cebcbae1ca8171	dbtbs_bsub_core_342a4291e30f5e80	discovery	10	16	11	16	-47.5	+	GATTTA	2.180222511291504
EMB_prokbert_C21	tjupan_bacillus_subtilis_main_be557af728070615	tjupan_bacillus_subtilis_main_be557af728070615	discovery	9	15	10	15	-48.5	+	TTTTAG	2.180513858795166
EMB_prokbert_C21	tjupan_bacillus_subtilis_main_f04c569125ce3afa	dbtbs_bsub_core_85a34ab094cb765f	discovery	28	34	29	34	-29.5	+	TTTTAA	2.183621883392334
EMB_prokbert_C21	tjupan_bacillus_subtilis_main_be897b68bd393df0	dbtbs_bsub_core_be897b68bd393df0	discovery	41	47	42	47	-16.5	+	ATTTAG	2.1870243549346924
EMB_prokbert_C21	tjupan_bacillus_subtilis_main_5957e34dfa6ab85c	tjupan_bacillus_subtilis_main_5957e34dfa6ab85c	discovery	13	19	14	19	-44.5	+	TTATTA	2.1894614696502686
EMB_prokbert_C21	tjupan_bacillus_subtilis_main_b7c0eae7293a1bfc	dbtbs_bsub_core_0bfdb592513badc4	discovery	75	81	76	81	17.5	+	GAATTT	2.19014835357666
EMB_prokbert_C21	tjupan_bacillus_subtilis_main_bc41d7d0760497f9	dbtbs_bsub_core_bc41d7d0760497f9	discovery	1	7	2	7	-56.5	+	ATATTT	2.197082042694092
EMB_prokbert_C21	tjupan_bacillus_subtilis_main_e90961ead2da3f7b	tjupan_bacillus_subtilis_main_e90961ead2da3f7b	discovery	73	79	74	79	15.5	+	GTTTAA	2.204157829284668
EMB_prokbert_C21	tjupan_bacillus_subtilis_main_a61c0978ae294759	tjupan_bacillus_subtilis_main_a61c0978ae294759	discovery	27	33	28	33	-30.5	+	GTTTAA	2.2043001651763916
EMB_prokbert_C21	tjupan_bacillus_subtilis_main_0acb3976b9331524	tjupan_bacillus_subtilis_main_0acb3976b9331524	discovery	10	16	11	16	-47.5	+	TCCTTA	2.213379144668579
EMB_prokbert_C21	tjupan_bacillus_subtilis_main_e70fb70b66e1d829	tjupan_bacillus_subtilis_main_e70fb70b66e1d829	discovery	37	43	38	43	-20.5	+	TTGTAA	2.2254648208618164
EMB_prokbert_C21	tjupan_bacillus_subtilis_main_e4dda028e03de313	dbtbs_bsub_core_e4dda028e03de313	discovery	10	16	11	16	-47.5	+	TTTGTA	2.2427008152008057
EMB_prokbert_C21	tjupan_bacillus_subtilis_main_5b5f9b9ad371b1b0	tjupan_bacillus_subtilis_main_5b5f9b9ad371b1b0	discovery	45	51	46	51	-12.5	+	CTTTAT	2.2610349655151367
EMB_prokbert_C21	tjupan_bacillus_subtilis_main_5e34c7286340c249	dbtbs_bsub_core_0fedc539a64a99b7	discovery	5	11	6	11	-52.5	+	TTAGAA	2.2931666374206543
EMB_prokbert_C21	tjupan_bacillus_subtilis_main_2bdb32bb685dc1db	tjupan_bacillus_subtilis_main_2bdb32bb685dc1db	discovery	23	29	24	29	-34.5	+	TTTTAT	2.3078768253326416
EMB_prokbert_C21	tjupan_bacillus_subtilis_main_6fc8019646ae0ec6	dbtbs_bsub_core_0346364171f10446	discovery	40	46	41	46	-17.5	+	TTCGAT	2.309429407119751
EMB_prokbert_C21	tjupan_bacillus_subtilis_main_1259688a411f3c07	tjupan_bacillus_subtilis_main_1259688a411f3c07	discovery	40	46	41	46	-17.5	+	TTTTAT	2.3165183067321777
EMB_prokbert_C21	tjupan_bacillus_subtilis_main_b790c6b12a43a7c6	tjupan_bacillus_subtilis_main_b790c6b12a43a7c6	discovery	46	52	47	52	-11.5	+	TGTTAA	2.3170437812805176
EMB_prokbert_C21	tjupan_bacillus_subtilis_main_6901d7d50287d8c1	dbtbs_bsub_core_6901d7d50287d8c1	discovery	20	26	21	26	-37.5	+	TGGTTT	2.3182332515716553
EMB_prokbert_C21	tjupan_bacillus_subtilis_main_86c973796d10f50f	dbtbs_bsub_core_86c973796d10f50f	discovery	20	26	21	26	-37.5	+	TTATTA	2.320852518081665
EMB_prokbert_C21	tjupan_bacillus_subtilis_main_5fc80954df40cf68	dbtbs_bsub_core_44be1bddac760e1c	discovery	31	37	32	37	-26.5	+	CATTTA	2.32411527633667
EMB_prokbert_C21	tjupan_bacillus_subtilis_main_35bf7199ae44b70c	dbtbs_bsub_core_35bf7199ae44b70c	discovery	17	23	18	23	-40.5	+	TTCAAA	2.329641103744507
EMB_prokbert_C21	tjupan_bacillus_subtilis_main_edadeeaf4ff7a848	tjupan_bacillus_subtilis_main_edadeeaf4ff7a848	discovery	54	60	55	60	-3.5	+	AAATTT	2.355621337890625
EMB_prokbert_C21	tjupan_bacillus_subtilis_main_ffb5b3082f8ea0cd	tjupan_bacillus_subtilis_main_ffb5b3082f8ea0cd	discovery	1	7	2	7	-56.5	+	TTATTC	2.3774139881134033
EMB_prokbert_C21	tjupan_bacillus_subtilis_main_e62d7e001687b19a	tjupan_bacillus_subtilis_main_e62d7e001687b19a	discovery	27	33	28	33	-30.5	+	GTTTAA	2.397150754928589
EMB_prokbert_C21	tjupan_bacillus_subtilis_main_adff0049bb8c9b3f	tjupan_bacillus_subtilis_main_adff0049bb8c9b3f	discovery	2	8	3	8	-55.5	+	TTTAAA	2.408201217651367
EMB_prokbert_C21	tjupan_bacillus_subtilis_main_e2b483c6aef274e0	dbtbs_bsub_core_175bcd2ea2263ee4	discovery	74	80	75	80	16.5	+	CTTAAA	2.436722993850708
EMB_prokbert_C21	tjupan_bacillus_subtilis_main_db51f0e14ca9b6e9	tjupan_bacillus_subtilis_main_db51f0e14ca9b6e9	discovery	15	21	16	21	-42.5	+	TTTAGA	2.5301735401153564
EMB_prokbert_C21	tjupan_bacillus_subtilis_main_9296390fae4fd68d	tjupan_bacillus_subtilis_main_9296390fae4fd68d	discovery	64	70	65	70	6.5	+	TTTACT	2.5461111068725586
EMB_prokbert_C21	tjupan_bacillus_subtilis_main_c3431646de80d63f	tjupan_bacillus_subtilis_main_c3431646de80d63f	discovery	15	21	16	21	-42.5	+	AAGTTT	2.6226329803466797
EMB_prokbert_C21	tjupan_bacillus_subtilis_main_c648ac4df22b0f89	dbtbs_bsub_core_c648ac4df22b0f89	discovery	11	17	12	17	-46.5	+	TTCCAA	2.631981134414673
EMB_prokbert_C21	tjupan_bacillus_subtilis_main_06d485c4aaa12e15	dbtbs_bsub_core_06d485c4aaa12e15	discovery	3	9	4	9	-54.5	+	TTTAAA	2.6631453037261963
EMB_prokbert_C21	tjupan_bacillus_subtilis_main_a92ee416463b3fc1	dbtbs_bsub_core_585820026d8d814d	discovery	22	28	23	28	-35.5	+	TTTAGA	2.6687214374542236
EMB_prokbert_C21	tjupan_bacillus_subtilis_main_71a2a4c64c087430	tjupan_bacillus_subtilis_main_71a2a4c64c087430	discovery	2	8	3	8	-55.5	+	TTCTAA	2.6708297729492188
EMB_prokbert_C21	tjupan_bacillus_subtilis_main_b24feeda89db5dfd	dbtbs_bsub_core_b24feeda89db5dfd	discovery	69	75	70	75	11.5	+	TTTAGG	2.715228319168091
EMB_prokbert_C21	tjupan_bacillus_subtilis_main_796368712c0cdecb	tjupan_bacillus_subtilis_main_796368712c0cdecb	discovery	32	38	33	38	-25.5	+	TTTCAA	2.770228385925293
EMB_prokbert_C21	tjupan_bacillus_subtilis_main_c1bd3e378306e57e	tjupan_bacillus_subtilis_main_c1bd3e378306e57e	discovery	7	13	8	13	-50.5	+	AAAATT	2.771777868270874
EMB_prokbert_C21	tjupan_bacillus_subtilis_main_bd4e9486aa695c78	tjupan_bacillus_subtilis_main_bd4e9486aa695c78	discovery	75	81	76	81	17.5	+	TTACAG	2.889113187789917
EMB_prokbert_C22	tjupan_bacillus_subtilis_main_ad6e1b40396f6528	dbtbs_bsub_core_ad6e1b40396f6528	discovery	18	24	19	24	-39.5	+	ATAAGA	1.1834304332733154
EMB_prokbert_C22	tjupan_bacillus_subtilis_main_c5aa2a2f04401e51	tjupan_bacillus_subtilis_main_c5aa2a2f04401e51	discovery	43	49	44	49	-14.5	+	TGAAGC	1.3197094202041626
EMB_prokbert_C22	tjupan_bacillus_subtilis_main_f9edd67964b41200	dbtbs_bsub_core_f9edd67964b41200	discovery	35	41	36	41	-22.5	+	TGAGCC	1.3440743684768677
EMB_prokbert_C22	tjupan_bacillus_subtilis_main_61d216a2a24189d0	dbtbs_bsub_core_61d216a2a24189d0	discovery	31	37	32	37	-26.5	+	AGCCGA	1.409531593322754
EMB_prokbert_C22	tjupan_bacillus_subtilis_main_2a051d7d075d7920	tjupan_bacillus_subtilis_main_2a051d7d075d7920	discovery	60	66	61	66	2.5	+	AAAGCG	1.4115813970565796
EMB_prokbert_C22	tjupan_bacillus_subtilis_main_3ec4c8abee3f7a8e	dbtbs_bsub_core_c18c3f10dff5c627	discovery	26	32	27	32	-31.5	+	TAGAAC	1.416540503501892
EMB_prokbert_C22	tjupan_bacillus_subtilis_main_3eb701a469cb4095	tjupan_bacillus_subtilis_main_3eb701a469cb4095	discovery	40	46	41	46	-17.5	+	CATAGA	1.4385473728179932
EMB_prokbert_C22	tjupan_bacillus_subtilis_main_8e4b7e6c519e170f	tjupan_bacillus_subtilis_main_8e4b7e6c519e170f	discovery	13	19	14	19	-44.5	+	GAAGCT	1.4562190771102905
EMB_prokbert_C22	tjupan_bacillus_subtilis_main_91723abad13f63e4	tjupan_bacillus_subtilis_main_91723abad13f63e4	discovery	31	37	32	37	-26.5	+	GAAAGC	1.4596807956695557
EMB_prokbert_C22	tjupan_bacillus_subtilis_main_2c8e4076a462c87c	dbtbs_bsub_core_2c8e4076a462c87c	discovery	5	11	6	11	-52.5	+	GCCGTG	1.4613220691680908
EMB_prokbert_C22	tjupan_bacillus_subtilis_main_5ccaab5adb962b3d	dbtbs_bsub_core_483b39fd11d75b28	discovery	33	39	34	39	-24.5	+	AAAGCG	1.465909719467163
EMB_prokbert_C22	tjupan_bacillus_subtilis_main_06d485c4aaa12e15	dbtbs_bsub_core_06d485c4aaa12e15	discovery	34	40	35	40	-23.5	+	TGAGCG	1.4711812734603882
EMB_prokbert_C22	tjupan_bacillus_subtilis_main_b578e9e0d96d144a	dbtbs_bsub_core_b578e9e0d96d144a	discovery	7	13	8	13	-50.5	+	AACAGC	1.4989384412765503
EMB_prokbert_C22	tjupan_bacillus_subtilis_main_bb68072522710571	dbtbs_bsub_core_bb68072522710571	discovery	62	68	63	68	4.5	+	TGATAG	1.5075111389160156
EMB_prokbert_C22	tjupan_bacillus_subtilis_main_94d81586c680a254	tjupan_bacillus_subtilis_main_94d81586c680a254	discovery	28	34	29	34	-29.5	+	AGCGTG	1.5138033628463745
EMB_prokbert_C22	tjupan_bacillus_subtilis_main_e326833d29b8752f	dbtbs_bsub_core_e326833d29b8752f	discovery	33	39	34	39	-24.5	+	AAGCCA	1.522332787513733
EMB_prokbert_C22	tjupan_bacillus_subtilis_main_2b2db3c55e03b737	dbtbs_bsub_core_9d26dfa3049d6f00	discovery	22	28	23	28	-35.5	+	CAAGCT	1.5230439901351929
EMB_prokbert_C22	tjupan_bacillus_subtilis_main_89a40bf9e0650967	dbtbs_bsub_core_89a40bf9e0650967	discovery	47	53	48	53	-10.5	+	AGCGAA	1.5329084396362305
EMB_prokbert_C22	tjupan_bacillus_subtilis_main_e28ceade6e8616fa	dbtbs_bsub_core_9b12482ac6eea2d4	discovery	58	64	59	64	0.5	+	GCAAGA	1.5463719367980957
EMB_prokbert_C22	tjupan_bacillus_subtilis_main_1478640e036e0224	dbtbs_bsub_core_1478640e036e0224	discovery	42	48	43	48	-15.5	+	GAGCCG	1.5493450164794922
EMB_prokbert_C22	tjupan_bacillus_subtilis_main_187a9844a7f0c551	tjupan_bacillus_subtilis_main_187a9844a7f0c551	discovery	31	37	32	37	-26.5	+	AGCTTG	1.5634186267852783
EMB_prokbert_C22	tjupan_bacillus_subtilis_main_01ae3d26fad13b71	dbtbs_bsub_core_7a9c3b7d79cfafb8	discovery	21	27	22	27	-36.5	+	TTGGAG	1.5668591260910034
EMB_prokbert_C22	tjupan_bacillus_subtilis_main_8b776572d2e01c62	dbtbs_bsub_core_6736f212a82e3343	discovery	53	59	54	59	-4.5	+	AGGAAC	1.5701035261154175
EMB_prokbert_C22	tjupan_bacillus_subtilis_main_0d390d7bf47f6ae0	tjupan_bacillus_subtilis_main_0d390d7bf47f6ae0	discovery	53	59	54	59	-4.5	+	TGAGGC	1.5747334957122803
EMB_prokbert_C22	tjupan_bacillus_subtilis_main_bdf5315a71015695	dbtbs_bsub_core_c94ae7322b918d76	discovery	70	76	71	76	12.5	+	AGATGC	1.576655387878418
EMB_prokbert_C22	tjupan_bacillus_subtilis_main_05b3d931ff35d8e8	dbtbs_bsub_core_05b3d931ff35d8e8	discovery	13	19	14	19	-44.5	+	ATGAAG	1.5794481039047241
EMB_prokbert_C22	tjupan_bacillus_subtilis_main_ef1d1fbaad689e40	dbtbs_bsub_core_ef1d1fbaad689e40	discovery	14	20	15	20	-43.5	+	GAATAG	1.582298994064331
EMB_prokbert_C22	tjupan_bacillus_subtilis_main_4b32f81551985923	tjupan_bacillus_subtilis_main_4b32f81551985923	discovery	50	56	51	56	-7.5	+	AGGCTG	1.585985779762268
EMB_prokbert_C22	tjupan_bacillus_subtilis_main_256978383d162d01	dbtbs_bsub_core_256978383d162d01	discovery	55	61	56	61	-2.5	+	AGCTTG	1.5863628387451172
EMB_prokbert_C22	tjupan_bacillus_subtilis_main_ffb5b3082f8ea0cd	tjupan_bacillus_subtilis_main_ffb5b3082f8ea0cd	discovery	20	26	21	26	-37.5	+	GGCTGA	1.5864943265914917
EMB_prokbert_C22	tjupan_bacillus_subtilis_main_a9ae08a54b460299	dbtbs_bsub_core_4c306bb2d4b261c8	discovery	19	25	20	25	-38.5	+	AACAGG	1.5866323709487915
EMB_prokbert_C22	tjupan_bacillus_subtilis_main_1c375491ec2245f4	tjupan_bacillus_subtilis_main_1c375491ec2245f4	discovery	36	42	37	42	-21.5	+	AGGCGA	1.592943787574768
EMB_prokbert_C22	tjupan_bacillus_subtilis_main_93b5da0b5f842573	dbtbs_bsub_core_93b5da0b5f842573	discovery	24	30	25	30	-33.5	+	AGCATG	1.594557762145996
EMB_prokbert_C22	tjupan_bacillus_subtilis_main_b0d8a2369952b821	dbtbs_bsub_core_3f773ca1224c0e26	discovery	14	20	15	20	-43.5	+	GATAGG	1.5977927446365356
EMB_prokbert_C22	tjupan_bacillus_subtilis_main_9e087715e3522ed4	dbtbs_bsub_core_b3df5d74f56f0610	discovery	36	42	37	42	-21.5	+	TCAGCT	1.599865198135376
EMB_prokbert_C22	tjupan_bacillus_subtilis_main_daaf0c7fa42ef2fa	dbtbs_bsub_core_ef9625ff29774e65	discovery	30	36	31	36	-27.5	+	CCTGAG	1.6011137962341309
EMB_prokbert_C22	tjupan_bacillus_subtilis_main_7358cf40e4efa482	tjupan_bacillus_subtilis_main_7358cf40e4efa482	discovery	29	35	30	35	-28.5	+	CGAGCA	1.6069854497909546
EMB_prokbert_C22	tjupan_bacillus_subtilis_main_e445a9d379a1812a	dbtbs_bsub_core_e445a9d379a1812a	discovery	60	66	61	66	2.5	+	GAAGCT	1.6177457571029663
EMB_prokbert_C22	tjupan_bacillus_subtilis_main_6f408d5e786e413f	dbtbs_bsub_core_6f408d5e786e413f	discovery	64	70	65	70	6.5	+	CAAGCG	1.6182805299758911
EMB_prokbert_C22	tjupan_bacillus_subtilis_main_b5cc4aad42c9a683	dbtbs_bsub_core_b5cc4aad42c9a683	discovery	63	69	64	69	5.5	+	GAATAG	1.6218445301055908
EMB_prokbert_C22	tjupan_bacillus_subtilis_main_8f9b814f5e8b18ae	dbtbs_bsub_core_8f9b814f5e8b18ae	discovery	33	39	34	39	-24.5	+	CGCTGT	1.6261391639709473
EMB_prokbert_C22	tjupan_bacillus_subtilis_main_4fa5d89620e7d8ce	dbtbs_bsub_core_5eb05bc57612da6d	discovery	61	67	62	67	3.5	+	GCGAGT	1.6269177198410034
EMB_prokbert_C22	tjupan_bacillus_subtilis_main_4a76c51266c80a0f	dbtbs_bsub_core_b905bf06b88d4e46	discovery	21	27	22	27	-36.5	+	AGCCTG	1.6272073984146118
EMB_prokbert_C22	tjupan_bacillus_subtilis_main_6c11169e185f76df	dbtbs_bsub_core_6c11169e185f76df	discovery	49	55	50	55	-8.5	+	AATAGC	1.627748966217041
EMB_prokbert_C22	tjupan_bacillus_subtilis_main_238ba8da2c883516	dbtbs_bsub_core_238ba8da2c883516	discovery	62	68	63	68	4.5	+	ACAAGC	1.632867693901062
EMB_prokbert_C22	tjupan_bacillus_subtilis_main_729454a84a667dd8	dbtbs_bsub_core_729454a84a667dd8	discovery	18	24	19	24	-39.5	+	GCTGAA	1.6393322944641113
EMB_prokbert_C22	tjupan_bacillus_subtilis_main_2d40490247bb616a	dbtbs_bsub_core_ffa38d6978ad48aa	discovery	36	42	37	42	-21.5	+	AAGCGG	1.6455150842666626
EMB_prokbert_C22	tjupan_bacillus_subtilis_main_e9d365c0dda7757e	tjupan_bacillus_subtilis_main_e9d365c0dda7757e	discovery	20	26	21	26	-37.5	+	CGCTTG	1.6496820449829102
EMB_prokbert_C22	tjupan_bacillus_subtilis_main_a7a45131c45395c8	dbtbs_bsub_core_a7a45131c45395c8	discovery	30	36	31	36	-27.5	+	GACTGG	1.6502765417099
EMB_prokbert_C22	tjupan_bacillus_subtilis_main_ac1a0a0a579397f6	tjupan_bacillus_subtilis_main_ac1a0a0a579397f6	discovery	29	35	30	35	-28.5	+	AATAGT	1.6608656644821167
EMB_prokbert_C22	tjupan_bacillus_subtilis_main_213d453c1e49e371	tjupan_bacillus_subtilis_main_213d453c1e49e371	discovery	5	11	6	11	-52.5	+	GAGCAT	1.6617964506149292
EMB_prokbert_C22	tjupan_bacillus_subtilis_main_024ba149e95dcf1a	tjupan_bacillus_subtilis_main_024ba149e95dcf1a	discovery	63	69	64	69	5.5	+	AAGCCG	1.6657865047454834
EMB_prokbert_C22	tjupan_bacillus_subtilis_main_796368712c0cdecb	tjupan_bacillus_subtilis_main_796368712c0cdecb	discovery	14	20	15	20	-43.5	+	TAGAGC	1.6759233474731445
EMB_prokbert_C22	tjupan_bacillus_subtilis_main_ecef2875a7a372ba	dbtbs_bsub_core_ecef2875a7a372ba	discovery	11	17	12	17	-46.5	+	AAAGCG	1.679421305656433
EMB_prokbert_C22	tjupan_bacillus_subtilis_main_67a9ae83c973a42d	tjupan_bacillus_subtilis_main_67a9ae83c973a42d	discovery	8	14	9	14	-49.5	+	GCGAAG	1.6819127798080444
EMB_prokbert_C22	tjupan_bacillus_subtilis_main_57cb99253c19d2b6	tjupan_bacillus_subtilis_main_57cb99253c19d2b6	discovery	32	38	33	38	-25.5	+	GAAGCC	1.6845496892929077
EMB_prokbert_C22	tjupan_bacillus_subtilis_main_8a0979b032bb35c1	dbtbs_bsub_core_33318fe6256d39ff	discovery	36	42	37	42	-21.5	+	CGCCTG	1.6864622831344604
EMB_prokbert_C22	tjupan_bacillus_subtilis_main_54fd4c2966482e2c	dbtbs_bsub_core_ba3becfc7c3e4e17	discovery	21	27	22	27	-36.5	+	GCCTGA	1.687986969947815
EMB_prokbert_C22	tjupan_bacillus_subtilis_main_f246415af5cfc524	dbtbs_bsub_core_f246415af5cfc524	discovery	7	13	8	13	-50.5	+	TGAGCG	1.6893986463546753
EMB_prokbert_C22	tjupan_bacillus_subtilis_main_5e30b1d213eba695	tjupan_bacillus_subtilis_main_5e30b1d213eba695	discovery	21	27	22	27	-36.5	+	TGAAGC	1.6925404071807861
EMB_prokbert_C22	tjupan_bacillus_subtilis_main_e8dca4769e2e29bc	dbtbs_bsub_core_b8b8ac7ece3bed55	discovery	38	44	39	44	-19.5	+	ACGCTG	1.6925641298294067
EMB_prokbert_C22	tjupan_bacillus_subtilis_main_3ab41c1b83ba019b	dbtbs_bsub_core_c956a5fd581ed80a	discovery	21	27	22	27	-36.5	+	GAAGCT	1.6966291666030884
EMB_prokbert_C22	tjupan_bacillus_subtilis_main_8265264627414ceb	tjupan_bacillus_subtilis_main_8265264627414ceb	discovery	30	36	31	36	-27.5	+	AGCTGG	1.6982648372650146
EMB_prokbert_C22	tjupan_bacillus_subtilis_main_3ed5570d9bd715ae	dbtbs_bsub_core_0561dd78dc44b145	discovery	54	60	55	60	-3.5	+	ATGAAG	1.698865532875061
EMB_prokbert_C22	tjupan_bacillus_subtilis_main_a92ee416463b3fc1	dbtbs_bsub_core_585820026d8d814d	discovery	59	65	60	65	1.5	+	TGTAGC	1.7062475681304932
EMB_prokbert_C22	tjupan_bacillus_subtilis_main_0d315ab142d66dcc	dbtbs_bsub_core_76d28d1be3f9f514	discovery	33	39	34	39	-24.5	+	ACAGCT	1.708522081375122
EMB_prokbert_C22	tjupan_bacillus_subtilis_main_2931d3a1a20c25de	dbtbs_bsub_core_60150ba1e82823d4	discovery	10	16	11	16	-47.5	+	GCACGA	1.7201060056686401
EMB_prokbert_C22	tjupan_bacillus_subtilis_main_7ebbe970ac38b83d	dbtbs_bsub_core_5742761e1938e2d4	discovery	14	20	15	20	-43.5	+	AGCGGA	1.7215937376022339
EMB_prokbert_C22	tjupan_bacillus_subtilis_main_43fbda6e3c3abdae	dbtbs_bsub_core_c62c8589a5774a74	discovery	41	47	42	47	-16.5	+	CGAAGC	1.7224383354187012
EMB_prokbert_C22	tjupan_bacillus_subtilis_main_84e6c8375d18dc47	tjupan_bacillus_subtilis_main_84e6c8375d18dc47	discovery	46	52	47	52	-11.5	+	CATAGG	1.7275091409683228
EMB_prokbert_C22	tjupan_bacillus_subtilis_main_0f3eb3e9a9977e6d	tjupan_bacillus_subtilis_main_0f3eb3e9a9977e6d	discovery	34	40	35	40	-23.5	+	GCTTGA	1.7276813983917236
EMB_prokbert_C22	tjupan_bacillus_subtilis_main_9990510225814384	tjupan_bacillus_subtilis_main_9990510225814384	discovery	12	18	13	18	-45.5	+	GATAAG	1.7281612157821655
EMB_prokbert_C22	tjupan_bacillus_subtilis_main_fe2a626ec63a594e	dbtbs_bsub_core_abc060d81660f90c	discovery	62	68	63	68	4.5	+	CCAGCG	1.7338004112243652
EMB_prokbert_C22	tjupan_bacillus_subtilis_main_3ac22b11e92c0ec1	tjupan_bacillus_subtilis_main_3ac22b11e92c0ec1	discovery	61	67	62	67	3.5	+	GCGAAG	1.7344528436660767
EMB_prokbert_C22	tjupan_bacillus_subtilis_main_02077247d0a8a665	dbtbs_bsub_core_e82d4ff28ccc2c95	discovery	27	33	28	33	-30.5	+	GCAAGC	1.7412798404693604
EMB_prokbert_C22	tjupan_bacillus_subtilis_main_84597be11ba889b8	tjupan_bacillus_subtilis_main_84597be11ba889b8	discovery	37	43	38	43	-20.5	+	CAAGCG	1.741377353668213
EMB_prokbert_C22	tjupan_bacillus_subtilis_main_ff61268918c0af5d	tjupan_bacillus_subtilis_main_ff61268918c0af5d	discovery	47	53	48	53	-10.5	+	CATAGA	1.7432968616485596
EMB_prokbert_C22	tjupan_bacillus_subtilis_main_0a0035c3a0685aa9	dbtbs_bsub_core_d50ffa4df9b8add7	discovery	42	48	43	48	-15.5	+	CAGCCG	1.7434887886047363
EMB_prokbert_C22	tjupan_bacillus_subtilis_main_9d589577eb1cbe67	tjupan_bacillus_subtilis_main_9d589577eb1cbe67	discovery	59	65	60	65	1.5	+	CAAGCG	1.7467080354690552
EMB_prokbert_C22	tjupan_bacillus_subtilis_main_1dc6ad16ab0331f8	tjupan_bacillus_subtilis_main_1dc6ad16ab0331f8	discovery	46	52	47	52	-11.5	+	AATAGT	1.7509381771087646
EMB_prokbert_C22	tjupan_bacillus_subtilis_main_9d34f9d9e0ee0e26	dbtbs_bsub_core_9d34f9d9e0ee0e26	discovery	61	67	62	67	3.5	+	ACGGCA	1.751549482345581
EMB_prokbert_C22	tjupan_bacillus_subtilis_main_2c918744f6daf466	dbtbs_bsub_core_20f77243a5b2c4ab	discovery	30	36	31	36	-27.5	+	CCATGG	1.7518967390060425
EMB_prokbert_C22	tjupan_bacillus_subtilis_main_8e892e5639ef0ac1	dbtbs_bsub_core_d25c674b3a14df1a	discovery	43	49	44	49	-14.5	+	CAAGCT	1.7542695999145508
EMB_prokbert_C22	tjupan_bacillus_subtilis_main_f869091e55050110	tjupan_bacillus_subtilis_main_f869091e55050110	discovery	61	67	62	67	3.5	+	TCGCTG	1.7559754848480225
EMB_prokbert_C22	tjupan_bacillus_subtilis_main_6b5eda10bbc36b27	dbtbs_bsub_core_0d578393adbcde98	discovery	56	62	57	62	-1.5	+	ATGAAG	1.762967586517334
EMB_prokbert_C22	tjupan_bacillus_subtilis_main_af51a9f7939c4cfb	dbtbs_bsub_core_49fc6b8175a85db6	discovery	42	48	43	48	-15.5	+	GAGAGC	1.7835438251495361
EMB_prokbert_C22	tjupan_bacillus_subtilis_main_118649b56e4ec470	tjupan_bacillus_subtilis_main_118649b56e4ec470	discovery	20	26	21	26	-37.5	+	TTAGGC	1.785152554512024
EMB_prokbert_C22	tjupan_bacillus_subtilis_main_e1ad11de708bb9dd	dbtbs_bsub_core_0ce0cc9e187b5d37	discovery	38	44	39	44	-19.5	+	GGTAGA	1.7907276153564453
EMB_prokbert_C22	tjupan_bacillus_subtilis_main_a2eb9b766304b405	dbtbs_bsub_core_adaec4e024668ee2	discovery	35	41	36	41	-22.5	+	TAATGA	1.797391653060913
EMB_prokbert_C22	tjupan_bacillus_subtilis_main_d497e040ececfdff	dbtbs_bsub_core_a797439cbe2b0d85	discovery	40	46	41	46	-17.5	+	AAAGCG	1.7980048656463623
EMB_prokbert_C22	tjupan_bacillus_subtilis_main_c9a32e1db5125d7c	dbtbs_bsub_core_c9a32e1db5125d7c	discovery	9	15	10	15	-48.5	+	ACGCCT	1.8022313117980957
EMB_prokbert_C22	tjupan_bacillus_subtilis_main_fde7c2aaac5c57ce	dbtbs_bsub_core_fde7c2aaac5c57ce	discovery	28	34	29	34	-29.5	+	ACCGCT	1.8025044202804565
EMB_prokbert_C22	tjupan_bacillus_subtilis_main_5d881eac8b46d627	dbtbs_bsub_core_5d881eac8b46d627	discovery	38	44	39	44	-19.5	+	CAGCTG	1.8033273220062256
EMB_prokbert_C22	tjupan_bacillus_subtilis_main_7c03938b389dc368	dbtbs_bsub_core_39e8d21f598046d9	discovery	22	28	23	28	-35.5	+	TCTGGC	1.8041889667510986
EMB_prokbert_C22	tjupan_bacillus_subtilis_main_7bc9aa9d4ad371af	dbtbs_bsub_core_7bc9aa9d4ad371af	discovery	33	39	34	39	-24.5	+	AGCCGT	1.8093628883361816
EMB_prokbert_C22	tjupan_bacillus_subtilis_main_13f211949a22c74a	dbtbs_bsub_core_bdbae944a25ddfff	discovery	12	18	13	18	-45.5	+	GCGAAG	1.8128468990325928
EMB_prokbert_C22	tjupan_bacillus_subtilis_main_80add31ceb4a1382	tjupan_bacillus_subtilis_main_80add31ceb4a1382	discovery	51	57	52	57	-6.5	+	TGACAG	1.8152107000350952
EMB_prokbert_C22	tjupan_bacillus_subtilis_main_6514a11d381455ae	tjupan_bacillus_subtilis_main_6514a11d381455ae	discovery	12	18	13	18	-45.5	+	GCCAGA	1.817007303237915
EMB_prokbert_C22	tjupan_bacillus_subtilis_main_264ccaf63cfb1cfe	tjupan_bacillus_subtilis_main_264ccaf63cfb1cfe	discovery	25	31	26	31	-32.5	+	ACTTGG	1.8172645568847656
EMB_prokbert_C22	tjupan_bacillus_subtilis_main_754ac4e873f6c24d	tjupan_bacillus_subtilis_main_754ac4e873f6c24d	discovery	32	38	33	38	-25.5	+	AAGAGC	1.817328929901123
EMB_prokbert_C22	tjupan_bacillus_subtilis_main_b88f3e08d3d51af5	tjupan_bacillus_subtilis_main_b88f3e08d3d51af5	discovery	33	39	34	39	-24.5	+	ACAGGC	1.823808193206787
EMB_prokbert_C22	tjupan_bacillus_subtilis_main_517410185d825f3e	tjupan_bacillus_subtilis_main_517410185d825f3e	discovery	26	32	27	32	-31.5	+	TAGCAG	1.8240973949432373
EMB_prokbert_C22	tjupan_bacillus_subtilis_main_e0774d83207a7dd7	dbtbs_bsub_core_2b17d905bac0c3bc	discovery	19	25	20	25	-38.5	+	ACGGCT	1.830132246017456
EMB_prokbert_C22	tjupan_bacillus_subtilis_main_2b17d905bac0c3bc	dbtbs_bsub_core_2b17d905bac0c3bc	discovery	18	24	19	24	-39.5	+	ACGGCT	1.8318474292755127
EMB_prokbert_C22	tjupan_bacillus_subtilis_main_71a2a4c64c087430	tjupan_bacillus_subtilis_main_71a2a4c64c087430	discovery	35	41	36	41	-22.5	+	GGACTG	1.8328332901000977
EMB_prokbert_C22	tjupan_bacillus_subtilis_main_0cc8abc9b551141c	dbtbs_bsub_core_0cc8abc9b551141c	discovery	36	42	37	42	-21.5	+	ACAAGT	1.8365750312805176
EMB_prokbert_C22	tjupan_bacillus_subtilis_main_0ba2ad2fd14630a8	dbtbs_bsub_core_0ba2ad2fd14630a8	discovery	11	17	12	17	-46.5	+	ACGAGC	1.838827133178711
EMB_prokbert_C22	tjupan_bacillus_subtilis_main_66bdec0f6e49230b	dbtbs_bsub_core_66bdec0f6e49230b	discovery	62	68	63	68	4.5	+	CATAGC	1.839544653892517
EMB_prokbert_C22	tjupan_bacillus_subtilis_main_b59ef89e981b3745	tjupan_bacillus_subtilis_main_b59ef89e981b3745	discovery	6	12	7	12	-51.5	+	AAGCTC	1.8463698625564575
EMB_prokbert_C22	tjupan_bacillus_subtilis_main_a31f56ff3ee450d4	dbtbs_bsub_core_1c4407f77cf4bab2	discovery	31	37	32	37	-26.5	+	CAGGCT	1.8487414121627808
EMB_prokbert_C22	tjupan_bacillus_subtilis_main_ffefbc2ceaf331ea	dbtbs_bsub_core_ea5509009da1e1aa	discovery	40	46	41	46	-17.5	+	AAGCGC	1.8515698909759521
EMB_prokbert_C22	tjupan_bacillus_subtilis_main_ade9dc791ab39f6c	dbtbs_bsub_core_ade9dc791ab39f6c	discovery	61	67	62	67	3.5	+	GGATAC	1.8522510528564453
EMB_prokbert_C22	tjupan_bacillus_subtilis_main_dc1d0e364ea2d865	tjupan_bacillus_subtilis_main_dc1d0e364ea2d865	discovery	16	22	17	22	-41.5	+	CGAATG	1.8541007041931152
EMB_prokbert_C22	tjupan_bacillus_subtilis_main_2a3c695bd1a0b4c9	tjupan_bacillus_subtilis_main_2a3c695bd1a0b4c9	discovery	60	66	61	66	2.5	+	AGAAGC	1.8560433387756348
EMB_prokbert_C22	tjupan_bacillus_subtilis_main_92b62a9d8d87ace9	dbtbs_bsub_core_92b62a9d8d87ace9	discovery	36	42	37	42	-21.5	+	GGCAGA	1.8629956245422363
EMB_prokbert_C22	tjupan_bacillus_subtilis_main_ced72b826f4a910f	dbtbs_bsub_core_d1a4fbb8ec4bd212	discovery	11	17	12	17	-46.5	+	CGGCAA	1.8661119937896729
EMB_prokbert_C22	tjupan_bacillus_subtilis_main_4d08fa1f606ad269	tjupan_bacillus_subtilis_main_4d08fa1f606ad269	discovery	19	25	20	25	-38.5	+	AGCACT	1.866487741470337
EMB_prokbert_C22	tjupan_bacillus_subtilis_main_ab3313558a015086	dbtbs_bsub_core_ab3313558a015086	discovery	64	70	65	70	6.5	+	AGCGCT	1.8673182725906372
EMB_prokbert_C22	tjupan_bacillus_subtilis_main_5b5f9b9ad371b1b0	tjupan_bacillus_subtilis_main_5b5f9b9ad371b1b0	discovery	33	39	34	39	-24.5	+	CGCAAG	1.869346022605896
EMB_prokbert_C22	tjupan_bacillus_subtilis_main_101463e41079a20e	dbtbs_bsub_core_101463e41079a20e	discovery	32	38	33	38	-25.5	+	TATGCC	1.8713847398757935
EMB_prokbert_C22	tjupan_bacillus_subtilis_main_14a46634ed7dcff0	tjupan_bacillus_subtilis_main_14a46634ed7dcff0	discovery	6	12	7	12	-51.5	+	AAAGCG	1.873414397239685
EMB_prokbert_C22	tjupan_bacillus_subtilis_main_8b7394af6b78d50f	dbtbs_bsub_core_c890b4346c03f247	discovery	4	10	5	10	-53.5	+	CAATGA	1.8764111995697021
EMB_prokbert_C22	tjupan_bacillus_subtilis_main_ea59d0ddaaaaf005	dbtbs_bsub_core_ff8c346476498240	discovery	12	18	13	18	-45.5	+	TCAAGC	1.8769639730453491
EMB_prokbert_C22	tjupan_bacillus_subtilis_main_ef6dc517178d6adf	dbtbs_bsub_core_ef6dc517178d6adf	discovery	6	12	7	12	-51.5	+	GCAGAA	1.8805146217346191
EMB_prokbert_C22	tjupan_bacillus_subtilis_main_b7c0eae7293a1bfc	dbtbs_bsub_core_0bfdb592513badc4	discovery	38	44	39	44	-19.5	+	TGAACC	1.8814074993133545
EMB_prokbert_C22	tjupan_bacillus_subtilis_main_c22e62909e814f30	dbtbs_bsub_core_e2251470d219464a	discovery	22	28	23	28	-35.5	+	GGCTGT	1.8910062313079834
EMB_prokbert_C22	tjupan_bacillus_subtilis_main_0b565809576a9e0f	dbtbs_bsub_core_0fcadafa827fb8cf	discovery	18	24	19	24	-39.5	+	GCCAAG	1.8931806087493896
EMB_prokbert_C22	tjupan_bacillus_subtilis_main_50224837ca8eceb5	dbtbs_bsub_core_50224837ca8eceb5	discovery	12	18	13	18	-45.5	+	GGCTGA	1.9079809188842773
EMB_prokbert_C22	tjupan_bacillus_subtilis_main_f5fed123a3ffd242	dbtbs_bsub_core_f5fed123a3ffd242	discovery	19	25	20	25	-38.5	+	TTAGCA	1.9118419885635376
EMB_prokbert_C22	tjupan_bacillus_subtilis_main_6e989f822c0894af	dbtbs_bsub_core_bb5ca17cb9317fea	discovery	63	69	64	69	5.5	+	AGCTCA	1.9137977361679077
EMB_prokbert_C22	tjupan_bacillus_subtilis_main_d9cd9789d0fb01a3	dbtbs_bsub_core_c190339743385950	discovery	18	24	19	24	-39.5	+	CGAGTG	1.914758324623108
EMB_prokbert_C22	tjupan_bacillus_subtilis_main_b7240ec09f994729	dbtbs_bsub_core_6cadf10f2f906812	discovery	36	42	37	42	-21.5	+	GTCGAA	1.9186354875564575
EMB_prokbert_C22	tjupan_bacillus_subtilis_main_91197a052a9adc5b	tjupan_bacillus_subtilis_main_91197a052a9adc5b	discovery	38	44	39	44	-19.5	+	TGAAGG	1.921188235282898
EMB_prokbert_C22	tjupan_bacillus_subtilis_main_712069959cf7e3b2	dbtbs_bsub_core_be0e53c334974f0a	discovery	27	33	28	33	-30.5	+	AAGCCG	1.924451231956482
EMB_prokbert_C22	tjupan_bacillus_subtilis_main_52931b7eafd9a9b2	dbtbs_bsub_core_324baeb0b4deda5d	discovery	73	79	74	79	15.5	+	GACTGC	1.9244931936264038
EMB_prokbert_C22	tjupan_bacillus_subtilis_main_e2b483c6aef274e0	dbtbs_bsub_core_175bcd2ea2263ee4	discovery	20	26	21	26	-37.5	+	AAAGCG	1.9269940853118896
EMB_prokbert_C22	tjupan_bacillus_subtilis_main_90a64d4511c49526	dbtbs_bsub_core_90a64d4511c49526	discovery	21	27	22	27	-36.5	+	ACAGAA	1.9294538497924805
EMB_prokbert_C22	tjupan_bacillus_subtilis_main_dcef15bdfb353954	dbtbs_bsub_core_dcef15bdfb353954	discovery	63	69	64	69	5.5	+	AAATAC	1.9321856498718262
EMB_prokbert_C22	tjupan_bacillus_subtilis_main_82e1287a21b69715	dbtbs_bsub_core_82e1287a21b69715	discovery	49	55	50	55	-8.5	+	ATAGCA	1.933298110961914
EMB_prokbert_C22	tjupan_bacillus_subtilis_main_a723fdca1013c0b5	dbtbs_bsub_core_a723fdca1013c0b5	discovery	45	51	46	51	-12.5	+	TCATAA	1.9355590343475342
EMB_prokbert_C22	tjupan_bacillus_subtilis_main_df2876c84282b3af	dbtbs_bsub_core_d831e470618beda7	discovery	64	70	65	70	6.5	+	TTAGCA	1.9358808994293213
EMB_prokbert_C22	tjupan_bacillus_subtilis_main_ed12f07c80365cbc	dbtbs_bsub_core_09dd4c8ba7bc09c6	discovery	57	63	58	63	-0.5	+	CTCAAG	1.936023473739624
EMB_prokbert_C22	tjupan_bacillus_subtilis_main_9296390fae4fd68d	tjupan_bacillus_subtilis_main_9296390fae4fd68d	discovery	49	55	50	55	-8.5	+	TACAGC	1.9383999109268188
EMB_prokbert_C22	tjupan_bacillus_subtilis_main_25766be7ede5bd12	tjupan_bacillus_subtilis_main_25766be7ede5bd12	discovery	60	66	61	66	2.5	+	ACGCTA	1.9433480501174927
EMB_prokbert_C22	tjupan_bacillus_subtilis_main_106e69f8e7e10bd4	tjupan_bacillus_subtilis_main_106e69f8e7e10bd4	discovery	40	46	41	46	-17.5	+	AGGCTC	1.9445809125900269
EMB_prokbert_C22	tjupan_bacillus_subtilis_main_f1fe1806a852fcba	dbtbs_bsub_core_f1fe1806a852fcba	discovery	67	73	68	73	9.5	+	AAACTG	1.9460484981536865
EMB_prokbert_C22	tjupan_bacillus_subtilis_main_d9da0a0033167763	dbtbs_bsub_core_d9da0a0033167763	discovery	9	15	10	15	-48.5	+	TTAGGC	1.946794867515564
EMB_prokbert_C22	tjupan_bacillus_subtilis_main_a52148b067c7a32f	tjupan_bacillus_subtilis_main_a52148b067c7a32f	discovery	69	75	70	75	11.5	+	GAATGC	1.947853922843933
EMB_prokbert_C22	tjupan_bacillus_subtilis_main_962b839f321a2605	dbtbs_bsub_core_962b839f321a2605	discovery	42	48	43	48	-15.5	+	TAGCGA	1.9501937627792358
EMB_prokbert_C22	tjupan_bacillus_subtilis_main_e1fd6875b30f4c73	dbtbs_bsub_core_e1fd6875b30f4c73	discovery	26	32	27	32	-31.5	+	CTGCCG	1.9555573463439941
EMB_prokbert_C22	tjupan_bacillus_subtilis_main_e47a55cd702f35e7	dbtbs_bsub_core_175bcd2ea2263ee4	discovery	16	22	17	22	-41.5	+	AAAGCG	1.9556987285614014
EMB_prokbert_C22	tjupan_bacillus_subtilis_main_a26ee3e07cf1eedf	dbtbs_bsub_core_a26ee3e07cf1eedf	discovery	30	36	31	36	-27.5	+	GCAGCG	1.9690029621124268
EMB_prokbert_C22	tjupan_bacillus_subtilis_main_3eab38fdf3061b6a	tjupan_bacillus_subtilis_main_3eab38fdf3061b6a	discovery	63	69	64	69	5.5	+	TAGGCG	1.974906325340271
EMB_prokbert_C22	tjupan_bacillus_subtilis_main_cb8c6e383b33abd4	dbtbs_bsub_core_cb8c6e383b33abd4	discovery	16	22	17	22	-41.5	+	CAGCTG	1.9811452627182007
EMB_prokbert_C22	tjupan_bacillus_subtilis_main_666dd7e391a36890	dbtbs_bsub_core_666dd7e391a36890	discovery	42	48	43	48	-15.5	+	GATGCT	1.9856008291244507
EMB_prokbert_C22	tjupan_bacillus_subtilis_main_32a70db45859cbb9	dbtbs_bsub_core_32a70db45859cbb9	discovery	68	74	69	74	10.5	+	TGCGAA	1.9869705438613892
EMB_prokbert_C22	tjupan_bacillus_subtilis_main_96d42d8ccff315ec	tjupan_bacillus_subtilis_main_96d42d8ccff315ec	discovery	43	49	44	49	-14.5	+	GCCTAA	1.9875531196594238
EMB_prokbert_C22	tjupan_bacillus_subtilis_main_618f0dc5c0847866	dbtbs_bsub_core_e2f191a04a63a5f0	discovery	28	34	29	34	-29.5	+	AACAGC	1.9878851175308228
EMB_prokbert_C22	tjupan_bacillus_subtilis_main_fea876b7208e46e3	dbtbs_bsub_core_fea876b7208e46e3	discovery	60	66	61	66	2.5	+	AGGCAT	1.9912875890731812
EMB_prokbert_C22	tjupan_bacillus_subtilis_main_4648c22f43ae6952	tjupan_bacillus_subtilis_main_4648c22f43ae6952	discovery	66	72	67	72	8.5	+	CGATCA	1.9923598766326904
EMB_prokbert_C22	tjupan_bacillus_subtilis_main_7541f607431b8a27	dbtbs_bsub_core_1f38e2f4287dbc6d	discovery	12	18	13	18	-45.5	+	AGCTGA	1.992469310760498
EMB_prokbert_C22	tjupan_bacillus_subtilis_main_5fc80954df40cf68	dbtbs_bsub_core_44be1bddac760e1c	discovery	59	65	60	65	1.5	+	AGCAAG	1.9967535734176636
EMB_prokbert_C22	tjupan_bacillus_subtilis_main_10eda96ea4199e8c	dbtbs_bsub_core_10eda96ea4199e8c	discovery	67	73	68	73	9.5	+	CAAGAG	1.9968764781951904
EMB_prokbert_C22	tjupan_bacillus_subtilis_main_71eaf5cbf249113b	dbtbs_bsub_core_71eaf5cbf249113b	discovery	22	28	23	28	-35.5	+	ATAGCA	2.0004007816314697
EMB_prokbert_C22	tjupan_bacillus_subtilis_main_4fc356ae4cdf5a10	dbtbs_bsub_core_89ad3abb800dad9f	discovery	24	30	25	30	-33.5	+	ATTGCC	2.0064902305603027
EMB_prokbert_C22	tjupan_bacillus_subtilis_main_ec2d75bce4a65abf	dbtbs_bsub_core_e3549a9c12f5ac55	discovery	8	14	9	14	-49.5	+	CAGCTG	2.012713670730591
EMB_prokbert_C22	tjupan_bacillus_subtilis_main_49d5f09ecdaa68d2	dbtbs_bsub_core_2fc6766ca8c365d3	discovery	8	14	9	14	-49.5	+	CAGCAG	2.0129752159118652
EMB_prokbert_C22	tjupan_bacillus_subtilis_main_2b799cc13a596bcd	tjupan_bacillus_subtilis_main_2b799cc13a596bcd	discovery	20	26	21	26	-37.5	+	CGAATG	2.016449451446533
EMB_prokbert_C22	tjupan_bacillus_subtilis_main_c758d11e26aac641	tjupan_bacillus_subtilis_main_c758d11e26aac641	discovery	62	68	63	68	4.5	+	AAGGCT	2.0165655612945557
EMB_prokbert_C22	tjupan_bacillus_subtilis_main_56fbf5e1ebfb46d1	dbtbs_bsub_core_56fbf5e1ebfb46d1	discovery	24	30	25	30	-33.5	+	CTTGCA	2.022141218185425
EMB_prokbert_C22	tjupan_bacillus_subtilis_main_adff0049bb8c9b3f	tjupan_bacillus_subtilis_main_adff0049bb8c9b3f	discovery	45	51	46	51	-12.5	+	TGCTGG	2.0225799083709717
EMB_prokbert_C22	tjupan_bacillus_subtilis_main_eebec5ad9a06df67	dbtbs_bsub_core_5cddd19c752675c8	discovery	19	25	20	25	-38.5	+	AAGCAG	2.024689197540283
EMB_prokbert_C22	tjupan_bacillus_subtilis_main_d1b10b64ac040b8c	dbtbs_bsub_core_3a6c62def340fb72	discovery	8	14	9	14	-49.5	+	TCAGGC	2.030968427658081
EMB_prokbert_C22	tjupan_bacillus_subtilis_main_64dfe397c07a4656	dbtbs_bsub_core_99013d44fc3df9d1	discovery	36	42	37	42	-21.5	+	GAGGCT	2.0311038494110107
EMB_prokbert_C22	tjupan_bacillus_subtilis_main_9361e0f82edaa017	tjupan_bacillus_subtilis_main_9361e0f82edaa017	discovery	14	20	15	20	-43.5	+	ATCAGC	2.0328328609466553
EMB_prokbert_C22	tjupan_bacillus_subtilis_main_549e9d5c7cb67860	dbtbs_bsub_core_1a44bafede819df1	discovery	18	24	19	24	-39.5	+	CGGCTA	2.0336740016937256
EMB_prokbert_C22	tjupan_bacillus_subtilis_main_dbf995194ebf2b2d	dbtbs_bsub_core_dbf995194ebf2b2d	discovery	4	10	5	10	-53.5	+	CCTGCA	2.0432960987091064
EMB_prokbert_C22	tjupan_bacillus_subtilis_main_3ab27dce0b1876ca	dbtbs_bsub_core_d52b0eed3ebbab2d	discovery	24	30	25	30	-33.5	+	GTTGCA	2.047527313232422
EMB_prokbert_C22	tjupan_bacillus_subtilis_main_0261e5d9e5354132	tjupan_bacillus_subtilis_main_0261e5d9e5354132	discovery	30	36	31	36	-27.5	+	ATGAAG	2.059058666229248
EMB_prokbert_C22	tjupan_bacillus_subtilis_main_2c9e8a462277f7da	dbtbs_bsub_core_f7573fed016c047b	discovery	19	25	20	25	-38.5	+	CGAGGT	2.0597476959228516
EMB_prokbert_C22	tjupan_bacillus_subtilis_main_e4ca0c490585b644	tjupan_bacillus_subtilis_main_e4ca0c490585b644	discovery	62	68	63	68	4.5	+	GAGCGT	2.0598857402801514
EMB_prokbert_C22	tjupan_bacillus_subtilis_main_fa23a6db7de139e8	tjupan_bacillus_subtilis_main_fa23a6db7de139e8	discovery	29	35	30	35	-28.5	+	AGTCGA	2.07163667678833
EMB_prokbert_C22	tjupan_bacillus_subtilis_main_4f4c3d5d96d18695	tjupan_bacillus_subtilis_main_4f4c3d5d96d18695	discovery	7	13	8	13	-50.5	+	AATATG	2.076512336730957
EMB_prokbert_C22	tjupan_bacillus_subtilis_main_48b85a8a5c19ece4	dbtbs_bsub_core_7730e205ee5d9991	discovery	20	26	21	26	-37.5	+	AAAGCT	2.0801455974578857
EMB_prokbert_C22	tjupan_bacillus_subtilis_main_f6994e5b6245c7bf	tjupan_bacillus_subtilis_main_f6994e5b6245c7bf	discovery	18	24	19	24	-39.5	+	CGATGA	2.0928688049316406
EMB_prokbert_C22	tjupan_bacillus_subtilis_main_a61c0978ae294759	tjupan_bacillus_subtilis_main_a61c0978ae294759	discovery	19	25	20	25	-38.5	+	TCTGCG	2.0944015979766846
EMB_prokbert_C22	tjupan_bacillus_subtilis_main_f6c5351a3e225d0c	dbtbs_bsub_core_f6c5351a3e225d0c	discovery	17	23	18	23	-40.5	+	GAAAGT	2.0951905250549316
EMB_prokbert_C22	tjupan_bacillus_subtilis_main_1b0cfe46f303d3fa	dbtbs_bsub_core_56695775e253190c	discovery	11	17	12	17	-46.5	+	AGAGCA	2.095655918121338
EMB_prokbert_C22	tjupan_bacillus_subtilis_main_f3e9cc226f1feac3	tjupan_bacillus_subtilis_main_f3e9cc226f1feac3	discovery	33	39	34	39	-24.5	+	TCTGCG	2.1040196418762207
EMB_prokbert_C22	tjupan_bacillus_subtilis_main_61e92334116d4289	dbtbs_bsub_core_946ad3835c6af00d	discovery	40	46	41	46	-17.5	+	CTAGTG	2.1122560501098633
EMB_prokbert_C22	tjupan_bacillus_subtilis_main_55935e0c215d1239	dbtbs_bsub_core_bd96a60828361996	discovery	33	39	34	39	-24.5	+	AGCCTA	2.118377923965454
EMB_prokbert_C22	tjupan_bacillus_subtilis_main_834e21e1951468f3	tjupan_bacillus_subtilis_main_834e21e1951468f3	discovery	10	16	11	16	-47.5	+	GGAGCT	2.124579429626465
EMB_prokbert_C22	tjupan_bacillus_subtilis_main_7ac1767347438edd	dbtbs_bsub_core_5c6ce2f66e66fe9e	discovery	27	33	28	33	-30.5	+	GATAGT	2.1292059421539307
EMB_prokbert_C22	tjupan_bacillus_subtilis_main_9a6d97baf1c02d30	dbtbs_bsub_core_9a6d97baf1c02d30	discovery	38	44	39	44	-19.5	+	GCTCGT	2.1353039741516113
EMB_prokbert_C22	tjupan_bacillus_subtilis_main_f04c569125ce3afa	dbtbs_bsub_core_85a34ab094cb765f	discovery	73	79	74	79	15.5	+	ACGCAG	2.143355131149292
EMB_prokbert_C22	tjupan_bacillus_subtilis_main_f5b082fd616807b3	dbtbs_bsub_core_4e960695d4b362e6	discovery	10	16	11	16	-47.5	+	AGGCAA	2.145580768585205
EMB_prokbert_C22	tjupan_bacillus_subtilis_main_954287dc5b301340	tjupan_bacillus_subtilis_main_954287dc5b301340	discovery	37	43	38	43	-20.5	+	GCAGCA	2.1645283699035645
EMB_prokbert_C22	tjupan_bacillus_subtilis_main_d33162cb12a5a549	tjupan_bacillus_subtilis_main_d33162cb12a5a549	discovery	73	79	74	79	15.5	+	AATGAG	2.167351245880127
EMB_prokbert_C22	tjupan_bacillus_subtilis_main_671ae756f8df7bca	dbtbs_bsub_core_340ffe292c28e826	discovery	44	50	45	50	-13.5	+	TCTGCA	2.1694161891937256
EMB_prokbert_C22	tjupan_bacillus_subtilis_main_163772f02671a528	tjupan_bacillus_subtilis_main_163772f02671a528	discovery	32	38	33	38	-25.5	+	TAGCTG	2.1713805198669434
EMB_prokbert_C22	tjupan_bacillus_subtilis_main_a43a1f032db2e49e	dbtbs_bsub_core_872c1380ac7bb81f	discovery	73	79	74	79	15.5	+	CGAGCT	2.1747443675994873
EMB_prokbert_C22	tjupan_bacillus_subtilis_main_7cd769ed0580d73e	tjupan_bacillus_subtilis_main_7cd769ed0580d73e	discovery	12	18	13	18	-45.5	+	AGCGCA	2.183377265930176
EMB_prokbert_C22	tjupan_bacillus_subtilis_main_8bf0684d999843b1	dbtbs_bsub_core_8bf0684d999843b1	discovery	28	34	29	34	-29.5	+	TAATGC	2.1854565143585205
EMB_prokbert_C22	tjupan_bacillus_subtilis_main_b47674f2cd66e067	tjupan_bacillus_subtilis_main_b47674f2cd66e067	discovery	18	24	19	24	-39.5	+	TAGCCA	2.2043609619140625
EMB_prokbert_C22	tjupan_bacillus_subtilis_main_bfe4e797767b8990	tjupan_bacillus_subtilis_main_bfe4e797767b8990	discovery	19	25	20	25	-38.5	+	GAGCTT	2.20546817779541
EMB_prokbert_C22	tjupan_bacillus_subtilis_main_48f68d49bf53ea3b	dbtbs_bsub_core_a63e45c266a8243f	discovery	13	19	14	19	-44.5	+	AGAGCA	2.2131850719451904
EMB_prokbert_C22	tjupan_bacillus_subtilis_main_78caf7680ac9ae4c	tjupan_bacillus_subtilis_main_78caf7680ac9ae4c	discovery	14	20	15	20	-43.5	+	AAACGC	2.230954170227051
EMB_prokbert_C22	tjupan_bacillus_subtilis_main_6361ce51efe0f541	dbtbs_bsub_core_b928ebfb52e4cb48	discovery	21	27	22	27	-36.5	+	AAGGCT	2.2358992099761963
EMB_prokbert_C22	tjupan_bacillus_subtilis_main_24675587b92cc4c7	tjupan_bacillus_subtilis_main_24675587b92cc4c7	discovery	62	68	63	68	4.5	+	CAGCAA	2.2501981258392334
EMB_prokbert_C22	tjupan_bacillus_subtilis_main_7c1cf5cd36017844	tjupan_bacillus_subtilis_main_7c1cf5cd36017844	discovery	13	19	14	19	-44.5	+	CGCTAA	2.2630362510681152
EMB_prokbert_C22	tjupan_bacillus_subtilis_main_eb88f130dfce6401	tjupan_bacillus_subtilis_main_eb88f130dfce6401	discovery	4	10	5	10	-53.5	+	GCAGAG	2.2862119674682617
EMB_prokbert_C22	tjupan_bacillus_subtilis_main_74de924b5fe0230a	dbtbs_bsub_core_74de924b5fe0230a	discovery	72	78	73	78	14.5	+	CTAGAG	2.2909328937530518
EMB_prokbert_C22	tjupan_bacillus_subtilis_main_47a0d4425a7cca49	tjupan_bacillus_subtilis_main_47a0d4425a7cca49	discovery	11	17	12	17	-46.5	+	AGAACG	2.3029580116271973
EMB_prokbert_C22	tjupan_bacillus_subtilis_main_ff62fa3227cb3ab1	dbtbs_bsub_core_f748f853b4ec2056	discovery	37	43	38	43	-20.5	+	TCAGAC	2.326101541519165
EMB_prokbert_C22	tjupan_bacillus_subtilis_main_1f2ca280ccaab774	tjupan_bacillus_subtilis_main_1f2ca280ccaab774	discovery	43	49	44	49	-14.5	+	CGTGCT	2.338986396789551
EMB_prokbert_C22	tjupan_bacillus_subtilis_main_2e59e247c2d07b0b	tjupan_bacillus_subtilis_main_2e59e247c2d07b0b	discovery	74	80	75	80	16.5	+	TAGCTT	2.439129590988159
EMB_prokbert_C22	tjupan_bacillus_subtilis_main_5e34c7286340c249	dbtbs_bsub_core_0fedc539a64a99b7	discovery	27	33	28	33	-30.5	+	AATGAA	2.4472696781158447
EMB_prokbert_C22	tjupan_bacillus_subtilis_main_ec009cfbae4f5210	dbtbs_bsub_core_ec009cfbae4f5210	discovery	7	13	8	13	-50.5	+	AAGCGC	2.455965518951416
EMB_prokbert_C22	tjupan_bacillus_subtilis_main_b7d5a32e40c68782	tjupan_bacillus_subtilis_main_b7d5a32e40c68782	discovery	10	16	11	16	-47.5	+	TCGCGA	2.4581809043884277
EMB_prokbert_C22	tjupan_bacillus_subtilis_main_dccf4ca03cd1642b	dbtbs_bsub_core_dccf4ca03cd1642b	discovery	15	21	16	21	-42.5	+	ACGCGA	2.474698781967163
EMB_prokbert_C22	tjupan_bacillus_subtilis_main_bebf1b31befd9c3c	dbtbs_bsub_core_bebf1b31befd9c3c	discovery	24	30	25	30	-33.5	+	GATGAA	2.5153276920318604
EMB_prokbert_C22	tjupan_bacillus_subtilis_main_fea868950ff1c774	tjupan_bacillus_subtilis_main_fea868950ff1c774	discovery	4	10	5	10	-53.5	+	GATAAC	2.532954216003418
EMB_prokbert_C22	tjupan_bacillus_subtilis_main_fff8e3a328b3cab3	dbtbs_bsub_core_7231d94d9d77331f	discovery	64	70	65	70	6.5	+	ACGTGC	2.534177780151367
EMB_prokbert_C22	tjupan_bacillus_subtilis_main_76885f00c763f220	dbtbs_bsub_core_07bcce23a89f64fb	discovery	20	26	21	26	-37.5	+	ACCTGC	2.5584819316864014
EMB_prokbert_C22	tjupan_bacillus_subtilis_main_a43c85166b962f37	dbtbs_bsub_core_47d2cdeb8a491885	discovery	3	9	4	9	-54.5	+	CCGTGC	2.5951180458068848
EMB_prokbert_C22	tjupan_bacillus_subtilis_main_9f03f134e6b67be2	tjupan_bacillus_subtilis_main_9f03f134e6b67be2	discovery	27	33	28	33	-30.5	+	CCGAAC	2.8038036823272705
EMB_prokbert_C22	tjupan_bacillus_subtilis_main_ba2dc8596ef2486c	dbtbs_bsub_core_ba2dc8596ef2486c	discovery	67	73	68	73	9.5	+	TGCAGC	2.960387706756592
EMB_prokbert_C22	tjupan_bacillus_subtilis_main_5f8b6936b2e52932	tjupan_bacillus_subtilis_main_5f8b6936b2e52932	discovery	0	6	1	6	-57.5	+	GCTGCG	3.333523988723755
EMB_prokbert_C23	tjupan_bacillus_subtilis_main_7cd769ed0580d73e	tjupan_bacillus_subtilis_main_7cd769ed0580d73e	discovery	59	65	60	65	1.5	+	AGGGGA	1.0752049684524536
EMB_prokbert_C23	tjupan_bacillus_subtilis_main_bd4e9486aa695c78	tjupan_bacillus_subtilis_main_bd4e9486aa695c78	discovery	66	72	67	72	8.5	+	GAAGGA	1.0841894149780273
EMB_prokbert_C23	tjupan_bacillus_subtilis_main_e2d1119cb664dabf	dbtbs_bsub_core_954deecd8ab02ea9	discovery	71	77	72	77	13.5	+	AGGAGG	1.1049282550811768
EMB_prokbert_C23	tjupan_bacillus_subtilis_main_b7d5a32e40c68782	tjupan_bacillus_subtilis_main_b7d5a32e40c68782	discovery	73	79	74	79	15.5	+	AGGGAG	1.224719524383545
EMB_prokbert_C23	tjupan_bacillus_subtilis_main_b59ef89e981b3745	tjupan_bacillus_subtilis_main_b59ef89e981b3745	discovery	65	71	66	71	7.5	+	GGAGGA	1.2290713787078857
EMB_prokbert_C23	tjupan_bacillus_subtilis_main_7d976c34bed90c97	tjupan_bacillus_subtilis_main_7d976c34bed90c97	discovery	69	75	70	75	11.5	+	GGGGAG	1.2362101078033447
EMB_prokbert_C23	tjupan_bacillus_subtilis_main_f452c4bef1ed8b92	dbtbs_bsub_core_f452c4bef1ed8b92	discovery	66	72	67	72	8.5	+	AGGAGG	1.238150954246521
EMB_prokbert_C23	tjupan_bacillus_subtilis_main_8fa35d24a76b6d72	tjupan_bacillus_subtilis_main_8fa35d24a76b6d72	discovery	64	70	65	70	6.5	+	AGGAGG	1.2483819723129272
EMB_prokbert_C23	tjupan_bacillus_subtilis_main_ea59d0ddaaaaf005	dbtbs_bsub_core_ff8c346476498240	discovery	66	72	67	72	8.5	+	AGGGAG	1.2691903114318848
EMB_prokbert_C23	tjupan_bacillus_subtilis_main_b7cebcbae1ca8171	dbtbs_bsub_core_342a4291e30f5e80	discovery	72	78	73	78	14.5	+	AGGGAG	1.2697876691818237
EMB_prokbert_C23	tjupan_bacillus_subtilis_main_517410185d825f3e	tjupan_bacillus_subtilis_main_517410185d825f3e	discovery	66	72	67	72	8.5	+	GGAGGA	1.2731674909591675
EMB_prokbert_C23	tjupan_bacillus_subtilis_main_61c707ac72aeda97	tjupan_bacillus_subtilis_main_61c707ac72aeda97	discovery	65	71	66	71	7.5	+	GGAGGG	1.275119662284851
EMB_prokbert_C23	tjupan_bacillus_subtilis_main_96d42d8ccff315ec	tjupan_bacillus_subtilis_main_96d42d8ccff315ec	discovery	70	76	71	76	12.5	+	AGGAGG	1.2824212312698364
EMB_prokbert_C23	tjupan_bacillus_subtilis_main_ff1b0f332755e37b	dbtbs_bsub_core_710c0cbad80c03b6	discovery	71	77	72	77	13.5	+	AAGGGA	1.2834088802337646
EMB_prokbert_C23	tjupan_bacillus_subtilis_main_954287dc5b301340	tjupan_bacillus_subtilis_main_954287dc5b301340	discovery	68	74	69	74	10.5	+	GGAGGT	1.2994104623794556
EMB_prokbert_C23	tjupan_bacillus_subtilis_main_ca7144caa797f7bc	dbtbs_bsub_core_ca7144caa797f7bc	discovery	42	48	43	48	-15.5	+	GGGGAG	1.3027939796447754
EMB_prokbert_C23	tjupan_bacillus_subtilis_main_a7a45131c45395c8	dbtbs_bsub_core_a7a45131c45395c8	discovery	73	79	74	79	15.5	+	AAGGAG	1.3245373964309692
EMB_prokbert_C23	tjupan_bacillus_subtilis_main_69a39ef163dd4726	tjupan_bacillus_subtilis_main_69a39ef163dd4726	discovery	5	11	6	11	-52.5	+	GAAGGA	1.3288683891296387
EMB_prokbert_C23	tjupan_bacillus_subtilis_main_64dfe397c07a4656	dbtbs_bsub_core_99013d44fc3df9d1	discovery	68	74	69	74	10.5	+	AGGAGG	1.3377556800842285
EMB_prokbert_C23	tjupan_bacillus_subtilis_main_db51f0e14ca9b6e9	tjupan_bacillus_subtilis_main_db51f0e14ca9b6e9	discovery	73	79	74	79	15.5	+	AGGGAG	1.3385014533996582
EMB_prokbert_C23	tjupan_bacillus_subtilis_main_6b5eda10bbc36b27	dbtbs_bsub_core_0d578393adbcde98	discovery	65	71	66	71	7.5	+	GAAGGG	1.356034755706787
EMB_prokbert_C23	tjupan_bacillus_subtilis_main_2d40490247bb616a	dbtbs_bsub_core_ffa38d6978ad48aa	discovery	60	66	61	66	2.5	+	GGGAGG	1.3630955219268799
EMB_prokbert_C23	tjupan_bacillus_subtilis_main_92c71ea9f3febc7f	dbtbs_bsub_core_c2ee7abb48038f6f	discovery	5	11	6	11	-52.5	+	GAGGGA	1.3639212846755981
EMB_prokbert_C23	tjupan_bacillus_subtilis_main_eaa75817f87b3088	dbtbs_bsub_core_71c43b52121900cc	discovery	62	68	63	68	4.5	+	AAGGAG	1.371183156967163
EMB_prokbert_C23	tjupan_bacillus_subtilis_main_e62d7e001687b19a	tjupan_bacillus_subtilis_main_e62d7e001687b19a	discovery	73	79	74	79	15.5	+	AGGAGG	1.3727633953094482
EMB_prokbert_C23	tjupan_bacillus_subtilis_main_3e1210c1f898bc48	dbtbs_bsub_core_42eaa371353368b2	discovery	70	76	71	76	12.5	+	AGGAGG	1.3756459951400757
EMB_prokbert_C23	tjupan_bacillus_subtilis_main_77dc78ed29025116	dbtbs_bsub_core_77dc78ed29025116	discovery	68	74	69	74	10.5	+	AGGAGG	1.376916766166687
EMB_prokbert_C23	tjupan_bacillus_subtilis_main_9c67a769132d62d8	dbtbs_bsub_core_1373e064636d6c9b	discovery	62	68	63	68	4.5	+	AGGGAG	1.381774663925171
EMB_prokbert_C23	tjupan_bacillus_subtilis_main_8f7d87652de79d90	dbtbs_bsub_core_8f7d87652de79d90	discovery	49	55	50	55	-8.5	+	TGGGAG	1.4084200859069824
EMB_prokbert_C23	tjupan_bacillus_subtilis_main_6514a11d381455ae	tjupan_bacillus_subtilis_main_6514a11d381455ae	discovery	61	67	62	67	3.5	+	GGAAGG	1.4240177869796753
EMB_prokbert_C23	tjupan_bacillus_subtilis_main_fc6071b9027316a7	tjupan_bacillus_subtilis_main_fc6071b9027316a7	discovery	65	71	66	71	7.5	+	AAGGGT	1.426880955696106
EMB_prokbert_C23	tjupan_bacillus_subtilis_main_52267ea931cb2dd7	dbtbs_bsub_core_b35218f45c0f11c8	discovery	72	78	73	78	14.5	+	AGGAGG	1.4284902811050415
EMB_prokbert_C23	tjupan_bacillus_subtilis_main_4059ca0cce5522a4	tjupan_bacillus_subtilis_main_4059ca0cce5522a4	discovery	35	41	36	41	-22.5	+	AAGGGA	1.429970145225525
EMB_prokbert_C23	tjupan_bacillus_subtilis_main_56bd9deba3d3b9f9	dbtbs_bsub_core_5dd7cccc54d589c3	discovery	66	72	67	72	8.5	+	AGAGGG	1.4446061849594116
EMB_prokbert_C23	tjupan_bacillus_subtilis_main_ced72b826f4a910f	dbtbs_bsub_core_d1a4fbb8ec4bd212	discovery	71	77	72	77	13.5	+	AGGAGG	1.4641528129577637
EMB_prokbert_C23	tjupan_bacillus_subtilis_main_b11aff47b9c426f3	dbtbs_bsub_core_b11aff47b9c426f3	discovery	62	68	63	68	4.5	+	AGGAGG	1.4720985889434814
EMB_prokbert_C23	tjupan_bacillus_subtilis_main_187a9844a7f0c551	tjupan_bacillus_subtilis_main_187a9844a7f0c551	discovery	73	79	74	79	15.5	+	GAAGGG	1.4752777814865112
EMB_prokbert_C23	tjupan_bacillus_subtilis_main_eb3c3d68906264b7	tjupan_bacillus_subtilis_main_eb3c3d68906264b7	discovery	75	81	76	81	17.5	+	GGAGGG	1.4762407541275024
EMB_prokbert_C23	tjupan_bacillus_subtilis_main_db7eebd0b9425a4f	dbtbs_bsub_core_db7eebd0b9425a4f	discovery	62	68	63	68	4.5	+	AAGGGG	1.47852623462677
EMB_prokbert_C23	tjupan_bacillus_subtilis_main_20bbba0ce59de449	dbtbs_bsub_core_20bbba0ce59de449	discovery	72	78	73	78	14.5	+	AAAGGA	1.4870620965957642
EMB_prokbert_C23	tjupan_bacillus_subtilis_main_5564dcefe2988333	tjupan_bacillus_subtilis_main_5564dcefe2988333	discovery	66	72	67	72	8.5	+	AGGAGG	1.494720220565796
EMB_prokbert_C23	tjupan_bacillus_subtilis_main_8bde36b216b3390f	dbtbs_bsub_core_8bde36b216b3390f	discovery	67	73	68	73	9.5	+	AGGAGG	1.4992194175720215
EMB_prokbert_C23	tjupan_bacillus_subtilis_main_917572a2414a52f7	tjupan_bacillus_subtilis_main_917572a2414a52f7	discovery	58	64	59	64	0.5	+	AGGGAA	1.505027413368225
EMB_prokbert_C23	tjupan_bacillus_subtilis_main_b7c0b4323e70fc71	dbtbs_bsub_core_b7c0b4323e70fc71	discovery	71	77	72	77	13.5	+	GAAGGG	1.5055298805236816
EMB_prokbert_C23	tjupan_bacillus_subtilis_main_3c72a88384ee6013	tjupan_bacillus_subtilis_main_3c72a88384ee6013	discovery	68	74	69	74	10.5	+	GGAGGA	1.5118685960769653
EMB_prokbert_C23	tjupan_bacillus_subtilis_main_ae3d0ab77a583f3f	tjupan_bacillus_subtilis_main_ae3d0ab77a583f3f	discovery	68	74	69	74	10.5	+	GAGGGG	1.5214210748672485
EMB_prokbert_C23	tjupan_bacillus_subtilis_main_13f36fd95a25452a	tjupan_bacillus_subtilis_main_13f36fd95a25452a	discovery	72	78	73	78	14.5	+	GGAGGG	1.5276302099227905
EMB_prokbert_C23	tjupan_bacillus_subtilis_main_da7f3c0608c35165	dbtbs_bsub_core_da7f3c0608c35165	discovery	71	77	72	77	13.5	+	TGGAGG	1.5307681560516357
EMB_prokbert_C23	tjupan_bacillus_subtilis_main_6361ce51efe0f541	dbtbs_bsub_core_b928ebfb52e4cb48	discovery	69	75	70	75	11.5	+	AGGAAC	1.5388182401657104
EMB_prokbert_C23	tjupan_bacillus_subtilis_main_0fe342e604184137	dbtbs_bsub_core_f039c4e5fee11aa3	discovery	71	77	72	77	13.5	+	AGGAGG	1.5448331832885742
EMB_prokbert_C23	tjupan_bacillus_subtilis_main_ba2dc8596ef2486c	dbtbs_bsub_core_ba2dc8596ef2486c	discovery	74	80	75	80	16.5	+	AGGAGG	1.5490658283233643
EMB_prokbert_C23	tjupan_bacillus_subtilis_main_48f68d49bf53ea3b	dbtbs_bsub_core_a63e45c266a8243f	discovery	64	70	65	70	6.5	+	AAGGAG	1.551156997680664
EMB_prokbert_C23	tjupan_bacillus_subtilis_main_9571d32ab22eb9a0	dbtbs_bsub_core_9571d32ab22eb9a0	discovery	71	77	72	77	13.5	+	AGGGAG	1.5524492263793945
EMB_prokbert_C23	tjupan_bacillus_subtilis_main_0d315ab142d66dcc	dbtbs_bsub_core_76d28d1be3f9f514	discovery	25	31	26	31	-32.5	+	GGAGGA	1.5616240501403809
EMB_prokbert_C23	tjupan_bacillus_subtilis_main_e0774d83207a7dd7	dbtbs_bsub_core_2b17d905bac0c3bc	discovery	71	77	72	77	13.5	+	GGAGGG	1.5637863874435425
EMB_prokbert_C23	tjupan_bacillus_subtilis_main_2b17d905bac0c3bc	dbtbs_bsub_core_2b17d905bac0c3bc	discovery	70	76	71	76	12.5	+	GGAGGG	1.5678215026855469
EMB_prokbert_C23	tjupan_bacillus_subtilis_main_c3fafc97a347852e	tjupan_bacillus_subtilis_main_c3fafc97a347852e	discovery	63	69	64	69	5.5	+	AGGAGT	1.578784465789795
EMB_prokbert_C23	tjupan_bacillus_subtilis_main_79d6d17268b5d0ce	dbtbs_bsub_core_94e9d8c40cf791b3	discovery	72	78	73	78	14.5	+	AGGAGG	1.5965337753295898
EMB_prokbert_C23	tjupan_bacillus_subtilis_main_fea868950ff1c774	tjupan_bacillus_subtilis_main_fea868950ff1c774	discovery	62	68	63	68	4.5	+	AGGAAG	1.598495602607727
EMB_prokbert_C23	tjupan_bacillus_subtilis_main_834e21e1951468f3	tjupan_bacillus_subtilis_main_834e21e1951468f3	discovery	75	81	76	81	17.5	+	GGAGGA	1.6041524410247803
EMB_prokbert_C23	tjupan_bacillus_subtilis_main_c12152f72b444aff	tjupan_bacillus_subtilis_main_c12152f72b444aff	discovery	72	78	73	78	14.5	+	GGGAGG	1.6054301261901855
EMB_prokbert_C23	tjupan_bacillus_subtilis_main_216653931b9dfc0d	tjupan_bacillus_subtilis_main_216653931b9dfc0d	discovery	72	78	73	78	14.5	+	AGGAGG	1.6118106842041016
EMB_prokbert_C23	tjupan_bacillus_subtilis_main_f3e9cc226f1feac3	tjupan_bacillus_subtilis_main_f3e9cc226f1feac3	discovery	74	80	75	80	16.5	+	AGGAGG	1.6123442649841309
EMB_prokbert_C23	tjupan_bacillus_subtilis_main_dc21315df009d1aa	dbtbs_bsub_core_4631e0ee0e2e12e5	discovery	35	41	36	41	-22.5	+	AGGAGG	1.6133229732513428
EMB_prokbert_C23	tjupan_bacillus_subtilis_main_6fc8019646ae0ec6	dbtbs_bsub_core_0346364171f10446	discovery	27	33	28	33	-30.5	+	AGGAGG	1.614089012145996
EMB_prokbert_C23	tjupan_bacillus_subtilis_main_4648c22f43ae6952	tjupan_bacillus_subtilis_main_4648c22f43ae6952	discovery	58	64	59	64	0.5	+	GAAGGG	1.6178948879241943
EMB_prokbert_C23	tjupan_bacillus_subtilis_main_8b925a3983e97ebd	dbtbs_bsub_core_0346364171f10446	discovery	31	37	32	37	-26.5	+	AGGAGG	1.6190706491470337
EMB_prokbert_C23	tjupan_bacillus_subtilis_main_dbd8ff77ae99e6b2	dbtbs_bsub_core_dbd8ff77ae99e6b2	discovery	73	79	74	79	15.5	+	AGGAGG	1.621113657951355
EMB_prokbert_C23	tjupan_bacillus_subtilis_main_5150105a4bdfd4ce	tjupan_bacillus_subtilis_main_5150105a4bdfd4ce	discovery	71	77	72	77	13.5	+	GGAGGG	1.6219249963760376
EMB_prokbert_C23	tjupan_bacillus_subtilis_main_edce5d598636e106	dbtbs_bsub_core_39acf3daf47ccd69	discovery	69	75	70	75	11.5	+	GAAGGG	1.6344796419143677
EMB_prokbert_C23	tjupan_bacillus_subtilis_main_106e69f8e7e10bd4	tjupan_bacillus_subtilis_main_106e69f8e7e10bd4	discovery	73	79	74	79	15.5	+	GGAGGG	1.637100100517273
EMB_prokbert_C23	tjupan_bacillus_subtilis_main_daaf0c7fa42ef2fa	dbtbs_bsub_core_ef9625ff29774e65	discovery	70	76	71	76	12.5	+	GGGAGG	1.6420451402664185
EMB_prokbert_C23	tjupan_bacillus_subtilis_main_202644f8a02efab9	dbtbs_bsub_core_f4d81ad6a0709a55	discovery	74	80	75	80	16.5	+	GGGAGG	1.652130126953125
EMB_prokbert_C23	tjupan_bacillus_subtilis_main_f04c569125ce3afa	dbtbs_bsub_core_85a34ab094cb765f	discovery	53	59	54	59	-4.5	+	AGGGGA	1.653127908706665
EMB_prokbert_C23	tjupan_bacillus_subtilis_main_ac1a0a0a579397f6	tjupan_bacillus_subtilis_main_ac1a0a0a579397f6	discovery	60	66	61	66	2.5	+	AAAGGG	1.6572482585906982
EMB_prokbert_C23	tjupan_bacillus_subtilis_main_ffefbc2ceaf331ea	dbtbs_bsub_core_ea5509009da1e1aa	discovery	63	69	64	69	5.5	+	AGGGAA	1.6596828699111938
EMB_prokbert_C23	tjupan_bacillus_subtilis_main_264ccaf63cfb1cfe	tjupan_bacillus_subtilis_main_264ccaf63cfb1cfe	discovery	75	81	76	81	17.5	+	GGGAGG	1.661463975906372
EMB_prokbert_C23	tjupan_bacillus_subtilis_main_b24feeda89db5dfd	dbtbs_bsub_core_b24feeda89db5dfd	discovery	73	79	74	79	15.5	+	GGAGGG	1.663573145866394
EMB_prokbert_C23	tjupan_bacillus_subtilis_main_76909c0ebd8db916	dbtbs_bsub_core_d5153844984277ea	discovery	2	8	3	8	-55.5	+	AAGGGA	1.6750832796096802
EMB_prokbert_C23	tjupan_bacillus_subtilis_main_84597be11ba889b8	tjupan_bacillus_subtilis_main_84597be11ba889b8	discovery	72	78	73	78	14.5	+	GAGGAG	1.6805111169815063
EMB_prokbert_C23	tjupan_bacillus_subtilis_main_be36dbaf549189cb	tjupan_bacillus_subtilis_main_be36dbaf549189cb	discovery	73	79	74	79	15.5	+	AAGGAG	1.681397557258606
EMB_prokbert_C23	tjupan_bacillus_subtilis_main_0e56c5fe6c5d0db0	dbtbs_bsub_core_cfddcd51a76889fd	discovery	64	70	65	70	6.5	+	AGGAGA	1.6953810453414917
EMB_prokbert_C23	tjupan_bacillus_subtilis_main_c648ac4df22b0f89	dbtbs_bsub_core_c648ac4df22b0f89	discovery	71	77	72	77	13.5	+	AGGGGA	1.7034245729446411
EMB_prokbert_C23	tjupan_bacillus_subtilis_main_4f4c3d5d96d18695	tjupan_bacillus_subtilis_main_4f4c3d5d96d18695	discovery	75	81	76	81	17.5	+	AGGAGG	1.7048779726028442
EMB_prokbert_C23	tjupan_bacillus_subtilis_main_86c973796d10f50f	dbtbs_bsub_core_86c973796d10f50f	discovery	70	76	71	76	12.5	+	AAGGAG	1.7087266445159912
EMB_prokbert_C23	tjupan_bacillus_subtilis_main_7e538c30b860aa5a	tjupan_bacillus_subtilis_main_7e538c30b860aa5a	discovery	75	81	76	81	17.5	+	GGGAGG	1.7274168729782104
EMB_prokbert_C23	tjupan_bacillus_subtilis_main_d9679a25a18d6da1	tjupan_bacillus_subtilis_main_c9bc5ed233eba13a	discovery	64	70	65	70	6.5	+	AAGGAG	1.7345027923583984
EMB_prokbert_C23	tjupan_bacillus_subtilis_main_3adf706b5413c6ce	tjupan_bacillus_subtilis_main_3adf706b5413c6ce	discovery	74	80	75	80	16.5	+	AGGAGC	1.7408300638198853
EMB_prokbert_C23	tjupan_bacillus_subtilis_main_be897b68bd393df0	dbtbs_bsub_core_be897b68bd393df0	discovery	45	51	46	51	-12.5	+	AGGGAA	1.7450251579284668
EMB_prokbert_C23	tjupan_bacillus_subtilis_main_5e34c7286340c249	dbtbs_bsub_core_0fedc539a64a99b7	discovery	55	61	56	61	-2.5	+	AGGGAG	1.748585820198059
EMB_prokbert_C23	tjupan_bacillus_subtilis_main_8e892e5639ef0ac1	dbtbs_bsub_core_d25c674b3a14df1a	discovery	72	78	73	78	14.5	+	GGAGGA	1.7507686614990234
EMB_prokbert_C23	tjupan_bacillus_subtilis_main_d04a67d8cb9ad084	dbtbs_bsub_core_d04a67d8cb9ad084	discovery	70	76	71	76	12.5	+	AGGAGG	1.75226628780365
EMB_prokbert_C23	tjupan_bacillus_subtilis_main_962b839f321a2605	dbtbs_bsub_core_962b839f321a2605	discovery	70	76	71	76	12.5	+	AGGAGG	1.7536673545837402
EMB_prokbert_C23	tjupan_bacillus_subtilis_main_f6994e5b6245c7bf	tjupan_bacillus_subtilis_main_f6994e5b6245c7bf	discovery	73	79	74	79	15.5	+	ATGGGA	1.7583733797073364
EMB_prokbert_C23	tjupan_bacillus_subtilis_main_06d485c4aaa12e15	dbtbs_bsub_core_06d485c4aaa12e15	discovery	74	80	75	80	16.5	+	AGGAGA	1.7600339651107788
EMB_prokbert_C23	tjupan_bacillus_subtilis_main_e1fd6875b30f4c73	dbtbs_bsub_core_e1fd6875b30f4c73	discovery	61	67	62	67	3.5	+	AAAGGA	1.7691434621810913
EMB_prokbert_C23	tjupan_bacillus_subtilis_main_47a0d4425a7cca49	tjupan_bacillus_subtilis_main_47a0d4425a7cca49	discovery	74	80	75	80	16.5	+	AGGAAG	1.7726999521255493
EMB_prokbert_C23	tjupan_bacillus_subtilis_main_f45d38a5e15ccc93	dbtbs_bsub_core_5dbc73ad42aeab56	discovery	72	78	73	78	14.5	+	AGGAGG	1.779383659362793
EMB_prokbert_C23	tjupan_bacillus_subtilis_main_ba49f50d8b0af1c7	dbtbs_bsub_core_8a4a22c637647f42	discovery	62	68	63	68	4.5	+	AGGAGG	1.7805730104446411
EMB_prokbert_C23	tjupan_bacillus_subtilis_main_6901d7d50287d8c1	dbtbs_bsub_core_6901d7d50287d8c1	discovery	60	66	61	66	2.5	+	GGGGTT	1.784529447555542
EMB_prokbert_C23	tjupan_bacillus_subtilis_main_8a4a22c637647f42	dbtbs_bsub_core_8a4a22c637647f42	discovery	61	67	62	67	3.5	+	AGGAGG	1.7859385013580322
EMB_prokbert_C23	tjupan_bacillus_subtilis_main_32475822eb2ec4c0	tjupan_bacillus_subtilis_main_32475822eb2ec4c0	discovery	60	66	61	66	2.5	+	GGAGAA	1.7860716581344604
EMB_prokbert_C23	tjupan_bacillus_subtilis_main_be557af728070615	tjupan_bacillus_subtilis_main_be557af728070615	discovery	71	77	72	77	13.5	+	GGAGGA	1.7869157791137695
EMB_prokbert_C23	tjupan_bacillus_subtilis_main_dbf995194ebf2b2d	dbtbs_bsub_core_dbf995194ebf2b2d	discovery	64	70	65	70	6.5	+	AGGGGG	1.7917615175247192
EMB_prokbert_C23	tjupan_bacillus_subtilis_main_70da326395794983	tjupan_bacillus_subtilis_main_70da326395794983	discovery	72	78	73	78	14.5	+	AGAGGG	1.7918158769607544
EMB_prokbert_C23	tjupan_bacillus_subtilis_main_b578e9e0d96d144a	dbtbs_bsub_core_b578e9e0d96d144a	discovery	75	81	76	81	17.5	+	AAGGAG	1.7987467050552368
EMB_prokbert_C23	tjupan_bacillus_subtilis_main_1b0cfe46f303d3fa	dbtbs_bsub_core_56695775e253190c	discovery	74	80	75	80	16.5	+	AGGAGT	1.8019976615905762
EMB_prokbert_C23	tjupan_bacillus_subtilis_main_43fbda6e3c3abdae	dbtbs_bsub_core_c62c8589a5774a74	discovery	68	74	69	74	10.5	+	AAGGCA	1.8097045421600342
EMB_prokbert_C23	tjupan_bacillus_subtilis_main_e66d1eb3358cf03d	dbtbs_bsub_core_601150b85493a7a1	discovery	75	81	76	81	17.5	+	GGAGGC	1.8136076927185059
EMB_prokbert_C23	tjupan_bacillus_subtilis_main_487ce40a67c6d939	tjupan_bacillus_subtilis_main_487ce40a67c6d939	discovery	71	77	72	77	13.5	+	AGGGTG	1.823277473449707
EMB_prokbert_C23	tjupan_bacillus_subtilis_main_8f9b814f5e8b18ae	dbtbs_bsub_core_8f9b814f5e8b18ae	discovery	64	70	65	70	6.5	+	AAGGAG	1.8300491571426392
EMB_prokbert_C23	tjupan_bacillus_subtilis_main_712069959cf7e3b2	dbtbs_bsub_core_be0e53c334974f0a	discovery	74	80	75	80	16.5	+	GGAGGA	1.8426026105880737
EMB_prokbert_C23	tjupan_bacillus_subtilis_main_7541f607431b8a27	dbtbs_bsub_core_1f38e2f4287dbc6d	discovery	73	79	74	79	15.5	+	AAGGAG	1.844970941543579
EMB_prokbert_C23	tjupan_bacillus_subtilis_main_6f408d5e786e413f	dbtbs_bsub_core_6f408d5e786e413f	discovery	69	75	70	75	11.5	+	GAAGGA	1.84810471534729
EMB_prokbert_C23	tjupan_bacillus_subtilis_main_a92ee416463b3fc1	dbtbs_bsub_core_585820026d8d814d	discovery	25	31	26	31	-32.5	+	AGAGGG	1.856210708618164
EMB_prokbert_C23	tjupan_bacillus_subtilis_main_c204793b69b45448	dbtbs_bsub_core_c204793b69b45448	discovery	42	48	43	48	-15.5	+	AAGAGG	1.8589367866516113
EMB_prokbert_C23	tjupan_bacillus_subtilis_main_c9bc5ed233eba13a	tjupan_bacillus_subtilis_main_c9bc5ed233eba13a	discovery	71	77	72	77	13.5	+	AAGGAG	1.859982967376709
EMB_prokbert_C23	tjupan_bacillus_subtilis_main_c3431646de80d63f	tjupan_bacillus_subtilis_main_c3431646de80d63f	discovery	64	70	65	70	6.5	+	GGAGGT	1.8615291118621826
EMB_prokbert_C23	tjupan_bacillus_subtilis_main_ecef2875a7a372ba	dbtbs_bsub_core_ecef2875a7a372ba	discovery	70	76	71	76	12.5	+	AGCAGG	1.862336277961731
EMB_prokbert_C23	tjupan_bacillus_subtilis_main_32548c7fec9dc4f2	dbtbs_bsub_core_32548c7fec9dc4f2	discovery	62	68	63	68	4.5	+	AGGAGG	1.8677459955215454
EMB_prokbert_C23	tjupan_bacillus_subtilis_main_e1ad11de708bb9dd	dbtbs_bsub_core_0ce0cc9e187b5d37	discovery	75	81	76	81	17.5	+	GGAAGC	1.8700618743896484
EMB_prokbert_C23	tjupan_bacillus_subtilis_main_80add31ceb4a1382	tjupan_bacillus_subtilis_main_80add31ceb4a1382	discovery	74	80	75	80	16.5	+	TGGGAG	1.8705308437347412
EMB_prokbert_C23	tjupan_bacillus_subtilis_main_05b3d931ff35d8e8	dbtbs_bsub_core_05b3d931ff35d8e8	discovery	66	72	67	72	8.5	+	AAGGGA	1.876739740371704
EMB_prokbert_C23	tjupan_bacillus_subtilis_main_0c4104d2e02c2e3b	dbtbs_bsub_core_a955cdf3a08d689c	discovery	68	74	69	74	10.5	+	GGATAG	1.8806357383728027
EMB_prokbert_C23	tjupan_bacillus_subtilis_main_4a76c51266c80a0f	dbtbs_bsub_core_b905bf06b88d4e46	discovery	72	78	73	78	14.5	+	AAGGAG	1.881587266921997
EMB_prokbert_C23	tjupan_bacillus_subtilis_main_89a40bf9e0650967	dbtbs_bsub_core_89a40bf9e0650967	discovery	27	33	28	33	-30.5	+	AAGGAG	1.8826334476470947
EMB_prokbert_C23	tjupan_bacillus_subtilis_main_29dff321a99fa8a2	dbtbs_bsub_core_e964a63647aab2c6	discovery	60	66	61	66	2.5	+	AGGAGG	1.8912653923034668
EMB_prokbert_C23	tjupan_bacillus_subtilis_main_fff8e3a328b3cab3	dbtbs_bsub_core_7231d94d9d77331f	discovery	7	13	8	13	-50.5	+	GGGAGA	1.8985185623168945
EMB_prokbert_C23	tjupan_bacillus_subtilis_main_e84ae283b7981830	tjupan_bacillus_subtilis_main_e84ae283b7981830	discovery	74	80	75	80	16.5	+	GGAGGG	1.8992486000061035
EMB_prokbert_C23	tjupan_bacillus_subtilis_main_52fe6822c9d74b50	tjupan_bacillus_subtilis_main_52fe6822c9d74b50	discovery	74	80	75	80	16.5	+	GGAGGA	1.9059128761291504
EMB_prokbert_C23	tjupan_bacillus_subtilis_main_25766be7ede5bd12	tjupan_bacillus_subtilis_main_25766be7ede5bd12	discovery	4	10	5	10	-53.5	+	CGGAGA	1.907160997390747
EMB_prokbert_C23	tjupan_bacillus_subtilis_main_8cdaaf6e0b90f5df	dbtbs_bsub_core_8cdaaf6e0b90f5df	discovery	37	43	38	43	-20.5	+	GCAGGG	1.9130741357803345
EMB_prokbert_C23	tjupan_bacillus_subtilis_main_fde7c2aaac5c57ce	dbtbs_bsub_core_fde7c2aaac5c57ce	discovery	74	80	75	80	16.5	+	TGGGAG	1.9160940647125244
EMB_prokbert_C23	tjupan_bacillus_subtilis_main_8bf0684d999843b1	dbtbs_bsub_core_8bf0684d999843b1	discovery	59	65	60	65	1.5	+	GGAGGA	1.920240044593811
EMB_prokbert_C23	tjupan_bacillus_subtilis_main_359df7c8e20abe4e	tjupan_bacillus_subtilis_main_359df7c8e20abe4e	discovery	64	70	65	70	6.5	+	GGTGAG	1.9295533895492554
EMB_prokbert_C23	tjupan_bacillus_subtilis_main_0ad5dcad37f1ba39	dbtbs_bsub_core_712e4b81f6fdb41a	discovery	68	74	69	74	10.5	+	TAGGGG	1.931982398033142
EMB_prokbert_C23	tjupan_bacillus_subtilis_main_a43c85166b962f37	dbtbs_bsub_core_47d2cdeb8a491885	discovery	73	79	74	79	15.5	+	AGGAGC	1.932103157043457
EMB_prokbert_C23	tjupan_bacillus_subtilis_main_66bdec0f6e49230b	dbtbs_bsub_core_66bdec0f6e49230b	discovery	72	78	73	78	14.5	+	AGAGGG	1.9342284202575684
EMB_prokbert_C23	tjupan_bacillus_subtilis_main_e9623f8193af34e0	dbtbs_bsub_core_e9623f8193af34e0	discovery	70	76	71	76	12.5	+	CGGAGG	1.9379692077636719
EMB_prokbert_C23	tjupan_bacillus_subtilis_main_ade14dd3fdacb032	dbtbs_bsub_core_12585b08a658046e	discovery	73	79	74	79	15.5	+	GAAGGA	1.9473114013671875
EMB_prokbert_C23	tjupan_bacillus_subtilis_main_67a9ae83c973a42d	tjupan_bacillus_subtilis_main_67a9ae83c973a42d	discovery	75	81	76	81	17.5	+	AGGAGG	1.9482274055480957
EMB_prokbert_C23	tjupan_bacillus_subtilis_main_2bdb32bb685dc1db	tjupan_bacillus_subtilis_main_2bdb32bb685dc1db	discovery	71	77	72	77	13.5	+	TGGAGG	1.951140284538269
EMB_prokbert_C23	tjupan_bacillus_subtilis_main_71eaf5cbf249113b	dbtbs_bsub_core_71eaf5cbf249113b	discovery	4	10	5	10	-53.5	+	AGGGAA	1.9553866386413574
EMB_prokbert_C23	tjupan_bacillus_subtilis_main_7c1cf5cd36017844	tjupan_bacillus_subtilis_main_7c1cf5cd36017844	discovery	70	76	71	76	12.5	+	CGGGGA	1.9571417570114136
EMB_prokbert_C23	tjupan_bacillus_subtilis_main_2b799cc13a596bcd	tjupan_bacillus_subtilis_main_2b799cc13a596bcd	discovery	75	81	76	81	17.5	+	AGGAGA	1.960555911064148
EMB_prokbert_C23	tjupan_bacillus_subtilis_main_c0aec64934968747	tjupan_bacillus_subtilis_main_c0aec64934968747	discovery	39	45	40	45	-18.5	+	AGAGGG	1.9618793725967407
EMB_prokbert_C23	tjupan_bacillus_subtilis_main_62eb1c4377c084e1	dbtbs_bsub_core_413a4bed9f6cfeea	discovery	73	79	74	79	15.5	+	AGGGAA	1.9627370834350586
EMB_prokbert_C23	tjupan_bacillus_subtilis_main_e8dca4769e2e29bc	dbtbs_bsub_core_b8b8ac7ece3bed55	discovery	75	81	76	81	17.5	+	GGAGGA	1.978314757347107
EMB_prokbert_C23	tjupan_bacillus_subtilis_main_a31f56ff3ee450d4	dbtbs_bsub_core_1c4407f77cf4bab2	discovery	21	27	22	27	-36.5	+	CAAGGA	1.993887186050415
EMB_prokbert_C23	tjupan_bacillus_subtilis_main_f05d30123c592277	dbtbs_bsub_core_f05d30123c592277	discovery	24	30	25	30	-33.5	+	GAAGGA	1.9998618364334106
EMB_prokbert_C23	tjupan_bacillus_subtilis_main_0a71b8cbf4011c3b	dbtbs_bsub_core_dc5af08cd1bffe94	discovery	11	17	12	17	-46.5	+	TGGGAA	2.0020763874053955
EMB_prokbert_C23	tjupan_bacillus_subtilis_main_87b26b7083b048a9	dbtbs_bsub_core_fe60102a69552e4c	discovery	61	67	62	67	3.5	+	GGGAGG	2.0128064155578613
EMB_prokbert_C23	tjupan_bacillus_subtilis_main_76885f00c763f220	dbtbs_bsub_core_07bcce23a89f64fb	discovery	59	65	60	65	1.5	+	TGGGAG	2.0156021118164062
EMB_prokbert_C23	tjupan_bacillus_subtilis_main_92b62a9d8d87ace9	dbtbs_bsub_core_92b62a9d8d87ace9	discovery	73	79	74	79	15.5	+	AGGAGG	2.0312275886535645
EMB_prokbert_C23	tjupan_bacillus_subtilis_main_7bd42a66d387ec94	dbtbs_bsub_core_5cf240f92a00f0e3	discovery	60	66	61	66	2.5	+	AAAGGG	2.0314338207244873
EMB_prokbert_C23	tjupan_bacillus_subtilis_main_993a308bb6e190e1	dbtbs_bsub_core_993a308bb6e190e1	discovery	72	78	73	78	14.5	+	CGGGAA	2.089162826538086
EMB_prokbert_C23	tjupan_bacillus_subtilis_main_25308dd77914b9d9	dbtbs_bsub_core_1dc2eb4818f9715a	discovery	73	79	74	79	15.5	+	CAGGGG	2.096818447113037
EMB_prokbert_C23	tjupan_bacillus_subtilis_main_dc65c8922842b20f	tjupan_bacillus_subtilis_main_dc65c8922842b20f	discovery	1	7	2	7	-56.5	+	ATGGGA	2.1187551021575928
EMB_prokbert_C23	tjupan_bacillus_subtilis_main_150dcd3daf63d162	dbtbs_bsub_core_150dcd3daf63d162	discovery	74	80	75	80	16.5	+	TGGAGA	2.119685173034668
EMB_prokbert_C23	tjupan_bacillus_subtilis_main_9a6d97baf1c02d30	dbtbs_bsub_core_9a6d97baf1c02d30	discovery	63	69	64	69	5.5	+	GAGGTG	2.12105655670166
EMB_prokbert_C23	tjupan_bacillus_subtilis_main_eb51fed06d2e921e	dbtbs_bsub_core_3613f20526b705b5	discovery	62	68	63	68	4.5	+	AAAGGG	2.1313376426696777
EMB_prokbert_C23	tjupan_bacillus_subtilis_main_0f74e2398b4ac2a6	dbtbs_bsub_core_e5f400f6f8de25f5	discovery	75	81	76	81	17.5	+	AGGAGT	2.1390249729156494
EMB_prokbert_C23	tjupan_bacillus_subtilis_main_e95909bd7e136f46	dbtbs_bsub_core_426aaa712ced5536	discovery	39	45	40	45	-18.5	+	AGGAGG	2.145266056060791
EMB_prokbert_C23	tjupan_bacillus_subtilis_main_bfe4e797767b8990	tjupan_bacillus_subtilis_main_bfe4e797767b8990	discovery	72	78	73	78	14.5	+	GAGGTG	2.1565537452697754
EMB_prokbert_C23	tjupan_bacillus_subtilis_main_61d216a2a24189d0	dbtbs_bsub_core_61d216a2a24189d0	discovery	74	80	75	80	16.5	+	GGAGAA	2.1728925704956055
EMB_prokbert_C23	tjupan_bacillus_subtilis_main_5cf51ca317588066	tjupan_bacillus_subtilis_main_5cf51ca317588066	discovery	64	70	65	70	6.5	+	AAGGGG	2.172924518585205
EMB_prokbert_C23	tjupan_bacillus_subtilis_main_efde358c620c36bd	dbtbs_bsub_core_efde358c620c36bd	discovery	75	81	76	81	17.5	+	CGGGAG	2.1916182041168213
EMB_prokbert_C23	tjupan_bacillus_subtilis_main_e28ceade6e8616fa	dbtbs_bsub_core_9b12482ac6eea2d4	discovery	70	76	71	76	12.5	+	AAGGGG	2.1975154876708984
EMB_prokbert_C23	tjupan_bacillus_subtilis_main_8837dc4443db7de3	tjupan_bacillus_subtilis_main_8837dc4443db7de3	discovery	74	80	75	80	16.5	+	AGGCGA	2.2490110397338867
EMB_prokbert_C23	tjupan_bacillus_subtilis_main_c22e62909e814f30	dbtbs_bsub_core_e2251470d219464a	discovery	55	61	56	61	-2.5	+	GGGGCA	2.2565088272094727
EMB_prokbert_C23	tjupan_bacillus_subtilis_main_bdf5315a71015695	dbtbs_bsub_core_c94ae7322b918d76	discovery	35	41	36	41	-22.5	+	AGGGGA	2.2602617740631104
EMB_prokbert_C23	tjupan_bacillus_subtilis_main_71a2a4c64c087430	tjupan_bacillus_subtilis_main_71a2a4c64c087430	discovery	58	64	59	64	0.5	+	GAAGGA	2.2756428718566895
EMB_prokbert_C23	tjupan_bacillus_subtilis_main_b88f3e08d3d51af5	tjupan_bacillus_subtilis_main_b88f3e08d3d51af5	discovery	74	80	75	80	16.5	+	GAGGTT	2.28009033203125
EMB_prokbert_C23	tjupan_bacillus_subtilis_main_238ba8da2c883516	dbtbs_bsub_core_238ba8da2c883516	discovery	72	78	73	78	14.5	+	GAGGGA	2.2862260341644287
EMB_prokbert_C23	tjupan_bacillus_subtilis_main_cb8c6e383b33abd4	dbtbs_bsub_core_cb8c6e383b33abd4	discovery	70	76	71	76	12.5	+	CAAGGG	2.296213388442993
EMB_prokbert_C23	tjupan_bacillus_subtilis_main_f5b082fd616807b3	dbtbs_bsub_core_4e960695d4b362e6	discovery	72	78	73	78	14.5	+	AGGAGC	2.313974142074585
EMB_prokbert_C23	tjupan_bacillus_subtilis_main_a0eee3dddaf07ac3	tjupan_bacillus_subtilis_main_a0eee3dddaf07ac3	discovery	64	70	65	70	6.5	+	AAGGGC	2.3150269985198975
EMB_prokbert_C23	tjupan_bacillus_subtilis_main_2db0b8f33ca38a29	tjupan_bacillus_subtilis_main_2db0b8f33ca38a29	discovery	2	8	3	8	-55.5	+	AAAGGG	2.3403313159942627
EMB_prokbert_C23	tjupan_bacillus_subtilis_main_6390012fbb39ca22	tjupan_bacillus_subtilis_main_6390012fbb39ca22	discovery	33	39	34	39	-24.5	+	AGAGGT	2.3501524925231934
EMB_prokbert_C23	tjupan_bacillus_subtilis_main_4181c9b10d028c59	dbtbs_bsub_core_f859289dc167ed3a	discovery	3	9	4	9	-54.5	+	TGGGGA	2.377340316772461
EMB_prokbert_C23	tjupan_bacillus_subtilis_main_163772f02671a528	tjupan_bacillus_subtilis_main_163772f02671a528	discovery	73	79	74	79	15.5	+	CAGGGG	2.583732843399048
EMB_prokbert_C23	tjupan_bacillus_subtilis_main_737474f253397bee	tjupan_bacillus_subtilis_main_737474f253397bee	discovery	44	50	45	50	-13.5	+	GGGGAA	2.6004281044006348
EMB_prokbert_C23	tjupan_bacillus_subtilis_main_c2a5e00f908ba88c	dbtbs_bsub_core_c2a5e00f908ba88c	discovery	75	81	76	81	17.5	+	CAGGAG	2.6699039936065674
EMB_prokbert_C23	tjupan_bacillus_subtilis_main_a61c0978ae294759	tjupan_bacillus_subtilis_main_a61c0978ae294759	discovery	73	79	74	79	15.5	+	AGGGGG	2.7221343517303467
EMB_prokbert_C23	tjupan_bacillus_subtilis_main_0261e5d9e5354132	tjupan_bacillus_subtilis_main_0261e5d9e5354132	discovery	73	79	74	79	15.5	+	TGGGGG	2.9780285358428955
EMB_prokbert_C23	tjupan_bacillus_subtilis_main_dccf4ca03cd1642b	dbtbs_bsub_core_dccf4ca03cd1642b	discovery	72	78	73	78	14.5	+	TTGGGG	3.1210100650787354
